# https://github.com/mikedh/trimesh
v -0.27945957 -0.75939119 -0.22578941
v -0.27922130 -0.74409473 -0.23273674
v -0.26680437 -0.74400187 -0.22482766
v -0.26536745 -0.75520182 -0.21614380
v -0.26705354 -0.73415989 -0.23178095
v -0.27658218 -0.73301399 -0.23765627
v -0.25727472 -0.74018258 -0.21619242
v -0.25624284 -0.74852961 -0.20457798
v -0.23842594 -0.70901740 -0.20713833
v -0.23284194 -0.70648891 -0.19795513
v -0.23842251 -0.71682906 -0.19843398
v -0.24313188 -0.71662408 -0.20723942
v -0.22794148 -0.68484676 -0.20553765
v -0.22956786 -0.67516673 -0.21479088
v -0.22383147 -0.66693294 -0.20499131
v -0.22304510 -0.67568767 -0.19469124
v -0.26536801 -0.67723799 -0.23848599
v -0.25783417 -0.67302364 -0.23796540
v -0.25666910 -0.68093783 -0.23675407
v -0.26461071 -0.68399060 -0.23682354
v -0.27780139 -0.68316066 -0.24291296
v -0.27869278 -0.68843335 -0.23928641
v -0.28495815 -0.69021165 -0.24368896
v -0.28294861 -0.68495488 -0.24837536
v -0.26840919 -0.67007095 -0.23872255
v -0.26040584 -0.66587394 -0.23744434
v -0.27184266 -0.68056118 -0.23899892
v -0.27212751 -0.67624474 -0.24144614
v -0.27358541 -0.67042470 -0.25177974
v -0.27383050 -0.67512929 -0.25002739
v -0.27747986 -0.67598367 -0.25651026
v -0.27655870 -0.67016959 -0.25619793
v -0.26987767 -0.67041814 -0.24311565
v -0.27091628 -0.67340869 -0.24540071
v -0.27190807 -0.66935599 -0.24790585
v -0.27225882 -0.66658342 -0.24516350
v -0.27704555 -0.67961526 -0.24576719
v -0.28072646 -0.68087089 -0.25244099
v -0.28525573 -0.68129528 -0.25919870
v -0.28148723 -0.67450798 -0.26342571
v -0.24235700 -0.66427892 -0.23131436
v -0.24951336 -0.66954166 -0.23548347
v -0.25266516 -0.66269469 -0.23585844
v -0.24618165 -0.65922832 -0.23284291
v -0.26950145 -0.66393113 -0.24206617
v -0.26056099 -0.65098369 -0.24179842
v -0.26168203 -0.65444624 -0.24205349
v -0.26783672 -0.65332949 -0.24645451
v -0.26615199 -0.65026116 -0.24612184
v -0.23231885 -0.65259743 -0.22206563
v -0.23749584 -0.64954776 -0.22692713
v -0.23449594 -0.64329702 -0.22416085
v -0.22933283 -0.64446986 -0.21839741
v -0.23462045 -0.63631606 -0.22330950
v -0.22753027 -0.63612640 -0.21525803
v -0.23066825 -0.62041509 -0.21402267
v -0.22844353 -0.62719703 -0.21450552
v -0.23588054 -0.62987351 -0.22349121
v -0.23900920 -0.62354577 -0.22653677
v -0.25139648 -0.62518138 -0.23675092
v -0.25647694 -0.62142384 -0.24043819
v -0.24735640 -0.61144197 -0.23717046
v -0.24343321 -0.61658114 -0.23235095
v -0.25858834 -0.64468408 -0.23773621
v -0.25475824 -0.64611256 -0.23477793
v -0.25506663 -0.64772856 -0.23700169
v -0.25939888 -0.64754665 -0.24042101
v -0.25118387 -0.64711332 -0.23305367
v -0.24961731 -0.64734870 -0.23242122
v -0.25020325 -0.64851618 -0.23356101
v -0.25142062 -0.64827311 -0.23358165
v -0.25324020 -0.64722848 -0.23419140
v -0.25358874 -0.64521313 -0.23459680
v -0.25189677 -0.64612269 -0.23361054
v -0.25678456 -0.64334100 -0.23751196
v -0.26770377 -0.63686442 -0.24725437
v -0.26430547 -0.63837898 -0.24523209
v -0.26723623 -0.64165008 -0.24419554
v -0.27031571 -0.64078641 -0.24591176
v -0.25235531 -0.65066278 -0.23517489
v -0.25084400 -0.65183854 -0.23460214
v -0.25553876 -0.65327835 -0.23784117
v -0.25569886 -0.65032971 -0.23732975
v -0.24887793 -0.65478998 -0.23446938
v -0.24862297 -0.65040451 -0.23296840
v -0.24598822 -0.65230620 -0.23227353
v -0.24956605 -0.64568615 -0.23231369
v -0.24642360 -0.64496279 -0.23085684
v -0.24676308 -0.64761627 -0.23199548
v -0.24711128 -0.64144105 -0.23124561
v -0.25119922 -0.64317238 -0.23325861
v -0.25402743 -0.64047962 -0.23603109
v -0.25767019 -0.63758636 -0.24007104
v -0.25341630 -0.63403356 -0.23694177
v -0.24958995 -0.63762963 -0.23339579
v -0.25478011 -0.65780365 -0.23723815
v -0.24257886 -0.64839685 -0.22982644
v -0.24178815 -0.65531039 -0.22957370
v -0.24103884 -0.64394426 -0.22861999
v -0.24123931 -0.63906276 -0.22831227
v -0.24401289 -0.63324094 -0.22952446
v -0.24713317 -0.62956357 -0.23272647
v -0.24198553 -0.60396791 -0.22305070
v -0.23674026 -0.61083829 -0.21870360
v -0.27486098 -0.72450650 -0.23669623
v -0.26700538 -0.72700423 -0.23364536
v -0.26328784 -0.71984059 -0.22954103
v -0.26256669 -0.72184336 -0.22932586
v -0.26800546 -0.72220409 -0.23253256
v -0.26764023 -0.71958280 -0.23146692
v -0.24862267 -0.71731061 -0.21307401
v -0.25321525 -0.71752161 -0.21831712
v -0.25162306 -0.71382052 -0.21701767
v -0.24447972 -0.71151710 -0.21287051
v -0.25535870 -0.70538312 -0.22481802
v -0.25211802 -0.70745879 -0.22122133
v -0.25819504 -0.71276414 -0.22372514
v -0.26064020 -0.71107942 -0.22621849
v -0.26379734 -0.70960051 -0.22856665
v -0.26761338 -0.70767117 -0.22997119
v -0.26507434 -0.70345771 -0.22964433
v -0.26010704 -0.70441961 -0.22774470
v -0.27417582 -0.72124505 -0.23353824
v -0.28045866 -0.71720064 -0.23370115
v -0.27826059 -0.71566015 -0.23256722
v -0.27295405 -0.71872181 -0.23284924
v -0.28417975 -0.70542276 -0.22886723
v -0.28417188 -0.70798624 -0.22972241
v -0.28756258 -0.70792747 -0.23089024
v -0.28674746 -0.70380437 -0.23038787
v -0.28346264 -0.70237458 -0.23079844
v -0.28235641 -0.70484114 -0.22942995
v -0.29768902 -0.77535248 -0.22142947
v -0.29508433 -0.75910938 -0.23385812
v -0.28049845 -0.77402800 -0.21100475
v -0.26666504 -0.76717710 -0.20072986
v -0.25491863 -0.75618696 -0.19073358
v -0.22734009 -0.65874237 -0.21464276
v -0.22333820 -0.65069973 -0.20804009
v -0.21968538 -0.65918446 -0.19541375
v -0.21789938 -0.64931083 -0.19016843
v -0.22141740 -0.64027059 -0.20408756
v -0.22724780 -0.61825871 -0.19895080
v -0.22214800 -0.62899172 -0.20106660
v -0.21874355 -0.63887703 -0.18385670
v -0.21705797 -0.65235007 -0.16849999
v -0.21734223 -0.65877414 -0.17680813
v -0.22002111 -0.66789031 -0.15661053
v -0.21948431 -0.64452589 -0.15592018
v -0.22299993 -0.66589910 -0.14687696
v -0.22087222 -0.61072338 -0.15514284
v -0.21700293 -0.60464025 -0.14860524
v -0.21094188 -0.61866832 -0.13931727
v -0.21422493 -0.62440979 -0.14388740
v -0.21853679 -0.66699624 -0.18463479
v -0.23997343 -0.72734547 -0.19016537
v -0.24437414 -0.72581249 -0.20177267
v -0.23366471 -0.71604139 -0.18730563
v -0.26354355 -0.78266096 -0.16473415
v -0.26710764 -0.77682942 -0.18324955
v -0.25373799 -0.76506859 -0.17701674
v -0.25264162 -0.77142942 -0.16106215
v -0.30172813 -0.80550420 -0.17172219
v -0.29878011 -0.79317963 -0.19903117
v -0.28367200 -0.78715265 -0.19165003
v -0.28313518 -0.79741240 -0.16958347
v -0.25049451 -0.77217335 -0.14628147
v -0.24974909 -0.77270222 -0.12734619
v -0.26037818 -0.78357279 -0.11910899
v -0.26266539 -0.78664780 -0.14191401
v -0.27853617 -0.79622412 -0.11084836
v -0.28129071 -0.80101889 -0.13911888
v -0.22048652 -0.65446305 -0.13522179
v -0.22613627 -0.67205131 -0.13369656
v -0.21832249 -0.63178343 -0.15102196
v -0.21637699 -0.64286506 -0.13464485
v -0.30007303 -0.80196178 -0.10596557
v -0.30354828 -0.80837649 -0.13796753
v -0.25139183 -0.74570167 -0.07942551
v -0.25590849 -0.76315212 -0.08655213
v -0.24417156 -0.75552320 -0.10305613
v -0.24122819 -0.74140584 -0.09441017
v -0.26584148 -0.75063276 -0.06309727
v -0.27146617 -0.76902080 -0.07140321
v -0.24237904 -0.69458139 -0.08322287
v -0.24122810 -0.68089652 -0.08954707
v -0.25112715 -0.67850971 -0.07822163
v -0.25190911 -0.69226563 -0.06752701
v -0.25915515 -0.73347253 -0.22437935
v -0.26023510 -0.72668731 -0.22886121
v -0.25558904 -0.72511554 -0.22266796
v -0.25343385 -0.72952366 -0.21743888
v -0.25040376 -0.73380125 -0.20781988
v -0.24854475 -0.73821217 -0.19621678
v -0.24570093 -0.75286114 -0.17074725
v -0.24502032 -0.76023674 -0.15693039
v -0.24266943 -0.76087439 -0.13068736
v -0.24309161 -0.76107085 -0.14564393
v -0.23743263 -0.74448907 -0.11195359
v -0.23590054 -0.73559016 -0.10704927
v -0.23009157 -0.68192410 -0.11768486
v -0.22524518 -0.66401947 -0.11767562
v -0.23205596 -0.66688550 -0.10347719
v -0.23584223 -0.68206525 -0.10271542
v -0.24816990 -0.66670239 -0.08375055
v -0.23895971 -0.66714597 -0.09357482
v -0.21622917 -0.64217281 -0.11502105
v -0.21342921 -0.63701904 -0.11099724
v -0.22032914 -0.64285171 -0.09568888
v -0.22296399 -0.64604324 -0.10017374
v -0.22781655 -0.64532113 -0.08169479
v -0.23766822 -0.64472115 -0.07129902
v -0.23973274 -0.64979655 -0.07660973
v -0.23145294 -0.65030265 -0.08685997
v -0.23239419 -0.58223945 -0.15731099
v -0.22929510 -0.57639271 -0.15091026
v -0.22120635 -0.58718789 -0.14899810
v -0.22509827 -0.59196955 -0.15445746
v -0.21129456 -0.63597918 -0.10508314
v -0.21818486 -0.64431942 -0.08993313
v -0.23645166 -0.69615543 -0.09863272
v -0.23292173 -0.69864422 -0.11062975
v -0.22473881 -0.64650112 -0.07547823
v -0.23463261 -0.65582275 -0.09182608
v -0.22732130 -0.65429652 -0.10256508
v -0.26003745 -0.66456789 -0.07629640
v -0.26141101 -0.67466688 -0.06740173
v -0.27171299 -0.68665797 -0.23709780
v -0.27516192 -0.70197332 -0.23082700
v -0.27605119 -0.70597506 -0.23047484
v -0.27991003 -0.70493507 -0.23022076
v -0.27967209 -0.70169353 -0.23093367
v -0.30264503 -0.73431659 -0.24320801
v -0.29696831 -0.71795082 -0.24332352
v -0.28688192 -0.72665262 -0.24195862
v -0.29149595 -0.74027145 -0.23907360
v -0.23855934 -0.68501365 -0.22493930
v -0.24929413 -0.68695092 -0.23200990
v -0.24819252 -0.67689204 -0.23462433
v -0.23961391 -0.67270100 -0.22927329
v -0.25638247 -0.71733373 -0.22170705
v -0.25591615 -0.71926713 -0.22155398
v -0.25777644 -0.71860909 -0.22436921
v -0.23745227 -0.65899539 -0.22706413
v -0.23289627 -0.66614282 -0.22200243
v -0.22852188 -0.70228553 -0.18607640
v -0.24836752 -0.72402978 -0.21111295
v -0.32494786 -0.80512094 -0.17482962
v -0.32055542 -0.79311126 -0.20675194
v -0.32427603 -0.80308318 -0.10552022
v -0.32609344 -0.80877566 -0.13866878
v -0.29058427 -0.77135229 -0.05848917
v -0.28134504 -0.75118530 -0.04823240
v -0.30208984 -0.75010473 -0.04106749
v -0.31257945 -0.77090490 -0.05553104
v -0.26357365 -0.68859184 -0.05729342
v -0.24575400 -0.64141452 -0.06472660
v -0.24961261 -0.64652979 -0.07131693
v -0.31355801 -0.77402264 -0.22671920
v -0.30751193 -0.75422704 -0.23735391
v -0.24624979 -0.74498624 -0.18226328
v -0.23480439 -0.70080423 -0.21052949
v -0.24175146 -0.70571673 -0.21568090
v -0.24218503 -0.70158553 -0.21966311
v -0.23424578 -0.69369996 -0.21512517
v -0.22882977 -0.69399405 -0.20081121
v -0.22476649 -0.68752217 -0.18768598
v -0.22087011 -0.68215460 -0.17240959
v -0.21987706 -0.67244083 -0.16356613
v -0.24837328 -0.76748896 -0.11163491
v -0.26068348 -0.77709651 -0.09699944
v -0.27590752 -0.78598762 -0.08767815
v -0.29655766 -0.78770262 -0.08061954
v -0.24213083 -0.75817275 -0.11716977
v -0.31992543 -0.78922665 -0.07816604
v -0.27030209 -0.65707254 -0.24593008
v -0.26327756 -0.65963531 -0.24080534
v -0.27321491 -0.66036701 -0.24612643
v -0.26139703 -0.63473737 -0.24347460
v -0.26515615 -0.63235795 -0.24562088
v -0.26196173 -0.62789518 -0.24215025
v -0.25763765 -0.63062942 -0.24006511
v -0.24032509 -0.60109639 -0.20463502
v -0.23378405 -0.60948014 -0.20096254
v -0.23474917 -0.58803344 -0.16500142
v -0.22792201 -0.59779429 -0.16139117
v -0.27668312 -0.66819221 -0.25036409
v -0.27834523 -0.66785920 -0.25074336
v -0.27821440 -0.66682673 -0.24849650
v -0.27623814 -0.66766751 -0.24818999
v -0.25320721 -0.64773989 -0.23516846
v -0.27079570 -0.64818454 -0.24857010
v -0.27369279 -0.64682889 -0.24938682
v -0.27204299 -0.64374435 -0.24778730
v -0.26898605 -0.64509809 -0.24689734
v -0.22379492 -0.62487018 -0.17630115
v -0.22306383 -0.61775780 -0.16420728
v -0.20888492 -0.62789744 -0.12707035
v -0.21255413 -0.63445842 -0.13096716
v -0.22004214 -0.65132242 -0.11739955
v -0.24431598 -0.65690935 -0.08212726
v -0.25397742 -0.65437412 -0.07444778
v -0.27748230 -0.64431089 -0.06808034
v -0.28435320 -0.65393257 -0.06753503
v -0.27102023 -0.66021824 -0.06998061
v -0.26637554 -0.65009928 -0.07054619
v -0.23171386 -0.60752738 -0.18367246
v -0.23837367 -0.59899688 -0.18819802
v -0.23673829 -0.59499657 -0.17567062
v -0.23031104 -0.60373998 -0.17138436
v -0.28025183 -0.66340673 -0.25173607
v -0.28136230 -0.66194999 -0.25334507
v -0.28003860 -0.66020787 -0.25059327
v -0.27891392 -0.66290402 -0.24982655
v -0.27482042 -0.66612023 -0.24649996
v -0.27618337 -0.66451097 -0.24674825
v -0.27516818 -0.66279614 -0.24653439
v -0.27520111 -0.66871524 -0.25095770
v -0.27432573 -0.66752040 -0.24835017
v -0.27974075 -0.66725135 -0.25574824
v -0.27745569 -0.66807610 -0.25402874
v -0.27985483 -0.66703987 -0.26063305
v -0.27968794 -0.66473883 -0.25024891
v -0.27858549 -0.66396385 -0.24863577
v -0.27632767 -0.66650355 -0.24694525
v -0.27771187 -0.66549611 -0.24716395
v -0.27986950 -0.66723239 -0.25365490
v -0.27817029 -0.66783297 -0.25233734
v -0.28794569 -0.68638659 -0.25393888
v -0.29389623 -0.68476576 -0.25614089
v -0.29156789 -0.67881370 -0.26163653
v -0.28845745 -0.67188674 -0.26627836
v -0.28520414 -0.66481423 -0.26320496
v -0.24221683 -0.58768809 -0.17733568
v -0.24071711 -0.58094096 -0.16662590
v -0.32256055 -0.74694723 -0.23956099
v -0.31384435 -0.72811770 -0.24381694
v -0.25205952 -0.64710379 -0.23342791
v -0.28219944 -0.72026849 -0.23662148
v -0.24679129 -0.69771117 -0.22550033
v -0.26569116 -0.69115192 -0.23397702
v -0.25808793 -0.68935966 -0.23370650
v -0.26158878 -0.69700927 -0.23116577
v -0.26798502 -0.69717395 -0.23171887
v -0.28964213 -0.71432728 -0.23661764
v -0.29618019 -0.70688021 -0.24171829
v -0.29171526 -0.70739734 -0.23551056
v -0.28986636 -0.70146906 -0.23501824
v -0.29259983 -0.69900835 -0.24255700
v -0.28595760 -0.69465864 -0.23873487
v -0.28527123 -0.69815230 -0.23346777
v -0.25993833 -0.71984911 -0.22694954
v -0.25841641 -0.72166657 -0.22550192
v -0.27932578 -0.69301784 -0.23572527
v -0.27269953 -0.69185251 -0.23429930
v -0.27387968 -0.69716996 -0.23214632
v -0.27969757 -0.69718575 -0.23245673
v -0.25424016 -0.69651103 -0.22951090
v -0.25228581 -0.72196698 -0.21698807
v -0.25085890 -0.71054721 -0.21828552
v -0.22966906 -0.70273638 -0.11941941
v -0.22757787 -0.69085532 -0.12496914
v -0.21616983 -0.68180233 -0.14509839
v -0.21670943 -0.67766404 -0.14766273
v -0.22489765 -0.67866874 -0.14369377
v -0.21973926 -0.68374109 -0.14038232
v -0.23140188 -0.73288715 -0.13072020
v -0.23493341 -0.73997247 -0.12691724
v -0.23519729 -0.74088395 -0.13456704
v -0.23223606 -0.73318654 -0.13313003
v -0.23380019 -0.73543072 -0.14003320
v -0.23547772 -0.73892355 -0.14280909
v -0.23244408 -0.73054254 -0.14377820
v -0.23213691 -0.73065698 -0.14000775
v -0.23746143 -0.74928981 -0.14414701
v -0.23899268 -0.74612522 -0.15460157
v -0.23502116 -0.73514444 -0.15088263
v -0.23791242 -0.72946107 -0.17473841
v -0.23319472 -0.72029489 -0.16175392
v -0.23418039 -0.72910428 -0.15674482
v -0.23942468 -0.73942387 -0.16397956
v -0.21913508 -0.68147278 -0.15292558
v -0.22259904 -0.68811786 -0.15705732
v -0.22759941 -0.68254924 -0.13469589
v -0.32811940 -0.74871016 -0.04543692
v -0.33583778 -0.77202582 -0.06059106
v -0.24735814 -0.72967303 -0.07607521
v -0.25807101 -0.72923279 -0.06022142
v -0.23845637 -0.72668946 -0.09229602
v -0.23378289 -0.72393876 -0.10592607
v -0.27539101 -0.73096979 -0.04992371
v -0.29073340 -0.72540265 -0.03886519
v -0.23000556 -0.71298796 -0.17401592
v -0.22995234 -0.70885694 -0.16154900
v -0.24383122 -0.71081287 -0.07784986
v -0.25523728 -0.71085107 -0.06271207
v -0.23667830 -0.71063864 -0.09308898
v -0.23300670 -0.71151090 -0.10704581
v -0.26924065 -0.71069348 -0.04924949
v -0.27858931 -0.68394351 -0.04971325
v -0.28484100 -0.70116997 -0.04278567
v -0.22091678 -0.69280922 -0.14518748
v -0.22143409 -0.69048828 -0.14978793
v -0.21839523 -0.68494421 -0.14839575
v -0.21686310 -0.68786621 -0.14632994
v -0.22517775 -0.69927680 -0.17207024
v -0.22509611 -0.69854593 -0.15883908
v -0.29001933 -0.69230616 -0.24870424
v -0.29952481 -0.69722688 -0.24638575
v -0.29633629 -0.69103730 -0.25135794
v -0.30268455 -0.70496202 -0.24350394
v -0.34846476 -0.80245447 -0.14604482
v -0.34725052 -0.79962647 -0.17804533
v -0.34216893 -0.78929591 -0.08468568
v -0.34700117 -0.79902053 -0.11408512
v -0.26136824 -0.61836028 -0.24311325
v -0.25264969 -0.60699129 -0.24049702
v -0.27469987 -0.65509081 -0.24870136
v -0.27729651 -0.65329003 -0.24940789
v -0.27538624 -0.64998704 -0.24962297
v -0.27275997 -0.65146017 -0.24883670
v -0.28533018 -0.71283412 -0.23201968
v -0.27531129 -0.66931367 -0.06047203
v -0.26125938 -0.64110970 -0.06713125
v -0.25573725 -0.63548899 -0.06087092
v -0.23288593 -0.64373112 -0.06391120
v -0.24131495 -0.63749850 -0.05652770
v -0.27912170 -0.65647089 -0.24948835
v -0.27685484 -0.65808105 -0.24843916
v -0.28041086 -0.66627944 -0.25225398
v -0.26467472 -0.64642942 -0.24456078
v -0.27795112 -0.66080856 -0.24858977
v -0.27792683 -0.66297370 -0.24843803
v -0.28194770 -0.65857583 -0.25132546
v -0.28053254 -0.65561736 -0.24984807
v -0.27012825 -0.70246887 -0.23062134
v -0.27198541 -0.70620930 -0.23035845
v -0.28150320 -0.66348004 -0.25695711
v -0.28118688 -0.66472924 -0.25436902
v -0.28421009 -0.66140640 -0.25754625
v -0.21280998 -0.60024875 -0.14331496
v -0.20675860 -0.61408979 -0.13414589
v -0.27563319 -0.64585531 -0.24966671
v -0.27407819 -0.64264077 -0.24817905
v -0.34147626 -0.78629458 -0.20937838
v -0.29381579 -0.67462921 -0.04869569
v -0.30137044 -0.69170028 -0.04166358
v -0.23032227 -0.71560740 -0.15222254
v -0.22617382 -0.71310937 -0.14664103
v -0.22758308 -0.71995127 -0.14501743
v -0.23138919 -0.72264051 -0.15069750
v -0.23893356 -0.57514715 -0.15811823
v -0.20629302 -0.62631929 -0.12075505
v -0.25120103 -0.63142413 -0.05054028
v -0.25605655 -0.71576154 -0.22104891
v -0.25688618 -0.71406990 -0.22175586
v -0.28215855 -0.71174884 -0.23088562
v -0.31715012 -0.71644199 -0.03792705
v -0.26044402 -0.64040279 -0.24166656
v -0.26292330 -0.64331508 -0.24141021
v -0.27207369 -0.63569260 -0.06417532
v -0.24419412 -0.59110999 -0.19053710
v -0.28285787 -0.66052377 -0.25421852
v -0.28900528 -0.66345060 -0.06018974
v -0.22780728 -0.72622520 -0.13651842
v -0.22607030 -0.72532082 -0.14004099
v -0.22499979 -0.72225916 -0.13971911
v -0.22636789 -0.72246242 -0.13824835
v -0.22714218 -0.72786427 -0.14493203
v -0.22444797 -0.72566199 -0.14255162
v -0.22423129 -0.72835422 -0.14130670
v -0.22719872 -0.73125970 -0.14280446
v -0.23175663 -0.72735691 -0.14770898
v -0.22722819 -0.72362339 -0.14593127
v -0.22418702 -0.73078382 -0.13959387
v -0.22543152 -0.73280966 -0.14075398
v -0.22860232 -0.73342276 -0.13961180
v -0.23221725 -0.73259664 -0.13640735
v -0.22379836 -0.73458582 -0.13719304
v -0.22768438 -0.73531830 -0.13555965
v -0.22136408 -0.73590845 -0.13254349
v -0.22654417 -0.73621511 -0.13078688
v -0.21906176 -0.73416817 -0.12723064
v -0.22456376 -0.73342770 -0.12552601
v -0.22437751 -0.69679618 -0.15048540
v -0.22420827 -0.69791919 -0.14316592
v -0.21674111 -0.72928870 -0.12384218
v -0.22281007 -0.72794890 -0.12222649
v -0.21456763 -0.72287595 -0.12156859
v -0.22008272 -0.72143292 -0.11886626
v -0.21350354 -0.71570778 -0.12109347
v -0.21750253 -0.71443236 -0.11794481
v -0.21201408 -0.70906758 -0.12220475
v -0.21536812 -0.70625460 -0.11983270
v -0.21119934 -0.70158768 -0.12494244
v -0.21457046 -0.69642603 -0.12328452
v -0.22379366 -0.73321319 -0.13109535
v -0.22176215 -0.73098111 -0.12739570
v -0.23207048 -0.72870260 -0.12876496
v -0.22488916 -0.73248172 -0.13575050
v -0.22456495 -0.71726239 -0.13230434
v -0.22744733 -0.71912611 -0.13173802
v -0.22649524 -0.71784496 -0.13225639
v -0.22657362 -0.71655846 -0.12977061
v -0.22541797 -0.70442724 -0.14549740
v -0.22382325 -0.70545065 -0.14189872
v -0.22492671 -0.71081465 -0.14307854
v -0.22381592 -0.70101130 -0.14078289
v -0.22482079 -0.70217830 -0.13986878
v -0.22608846 -0.70553946 -0.14068140
v -0.22785108 -0.71041340 -0.14083664
v -0.22404088 -0.70130271 -0.13743816
v -0.22254717 -0.69979095 -0.13799000
v -0.22548869 -0.70236301 -0.13730626
v -0.22595160 -0.70303494 -0.13856766
v -0.22743237 -0.70515060 -0.13793634
v -0.22760165 -0.70879245 -0.13595176
v -0.22785506 -0.70602107 -0.15170100
v -0.22611935 -0.70534444 -0.12625839
v -0.22501665 -0.69609755 -0.12883306
v -0.21214147 -0.69549644 -0.12997091
v -0.21257271 -0.68784052 -0.12851675
v -0.21257980 -0.68592429 -0.14346185
v -0.21151409 -0.68433094 -0.13575792
v -0.23057367 -0.72420013 -0.12596053
v -0.22834009 -0.71905392 -0.12386958
v -0.22260554 -0.68897194 -0.13407320
v -0.22603010 -0.71284890 -0.12347321
v -0.21389556 -0.70506108 -0.12668015
v -0.21548736 -0.70098174 -0.13010153
v -0.21370646 -0.71070731 -0.12422456
v -0.22026724 -0.69712085 -0.13904060
v -0.21641132 -0.69240570 -0.14077762
v -0.21366459 -0.69292939 -0.13563734
v -0.21816699 -0.69813102 -0.13420689
v -0.21649362 -0.70737219 -0.12847698
v -0.21913800 -0.70364213 -0.13087074
v -0.21998289 -0.70899355 -0.12900005
v -0.22272736 -0.70567250 -0.13150552
v -0.22369704 -0.70263648 -0.13457793
v -0.22139439 -0.70069999 -0.13421369
v -0.22661296 -0.70643890 -0.13174793
v -0.22419669 -0.71162164 -0.12958370
v -0.22600785 -0.70365798 -0.13527662
v -0.21907693 -0.71216595 -0.12842606
v -0.21877912 -0.71623737 -0.12825856
v -0.22140419 -0.71780425 -0.13116714
v -0.22242013 -0.71478707 -0.13002858
v -0.21577346 -0.71618050 -0.12326132
v -0.21597815 -0.71606076 -0.12598997
v -0.21541557 -0.71124244 -0.12679778
v -0.21743023 -0.72146881 -0.12604076
v -0.21819454 -0.72187805 -0.12350412
v -0.21912332 -0.72073084 -0.12788586
v -0.22099161 -0.72090602 -0.12970051
v -0.22108299 -0.72911108 -0.12913802
v -0.21945292 -0.72573602 -0.12725163
v -0.21948946 -0.72769290 -0.12474529
v -0.21980566 -0.72415203 -0.12913954
v -0.22150451 -0.72647232 -0.13055104
v -0.22248270 -0.72406363 -0.13062942
v -0.22102168 -0.72329760 -0.12933597
v -0.22573224 -0.72974658 -0.13798635
v -0.22623213 -0.72784281 -0.13960430
v -0.22473264 -0.73078239 -0.13528156
v -0.22725147 -0.73076999 -0.13559403
v -0.22542952 -0.72860736 -0.13461432
v -0.22795442 -0.72934091 -0.13599859
v -0.22567481 -0.72618043 -0.13474023
v -0.22593468 -0.72284007 -0.13516223
v -0.21987148 -0.56355631 -0.14061998
v -0.22486350 -0.57020748 -0.14523208
v -0.23232192 -0.56143236 -0.14374529
v -0.22747667 -0.55428666 -0.13895974
v -0.22415552 -0.72498941 -0.13311942
v -0.22368515 -0.72771311 -0.13259870
v -0.22347051 -0.73004478 -0.13184424
v -0.22404009 -0.72028738 -0.13250719
v -0.22272961 -0.71978319 -0.13201360
v -0.22279042 -0.72160685 -0.13147967
v -0.22441658 -0.72209620 -0.13308692
v -0.22591835 -0.71485883 -0.14266747
v -0.22674473 -0.71261346 -0.13908926
v -0.22550061 -0.71200657 -0.13417932
v -0.19188625 -0.58461618 -0.13429268
v -0.18800873 -0.60561967 -0.12900135
v -0.19395955 -0.60915691 -0.12798923
v -0.19870244 -0.58994025 -0.13292941
v -0.17886946 -0.56414282 -0.15079421
v -0.16885719 -0.54649240 -0.15941748
v -0.16430303 -0.56695408 -0.15943156
v -0.17343017 -0.59336030 -0.14495909
v -0.15449013 -0.54471523 -0.16912726
v -0.16019911 -0.52724659 -0.16620952
v -0.12969863 -0.48693755 -0.19255850
v -0.13763259 -0.50514591 -0.18541723
v -0.14634810 -0.49159530 -0.18255785
v -0.13856380 -0.47388071 -0.18855006
v -0.06384400 -0.42266104 -0.20975840
v -0.07432417 -0.41472194 -0.20796533
v -0.06657612 -0.40182829 -0.19666521
v -0.05295476 -0.40902141 -0.19669506
v -0.12396657 -0.57806373 -0.18983287
v -0.11458154 -0.57988232 -0.19174194
v -0.13288979 -0.60215557 -0.19121915
v -0.13992628 -0.59924614 -0.18678114
v -0.17873868 -0.64476067 -0.10298656
v -0.18314414 -0.64557540 -0.10232691
v -0.18058856 -0.62430918 -0.11870527
v -0.17770819 -0.62356389 -0.12344617
v -0.03601095 -0.49174815 -0.19175979
v -0.04938418 -0.49049079 -0.20027283
v -0.04220825 -0.47453350 -0.20220354
v -0.02983383 -0.47351640 -0.19364786
v 0.01297073 -0.41440070 -0.13204286
v 0.00044747 -0.39775357 -0.14063868
v 0.01636226 -0.38435799 -0.13707621
v 0.03004184 -0.40204084 -0.12716241
v 0.03380369 -0.48438635 -0.09941585
v 0.04274870 -0.47158518 -0.08744177
v 0.04542498 -0.48649675 -0.06424358
v 0.03583645 -0.49989039 -0.07538368
v -0.11507659 -0.51032996 -0.19567853
v -0.12514652 -0.53061819 -0.18902090
v -0.13072954 -0.51825845 -0.18725955
v -0.12223332 -0.49908847 -0.19474202
v -0.21464841 -0.77199304 -0.22269654
v -0.20646536 -0.75058705 -0.20896322
v -0.19773802 -0.74399340 -0.22358662
v -0.20606118 -0.76635683 -0.23751155
v 0.11002530 -0.38408875 -0.05373218
v 0.12132392 -0.36418211 -0.04864356
v 0.12504739 -0.38045478 -0.02320250
v 0.11248977 -0.40016541 -0.02967532
v -0.18841116 -0.68109411 -0.16063635
v -0.18683177 -0.69933778 -0.14005470
v -0.18315677 -0.69192445 -0.13890289
v -0.18504526 -0.67211378 -0.15935463
v -0.08749451 -0.54204422 -0.19163981
v -0.09967842 -0.55944049 -0.19063532
v -0.11042365 -0.55798775 -0.19238734
v -0.09753181 -0.53785574 -0.19390002
v 0.01848219 -0.53460443 -0.09104320
v 0.00566131 -0.55138868 -0.09851468
v 0.00210655 -0.53920549 -0.11776393
v 0.01595536 -0.52105725 -0.11352080
v 0.02748389 -0.50310564 -0.10854238
v 0.02953140 -0.51750201 -0.08414499
v -0.10264480 -0.52953434 -0.19478470
v -0.11761664 -0.55279481 -0.19187020
v -0.12083201 -0.54196686 -0.19040647
v -0.10855558 -0.52032709 -0.19549954
v -0.06113925 -0.39217687 -0.18073514
v -0.04428864 -0.40121567 -0.17960763
v 0.11280034 -0.34618944 -0.07088540
v 0.10278694 -0.36550924 -0.07545908
v 0.09167593 -0.34744477 -0.09241267
v 0.10048056 -0.32857120 -0.08833809
v -0.02777056 -0.39335459 -0.14920536
v -0.01517267 -0.40761200 -0.14568585
v -0.02426846 -0.41007850 -0.16162723
v -0.03793353 -0.39810252 -0.16238260
v 0.08486835 -0.31231877 -0.10301436
v 0.07696089 -0.33010888 -0.10573960
v 0.06025603 -0.31283826 -0.11798597
v 0.06804488 -0.29273090 -0.11639099
v -0.14587772 -0.52406710 -0.17780702
v -0.15296414 -0.50906360 -0.17483386
v -0.04731518 -0.44262433 -0.20786367
v -0.05458391 -0.43232033 -0.20987540
v -0.04220138 -0.41850442 -0.19666931
v -0.03441820 -0.43000054 -0.19600517
v -0.08092998 -0.57667011 -0.17915046
v -0.09550540 -0.60194504 -0.18506631
v -0.11988702 -0.60707229 -0.19369391
v -0.09983921 -0.57988864 -0.18967819
v 0.13877988 -0.36095405 -0.01656502
v 0.13363464 -0.34597996 -0.04320524
v 0.09298949 -0.29402888 -0.09851152
v 0.07470424 -0.27549598 -0.11168473
v -0.07057479 -0.65600431 -0.16227365
v -0.07962774 -0.65121651 -0.16849457
v -0.06838622 -0.63605243 -0.16043144
v -0.06148711 -0.64167750 -0.15438086
v -0.10291747 -0.39626655 -0.19065449
v -0.08204573 -0.38909259 -0.18457954
v -0.08293021 -0.40156505 -0.19858590
v -0.09947962 -0.40933287 -0.20134667
v -0.02265911 -0.42383772 -0.17871933
v -0.03185648 -0.41205955 -0.17891113
v -0.01310882 -0.42378521 -0.16063014
v -0.10620279 -0.38440061 -0.17622477
v -0.08132192 -0.37926549 -0.16437270
v -0.15980892 -0.49480802 -0.17052993
v -0.15482420 -0.47802448 -0.17838520
v -0.16650246 -0.51185250 -0.16305909
v -0.17468840 -0.52819073 -0.15671051
v -0.18409342 -0.51355779 -0.15251885
v -0.17591923 -0.49701259 -0.15810856
v -0.18467298 -0.54362476 -0.15067536
v -0.19287357 -0.52820033 -0.14798553
v -0.19840795 -0.56529725 -0.13697839
v -0.20529401 -0.57199860 -0.13525288
v -0.08566273 -0.55905670 -0.18582150
v -0.07336493 -0.54307967 -0.18546027
v 0.11011638 -0.31096673 -0.08330481
v -0.09737442 -0.65812486 -0.03787107
v -0.09557696 -0.66654927 -0.05357647
v -0.08388500 -0.65915787 -0.04967748
v -0.08620892 -0.65125853 -0.03383542
v -0.17635362 -0.62783998 -0.12425678
v -0.17672570 -0.64724821 -0.10262595
v -0.05035448 -0.66381466 -0.11823690
v -0.04723267 -0.65814304 -0.12004185
v -0.04317426 -0.64588392 -0.10297906
v -0.04788103 -0.65372008 -0.10278733
v -0.05931709 -0.66947377 -0.15253104
v -0.05842313 -0.67784196 -0.14973347
v -0.06515108 -0.69502676 -0.16252759
v -0.06642364 -0.68816662 -0.16525562
v 0.12171815 -0.39280301 0.00158797
v 0.10892985 -0.41331053 -0.00432105
v 0.01493122 -0.53491729 -0.01201756
v 0.00798266 -0.55187863 -0.02517195
v 0.01920991 -0.54255271 -0.04292941
v 0.02613043 -0.52466464 -0.03186909
v -0.15665747 -0.58206242 0.02877866
v -0.14019834 -0.59791708 0.01961030
v -0.13170271 -0.59068936 0.02557017
v -0.14765385 -0.57403415 0.03503712
v -0.12072156 -0.64049524 -0.01215716
v -0.13365944 -0.62188447 0.00216275
v -0.14228100 -0.62622374 -0.00419034
v -0.13087486 -0.64538276 -0.01864935
v -0.10242525 -0.64685798 -0.02202752
v -0.09281390 -0.63930517 -0.01693365
v 0.01602335 -0.54700804 -0.07154260
v 0.00477248 -0.56250906 -0.08154409
v -0.01368194 -0.59208089 -0.10052750
v -0.02295640 -0.60473967 -0.11055619
v -0.02602379 -0.59580714 -0.12164921
v -0.01648904 -0.58213747 -0.11323026
v -0.18999100 -0.64567363 -0.10085817
v -0.18355361 -0.66070294 -0.08291952
v -0.19172333 -0.65849948 -0.08055758
v -0.18771188 -0.63866621 -0.03037525
v -0.18525842 -0.64522976 -0.03944986
v -0.17600249 -0.64637494 -0.03660815
v -0.18137211 -0.63690120 -0.02609222
v -0.08590817 -0.55399346 0.05477566
v -0.06906074 -0.53991312 0.05716905
v -0.08913034 -0.52590942 0.07018451
v -0.10418420 -0.53969467 0.06652145
v -0.03262656 -0.62543714 -0.11424270
v -0.03533509 -0.63201737 -0.10890661
v -0.04379821 -0.64554119 -0.12454447
v -0.04333621 -0.63916934 -0.12895182
v -0.02703271 -0.61991906 -0.09529912
v -0.02353727 -0.61250037 -0.10178385
v -0.01471693 -0.60069418 -0.09029510
v -0.01855493 -0.60882097 -0.08187462
v 0.00167350 -0.56655049 -0.03966818
v -0.00508937 -0.58462769 -0.05678653
v 0.00038901 -0.57491028 -0.06897888
v 0.01063807 -0.55764616 -0.05480158
v -0.04342776 -0.47576943 0.07820163
v -0.05674708 -0.49375340 0.07742304
v -0.03970816 -0.50377506 0.06652963
v -0.02613192 -0.48519021 0.07008958
v -0.10612517 -0.66037667 -0.18007614
v -0.11655528 -0.67524570 -0.18872854
v -0.13253966 -0.67067176 -0.18959959
v -0.12307172 -0.65813500 -0.18395312
v -0.07319282 -0.71756017 -0.15464510
v -0.07635207 -0.72047019 -0.14941163
v -0.08225829 -0.73248559 -0.15431705
v -0.07888658 -0.73004937 -0.15914889
v -0.11236412 -0.69904476 -0.20456208
v -0.11968541 -0.71855372 -0.22297096
v -0.13540360 -0.70943809 -0.22038437
v -0.12616646 -0.69124830 -0.20271844
v -0.16739057 -0.66795272 -0.08149803
v -0.17196898 -0.66502321 -0.08238307
v -0.17516018 -0.64983803 -0.10288568
v -0.08405411 -0.69263977 -0.18601766
v -0.07691626 -0.70021218 -0.18326303
v -0.08214943 -0.72145957 -0.19891915
v -0.08980606 -0.71393430 -0.20315087
v -0.21761763 -0.78292567 -0.20707943
v -0.20902346 -0.76225626 -0.19293973
v -0.11457798 -0.74967384 -0.24092449
v -0.10699561 -0.72786093 -0.22460440
v -0.09591209 -0.73648220 -0.22175655
v -0.10459062 -0.76011491 -0.23612534
v 0.03347539 -0.50805491 -0.02092534
v 0.02165410 -0.51661789 -0.00120283
v 0.10095575 -0.40764457 0.04630599
v 0.08634800 -0.42946219 0.04008971
v 0.09951951 -0.42328590 0.01946342
v 0.11346425 -0.40201378 0.02527254
v 0.13600208 -0.37338021 0.00978555
v 0.11496890 -0.38543338 0.05452435
v 0.12746501 -0.38119578 0.03356672
v -0.20683885 -0.65104187 -0.08229970
v -0.19944790 -0.65477347 -0.08055169
v -0.20216879 -0.65231693 -0.06195119
v -0.21127987 -0.65045023 -0.06554440
v 0.20606560 -0.25603110 0.04152578
v 0.20277247 -0.24847470 0.00722936
v 0.20918676 -0.21914488 0.01277140
v 0.21127626 -0.22613311 0.05028173
v -0.21375763 -0.63457644 -0.03350218
v -0.22509380 -0.63585645 -0.04035082
v -0.21689038 -0.64335841 -0.05215131
v -0.20647690 -0.64389026 -0.04679144
v 0.19818106 -0.28299057 0.03417794
v 0.19617334 -0.27263445 0.00368421
v -0.20250559 -0.64042288 -0.10074257
v -0.19596002 -0.64366138 -0.10055441
v -0.19840720 -0.62640905 -0.11682954
v -0.19307129 -0.62705326 -0.11715668
v -0.19893417 -0.61104763 -0.12826639
v 0.19480175 -0.23600021 -0.02098881
v 0.20280772 -0.20854925 -0.01855016
v -0.21913427 -0.64869535 -0.06976233
v -0.22642930 -0.64362013 -0.05714387
v -0.23436293 -0.63720632 -0.04795568
v -0.24489497 -0.63107324 -0.04070259
v -0.25680596 -0.62285000 -0.03630741
v -0.26267496 -0.62644029 -0.04692896
v 0.15318096 -0.34373882 -0.01067095
v 0.15221238 -0.35478672 0.01755828
v 0.17602782 -0.11569899 0.13949847
v 0.17616297 -0.09392262 0.12684022
v 0.14357680 -0.09027120 0.14159833
v 0.14897209 -0.11045551 0.15495625
v 0.07622278 -0.10265276 0.17351529
v 0.11508469 -0.10617253 0.16587642
v 0.10641863 -0.08742338 0.15000471
v 0.06769711 -0.08450544 0.15443583
v 0.07605411 -0.24750796 0.18866675
v 0.07224461 -0.26994812 0.17979564
v 0.10219909 -0.27571881 0.17059329
v 0.10691869 -0.25413895 0.17991480
v 0.14406855 -0.36255136 0.04307935
v 0.13152698 -0.36598274 0.06486379
v 0.14560734 -0.32925352 -0.03801750
v 0.21670762 -0.06559557 -0.01947333
v 0.21555188 -0.03340399 -0.00953611
v 0.22450319 -0.04030746 0.03091947
v 0.22919820 -0.07408670 0.02089141
v 0.19760478 -0.04606667 0.10093156
v 0.16709554 -0.04559854 0.12399858
v 0.17159083 -0.07026932 0.12279712
v 0.20266005 -0.07467252 0.09801880
v 0.05522598 -0.25792980 -0.12229818
v 0.05995342 -0.24160635 -0.11676607
v 0.08060210 -0.25953442 -0.10637551
v -0.00923430 -0.21895143 -0.12348697
v -0.00823716 -0.20504776 -0.11908586
v 0.01459504 -0.21380177 -0.12316787
v 0.01355428 -0.22947225 -0.12735483
v 0.01752580 -0.13936386 -0.09394827
v 0.01850266 -0.15561606 -0.10176012
v -0.00186814 -0.15177543 -0.09759699
v 0.00024334 -0.13760152 -0.08938535
v 0.18044490 -0.22152190 -0.04641257
v 0.17307004 -0.24424817 -0.04746471
v 0.15385436 -0.22766756 -0.06822939
v 0.16040131 -0.20531614 -0.06921192
v 0.09736370 -0.07361996 0.13393930
v 0.05948041 -0.07185239 0.13394257
v 0.19094369 -0.06159684 -0.05467100
v 0.19219531 -0.02804792 -0.04601683
v 0.15885708 -0.02359521 -0.06940847
v 0.15852714 -0.05736312 -0.07378591
v 0.12198408 -0.05282262 -0.08017415
v 0.12178380 -0.02084130 -0.07642020
v 0.01857628 -0.07207927 -0.03187609
v 0.02129096 -0.06914973 -0.02535339
v 0.03640050 -0.08229288 -0.05389445
v 0.02945767 -0.09187943 -0.06120859
v 0.08420806 -0.14746395 0.19554329
v 0.11796996 -0.15094036 0.18726364
v 0.11714971 -0.12735561 0.17916830
v 0.08218113 -0.12565374 0.18781357
v 0.11617652 -0.36590919 0.08436148
v 0.09943716 -0.38630638 0.07236247
v 0.08224944 -0.38623539 0.08607160
v 0.06868498 -0.40988314 0.07783432
v 0.08577885 -0.41038913 0.06391838
v -0.01104403 -0.52772391 0.03241202
v -0.01809295 -0.54730308 0.02176526
v 0.00077887 -0.54125935 0.00558802
v 0.00705007 -0.52385581 0.01603435
v -0.12491466 -0.61548412 0.00821161
v -0.11652665 -0.60860133 0.01359767
v 0.12728187 -0.04643574 0.13495791
v 0.13234752 -0.02074510 0.13568746
v 0.09315863 -0.02097148 0.13326657
v 0.07846531 -0.05274296 0.12682241
v 0.19301656 -0.01727962 0.10449880
v 0.21848893 -0.04576227 0.06876708
v 0.21325453 -0.01481530 0.07608037
v 0.21166278 -0.00126833 -0.00390026
v 0.21962348 -0.00835499 0.03747513
v 0.15676236 0.00979021 -0.06435161
v 0.12039194 0.01141107 -0.06988560
v 0.03827456 -0.01512828 -0.02288196
v 0.04041046 0.00803274 -0.01186018
v 0.05768823 0.01128623 -0.03896349
v 0.05691440 -0.01534131 -0.04920515
v 0.07041228 -0.13912016 -0.09727261
v 0.08414184 -0.12606514 -0.08874584
v 0.11346451 -0.14736062 -0.08976077
v 0.10795423 -0.16641384 -0.09231222
v 0.00972296 -0.24672639 -0.13294999
v -0.00809336 -0.23596558 -0.12943965
v 0.04906055 -0.27544060 -0.12713566
v 0.02864670 -0.25989857 -0.13246796
v 0.03433236 -0.24194813 -0.12756327
v -0.02418359 -0.31633839 -0.14665467
v -0.01480317 -0.29965016 -0.14180933
v 0.00581771 -0.31467783 -0.14127664
v -0.00400100 -0.33264852 -0.14584710
v -0.01613840 -0.35176605 -0.14932050
v -0.03586909 -0.33535156 -0.15000044
v -0.06324589 -0.37062111 -0.14996392
v -0.04362864 -0.38133425 -0.15149170
v -0.05636286 -0.38720235 -0.16340627
v -0.16891080 -0.48047218 -0.16397020
v -0.16286850 -0.46455401 -0.17071554
v 0.19077559 -0.19416496 -0.04976999
v 0.04597873 -0.04340649 0.10533255
v 0.05923430 -0.01699236 0.11513593
v 0.04142783 -0.01080757 0.08614547
v 0.03597037 -0.03431779 0.07475819
v 0.18756947 -0.25849426 -0.02317231
v 0.12393771 -0.32822087 -0.06578744
v 0.13425174 -0.31210488 -0.06026554
v 0.01990553 -0.46572271 -0.12704933
v 0.03355505 -0.45401415 -0.10770752
v -0.08431325 -0.41290659 -0.20629387
v -0.09395467 -0.42127720 -0.20844027
v 0.22403464 -0.07802421 0.06264784
v 0.15420943 0.03994182 -0.05779821
v 0.11907385 0.04202363 -0.06138431
v 0.11662545 0.07200387 -0.05217353
v 0.15154347 0.06998345 -0.05046432
v 0.03848458 0.02796730 0.03063788
v 0.04459333 0.05534354 0.04078585
v 0.04775482 0.05984592 0.01110644
v 0.04387867 0.03285897 0.00018376
v 0.05081853 0.08327538 0.04874124
v 0.05605533 0.11017510 0.05734320
v 0.05717850 0.11524373 0.03001158
v 0.05270792 0.08795968 0.01874039
v 0.18939018 0.00475344 -0.03992166
v 0.20112219 0.05928922 0.00220848
v 0.20570457 0.02855721 -0.00020596
v 0.18494734 0.03623274 -0.03511211
v 0.18176642 0.06590551 -0.03007639
v 0.16554683 -0.01881889 0.12556696
v 0.02877328 -0.01848653 0.00601470
v 0.03223529 0.00298956 0.01846123
v 0.06048679 0.04733348 0.09731052
v 0.05070788 0.01799613 0.09317440
v 0.07157346 0.01328528 0.11932673
v 0.08089735 0.04296398 0.12067637
v 0.19240656 0.03894049 0.10284189
v 0.19238766 0.01057822 0.10323256
v 0.20923728 0.01437858 0.07464465
v 0.20685801 0.04354620 0.07300802
v 0.21404733 0.02104595 0.03751848
v 0.21011385 0.05102471 0.03806794
v 0.19449589 0.11696753 0.00715364
v 0.19700687 0.08838457 0.00480220
v 0.17751022 0.09512010 -0.02516989
v 0.17413792 0.12318888 -0.01973767
v 0.20431259 0.10877967 0.04066337
v 0.20685975 0.07985240 0.03927398
v 0.20318726 0.10026121 0.07060350
v 0.20535000 0.07225585 0.07123470
v 0.19144399 0.09448373 0.09681038
v 0.19229332 0.06694761 0.09952069
v 0.17260583 0.09142339 0.11610403
v 0.17103705 0.06467527 0.11994122
v 0.14438771 0.06463632 0.13169527
v 0.14874008 0.09066051 0.12715687
v 0.12245645 0.09208694 0.12885028
v 0.11536381 0.06612769 0.13114072
v 0.07579508 0.10016942 0.10536245
v 0.06830986 0.07461992 0.10115106
v 0.08854641 0.06993511 0.12127917
v 0.09649824 0.09567389 0.12158082
v 0.10276827 0.19104442 0.11689635
v 0.09490852 0.16817176 0.11644948
v 0.11672861 0.16457245 0.12031540
v 0.12283508 0.18723375 0.11788942
v 0.14160198 0.18454781 0.11981831
v 0.13719556 0.16242301 0.11856453
v 0.15584593 0.16058564 0.11590575
v 0.16147763 0.18404105 0.11890476
v 0.18693531 0.16856104 0.09074663
v 0.18904853 0.19295123 0.09380324
v 0.17736614 0.18616727 0.11024127
v 0.17398727 0.16285470 0.10742576
v 0.20002785 0.17730334 0.07084944
v 0.19936110 0.20161384 0.07332568
v 0.19916385 0.18653181 0.04460406
v 0.19631270 0.21203440 0.04888100
v 0.18428922 0.19602141 0.02024433
v 0.17943507 0.21935421 0.02535934
v 0.06585985 0.18697089 0.06120897
v 0.06534509 0.17889959 0.08284494
v 0.07266717 0.20062587 0.09067139
v 0.06959756 0.20731097 0.06889170
v 0.09169251 0.19874063 0.01675281
v 0.09485751 0.21942964 0.02986239
v 0.11092384 0.22347093 0.00971708
v 0.11163472 0.20124781 -0.00163190
v 0.19291247 0.14553627 0.00983873
v 0.20173262 0.13621718 0.04167253
v 0.20118532 0.12719077 0.07082690
v 0.18979418 0.12062678 0.09458515
v 0.08268853 0.12384507 0.11015701
v 0.10439121 0.11949164 0.12237535
v 0.06096004 0.14123470 0.04047603
v 0.05966511 0.13515338 0.06578882
v 0.13979180 0.17908269 -0.01865000
v 0.16690716 0.17662343 -0.00780158
v 0.17035416 0.15053791 -0.01430396
v 0.14160685 0.15292290 -0.02576209
v 0.20019878 0.16173300 0.04314309
v 0.19965570 0.15274936 0.07085741
v 0.18850723 0.14558831 0.09241235
v 0.15482436 0.13920271 0.11864249
v 0.17411137 0.14076412 0.10915826
v 0.13398570 0.13989910 0.12273996
v 0.08972917 0.14618191 0.11495249
v 0.11143415 0.14218199 0.12314456
v 0.06433253 0.16482511 0.05090226
v 0.06341210 0.15820122 0.07491795
v 0.13611597 0.22580123 -0.00027123
v 0.16195200 0.22433960 0.00732467
v 0.16443792 0.20089447 0.00033251
v 0.13830434 0.20413649 -0.01124413
v 0.13549200 0.24549049 0.01283425
v 0.11363996 0.24365202 0.02079216
v 0.16331498 0.20813194 0.12107620
v 0.14524494 0.20850757 0.12532732
v 0.17986037 0.21337605 0.11559366
v 0.19185737 0.23803711 0.05166765
v 0.19899905 0.22746885 0.07756379
v 0.17499995 0.24553582 0.02919134
v 0.15739000 0.24514821 0.01547857
v 0.08315711 0.24778229 0.10032614
v 0.08065725 0.25430387 0.08137301
v 0.07581295 0.22652978 0.07328967
v 0.08076119 0.22288391 0.09396093
v 0.10713756 0.23816195 0.12840174
v 0.10838039 0.21402994 0.11541682
v 0.12649423 0.21110666 0.11958126
v 0.12633574 0.23488486 0.13691628
v 0.16703066 0.23571768 0.13522229
v 0.14670368 0.23336330 0.13903216
v 0.18411584 0.23898178 0.12537967
v 0.19728643 0.25620839 0.08269547
v 0.19718026 0.24635610 0.10786068
v 0.19222763 0.21757999 0.09822733
v 0.18875055 0.26644880 0.05391825
v 0.16222124 0.30241522 0.04267364
v 0.18783340 0.29667917 0.05774549
v 0.16351344 0.27350810 0.03536239
v 0.12563862 0.39156437 0.07393799
v 0.12163290 0.42358455 0.08439132
v 0.14436954 0.42369571 0.08318867
v 0.15176839 0.39233938 0.07181291
v 0.08064863 0.27540040 0.11148560
v 0.08023043 0.28133759 0.08970643
v 0.12500356 0.26235884 0.15235361
v 0.10382222 0.26565704 0.14274085
v 0.19772916 0.31576726 0.09625117
v 0.19766124 0.30650660 0.12351432
v 0.19897373 0.27585754 0.11417897
v 0.19832414 0.28590235 0.08698863
v 0.07043037 0.37144905 0.11770591
v 0.07198960 0.34069932 0.10970549
v 0.07348424 0.33490124 0.13212249
v 0.07129767 0.36660230 0.13895462
v 0.11903808 0.29208755 0.16479272
v 0.11499749 0.32370391 0.17408212
v 0.09575462 0.32659590 0.16437319
v 0.09878629 0.29497659 0.15307947
v 0.18642083 0.38093585 0.11279695
v 0.18693434 0.37374589 0.13864596
v 0.19398741 0.33908784 0.13184553
v 0.19376712 0.34751636 0.10489415
v 0.16079563 0.33144820 0.05077620
v 0.15811390 0.36145204 0.06124043
v 0.18252933 0.35590243 0.07747948
v 0.18657021 0.32568589 0.06745821
v 0.13186601 0.33113065 0.05141509
v 0.13001920 0.36030507 0.06257100
v 0.07507975 0.43674931 0.14933218
v 0.07404530 0.44288090 0.13203605
v 0.07210039 0.40665364 0.12477528
v 0.07309414 0.40099603 0.14443529
v 0.11263040 0.35759512 0.17892748
v 0.11096215 0.39388207 0.17986518
v 0.09322393 0.39489567 0.17165004
v 0.09302016 0.35956594 0.16995175
v 0.16583543 0.45102504 0.13022999
v 0.16494301 0.44514713 0.15149693
v 0.17692493 0.40944278 0.14467826
v 0.17687418 0.41538376 0.12178531
v 0.13799192 0.45751968 0.09536736
v 0.15784356 0.45582110 0.10827705
v 0.16698501 0.42107826 0.09692105
v 0.11688819 0.45714566 0.09544348
v 0.11135658 0.49039781 0.10465131
v 0.12939641 0.49091199 0.10473654
v 0.07477953 0.47123745 0.15342958
v 0.07559431 0.47640082 0.13785930
v 0.08740257 0.46562096 0.17547399
v 0.09179419 0.43121785 0.17306596
v 0.10746957 0.42961490 0.18068506
v 0.10208851 0.46384391 0.18265335
v 0.14369278 0.43658885 0.17816171
v 0.13506624 0.46970212 0.17981827
v 0.11924115 0.46524659 0.18444824
v 0.12589435 0.43170604 0.18268487
v 0.15229754 0.47764722 0.15674858
v 0.14502540 0.47312450 0.17070054
v 0.15643328 0.44010288 0.16805087
v 0.15547186 0.48328406 0.13704786
v 0.14759196 0.48862943 0.11656684
v 0.02908694 -0.06173906 0.07439301
v 0.03818344 -0.05902722 0.08823303
v 0.03025573 -0.04883623 0.05956253
v 0.02552262 -0.05530062 0.04670497
v 0.06121857 0.06582919 -0.01850565
v 0.05963470 0.03731719 -0.02863670
v 0.06781391 0.12117320 0.00383931
v 0.06544262 0.09436351 -0.00864204
v 0.07102811 0.14723471 0.01574252
v 0.07541335 0.19306988 0.03725718
v 0.07404520 0.17156962 0.02749093
v 0.07900549 0.21332476 0.04642631
v 0.08362535 0.23622221 0.05433631
v 0.08733606 0.26258433 0.06044220
v 0.08685553 0.31712833 0.07662173
v 0.08943279 0.28913936 0.06768523
v 0.07619067 0.31070781 0.09970371
v 0.08072679 0.37894380 0.09542708
v 0.08274050 0.34720552 0.08601201
v 0.08136863 0.44953814 0.11513525
v 0.08094752 0.41391447 0.10529724
v 0.08355613 0.48259491 0.12271290
v 0.08868751 -0.07217979 -0.07600714
v 0.08924691 -0.09360391 -0.07815799
v 0.06087220 -0.07784176 -0.06692733
v 0.05921540 -0.06104404 -0.06221274
v 0.01270135 -0.06301463 0.00672427
v 0.01589084 -0.06345773 0.01328940
v 0.01725685 -0.06482318 -0.00419713
v 0.01405481 -0.06555772 -0.01005114
v 0.18985306 0.17149037 0.01440313
v 0.17356457 0.11681622 0.11242801
v 0.12879388 0.11662635 0.12524664
v 0.15236984 0.11551735 0.12217109
v 0.08809143 0.17675605 0.00437791
v 0.11014375 0.17877325 -0.01335369
v 0.11169568 0.15363511 -0.02291094
v 0.08762632 0.15184638 -0.00705489
v 0.13292257 0.30491844 0.04315523
v 0.10736910 0.29805550 0.05146978
v 0.10653710 0.32552060 0.06065771
v 0.13462095 0.28087330 0.03503654
v 0.18799442 0.26792222 0.13581896
v 0.17009081 0.26343372 0.14853504
v 0.14418101 0.29087731 0.16678743
v 0.14812915 0.26144817 0.15368359
v 0.16833504 0.29326126 0.16096279
v 0.08725776 0.10016114 -0.02940044
v 0.08777474 0.12634802 -0.01828956
v 0.11372263 0.12792674 -0.03258698
v 0.11491355 0.10074440 -0.04200507
v 0.07094535 -0.44961947 0.03339113
v 0.08409753 -0.44351348 0.01375257
v -0.01313861 -0.45473418 -0.17875338
v -0.01587939 -0.43841669 -0.17849410
v -0.00365685 -0.43974355 -0.15818965
v 0.00097337 -0.45870793 -0.15653706
v -0.00021322 -0.47688743 -0.15780310
v -0.01511854 -0.47182608 -0.17936531
v -0.00666977 -0.49524230 -0.15898582
v -0.02145438 -0.49065569 -0.17894241
v -0.06900905 -0.58436990 -0.16687843
v -0.08070594 -0.60494828 -0.17329079
v -0.08156867 -0.35475552 -0.14389813
v -0.06893482 -0.33833283 -0.14552522
v -0.04897026 -0.35369396 -0.15055786
v 0.03728095 -0.22581817 -0.12226892
v 0.07034695 -0.17113644 -0.10232542
v 0.04221149 -0.16130668 -0.10486194
v 0.03854620 -0.14018807 -0.09639147
v 0.01218016 -0.08913234 -0.05227443
v 0.00323693 -0.07825747 -0.03462395
v 0.00433775 -0.06676379 -0.01098394
v 0.00605599 -0.06200600 0.00675147
v -0.00775746 -0.49006200 0.06011800
v -0.02128188 -0.50906485 0.05432446
v -0.16470599 -0.58898896 0.02274255
v -0.14841715 -0.60417581 0.01311581
v -0.16469726 -0.61475915 0.00270916
v -0.17987415 -0.60152531 0.01187900
v -0.18828265 -0.60683846 0.00675116
v -0.17331359 -0.61862493 -0.00300234
v -0.23738667 -0.62868565 -0.03083672
v -0.22660261 -0.62463588 -0.02289548
v 0.01603147 -0.06401697 0.03151567
v 0.01868103 -0.06337830 0.04321095
v 0.01820056 -0.06228733 0.02192375
v 0.03695515 -0.03551525 -0.03228253
v 0.03735746 -0.05288363 -0.04022107
v 0.02526277 -0.04977214 -0.01252178
v 0.02743214 -0.03578544 -0.00390158
v 0.22952817 -0.10843539 0.00813599
v 0.21474603 -0.09852159 -0.03243931
v 0.13543886 -0.07021466 0.13494618
v -0.12936141 -0.80609298 -0.26069233
v -0.11567683 -0.78316528 -0.24890700
v -0.11161590 -0.79536664 -0.23884647
v -0.12628356 -0.81776166 -0.25061592
v -0.06735089 -0.56917113 0.03815649
v -0.04569242 -0.55303478 0.03803062
v -0.18704706 -0.62643903 -0.11740325
v -0.17306200 -0.66008782 -0.10922463
v -0.17316172 -0.65285337 -0.10526333
v -0.17549385 -0.63935959 -0.12691757
v -0.17664488 -0.64533591 -0.13028380
v -0.10707223 -0.68051100 -0.06635636
v -0.10818301 -0.67419791 -0.05619651
v -0.12494550 -0.67660165 -0.06224280
v -0.12326518 -0.68191922 -0.07012474
v 0.11004613 -0.22893707 0.18783529
v 0.07950975 -0.22218865 0.19609661
v 0.01460315 -0.42850015 0.08993604
v 0.00062085 -0.44788173 0.08275522
v 0.01999926 -0.45204255 0.07522375
v 0.03545969 -0.43190336 0.08268225
v -0.03741381 -0.57348913 0.01470884
v -0.01855348 -0.56387514 0.00371344
v -0.12476084 -0.39964432 -0.18238743
v -0.11881515 -0.41111466 -0.19352758
v -0.13005042 -0.42837870 -0.19211453
v -0.13848342 -0.41675895 -0.18242341
v -0.10180144 -0.78152376 -0.19220813
v -0.09898477 -0.78060091 -0.21308656
v -0.08803850 -0.75509989 -0.20306382
v -0.08707966 -0.75542676 -0.18826905
v 0.20596494 -0.10360458 0.10084406
v 0.22634672 -0.11800870 0.05715435
v 0.06991630 -0.47072220 -0.02183576
v 0.08102205 -0.45217493 -0.01505622
v 0.07016039 -0.46181494 0.00810631
v 0.05955289 -0.47997901 0.00138533
v 0.03309983 -0.51313883 -0.05321442
v 0.04129612 -0.49833140 -0.04240896
v 0.02649415 -0.53095233 -0.06273566
v -0.06212735 -0.66230470 -0.15632080
v -0.05538886 -0.64763385 -0.14739485
v -0.05226275 -0.65391445 -0.14229569
v 0.05706403 -0.04031309 -0.05631702
v 0.05987536 -0.10372818 -0.07610425
v 0.04974206 -0.11194113 -0.08313106
v 0.01225254 -0.06213382 0.02122750
v 0.00708544 -0.05982712 0.01773297
v -0.20256460 -0.61218369 -0.12971386
v -0.20217752 -0.62556064 -0.11698951
v -0.09990159 -0.70627588 -0.20577265
v -0.09238775 -0.68622339 -0.18825845
v -0.03568868 -0.60976052 -0.13149980
v -0.04876213 -0.62667161 -0.14393950
v -0.05600194 -0.61949438 -0.15271315
v -0.04337614 -0.60103232 -0.14324009
v -0.03239060 -0.61796904 -0.12189640
v -0.04489897 -0.63321751 -0.13583919
v -0.13120420 -0.57419312 -0.18791994
v -0.14449872 -0.59382570 -0.18266064
v -0.14843735 -0.58728534 -0.17806305
v -0.13511398 -0.56631744 -0.18508020
v -0.13619155 -0.55271441 -0.18217245
v -0.14914933 -0.57596260 -0.17406388
v -0.15096757 -0.56133151 -0.17150253
v -0.14030735 -0.53869838 -0.17980179
v -0.18208936 -0.60119081 -0.13244396
v -0.18636319 -0.57781041 -0.14057815
v -0.19254825 -0.55743885 -0.14396237
v -0.20105001 -0.54044658 -0.14371487
v -0.21324985 -0.62057257 -0.01542053
v -0.19882208 -0.63290960 -0.02705160
v -0.19047672 -0.62635022 -0.01695473
v -0.20328486 -0.61555874 -0.00750796
v -0.22045828 -0.60692358 0.00128204
v -0.22999895 -0.61274827 -0.00556812
v -0.20447564 -0.59401453 -0.13494788
v -0.21179810 -0.57749325 -0.13938701
v -0.21331435 -0.55732632 -0.13785538
v -0.21267903 -0.79681724 -0.19519933
v -0.20429623 -0.77712268 -0.18040547
v -0.21304201 -0.64708942 -0.08514518
v -0.20671123 -0.63750446 -0.10166005
v -0.20048943 -0.81064379 -0.18743114
v -0.19217312 -0.79116464 -0.17275006
v -0.17000589 -0.61674130 -0.14763276
v -0.17015794 -0.62439740 -0.14831519
v -0.17530578 -0.63258255 -0.12511396
v -0.20807546 -0.59690547 -0.13798775
v -0.21625516 -0.58269501 -0.14373359
v 0.22442676 -0.14340389 -0.00682148
v 0.20923796 -0.13173240 -0.04371625
v 0.09857646 -0.40338019 -0.05825069
v 0.09273837 -0.38480163 -0.07978240
v -0.06535656 -0.29148540 -0.13237047
v -0.05642916 -0.27643555 -0.12867941
v -0.03563981 -0.28686056 -0.13743104
v -0.04489361 -0.30304599 -0.14119139
v -0.09902073 -0.33997580 -0.13510358
v -0.08765059 -0.32426018 -0.13512525
v -0.23660414 -0.56879514 -0.15041842
v 0.00139257 -0.26569000 -0.13545604
v -0.00662957 -0.28306335 -0.13806875
v -0.02749762 -0.27140567 -0.13367894
v -0.01998227 -0.25331712 -0.12982661
v -0.02138317 -0.22815543 -0.12509757
v -0.02032977 -0.21954197 -0.12238720
v 0.01850071 -0.12427688 -0.08636743
v 0.00509873 -0.12387630 -0.08275649
v -0.18949084 -0.69898140 -0.17728955
v -0.19695055 -0.71117651 -0.16058722
v -0.19462824 -0.69840938 -0.15819103
v -0.18570451 -0.68715858 -0.17484404
v 0.04197189 -0.29560649 -0.12925856
v 0.02138545 -0.27963504 -0.13543811
v -0.06927268 -0.55881321 -0.17530397
v -0.05649729 -0.56505114 -0.16152683
v -0.09611230 -0.36786133 -0.15112352
v -0.11244120 -0.42317358 -0.20152462
v -0.12224060 -0.43928143 -0.19888118
v -0.10491946 -0.43505591 -0.20826647
v -0.11399932 -0.45140356 -0.20449254
v 0.00914564 -0.05887994 0.03001760
v 0.01397101 -0.06479156 0.03435508
v -0.11149704 -0.74415952 -0.12809935
v -0.10368749 -0.74295956 -0.13499090
v -0.09629214 -0.73184848 -0.12977159
v -0.10485743 -0.73467243 -0.12273210
v 0.02777967 -0.02604297 0.03782740
v 0.02626034 -0.04070538 0.02749993
v 0.04846092 -0.06538346 0.10826507
v 0.03066504 -0.06307733 0.09100168
v 0.02529781 -0.06394523 0.09927326
v 0.02708735 -0.06659606 0.10983784
v 0.08602746 0.01310349 -0.05898804
v 0.08754368 -0.01785821 -0.06706272
v 0.08667928 0.04299355 -0.04942361
v 0.08665143 0.07274798 -0.03982480
v 0.09926256 0.24215433 0.03810387
v 0.10748897 0.26980138 0.04092205
v 0.10468595 0.35496187 0.07115874
v 0.10249392 0.38626176 0.08209679
v 0.10004386 0.42012906 0.09267248
v 0.09569357 0.48688847 0.11189968
v 0.09761169 0.45497125 0.10304134
v -0.18594846 -0.82275736 -0.18627086
v -0.17125709 -0.83212179 -0.19107220
v -0.15871453 -0.81100172 -0.17556764
v -0.17518109 -0.80177796 -0.17024386
v -0.12828083 -0.73885190 -0.24104343
v -0.13739413 -0.75942624 -0.25524214
v -0.15357050 -0.75054014 -0.25232586
v -0.14426982 -0.72985041 -0.23769987
v -0.14742492 -0.78154272 -0.26888514
v -0.12385309 -0.77030993 -0.25428501
v -0.13577828 -0.79355228 -0.26696727
v -0.12831052 -0.82724082 -0.23756231
v -0.11296889 -0.80425233 -0.22569305
v -0.11941105 -0.80973494 -0.20945419
v -0.13558306 -0.83292019 -0.22292279
v -0.15773278 -0.83651453 -0.20004998
v -0.14571257 -0.83625841 -0.21109757
v -0.13169982 -0.81530190 -0.19679058
v -0.14531732 -0.81593037 -0.18534081
v -0.19352189 -0.76441491 -0.24932203
v -0.18482970 -0.74203134 -0.23557146
v -0.17037418 -0.74472487 -0.24545012
v -0.17932022 -0.76618648 -0.25941953
v -0.19436535 -0.72729564 -0.14465454
v -0.19260159 -0.71376514 -0.14042470
v -0.10505401 -0.62241662 -0.18628171
v -0.11413951 -0.64221913 -0.18357746
v -0.13527822 -0.64547998 -0.19030942
v -0.12537065 -0.62770498 -0.19334796
v -0.20261730 -0.74145734 -0.17987877
v -0.19871563 -0.75849783 -0.16617751
v -0.19581835 -0.74062699 -0.15294260
v -0.19907621 -0.72456336 -0.16831633
v -0.17575802 -0.72038352 -0.22233047
v -0.16791980 -0.70035154 -0.21007784
v -0.15181082 -0.70331639 -0.21680641
v -0.16115308 -0.72364902 -0.23129077
v -0.08957765 -0.74524915 -0.21440679
v -0.09942569 -0.77075613 -0.22704044
v -0.16961968 -0.67773318 -0.18634760
v -0.17554387 -0.68950611 -0.19147415
v -0.05724584 -0.54397500 -0.17452133
v -0.03355654 -0.58580685 -0.13540250
v -0.02319260 -0.57030088 -0.12807170
v -0.02953950 -0.44298980 -0.19536868
v -0.04180045 -0.45325702 -0.20513703
v -0.00650550 -0.52557874 -0.13846605
v 0.00636543 -0.50676763 -0.13655880
v -0.03770999 -0.46182460 -0.20194879
v -0.02756283 -0.45708510 -0.19447273
v -0.01344012 -0.38256940 -0.14692402
v -0.20731574 -0.55005580 -0.13955390
v -0.18225190 -0.70486724 -0.19950853
v -0.19371432 -0.71345663 -0.18482819
v -0.07817121 -0.73467427 -0.18244849
v -0.07877602 -0.72973049 -0.19199438
v -0.07232074 -0.70706940 -0.17917086
v -0.07134132 -0.71434557 -0.17418452
v -0.03426677 -0.60814822 -0.03296172
v -0.02309456 -0.60078222 -0.03916979
v -0.01996182 -0.58077288 -0.01552898
v -0.03387617 -0.58918834 -0.00773188
v -0.13076147 -0.74794626 -0.11873961
v -0.12652437 -0.73893327 -0.11217040
v -0.14163905 -0.73979980 -0.11234368
v -0.14479738 -0.74935383 -0.11927909
v -0.16029936 -0.73707038 -0.11548216
v -0.18036114 -0.72937781 -0.12442785
v -0.18285748 -0.74036133 -0.13023227
v -0.16370565 -0.74757040 -0.12211719
v 0.21866573 -0.18713784 0.01985393
v 0.21527147 -0.19760062 0.05823854
v 0.09996951 -0.27710399 -0.09270717
v 0.11889766 -0.29427254 -0.07765467
v 0.10295735 -0.18923700 -0.09659146
v 0.02415761 -0.06454301 -0.02059378
v 0.03856649 -0.07382733 -0.05001896
v 0.03376498 -0.00311089 0.05226598
v 0.21456517 -0.17408904 -0.01520746
v 0.04909189 0.05107698 0.06957173
v 0.04120500 0.02329409 0.06210664
v 0.11033916 0.03895995 0.13348222
v 0.10280401 0.00887823 0.13441268
v 0.13573295 0.00775671 0.13514644
v 0.13967879 0.03720230 0.13367915
v 0.16717276 0.00811279 0.12439402
v 0.16845098 0.03711495 0.12293366
v 0.14419524 0.12537980 -0.03325047
v 0.14003095 0.32387409 0.17634201
v 0.15796667 0.36192241 0.17498894
v 0.13532914 0.35881370 0.18089372
v 0.16412023 0.32602045 0.16985163
v 0.18706228 0.29847929 0.14617422
v 0.18322086 0.33125335 0.15439095
v 0.17541945 0.38762981 0.08639550
v 0.13132603 0.39530379 0.18188304
v 0.15119424 0.39944136 0.17649832
v 0.17683727 0.36684120 0.15986484
v 0.16766554 0.40370196 0.16377077
v 0.02305409 -0.05134812 0.01696130
v 0.03242811 -0.06971481 0.12760824
v 0.18002553 -0.12526658 -0.06793675
v 0.18561992 -0.09466562 -0.06258119
v 0.08783286 -0.11133841 -0.08234358
v 0.11814225 -0.12834093 -0.08712794
v 0.06899528 -0.34809700 -0.10939460
v 0.05239151 -0.33126765 -0.11996436
v 0.04609534 -0.38493291 -0.12077053
v 0.05941332 -0.36658782 -0.11451074
v 0.07191274 -0.38529235 -0.10252085
v 0.05833665 -0.40364853 -0.10877414
v 0.07356320 -0.44150490 -0.07108626
v 0.08605479 -0.42242759 -0.06374191
v 0.08667410 -0.43906042 -0.03991381
v 0.07436503 -0.45809931 -0.04699324
v 0.09476523 -0.43360481 -0.00934631
v 0.10029592 -0.41989875 -0.03414557
v 0.02426109 -0.47271043 0.05650350
v 0.01062281 -0.49200583 0.04862657
v 0.02777590 -0.49093670 0.03560205
v 0.04119342 -0.47164416 0.04297197
v 0.03440797 -0.11980990 -0.08717489
v 0.01952474 -0.06274158 0.00297180
v 0.08829548 -0.04616591 -0.07278901
v 0.12169989 -0.08272308 -0.08113293
v 0.15579855 -0.08829051 -0.07743395
v -0.10326780 -0.68038839 -0.18888773
v -0.03822702 -0.63461852 -0.08746070
v -0.04525419 -0.64247841 -0.08639728
v -0.18367592 -0.75447500 -0.14151634
v -0.16509116 -0.76116180 -0.13461462
v -0.15935814 -0.68378317 -0.19939797
v -0.19165213 -0.68849862 -0.15935051
v -0.17833482 -0.66617894 -0.17800461
v -0.18199429 -0.67618310 -0.17566647
v 0.13533922 -0.18818791 -0.08301248
v 0.14136180 -0.16512978 -0.08360899
v 0.16804507 -0.18042825 -0.07134980
v 0.02370677 -0.06302497 0.07552705
v 0.02153488 -0.06132558 0.08134662
v 0.06205214 -0.09154290 -0.07102536
v 0.06167073 0.10494852 0.08302750
v 0.05545466 0.07915473 0.07566912
v 0.06702127 0.12910032 0.09045829
v 0.07092787 0.15063629 0.09641306
v 0.07642582 0.17257395 0.10338733
v 0.08533454 0.19571978 0.10800596
v 0.09210884 0.21764603 0.10860191
v 0.09229919 0.24229348 0.11664782
v 0.07676372 0.30488500 0.12272179
v 0.08882609 0.26935866 0.12791558
v 0.08500362 0.29893097 0.13976634
v 0.08216722 0.33050427 0.15000063
v 0.08096696 0.39759198 0.15955772
v 0.07962873 0.36261573 0.15608016
v 0.08097966 0.43268797 0.16264653
v 0.07921845 0.46728188 0.16631961
v 0.01594657 -0.06261349 0.04391854
v 0.01975012 -0.06280515 0.05940204
v -0.16993314 -0.60788602 -0.14720328
v -0.05573018 -0.59289926 -0.15551755
v -0.06720385 -0.61180675 -0.16278359
v -0.15107642 -0.67008579 -0.19162463
v 0.03847979 -0.08039537 0.14768599
v 0.04296577 -0.09665564 0.16834904
v -0.13144283 -0.79625809 -0.17278835
v -0.14535177 -0.79184198 -0.16142701
v -0.14176019 -0.68521029 -0.20153694
v -0.09117331 -0.62427521 -0.17576294
v -0.09860776 -0.64237416 -0.17701660
v -0.32514244 -0.86231220 -0.23513639
v -0.34312767 -0.85650098 -0.23739249
v -0.34459907 -0.86831015 -0.24093291
v -0.32594347 -0.87451875 -0.23957473
v -0.32286540 -0.84904397 -0.23533452
v -0.34049314 -0.84418857 -0.23851800
v -0.31060719 -0.81953651 -0.29046407
v -0.33104187 -0.82120776 -0.29274017
v -0.33114892 -0.81815827 -0.27886569
v -0.31121278 -0.81764150 -0.27651897
v -0.35482377 -0.82930255 -0.24705681
v -0.33744413 -0.83293694 -0.24389260
v -0.33437049 -0.82439655 -0.25351590
v -0.35216922 -0.82241529 -0.25661746
v -0.31249434 -0.84250116 -0.31049725
v -0.29167679 -0.84016830 -0.31031162
v -0.29299545 -0.85558283 -0.31202054
v -0.31394792 -0.85716003 -0.31088173
v -0.23337559 -0.82359689 -0.27404770
v -0.22188322 -0.82443810 -0.26993242
v -0.21720187 -0.82510829 -0.28332299
v -0.23047493 -0.82465708 -0.28793460
v -0.28824562 -0.87383664 -0.22966442
v -0.30643246 -0.86770916 -0.23238885
v -0.30668557 -0.88013482 -0.23816556
v -0.28693753 -0.88595283 -0.23755132
v -0.27896255 -0.83257759 -0.24377930
v -0.26066861 -0.83759600 -0.24062170
v -0.25611460 -0.82828104 -0.25269511
v -0.27464175 -0.82379425 -0.25677839
v -0.26707298 -0.89137322 -0.23704132
v -0.27060819 -0.88049245 -0.22811301
v -0.31597978 -0.82651228 -0.25018463
v -0.29748657 -0.82880104 -0.24715295
v -0.29346141 -0.82124537 -0.25939476
v -0.31281227 -0.82026315 -0.26242164
v -0.35255927 -0.84457922 -0.30757982
v -0.33295134 -0.84411168 -0.30963609
v -0.33405662 -0.85763192 -0.30891144
v -0.35389942 -0.85702908 -0.30593431
v -0.35086268 -0.81933177 -0.26849926
v -0.33204842 -0.81990439 -0.26551500
v -0.35033900 -0.81875521 -0.28130385
v -0.36284935 -0.87799561 -0.26170933
v -0.34301454 -0.88421839 -0.26343632
v -0.34417659 -0.87768978 -0.25033978
v -0.36324033 -0.87127542 -0.25016147
v -0.27011466 -0.81936485 -0.28452653
v -0.29028031 -0.81905258 -0.28807840
v -0.29123196 -0.81773204 -0.27364141
v -0.27146494 -0.81924415 -0.27049345
v -0.28686774 -0.85879815 -0.22835281
v -0.30472785 -0.85366124 -0.23206647
v -0.32290053 -0.88996673 -0.26534081
v -0.30208212 -0.89454621 -0.26699394
v -0.30439943 -0.88949466 -0.25022417
v -0.32467744 -0.88378972 -0.25037584
v -0.27721035 -0.89388770 -0.28537920
v -0.29906544 -0.89181262 -0.28313339
v -0.29640949 -0.88268322 -0.29697096
v -0.27423027 -0.88311446 -0.29876232
v -0.24893221 -0.82425374 -0.29354987
v -0.24994749 -0.82082170 -0.27913064
v -0.27021533 -0.83786142 -0.30865568
v -0.24844904 -0.83531481 -0.30596277
v -0.24868526 -0.85128951 -0.31033626
v -0.27128893 -0.85370553 -0.31181845
v -0.24090028 -0.85968733 -0.22677870
v -0.25059956 -0.85633862 -0.22753155
v -0.25374717 -0.87122011 -0.22329536
v -0.24193385 -0.87448061 -0.22299246
v -0.25298780 -0.88562262 -0.22720648
v -0.23893514 -0.88802415 -0.22693202
v -0.20971796 -0.88725603 -0.23055087
v -0.21869817 -0.89372993 -0.23542130
v -0.20797709 -0.89485347 -0.24639449
v -0.19846614 -0.88843054 -0.24040963
v -0.23202619 -0.89431715 -0.28999922
v -0.25475639 -0.89515668 -0.28846502
v -0.25169006 -0.88235891 -0.30107370
v -0.22761472 -0.88066465 -0.30165711
v -0.20583861 -0.86115181 -0.30459592
v -0.22564799 -0.86475086 -0.30765817
v -0.22670822 -0.84875226 -0.30792004
v -0.20953609 -0.84580821 -0.30402350
v -0.16052198 -0.83196378 -0.28482351
v -0.17199898 -0.84211445 -0.29081881
v -0.17813602 -0.83010697 -0.29318199
v -0.16866231 -0.82051492 -0.28751859
v -0.19846046 -0.81291282 -0.28167921
v -0.21039024 -0.81203943 -0.27138236
v -0.20643453 -0.80122626 -0.26857659
v -0.19339782 -0.80298233 -0.27910891
v -0.22533996 -0.83771026 -0.21864857
v -0.22746876 -0.84788525 -0.22283998
v -0.22168717 -0.86117125 -0.21675175
v -0.21617755 -0.85088313 -0.21075147
v -0.21191767 -0.89208972 -0.28965861
v -0.20430356 -0.87730354 -0.30101112
v -0.20307034 -0.81989515 -0.28141737
v -0.20905122 -0.82396668 -0.28184626
v -0.21661095 -0.82353127 -0.26993781
v -0.21289244 -0.81953186 -0.27030578
v -0.22805214 -0.83026296 -0.24741073
v -0.22885680 -0.83462566 -0.24646138
v -0.23197922 -0.84550214 -0.23568778
v -0.22989757 -0.84152341 -0.23555674
v -0.23027489 -0.85411191 -0.22576188
v -0.23397706 -0.85853910 -0.22612277
v -0.23318408 -0.87288886 -0.22224076
v -0.22696070 -0.86804247 -0.22073190
v -0.19901229 -0.88959122 -0.28440484
v -0.18875784 -0.88558012 -0.28002077
v -0.19321695 -0.88954687 -0.26910076
v -0.20403220 -0.89384282 -0.27229914
v -0.19705331 -0.84212631 -0.29932576
v -0.19368976 -0.85593152 -0.29894343
v -0.23303431 -0.83660865 -0.24709162
v -0.22377327 -0.82777011 -0.25726479
v -0.22813444 -0.82862049 -0.25840348
v -0.22774540 -0.88584149 -0.22534584
v -0.15602279 -0.84281027 -0.27928740
v -0.14371926 -0.82802337 -0.27132979
v -0.14181627 -0.83861160 -0.26186883
v -0.15421374 -0.85267806 -0.27086949
v -0.14983249 -0.81625617 -0.27735943
v -0.15915304 -0.80437118 -0.27947193
v -0.20132852 -0.78545344 -0.26076114
v -0.18757585 -0.78723860 -0.27158344
v -0.21326900 -0.78790522 -0.24871944
v -0.21825379 -0.80460048 -0.25699452
v -0.22684506 -0.81086957 -0.24414249
v -0.22208792 -0.79315567 -0.23553473
v -0.21915112 -0.81848633 -0.20773955
v -0.20858392 -0.83267891 -0.20146461
v -0.20475101 -0.86136770 -0.21148695
v -0.19557406 -0.84465957 -0.20070347
v -0.18701591 -0.81920111 -0.28973266
v -0.19366430 -0.82565868 -0.29083124
v -0.32012975 -0.88864803 -0.28122067
v -0.34084988 -0.88444090 -0.27831331
v -0.33796978 -0.87844664 -0.29181212
v -0.31734228 -0.88128680 -0.29453480
v -0.33567369 -0.86939365 -0.30224538
v -0.35557342 -0.86734635 -0.29895490
v -0.30142987 -0.84027743 -0.23740503
v -0.31978139 -0.83666342 -0.24058044
v -0.35775936 -0.83887398 -0.24107552
v -0.23751125 -0.84681165 -0.23679638
v -0.24595265 -0.84340405 -0.23778376
v -0.18997505 -0.88595486 -0.25231567
v -0.18024254 -0.87889558 -0.24469797
v -0.18969829 -0.88057852 -0.23380296
v -0.21724418 -0.89820921 -0.27329949
v -0.21969448 -0.89926910 -0.25463635
v -0.24180159 -0.90055799 -0.25321791
v -0.23626137 -0.90100610 -0.27129236
v -0.17860371 -0.87974292 -0.27544162
v -0.16780065 -0.87200248 -0.26886472
v -0.17309527 -0.87675619 -0.25683075
v -0.18336636 -0.88404512 -0.26383114
v -0.22912911 -0.82290995 -0.23025034
v -0.22973821 -0.83426118 -0.23413195
v -0.17036787 -0.85656148 -0.21500053
v -0.18274951 -0.85354495 -0.20654163
v -0.19302598 -0.86841643 -0.21727103
v -0.18119308 -0.87013733 -0.22528844
v -0.20129293 -0.87870711 -0.22463369
v -0.15902109 -0.85574758 -0.22510105
v -0.17080173 -0.86929965 -0.23608756
v -0.22433549 -0.80352163 -0.22092076
v -0.15658559 -0.86119038 -0.26024178
v -0.14410788 -0.84721017 -0.24996303
v -0.15045536 -0.85269219 -0.23690072
v -0.16265662 -0.86632764 -0.24784561
v -0.31522918 -0.87049121 -0.30491942
v -0.29440093 -0.87045485 -0.30700344
v -0.21250463 -0.83170551 -0.29643562
v -0.22789526 -0.83322912 -0.30133712
v -0.20155860 -0.82979608 -0.29236344
v -0.31131852 -0.82879239 -0.30364379
v -0.33172047 -0.83069766 -0.30403253
v -0.26941779 -0.82506335 -0.29900321
v -0.29053062 -0.82673573 -0.30190220
v -0.28052199 -0.89840037 -0.26880038
v -0.17994384 -0.86096507 -0.29112196
v -0.19022839 -0.86747301 -0.29548126
v -0.18304712 -0.85004741 -0.29476082
v -0.17280996 -0.79371953 -0.27792600
v -0.18008825 -0.80959773 -0.28539136
v -0.19515385 -0.88229907 -0.29253855
v -0.16333842 -0.77198040 -0.26535431
v -0.23091461 -0.89727432 -0.23882279
v -0.21269003 -0.87210160 -0.21761771
v -0.22015141 -0.87999249 -0.22301885
v -0.36247507 -0.86189693 -0.24199554
v -0.28315204 -0.84443736 -0.23378733
v -0.24127792 -0.83382952 -0.25078490
v -0.23720323 -0.82676572 -0.26170766
v -0.16819552 -0.85389340 -0.28697392
v -0.16622147 -0.86378610 -0.27996051
v -0.17776723 -0.87118584 -0.28557900
v -0.22100919 -0.81609601 -0.25936100
v -0.22862771 -0.82225549 -0.24752800
v -0.35131025 -0.83217400 -0.30368653
v -0.22161368 -0.82275963 -0.25897279
v -0.24824360 -0.89597905 -0.23801282
v -0.17259344 -0.59523487 0.01758708
v -0.18048635 -0.57785857 0.02966169
v -0.18837312 -0.58433986 0.02383788
v 0.01482829 -0.48779845 -0.13339318
v -0.00393534 -0.42346734 -0.14162084
v 0.00771058 -0.44166815 -0.13511264
v -0.04509846 -0.57576883 -0.14918399
v -0.03337638 -0.55827570 -0.14295577
v -0.08675871 -0.64579111 -0.17278378
v -0.07807183 -0.62964594 -0.16753873
v -0.01796361 -0.51398361 -0.15944302
v -0.23417839 -0.73604834 -0.12065201
v -0.23293255 -0.72995007 -0.11731296
v -0.23776546 -0.74948299 -0.12211691
v -0.02637609 -0.23836356 -0.12533048
v -0.03313674 -0.21517447 -0.11670911
v -0.03288012 -0.20846297 -0.11397545
v -0.22536838 -0.72042459 -0.13440120
v -0.22553736 -0.71532786 -0.12890920
v -0.22343212 -0.71842349 -0.13168220
v -0.22588515 -0.72189724 -0.13687761
v -0.22575560 -0.72090876 -0.13646665
v -0.23804808 -0.75057501 -0.13326898
v -0.23262370 -0.72218025 -0.11624171
v -0.23058558 -0.71320140 -0.11670372
v -0.23408145 -0.73651785 -0.13720068
v 0.05783678 -0.35979411 0.12125699
v 0.07087000 -0.33814117 0.13379890
v 0.04359698 -0.33436805 0.14235222
v 0.03202463 -0.35477203 0.12873606
v 0.02282741 -0.31106669 0.16291526
v 0.01427990 -0.33137345 0.15037647
v 0.05602432 -0.31190157 0.15599039
v 0.18209080 -0.28734297 0.09801166
v 0.17172618 -0.30963761 0.09015770
v 0.18343179 -0.30893600 0.06091841
v 0.19344606 -0.28603458 0.06750757
v 0.17881240 -0.32077795 0.02721662
v 0.18910778 -0.30362588 0.03009865
v 0.17138663 -0.32758841 0.05587928
v 0.17786957 -0.31037775 -0.00286278
v 0.18688056 -0.29238108 0.00059978
v 0.16939107 -0.29649243 -0.02955521
v 0.17847513 -0.27853578 -0.02575368
v 0.16507129 -0.26335204 -0.04825902
v 0.14604302 -0.24680634 -0.06817993
v 0.12982711 -0.20903715 -0.08440161
v 0.12296633 -0.22751428 -0.08509083
v 0.09798757 -0.20939268 -0.09784988
v 0.07099902 -0.19243862 -0.10741587
v 0.04368860 -0.17997245 -0.11172236
v 0.01812184 -0.17215845 -0.10991397
v -0.00476606 -0.16678584 -0.10576499
v -0.02361212 -0.16364774 -0.10002315
v -0.01793939 -0.14942397 -0.09262469
v -0.16145454 -0.58423913 -0.16082826
v -0.18025321 -0.66185802 -0.06263540
v -0.17697665 -0.66220862 -0.08321329
v -0.17090048 -0.66523927 -0.06344937
v -0.10881428 -0.66620064 -0.04229038
v -0.11212890 -0.65508074 -0.02662678
v -0.12529528 -0.66044426 -0.03384510
v -0.12516820 -0.67099589 -0.05015636
v -0.17566788 -0.65564185 -0.04856275
v -0.18344755 -0.65236366 -0.04863370
v -0.16551951 -0.65916759 -0.04712195
v -0.16533887 -0.64767206 -0.03349621
v -0.17105478 -0.63562489 -0.02110491
v -0.16051959 -0.67218781 -0.09076534
v -0.15880413 -0.67876160 -0.09871836
v -0.14093561 -0.68452251 -0.08534996
v -0.14226158 -0.67989051 -0.07738295
v -0.09315588 -0.67535853 -0.06518769
v -0.09323372 -0.68278211 -0.07538544
v -0.08210149 -0.67575556 -0.07688649
v -0.08153461 -0.66768152 -0.06434984
v -0.16949669 -0.70530772 -0.12118571
v -0.17380247 -0.71307325 -0.12236167
v -0.15529981 -0.71980608 -0.10997771
v -0.15082955 -0.71017206 -0.10769650
v -0.10904194 -0.68474090 -0.07694351
v -0.05614093 -0.58479273 0.01772454
v -0.04884942 -0.59908843 -0.00543555
v -0.04428811 -0.61461514 -0.02827474
v -0.05143185 -0.64962232 -0.08533562
v -0.04032538 -0.63189781 -0.06948073
v -0.04832816 -0.64011282 -0.06884556
v -0.05358790 -0.65918183 -0.10009658
v -0.05509850 -0.66815740 -0.11234453
v -0.17407140 -0.65567720 -0.17865810
v -0.15233782 -0.64008564 -0.19231659
v -0.15778166 -0.65413690 -0.18880759
v -0.06272215 -0.68905759 -0.14069583
v -0.06058334 -0.68657649 -0.14444429
v -0.05423899 -0.67381179 -0.13412699
v -0.05566730 -0.67669523 -0.13055840
v -0.16325460 -0.66850293 -0.08476671
v -0.13486123 -0.72214603 -0.10475752
v -0.11929718 -0.72101474 -0.10213211
v -0.11492023 -0.71184582 -0.09816400
v -0.13129267 -0.71211803 -0.10082088
v -0.10491710 -0.71894693 -0.10490412
v -0.09352422 -0.71536452 -0.10953427
v -0.08908687 -0.70493084 -0.10327743
v -0.10085446 -0.70940560 -0.09920960
v -0.06558160 -0.69414461 -0.13577355
v -0.05887594 -0.67955363 -0.12516198
v -0.19003744 -0.70553911 -0.13894753
v -0.17728259 -0.67510366 -0.12558997
v -0.17508407 -0.66681308 -0.11742800
v -0.17899738 -0.65080911 -0.13795742
v -0.18031123 -0.65636820 -0.14574420
v -0.09340255 -0.66336393 -0.17657928
v -0.08459281 -0.66919720 -0.17340755
v -0.07538211 -0.67401087 -0.17040880
v -0.05136251 -0.66236651 -0.13782279
v -0.06999076 -0.68184203 -0.16793831
v -0.14257590 -0.65774274 -0.18839768
v -0.16260782 -0.66598547 -0.18659015
v -0.17157845 -0.63230824 -0.15777202
v -0.17198141 -0.63712955 -0.16657817
v -0.17637198 -0.72097123 -0.12189250
v -0.15670536 -0.72777915 -0.11108264
v -0.07169393 -0.71656978 -0.16033749
v -0.06610253 -0.70137465 -0.15412562
v -0.06742647 -0.70334518 -0.14903590
v -0.04554282 -0.65182370 -0.12140414
v -0.05233039 -0.66859663 -0.13586089
v -0.15936355 -0.68702447 -0.10738428
v -0.12039826 -0.73035574 -0.10681258
v -0.13664490 -0.73129243 -0.10741819
v -0.09683155 -0.69979399 -0.09289265
v -0.09415798 -0.69099069 -0.08448056
v -0.10805713 -0.69369113 -0.08345379
v -0.11031820 -0.70229620 -0.09176395
v -0.08781048 -0.72155654 -0.12347752
v -0.09732290 -0.72549206 -0.11588217
v -0.08476792 -0.68345189 -0.08879483
v -0.08684243 -0.69311619 -0.09758420
v -0.07071329 -0.70618796 -0.14520273
v -0.17134379 -0.62988925 -0.15164527
v -0.16285165 -0.60668898 -0.16766310
v -0.16218451 -0.61350137 -0.17108607
v -0.15967149 -0.61582601 -0.17671871
v -0.15641716 -0.62038493 -0.18435496
v -0.15238212 -0.62721980 -0.19098467
v -0.16091397 -0.59722435 -0.16450627
v -0.18662813 -0.87766409 -0.28935298
v -0.07153027 -0.71733820 -0.16722816
v -0.07848696 -0.73141927 -0.16519472
v -0.07826337 -0.73393679 -0.17278361
v -0.11708881 -0.79287922 -0.18226373
v -0.26835692 -0.63081402 -0.24645652
v -0.26571214 -0.62587452 -0.24349618
v -0.27887741 -0.65208316 -0.24944982
v -0.27733815 -0.64884543 -0.24971911
v -0.19940564 -0.89183408 -0.25812286
v -0.20761041 -0.89545810 -0.26250944
v -0.25848752 -0.90120620 -0.27036387
v -0.26277494 -0.89839971 -0.25198954
v -0.28385890 -0.89463049 -0.25149015
v -0.26934898 -0.86539900 -0.22513106
v -0.26543939 -0.85031360 -0.23018885
v -0.25259572 -0.82288414 -0.26615262
v -0.24932335 -0.86767358 -0.30835384
v -0.39476925 -0.83802831 -0.24154127
v -0.41218835 -0.83097529 -0.24244837
v -0.41531575 -0.84191179 -0.24188960
v -0.39760762 -0.84944987 -0.24270520
v -0.42812282 -0.82354546 -0.24351861
v -0.40923589 -0.82201564 -0.24764167
v -0.42500913 -0.81659281 -0.25005668
v -0.40695307 -0.81637466 -0.25525802
v -0.42323813 -0.81294042 -0.25793248
v -0.42257154 -0.81222677 -0.26695263
v -0.40587685 -0.81420225 -0.26470062
v -0.40612325 -0.81613845 -0.27459934
v -0.42329222 -0.81547517 -0.27591646
v -0.38823316 -0.82017320 -0.28359905
v -0.38914239 -0.82573891 -0.29341799
v -0.40839052 -0.82719088 -0.29183209
v -0.40712059 -0.82104570 -0.28393650
v -0.43027258 -0.84446180 -0.29432726
v -0.41154039 -0.84503353 -0.29839182
v -0.41323707 -0.85398012 -0.29429102
v -0.43182480 -0.85205036 -0.29026541
v -0.39829832 -0.86783814 -0.28055465
v -0.41755176 -0.86489189 -0.27624860
v -0.41514623 -0.86049551 -0.28581691
v -0.39556086 -0.86285406 -0.29124013
v -0.43531859 -0.86237669 -0.27295542
v -0.41851753 -0.86510342 -0.26500446
v -0.43545496 -0.86107552 -0.26202273
v -0.37494254 -0.83315110 -0.24281034
v -0.37764883 -0.84461707 -0.24036768
v -0.36043566 -0.85040283 -0.23915039
v -0.38822246 -0.81647736 -0.26221088
v -0.38966206 -0.82035291 -0.25270170
v -0.37217903 -0.82426202 -0.24975002
v -0.37027764 -0.81909406 -0.25959393
v -0.35053852 -0.82244444 -0.29376009
v -0.36998007 -0.82433301 -0.29398334
v -0.36924702 -0.81950641 -0.28260201
v -0.38777560 -0.81694436 -0.27267221
v -0.36939168 -0.81804496 -0.27073544
v -0.39048386 -0.83446312 -0.30010980
v -0.40983900 -0.83555210 -0.29725647
v -0.39981532 -0.85901612 -0.24843429
v -0.41758856 -0.85231191 -0.24667457
v -0.41859105 -0.85987556 -0.25512338
v -0.40068838 -0.86575419 -0.25744939
v -0.37089655 -0.83355361 -0.30191097
v -0.38165307 -0.86515403 -0.24939391
v -0.38205534 -0.87170255 -0.25972328
v -0.39996117 -0.86959702 -0.26848105
v -0.38080132 -0.87421477 -0.27201477
v -0.43370312 -0.84579343 -0.24520768
v -0.43142304 -0.83470321 -0.24152306
v -0.38013974 -0.85601979 -0.24238667
v -0.39197513 -0.84514511 -0.30195364
v -0.37224364 -0.84481329 -0.30485791
v -0.37383252 -0.85635591 -0.30234995
v -0.39363402 -0.85533369 -0.29872185
v -0.35769057 -0.87437433 -0.28767034
v -0.37837356 -0.87097216 -0.28470841
v -0.37568831 -0.86481887 -0.29508549
v -0.43329686 -0.85839981 -0.28214884
v -0.36090276 -0.87926960 -0.27522525
v -0.50060833 -0.79810494 -0.27158871
v -0.50307161 -0.78964317 -0.26702410
v -0.49339044 -0.78820211 -0.26922202
v -0.49071085 -0.79760146 -0.27352196
v -0.47142786 -0.78288221 -0.27296299
v -0.47769317 -0.77441734 -0.26663634
v -0.47025156 -0.77325183 -0.26060992
v -0.46242952 -0.78121799 -0.26658988
v -0.50480366 -0.78293818 -0.26076013
v -0.49526370 -0.78104997 -0.26379886
v -0.50298512 -0.78094792 -0.25361750
v -0.51346290 -0.78425765 -0.25789538
v -0.51291853 -0.78512698 -0.25078347
v -0.52191913 -0.78628236 -0.25032377
v -0.52176994 -0.79344022 -0.24565957
v -0.50880927 -0.79338026 -0.24380842
v -0.50833297 -0.81780481 -0.24818286
v -0.52218831 -0.81323123 -0.25012738
v -0.52159142 -0.82217449 -0.25496554
v -0.50743747 -0.82619894 -0.25305223
v -0.51563358 -0.83533573 -0.26804483
v -0.50254929 -0.83804148 -0.26554793
v -0.50530219 -0.83197308 -0.25922570
v -0.51948202 -0.82799160 -0.26175591
v -0.49777061 -0.81116968 -0.27745298
v -0.49829763 -0.80619490 -0.27467680
v -0.48865512 -0.80700839 -0.27634296
v -0.48787892 -0.81257015 -0.27934766
v -0.49873966 -0.77595168 -0.24496734
v -0.49971217 -0.77475899 -0.24884281
v -0.50239849 -0.78389847 -0.24740067
v -0.49697205 -0.78592825 -0.24341950
v -0.46582952 -0.82209831 -0.29353881
v -0.46394676 -0.81667012 -0.28939986
v -0.45369607 -0.81777352 -0.28731853
v -0.45499006 -0.82422173 -0.29222357
v -0.45154494 -0.79617476 -0.27355540
v -0.44779640 -0.79761022 -0.26085883
v -0.44353059 -0.80310339 -0.26260817
v -0.44884375 -0.80387574 -0.27516976
v -0.45618033 -0.78899366 -0.27121997
v -0.45948821 -0.78395820 -0.25579402
v -0.45245373 -0.79112798 -0.25901264
v -0.46825573 -0.77565289 -0.25197333
v -0.45654497 -0.83413863 -0.29617077
v -0.46382481 -0.83378696 -0.29844314
v -0.57046890 -0.77749354 -0.26540756
v -0.56504500 -0.77822292 -0.26437715
v -0.56628132 -0.78180474 -0.26779050
v -0.57184178 -0.78113824 -0.26885808
v -0.46507064 -0.84992659 -0.28788754
v -0.45885277 -0.84953791 -0.28881168
v -0.46054152 -0.85355383 -0.28048003
v -0.46674371 -0.85219580 -0.27885413
v -0.47368541 -0.85034895 -0.28760919
v -0.47541070 -0.85077882 -0.27762154
v -0.57397181 -0.78128022 -0.25450730
v -0.56830305 -0.78307778 -0.25339386
v -0.56666070 -0.77943689 -0.25620645
v -0.57213211 -0.77781665 -0.25719130
v -0.50965953 -0.79646337 -0.26973590
v -0.51189554 -0.78871250 -0.26509604
v -0.53112543 -0.78753132 -0.26714683
v -0.52894819 -0.78421557 -0.26230833
v -0.52062702 -0.78628129 -0.26352358
v -0.52042997 -0.79330277 -0.26935709
v -0.51699471 -0.81030977 -0.27829158
v -0.51989782 -0.80414242 -0.27501461
v -0.50946325 -0.80635446 -0.27474156
v -0.50706208 -0.81259912 -0.27825376
v -0.50569844 -0.81979412 -0.28636023
v -0.50638741 -0.82311833 -0.29113439
v -0.51491469 -0.82246470 -0.29114377
v -0.51533818 -0.81857067 -0.28604591
v -0.53399158 -0.81337011 -0.28245014
v -0.53356284 -0.81759667 -0.28534508
v -0.54223591 -0.81823927 -0.28374857
v -0.54301447 -0.81376928 -0.28157276
v -0.45281285 -0.85009640 -0.28873476
v -0.45446867 -0.85510248 -0.28131890
v -0.50874704 -0.84566367 -0.28280389
v -0.51770043 -0.84561241 -0.28526407
v -0.51428604 -0.84716505 -0.29455021
v -0.50486088 -0.84709454 -0.29229629
v -0.46882218 -0.85040623 -0.26933622
v -0.46239752 -0.85294652 -0.27039137
v -0.57599127 -0.78609484 -0.25472248
v -0.57031929 -0.78793126 -0.25336376
v -0.47141790 -0.78115010 -0.24371144
v -0.46262926 -0.79099190 -0.24722061
v -0.45530283 -0.79902136 -0.25018370
v -0.45012647 -0.80443060 -0.25165194
v -0.44501728 -0.80794996 -0.25170970
v -0.52651364 -0.79619843 -0.27228463
v -0.50558001 -0.80357283 -0.27303547
v -0.49695325 -0.81446093 -0.27975839
v -0.49625766 -0.83212066 -0.30076200
v -0.49783397 -0.82683200 -0.29597402
v -0.49026752 -0.82577115 -0.29588103
v -0.48839682 -0.83431959 -0.30122599
v -0.50344235 -0.84415370 -0.29961273
v -0.51247263 -0.84335798 -0.30091536
v -0.51266372 -0.83719975 -0.30241108
v -0.50424820 -0.83774298 -0.30207148
v -0.49625480 -0.77539623 -0.24081677
v -0.49048126 -0.78488976 -0.24035120
v -0.46418038 -0.84402263 -0.29530388
v -0.45739818 -0.84336364 -0.29447713
v -0.45162624 -0.84293813 -0.29332942
v -0.47576267 -0.81487685 -0.28518468
v -0.47623551 -0.81152350 -0.28272277
v -0.46245772 -0.80788738 -0.28443134
v -0.46290326 -0.81314135 -0.28698808
v -0.47948408 -0.79550284 -0.27728447
v -0.48316711 -0.78569275 -0.27273369
v -0.46651953 -0.79245442 -0.27853313
v -0.45173028 -0.81188065 -0.28270805
v -0.44432235 -0.81334001 -0.27883863
v -0.44628537 -0.81978917 -0.28491437
v -0.44806409 -0.82697481 -0.29011291
v -0.44997755 -0.83537734 -0.29365474
v -0.43611622 -0.81488293 -0.27736574
v -0.43794870 -0.82120067 -0.28392899
v -0.44010112 -0.82881361 -0.28936186
v -0.44225237 -0.83663952 -0.29246521
v -0.44752645 -0.85884851 -0.27134448
v -0.45560551 -0.85599530 -0.27087903
v -0.44683313 -0.85702598 -0.28194630
v -0.43545413 -0.80845374 -0.26006752
v -0.43536437 -0.81070364 -0.26901108
v -0.44314402 -0.80760986 -0.27098745
v -0.43717247 -0.81101143 -0.25033259
v -0.48236108 -0.76867914 -0.26062495
v -0.48925894 -0.77261156 -0.26084197
v -0.49274483 -0.76773846 -0.25725710
v -0.48752558 -0.76397878 -0.25662524
v -0.52122927 -0.78414279 -0.25633690
v -0.52934128 -0.78342676 -0.25659496
v -0.53047311 -0.78571868 -0.25124347
v -0.47213769 -0.83456254 -0.29986793
v -0.47411770 -0.82470393 -0.29537007
v -0.53457510 -0.79157060 -0.27040905
v -0.56139314 -0.78489447 -0.25223863
v -0.54941624 -0.78725779 -0.25117388
v -0.54735816 -0.78302014 -0.25435933
v -0.55983788 -0.78087443 -0.25519025
v -0.54435074 -0.79476202 -0.27028534
v -0.55187768 -0.79374629 -0.26868400
v -0.54853261 -0.78896642 -0.26934260
v -0.54101259 -0.78995019 -0.26946017
v -0.53224027 -0.82218623 -0.28964049
v -0.53929621 -0.82285804 -0.28816605
v -0.53538561 -0.80756682 -0.25525644
v -0.52158576 -0.80438840 -0.24541321
v -0.53313196 -0.80093712 -0.24802603
v -0.51584452 -0.81497478 -0.28199723
v -0.52466416 -0.81774986 -0.28596354
v -0.52507883 -0.81383109 -0.28258389
v -0.53041852 -0.79775548 -0.27359086
v -0.52758491 -0.80243164 -0.27540684
v -0.53501058 -0.80061924 -0.27478033
v -0.53644347 -0.79538637 -0.27240393
v -0.49210685 -0.84369493 -0.29969519
v -0.49407780 -0.84859192 -0.29000509
v -0.56533760 -0.77769220 -0.26013941
v -0.57078242 -0.77658725 -0.26118535
v -0.44540158 -0.85103315 -0.28914881
v -0.44392142 -0.84400123 -0.29240781
v -0.50589514 -0.81653619 -0.28186989
v -0.50858307 -0.80764806 -0.24443528
v -0.49595958 -0.81760573 -0.28295583
v -0.53227019 -0.83578676 -0.27996209
v -0.53940755 -0.83573288 -0.28010535
v -0.53873503 -0.83423012 -0.28627720
v -0.53178549 -0.83553225 -0.28707692
v -0.56336278 -0.79234368 -0.26767772
v -0.57042634 -0.79132938 -0.26732689
v -0.56843048 -0.78680819 -0.26912847
v -0.56095243 -0.78741330 -0.26888555
v -0.53811955 -0.78607094 -0.26673973
v -0.54614908 -0.78460389 -0.26711011
v -0.54497755 -0.78156090 -0.26297599
v -0.53618073 -0.78301030 -0.26228648
v -0.53670305 -0.78253442 -0.25761789
v -0.54566771 -0.78128010 -0.25843433
v -0.56511784 -0.79539883 -0.26259482
v -0.55413789 -0.79700023 -0.26340845
v -0.55314064 -0.79727918 -0.25593922
v -0.56487685 -0.79439330 -0.25621995
v -0.48947996 -0.84083402 -0.26336563
v -0.50021929 -0.84348404 -0.27306953
v -0.48771530 -0.84597987 -0.27058917
v -0.52732903 -0.83351445 -0.27061105
v -0.52306181 -0.83804941 -0.27972347
v -0.51228058 -0.84113604 -0.27562225
v -0.49755922 -0.84719282 -0.28027856
v -0.54428428 -0.80339694 -0.26564682
v -0.54384482 -0.80721909 -0.26117027
v -0.54364645 -0.80077738 -0.25760096
v -0.49549216 -0.82157016 -0.28884187
v -0.55844957 -0.77904093 -0.25942987
v -0.45891467 -0.82137728 -0.24272352
v -0.46610171 -0.81770974 -0.24314213
v -0.47079319 -0.83034766 -0.24598640
v -0.46230531 -0.83265460 -0.24524978
v -0.55897820 -0.78259927 -0.26732445
v -0.55809015 -0.77930540 -0.26399690
v -0.53226411 -0.82737345 -0.29315031
v -0.53406715 -0.83240950 -0.29364234
v -0.53888947 -0.83189636 -0.29106408
v -0.53845835 -0.82752824 -0.29057980
v -0.48580891 -0.84918249 -0.27783254
v -0.52386469 -0.84631479 -0.28750381
v -0.52150667 -0.84712356 -0.29660678
v -0.47675911 -0.84826809 -0.26883620
v -0.46954149 -0.84548616 -0.25989234
v -0.47804832 -0.84340447 -0.26120001
v -0.53362995 -0.82371438 -0.26543766
v -0.49164623 -0.83547473 -0.25743860
v -0.47973466 -0.83821845 -0.25575143
v -0.47007143 -0.83972692 -0.25313434
v -0.46295786 -0.84188098 -0.25201133
v -0.46322042 -0.84797007 -0.26018697
v -0.56333083 -0.78998142 -0.25235409
v -0.57178319 -0.79234654 -0.25706643
v -0.44724703 -0.85569125 -0.26025116
v -0.45586914 -0.85133398 -0.25998980
v -0.44645679 -0.84912759 -0.25133818
v -0.45554298 -0.84501106 -0.25161690
v -0.48102140 -0.82461309 -0.24496809
v -0.48071945 -0.83212858 -0.24948049
v -0.49452248 -0.82177061 -0.24645922
v -0.49336520 -0.82982588 -0.25154093
v -0.53407133 -0.81818378 -0.25744498
v -0.58579302 -0.78939307 -0.26329786
v -0.58481860 -0.78864753 -0.26742411
v -0.57668763 -0.79031330 -0.26753616
v -0.57804227 -0.79156685 -0.26298130
v -0.57187033 -0.79351586 -0.26270890
v -0.57770509 -0.79047769 -0.25785881
v -0.49436831 -0.81071150 -0.24296528
v -0.54253948 -0.79984277 -0.27331507
v -0.47811273 -0.81099951 -0.24257329
v -0.48530620 -0.79650474 -0.23995703
v -0.49643663 -0.79748911 -0.24074256
v -0.46839958 -0.79981250 -0.24169096
v -0.45994914 -0.80743426 -0.24378899
v -0.44852448 -0.81496650 -0.24513249
v -0.45377314 -0.81197006 -0.24498698
v -0.44072109 -0.81845254 -0.24439554
v -0.47685099 -0.78929299 -0.23973301
v -0.57930237 -0.78064215 -0.27015007
v -0.57796502 -0.77656347 -0.26719701
v -0.45231172 -0.82443154 -0.24209103
v -0.44372594 -0.82872301 -0.24166174
v -0.48684192 -0.77787524 -0.26668319
v -0.48615032 -0.81774414 -0.28445879
v -0.48499262 -0.82046795 -0.28899214
v -0.48261416 -0.82513559 -0.29583976
v -0.48053485 -0.83421797 -0.30108297
v -0.44557130 -0.84036797 -0.24416575
v -0.42498076 -0.82154727 -0.28378642
v -0.42657351 -0.82879674 -0.28977847
v -0.43458351 -0.85446131 -0.25259751
v -0.57811844 -0.77509415 -0.26287508
v -0.54569358 -0.81995761 -0.27819669
v -0.54689485 -0.81763405 -0.27785283
v -0.47656369 -0.76762861 -0.25652179
v -0.48349598 -0.76266104 -0.25277132
v -0.48701715 -0.76681250 -0.24048710
v -0.47902593 -0.77319950 -0.24180973
v -0.47536790 -0.76896256 -0.24878162
v -0.48368585 -0.76374435 -0.24646321
v -0.47550893 -0.81705493 -0.28696093
v -0.47545236 -0.82014275 -0.29028255
v -0.48320723 -0.84964108 -0.28797191
v -0.48152652 -0.84475702 -0.29767939
v -0.53821647 -0.78475672 -0.25311488
v -0.54000086 -0.78956181 -0.25031456
v -0.53191435 -0.79167593 -0.24787961
v -0.55113411 -0.79333115 -0.25120839
v -0.54681957 -0.79844141 -0.26518768
v -0.54530311 -0.80052894 -0.26891416
v -0.47721803 -0.80488962 -0.27988428
v -0.46342608 -0.80084437 -0.28140128
v -0.49756652 -0.77264255 -0.25437871
v -0.49561456 -0.77642477 -0.25856292
v -0.52562046 -0.80842507 -0.27884316
v -0.54473054 -0.81935018 -0.26543927
v -0.54384500 -0.81480980 -0.25948665
v -0.53365886 -0.80730617 -0.27842242
v -0.57972908 -0.77607816 -0.25909275
v -0.58168775 -0.77931225 -0.25614756
v -0.54171658 -0.79686928 -0.25023288
v -0.52382159 -0.82217854 -0.29080093
v -0.54669809 -0.81951582 -0.27188236
v -0.54080707 -0.82417303 -0.27110457
v -0.51898372 -0.84319055 -0.30129999
v -0.45476079 -0.83585221 -0.24408191
v -0.57420379 -0.78626150 -0.27014735
v -0.58178097 -0.78547060 -0.27072302
v -0.58504391 -0.78812242 -0.25932696
v -0.58335847 -0.78440952 -0.25622803
v -0.47241622 -0.84462965 -0.29654160
v -0.48727465 -0.81558985 -0.28190282
v -0.42818791 -0.83665925 -0.29399154
v -0.48409736 -0.78004229 -0.23855892
v -0.49185520 -0.77193975 -0.23799506
v -0.54134059 -0.80680162 -0.27806565
v -0.52739227 -0.84013331 -0.28502887
v -0.54467714 -0.82657760 -0.27163282
v -0.54172599 -0.83302349 -0.27298433
v -0.53547901 -0.83300340 -0.27215904
v -0.54706663 -0.82286543 -0.27508962
v -0.59000063 -0.78289753 -0.25715125
v -0.59142315 -0.78647524 -0.26015365
v -0.58848315 -0.77771640 -0.25710979
v -0.58602160 -0.77489096 -0.26018167
v -0.58391362 -0.77432042 -0.26378989
v -0.59194970 -0.78781849 -0.26396060
v -0.59075123 -0.78723675 -0.26773158
v -0.58734453 -0.78448898 -0.27114344
v -0.59722710 -0.78657514 -0.26467010
v -0.59785742 -0.78491110 -0.26115701
v -0.60085273 -0.77435803 -0.25994191
v -0.60277992 -0.77651876 -0.25906748
v -0.59937090 -0.77762538 -0.25844234
v -0.59581566 -0.77650404 -0.25820962
v -0.60562575 -0.77376842 -0.26138616
v -0.60736781 -0.77595311 -0.25989300
v -0.60384440 -0.78005266 -0.25920966
v -0.59934533 -0.78055644 -0.25872183
v -0.60882962 -0.77960777 -0.25991672
v -0.60889715 -0.78252256 -0.26217332
v -0.60409319 -0.78273839 -0.26156822
v -0.60029900 -0.78273290 -0.26052010
v -0.59580439 -0.78146231 -0.25803214
v -0.61001146 -0.77457052 -0.26251656
v -0.61307406 -0.77809238 -0.26382911
v -0.61278319 -0.77899420 -0.26108971
v -0.61057752 -0.77595586 -0.26072598
v -0.59204990 -0.77403569 -0.26102382
v -0.59860873 -0.77317220 -0.26246542
v -0.60409647 -0.77294165 -0.26392919
v -0.60866302 -0.77422357 -0.26529482
v -0.59757209 -0.77302366 -0.26594782
v -0.60341167 -0.77351511 -0.26677299
v -0.60717255 -0.77492613 -0.26765639
v -0.59757918 -0.77471209 -0.26916885
v -0.60350752 -0.77523190 -0.26902875
v -0.58967054 -0.77359128 -0.26455668
v -0.58890957 -0.77504206 -0.26814312
v -0.60621488 -0.77595693 -0.26885620
v -0.61153144 -0.77792120 -0.26639318
v -0.60344291 -0.78476906 -0.26359949
v -0.60842252 -0.78395724 -0.26460069
v -0.60282624 -0.78556484 -0.26604313
v -0.60780376 -0.78426188 -0.26684648
v -0.61228156 -0.78191084 -0.26241904
v -0.61227965 -0.78227049 -0.26487681
v -0.58318824 -0.77586645 -0.26767713
v -0.58455241 -0.78017545 -0.27049199
v -0.58997804 -0.77918798 -0.27091387
v -0.59840977 -0.77856135 -0.27162182
v -0.59263051 -0.78343922 -0.27081490
v -0.59608978 -0.78614026 -0.26810583
v -0.60196030 -0.78499120 -0.26862425
v -0.60010087 -0.78272414 -0.27119070
v -0.60662055 -0.78337431 -0.26905239
v -0.60529071 -0.78150302 -0.27071869
v -0.60427153 -0.77837908 -0.27064008
v -0.60921645 -0.78133273 -0.26910353
v -0.61098355 -0.78203541 -0.26717776
v -0.60929728 -0.77805531 -0.26843879
v -0.60718393 -0.77822441 -0.26969236
v -0.60760200 -0.78041816 -0.27005047
v -0.58203745 -0.80370033 -0.27763057
v -0.57460392 -0.80376291 -0.27619958
v -0.57480532 -0.80749446 -0.27884814
v -0.58250546 -0.80766547 -0.28020412
v -0.58314985 -0.80583084 -0.26586419
v -0.57637525 -0.80661875 -0.26438031
v -0.57554609 -0.80315393 -0.26818714
v -0.58239686 -0.80262923 -0.27008969
v -0.58365250 -0.81175905 -0.26612800
v -0.57696581 -0.81261629 -0.26433140
v -0.56826341 -0.80699897 -0.26257682
v -0.55424953 -0.80714631 -0.26190084
v -0.55362844 -0.80402374 -0.26668841
v -0.56751662 -0.80366886 -0.26695198
v -0.55475605 -0.81683314 -0.27787679
v -0.55239582 -0.81246436 -0.27914011
v -0.57495379 -0.80268842 -0.27254289
v -0.58206546 -0.80204111 -0.27426261
v -0.56849903 -0.81654888 -0.27815962
v -0.57728183 -0.81659806 -0.27871805
v -0.57589722 -0.81222177 -0.28002435
v -0.56701690 -0.81201905 -0.27945012
v -0.55097479 -0.80685359 -0.27740759
v -0.55122596 -0.80204278 -0.27454925
v -0.55261135 -0.80200958 -0.27069631
v -0.56974959 -0.81919903 -0.27383989
v -0.55637521 -0.81942666 -0.27273569
v -0.55600035 -0.81852245 -0.26622063
v -0.56982434 -0.81796718 -0.26790532
v -0.56658500 -0.80244499 -0.27133989
v -0.56576598 -0.80705339 -0.27770454
v -0.56582808 -0.80318820 -0.27521357
v -0.56883258 -0.81310427 -0.26294789
v -0.57790959 -0.81737030 -0.26931363
v -0.59481072 -0.81674230 -0.27600235
v -0.59469944 -0.81587398 -0.27994519
v -0.58483416 -0.81658107 -0.27954650
v -0.58547348 -0.81790149 -0.27546227
v -0.57818520 -0.81847775 -0.27477568
v -0.58477062 -0.81648910 -0.27038050
v -0.59336716 -0.80794030 -0.28185087
v -0.59240234 -0.80355752 -0.27949804
v -0.59229422 -0.80158424 -0.27634266
v -0.55502957 -0.81380945 -0.26091784
v -0.59229124 -0.80213708 -0.27246910
v -0.59264863 -0.80512178 -0.26823458
v -0.58362335 -0.81250608 -0.28116724
v -0.59388864 -0.81242824 -0.28235430
v -0.59398854 -0.81538969 -0.27170664
v -0.59285712 -0.81102729 -0.26784188
v -0.60094488 -0.81054175 -0.26965898
v -0.60168111 -0.81463552 -0.27305657
v -0.60075378 -0.80480462 -0.26963943
v -0.59956312 -0.80194861 -0.27347714
v -0.59881818 -0.80169505 -0.27702749
v -0.60223198 -0.81591111 -0.27642497
v -0.60170305 -0.81516111 -0.27987790
v -0.60023725 -0.81214201 -0.28250313
v -0.60921991 -0.81533462 -0.27723894
v -0.60998827 -0.81416345 -0.27432156
v -0.62056053 -0.80425078 -0.27450216
v -0.62158495 -0.80661803 -0.27276802
v -0.61646241 -0.80662179 -0.27209616
v -0.61495924 -0.80406272 -0.27290958
v -0.61287290 -0.80724096 -0.27132714
v -0.60925603 -0.80515087 -0.27092835
v -0.61781996 -0.81107402 -0.27320939
v -0.61261410 -0.81022322 -0.27200234
v -0.62281126 -0.81066918 -0.27252442
v -0.62236905 -0.81336737 -0.27494949
v -0.61650044 -0.81275743 -0.27440014
v -0.61286414 -0.81250656 -0.27377245
v -0.62561536 -0.80571997 -0.27545497
v -0.62558496 -0.80695194 -0.27327469
v -0.60834974 -0.81043297 -0.27106947
v -0.60606313 -0.80235529 -0.27427343
v -0.61327946 -0.80222696 -0.27560323
v -0.61982620 -0.80312377 -0.27704167
v -0.62473309 -0.80510402 -0.27814537
v -0.61214405 -0.80191112 -0.27901971
v -0.61891150 -0.80321151 -0.27972606
v -0.62297207 -0.80552721 -0.28031063
v -0.61179620 -0.80400962 -0.28224391
v -0.61850405 -0.80517930 -0.28225386
v -0.60444540 -0.80190915 -0.27794868
v -0.60371745 -0.80380630 -0.28091246
v -0.62165177 -0.80635399 -0.28161442
v -0.62706041 -0.80892849 -0.27873737
v -0.62852001 -0.80957580 -0.27609599
v -0.62799174 -0.81054801 -0.27300325
v -0.61602741 -0.81394166 -0.27632603
v -0.62205923 -0.81372130 -0.27720815
v -0.61594969 -0.81498861 -0.27826285
v -0.62181342 -0.81419128 -0.27897930
v -0.62665874 -0.81338853 -0.27512664
v -0.62676698 -0.81305504 -0.27712870
v -0.59870517 -0.80377221 -0.28013277
v -0.59923667 -0.80771846 -0.28225946
v -0.60414904 -0.80768168 -0.28306550
v -0.61220795 -0.80811822 -0.28415930
v -0.60545713 -0.81211561 -0.28302228
v -0.60791743 -0.81492984 -0.28029883
v -0.61481810 -0.81454808 -0.28068689
v -0.61322105 -0.81230301 -0.28324193
v -0.62057912 -0.81350291 -0.28069037
v -0.61928403 -0.81196368 -0.28277045
v -0.61858374 -0.80860281 -0.28356606
v -0.62404567 -0.81197006 -0.28086483
v -0.62589139 -0.81262070 -0.27925062
v -0.62472034 -0.80855262 -0.28052002
v -0.62225091 -0.80874598 -0.28223532
v -0.62213838 -0.81114638 -0.28206468
v -0.57290733 -0.82507062 -0.28743577
v -0.56723243 -0.82490736 -0.28609049
v -0.56601322 -0.82761705 -0.28948733
v -0.57186478 -0.82819557 -0.29125211
v -0.57452494 -0.83012271 -0.27859873
v -0.56799006 -0.82949597 -0.27614734
v -0.56854606 -0.82610631 -0.27865043
v -0.57458872 -0.82699931 -0.28045720
v -0.57409489 -0.83453542 -0.27962238
v -0.56708825 -0.83454669 -0.27735922
v -0.56125998 -0.82869709 -0.27446902
v -0.55160153 -0.82768691 -0.27298331
v -0.55252439 -0.82388961 -0.27652949
v -0.56220698 -0.82494545 -0.27745497
v -0.56826293 -0.82456279 -0.28218329
v -0.57413739 -0.82527989 -0.28359669
v -0.55824828 -0.83410698 -0.29078275
v -0.56543154 -0.83521152 -0.29128066
v -0.56543446 -0.83149594 -0.29141650
v -0.55825210 -0.83018923 -0.29043856
v -0.54715157 -0.82461512 -0.28759593
v -0.54926336 -0.82183111 -0.28415504
v -0.55141962 -0.82208592 -0.28056473
v -0.55873835 -0.83743525 -0.28748026
v -0.54745048 -0.83570331 -0.28648823
v -0.54837203 -0.83684629 -0.28035662
v -0.55907285 -0.83775729 -0.28138253
v -0.56205702 -0.82339442 -0.28136039
v -0.55904543 -0.82630223 -0.28875145
v -0.56069613 -0.82365286 -0.28525823
v -0.55980110 -0.83399129 -0.27591875
v -0.56618035 -0.83789587 -0.28258455
v -0.58281481 -0.83907574 -0.28975931
v -0.58225393 -0.83765543 -0.29335797
v -0.57188630 -0.83642232 -0.29252896
v -0.57257760 -0.83864468 -0.28891829
v -0.56573838 -0.83809292 -0.28824151
v -0.57337695 -0.83784193 -0.28390878
v -0.58109868 -0.82936305 -0.29315317
v -0.58174777 -0.82617390 -0.28992298
v -0.58276355 -0.82614470 -0.28599864
v -0.54990727 -0.83335197 -0.27420890
v -0.54652661 -0.83233303 -0.29015028
v -0.58343261 -0.82754666 -0.28330237
v -0.58382237 -0.83031541 -0.28146088
v -0.57144690 -0.83250153 -0.29304138
v -0.58110940 -0.83389539 -0.29450446
v -0.58320963 -0.83806813 -0.28549674
v -0.58344626 -0.83478177 -0.28181148
v -0.59028739 -0.83507437 -0.28324687
v -0.58995175 -0.83882010 -0.28641522
v -0.59080356 -0.83061367 -0.28280747
v -0.58991826 -0.82814360 -0.28501928
v -0.58867216 -0.82688600 -0.28753737
v -0.58950281 -0.83951336 -0.29050106
v -0.58887309 -0.83809400 -0.29356369
v -0.58693135 -0.83452523 -0.29502186
v -0.59450305 -0.84011805 -0.29148799
v -0.59605849 -0.83897877 -0.28780404
v -0.60749972 -0.83060944 -0.28728911
v -0.60797560 -0.83270794 -0.28665033
v -0.60334200 -0.83231902 -0.28613466
v -0.60281134 -0.83015484 -0.28605634
v -0.60004902 -0.83266169 -0.28497988
v -0.59725463 -0.83109343 -0.28418028
v -0.60343069 -0.83602971 -0.28590113
v -0.59928924 -0.83551669 -0.28526896
v -0.60814691 -0.83660573 -0.28677922
v -0.60678881 -0.83927631 -0.28947195
v -0.60210943 -0.83844215 -0.28865743
v -0.59896636 -0.83796507 -0.28711712
v -0.61150974 -0.83228546 -0.28845969
v -0.61123586 -0.83360296 -0.28719702
v -0.59567368 -0.83531821 -0.28455064
v -0.59524208 -0.82846117 -0.28609133
v -0.60144579 -0.82842165 -0.28780809
v -0.60661733 -0.82913476 -0.28919268
v -0.61029434 -0.83104193 -0.29070985
v -0.60002565 -0.82765859 -0.29043338
v -0.60538191 -0.82876825 -0.29160091
v -0.60846353 -0.83065915 -0.29267734
v -0.59870404 -0.82818687 -0.29321977
v -0.60433054 -0.82949740 -0.29385385
v -0.59367859 -0.82744443 -0.28883737
v -0.59192252 -0.82781750 -0.29178613
v -0.60694486 -0.83094418 -0.29391754
v -0.61157966 -0.83503562 -0.29255545
v -0.61295456 -0.83622450 -0.28993538
v -0.61229193 -0.83713543 -0.28756511
v -0.60105753 -0.83996761 -0.29050201
v -0.60601276 -0.84002692 -0.29161417
v -0.59984624 -0.83997411 -0.29292804
v -0.60518765 -0.83969772 -0.29366326
v -0.61024672 -0.83934021 -0.28954503
v -0.61020112 -0.83936274 -0.29135799
v -0.58725554 -0.82717675 -0.29069978
v -0.58641756 -0.83010226 -0.29365316
v -0.59099960 -0.83052391 -0.29436293
v -0.59808344 -0.83123517 -0.29566294
v -0.59135312 -0.83493727 -0.29545438
v -0.59314603 -0.83830976 -0.29405844
v -0.59871507 -0.83843082 -0.29503933
v -0.59779501 -0.83531737 -0.29631844
v -0.60423607 -0.83813494 -0.29542214
v -0.60347545 -0.83561271 -0.29647034
v -0.60368139 -0.83219445 -0.29584903
v -0.60761791 -0.83697271 -0.29509395
v -0.60907292 -0.83851284 -0.29344097
v -0.60920775 -0.83384728 -0.29418087
v -0.60692281 -0.83307415 -0.29515946
v -0.60630804 -0.83539999 -0.29591817
v -0.54619622 -0.82833928 -0.28948045
v -0.55113930 -0.84334713 -0.30236727
v -0.54701895 -0.84197342 -0.30051315
v -0.54529607 -0.84386075 -0.30331266
v -0.54930848 -0.84519100 -0.30525786
v -0.55283713 -0.84981096 -0.29514664
v -0.54819971 -0.84853989 -0.29265743
v -0.54885709 -0.84456199 -0.29400539
v -0.55353367 -0.84595448 -0.29623765
v -0.55103689 -0.85383624 -0.29706597
v -0.54617929 -0.85269117 -0.29474878
v -0.54258430 -0.84644270 -0.29065022
v -0.53357744 -0.84291404 -0.28743035
v -0.53533244 -0.83914042 -0.29008672
v -0.54329169 -0.84245455 -0.29219234
v -0.52369595 -0.84335101 -0.30165297
v -0.52962220 -0.84494597 -0.30259171
v -0.53101456 -0.84144568 -0.30218416
v -0.52456892 -0.83893430 -0.30168360
v -0.54832578 -0.84218526 -0.29705405
v -0.55275506 -0.84380335 -0.29909799
v -0.53798676 -0.84814280 -0.30408695
v -0.54290485 -0.85037845 -0.30533013
v -0.54393065 -0.84684718 -0.30501518
v -0.53928733 -0.84462076 -0.30387357
v -0.52656412 -0.83538389 -0.30011839
v -0.53273463 -0.83856773 -0.30061007
v -0.53426623 -0.83684170 -0.29754841
v -0.52967882 -0.83262336 -0.29735908
v -0.53555441 -0.83700973 -0.29441831
v -0.53753191 -0.85123688 -0.30192876
v -0.52880067 -0.84797573 -0.30045134
v -0.52866721 -0.85006863 -0.29596528
v -0.53839576 -0.85274154 -0.29769430
v -0.54330206 -0.84033066 -0.29560000
v -0.54055470 -0.84184510 -0.30216122
v -0.54221869 -0.84002697 -0.29905337
v -0.54049224 -0.85048425 -0.29262429
v -0.54408157 -0.85444981 -0.29928657
v -0.55341995 -0.85700881 -0.30755204
v -0.55309540 -0.85435611 -0.30934024
v -0.54718202 -0.85219640 -0.30722025
v -0.54730356 -0.85526341 -0.30518547
v -0.54288584 -0.85346335 -0.30330527
v -0.54875326 -0.85594249 -0.30128753
v -0.55494809 -0.84711683 -0.30754197
v -0.55698723 -0.84517914 -0.30487153
v -0.55853236 -0.84550762 -0.30163497
v -0.53084373 -0.84790313 -0.28918195
v -0.55954468 -0.84755629 -0.29916772
v -0.55909950 -0.85103106 -0.29822630
v -0.54802305 -0.84838063 -0.30694446
v -0.55370128 -0.85053533 -0.30921584
v -0.55489272 -0.85752898 -0.30397558
v -0.55702066 -0.85494590 -0.30004835
v -0.56213617 -0.85639060 -0.30175644
v -0.56010026 -0.85892302 -0.30562550
v -0.56395441 -0.85213399 -0.30010611
v -0.56400967 -0.84888995 -0.30121928
v -0.56250024 -0.84690362 -0.30346665
v -0.55816638 -0.85804266 -0.30927825
v -0.55764878 -0.85543573 -0.31045055
v -0.55771428 -0.85181564 -0.30990061
v -0.56291699 -0.85915977 -0.31046847
v -0.56536806 -0.85985976 -0.30705187
v -0.57648027 -0.85322648 -0.30563962
v -0.57611942 -0.85518557 -0.30510211
v -0.57301772 -0.85444403 -0.30421144
v -0.57286501 -0.85244364 -0.30399176
v -0.57008374 -0.85480374 -0.30317485
v -0.56838405 -0.85293901 -0.30216324
v -0.57197767 -0.85796249 -0.30481488
v -0.56871068 -0.85730094 -0.30404627
v -0.57561624 -0.85893679 -0.30585200
v -0.57403755 -0.86094636 -0.30926657
v -0.57056737 -0.86044747 -0.30793059
v -0.56809568 -0.85958076 -0.30629629
v -0.57937592 -0.85503435 -0.30727851
v -0.57864428 -0.85625267 -0.30608928
v -0.56608129 -0.85692453 -0.30315423
v -0.56778884 -0.84976095 -0.30264473
v -0.57232487 -0.85038835 -0.30475810
v -0.57685298 -0.85150814 -0.30705824
v -0.57914132 -0.85380733 -0.30930895
v -0.57098907 -0.84930891 -0.30664197
v -0.57528925 -0.85070610 -0.30880290
v -0.57722378 -0.85267019 -0.31058317
v -0.56888342 -0.84909952 -0.30861938
v -0.57340801 -0.85079360 -0.31047559
v -0.56610107 -0.84820020 -0.30468979
v -0.56388420 -0.84785259 -0.30682033
v -0.57571483 -0.85237813 -0.31141716
v -0.57868546 -0.85676122 -0.31125617
v -0.57939959 -0.85831803 -0.30945170
v -0.57873732 -0.85958654 -0.30721286
v -0.56928372 -0.86096406 -0.31005290
v -0.57339764 -0.86106867 -0.31157690
v -0.56760997 -0.85974622 -0.31200793
v -0.57281685 -0.85964209 -0.31323850
v -0.57686055 -0.86106211 -0.30949634
v -0.57688826 -0.86027449 -0.31121558
v -0.56072557 -0.84678739 -0.30630589
v -0.55904937 -0.84849435 -0.30861732
v -0.56209916 -0.84954858 -0.30951738
v -0.56707382 -0.85065407 -0.31101638
v -0.56128335 -0.85301667 -0.31121799
v -0.56146336 -0.85637110 -0.31159365
v -0.56666559 -0.85731667 -0.31305876
v -0.56630516 -0.85396391 -0.31281671
v -0.57196003 -0.85739416 -0.31393629
v -0.57161009 -0.85469472 -0.31365085
v -0.57212853 -0.85211724 -0.31228405
v -0.57552445 -0.85666013 -0.31335574
v -0.57646054 -0.85864723 -0.31278139
v -0.57721454 -0.85513514 -0.31227368
v -0.57533014 -0.85371262 -0.31253064
v -0.57451826 -0.85510528 -0.31337258
v -0.52396482 -0.84608495 -0.29999694
v -0.50384736 -0.76756960 -0.23913038
v -0.50562477 -0.76856238 -0.24362737
v -0.50294757 -0.76510960 -0.25288588
v -0.49880663 -0.76097161 -0.25487939
v -0.49442327 -0.75729626 -0.25313658
v -0.49248293 -0.75595731 -0.24867004
v -0.49320525 -0.75684011 -0.24339083
v -0.50584233 -0.76805764 -0.24853826
v -0.50011933 -0.76477051 -0.23630035
v -0.49560988 -0.75999302 -0.23799860
v -0.50324011 -0.75369507 -0.23585206
v -0.50701785 -0.75873840 -0.23357952
v -0.50007647 -0.75017846 -0.24098957
v -0.49889851 -0.74987906 -0.24675182
v -0.49980506 -0.75232542 -0.25149420
v -0.51021546 -0.76245677 -0.23695821
v -0.51142895 -0.76433802 -0.24199685
v -0.51036286 -0.76367062 -0.24763581
v -0.51607913 -0.75735831 -0.23448524
v -0.51564336 -0.75180334 -0.23084322
v -0.51629460 -0.73672688 -0.23821676
v -0.51646465 -0.73733503 -0.23385432
v -0.51336372 -0.74014425 -0.23529309
v -0.51221073 -0.73967421 -0.23953226
v -0.51164448 -0.74268448 -0.23550689
v -0.50837851 -0.74386418 -0.23882052
v -0.51564819 -0.74251866 -0.23032519
v -0.51396328 -0.74475729 -0.23190543
v -0.51944917 -0.74617285 -0.22836050
v -0.51651829 -0.74726564 -0.22950292
v -0.51849651 -0.73940969 -0.22856322
v -0.51947641 -0.73556060 -0.23244137
v -0.52177948 -0.73721260 -0.22882172
v -0.52060628 -0.73511833 -0.23545024
v -0.51069188 -0.74737394 -0.23338953
v -0.50545847 -0.74472272 -0.24520859
v -0.51166463 -0.74029469 -0.24387345
v -0.51716799 -0.73711544 -0.24191067
v -0.52231532 -0.73630428 -0.23900151
v -0.51295245 -0.74265695 -0.24795756
v -0.51923192 -0.73948491 -0.24472561
v -0.52334690 -0.73901480 -0.24133748
v -0.51558673 -0.74672389 -0.24916837
v -0.52120727 -0.74296564 -0.24522725
v -0.50535560 -0.74776518 -0.25034547
v -0.50758314 -0.75244510 -0.25266698
v -0.52378428 -0.74149650 -0.24235213
v -0.52623492 -0.73850089 -0.23522365
v -0.52494466 -0.73662293 -0.23159745
v -0.52127743 -0.74948055 -0.22955045
v -0.52185881 -0.74331987 -0.22703725
v -0.52456170 -0.74581528 -0.22902194
v -0.52204180 -0.75254148 -0.23276737
v -0.52595520 -0.74751383 -0.23232689
v -0.52378666 -0.74045050 -0.22709921
v -0.52627486 -0.74146527 -0.22921970
v -0.50289547 -0.75651062 -0.25385019
v -0.50688428 -0.76062149 -0.25221598
v -0.51121551 -0.75685704 -0.25055099
v -0.51858437 -0.75123876 -0.24722818
v -0.51507258 -0.75982946 -0.24577659
v -0.51652473 -0.75992543 -0.23949295
v -0.52244031 -0.75391418 -0.23734012
v -0.52146679 -0.75375646 -0.24268278
v -0.52605200 -0.74830234 -0.23611659
v -0.52509606 -0.74807304 -0.23997146
v -0.52337372 -0.74605376 -0.24341357
v -0.52716392 -0.74407345 -0.23630613
v -0.52752066 -0.74274713 -0.23287702
v -0.52604449 -0.74079734 -0.23819757
v -0.52533793 -0.74300468 -0.24047786
v -0.52616763 -0.74489427 -0.23871249
v -0.51912194 -0.83746886 -0.30255434
v -0.52092254 -0.83265102 -0.30020404
v -0.51388848 -0.83183867 -0.30013841
v -0.50519854 -0.83159739 -0.30069569
v -0.49695876 -0.83740485 -0.30227333
v -0.50623953 -0.82695180 -0.29609978
v -0.51491255 -0.82733440 -0.29615539
v -0.52434665 -0.82800871 -0.29592335
v -0.49988824 -0.82359904 -0.29176465
v -0.26794600 -0.71657765 -0.23018736
v -0.26392674 -0.71841633 -0.22814183
v -0.26049110 -0.71452790 -0.22482213
v -0.26276475 -0.71310568 -0.22652082
v -0.26574656 -0.71132457 -0.22810870
v -0.26925677 -0.70996726 -0.22916469
v -0.27719653 -0.71408713 -0.23136503
v -0.27232111 -0.71665382 -0.23139262
v -0.28292114 -0.70603478 -0.22844489
v -0.28205082 -0.70773947 -0.22838566
v -0.28194234 -0.70558923 -0.22872090
v -0.27659136 -0.70730346 -0.22938943
v -0.27997029 -0.70632935 -0.22861212
v -0.25914538 -0.71829259 -0.22437967
v -0.25799862 -0.71775913 -0.22297192
v -0.26128876 -0.71821153 -0.22619544
v -0.27304661 -0.70855558 -0.22949424
v -0.25797728 -0.71685481 -0.22245285
v -0.25885364 -0.71579885 -0.22317088
v -0.28041556 -0.71099579 -0.22996658
v -0.26632619 -0.71339297 -0.22831272
v -0.27005088 -0.71198237 -0.22949149
v -0.27555346 -0.71239197 -0.23111872
v -0.27117008 -0.71458465 -0.23039775
v -0.27712893 -0.70937973 -0.22993340
v -0.27919561 -0.70842600 -0.22905749
v -0.26324689 -0.71482635 -0.22694021
v -0.27399227 -0.71036744 -0.23023470
v -0.26666489 -0.71636176 -0.22910680
v -0.28006017 -0.70846242 -0.22923361
v -0.27858865 -0.71067762 -0.23033047
v -0.25897473 -0.71638685 -0.22334671
v -0.25889552 -0.71647429 -0.22329041
v -0.19404608 -0.50151068 -0.14853171
v -0.18582621 -0.48401690 -0.15352434
v -0.26360536 -0.71644330 -0.22741581
v -0.25979424 -0.71590102 -0.22408730
v -0.26136187 -0.71521759 -0.22539262
v -0.26142916 -0.71668684 -0.22583897
v -0.25976589 -0.71681547 -0.22444198
v -0.19884102 -0.72996604 -0.19564763
v -0.18938100 -0.72269213 -0.21057069
v -0.18593651 -0.77214044 -0.15647288
v -0.16350347 -0.78035748 -0.15118790
v 0.01358953 -0.29788953 -0.13777243
v 0.05644423 -0.46823242 0.02709351
v 0.04462864 -0.48655358 0.02071740
v -0.01282338 -0.46667945 0.07612709
v 0.00598838 -0.47113267 0.06761808
v 0.06748219 -0.42315811 -0.09254764
v 0.08084735 -0.40403351 -0.08535995
v 0.03107135 -0.36744776 -0.12978759
v 0.04375809 -0.34942162 -0.12435275
v 0.08281700 -0.36646697 -0.09696764
v 0.05416971 -0.43397248 0.07150869
v 0.03907666 -0.45299950 0.06431800
v 0.05602392 -0.45305902 0.05030025
v 0.07135132 -0.43240443 0.05758769
v -0.01864257 -0.43984312 0.08459447
v -0.03167301 -0.45815149 0.08045725
v 0.05936991 -0.45813876 -0.07927024
v 0.06005444 -0.47380194 -0.05483764
v 0.04587745 -0.49519712 -0.00812809
v 0.03215384 -0.50213355 0.01150027
v -0.00176605 -0.50936180 0.04094412
v 0.01613092 -0.50717396 0.02684391
v 0.00141337 -0.36785743 -0.14498198
v -0.02964559 -0.36836928 -0.15078831
v 0.05267155 -0.44005939 -0.10054824
v -0.05605629 -0.32027066 -0.14473523
v -0.05424190 -0.52242094 0.06272440
v -0.03365885 -0.52876019 0.04813702
v 0.05557124 -0.48596889 -0.03090029
v -0.15703034 -0.44933107 -0.17711301
v -0.14789447 -0.43295205 -0.18085523
v -0.13918579 -0.44459689 -0.18782264
v -0.14769870 -0.46143511 -0.18322715
v -0.13088240 -0.45645303 -0.19429843
v -0.12197594 -0.46881235 -0.19887519
v -0.11351155 -0.48053423 -0.20157233
v -0.09006958 -0.50979185 -0.19996417
v -0.09758940 -0.50090337 -0.20187236
v -0.07549269 -0.52543080 -0.19356665
v -0.08341531 -0.51818502 -0.19747996
v -0.06088310 -0.52798194 -0.18706772
v -0.04456156 -0.52868164 -0.17521405
v -0.02911340 -0.53082532 -0.15896140
v -0.04348054 -0.54831135 -0.15881264
v -0.03241352 -0.51099640 -0.17766337
v -0.04799416 -0.51065159 -0.18973354
v -0.06107999 -0.50686848 -0.19789670
v -0.13117085 -0.38863659 -0.17100441
v -0.11442579 -0.37480602 -0.16297337
v -0.20234898 -0.51726300 -0.14386019
v -0.27260652 -0.86957079 -0.30786264
v -0.39227402 -0.82787621 -0.24457493
v -0.18167712 -0.62226737 -0.00976598
v -0.19619656 -0.61099678 0.00053304
v -0.20313288 -0.59640867 0.01270864
v -0.21072446 -0.60176307 0.00665703
v -0.16125061 -0.66752553 -0.06263942
v -0.15378901 -0.66161895 -0.04535688
v -0.15353309 -0.64929694 -0.02933395
v -0.16154084 -0.63333482 -0.01501174
v 0.02426545 -0.43307886 -0.12197080
v -0.15580797 -0.61033142 0.00852645
v -0.15169664 -0.63025200 -0.00980742
v -0.14185704 -0.64862132 -0.02441805
v -0.13963960 -0.66332644 -0.04154282
v -0.14765865 -0.67208624 -0.06110869
v -0.14450607 -0.67538786 -0.07113972
v -0.12317669 -0.68744767 -0.07787429
v -0.12407644 -0.69327712 -0.08691857
v -0.14100075 -0.69132137 -0.09459893
v -0.14450270 -0.70065522 -0.10205332
v -0.12671649 -0.70169026 -0.09473675
v -0.14597541 -0.76023525 -0.12812740
v -0.14204788 -0.77074224 -0.13975510
v -0.13161807 -0.77714753 -0.15030749
v -0.11957982 -0.77925372 -0.16099502
v -0.10774359 -0.77519584 -0.16941303
v -0.09639800 -0.76488131 -0.17633678
v -0.08647008 -0.75005728 -0.17713092
v -0.06577887 -0.70006877 -0.15984234
v -0.05906729 -0.68375009 -0.14828958
v -0.03898519 -0.63860554 -0.10501421
v -0.03226427 -0.62719244 -0.09058261
v -0.00868992 -0.57324165 -0.02679817
v -0.01277108 -0.59306008 -0.04655927
v -0.00375988 -0.55768514 -0.01026613
v 0.12700573 -0.32367110 0.12128159
v 0.11378643 -0.34288675 0.11136024
v 0.13106944 -0.34650406 0.09422538
v 0.14461857 -0.32656518 0.10415570
v 0.02060098 -0.37461591 0.11243331
v 0.04398131 -0.38110870 0.10630763
v 0.16612412 -0.32746112 -0.00633097
v 0.16636036 -0.33797860 0.02323161
v 0.15889469 -0.34448108 0.05033343
v 0.14656338 -0.34770352 0.07379010
v 0.15761171 -0.31357062 -0.03385050
v 0.06385423 -0.22671744 -0.11314036
v 0.08616576 -0.24377418 -0.10198875
v -0.00874282 -0.19452484 -0.11600684
v 0.01524643 -0.20110847 -0.11942871
v 0.14533852 -0.29700711 -0.05630060
v 0.03962688 -0.21169917 -0.11910743
v 0.10755937 -0.26115501 -0.08875205
v 0.12835339 -0.27937454 -0.07378392
v 0.09834851 -0.36451775 0.09932683
v 0.07863012 -0.36305058 0.11130370
v 0.06427842 -0.38493496 0.09741803
v -0.10120338 -0.56622386 0.05058848
v -0.08482581 -0.58108425 0.03581907
v -0.07225613 -0.59520584 0.01639169
v -0.07309718 -0.61973947 -0.00951420
v -0.06669812 -0.63335252 -0.02809744
v -0.05568132 -0.62459719 -0.02763318
v -0.06223206 -0.60958701 -0.00662358
v -0.06319281 -0.65240377 -0.06595626
v -0.06390810 -0.66158611 -0.08015192
v -0.05734249 -0.65463084 -0.08315555
v -0.05551694 -0.64644665 -0.06747455
v -0.05867022 -0.66417718 -0.09580664
v -0.05988453 -0.67452347 -0.10872427
v -0.06430970 -0.68486118 -0.12098908
v -0.07053082 -0.69920707 -0.13053541
v -0.08406598 -0.71025342 -0.11604813
v -0.07961731 -0.69901323 -0.10866486
v -0.07163554 -0.66040957 -0.06378964
v -0.07228874 -0.65280390 -0.04667855
v -0.12317799 -0.58193630 0.03436447
v -0.13835819 -0.56564844 0.04222653
v -0.01976060 -0.54180753 -0.13988295
v -0.01084555 -0.55459607 -0.12148696
v -0.00624461 -0.56685007 -0.10492839
v -0.00493101 -0.57810366 -0.09094897
v -0.00598732 -0.58872730 -0.07954119
v -0.01023236 -0.59784114 -0.06922817
v -0.01765591 -0.60570168 -0.06123936
v -0.02503218 -0.61707342 -0.07596955
v -0.02621924 -0.61285067 -0.05520541
v -0.03243298 -0.62380290 -0.07137148
v -0.03558786 -0.61987895 -0.05066155
v -0.04490575 -0.62860751 -0.04816900
v -0.05452185 -0.63712788 -0.04745839
v -0.06352325 -0.64512277 -0.04703333
v -0.08287844 -0.62991929 -0.01287231
v -0.07603692 -0.64281625 -0.03042357
v -0.10256761 -0.62544078 -0.00169420
v -0.11126733 -0.63305789 -0.00704157
v -0.08409841 -0.60489148 0.01254199
v -0.09304067 -0.61676991 0.00461879
v -0.19077384 -0.65565348 -0.05826044
v -0.19474410 -0.64460647 -0.04289378
v -0.08776979 -0.74419796 -0.15926468
v -0.09205145 -0.75403345 -0.16530505
v -0.08478794 -0.74411458 -0.16708514
v -0.08347636 -0.73927826 -0.16189767
v -0.10046935 -0.76108587 -0.16043136
v -0.10198505 -0.75316954 -0.14598048
v -0.11035665 -0.76507455 -0.15258633
v -0.09435263 -0.74944293 -0.15392447
v -0.12016342 -0.76468456 -0.14353800
v -0.11044955 -0.75456405 -0.13819540
v -0.12794977 -0.76212853 -0.13444209
v -0.11778785 -0.75450128 -0.13113265
v -0.12308786 -0.75288129 -0.12628572
v -0.13158998 -0.75629991 -0.12645039
v -0.10799122 -0.72784787 -0.11040688
v -0.11393307 -0.73754632 -0.11591733
v -0.11908911 -0.74663991 -0.12145000
v -0.07479409 -0.71121913 -0.13804178
v -0.08132738 -0.72498643 -0.14348260
v -0.08754754 -0.73733783 -0.14882141
v -0.09456496 -0.74129254 -0.14102215
v -0.08744383 -0.72904015 -0.13630861
v -0.08056200 -0.71643299 -0.13087952
v -0.11310185 -0.57479137 0.04354365
v -0.09797823 -0.59048069 0.03072143
v -0.06545118 -0.67081290 -0.09284952
v -0.06725835 -0.67978817 -0.10407001
v -0.07046482 -0.69109493 -0.11464350
v -0.07578497 -0.70394927 -0.12354591
v -0.07574034 -0.68751669 -0.10018931
v -0.07394835 -0.67731154 -0.09009387
v -0.07250606 -0.66838479 -0.07822184
v -0.10805427 -0.59970373 0.02222958
v -0.12741691 -0.55889553 0.05139497
v -0.17278430 -0.64513171 -0.17475168
v -0.18259420 -0.66422546 -0.15462454
v -0.17972454 -0.68393326 -0.13393602
v -0.16365029 -0.69633400 -0.11519945
v -0.24077502 -0.61741972 -0.01503300
v -0.18671447 -0.83682191 -0.29560208
v -0.10713738 -0.51436710 0.08099579
v -0.12124328 -0.52793401 0.07737187
v -0.06041558 -0.46498457 0.08363062
v -0.07313241 -0.48254004 0.08802383
v 0.02927479 -0.40540740 0.09728676
v 0.00684991 -0.39936557 0.09928667
v -0.00660118 -0.41982391 0.09196727
v 0.00561287 -0.34950441 0.13541834
v -0.00438208 -0.36664581 0.11655562
v -0.02617983 -0.41017470 0.09328841
v -0.03823336 -0.43010402 0.08586752
v -0.07304379 -0.51129127 0.07455862
v -0.11681924 -0.55202973 0.06166297
v -0.14340785 -0.54688436 0.05950076
v -0.15256740 -0.55514300 0.05072298
v -0.16241071 -0.56365073 0.04318318
v -0.08674300 -0.45567366 -0.21408556
v -0.09605975 -0.47311619 -0.20944826
v -0.10485457 -0.46287242 -0.20841500
v -0.09585296 -0.44587967 -0.21273938
v -0.06951367 -0.47518113 -0.21100184
v -0.07911680 -0.49210596 -0.20601465
v -0.08750015 -0.48295954 -0.20845842
v -0.07799471 -0.46522057 -0.21316510
v -0.07065016 -0.50017375 -0.20266129
v -0.06030328 -0.48385388 -0.20673287
v -0.07635035 -0.43876326 -0.21487623
v -0.06735428 -0.44852662 -0.21467507
v -0.08566820 -0.42950073 -0.21293119
v -0.05107593 -0.46733159 -0.20813039
v -0.05918305 -0.45813128 -0.21223453
v -0.24597695 -0.59540141 -0.20727560
v -0.24785495 -0.59853351 -0.22563982
v -0.27030516 -0.63546240 -0.24790457
v -0.27246812 -0.63948339 -0.24622583
v -0.24767494 -0.58249390 -0.17690691
v -0.24677089 -0.57685548 -0.16734490
v -0.26550680 -0.61693656 -0.24355310
v -0.25889027 -0.60339749 -0.24144185
v -0.28293461 -0.65803730 -0.25130489
v -0.28168386 -0.65497547 -0.24970506
v -0.27724043 -0.64508158 -0.24984634
v -0.27565837 -0.64176196 -0.24832410
v -0.24529782 -0.57013661 -0.15770279
v -0.24931419 -0.58658344 -0.18894097
v -0.23902066 -0.55511361 -0.14197262
v -0.23432137 -0.54840559 -0.13703668
v -0.22189331 -0.54760283 -0.13656709
v -0.21505718 -0.53969264 -0.13652000
v -0.14478090 -0.40531704 -0.17342207
v -0.17095286 -0.45099515 -0.16403711
v -0.16688707 -0.43801725 -0.17174591
v -0.17728907 -0.46672010 -0.15784819
v -0.20861799 -0.52943850 -0.13973509
v -0.24276926 -0.56272209 -0.14892313
v -0.27082795 -0.63019347 -0.24693181
v -0.26884979 -0.62461877 -0.24381110
v -0.28010646 -0.65154761 -0.24937813
v -0.27865070 -0.64836621 -0.24968188
v -0.20423514 -0.49163395 -0.14351881
v -0.19599947 -0.47377011 -0.14857846
v -0.15556881 -0.42128527 -0.17297898
v -0.14086619 -0.37832153 -0.16149233
v -0.12583646 -0.36309248 -0.15231442
v -0.21174881 -0.50874591 -0.13900700
v -0.11267449 -0.35404041 -0.14020704
v 0.21360373 -0.14373454 0.09176579
v 0.19930360 -0.12633744 0.11732024
v 0.19202976 -0.14654285 0.13277532
v 0.20379218 -0.15990084 0.11497396
v 0.20744364 -0.20453966 0.09101214
v 0.20472220 -0.23095100 0.08366855
v 0.20045540 -0.25962001 0.07569054
v 0.17370795 -0.13800499 0.15085936
v 0.14770325 -0.15553442 0.17514257
v 0.14902532 -0.13198066 0.16606598
v 0.18974085 -0.26055658 0.10526544
v 0.19353729 -0.23345631 0.11259113
v 0.19649643 -0.16982362 0.12782417
v 0.19760275 -0.18553948 0.12402744
v 0.20855668 -0.17968494 0.10150983
v 0.17053896 -0.16001651 0.15836203
v 0.18714333 -0.16441026 0.14161691
v 0.08513916 -0.31633079 0.14610416
v 0.09549552 -0.29614359 0.15895343
v 0.06655557 -0.29134053 0.16926253
v 0.16011077 -0.32948676 0.08186479
v 0.15661731 -0.30770880 0.11291865
v 0.04862262 -0.11855623 0.18501212
v 0.18437634 -0.18376434 0.14358513
v 0.14426652 -0.18057093 0.17867826
v 0.16794038 -0.18250805 0.16191064
v 0.13329369 -0.25750226 0.16707709
v 0.15585850 -0.25885820 0.15055557
v 0.15866835 -0.23444961 0.15779892
v 0.13693009 -0.23299551 0.17489393
v 0.17443678 -0.25955164 0.13056424
v 0.16678685 -0.28562063 0.12219360
v 0.12724259 -0.28001764 0.15785666
v 0.14849077 -0.28284770 0.14187896
v 0.13854009 -0.30523604 0.13172360
v 0.17846720 -0.23312859 0.13728191
v 0.14014432 -0.20679152 0.17958862
v 0.11187958 -0.20209512 0.19284269
v 0.08140212 -0.19677201 0.19913700
v 0.05062024 -0.18751693 0.20410043
v 0.04581738 -0.21338858 0.20237635
v 0.11840899 -0.30130887 0.14699817
v 0.09314758 -0.34123212 0.12345117
v 0.10728182 -0.32079786 0.13487074
v 0.04978231 -0.40817839 0.08884884
v 0.14875454 0.09957498 -0.04149763
v 0.02283712 -0.06233990 0.05818166
v 0.02100180 -0.05967009 0.03293914
v 0.19936143 -0.16582686 -0.04833001
v 0.22530875 -0.15495798 0.03440489
v 0.21806370 -0.16957149 0.07129354
v 0.02481066 -0.05923718 -0.01734232
v 0.03843992 -0.06547633 -0.04538629
v 0.17676400 -0.15254447 -0.07331249
v 0.12171254 -0.10759273 -0.08440478
v 0.02095980 -0.05841938 0.00977853
v 0.19600232 -0.20813325 0.11857464
v 0.18133032 -0.20674165 0.14172053
v 0.16311476 -0.20797247 0.16159643
v 0.11542311 -0.17576918 0.19282611
v 0.08262084 -0.17155954 0.19938514
v 0.05202449 -0.16373822 0.20193490
v 0.02468554 -0.10645598 -0.07533409
v 0.00786185 -0.11362037 -0.07608633
v 0.01680161 -0.11501002 -0.07988235
v -0.00651613 -0.12192541 -0.07789332
v -0.00317323 -0.11133021 -0.07104447
v 0.01111207 -0.10212913 -0.06710852
v -0.00033019 -0.10010719 -0.06157121
v 0.00205663 -0.08995056 -0.04865372
v 0.06717513 -0.21118188 -0.10917884
v 0.09176807 -0.22727236 -0.09863252
v -0.00716584 -0.18124013 -0.11179359
v 0.01655329 -0.18766096 -0.11527845
v 0.15548524 -0.28095889 -0.05205857
v 0.04155967 -0.19722228 -0.11475554
v 0.11485232 -0.24503216 -0.08660660
v 0.13736567 -0.26364589 -0.07069077
v 0.03492203 -0.26384777 0.18831730
v 0.02924004 -0.28765649 0.17709541
v -0.02902174 -0.17728162 -0.10603763
v -0.25475520 -0.59481448 -0.22749519
v -0.25173372 -0.59168261 -0.20702550
v -0.33306998 -0.76625746 -0.22929807
v -0.26712078 -0.62945199 -0.05808857
v -0.30744863 -0.71409464 -0.24401277
v -0.27434081 -0.63839310 -0.24647415
v -0.28358555 -0.66004968 -0.25424114
v -0.22874950 -0.54154456 -0.13342936
v -0.22267243 -0.53285021 -0.13263169
v 0.01310853 -0.05967367 0.04734135
v -0.21698576 -0.52169520 -0.13510486
v 0.01729320 -0.05992851 0.06341567
v -0.04930937 -0.44746959 0.08281566
v 0.07595975 0.50694299 0.14025672
v 0.07410982 0.50224531 0.15588951
v 0.07436340 0.53080714 0.15592530
v 0.07500506 0.53414994 0.14100944
v 0.09585341 0.49435180 0.18542528
v 0.08263448 0.49657536 0.17718324
v 0.11233246 0.49485910 0.18680581
v 0.12667342 0.49827459 0.18151192
v 0.11757758 0.52501535 0.18460430
v 0.10508022 0.52241802 0.19061816
v 0.13493234 0.50176609 0.17238146
v 0.13350916 0.53144163 0.16477862
v 0.14151798 0.50589132 0.16029435
v 0.14537941 0.51141632 0.14151695
v 0.13750158 0.53578258 0.14653406
v 0.13772213 0.51681948 0.12255897
v 0.13114180 0.54038131 0.12771544
v 0.12171020 0.51896524 0.11148506
v 0.08328832 0.51226330 0.12539947
v 0.08064967 0.53841412 0.12547441
v 0.09083115 0.52220857 0.18844642
v 0.08011421 0.52496713 0.17866670
v 0.07621112 0.52789128 0.16731071
v 0.07658596 0.49921378 0.16741730
v 0.07257900 0.55771971 0.15603077
v 0.06976288 0.56026018 0.14044258
v 0.08578014 0.54953218 0.19247966
v 0.07849522 0.55272651 0.17890149
v 0.11045507 0.55084789 0.18902506
v 0.09923661 0.54851699 0.19646229
v 0.13082287 0.55627179 0.17024307
v 0.12030740 0.55348933 0.17959456
v 0.12601811 0.52808845 0.17518918
v 0.13378349 0.55924940 0.15300867
v 0.12865201 0.56328773 0.13058253
v 0.07627396 0.56390762 0.12347035
v 0.07558277 0.55560315 0.16730754
v 0.14710230 0.67684507 0.00310591
v 0.14577451 0.67239606 0.00233704
v 0.14143635 0.67292559 0.00153676
v 0.14050680 0.67820001 0.00213875
v 0.10963145 0.68379468 -0.00834225
v 0.10725656 0.67533064 -0.01218571
v 0.09971608 0.67693365 -0.00968757
v 0.09899879 0.68667841 -0.00629458
v 0.12633970 0.68157947 -0.00527848
v 0.12730554 0.68344396 -0.00173199
v 0.13209504 0.68299305 -0.00086249
v 0.13365291 0.68065047 -0.00442605
v 0.16811754 0.66347861 0.03047048
v 0.16818343 0.66710472 0.03385533
v 0.17246196 0.66602856 0.03568694
v 0.17382750 0.66278565 0.03363664
v 0.15415405 0.67298198 0.01426519
v 0.15454084 0.67629015 0.01796368
v 0.15882097 0.67520499 0.01925425
v 0.16059618 0.67233980 0.01686478
v 0.10917579 0.66448808 0.00845152
v 0.09583549 0.66335738 0.00978117
v 0.09781568 0.67248154 -0.00164574
v 0.10887557 0.66994059 -0.00378020
v 0.09189524 0.67959237 0.00313747
v 0.08969809 0.67204648 0.01634325
v 0.09626848 0.67893440 0.01987852
v 0.09797591 0.68244559 0.00711747
v 0.10904393 0.67907834 0.01753141
v 0.10950184 0.68227249 0.00613855
v 0.11565460 0.67333782 0.01224479
v 0.11763336 0.67674053 -0.00051150
v 0.13408566 0.67062044 0.01163353
v 0.12899616 0.66449469 0.00881642
v 0.13129319 0.67103279 -0.00099239
v 0.13749807 0.67583346 0.00186251
v 0.11858886 0.66631413 0.00691074
v 0.12327139 0.67238474 -0.00223675
v 0.11516325 0.67598641 0.00986028
v 0.12067904 0.67923564 0.01426314
v 0.12423691 0.68206418 0.00353982
v 0.11858903 0.67937982 -0.00112933
v 0.13011993 0.67737961 0.01539190
v 0.13289651 0.68087900 0.00533843
v 0.14621270 0.66086394 0.01587470
v 0.13587055 0.66353846 0.01352590
v 0.13931249 0.67021465 0.00604910
v 0.14650470 0.66824687 0.00731055
v 0.13505730 0.67767459 0.00772227
v 0.13285246 0.67333210 0.01594786
v 0.13846526 0.67635369 0.01978387
v 0.14062443 0.67944276 0.01060236
v 0.14770046 0.67410147 0.02107231
v 0.14785509 0.67856812 0.01147763
v 0.15154395 0.66682863 0.01810598
v 0.15128686 0.67309225 0.00920893
v 0.16585498 0.66199934 0.03121783
v 0.16206482 0.65568388 0.02855764
v 0.16130380 0.66282892 0.02073781
v 0.16441298 0.66847223 0.02312519
v 0.15419438 0.65845287 0.02509880
v 0.15522879 0.66385615 0.01876150
v 0.15034309 0.66904324 0.01863523
v 0.15115979 0.66471744 0.02446426
v 0.15385762 0.67141247 0.03004113
v 0.15285465 0.67516655 0.02284640
v 0.16205481 0.66945863 0.03367983
v 0.16049233 0.67395359 0.02480681
v 0.17625874 0.65081251 0.04461420
v 0.17519026 0.65515232 0.03720042
v 0.17756617 0.66014165 0.04012765
v 0.17797637 0.65662390 0.04976545
v 0.16926908 0.65187454 0.03922760
v 0.16934115 0.65619087 0.03388281
v 0.16544503 0.66115826 0.03452452
v 0.16657746 0.65751857 0.03919311
v 0.16694891 0.66461229 0.04461475
v 0.16626105 0.66681123 0.03883894
v 0.17363441 0.66272724 0.04912144
v 0.17360833 0.66580009 0.04126696
v 0.11258624 0.65889531 0.02029788
v 0.09515858 0.65539205 0.02128996
v 0.10030682 0.68497670 -0.00184904
v 0.08900771 0.66614640 0.02879776
v 0.10692351 0.68503499 -0.00223768
v 0.11226508 0.67553949 0.02802445
v 0.09646401 0.67431700 0.03264089
v 0.11380914 0.67132914 0.01705426
v 0.13142475 0.67548025 -0.00562869
v 0.13208047 0.67316735 0.03038645
v 0.13202825 0.66964221 0.02034864
v 0.12662208 0.67598498 -0.00637543
v 0.13025056 0.65717685 0.02243654
v 0.14785221 0.65470439 0.03153552
v 0.14230576 0.68067098 0.00534990
v 0.14630528 0.68039477 0.00611837
v 0.15044081 0.66987813 0.03720443
v 0.15152040 0.66298616 0.02603477
v 0.15992919 0.66720515 0.01581691
v 0.16489418 0.66549158 0.04797746
v 0.16691051 0.65753341 0.03916857
v 0.15623033 0.66839075 0.01459189
v 0.16417734 0.64934069 0.04278848
v 0.17306092 0.65995622 0.03319830
v 0.17442505 0.66193748 0.06000003
v 0.17933041 0.65430200 0.06256527
v 0.16993180 0.65997791 0.03098553
v 0.17606530 0.64650726 0.05490756
v 0.09119675 0.54181874 0.11491187
v 0.09375222 0.51649570 0.11457132
v 0.10639689 0.51923448 0.10975698
v 0.10334582 0.54356194 0.11139826
v 0.11755756 0.54317999 0.11478516
v 0.08803698 0.56594330 0.11196449
v 0.10228668 0.56667280 0.10957335
v 0.11559311 0.56629562 0.11587159
v 0.13590752 0.57898474 0.15979646
v 0.12986912 0.57531762 0.17734662
v 0.11865718 0.57237482 0.18774490
v 0.10879526 0.56995076 0.19730884
v 0.09649149 0.56825376 0.20358208
v 0.07533709 0.58660054 0.12118889
v 0.08893448 0.58707339 0.10632097
v 0.10468297 0.58657753 0.10256535
v 0.11901806 0.58565831 0.11120065
v 0.08994633 0.64617419 0.03469425
v 0.10839675 0.64319110 0.03387207
v 0.10365033 0.63130307 0.04995039
v 0.08814779 0.64065444 0.05392481
v 0.12623689 0.64372253 0.03799769
v 0.12265600 0.62944126 0.05437773
v 0.14357658 0.64251417 0.04664724
v 0.13890606 0.63097697 0.06407656
v 0.15987004 0.64137197 0.05820557
v 0.15346278 0.63296711 0.07606737
v 0.17355958 0.64249957 0.07019009
v 0.16626088 0.63766050 0.08940397
v 0.17949519 0.65158653 0.07926641
v 0.17320113 0.64674056 0.09911595
v 0.08467101 0.66103500 0.04350647
v 0.08500905 0.65454519 0.06292509
v 0.09446999 0.67097634 0.05005841
v 0.09479888 0.66652191 0.06984574
v 0.11118408 0.66988945 0.05166987
v 0.11026908 0.66547620 0.07274984
v 0.16978006 0.65861994 0.09924760
v 0.17424339 0.66169810 0.07779513
v 0.13005108 0.66739452 0.05634077
v 0.12843391 0.66294569 0.07812074
v 0.14773071 0.66579700 0.06318876
v 0.14516939 0.66205227 0.08578576
v 0.16253144 0.66404247 0.07077216
v 0.15900028 0.66138160 0.09352800
v 0.09667676 0.62047607 0.07060157
v 0.11669028 0.61459649 0.07204090
v 0.13131471 0.61717445 0.08310705
v 0.14465681 0.62181711 0.09669791
v 0.15653470 0.62981510 0.11096608
v 0.16394122 0.63996547 0.12037099
v 0.13952360 0.60636330 0.12093861
v 0.14698637 0.62365556 0.13478398
v 0.15201020 0.63524616 0.14142175
v 0.14295197 0.63013923 0.16239221
v 0.14032547 0.61758643 0.15825528
v 0.12618205 0.60982537 0.19640414
v 0.13315336 0.61280978 0.17941618
v 0.13601768 0.62531793 0.18376191
v 0.12889239 0.62324893 0.20140757
v 0.13820010 0.60143119 0.14781359
v 0.13275464 0.59674919 0.17001599
v 0.12498758 0.59263241 0.18624562
v 0.11015145 0.61993337 0.21966273
v 0.10964102 0.60484946 0.21666712
v 0.11937965 0.60742509 0.20766300
v 0.12139113 0.62163293 0.21239081
v 0.09332427 0.62101567 0.22167164
v 0.09292343 0.60443282 0.22142324
v 0.07813552 0.60947824 0.20886093
v 0.07824044 0.62484229 0.21089152
v 0.10839143 0.58707923 0.20630977
v 0.11678554 0.58964086 0.19737238
v 0.09417258 0.58600545 0.21189298
v 0.08049119 0.58917689 0.20157604
v 0.07326041 0.61387646 0.18974437
v 0.07608495 0.59391922 0.18414336
v 0.07218991 0.62884074 0.19329941
v 0.08653675 0.63536501 0.07755291
v 0.08713709 0.64723927 0.08534838
v 0.12526669 0.60073686 0.09905528
v 0.10948913 0.60056210 0.08935006
v 0.08950304 0.60666215 0.09506150
v 0.08154953 0.62798488 0.10177216
v 0.08557314 0.64164078 0.11004540
v 0.07626414 0.62497377 0.12544167
v 0.08234531 0.63726145 0.13193232
v 0.09524053 0.65624607 0.09164931
v 0.09374269 0.64763653 0.11526950
v 0.08899789 0.64317715 0.13669088
v 0.07317184 0.62214297 0.14593078
v 0.07698976 0.63448703 0.15090080
v 0.07271774 0.61829329 0.16252041
v 0.07399252 0.63233596 0.16622078
v 0.07231419 0.63068187 0.17904636
v 0.07314116 0.61583775 0.17542197
v 0.07280477 0.59891045 0.15974808
v 0.07430930 0.59611320 0.17162602
v 0.07228690 0.60290176 0.14270720
v 0.07577273 0.60617536 0.12067257
v 0.16188699 0.65243286 0.12191807
v 0.15158741 0.64556879 0.14313151
v 0.14118156 0.63969630 0.16332147
v 0.13271879 0.63653827 0.18408138
v 0.12411328 0.63491988 0.20001779
v 0.11672578 0.63326693 0.20947883
v 0.10705811 0.63133293 0.21547776
v 0.09373657 0.63131106 0.21570122
v 0.08242258 0.63365376 0.20851208
v 0.07811906 0.63806766 0.19506718
v 0.07796876 0.64112520 0.18284863
v 0.08349955 0.64217263 0.15551406
v 0.07941707 0.64238906 0.17040959
v 0.06885399 0.58306110 0.14044847
v 0.07024318 0.57935143 0.15726572
v 0.07317521 0.57660997 0.16854584
v 0.08236339 0.57041609 0.19505598
v 0.07661280 0.57404959 0.17982414
v 0.10832486 0.65890014 0.09697784
v 0.12481773 0.65699446 0.10315120
v 0.14008155 0.65626967 0.11082183
v 0.15237942 0.65583879 0.11767248
v 0.14397481 0.64976823 0.14031008
v 0.13264573 0.65030658 0.13482487
v 0.11848934 0.65157741 0.12782586
v 0.10450944 0.65074527 0.12053265
v 0.13384010 0.64472693 0.16052073
v 0.12393717 0.64636517 0.15568852
v 0.11036768 0.64721525 0.14968899
v 0.09857295 0.64679235 0.14235356
v 0.09194256 0.64608395 0.16137986
v 0.10207985 0.64526832 0.16847411
v 0.11437732 0.64399213 0.17406276
v 0.12368324 0.64169216 0.17960970
v 0.11568439 0.63942915 0.19430412
v 0.10697330 0.64130974 0.18811701
v 0.09613766 0.64309108 0.18253562
v 0.08763572 0.64441979 0.17627160
v 0.10996826 0.63769317 0.20258896
v 0.09470363 0.63581550 0.20920864
v 0.10345439 0.63633788 0.20788100
v 0.08705867 0.63768983 0.20518334
v 0.08510612 0.64036596 0.19590904
v 0.08573245 0.64265841 0.18637693
v 0.09184317 0.63965619 0.19760340
v 0.09356196 0.64126688 0.19092424
v 0.10284299 0.63947201 0.19620682
v 0.09904760 0.63808686 0.20167470
v 0.09132887 0.63809741 0.20262653
v 0.09501356 0.63732290 0.20462075
v 0.13043596 0.58548623 0.13286060
v -0.25064540 -0.62135226 -0.02508972
v -0.19626556 -0.59055543 0.01871692
v 0.11984369 0.25860593 0.02913751
v 0.13574028 0.26210591 0.02547942
v 0.15189359 0.26082164 0.02506877
v 0.14805132 -0.14138713 -0.08617601
v 0.03406673 -0.31445414 -0.13054721
v 0.01474556 -0.35054663 -0.13917840
v 0.02595337 -0.33232290 -0.13479635
v 0.15375440 -0.11620915 -0.08262507
v 0.04230866 -0.42060113 -0.11575252
v 0.05148137 -0.14214569 0.19587754
v -0.17187533 -0.57076144 0.03584388
v -0.10564196 -0.49121159 -0.20225585
v 0.04093622 -0.23860130 0.19708714
v -0.22537619 -0.72165096 -0.14262724
v -0.22668645 -0.71989787 -0.14087558
v -0.22526386 -0.71655935 -0.13989492
v -0.22568271 -0.71508312 -0.13500355
v -0.22603084 -0.71377218 -0.13139769
v -0.22593608 -0.71381235 -0.12932137
v -0.22444856 -0.71864116 -0.13682626
v -0.22695056 -0.72072321 -0.13379875
v -0.22551695 -0.72065717 -0.13749428
v -0.22463363 -0.72031295 -0.13878788
v -0.18739793 -0.45634392 -0.15263197
v -0.18196954 -0.44162044 -0.15944426
v -0.17522126 -0.42782652 -0.16606149
v -0.16465923 -0.41142511 -0.16663417
v -0.27258366 -0.63441461 -0.24813779
v -0.03533106 -0.22296210 -0.12032820
v -0.03851857 -0.23474438 -0.12082805
v -0.01536002 -0.39010146 0.10096787
v -0.03322408 -0.20039093 -0.11203665
v -0.04305337 -0.24652930 -0.12354182
v -0.09052069 -0.50025302 0.08498727
v -0.15325683 -0.39512339 -0.16610314
v -0.03220313 -0.18998539 -0.10966758
v -0.13363990 -0.53983217 0.07067758
v -0.04856095 -0.26021129 -0.12563279
v -0.01150861 -0.13518101 -0.08531511
v -0.07599906 -0.30721101 -0.13418487
v -0.36017692 -0.72260255 -0.21979295
v -0.36835539 -0.71077955 -0.21236929
v -0.35797468 -0.70393407 -0.22122180
v -0.34942567 -0.71259713 -0.23027214
v -0.35071602 -0.69796407 -0.22896060
v -0.34273201 -0.70375192 -0.23577316
v -0.37008908 -0.69819713 -0.20302586
v -0.36290288 -0.69454652 -0.21322605
v -0.35376412 -0.65880454 -0.20734103
v -0.35564533 -0.66831821 -0.20709535
v -0.35978255 -0.66353834 -0.19858995
v -0.35549670 -0.65178394 -0.19773731
v -0.34306806 -0.63278115 -0.20594108
v -0.34138429 -0.62325609 -0.19377927
v -0.33364537 -0.61775529 -0.20476997
v -0.33513507 -0.62822866 -0.21493869
v -0.31042698 -0.65844327 -0.23887894
v -0.31577834 -0.66249853 -0.23737498
v -0.31955212 -0.65443796 -0.23716673
v -0.31307983 -0.65004945 -0.23837052
v -0.30522546 -0.67235941 -0.24252422
v -0.30218622 -0.67735994 -0.24774522
v -0.30476692 -0.68204015 -0.24301919
v -0.30821624 -0.67612851 -0.23915413
v -0.30295402 -0.65634358 -0.23934540
v -0.30580246 -0.64751887 -0.23817313
v -0.30431357 -0.66295415 -0.24189982
v -0.30784449 -0.66582555 -0.23951080
v -0.29858920 -0.66022909 -0.25134063
v -0.29605314 -0.66227281 -0.25557110
v -0.29918888 -0.66674912 -0.25571996
v -0.30175096 -0.66384721 -0.24986078
v -0.30154628 -0.65715683 -0.24318467
v -0.29688707 -0.65604055 -0.24509889
v -0.29899868 -0.65789759 -0.24761382
v -0.30262077 -0.66022515 -0.24551269
v -0.30265552 -0.66818666 -0.24612626
v -0.30055898 -0.67232913 -0.25213665
v -0.29720768 -0.67572677 -0.25824806
v -0.29520053 -0.66885322 -0.26212141
v -0.31791538 -0.63199949 -0.23168474
v -0.31116611 -0.63143939 -0.23396300
v -0.30869848 -0.63950866 -0.23650877
v -0.31555113 -0.64121789 -0.23589201
v -0.29695070 -0.65261829 -0.24249083
v -0.29335427 -0.63715947 -0.24342473
v -0.28850538 -0.64071989 -0.24731752
v -0.29012996 -0.64435887 -0.24723847
v -0.29558033 -0.64039934 -0.24333853
v -0.31708527 -0.61478436 -0.22232307
v -0.31359923 -0.60600275 -0.21802995
v -0.30767500 -0.61030257 -0.22541156
v -0.31076699 -0.61681128 -0.22776103
v -0.30233499 -0.60480714 -0.22416681
v -0.30716255 -0.59812260 -0.21556909
v -0.29027709 -0.58928704 -0.21718585
v -0.28987616 -0.59843993 -0.22935881
v -0.29641402 -0.60121858 -0.22566226
v -0.29938495 -0.59277236 -0.21516569
v -0.28130433 -0.61106223 -0.23874959
v -0.28258479 -0.59697759 -0.23481196
v -0.27372894 -0.59806609 -0.23950449
v -0.27506459 -0.61280739 -0.24186258
v -0.29064488 -0.63116914 -0.23970729
v -0.29182070 -0.63384366 -0.24193865
v -0.29528493 -0.63102138 -0.23847359
v -0.29416776 -0.62907779 -0.23698989
v -0.29795140 -0.62661910 -0.23414192
v -0.29799774 -0.62755108 -0.23504375
v -0.29973245 -0.62756145 -0.23488553
v -0.29964465 -0.62547445 -0.23369107
v -0.29645094 -0.62762582 -0.23541795
v -0.29679567 -0.62606645 -0.23476548
v -0.29448155 -0.62630284 -0.23643643
v -0.29104698 -0.62727153 -0.23955061
v -0.27805084 -0.63209665 -0.24785078
v -0.27883455 -0.63664925 -0.24628589
v -0.28190494 -0.63519323 -0.24528463
v -0.28169811 -0.63046730 -0.24621966
v -0.29897922 -0.62995970 -0.23646931
v -0.29707730 -0.63298905 -0.23929489
v -0.29959708 -0.63523626 -0.23927128
v -0.30178648 -0.63082558 -0.23635791
v -0.30577266 -0.63141251 -0.23543940
v -0.30633059 -0.62591994 -0.23271704
v -0.30247998 -0.62701976 -0.23403879
v -0.29781085 -0.62416041 -0.23327132
v -0.30184358 -0.62362111 -0.23235808
v -0.29983485 -0.62081003 -0.23159289
v -0.29660535 -0.61912274 -0.23252919
v -0.29519331 -0.62343240 -0.23486671
v -0.29152754 -0.62353313 -0.23793754
v -0.29245353 -0.61824155 -0.23520716
v -0.28709185 -0.61856985 -0.23870169
v -0.28658104 -0.62434089 -0.24187559
v -0.30322042 -0.63780534 -0.23847023
v -0.30543473 -0.62083882 -0.23061895
v -0.31138831 -0.62458473 -0.23063457
v -0.30343217 -0.61527479 -0.22942062
v -0.29916394 -0.61240089 -0.22955312
v -0.28826436 -0.60991842 -0.23530072
v -0.29423174 -0.61046731 -0.23174107
v -0.28099483 -0.58778131 -0.22155112
v -0.27118245 -0.58836180 -0.22544685
v -0.34482616 -0.69286954 -0.23076394
v -0.33730879 -0.69710147 -0.23479205
v -0.34228742 -0.68575764 -0.22780582
v -0.33881229 -0.68825424 -0.23014949
v -0.34106827 -0.68976605 -0.23003623
v -0.34472293 -0.68722987 -0.22695485
v -0.35135180 -0.67322290 -0.21300131
v -0.35055745 -0.66628236 -0.21322465
v -0.34682140 -0.67319626 -0.21687022
v -0.34765020 -0.67732733 -0.21763669
v -0.33700511 -0.66929245 -0.22552785
v -0.33713621 -0.67709017 -0.22672290
v -0.34031439 -0.67640698 -0.22415887
v -0.34142870 -0.66856188 -0.22204687
v -0.33326423 -0.67829108 -0.22889209
v -0.33221310 -0.67169511 -0.22827387
v -0.32788470 -0.67496049 -0.23012811
v -0.32945353 -0.68022501 -0.23023123
v -0.33431682 -0.69349504 -0.23236585
v -0.33388641 -0.69109309 -0.23222789
v -0.32773253 -0.69280499 -0.23193890
v -0.32748225 -0.69633245 -0.23231141
v -0.31586140 -0.69054770 -0.22826470
v -0.31296617 -0.69162643 -0.22964609
v -0.31499141 -0.69520974 -0.22980617
v -0.31720811 -0.69260317 -0.22866321
v -0.31626388 -0.68873239 -0.22875789
v -0.31421953 -0.68782169 -0.22998929
v -0.36279714 -0.74566162 -0.21661356
v -0.37308979 -0.73193300 -0.20752603
v -0.35087308 -0.73245126 -0.23035160
v -0.37772515 -0.71732068 -0.19826590
v -0.37760001 -0.70166910 -0.19057058
v -0.33067608 -0.60812539 -0.19605072
v -0.32180676 -0.60481739 -0.20803605
v -0.32521203 -0.61480296 -0.21442178
v -0.32382846 -0.59889412 -0.18902862
v -0.31446928 -0.59589040 -0.20348057
v -0.29143554 -0.58576882 -0.19842105
v -0.30401671 -0.58872730 -0.20003787
v -0.33259231 -0.60603321 -0.17327426
v -0.32515332 -0.60008734 -0.16543970
v -0.31335944 -0.59077108 -0.18136637
v -0.33606267 -0.61136752 -0.15309837
v -0.33350629 -0.60796475 -0.14327088
v -0.31751746 -0.59275877 -0.15243968
v -0.28754279 -0.56942511 -0.14594081
v -0.30185926 -0.57087791 -0.13481520
v -0.29800987 -0.56450647 -0.12491976
v -0.28532463 -0.56162798 -0.13652180
v -0.33860981 -0.61357081 -0.18192226
v -0.36636451 -0.67330438 -0.18927842
v -0.36256033 -0.65884244 -0.18638435
v -0.36170736 -0.67491394 -0.20093936
v -0.39495984 -0.72877502 -0.16239981
v -0.39360082 -0.70950246 -0.16060475
v -0.38712049 -0.70540094 -0.17641264
v -0.38760623 -0.72357684 -0.18278222
v -0.38014036 -0.77065432 -0.16844760
v -0.39048237 -0.75051141 -0.16498058
v -0.38294896 -0.74198377 -0.18901354
v -0.37286159 -0.76050007 -0.19652429
v -0.39634874 -0.71149957 -0.14259684
v -0.39782435 -0.73011565 -0.13999555
v -0.39737132 -0.72572428 -0.11833290
v -0.39619601 -0.70982540 -0.12686197
v -0.39267856 -0.75169361 -0.13752976
v -0.39202517 -0.74773526 -0.11144070
v -0.33669889 -0.61225379 -0.13145599
v -0.32593083 -0.59620076 -0.13218980
v -0.31750208 -0.58423853 -0.12902032
v -0.30722395 -0.58058798 -0.14470302
v -0.37970695 -0.76508248 -0.10581505
v -0.38224006 -0.77181804 -0.13637021
v -0.37448210 -0.69203770 -0.08169435
v -0.37678653 -0.68121082 -0.09548186
v -0.38568041 -0.69322985 -0.10398063
v -0.38406211 -0.70763958 -0.08817908
v -0.36788100 -0.70553356 -0.06628333
v -0.37727094 -0.72271836 -0.07366075
v -0.34406054 -0.64864451 -0.08422887
v -0.33758143 -0.65580928 -0.06854552
v -0.32568589 -0.64493454 -0.07822467
v -0.33293110 -0.63716209 -0.08996810
v -0.35559967 -0.69105190 -0.22173712
v -0.35739246 -0.68464017 -0.21541372
v -0.35148567 -0.68408281 -0.22103295
v -0.34953272 -0.68860352 -0.22580822
v -0.36956069 -0.68557453 -0.19514105
v -0.36316803 -0.68554556 -0.20639899
v -0.38250214 -0.69097966 -0.16995975
v -0.38845527 -0.69430327 -0.15641649
v -0.39157420 -0.69621408 -0.13022049
v -0.39145774 -0.69630545 -0.14299586
v -0.37686604 -0.67281491 -0.10665260
v -0.38233101 -0.68017018 -0.11236116
v -0.34062773 -0.62466288 -0.11845635
v -0.33615589 -0.63170248 -0.10361776
v -0.32637024 -0.61673760 -0.10332482
v -0.32961577 -0.60717142 -0.11704357
v -0.31764293 -0.63211584 -0.08025645
v -0.32278699 -0.62552404 -0.09170270
v -0.31356364 -0.58617353 -0.10540573
v -0.31215957 -0.59616053 -0.09147301
v -0.30729532 -0.58875138 -0.08228577
v -0.30663711 -0.58039510 -0.09561892
v -0.30206835 -0.59846902 -0.06995595
v -0.30748197 -0.60486150 -0.07942121
v -0.30154786 -0.61362118 -0.07017168
v -0.29597318 -0.60860693 -0.06138266
v -0.26153338 -0.56345403 -0.15226501
v -0.27253622 -0.56208408 -0.14529635
v -0.27088314 -0.55406177 -0.13658090
v -0.25994501 -0.55609274 -0.14300629
v -0.30344191 -0.57403350 -0.08406919
v -0.30533451 -0.58474326 -0.07011391
v -0.34854656 -0.64396352 -0.09886828
v -0.35231465 -0.64180207 -0.11081083
v -0.30169445 -0.59496808 -0.05761954
v -0.31903705 -0.60374296 -0.09777133
v -0.31414467 -0.61296058 -0.08667676
v -0.30939451 -0.63759434 -0.07224341
v -0.31637621 -0.64998937 -0.06871466
v -0.31192696 -0.66928518 -0.23724940
v -0.32013801 -0.68129146 -0.23112981
v -0.31692383 -0.68435580 -0.23069252
v -0.31895638 -0.68660885 -0.22997399
v -0.32215551 -0.68440318 -0.23067071
v -0.32644686 -0.72301853 -0.24291514
v -0.33914414 -0.71839547 -0.23854828
v -0.33125514 -0.70693731 -0.24096273
v -0.31740040 -0.70870060 -0.24248108
v -0.33542281 -0.64240879 -0.22556013
v -0.32596606 -0.63481057 -0.22917506
v -0.32303086 -0.64503402 -0.23460840
v -0.32919484 -0.65281057 -0.23261617
v -0.34531170 -0.67942441 -0.22060534
v -0.34517446 -0.68151015 -0.22272912
v -0.34739977 -0.68112254 -0.22009557
v -0.31831732 -0.62332177 -0.22701290
v -0.32630783 -0.62473941 -0.22179282
v -0.35630351 -0.64508879 -0.18458374
v -0.35654372 -0.67744589 -0.20980556
v -0.36627299 -0.78885424 -0.17362413
v -0.36001182 -0.77517515 -0.20429128
v -0.36730886 -0.79020381 -0.13810672
v -0.36425185 -0.78291494 -0.10557086
v -0.36508051 -0.73806763 -0.06466287
v -0.35230717 -0.75365108 -0.05912888
v -0.34046364 -0.73136753 -0.04791821
v -0.35461420 -0.71849227 -0.05424744
v -0.32542479 -0.66355824 -0.05703038
v -0.29318115 -0.62295568 -0.06543552
v -0.28766942 -0.61677474 -0.05714071
v -0.34940189 -0.75722808 -0.22482492
v -0.33726960 -0.73954248 -0.23707536
v -0.37512273 -0.68733990 -0.18264294
v -0.35003302 -0.65077060 -0.21003188
v -0.34407458 -0.64500529 -0.21609820
v -0.34415174 -0.65703189 -0.22095773
v -0.34836584 -0.66050053 -0.21594065
v -0.35011715 -0.64054370 -0.19951114
v -0.34880924 -0.63190401 -0.18534458
v -0.34736007 -0.62478960 -0.16930011
v -0.34066924 -0.61642861 -0.16059521
v -0.39136291 -0.72053015 -0.09767383
v -0.39240789 -0.70479691 -0.11165027
v -0.37510365 -0.75469726 -0.08057558
v -0.38568333 -0.73765016 -0.08886587
v -0.38942832 -0.69379377 -0.11743030
v -0.36151987 -0.77209485 -0.07774258
v -0.29162401 -0.64819914 -0.24666463
v -0.29160416 -0.65275931 -0.24629639
v -0.29858729 -0.64516151 -0.24182099
v -0.28134936 -0.62560141 -0.24455200
v -0.28146583 -0.61934841 -0.24155036
v -0.27579311 -0.62163818 -0.24272861
v -0.27676165 -0.62721312 -0.24598949
v -0.26740149 -0.58534443 -0.20604593
v -0.27834463 -0.58455360 -0.20191780
v -0.26282775 -0.57102853 -0.16369857
v -0.27422604 -0.56989503 -0.15624020
v -0.29427874 -0.66070664 -0.25030166
v -0.29491675 -0.65934217 -0.24825238
v -0.29302362 -0.66097748 -0.24883506
v -0.29312810 -0.66162503 -0.25070977
v -0.29711220 -0.62928545 -0.23616871
v -0.28423175 -0.64230376 -0.24914169
v -0.28271538 -0.63917816 -0.24756473
v -0.27963611 -0.64023256 -0.24816209
v -0.28091127 -0.64359844 -0.24975826
v -0.29753721 -0.58396387 -0.17375284
v -0.29167810 -0.57697761 -0.15803005
v -0.30431983 -0.57064217 -0.11097948
v -0.31090885 -0.57735056 -0.12068916
v -0.32106668 -0.59419358 -0.11216072
v -0.30897844 -0.62192160 -0.07725593
v -0.30067271 -0.63075531 -0.07096098
v -0.29021502 -0.63710558 -0.06731930
v -0.29741785 -0.64583373 -0.06641436
v -0.27777472 -0.58037448 -0.18239561
v -0.27590650 -0.57452786 -0.16778800
v -0.26412538 -0.57616961 -0.17433755
v -0.26546964 -0.58125192 -0.18795821
v -0.28788143 -0.66066837 -0.25189653
v -0.28823966 -0.65939140 -0.24979037
v -0.28572506 -0.65788114 -0.25063837
v -0.28609246 -0.66005623 -0.25327083
v -0.29466540 -0.65783072 -0.24672455
v -0.29148534 -0.65621316 -0.24655940
v -0.29181588 -0.65830016 -0.24656641
v -0.29562411 -0.65871179 -0.24826127
v -0.29546162 -0.66017479 -0.25073746
v -0.29114527 -0.66281152 -0.25525594
v -0.29103631 -0.66310155 -0.25972578
v -0.29409644 -0.66128731 -0.25351661
v -0.29027423 -0.66122317 -0.25052744
v -0.29002583 -0.66000807 -0.24853843
v -0.29236114 -0.65971279 -0.24706790
v -0.29390025 -0.65925634 -0.24717665
v -0.29158878 -0.66246462 -0.25335586
v -0.29327250 -0.66160274 -0.25205556
v -0.29894248 -0.68143445 -0.25310606
v -0.25365576 -0.57354999 -0.16663770
v -0.25482935 -0.57857984 -0.17738137
v -0.29742926 -0.62718070 -0.23465933
v -0.32799628 -0.70019257 -0.23669934
v -0.33829793 -0.65769958 -0.22672582
v -0.31946206 -0.66744876 -0.23503444
v -0.32182398 -0.67265308 -0.23269188
v -0.32661015 -0.66770113 -0.23189251
v -0.32432592 -0.66018838 -0.23455772
v -0.31841728 -0.70102572 -0.23612282
v -0.31186444 -0.69792366 -0.23429295
v -0.30813009 -0.70136726 -0.23999260
v -0.30895734 -0.69262296 -0.23389427
v -0.31020823 -0.68691456 -0.23278330
v -0.30752069 -0.68499851 -0.23810604
v -0.30507433 -0.69264543 -0.24136704
v -0.34661996 -0.68458974 -0.22333327
v -0.34420711 -0.68385851 -0.22525930
v -0.31098372 -0.67928171 -0.23593177
v -0.31342575 -0.68233228 -0.23272632
v -0.31730917 -0.67778087 -0.23284066
v -0.31494805 -0.67330873 -0.23490022
v -0.33199471 -0.66231561 -0.23006858
v -0.35130292 -0.67929411 -0.21583906
v -0.34446931 -0.67019773 -0.21853343
v -0.34886903 -0.63413632 -0.12466846
v -0.35723740 -0.64369476 -0.11838946
v -0.34770223 -0.62408662 -0.14255060
v -0.34751621 -0.62607664 -0.13863122
v -0.34089246 -0.62154675 -0.13974988
v -0.34273207 -0.62005079 -0.14506716
v -0.37911308 -0.66901374 -0.12838665
v -0.37844843 -0.66908443 -0.13258806
v -0.38138187 -0.67503750 -0.13362300
v -0.38141888 -0.67509890 -0.12580234
v -0.37984365 -0.67072558 -0.13957000
v -0.37769899 -0.66779798 -0.13960439
v -0.37773338 -0.66681457 -0.14301530
v -0.38086206 -0.67338330 -0.14154939
v -0.37802118 -0.67107797 -0.14918379
v -0.38330674 -0.68142748 -0.15313722
v -0.38531867 -0.68414819 -0.14238811
v -0.36940980 -0.67068756 -0.17310674
v -0.37725082 -0.67791545 -0.16329427
v -0.37265366 -0.66726327 -0.15490015
v -0.36706799 -0.65966630 -0.15923440
v -0.35036579 -0.62830251 -0.15572605
v -0.34671575 -0.62095028 -0.15059030
v -0.34322885 -0.62592381 -0.13249025
v -0.35575336 -0.68804014 -0.06442569
v -0.36393332 -0.67695600 -0.07888401
v -0.36857945 -0.66796410 -0.09224398
v -0.36959106 -0.66296232 -0.10414807
v -0.34762514 -0.69905388 -0.05114104
v -0.33536777 -0.70618391 -0.04350019
v -0.36333013 -0.65358567 -0.17235892
v -0.36151505 -0.64907634 -0.16004536
v -0.35475445 -0.66118836 -0.07912584
v -0.34525418 -0.67109907 -0.06559990
v -0.35881901 -0.65505719 -0.09334436
v -0.36144668 -0.65243351 -0.10543476
v -0.33615300 -0.68367392 -0.05249326
v -0.32034695 -0.68857419 -0.04429439
v -0.31143141 -0.66815501 -0.05086556
v -0.35600665 -0.62875360 -0.14515692
v -0.35431129 -0.62281954 -0.14518647
v -0.35070682 -0.62335527 -0.14648198
v -0.35352600 -0.62728298 -0.14899261
v -0.35654867 -0.63755095 -0.15770523
v -0.35634083 -0.63917732 -0.17017102
v -0.30139178 -0.68689239 -0.24777324
v -0.26603186 -0.60031098 -0.24145047
v -0.27019903 -0.61488402 -0.24350335
v -0.28684640 -0.64943731 -0.24887335
v -0.28546256 -0.64621335 -0.24929236
v -0.28216076 -0.64695138 -0.24975179
v -0.28333879 -0.65053356 -0.24947657
v -0.32015550 -0.69736171 -0.23126678
v -0.30494690 -0.65521562 -0.06211899
v -0.28315949 -0.63008356 -0.06342487
v -0.27786243 -0.62332118 -0.05631883
v -0.29419303 -0.60356259 -0.04841748
v -0.28540421 -0.61144835 -0.04488868
v -0.28446284 -0.65431535 -0.24961585
v -0.28752479 -0.65330851 -0.24867508
v -0.29115441 -0.66203308 -0.25224546
v -0.28700110 -0.63708460 -0.24559002
v -0.28971532 -0.65840602 -0.24816656
v -0.28829467 -0.65658432 -0.24853927
v -0.28393143 -0.65771288 -0.25132871
v -0.28286672 -0.65457654 -0.24991527
v -0.32360071 -0.67837799 -0.23092251
v -0.32540843 -0.68246937 -0.23066436
v -0.28906995 -0.66189915 -0.25424597
v -0.28751093 -0.66140819 -0.25654233
v -0.28337994 -0.55362147 -0.12722754
v -0.29444087 -0.55749500 -0.11450973
v -0.27743435 -0.64118290 -0.24824879
v -0.27881610 -0.64435643 -0.24986163
v -0.36619258 -0.65325606 -0.15047866
v -0.37104017 -0.65934944 -0.14887799
v -0.37057129 -0.65483928 -0.14337081
v -0.36689192 -0.64929235 -0.14471276
v -0.25265881 -0.56621015 -0.15640225
v -0.29946154 -0.56575620 -0.09910729
v -0.27428836 -0.61967134 -0.04476389
v -0.34298235 -0.67640859 -0.22161825
v -0.34460002 -0.67759836 -0.22014003
v -0.32161883 -0.69356894 -0.23011310
v -0.28619170 -0.62915218 -0.24354887
v -0.28582835 -0.63364589 -0.24297576
v -0.25642851 -0.58350015 -0.19045739
v -0.28466770 -0.65975142 -0.25417227
v -0.37408018 -0.66266167 -0.13483097
v -0.37235150 -0.65963578 -0.13512595
v -0.37466097 -0.65766448 -0.13738436
v -0.37590444 -0.66051388 -0.13823809
v -0.37856132 -0.66255265 -0.14400335
v -0.38083458 -0.66536170 -0.14233236
v -0.38104057 -0.66133827 -0.14005986
v -0.37835079 -0.65979040 -0.14069587
v -0.37559420 -0.66396427 -0.14659858
v -0.37499064 -0.65963471 -0.14394069
v -0.38383323 -0.66603661 -0.14072320
v -0.38258266 -0.66358757 -0.13916118
v -0.37855417 -0.66840369 -0.13694814
v -0.38142326 -0.66828501 -0.13947594
v -0.38324603 -0.67003179 -0.13514183
v -0.38661337 -0.66634601 -0.13692564
v -0.38526595 -0.66912210 -0.12883180
v -0.38862064 -0.66478908 -0.13138172
v -0.38431674 -0.66579032 -0.12242106
v -0.38818729 -0.66204292 -0.12521443
v -0.35675856 -0.63528472 -0.14959738
v -0.35546175 -0.63871986 -0.14291413
v -0.38205564 -0.66039217 -0.11927722
v -0.38640279 -0.65729582 -0.12154573
v -0.37815869 -0.65368170 -0.11689891
v -0.38273695 -0.65156859 -0.11913781
v -0.37352502 -0.64621782 -0.11656016
v -0.37814015 -0.64536780 -0.11865942
v -0.36956593 -0.63975435 -0.11965516
v -0.37399516 -0.63919240 -0.12107505
v -0.36365721 -0.63185883 -0.12369908
v -0.36907053 -0.63351154 -0.12565660
v -0.38393316 -0.66188633 -0.12572014
v -0.38444793 -0.66455686 -0.13007793
v -0.37693924 -0.66622150 -0.12529889
v -0.38365254 -0.66505337 -0.13510898
v -0.36954325 -0.65588307 -0.12756763
v -0.36830726 -0.65310168 -0.12919879
v -0.37114799 -0.65244353 -0.13330930
v -0.36963016 -0.65595824 -0.13077766
v -0.36696762 -0.64780331 -0.14077808
v -0.36383682 -0.64305496 -0.14047056
v -0.36267239 -0.64298290 -0.14446667
v -0.35966182 -0.64063239 -0.13963310
v -0.36171103 -0.64501846 -0.13876811
v -0.36033008 -0.64203227 -0.13841794
v -0.36266202 -0.64926702 -0.13866408
v -0.36021620 -0.64029425 -0.13686576
v -0.35945499 -0.63882732 -0.13796115
v -0.35977152 -0.64184958 -0.13631961
v -0.35979331 -0.64272416 -0.13705990
v -0.35948083 -0.64474803 -0.13639733
v -0.36121860 -0.64743495 -0.13413385
v -0.36165255 -0.64447415 -0.15059203
v -0.35583881 -0.63822997 -0.12805119
v -0.36234057 -0.64411879 -0.12447508
v -0.36426440 -0.62860256 -0.13100867
v -0.35831660 -0.62434006 -0.12972769
v -0.35488212 -0.61986178 -0.14233911
v -0.35595012 -0.62016737 -0.13649020
v -0.37401712 -0.66205895 -0.12322870
v -0.37098974 -0.65621817 -0.12151454
v -0.35061368 -0.63134462 -0.13410547
v -0.36701173 -0.65102255 -0.12198651
v -0.36942783 -0.63703966 -0.12685844
v -0.36548486 -0.63466907 -0.13136950
v -0.37347871 -0.64113235 -0.12370633
v -0.35875317 -0.63527131 -0.13994484
v -0.36243206 -0.63331652 -0.13591042
v -0.36159891 -0.62703931 -0.13704592
v -0.35882121 -0.62723535 -0.14169356
v -0.36487725 -0.63897437 -0.13217530
v -0.36943316 -0.64070535 -0.12943590
v -0.36288506 -0.64235234 -0.13135429
v -0.36705935 -0.64434898 -0.12889165
v -0.36095592 -0.64090598 -0.13457583
v -0.36156023 -0.63837677 -0.13546915
v -0.36064833 -0.64511073 -0.13099043
v -0.36492693 -0.64824712 -0.12799922
v -0.35979438 -0.64289588 -0.13439876
v -0.37113500 -0.64609569 -0.12763698
v -0.36953330 -0.64991260 -0.12742829
v -0.37369245 -0.65161622 -0.12942420
v -0.37476739 -0.64837658 -0.12800957
v -0.37315553 -0.64293736 -0.12662713
v -0.37621492 -0.64655995 -0.12537086
v -0.37628895 -0.64654005 -0.12159647
v -0.37873900 -0.65157270 -0.12486406
v -0.37945628 -0.65240020 -0.12162895
v -0.37758827 -0.65161192 -0.12791440
v -0.37671590 -0.65271044 -0.13053668
v -0.38267761 -0.65783203 -0.12323391
v -0.38111240 -0.65607041 -0.12604348
v -0.38219935 -0.65995693 -0.12814477
v -0.37944832 -0.65509546 -0.12861502
v -0.38039091 -0.65785283 -0.13050520
v -0.37829739 -0.65458763 -0.13044603
v -0.37827450 -0.65630043 -0.13183519
v -0.37947482 -0.66409135 -0.13692306
v -0.37775159 -0.66255605 -0.13813670
v -0.38112053 -0.66376579 -0.13414218
v -0.37865451 -0.66205168 -0.13403758
v -0.37812370 -0.66300952 -0.13568263
v -0.37645426 -0.66249526 -0.13605012
v -0.37703869 -0.66021490 -0.13461973
v -0.37453613 -0.65957677 -0.13295825
v -0.25335982 -0.53863037 -0.13087519
v -0.24277526 -0.54358560 -0.13421430
v -0.24726416 -0.55118626 -0.13966756
v -0.25722992 -0.54761386 -0.13587716
v -0.37964040 -0.66024601 -0.13215736
v -0.37779510 -0.65806854 -0.13339543
v -0.38200718 -0.66265637 -0.13102125
v -0.37434173 -0.65579051 -0.13043401
v -0.37580401 -0.65679204 -0.13228555
v -0.37645078 -0.65452719 -0.13159052
v -0.37490195 -0.65399742 -0.13061501
v -0.36827940 -0.65144670 -0.13996390
v -0.36573660 -0.65160900 -0.13673837
v -0.36471337 -0.64965665 -0.13258919
v -0.27597868 -0.51779485 -0.09815182
v -0.27625030 -0.52948296 -0.10219508
v -0.29155123 -0.53138715 -0.08656064
v -0.29400212 -0.51905930 -0.08200312
v -0.27293813 -0.48670694 -0.10197698
v -0.29738915 -0.48163947 -0.07975642
v -0.28074452 -0.46031249 -0.09461170
v -0.26202357 -0.46772495 -0.10670760
v -0.26741275 -0.44290569 -0.10449019
v -0.25205764 -0.44975200 -0.11352362
v -0.23925053 -0.39374751 -0.12786146
v -0.22754864 -0.40063459 -0.13666767
v -0.23536333 -0.41666815 -0.12920757
v -0.24762753 -0.41004416 -0.12092187
v -0.21284936 -0.31017336 -0.11658923
v -0.19699661 -0.30304193 -0.10857771
v -0.19021103 -0.31063956 -0.12172025
v -0.20584761 -0.31649587 -0.12707256
v -0.28345501 -0.38775799 -0.06603564
v -0.29361677 -0.39631802 -0.05951399
v -0.29180637 -0.38644442 -0.05145153
v -0.28157860 -0.37938401 -0.05704760
v -0.33056363 -0.50981373 -0.03802761
v -0.31690815 -0.49510667 -0.05702843
v -0.31162101 -0.51137584 -0.05950982
v -0.32521021 -0.52455914 -0.04269198
v -0.24794036 -0.31803763 -0.06056323
v -0.23818636 -0.30786964 -0.06282274
v -0.24141537 -0.31278658 -0.07736081
v -0.25004467 -0.32380423 -0.07631575
v -0.17245540 -0.29544702 -0.02983608
v -0.16834743 -0.28406003 -0.02361863
v -0.15786871 -0.28197393 -0.04628207
v -0.16290912 -0.29332265 -0.05069302
v -0.20404114 -0.32334799 0.03911039
v -0.20101468 -0.33851293 0.06471470
v -0.19154896 -0.33587077 0.07154942
v -0.19500592 -0.31984210 0.04665914
v -0.25689939 -0.38141012 -0.10738827
v -0.24934945 -0.38735116 -0.11788519
v -0.25769874 -0.40314525 -0.11137563
v -0.26513848 -0.39642447 -0.10069027
v -0.27217931 -0.25616825 0.01875057
v -0.25378343 -0.26071453 0.01861679
v -0.26096097 -0.28104860 0.00922642
v -0.27948713 -0.27698043 0.01044327
v -0.17197350 -0.27826083 0.06311241
v -0.16843468 -0.29524273 0.08732960
v -0.16593561 -0.28528011 0.08798467
v -0.16913620 -0.26918906 0.06374110
v -0.33548275 -0.37829047 -0.02313800
v -0.33919263 -0.39300257 -0.02848571
v -0.35584307 -0.40288988 -0.01303410
v -0.35279343 -0.38664645 -0.00864583
v -0.26788327 -0.36223888 -0.06620518
v -0.26718384 -0.36766416 -0.07754284
v -0.27420712 -0.37879202 -0.07277419
v -0.27363992 -0.37190604 -0.06204786
v -0.22514370 -0.34470338 0.05813381
v -0.22773778 -0.33213693 0.03475407
v -0.23926480 -0.34294796 0.03388854
v -0.23720106 -0.35367417 0.05586642
v -0.21626875 -0.32577062 0.03774824
v -0.21251518 -0.33944312 0.06215618
v -0.26605967 -0.37204823 -0.08718199
v -0.26228812 -0.37597883 -0.09706503
v -0.27067667 -0.38999146 -0.09038644
v -0.27355418 -0.38531443 -0.08189591
v -0.18136239 -0.30177507 -0.09640693
v -0.17367530 -0.31039578 -0.11348805
v -0.16512397 -0.25541121 0.03788516
v -0.15690240 -0.24437171 0.01362828
v -0.15939502 -0.25337332 0.01325884
v -0.16790271 -0.26411530 0.03756060
v -0.15968628 -0.30425370 -0.07456032
v -0.16917038 -0.30533537 -0.08422327
v -0.17815682 -0.30096361 -0.06739961
v -0.16912764 -0.30155674 -0.05673835
v -0.14623293 -0.23573963 -0.01029285
v -0.13214718 -0.22892632 -0.03469455
v -0.13433643 -0.24056250 -0.03472737
v -0.14781551 -0.24601109 -0.01074971
v -0.25670382 -0.42634487 -0.11286703
v -0.24382700 -0.43310982 -0.12203689
v -0.22620821 -0.30410507 -0.09379835
v -0.21276924 -0.29666007 -0.08343340
v -0.20494978 -0.29834017 -0.09570353
v -0.22000793 -0.30592987 -0.10493195
v -0.27410376 -0.36847645 -0.02804723
v -0.27807856 -0.37167820 -0.04479939
v -0.28801799 -0.37557498 -0.03839022
v -0.27795127 -0.37120160 -0.02226980
v -0.16498151 -0.27520460 0.09100799
v -0.16834712 -0.26154113 0.06652961
v -0.14649802 -0.22577171 -0.00727416
v -0.13203600 -0.21837175 -0.03219417
v -0.26410526 -0.38422179 0.05249383
v -0.26480252 -0.38503748 0.04903828
v -0.26639736 -0.37993890 0.03208449
v -0.26628441 -0.38035756 0.03592315
v -0.17763168 -0.34049255 -0.14689483
v -0.19449216 -0.33765271 -0.14465515
v -0.18884960 -0.32217458 -0.13478258
v -0.17121901 -0.32329550 -0.13154972
v -0.19917938 -0.29436043 -0.06833966
v -0.18832032 -0.29792702 -0.05268083
v -0.19006418 -0.29625466 -0.08143371
v -0.15941025 -0.34556007 -0.14606825
v -0.15081292 -0.32815826 -0.12406376
v -0.22948535 -0.43976197 -0.13116980
v -0.22218448 -0.42415547 -0.13837546
v -0.23663597 -0.45609546 -0.12393489
v -0.22214583 -0.46179885 -0.13331991
v -0.22805893 -0.47942370 -0.12756027
v -0.24361125 -0.47367227 -0.11793068
v -0.23442456 -0.49734372 -0.12514861
v -0.25107458 -0.49187657 -0.11502546
v -0.25792599 -0.51997012 -0.11262329
v -0.26089427 -0.52988660 -0.11575689
v -0.27191496 -0.36537293 -0.04919394
v -0.26694134 -0.35582659 -0.05188436
v -0.15691368 -0.23564371 0.01696330
v -0.28683090 -0.51241249 0.06977440
v -0.27184135 -0.50959748 0.08057461
v -0.28446895 -0.49306944 0.07896402
v -0.29805654 -0.49579960 0.06860498
v -0.33621794 -0.49650276 -0.03447973
v -0.32356265 -0.47935587 -0.05296713
v -0.26797789 -0.42272562 0.09241030
v -0.26467299 -0.43137157 0.09450606
v -0.26210591 -0.42313898 0.09198102
v -0.26400575 -0.41771501 0.09083679
v -0.26168883 -0.39360011 0.07708637
v -0.25780314 -0.38452148 0.08142248
v -0.26228222 -0.38642737 0.08804298
v -0.26424697 -0.39738715 0.08294119
v -0.15628336 -0.30163103 0.10792746
v -0.15874211 -0.31342971 0.10835275
v -0.18180640 -0.39892432 0.11102055
v -0.18879637 -0.37609243 0.10006334
v -0.20480558 -0.37628716 0.09676073
v -0.20142883 -0.39676023 0.10725228
v -0.18871254 -0.56406486 0.04504577
v -0.17860216 -0.55621445 0.05223275
v -0.19700372 -0.54888463 0.06138119
v -0.20785400 -0.55656630 0.05427912
v -0.26633281 -0.54625064 0.05870901
v -0.27866220 -0.54952568 0.04859723
v -0.25345293 -0.56124979 0.04503550
v -0.24197501 -0.55600780 0.05415983
v -0.27128068 -0.52825254 0.07067686
v -0.25642902 -0.52332777 0.08005138
v -0.23593618 -0.36674565 0.07327040
v -0.22226429 -0.36037663 0.07680362
v -0.25389469 -0.38008013 0.06933060
v -0.25484204 -0.37000319 0.05357895
v -0.25984067 -0.37646452 0.05143888
v -0.25808197 -0.38541320 0.06645305
v -0.32034242 -0.53735840 -0.04722699
v -0.32221308 -0.55276275 -0.02779391
v -0.32984185 -0.53797770 -0.02266517
v -0.27896276 -0.58356345 0.00815173
v -0.27531722 -0.58066678 0.01396497
v -0.29098174 -0.57160074 0.01205584
v -0.28979903 -0.57724559 0.00542473
v -0.15183187 -0.50848645 0.09294873
v -0.13594912 -0.51812905 0.08518843
v -0.12109821 -0.50544554 0.08936818
v -0.13777602 -0.49371907 0.09828076
v -0.26057222 -0.39611387 0.07499268
v -0.26182771 -0.39610621 0.07369824
v -0.26118138 -0.40419602 0.08162817
v -0.26036072 -0.40519664 0.08303922
v -0.25767684 -0.40466014 0.08556147
v -0.25223392 -0.40313527 0.08892019
v -0.25292987 -0.39100784 0.08061929
v -0.25827700 -0.39435470 0.07721739
v -0.21949106 -0.39578459 0.10210434
v -0.22069180 -0.37746879 0.09169503
v -0.23544499 -0.38105968 0.08812705
v -0.23472071 -0.39814490 0.09827577
v -0.07317814 -0.45862612 0.09648518
v -0.08782010 -0.45000577 0.10723071
v -0.10192128 -0.46542284 0.10494936
v -0.08677495 -0.47558033 0.09618953
v -0.26796764 -0.36636800 0.00673862
v -0.27125612 -0.36085129 -0.00921149
v -0.26611412 -0.35346279 -0.00468577
v -0.26045173 -0.35811198 0.01505527
v -0.27934092 -0.38050655 0.10023766
v -0.28057539 -0.37039441 0.10336582
v -0.28761590 -0.37016985 0.10375357
v -0.28695071 -0.38127980 0.10101292
v -0.24460310 -0.34806377 0.04016954
v -0.25089109 -0.34624952 0.02197596
v -0.23924521 -0.33075124 0.02845620
v -0.23325168 -0.33375049 0.04823024
v -0.34258738 -0.49895170 -0.00529004
v -0.34004179 -0.48455390 -0.03004116
v -0.33948132 -0.50978780 -0.01100510
v -0.24876535 -0.36661667 0.06434774
v -0.24031603 -0.35499021 0.07232420
v -0.24332675 -0.35803148 0.08538005
v -0.24982548 -0.37077391 0.07777852
v -0.29014128 -0.25424871 0.02648157
v -0.29697189 -0.27525744 0.01851304
v -0.22343871 -0.31894282 0.07332552
v -0.22841828 -0.31956425 0.08839779
v -0.23227584 -0.33863428 0.08086225
v -0.23033965 -0.33636805 0.06583092
v -0.16620380 -0.39801344 0.11283867
v -0.17586255 -0.37619075 0.10354438
v -0.12556982 -0.33130404 0.13451587
v -0.14232567 -0.31666431 0.12350231
v -0.14406505 -0.33086091 0.12296391
v -0.12771657 -0.34688413 0.13287321
v -0.15443602 -0.29006338 0.11081107
v -0.12360433 -0.31651092 0.13646337
v -0.14011547 -0.30306387 0.12565045
v -0.31102341 -0.57389081 -0.04524604
v -0.30394587 -0.58594859 -0.03220443
v -0.30607367 -0.57931334 -0.02141307
v -0.31637210 -0.56492209 -0.03536229
v -0.17202123 -0.19279861 0.14363711
v -0.16687115 -0.16581404 0.14799727
v -0.17870386 -0.16394818 0.11780952
v -0.18189201 -0.18681493 0.11575241
v -0.27499613 -0.60067976 -0.00823185
v -0.29147261 -0.59095174 -0.01275024
v -0.29228088 -0.59672379 -0.02396019
v -0.27802795 -0.60536981 -0.01981004
v -0.18301763 -0.20881756 0.11170752
v -0.17359067 -0.21842948 0.13885909
v -0.30857760 -0.55983728 -0.06171389
v -0.31472671 -0.54964763 -0.05372114
v -0.30392373 -0.53995681 -0.07042986
v -0.30017516 -0.54910725 -0.07771092
v -0.28924277 -0.54282355 -0.09396690
v -0.18085571 -0.16254024 0.08616775
v -0.18126945 -0.17924523 0.08569446
v -0.30219549 -0.59115815 -0.04439411
v -0.29277536 -0.60104126 -0.03558179
v -0.28171444 -0.60905373 -0.03187009
v -0.27044839 -0.61605209 -0.03274141
v -0.15910518 -0.27782524 0.11802502
v -0.16897434 -0.26447290 0.09655698
v -0.09386950 -0.06588271 0.18127936
v -0.06021821 -0.06333205 0.18728325
v -0.06838162 -0.04249635 0.16634023
v -0.10617869 -0.04684421 0.16353659
v 0.01668111 -0.08197540 0.18093386
v 0.01232270 -0.06118977 0.15853681
v -0.02854418 -0.04739040 0.16570842
v -0.02399399 -0.06780449 0.18734361
v 0.00515222 -0.23055421 0.20664670
v -0.02640634 -0.22394569 0.21297324
v -0.03247947 -0.24853885 0.20376216
v -0.00142629 -0.25566882 0.19761069
v -0.12565821 -0.30205891 0.14572409
v -0.14367342 -0.29012096 0.13450029
v -0.17122430 -0.25165617 0.07107684
v -0.20740823 -0.08039272 0.04077004
v -0.20170051 -0.06865075 0.08308378
v -0.20726758 -0.04301736 0.07384632
v -0.21437907 -0.05277473 0.03455993
v -0.15598246 -0.01436058 0.12424125
v -0.15039313 -0.03859386 0.13896582
v -0.11268151 -0.02597740 0.14656410
v -0.11792473 -0.00349426 0.13109608
v -0.11489956 -0.21259089 -0.05543701
v -0.13212854 -0.20979466 -0.02851804
v -0.11564477 -0.20262824 -0.05217991
v -0.05825492 -0.20688923 -0.10562183
v -0.07966647 -0.20675904 -0.09119280
v -0.07803220 -0.19461104 -0.08937221
v -0.05668566 -0.19513717 -0.10255373
v -0.04362885 -0.13320169 -0.07383034
v -0.02704181 -0.13363442 -0.07936853
v -0.03430459 -0.14752600 -0.08636753
v -0.05207929 -0.14600533 -0.07732721
v -0.17356053 -0.17358668 0.05532814
v -0.15833251 -0.16964625 0.02408284
v -0.16243172 -0.17993686 0.02709557
v -0.17675842 -0.18744975 0.05596409
v 0.00878631 -0.04815149 0.13297093
v -0.02809650 -0.03103086 0.14096732
v -0.20870514 -0.06208044 -0.00679830
v -0.19892022 -0.09007517 0.00047668
v -0.18568462 -0.06831032 -0.04585531
v -0.15174466 -0.06571555 -0.06894226
v -0.14354134 -0.09204707 -0.05903140
v -0.17680946 -0.09471256 -0.03544809
v -0.01380152 -0.07310998 -0.02516324
v -0.03111426 -0.09269419 -0.04599597
v -0.03962865 -0.08769119 -0.03967822
v -0.02019791 -0.07005233 -0.02059083
v 0.02125040 -0.12957144 0.20721206
v 0.02014952 -0.10660928 0.19746126
v -0.01689453 -0.09163812 0.20334345
v -0.01303248 -0.11766848 0.21386084
v -0.10511413 -0.32736081 0.14290591
v -0.10576116 -0.31179452 0.15352958
v -0.08613220 -0.33679962 0.14595492
v -0.10777641 -0.34460393 0.14092737
v -0.08913794 -0.35659373 0.14204335
v -0.14585635 -0.44275877 0.11673515
v -0.15595958 -0.42043895 0.11768679
v -0.17299283 -0.42357290 0.11655310
v -0.16492157 -0.44766957 0.11600983
v -0.21697405 -0.54257488 0.07083270
v -0.22956488 -0.54944414 0.06293792
v -0.07229628 -0.00224662 0.13015756
v -0.02837154 -0.01356548 0.11326835
v -0.05299491 0.02353710 0.10018158
v -0.08923331 0.02534088 0.11441333
v -0.16024712 0.01149547 0.10980654
v -0.18934625 -0.00127533 0.09313354
v -0.18519577 -0.02856237 0.10666300
v -0.21222045 -0.01530588 0.06189910
v -0.22107881 -0.02636671 0.02207326
v -0.19114575 -0.04066655 -0.05730701
v -0.15771863 -0.03783980 -0.07846407
v -0.05045496 -0.02842751 -0.05017952
v -0.07820389 -0.04121351 -0.06791598
v -0.08466187 -0.01699632 -0.07180966
v -0.05678596 -0.00534648 -0.05171639
v -0.08481079 -0.13350177 -0.05349187
v -0.11801523 -0.15251952 -0.03012636
v -0.11588681 -0.14438036 -0.02993072
v -0.08783920 -0.12849551 -0.04346110
v -0.06542595 -0.21932417 -0.10804671
v -0.08285303 -0.21892622 -0.09590852
v -0.09720426 -0.20875517 -0.07557492
v -0.09947470 -0.21960588 -0.07990421
v -0.11633621 -0.22277518 -0.05892155
v -0.10663750 -0.27159652 -0.10773744
v -0.12425394 -0.26709935 -0.08873905
v -0.11514769 -0.25473621 -0.08640952
v -0.09740675 -0.25936118 -0.10510527
v -0.11762214 -0.28780788 -0.10938307
v -0.13367528 -0.28283837 -0.09006064
v -0.13730764 -0.32075036 -0.11007960
v -0.15969452 -0.31303352 -0.10246284
v -0.14962178 -0.30985263 -0.09264785
v -0.21536194 -0.44531313 -0.13998631
v -0.20823012 -0.43044633 -0.14662333
v -0.17463394 -0.16051073 0.05212745
v -0.01123846 -0.01068643 0.07948346
v -0.01132753 -0.00797251 0.04667245
v -0.02073117 0.01977855 0.04331474
v -0.02866693 0.02258554 0.07532291
v -0.18404664 -0.19735780 0.08467009
v -0.16415823 -0.24770890 0.04089865
v -0.16738918 -0.23881954 0.04545315
v -0.20378545 -0.30941251 0.00380687
v -0.19203132 -0.30791333 0.01814437
v -0.20743442 -0.33504963 -0.13953181
v -0.20108503 -0.32422227 -0.13478839
v -0.17990725 -0.05403098 0.11950329
v -0.19673926 -0.01203004 -0.06731772
v -0.20096621 0.01518306 -0.07704050
v -0.16783668 0.01991779 -0.09472747
v -0.16219547 -0.00793546 -0.08710077
v -0.04970932 0.03325871 -0.02677242
v -0.06685777 0.02178636 -0.05372362
v -0.07739499 0.05022624 -0.05751172
v -0.06336831 0.06140792 -0.03039959
v -0.07680659 0.09005705 -0.03685473
v -0.09013687 0.07868895 -0.06448953
v -0.09970182 0.10776293 -0.06787059
v -0.08869898 0.11712438 -0.04230483
v -0.21569881 -0.03581610 -0.02040236
v -0.23264749 0.02536756 -0.00613220
v -0.22484455 0.01796600 -0.04463390
v -0.22099584 -0.00813928 -0.03241388
v -0.22818474 -0.00036350 0.00725113
v -0.12743790 0.02195603 0.11606236
v -0.03812329 0.00602129 -0.02506348
v -0.03130377 -0.01724601 -0.02443311
v -0.05882578 0.08046046 0.02482939
v -0.07083650 0.08449882 0.05187358
v -0.05051781 0.05575982 0.06402478
v -0.03896531 0.05114996 0.03440452
v -0.18095072 0.05917415 0.07626872
v -0.20666045 0.04610795 0.05708311
v -0.19778553 0.02322504 0.07469735
v -0.17072907 0.03577894 0.09261209
v -0.21993643 0.00971577 0.04441197
v -0.22579068 0.03436267 0.02852640
v -0.24013354 0.07608742 -0.03434017
v -0.23066236 0.07048336 -0.06828398
v -0.22805038 0.04427546 -0.05687109
v -0.23675515 0.05082044 -0.02067074
v -0.23591022 0.08345178 -0.00055455
v -0.23070069 0.05925211 0.01372442
v -0.21443862 0.06976104 0.04167348
v -0.22136082 0.09317908 0.02742681
v -0.19957153 0.10355562 0.04577529
v -0.19062540 0.08136493 0.06091394
v -0.16420284 0.09236780 0.07038365
v -0.17473406 0.11338243 0.05553301
v -0.13586077 0.10158291 0.07022700
v -0.10979702 0.10669383 0.05999324
v -0.12572727 0.12813234 0.04712981
v -0.14924206 0.12229881 0.05573627
v -0.09123641 0.13043129 0.00978319
v -0.10501231 0.13128820 0.03176083
v -0.08854195 0.10918462 0.04163833
v -0.07586573 0.10658783 0.01666234
v -0.15149289 0.21932861 -0.01468940
v -0.16814563 0.21143618 -0.00454870
v -0.15008888 0.19305643 0.00400448
v -0.13367441 0.19871557 -0.00940780
v -0.18353602 0.20480153 0.00580017
v -0.20123890 0.19756925 0.01232699
v -0.18642686 0.17868167 0.01771477
v -0.16978684 0.18523735 0.01044330
v -0.22373493 0.16329852 0.00623810
v -0.20547584 0.17116573 0.01659752
v -0.21916135 0.18930849 0.01030174
v -0.23578358 0.18125710 -0.00142580
v -0.25188681 0.17220929 -0.01858290
v -0.24200182 0.15419030 -0.00996232
v -0.25932175 0.16602999 -0.04349826
v -0.25279343 0.14704731 -0.03566715
v -0.24833314 0.14401761 -0.06640187
v -0.25334293 0.16429946 -0.07323109
v -0.12602216 0.18997699 -0.07109648
v -0.13956721 0.21555665 -0.07198344
v -0.13354245 0.21991587 -0.05069301
v -0.11865792 0.19636106 -0.04974534
v -0.16371521 0.17033151 -0.10448858
v -0.18639165 0.15588516 -0.11767160
v -0.19368398 0.18193871 -0.11559935
v -0.17440203 0.19555247 -0.10238917
v -0.24031749 0.10683930 -0.01348813
v -0.24218649 0.10020930 -0.04665829
v -0.20745021 0.12433416 0.03087731
v -0.22735660 0.11543614 0.01378882
v -0.10533969 0.15319321 0.00301450
v -0.12036602 0.15233505 0.02190086
v -0.10925452 0.13595152 -0.07039495
v -0.09969513 0.14420184 -0.04621644
v -0.21064520 0.12164313 -0.11001921
v -0.20668042 0.09783569 -0.10152223
v -0.23200743 0.09576294 -0.07931524
v -0.23446293 0.11939669 -0.08912437
v -0.24568707 0.12784243 -0.02546208
v -0.23433666 0.13487703 0.00060514
v -0.21469936 0.14430520 0.01738191
v -0.19493331 0.15295264 0.02708249
v -0.17443833 0.16044834 0.02792980
v -0.15431143 0.16693857 0.02231541
v -0.13418268 0.17344105 0.01348604
v -0.11858574 0.17633197 -0.00256766
v -0.10848945 0.17075282 -0.04795496
v -0.11698531 0.16376981 -0.07076286
v -0.21882048 0.17071310 -0.11598931
v -0.21369059 0.14649364 -0.11732846
v -0.23599482 0.14275235 -0.09548358
v -0.24117011 0.16396490 -0.09919666
v -0.22558817 0.19335568 -0.11361232
v -0.20467743 0.20472297 -0.11361188
v -0.20265363 0.22427836 0.00189988
v -0.21966466 0.21616828 0.00682892
v -0.23526862 0.20862862 0.00484781
v -0.26450688 0.19084620 -0.02494806
v -0.26871064 0.18600371 -0.05275221
v -0.26081258 0.18578202 -0.08253428
v -0.24660543 0.18550512 -0.10275494
v -0.17538491 0.26228148 -0.05820577
v -0.15522125 0.23995969 -0.05440482
v -0.16021705 0.23679498 -0.07378578
v -0.18050176 0.25794053 -0.07774796
v -0.18972778 0.26087168 -0.02259751
v -0.20308647 0.25527993 -0.00659677
v -0.18841095 0.22999808 -0.01114154
v -0.17398819 0.23616043 -0.02341822
v -0.21900645 0.24793351 0.00380017
v -0.23662925 0.23914370 0.00735030
v -0.25423253 0.22916207 0.00450759
v -0.27968097 0.21158484 -0.03191616
v -0.25139385 0.19867653 -0.00585046
v -0.26994511 0.21903235 -0.00820255
v -0.28085065 0.20762664 -0.06454585
v -0.28045756 0.23569655 -0.10114403
v -0.26506472 0.21182427 -0.09454951
v -0.29667175 0.23003915 -0.07331307
v -0.30257976 0.32918358 -0.12790090
v -0.32706740 0.31623280 -0.11737888
v -0.33928502 0.34799784 -0.12360376
v -0.31958693 0.35910577 -0.13185035
v -0.19677880 0.28161126 -0.08260803
v -0.19089498 0.28906900 -0.06187138
v -0.20282482 0.29010341 -0.02229187
v -0.21787581 0.28321198 -0.00578305
v -0.31455076 0.25841111 -0.04364112
v -0.29736936 0.23346528 -0.03925020
v -0.28920394 0.24102461 -0.01331306
v -0.30634779 0.26650417 -0.01818354
v -0.24326555 0.36478972 -0.09963809
v -0.23904788 0.37289032 -0.08065175
v -0.22018412 0.34652349 -0.07258049
v -0.22587693 0.33769411 -0.09332010
v -0.23192213 0.31299850 -0.01005559
v -0.21695405 0.31949350 -0.02721028
v -0.23290731 0.34763047 -0.03369322
v -0.24756016 0.34184989 -0.01764002
v -0.34308672 0.31665725 -0.06203176
v -0.32975081 0.28632063 -0.05109553
v -0.32210374 0.29452682 -0.02642809
v -0.33636683 0.32533053 -0.03876761
v -0.29627752 0.26009291 -0.10651139
v -0.31310582 0.25469002 -0.07791315
v -0.32767022 0.28177300 -0.08306998
v -0.31252694 0.28735724 -0.11133969
v -0.27090773 0.27339450 -0.11633274
v -0.28743717 0.29982933 -0.12123670
v -0.28554028 0.42468834 -0.10124691
v -0.26252881 0.39794189 -0.08981997
v -0.26555270 0.39219043 -0.10717255
v -0.29081193 0.41983929 -0.11709240
v -0.26678798 0.36883029 -0.02897502
v -0.25163004 0.37420380 -0.04394653
v -0.27457538 0.39945570 -0.05774865
v -0.28752375 0.39547190 -0.04417217
v -0.36848074 0.38458455 -0.08795159
v -0.35587490 0.34975579 -0.07396843
v -0.34924072 0.35863540 -0.05356596
v -0.36175305 0.39229178 -0.06956434
v -0.35475272 0.38238129 -0.13127169
v -0.35392395 0.34376705 -0.10153571
v -0.36819088 0.37913257 -0.11117443
v -0.36901987 0.41653538 -0.14129375
v -0.35542232 0.42374194 -0.14910828
v -0.33673900 0.39191034 -0.13938349
v -0.31430721 0.44421628 -0.12711197
v -0.30785781 0.44934717 -0.11389264
v -0.31342480 0.45209891 -0.08783442
v -0.32327348 0.44875023 -0.07510221
v -0.30673909 0.42208320 -0.05995336
v -0.29556182 0.42607698 -0.07253754
v -0.33904946 0.40948582 -0.05182309
v -0.32245234 0.41612205 -0.05252741
v -0.33781958 0.44325852 -0.06835777
v -0.35300183 0.43767565 -0.06875321
v -0.37156475 0.42367968 -0.08531401
v -0.35157847 0.40108284 -0.05718374
v -0.36380011 0.43071809 -0.07447670
v -0.37918866 0.41582483 -0.10171103
v -0.38058823 0.41217443 -0.12395191
v 0.00202519 -0.04386422 0.06660431
v -0.00647460 -0.03893185 0.03456176
v -0.00777856 -0.02815852 0.04302865
v -0.00223333 -0.03591323 0.07732756
v -0.10242519 0.03997567 -0.08152962
v -0.09337094 0.00984138 -0.07641242
v -0.11925158 0.09783745 -0.08971763
v -0.11259580 0.06913152 -0.08707244
v -0.12649925 0.12623271 -0.09153245
v -0.13402607 0.15389457 -0.09150691
v -0.14254531 0.18247268 -0.09002046
v -0.15584786 0.20822474 -0.08960456
v -0.17337070 0.22986898 -0.09094314
v -0.19261013 0.25051963 -0.09607573
v -0.22409767 0.29737389 -0.10656157
v -0.21130201 0.30918491 -0.08733556
v -0.20957315 0.27227479 -0.10169928
v -0.25681442 0.35324451 -0.11803287
v -0.23942509 0.32473862 -0.11203511
v -0.27894086 0.38288549 -0.12473032
v -0.30228460 0.41208372 -0.13157508
v -0.32509655 0.43803769 -0.14003414
v -0.10208425 -0.09927899 -0.05869908
v -0.07110390 -0.08021662 -0.05622347
v -0.06893644 -0.09338716 -0.05135037
v -0.09753772 -0.11466244 -0.05095115
v -0.00210755 -0.05997503 0.00760949
v -0.00617049 -0.06455919 -0.00676748
v -0.01192562 -0.06152055 -0.00269075
v -0.00592961 -0.05714363 0.01240753
v -0.24596508 0.12157860 -0.05903849
v -0.18471792 0.13381395 0.04051715
v -0.16209440 0.14170507 0.04104891
v -0.14026916 0.14800757 0.03418995
v -0.15464693 0.14439660 -0.10886885
v -0.14933245 0.11622307 -0.10639664
v -0.17646843 0.10491818 -0.11147192
v -0.18088418 0.13099504 -0.11589240
v -0.25606680 0.25123262 -0.11260174
v -0.24565831 0.28607419 -0.11561379
v -0.23034836 0.26234210 -0.11213728
v -0.24330255 0.23019880 -0.10924539
v -0.25597268 0.26324245 0.00758100
v -0.27400661 0.25178096 0.00262323
v -0.25132042 0.30258015 0.00102861
v -0.27167535 0.29064876 0.00501257
v -0.23662226 0.27370593 0.00345239
v -0.14082092 0.05929464 -0.10052826
v -0.17252217 0.04853177 -0.10075901
v -0.17438458 0.07757404 -0.10602436
v -0.14558549 0.08762184 -0.10412116
v -0.14442758 -0.34437224 0.12061346
v -0.12885171 -0.36232251 0.12695321
v -0.22042164 -0.29892927 -0.04847156
v -0.21198177 -0.30235708 -0.02559049
v -0.19956568 -0.29811302 -0.03795165
v -0.20885031 -0.29525328 -0.05714223
v -0.22350326 -0.30772942 -0.02041288
v -0.23095061 -0.30491114 -0.04365996
v -0.24191555 -0.31427771 -0.04111320
v -0.23488040 -0.31562009 -0.01832178
v -0.26928192 -0.37014607 -0.00886877
v -0.27222061 -0.37285373 -0.00445930
v -0.12760133 -0.30490744 -0.10998264
v -0.10874125 -0.31374848 -0.12518507
v -0.11944713 -0.33029509 -0.12442111
v -0.09760079 -0.19726697 -0.07239841
v -0.09427391 -0.15291563 -0.04917828
v -0.06048531 -0.13175523 -0.06465424
v -0.07169309 -0.14776176 -0.06514892
v -0.00840145 -0.08873671 -0.04627518
v -0.10231455 -0.43724227 0.11573823
v -0.11649510 -0.45100355 0.11257289
v -0.21944246 -0.56294543 0.04732274
v -0.19879961 -0.57038707 0.03869150
v -0.23841728 -0.57494825 0.03202831
v -0.24567510 -0.58063477 0.02524929
v -0.22334990 -0.58866757 0.01993751
v -0.21606743 -0.58285022 0.02604496
v -0.26324707 -0.61390179 -0.02055512
v -0.25630656 -0.60968024 -0.00962732
v 0.00039575 -0.05478653 0.02845619
v -0.00712261 -0.05236796 0.01789235
v 0.00086464 -0.05162260 0.03885901
v -0.04736414 -0.04783300 -0.04814076
v -0.02907924 -0.03567281 -0.02500354
v -0.02803393 -0.04895893 -0.02366985
v -0.04538245 -0.06246439 -0.04536045
v -0.19902480 -0.10526857 0.04538549
v -0.19659132 -0.09584621 0.08776063
v -0.07174513 -0.02355841 0.14582925
v -0.22217214 -0.27439335 0.10190938
v -0.23299235 -0.27277690 0.11316752
v -0.23522305 -0.29560810 0.10825047
v -0.22455141 -0.29772022 0.09572661
v -0.17062739 -0.49651080 0.10163534
v -0.15823637 -0.47515389 0.10955463
v -0.30818957 -0.52673030 -0.06482287
v -0.34747708 -0.46178192 -0.02521772
v -0.33661312 -0.44806468 -0.04419174
v -0.33191621 -0.45718172 -0.04591246
v -0.34331167 -0.47300902 -0.02736739
v -0.31817648 -0.48313895 0.05636370
v -0.32950544 -0.48331028 0.04141204
v -0.32396656 -0.49681479 0.04110054
v -0.31108898 -0.49704906 0.05715164
v 0.01185716 -0.20602198 0.21159266
v -0.01947742 -0.19965914 0.21807873
v -0.05549323 -0.39784762 0.12412441
v -0.07343165 -0.38816139 0.13426866
v -0.07992825 -0.40488583 0.12764610
v -0.06390581 -0.41474500 0.11728272
v -0.18672425 -0.46817893 0.11159743
v -0.18828875 -0.44463694 0.11524577
v -0.17132033 -0.36485147 -0.15567273
v -0.18194035 -0.38262975 -0.15792830
v -0.19736257 -0.37581587 -0.15328042
v -0.18778643 -0.35872233 -0.15312216
v -0.27163023 -0.32280430 0.11315385
v -0.26476964 -0.34415314 0.10718267
v -0.25189734 -0.34018704 0.10317330
v -0.25263566 -0.31845254 0.11076345
v -0.17585498 -0.08422053 0.13134514
v -0.14397338 -0.06195036 0.15397595
v -0.16987549 -0.34415185 0.10473301
v -0.15718421 -0.36595383 0.11974283
v -0.14891520 -0.35611963 0.12013635
v -0.16177334 -0.33567598 0.10517312
v -0.19639084 -0.35542545 0.08430946
v -0.18433812 -0.35499132 0.09009771
v -0.20928240 -0.35626453 0.08131551
v -0.26222247 -0.39753860 0.07189342
v -0.26290926 -0.39167410 0.06268902
v -0.26140469 -0.38881087 0.06603151
v -0.07410039 -0.06287113 -0.06213056
v -0.06380229 -0.10903519 -0.04706030
v -0.05647665 -0.11286321 -0.05414134
v 0.00195625 -0.05797133 0.02006885
v -0.29750574 -0.55814630 -0.08740876
v -0.29039985 -0.55122584 -0.10323939
v -0.25074264 -0.36278433 0.04863919
v -0.24063154 -0.35123262 0.05738934
v -0.26318878 -0.38038588 0.04906433
v -0.26458967 -0.37534115 0.03131006
v -0.26661986 -0.37763464 0.03117702
v -0.26440406 -0.38219419 0.04782233
v -0.26268023 -0.38879082 0.06262779
v -0.26207250 -0.38727215 0.06388349
v -0.28238311 -0.39524764 -0.07440767
v -0.27998590 -0.40240255 -0.08387653
v -0.28941515 -0.41320735 -0.07561163
v -0.29304150 -0.40519935 -0.06715155
v -0.27496544 -0.41021413 -0.09342097
v -0.26703399 -0.41850913 -0.10343158
v -0.27927262 -0.43319622 -0.09489940
v -0.28636247 -0.42348656 -0.08500548
v -0.29675582 -0.50358820 -0.08072366
v -0.27689666 -0.50443566 -0.09974446
v -0.25607502 -0.50796938 -0.11358345
v -0.23934373 -0.51186955 -0.12383045
v -0.24884397 -0.60457438 0.00009619
v -0.23964916 -0.59916186 0.00778490
v -0.26002350 -0.58964169 0.01153293
v -0.27067572 -0.59402192 0.00345049
v -0.27778512 -0.53933173 -0.10917628
v -0.26515180 -0.53775334 -0.12216830
v -0.24841365 -0.53035939 -0.12672463
v -0.30250245 -0.25443095 0.04036179
v -0.30947304 -0.27512398 0.03305821
v -0.30666125 -0.57958394 -0.05750369
v -0.30400962 -0.56740028 -0.07234858
v -0.31579676 -0.27744988 0.05196253
v -0.30884987 -0.25619227 0.05862732
v -0.31378967 -0.45163780 -0.06312083
v -0.32802933 -0.46762088 -0.04892167
v -0.31598604 -0.44178542 -0.05767712
v -0.28079003 -0.54657471 -0.11729498
v -0.26858822 -0.54537666 -0.12888648
v -0.19135942 -0.11925060 0.08836523
v -0.19030195 -0.12715226 0.04720820
v -0.17102438 -0.27286381 0.03624548
v -0.17350289 -0.28767562 0.06163410
v -0.08699675 -0.28022283 -0.12204497
v -0.07727856 -0.26724383 -0.11952175
v -0.25059140 -0.55883300 -0.14722893
v -0.08552361 -0.23459920 -0.09920307
v -0.06428674 -0.23672929 -0.11445762
v -0.06973362 -0.25366342 -0.11705195
v -0.09008310 -0.24742630 -0.10183115
v -0.05025083 -0.21942902 -0.11460373
v -0.04731245 -0.21276352 -0.11272905
v -0.03270357 -0.12000626 -0.06746410
v -0.02001994 -0.12138098 -0.07295376
v -0.30075091 -0.33011624 -0.01234117
v -0.30736744 -0.34523663 -0.01861339
v -0.32529575 -0.34937397 -0.01191851
v -0.31906641 -0.33253938 -0.00432150
v -0.10311656 -0.23375328 -0.08182882
v -0.11941975 -0.23568779 -0.05942343
v -0.26851913 -0.36169672 -0.03187905
v -0.26524717 -0.36244270 -0.01122919
v -0.13216153 -0.34201938 -0.13236776
v -0.20278239 -0.35343406 -0.14836742
v -0.21129662 -0.36872423 -0.14700213
v -0.22372504 -0.36225122 -0.13900417
v -0.21597753 -0.34766266 -0.14117344
v 0.00536307 -0.05869532 0.03195719
v -0.32644433 -0.37290594 0.08645807
v -0.32698527 -0.38689905 0.08560908
v -0.31731445 -0.38556087 0.09272695
v -0.31779832 -0.37145525 0.09349083
v -0.01714911 -0.02801576 0.00731105
v -0.02000993 -0.01011878 0.00918633
v 0.00523148 -0.04375985 0.10387256
v 0.01288929 -0.05098823 0.08884122
v -0.11904945 -0.02771789 -0.08343692
v -0.11410141 -0.05515695 -0.07603829
v -0.12663631 0.00037146 -0.08890415
v -0.13397533 0.03029215 -0.09554145
v -0.19051215 0.21878237 -0.10332911
v -0.21423435 0.23720109 -0.10923938
v -0.26226294 0.31261009 -0.11973990
v -0.27943563 0.34121928 -0.12550417
v -0.29865390 0.37145934 -0.13159332
v -0.31915396 0.40298796 -0.13867794
v -0.33968371 0.43133250 -0.14832227
v -0.30810618 -0.25868052 0.07769448
v -0.31554618 -0.28152478 0.07267883
v -0.30801466 -0.28367606 0.09061706
v -0.30150759 -0.26002499 0.09428488
v -0.22438148 -0.31635228 0.05566883
v -0.22954904 -0.31282896 0.03594996
v -0.22235465 -0.29380152 0.04390706
v -0.21863848 -0.29717973 0.06305495
v -0.21386963 -0.27606940 0.07055242
v -0.21594594 -0.27629662 0.08751948
v -0.21926019 -0.29894528 0.08037070
v -0.24776509 -0.27087796 0.12022343
v -0.26410252 -0.26882923 0.12153175
v -0.26788458 -0.29371142 0.11797006
v -0.25024700 -0.29372704 0.11613752
v -0.29168484 -0.26240057 0.10809760
v -0.29732481 -0.28539008 0.10446703
v -0.28405112 -0.28906506 0.11419636
v -0.27885854 -0.26546815 0.11783548
v -0.23661344 -0.26541245 0.02447563
v -0.22357033 -0.26985255 0.03609485
v -0.23035517 -0.28994191 0.02641586
v -0.24362773 -0.28562000 0.01478597
v -0.34219444 -0.35380962 0.00232200
v -0.33403131 -0.33596900 0.01044647
v -0.27988976 -0.37126064 -0.01792759
v -0.28859735 -0.37127566 -0.02951336
v -0.28444171 -0.36407107 -0.02596118
v -0.27664119 -0.36757696 -0.01381483
v -0.30387047 -0.29565090 0.00992284
v -0.31136045 -0.31469792 0.00239419
v -0.32549489 -0.31665170 0.01758359
v -0.31669915 -0.29614535 0.02543059
v -0.24980864 -0.30490538 0.00420231
v -0.23756415 -0.30883873 0.01689691
v -0.24674636 -0.32712558 0.00895968
v -0.25770310 -0.32227135 -0.00577496
v -0.23715514 -0.31884706 0.10149236
v -0.23965928 -0.33979130 0.09327062
v -0.28740180 -0.34358498 -0.02182404
v -0.27980286 -0.33049205 -0.01615746
v -0.26399612 -0.35168964 -0.03323204
v -0.25586310 -0.36199489 0.03269449
v -0.26098186 -0.36976254 0.03176002
v -0.22078769 -0.29790848 -0.07384007
v -0.23124418 -0.30477670 -0.08430932
v -0.23090908 -0.32243136 0.00832698
v -0.24192676 -0.33390272 0.00911811
v -0.22898342 -0.30132958 -0.06677876
v -0.23438290 -0.30592811 -0.07730557
v -0.15364671 -0.29389793 -0.07125941
v -0.24294236 -0.52252299 -0.12367123
v -0.29311633 -0.31434265 -0.00598225
v -0.27445394 -0.31779081 -0.00897261
v -0.26170290 -0.36099049 0.10054216
v -0.26098585 -0.37521556 0.09408593
v -0.25392285 -0.37388390 0.08792338
v -0.25167868 -0.35929075 0.09494065
v -0.22977954 -0.45342824 0.10651787
v -0.20958437 -0.46157482 0.10958954
v -0.21026635 -0.43987140 0.11163753
v -0.23082450 -0.43500030 0.10613210
v -0.33855703 -0.36817691 0.07188954
v -0.34302637 -0.36018395 0.06194945
v -0.34819138 -0.37768799 0.05640836
v -0.34160432 -0.38348180 0.06838080
v -0.35291648 -0.37004274 0.04077090
v -0.34553623 -0.35113022 0.04761764
v -0.34352058 -0.34152713 0.02955554
v -0.35186857 -0.36095437 0.02223531
v -0.16455522 -0.14207733 0.15207483
v -0.17868263 -0.14222032 0.12009753
v -0.15948039 -0.22732693 0.02084962
v -0.14749420 -0.21758679 -0.00369874
v -0.12035910 -0.16139349 -0.02663823
v -0.04197386 -0.08061343 -0.04055287
v -0.02286447 -0.06346342 -0.01990698
v -0.02670915 0.01455668 0.00820130
v -0.18271537 -0.14093727 0.08565846
v -0.04089200 0.04338747 0.00294435
v -0.05732873 0.07165694 -0.00314891
v -0.09312025 0.08330432 0.07297385
v -0.12171881 0.07837269 0.08393747
v -0.10652700 0.05222699 0.09839021
v -0.07483403 0.05604443 0.08606078
v -0.15211169 0.07011762 0.08497386
v -0.13975815 0.04585564 0.10070522
v -0.20573913 0.07089323 -0.09315912
v -0.26724401 0.33211800 -0.00680690
v -0.30534840 0.34969231 -0.01708168
v -0.28769124 0.31972107 -0.00286491
v -0.28568268 0.36029655 -0.01961237
v -0.30680549 0.30663309 -0.01016794
v -0.29070538 0.27785712 -0.00124015
v -0.34076846 0.31133521 -0.09169933
v -0.30484337 0.38806158 -0.03525259
v -0.32249239 0.37899977 -0.03346391
v -0.32276085 0.33668679 -0.02315468
v -0.33778363 0.36854598 -0.03942163
v -0.01581250 -0.04053539 0.00466360
v -0.18813851 -0.11450264 0.00561232
v -0.17729431 -0.13582271 0.01065344
v -0.11904565 -0.13946947 -0.03436725
v -0.09177056 -0.12362438 -0.04525317
v -0.13733283 -0.24939471 -0.03606106
v -0.15077260 -0.25410798 -0.01238796
v -0.16216648 -0.27486378 -0.01919694
v -0.17234007 -0.28043336 0.00512927
v -0.16767564 -0.27010623 0.00901619
v -0.15691434 -0.26355734 -0.01560146
v -0.18125319 -0.30525610 0.05843068
v -0.17822224 -0.32362205 0.08382213
v -0.17093402 -0.31532300 0.08475259
v -0.17546064 -0.29682815 0.05994594
v -0.16856135 -0.30523765 0.08576140
v -0.15867230 -0.32537264 0.10669928
v -0.10484524 -0.40804386 0.12889665
v -0.12025906 -0.39215034 0.13053752
v -0.12946574 -0.40600306 0.12678167
v -0.11562532 -0.42265013 0.12260135
v -0.04534674 -0.11805353 -0.06172634
v -0.01379709 -0.05557072 -0.00001311
v -0.10767397 -0.07943961 -0.06776594
v -0.13497201 -0.11393374 -0.04942519
v -0.16687886 -0.11784050 -0.02705094
v -0.25494364 -0.36007798 0.03255536
v -0.26138636 -0.43776631 0.09566879
v -0.25826827 -0.42687595 0.09426262
v -0.33683580 -0.33079129 0.05573329
v -0.33423209 -0.32162127 0.03737658
v -0.26561689 -0.33593139 -0.01339694
v -0.33025134 -0.36393017 -0.01840049
v -0.31132138 -0.35862419 -0.02489380
v -0.31599817 -0.37094393 -0.03085825
v -0.13854663 -0.16205688 -0.00344544
v -0.16059606 -0.15865475 0.01967219
v -0.14014322 -0.15402500 -0.00803789
v 0.01122673 -0.05235022 0.07158910
v -0.06605446 -0.10256898 -0.04864407
v -0.07227696 0.09928775 -0.01028387
v -0.08568692 0.12550867 -0.01626925
v -0.09773198 0.15050367 -0.02032918
v -0.10925497 0.17503455 -0.02438334
v -0.12178463 0.19899157 -0.02760364
v -0.13874155 0.22108090 -0.03082107
v -0.15998313 0.23936123 -0.03676292
v -0.17818198 0.26299265 -0.03898206
v -0.20507275 0.31755728 -0.06661803
v -0.20782435 0.32077357 -0.04562302
v -0.19329605 0.29217014 -0.04134642
v -0.22334644 0.34901801 -0.05231483
v -0.24312197 0.37591013 -0.06163368
v -0.26660565 0.39980316 -0.07319587
v -0.28821260 0.42588264 -0.08600107
v -0.30809423 0.45147943 -0.10018258
v 0.00626820 -0.05620453 0.04066988
v 0.00850811 -0.05455807 0.05559800
v -0.30866075 -0.46435443 -0.06962761
v -0.26707774 -0.37198973 0.01134870
v -0.26895905 -0.37540206 0.01402674
v -0.27226278 -0.34723496 -0.01921041
v -0.30224758 -0.30762619 0.10227858
v -0.31384712 -0.30670744 0.08943931
v -0.25775284 -0.34263083 0.00163808
v -0.27342552 -0.37447831 -0.00279472
v -0.27281880 -0.37353492 0.00052712
v -0.30212536 -0.09388798 0.05925039
v -0.30798358 -0.09430814 0.07357531
v -0.30722892 -0.07483804 0.06897778
v -0.30054119 -0.07487863 0.05563923
v -0.29097557 -0.09350881 0.04960969
v -0.28946391 -0.07485300 0.04747711
v -0.22935534 -0.08517170 0.07379864
v -0.23681548 -0.08862698 0.06100051
v -0.24091996 -0.07002234 0.06263038
v -0.23447327 -0.06666332 0.07520821
v -0.27564496 -0.05622596 0.04322057
v -0.26312327 -0.05577058 0.04621037
v -0.26231101 -0.07402104 0.04599607
v -0.27654651 -0.07469821 0.04434109
v -0.23570600 -0.08243793 0.10496155
v -0.24733847 -0.08361274 0.11581777
v -0.23935556 -0.10188952 0.11646823
v -0.22833060 -0.10005742 0.10435918
v -0.21736403 -0.16442749 0.06119300
v -0.20858584 -0.16055134 0.07403408
v -0.20704629 -0.17652097 0.06773828
v -0.21705365 -0.17785645 0.05517344
v -0.30514789 -0.13214162 0.06674512
v -0.30790642 -0.13332492 0.08327792
v -0.30831599 -0.11405534 0.07867879
v -0.30342519 -0.11311665 0.06276862
v -0.26224148 -0.13019010 0.04604147
v -0.24561244 -0.12997496 0.04980309
v -0.24501188 -0.14932263 0.04981762
v -0.26246893 -0.14922491 0.04792460
v -0.30489948 -0.14955667 0.07152934
v -0.30526680 -0.15113598 0.08813356
v -0.26241475 -0.09252471 0.04562086
v -0.24804585 -0.09136757 0.05149382
v -0.24662897 -0.11031109 0.05029096
v -0.26254505 -0.11138323 0.04550964
v -0.25009757 -0.04698229 0.10242233
v -0.26168397 -0.04812104 0.11027282
v -0.25468495 -0.06572843 0.11370568
v -0.24292246 -0.06435621 0.10422596
v -0.25296536 -0.05416107 0.05359901
v -0.24505785 -0.05159599 0.06351928
v -0.25022849 -0.07267487 0.05291728
v -0.30611959 -0.05366105 0.09155402
v -0.30851084 -0.05472690 0.07827210
v -0.30806136 -0.07440621 0.08396249
v -0.30433565 -0.07344627 0.09827178
v -0.22097419 -0.12424150 0.06899575
v -0.23094535 -0.12754190 0.05757973
v -0.23335713 -0.10779729 0.05929790
v -0.22474486 -0.10430101 0.07166424
v -0.29374728 -0.13048115 0.05343276
v -0.29246894 -0.11229911 0.05140845
v -0.30291939 -0.09431615 0.10440918
v -0.30733499 -0.09421110 0.08981054
v -0.30620000 -0.11430877 0.09482688
v -0.29888189 -0.11311963 0.10912297
v -0.28008839 -0.12972218 0.12340627
v -0.26292193 -0.12740594 0.12469018
v -0.27041915 -0.10818884 0.12277880
v -0.28627479 -0.11091435 0.11942136
v -0.21890740 -0.14533225 0.06561004
v -0.21186027 -0.14129296 0.08007224
v -0.22079301 -0.11912665 0.10198191
v -0.23129475 -0.12070668 0.11524414
v -0.22278550 -0.13934326 0.11277389
v -0.21305270 -0.13844183 0.09790395
v -0.28241295 -0.17928204 0.04951024
v -0.29757205 -0.18220592 0.06234954
v -0.29726619 -0.16879031 0.06070245
v -0.28326195 -0.16827774 0.05005890
v -0.30305123 -0.16720310 0.07618324
v -0.30088845 -0.18135375 0.07934494
v -0.29496834 -0.20527923 0.09944836
v -0.28499097 -0.20604146 0.11212083
v -0.28633806 -0.19632867 0.11113334
v -0.29667675 -0.19538355 0.09810410
v -0.26286197 -0.16542181 0.12986535
v -0.24389020 -0.16458061 0.12748984
v -0.25341895 -0.14588168 0.12609033
v -0.27225989 -0.14799914 0.12723711
v -0.21914397 -0.17756858 0.11892849
v -0.20769534 -0.17362618 0.10438170
v -0.21423429 -0.15729231 0.10961147
v -0.22738303 -0.16109693 0.12147892
v -0.21131758 -0.23615098 0.09984221
v -0.20671283 -0.23638842 0.08472339
v -0.20445570 -0.21921071 0.08824308
v -0.21074660 -0.21846166 0.10282132
v -0.21066636 -0.21885854 0.05462683
v -0.21336989 -0.23330712 0.05105509
v -0.22476283 -0.22968903 0.03972502
v -0.22264300 -0.21619794 0.04323972
v -0.29247758 -0.21798488 0.05157868
v -0.30048120 -0.22025001 0.06999797
v -0.30021054 -0.21183234 0.06894653
v -0.29059818 -0.20997760 0.05203690
v -0.25504908 -0.18094555 0.13155948
v -0.23524344 -0.18325409 0.12856928
v -0.20896947 -0.20507982 0.05747804
v -0.22008201 -0.20307755 0.04517743
v -0.21820575 -0.18974724 0.04875370
v -0.20717713 -0.18999419 0.06118445
v -0.25313810 -0.20113802 0.03839654
v -0.27039343 -0.19927734 0.04103709
v -0.26670569 -0.18940559 0.04205934
v -0.24918205 -0.18934214 0.04071056
v -0.28733498 -0.20080680 0.04976067
v -0.29906598 -0.20332769 0.06629244
v -0.29588845 -0.19140786 0.06346726
v -0.28351018 -0.18957603 0.04896635
v -0.25126579 -0.19114631 0.13233225
v -0.26463139 -0.19133902 0.12595817
v -0.26054680 -0.19917142 0.12711567
v -0.24722773 -0.19888747 0.13209732
v -0.21409497 -0.19084242 0.11213594
v -0.20438901 -0.18859351 0.09730179
v -0.24685872 -0.17816132 0.04529902
v -0.23055182 -0.17764038 0.04770163
v -0.23259032 -0.18866521 0.04104875
v -0.29921639 -0.19261548 0.08123124
v -0.21944088 -0.23463395 0.11192780
v -0.22960103 -0.23365945 0.12196590
v -0.23118827 -0.25028133 0.11772181
v -0.22070682 -0.25190592 0.10763239
v -0.21320739 -0.25327814 0.09502490
v -0.20947574 -0.25346440 0.07892893
v -0.21796200 -0.24970609 0.04487162
v -0.23030812 -0.24562418 0.03321338
v -0.24671930 -0.24083170 0.02725341
v -0.26409739 -0.23710597 0.02709310
v -0.25927952 -0.22159705 0.03374282
v -0.24123466 -0.22541922 0.03347213
v -0.29581863 -0.23456475 0.04662776
v -0.30316350 -0.23642346 0.06474480
v -0.30029061 -0.22252414 0.08663746
v -0.30307382 -0.23757058 0.08294152
v -0.20262492 -0.20460293 0.07399498
v -0.20456353 -0.21971646 0.07082437
v -0.29123279 -0.09176496 0.11467481
v -0.27699852 -0.08945313 0.11953128
v -0.28244054 -0.07040003 0.11488944
v -0.29484564 -0.07151103 0.10871065
v -0.27478775 -0.05027771 0.11214516
v -0.26877850 -0.06831819 0.11680599
v -0.27744791 -0.09317777 0.04481187
v -0.27827889 -0.11166990 0.04521968
v -0.28855035 -0.05682373 0.04510794
v -0.26452276 -0.17864132 0.04499963
v -0.26314762 -0.16645241 0.04778874
v -0.27168211 -0.20733187 0.12053619
v -0.28397906 -0.21596286 0.11292380
v -0.27124605 -0.21697974 0.12231635
v -0.27158436 -0.18135408 0.12386617
v -0.28051829 -0.16682780 0.12124282
v -0.29254705 -0.16741517 0.10681858
v -0.28567883 -0.18486282 0.11156396
v -0.24421225 -0.20671508 0.13093621
v -0.25822586 -0.20694357 0.12819253
v -0.25753278 -0.21701929 0.12775686
v -0.24324125 -0.21801254 0.12941135
v -0.27682936 -0.21821806 0.03919446
v -0.27449504 -0.20929497 0.04098156
v -0.28638721 -0.24158728 0.11173239
v -0.28447339 -0.22723129 0.11289242
v -0.29426211 -0.22474036 0.10097003
v -0.29605547 -0.23861325 0.09911799
v -0.29393253 -0.21440640 0.10109955
v -0.27458006 -0.24471784 0.12081954
v -0.27251929 -0.22932848 0.12201850
v -0.28201583 -0.23463288 0.03340192
v -0.24385180 -0.23272476 0.12708339
v -0.25881758 -0.23104471 0.12658526
v -0.26057875 -0.24720976 0.12475951
v -0.24523290 -0.24951065 0.12436630
v -0.26178199 -0.08657679 0.12000719
v -0.25451419 -0.10519856 0.12175072
v -0.20244510 -0.17341942 0.08605629
v -0.20641856 -0.15702865 0.09255993
v -0.20157140 -0.18895727 0.07926784
v -0.22875524 -0.08247489 0.09004380
v -0.23553583 -0.06450856 0.09094018
v -0.21628724 -0.12073445 0.08504262
v -0.22205743 -0.10111529 0.08818194
v -0.29511353 -0.13266367 0.11409764
v -0.22038826 -0.20479998 0.11951161
v -0.21151772 -0.20341238 0.10649626
v -0.22486204 -0.19445539 0.12422840
v -0.21103898 -0.25278199 0.06075669
v -0.20731953 -0.23546726 0.06694986
v -0.23996177 -0.19170341 0.13278840
v -0.21598342 -0.27389213 0.05236837
v -0.29777533 -0.18292049 0.09665482
v -0.30070269 -0.20441306 0.08394079
v -0.30023962 -0.21301118 0.08629728
v -0.30681294 -0.05620056 0.06433217
v -0.27914211 -0.13061088 0.04638595
v -0.24545829 -0.16604295 0.04936733
v -0.22950721 -0.16552004 0.05307287
v -0.23086271 -0.20632252 0.12833378
v -0.22920725 -0.21823728 0.12514630
v -0.21896061 -0.21811318 0.11527147
v -0.25648674 -0.21120936 0.03738267
v -0.23842299 -0.21310759 0.03697649
v -0.24214780 -0.04708928 0.09031124
v -0.23649888 -0.20217651 0.03849100
v -0.30328643 -0.16984069 0.09333845
v -0.20726338 -0.57646626 0.03238334
v -0.21865124 -0.31507051 0.00809040
v -0.18007633 -0.30115777 -0.03893593
v -0.19054297 -0.30462357 -0.01913169
v -0.25703835 -0.35624242 0.00963672
v -0.26274568 -0.36567694 0.00990289
v -0.27019083 -0.37574461 0.01454973
v -0.26961869 -0.37758598 0.01814578
v -0.24563798 -0.32717618 -0.01557611
v -0.37907049 -0.67219675 -0.11986716
v -0.37436849 -0.66702175 -0.11607306
v -0.38550293 -0.68380773 -0.12165052
v -0.05108793 -0.22938533 -0.11774120
v -0.37179470 -0.65939832 -0.12976614
v -0.36705202 -0.65255213 -0.12734024
v -0.37252867 -0.65425503 -0.12915169
v -0.37164479 -0.66037446 -0.13162902
v -0.37207648 -0.66130865 -0.13223672
v -0.38651240 -0.68477070 -0.13216586
v -0.36953095 -0.65991294 -0.11445187
v -0.36326337 -0.65257311 -0.11525937
v -0.37973034 -0.67138368 -0.13688001
v -0.04204670 -0.33273166 0.15381852
v -0.01765722 -0.34153759 0.14717251
v -0.01203178 -0.32077980 0.16088244
v -0.03949302 -0.31236622 0.16745779
v -0.00870400 -0.29839182 0.17500995
v -0.13487594 -0.22919394 0.18172735
v -0.15664726 -0.22507854 0.16256502
v -0.15442693 -0.24533318 0.15573874
v -0.13434178 -0.25188503 0.17342967
v -0.16732763 -0.25239336 0.12939358
v -0.15137509 -0.26318347 0.14952081
v -0.17073166 -0.23726615 0.13305975
v -0.18163209 -0.22627461 0.10760386
v -0.17838962 -0.24075964 0.10481717
v -0.18407862 -0.21411362 0.08159474
v -0.18125701 -0.22863717 0.07745191
v -0.17889500 -0.20313233 0.05468217
v -0.16666581 -0.19232821 0.02832172
v -0.14590187 -0.17274901 -0.00213713
v -0.12797695 -0.17596482 -0.02626510
v -0.14918673 -0.18472134 0.00002471
v -0.08241375 -0.16162434 -0.06686307
v -0.10519376 -0.16810970 -0.04883115
v -0.04263209 -0.16065550 -0.09231952
v -0.06176873 -0.15915550 -0.08112041
v -0.29247120 -0.44998366 -0.08409211
v -0.32058918 -0.55207384 -0.00582609
v -0.32661125 -0.53870302 0.00017733
v -0.33535284 -0.52342278 -0.01755282
v -0.30101284 -0.51422584 0.05791782
v -0.31572101 -0.51364458 0.04281684
v -0.30026463 -0.53174633 0.04646011
v -0.28635225 -0.52993870 0.05930439
v -0.30651417 -0.56266320 0.00553161
v -0.30092990 -0.57023621 0.00110326
v -0.31197885 -0.55247074 0.01243157
v -0.27340823 -0.57461846 0.02095501
v -0.29275674 -0.56499684 0.01909561
v -0.34746170 -0.47478437 -0.00073748
v -0.33972073 -0.48144808 0.02202159
v -0.34408358 -0.47001398 0.02277341
v -0.35225317 -0.46211866 0.00078787
v -0.30609447 -0.48150161 0.06845608
v -0.29354614 -0.47966534 0.07851314
v -0.30088398 -0.46838516 0.07913374
v -0.31249791 -0.47036272 0.06889945
v -0.36209977 -0.41477755 0.00659241
v -0.35671848 -0.42557135 0.02660626
v -0.35854703 -0.40719780 0.03040433
v -0.36116475 -0.39715630 0.01110967
v -0.32398933 -0.47102386 0.05614889
v -0.19280103 -0.48818958 0.10560995
v -0.21333537 -0.47988939 0.10631137
v -0.23134026 -0.47000906 0.10581578
v -0.26499489 -0.44727296 0.09579688
v -0.25941664 -0.45373142 0.09777388
v -0.25494957 -0.44206390 0.09883773
v -0.26936698 -0.44062045 0.09485844
v -0.27348149 -0.42984304 0.09358668
v -0.29825336 -0.36615649 -0.03125492
v -0.30129558 -0.37470371 -0.03750514
v -0.31958383 -0.38340163 -0.03616661
v -0.27555406 -0.40376222 0.09139642
v -0.27283457 -0.41641933 0.08985899
v -0.26876801 -0.41248921 0.08798783
v -0.27170742 -0.40145746 0.08973187
v -0.34401000 -0.48661321 -0.00251524
v -0.35000971 -0.41340065 0.04758556
v -0.34697163 -0.43088582 0.04378980
v -0.33808500 -0.43093759 0.05837473
v -0.34168363 -0.41443384 0.06135689
v -0.33222911 -0.41616577 0.07298364
v -0.32862192 -0.43175161 0.07108679
v -0.31811702 -0.43152672 0.08093965
v -0.32246187 -0.41741806 0.08252455
v -0.28104135 -0.40664202 0.09317487
v -0.27860200 -0.41949677 0.09069551
v -0.34847015 -0.37031576 -0.00394608
v -0.35532233 -0.43622515 -0.02216102
v -0.34164482 -0.42323494 -0.03965608
v -0.33945620 -0.43612719 -0.04289274
v -0.35168406 -0.44999546 -0.02400690
v -0.26033926 -0.37333643 0.04110003
v -0.26461688 -0.37056738 0.02458915
v -0.25685996 -0.37683749 0.05723929
v -0.26365894 -0.40356857 0.08011313
v -0.25583929 -0.38087377 0.07117681
v -0.27818590 -0.35669363 -0.02309423
v -0.29378057 -0.35559517 -0.02607149
v -0.32290572 -0.41002530 -0.04740923
v -0.32216781 -0.42185378 -0.05187107
v -0.35807341 -0.37907565 0.01587952
v -0.35732472 -0.38805044 0.03510261
v -0.27763805 -0.39115167 0.09593296
v -0.27252829 -0.38937795 0.09414244
v -0.27423316 -0.37814116 0.09874988
v -0.26196578 -0.41113859 0.08695208
v -0.26577446 -0.40827531 0.08601879
v -0.35642272 -0.44775376 0.00197811
v -0.35035652 -0.39557999 0.05224043
v -0.34255874 -0.39896268 0.06563433
v -0.32362667 -0.44593105 0.07012741
v -0.33349276 -0.44662496 0.05711041
v -0.32886541 -0.45982715 0.05683136
v -0.31840822 -0.45864552 0.06982262
v -0.32486159 -0.40259928 0.08446899
v -0.31496888 -0.40052390 0.09181742
v -0.30750373 -0.45663369 0.07977819
v -0.31296217 -0.44449851 0.07999205
v -0.28376764 -0.39387167 0.09761138
v -0.32029080 -0.43275386 -0.05483800
v -0.30612668 -0.41793451 -0.06180036
v -0.30218709 -0.42694324 -0.06746574
v -0.30617782 -0.39657760 -0.05164976
v -0.30667800 -0.40831226 -0.05692006
v -0.30383638 -0.38400844 -0.04487493
v -0.29991454 -0.43705329 -0.07583491
v -0.23453140 -0.19695377 0.13143395
v -0.26813287 -0.37666905 0.09750032
v -0.26968908 -0.36441737 0.10260490
v -0.27530575 -0.36820278 0.10322867
v -0.28846675 -0.31307745 0.11109613
v -0.27229676 -0.62313986 -0.24406563
v -0.27390796 -0.62851256 -0.24715492
v -0.28055525 -0.64733505 -0.25003842
v -0.28186762 -0.65067673 -0.24967793
v -0.27334586 -0.19855118 0.11891814
v -0.27447090 -0.19172370 0.11883885
v -0.28841352 -0.15010831 0.11764325
v -0.30335084 -0.13333604 0.09927015
v -0.29908684 -0.15133196 0.10350076
v -0.29555085 -0.14898360 0.05673032
v -0.28028110 -0.14934921 0.04816047
v -0.23002030 -0.14819518 0.05614217
v -0.23644936 -0.14295503 0.12222233
v -0.29690343 -0.01958340 0.04273284
v -0.30589429 -0.01870024 0.05250505
v -0.30491653 0.00090396 0.04520418
v -0.29481980 -0.00048441 0.03764589
v -0.29212233 0.01900893 0.03362266
v -0.28102109 0.01832747 0.03373269
v -0.28363144 -0.00074279 0.03541435
v -0.27197087 0.01725221 0.03813036
v -0.27358854 -0.00108683 0.03861467
v -0.26581177 0.01663274 0.04602374
v -0.26286232 0.01723325 0.05531643
v -0.26063591 0.00027949 0.05421238
v -0.26565349 -0.00095630 0.04565581
v -0.25412965 -0.01595712 0.06376780
v -0.25864145 0.00182849 0.06431702
v -0.25903669 0.00349927 0.07516892
v -0.25207707 -0.01372123 0.07554120
v -0.27859199 0.02158266 0.08969089
v -0.28812170 0.02153659 0.09119070
v -0.28210732 0.00466019 0.09608808
v -0.27130789 0.00499171 0.09339380
v -0.29757774 -0.01449668 0.09566905
v -0.28684363 -0.01388037 0.10025749
v -0.29284599 0.00405461 0.09404097
v -0.30282077 0.00369573 0.08881478
v -0.30824560 0.02062124 0.08294783
v -0.31441242 0.02106822 0.07337327
v -0.30991846 0.00349623 0.08045761
v -0.29985958 -0.05689996 0.05273642
v -0.29842532 -0.03818923 0.04780501
v -0.28701544 -0.03837484 0.04188995
v -0.26486024 -0.01900864 0.04568216
v -0.26441345 -0.03749108 0.04619129
v -0.27530864 -0.03829443 0.04194594
v -0.27465457 -0.01972055 0.03998764
v -0.24021031 -0.04870886 0.07598142
v -0.24957901 -0.03386295 0.06392967
v -0.24613753 -0.03127354 0.07589147
v -0.25817871 -0.01762360 0.05372517
v -0.25587323 -0.03592491 0.05393699
v -0.25554469 -0.01259315 0.08770180
v -0.26311389 0.00450015 0.08587486
v -0.30997646 -0.01609242 0.06407200
v -0.30994672 -0.01485622 0.07657315
v -0.31286907 0.00346625 0.06881965
v -0.31112108 0.00264966 0.05639215
v -0.24854414 -0.02952158 0.08903565
v -0.30797043 -0.03409493 0.08430173
v -0.30915847 -0.03533554 0.07157062
v -0.30520439 -0.01427388 0.08759679
v -0.30170456 -0.03312075 0.09506328
v -0.31046534 0.02103984 0.04963033
v -0.30259764 0.02022952 0.03946386
v -0.30569237 -0.03651136 0.05830470
v -0.26358309 -0.01231968 0.09695522
v -0.27510437 -0.01287156 0.10111870
v -0.26823765 -0.03030348 0.10568985
v -0.25652850 -0.02946615 0.09975095
v -0.28695089 -0.05109334 0.10865206
v -0.27994552 -0.03121716 0.10590329
v -0.29162976 -0.03222042 0.10207460
v -0.29782701 0.02084875 0.08881983
v -0.29899454 -0.05306095 0.10226222
v -0.26386747 0.10382873 0.06049075
v -0.26052222 0.09466439 0.05990461
v -0.25509548 0.10014039 0.05245722
v -0.25897518 0.10903335 0.05341923
v -0.24500245 0.08083814 0.04791775
v -0.24573235 0.07285666 0.03889631
v -0.24381709 0.08326393 0.03252141
v -0.24308762 0.08993149 0.03991619
v -0.25745893 0.11267078 0.04518576
v -0.25260010 0.10449791 0.04513478
v -0.25876603 0.11246055 0.03820155
v -0.26499790 0.12059253 0.03847013
v -0.26089621 0.12072152 0.04449537
v -0.26804140 0.12808400 0.03929470
v -0.27513781 0.11423600 0.03555071
v -0.27732381 0.12585539 0.03868279
v -0.29514408 0.10718846 0.04991745
v -0.30033389 0.10402429 0.05824868
v -0.29926834 0.11794025 0.05993250
v -0.29308370 0.12093806 0.05176068
v -0.30334428 0.10855442 0.07706387
v -0.30218846 0.11423707 0.06828517
v -0.30299494 0.10038316 0.06590109
v -0.30464628 0.09594738 0.07391661
v -0.27217299 0.09680748 0.07102050
v -0.27085435 0.08664024 0.07103708
v -0.26715177 0.08947325 0.06622862
v -0.26924354 0.09909356 0.06661752
v -0.25762779 0.10938233 0.02836865
v -0.26655796 0.10529441 0.03038277
v -0.26420322 0.11143953 0.03348090
v -0.25542223 0.11116052 0.03144534
v -0.26974875 0.06184357 0.08270614
v -0.26974750 0.05046499 0.07982562
v -0.26617199 0.05077893 0.07154652
v -0.26684129 0.06138307 0.07544048
v -0.25258473 0.05627340 0.04924775
v -0.25805798 0.05008119 0.05340331
v -0.26353994 0.04420805 0.03997567
v -0.25975198 0.05229008 0.03694772
v -0.24855915 0.06364924 0.04468430
v -0.25625622 0.05996937 0.03381991
v -0.25315976 0.07009333 0.03051815
v -0.24942422 0.08157921 0.02598326
v -0.27637216 0.04961157 0.08806374
v -0.27663064 0.05725747 0.09221973
v -0.27292061 0.17737526 0.05114119
v -0.27467567 0.17773020 0.05636878
v -0.27306893 0.17227131 0.05559889
v -0.27144042 0.17190444 0.05031852
v -0.29614145 0.05655998 0.09153326
v -0.30371806 0.05820000 0.08522370
v -0.30228060 0.05156696 0.08550203
v -0.29378116 0.05021447 0.09053062
v -0.29832852 0.06470382 0.09385403
v -0.30485719 0.06694758 0.08542885
v -0.28226611 0.17773372 0.04332817
v -0.27737460 0.17752868 0.04382521
v -0.27697560 0.17181635 0.04320838
v -0.28199387 0.17178416 0.04301164
v -0.26122230 0.11787754 0.05299325
v -0.26505056 0.11331606 0.06042966
v -0.26500434 0.13610607 0.05677940
v -0.26542300 0.12422663 0.06011064
v -0.26199922 0.12645447 0.05164025
v -0.26299441 0.13502026 0.05046383
v -0.27510047 0.11581773 0.07573815
v -0.27457622 0.10531127 0.07469518
v -0.27136856 0.10971129 0.06917106
v -0.27185532 0.12051892 0.07018254
v -0.27726939 0.10156959 0.08593154
v -0.27861914 0.11152029 0.08692534
v -0.27970934 0.10962284 0.09325608
v -0.27842915 0.10091144 0.09185844
v -0.28117397 0.13211018 0.08300594
v -0.28524423 0.14100993 0.08284631
v -0.28723440 0.13894236 0.08681673
v -0.28290027 0.13039505 0.08754848
v -0.30200025 0.04504675 0.08602800
v -0.29277575 0.04342347 0.09002011
v -0.30395699 0.09913427 0.09552763
v -0.29989362 0.09446001 0.10333060
v -0.30080175 0.10295737 0.10789952
v -0.30476707 0.10729480 0.09934427
v -0.30792969 0.06088108 0.07600605
v -0.30839163 0.05334210 0.07645212
v -0.28712115 0.17788905 0.04595804
v -0.28687084 0.17191929 0.04570892
v -0.26366931 0.07138455 0.02780211
v -0.25782782 0.08346337 0.02340037
v -0.26814651 0.06097203 0.03085078
v -0.27151015 0.05307049 0.03246219
v -0.27459994 0.04440707 0.03258235
v -0.26876560 0.12936139 0.06462121
v -0.26899642 0.10709012 0.06593634
v -0.27370968 0.09475982 0.07465177
v -0.28063786 0.08854401 0.10240784
v -0.28023916 0.08105230 0.10179013
v -0.27615556 0.08490866 0.09359175
v -0.27797237 0.09150600 0.09585977
v -0.29277635 0.09286427 0.10877814
v -0.28608268 0.09508663 0.10780951
v -0.28747648 0.10352242 0.10960507
v -0.29372191 0.10171682 0.11152615
v -0.25812954 0.10723251 0.02386399
v -0.26559550 0.09925163 0.02622234
v -0.28671828 0.05579573 0.09531742
v -0.28486106 0.04924399 0.09200212
v -0.28409013 0.04262811 0.08934539
v -0.26901868 0.07354879 0.07362165
v -0.26441881 0.06118786 0.07082294
v -0.26015896 0.06253254 0.06617009
v -0.26663810 0.07518917 0.06995077
v -0.25452858 0.08432996 0.05962260
v -0.24924920 0.07245559 0.05543143
v -0.24935953 0.09133762 0.05191488
v -0.26242003 0.05023128 0.06411912
v -0.26681852 0.04155022 0.06851218
v -0.26370373 0.04107833 0.05972181
v -0.27098459 0.04213172 0.07759487
v -0.27695864 0.04233348 0.08515246
v -0.26600960 0.03168446 0.06648639
v -0.26418969 0.03087687 0.05709521
v -0.27012765 0.03286219 0.07607135
v -0.27636850 0.03371781 0.08351490
v -0.31063396 0.03451961 0.07861976
v -0.30186868 0.03427982 0.08650704
v -0.30938929 0.04528177 0.07722449
v -0.26894981 0.03251934 0.03855510
v -0.26283675 0.04124254 0.04959324
v -0.26498914 0.03110868 0.04749378
v -0.27852750 0.03372085 0.03288075
v -0.24214128 0.09578800 0.03469485
v -0.24070260 0.10171038 0.03059461
v -0.24407025 0.10656625 0.03452270
v -0.24622366 0.10174441 0.03811652
v -0.27021182 0.13593608 0.04051478
v -0.26464188 0.13570762 0.04435834
v -0.26274160 0.12794363 0.04393232
v -0.27230692 0.06997728 0.08864900
v -0.27828777 0.06541622 0.09714837
v -0.26828071 0.13876694 0.06164207
v -0.28115016 0.16462106 0.04269185
v -0.27579221 0.16487205 0.04288188
v -0.27321941 0.15255398 0.04250415
v -0.27954084 0.15271962 0.04220060
v -0.27539182 0.14762360 0.06343521
v -0.27008757 0.14571661 0.06032510
v -0.27184343 0.15383869 0.06028454
v -0.27788559 0.15523565 0.06193095
v -0.28783461 0.13474035 0.09282357
v -0.28472587 0.12760371 0.09341140
v -0.29006127 0.13437974 0.05524506
v -0.28605431 0.13382208 0.04498123
v -0.28670871 0.12281811 0.04299890
v -0.27703112 0.11332422 0.08145635
v -0.27848560 0.12293959 0.08255605
v -0.28031147 0.12125510 0.08755332
v -0.27100646 0.13270259 0.06679583
v -0.27187836 0.13954425 0.06532215
v -0.27438295 0.13642156 0.06989630
v -0.27300188 0.12833655 0.07046317
v -0.30011091 0.08436060 0.09931139
v -0.29044110 0.08232665 0.10630520
v -0.27411342 0.17728400 0.04664635
v -0.27313903 0.17183346 0.04580858
v -0.29119611 0.03416431 0.08949327
v -0.28309906 0.03424001 0.08794668
v -0.27613148 0.10292333 0.07994572
v -0.28757954 0.10986435 0.04153386
v -0.27477151 0.09278661 0.07902846
v -0.30164644 0.12365055 0.09026156
v -0.29911804 0.12279230 0.09705084
v -0.29892027 0.13055146 0.09549823
v -0.30301404 0.13060170 0.09078702
v -0.28150398 0.16595936 0.06046186
v -0.27528343 0.16575372 0.05939815
v -0.27787954 0.17263097 0.05928289
v -0.28367156 0.17260402 0.05985466
v -0.26661539 0.14367902 0.05591228
v -0.26481977 0.14259356 0.05027236
v -0.26667136 0.15196681 0.05055566
v -0.26801801 0.15259790 0.05602348
v -0.26679602 0.14317781 0.04526063
v -0.26875675 0.15222877 0.04555315
v -0.28733987 0.16587007 0.05770124
v -0.28903827 0.16514367 0.05165739
v -0.28753027 0.15369785 0.05244569
v -0.28449020 0.15549916 0.05883140
v -0.30559635 0.08361334 0.07115647
v -0.30615059 0.08035928 0.07936265
v -0.30513731 0.09230423 0.08306623
v -0.30410829 0.10388428 0.08681963
v -0.30189538 0.11433303 0.09044869
v -0.30284786 0.11965603 0.07997637
v -0.30452839 0.08858222 0.09080470
v -0.28499222 0.14471185 0.06287350
v -0.28604952 0.14436960 0.05489553
v -0.28990582 0.14271003 0.06060310
v -0.27602378 0.09089971 0.08612641
v -0.27158582 0.16491610 0.04538233
v -0.29350305 0.05734712 0.03647537
v -0.30231488 0.05793852 0.04513927
v -0.30036178 0.06850022 0.04658277
v -0.29061693 0.06670672 0.03686041
v -0.27095273 0.16515601 0.05538106
v -0.26941544 0.16506881 0.05026245
v -0.28853911 0.12581474 0.09861396
v -0.29087725 0.13246310 0.09683567
v -0.29494694 0.13158572 0.09893050
v -0.29391047 0.12601936 0.10155483
v -0.30530378 0.07739574 0.08697601
v -0.30194467 0.10945123 0.11106458
v -0.30637252 0.11217988 0.10247707
v -0.30746597 0.06950235 0.07686275
v -0.30712160 0.07237476 0.06821594
v -0.30861378 0.06327415 0.06593965
v -0.29949841 0.12848610 0.07166794
v -0.30401593 0.08717400 0.06368927
v -0.30508292 0.07524198 0.06109464
v -0.30633110 0.06527841 0.05736559
v -0.30787882 0.05666834 0.05556809
v -0.31006610 0.05521452 0.06511162
v -0.28622112 0.16480219 0.04573712
v -0.28979808 0.17216867 0.05132646
v -0.31157601 0.04618371 0.06534280
v -0.31396914 0.03506136 0.06770815
v -0.31281924 0.03547889 0.05699818
v -0.31017798 0.04706985 0.05530684
v -0.30197009 0.07820207 0.05335130
v -0.29710615 0.08045119 0.04601467
v -0.30111566 0.09053636 0.05648790
v -0.29631916 0.09377474 0.04864518
v -0.29778245 0.13039970 0.06199569
v -0.29031590 0.18665898 0.05604779
v -0.28918666 0.17846489 0.05652321
v -0.28535628 0.17849082 0.05982789
v -0.28741822 0.18667209 0.05928732
v -0.28837118 0.17245460 0.05694616
v -0.29019129 0.17813271 0.05124073
v -0.28827068 0.09611630 0.03983287
v -0.27763921 0.14411944 0.06866121
v -0.28635257 0.08046073 0.03595831
v -0.27813876 0.10119063 0.03256270
v -0.27561966 0.09045637 0.02893184
v -0.27979302 0.06353599 0.03089198
v -0.27489376 0.07337511 0.02856363
v -0.28598648 0.04616135 0.03188509
v -0.28289187 0.05500704 0.03189845
v -0.28918195 0.03513843 0.03204733
v -0.26759958 0.08550858 0.02414877
v -0.27447161 0.18505776 0.05250001
v -0.27696571 0.18519574 0.05745955
v -0.29627496 0.04806638 0.03634892
v -0.29942870 0.03634530 0.03684041
v -0.24719781 0.09755200 0.04409292
v -0.27358681 0.08152008 0.08377837
v -0.27313694 0.08319467 0.07828435
v -0.27964923 0.07383740 0.10021623
v -0.27420327 0.07829601 0.09155311
v -0.30774206 0.03621590 0.04593042
v -0.26322573 0.01853329 0.06527290
v -0.26585692 0.01971769 0.07531608
v -0.31472206 0.02111161 0.06170099
v -0.27526009 0.18531561 0.04786552
v -0.29154608 0.14333993 0.08147419
v -0.29284599 0.14152443 0.08234523
v -0.24198419 0.09087497 0.02807701
v -0.24091701 0.09877902 0.02491935
v -0.24918313 0.10107088 0.01863928
v -0.24397272 0.09907264 0.02078432
v -0.24635172 0.09031683 0.02259727
v -0.25315046 0.09235555 0.02037268
v -0.27012682 0.07288575 0.07739303
v -0.27117887 0.07234979 0.08227114
v -0.29973280 0.07409310 0.09624022
v -0.29052484 0.07241529 0.10291485
v -0.27167642 0.14331293 0.04195238
v -0.27807364 0.13511217 0.04061036
v -0.27847078 0.14304727 0.04219832
v -0.28508109 0.15270019 0.04561927
v -0.28144887 0.14672077 0.06484134
v -0.28186685 0.14878666 0.06078371
v -0.25475234 0.06632072 0.06129297
v -0.26146501 0.07875526 0.06551266
v -0.25166762 0.10695457 0.03913856
v -0.25092879 0.11004734 0.03498930
v -0.27591497 0.12477952 0.07639691
v -0.29916242 0.13987106 0.07110780
v -0.29743788 0.14010578 0.06317133
v -0.27775759 0.13331831 0.07635328
v -0.28303161 0.18610495 0.04435628
v -0.27820462 0.18589938 0.04500205
v -0.28504401 0.14288771 0.04596655
v -0.28216070 0.11878502 0.09391055
v -0.29866064 0.13503367 0.07746491
v -0.29653990 0.14188367 0.07690704
v -0.29532486 0.10787469 0.11237866
v -0.30476335 0.04820210 0.04488421
v -0.27957967 0.17815304 0.06011005
v -0.28190911 0.18576026 0.06060772
v -0.29071078 0.18611932 0.05166005
v -0.28789887 0.18585086 0.04681160
v -0.28910840 0.06371063 0.09935711
v -0.27234036 0.08480740 0.07440378
v -0.27138710 0.02077836 0.08402311
v -0.26078466 0.09509337 0.02144068
v -0.25498652 0.10423559 0.01959193
v -0.28030989 0.14136928 0.07649203
v -0.30299115 0.11711788 0.09753846
v -0.30352950 0.12730491 0.08207889
v -0.30491015 0.13300771 0.08336915
v -0.30109316 0.13769644 0.07887781
v -0.29724684 0.14152890 0.08029120
v -0.29152682 0.19233608 0.05194013
v -0.28880489 0.19234818 0.04727158
v -0.28419924 0.19294512 0.04471227
v -0.27940375 0.19231737 0.04558807
v -0.27664772 0.19105703 0.04863272
v -0.29119632 0.19270831 0.05596337
v -0.28832981 0.19239527 0.05898903
v -0.28315917 0.19119632 0.06030329
v -0.29172826 0.19791013 0.05634264
v -0.29222411 0.19874966 0.05232611
v -0.28450489 0.20545238 0.04593967
v -0.28543243 0.19991660 0.04512337
v -0.28767550 0.20262426 0.04656163
v -0.28759176 0.20614463 0.04677478
v -0.28811112 0.21033728 0.04730830
v -0.28494567 0.21004760 0.04730732
v -0.29000971 0.20142877 0.04813924
v -0.29084310 0.20553821 0.04867511
v -0.29243499 0.20489001 0.05205321
v -0.29318354 0.20913881 0.05256268
v -0.29165205 0.20990837 0.04927246
v -0.29163027 0.20158380 0.05088287
v -0.28958434 0.19787002 0.04759827
v -0.28666335 0.21367443 0.04900454
v -0.28883475 0.21314567 0.04808448
v -0.29172108 0.21365917 0.05002446
v -0.29004323 0.21503234 0.05183015
v -0.28062531 0.19788831 0.04600034
v -0.28157955 0.20423192 0.04729184
v -0.28268868 0.20950365 0.04914471
v -0.28471297 0.21326101 0.05116678
v -0.27983361 0.20376182 0.05027782
v -0.28189275 0.20895791 0.05191293
v -0.28389314 0.21204388 0.05358808
v -0.27989259 0.20366848 0.05414802
v -0.28226310 0.20869911 0.05478356
v -0.27756807 0.19576639 0.05330092
v -0.27798861 0.19641370 0.04901649
v -0.28386623 0.21098208 0.05511063
v -0.28812587 0.21456492 0.05393457
v -0.29297814 0.20382518 0.05463240
v -0.29332098 0.20865524 0.05527467
v -0.29215804 0.20348120 0.05710698
v -0.29224142 0.20849532 0.05744380
v -0.29288000 0.21292120 0.05477469
v -0.29350659 0.21238083 0.05266210
v -0.27598879 0.19035804 0.05314113
v -0.27878666 0.19045246 0.05771425
v -0.28002343 0.19587457 0.05780102
v -0.28203487 0.20349681 0.05835821
v -0.28433987 0.19617307 0.06008275
v -0.28902635 0.19742429 0.05911987
v -0.28987762 0.20313054 0.05909852
v -0.28620571 0.20293742 0.06020406
v -0.29007757 0.20813686 0.05891574
v -0.28724468 0.20811349 0.05926205
v -0.28425103 0.20855081 0.05753353
v -0.28913566 0.21162581 0.05783899
v -0.29119799 0.21265072 0.05659298
v -0.28669518 0.21294856 0.05562335
v -0.28745750 0.21061075 0.05815226
v -0.28560486 0.21107227 0.05664562
v -0.29259920 0.18063414 0.07463557
v -0.29452246 0.17992467 0.07953214
v -0.29242712 0.17304081 0.07790884
v -0.29062581 0.17383653 0.07320684
v -0.30025494 0.17940390 0.06539202
v -0.29507494 0.18064362 0.06683193
v -0.29393917 0.17413872 0.06525160
v -0.29914397 0.17287171 0.06406662
v -0.30527559 0.17765081 0.06852900
v -0.30445498 0.17116004 0.06734912
v -0.29713607 0.16535580 0.06264757
v -0.29184046 0.16665703 0.06399934
v -0.28761905 0.15353525 0.06382220
v -0.29283661 0.15238905 0.06139464
v -0.28792772 0.15057486 0.08106742
v -0.29343197 0.15083069 0.08131428
v -0.29264539 0.18108910 0.07033195
v -0.29116449 0.17439049 0.06889035
v -0.29801169 0.16380233 0.08127267
v -0.29295310 0.16448659 0.08072358
v -0.29613167 0.17228091 0.08119553
v -0.30077830 0.17164308 0.08191836
v -0.28226775 0.15235215 0.07121845
v -0.28388253 0.15102220 0.07673510
v -0.28418413 0.15349102 0.06708872
v -0.30292997 0.16319978 0.07881521
v -0.30507693 0.16299832 0.07329793
v -0.30168217 0.14999717 0.07157525
v -0.29910165 0.15059048 0.07775079
v -0.28862903 0.16675663 0.06775852
v -0.28897619 0.16510504 0.07717312
v -0.28741401 0.16616106 0.07236660
v -0.30263868 0.16357780 0.06620033
v -0.30667925 0.17056918 0.07451221
v -0.30851823 0.18661374 0.08047380
v -0.30643770 0.17763841 0.08007963
v -0.30301231 0.17830282 0.08310493
v -0.30560452 0.18761492 0.08358726
v -0.30477932 0.17107165 0.07952529
v -0.30785298 0.17713416 0.07498764
v -0.29525909 0.19062638 0.07665069
v -0.29761916 0.18982106 0.08129689
v -0.29503718 0.19083226 0.07238328
v -0.29956537 0.15050519 0.06417042
v -0.30190971 0.18876547 0.06724248
v -0.29709318 0.19020224 0.06907800
v -0.29834965 0.17915428 0.08275335
v -0.30128086 0.18853045 0.08421157
v -0.30958959 0.18615347 0.07564168
v -0.30696502 0.18666452 0.06983136
v -0.31079707 0.19353586 0.07670569
v -0.30838218 0.19431210 0.07143141
v -0.30370277 0.19635296 0.06874354
v -0.29901117 0.19696259 0.07062208
v -0.29710501 0.19683897 0.07367852
v -0.31006691 0.19355750 0.08103307
v -0.30745792 0.19375563 0.08385991
v -0.30317751 0.19413024 0.08456787
v -0.31169832 0.20012313 0.08201316
v -0.31256577 0.20105642 0.07812781
v -0.30746245 0.21456379 0.07362879
v -0.30604953 0.20942986 0.07185511
v -0.30920324 0.20959014 0.07277811
v -0.31049848 0.21431744 0.07332840
v -0.30607480 0.20367861 0.07045093
v -0.30894360 0.20603722 0.07224508
v -0.31104648 0.20484173 0.07417560
v -0.31257769 0.20881408 0.07484750
v -0.31385663 0.20787781 0.07840738
v -0.31550840 0.21229774 0.07915058
v -0.31438544 0.21362460 0.07536633
v -0.31255594 0.20442021 0.07704823
v -0.31198367 0.21776462 0.07431357
v -0.31025153 0.21837658 0.07582238
v -0.31009987 0.20080900 0.07299289
v -0.30106011 0.20272142 0.07156501
v -0.30288976 0.20897859 0.07323439
v -0.30527624 0.21433693 0.07560362
v -0.30842733 0.21793717 0.07825859
v -0.30123690 0.20874619 0.07635789
v -0.30416945 0.21405965 0.07834096
v -0.30733666 0.21692443 0.08023752
v -0.30129117 0.20824128 0.08033679
v -0.30450839 0.21355069 0.08128387
v -0.29873833 0.20078659 0.07869807
v -0.29880774 0.20173877 0.07464624
v -0.30683714 0.21573085 0.08166584
v -0.31418416 0.21957123 0.07841963
v -0.31204948 0.21894312 0.08066456
v -0.31579667 0.21843010 0.07589751
v -0.31355894 0.20702660 0.08072945
v -0.31498787 0.21186870 0.08156986
v -0.31336102 0.20628947 0.08309186
v -0.31470400 0.21170735 0.08368947
v -0.31614563 0.21652067 0.08106337
v -0.31678984 0.21607333 0.07914428
v -0.29722154 0.19613457 0.07767393
v -0.29937643 0.19508976 0.08199387
v -0.30081034 0.19987631 0.08302444
v -0.30349118 0.20730859 0.08446997
v -0.30465114 0.19875658 0.08525663
v -0.30909359 0.19939524 0.08453581
v -0.31110114 0.20595181 0.08525341
v -0.30740967 0.20616585 0.08616340
v -0.31249270 0.21148151 0.08519809
v -0.30940834 0.21158201 0.08591264
v -0.30630112 0.21260494 0.08440648
v -0.31237325 0.21552420 0.08437792
v -0.31470808 0.21639484 0.08305983
v -0.31007206 0.21741009 0.08237775
v -0.31022412 0.21460497 0.08495890
v -0.30846751 0.21551841 0.08349197
v -0.30276698 0.16627014 0.09265682
v -0.30289569 0.16468477 0.09761098
v -0.30086073 0.15923077 0.09615413
v -0.30084658 0.16104096 0.09122857
v -0.31117824 0.16486812 0.08664615
v -0.30826083 0.16627854 0.08669610
v -0.30606404 0.16086054 0.08485290
v -0.30921170 0.15881908 0.08431777
v -0.31421676 0.16282886 0.08963537
v -0.31227514 0.15621531 0.08779976
v -0.30698246 0.15289372 0.08253532
v -0.30334893 0.15541643 0.08337981
v -0.29924491 0.14642149 0.08200032
v -0.30350637 0.14384645 0.08055776
v -0.30523807 0.16689003 0.08889164
v -0.30308539 0.16157758 0.08732839
v -0.30274633 0.14988530 0.09980051
v -0.29918844 0.15131915 0.09897650
v -0.30290198 0.15745836 0.09963004
v -0.30593991 0.15619093 0.10032564
v -0.29218972 0.14471406 0.08893726
v -0.29185724 0.14215285 0.09372922
v -0.29521066 0.14646101 0.08509668
v -0.30728433 0.14896876 0.09780433
v -0.31067595 0.14840829 0.09280308
v -0.30646676 0.13847136 0.09148282
v -0.30221507 0.13858974 0.09622385
v -0.30002278 0.15632576 0.08621705
v -0.29706237 0.15336353 0.09541295
v -0.29732591 0.15545362 0.09026577
v -0.31015682 0.14974219 0.08645470
v -0.31283325 0.15470010 0.09381846
v -0.31592184 0.17062449 0.10103543
v -0.31217170 0.16106570 0.09957054
v -0.30836162 0.16179913 0.10201262
v -0.31257325 0.17113268 0.10353382
v -0.30984417 0.15510678 0.09863786
v -0.31499496 0.16129583 0.09495406
v -0.30569151 0.17486948 0.09531641
v -0.30637452 0.17335522 0.09988882
v -0.30796269 0.17540371 0.09180011
v -0.30715543 0.14034098 0.08457239
v -0.29744077 0.13901186 0.09875559
v -0.31382555 0.17416739 0.08942442
v -0.31084058 0.17519730 0.08961950
v -0.30505216 0.16286540 0.10130488
v -0.30888930 0.17178661 0.10331254
v -0.31808004 0.17082405 0.09686294
v -0.31704339 0.17211914 0.09184030
v -0.32045040 0.17707008 0.09820989
v -0.31918332 0.17852628 0.09340250
v -0.31608036 0.18070054 0.09091680
v -0.31263286 0.18136662 0.09143704
v -0.30987743 0.18097615 0.09368972
v -0.31837341 0.17704415 0.10220344
v -0.31520891 0.17718840 0.10405441
v -0.31120151 0.17710227 0.10397581
v -0.32013234 0.18155634 0.10334401
v -0.32211339 0.18270618 0.09950495
v -0.32031608 0.19692504 0.09512784
v -0.31874040 0.19252759 0.09374945
v -0.32067102 0.19199622 0.09493150
v -0.32240838 0.19610763 0.09555232
v -0.31828529 0.18672049 0.09248836
v -0.32024619 0.18856180 0.09409028
v -0.32196796 0.18674374 0.09578196
v -0.32366815 0.19054741 0.09662084
v -0.32385078 0.18861574 0.10023145
v -0.32535046 0.19261217 0.10113508
v -0.32517183 0.19467086 0.09754045
v -0.32296464 0.18574345 0.09855520
v -0.32382733 0.19870096 0.09639817
v -0.32235977 0.19983673 0.09689847
v -0.32087034 0.18349290 0.09478769
v -0.31411523 0.18658805 0.09272162
v -0.31560963 0.19223589 0.09432428
v -0.31767187 0.19707561 0.09624323
v -0.31982672 0.19954485 0.09848612
v -0.31320843 0.19132495 0.09670848
v -0.31537855 0.19612259 0.09847085
v -0.31747419 0.19830281 0.10034819
v -0.31192598 0.18997103 0.09978312
v -0.31441605 0.19484758 0.10103619
v -0.30996963 0.18406409 0.09817201
v -0.31134975 0.18555707 0.09504758
v -0.31636685 0.19684994 0.10160974
v -0.32477605 0.19944608 0.10002517
v -0.32222849 0.19915605 0.10192181
v -0.32622355 0.19813734 0.09840591
v -0.32315314 0.18731511 0.10234748
v -0.32442033 0.19178408 0.10329989
v -0.32133436 0.18669534 0.10447638
v -0.32274869 0.19163668 0.10504612
v -0.32543045 0.19587541 0.10281233
v -0.32633388 0.19571906 0.10121042
v -0.30825913 0.17984098 0.09690692
v -0.30870137 0.17814273 0.10079359
v -0.31036082 0.18241870 0.10169424
v -0.31260127 0.18862253 0.10330312
v -0.31275371 0.18127531 0.10459072
v -0.31670186 0.18150908 0.10477818
v -0.31857276 0.18669766 0.10577601
v -0.31516975 0.18715280 0.10576604
v -0.32031122 0.19159847 0.10611340
v -0.31747252 0.19215375 0.10613545
v -0.31520295 0.19358575 0.10395666
v -0.32092857 0.19536239 0.10528384
v -0.32340145 0.19573861 0.10442235
v -0.31963509 0.19788301 0.10308281
v -0.31876692 0.19477010 0.10545516
v -0.31748083 0.19624829 0.10363448
v -0.29408085 0.13995796 0.09717575
v -0.30855367 0.13872957 0.11506630
v -0.30782673 0.13675684 0.11825521
v -0.30569342 0.13333523 0.11610215
v -0.30632225 0.13512367 0.11308499
v -0.31727368 0.13763088 0.11111031
v -0.31400692 0.13962352 0.11046871
v -0.31164089 0.13584012 0.10805974
v -0.31516796 0.13368064 0.10848303
v -0.31889862 0.13451344 0.11476281
v -0.31688464 0.13040179 0.11240496
v -0.31185618 0.12953925 0.10589577
v -0.30828136 0.13188517 0.10557424
v -0.30303523 0.12516224 0.10185971
v -0.30669183 0.12232828 0.10133883
v -0.29679659 0.11252314 0.11368174
v -0.29332298 0.11451089 0.11166920
v -0.29735842 0.12020731 0.11417398
v -0.29978269 0.11766022 0.11626626
v -0.31088355 0.13983935 0.11224798
v -0.30842623 0.13618207 0.11002450
v -0.30511749 0.12519586 0.11937875
v -0.30293435 0.12769163 0.11735215
v -0.30634803 0.13122463 0.11899271
v -0.30833384 0.12915468 0.12099195
v -0.29162818 0.11746740 0.10863499
v -0.29134896 0.12138808 0.10504963
v -0.29663110 0.12491435 0.10748668
v -0.29645270 0.12284935 0.11108483
v -0.29920283 0.12587959 0.10476832
v -0.30855441 0.12349367 0.11905353
v -0.31222707 0.12380433 0.11541700
v -0.30725327 0.11538363 0.11233889
v -0.30340958 0.11593205 0.11570882
v -0.30508515 0.13249147 0.10799051
v -0.30236363 0.12982351 0.11423697
v -0.30286464 0.13183600 0.11091059
v -0.31377444 0.12607336 0.10986831
v -0.31526515 0.12831599 0.11745209
v -0.31696057 0.13692039 0.12552255
v -0.31407630 0.13134736 0.12269647
v -0.31064802 0.13227814 0.12339979
v -0.31380063 0.13747323 0.12618637
v -0.31168652 0.12790877 0.12066472
v -0.31737673 0.13214093 0.11952394
v -0.31130880 0.14420402 0.11782832
v -0.31040692 0.14188546 0.12115647
v -0.31361270 0.14511126 0.11533552
v -0.30959731 0.11819869 0.10526437
v -0.31967908 0.14329261 0.11430506
v -0.31650698 0.14508319 0.11390015
v -0.30848593 0.13451529 0.12130211
v -0.31143448 0.13943571 0.12436088
v -0.32004380 0.13779199 0.12243138
v -0.32122594 0.14016402 0.11768793
v -0.32249242 0.14235675 0.12474097
v -0.32359821 0.14462525 0.11996489
v -0.32158804 0.14774352 0.11660716
v -0.31836951 0.14913201 0.11593517
v -0.31534359 0.14870328 0.11726764
v -0.31929070 0.14156979 0.12759644
v -0.31614527 0.14193469 0.12779444
v -0.31374139 0.14321280 0.12582888
v -0.32110000 0.14575148 0.12863794
v -0.32457474 0.14713669 0.12599097
v -0.32485217 0.16051650 0.12198257
v -0.32365355 0.15703523 0.12023529
v -0.32524192 0.15612882 0.12143907
v -0.32654190 0.15936202 0.12237675
v -0.32322279 0.15204662 0.11887450
v -0.32470128 0.15316087 0.12050334
v -0.32556075 0.15112388 0.12235782
v -0.32715219 0.15394598 0.12327219
v -0.32644707 0.15263027 0.12667638
v -0.32799008 0.15557605 0.12790895
v -0.32868272 0.15724230 0.12441107
v -0.32615227 0.14981437 0.12498815
v -0.32788098 0.16132021 0.12339327
v -0.32661843 0.16257781 0.12393500
v -0.32489628 0.14838356 0.12147290
v -0.32007194 0.15266460 0.11800562
v -0.32155895 0.15732896 0.12008490
v -0.32313162 0.16125113 0.12246607
v -0.32460472 0.16289693 0.12517798
v -0.31930217 0.15640861 0.12107479
v -0.32124645 0.16050035 0.12362029
v -0.32269904 0.16203070 0.12613916
v -0.31735680 0.15477586 0.12308618
v -0.31974074 0.15901995 0.12525114
v -0.31501824 0.15029311 0.12128569
v -0.31718379 0.15193099 0.11902075
v -0.32134968 0.16087490 0.12665865
v -0.32796809 0.16160208 0.12717009
v -0.32560566 0.16192710 0.12802438
v -0.32967734 0.16005832 0.12576452
v -0.32549015 0.15101033 0.12855847
v -0.32665130 0.15530688 0.12995529
v -0.32272643 0.15022308 0.12990257
v -0.32422608 0.15531600 0.13091898
v -0.32767704 0.15883243 0.12957735
v -0.32899594 0.15807605 0.12833223
v -0.31322992 0.14743721 0.11959878
v -0.31255224 0.14523941 0.12284951
v -0.31429499 0.14830285 0.12426161
v -0.31659225 0.15290624 0.12586477
v -0.31544459 0.14663070 0.12712927
v -0.31790841 0.14569026 0.12877753
v -0.32005832 0.15059185 0.13018401
v -0.31754088 0.15150893 0.12875491
v -0.32203320 0.15570778 0.13069238
v -0.32002947 0.15645880 0.12961656
v -0.31918755 0.15755695 0.12743770
v -0.32328391 0.15938073 0.12982222
v -0.32543933 0.15932596 0.13008182
v -0.32340840 0.16138518 0.12820533
v -0.32172975 0.15913689 0.12932444
v -0.32158199 0.16025764 0.12805954
v -0.30019200 0.11192542 0.11389337
v -0.25364047 0.11645758 0.02042507
v -0.25334537 0.11833292 0.02510236
v -0.24036771 0.11343533 0.03083518
v -0.24565396 0.11692220 0.03143411
v -0.23751691 0.10982937 0.02662252
v -0.24044383 0.10830575 0.01744533
v -0.23810792 0.10848206 0.02150887
v -0.25080642 0.11892533 0.02911537
v -0.25090060 0.11348718 0.01612861
v -0.24535234 0.11009473 0.01522744
v -0.24775426 0.12183577 0.01256999
v -0.24176323 0.11875898 0.01105895
v -0.23649746 0.11660749 0.01380443
v -0.23426577 0.11569738 0.01874871
v -0.23452774 0.11601114 0.02418020
v -0.25104633 0.12406826 0.01720516
v -0.25110778 0.12509412 0.02263668
v -0.24791069 0.12389016 0.02702126
v -0.24819595 0.13160634 0.01395034
v -0.24415801 0.13213277 0.00874000
v -0.22909737 0.13523138 0.00757407
v -0.23071720 0.13084579 0.00931709
v -0.23290455 0.13224602 0.00672302
v -0.23121823 0.13524657 0.00428212
v -0.23330453 0.12613738 0.01023386
v -0.23443358 0.13015050 0.00762987
v -0.23800600 0.13212174 0.00625390
v -0.23700158 0.13417828 0.00424794
v -0.24122697 0.13420498 0.00602545
v -0.24135759 0.13677943 0.00446933
v -0.23546281 0.13705277 0.00149908
v -0.23059863 0.13849086 0.00265319
v -0.23385626 0.14038479 0.00100852
v -0.22905613 0.13961130 0.00523284
v -0.23895267 0.12819862 0.00784308
v -0.23156837 0.12284207 0.01583098
v -0.22960754 0.12968665 0.01330099
v -0.22843719 0.13591993 0.01123451
v -0.22912392 0.14087868 0.00918049
v -0.23043236 0.13007116 0.01835401
v -0.23003516 0.13701230 0.01534471
v -0.23094988 0.14108515 0.01276481
v -0.23362112 0.13185537 0.02164154
v -0.23284480 0.13802975 0.01751241
v -0.23552878 0.12350804 0.02616734
v -0.23220167 0.12215263 0.02153836
v -0.23272523 0.14088058 0.01495185
v -0.23256445 0.14348483 0.00340553
v -0.23296715 0.14415264 0.00787131
v -0.24369901 0.13802195 0.00746392
v -0.23997031 0.13967294 0.00272598
v -0.24167964 0.14170659 0.00584595
v -0.24556910 0.13801700 0.01162110
v -0.24211322 0.14264059 0.00975125
v -0.23825893 0.14402837 0.00401773
v -0.23785104 0.14181179 0.00126217
v -0.23754658 0.11816669 0.02835625
v -0.24260309 0.12134415 0.02906885
v -0.24080309 0.12683094 0.02704930
v -0.23853016 0.13415724 0.02251195
v -0.24621472 0.12948835 0.02463184
v -0.24904299 0.13103759 0.01965997
v -0.24529554 0.13795722 0.01642318
v -0.24283105 0.13667583 0.02066310
v -0.24121895 0.14246005 0.01358455
v -0.23914473 0.14119345 0.01650520
v -0.23608056 0.13961887 0.01783244
v -0.23742197 0.14403611 0.01185279
v -0.23786804 0.14473766 0.00813831
v -0.23377939 0.14341807 0.01155952
v -0.23696539 0.14280856 0.01417369
v -0.23467194 0.14211404 0.01456755
v -0.28997359 0.10956919 0.11061852
v -0.28731990 0.11287600 0.10663844
v -0.28435856 0.10606974 0.10529696
v -0.28193763 0.09738308 0.10393672
v -0.28488886 0.08818591 0.10648140
v -0.27973640 0.09964675 0.09795823
v -0.28239474 0.10836744 0.09977023
v -0.28599814 0.11751014 0.10107767
v -0.27717191 0.09438664 0.09124590
v -0.34068215 -0.68485725 -0.22733334
v -0.33799508 -0.68718040 -0.22947088
v -0.33737591 -0.68015385 -0.22688626
v -0.34006459 -0.67946869 -0.22525865
v -0.33015713 -0.68267232 -0.22965464
v -0.33386570 -0.68097198 -0.22873577
v -0.33367476 -0.68948770 -0.23113184
v -0.32830387 -0.69117904 -0.23129770
v -0.31932899 -0.69051957 -0.22811513
v -0.31712365 -0.69019705 -0.22805826
v -0.31740597 -0.68925083 -0.22839057
v -0.31955239 -0.68838847 -0.22871733
v -0.32298371 -0.68656838 -0.22979310
v -0.34383228 -0.68079317 -0.22212744
v -0.34366783 -0.68169165 -0.22315609
v -0.34236509 -0.68363166 -0.22526132
v -0.32653043 -0.68467969 -0.23028924
v -0.34198308 -0.67953444 -0.22335994
v -0.34326911 -0.67996103 -0.22217588
v -0.32311013 -0.69194984 -0.22983301
v -0.33159250 -0.68437678 -0.23010592
v -0.33531070 -0.68304121 -0.22904044
v -0.33282229 -0.68705547 -0.23080024
v -0.32823640 -0.68874371 -0.23105988
v -0.32186812 -0.68825710 -0.22932608
v -0.32419425 -0.68777919 -0.23014623
v -0.33828992 -0.68174255 -0.22727726
v -0.32767624 -0.68641263 -0.23058575
v -0.33674797 -0.68507808 -0.22935441
v -0.32414281 -0.68969703 -0.23037833
v -0.32167393 -0.68927181 -0.22949596
v -0.34322309 -0.68056107 -0.22291359
v -0.34298092 -0.68018550 -0.22299598
v -0.21532634 -0.48506752 -0.13626474
v -0.20848477 -0.46705711 -0.14182378
v -0.33956075 -0.68315518 -0.22739330
v -0.34208563 -0.68033063 -0.22398421
v -0.34056941 -0.68071997 -0.22547707
v -0.34139934 -0.68207109 -0.22537728
v -0.34261143 -0.68120062 -0.22382705
v -0.26733077 -0.30060676 -0.00012600
v -0.28578860 -0.29703793 0.00171388
v -0.32419610 -0.30057019 0.04554582
v -0.32481200 -0.31014454 0.06883575
v -0.10800170 -0.24513182 -0.08323570
v -0.13475065 -0.37506700 0.12821220
v -0.14323021 -0.38713855 0.12698348
v -0.07438808 -0.43319070 0.11200272
v -0.08922844 -0.42155531 0.12244731
v -0.17423162 -0.28236511 0.03381918
v -0.17927200 -0.29052687 0.03136533
v -0.14366773 -0.25742167 -0.03881691
v -0.15096271 -0.26950210 -0.04189408
v -0.16305959 -0.26129562 0.01186174
v -0.09236531 -0.37533751 0.13814181
v -0.10998207 -0.36143923 0.13806146
v -0.11390446 -0.37749934 0.13314474
v -0.09745292 -0.39219758 0.13298814
v -0.06122306 -0.44130656 0.09890399
v -0.05052665 -0.42251158 0.10217194
v -0.18875721 -0.31217760 0.05404508
v -0.18551907 -0.33002126 0.07975838
v -0.16607644 -0.37305441 0.11316337
v -0.15352403 -0.39520326 0.11980615
v -0.14135312 -0.41551930 0.12077792
v -0.12946329 -0.43415046 0.11791554
v -0.14671811 -0.28069627 -0.06851016
v -0.14195563 -0.29769787 -0.09101485
v -0.18643887 -0.29844302 0.02597924
v -0.09809988 -0.29567266 -0.12398779
v -0.13446338 -0.46343353 0.11100329
v -0.11947297 -0.48011518 0.10187085
v -0.17772968 -0.35082543 0.09991943
v -0.20013827 -0.41528293 -0.15227754
v -0.21420357 -0.40815958 -0.14452414
v -0.20609319 -0.39209852 -0.15016797
v -0.19072612 -0.39876214 -0.15607898
v -0.21945912 -0.38461778 -0.14283365
v -0.23139206 -0.37763533 -0.13401206
v -0.24182872 -0.37148809 -0.12431684
v -0.25958857 -0.35786718 -0.09275521
v -0.25568444 -0.36134815 -0.10322788
v -0.26350382 -0.35042381 -0.06995759
v -0.26196039 -0.35457200 -0.08198047
v -0.26247251 -0.34426188 -0.05441793
v -0.25938097 -0.33984709 -0.03544576
v -0.25989348 -0.35165954 -0.01207951
v -0.25390044 -0.33931422 -0.01368712
v -0.25227946 -0.32694107 -0.03843899
v -0.25620222 -0.33192539 -0.05800362
v -0.25739980 -0.33755663 -0.07394438
v -0.14259437 -0.35368678 -0.14799163
v -0.15560460 -0.37085822 -0.15726827
v -0.22181064 -0.50247729 -0.13256562
v -0.24590933 -0.12386563 0.12258022
v -0.28583598 -0.02014005 0.03863709
v -0.23147348 -0.59392542 0.01369673
v -0.25254247 -0.58486444 0.01802438
v -0.31401712 -0.54445446 0.02177667
v -0.32994229 -0.52545625 0.00849915
v -0.29283679 -0.55783236 0.02780668
v -0.26854414 -0.56995904 0.02832275
v -0.18276934 -0.30008835 -0.00764187
v -0.22919476 -0.57006848 0.03945049
v -0.26243770 -0.56534094 0.03650412
v -0.28769833 -0.55239189 0.03759533
v -0.31106600 -0.53466976 0.03353459
v -0.33006945 -0.51238257 0.02150586
v -0.33546287 -0.49425709 0.02128383
v -0.33411121 -0.47214115 0.04151430
v -0.33850718 -0.45995376 0.04147663
v -0.34272915 -0.44617775 0.04202194
v -0.35251436 -0.44241980 0.02449210
v -0.34832805 -0.45694801 0.02335810
v -0.33586112 -0.34364396 0.06882457
v -0.32659340 -0.33176759 0.07881288
v -0.31626713 -0.32696146 0.09093866
v -0.30512446 -0.32673252 0.10156016
v -0.29309067 -0.33132958 0.10838409
v -0.28175351 -0.33866233 0.10979505
v -0.27356103 -0.35157755 0.10708833
v -0.26771545 -0.38740367 0.09200282
v -0.26833543 -0.39895824 0.08725192
v -0.26111054 -0.41424465 0.08800833
v -0.25736523 -0.41564155 0.09123897
v -0.23302141 -0.41618714 0.10284589
v -0.21532626 -0.41747016 0.10958214
v -0.19405229 -0.42121929 0.11330169
v -0.08676256 -0.28395858 0.17867994
v -0.10974659 -0.27833605 0.17434233
v -0.10794871 -0.29415518 0.16478172
v -0.08567881 -0.30090410 0.16884762
v -0.04563414 -0.35265443 0.13920191
v -0.02454398 -0.36146700 0.13068938
v -0.16300148 -0.26577824 0.12344633
v -0.17364402 -0.25346187 0.10078403
v -0.12865701 -0.28619379 0.15608820
v -0.14779182 -0.27688026 0.14223380
v -0.17662686 -0.24097866 0.07406779
v -0.13323492 -0.19985507 -0.02668769
v -0.11505505 -0.19214112 -0.05046680
v -0.07577034 -0.18321529 -0.08787140
v -0.05475309 -0.18486314 -0.10037443
v -0.17244677 -0.22940770 0.04869765
v -0.09575629 -0.18621239 -0.07121398
v -0.16286561 -0.21796119 0.02381283
v -0.14978060 -0.20818578 -0.00165699
v -0.06662627 -0.34543067 0.14482597
v -0.06457716 -0.32636437 0.15764014
v -0.08547248 -0.31954724 0.15741149
v -0.16379966 -0.52237594 0.08616621
v -0.18113552 -0.51244366 0.09359170
v -0.20013332 -0.50359613 0.09887934
v -0.22865227 -0.50713533 0.09641309
v -0.21904770 -0.49486163 0.10208142
v -0.23747329 -0.48484129 0.10203345
v -0.24613528 -0.49635068 0.09694017
v -0.27139312 -0.47054100 0.09151898
v -0.26415691 -0.46372253 0.09573106
v -0.27079821 -0.45482320 0.09398833
v -0.27845490 -0.46174571 0.09104021
v -0.27625468 -0.44681412 0.09384671
v -0.28130078 -0.43516359 0.09332116
v -0.28570011 -0.42277712 0.09139661
v -0.28957373 -0.40888956 0.09447606
v -0.31169426 -0.41568249 0.08953120
v -0.30704004 -0.42995384 0.08758377
v -0.28136295 -0.47651753 0.08579469
v -0.27106613 -0.49047625 0.08749544
v -0.18584824 -0.54084510 0.06916083
v -0.16874865 -0.54689217 0.05984586
v -0.24956343 -0.34556198 0.00934426
v -0.24772085 -0.35257590 0.03379864
v -0.24680188 -0.36147127 0.05523817
v -0.24593972 -0.37281513 0.07202937
v -0.24540633 -0.38600573 0.08466870
v -0.24440166 -0.40103257 0.09333715
v -0.25167042 -0.41590631 0.09497958
v -0.24369591 -0.41571695 0.09904815
v -0.25235751 -0.42920399 0.09812957
v -0.24405368 -0.43092310 0.10231373
v -0.24548258 -0.44629717 0.10312576
v -0.24779502 -0.46133703 0.10192716
v -0.25268355 -0.47419026 0.09918872
v -0.26031038 -0.48420057 0.09445654
v -0.25840104 -0.50479645 0.08913483
v -0.24177051 -0.51624882 0.08922081
v -0.23725905 -0.53405100 0.07730958
v -0.25210154 -0.54022717 0.06866484
v -0.22369641 -0.52585006 0.08544396
v -0.20972520 -0.51616132 0.09255604
v -0.31028762 -0.56932747 -0.00930101
v -0.29079401 -0.58399349 -0.00228895
v -0.28813863 -0.36037219 0.10635108
v -0.28180814 -0.36281589 0.10576125
v -0.27881300 -0.35806891 0.10682386
v -0.28622347 -0.35106787 0.10845339
v -0.29612106 -0.34583104 0.10661621
v -0.30728436 -0.35736674 0.10080665
v -0.29757595 -0.35760328 0.10519343
v -0.30666980 -0.34317747 0.10139063
v -0.31673902 -0.34406430 0.09327005
v -0.31679326 -0.35817221 0.09424201
v -0.32561713 -0.34773135 0.08443048
v -0.32498020 -0.36047715 0.08707985
v -0.33310103 -0.35556570 0.07677462
v -0.33087814 -0.36335942 0.08136570
v -0.33388314 -0.40172255 0.07540224
v -0.33434081 -0.38759166 0.07799400
v -0.33275351 -0.37363896 0.07969713
v -0.29282463 -0.39526305 0.09790125
v -0.29606950 -0.38210273 0.10087945
v -0.29735816 -0.36967590 0.10352097
v -0.30736905 -0.37073666 0.09970137
v -0.30650043 -0.38388556 0.09832352
v -0.30362248 -0.39759451 0.09639117
v -0.17428559 -0.53245401 0.07742736
v -0.19236778 -0.52464366 0.08516936
v -0.28520048 -0.45096740 0.09132060
v -0.29088402 -0.44020587 0.09114473
v -0.29543233 -0.42773062 0.09125984
v -0.30022755 -0.41247457 0.09375283
v -0.30162635 -0.44275695 0.08700639
v -0.29622120 -0.45451483 0.08693141
v -0.28899431 -0.46587205 0.08634008
v -0.20461723 -0.53358525 0.07858099
v -0.15802801 -0.53982502 0.06913131
v -0.32167542 -0.39697468 -0.04200292
v -0.34152436 -0.40803176 -0.03447784
v -0.35665077 -0.41971743 -0.01804766
v -0.36026889 -0.43234533 0.00365687
v -0.20362270 -0.20362210 0.09143773
v -0.04043471 -0.40551230 0.10965084
v -0.03214174 -0.38441980 0.11728707
v -0.05009341 -0.37663251 0.13088381
v -0.10386406 -0.49138147 0.09333800
v -0.14818029 -0.53072864 0.07905471
v -0.23404537 -0.33621123 -0.12190126
v -0.22596025 -0.34164038 -0.13187854
v -0.23419176 -0.35612133 -0.12965862
v -0.24238776 -0.35074282 -0.11930171
v -0.24611211 -0.32917297 -0.09999742
v -0.24097854 -0.33197951 -0.11123192
v -0.24878782 -0.34647465 -0.10848752
v -0.25368738 -0.34328049 -0.09748670
v -0.24940234 -0.32689244 -0.08862635
v -0.25648105 -0.34090564 -0.08633346
v -0.23127759 -0.31804612 -0.11029086
v -0.22475350 -0.32198101 -0.12132917
v -0.21714942 -0.32779172 -0.13149990
v -0.24043080 -0.31470609 -0.08846831
v -0.23665524 -0.31584707 -0.09899838
v -0.25873798 -0.58805192 -0.20809981
v -0.26174578 -0.59167147 -0.22693253
v -0.27480033 -0.63341469 -0.24796233
v -0.27615476 -0.63765430 -0.24633321
v -0.23209003 -0.52719861 -0.12960076
v -0.23749241 -0.53596979 -0.13101128
v -0.16657466 -0.38854209 -0.16115350
v -0.18616080 -0.42157426 -0.15884289
v -0.19381337 -0.43513578 -0.15281877
v -0.20081127 -0.44996098 -0.14680287
v -0.22775923 -0.51641780 -0.13022596
v -0.17597920 -0.40483892 -0.16119966
v -0.14865093 -0.09376591 0.16273235
v -0.12464918 -0.07591256 0.17308111
v -0.12851334 -0.10438430 0.18217705
v -0.11004313 -0.09179160 0.18942815
v -0.15024960 -0.17069936 0.17217822
v -0.14498910 -0.14456394 0.17556730
v -0.15378107 -0.19796456 0.16889676
v -0.08395129 -0.08551675 0.19768253
v -0.05289139 -0.08473819 0.20274304
v -0.04665499 -0.11023679 0.21391457
v -0.13217430 -0.20133437 0.18750572
v -0.12773320 -0.17431456 0.19153273
v -0.11600494 -0.11157069 0.19284447
v -0.13933811 -0.12197241 0.17867891
v -0.11981084 -0.12571990 0.19379978
v -0.07723072 -0.10718867 0.20842266
v -0.10059743 -0.10774812 0.19986650
v -0.03830928 -0.29155487 0.18026978
v -0.00683385 -0.27753717 0.18631868
v -0.03656396 -0.27109927 0.19128059
v -0.13166346 -0.27160573 0.16426080
v -0.11041483 -0.25935179 0.18182865
v -0.09954286 -0.12694845 0.20512015
v -0.07383730 -0.13177675 0.21365130
v -0.04405956 -0.13822520 0.21944794
v -0.05517843 -0.21863021 0.21271190
v -0.04907733 -0.19343463 0.21819329
v -0.07675299 -0.18569574 0.21335751
v -0.08206739 -0.21254291 0.20758675
v -0.10987666 -0.23483051 0.19217542
v -0.10678421 -0.20746678 0.19897676
v -0.05923984 -0.24349950 0.20400350
v -0.08522541 -0.23913616 0.20008954
v -0.08676802 -0.26377684 0.18969321
v -0.10319841 -0.17902911 0.20355284
v -0.01336218 -0.17304480 0.22051950
v -0.04485616 -0.16548529 0.22227624
v 0.01806195 -0.18060088 0.21399641
v -0.06210035 -0.26742476 0.19296294
v -0.06311366 -0.28878397 0.18038729
v -0.06301243 -0.30822271 0.16824298
v -0.07039296 -0.36672258 0.13915183
v -0.20409638 0.04295918 -0.08568883
v -0.00698305 -0.04680651 0.02490846
v 0.00185362 -0.04809365 0.05171865
v -0.18058328 -0.14709538 0.05073479
v -0.17908889 -0.11688232 0.12546469
v -0.16149199 -0.11935046 0.15577230
v -0.04424734 -0.07298008 -0.04211555
v -0.02588448 -0.05705407 -0.02173290
v -0.16905281 -0.14930412 0.01434770
v -0.12784520 -0.13083351 -0.04144420
v -0.01521321 -0.04940540 0.00197327
v -0.12321530 -0.14816266 0.19332826
v -0.10063976 -0.15221167 0.20522708
v -0.07401374 -0.15899852 0.21502601
v -0.01148913 -0.14436331 0.22024602
v 0.02130844 -0.15466642 0.21235557
v -0.02886963 -0.10631034 -0.05829301
v -0.02622970 -0.11350670 -0.06455250
v -0.01548388 -0.11250988 -0.06755606
v -0.01313464 -0.10153925 -0.05919704
v -0.13162431 -0.18758819 -0.02583214
v -0.11123297 -0.17974861 -0.04880752
v -0.06960357 -0.17191750 -0.08495523
v -0.04900298 -0.17338145 -0.09694999
v -0.17700531 -0.21700545 0.05186455
v -0.09028502 -0.17435242 -0.06920425
v -0.16675180 -0.20626742 0.02626257
v -0.15110755 -0.19645840 0.00022309
v -0.33515123 0.46438640 -0.13861752
v -0.35081920 0.48276699 -0.15047117
v -0.34531820 0.48589244 -0.13606620
v -0.32842904 0.46940833 -0.12533811
v -0.33637640 0.47184184 -0.08920106
v -0.32799855 0.47390825 -0.10227820
v -0.34974277 0.46752593 -0.08210526
v -0.35965550 0.48812407 -0.09298293
v -0.37285966 0.48374572 -0.09568736
v -0.36355069 0.46169361 -0.08301935
v -0.37383923 0.45593953 -0.08973284
v -0.39186263 0.47420523 -0.11104135
v -0.39901018 0.46701810 -0.12548226
v -0.38917911 0.44292364 -0.11469182
v -0.38172317 0.45007122 -0.09997007
v -0.39135027 0.44091019 -0.13562948
v -0.40187806 0.46517742 -0.14498776
v -0.38142133 0.44487369 -0.15138295
v -0.34510249 0.45849252 -0.15177573
v -0.36032143 0.47779822 -0.16456771
v -0.34668905 0.49149171 -0.10023917
v -0.34052572 0.49209210 -0.11508045
v -0.32548100 0.47273767 -0.11440310
v -0.34204179 0.48889092 -0.12625380
v -0.35868222 0.50514126 -0.14773133
v -0.36093503 0.50175476 -0.16351199
v -0.35322848 0.51015830 -0.10943327
v -0.35226986 0.50885344 -0.12547362
v -0.38035318 0.50410295 -0.10488470
v -0.36630368 0.50772506 -0.10034298
v -0.40296555 0.49734733 -0.11782659
v -0.38262480 0.47922418 -0.10235468
v -0.39205015 0.50102252 -0.11059956
v -0.41098905 0.49046159 -0.13257837
v -0.41479406 0.48785183 -0.15378681
v -0.37174124 0.49657437 -0.17851673
v -0.35593709 0.50586534 -0.13694583
v -0.51855969 0.57872713 -0.27898327
v -0.51408833 0.57962996 -0.28393242
v -0.51429695 0.57447857 -0.28238618
v -0.51749003 0.57476407 -0.27900821
v -0.49403951 0.57671988 -0.30796161
v -0.48386234 0.57919568 -0.31397501
v -0.48607498 0.56760335 -0.31365764
v -0.49346876 0.56648117 -0.31021914
v -0.50839108 0.57851565 -0.29760703
v -0.51431513 0.57865775 -0.29271159
v -0.51065332 0.58231711 -0.29150438
v -0.50668937 0.58183390 -0.29485857
v -0.51792175 0.57794166 -0.24479447
v -0.52152193 0.57963449 -0.23883444
v -0.51805490 0.58223718 -0.23919676
v -0.51680523 0.58327597 -0.24187616
v -0.51876724 0.58001173 -0.26568800
v -0.52127665 0.58099872 -0.26024008
v -0.51894230 0.58419299 -0.25979125
v -0.51680660 0.58434516 -0.26335263
v -0.48441932 0.56138361 -0.29153645
v -0.49150410 0.56280911 -0.30235428
v -0.47957379 0.56443101 -0.30828348
v -0.47075126 0.55920053 -0.29872492
v -0.47190607 0.57348812 -0.30943426
v -0.47634786 0.57994670 -0.30284870
v -0.46676606 0.58024943 -0.29306096
v -0.46213356 0.57057875 -0.29879493
v -0.48806837 0.58112085 -0.29667011
v -0.48004532 0.58134592 -0.28677061
v -0.48909763 0.57325202 -0.28447151
v -0.49860930 0.57313251 -0.29555020
v -0.50537330 0.57359344 -0.27582255
v -0.51411915 0.57676446 -0.28359836
v -0.51024669 0.57014632 -0.28790882
v -0.50222456 0.56507057 -0.27963674
v -0.50416911 0.56987357 -0.29378787
v -0.49346918 0.56488496 -0.28801882
v -0.48900449 0.57553506 -0.28833321
v -0.49892122 0.57616884 -0.29792702
v -0.50008845 0.58193296 -0.29197550
v -0.49056202 0.58151978 -0.28310987
v -0.49814713 0.58150840 -0.27756631
v -0.50714642 0.58229131 -0.28553945
v -0.51052952 0.56804270 -0.26490086
v -0.51537269 0.57305568 -0.27382335
v -0.50996840 0.57269192 -0.27909869
v -0.50348508 0.56773561 -0.27267715
v -0.50606167 0.57977921 -0.28203753
v -0.50899720 0.58336973 -0.27726603
v -0.50132179 0.58198887 -0.27043018
v -0.49946797 0.57759613 -0.27503604
v -0.50858200 0.58179212 -0.26407543
v -0.51468396 0.58417207 -0.27203536
v -0.51363754 0.57428980 -0.26307705
v -0.51890182 0.57871205 -0.27061385
v -0.51691979 0.57618177 -0.24422321
v -0.52123487 0.58114994 -0.25259948
v -0.51981920 0.57519948 -0.25537696
v -0.51581633 0.57001597 -0.24622001
v -0.51653492 0.57373023 -0.26008573
v -0.51191217 0.56917596 -0.25404915
v -0.51285905 0.57728601 -0.26348764
v -0.51231635 0.58436459 -0.26025626
v -0.50838196 0.58260018 -0.25339934
v -0.51043802 0.57485104 -0.25774196
v -0.51650262 0.58515304 -0.25487334
v -0.51222563 0.58314508 -0.24611196
v -0.51552117 0.57068264 -0.22593796
v -0.51449347 0.57777172 -0.22287050
v -0.51815802 0.57791245 -0.23238631
v -0.51791388 0.57260579 -0.23438913
v -0.51712483 0.57230729 -0.23871575
v -0.51416093 0.56924397 -0.23356590
v -0.51308483 0.57587564 -0.24185863
v -0.51153982 0.58289105 -0.23951350
v -0.50879669 0.58230454 -0.23405659
v -0.51189202 0.57435858 -0.23668455
v -0.51509863 0.58308882 -0.23439232
v -0.51110709 0.58238000 -0.22696865
v -0.46154839 0.55556655 -0.28833792
v -0.47942996 0.56081575 -0.27895594
v -0.48344946 0.57975304 -0.30906934
v -0.45271391 0.56901908 -0.28823236
v -0.48967743 0.58048099 -0.30520049
v -0.47518528 0.58150607 -0.27640671
v -0.45816487 0.57972425 -0.28226915
v -0.48369229 0.57347041 -0.28145260
v -0.51284921 0.57363272 -0.29274079
v -0.49676651 0.57494706 -0.27063015
v -0.49016947 0.58222330 -0.26437217
v -0.50954604 0.57347363 -0.29572871
v -0.49340829 0.56206924 -0.26724592
v -0.50161779 0.56403941 -0.25107971
v -0.51340944 0.58282769 -0.28112137
v -0.51602191 0.58295238 -0.27837840
v -0.50070131 0.58265036 -0.24921744
v -0.50981915 0.57407409 -0.25513616
v -0.52168977 0.57764840 -0.26024729
v -0.51383406 0.57498562 -0.23549537
v -0.50562364 0.58335191 -0.23232585
v -0.51910388 0.57586211 -0.26332226
v -0.50750941 0.56469345 -0.23307912
v -0.52019370 0.57610106 -0.23867221
v -0.50801730 0.57566148 -0.21250080
v -0.50631702 0.58390319 -0.21749894
v -0.51933825 0.57497352 -0.24165338
v -0.50976264 0.56701720 -0.21708947
v -0.35800004 0.45389456 -0.15999934
v -0.37323806 0.47317868 -0.17213495
v -0.37195712 0.44981506 -0.15968877
v -0.39489475 0.46752840 -0.16158389
v -0.38694745 0.47096163 -0.16990861
v -0.38777012 0.49200118 -0.18589577
v -0.40926421 0.49058911 -0.17165868
v -0.40192437 0.49139750 -0.18095775
v -0.40826243 0.51621628 -0.11738911
v -0.42045051 0.51079094 -0.13227443
v -0.39536929 0.51891661 -0.11125159
v -0.36732417 0.52371633 -0.10289059
v -0.38288134 0.52122271 -0.10527349
v -0.39978993 0.50935578 -0.19789907
v -0.38277096 0.51443928 -0.18799414
v -0.41574219 0.50755233 -0.19409889
v -0.42463017 0.50666010 -0.18113780
v -0.44806641 0.55118942 -0.27788916
v -0.43502754 0.55066961 -0.26081154
v -0.45033780 0.54113388 -0.25480589
v -0.46506560 0.54988682 -0.26773897
v -0.46376768 0.54147786 -0.24051106
v -0.47818956 0.55291921 -0.25448373
v -0.47272295 0.54561847 -0.22433046
v -0.48773289 0.55570120 -0.23836283
v -0.47891605 0.55010289 -0.20834532
v -0.49421445 0.55880922 -0.22120892
v -0.48366320 0.55801773 -0.19392325
v -0.49855819 0.56298012 -0.20642695
v -0.48732334 0.56852996 -0.18570346
v -0.50030845 0.57238358 -0.19919012
v -0.44014075 0.56785154 -0.27714625
v -0.42948511 0.56679565 -0.25990123
v -0.44628358 0.58078808 -0.26932546
v -0.43583226 0.58147931 -0.25242254
v -0.45949727 0.58232045 -0.25860879
v -0.44748560 0.58275336 -0.24158373
v -0.48429400 0.58191657 -0.18982743
v -0.49668747 0.58463550 -0.20481485
v -0.47242141 0.58364379 -0.24449500
v -0.45956194 0.58239913 -0.22760290
v -0.48297954 0.58586562 -0.22972701
v -0.46953958 0.58403170 -0.21298961
v -0.49076414 0.58694184 -0.21607488
v -0.47753483 0.58519149 -0.19985414
v -0.43135786 0.53461158 -0.23715568
v -0.44744653 0.52930486 -0.22476968
v -0.45576507 0.53308350 -0.20826834
v -0.46156710 0.54024351 -0.19262391
v -0.46665114 0.55222929 -0.17894128
v -0.47151995 0.56447905 -0.17062977
v -0.44504955 0.52852130 -0.17095211
v -0.44884744 0.55026698 -0.16113776
v -0.45320007 0.56426507 -0.15565518
v -0.43298143 0.55045211 -0.14226201
v -0.43590051 0.56495798 -0.14018564
v -0.40499359 0.55523562 -0.11202556
v -0.40703288 0.57052451 -0.10972790
v -0.42083326 0.56622553 -0.12346735
v -0.41749135 0.55227530 -0.12524068
v -0.43063378 0.53051174 -0.14787138
v -0.41775459 0.53215700 -0.12910742
v -0.40498623 0.53539145 -0.11605026
v -0.38339263 0.57328272 -0.09980328
v -0.39555413 0.57235467 -0.10231552
v -0.39433667 0.55721217 -0.10408768
v -0.38258982 0.55809653 -0.09931020
v -0.36540163 0.55990291 -0.10129106
v -0.36723891 0.57504547 -0.10490593
v -0.35629016 0.56150109 -0.11862960
v -0.35733098 0.57645857 -0.12035690
v -0.38264096 0.53909814 -0.10350528
v -0.39389831 0.53780222 -0.10849249
v -0.36733860 0.54098058 -0.10340977
v -0.35892230 0.54221272 -0.11758355
v -0.36374605 0.54147816 -0.13344945
v -0.36189911 0.56170124 -0.13564697
v -0.36044678 0.57606393 -0.13836329
v -0.42158920 0.55090070 -0.23950377
v -0.42031869 0.56423110 -0.23635645
v -0.44042772 0.51917827 -0.19265601
v -0.43032813 0.51825309 -0.20881909
v -0.41033643 0.52584386 -0.21452478
v -0.40531802 0.54900885 -0.21751170
v -0.40850478 0.56421131 -0.21235946
v -0.39690077 0.56577778 -0.19154169
v -0.39175969 0.55245334 -0.19591117
v -0.42531094 0.57569337 -0.23016506
v -0.41417253 0.57195616 -0.20612098
v -0.40165460 0.57296205 -0.18659669
v -0.38417685 0.56891328 -0.17529026
v -0.38030726 0.55581546 -0.17719749
v -0.37492880 0.57104313 -0.16167897
v -0.37364763 0.55679226 -0.16148758
v -0.36818683 0.55848479 -0.14901605
v -0.36734617 0.57357550 -0.15068531
v -0.37140134 0.53740311 -0.15922967
v -0.36773670 0.53872478 -0.14680755
v -0.37820524 0.53648710 -0.17543247
v -0.38919690 0.53232878 -0.19511181
v -0.46931428 0.57851720 -0.17342028
v -0.45264816 0.57639343 -0.15752302
v -0.43494800 0.57572675 -0.14214283
v -0.41902000 0.57796812 -0.12636594
v -0.40413716 0.58114499 -0.11520357
v -0.39352921 0.58260608 -0.10978097
v -0.37020278 0.58312756 -0.11221288
v -0.38263243 0.58304733 -0.10750204
v -0.36336392 0.58398306 -0.12308953
v -0.36639282 0.58443803 -0.13770875
v -0.37250173 0.58414090 -0.14851348
v -0.38890627 0.57728684 -0.17090395
v -0.37914959 0.58195370 -0.15887740
v -0.36937755 0.51919538 -0.17201594
v -0.36409104 0.52187681 -0.15517682
v -0.36242011 0.52212787 -0.14350800
v -0.35718206 0.52433902 -0.11613800
v -0.35991132 0.52371955 -0.13168539
v -0.43486336 0.57988691 -0.22012469
v -0.44589043 0.57983691 -0.20687056
v -0.45526275 0.58139652 -0.19316185
v -0.46292067 0.58213598 -0.18180107
v -0.44726461 0.58073962 -0.16431846
v -0.43970039 0.58043963 -0.17377605
v -0.43036598 0.57978189 -0.18601269
v -0.42120188 0.57674366 -0.19796912
v -0.43016335 0.58098429 -0.14887007
v -0.42356059 0.58156979 -0.15762933
v -0.41480470 0.58128113 -0.16810496
v -0.40755385 0.57873285 -0.17910181
v -0.39421892 0.58314073 -0.16394848
v -0.39983186 0.58460993 -0.15341265
v -0.40725696 0.58434385 -0.14394508
v -0.41307616 0.58306009 -0.13470852
v -0.39982128 0.58469003 -0.12444919
v -0.39473832 0.58551651 -0.13366438
v -0.38841823 0.58601296 -0.14269669
v -0.38411748 0.58549738 -0.15142266
v -0.39100856 0.58548373 -0.11946589
v -0.37473232 0.58598214 -0.11870278
v -0.38309857 0.58542854 -0.11705041
v -0.36934340 0.58669072 -0.12502159
v -0.37232184 0.58684814 -0.13484667
v -0.37759185 0.58658016 -0.14303295
v -0.38222679 0.58642876 -0.13621368
v -0.37760547 0.58652127 -0.13086405
v -0.38768923 0.58595115 -0.12793747
v -0.38190657 0.58597356 -0.12446997
v -0.37451553 0.58633387 -0.12591209
v -0.37675941 0.58611590 -0.12284246
v -0.42631608 0.51007485 -0.15961868
v -0.23350258 0.21157259 -0.10875262
v -0.21751326 0.21747407 -0.11009993
v -0.24771443 0.20304093 -0.10242669
v -0.14721771 -0.14685985 -0.01402972
v -0.12387996 -0.24613109 -0.06023470
v -0.13913599 -0.26696223 -0.06575359
v -0.13075611 -0.25483233 -0.06310131
v -0.15656577 -0.13578328 -0.01990379
v -0.17844549 -0.28931004 -0.00044977
v -0.24973297 -0.36615431 -0.11396894
v -0.37508380 -0.65752268 -0.14049441
v -0.37243325 -0.65489542 -0.13947602
v -0.37025148 -0.65286839 -0.13740821
v -0.36900190 -0.65133846 -0.13467868
v -0.36773670 -0.65027666 -0.13162839
v -0.36599815 -0.65133059 -0.12820806
v -0.37202662 -0.65399760 -0.13465828
v -0.37058309 -0.65769708 -0.13200557
v -0.37155917 -0.65901059 -0.13340856
v -0.37341231 -0.65566945 -0.13631406
f 2 3 1
f 1 3 4
f 3 2 5
f 5 2 6
f 3 7 4
f 4 7 8
f 10 11 9
f 9 11 12
f 14 15 13
f 13 15 16
f 18 19 17
f 17 19 20
f 22 23 21
f 21 23 24
f 26 18 25
f 25 18 17
f 27 28 17
f 17 28 25
f 30 31 29
f 29 31 32
f 34 35 33
f 33 35 36
f 21 24 37
f 37 24 38
f 40 31 39
f 39 31 38
f 34 33 28
f 28 33 25
f 41 42 44
f 44 42 43
f 36 45 33
f 33 45 25
f 46 47 49
f 49 47 48
f 51 52 50
f 50 52 53
f 55 53 54
f 54 53 52
f 57 58 56
f 56 58 59
f 61 62 60
f 60 62 63
f 65 66 64
f 64 66 67
f 69 70 68
f 68 70 71
f 65 73 72
f 72 73 74
f 64 75 65
f 65 75 73
f 77 78 76
f 76 78 79
f 80 81 83
f 83 81 82
f 81 85 84
f 84 85 86
f 88 89 87
f 87 89 69
f 88 87 90
f 90 87 91
f 93 94 92
f 92 94 95
f 96 84 43
f 43 84 44
f 51 98 97
f 97 98 86
f 97 99 51
f 51 99 52
f 54 52 100
f 100 52 99
f 58 101 59
f 59 101 102
f 62 103 63
f 63 103 104
f 105 106 6
f 6 106 5
f 108 109 107
f 107 109 110
f 112 113 111
f 111 113 114
f 116 117 115
f 115 117 118
f 120 121 119
f 119 121 122
f 124 125 123
f 123 125 126
f 128 129 127
f 127 129 130
f 130 131 127
f 127 131 132
f 134 1 133
f 133 1 135
f 1 4 135
f 135 4 136
f 4 8 136
f 136 8 137
f 138 139 15
f 15 139 140
f 140 139 141
f 141 139 142
f 144 57 143
f 143 57 56
f 145 146 141
f 141 146 147
f 146 149 148
f 148 149 150
f 152 153 151
f 151 153 154
f 141 147 140
f 140 147 155
f 157 11 156
f 156 11 158
f 160 161 159
f 159 161 162
f 164 165 163
f 163 165 166
f 165 160 166
f 166 160 159
f 168 169 167
f 167 169 170
f 169 171 170
f 170 171 172
f 149 173 150
f 150 173 174
f 175 176 149
f 149 176 173
f 178 172 177
f 177 172 171
f 180 181 179
f 179 181 182
f 184 180 183
f 183 180 179
f 186 187 185
f 185 187 188
f 190 191 189
f 189 191 192
f 7 193 8
f 8 193 194
f 196 162 195
f 195 162 161
f 197 168 198
f 198 168 167
f 181 199 182
f 182 199 200
f 202 203 201
f 201 203 204
f 187 186 205
f 205 186 206
f 208 209 207
f 207 209 210
f 212 213 211
f 211 213 214
f 215 216 218
f 218 216 217
f 220 209 219
f 219 209 208
f 204 186 221
f 221 186 185
f 201 204 222
f 222 204 221
f 223 211 220
f 220 211 209
f 224 225 214
f 214 225 210
f 203 206 204
f 204 206 186
f 227 187 226
f 226 187 205
f 27 228 21
f 21 228 22
f 230 231 229
f 229 231 232
f 234 235 233
f 233 235 236
f 238 239 237
f 237 239 240
f 119 122 118
f 118 122 115
f 112 242 241
f 241 242 243
f 98 51 244
f 244 51 50
f 245 138 14
f 14 138 15
f 11 10 158
f 158 10 246
f 89 85 69
f 69 85 70
f 11 157 12
f 12 157 247
f 249 164 248
f 248 164 163
f 177 250 178
f 178 250 251
f 253 254 252
f 252 254 255
f 187 227 188
f 188 227 256
f 212 257 213
f 213 257 258
f 260 134 259
f 259 134 133
f 165 164 135
f 135 164 133
f 160 165 136
f 136 165 135
f 136 137 160
f 160 137 161
f 137 261 161
f 161 261 195
f 263 264 262
f 262 264 265
f 13 16 266
f 266 16 267
f 268 267 155
f 155 267 16
f 147 269 155
f 155 269 268
f 162 196 167
f 167 196 198
f 167 170 162
f 162 170 159
f 170 172 159
f 159 172 166
f 172 178 166
f 166 178 163
f 178 251 163
f 163 251 248
f 168 270 169
f 169 270 271
f 272 273 171
f 171 273 177
f 271 272 169
f 169 272 171
f 168 197 270
f 270 197 274
f 250 177 275
f 275 177 273
f 277 45 276
f 276 45 278
f 280 281 279
f 279 281 282
f 284 104 283
f 283 104 103
f 285 215 286
f 286 215 218
f 288 289 287
f 287 289 290
f 291 80 66
f 66 80 83
f 293 294 292
f 292 294 295
f 73 91 74
f 74 91 87
f 91 73 92
f 92 73 75
f 279 77 280
f 280 77 76
f 80 291 70
f 70 291 71
f 277 47 96
f 96 47 82
f 297 175 296
f 296 175 149
f 299 154 298
f 298 154 153
f 225 300 210
f 210 300 207
f 224 301 206
f 206 301 205
f 210 209 214
f 214 209 211
f 226 205 302
f 302 205 301
f 304 305 303
f 303 305 306
f 308 309 307
f 307 309 310
f 72 291 65
f 65 291 66
f 66 83 67
f 67 83 46
f 312 313 311
f 311 313 314
f 316 317 315
f 315 317 36
f 29 318 35
f 35 318 319
f 321 32 320
f 320 32 322
f 311 314 323
f 323 314 324
f 315 325 316
f 316 325 326
f 318 287 319
f 319 287 290
f 328 321 327
f 327 321 320
f 329 330 39
f 39 330 331
f 332 333 40
f 40 333 322
f 309 334 285
f 285 334 335
f 236 2 134
f 134 2 1
f 260 336 233
f 233 336 337
f 237 14 265
f 265 14 13
f 84 86 44
f 44 86 98
f 189 192 7
f 7 192 193
f 44 98 41
f 41 98 244
f 237 240 14
f 14 240 245
f 7 3 189
f 189 3 5
f 338 71 72
f 72 71 291
f 262 265 266
f 266 265 13
f 124 123 339
f 339 123 105
f 123 109 105
f 105 109 106
f 189 5 190
f 190 5 106
f 111 114 12
f 12 114 9
f 264 340 265
f 265 340 237
f 342 343 341
f 341 343 344
f 6 235 105
f 105 235 339
f 234 346 345
f 345 346 347
f 349 350 348
f 348 350 351
f 107 352 108
f 108 352 353
f 355 356 354
f 354 356 357
f 237 340 238
f 238 340 358
f 12 247 111
f 111 247 359
f 264 263 116
f 116 263 360
f 361 362 222
f 222 362 201
f 364 365 363
f 363 365 366
f 368 369 367
f 367 369 370
f 372 373 371
f 371 373 374
f 375 376 372
f 372 376 377
f 378 379 381
f 381 379 380
f 382 383 269
f 269 383 268
f 150 174 365
f 365 174 384
f 380 377 381
f 381 377 376
f 271 270 180
f 180 270 181
f 273 272 252
f 252 272 184
f 272 271 184
f 184 271 180
f 181 270 274
f 252 255 273
f 273 255 275
f 254 385 255
f 255 385 386
f 387 388 179
f 179 388 183
f 389 387 182
f 182 387 179
f 182 200 389
f 389 200 390
f 388 391 183
f 183 391 253
f 391 392 253
f 253 392 254
f 394 379 393
f 393 379 378
f 185 188 395
f 395 188 396
f 221 185 397
f 397 185 395
f 222 221 398
f 398 221 397
f 188 256 396
f 396 256 399
f 400 401 256
f 256 401 399
f 402 403 405
f 405 403 404
f 148 150 364
f 364 150 365
f 393 406 394
f 394 406 407
f 158 246 393
f 393 246 406
f 342 19 238
f 238 19 239
f 23 22 350
f 350 22 354
f 244 50 245
f 245 50 138
f 55 142 53
f 53 142 139
f 145 144 296
f 296 144 143
f 355 228 341
f 341 228 20
f 41 240 42
f 42 240 239
f 283 308 284
f 284 308 307
f 349 409 408
f 408 409 410
f 244 245 41
f 41 245 240
f 268 383 406
f 406 383 407
f 346 411 349
f 349 411 409
f 251 412 248
f 248 412 413
f 275 414 250
f 250 414 415
f 25 45 26
f 26 45 277
f 43 26 96
f 96 26 277
f 416 417 61
f 61 417 62
f 329 24 408
f 408 24 23
f 31 40 32
f 32 40 322
f 39 38 329
f 329 38 24
f 37 38 30
f 30 38 31
f 418 419 421
f 421 419 420
f 78 295 79
f 79 295 294
f 124 339 422
f 422 339 345
f 232 131 357
f 357 131 351
f 2 236 6
f 6 236 235
f 252 184 253
f 253 184 183
f 227 423 256
f 256 423 400
f 423 227 305
f 305 227 226
f 424 258 425
f 425 258 257
f 426 427 212
f 212 427 257
f 259 133 249
f 249 133 164
f 419 418 428
f 428 418 429
f 327 430 328
f 328 430 288
f 49 431 46
f 46 431 67
f 306 302 424
f 424 302 258
f 313 432 314
f 314 432 433
f 32 321 29
f 29 321 318
f 324 314 433
f 287 318 328
f 328 318 321
f 134 260 236
f 236 260 233
f 345 339 234
f 234 339 235
f 357 351 354
f 354 351 350
f 408 23 349
f 349 23 350
f 317 278 36
f 36 278 45
f 432 313 429
f 429 313 428
f 435 428 434
f 434 428 313
f 42 239 18
f 18 239 19
f 43 42 26
f 26 42 18
f 121 120 436
f 436 120 437
f 302 301 258
f 258 301 213
f 110 109 126
f 126 109 123
f 238 358 342
f 342 358 343
f 341 20 342
f 342 20 19
f 322 438 320
f 320 438 439
f 320 439 327
f 327 439 430
f 333 440 322
f 322 440 438
f 289 288 323
f 323 288 430
f 115 340 116
f 116 340 264
f 146 145 149
f 149 145 296
f 15 140 16
f 16 140 155
f 441 442 152
f 152 442 153
f 225 224 203
f 203 224 206
f 175 297 154
f 154 297 151
f 293 443 294
f 294 443 444
f 248 413 249
f 249 413 445
f 446 447 400
f 400 447 401
f 388 387 396
f 396 387 395
f 387 389 395
f 395 389 397
f 391 388 399
f 399 388 396
f 401 392 399
f 399 392 391
f 255 386 275
f 275 386 414
f 449 450 448
f 448 450 451
f 335 452 285
f 285 452 215
f 453 298 442
f 442 298 153
f 211 223 212
f 212 223 426
f 425 257 454
f 454 257 427
f 266 10 262
f 262 10 9
f 360 113 456
f 456 113 455
f 8 194 137
f 137 194 261
f 10 266 246
f 246 266 267
f 203 202 225
f 225 202 300
f 262 9 263
f 263 9 114
f 108 353 190
f 190 353 191
f 389 390 397
f 397 390 398
f 457 422 128
f 128 422 129
f 156 158 378
f 378 158 393
f 347 346 348
f 348 346 349
f 447 458 401
f 401 458 392
f 364 382 148
f 148 382 269
f 55 54 57
f 57 54 58
f 75 64 459
f 459 64 460
f 100 90 101
f 101 90 95
f 101 58 100
f 100 58 54
f 142 55 144
f 144 55 57
f 147 146 269
f 269 146 148
f 459 93 75
f 75 93 92
f 144 145 142
f 142 145 141
f 228 27 20
f 20 27 17
f 154 299 175
f 175 299 176
f 214 213 224
f 224 213 301
f 424 461 306
f 306 461 303
f 285 286 309
f 309 286 310
f 462 334 308
f 308 334 309
f 302 306 226
f 226 306 305
f 37 28 21
f 21 28 27
f 29 35 30
f 30 35 34
f 30 34 37
f 37 34 28
f 344 436 356
f 356 436 229
f 325 290 326
f 326 290 289
f 311 439 312
f 312 439 438
f 35 319 36
f 36 319 315
f 439 311 430
f 430 311 323
f 315 319 325
f 325 319 290
f 440 463 438
f 438 463 312
f 341 344 355
f 355 344 356
f 360 456 116
f 116 456 117
f 354 22 355
f 355 22 228
f 326 289 324
f 324 289 323
f 74 87 68
f 68 87 69
f 50 53 138
f 138 53 139
f 268 406 267
f 267 406 246
f 190 106 108
f 108 106 109
f 241 455 112
f 112 455 113
f 358 122 343
f 343 122 121
f 129 347 130
f 130 347 348
f 348 351 130
f 130 351 131
f 229 232 356
f 356 232 357
f 340 115 358
f 358 115 122
f 111 359 112
f 112 359 242
f 125 124 457
f 457 124 422
f 231 132 232
f 232 132 131
f 343 121 344
f 344 121 436
f 263 114 360
f 360 114 113
f 347 129 345
f 345 129 422
f 230 229 437
f 437 229 436
f 464 446 423
f 423 446 400
f 465 466 468
f 468 466 467
f 470 471 469
f 469 471 472
f 469 472 373
f 373 472 374
f 474 469 473
f 473 469 373
f 471 475 472
f 472 475 476
f 472 477 374
f 374 477 478
f 477 472 476
f 479 480 476
f 476 480 477
f 473 373 377
f 377 373 372
f 481 482 479
f 479 482 480
f 483 484 481
f 481 484 482
f 403 402 485
f 485 402 486
f 487 488 483
f 483 488 484
f 487 489 488
f 488 489 490
f 489 491 490
f 490 491 492
f 491 493 492
f 492 493 494
f 493 495 494
f 494 495 496
f 497 498 481
f 481 498 483
f 484 499 482
f 482 499 367
f 370 480 367
f 367 480 482
f 480 370 477
f 477 370 478
f 500 497 479
f 479 497 481
f 451 473 380
f 380 473 377
f 448 451 379
f 379 451 380
f 501 502 504
f 504 502 503
f 449 505 507
f 507 505 506
f 486 508 505
f 505 508 506
f 508 509 506
f 506 509 510
f 511 507 510
f 510 507 506
f 509 508 512
f 512 508 513
f 515 509 514
f 514 509 512
f 509 515 510
f 510 515 516
f 510 516 511
f 511 516 517
f 486 505 485
f 485 505 518
f 505 449 518
f 518 449 448
f 383 382 403
f 403 382 404
f 363 404 364
f 364 404 382
f 403 485 383
f 383 485 407
f 519 520 361
f 361 520 362
f 522 496 521
f 521 496 495
f 450 474 451
f 451 474 473
f 363 366 523
f 523 366 524
f 525 499 488
f 488 499 484
f 488 490 525
f 525 490 526
f 496 522 520
f 520 522 527
f 494 496 519
f 519 496 520
f 492 494 528
f 528 494 519
f 529 530 495
f 495 530 521
f 490 492 526
f 526 492 528
f 529 495 531
f 531 495 493
f 533 534 532
f 532 534 535
f 523 524 533
f 533 524 534
f 486 402 532
f 532 402 533
f 529 536 530
f 530 536 537
f 536 538 537
f 537 538 539
f 540 541 539
f 539 541 537
f 530 537 535
f 535 537 541
f 542 539 543
f 543 539 538
f 539 542 540
f 540 542 544
f 541 540 513
f 513 540 512
f 540 544 512
f 512 544 514
f 546 547 545
f 545 547 548
f 549 550 531
f 531 550 551
f 550 549 552
f 552 549 553
f 546 550 554
f 554 550 552
f 547 546 555
f 555 546 554
f 498 556 558
f 558 556 557
f 559 557 560
f 560 557 556
f 561 562 560
f 560 562 559
f 557 559 552
f 552 559 554
f 559 562 554
f 554 562 555
f 558 557 553
f 553 557 552
f 475 471 563
f 563 471 564
f 565 563 567
f 567 563 566
f 471 470 564
f 564 470 466
f 564 466 568
f 568 466 465
f 568 465 569
f 569 465 570
f 572 573 571
f 571 573 574
f 569 575 567
f 567 575 576
f 577 565 576
f 576 565 567
f 578 579 581
f 581 579 580
f 575 561 576
f 576 561 560
f 556 577 560
f 560 577 576
f 577 556 497
f 497 556 498
f 565 577 500
f 500 577 497
f 563 565 475
f 475 565 500
f 553 489 558
f 558 489 487
f 531 493 549
f 549 493 491
f 489 553 491
f 491 553 549
f 394 407 518
f 518 407 485
f 518 448 394
f 394 448 379
f 545 548 538
f 538 548 543
f 551 545 536
f 536 545 538
f 536 529 551
f 551 529 531
f 507 582 449
f 449 582 450
f 511 583 507
f 507 583 582
f 511 517 583
f 583 517 584
f 585 586 588
f 588 586 587
f 590 591 589
f 589 591 592
f 591 590 593
f 593 590 594
f 596 597 595
f 595 597 598
f 599 600 602
f 602 600 601
f 604 605 603
f 603 605 606
f 608 609 607
f 607 609 610
f 612 613 611
f 611 613 614
f 615 616 618
f 618 616 617
f 620 621 619
f 619 621 622
f 624 625 623
f 623 625 626
f 628 629 627
f 627 629 630
f 632 633 631
f 631 633 634
f 635 636 638
f 638 636 637
f 639 640 642
f 642 640 641
f 644 645 643
f 643 645 646
f 619 622 647
f 647 622 648
f 650 651 649
f 649 651 652
f 601 653 602
f 602 653 654
f 656 657 655
f 655 657 658
f 660 661 659
f 659 661 662
f 664 665 663
f 663 665 666
f 593 594 667
f 667 594 668
f 669 670 672
f 672 670 671
f 673 674 676
f 676 674 675
f 633 632 677
f 677 632 678
f 663 666 679
f 679 666 680
f 681 682 684
f 684 682 683
f 686 687 685
f 685 687 688
f 690 661 689
f 689 661 691
f 693 686 692
f 692 686 685
f 695 597 694
f 694 597 668
f 594 696 668
f 668 696 694
f 697 698 696
f 696 698 699
f 700 701 697
f 697 701 698
f 702 585 703
f 703 585 588
f 671 690 672
f 672 690 689
f 640 639 704
f 704 639 705
f 679 706 663
f 663 706 658
f 708 709 707
f 707 709 710
f 711 712 610
f 610 712 607
f 713 714 716
f 716 714 715
f 717 718 720
f 720 718 719
f 722 634 721
f 721 634 633
f 724 725 723
f 723 725 726
f 728 729 727
f 727 729 730
f 732 733 731
f 731 733 734
f 707 710 735
f 735 710 736
f 643 737 644
f 644 737 738
f 740 741 739
f 739 741 742
f 608 744 743
f 743 744 745
f 747 748 746
f 746 748 749
f 751 752 750
f 750 752 753
f 754 755 757
f 757 755 756
f 758 759 761
f 761 759 760
f 763 764 762
f 762 764 765
f 767 768 766
f 766 768 769
f 771 772 770
f 770 772 773
f 775 776 774
f 774 776 777
f 779 780 778
f 778 780 781
f 783 712 782
f 782 712 784
f 785 786 788
f 788 786 787
f 790 628 789
f 789 628 627
f 792 793 791
f 791 793 794
f 795 796 726
f 726 796 723
f 798 799 797
f 797 799 800
f 721 633 801
f 801 633 677
f 797 800 802
f 802 800 803
f 805 806 804
f 804 806 807
f 809 810 808
f 808 810 811
f 813 814 812
f 812 814 815
f 809 808 817
f 817 808 816
f 818 819 804
f 804 819 805
f 820 821 818
f 818 821 819
f 821 820 587
f 587 820 822
f 809 823 810
f 810 823 824
f 814 807 815
f 815 807 806
f 826 426 825
f 825 426 223
f 426 826 427
f 427 826 827
f 828 829 454
f 454 829 830
f 831 832 677
f 677 832 801
f 834 835 833
f 833 835 836
f 838 839 837
f 837 839 840
f 841 842 844
f 844 842 843
f 845 846 803
f 803 846 802
f 847 831 678
f 678 831 677
f 848 849 851
f 851 849 850
f 853 854 852
f 852 854 855
f 857 858 856
f 856 858 680
f 860 861 859
f 859 861 862
f 864 865 863
f 863 865 866
f 868 869 867
f 867 869 870
f 839 871 840
f 840 871 872
f 849 848 874
f 874 848 873
f 876 877 875
f 875 877 878
f 880 881 879
f 879 881 882
f 883 884 886
f 886 884 885
f 846 887 802
f 802 887 888
f 890 891 889
f 889 891 888
f 893 894 892
f 892 894 895
f 896 897 728
f 728 897 729
f 899 900 898
f 898 900 901
f 902 852 904
f 904 852 903
f 849 905 850
f 850 905 906
f 875 878 907
f 907 878 908
f 910 911 909
f 909 911 912
f 914 915 913
f 913 915 916
f 917 918 862
f 862 918 859
f 919 920 856
f 856 920 921
f 923 924 922
f 922 924 925
f 926 927 925
f 925 927 922
f 929 930 928
f 928 930 693
f 932 695 931
f 931 695 694
f 823 867 824
f 824 867 933
f 935 936 934
f 934 936 937
f 938 868 823
f 823 868 867
f 940 847 939
f 939 847 678
f 632 655 678
f 678 655 939
f 941 942 619
f 619 942 620
f 687 943 688
f 688 943 944
f 851 850 945
f 945 850 903
f 850 906 903
f 903 906 904
f 946 947 949
f 949 947 948
f 951 952 950
f 950 952 953
f 955 956 954
f 954 956 957
f 907 958 875
f 875 958 874
f 960 961 959
f 959 961 962
f 963 853 902
f 902 853 852
f 909 964 910
f 910 964 965
f 967 968 966
f 966 968 969
f 971 972 970
f 970 972 973
f 974 960 975
f 975 960 959
f 977 978 976
f 976 978 979
f 981 977 980
f 980 977 976
f 980 982 981
f 981 982 983
f 985 983 984
f 984 983 982
f 984 986 985
f 985 986 987
f 989 990 988
f 988 990 991
f 993 994 992
f 992 994 995
f 997 998 996
f 996 998 999
f 1001 1002 1000
f 1000 1002 1003
f 1005 1006 1004
f 1004 1006 1007
f 1004 1008 1005
f 1005 1008 1009
f 1008 1010 1009
f 1009 1010 1011
f 1013 1011 1012
f 1012 1011 1010
f 1014 1015 1017
f 1017 1015 1016
f 1019 1020 1018
f 1018 1020 1021
f 1022 1023 976
f 976 1023 980
f 1024 1025 982
f 982 1025 984
f 992 995 1026
f 1026 995 1027
f 956 955 1028
f 1028 955 1029
f 1030 1031 1033
f 1033 1031 1032
f 1010 1008 1034
f 1034 1008 1035
f 1008 1004 1035
f 1035 1004 1036
f 1037 1038 1002
f 1002 1038 1007
f 1002 1001 1037
f 1037 1001 1039
f 1040 1041 997
f 997 1041 998
f 1015 1014 1043
f 1043 1014 1042
f 1044 1045 1047
f 1047 1045 1046
f 1044 1020 1048
f 1048 1020 1049
f 1050 1051 1003
f 1003 1051 1000
f 1052 1050 1006
f 1006 1050 1003
f 1053 1054 1011
f 1011 1054 1009
f 1013 1045 1055
f 1055 1045 1056
f 1058 1059 1057
f 1057 1059 1060
f 1062 1063 1061
f 1061 1063 1064
f 1065 1066 1050
f 1050 1066 1051
f 1067 1065 1052
f 1052 1065 1050
f 1068 1069 1054
f 1054 1069 1070
f 1071 1068 1053
f 1053 1068 1054
f 1073 1071 1072
f 1072 1071 1074
f 1074 1071 1055
f 1055 1071 1053
f 1076 1077 1075
f 1075 1077 1078
f 1079 1080 1057
f 1057 1080 1058
f 1081 1082 1064
f 1064 1082 1061
f 1084 1085 1083
f 1083 1085 1086
f 1088 1089 1087
f 1087 1089 1090
f 1092 1093 1091
f 1091 1093 1094
f 1096 1097 1095
f 1095 1097 1098
f 1099 1100 1102
f 1102 1100 1101
f 1103 1104 1099
f 1099 1104 1100
f 1106 1107 1105
f 1105 1107 1108
f 1110 1111 1109
f 1109 1111 1112
f 1114 1115 1113
f 1113 1115 1116
f 1118 1119 1117
f 1117 1119 1077
f 1117 1120 1122
f 1122 1120 1121
f 1105 1123 1106
f 1106 1123 1124
f 1125 1126 1128
f 1128 1126 1127
f 1130 1131 1129
f 1129 1131 1132
f 1134 1135 1133
f 1133 1135 1114
f 1113 1136 1114
f 1114 1136 1133
f 1118 1137 1113
f 1113 1137 1136
f 1118 1117 1137
f 1137 1117 1122
f 1139 1140 1138
f 1138 1140 1141
f 1143 953 1142
f 1142 953 952
f 1145 957 1144
f 1144 957 956
f 1028 1146 956
f 956 1146 1144
f 1014 1147 1042
f 1042 1147 1148
f 1014 1017 1147
f 1147 1017 1149
f 1059 1058 1150
f 1150 1058 1151
f 1153 1080 1152
f 1152 1080 1154
f 1156 1088 1155
f 1155 1088 1087
f 1157 1158 1106
f 1106 1158 1107
f 1106 1124 1157
f 1157 1124 1159
f 1161 1162 1160
f 1160 1162 1163
f 1165 1166 1164
f 1164 1166 1167
f 1168 1031 1012
f 1012 1031 1046
f 1024 1023 1035
f 1035 1023 1034
f 1036 1038 1025
f 1025 1038 1169
f 1170 1171 1039
f 1039 1171 1037
f 1028 1029 1042
f 1042 1029 1043
f 1172 1173 1175
f 1175 1173 1174
f 1055 1053 1013
f 1013 1053 1011
f 1005 1009 1070
f 1070 1009 1054
f 996 999 1062
f 1062 999 1063
f 1016 1060 1017
f 1017 1060 1059
f 1017 1059 1149
f 1149 1059 1150
f 1177 1178 1176
f 1176 1178 1103
f 1176 1072 1179
f 1179 1072 1074
f 1073 1102 1086
f 1086 1102 1083
f 1180 1181 1067
f 1067 1181 1065
f 1182 1183 1184
f 1184 1183 1181
f 1186 1187 1185
f 1185 1187 1188
f 1189 1190 798
f 798 1190 799
f 1192 1193 1191
f 1191 1193 1194
f 1195 1196 1194
f 1194 1196 1191
f 1196 1195 1198
f 1198 1195 1197
f 1200 674 1199
f 1199 674 673
f 928 1201 1203
f 1203 1201 1202
f 861 1204 862
f 862 1204 921
f 1205 1206 913
f 913 1206 1207
f 882 1208 879
f 879 1208 1209
f 1210 1211 1167
f 1167 1211 1164
f 1212 769 1213
f 1213 769 768
f 727 1214 728
f 728 1214 1215
f 1217 1218 1216
f 1216 1218 1219
f 1220 813 1221
f 1221 813 812
f 827 828 427
f 427 828 454
f 1223 1224 1222
f 1222 1224 1165
f 1226 1227 1225
f 1225 1227 1228
f 851 1229 848
f 848 1229 1230
f 834 854 835
f 835 854 1231
f 1233 1234 1232
f 1232 1234 1235
f 1237 751 1236
f 1236 751 750
f 743 819 1238
f 1238 819 821
f 1240 1241 1239
f 1239 1241 1242
f 1244 1245 1243
f 1243 1245 1246
f 844 1247 841
f 841 1247 1248
f 1250 1251 1249
f 1249 1251 1252
f 1254 893 1253
f 1253 893 1237
f 1255 1256 1258
f 1258 1256 1257
f 1260 1261 1259
f 1259 1261 1262
f 945 903 855
f 855 903 852
f 855 1263 945
f 945 1263 1264
f 832 845 801
f 801 845 803
f 800 721 803
f 803 721 801
f 721 800 722
f 722 800 799
f 1266 1267 1265
f 1265 1267 1268
f 1270 795 1269
f 1269 795 726
f 725 1271 726
f 726 1271 1269
f 737 765 738
f 738 765 764
f 759 740 760
f 760 740 739
f 717 1272 1274
f 1274 1272 1273
f 1163 1226 1275
f 1275 1226 1225
f 1277 882 1276
f 1276 882 881
f 1041 1040 1027
f 1027 1040 1026
f 900 935 901
f 901 935 934
f 1164 1278 1165
f 1165 1278 1222
f 1211 1279 1164
f 1164 1279 1278
f 442 1280 453
f 453 1280 1281
f 788 1282 785
f 785 1282 1283
f 1285 1286 1284
f 1284 1286 1287
f 1284 1288 1285
f 1285 1288 1289
f 757 1289 754
f 754 1289 1288
f 605 604 675
f 675 604 676
f 1290 1291 1293
f 1293 1291 1292
f 1295 1296 1294
f 1294 1296 1297
f 696 699 694
f 694 699 931
f 1298 1299 592
f 592 1299 589
f 1299 1300 589
f 589 1300 700
f 1300 1301 700
f 700 1301 701
f 743 745 819
f 819 745 805
f 1303 1304 1302
f 1302 1304 1305
f 1306 1307 1305
f 1305 1307 1302
f 609 1298 610
f 610 1298 592
f 587 822 588
f 588 822 1308
f 703 588 1309
f 1309 588 1308
f 1310 703 571
f 571 703 1309
f 1311 1312 789
f 789 1312 790
f 825 223 1313
f 1313 223 220
f 219 1314 220
f 220 1314 1313
f 1315 1316 1311
f 1311 1316 1312
f 1317 1318 1319
f 1319 1318 1241
f 441 1320 442
f 442 1320 1280
f 1321 217 572
f 572 217 216
f 1323 1230 1322
f 1322 1230 1229
f 1324 1325 631
f 631 1325 656
f 1034 1168 1010
f 1010 1168 1012
f 1327 1328 1326
f 1326 1328 1329
f 1331 1202 1330
f 1330 1202 1201
f 571 1309 572
f 572 1309 1321
f 573 572 1332
f 1332 572 216
f 1334 1335 1333
f 1333 1335 1336
f 1337 1338 918
f 918 1338 859
f 1339 863 1340
f 1340 863 866
f 1341 1342 1344
f 1344 1342 1343
f 1345 1346 919
f 919 1346 920
f 1347 1348 673
f 673 1348 1199
f 693 1349 928
f 928 1349 1201
f 1351 1257 1350
f 1350 1257 1256
f 1350 1352 1351
f 1351 1352 1353
f 653 930 654
f 654 930 662
f 1279 1354 1278
f 1278 1354 1355
f 1357 1358 1356
f 1356 1358 1359
f 937 1360 1140
f 1140 1360 1361
f 1225 1228 909
f 909 1228 964
f 901 934 1362
f 1362 934 1139
f 1364 1365 1363
f 1363 1365 1362
f 1367 912 1366
f 1366 912 911
f 1143 1142 1368
f 1368 1142 1369
f 1144 1186 1145
f 1145 1186 1185
f 1146 1175 1144
f 1144 1175 1186
f 1175 1146 1172
f 1172 1146 1148
f 1147 1018 1148
f 1148 1018 1172
f 1018 1147 1019
f 1019 1147 1149
f 1149 1150 1019
f 1019 1150 1370
f 1150 1151 1370
f 1370 1151 1371
f 1151 1153 1371
f 1371 1153 1177
f 1152 1156 1178
f 1178 1156 1372
f 1155 1158 1373
f 1373 1158 1374
f 1157 1159 1376
f 1376 1159 1375
f 1378 1379 1377
f 1377 1379 1380
f 1382 1383 1381
f 1381 1383 1384
f 1382 1386 1385
f 1385 1386 1387
f 1386 1233 1387
f 1387 1233 1232
f 1389 1390 1388
f 1388 1390 1391
f 1393 1394 1392
f 1392 1394 1395
f 1397 1398 1396
f 1396 1398 1399
f 629 1397 630
f 630 1397 1396
f 1342 1400 1343
f 1343 1400 1401
f 1403 1404 1402
f 1402 1404 1405
f 1407 1408 1406
f 1406 1408 1409
f 1411 1412 1410
f 1410 1412 1413
f 793 1414 794
f 794 1414 1415
f 1417 1341 1416
f 1416 1341 1344
f 704 705 1347
f 1347 705 1418
f 741 1419 742
f 742 1419 1420
f 1422 669 1421
f 1421 669 672
f 645 1423 646
f 646 1423 1424
f 1196 1198 614
f 614 1198 611
f 613 1425 614
f 614 1425 1426
f 1427 616 659
f 659 616 660
f 614 1426 1196
f 1196 1426 1191
f 696 594 697
f 697 594 590
f 697 590 700
f 700 590 589
f 703 1310 702
f 702 1310 1428
f 1421 672 1192
f 1192 672 689
f 1271 648 1269
f 1269 648 622
f 621 1270 622
f 622 1270 1269
f 1429 1430 1417
f 1417 1430 1341
f 1431 1432 1434
f 1434 1432 1433
f 1436 1437 1435
f 1435 1437 1438
f 1440 1441 1439
f 1439 1441 1442
f 1443 1444 1446
f 1446 1444 1445
f 823 809 938
f 938 809 817
f 810 1447 811
f 811 1447 1448
f 1449 1450 679
f 679 1450 706
f 913 916 1205
f 1205 916 1451
f 1275 1225 912
f 912 1225 909
f 1452 1453 880
f 880 1453 881
f 1444 1401 1445
f 1445 1401 1400
f 936 1454 937
f 937 1454 1360
f 824 1455 810
f 810 1455 1447
f 631 656 632
f 632 656 655
f 966 1456 967
f 967 1456 1457
f 1459 1460 1458
f 1458 1460 1461
f 1460 1462 1461
f 1461 1462 1463
f 972 974 973
f 973 974 975
f 990 995 991
f 991 995 994
f 1464 1187 1033
f 1033 1187 1174
f 1018 1021 1172
f 1172 1021 1173
f 1000 999 1001
f 1001 999 998
f 976 979 1022
f 1022 979 1032
f 1023 1024 980
f 980 1024 982
f 989 986 1171
f 1171 986 1169
f 1171 1170 989
f 989 1170 990
f 1170 1027 990
f 990 1027 995
f 1041 1039 998
f 998 1039 1001
f 1051 1063 1000
f 1000 1063 999
f 1066 1064 1051
f 1051 1064 1063
f 1183 1081 1066
f 1066 1081 1064
f 1178 1372 1103
f 1103 1372 1104
f 1092 1091 1465
f 1465 1091 1182
f 1467 1465 1466
f 1466 1465 1468
f 1469 1470 1184
f 1184 1470 1468
f 1095 1098 1471
f 1471 1098 1101
f 1076 1374 1120
f 1120 1374 1376
f 1110 1472 1127
f 1127 1472 1132
f 1472 1473 1132
f 1132 1473 1129
f 1474 1475 1466
f 1466 1475 1473
f 1119 1118 1116
f 1116 1118 1113
f 1375 1121 1376
f 1376 1121 1120
f 1127 1132 1128
f 1128 1132 1131
f 1227 1476 1228
f 1228 1476 1361
f 1365 1477 1362
f 1362 1477 872
f 1478 1479 1323
f 1323 1479 1230
f 1480 1481 914
f 914 1481 915
f 913 1277 914
f 914 1277 1276
f 1168 1034 1022
f 1022 1034 1023
f 1035 1036 1024
f 1024 1036 1025
f 1039 1041 1170
f 1170 1041 1027
f 1042 1148 1028
f 1028 1148 1146
f 968 1459 969
f 969 1459 1458
f 1482 1483 664
f 664 1483 665
f 1485 1486 1484
f 1484 1486 1487
f 1489 1490 1488
f 1488 1490 1491
f 1492 1493 722
f 722 1493 634
f 1495 1496 1494
f 1494 1496 1497
f 1498 1207 1339
f 1339 1207 863
f 1224 1499 1165
f 1165 1499 1166
f 1160 1163 1500
f 1500 1163 1275
f 1500 877 1160
f 1160 877 1501
f 876 873 1502
f 1502 873 1479
f 945 1264 851
f 851 1264 1229
f 835 1231 839
f 839 1231 871
f 1503 1283 778
f 778 1283 1282
f 716 715 1505
f 1505 715 1504
f 1446 1445 1507
f 1507 1445 1506
f 779 792 1381
f 1381 792 791
f 1430 1409 1341
f 1341 1409 1342
f 1411 1429 1508
f 1508 1429 1417
f 635 1510 1509
f 1509 1510 1511
f 1377 1380 1315
f 1315 1380 1316
f 1445 1400 1506
f 1506 1400 1408
f 918 917 1336
f 1336 917 1333
f 1513 1514 1512
f 1512 1514 870
f 1515 1516 1363
f 1363 1516 1364
f 1453 1517 881
f 881 1517 1276
f 992 1518 993
f 993 1518 1519
f 1520 1029 1518
f 1518 1029 955
f 1520 1026 1521
f 1521 1026 1040
f 1522 1015 1521
f 1521 1015 1043
f 996 1523 997
f 997 1523 1522
f 1060 1016 1524
f 1524 1016 1523
f 1061 1525 1062
f 1062 1525 1524
f 1079 1527 1526
f 1526 1527 1528
f 1093 1529 1094
f 1094 1529 1528
f 1111 1530 1112
f 1112 1530 1531
f 1532 1533 1105
f 1105 1533 1123
f 934 937 1139
f 1139 937 1140
f 1138 1363 1139
f 1139 1363 1362
f 1534 1222 1355
f 1355 1222 1278
f 1535 1223 1534
f 1534 1223 1222
f 821 587 1238
f 1238 587 586
f 1319 711 1317
f 1317 711 1536
f 1538 1200 1537
f 1537 1200 1199
f 1508 1417 1539
f 1539 1417 1416
f 1540 1541 840
f 840 1541 837
f 1231 898 871
f 871 898 901
f 1500 1275 1367
f 1367 1275 912
f 1543 1379 1542
f 1542 1379 1395
f 1539 772 1508
f 1508 772 1544
f 1546 1403 1545
f 1545 1403 1402
f 1548 1549 1547
f 1547 1549 1550
f 1552 1548 1551
f 1551 1548 1547
f 1554 1555 1553
f 1553 1555 1556
f 1558 1559 1557
f 1557 1559 1560
f 1562 1563 1561
f 1561 1563 1564
f 1566 1567 1565
f 1565 1567 1568
f 1570 1571 1569
f 1569 1571 1572
f 1574 1575 1573
f 1573 1575 1576
f 1577 1578 1572
f 1572 1578 1569
f 1580 1581 1579
f 1579 1581 1582
f 1584 1585 1583
f 1583 1585 1586
f 1588 1555 1587
f 1587 1555 1589
f 1591 1592 1590
f 1590 1592 1593
f 1595 1596 1594
f 1594 1596 1597
f 1596 1581 1597
f 1597 1581 1576
f 1599 1570 1598
f 1598 1570 1569
f 1601 1602 1600
f 1600 1602 1603
f 1605 1606 1604
f 1604 1606 1607
f 1608 1609 1568
f 1568 1609 1565
f 1611 1612 1610
f 1610 1612 1613
f 1615 1616 1614
f 1614 1616 1617
f 1619 1617 1618
f 1618 1617 1616
f 1621 1622 1620
f 1620 1622 1623
f 1625 1626 1624
f 1624 1626 1627
f 1629 1630 1628
f 1628 1630 1631
f 1633 1634 1632
f 1632 1634 1635
f 1636 1637 1639
f 1639 1637 1638
f 1641 1642 1640
f 1640 1642 1643
f 1624 1627 1644
f 1644 1627 1645
f 1647 1648 1646
f 1646 1648 1649
f 1651 1652 1650
f 1650 1652 1653
f 1655 1656 1654
f 1654 1656 1657
f 1659 1660 1658
f 1658 1660 1661
f 1662 1663 1631
f 1631 1663 1628
f 1651 1665 1664
f 1664 1665 1666
f 1667 1656 1619
f 1619 1656 1617
f 1669 1670 1668
f 1668 1670 1671
f 1632 1635 1672
f 1672 1635 1673
f 1674 1675 1638
f 1638 1675 1639
f 1677 1678 1676
f 1676 1678 1679
f 1680 1640 1681
f 1681 1640 1643
f 1682 1683 1643
f 1643 1683 1681
f 1670 1669 1235
f 1235 1669 1232
f 1396 1399 1674
f 1674 1399 1675
f 627 630 1679
f 1679 630 1676
f 1681 1315 1680
f 1680 1315 1311
f 1683 1377 1681
f 1681 1377 1315
f 1672 1673 1387
f 1387 1673 1385
f 1636 1684 1646
f 1646 1684 1685
f 1687 1688 1686
f 1686 1688 1689
f 1585 1690 1586
f 1586 1690 1691
f 1599 1692 1551
f 1551 1692 1693
f 1552 1558 1694
f 1694 1558 1557
f 1696 1615 1695
f 1695 1615 1614
f 1698 1699 1697
f 1697 1699 1623
f 1700 1701 1703
f 1703 1701 1702
f 1705 1706 1704
f 1704 1706 1707
f 1708 1709 1640
f 1640 1709 1641
f 1710 1711 1713
f 1713 1711 1712
f 1652 1655 1653
f 1653 1655 1654
f 1714 1699 1712
f 1712 1699 1713
f 1715 1710 1716
f 1716 1710 1713
f 1717 1708 1680
f 1680 1708 1640
f 1393 1392 1715
f 1715 1392 1710
f 1719 1720 1718
f 1718 1720 1721
f 1680 1311 1717
f 1717 1311 789
f 1378 1711 1392
f 1392 1711 1710
f 1388 1391 1719
f 1719 1391 1720
f 1723 1606 1722
f 1722 1606 1689
f 1725 1568 1724
f 1724 1568 1567
f 1726 1647 1685
f 1685 1647 1646
f 1728 1554 1727
f 1727 1554 1553
f 1591 1687 1600
f 1600 1687 1686
f 1730 1595 1729
f 1729 1595 1594
f 1601 1605 1731
f 1731 1605 1604
f 1733 1663 1732
f 1732 1663 1734
f 1736 1639 1735
f 1735 1639 1675
f 1658 1644 1737
f 1737 1644 1645
f 1726 1662 1724
f 1724 1662 1631
f 1399 1738 1675
f 1675 1738 1735
f 1621 1667 1739
f 1739 1667 1619
f 1714 1740 1620
f 1620 1740 1741
f 1592 1549 1593
f 1593 1549 1742
f 1602 1571 1603
f 1603 1571 1550
f 1688 1690 1689
f 1689 1690 1722
f 1588 1559 1582
f 1582 1559 1579
f 1673 1735 1385
f 1385 1735 1738
f 1387 1232 1672
f 1672 1232 1669
f 1580 1692 1573
f 1573 1692 1743
f 1377 1683 1378
f 1378 1683 1711
f 1664 1666 1744
f 1744 1666 1745
f 1744 1696 1664
f 1664 1696 1695
f 1746 1747 1732
f 1732 1747 1748
f 1749 1750 1677
f 1677 1750 1678
f 1709 1708 1750
f 1750 1708 1678
f 1668 1632 1669
f 1669 1632 1672
f 1633 1746 1734
f 1734 1746 1732
f 1679 1678 1717
f 1717 1678 1708
f 789 627 1717
f 1717 627 1679
f 1563 1723 1564
f 1564 1723 1722
f 1728 1584 1751
f 1751 1584 1583
f 1674 1676 1396
f 1396 1676 630
f 1666 1566 1745
f 1745 1566 1565
f 1627 1629 1645
f 1645 1629 1628
f 1637 1749 1638
f 1638 1749 1677
f 1648 1665 1649
f 1649 1665 1752
f 1740 1642 1741
f 1741 1642 1657
f 1676 1674 1677
f 1677 1674 1638
f 1683 1682 1711
f 1711 1682 1712
f 1618 1753 1619
f 1619 1753 1739
f 1701 1739 1702
f 1702 1739 1753
f 1754 1214 1756
f 1756 1214 1755
f 647 1757 619
f 619 1757 941
f 1759 1193 1758
f 1758 1193 691
f 1419 1760 1420
f 1420 1760 1761
f 682 1762 683
f 683 1762 1763
f 1412 780 1413
f 1413 780 1384
f 1383 1398 1384
f 1384 1398 1413
f 1197 1424 1764
f 1764 1424 1423
f 1537 1287 1538
f 1538 1287 1286
f 1634 1684 1635
f 1635 1684 1736
f 1724 1631 1725
f 1725 1631 1630
f 1562 1730 1610
f 1610 1730 1729
f 1735 1673 1736
f 1736 1673 1635
f 1757 1195 941
f 941 1195 1194
f 1766 200 1765
f 1765 200 199
f 475 500 476
f 476 500 479
f 498 558 483
f 483 558 487
f 545 551 546
f 546 551 550
f 453 1281 219
f 219 1281 1314
f 298 453 208
f 208 453 219
f 368 1765 1767
f 1767 1765 199
f 523 405 363
f 363 405 404
f 523 533 405
f 405 533 402
f 298 208 299
f 299 208 207
f 299 207 176
f 176 207 300
f 176 300 173
f 173 300 202
f 173 202 174
f 174 202 201
f 1337 918 1768
f 1768 918 1336
f 1769 1770 1338
f 1338 1770 859
f 581 570 578
f 578 570 1771
f 555 562 580
f 580 562 561
f 504 1772 501
f 501 1772 548
f 517 542 584
f 584 542 543
f 515 514 516
f 516 514 544
f 542 517 544
f 544 517 516
f 561 575 580
f 580 575 581
f 575 569 581
f 581 569 570
f 501 548 1773
f 1773 548 547
f 1774 1775 570
f 570 1775 1771
f 369 368 1776
f 1776 368 1767
f 372 369 375
f 375 369 1776
f 822 1280 1308
f 1308 1280 1320
f 820 1281 822
f 822 1281 1280
f 818 1314 820
f 820 1314 1281
f 1314 818 1313
f 1313 818 804
f 807 814 825
f 825 814 826
f 814 813 826
f 826 813 827
f 813 1220 827
f 827 1220 828
f 580 579 555
f 555 579 547
f 1477 1540 872
f 872 1540 840
f 367 499 368
f 368 499 1765
f 1766 1765 525
f 525 1765 499
f 1777 1766 526
f 526 1766 525
f 520 527 362
f 362 527 384
f 361 1778 519
f 519 1778 528
f 371 1779 372
f 372 1779 369
f 369 1779 370
f 370 1779 478
f 1779 371 478
f 478 371 374
f 1778 1777 528
f 528 1777 526
f 1781 1782 1780
f 1780 1782 1783
f 431 460 67
f 67 460 64
f 68 338 74
f 74 338 72
f 1785 1782 1784
f 1784 1782 1786
f 1787 1788 1790
f 1790 1788 1789
f 1792 1789 1791
f 1791 1789 1793
f 1791 1794 1792
f 1792 1794 1795
f 1794 1796 1795
f 1795 1796 1797
f 1797 1798 938
f 938 1798 868
f 1798 1799 868
f 868 1799 869
f 1801 1802 1800
f 1800 1802 1451
f 1803 1804 1205
f 1205 1804 1206
f 1805 1806 864
f 864 1806 865
f 1806 1807 865
f 865 1807 1808
f 68 71 338
f 287 328 288
f 1320 1321 1308
f 1308 1321 1309
f 1320 441 1321
f 1321 441 217
f 441 152 217
f 217 152 218
f 151 286 152
f 152 286 218
f 297 310 151
f 151 310 286
f 296 307 297
f 297 307 310
f 296 143 307
f 307 143 284
f 143 56 284
f 284 56 104
f 56 59 104
f 104 59 63
f 59 102 63
f 63 102 60
f 102 94 60
f 60 94 282
f 93 459 279
f 279 459 77
f 459 460 77
f 77 460 78
f 460 431 78
f 78 431 295
f 431 49 295
f 295 49 292
f 48 421 49
f 49 421 292
f 276 278 418
f 418 278 429
f 317 432 278
f 278 432 429
f 432 317 433
f 433 317 316
f 326 324 316
f 316 324 433
f 1536 592 1809
f 1809 592 591
f 1810 744 1812
f 1812 744 1811
f 1814 1815 1813
f 1813 1815 1816
f 1817 748 1818
f 1818 748 747
f 1812 1819 1810
f 1810 1819 1817
f 1820 1821 748
f 748 1821 749
f 1823 1824 1822
f 1822 1824 1825
f 1827 1828 1826
f 1826 1828 1829
f 1831 1832 1830
f 1830 1832 1833
f 1834 1827 1243
f 1243 1827 1826
f 1313 804 825
f 825 804 807
f 1835 1253 1236
f 1236 1253 1237
f 1836 1837 1438
f 1438 1837 1435
f 1838 1505 1840
f 1840 1505 1839
f 1841 1842 716
f 716 1842 713
f 1843 1844 1510
f 1510 1844 1845
f 1847 1848 1846
f 1846 1848 1849
f 1850 1240 1822
f 1822 1240 1239
f 636 1831 637
f 637 1831 1830
f 1852 1853 1851
f 1851 1853 1854
f 1855 1856 1858
f 1858 1856 1857
f 1846 1849 1859
f 1859 1849 1860
f 1343 1401 1509
f 1509 1401 1861
f 1509 1861 635
f 635 1861 636
f 1863 1864 1862
f 1862 1864 1865
f 1283 1503 1867
f 1867 1503 1866
f 1868 1867 681
f 681 1867 682
f 1286 1285 683
f 683 1285 684
f 757 756 1274
f 1274 756 1869
f 1274 1869 717
f 717 1869 718
f 1434 1433 719
f 719 1433 720
f 1200 1538 1545
f 1545 1538 1763
f 1285 1289 684
f 684 1289 1273
f 684 1273 681
f 681 1273 1272
f 785 1283 1868
f 1868 1283 1867
f 786 785 1870
f 1870 785 1868
f 1289 757 1273
f 1273 757 1274
f 1539 1416 1871
f 1871 1416 1872
f 773 1871 1403
f 1403 1871 1404
f 675 674 1405
f 1405 674 1402
f 1864 1873 1865
f 1865 1873 1874
f 638 1843 635
f 635 1843 1510
f 1344 1343 1511
f 1511 1343 1509
f 772 1539 773
f 773 1539 1871
f 674 1200 1402
f 1402 1200 1545
f 1538 1286 1763
f 1763 1286 683
f 1444 1443 1875
f 1875 1443 1876
f 1875 1876 1831
f 1831 1876 1832
f 1416 1344 1872
f 1872 1344 1511
f 1877 1878 774
f 774 1878 1879
f 1878 1847 1879
f 1879 1847 1846
f 1880 714 1881
f 1881 714 1848
f 1401 1444 1861
f 1861 1444 1875
f 1861 1875 636
f 636 1875 1831
f 1823 1863 1882
f 1882 1863 1862
f 1441 1440 1884
f 1884 1440 1883
f 1883 1852 1884
f 1884 1852 1851
f 1886 1887 1885
f 1885 1887 1888
f 1358 1889 1359
f 1359 1889 1890
f 1891 1886 1892
f 1892 1886 1885
f 774 1879 775
f 775 1879 1893
f 1859 1893 1846
f 1846 1893 1879
f 713 1842 1849
f 1849 1842 1860
f 1318 1895 1894
f 1894 1895 1896
f 1873 1897 1874
f 1874 1897 1898
f 1898 605 1899
f 1899 605 675
f 1405 1844 675
f 675 1844 1899
f 1404 1845 1405
f 1405 1845 1844
f 593 1296 591
f 591 1296 1809
f 1295 1292 1900
f 1900 1292 1895
f 606 1897 1291
f 1291 1897 1896
f 1510 1845 1511
f 1511 1845 1872
f 1871 1872 1404
f 1404 1872 1845
f 1866 770 1762
f 1762 770 1546
f 1762 682 1866
f 1866 682 1867
f 1870 1868 1272
f 1272 1868 681
f 1272 717 1870
f 1870 717 720
f 1870 720 786
f 786 720 1433
f 786 1433 787
f 787 1433 1432
f 1261 1414 1432
f 1432 1414 787
f 1389 1234 1260
f 1260 1234 1415
f 1719 1670 1388
f 1388 1670 1235
f 1718 1671 1719
f 1719 1671 1670
f 1705 1747 1718
f 1718 1747 1671
f 1659 1901 1704
f 1704 1901 1748
f 1877 1903 1902
f 1902 1903 1904
f 1259 1905 1390
f 1390 1905 1394
f 1715 1720 1393
f 1393 1720 1391
f 1716 1721 1715
f 1715 1721 1720
f 1698 1706 1716
f 1716 1706 1721
f 277 276 47
f 47 276 48
f 84 96 81
f 81 96 82
f 80 70 81
f 81 70 85
f 99 97 88
f 88 97 89
f 90 100 88
f 88 100 99
f 101 95 102
f 102 95 94
f 1906 1907 280
f 280 1907 281
f 97 86 89
f 89 86 85
f 60 282 61
f 61 282 281
f 83 82 46
f 46 82 47
f 293 292 420
f 420 292 421
f 419 1908 420
f 420 1908 1909
f 92 95 91
f 91 95 90
f 279 282 93
f 93 282 94
f 276 418 48
f 48 418 421
f 1910 1660 1697
f 1697 1660 1707
f 1703 1624 1700
f 1700 1624 1644
f 1622 1910 1623
f 1623 1910 1697
f 1701 1700 1911
f 1911 1700 1661
f 1700 1644 1661
f 1661 1644 1658
f 1901 1737 1733
f 1733 1737 1645
f 1625 1912 1604
f 1604 1912 1731
f 1912 1913 1731
f 1731 1913 1914
f 1913 1577 1914
f 1914 1577 1572
f 1915 1578 1616
f 1616 1578 1618
f 1915 1916 1598
f 1598 1916 1743
f 1916 1574 1743
f 1743 1574 1573
f 1575 1917 1576
f 1576 1917 1597
f 1917 1609 1597
f 1597 1609 1594
f 1608 1611 1729
f 1729 1611 1610
f 1918 1612 1629
f 1629 1612 1630
f 1626 1918 1627
f 1627 1918 1629
f 1920 1921 1919
f 1919 1921 1922
f 1920 1924 1923
f 1923 1924 1925
f 1926 1927 1924
f 1924 1927 1925
f 1929 1930 1928
f 1928 1930 1931
f 1932 1933 1935
f 1935 1933 1934
f 1937 1938 1936
f 1936 1938 1939
f 1941 1942 1940
f 1940 1942 1943
f 1941 1945 1944
f 1944 1945 1946
f 1947 1948 1694
f 1694 1948 1949
f 1950 1951 1953
f 1953 1951 1952
f 1955 1956 1954
f 1954 1956 1589
f 1958 1956 1957
f 1957 1956 1932
f 1960 1934 1959
f 1959 1934 1933
f 1962 1963 1961
f 1961 1963 1964
f 1965 1955 1751
f 1751 1955 1954
f 1935 1930 1932
f 1932 1930 1957
f 1951 1950 1926
f 1926 1950 1929
f 1966 1967 1593
f 1593 1967 1590
f 1969 1967 1968
f 1968 1967 1964
f 1962 1921 1970
f 1970 1921 1971
f 1963 1945 1964
f 1964 1945 1968
f 1972 1948 1922
f 1922 1948 1919
f 1966 1972 1961
f 1961 1972 1922
f 1958 1953 1587
f 1587 1953 1560
f 1974 1975 1973
f 1973 1975 1976
f 1978 1979 1977
f 1977 1979 1691
f 1979 1975 1691
f 1691 1975 1586
f 1938 1942 1939
f 1939 1942 1980
f 1952 1947 1557
f 1557 1947 1694
f 1969 1978 1981
f 1981 1978 1977
f 1983 1984 1982
f 1982 1984 1985
f 1986 1987 1989
f 1989 1987 1988
f 1990 1991 1983
f 1983 1991 1984
f 1990 1993 1992
f 1992 1993 1994
f 1995 1996 1994
f 1994 1996 1997
f 1999 2000 1998
f 1998 2000 2001
f 2003 2004 2002
f 2002 2004 2005
f 2007 2008 2006
f 2006 2008 2009
f 2011 2012 2010
f 2010 2012 2013
f 2014 2015 2017
f 2017 2015 2016
f 2018 2019 2021
f 2021 2019 2020
f 2022 1989 2024
f 2024 1989 2023
f 1989 1988 2023
f 2023 1988 2025
f 2026 2027 2017
f 2017 2027 2014
f 2029 2030 2028
f 2028 2030 2031
f 2033 2034 2032
f 2032 2034 2035
f 2032 2035 2036
f 2036 2035 2037
f 2039 2040 2038
f 2038 2040 2041
f 1982 2042 1983
f 1983 2042 2043
f 2045 2046 2044
f 2044 2046 2047
f 2049 2050 2048
f 2048 2050 2051
f 2053 2054 2052
f 2052 2054 2055
f 2057 2058 2056
f 2056 2058 2059
f 2060 2061 2033
f 2033 2061 2034
f 2063 2064 2062
f 2062 2064 2065
f 2066 2035 2067
f 2067 2035 2034
f 2069 2039 2068
f 2068 2039 2038
f 2025 2070 2023
f 2023 2070 2071
f 2072 2024 2071
f 2071 2024 2023
f 2074 2020 2073
f 2073 2020 2019
f 2050 2049 2047
f 2047 2049 2075
f 1983 2043 1990
f 1990 2043 1993
f 2006 2050 2007
f 2007 2050 2076
f 2050 2006 2051
f 2051 2006 2077
f 2079 2080 2078
f 2078 2080 2081
f 2082 2083 2085
f 2085 2083 2084
f 2010 2013 2086
f 2086 2013 2087
f 2089 2033 2088
f 2088 2033 2032
f 2090 2060 2089
f 2089 2060 2033
f 2092 2093 2091
f 2091 2093 2094
f 2096 1986 2095
f 2095 1986 2097
f 2097 1986 2022
f 2022 1986 1989
f 2015 2094 2016
f 2016 2094 2098
f 2016 2098 2100
f 2100 2098 2099
f 2017 2016 2101
f 2101 2016 2100
f 2017 2101 2026
f 2026 2101 2102
f 2100 2099 2104
f 2104 2099 2103
f 2104 2105 2100
f 2100 2105 2101
f 2105 2106 2101
f 2101 2106 2102
f 2108 2061 2107
f 2107 2061 2109
f 2111 2112 2110
f 2110 2112 2020
f 2020 2074 2110
f 2110 2074 2113
f 2115 2116 2114
f 2114 2116 2117
f 2118 2119 1995
f 1995 2119 2120
f 2121 2122 2027
f 2027 2122 2014
f 2047 2075 2044
f 2044 2075 2123
f 2124 2125 2127
f 2127 2125 2126
f 2129 2130 2128
f 2128 2130 2131
f 2132 2133 2057
f 2057 2133 2058
f 2134 1999 2136
f 2136 1999 2135
f 2055 2138 2137
f 2137 2138 2139
f 2141 2142 2140
f 2140 2142 2143
f 2083 2082 2064
f 2064 2082 2065
f 2082 2144 2065
f 2065 2144 2145
f 2040 2146 2041
f 2041 2146 2147
f 2060 2090 2148
f 2148 2090 2149
f 2048 2051 2137
f 2137 2051 2150
f 2151 1997 2135
f 2135 1997 1996
f 2152 2150 2077
f 2077 2150 2051
f 2046 2045 2118
f 2118 2045 2119
f 2154 2155 2153
f 2153 2155 2156
f 2158 2159 2157
f 2157 2159 2160
f 2162 2163 2161
f 2161 2163 2164
f 2164 2163 2165
f 2165 2163 2166
f 2168 2169 2167
f 2167 2169 2170
f 2003 2172 2171
f 2171 2172 2173
f 2174 2175 2002
f 2002 2175 2176
f 2145 2177 2065
f 2065 2177 2062
f 2178 2179 2180
f 2180 2179 2134
f 2181 2052 2152
f 2152 2052 2150
f 2040 2127 2146
f 2146 2127 2182
f 2130 2162 2131
f 2131 2162 2161
f 2052 2055 2150
f 2150 2055 2137
f 2184 2185 2183
f 2183 2185 2186
f 2159 2030 2160
f 2160 2030 2187
f 2146 2182 2029
f 2029 2182 2188
f 2189 2190 2192
f 2192 2190 2191
f 2172 2003 2176
f 2176 2003 2002
f 1998 2151 1999
f 1999 2151 2135
f 2177 2172 2062
f 2062 2172 2176
f 2172 2177 2173
f 2173 2177 2193
f 2063 2194 2064
f 2064 2194 2195
f 2066 2197 2196
f 2196 2197 2198
f 2002 2005 2174
f 2174 2005 2199
f 2004 2003 2200
f 2200 2003 2171
f 2198 2201 2171
f 2171 2201 2200
f 2197 2202 2198
f 2198 2202 2201
f 2202 2197 2203
f 2203 2197 2204
f 2196 2198 2173
f 2173 2198 2171
f 2205 2069 2170
f 2170 2069 2206
f 2197 2066 2204
f 2204 2066 2067
f 2107 2207 2108
f 2108 2207 2208
f 2210 2208 2209
f 2209 2208 2207
f 2185 2211 2212
f 2213 2214 2211
f 2211 2214 2212
f 1998 2001 2213
f 2213 2001 2214
f 2134 2215 1999
f 1999 2215 2000
f 2216 2217 2219
f 2219 2217 2218
f 2206 2220 2170
f 2170 2220 2167
f 2069 2068 2206
f 2206 2068 2221
f 2151 1998 2222
f 2222 1998 2213
f 2124 2039 2205
f 2205 2039 2069
f 2142 2223 2143
f 2143 2223 2128
f 2203 2186 2202
f 2202 2186 2185
f 2185 2184 2211
f 2211 2184 2224
f 2224 2225 2222
f 2222 2225 2226
f 2071 2227 2072
f 2072 2227 2228
f 2229 2074 2230
f 2230 2074 2073
f 2074 2229 2113
f 2113 2229 2231
f 2232 2225 2227
f 2227 2225 2224
f 2233 2234 2031
f 2031 2234 2028
f 2236 2231 2235
f 2235 2231 2229
f 2230 2183 2229
f 2229 2183 2235
f 2237 1987 2096
f 2096 1987 1986
f 2152 2238 2181
f 2181 2238 2239
f 2080 2240 2081
f 2081 2240 2241
f 2236 2242 1971
f 1971 2242 1970
f 1925 2113 1923
f 1923 2113 2231
f 2110 1927 2111
f 2111 1927 1928
f 2103 2111 1931
f 1931 2111 1928
f 1931 2243 2103
f 2103 2243 2104
f 2105 2104 2244
f 2244 2104 2243
f 1939 1980 2148
f 2148 1980 2109
f 1980 1944 2109
f 2109 1944 2107
f 1946 2245 2207
f 2207 2245 2209
f 2245 1970 2209
f 2209 1970 2242
f 2231 2236 1923
f 1923 2236 1971
f 2113 1925 2110
f 2110 1925 1927
f 2234 2246 2028
f 2028 2246 2147
f 2247 2248 2058
f 2058 2248 2059
f 2114 2117 2249
f 2249 2117 2250
f 2252 2253 2251
f 2251 2253 2254
f 2094 2015 2091
f 2091 2015 2255
f 2256 2255 2014
f 2014 2255 2015
f 2257 2145 2258
f 2258 2145 2144
f 2131 2161 2123
f 2123 2161 2044
f 2045 2044 2164
f 2164 2044 2161
f 2045 2164 2119
f 2119 2164 2165
f 2259 2120 2165
f 2165 2120 2119
f 2260 2261 2259
f 2259 2261 2120
f 2205 2262 2124
f 2124 2262 2125
f 2180 2263 2178
f 2178 2263 2264
f 2265 2266 2092
f 2092 2266 2093
f 1992 2267 2268
f 2184 2228 2224
f 2224 2228 2227
f 2048 2269 2049
f 2049 2269 2141
f 2129 2168 2157
f 2157 2168 2167
f 2049 2141 2075
f 2075 2141 2140
f 2199 2215 2270
f 2270 2215 2271
f 2142 2141 2272
f 2272 2141 2269
f 2089 2026 2090
f 2090 2026 2102
f 2146 2029 2147
f 2147 2029 2028
f 2111 2103 2112
f 2112 2103 2099
f 2061 2060 2109
f 2109 2060 2148
f 2273 2274 2041
f 2041 2274 2038
f 2260 2275 2261
f 2261 2275 2136
f 2057 2138 2132
f 2132 2138 2276
f 2272 2269 2056
f 2056 2269 2139
f 2277 2278 2270
f 2270 2278 2199
f 2029 2188 2030
f 2030 2188 2187
f 2040 2039 2127
f 2127 2039 2124
f 2064 2195 2083
f 2083 2195 2279
f 2056 2139 2057
f 2057 2139 2138
f 2278 2277 2247
f 2247 2277 2248
f 2062 2176 2063
f 2063 2176 2175
f 2280 2210 2242
f 2242 2210 2209
f 2282 2233 2281
f 2281 2233 2031
f 2216 2219 2283
f 2283 2219 2221
f 2158 2220 2218
f 2218 2220 2219
f 2217 2282 2218
f 2218 2282 2281
f 2220 2158 2167
f 2167 2158 2157
f 2223 2264 2128
f 2128 2264 2263
f 2261 1996 2120
f 2120 1996 1995
f 2213 2211 2222
f 2222 2211 2224
f 2283 2221 2284
f 2284 2221 2068
f 2135 1996 2136
f 2136 1996 2261
f 2144 2081 2258
f 2258 2081 2241
f 2235 2280 2236
f 2236 2280 2242
f 2246 2273 2147
f 2147 2273 2041
f 2036 2285 2032
f 2032 2285 2088
f 2077 2286 2152
f 2152 2286 2238
f 1937 1960 1973
f 1973 1960 1959
f 2070 2232 2071
f 2071 2232 2227
f 2244 2287 2105
f 2105 2287 2106
f 1936 1939 2149
f 2149 1939 2148
f 1944 1946 2107
f 2107 1946 2207
f 2285 2121 2088
f 2088 2121 2027
f 2253 2249 2254
f 2254 2249 2250
f 2006 2009 2077
f 2077 2009 2286
f 2289 2086 2288
f 2288 2086 2087
f 2223 2142 2290
f 2290 2142 2272
f 2128 2131 2143
f 2143 2131 2123
f 2156 2291 2153
f 2153 2291 2175
f 2292 2293 2278
f 2278 2293 2294
f 2075 2140 2123
f 2123 2140 2143
f 2262 2169 2275
f 2275 2169 2180
f 2275 2180 2136
f 2136 2180 2134
f 2274 2284 2038
f 2038 2284 2068
f 2127 2126 2182
f 2182 2126 2166
f 2094 2093 2098
f 2098 2093 2021
f 2098 2021 2099
f 2099 2021 2112
f 2018 2021 2266
f 2266 2021 2093
f 2251 2289 2252
f 2252 2289 2288
f 1997 2151 2226
f 2226 2151 2222
f 2206 2221 2220
f 2220 2221 2219
f 2269 2048 2139
f 2139 2048 2137
f 2159 2158 2281
f 2281 2158 2218
f 2156 2155 2190
f 2190 2155 2191
f 1974 1965 1583
f 1583 1965 1751
f 2088 2027 2089
f 2089 2027 2026
f 2030 2159 2031
f 2031 2159 2281
f 2106 2149 2102
f 2102 2149 2090
f 2287 1936 2106
f 2106 1936 2149
f 2293 2154 2294
f 2294 2154 2153
f 2021 2020 2112
f 2247 2295 2278
f 2278 2295 2292
f 2284 2296 2283
f 2283 2296 2297
f 2298 2296 2274
f 2274 2296 2284
f 2273 2299 2274
f 2274 2299 2298
f 2246 2300 2273
f 2273 2300 2299
f 2283 2297 2216
f 2216 2297 2301
f 2216 2301 2217
f 2217 2301 2302
f 2302 2303 2217
f 2217 2303 2282
f 2304 2301 2305
f 2305 2301 2297
f 2307 2308 2306
f 2306 2308 2309
f 2306 2310 2307
f 2307 2310 2311
f 2307 2312 2308
f 2308 2312 2313
f 2314 2315 2312
f 2312 2315 2316
f 2316 2317 2312
f 2312 2317 2313
f 2317 2305 2313
f 2313 2305 2318
f 2314 2312 2311
f 2311 2312 2307
f 2319 2320 2322
f 2322 2320 2321
f 2322 2311 2319
f 2319 2311 2310
f 2313 2318 2308
f 2308 2318 2309
f 2296 2298 2318
f 2318 2298 2309
f 2309 2298 2323
f 2323 2298 2299
f 2306 2309 2324
f 2324 2309 2323
f 2310 2306 2325
f 2325 2306 2324
f 2296 2318 2297
f 2297 2318 2305
f 2319 2310 2326
f 2326 2310 2325
f 2328 2325 2327
f 2327 2325 2324
f 2325 2328 2326
f 2326 2328 2329
f 2331 2328 2330
f 2330 2328 2327
f 2332 2333 2327
f 2327 2333 2330
f 2328 2331 2329
f 2329 2331 2334
f 2324 2323 2327
f 2327 2323 2332
f 2300 2332 2299
f 2299 2332 2323
f 2326 2335 2319
f 2319 2335 2320
f 2305 2317 2336
f 2336 2317 2316
f 2336 2316 2337
f 2337 2316 2315
f 2338 2304 2336
f 2336 2304 2305
f 2337 2339 2336
f 2336 2339 2338
f 2337 2315 2341
f 2341 2315 2340
f 2342 2300 2234
f 2234 2300 2246
f 2303 2343 2282
f 2282 2343 2233
f 2234 2233 2342
f 2342 2233 2343
f 2342 2343 2333
f 2333 2343 2344
f 2333 2344 2330
f 2330 2344 2345
f 2346 2344 2303
f 2303 2344 2343
f 2332 2300 2333
f 2333 2300 2342
f 2347 2346 2302
f 2302 2346 2303
f 2301 2304 2302
f 2302 2304 2347
f 2304 2338 2347
f 2347 2338 2348
f 2348 2349 2347
f 2347 2349 2346
f 2350 2351 2348
f 2348 2351 2349
f 2349 2345 2346
f 2346 2345 2344
f 2345 2349 2352
f 2352 2349 2351
f 2338 2339 2348
f 2348 2339 2350
f 2350 2339 2353
f 2353 2339 2354
f 2356 2357 2355
f 2355 2357 2353
f 2351 2350 2357
f 2357 2350 2353
f 2353 2354 2355
f 2355 2354 2335
f 2320 2335 2341
f 2341 2335 2354
f 2339 2337 2354
f 2354 2337 2341
f 2352 2331 2345
f 2345 2331 2330
f 2356 2334 2352
f 2352 2334 2331
f 2356 2352 2357
f 2357 2352 2351
f 2355 2329 2356
f 2356 2329 2334
f 2335 2326 2355
f 2355 2326 2329
f 2321 2314 2322
f 2322 2314 2311
f 2321 2320 2340
f 2340 2320 2341
f 2315 2314 2340
f 2340 2314 2321
f 2125 2260 2126
f 2126 2260 2259
f 2157 2160 2129
f 2129 2160 2130
f 2188 2163 2187
f 2187 2163 2162
f 2182 2166 2188
f 2188 2166 2163
f 2180 2169 2263
f 2263 2169 2168
f 2160 2187 2130
f 2130 2187 2162
f 2275 2260 2262
f 2262 2260 2125
f 2128 2263 2129
f 2129 2263 2168
f 2262 2205 2169
f 2169 2205 2170
f 2165 2166 2259
f 2259 2166 2126
f 2359 2360 2358
f 2358 2360 2361
f 2363 2364 2362
f 2362 2364 2365
f 2367 2363 2366
f 2366 2363 2362
f 2368 2369 2371
f 2371 2369 2370
f 2372 2373 2248
f 2248 2373 2059
f 2364 2374 2365
f 2365 2374 2375
f 2377 2378 2376
f 2376 2378 2379
f 2290 2380 2223
f 2223 2380 2381
f 2223 2381 2264
f 2264 2381 2382
f 2384 2385 2383
f 2383 2385 2386
f 2364 2371 2374
f 2374 2371 2387
f 2059 2373 2290
f 2290 2373 2380
f 2378 2360 2379
f 2379 2360 2388
f 2374 2387 2359
f 2359 2387 2389
f 2390 2367 2386
f 2386 2367 2391
f 2393 2394 2392
f 2392 2394 2395
f 2386 2391 2383
f 2383 2391 2396
f 2367 2366 2391
f 2391 2366 2397
f 2363 2367 2368
f 2368 2367 2390
f 2398 2399 2361
f 2361 2399 2358
f 2399 2400 2358
f 2358 2400 2375
f 2390 2401 2368
f 2368 2401 2369
f 2372 2384 2376
f 2376 2384 2383
f 2374 2359 2375
f 2375 2359 2358
f 2402 2403 2365
f 2365 2403 2362
f 2359 2389 2360
f 2360 2389 2388
f 2364 2363 2371
f 2371 2363 2368
f 2405 2398 2404
f 2404 2398 2361
f 2392 2395 2406
f 2406 2395 2397
f 2377 2396 2394
f 2394 2396 2395
f 2394 2393 2404
f 2404 2393 2405
f 2396 2377 2383
f 2383 2377 2376
f 2406 2397 2407
f 2407 2397 2366
f 2400 2402 2375
f 2375 2402 2365
f 2385 2270 2401
f 2401 2270 2271
f 2403 2407 2362
f 2362 2407 2366
f 2371 2370 2387
f 2387 2370 2382
f 2391 2397 2396
f 2396 2397 2395
f 2378 2377 2404
f 2404 2377 2394
f 2360 2378 2361
f 2361 2378 2404
f 2407 2408 2406
f 2406 2408 2409
f 2410 2408 2403
f 2403 2408 2407
f 2411 2410 2402
f 2402 2410 2403
f 2412 2411 2400
f 2400 2411 2402
f 2406 2409 2392
f 2392 2409 2413
f 2392 2413 2393
f 2393 2413 2414
f 2415 2405 2414
f 2414 2405 2393
f 2416 2413 2417
f 2417 2413 2409
f 2419 2420 2418
f 2418 2420 2421
f 2420 2422 2421
f 2421 2422 2423
f 2420 2424 2422
f 2422 2424 2425
f 2426 2427 2424
f 2424 2427 2428
f 2428 2429 2424
f 2424 2429 2425
f 2426 2424 2419
f 2419 2424 2420
f 2419 2418 2431
f 2431 2418 2430
f 2425 2432 2422
f 2422 2432 2423
f 2408 2410 2432
f 2432 2410 2423
f 2423 2410 2433
f 2433 2410 2411
f 2421 2423 2434
f 2434 2423 2433
f 2435 2418 2434
f 2434 2418 2421
f 2429 2417 2425
f 2425 2417 2432
f 2408 2432 2409
f 2409 2432 2417
f 2418 2435 2430
f 2430 2435 2436
f 2438 2435 2437
f 2437 2435 2434
f 2435 2438 2436
f 2436 2438 2439
f 2441 2438 2440
f 2440 2438 2437
f 2442 2443 2437
f 2437 2443 2440
f 2439 2438 2444
f 2444 2438 2441
f 2433 2442 2434
f 2434 2442 2437
f 2412 2442 2411
f 2411 2442 2433
f 2436 2445 2430
f 2430 2445 2446
f 2430 2446 2431
f 2431 2446 2447
f 2417 2429 2448
f 2448 2429 2428
f 2427 2449 2428
f 2428 2449 2448
f 2450 2416 2448
f 2448 2416 2417
f 2451 2450 2449
f 2449 2450 2448
f 2427 2452 2449
f 2449 2452 2453
f 2447 2446 2452
f 2452 2446 2453
f 2454 2412 2399
f 2399 2412 2400
f 2415 2455 2405
f 2405 2455 2398
f 2399 2398 2454
f 2454 2398 2455
f 2454 2455 2443
f 2443 2455 2456
f 2443 2456 2440
f 2440 2456 2457
f 2458 2456 2415
f 2415 2456 2455
f 2443 2442 2454
f 2454 2442 2412
f 2459 2458 2414
f 2414 2458 2415
f 2413 2416 2414
f 2414 2416 2459
f 2459 2416 2460
f 2460 2416 2450
f 2460 2461 2459
f 2459 2461 2458
f 2462 2463 2460
f 2460 2463 2461
f 2461 2457 2458
f 2458 2457 2456
f 2457 2461 2464
f 2464 2461 2463
f 2451 2462 2450
f 2450 2462 2460
f 2462 2451 2465
f 2465 2451 2466
f 2468 2469 2467
f 2467 2469 2465
f 2463 2462 2469
f 2469 2462 2465
f 2465 2466 2467
f 2467 2466 2445
f 2446 2445 2453
f 2453 2445 2466
f 2451 2449 2466
f 2466 2449 2453
f 2464 2441 2457
f 2457 2441 2440
f 2468 2444 2464
f 2464 2444 2441
f 2468 2464 2469
f 2469 2464 2463
f 2467 2439 2468
f 2468 2439 2444
f 2445 2436 2467
f 2467 2436 2439
f 2447 2426 2431
f 2431 2426 2419
f 2427 2426 2452
f 2452 2426 2447
f 2369 2179 2370
f 2370 2179 2178
f 2376 2379 2372
f 2372 2379 2373
f 2389 2381 2388
f 2388 2381 2380
f 2387 2382 2389
f 2389 2382 2381
f 2270 2385 2277
f 2277 2385 2384
f 2379 2388 2373
f 2373 2388 2380
f 2401 2271 2369
f 2369 2271 2179
f 2248 2277 2372
f 2372 2277 2384
f 2401 2390 2385
f 2385 2390 2386
f 2264 2382 2178
f 2178 2382 2370
f 2215 2134 2271
f 2271 2134 2179
f 2005 2000 2199
f 2199 2000 2215
f 2004 2001 2005
f 2005 2001 2000
f 2200 2214 2004
f 2004 2214 2001
f 2470 2471 2473
f 2473 2471 2472
f 2475 2476 2474
f 2474 2476 2477
f 2479 2475 2478
f 2478 2475 2474
f 2481 2482 2480
f 2480 2482 2483
f 2476 2484 2477
f 2477 2484 2485
f 2487 2488 2486
f 2486 2488 2489
f 2133 2490 2058
f 2058 2490 2491
f 2058 2491 2247
f 2247 2491 2492
f 2494 2495 2493
f 2493 2495 2496
f 2476 2483 2484
f 2484 2483 2497
f 2472 2498 2488
f 2488 2498 2489
f 2484 2497 2471
f 2471 2497 2499
f 2500 2479 2496
f 2496 2479 2501
f 2502 2503 2505
f 2505 2503 2504
f 2496 2501 2493
f 2493 2501 2506
f 2479 2478 2501
f 2501 2478 2507
f 2475 2479 2480
f 2480 2479 2500
f 2508 2509 2473
f 2473 2509 2470
f 2509 2510 2470
f 2470 2510 2485
f 2511 2481 2500
f 2500 2481 2480
f 2512 2494 2486
f 2486 2494 2493
f 2485 2484 2470
f 2470 2484 2471
f 2513 2514 2477
f 2477 2514 2474
f 2471 2499 2472
f 2472 2499 2498
f 2476 2475 2483
f 2483 2475 2480
f 2516 2508 2515
f 2515 2508 2473
f 2502 2505 2517
f 2517 2505 2507
f 2504 2487 2505
f 2505 2487 2506
f 2503 2516 2504
f 2504 2516 2515
f 2506 2487 2493
f 2493 2487 2486
f 2517 2507 2518
f 2518 2507 2478
f 2510 2513 2485
f 2485 2513 2477
f 2511 2495 2293
f 2293 2495 2154
f 2514 2518 2474
f 2474 2518 2478
f 2483 2482 2497
f 2497 2482 2492
f 2501 2507 2506
f 2506 2507 2505
f 2488 2487 2515
f 2515 2487 2504
f 2472 2488 2473
f 2473 2488 2515
f 2518 2519 2517
f 2517 2519 2520
f 2521 2519 2514
f 2514 2519 2518
f 2522 2521 2513
f 2513 2521 2514
f 2523 2522 2510
f 2510 2522 2513
f 2517 2520 2502
f 2502 2520 2524
f 2502 2524 2503
f 2503 2524 2525
f 2525 2526 2503
f 2503 2526 2516
f 2527 2524 2528
f 2528 2524 2520
f 2530 2531 2529
f 2529 2531 2532
f 2531 2533 2532
f 2532 2533 2534
f 2531 2535 2533
f 2533 2535 2536
f 2537 2538 2535
f 2535 2538 2539
f 2539 2540 2535
f 2535 2540 2536
f 2537 2535 2530
f 2530 2535 2531
f 2529 2541 2530
f 2530 2541 2542
f 2543 2534 2536
f 2536 2534 2533
f 2519 2521 2543
f 2543 2521 2534
f 2534 2521 2544
f 2544 2521 2522
f 2532 2534 2545
f 2545 2534 2544
f 2529 2532 2546
f 2546 2532 2545
f 2536 2540 2543
f 2543 2540 2528
f 2519 2543 2520
f 2520 2543 2528
f 2541 2529 2547
f 2547 2529 2546
f 2548 2549 2545
f 2545 2549 2546
f 2549 2550 2546
f 2546 2550 2547
f 2551 2552 2548
f 2548 2552 2549
f 2548 2553 2551
f 2551 2553 2554
f 2550 2549 2555
f 2555 2549 2552
f 2545 2544 2548
f 2548 2544 2553
f 2523 2553 2522
f 2522 2553 2544
f 2547 2556 2541
f 2541 2556 2557
f 2541 2557 2542
f 2542 2557 2558
f 2528 2540 2559
f 2559 2540 2539
f 2538 2560 2539
f 2539 2560 2559
f 2561 2527 2559
f 2559 2527 2528
f 2560 2562 2559
f 2559 2562 2561
f 2560 2538 2564
f 2564 2538 2563
f 2558 2557 2563
f 2563 2557 2564
f 2565 2523 2509
f 2509 2523 2510
f 2526 2566 2516
f 2516 2566 2508
f 2509 2508 2565
f 2565 2508 2566
f 2565 2566 2554
f 2554 2566 2567
f 2554 2567 2551
f 2551 2567 2568
f 2569 2567 2526
f 2526 2567 2566
f 2553 2523 2554
f 2554 2523 2565
f 2570 2569 2525
f 2525 2569 2526
f 2524 2527 2525
f 2525 2527 2570
f 2527 2561 2570
f 2570 2561 2571
f 2571 2572 2570
f 2570 2572 2569
f 2573 2574 2571
f 2571 2574 2572
f 2572 2568 2569
f 2569 2568 2567
f 2568 2572 2575
f 2575 2572 2574
f 2562 2573 2561
f 2561 2573 2571
f 2573 2562 2576
f 2576 2562 2577
f 2579 2580 2578
f 2578 2580 2576
f 2574 2573 2580
f 2580 2573 2576
f 2576 2577 2578
f 2578 2577 2556
f 2557 2556 2564
f 2564 2556 2577
f 2562 2560 2577
f 2577 2560 2564
f 2575 2552 2568
f 2568 2552 2551
f 2579 2555 2575
f 2575 2555 2552
f 2579 2575 2580
f 2580 2575 2574
f 2550 2555 2578
f 2578 2555 2579
f 2556 2547 2578
f 2578 2547 2550
f 2558 2537 2542
f 2542 2537 2530
f 2538 2537 2563
f 2563 2537 2558
f 2292 2295 2481
f 2481 2295 2482
f 2486 2489 2512
f 2512 2489 2581
f 2499 2491 2498
f 2498 2491 2490
f 2497 2492 2499
f 2499 2492 2491
f 2155 2154 2494
f 2494 2154 2495
f 2581 2489 2490
f 2490 2489 2498
f 2293 2292 2511
f 2511 2292 2481
f 2191 2155 2512
f 2512 2155 2494
f 2500 2496 2511
f 2511 2496 2495
f 2247 2492 2295
f 2295 2492 2482
f 2583 2584 2582
f 2582 2584 2585
f 2587 2588 2586
f 2586 2588 2589
f 2591 2587 2590
f 2590 2587 2586
f 2593 2594 2592
f 2592 2594 2595
f 2596 2597 2599
f 2599 2597 2598
f 2588 2600 2589
f 2589 2600 2601
f 2602 2603 2605
f 2605 2603 2604
f 2606 2607 2609
f 2609 2607 2608
f 2609 2608 2190
f 2190 2608 2610
f 2611 2612 2614
f 2614 2612 2613
f 2600 2588 2615
f 2615 2588 2595
f 2599 2598 2606
f 2606 2598 2607
f 2584 2616 2604
f 2604 2616 2605
f 2600 2615 2583
f 2583 2615 2617
f 2591 2619 2618
f 2618 2619 2614
f 2621 2622 2620
f 2620 2622 2623
f 2619 2624 2614
f 2614 2624 2611
f 2591 2590 2619
f 2619 2590 2625
f 2587 2591 2592
f 2592 2591 2618
f 2626 2627 2585
f 2585 2627 2582
f 2627 2628 2582
f 2582 2628 2601
f 2629 2593 2618
f 2618 2593 2592
f 2602 2597 2611
f 2611 2597 2612
f 2600 2583 2601
f 2601 2583 2582
f 2630 2631 2589
f 2589 2631 2586
f 2583 2617 2584
f 2584 2617 2616
f 2588 2587 2595
f 2595 2587 2592
f 2633 2626 2632
f 2632 2626 2585
f 2620 2623 2634
f 2634 2623 2625
f 2622 2603 2623
f 2623 2603 2624
f 2621 2633 2622
f 2622 2633 2632
f 2611 2624 2602
f 2602 2624 2603
f 2634 2625 2635
f 2635 2625 2590
f 2628 2630 2601
f 2601 2630 2589
f 2613 2195 2629
f 2629 2195 2194
f 2631 2635 2586
f 2586 2635 2590
f 2595 2594 2615
f 2615 2594 2610
f 2619 2625 2624
f 2624 2625 2623
f 2632 2604 2622
f 2622 2604 2603
f 2585 2584 2632
f 2632 2584 2604
f 2635 2636 2634
f 2634 2636 2637
f 2638 2636 2631
f 2631 2636 2635
f 2639 2638 2630
f 2630 2638 2631
f 2640 2639 2628
f 2628 2639 2630
f 2634 2637 2620
f 2620 2637 2641
f 2620 2641 2621
f 2621 2641 2642
f 2642 2643 2621
f 2621 2643 2633
f 2641 2637 2644
f 2644 2637 2645
f 2646 2647 2649
f 2649 2647 2648
f 2648 2650 2649
f 2649 2650 2651
f 2648 2652 2650
f 2650 2652 2653
f 2652 2654 2656
f 2656 2654 2655
f 2656 2657 2652
f 2652 2657 2653
f 2654 2652 2647
f 2647 2652 2648
f 2647 2646 2659
f 2659 2646 2658
f 2660 2651 2653
f 2653 2651 2650
f 2636 2638 2660
f 2660 2638 2651
f 2651 2638 2661
f 2661 2638 2639
f 2651 2661 2649
f 2649 2661 2662
f 2663 2646 2662
f 2662 2646 2649
f 2653 2657 2660
f 2660 2657 2645
f 2636 2660 2637
f 2637 2660 2645
f 2646 2663 2658
f 2658 2663 2664
f 2665 2666 2662
f 2662 2666 2663
f 2666 2667 2663
f 2663 2667 2664
f 2668 2669 2665
f 2665 2669 2666
f 2665 2670 2668
f 2668 2670 2671
f 2667 2666 2672
f 2672 2666 2669
f 2662 2661 2665
f 2665 2661 2670
f 2640 2670 2639
f 2639 2670 2661
f 2673 2674 2664
f 2664 2674 2658
f 2658 2674 2659
f 2659 2674 2675
f 2645 2657 2676
f 2676 2657 2656
f 2677 2676 2655
f 2655 2676 2656
f 2676 2678 2645
f 2645 2678 2644
f 2677 2679 2676
f 2676 2679 2678
f 2655 2680 2677
f 2677 2680 2681
f 2675 2674 2680
f 2680 2674 2681
f 2682 2640 2627
f 2627 2640 2628
f 2643 2683 2633
f 2633 2683 2626
f 2682 2627 2683
f 2683 2627 2626
f 2683 2684 2682
f 2682 2684 2671
f 2684 2685 2671
f 2671 2685 2668
f 2686 2684 2643
f 2643 2684 2683
f 2670 2640 2671
f 2671 2640 2682
f 2687 2686 2642
f 2642 2686 2643
f 2642 2641 2687
f 2687 2641 2644
f 2687 2644 2688
f 2688 2644 2678
f 2688 2689 2687
f 2687 2689 2686
f 2690 2691 2688
f 2688 2691 2689
f 2689 2685 2686
f 2686 2685 2684
f 2685 2689 2692
f 2692 2689 2691
f 2679 2690 2678
f 2678 2690 2688
f 2690 2679 2693
f 2693 2679 2694
f 2696 2697 2695
f 2695 2697 2693
f 2691 2690 2697
f 2697 2690 2693
f 2693 2694 2695
f 2695 2694 2673
f 2674 2673 2681
f 2681 2673 2694
f 2679 2677 2694
f 2694 2677 2681
f 2685 2692 2668
f 2668 2692 2669
f 2696 2672 2692
f 2692 2672 2669
f 2696 2692 2697
f 2697 2692 2691
f 2695 2667 2696
f 2696 2667 2672
f 2673 2664 2695
f 2695 2664 2667
f 2675 2654 2659
f 2659 2654 2647
f 2655 2654 2680
f 2680 2654 2675
f 2291 2156 2593
f 2593 2156 2594
f 2597 2602 2598
f 2598 2602 2605
f 2616 2617 2607
f 2607 2617 2608
f 2615 2610 2617
f 2617 2610 2608
f 2597 2596 2612
f 2612 2596 2698
f 2598 2605 2607
f 2607 2605 2616
f 2194 2291 2629
f 2629 2291 2593
f 2629 2618 2613
f 2613 2618 2614
f 2190 2610 2156
f 2156 2610 2594
f 2700 2010 2699
f 2699 2010 2086
f 2267 2701 2116
f 2116 2701 2702
f 2116 2702 2117
f 2117 2702 2703
f 2704 2705 2250
f 2250 2705 2254
f 2011 2706 2267
f 2267 2706 2701
f 2699 2086 2707
f 2707 2086 2289
f 2010 2700 2011
f 2011 2700 2706
f 2708 2707 2251
f 2251 2707 2289
f 2703 2704 2117
f 2117 2704 2250
f 2705 2708 2254
f 2254 2708 2251
f 2709 2710 2708
f 2708 2710 2707
f 2711 2709 2705
f 2705 2709 2708
f 2712 2711 2704
f 2704 2711 2705
f 2713 2712 2703
f 2703 2712 2704
f 2707 2710 2699
f 2699 2710 2714
f 2699 2714 2700
f 2700 2714 2715
f 2716 2706 2715
f 2715 2706 2700
f 2714 2710 2717
f 2717 2710 2718
f 2720 2721 2719
f 2719 2721 2722
f 2721 2723 2722
f 2722 2723 2724
f 2721 2725 2723
f 2723 2725 2726
f 2727 2728 2725
f 2725 2728 2726
f 2729 2725 2720
f 2720 2725 2721
f 2731 2729 2730
f 2730 2729 2720
f 2719 2732 2720
f 2720 2732 2730
f 2726 2733 2723
f 2723 2733 2724
f 2709 2711 2733
f 2733 2711 2724
f 2724 2711 2734
f 2734 2711 2712
f 2722 2724 2735
f 2735 2724 2734
f 2719 2722 2736
f 2736 2722 2735
f 2726 2728 2733
f 2733 2728 2718
f 2709 2733 2710
f 2710 2733 2718
f 2732 2719 2737
f 2737 2719 2736
f 2738 2739 2735
f 2735 2739 2736
f 2739 2740 2736
f 2736 2740 2737
f 2741 2742 2738
f 2738 2742 2739
f 2738 2743 2741
f 2741 2743 2744
f 2740 2739 2745
f 2745 2739 2742
f 2735 2734 2738
f 2738 2734 2743
f 2713 2743 2712
f 2712 2743 2734
f 2737 2746 2732
f 2732 2746 2747
f 2732 2747 2730
f 2730 2747 2731
f 2718 2728 2748
f 2748 2728 2727
f 2749 2750 2727
f 2727 2750 2748
f 2748 2751 2718
f 2718 2751 2717
f 2750 2752 2748
f 2748 2752 2751
f 2750 2749 2754
f 2754 2749 2753
f 2731 2747 2753
f 2753 2747 2754
f 2727 2725 2749
f 2749 2725 2729
f 2749 2729 2753
f 2753 2729 2731
f 2702 2755 2703
f 2703 2755 2713
f 2706 2716 2701
f 2701 2716 2756
f 2755 2702 2756
f 2756 2702 2701
f 2756 2757 2755
f 2755 2757 2744
f 2757 2758 2744
f 2744 2758 2741
f 2759 2757 2716
f 2716 2757 2756
f 2743 2713 2744
f 2744 2713 2755
f 2760 2759 2715
f 2715 2759 2716
f 2715 2714 2760
f 2760 2714 2717
f 2760 2717 2761
f 2761 2717 2751
f 2761 2762 2760
f 2760 2762 2759
f 2763 2764 2761
f 2761 2764 2762
f 2762 2758 2759
f 2759 2758 2757
f 2758 2762 2765
f 2765 2762 2764
f 2752 2763 2751
f 2751 2763 2761
f 2763 2752 2766
f 2766 2752 2767
f 2768 2769 2766
f 2766 2769 2770
f 2764 2763 2770
f 2770 2763 2766
f 2766 2767 2768
f 2768 2767 2746
f 2747 2746 2754
f 2754 2746 2767
f 2752 2750 2767
f 2767 2750 2754
f 2758 2765 2741
f 2741 2765 2742
f 2769 2745 2765
f 2765 2745 2742
f 2769 2765 2770
f 2770 2765 2764
f 2768 2740 2769
f 2769 2740 2745
f 2746 2737 2768
f 2768 2737 2740
f 2201 2212 2200
f 2200 2212 2214
f 2201 2202 2212
f 2212 2202 2185
f 2512 2581 2191
f 2191 2581 2192
f 2059 2290 2056
f 2056 2290 2272
f 2174 2199 2294
f 2294 2199 2278
f 2063 2175 2194
f 2194 2175 2291
f 2192 2581 2133
f 2133 2581 2490
f 2133 2132 2192
f 2192 2132 2189
f 2054 2276 2055
f 2055 2276 2138
f 2083 2279 2084
f 2084 2279 2771
f 2771 2279 2599
f 2599 2279 2596
f 2606 2772 2599
f 2599 2772 2771
f 2772 2773 2771
f 2771 2773 2084
f 2773 2774 2084
f 2084 2774 2085
f 2085 2775 2082
f 2082 2775 2144
f 2774 2078 2085
f 2085 2078 2775
f 2078 2774 2079
f 2079 2774 2776
f 2774 2773 2776
f 2776 2773 2777
f 2773 2772 2777
f 2777 2772 2778
f 2190 2189 2609
f 2609 2189 2778
f 2053 2052 2779
f 2779 2052 2181
f 2144 2775 2081
f 2081 2775 2078
f 2294 2153 2174
f 2174 2153 2175
f 2132 2276 2189
f 2189 2276 2778
f 2606 2609 2772
f 2772 2609 2778
f 2195 2613 2698
f 2698 2613 2612
f 2596 2279 2698
f 2698 2279 2195
f 2054 2777 2276
f 2276 2777 2778
f 2777 2054 2776
f 2776 2054 2053
f 2053 2779 2776
f 2776 2779 2079
f 2779 2181 2079
f 2079 2181 2080
f 2181 2239 2080
f 2080 2239 2240
f 2122 2256 2014
f 2042 1982 2076
f 2076 1982 2007
f 1982 1985 2007
f 2007 1985 2008
f 2095 2097 2265
f 2265 2097 2266
f 2076 2050 2042
f 2042 2050 2047
f 2046 2043 2047
f 2047 2043 2042
f 2118 1993 2046
f 2046 1993 2043
f 1995 1994 2118
f 2118 1994 1993
f 2267 1992 2011
f 2011 1992 2012
f 1997 2012 1994
f 1994 2012 1992
f 2226 2013 1997
f 1997 2013 2012
f 2225 2087 2226
f 2226 2087 2013
f 2225 2232 2087
f 2087 2232 2288
f 2232 2070 2288
f 2288 2070 2252
f 2070 2025 2252
f 2252 2025 2253
f 1988 2249 2025
f 2025 2249 2253
f 2116 2115 2267
f 2267 2115 2268
f 2096 1984 2237
f 2237 1984 1991
f 2095 1985 2096
f 2096 1985 1984
f 2265 2008 2095
f 2095 2008 1985
f 2092 2009 2265
f 2265 2009 2008
f 2091 2286 2092
f 2092 2286 2009
f 2255 2238 2091
f 2091 2238 2286
f 2256 2239 2255
f 2255 2239 2238
f 2122 2240 2256
f 2256 2240 2239
f 2121 2241 2122
f 2122 2241 2240
f 2022 2018 2097
f 2097 2018 2266
f 2022 2024 2018
f 2018 2024 2019
f 2024 2072 2019
f 2019 2072 2073
f 2072 2228 2073
f 2073 2228 2230
f 2228 2184 2230
f 2230 2184 2183
f 2121 2285 2241
f 2241 2285 2258
f 2285 2036 2258
f 2258 2036 2257
f 2177 2145 2193
f 2193 2145 2257
f 2173 2193 2196
f 2196 2193 2037
f 2036 2037 2257
f 2257 2037 2193
f 2196 2037 2066
f 2066 2037 2035
f 2061 2108 2034
f 2034 2108 2067
f 2108 2208 2067
f 2067 2208 2204
f 2208 2210 2204
f 2204 2210 2203
f 2210 2280 2203
f 2203 2280 2186
f 2183 2186 2235
f 2235 2186 2280
f 1987 2114 1988
f 1988 2114 2249
f 2237 2115 1987
f 1987 2115 2114
f 1991 2268 2237
f 2237 2268 2115
f 1991 1990 2268
f 2268 1990 1992
f 107 110 2781
f 2781 110 2780
f 117 2782 118
f 118 2782 2783
f 119 2784 120
f 120 2784 2785
f 125 2786 126
f 126 2786 2787
f 127 2788 128
f 128 2788 2789
f 127 132 2788
f 2788 132 2790
f 231 230 2792
f 2792 230 2791
f 118 2783 119
f 119 2783 2784
f 241 243 2794
f 2794 243 2793
f 2781 2795 107
f 107 2795 352
f 120 2785 437
f 437 2785 2796
f 126 2787 110
f 110 2787 2780
f 455 2797 456
f 456 2797 2798
f 128 2789 457
f 457 2789 2799
f 456 2798 117
f 117 2798 2782
f 2794 2797 241
f 241 2797 455
f 457 2799 125
f 125 2799 2786
f 132 231 2790
f 2790 231 2792
f 230 437 2791
f 2791 437 2796
f 2792 2789 2790
f 2790 2789 2788
f 2785 2784 2801
f 2801 2784 2800
f 2786 2802 2787
f 2787 2802 2803
f 2792 2791 2805
f 2805 2791 2804
f 2784 2783 2800
f 2800 2783 2806
f 2785 2801 2796
f 2796 2801 2807
f 2787 2803 2780
f 2780 2803 2808
f 2789 2809 2799
f 2799 2809 2810
f 2799 2810 2786
f 2786 2810 2802
f 2791 2796 2804
f 2804 2796 2807
f 2789 2792 2809
f 2809 2792 2805
f 2812 2797 2811
f 2811 2797 2794
f 2809 2805 2810
f 2810 2805 2804
f 2810 2804 2802
f 2802 2804 2807
f 2802 2807 2803
f 2803 2807 2801
f 2808 2803 2800
f 2800 2803 2801
f 2814 699 2813
f 2813 699 698
f 2808 2815 2780
f 2780 2815 2781
f 2817 2782 2816
f 2816 2782 2798
f 2815 2818 2781
f 2781 2818 2795
f 2797 2812 2798
f 2798 2812 2816
f 2783 2782 2806
f 2806 2782 2817
f 2800 2806 2808
f 2808 2806 2815
f 2794 2793 2811
f 2811 2793 2819
f 174 201 384
f 384 201 362
f 200 1766 390
f 390 1766 1777
f 1777 1778 390
f 390 1778 398
f 1778 361 398
f 398 361 222
f 2820 2821 628
f 628 2821 629
f 1406 2820 790
f 790 2820 628
f 794 1415 1233
f 1233 1415 1234
f 1406 790 1407
f 1407 790 1312
f 1407 1312 2822
f 2822 1312 1316
f 2823 1380 1543
f 1543 1380 1379
f 1385 1738 1382
f 1382 1738 1383
f 1381 791 1382
f 1382 791 1386
f 791 794 1386
f 1386 794 1233
f 1259 1390 1260
f 1260 1390 1389
f 1905 1542 1394
f 1394 1542 1395
f 1410 1413 1397
f 1397 1413 1398
f 2821 1410 629
f 629 1410 1397
f 2823 2822 1380
f 1380 2822 1316
f 1392 1395 1378
f 1378 1395 1379
f 1738 1399 1383
f 1383 1399 1398
f 1388 1235 1389
f 1389 1235 1234
f 1393 1391 1394
f 1394 1391 1390
f 1381 1384 779
f 779 1384 780
f 1282 788 792
f 792 788 793
f 1431 1262 1432
f 1432 1262 1261
f 1400 1342 1408
f 1408 1342 1409
f 1508 1544 1411
f 1411 1544 1412
f 788 787 793
f 793 787 1414
f 2821 2820 1429
f 1429 2820 1430
f 2822 2823 1506
f 1506 2823 1507
f 778 1282 779
f 779 1282 792
f 2820 1406 1430
f 1430 1406 1409
f 1410 2821 1411
f 1411 2821 1429
f 1407 2822 1408
f 1408 2822 1506
f 1544 781 1412
f 1412 781 780
f 1260 1415 1261
f 1261 1415 1414
f 1334 2824 923
f 923 2824 924
f 2826 1268 2825
f 2825 1268 1267
f 769 1212 2827
f 2827 1212 2828
f 1492 1190 1266
f 1266 1190 1267
f 1488 2829 1489
f 1489 2829 2830
f 922 1329 923
f 923 1329 1328
f 1484 2831 1485
f 1485 2831 2832
f 1482 2833 1485
f 1485 2833 1486
f 1324 1493 1489
f 1489 1493 1490
f 1265 1491 1266
f 1266 1491 1490
f 2835 2836 2834
f 2834 2836 2837
f 1250 2838 2827
f 2827 2838 2839
f 1488 1491 2840
f 2840 1491 2841
f 1268 2826 2842
f 2842 2826 2843
f 2844 2845 1495
f 1495 2845 1496
f 1427 2847 2846
f 2846 2847 926
f 2829 1488 2848
f 2848 1488 2840
f 1329 922 2849
f 2849 922 927
f 2850 2851 768
f 768 2851 1213
f 1265 1268 2852
f 2852 1268 2842
f 1491 1265 2841
f 2841 1265 2852
f 2854 2855 2853
f 2853 2855 2856
f 2855 2857 2856
f 2856 2857 598
f 2857 2858 598
f 598 2858 595
f 2858 2859 595
f 595 2859 626
f 649 652 2860
f 2860 652 2861
f 639 642 2862
f 2862 642 2863
f 2864 705 2862
f 2862 705 639
f 2865 1418 2864
f 2864 1418 705
f 2866 2867 2865
f 2865 2867 1418
f 1760 1348 1761
f 1761 1348 2867
f 1764 2868 1197
f 1197 2868 1198
f 2869 611 2868
f 2868 611 1198
f 2870 612 2869
f 2869 612 611
f 1352 1350 944
f 944 1350 688
f 1350 1256 688
f 688 1256 685
f 1256 1255 685
f 685 1255 692
f 1255 2871 692
f 692 2871 2872
f 701 2873 698
f 698 2873 2813
f 2872 1349 692
f 692 1349 693
f 1696 1744 1574
f 1574 1744 1575
f 1753 1618 1577
f 1577 1618 1578
f 1729 1594 1608
f 1608 1594 1609
f 1725 1630 1611
f 1611 1630 1612
f 1604 1607 1625
f 1625 1607 1626
f 1624 1703 1625
f 1625 1703 1912
f 1703 1702 1912
f 1912 1702 1913
f 1702 1753 1913
f 1913 1753 1577
f 1598 1569 1915
f 1915 1569 1578
f 1616 1615 1915
f 1915 1615 1916
f 1615 1696 1916
f 1916 1696 1574
f 1744 1745 1575
f 1575 1745 1917
f 1745 1565 1917
f 1917 1565 1609
f 1568 1725 1608
f 1608 1725 1611
f 2874 1613 1918
f 1918 1613 1612
f 1607 2874 1626
f 1626 2874 1918
f 1610 1613 1562
f 1562 1613 1563
f 1547 1550 1570
f 1570 1550 1571
f 1573 1576 1580
f 1580 1576 1581
f 1553 1556 1595
f 1595 1556 1596
f 1556 1582 1596
f 1596 1582 1581
f 1551 1547 1599
f 1599 1547 1570
f 1731 1914 1601
f 1601 1914 1602
f 1686 1689 1605
f 1605 1689 1606
f 1598 1743 1599
f 1599 1743 1692
f 2874 1607 1723
f 1723 1607 1606
f 1727 1553 1730
f 1730 1553 1595
f 1600 1686 1601
f 1601 1686 1605
f 1914 1572 1602
f 1602 1572 1571
f 1579 1693 1580
f 1580 1693 1692
f 1613 2874 1563
f 1563 2874 1723
f 1561 1727 1562
f 1562 1727 1730
f 1949 1742 1548
f 1548 1742 1549
f 1694 1949 1552
f 1552 1949 1548
f 1954 1589 1554
f 1554 1589 1555
f 1693 1579 1558
f 1558 1579 1559
f 1561 1564 1584
f 1584 1564 1585
f 1582 1556 1588
f 1588 1556 1555
f 1600 1603 1591
f 1591 1603 1592
f 1981 1977 1687
f 1687 1977 1688
f 1564 1722 1585
f 1585 1722 1690
f 1551 1693 1552
f 1552 1693 1558
f 1751 1954 1728
f 1728 1954 1554
f 1590 1981 1591
f 1591 1981 1687
f 1603 1550 1592
f 1592 1550 1549
f 1977 1691 1688
f 1688 1691 1690
f 1587 1560 1588
f 1588 1560 1559
f 1727 1561 1728
f 1728 1561 1584
f 2875 1919 1947
f 1947 1919 1948
f 1557 1560 1952
f 1952 1560 1953
f 1933 1932 1955
f 1955 1932 1956
f 1587 1589 1958
f 1958 1589 1956
f 1959 1933 1965
f 1965 1933 1955
f 1961 1964 1966
f 1966 1964 1967
f 1981 1590 1969
f 1969 1590 1967
f 1742 1949 1972
f 1972 1949 1948
f 1593 1742 1966
f 1966 1742 1972
f 1957 1950 1958
f 1958 1950 1953
f 1583 1586 1974
f 1974 1586 1975
f 1940 1943 1978
f 1978 1943 1979
f 1943 1976 1979
f 1979 1976 1975
f 1951 2875 1952
f 1952 2875 1947
f 1968 1940 1969
f 1969 1940 1978
f 1973 1959 1974
f 1974 1959 1965
f 1923 1971 1920
f 1920 1971 1921
f 1919 2875 1920
f 1920 2875 1924
f 2875 1951 1924
f 1924 1951 1926
f 1950 1957 1929
f 1929 1957 1930
f 2244 2243 1934
f 1934 2243 1935
f 1973 1976 1937
f 1937 1976 1938
f 1944 1980 1941
f 1941 1980 1942
f 1940 1968 1941
f 1941 1968 1945
f 2287 2244 1960
f 1960 2244 1934
f 1970 2245 1962
f 1962 2245 1963
f 2243 1931 1935
f 1935 1931 1930
f 1927 1926 1928
f 1928 1926 1929
f 1961 1922 1962
f 1962 1922 1921
f 2245 1946 1963
f 1963 1946 1945
f 1976 1943 1938
f 1938 1943 1942
f 1936 2287 1937
f 1937 2287 1960
f 743 1238 608
f 608 1238 609
f 607 1811 608
f 608 1811 744
f 1304 2876 1305
f 1305 2876 2877
f 586 585 1298
f 1298 585 1299
f 585 702 1299
f 1299 702 1300
f 702 1428 1300
f 1300 1428 1301
f 1238 586 609
f 609 586 1298
f 2878 2879 1218
f 1218 2879 2877
f 2880 2881 1812
f 1812 2881 1819
f 2883 1821 2882
f 2882 1821 1820
f 2840 2841 620
f 620 2841 621
f 2842 2843 795
f 795 2843 796
f 892 895 2844
f 2844 895 2845
f 2848 2840 942
f 942 2840 620
f 2849 927 1202
f 1202 927 1203
f 2852 2842 1270
f 1270 2842 795
f 2841 2852 621
f 621 2852 1270
f 941 1759 942
f 942 1759 2884
f 659 929 1427
f 1427 929 2847
f 1237 2851 751
f 751 2851 2850
f 1216 2885 1217
f 1217 2885 1754
f 2887 734 2886
f 2886 734 733
f 2889 1816 2888
f 2888 1816 1815
f 2890 1245 2889
f 2889 1245 1816
f 1824 2891 1825
f 1825 2891 1246
f 2892 2893 2895
f 2895 2893 2894
f 1854 1833 1851
f 1851 1833 1832
f 1851 1832 1884
f 1884 1832 1876
f 1884 1876 1441
f 1441 1876 1443
f 1441 1443 1442
f 1442 1443 1446
f 1442 1446 2896
f 2896 1446 1507
f 2897 2823 2898
f 2898 2823 1543
f 1542 2899 1543
f 1543 2899 2898
f 1542 1905 2899
f 2899 1905 2900
f 1905 1259 2900
f 2900 1259 2901
f 1262 1431 2902
f 2902 1431 1904
f 1431 1434 1904
f 1904 1434 1902
f 1902 1434 2903
f 2903 1434 719
f 2903 719 2904
f 2904 719 718
f 1869 1881 718
f 718 1881 2904
f 1881 1869 1880
f 1880 1869 756
f 1880 756 2905
f 2905 756 755
f 2905 755 2906
f 2906 755 758
f 762 2907 763
f 763 2907 2908
f 724 723 2909
f 2909 723 894
f 796 895 723
f 723 895 894
f 2843 2845 796
f 796 2845 895
f 2826 1496 2843
f 2843 1496 2845
f 2825 1497 2826
f 2826 1497 1496
f 1189 2836 2825
f 2825 2836 1497
f 797 891 798
f 798 891 2837
f 802 888 797
f 797 888 891
f 2910 2911 2913
f 2913 2911 2912
f 1780 1783 2915
f 2915 1783 2914
f 2916 2917 831
f 831 2917 832
f 2918 2919 845
f 845 2919 846
f 2920 2916 847
f 847 2916 831
f 2921 2922 857
f 857 2922 858
f 2923 2924 860
f 860 2924 861
f 2919 2912 846
f 846 2912 887
f 2925 2920 940
f 940 2920 847
f 2924 2926 861
f 861 2926 1204
f 2917 2918 832
f 832 2918 845
f 2927 2928 1449
f 1449 2928 1450
f 2929 2930 889
f 889 2930 2931
f 2896 1507 2897
f 2897 1507 2823
f 2902 2901 1262
f 1262 2901 1259
f 2932 2933 750
f 750 2933 1236
f 2933 2934 1236
f 1236 2934 1835
f 2936 2937 2935
f 2935 2937 2938
f 2940 2941 2939
f 2939 2941 2942
f 2943 2944 1841
f 1841 2944 1842
f 2945 1860 2944
f 2944 1860 1842
f 2945 2946 1860
f 1860 2946 1859
f 1889 2947 1890
f 1890 2947 1856
f 1856 2947 1857
f 1857 2947 2948
f 2950 709 2949
f 2949 709 1829
f 2952 730 2951
f 2951 730 729
f 2866 2953 2867
f 2867 2953 1761
f 2953 2954 1761
f 1761 2954 1420
f 2954 2955 1420
f 1420 2955 742
f 2955 2956 742
f 742 2956 739
f 2956 2957 739
f 739 2957 760
f 2957 2958 760
f 760 2958 761
f 2958 2959 761
f 761 2959 2960
f 2959 2961 2960
f 2960 2961 2962
f 2963 2964 1839
f 1839 2964 1840
f 2964 2965 1840
f 1840 2965 2942
f 2966 2950 2939
f 2939 2950 2949
f 2935 2967 2936
f 2936 2967 2968
f 2969 2970 736
f 736 2970 735
f 734 2887 1815
f 1815 2887 2888
f 2887 2882 2888
f 2888 2882 2881
f 1819 1820 1817
f 1817 1820 748
f 1195 1757 1197
f 1197 1757 1424
f 1757 647 1424
f 1424 647 646
f 647 648 646
f 646 648 643
f 648 1271 643
f 643 1271 737
f 1271 725 737
f 737 725 765
f 725 724 765
f 765 724 762
f 762 724 2907
f 2907 724 2909
f 1254 1437 2909
f 2909 1437 2907
f 1438 1253 1836
f 1836 1253 1835
f 1836 1835 2938
f 2938 1835 2934
f 2971 2972 2935
f 2935 2972 2967
f 897 896 2969
f 2969 896 2970
f 1815 1814 734
f 734 1814 731
f 728 1215 896
f 896 1215 732
f 2885 1216 733
f 733 1216 2886
f 1216 1219 2886
f 2886 1219 2883
f 2876 1304 1821
f 1821 1304 749
f 1304 1303 749
f 749 1303 746
f 1818 2973 1817
f 1817 2973 1810
f 747 2974 1818
f 1818 2974 2973
f 747 746 2974
f 2974 746 1303
f 2976 2977 2975
f 2975 2977 2978
f 2976 2979 2901
f 2901 2979 2900
f 2980 2981 2982
f 2982 2981 2979
f 2981 2980 2983
f 2983 2980 2984
f 2985 2897 2983
f 2983 2897 2898
f 2987 2988 2986
f 2986 2988 2985
f 2896 2988 1442
f 1442 2988 1439
f 1903 2977 1904
f 1904 2977 2902
f 1856 1855 1890
f 1890 1855 2989
f 2989 2990 1890
f 1890 2990 1359
f 2990 2991 1359
f 1359 2991 1356
f 2946 2992 1859
f 1859 2992 1893
f 2992 2993 1893
f 1893 2993 775
f 2993 2994 775
f 775 2994 776
f 2986 1356 2987
f 2987 1356 2991
f 2975 2978 776
f 776 2978 777
f 2982 2994 2980
f 2980 2994 2995
f 1357 2984 2995
f 2995 2984 2980
f 2995 2996 1357
f 1357 2996 1358
f 2996 2997 1358
f 1358 2997 1889
f 2998 2999 2932
f 2932 2999 2933
f 2999 2971 2933
f 2933 2971 2934
f 1837 1836 2937
f 2937 1836 2938
f 2943 1841 2941
f 2941 1841 1838
f 3001 2944 3000
f 3000 2944 2943
f 3001 3002 2944
f 2944 3002 2945
f 3002 3003 2945
f 2945 3003 2946
f 2997 3003 1889
f 1889 3003 2947
f 2947 3003 2948
f 2948 3003 3002
f 3001 3004 3002
f 3002 3004 2948
f 3000 3005 3001
f 3001 3005 3004
f 2940 3006 3000
f 3000 3006 3005
f 2999 3007 2971
f 2971 3007 2972
f 2998 2951 2999
f 2999 2951 3007
f 3008 2952 2998
f 2998 2952 2951
f 2966 2965 2936
f 2936 2965 2937
f 2935 2938 2971
f 2971 2938 2934
f 3003 2997 2946
f 2946 2997 2992
f 2997 2996 2992
f 2992 2996 2993
f 2996 2995 2993
f 2993 2995 2994
f 1356 2986 1357
f 1357 2986 2984
f 2982 2975 2994
f 2994 2975 776
f 1844 1843 1899
f 1899 1843 3009
f 1843 638 3009
f 3009 638 3010
f 638 637 3010
f 3010 637 3011
f 637 1830 3011
f 3011 1830 3012
f 1830 1833 3012
f 3012 1833 2894
f 1833 1854 2894
f 2894 1854 2895
f 1854 1853 2895
f 2895 1853 1888
f 1858 1857 1885
f 1885 1857 1892
f 1899 3009 1898
f 1898 3009 1874
f 3009 3010 1874
f 1874 3010 1865
f 3010 3011 1865
f 1865 3011 1862
f 3011 3012 1862
f 1862 3012 1882
f 3012 2894 1882
f 1882 2894 2893
f 1850 2890 782
f 782 2890 2889
f 783 2880 1811
f 1811 2880 1812
f 744 1810 745
f 745 1810 2973
f 745 2973 805
f 805 2973 806
f 2973 2974 806
f 806 2974 815
f 1303 812 2974
f 2974 812 815
f 1303 1302 812
f 812 1302 1221
f 1307 3013 1302
f 1302 3013 1221
f 1734 3014 1633
f 1633 3014 1634
f 1646 1649 1636
f 1636 1649 1637
f 1654 1657 1641
f 1641 1657 1642
f 1639 1736 1636
f 1636 1736 1684
f 1716 1713 1698
f 1698 1713 1699
f 1718 1721 1705
f 1705 1721 1706
f 1653 1654 1709
f 1709 1654 1641
f 1620 1623 1714
f 1714 1623 1699
f 1712 1682 1714
f 1714 1682 1740
f 1668 1671 1746
f 1746 1671 1747
f 1752 1650 1749
f 1749 1650 1750
f 1750 1650 1709
f 1709 1650 1653
f 1632 1668 1633
f 1633 1668 1746
f 1649 1752 1637
f 1637 1752 1749
f 1682 1643 1740
f 1740 1643 1642
f 3014 1685 1634
f 1634 1685 1684
f 1704 1748 1705
f 1705 1748 1747
f 1697 1707 1698
f 1698 1707 1706
f 1739 1701 1621
f 1621 1701 1622
f 1567 1566 1647
f 1647 1566 1648
f 1664 1695 1651
f 1651 1695 1652
f 1614 1617 1655
f 1655 1617 1656
f 1704 1707 1659
f 1659 1707 1660
f 3014 1734 1662
f 1662 1734 1663
f 1650 1752 1651
f 1651 1752 1665
f 1741 1657 1667
f 1667 1657 1656
f 1695 1614 1652
f 1652 1614 1655
f 1724 1567 1726
f 1726 1567 1647
f 1645 1628 1733
f 1733 1628 1663
f 1685 3014 1726
f 1726 3014 1662
f 1620 1741 1621
f 1621 1741 1667
f 1566 1666 1648
f 1648 1666 1665
f 1658 1737 1659
f 1659 1737 1901
f 1911 1661 1910
f 1910 1661 1660
f 1701 1911 1622
f 1622 1911 1910
f 1732 1748 1733
f 1733 1748 1901
f 1857 2948 1892
f 1892 2948 3004
f 1892 3004 1891
f 1891 3004 3005
f 1828 3006 1829
f 1829 3006 2949
f 2967 736 2968
f 2968 736 710
f 2972 2969 2967
f 2967 2969 736
f 2969 2972 897
f 897 2972 3007
f 897 3007 729
f 729 3007 2951
f 3016 753 3015
f 3015 753 752
f 3018 767 3017
f 3017 767 766
f 3019 3020 1249
f 1249 3020 3021
f 2915 2914 3019
f 3019 2914 3020
f 3023 2914 3022
f 3022 2914 1783
f 2827 2839 769
f 769 2839 766
f 3025 2838 3024
f 3024 2838 3021
f 768 767 2850
f 2850 767 3026
f 2850 3026 751
f 751 3026 752
f 750 753 2932
f 2932 753 3027
f 3008 2998 3027
f 3027 2998 2932
f 3028 3029 3008
f 3008 3029 2952
f 3029 3030 2952
f 2952 3030 730
f 3032 3033 3031
f 3031 3033 3034
f 3036 3037 3035
f 3035 3037 3038
f 2870 3039 612
f 612 3039 3040
f 3041 3042 3031
f 3031 3042 3038
f 3034 1352 3043
f 3043 1352 944
f 612 3040 613
f 613 3040 3044
f 613 3044 1425
f 1425 3044 1422
f 3045 3042 669
f 669 3042 670
f 3041 3043 599
f 599 3043 600
f 772 771 1544
f 1544 771 781
f 1503 771 1866
f 1866 771 770
f 771 1503 781
f 781 1503 778
f 61 281 416
f 416 281 1907
f 283 103 3046
f 3046 103 3047
f 76 79 3048
f 3048 79 3049
f 280 76 1906
f 1906 76 3048
f 3051 335 3050
f 3050 335 334
f 3053 417 3052
f 3052 417 416
f 3055 435 3054
f 3054 435 434
f 428 435 419
f 419 435 1908
f 420 1909 293
f 293 1909 443
f 79 294 3049
f 3049 294 444
f 3057 444 3056
f 3056 444 443
f 3051 3058 335
f 335 3058 452
f 216 215 1332
f 1332 215 452
f 308 283 462
f 462 283 3046
f 3050 334 3059
f 3059 334 462
f 103 62 3047
f 3047 62 417
f 313 312 434
f 434 312 463
f 3061 574 3060
f 3060 574 573
f 1310 3062 1428
f 1428 3062 3063
f 1258 3064 1255
f 1255 3064 2871
f 932 3065 2853
f 2853 3065 3066
f 699 2814 931
f 931 2814 3067
f 3068 1301 3063
f 3063 1301 1428
f 571 574 1310
f 1310 574 3062
f 3060 573 3069
f 3069 573 1332
f 3070 3071 1906
f 1906 3071 1907
f 3072 3073 1908
f 1908 3073 1909
f 3075 2814 3074
f 3074 2814 2813
f 2854 3076 1258
f 1258 3076 3064
f 2871 3077 2872
f 2872 3077 3078
f 3074 2813 3079
f 3079 2813 2873
f 2872 3078 1349
f 1349 3078 3080
f 2873 701 3068
f 3068 701 1301
f 1330 1201 3080
f 3080 1201 1349
f 1264 1263 3081
f 3081 1263 3082
f 3083 3084 3082
f 3082 3084 3081
f 811 1448 3086
f 3086 1448 3085
f 808 811 3087
f 3087 811 3086
f 3088 3083 833
f 833 3083 3082
f 884 3089 885
f 885 3089 3090
f 3087 1790 808
f 808 1790 816
f 1790 3087 1787
f 1787 3087 3091
f 3092 3091 3086
f 3086 3091 3087
f 3093 3094 3084
f 3084 3094 3095
f 3089 3096 3090
f 3090 3096 3088
f 3097 3093 3083
f 3083 3093 3084
f 3099 3100 3098
f 3098 3100 1786
f 3101 1788 2913
f 2913 1788 3102
f 838 837 885
f 885 837 886
f 886 837 3103
f 3103 837 1541
f 3094 3093 3104
f 3104 3093 3097
f 3105 3106 3089
f 3089 3106 3096
f 3108 3109 3107
f 3107 3109 3110
f 3111 3112 3091
f 3091 3112 1787
f 3114 3108 3113
f 3113 3108 3107
f 3114 3115 3112
f 3112 3115 3102
f 3091 3092 3111
f 3111 3092 3116
f 839 838 835
f 835 838 836
f 885 3090 838
f 838 3090 836
f 3110 3117 1247
f 1247 3117 3118
f 1247 3118 1248
f 1248 3118 3119
f 3120 3121 3119
f 3119 3121 1248
f 1247 844 3110
f 3110 844 3107
f 844 843 3107
f 3107 843 3113
f 843 3099 3113
f 3113 3099 3122
f 1781 3123 3098
f 3098 3123 3124
f 2915 2931 1780
f 1780 2931 2930
f 3019 3125 2915
f 2915 3125 2931
f 890 3125 2834
f 2834 3125 1252
f 3125 3019 1252
f 1252 3019 1249
f 907 908 946
f 946 908 947
f 1185 1188 1369
f 1369 1188 948
f 954 957 951
f 951 957 952
f 910 965 953
f 953 965 950
f 905 958 960
f 960 958 961
f 3126 978 949
f 949 978 962
f 936 935 967
f 967 935 968
f 994 993 969
f 969 993 966
f 902 904 971
f 971 904 972
f 983 985 973
f 973 985 970
f 906 905 974
f 974 905 960
f 977 981 959
f 959 981 975
f 911 910 1143
f 1143 910 953
f 952 957 1142
f 1142 957 1145
f 911 1143 1366
f 1366 1143 1368
f 1185 1369 1145
f 1145 1369 1142
f 993 1519 966
f 966 1519 1456
f 965 1454 950
f 950 1454 1457
f 900 899 1459
f 1459 899 1460
f 988 991 1461
f 1461 991 1458
f 899 963 1460
f 1460 963 1462
f 985 987 970
f 970 987 1463
f 904 906 972
f 972 906 974
f 981 983 975
f 975 983 973
f 935 900 968
f 968 900 1459
f 991 994 1458
f 1458 994 969
f 1154 1526 1088
f 1088 1526 1089
f 1109 1112 1092
f 1092 1112 1093
f 1083 1098 1084
f 1084 1098 1097
f 1078 1471 1100
f 1100 1471 1101
f 1075 1078 1104
f 1104 1078 1100
f 1152 1154 1156
f 1156 1154 1088
f 1156 1155 1372
f 1372 1155 1373
f 1372 1373 1104
f 1104 1373 1075
f 1467 1109 1465
f 1465 1109 1092
f 1465 1182 1468
f 1468 1182 1184
f 1474 1470 1096
f 1096 1470 1097
f 1102 1101 1083
f 1083 1101 1098
f 1112 1531 1093
f 1093 1531 1529
f 1102 1073 1099
f 1099 1073 1072
f 1526 1154 1079
f 1079 1154 1080
f 1081 1091 1082
f 1082 1091 1094
f 1069 1068 1085
f 1085 1068 1086
f 1153 1151 1080
f 1080 1151 1058
f 1371 1177 1179
f 1179 1177 1176
f 1099 1072 1103
f 1103 1072 1176
f 1068 1071 1086
f 1086 1071 1073
f 1085 1084 1180
f 1180 1084 1469
f 1066 1065 1183
f 1183 1065 1181
f 1153 1152 1177
f 1177 1152 1178
f 1091 1081 1182
f 1182 1081 1183
f 1057 1525 1079
f 1079 1525 1527
f 1120 1117 1076
f 1076 1117 1077
f 1087 1090 1107
f 1107 1090 1108
f 1127 1126 1110
f 1110 1126 1111
f 1095 1116 1096
f 1096 1116 1115
f 1471 1078 1119
f 1119 1078 1077
f 1087 1107 1155
f 1155 1107 1158
f 1376 1374 1157
f 1157 1374 1158
f 1076 1075 1374
f 1374 1075 1373
f 1109 1467 1110
f 1110 1467 1472
f 1467 1466 1472
f 1472 1466 1473
f 1135 1475 1114
f 1114 1475 1115
f 1471 1119 1095
f 1095 1119 1116
f 1126 1532 1111
f 1111 1532 1530
f 914 1276 1480
f 1480 1276 1517
f 3127 3128 1223
f 1223 3128 1224
f 824 933 1455
f 1455 933 3129
f 3131 1448 3130
f 3130 1448 1447
f 3132 3133 1452
f 1452 3133 1453
f 3130 1447 1322
f 1322 1447 1455
f 933 1514 3129
f 3129 1514 3134
f 1161 3135 1480
f 1480 3135 1481
f 3128 3136 1224
f 1224 3136 1499
f 3133 1162 1453
f 1453 1162 1517
f 1515 3127 1535
f 1535 3127 1223
f 3095 3085 3131
f 3131 3085 1448
f 3137 3092 3085
f 3085 3092 3086
f 3138 3116 3137
f 3137 3116 3092
f 3110 3109 3117
f 3117 3109 3139
f 3105 3140 3117
f 3117 3140 3118
f 3140 3141 3118
f 3118 3141 3119
f 3142 3120 3141
f 3141 3120 3119
f 1498 3143 1277
f 1277 3143 882
f 3144 3145 1340
f 1340 3145 1339
f 1340 3146 3144
f 3144 3146 3147
f 3145 3144 3143
f 3143 3144 3148
f 871 901 872
f 872 901 1362
f 3149 3148 3147
f 3147 3148 3144
f 1208 3150 1209
f 3098 1786 1781
f 1781 1786 1782
f 2930 2929 3123
f 3123 2929 2911
f 1794 1791 2916
f 2916 1791 2917
f 1793 3101 2918
f 2918 3101 2919
f 1796 1794 2920
f 2920 1794 2916
f 3151 3152 2921
f 2921 3152 2922
f 3153 3154 2923
f 2923 3154 2924
f 2919 3101 2912
f 2912 3101 2913
f 3155 1796 2925
f 2925 1796 2920
f 3154 3156 2924
f 2924 3156 2926
f 1791 1793 2917
f 2917 1793 2918
f 3157 3158 2927
f 2927 3158 2928
f 1780 2930 1781
f 1781 2930 3123
f 2825 1267 1189
f 1189 1267 1190
f 2827 2828 1250
f 1250 2828 1251
f 1489 2830 1324
f 1324 2830 1325
f 923 1328 1334
f 1334 1328 1335
f 1485 2832 1482
f 1482 2832 1483
f 1266 1490 1492
f 1492 1490 1493
f 1333 1346 1334
f 1334 1346 2824
f 722 799 1492
f 1492 799 1190
f 664 657 1482
f 1482 657 2833
f 631 634 1324
f 1324 634 1493
f 2828 1494 1251
f 1251 1494 2835
f 1249 3021 1250
f 1250 3021 2838
f 798 2837 1189
f 1189 2837 2836
f 3100 842 3160
f 3160 842 3159
f 1788 3101 1789
f 1789 3101 1793
f 1792 816 1789
f 1789 816 1790
f 817 816 1795
f 1795 816 1792
f 938 817 1797
f 1797 817 1795
f 1796 3155 1797
f 1797 3155 1798
f 3155 3158 1798
f 1798 3158 1799
f 3157 3152 1801
f 1801 3152 1802
f 3151 3156 1803
f 1803 3156 1804
f 3154 3153 1805
f 1805 3153 1806
f 3153 3161 1806
f 1806 3161 1807
f 3099 843 3100
f 3100 843 842
f 1788 1787 3102
f 3102 1787 3112
f 2910 3115 3124
f 3124 3115 3122
f 3099 3098 3122
f 3122 3098 3124
f 416 1907 3052
f 3052 1907 3071
f 3046 3047 3163
f 3163 3047 3162
f 249 445 259
f 259 445 3164
f 425 3165 424
f 424 3165 461
f 408 410 329
f 329 410 330
f 39 331 40
f 40 331 332
f 305 304 423
f 423 304 464
f 385 254 458
f 458 254 392
f 250 415 251
f 251 415 412
f 233 337 234
f 234 337 3166
f 435 3055 1908
f 1908 3055 3072
f 443 1909 3056
f 3056 1909 3073
f 3167 3049 3057
f 3057 3049 444
f 452 3058 1332
f 1332 3058 3069
f 234 3166 346
f 346 3166 411
f 3046 3163 462
f 462 3163 3059
f 259 3164 260
f 260 3164 336
f 3047 417 3162
f 3162 417 3053
f 463 3168 434
f 434 3168 3054
f 454 830 425
f 425 830 3165
f 3062 3169 3063
f 3063 3169 3170
f 1355 1354 1534
f 1534 1354 3171
f 3063 3170 3068
f 3068 3170 3172
f 574 3061 3062
f 3062 3061 3169
f 1534 3171 1535
f 1535 3171 3173
f 3079 2873 3172
f 3172 2873 3068
f 2838 3025 2839
f 2839 3025 3174
f 3176 3177 3175
f 3175 3177 3178
f 3180 1125 3179
f 3179 1125 1128
f 3182 3183 3181
f 3181 3183 3184
f 1134 3185 1130
f 1130 3185 3182
f 3186 3187 3189
f 3189 3187 3188
f 3191 3189 3190
f 3190 3189 3188
f 1137 1122 3190
f 3190 1122 3192
f 3175 3178 3193
f 3193 3178 3194
f 3181 3184 3179
f 3179 3184 3195
f 3197 3198 3196
f 3196 3198 3180
f 3200 3178 3199
f 3199 3178 3177
f 3202 3196 3201
f 3201 3196 3195
f 3204 3184 3203
f 3203 3184 3183
f 3206 3207 3205
f 3205 3207 3186
f 3205 3186 3208
f 3208 3186 3189
f 3209 3208 3191
f 3191 3208 3189
f 3210 3194 3200
f 3200 3194 3178
f 3201 3195 3204
f 3204 3195 3184
f 3197 3211 3177
f 3177 3211 3199
f 3213 3214 3212
f 3212 3214 3215
f 3217 3218 3216
f 3216 3218 3219
f 3221 3222 3220
f 3220 3222 3223
f 3225 3226 3224
f 3224 3226 3227
f 3229 3230 3228
f 3228 3230 3231
f 3233 3234 3232
f 3232 3234 3235
f 3237 3238 3236
f 3236 3238 3239
f 3238 3240 3239
f 3239 3240 3241
f 3232 3235 3242
f 3242 3235 3243
f 3245 3246 3244
f 3244 3246 3247
f 3248 3249 3245
f 3245 3249 3246
f 3251 3252 3250
f 3250 3252 3253
f 3255 3252 3254
f 3254 3252 3251
f 3256 3257 3259
f 3259 3257 3258
f 3261 3262 3260
f 3260 3262 3263
f 3265 3263 3264
f 3264 3263 3262
f 3256 3259 3266
f 3266 3259 3267
f 3269 3270 3268
f 3268 3270 3271
f 3269 3272 3270
f 3270 3272 3273
f 3274 3275 3277
f 3277 3275 3276
f 3278 3279 3276
f 3276 3279 3277
f 3281 3282 3280
f 3280 3282 3283
f 3280 3284 3281
f 3281 3284 3285
f 3287 3288 3286
f 3286 3288 3289
f 3290 3291 3288
f 3288 3291 3289
f 3234 3218 3235
f 3235 3218 3217
f 3232 3292 3233
f 3233 3292 3293
f 3239 3294 3236
f 3236 3294 3219
f 3233 3293 3237
f 3237 3293 3295
f 3296 3294 3241
f 3241 3294 3239
f 3240 3238 3297
f 3297 3238 3298
f 3217 3216 3235
f 3235 3216 3243
f 3297 3299 3240
f 3240 3299 3242
f 3246 3300 3247
f 3247 3300 3223
f 3301 3302 3254
f 3254 3302 3244
f 3249 3303 3246
f 3246 3303 3300
f 3245 3304 3248
f 3248 3304 3292
f 3252 3221 3253
f 3253 3221 3220
f 3250 3248 3299
f 3299 3248 3292
f 3222 3221 3255
f 3255 3221 3252
f 3297 3301 3251
f 3251 3301 3254
f 3258 3214 3259
f 3259 3214 3213
f 3257 3256 3304
f 3304 3256 3305
f 3263 3306 3260
f 3260 3306 3215
f 3261 3257 3302
f 3302 3257 3304
f 3307 3306 3265
f 3265 3306 3263
f 3262 3301 3264
f 3264 3301 3308
f 3259 3213 3267
f 3267 3213 3212
f 3308 3309 3264
f 3264 3309 3266
f 3270 3310 3271
f 3271 3310 3231
f 3311 3312 3278
f 3278 3312 3268
f 3270 3273 3310
f 3310 3273 3313
f 3272 3269 3305
f 3305 3269 3314
f 3277 3229 3274
f 3274 3229 3228
f 3275 3272 3309
f 3309 3272 3305
f 3279 3230 3277
f 3277 3230 3229
f 3276 3308 3278
f 3278 3308 3311
f 3281 3315 3282
f 3282 3315 3227
f 3290 3316 3283
f 3283 3316 3317
f 3281 3285 3315
f 3315 3285 3318
f 3284 3280 3314
f 3314 3280 3319
f 3289 3225 3286
f 3286 3225 3224
f 3287 3284 3312
f 3284 3314 3312
f 3291 3226 3289
f 3289 3226 3225
f 3288 3311 3290
f 3290 3311 3316
f 3212 3215 3307
f 3307 3215 3306
f 3294 3296 3219
f 3219 3296 3216
f 3303 3220 3300
f 3300 3220 3223
f 3224 3227 3318
f 3318 3227 3315
f 3228 3231 3313
f 3313 3231 3310
f 3234 3233 3236
f 3236 3233 3237
f 3243 3241 3242
f 3242 3241 3240
f 3247 3255 3244
f 3244 3255 3254
f 3253 3249 3250
f 3250 3249 3248
f 3260 3258 3261
f 3261 3258 3257
f 3266 3267 3264
f 3264 3267 3265
f 3268 3271 3278
f 3278 3271 3279
f 3274 3273 3275
f 3275 3273 3272
f 3283 3282 3290
f 3290 3282 3291
f 3286 3285 3287
f 3287 3285 3284
f 3218 3234 3219
f 3219 3234 3236
f 3295 3298 3237
f 3237 3298 3238
f 3216 3296 3243
f 3243 3296 3241
f 3242 3299 3232
f 3232 3299 3292
f 3223 3222 3247
f 3247 3222 3255
f 3244 3302 3245
f 3245 3302 3304
f 3303 3249 3220
f 3220 3249 3253
f 3297 3251 3299
f 3299 3251 3250
f 3215 3214 3260
f 3260 3214 3258
f 3301 3262 3302
f 3302 3262 3261
f 3212 3307 3267
f 3267 3307 3265
f 3266 3309 3256
f 3256 3309 3305
f 3271 3231 3279
f 3279 3231 3230
f 3268 3312 3269
f 3269 3312 3314
f 3228 3313 3274
f 3274 3313 3273
f 3308 3276 3309
f 3309 3276 3275
f 3282 3227 3291
f 3291 3227 3226
f 3317 3319 3283
f 3283 3319 3280
f 3224 3318 3286
f 3286 3318 3285
f 3312 3311 3287
f 3311 3288 3287
f 3320 3321 3194
f 3194 3321 3193
f 1375 3321 1121
f 1121 3321 3322
f 3323 3324 3322
f 3322 3324 3192
f 3175 1124 3176
f 3176 1124 1123
f 3179 3195 3180
f 3180 3195 3196
f 3181 1131 3182
f 3182 1131 1130
f 3207 3185 3186
f 3186 3185 3187
f 1136 3188 1133
f 1133 3188 3187
f 3190 3188 1137
f 1137 3188 1136
f 3193 1159 3175
f 3175 1159 1124
f 3179 1128 3181
f 3181 1128 1131
f 1533 3198 1123
f 1123 3198 3176
f 3321 1375 3193
f 3193 1375 1159
f 3321 3320 3322
f 3322 3320 3323
f 1122 1121 3192
f 3192 1121 3322
f 3194 3210 3320
f 3320 3210 3325
f 3324 3323 3327
f 3327 3323 3326
f 3320 3325 3323
f 3323 3325 3326
f 3208 3328 3205
f 3205 3328 3329
f 3330 3206 3329
f 3329 3206 3205
f 3203 3331 3204
f 3204 3331 3332
f 3210 3333 3325
f 3325 3333 3334
f 3325 3334 3326
f 3326 3334 3335
f 3327 3326 3336
f 3336 3326 3335
f 3327 3209 3324
f 3324 3209 3191
f 3190 3192 3191
f 3191 3192 3324
f 3338 3339 3337
f 3337 3339 3340
f 3338 3341 3339
f 3339 3341 3342
f 3341 3343 3342
f 3342 3343 3344
f 3343 3345 3344
f 3344 3345 3346
f 3345 3347 3346
f 3346 3347 3348
f 3347 3349 3348
f 3348 3349 3350
f 3337 3340 3351
f 3351 3340 3352
f 3351 3352 3353
f 3353 3352 3354
f 3353 3354 3355
f 3355 3354 3356
f 3350 3349 3357
f 3357 3349 3358
f 3355 3356 3359
f 3359 3356 3360
f 3359 3360 3361
f 3361 3360 3362
f 3361 3362 3363
f 3363 3362 3364
f 3363 3364 3358
f 3358 3364 3357
f 3339 3342 3365
f 3365 3342 3366
f 3342 3344 3366
f 3366 3344 3367
f 3344 3346 3367
f 3367 3346 3368
f 3346 3348 3368
f 3368 3348 3369
f 3348 3350 3369
f 3369 3350 3370
f 3368 3369 3371
f 3371 3369 3372
f 3369 3370 3372
f 3372 3370 3373
f 3373 3374 3372
f 3372 3374 3375
f 3377 3378 3376
f 3376 3378 3379
f 3377 3375 3378
f 3378 3375 3374
f 3375 3380 3372
f 3372 3380 3371
f 3377 3381 3375
f 3375 3381 3380
f 3376 3382 3377
f 3377 3382 3381
f 3384 3385 3383
f 3383 3385 3386
f 3384 3383 3388
f 3388 3383 3387
f 3388 3387 3389
f 3389 3387 3390
f 3392 3385 3391
f 3391 3385 3384
f 3388 3393 3384
f 3384 3393 3391
f 3389 3394 3388
f 3388 3394 3393
f 3389 3395 3394
f 3394 3395 3396
f 3395 3389 3397
f 3397 3389 3390
f 3339 3365 3340
f 3340 3365 3398
f 3340 3398 3352
f 3352 3398 3399
f 3371 3400 3368
f 3368 3400 3367
f 3400 3401 3367
f 3367 3401 3366
f 3366 3401 3365
f 3365 3401 3402
f 3398 3365 3403
f 3403 3365 3402
f 3398 3403 3399
f 3399 3403 3404
f 3403 3405 3404
f 3404 3405 3406
f 3352 3399 3354
f 3354 3399 3407
f 3399 3404 3407
f 3407 3404 3408
f 3404 3406 3408
f 3408 3406 3409
f 3405 3410 3406
f 3406 3410 3411
f 3410 3412 3411
f 3411 3412 3413
f 3397 3414 3395
f 3395 3414 3415
f 3417 3415 3416
f 3416 3415 3412
f 3410 3418 3412
f 3412 3418 3416
f 3410 3405 3418
f 3418 3405 3419
f 3405 3403 3419
f 3419 3403 3402
f 3370 3350 3420
f 3420 3350 3357
f 3373 3370 3421
f 3421 3370 3420
f 3374 3373 3422
f 3422 3373 3421
f 3378 3374 3423
f 3423 3374 3422
f 3378 3423 3379
f 3379 3423 3424
f 3424 3425 3379
f 3379 3425 3386
f 3383 3426 3387
f 3387 3426 3427
f 3387 3427 3390
f 3390 3427 3428
f 3390 3428 3397
f 3397 3428 3429
f 3429 3430 3397
f 3397 3430 3414
f 3411 3413 3431
f 3431 3413 3432
f 3406 3411 3409
f 3409 3411 3431
f 3401 3400 3335
f 3335 3400 3336
f 3401 3335 3402
f 3402 3335 3334
f 3402 3334 3419
f 3419 3334 3333
f 3419 3333 3418
f 3418 3333 3433
f 3418 3433 3416
f 3416 3433 3434
f 3435 3417 3434
f 3434 3417 3416
f 3394 3396 3436
f 3436 3396 3437
f 3393 3394 3332
f 3332 3394 3436
f 3393 3332 3391
f 3391 3332 3331
f 3330 3392 3331
f 3331 3392 3391
f 3382 3329 3381
f 3381 3329 3328
f 3354 3407 3356
f 3356 3407 3438
f 3356 3438 3360
f 3360 3438 3439
f 3360 3439 3362
f 3362 3439 3440
f 3362 3440 3364
f 3364 3440 3441
f 3364 3441 3357
f 3357 3441 3420
f 3421 3420 3442
f 3442 3420 3441
f 3442 3441 3443
f 3443 3441 3440
f 3443 3440 3444
f 3444 3440 3439
f 3444 3439 3445
f 3445 3439 3438
f 3445 3438 3408
f 3408 3438 3407
f 3422 3421 3446
f 3446 3421 3442
f 3446 3442 3447
f 3447 3442 3443
f 3447 3443 3448
f 3448 3443 3444
f 3448 3444 3449
f 3449 3444 3445
f 3449 3445 3409
f 3409 3445 3408
f 3409 3431 3449
f 3449 3431 3450
f 3449 3450 3448
f 3448 3450 3451
f 3451 3452 3448
f 3448 3452 3447
f 3447 3452 3446
f 3446 3452 3453
f 3446 3453 3422
f 3422 3453 3423
f 3424 3423 3454
f 3454 3423 3453
f 3452 3455 3453
f 3453 3455 3454
f 3452 3451 3455
f 3455 3451 3456
f 3450 3457 3451
f 3451 3457 3456
f 3431 3432 3450
f 3450 3432 3457
f 3454 3458 3424
f 3424 3458 3425
f 3427 3426 3459
f 3459 3426 3460
f 3428 3427 3461
f 3461 3427 3459
f 3428 3461 3429
f 3429 3461 3462
f 3462 3463 3429
f 3429 3463 3430
f 3464 3465 3462
f 3462 3465 3463
f 3455 3466 3454
f 3454 3466 3458
f 3465 3464 3466
f 3466 3464 3467
f 3461 3459 3468
f 3468 3459 3469
f 3468 3469 3464
f 3464 3469 3467
f 3464 3462 3468
f 3468 3462 3461
f 3459 3460 3469
f 3469 3460 3467
f 3295 3351 3298
f 3298 3351 3353
f 3353 3355 3298
f 3298 3355 3297
f 3297 3355 3301
f 3301 3355 3359
f 3301 3359 3308
f 3308 3359 3361
f 3308 3361 3311
f 3311 3361 3363
f 3311 3363 3316
f 3316 3363 3358
f 3316 3358 3317
f 3317 3358 3349
f 3349 3347 3317
f 3317 3347 3319
f 3347 3345 3319
f 3319 3345 3314
f 3345 3343 3314
f 3314 3343 3305
f 3343 3341 3305
f 3305 3341 3304
f 3304 3341 3292
f 3292 3341 3338
f 3292 3338 3293
f 3293 3338 3337
f 3293 3337 3295
f 3295 3337 3351
f 3437 3202 3436
f 3436 3202 3201
f 3436 3201 3332
f 3332 3201 3204
f 3433 3200 3434
f 3434 3200 3199
f 3211 3435 3199
f 3199 3435 3434
f 3333 3210 3433
f 3433 3210 3200
f 3380 3470 3371
f 3400 3371 3336
f 3336 3371 3470
f 3381 3328 3380
f 3380 3328 3470
f 3470 3328 3209
f 3209 3328 3208
f 3336 3470 3327
f 3327 3470 3209
f 1545 1763 1546
f 1546 1763 1762
f 1403 1546 773
f 773 1546 770
f 1221 3013 1220
f 1220 3013 3471
f 1305 2877 1306
f 1306 2877 2879
f 1220 3471 828
f 828 3471 829
f 1217 1754 3472
f 3472 1754 1756
f 1049 3473 1048
f 1048 3473 3474
f 1371 1179 3473
f 3473 1179 3474
f 1074 3475 1179
f 1179 3475 3474
f 3474 3475 1048
f 1048 3475 1056
f 919 666 1345
f 1345 666 665
f 856 680 919
f 919 680 666
f 679 680 1449
f 1449 680 858
f 1367 878 1500
f 1500 878 877
f 1366 908 1367
f 1367 908 878
f 1512 916 1513
f 1513 916 915
f 947 1368 948
f 948 1368 1369
f 1047 1021 1044
f 1044 1021 1020
f 1370 1049 1019
f 1019 1049 1020
f 1173 1030 1174
f 1174 1030 1033
f 3126 1188 1464
f 1464 1188 1187
f 1800 1451 1512
f 1512 1451 916
f 1175 1174 1186
f 1186 1174 1187
f 1030 1173 1047
f 1047 1173 1021
f 1513 915 3476
f 3476 915 1481
f 1345 665 3477
f 3477 665 1483
f 1502 1501 876
f 876 1501 877
f 1205 1451 1803
f 1803 1451 1802
f 3479 2832 3478
f 3478 2832 2831
f 1449 858 2927
f 2927 858 2922
f 908 1366 947
f 947 1366 1368
f 949 948 3126
f 3126 948 1188
f 3480 3135 1502
f 1502 3135 1501
f 2927 2922 3157
f 3157 2922 3152
f 3477 1483 3479
f 3479 1483 2832
f 1803 1802 3151
f 3151 1802 3152
f 663 658 664
f 664 658 657
f 655 658 939
f 939 658 706
f 1512 870 1800
f 1800 870 869
f 875 874 876
f 876 874 873
f 849 874 905
f 905 874 958
f 949 962 946
f 946 962 961
f 978 3126 979
f 979 3126 1464
f 1031 1168 1032
f 1032 1168 1022
f 1045 1013 1046
f 1046 1013 1012
f 1045 1044 1056
f 1056 1044 1048
f 1047 1046 1030
f 1030 1046 1031
f 939 706 940
f 940 706 1450
f 979 1464 1032
f 1032 1464 1033
f 3480 1478 3476
f 3476 1478 3134
f 2829 1487 2830
f 2830 1487 1486
f 848 1230 873
f 873 1230 1479
f 867 870 933
f 933 870 1514
f 1800 869 1801
f 1801 869 1799
f 2830 1486 1325
f 1325 1486 2833
f 940 1450 2925
f 2925 1450 2928
f 946 961 907
f 907 961 958
f 959 962 977
f 977 962 978
f 3476 3134 1513
f 1513 3134 1514
f 2925 2928 3155
f 3155 2928 3158
f 1325 2833 656
f 656 2833 657
f 1801 1799 3157
f 3157 1799 3158
f 1074 1055 3475
f 3475 1055 1056
f 1371 3473 1370
f 1370 3473 1049
f 2884 615 3481
f 3481 615 618
f 3478 2831 2846
f 2846 2831 617
f 2831 1484 617
f 617 1484 618
f 1484 1487 618
f 618 1487 3481
f 2848 3481 2829
f 2829 3481 1487
f 1480 1517 1161
f 1161 1517 1162
f 3129 1323 1455
f 1455 1323 1322
f 3129 3134 1323
f 1323 3134 1478
f 1535 3173 1515
f 1515 3173 1516
f 3085 3095 3137
f 3137 3095 3094
f 3137 3094 3138
f 3138 3094 3104
f 3117 3139 3105
f 3105 3139 3106
f 1138 1141 3127
f 3127 1141 3128
f 3081 3131 1264
f 1264 3131 3130
f 1227 1226 3132
f 3132 1226 3133
f 1264 3130 1229
f 1229 3130 1322
f 1160 1501 1161
f 1161 1501 3135
f 1141 1476 3128
f 3128 1476 3136
f 1226 1163 3133
f 3133 1163 1162
f 1363 1138 1515
f 1515 1138 3127
f 3084 3095 3081
f 3081 3095 3131
f 3089 884 3105
f 3105 884 3140
f 884 883 3140
f 3140 883 3141
f 883 3482 3141
f 3141 3482 3142
f 3476 1481 3480
f 3480 1481 3135
f 1502 1479 3480
f 3480 1479 1478
f 3168 463 440
f 714 1880 715
f 715 1880 2905
f 896 732 2970
f 2970 732 731
f 1263 834 3082
f 3082 834 833
f 898 1231 853
f 853 1231 854
f 3125 890 2931
f 2931 890 889
f 1237 893 2851
f 2851 893 892
f 898 853 899
f 899 853 963
f 988 987 989
f 989 987 986
f 1002 1007 1003
f 1003 1007 1006
f 1038 1036 1007
f 1007 1036 1004
f 1070 1052 1005
f 1005 1052 1006
f 1069 1067 1070
f 1070 1067 1052
f 1130 1129 1134
f 1134 1129 1135
f 879 1167 880
f 880 1167 1166
f 1171 1169 1037
f 1037 1169 1038
f 1085 1180 1069
f 1069 1180 1067
f 1209 1210 879
f 879 1210 1167
f 2885 1215 1754
f 1754 1215 1214
f 1263 855 834
f 834 855 854
f 708 1244 1826
f 1826 1244 1243
f 2909 894 1254
f 1254 894 893
f 1228 1361 964
f 964 1361 1360
f 2908 2907 1436
f 1436 2907 1437
f 2990 1440 2991
f 2991 1440 1439
f 964 1360 965
f 965 1360 1454
f 950 1457 951
f 951 1457 1456
f 970 1463 971
f 971 1463 1462
f 1025 1169 984
f 984 1169 986
f 1084 1097 1469
f 1469 1097 1470
f 1096 1115 1474
f 1474 1115 1475
f 1140 1361 1141
f 1141 1361 1476
f 1212 1495 2828
f 2828 1495 1494
f 880 1166 1452
f 1452 1166 1499
f 715 2905 1504
f 1504 2905 2906
f 954 1519 955
f 955 1519 1518
f 1026 1520 992
f 992 1520 1518
f 1029 1520 1043
f 1043 1520 1521
f 997 1522 1040
f 1040 1522 1521
f 1015 1522 1016
f 1016 1522 1523
f 1523 996 1524
f 1524 996 1062
f 1057 1060 1525
f 1525 1060 1524
f 1094 1528 1082
f 1082 1528 1527
f 1526 1528 1089
f 1089 1528 1529
f 1090 1531 1108
f 1108 1531 1530
f 1125 1533 1126
f 1126 1533 1532
f 3483 1755 727
f 727 1755 1214
f 735 1814 707
f 707 1814 1813
f 2891 1834 1246
f 1246 1834 1243
f 2904 1881 1847
f 1847 1881 1848
f 1852 1855 1853
f 1853 1855 1858
f 1902 2903 1877
f 1877 2903 1878
f 2903 2904 1878
f 1878 2904 1847
f 714 713 1848
f 1848 713 1849
f 1440 2990 1883
f 1883 2990 2989
f 1883 2989 1852
f 1852 2989 1855
f 2895 1888 2892
f 2892 1888 1887
f 774 777 1877
f 1877 777 1903
f 1251 2835 1252
f 1252 2835 2834
f 1213 2844 1212
f 1212 2844 1495
f 2851 892 1213
f 1213 892 2844
f 3123 2911 3124
f 3124 2911 2910
f 887 2929 888
f 888 2929 889
f 1435 2963 1436
f 1436 2963 2961
f 1253 1438 1254
f 1254 1438 1437
f 2970 731 735
f 735 731 1814
f 733 732 2885
f 2885 732 1215
f 2901 2902 2976
f 2976 2902 2977
f 2975 2982 2976
f 2976 2982 2979
f 2899 2900 2981
f 2981 2900 2979
f 2899 2981 2898
f 2898 2981 2983
f 2986 2985 2984
f 2984 2985 2983
f 2897 2985 2896
f 2896 2985 2988
f 2991 1439 2987
f 2987 1439 2988
f 777 2978 1903
f 1903 2978 2977
f 1885 1888 1858
f 1858 1888 1853
f 3090 3088 836
f 836 3088 833
f 3083 3088 3097
f 3097 3088 3096
f 3097 3096 3104
f 3104 3096 3106
f 3111 3116 3108
f 3108 3116 3109
f 3112 3111 3114
f 3114 3111 3108
f 3113 3122 3114
f 3114 3122 3115
f 891 890 2837
f 2837 890 2834
f 951 1456 954
f 954 1456 1519
f 967 1457 936
f 936 1457 1454
f 971 1462 902
f 902 1462 963
f 1461 1463 988
f 988 1463 987
f 1466 1468 1474
f 1474 1468 1470
f 1089 1529 1090
f 1090 1529 1531
f 1184 1181 1469
f 1469 1181 1180
f 1082 1527 1061
f 1061 1527 1525
f 1129 1473 1135
f 1135 1473 1475
f 1108 1530 1105
f 1105 1530 1532
f 1452 1499 3132
f 3132 1499 3136
f 3109 3116 3139
f 3139 3116 3138
f 2912 2911 887
f 887 2911 2929
f 2836 2835 1497
f 1497 2835 1494
f 2913 3102 2910
f 2910 3102 3115
f 1133 3187 1134
f 1134 3187 3185
f 3177 3176 3197
f 3197 3176 3198
f 3203 3183 3206
f 3206 3183 3207
f 3196 3202 3197
f 3197 3202 3211
f 3183 3182 3207
f 3207 3182 3185
f 1125 3180 1533
f 1533 3180 3198
f 3331 3203 3330
f 3330 3203 3206
f 3376 3379 3385
f 3385 3379 3386
f 3382 3376 3392
f 3392 3376 3385
f 3412 3415 3413
f 3413 3415 3414
f 3417 3396 3415
f 3415 3396 3395
f 3383 3386 3426
f 3426 3386 3425
f 3413 3414 3432
f 3432 3414 3430
f 3437 3396 3435
f 3435 3396 3417
f 3329 3382 3330
f 3330 3382 3392
f 3426 3425 3460
f 3460 3425 3458
f 3432 3430 3457
f 3457 3430 3463
f 3457 3463 3456
f 3456 3463 3465
f 3460 3458 3467
f 3467 3458 3466
f 3466 3455 3465
f 3465 3455 3456
f 3202 3437 3211
f 3211 3437 3435
f 3104 3106 3138
f 3138 3106 3139
f 3132 3136 1227
f 1227 3136 1476
f 943 687 600
f 600 687 601
f 596 625 667
f 667 625 1297
f 687 686 601
f 601 686 653
f 1319 784 711
f 711 784 712
f 1811 607 783
f 783 607 712
f 862 921 917
f 917 921 920
f 3478 925 3479
f 3479 925 924
f 2846 926 3478
f 3478 926 925
f 659 662 929
f 929 662 930
f 856 921 857
f 857 921 1204
f 1206 864 1207
f 1207 864 863
f 2876 1219 2877
f 2877 1219 1218
f 667 1297 593
f 593 1297 1296
f 917 920 1333
f 1333 920 1346
f 686 693 653
f 653 693 930
f 1277 913 1498
f 1498 913 1207
f 592 1536 610
f 610 1536 711
f 864 1206 1805
f 1805 1206 1804
f 1317 1536 1900
f 1900 1536 1809
f 1900 1809 1295
f 1295 1809 1296
f 3479 924 3477
f 3477 924 2824
f 927 926 1203
f 1203 926 2847
f 3484 2859 3032
f 3032 2859 3033
f 3472 2878 1217
f 1217 2878 1218
f 2889 2888 2880
f 2880 2888 2881
f 2886 2883 2887
f 2887 2883 2882
f 929 928 2847
f 2847 928 1203
f 857 1204 2921
f 2921 1204 2926
f 1820 1819 2882
f 2882 1819 2881
f 1821 2883 2876
f 2876 2883 1219
f 782 2889 783
f 783 2889 2880
f 1352 3034 1353
f 1353 3034 3033
f 3031 3034 3041
f 3041 3034 3043
f 944 943 3043
f 3043 943 600
f 1339 3145 1498
f 1498 3145 3143
f 1208 882 3148
f 3148 882 3143
f 2921 2926 3151
f 3151 2926 3156
f 3477 2824 1345
f 1345 2824 1346
f 1805 1804 3154
f 3154 1804 3156
f 886 3103 883
f 883 3103 3482
f 841 1248 3485
f 3485 1248 3121
f 2811 2819 2812
f 2812 2819 2816
f 2818 2815 2817
f 2817 2815 2806
f 2817 2816 2818
f 2818 2816 2819
f 2793 2795 2819
f 2819 2795 2818
f 243 352 2793
f 2793 352 2795
f 242 353 243
f 243 353 352
f 359 191 242
f 242 191 353
f 247 192 359
f 359 192 191
f 157 193 247
f 247 193 192
f 156 194 157
f 157 194 193
f 378 261 156
f 156 261 194
f 378 381 261
f 261 381 195
f 195 381 196
f 196 381 376
f 196 376 198
f 198 376 375
f 375 1776 198
f 198 1776 197
f 1776 1767 197
f 197 1767 274
f 181 274 199
f 199 274 1767
f 568 566 564
f 564 566 563
f 568 569 566
f 566 569 567
f 501 1773 1771
f 1771 1773 578
f 547 579 1773
f 1773 579 578
f 3486 470 474
f 474 470 469
f 450 582 3487
f 3487 582 3488
f 582 583 3488
f 3488 583 3489
f 583 584 3489
f 3489 584 3490
f 3490 584 3491
f 3491 584 543
f 470 3486 466
f 466 3486 467
f 3489 3490 503
f 503 3490 504
f 503 3492 3489
f 3489 3492 3488
f 3492 503 3493
f 3493 503 502
f 3495 3492 3494
f 3494 3492 3493
f 3487 3488 3495
f 3495 3488 3492
f 468 1774 465
f 465 1774 570
f 3494 3493 1775
f 1775 3493 1771
f 3490 3491 504
f 504 3491 1772
f 3491 543 1772
f 1772 543 548
f 450 3487 474
f 474 3487 3486
f 3495 467 3487
f 3487 467 3486
f 3494 468 3495
f 3495 468 467
f 468 3494 1774
f 1774 3494 1775
f 501 1771 502
f 502 1771 3493
f 527 366 384
f 384 366 365
f 522 524 527
f 527 524 366
f 521 534 522
f 522 534 524
f 530 535 521
f 521 535 534
f 508 486 513
f 513 486 532
f 513 532 541
f 541 532 535
f 667 668 596
f 596 668 597
f 1294 1297 624
f 624 1297 625
f 603 641 604
f 604 641 640
f 1290 1293 650
f 650 1293 651
f 1758 691 660
f 660 691 661
f 602 671 599
f 599 671 670
f 654 662 690
f 690 662 661
f 2856 598 695
f 695 598 597
f 602 654 671
f 671 654 690
f 604 640 676
f 676 640 704
f 1826 1829 708
f 708 1829 709
f 1288 1284 740
f 740 1284 741
f 755 754 758
f 758 754 759
f 2853 2856 932
f 932 2856 695
f 689 691 1192
f 1192 691 1193
f 784 1319 1240
f 1240 1319 1241
f 1813 1816 1244
f 1244 1816 1245
f 754 1288 759
f 759 1288 740
f 1894 1242 1318
f 1318 1242 1241
f 2867 1348 1418
f 1418 1348 1347
f 676 704 673
f 673 704 1347
f 1284 1287 741
f 741 1287 1419
f 1421 1426 1422
f 1422 1426 1425
f 1758 660 615
f 615 660 616
f 1192 1191 1421
f 1421 1191 1426
f 2962 1839 1504
f 1504 1839 1505
f 941 1194 1759
f 1759 1194 1193
f 1287 1537 1419
f 1419 1537 1760
f 1882 2893 1823
f 1823 2893 1824
f 1886 1891 1827
f 1827 1891 1828
f 1887 1886 1834
f 1834 1886 1827
f 1841 716 1838
f 1838 716 1505
f 782 784 1850
f 1850 784 1240
f 1239 1242 1863
f 1863 1242 1864
f 1242 1894 1864
f 1864 1894 1873
f 1822 1239 1823
f 1823 1239 1863
f 1318 1317 1895
f 1895 1317 1900
f 1894 1896 1873
f 1873 1896 1897
f 1291 1896 1292
f 1292 1896 1895
f 605 1898 606
f 606 1898 1897
f 1258 1257 2854
f 2854 1257 2855
f 1257 1351 2855
f 2855 1351 2857
f 1351 1353 2857
f 2857 1353 2858
f 1353 3033 2858
f 2858 3033 2859
f 2860 2861 3036
f 3036 2861 3037
f 2862 2863 2870
f 2870 2863 3039
f 2870 2869 2862
f 2862 2869 2864
f 2868 2865 2869
f 2869 2865 2864
f 1764 2866 2868
f 2868 2866 2865
f 1537 1199 1760
f 1760 1199 1348
f 615 2884 1758
f 1758 2884 1759
f 1825 1246 2890
f 2890 1246 1245
f 2893 2892 1824
f 1824 2892 2891
f 761 2960 758
f 758 2960 2906
f 3000 2943 2940
f 2940 2943 2941
f 2968 710 2950
f 2950 710 709
f 1764 1423 2866
f 2866 1423 2953
f 1423 645 2953
f 2953 645 2954
f 645 644 2954
f 2954 644 2955
f 644 738 2955
f 2955 738 2956
f 738 764 2956
f 2956 764 2957
f 764 763 2957
f 2957 763 2958
f 763 2908 2958
f 2958 2908 2959
f 2908 1436 2959
f 2959 1436 2961
f 1837 2964 1435
f 1435 2964 2963
f 1837 2937 2964
f 2964 2937 2965
f 2936 2968 2966
f 2966 2968 2950
f 1840 2942 1838
f 1838 2942 2941
f 2939 2949 2940
f 2940 2949 3006
f 2939 2942 2966
f 2966 2942 2965
f 1822 1825 1850
f 1850 1825 2890
f 1891 3005 1828
f 1828 3005 3006
f 3035 3038 3045
f 3045 3038 3042
f 3045 3044 3035
f 3035 3044 3040
f 669 1422 3045
f 3045 1422 3044
f 599 670 3041
f 3041 670 3042
f 931 3067 932
f 932 3067 3065
f 2853 3066 2854
f 2854 3066 3076
f 3067 3496 3065
f 3065 3496 3497
f 3066 3498 3076
f 3076 3498 3499
f 707 1813 708
f 708 1813 1244
f 2960 2962 2906
f 2906 2962 1504
f 2892 1887 2891
f 2891 1887 1834
f 1839 2962 2963
f 2963 2962 2961
f 595 626 596
f 596 626 625
f 623 626 3484
f 3484 626 2859
f 1291 1290 606
f 606 1290 603
f 1290 650 603
f 603 650 641
f 641 650 642
f 642 650 649
f 2860 2863 649
f 649 2863 642
f 3036 3039 2860
f 2860 3039 2863
f 3035 3040 3036
f 3036 3040 3039
f 1294 1293 1295
f 1295 1293 1292
f 624 651 1294
f 1294 651 1293
f 623 652 624
f 624 652 651
f 3484 2861 623
f 623 2861 652
f 3032 3037 3484
f 3484 3037 2861
f 3031 3038 3032
f 3032 3038 3037
f 3481 2848 2884
f 2884 2848 942
f 2846 617 1427
f 1427 617 616
f 3049 3167 3048
f 3048 3167 3500
f 1906 3048 3070
f 3070 3048 3500
f 1337 1768 3501
f 3501 1768 3502
f 3020 3503 3021
f 3021 3503 3024
f 2914 3023 3020
f 3020 3023 3503
f 859 1770 860
f 860 1770 3504
f 1336 3505 1768
f 1768 3505 3502
f 3065 3497 3066
f 3066 3497 3498
f 2814 3075 3067
f 3067 3075 3496
f 2839 3174 766
f 766 3174 3017
f 1337 3501 1338
f 1338 3501 1769
f 767 3018 3026
f 3026 3018 3506
f 3076 3499 3064
f 3064 3499 3507
f 727 730 3483
f 3483 730 3030
f 3064 3507 2871
f 2871 3507 3077
f 3100 3160 1786
f 1786 3160 1784
f 3026 3506 752
f 752 3506 3015
f 860 3504 2923
f 2923 3504 3508
f 753 3016 3027
f 3027 3016 3509
f 3027 3509 3008
f 3008 3509 3028
f 1782 1785 1783
f 1783 1785 3022
f 2923 3508 3153
f 3153 3508 3161
f 3148 3149 1208
f 1208 3149 3150
f 1335 1328 3510
f 3510 1328 1327
f 1336 1335 3505
f 3505 1335 3510
f 866 3511 1340
f 1340 3511 3146
f 865 1808 866
f 866 1808 3511
f 842 841 3159
f 3159 841 3485
f 2849 3512 1329
f 1329 3512 1326
f 1202 1331 2849
f 2849 1331 3512
f 3514 3515 3513
f 3513 3515 3516
f 3518 3516 3517
f 3517 3516 3515
f 3519 3520 3514
f 3514 3520 3515
f 3522 3523 3521
f 3521 3523 3524
f 3526 3527 3525
f 3525 3527 3528
f 3530 3531 3529
f 3529 3531 3532
f 3534 3535 3533
f 3533 3535 3536
f 3529 3532 3537
f 3537 3532 3538
f 3537 3539 3529
f 3529 3539 3540
f 3542 3543 3541
f 3541 3543 3544
f 3546 3547 3545
f 3545 3547 3548
f 3550 3534 3549
f 3549 3534 3533
f 3550 3543 3551
f 3551 3543 3552
f 3537 3545 3539
f 3539 3545 3548
f 3553 3554 3556
f 3556 3554 3555
f 3537 3557 3545
f 3545 3557 3546
f 3558 3559 3561
f 3561 3559 3560
f 3563 3564 3562
f 3562 3564 3565
f 3564 3563 3566
f 3566 3563 3567
f 3569 3570 3568
f 3568 3570 3571
f 3573 3574 3572
f 3572 3574 3575
f 3577 3578 3576
f 3576 3578 3579
f 3581 3582 3580
f 3580 3582 3583
f 3585 3586 3584
f 3584 3586 3579
f 3586 3587 3579
f 3579 3587 3576
f 3589 3590 3588
f 3588 3590 3591
f 3592 3593 3595
f 3595 3593 3594
f 3597 3598 3596
f 3596 3598 3595
f 3583 3600 3599
f 3599 3600 3601
f 3603 3599 3602
f 3602 3599 3601
f 3605 3606 3604
f 3604 3606 3607
f 3608 3555 3596
f 3596 3555 3554
f 3597 3610 3609
f 3609 3610 3565
f 3564 3611 3565
f 3565 3611 3609
f 3611 3564 3612
f 3612 3564 3566
f 3613 3614 3569
f 3569 3614 3570
f 3615 3616 3573
f 3573 3616 3574
f 3517 3617 3518
f 3518 3617 3618
f 3620 3621 3619
f 3619 3621 3622
f 3624 3625 3623
f 3623 3625 3626
f 3628 3629 3627
f 3627 3629 3630
f 3632 3633 3631
f 3631 3633 3634
f 3636 3637 3635
f 3635 3637 3638
f 3640 3641 3639
f 3639 3641 3642
f 3643 3644 3639
f 3639 3644 3640
f 3646 3513 3645
f 3645 3513 3647
f 3648 3514 3646
f 3646 3514 3513
f 3649 3519 3648
f 3648 3519 3514
f 3650 3651 3527
f 3527 3651 3652
f 3654 3651 3653
f 3653 3651 3650
f 3568 3571 3655
f 3655 3571 3656
f 3657 3658 3653
f 3653 3658 3659
f 3661 3662 3660
f 3660 3662 3658
f 3664 3665 3663
f 3663 3665 3666
f 3667 3657 3650
f 3650 3657 3653
f 3669 3523 3668
f 3668 3523 3670
f 3672 3673 3671
f 3671 3673 3674
f 3676 3677 3675
f 3675 3677 3678
f 3671 3674 3676
f 3676 3674 3677
f 3680 3681 3679
f 3679 3681 3682
f 3683 3684 3680
f 3680 3684 3681
f 3685 3686 3661
f 3661 3686 3662
f 3686 3687 3662
f 3662 3687 3688
f 3684 3683 3689
f 3689 3683 3690
f 3692 3693 3691
f 3691 3693 3694
f 3691 3694 3695
f 3695 3694 3696
f 3698 3699 3697
f 3697 3699 3700
f 3702 3703 3701
f 3701 3703 3704
f 3705 3706 3519
f 3519 3706 3520
f 3673 3672 3707
f 3707 3672 3708
f 3709 3710 3682
f 3682 3710 3679
f 3711 3712 3692
f 3692 3712 3693
f 3714 3715 3713
f 3713 3715 3716
f 3718 3700 3717
f 3717 3700 3699
f 3720 3721 3719
f 3719 3721 3722
f 3724 3725 3723
f 3723 3725 3726
f 3727 3728 3730
f 3730 3728 3729
f 3722 3721 3731
f 3731 3721 3732
f 3697 3700 3733
f 3733 3700 3714
f 3733 3714 3734
f 3734 3714 3713
f 3721 3723 3732
f 3732 3723 3735
f 3720 3736 3724
f 3724 3736 3737
f 3700 3718 3714
f 3714 3718 3715
f 3717 3699 3738
f 3738 3699 3739
f 3536 3740 3533
f 3533 3740 3540
f 3742 3743 3741
f 3741 3743 3744
f 3746 3747 3745
f 3745 3747 3748
f 3750 3751 3749
f 3749 3751 3752
f 3627 3632 3628
f 3628 3632 3631
f 3754 3755 3753
f 3753 3755 3626
f 3562 3565 3756
f 3756 3565 3610
f 3527 3652 3528
f 3528 3652 3757
f 3758 3524 3669
f 3669 3524 3523
f 3582 3598 3583
f 3583 3598 3600
f 3759 3670 3522
f 3522 3670 3523
f 3675 3678 3760
f 3760 3678 3761
f 3762 3763 3690
f 3690 3763 3689
f 3765 3766 3764
f 3764 3766 3767
f 3768 3739 3698
f 3698 3739 3699
f 3726 3725 3770
f 3770 3725 3769
f 3645 3647 3771
f 3771 3647 3772
f 3645 3678 3646
f 3646 3678 3677
f 3646 3677 3648
f 3648 3677 3674
f 3673 3649 3674
f 3674 3649 3648
f 3707 3773 3673
f 3673 3773 3649
f 3775 3776 3774
f 3774 3776 3777
f 3779 3526 3778
f 3778 3526 3525
f 3526 3779 3667
f 3667 3779 3780
f 3780 3781 3667
f 3667 3781 3657
f 3672 3679 3708
f 3708 3679 3710
f 3671 3680 3672
f 3672 3680 3679
f 3676 3683 3671
f 3671 3683 3680
f 3675 3690 3676
f 3676 3690 3683
f 3760 3762 3675
f 3675 3762 3690
f 3682 3681 3783
f 3783 3681 3782
f 3689 3784 3684
f 3684 3784 3785
f 3684 3785 3681
f 3681 3785 3782
f 3786 3709 3783
f 3783 3709 3682
f 3784 3689 3787
f 3787 3689 3763
f 3789 3557 3788
f 3788 3557 3790
f 3792 3793 3791
f 3791 3793 3794
f 3616 3615 3795
f 3795 3615 3796
f 3797 3798 3727
f 3727 3798 3728
f 3800 3801 3799
f 3799 3801 3802
f 3803 3578 3592
f 3592 3578 3593
f 3805 3806 3804
f 3804 3806 3807
f 3599 3603 3585
f 3585 3603 3586
f 3587 3586 3604
f 3604 3586 3603
f 3588 3591 3794
f 3794 3591 3791
f 3581 3803 3582
f 3582 3803 3592
f 3594 3561 3608
f 3608 3561 3790
f 3662 3688 3808
f 3808 3688 3809
f 3665 3664 3810
f 3810 3664 3811
f 3719 3812 3720
f 3720 3812 3736
f 3717 3813 3718
f 3718 3813 3737
f 3723 3721 3724
f 3724 3721 3720
f 3813 3717 3814
f 3814 3717 3738
f 3815 3816 303
f 303 3816 304
f 3818 3819 3817
f 3817 3819 3820
f 3578 3803 3579
f 3579 3803 3584
f 3558 3593 3577
f 3577 3593 3578
f 3822 3823 3821
f 3821 3823 3824
f 3546 3826 3825
f 3825 3826 3827
f 3828 3829 3547
f 3547 3829 3541
f 3831 3542 3830
f 3830 3542 3832
f 3834 3822 3833
f 3833 3822 3821
f 3835 3836 3827
f 3827 3836 3825
f 3800 3799 3828
f 3828 3799 3829
f 3830 3832 3837
f 3837 3832 3838
f 331 330 3551
f 3551 330 3839
f 3831 333 3552
f 3552 333 332
f 3819 3797 3841
f 3841 3797 3840
f 3513 3516 3647
f 3647 3516 3746
f 337 336 3745
f 3745 336 3772
f 3525 3528 3775
f 3775 3528 3749
f 3610 3597 3554
f 3554 3597 3596
f 3706 3702 3520
f 3520 3702 3701
f 3756 3610 3553
f 3553 3610 3554
f 3757 3750 3528
f 3528 3750 3749
f 3517 3515 3701
f 3701 3515 3520
f 3842 3584 3581
f 3581 3584 3803
f 3525 3775 3778
f 3778 3775 3774
f 3638 3843 3635
f 3635 3843 3618
f 3617 3621 3618
f 3618 3621 3635
f 3617 3517 3704
f 3704 3517 3701
f 3521 3624 3522
f 3522 3624 3623
f 3749 3844 3775
f 3775 3844 3776
f 3846 3847 3845
f 3845 3847 3848
f 3843 3747 3618
f 3618 3747 3518
f 3850 3851 3849
f 3849 3851 3748
f 3853 3854 3852
f 3852 3854 3855
f 3856 3857 3622
f 3622 3857 3619
f 3859 3860 3858
f 3858 3860 3861
f 3862 3844 3752
f 3752 3844 3749
f 3863 3759 3623
f 3623 3759 3522
f 3864 3777 3630
f 3630 3777 3776
f 3713 3865 3734
f 3734 3865 3866
f 3868 3869 3867
f 3867 3869 3870
f 3872 3873 3871
f 3871 3873 3874
f 3876 3877 3875
f 3875 3877 3878
f 3879 3880 3878
f 3878 3880 3881
f 3882 3883 3885
f 3885 3883 3884
f 3780 3886 3781
f 3781 3886 3887
f 3888 3685 3869
f 3869 3685 3661
f 3880 3879 3883
f 3883 3879 3884
f 3693 3783 3694
f 3694 3783 3782
f 3696 3785 3764
f 3764 3785 3784
f 3694 3782 3696
f 3696 3782 3785
f 3693 3786 3783
f 3787 3765 3784
f 3784 3765 3764
f 386 385 3765
f 3765 385 3766
f 3695 3889 3691
f 3691 3889 3890
f 3691 3890 3692
f 3692 3890 3891
f 3892 3711 3891
f 3891 3711 3692
f 3767 3893 3695
f 3695 3893 3889
f 3766 3894 3767
f 3767 3894 3893
f 3882 3885 3895
f 3895 3885 3896
f 3898 3698 3897
f 3897 3698 3697
f 3897 3697 3899
f 3899 3697 3733
f 3899 3733 3900
f 3900 3733 3734
f 3901 3768 3898
f 3898 3768 3698
f 3901 3902 3768
f 3768 3902 3903
f 3904 3905 3907
f 3907 3905 3906
f 3869 3661 3870
f 3870 3661 3660
f 3908 3909 3896
f 3896 3909 3895
f 3909 3758 3895
f 3895 3758 3669
f 3751 3531 3752
f 3752 3531 3848
f 3858 3536 3854
f 3854 3536 3535
f 3652 3562 3757
f 3757 3562 3756
f 3651 3654 3563
f 3563 3654 3567
f 3655 3656 3808
f 3808 3656 3659
f 3530 3740 3845
f 3845 3740 3861
f 3751 3750 3556
f 3556 3750 3553
f 3817 3820 3796
f 3796 3820 3795
f 410 409 3910
f 3910 409 3855
f 3750 3757 3553
f 3553 3757 3756
f 3908 3886 3909
f 3909 3886 3780
f 409 411 3855
f 3855 411 3851
f 413 412 3760
f 3760 412 3762
f 415 414 3763
f 3763 414 3787
f 3790 3557 3538
f 3538 3557 3537
f 3555 3608 3538
f 3538 3608 3790
f 3574 3911 3575
f 3575 3911 3912
f 3535 3534 3910
f 3910 3534 3839
f 3831 3552 3542
f 3542 3552 3543
f 3534 3550 3839
f 3839 3550 3551
f 3543 3550 3544
f 3544 3550 3549
f 3913 3914 3916
f 3916 3914 3915
f 3806 3805 3589
f 3589 3805 3590
f 3849 3843 3917
f 3917 3843 3638
f 3853 3644 3859
f 3859 3644 3742
f 3747 3746 3518
f 3518 3746 3516
f 3695 3696 3767
f 3767 3696 3764
f 3903 3918 3768
f 3768 3918 3739
f 3738 3739 3816
f 3816 3739 3918
f 3919 3920 3769
f 3769 3920 3770
f 3921 3726 3922
f 3922 3726 3770
f 3678 3645 3761
f 3761 3645 3771
f 3924 3913 3923
f 3923 3913 3916
f 3802 3925 3838
f 3838 3925 3837
f 3577 3926 3558
f 3558 3926 3559
f 3815 3919 3814
f 3814 3919 3769
f 3927 3928 3822
f 3822 3928 3823
f 3829 3832 3541
f 3541 3832 3542
f 3834 3927 3822
f 3832 3829 3838
f 3838 3829 3799
f 3745 3772 3746
f 3746 3772 3647
f 3849 3748 3843
f 3843 3748 3747
f 3854 3853 3858
f 3858 3853 3859
f 3854 3535 3855
f 3855 3535 3910
f 3557 3789 3546
f 3546 3789 3826
f 3923 3823 3924
f 3924 3823 3928
f 3823 3923 3929
f 3929 3923 3930
f 3531 3751 3532
f 3532 3751 3556
f 3532 3556 3538
f 3538 3556 3555
f 3932 3634 3931
f 3931 3634 3633
f 3814 3769 3813
f 3813 3769 3725
f 3620 3636 3621
f 3621 3636 3635
f 3847 3862 3848
f 3848 3862 3752
f 3531 3530 3848
f 3848 3530 3845
f 3933 3934 3830
f 3830 3934 3831
f 3925 3933 3837
f 3837 3933 3830
f 3934 440 3831
f 3831 440 333
f 3925 3802 3833
f 3833 3802 3801
f 3776 3844 3630
f 3630 3844 3627
f 3808 3659 3662
f 3662 3659 3658
f 3667 3650 3526
f 3526 3650 3527
f 3935 3666 3936
f 3936 3666 3665
f 3718 3737 3715
f 3715 3737 3736
f 3663 3809 3664
f 3664 3809 3688
f 3807 3806 3938
f 3938 3806 3937
f 445 413 3761
f 3761 413 3760
f 3902 447 3903
f 3903 447 446
f 3897 3890 3898
f 3898 3890 3889
f 3899 3891 3897
f 3897 3891 3890
f 3898 3889 3901
f 3901 3889 3893
f 3893 3894 3901
f 3901 3894 3902
f 414 386 3787
f 3787 386 3765
f 3940 3941 3939
f 3939 3941 3942
f 3840 3797 3943
f 3943 3797 3727
f 3665 3810 3936
f 3936 3810 3944
f 3921 3735 3726
f 3726 3735 3723
f 3920 3945 3770
f 3770 3945 3922
f 3521 3524 3774
f 3774 3524 3778
f 3864 3946 3625
f 3625 3946 3947
f 3773 3705 3649
f 3649 3705 3519
f 3779 3778 3758
f 3758 3778 3524
f 3812 3716 3736
f 3736 3716 3715
f 3624 3521 3777
f 3777 3521 3774
f 3703 3856 3704
f 3704 3856 3622
f 3900 3892 3899
f 3899 3892 3891
f 3641 3917 3642
f 3642 3917 3948
f 3895 3669 3882
f 3882 3669 3668
f 3855 3851 3852
f 3852 3851 3850
f 3894 458 3902
f 3902 458 447
f 3781 3887 3660
f 3660 3887 3870
f 3570 3566 3571
f 3571 3566 3567
f 3950 3576 3949
f 3949 3576 3587
f 3605 3602 3614
f 3614 3602 3612
f 3614 3612 3570
f 3570 3612 3566
f 3571 3567 3656
f 3656 3567 3654
f 3660 3658 3781
f 3781 3658 3657
f 3604 3607 3587
f 3587 3607 3949
f 3653 3659 3654
f 3654 3659 3656
f 3529 3540 3530
f 3530 3540 3740
f 3687 3811 3688
f 3688 3811 3664
f 3813 3725 3737
f 3737 3725 3724
f 3919 3815 461
f 461 3815 303
f 3818 3798 3819
f 3819 3798 3797
f 3819 3841 3820
f 3820 3841 3951
f 3816 3815 3738
f 3738 3815 3814
f 3540 3539 3533
f 3533 3539 3549
f 3548 3547 3544
f 3544 3547 3541
f 3539 3548 3549
f 3549 3548 3544
f 3741 3931 3860
f 3860 3931 3846
f 3801 3800 3835
f 3835 3800 3836
f 3934 3933 3824
f 3824 3933 3821
f 3825 3828 3546
f 3546 3828 3547
f 3833 3821 3925
f 3925 3821 3933
f 3800 3828 3836
f 3836 3828 3825
f 3824 3952 3934
f 3934 3952 440
f 3860 3846 3861
f 3861 3846 3845
f 3629 3946 3630
f 3630 3946 3864
f 3740 3536 3861
f 3861 3536 3858
f 3833 3801 3834
f 3834 3801 3835
f 3583 3599 3580
f 3580 3599 3585
f 3651 3563 3652
f 3652 3563 3562
f 3758 3909 3779
f 3779 3909 3780
f 3621 3617 3622
f 3622 3617 3704
f 3625 3947 3626
f 3626 3947 3753
f 3633 3632 3847
f 3847 3632 3862
f 3852 3850 3640
f 3640 3850 3641
f 3644 3853 3640
f 3640 3853 3852
f 3859 3742 3860
f 3860 3742 3741
f 3632 3627 3862
f 3862 3627 3844
f 3755 3863 3626
f 3626 3863 3623
f 3917 3638 3948
f 3948 3638 3637
f 3644 3643 3742
f 3742 3643 3743
f 3931 3633 3846
f 3846 3633 3847
f 3625 3624 3864
f 3864 3624 3777
f 3917 3641 3849
f 3849 3641 3850
f 3744 3932 3741
f 3741 3932 3931
f 3903 446 3918
f 3918 446 464
f 3953 3954 3956
f 3956 3954 3955
f 3958 3959 3957
f 3957 3959 3960
f 3876 3958 3877
f 3877 3958 3957
f 3877 3957 3961
f 3961 3957 3962
f 3963 3964 3958
f 3958 3964 3959
f 3965 3966 3876
f 3876 3966 3958
f 3966 3963 3958
f 3966 3967 3963
f 3963 3967 3968
f 3878 3877 3879
f 3879 3877 3961
f 3967 3969 3968
f 3968 3969 3970
f 3969 3971 3970
f 3970 3971 3972
f 3974 3904 3973
f 3973 3904 3907
f 3971 3975 3972
f 3972 3975 3976
f 3976 3975 3978
f 3978 3975 3977
f 3979 3980 3977
f 3977 3980 3978
f 3981 3982 3979
f 3979 3982 3980
f 3983 3984 3981
f 3981 3984 3982
f 3972 3985 3970
f 3970 3985 3986
f 3871 3987 3969
f 3969 3987 3971
f 3872 3871 3967
f 3967 3871 3969
f 3965 3872 3966
f 3966 3872 3967
f 3970 3986 3968
f 3968 3986 3988
f 3879 3961 3884
f 3884 3961 3940
f 3884 3940 3885
f 3885 3940 3939
f 3989 3990 3992
f 3992 3990 3991
f 3942 3993 3995
f 3995 3993 3994
f 3994 3996 3995
f 3995 3996 3974
f 3997 3998 3994
f 3994 3998 3996
f 3999 3997 3993
f 3993 3997 3994
f 4001 3996 4000
f 4000 3996 3998
f 4000 3998 4002
f 4002 3998 4003
f 4004 4003 3997
f 3997 4003 3998
f 3997 3999 4004
f 4004 3999 4005
f 4006 3995 3973
f 3973 3995 3974
f 3939 3942 4006
f 4006 3942 3995
f 3906 3887 3907
f 3907 3887 3886
f 3887 3906 3870
f 3870 3906 3867
f 3908 3973 3886
f 3886 3973 3907
f 3865 4007 3866
f 3866 4007 4008
f 3984 3983 4009
f 4009 3983 4010
f 3961 3962 3940
f 3940 3962 3941
f 4012 3868 4011
f 4011 3868 3867
f 4013 3975 3987
f 3987 3975 3971
f 4014 3977 4013
f 4013 3977 3975
f 4015 4010 4007
f 4007 4010 3983
f 4007 3983 4008
f 4008 3983 3981
f 4008 3981 4016
f 4016 3981 3979
f 4017 3984 4018
f 4018 3984 4009
f 3977 4014 3979
f 3979 4014 4016
f 3982 3984 4019
f 4019 3984 4017
f 4021 4022 4020
f 4020 4022 4023
f 4022 4012 4023
f 4023 4012 4011
f 4023 3904 4020
f 4020 3904 3974
f 4024 4025 4018
f 4018 4025 4017
f 4026 4027 4024
f 4024 4027 4025
f 4028 4026 4029
f 4029 4026 4024
f 4018 4021 4024
f 4024 4021 4029
f 4030 4031 4026
f 4026 4031 4027
f 4032 4030 4028
f 4028 4030 4026
f 4029 4001 4028
f 4028 4001 4000
f 4028 4000 4032
f 4032 4000 4002
f 4034 4035 4033
f 4033 4035 4036
f 4037 4038 4019
f 4019 4038 4039
f 4041 4039 4040
f 4040 4039 4038
f 4040 4038 4042
f 4042 4038 4036
f 4042 4036 4043
f 4043 4036 4035
f 3985 4044 4046
f 4046 4044 4045
f 4047 4048 4045
f 4045 4048 4046
f 4047 4049 4048
f 4048 4049 4050
f 4042 4047 4040
f 4040 4047 4045
f 4043 4049 4042
f 4042 4049 4047
f 4040 4045 4041
f 4041 4045 4044
f 4052 3959 4051
f 4051 3959 3964
f 4053 4054 4051
f 4051 4054 4055
f 3956 3960 4052
f 4052 3960 3959
f 3953 3956 4056
f 4056 3956 4052
f 4058 3953 4057
f 4057 3953 4056
f 4060 4061 4059
f 4059 4061 4062
f 4063 4064 4054
f 4054 4064 4057
f 4054 4053 4063
f 4063 4053 4065
f 4066 4067 4069
f 4069 4067 4068
f 4048 4050 4063
f 4063 4050 4064
f 4063 4065 4048
f 4048 4065 4046
f 3985 4046 3986
f 3986 4046 4065
f 3986 4065 3988
f 3988 4065 4053
f 3988 4053 3964
f 3964 4053 4051
f 3976 3978 4044
f 4044 3978 4041
f 3980 3982 4039
f 4039 3982 4019
f 4039 4041 3980
f 3980 4041 3978
f 3973 3908 4006
f 4006 3908 3896
f 3885 3939 3896
f 3896 3939 4006
f 4031 4034 4027
f 4027 4034 4033
f 4027 4033 4025
f 4025 4033 4037
f 4019 4017 4037
f 4037 4017 4025
f 3993 3942 4070
f 4070 3942 3941
f 3999 3993 4071
f 4071 3993 4070
f 3999 4071 4005
f 4005 4071 4072
f 4073 4074 4076
f 4076 4074 4075
f 4078 4079 4077
f 4077 4079 4080
f 4082 4080 4081
f 4081 4080 4079
f 4084 4085 4083
f 4083 4085 4086
f 4087 4088 4090
f 4090 4088 4089
f 4092 4093 4091
f 4091 4093 4094
f 4096 4097 4095
f 4095 4097 4098
f 4100 4101 4099
f 4099 4101 4102
f 4103 4104 4106
f 4106 4104 4105
f 4108 4109 4107
f 4107 4109 4110
f 4112 4113 4111
f 4111 4113 4114
f 4116 4117 4115
f 4115 4117 4118
f 4120 4121 4119
f 4119 4121 4122
f 4123 4124 4126
f 4126 4124 4125
f 4127 4128 4130
f 4130 4128 4129
f 4132 4133 4131
f 4131 4133 4134
f 4136 4108 4135
f 4135 4108 4107
f 4138 4139 4137
f 4137 4139 4140
f 4141 4142 4088
f 4088 4142 4089
f 4144 4145 4143
f 4143 4145 4146
f 4148 4149 4147
f 4147 4149 4150
f 4152 4153 4151
f 4151 4153 4154
f 4156 4082 4155
f 4155 4082 4081
f 4157 4158 4160
f 4160 4158 4159
f 4161 4162 4164
f 4164 4162 4163
f 4166 4122 4165
f 4165 4122 4121
f 4168 4152 4167
f 4167 4152 4151
f 4169 4170 4172
f 4172 4170 4171
f 4174 4175 4173
f 4173 4175 4176
f 4178 4149 4177
f 4177 4149 4179
f 4173 4176 4180
f 4180 4176 4181
f 4156 4085 4182
f 4182 4085 4183
f 4182 4184 4156
f 4156 4184 4082
f 4185 4186 4184
f 4184 4186 4187
f 4186 4188 4187
f 4187 4188 4189
f 4190 4191 4073
f 4073 4191 4074
f 4177 4179 4158
f 4158 4179 4159
f 4193 4127 4192
f 4192 4127 4130
f 4144 4194 4151
f 4151 4194 4167
f 4196 4197 4195
f 4195 4197 4198
f 4095 4199 4096
f 4096 4199 4200
f 4201 4202 4204
f 4204 4202 4203
f 4205 4206 4208
f 4208 4206 4207
f 4121 4120 4209
f 4209 4120 4210
f 4212 4213 4211
f 4211 4213 4214
f 4216 4217 4215
f 4215 4217 4218
f 4220 4221 4219
f 4219 4221 4222
f 4224 4196 4223
f 4223 4196 4195
f 4225 4226 4134
f 4134 4226 4131
f 4228 4229 4227
f 4227 4229 4230
f 4232 4233 4231
f 4231 4233 4098
f 4235 4236 4234
f 4234 4236 4237
f 4239 4240 4238
f 4238 4240 4241
f 4242 4243 4245
f 4245 4243 4244
f 4246 4247 4249
f 4249 4247 4248
f 4251 4252 4250
f 4250 4252 4253
f 4255 4256 4254
f 4254 4256 4257
f 4259 4260 4258
f 4258 4260 4261
f 4263 4264 4262
f 4262 4264 4265
f 4267 4268 4266
f 4266 4268 4269
f 4271 4199 4270
f 4270 4199 4272
f 4273 4274 4276
f 4276 4274 4275
f 4115 4118 4277
f 4277 4118 4278
f 4280 4281 4279
f 4279 4281 4282
f 4211 4283 4212
f 4212 4283 4284
f 4286 4287 4285
f 4285 4287 4288
f 4165 4121 4289
f 4289 4121 4209
f 4291 4286 4290
f 4290 4286 4285
f 4293 4294 4292
f 4292 4294 4295
f 4297 4298 4296
f 4296 4298 4299
f 4301 4302 4300
f 4300 4302 4303
f 4299 4304 4296
f 4296 4304 4305
f 4306 4292 4307
f 4307 4292 4295
f 4307 4308 4306
f 4306 4308 4309
f 4310 4309 4075
f 4075 4309 4308
f 4299 4298 4312
f 4312 4298 4311
f 4302 4301 4293
f 4293 4301 4294
f 3735 3921 4313
f 4313 3921 4314
f 4315 4314 3922
f 3922 4314 3921
f 4316 3945 829
f 829 3945 830
f 4289 4317 4165
f 4165 4317 4318
f 4320 4321 4319
f 4319 4321 4322
f 4324 4325 4323
f 4323 4325 4326
f 4327 4328 4330
f 4330 4328 4329
f 4290 4331 4291
f 4291 4331 4332
f 4165 4318 4166
f 4166 4318 4333
f 4334 4335 4337
f 4337 4335 4336
f 4339 4340 4338
f 4338 4340 4341
f 4168 4343 4342
f 4342 4343 4344
f 4346 4347 4345
f 4345 4347 4348
f 4350 4351 4349
f 4349 4351 4352
f 4354 4355 4353
f 4353 4355 4356
f 4357 4358 4324
f 4324 4358 4325
f 4337 4359 4334
f 4334 4359 4360
f 4362 4363 4361
f 4361 4363 4364
f 4366 4367 4365
f 4365 4367 4368
f 4369 4370 4372
f 4372 4370 4371
f 4331 4290 4374
f 4374 4290 4373
f 4373 4376 4375
f 4375 4376 4377
f 4379 4380 4378
f 4378 4380 4381
f 4217 4382 4218
f 4218 4382 4383
f 4385 4386 4384
f 4384 4386 4387
f 4388 4389 4338
f 4338 4389 4390
f 4337 4336 4392
f 4392 4336 4391
f 4394 4362 4393
f 4393 4362 4361
f 4396 4397 4395
f 4395 4397 4398
f 4400 4401 4399
f 4399 4401 4402
f 4345 4403 4346
f 4346 4403 4404
f 4405 4406 4342
f 4342 4406 4407
f 4409 4410 4408
f 4408 4410 4411
f 4408 4412 4409
f 4409 4412 4413
f 4181 4415 4414
f 4414 4415 4416
f 4182 4183 4417
f 4417 4183 4418
f 4419 4353 4311
f 4311 4353 4312
f 4421 4422 4420
f 4420 4422 4423
f 4353 4356 4312
f 4312 4356 4424
f 4166 4333 4425
f 4425 4333 4426
f 4425 4143 4166
f 4166 4143 4122
f 4427 4107 4428
f 4428 4107 4110
f 4429 4430 4174
f 4174 4430 4175
f 4335 4431 4336
f 4336 4431 4390
f 4336 4390 4391
f 4391 4390 4389
f 4432 4433 4435
f 4435 4433 4434
f 4437 4438 4436
f 4436 4438 4439
f 4441 4442 4440
f 4440 4442 4443
f 4359 4444 4361
f 4361 4444 4393
f 4446 4447 4445
f 4445 4447 4448
f 4338 4341 4388
f 4388 4341 4449
f 4450 4451 4398
f 4398 4451 4395
f 4453 4454 4452
f 4452 4454 4455
f 4457 4458 4456
f 4456 4458 4459
f 4460 4461 4448
f 4448 4461 4445
f 4463 4464 4462
f 4462 4464 4465
f 4462 4465 4466
f 4466 4465 4467
f 4468 4469 4467
f 4467 4469 4466
f 4469 4468 4470
f 4470 4468 4471
f 4472 4473 4471
f 4471 4473 4470
f 4475 4476 4474
f 4474 4476 4477
f 4479 4480 4478
f 4478 4480 4481
f 4483 4484 4482
f 4482 4484 4485
f 4487 4488 4486
f 4486 4488 4489
f 4491 4492 4490
f 4490 4492 4493
f 4494 4495 4493
f 4493 4495 4490
f 4496 4497 4494
f 4494 4497 4495
f 4497 4496 4498
f 4498 4496 4499
f 4500 4501 4503
f 4503 4501 4502
f 4505 4506 4504
f 4504 4506 4507
f 4466 4508 4462
f 4462 4508 4509
f 4470 4510 4469
f 4469 4510 4511
f 4513 4479 4512
f 4512 4479 4478
f 4515 4443 4514
f 4514 4443 4442
f 4516 4517 4519
f 4519 4517 4518
f 4521 4495 4520
f 4520 4495 4497
f 4522 4490 4521
f 4521 4490 4495
f 4491 4523 4488
f 4488 4523 4524
f 4525 4489 4524
f 4524 4489 4488
f 4484 4526 4485
f 4485 4526 4527
f 4503 4528 4500
f 4500 4528 4529
f 4530 4531 4533
f 4533 4531 4532
f 4535 4506 4534
f 4534 4506 4530
f 4486 4536 4487
f 4487 4536 4537
f 4487 4537 4492
f 4492 4537 4538
f 4494 4539 4496
f 4496 4539 4540
f 4542 4533 4541
f 4541 4533 4499
f 4544 4545 4543
f 4543 4545 4546
f 4548 4549 4547
f 4547 4549 4550
f 4536 4551 4537
f 4537 4551 4552
f 4537 4552 4538
f 4538 4552 4553
f 4554 4539 4556
f 4556 4539 4555
f 4557 4540 4554
f 4554 4540 4539
f 4559 4557 4558
f 4558 4557 4560
f 4540 4557 4541
f 4541 4557 4559
f 4562 4563 4561
f 4561 4563 4564
f 4546 4565 4543
f 4543 4565 4566
f 4547 4567 4548
f 4548 4567 4568
f 4570 4571 4569
f 4569 4571 4572
f 4574 4575 4573
f 4573 4575 4576
f 4578 4579 4577
f 4577 4579 4580
f 4582 4583 4581
f 4581 4583 4584
f 4585 4586 4588
f 4588 4586 4587
f 4589 4585 4590
f 4590 4585 4588
f 4592 4593 4591
f 4591 4593 4594
f 4596 4597 4595
f 4595 4597 4598
f 4600 4601 4599
f 4599 4601 4602
f 4563 4604 4603
f 4603 4604 4605
f 4603 4606 4608
f 4608 4606 4607
f 4609 4610 4594
f 4594 4610 4591
f 4611 4612 4614
f 4614 4612 4613
f 4616 4617 4615
f 4615 4617 4618
f 4602 4620 4619
f 4619 4620 4621
f 4619 4622 4602
f 4602 4622 4599
f 4605 4599 4623
f 4623 4599 4622
f 4605 4623 4603
f 4603 4623 4606
f 4625 4626 4624
f 4624 4626 4627
f 4438 4437 4628
f 4628 4437 4629
f 4442 4441 4630
f 4630 4441 4631
f 4630 4632 4442
f 4442 4632 4514
f 4633 4634 4529
f 4529 4634 4500
f 4500 4634 4501
f 4501 4634 4635
f 4637 4546 4636
f 4636 4546 4545
f 4639 4565 4638
f 4638 4565 4640
f 4573 4576 4641
f 4641 4576 4642
f 4593 4643 4594
f 4594 4643 4644
f 4645 4609 4644
f 4644 4609 4594
f 4647 4648 4646
f 4646 4648 4649
f 4651 4652 4650
f 4650 4652 4653
f 4654 4498 4519
f 4519 4498 4532
f 4520 4508 4521
f 4521 4508 4511
f 4522 4510 4523
f 4523 4510 4655
f 4524 4656 4525
f 4525 4656 4657
f 4514 4529 4515
f 4515 4529 4528
f 4658 4659 4661
f 4661 4659 4660
f 4496 4540 4499
f 4499 4540 4541
f 4493 4555 4494
f 4494 4555 4539
f 4549 4483 4550
f 4550 4483 4482
f 4545 4544 4501
f 4501 4544 4502
f 4636 4545 4635
f 4635 4545 4501
f 4589 4663 4662
f 4662 4663 4664
f 4662 4665 4558
f 4558 4665 4559
f 4569 4586 4570
f 4570 4586 4560
f 4552 4666 4553
f 4553 4666 4667
f 4668 4669 4670
f 4670 4669 4666
f 4672 4673 4671
f 4671 4673 4674
f 4287 4675 4288
f 4288 4675 4676
f 4678 4679 4677
f 4677 4679 4680
f 4681 4678 4682
f 4682 4678 4677
f 4682 4683 4681
f 4681 4683 4684
f 4161 4164 4685
f 4685 4164 4686
f 4414 4687 4689
f 4689 4687 4688
f 4405 4690 4346
f 4346 4690 4347
f 4691 4399 4693
f 4693 4399 4692
f 1209 4694 4365
f 4365 4694 4366
f 4650 1211 4651
f 4651 1211 1210
f 4695 4696 4255
f 4255 4696 4256
f 4697 4698 4218
f 4218 4698 4215
f 4700 4701 4699
f 4699 4701 4702
f 4703 4704 4303
f 4303 4704 4300
f 4315 3922 4316
f 4316 3922 3945
f 4653 4706 4705
f 4705 4706 4707
f 4709 4710 4708
f 4708 4710 4711
f 4335 4334 4713
f 4713 4334 4712
f 4714 4340 4321
f 4321 4340 4322
f 4716 4717 4715
f 4715 4717 4718
f 4238 4241 4719
f 4719 4241 4720
f 4231 4721 4307
f 4307 4721 4308
f 4723 4724 4722
f 4722 4724 4725
f 4727 4728 4726
f 4726 4728 4729
f 4730 4731 4327
f 4327 4731 4328
f 4733 4734 4732
f 4732 4734 4735
f 4720 4381 4736
f 4736 4381 4737
f 4738 4739 4741
f 4741 4739 4740
f 4743 4744 4742
f 4742 4744 4745
f 4338 4390 4339
f 4339 4390 4431
f 4746 4747 4431
f 4431 4747 4339
f 4291 4332 4289
f 4289 4332 4317
f 4289 4209 4291
f 4291 4209 4286
f 4287 4286 4210
f 4210 4286 4209
f 4749 4750 4748
f 4748 4750 4751
f 4212 4284 4752
f 4752 4284 4753
f 4752 4754 4212
f 4212 4754 4213
f 4252 4251 4225
f 4225 4251 4226
f 4227 4230 4248
f 4248 4230 4249
f 4205 4755 4757
f 4757 4755 4756
f 4708 4711 4758
f 4758 4711 4647
f 4367 4366 4759
f 4759 4366 4760
f 4526 4513 4527
f 4527 4513 4512
f 4420 4423 4385
f 4385 4423 4386
f 4705 4761 4653
f 4653 4761 4650
f 4761 1279 4650
f 4650 1279 1211
f 4762 4763 3944
f 3944 4763 3936
f 4274 4273 4765
f 4765 4273 4764
f 4767 4768 4766
f 4766 4768 4769
f 4770 4771 4769
f 4769 4771 4766
f 4771 4770 4242
f 4242 4770 4243
f 4093 4163 4094
f 4094 4163 4162
f 4772 4773 4775
f 4775 4773 4774
f 4777 4778 4776
f 4776 4778 4779
f 4417 4185 4182
f 4182 4185 4184
f 4780 4078 4781
f 4781 4078 4077
f 4781 4077 4782
f 4782 4077 4189
f 4188 4783 4189
f 4189 4783 4782
f 4295 4232 4307
f 4307 4232 4231
f 4785 4786 4784
f 4784 4786 4787
f 4784 1307 4785
f 4785 1307 1306
f 4078 4780 4096
f 4096 4780 4097
f 4075 4074 4310
f 4310 4074 4788
f 4788 4074 4789
f 4789 4074 4191
f 4789 4191 4059
f 4059 4191 4790
f 4791 4277 4792
f 4792 4277 4278
f 3732 3735 4793
f 4793 3735 4313
f 4793 4794 3732
f 3732 4794 3731
f 4792 4795 4791
f 4791 4795 4796
f 4797 4798 4799
f 4799 4798 4724
f 4763 4800 3936
f 3936 4800 3935
f 4801 4062 3729
f 3729 4062 3730
f 4713 4712 4802
f 4802 4712 4803
f 4146 4804 4119
f 4119 4804 4805
f 4498 4654 4497
f 4497 4654 4520
f 4806 4807 1326
f 1326 4807 1327
f 4689 4688 1330
f 1330 4688 1331
f 4801 4789 4062
f 4062 4789 4059
f 3730 4062 4808
f 4808 4062 4061
f 4810 4811 4809
f 4809 4811 4812
f 4813 4403 4814
f 4814 4403 4345
f 4815 4816 4349
f 4349 4816 4350
f 4817 4818 4820
f 4820 4818 4819
f 4406 4821 4407
f 4407 4821 4822
f 4823 4161 4824
f 4824 4161 4685
f 4181 4414 4825
f 4825 4414 4689
f 4741 4740 4826
f 4826 4740 4827
f 4828 4829 4827
f 4827 4829 4826
f 4142 4141 4415
f 4415 4141 4148
f 4830 1354 4761
f 4761 1354 1279
f 4832 4833 4831
f 4831 4833 4834
f 4835 4836 4626
f 4626 4836 4421
f 4451 4709 4395
f 4395 4709 4708
f 4627 4420 4837
f 4837 4420 4385
f 4837 1365 4838
f 4838 1365 1364
f 4397 4396 4839
f 4839 4396 4840
f 4842 4628 4841
f 4841 4628 4629
f 4671 4674 4631
f 4631 4674 4630
f 4674 4659 4630
f 4630 4659 4632
f 4633 4632 4658
f 4658 4632 4659
f 4658 4504 4633
f 4633 4504 4634
f 4635 4634 4507
f 4507 4634 4504
f 4843 4636 4507
f 4507 4636 4635
f 4844 4637 4843
f 4843 4637 4636
f 4637 4844 4640
f 4640 4844 4664
f 4638 4663 4642
f 4642 4663 4845
f 4847 4643 4846
f 4846 4643 4641
f 4644 4848 4645
f 4645 4848 4849
f 4851 4852 4850
f 4850 4852 4853
f 4855 4856 4854
f 4854 4856 4857
f 4859 4860 4858
f 4858 4860 4857
f 4715 4718 4859
f 4859 4718 4860
f 4862 4863 4861
f 4861 4863 4864
f 4866 4867 4865
f 4865 4867 4868
f 4870 4871 4869
f 4869 4871 4872
f 4869 4872 4116
f 4116 4872 4117
f 4820 4819 4874
f 4874 4819 4873
f 4876 4877 4875
f 4875 4877 4878
f 4880 4881 4879
f 4879 4881 4882
f 4884 4885 4883
f 4883 4885 4886
f 4887 4888 4280
f 4280 4888 4281
f 4818 4817 4889
f 4889 4817 4890
f 4891 4193 4823
f 4823 4193 4192
f 4892 4893 4228
f 4228 4893 4229
f 4158 4157 4894
f 4894 4157 4895
f 4896 4897 4132
f 4132 4897 4133
f 4099 4683 4100
f 4100 4683 4682
f 4101 4100 4899
f 4899 4100 4898
f 4150 4106 4147
f 4147 4106 4900
f 4100 4682 4898
f 4898 4682 4677
f 4080 4082 4187
f 4187 4082 4184
f 4077 4080 4189
f 4189 4080 4187
f 4191 4190 4790
f 4790 4190 4901
f 4177 4158 4680
f 4680 4158 4894
f 4108 4136 4752
f 4752 4136 4754
f 4752 4753 4108
f 4108 4753 4109
f 4817 4902 4890
f 4890 4902 4903
f 4904 4905 4907
f 4907 4905 4906
f 4909 4910 4908
f 4908 4910 4911
f 4913 4914 4912
f 4912 4914 4915
f 4916 4917 4919
f 4919 4917 4918
f 4312 4424 4299
f 4299 4424 4304
f 4920 4921 4297
f 4297 4921 4298
f 4194 4922 4167
f 4167 4922 4923
f 4924 4400 4691
f 4691 4400 4399
f 4395 4708 4396
f 4396 4708 4758
f 4367 4925 4368
f 4368 4925 4926
f 4919 4918 4873
f 4873 4918 4874
f 4836 4927 4421
f 4421 4927 4422
f 4921 4928 4298
f 4298 4928 4311
f 4143 4146 4122
f 4122 4146 4119
f 4929 4930 4455
f 4455 4930 4452
f 4932 4933 4931
f 4931 4933 4934
f 4935 4936 4932
f 4932 4936 4933
f 4461 4460 4457
f 4457 4460 4458
f 4480 4479 4475
f 4475 4479 4476
f 4660 4673 4517
f 4517 4673 4937
f 4661 4505 4658
f 4658 4505 4504
f 4484 4483 4489
f 4489 4483 4486
f 4462 4509 4463
f 4463 4509 4518
f 4469 4511 4466
f 4466 4511 4508
f 4655 4473 4656
f 4656 4473 4477
f 4476 4657 4477
f 4477 4657 4656
f 4479 4513 4476
f 4476 4513 4657
f 4489 4525 4484
f 4484 4525 4526
f 4483 4549 4486
f 4486 4549 4536
f 4549 4548 4536
f 4536 4548 4551
f 4548 4568 4551
f 4551 4568 4670
f 4663 4589 4845
f 4845 4589 4590
f 4668 4577 4938
f 4938 4577 4580
f 4940 4938 4939
f 4939 4938 4941
f 4940 4942 4669
f 4669 4942 4943
f 4587 4582 4944
f 4944 4582 4581
f 4848 4847 4608
f 4608 4847 4564
f 4616 4945 4613
f 4613 4945 4598
f 4615 4946 4616
f 4616 4946 4945
f 4947 4939 4948
f 4948 4939 4946
f 4599 4605 4600
f 4600 4605 4604
f 4608 4607 4848
f 4848 4607 4849
f 4613 4612 4616
f 4616 4612 4617
f 4835 4949 4709
f 4709 4949 4710
f 4357 1477 4837
f 4837 1477 1365
f 4712 4950 4803
f 4803 4950 4951
f 4401 4952 4402
f 4402 4952 4953
f 4759 4760 4402
f 4402 4760 4399
f 4508 4520 4509
f 4509 4520 4654
f 4510 4522 4511
f 4511 4522 4521
f 4513 4526 4657
f 4657 4526 4525
f 4632 4633 4514
f 4514 4633 4529
f 4931 4934 4453
f 4453 4934 4454
f 4153 4954 4154
f 4154 4954 4955
f 4957 4958 4956
f 4956 4958 4959
f 4961 4962 4960
f 4960 4962 4963
f 4120 4964 4210
f 4210 4964 4965
f 4967 4968 4966
f 4966 4968 4969
f 4349 4692 4815
f 4815 4692 4970
f 4652 4971 4653
f 4653 4971 4706
f 4758 4647 4972
f 4972 4647 4646
f 4973 4363 4646
f 4646 4363 4972
f 4950 4360 4974
f 4974 4360 4364
f 4431 4335 4746
f 4746 4335 4713
f 4358 4714 4325
f 4325 4714 4321
f 4765 4764 4266
f 4266 4764 4975
f 4202 4976 4203
f 4203 4976 4977
f 4917 4978 4918
f 4918 4978 4979
f 4279 4282 4854
f 4854 4282 4269
f 4820 4880 4817
f 4817 4880 4902
f 4890 4903 4980
f 4980 4903 4886
f 4982 4983 4981
f 4981 4983 4123
f 4795 4851 4796
f 4796 4851 4850
f 4918 4979 4874
f 4874 4979 4881
f 4809 4404 4810
f 4810 4404 4403
f 4354 4985 4984
f 4984 4985 4986
f 1364 1516 4838
f 4838 1516 4987
f 4759 4988 4367
f 4367 4988 4925
f 4989 4990 4481
f 4481 4990 4478
f 4443 4515 4990
f 4990 4515 4991
f 4527 4512 4992
f 4992 4512 4991
f 4528 4503 4992
f 4992 4503 4993
f 4993 4994 4485
f 4485 4994 4482
f 4544 4995 4502
f 4502 4995 4994
f 4995 4996 4550
f 4550 4996 4547
f 4998 4999 4997
f 4997 4999 4566
f 4998 5000 4578
f 4578 5000 4579
f 5001 5002 4596
f 4596 5002 4597
f 5003 4591 5004
f 5004 4591 4610
f 4626 4421 4627
f 4627 4421 4420
f 4837 4838 4627
f 4627 4838 4624
f 4761 4705 4830
f 4830 4705 5005
f 4705 4707 5005
f 5005 4707 5006
f 4308 4721 4075
f 4075 4721 4076
f 5007 4200 4797
f 4797 4200 4798
f 4685 4686 5008
f 5008 4686 5009
f 4889 4890 5010
f 5010 4890 4980
f 4323 1541 4324
f 4324 1541 1540
f 4385 4384 4358
f 4358 4384 4714
f 4396 4758 4840
f 4840 4758 4972
f 4866 4852 5011
f 5011 4852 5012
f 5013 4260 4980
f 4980 4260 5010
f 4875 4878 5014
f 5014 4878 5015
f 5017 5018 5016
f 5016 5018 5019
f 5016 5019 5020
f 5020 5019 5021
f 5023 5024 5022
f 5022 5024 5025
f 5027 5028 5026
f 5026 5028 5029
f 5031 5032 5030
f 5030 5032 5033
f 5035 5036 5034
f 5034 5036 5037
f 5039 5040 5038
f 5038 5040 5041
f 5043 5044 5042
f 5042 5044 5045
f 5038 5046 5039
f 5039 5046 5047
f 5049 5050 5048
f 5048 5050 5051
f 5053 5054 5052
f 5052 5054 5055
f 5057 5024 5056
f 5056 5024 5058
f 5060 5061 5059
f 5059 5061 5062
f 5064 5065 5063
f 5063 5065 5066
f 5043 5050 5064
f 5064 5050 5065
f 5038 5041 5067
f 5067 5041 5068
f 5070 5071 5069
f 5069 5071 5072
f 5074 5075 5073
f 5073 5075 5076
f 5034 5077 5035
f 5035 5077 5078
f 5080 5081 5079
f 5079 5081 5082
f 5084 5085 5083
f 5083 5085 5086
f 5085 5084 5087
f 5087 5084 5088
f 5090 5091 5089
f 5089 5091 5092
f 5094 5095 5093
f 5093 5095 5096
f 5098 5099 5097
f 5097 5099 5100
f 5102 5103 5101
f 5101 5103 5104
f 5105 5106 5108
f 5108 5106 5107
f 5110 5111 5109
f 5109 5111 5112
f 5114 5094 5113
f 5113 5094 5093
f 5116 5117 5115
f 5115 5117 5118
f 5120 5121 5119
f 5119 5121 5122
f 5124 5125 5123
f 5123 5125 5126
f 5128 5129 5127
f 5127 5129 5130
f 5097 5131 5098
f 5098 5131 5132
f 5134 5135 5133
f 5133 5135 5122
f 5084 5125 5088
f 5088 5125 5136
f 5138 5139 5137
f 5137 5139 5140
f 5142 5102 5141
f 5141 5102 5101
f 5106 5143 5107
f 5107 5143 5144
f 5146 5147 5145
f 5145 5147 5148
f 5149 5150 5109
f 5109 5150 5110
f 5151 5110 5152
f 5152 5110 5150
f 4715 5140 4716
f 4716 5140 5139
f 5143 4870 5144
f 5144 4870 4869
f 4115 5146 4116
f 4116 5146 5145
f 4791 4796 5149
f 5149 4796 5150
f 4796 4850 5150
f 5150 4850 5152
f 4858 5142 4859
f 4859 5142 5141
f 5153 5154 5115
f 5115 5154 5105
f 5156 5157 5155
f 5155 5157 5158
f 5159 5160 5053
f 5053 5160 5054
f 5161 5162 5020
f 5020 5162 5068
f 5026 5029 5163
f 5163 5029 5021
f 5083 5086 5164
f 5164 5086 5165
f 5090 5167 5166
f 5166 5167 5168
f 5169 5170 5172
f 5172 5170 5171
f 5174 5175 5173
f 5173 5175 5176
f 5177 5109 5178
f 5178 5109 5112
f 5179 5180 5182
f 5182 5180 5181
f 5123 5126 5120
f 5120 5126 5121
f 5180 5167 5181
f 5181 5167 5183
f 5184 5185 5179
f 5179 5185 5180
f 5186 5149 5177
f 5177 5149 5109
f 4868 5184 4865
f 4865 5184 5179
f 5188 5189 5187
f 5187 5189 5190
f 4277 4791 5186
f 5186 4791 5149
f 5179 5182 4865
f 4865 5182 4853
f 5189 4862 5190
f 5190 4862 4861
f 5156 5075 5191
f 5191 5075 5192
f 5036 5035 5193
f 5193 5035 5194
f 5115 5118 5153
f 5153 5118 5195
f 5022 5025 5196
f 5196 5025 5197
f 5155 5158 5069
f 5069 5158 5062
f 5063 5066 5198
f 5198 5066 5199
f 5073 5076 5200
f 5200 5076 5072
f 5202 5131 5201
f 5201 5131 5203
f 5143 5106 5204
f 5204 5106 5205
f 5114 5113 5206
f 5206 5113 5127
f 5098 5132 5193
f 5193 5132 5195
f 5204 5207 5143
f 5143 5207 4870
f 5088 5136 5208
f 5208 5136 5092
f 5209 5210 5089
f 5089 5210 5183
f 5211 5018 5060
f 5060 5018 5061
f 5017 5040 5070
f 5070 5040 5071
f 5191 5160 5156
f 5156 5160 5157
f 5048 5028 5049
f 5049 5028 5058
f 5207 5204 4858
f 4858 5204 5142
f 4859 5141 4715
f 4715 5141 5140
f 5212 5162 5042
f 5042 5162 5051
f 5182 5152 4853
f 4853 5152 4850
f 5214 5134 5213
f 5213 5134 5133
f 5164 5165 5133
f 5133 5165 5213
f 5215 5216 5201
f 5201 5216 5217
f 5147 5218 5148
f 5148 5218 5219
f 5147 5177 5218
f 5218 5177 5178
f 5141 5101 5140
f 5140 5101 5137
f 5201 5217 5202
f 5202 5217 5104
f 5146 5186 5147
f 5147 5186 5177
f 4277 5186 4115
f 4115 5186 5146
f 5191 5192 5031
f 5031 5192 5032
f 5052 5055 5220
f 5220 5055 5197
f 4116 5145 4869
f 4869 5145 5144
f 5034 5037 5214
f 5214 5037 5134
f 5097 5100 5114
f 5114 5100 5094
f 5108 5107 5219
f 5219 5107 5148
f 5221 5135 5116
f 5116 5135 5117
f 5124 5111 5209
f 5209 5111 5210
f 5107 5144 5148
f 5148 5144 5145
f 5152 5182 5151
f 5151 5182 5181
f 5208 5222 5088
f 5088 5222 5087
f 5222 5208 5171
f 5171 5208 5172
f 5223 1756 4698
f 4698 1756 1755
f 4427 5224 4107
f 4107 5224 4135
f 4178 4679 5225
f 5225 4679 5226
f 5227 5228 4892
f 4892 5228 4893
f 5229 5230 4171
f 4171 5230 4172
f 4855 4268 4884
f 4884 4268 4885
f 4884 4871 4855
f 4855 4871 4856
f 4684 5231 4896
f 4896 5231 4897
f 4768 4767 5009
f 5009 4767 5008
f 5205 5154 5102
f 5102 5154 5103
f 5099 5098 5194
f 5194 5098 5193
f 5198 5199 5079
f 5079 5199 5033
f 5102 5142 5205
f 5205 5142 5204
f 5224 4427 4681
f 4681 4427 4678
f 3712 3711 5232
f 5232 3711 5233
f 3968 3988 3963
f 3963 3988 3964
f 3976 4044 3972
f 3972 4044 3985
f 4038 4037 4036
f 4036 4037 4033
f 4794 4762 3731
f 3731 4762 3944
f 3731 3944 3722
f 3722 3944 3810
f 3874 5234 5232
f 5232 5234 3712
f 3906 3905 3867
f 3867 3905 4011
f 3904 4023 3905
f 3905 4023 4011
f 3719 3722 3811
f 3811 3722 3810
f 3812 3719 3687
f 3687 3719 3811
f 3716 3812 3686
f 3686 3812 3687
f 3713 3716 3685
f 3685 3716 3686
f 4810 4403 5235
f 5235 4403 4813
f 4345 1770 4814
f 4814 1770 1769
f 4067 4066 4058
f 4058 4066 5236
f 4043 4068 4049
f 4049 4068 4050
f 4034 5237 3989
f 3989 5237 3990
f 4031 4030 4072
f 4072 4030 4005
f 4003 4004 4002
f 4002 4004 4032
f 4004 4005 4032
f 4032 4005 4030
f 4067 4064 4068
f 4068 4064 4050
f 4058 4057 4067
f 4067 4057 4064
f 4035 4034 5238
f 5238 4034 3989
f 5236 5239 4058
f 4058 5239 5240
f 5234 3874 5241
f 5241 3874 3873
f 5241 3873 3881
f 3881 3873 3878
f 4800 4763 4788
f 4788 4763 4310
f 4763 4762 4310
f 4310 4762 4309
f 4762 4794 4309
f 4309 4794 4306
f 4794 4793 4306
f 4306 4793 4292
f 4293 4313 4302
f 4302 4313 4314
f 4302 4314 4303
f 4303 4314 4315
f 4303 4315 4703
f 4703 4315 4316
f 4035 4069 4043
f 4043 4069 4068
f 4324 1540 4357
f 4357 1540 1477
f 5232 3987 3874
f 3874 3987 3871
f 3987 5232 4013
f 4013 5232 5233
f 4013 5233 4014
f 4014 5233 5242
f 3888 4015 3865
f 3865 4015 4007
f 3866 4008 5243
f 5243 4008 4016
f 3873 5244 3878
f 3878 5244 3875
f 3965 5244 3872
f 3872 5244 3873
f 3876 3875 3965
f 3965 3875 5244
f 5243 4016 5242
f 5242 4016 4014
f 5246 5247 5245
f 5245 5247 5248
f 3576 3950 3577
f 3577 3950 3926
f 3584 3842 3585
f 3585 3842 3580
f 5249 5247 1784
f 1784 5247 1785
f 5250 5251 5253
f 5253 5251 5252
f 5255 5252 5254
f 5254 5252 5256
f 5254 5256 5258
f 5258 5256 5257
f 5258 5257 5260
f 5260 5257 5259
f 4356 5261 4424
f 4424 5261 5259
f 4355 5262 4356
f 4356 5262 5261
f 4924 5264 5263
f 5263 5264 5265
f 4693 5266 4691
f 4691 5266 5267
f 4351 5268 4352
f 4352 5268 5269
f 1808 1807 4351
f 4351 1807 5268
f 3580 3842 3581
f 3799 3802 3838
f 4800 4788 4801
f 4801 4788 4789
f 3729 3935 4801
f 4801 3935 4800
f 3728 3666 3729
f 3729 3666 3935
f 3728 3798 3666
f 3666 3798 3663
f 3798 3818 3663
f 3663 3818 3809
f 3818 3817 3809
f 3809 3817 3808
f 3796 3655 3817
f 3817 3655 3808
f 3615 3568 3796
f 3796 3568 3655
f 3573 3569 3615
f 3615 3569 3568
f 3572 3613 3573
f 3573 3613 3569
f 3792 3606 3572
f 3572 3606 3613
f 3607 3791 3949
f 3949 3791 3591
f 3590 3950 3591
f 3591 3950 3949
f 3805 3926 3590
f 3590 3926 3950
f 3804 3559 3805
f 3805 3559 3926
f 3804 3914 3559
f 3559 3914 3560
f 3924 3789 3913
f 3913 3789 3788
f 3924 3928 3789
f 3789 3928 3826
f 3928 3927 3826
f 3826 3927 3827
f 3927 3834 3827
f 3827 3834 3835
f 4079 4078 5270
f 5270 4078 5007
f 5271 5272 4233
f 4233 5272 5273
f 5275 5276 5274
f 5274 5276 5277
f 5278 5279 4236
f 4236 5279 4237
f 5278 5280 5271
f 5271 5280 5272
f 4235 5281 4236
f 4236 5281 5282
f 5284 5285 5283
f 5283 5285 5286
f 5288 5289 5287
f 5287 5289 5290
f 5292 5293 5291
f 5291 5293 5294
f 5287 5290 4726
f 4726 5290 5295
f 4293 4292 4313
f 4313 4292 4793
f 4720 4736 4719
f 4719 4736 5296
f 5297 4909 5298
f 5298 4909 4908
f 5299 5300 4976
f 4976 5300 5301
f 5302 4202 5303
f 5303 4202 4201
f 5304 5305 4983
f 4983 5305 5306
f 5308 5309 5307
f 5307 5309 5310
f 4722 4725 5283
f 5283 4725 5311
f 5291 5294 4125
f 4125 5294 4126
f 5313 5314 5312
f 5312 5314 5315
f 5316 5317 5319
f 5319 5317 5318
f 5321 5308 5320
f 5320 5308 5307
f 4819 4981 4873
f 4873 4981 5322
f 4981 4123 5322
f 5322 4123 4126
f 5324 5325 5323
f 5323 5325 5326
f 4764 5327 4975
f 4975 5327 5328
f 4172 5327 4169
f 4169 5327 5329
f 4768 4171 4769
f 4769 4171 4170
f 4243 4755 4244
f 4244 4755 5330
f 4755 4205 5330
f 5330 4205 4208
f 4206 4906 4207
f 4207 4906 4905
f 4686 5014 5009
f 5009 5014 5229
f 4756 4770 4170
f 4170 4770 4769
f 4170 4169 4756
f 4756 4169 4757
f 4273 5329 4764
f 4764 5329 5327
f 4276 5331 4273
f 4273 5331 5329
f 4770 4756 4243
f 4243 4756 4755
f 5333 4889 5332
f 5332 4889 5010
f 4877 5332 4878
f 4878 5332 4259
f 4875 4164 4876
f 4876 4164 4163
f 5334 5335 5324
f 5324 5335 5325
f 4983 5306 4123
f 4123 5306 4124
f 4818 4982 4819
f 4819 4982 4981
f 5332 5010 4259
f 4259 5010 4260
f 5014 4686 4875
f 4875 4686 4164
f 4171 4768 5229
f 5229 4768 5009
f 5337 4916 5336
f 5336 4916 4919
f 5293 5337 5294
f 5294 5337 5336
f 4982 4818 5333
f 5333 4818 4889
f 5338 5339 4262
f 4262 5339 5340
f 5307 5310 5338
f 5338 5310 5339
f 5341 5342 4204
f 4204 5342 5309
f 5336 4919 5322
f 5322 4919 4873
f 5294 5336 4126
f 4126 5336 5322
f 5323 5326 5343
f 5343 5326 5286
f 4914 5344 4915
f 4915 5344 5345
f 5312 5315 5344
f 5344 5315 5345
f 5347 5348 5346
f 5346 5348 5349
f 5350 5351 4832
f 4832 5351 4833
f 5352 5353 5349
f 5349 5353 5346
f 5354 5338 4265
f 4265 5338 4262
f 5320 5307 5354
f 5354 5307 5338
f 4201 5308 5303
f 5303 5308 5321
f 5356 5357 5355
f 5355 5357 4799
f 5358 5359 5334
f 5334 5359 5335
f 5358 5360 4093
f 4093 5360 4163
f 5360 5305 4163
f 4163 5305 4876
f 5305 5304 4876
f 4876 5304 4877
f 5270 4778 4079
f 4079 4778 4081
f 4779 5361 4774
f 4774 5361 5357
f 5356 5359 4775
f 4775 5359 4092
f 5333 5304 4982
f 4982 5304 4983
f 5332 4877 5333
f 5333 4877 5304
f 5015 4258 5230
f 5230 4258 5328
f 5327 4172 5328
f 5328 4172 5230
f 4169 5329 4757
f 4757 5329 5331
f 4757 5331 4205
f 4205 5331 4206
f 5331 4276 4206
f 4206 4276 4906
f 4276 4275 4906
f 4906 4275 4907
f 4275 4888 4907
f 4907 4888 4744
f 4887 4717 4745
f 4745 4717 4864
f 4716 5139 4861
f 4861 5139 5190
f 5139 5138 5190
f 5190 5138 5187
f 5138 5216 5187
f 5187 5216 5176
f 5215 5362 5173
f 5173 5362 5130
f 5364 5365 5363
f 5363 5365 5340
f 4742 4863 5366
f 5366 4863 4867
f 4862 5189 4868
f 4868 5189 5184
f 5189 5188 5184
f 5184 5188 5185
f 5188 5175 5185
f 5185 5175 5168
f 3560 3788 3561
f 3561 3788 3790
f 3596 3595 3608
f 3608 3595 3594
f 3598 3582 3595
f 3595 3582 3592
f 3600 3609 3601
f 3601 3609 3611
f 3602 3601 3612
f 3612 3601 3611
f 3606 3605 3613
f 3613 3605 3614
f 3793 5367 3794
f 3794 5367 5368
f 3598 3597 3600
f 3600 3597 3609
f 3793 3792 3575
f 3575 3792 3572
f 3561 3594 3558
f 3558 3594 3593
f 3807 3915 3804
f 3804 3915 3914
f 3916 3915 5370
f 5370 3915 5369
f 3602 3605 3603
f 3603 3605 3604
f 3606 3792 3607
f 3607 3792 3791
f 3914 3913 3560
f 3560 3913 3788
f 5174 5129 5166
f 5166 5129 5371
f 5170 5169 5093
f 5093 5169 5113
f 5166 5371 5090
f 5090 5371 5091
f 5128 5169 5372
f 5372 5169 5172
f 5127 5113 5128
f 5128 5113 5169
f 5114 5206 5203
f 5203 5206 5362
f 5200 5373 5073
f 5073 5373 5096
f 5374 5375 5200
f 5200 5375 5373
f 5039 5047 5374
f 5374 5047 5375
f 5087 5046 5085
f 5085 5046 5376
f 5212 5377 5067
f 5067 5377 5376
f 5042 5045 5212
f 5212 5045 5377
f 5064 5378 5043
f 5043 5378 5044
f 5063 5077 5064
f 5064 5077 5378
f 5079 5082 5198
f 5198 5082 5078
f 5099 5081 5100
f 5100 5081 5379
f 5100 5379 5094
f 5094 5379 5095
f 5381 5382 5380
f 5380 5382 5383
f 5385 5386 5384
f 5384 5386 5383
f 5385 5387 5386
f 5386 5387 5388
f 5390 5391 5389
f 5389 5391 5392
f 5393 5394 5396
f 5396 5394 5395
f 5398 5399 5397
f 5397 5399 5400
f 5402 5403 5401
f 5401 5403 5404
f 5406 5407 5405
f 5405 5407 5404
f 5408 5409 5163
f 5163 5409 5410
f 5411 5412 5414
f 5414 5412 5413
f 5057 5416 5415
f 5415 5416 5417
f 5393 5416 5418
f 5418 5416 5419
f 5396 5395 5420
f 5420 5395 5421
f 5423 5424 5422
f 5422 5424 5425
f 5415 5417 5220
f 5220 5417 5426
f 5418 5391 5393
f 5393 5391 5394
f 5414 5388 5411
f 5411 5388 5392
f 5059 5427 5060
f 5060 5427 5428
f 5423 5427 5429
f 5429 5427 5430
f 5432 5382 5431
f 5431 5382 5425
f 5429 5407 5423
f 5423 5407 5424
f 5380 5409 5381
f 5381 5409 5433
f 5381 5433 5422
f 5422 5433 5428
f 5027 5412 5056
f 5056 5412 5419
f 5435 5436 5434
f 5434 5436 5437
f 5159 5439 5438
f 5438 5439 5440
f 5053 5436 5159
f 5159 5436 5439
f 5441 5403 5398
f 5398 5403 5399
f 5163 5410 5026
f 5026 5410 5413
f 5438 5440 5442
f 5442 5440 5430
f 5444 5445 5443
f 5443 5445 5446
f 5447 5448 5450
f 5450 5448 5449
f 5451 5446 5452
f 5452 5446 5445
f 5454 5455 5453
f 5453 5455 5451
f 5456 5454 5458
f 5458 5454 5457
f 5460 5461 5459
f 5459 5461 5462
f 5464 5465 5463
f 5463 5465 5466
f 5468 5469 5467
f 5467 5469 5470
f 5472 5473 5471
f 5471 5473 5474
f 5475 5476 5478
f 5478 5476 5477
f 5479 5480 5482
f 5482 5480 5481
f 5483 5484 5448
f 5448 5484 5485
f 5448 5485 5449
f 5449 5485 5486
f 5487 5476 5488
f 5488 5476 5475
f 5490 5491 5489
f 5489 5491 5492
f 5494 5495 5493
f 5493 5495 5496
f 5498 5494 5497
f 5497 5494 5493
f 5500 5501 5499
f 5499 5501 5502
f 5503 5504 5446
f 5446 5504 5443
f 5506 5507 5505
f 5505 5507 5508
f 5510 5511 5509
f 5509 5511 5512
f 5514 5515 5513
f 5513 5515 5516
f 5518 5519 5517
f 5517 5519 5520
f 5495 5521 5496
f 5496 5521 5522
f 5524 5525 5523
f 5523 5525 5526
f 5527 5528 5494
f 5494 5528 5495
f 5499 5502 5529
f 5529 5502 5530
f 5531 5532 5485
f 5485 5532 5486
f 5485 5484 5531
f 5531 5484 5533
f 5482 5481 5534
f 5534 5481 5535
f 5536 5512 5506
f 5506 5512 5511
f 5455 5503 5451
f 5451 5503 5446
f 5467 5470 5511
f 5511 5470 5537
f 5538 5467 5510
f 5510 5467 5511
f 5540 5541 5539
f 5539 5541 5542
f 5543 5544 5546
f 5546 5544 5545
f 5548 5472 5547
f 5547 5472 5471
f 5493 5496 5549
f 5549 5496 5550
f 5496 5522 5550
f 5550 5522 5551
f 5553 5554 5552
f 5552 5554 5555
f 5557 5447 5556
f 5556 5447 5558
f 5557 5483 5447
f 5447 5483 5448
f 5478 5477 5553
f 5553 5477 5559
f 5477 5560 5559
f 5559 5560 5561
f 5476 5562 5477
f 5477 5562 5560
f 5476 5487 5562
f 5562 5487 5563
f 5560 5564 5561
f 5561 5564 5565
f 5564 5560 5566
f 5566 5560 5562
f 5563 5567 5562
f 5562 5567 5566
f 5569 5521 5568
f 5568 5521 5570
f 5481 5572 5571
f 5571 5572 5573
f 5574 5535 5571
f 5571 5535 5481
f 5576 5577 5575
f 5575 5577 5578
f 5579 5580 5456
f 5456 5580 5581
f 5475 5582 5488
f 5488 5582 5583
f 5584 5536 5505
f 5505 5536 5506
f 5585 5586 5588
f 5588 5586 5587
f 5590 5591 5589
f 5589 5591 5592
f 5519 5593 5520
f 5520 5593 5594
f 5595 5596 5462
f 5462 5596 5597
f 5599 5600 5598
f 5598 5600 5514
f 5602 5603 5601
f 5601 5603 5604
f 5524 5543 5525
f 5525 5543 5546
f 5543 5524 5606
f 5606 5524 5605
f 5607 5608 5500
f 5500 5608 5501
f 5610 5551 5609
f 5609 5551 5522
f 5611 5510 5598
f 5598 5510 5509
f 5612 5597 5457
f 5457 5597 5458
f 5510 5611 5538
f 5538 5611 5613
f 5580 5508 5581
f 5581 5508 5507
f 5615 5616 5614
f 5614 5616 5617
f 5619 5620 5618
f 5618 5620 5621
f 5623 5624 5622
f 5622 5624 5625
f 5627 5624 5626
f 5626 5624 5623
f 5629 5630 5628
f 5628 5630 5631
f 5633 5634 5632
f 5632 5634 5466
f 5635 5636 5463
f 5463 5636 5637
f 5523 5638 5524
f 5524 5638 5605
f 5639 5640 5641
f 5641 5640 5595
f 5611 5513 5613
f 5613 5513 5642
f 5643 5586 5608
f 5608 5586 5501
f 5622 5625 5590
f 5590 5625 5591
f 5598 5514 5611
f 5611 5514 5513
f 5645 5646 5644
f 5644 5646 5647
f 5620 5619 5491
f 5491 5619 5648
f 5649 5643 5492
f 5492 5643 5608
f 5650 5651 5653
f 5653 5651 5652
f 5463 5466 5635
f 5635 5466 5634
f 5597 5612 5462
f 5462 5612 5459
f 5635 5634 5523
f 5523 5634 5638
f 5654 5638 5633
f 5633 5638 5634
f 5655 5656 5525
f 5525 5656 5526
f 5658 5659 5657
f 5657 5659 5527
f 5660 5464 5637
f 5637 5464 5463
f 5632 5466 5661
f 5661 5466 5465
f 5661 5662 5632
f 5632 5662 5658
f 5662 5663 5658
f 5658 5663 5659
f 5665 5659 5664
f 5664 5659 5663
f 5632 5658 5633
f 5633 5658 5657
f 5666 5629 5530
f 5530 5629 5667
f 5528 5527 5665
f 5665 5527 5659
f 5668 5669 5570
f 5570 5669 5568
f 5669 5668 5670
f 5670 5668 5671
f 5646 5672 5673
f 5672 5674 5673
f 5673 5674 5675
f 5674 5460 5675
f 5675 5460 5459
f 5461 5676 5462
f 5462 5676 5595
f 5677 5678 5680
f 5680 5678 5679
f 5628 5681 5629
f 5629 5681 5667
f 5682 5529 5667
f 5667 5529 5530
f 5675 5459 5683
f 5683 5459 5612
f 5585 5666 5502
f 5502 5666 5530
f 5589 5684 5602
f 5602 5684 5603
f 5646 5645 5663
f 5663 5645 5664
f 5685 5647 5673
f 5673 5647 5646
f 5686 5687 5683
f 5683 5687 5685
f 5688 5689 5533
f 5533 5689 5531
f 5690 5691 5535
f 5535 5691 5534
f 5692 5690 5574
f 5574 5690 5535
f 5685 5687 5689
f 5689 5687 5693
f 5489 5694 5490
f 5490 5694 5695
f 5690 5692 5696
f 5696 5692 5697
f 5696 5644 5690
f 5690 5644 5691
f 5447 5450 5558
f 5558 5450 5698
f 5699 5700 5642
f 5642 5700 5613
f 5701 5702 5540
f 5540 5702 5541
f 5431 5703 5432
f 5432 5703 5697
f 5385 5384 5574
f 5574 5384 5692
f 5389 5387 5573
f 5573 5387 5571
f 5565 5390 5573
f 5573 5390 5389
f 5390 5565 5704
f 5704 5565 5564
f 5566 5705 5564
f 5564 5705 5704
f 5569 5441 5609
f 5609 5441 5398
f 5568 5405 5569
f 5569 5405 5441
f 5670 5706 5669
f 5669 5706 5406
f 5703 5431 5670
f 5670 5431 5706
f 5432 5697 5384
f 5384 5697 5692
f 5574 5571 5385
f 5385 5571 5387
f 5607 5707 5489
f 5489 5707 5694
f 5518 5708 5519
f 5519 5708 5709
f 5711 5576 5710
f 5710 5576 5575
f 5713 5714 5712
f 5712 5714 5715
f 5553 5552 5478
f 5478 5552 5716
f 5717 5475 5716
f 5716 5475 5478
f 5718 5719 5605
f 5605 5719 5606
f 5505 5622 5584
f 5584 5622 5590
f 5508 5623 5505
f 5505 5623 5622
f 5626 5623 5580
f 5580 5623 5508
f 5580 5579 5626
f 5626 5579 5720
f 5579 5721 5720
f 5720 5721 5722
f 5666 5585 5723
f 5723 5585 5588
f 5724 5725 5639
f 5639 5725 5640
f 5554 5726 5555
f 5555 5726 5727
f 5453 5728 5729
f 5689 5688 5685
f 5685 5688 5647
f 5604 5730 5512
f 5512 5730 5509
f 5628 5631 5618
f 5618 5631 5592
f 5601 5604 5536
f 5536 5604 5512
f 5732 5676 5731
f 5731 5676 5660
f 5730 5604 5733
f 5733 5604 5603
f 5563 5487 5551
f 5551 5487 5550
f 5489 5492 5607
f 5607 5492 5608
f 5573 5572 5565
f 5565 5572 5561
f 5609 5522 5569
f 5569 5522 5521
f 5499 5734 5500
f 5500 5734 5735
f 5596 5736 5721
f 5721 5736 5722
f 5737 5600 5594
f 5594 5600 5520
f 5599 5730 5517
f 5517 5730 5733
f 5660 5738 5731
f 5731 5738 5739
f 5648 5649 5491
f 5491 5649 5492
f 5501 5586 5502
f 5502 5586 5585
f 5525 5546 5655
f 5655 5546 5740
f 5600 5599 5520
f 5520 5599 5517
f 5708 5739 5709
f 5709 5739 5738
f 5636 5635 5526
f 5526 5635 5523
f 5670 5671 5703
f 5703 5671 5741
f 5490 5695 5742
f 5742 5695 5743
f 5682 5678 5744
f 5744 5678 5677
f 5678 5681 5679
f 5679 5681 5621
f 5742 5743 5679
f 5679 5743 5680
f 5618 5621 5628
f 5628 5621 5681
f 5725 5724 5589
f 5589 5724 5684
f 5456 5458 5579
f 5579 5458 5721
f 5675 5683 5673
f 5673 5683 5685
f 5529 5682 5745
f 5745 5682 5744
f 5721 5458 5596
f 5596 5458 5597
f 5701 5540 5719
f 5719 5540 5606
f 5703 5741 5697
f 5697 5741 5696
f 5500 5735 5607
f 5607 5735 5707
f 5549 5746 5493
f 5493 5746 5497
f 5700 5747 5613
f 5613 5747 5538
f 5420 5421 5434
f 5434 5421 5400
f 5689 5693 5531
f 5531 5693 5532
f 5705 5566 5748
f 5748 5566 5567
f 5609 5398 5610
f 5610 5398 5397
f 5669 5406 5568
f 5568 5406 5405
f 5488 5583 5549
f 5549 5583 5746
f 5714 5713 5710
f 5710 5713 5711
f 5747 5468 5538
f 5538 5468 5467
f 5548 5547 5749
f 5749 5547 5750
f 5733 5603 5751
f 5751 5603 5684
f 5589 5602 5590
f 5590 5602 5584
f 5636 5752 5614
f 5614 5752 5615
f 5753 5754 5738
f 5738 5754 5755
f 5602 5601 5584
f 5584 5601 5536
f 5723 5736 5630
f 5630 5736 5640
f 5595 5640 5596
f 5596 5640 5736
f 5734 5499 5745
f 5745 5499 5529
f 5627 5587 5643
f 5643 5587 5586
f 5553 5559 5554
f 5554 5559 5480
f 5559 5561 5480
f 5480 5561 5572
f 5554 5480 5726
f 5726 5480 5479
f 5749 5750 5715
f 5715 5750 5712
f 5683 5612 5686
f 5686 5612 5457
f 5678 5682 5681
f 5681 5682 5667
f 5598 5509 5599
f 5599 5509 5730
f 5679 5621 5742
f 5742 5621 5620
f 5652 5616 5653
f 5653 5616 5615
f 5220 5426 5052
f 5052 5426 5437
f 5487 5488 5550
f 5550 5488 5549
f 5742 5620 5490
f 5490 5620 5491
f 5551 5610 5563
f 5563 5610 5567
f 5610 5397 5567
f 5567 5397 5748
f 5614 5617 5753
f 5753 5617 5754
f 5480 5572 5481
f 5755 5756 5738
f 5738 5756 5709
f 5745 5744 5758
f 5758 5744 5757
f 5745 5758 5734
f 5734 5758 5759
f 5735 5734 5760
f 5760 5734 5759
f 5707 5735 5761
f 5761 5735 5760
f 5744 5677 5757
f 5757 5677 5762
f 5677 5680 5762
f 5762 5680 5763
f 5763 5680 5764
f 5764 5680 5743
f 5765 5766 5762
f 5762 5766 5757
f 5768 5769 5767
f 5767 5769 5770
f 5771 5772 5770
f 5770 5772 5767
f 5770 5769 5774
f 5774 5769 5773
f 5775 5776 5774
f 5774 5776 5777
f 5773 5778 5774
f 5774 5778 5775
f 5779 5766 5773
f 5773 5766 5778
f 5777 5771 5774
f 5774 5771 5770
f 5780 5781 5783
f 5783 5781 5782
f 5781 5780 5771
f 5771 5780 5772
f 5773 5769 5779
f 5779 5769 5768
f 5768 5759 5779
f 5779 5759 5758
f 5768 5784 5759
f 5759 5784 5760
f 5767 5785 5768
f 5768 5785 5784
f 5785 5767 5786
f 5786 5767 5772
f 5766 5779 5757
f 5757 5779 5758
f 5780 5787 5772
f 5772 5787 5786
f 5785 5786 5788
f 5788 5786 5789
f 5786 5787 5789
f 5789 5787 5790
f 5788 5789 5791
f 5791 5789 5792
f 5791 5793 5788
f 5788 5793 5794
f 5795 5792 5790
f 5790 5792 5789
f 5785 5788 5784
f 5784 5788 5794
f 5784 5794 5760
f 5760 5794 5761
f 5787 5780 5796
f 5796 5780 5783
f 5775 5778 5797
f 5797 5778 5766
f 5797 5798 5775
f 5775 5798 5776
f 5766 5765 5797
f 5797 5765 5799
f 5798 5797 5800
f 5800 5797 5799
f 5798 5801 5776
f 5776 5801 5802
f 5707 5761 5694
f 5694 5761 5803
f 5695 5804 5743
f 5743 5804 5764
f 5804 5695 5803
f 5803 5695 5694
f 5803 5793 5804
f 5804 5793 5805
f 5793 5791 5805
f 5805 5791 5806
f 5804 5805 5764
f 5764 5805 5807
f 5803 5761 5793
f 5793 5761 5794
f 5808 5763 5807
f 5807 5763 5764
f 5808 5765 5763
f 5763 5765 5762
f 5809 5799 5808
f 5808 5799 5765
f 5809 5808 5810
f 5810 5808 5807
f 5811 5809 5812
f 5812 5809 5810
f 5805 5806 5807
f 5807 5806 5810
f 5806 5813 5810
f 5810 5813 5812
f 5799 5809 5800
f 5800 5809 5811
f 5815 5800 5814
f 5814 5800 5811
f 5814 5817 5816
f 5816 5817 5818
f 5814 5811 5817
f 5817 5811 5812
f 5814 5816 5815
f 5815 5816 5796
f 5815 5796 5801
f 5801 5796 5783
f 5801 5798 5815
f 5815 5798 5800
f 5791 5792 5806
f 5806 5792 5813
f 5818 5813 5795
f 5795 5813 5792
f 5818 5817 5813
f 5813 5817 5812
f 5816 5818 5790
f 5790 5818 5795
f 5790 5787 5816
f 5816 5787 5796
f 5771 5777 5781
f 5781 5777 5782
f 5782 5802 5783
f 5783 5802 5801
f 5782 5777 5802
f 5802 5777 5776
f 5588 5587 5722
f 5722 5587 5720
f 5591 5619 5592
f 5592 5619 5618
f 5625 5624 5648
f 5648 5624 5649
f 5624 5627 5649
f 5649 5627 5643
f 5631 5630 5725
f 5725 5630 5640
f 5625 5648 5591
f 5591 5648 5619
f 5588 5722 5723
f 5723 5722 5736
f 5631 5725 5592
f 5592 5725 5589
f 5723 5630 5666
f 5666 5630 5629
f 5587 5627 5720
f 5720 5627 5626
f 5820 5821 5819
f 5819 5821 5822
f 5824 5825 5823
f 5823 5825 5826
f 5823 5826 5827
f 5827 5826 5828
f 5829 5830 5832
f 5832 5830 5831
f 5518 5833 5708
f 5708 5833 5834
f 5835 5836 5824
f 5824 5836 5825
f 5838 5839 5837
f 5837 5839 5840
f 5751 5684 5842
f 5842 5684 5841
f 5843 5841 5724
f 5724 5841 5684
f 5845 5846 5844
f 5844 5846 5847
f 5848 5830 5836
f 5836 5830 5825
f 5518 5751 5833
f 5833 5751 5842
f 5839 5838 5821
f 5821 5838 5849
f 5850 5848 5822
f 5822 5848 5836
f 5851 5845 5828
f 5828 5845 5852
f 5854 5855 5853
f 5853 5855 5856
f 5845 5844 5852
f 5852 5844 5857
f 5858 5827 5852
f 5852 5827 5828
f 5851 5828 5829
f 5829 5828 5826
f 5819 5859 5820
f 5820 5859 5860
f 5835 5861 5819
f 5819 5861 5859
f 5851 5829 5862
f 5862 5829 5832
f 5844 5847 5837
f 5837 5847 5834
f 5819 5822 5835
f 5835 5822 5836
f 5823 5863 5824
f 5824 5863 5864
f 5849 5850 5821
f 5821 5850 5822
f 5825 5830 5826
f 5826 5830 5829
f 5820 5860 5865
f 5865 5860 5866
f 5858 5854 5867
f 5867 5854 5853
f 5854 5857 5855
f 5855 5857 5840
f 5855 5865 5856
f 5856 5865 5866
f 5837 5840 5844
f 5844 5840 5857
f 5827 5858 5868
f 5868 5858 5867
f 5824 5864 5835
f 5835 5864 5861
f 5732 5731 5862
f 5862 5731 5846
f 5863 5823 5868
f 5868 5823 5827
f 5843 5831 5848
f 5848 5831 5830
f 5854 5858 5857
f 5857 5858 5852
f 5855 5840 5865
f 5865 5840 5839
f 5865 5839 5820
f 5820 5839 5821
f 5868 5867 5870
f 5870 5867 5869
f 5868 5870 5863
f 5863 5870 5871
f 5863 5871 5864
f 5864 5871 5872
f 5864 5872 5861
f 5861 5872 5873
f 5867 5853 5869
f 5869 5853 5874
f 5853 5856 5874
f 5874 5856 5875
f 5856 5866 5875
f 5875 5866 5876
f 5877 5878 5874
f 5874 5878 5869
f 5880 5881 5879
f 5879 5881 5882
f 5883 5884 5880
f 5880 5884 5881
f 5881 5884 5886
f 5886 5884 5885
f 5887 5888 5886
f 5886 5888 5889
f 5885 5890 5886
f 5886 5890 5887
f 5889 5882 5886
f 5886 5882 5881
f 5882 5891 5879
f 5879 5891 5892
f 5885 5884 5893
f 5893 5884 5883
f 5883 5871 5893
f 5893 5871 5870
f 5883 5894 5871
f 5871 5894 5872
f 5880 5895 5883
f 5883 5895 5894
f 5896 5895 5879
f 5879 5895 5880
f 5893 5878 5885
f 5885 5878 5890
f 5878 5893 5869
f 5869 5893 5870
f 5897 5896 5892
f 5892 5896 5879
f 5895 5896 5898
f 5898 5896 5899
f 5896 5897 5899
f 5899 5897 5900
f 5898 5899 5901
f 5901 5899 5902
f 5901 5903 5898
f 5898 5903 5904
f 5900 5905 5899
f 5899 5905 5902
f 5898 5904 5895
f 5895 5904 5894
f 5894 5904 5872
f 5872 5904 5873
f 5897 5892 5907
f 5907 5892 5906
f 5892 5891 5906
f 5906 5891 5908
f 5887 5890 5909
f 5909 5890 5878
f 5888 5887 5910
f 5910 5887 5909
f 5878 5877 5909
f 5909 5877 5911
f 5909 5911 5910
f 5910 5911 5912
f 5913 5914 5910
f 5910 5914 5888
f 5908 5914 5906
f 5906 5914 5913
f 5861 5873 5859
f 5859 5873 5915
f 5860 5916 5866
f 5866 5916 5876
f 5916 5860 5915
f 5915 5860 5859
f 5915 5903 5916
f 5916 5903 5917
f 5903 5901 5917
f 5917 5901 5918
f 5916 5917 5876
f 5876 5917 5919
f 5903 5915 5904
f 5904 5915 5873
f 5920 5875 5919
f 5919 5875 5876
f 5920 5877 5875
f 5875 5877 5874
f 5920 5921 5877
f 5877 5921 5911
f 5921 5920 5922
f 5922 5920 5919
f 5923 5921 5924
f 5924 5921 5922
f 5917 5918 5919
f 5919 5918 5922
f 5918 5925 5922
f 5922 5925 5924
f 5921 5923 5911
f 5911 5923 5912
f 5927 5912 5926
f 5926 5912 5923
f 5926 5929 5928
f 5928 5929 5930
f 5926 5923 5929
f 5929 5923 5924
f 5926 5928 5927
f 5927 5928 5907
f 5927 5907 5913
f 5913 5907 5906
f 5913 5910 5927
f 5927 5910 5912
f 5901 5902 5918
f 5918 5902 5925
f 5930 5925 5905
f 5905 5925 5902
f 5930 5929 5925
f 5925 5929 5924
f 5928 5930 5900
f 5900 5930 5905
f 5900 5897 5928
f 5928 5897 5907
f 5882 5889 5891
f 5891 5889 5908
f 5908 5889 5914
f 5914 5889 5888
f 5832 5831 5641
f 5641 5831 5639
f 5833 5838 5834
f 5834 5838 5837
f 5842 5841 5849
f 5849 5841 5850
f 5841 5843 5850
f 5850 5843 5848
f 5847 5846 5739
f 5739 5846 5731
f 5842 5849 5833
f 5833 5849 5838
f 5862 5832 5732
f 5732 5832 5641
f 5847 5739 5834
f 5834 5739 5708
f 5862 5846 5851
f 5851 5846 5845
f 5831 5843 5639
f 5639 5843 5724
f 5676 5732 5595
f 5595 5732 5641
f 5676 5461 5660
f 5660 5461 5464
f 5461 5460 5464
f 5464 5460 5465
f 5460 5674 5465
f 5465 5674 5661
f 5931 5932 5934
f 5934 5932 5933
f 5936 5937 5935
f 5935 5937 5938
f 5935 5938 5939
f 5939 5938 5940
f 5942 5943 5941
f 5941 5943 5944
f 5945 5946 5936
f 5936 5946 5937
f 5948 5949 5947
f 5947 5949 5950
f 5951 5952 5519
f 5519 5952 5593
f 5953 5951 5709
f 5709 5951 5519
f 5955 5956 5954
f 5954 5956 5957
f 5958 5942 5946
f 5946 5942 5937
f 5948 5959 5949
f 5949 5959 5933
f 5960 5958 5934
f 5934 5958 5946
f 5961 5955 5940
f 5940 5955 5962
f 5963 5964 5966
f 5966 5964 5965
f 5955 5954 5962
f 5962 5954 5967
f 5968 5939 5962
f 5962 5939 5940
f 5961 5940 5941
f 5941 5940 5938
f 5931 5969 5932
f 5932 5969 5970
f 5945 5971 5931
f 5931 5971 5969
f 5941 5944 5961
f 5961 5944 5972
f 5954 5957 5947
f 5947 5957 5973
f 5945 5931 5946
f 5946 5931 5934
f 5935 5974 5936
f 5936 5974 5975
f 5959 5960 5933
f 5933 5960 5934
f 5937 5942 5938
f 5938 5942 5941
f 5932 5970 5976
f 5976 5970 5977
f 5968 5964 5978
f 5978 5964 5963
f 5965 5964 5950
f 5950 5964 5967
f 5976 5977 5965
f 5965 5977 5966
f 5947 5950 5954
f 5954 5950 5967
f 5939 5968 5979
f 5979 5968 5978
f 5936 5975 5945
f 5945 5975 5971
f 5972 5754 5956
f 5956 5754 5617
f 5974 5935 5979
f 5979 5935 5939
f 5953 5943 5958
f 5958 5943 5942
f 5964 5968 5967
f 5967 5968 5962
f 5965 5950 5976
f 5976 5950 5949
f 5976 5949 5932
f 5932 5949 5933
f 5979 5978 5981
f 5981 5978 5980
f 5979 5981 5974
f 5974 5981 5982
f 5974 5982 5975
f 5975 5982 5983
f 5975 5983 5971
f 5971 5983 5984
f 5978 5963 5980
f 5980 5963 5985
f 5963 5966 5985
f 5985 5966 5986
f 5986 5966 5987
f 5987 5966 5977
f 5988 5989 5985
f 5985 5989 5980
f 5991 5992 5990
f 5990 5992 5993
f 5994 5995 5991
f 5991 5995 5992
f 5992 5995 5997
f 5997 5995 5996
f 5998 5999 5997
f 5997 5999 6000
f 5996 6001 5997
f 5997 6001 5998
f 6000 5993 5997
f 5997 5993 5992
f 6002 6003 5993
f 5993 6003 5990
f 5995 5994 5996
f 5996 5994 6004
f 5994 5982 6004
f 6004 5982 5981
f 5994 6005 5982
f 5982 6005 5983
f 5991 6006 5994
f 5994 6006 6005
f 6006 5991 6007
f 6007 5991 5990
f 5996 6004 6001
f 6001 6004 5989
f 5989 6004 5980
f 5980 6004 5981
f 6003 6008 5990
f 5990 6008 6007
f 6009 6006 6010
f 6010 6006 6007
f 6008 6011 6007
f 6007 6011 6010
f 6012 6009 6013
f 6013 6009 6010
f 6009 6012 6015
f 6015 6012 6014
f 6011 6016 6010
f 6010 6016 6013
f 6006 6009 6005
f 6005 6009 6015
f 6005 6015 5983
f 5983 6015 5984
f 6008 6003 6018
f 6018 6003 6017
f 6003 6002 6017
f 6017 6002 6019
f 5998 6001 6020
f 6020 6001 5989
f 5999 5998 6021
f 6021 5998 6020
f 5989 5988 6020
f 6020 5988 6022
f 6021 6020 6023
f 6023 6020 6022
f 6021 6024 5999
f 5999 6024 6025
f 6019 6025 6017
f 6017 6025 6024
f 5971 5984 5969
f 5969 5984 6026
f 5970 6027 5977
f 5977 6027 5987
f 6027 5970 6026
f 6026 5970 5969
f 6026 6014 6027
f 6027 6014 6028
f 6014 6012 6028
f 6028 6012 6029
f 6027 6028 5987
f 5987 6028 6030
f 6026 5984 6014
f 6014 5984 6015
f 6031 5986 6030
f 6030 5986 5987
f 6031 5988 5986
f 5986 5988 5985
f 6032 6022 6031
f 6031 6022 5988
f 6032 6031 6033
f 6033 6031 6030
f 6034 6032 6035
f 6035 6032 6033
f 6028 6029 6030
f 6030 6029 6033
f 6029 6036 6033
f 6033 6036 6035
f 6032 6034 6022
f 6022 6034 6023
f 6038 6023 6037
f 6037 6023 6034
f 6037 6040 6039
f 6039 6040 6041
f 6037 6034 6040
f 6040 6034 6035
f 6037 6039 6038
f 6038 6039 6018
f 6038 6018 6024
f 6024 6018 6017
f 6024 6021 6038
f 6038 6021 6023
f 6012 6013 6029
f 6029 6013 6036
f 6041 6036 6016
f 6016 6036 6013
f 6041 6040 6036
f 6036 6040 6035
f 6041 6016 6039
f 6039 6016 6011
f 6011 6008 6039
f 6039 6008 6018
f 5993 6000 6002
f 6002 6000 6019
f 6019 6000 6025
f 6025 6000 5999
f 5943 5756 5944
f 5944 5756 5755
f 6042 5948 5973
f 5973 5948 5947
f 5952 5951 5959
f 5959 5951 5960
f 5951 5953 5960
f 5960 5953 5958
f 5616 5957 5617
f 5617 5957 5956
f 6042 5952 5948
f 5948 5952 5959
f 5944 5755 5972
f 5972 5755 5754
f 5957 5616 5973
f 5973 5616 5652
f 5956 5955 5972
f 5972 5955 5961
f 5943 5953 5756
f 5756 5953 5709
f 6044 6045 6043
f 6043 6045 6046
f 6048 6049 6047
f 6047 6049 6050
f 6047 6050 6051
f 6051 6050 6052
f 6054 6055 6053
f 6053 6055 6056
f 6057 6058 6060
f 6060 6058 6059
f 6061 6062 6048
f 6048 6062 6049
f 6063 6064 6066
f 6066 6064 6065
f 6067 6068 6070
f 6070 6068 6069
f 6071 6069 5653
f 5653 6069 6068
f 6072 6073 6075
f 6075 6073 6074
f 6062 6076 6049
f 6049 6076 6054
f 6058 6067 6059
f 6059 6067 6070
f 6064 6077 6065
f 6065 6077 6045
f 6078 6076 6046
f 6046 6076 6062
f 6073 6080 6079
f 6079 6080 6052
f 6082 6083 6081
f 6081 6083 6084
f 6072 6085 6073
f 6073 6085 6080
f 6086 6051 6080
f 6080 6051 6052
f 6079 6052 6053
f 6053 6052 6050
f 6043 6087 6044
f 6044 6087 6088
f 6061 6089 6043
f 6043 6089 6087
f 6053 6056 6079
f 6079 6056 6090
f 6063 6072 6060
f 6060 6072 6075
f 6043 6046 6061
f 6061 6046 6062
f 6047 6091 6048
f 6048 6091 6092
f 6077 6078 6045
f 6045 6078 6046
f 6049 6054 6050
f 6050 6054 6053
f 6044 6088 6093
f 6093 6088 6094
f 6086 6082 6095
f 6095 6082 6081
f 6083 6082 6066
f 6066 6082 6085
f 6093 6094 6083
f 6083 6094 6084
f 6072 6063 6085
f 6085 6063 6066
f 6051 6086 6096
f 6096 6086 6095
f 6048 6092 6061
f 6061 6092 6089
f 5656 5655 6090
f 6090 5655 6074
f 6091 6047 6096
f 6096 6047 6051
f 6071 6055 6076
f 6076 6055 6054
f 6082 6086 6085
f 6085 6086 6080
f 6093 6083 6065
f 6065 6083 6066
f 6044 6093 6045
f 6045 6093 6065
f 6096 6095 6098
f 6098 6095 6097
f 6096 6098 6091
f 6091 6098 6099
f 6091 6099 6092
f 6092 6099 6100
f 6092 6100 6089
f 6089 6100 6101
f 6095 6081 6097
f 6097 6081 6102
f 6081 6084 6102
f 6102 6084 6103
f 6103 6084 6104
f 6104 6084 6094
f 6106 6097 6105
f 6105 6097 6102
f 6107 6108 6110
f 6110 6108 6109
f 6111 6112 6108
f 6108 6112 6109
f 6109 6112 6114
f 6114 6112 6113
f 6114 6115 6117
f 6117 6115 6116
f 6113 6118 6114
f 6114 6118 6115
f 6117 6110 6114
f 6114 6110 6109
f 6110 6119 6107
f 6107 6119 6120
f 6112 6111 6113
f 6113 6111 6121
f 6111 6099 6121
f 6121 6099 6098
f 6111 6122 6099
f 6099 6122 6100
f 6123 6122 6108
f 6108 6122 6111
f 6124 6123 6107
f 6107 6123 6108
f 6113 6121 6118
f 6118 6121 6106
f 6106 6121 6097
f 6097 6121 6098
f 6125 6124 6120
f 6120 6124 6107
f 6126 6123 6127
f 6127 6123 6124
f 6125 6128 6124
f 6124 6128 6127
f 6129 6126 6130
f 6130 6126 6127
f 6126 6129 6132
f 6132 6129 6131
f 6128 6133 6127
f 6127 6133 6130
f 6123 6126 6122
f 6122 6126 6132
f 6122 6132 6100
f 6100 6132 6101
f 6120 6134 6125
f 6125 6134 6135
f 6120 6119 6134
f 6134 6119 6136
f 6115 6118 6137
f 6137 6118 6106
f 6115 6137 6116
f 6116 6137 6138
f 6137 6106 6139
f 6139 6106 6105
f 6138 6137 6140
f 6140 6137 6139
f 6141 6142 6138
f 6138 6142 6116
f 6136 6142 6134
f 6134 6142 6141
f 6089 6101 6087
f 6087 6101 6143
f 6088 6144 6094
f 6094 6144 6104
f 6143 6144 6087
f 6087 6144 6088
f 6131 6145 6143
f 6143 6145 6144
f 6129 6146 6131
f 6131 6146 6145
f 6144 6145 6104
f 6104 6145 6147
f 6143 6101 6131
f 6131 6101 6132
f 6148 6103 6147
f 6147 6103 6104
f 6103 6148 6102
f 6102 6148 6105
f 6148 6149 6105
f 6105 6149 6139
f 6149 6148 6150
f 6150 6148 6147
f 6151 6149 6152
f 6152 6149 6150
f 6145 6146 6147
f 6147 6146 6150
f 6146 6153 6150
f 6150 6153 6152
f 6149 6151 6139
f 6139 6151 6140
f 6155 6140 6154
f 6154 6140 6151
f 6154 6157 6156
f 6156 6157 6158
f 6154 6151 6157
f 6157 6151 6152
f 6154 6156 6155
f 6155 6156 6135
f 6155 6135 6141
f 6141 6135 6134
f 6141 6138 6155
f 6155 6138 6140
f 6146 6129 6153
f 6153 6129 6130
f 6158 6153 6133
f 6133 6153 6130
f 6158 6157 6153
f 6153 6157 6152
f 6156 6158 6128
f 6128 6158 6133
f 6128 6125 6156
f 6156 6125 6135
f 6110 6117 6119
f 6119 6117 6136
f 6136 6117 6142
f 6142 6117 6116
f 6055 5615 6056
f 6056 5615 5752
f 6060 6059 6063
f 6063 6059 6064
f 6077 6070 6078
f 6078 6070 6069
f 6069 6071 6078
f 6078 6071 6076
f 6159 6057 6075
f 6075 6057 6060
f 6059 6070 6064
f 6064 6070 6077
f 6056 5752 6090
f 6090 5752 5656
f 6090 6074 6079
f 6079 6074 6073
f 6055 6071 5615
f 5615 6071 5653
f 5547 5471 6160
f 6160 5471 6161
f 5729 5577 6163
f 6163 5577 6162
f 5577 5576 6162
f 6162 5576 6164
f 5713 6165 5711
f 5711 6165 6166
f 5474 5729 6167
f 6167 5729 6163
f 5750 5547 6168
f 6168 5547 6160
f 5471 5474 6161
f 6161 5474 6167
f 6169 5712 6168
f 6168 5712 5750
f 5711 6166 5576
f 5576 6166 6164
f 6165 5713 6169
f 6169 5713 5712
f 6168 6170 6169
f 6169 6170 6171
f 6169 6171 6165
f 6165 6171 6172
f 6165 6172 6166
f 6166 6172 6173
f 6166 6173 6164
f 6164 6173 6174
f 6168 6160 6170
f 6170 6160 6175
f 6160 6161 6175
f 6175 6161 6176
f 6161 6167 6176
f 6176 6167 6177
f 6179 6170 6178
f 6178 6170 6175
f 6181 6182 6180
f 6180 6182 6183
f 6184 6185 6181
f 6181 6185 6182
f 6186 6187 6185
f 6185 6187 6182
f 6186 6188 6187
f 6187 6188 6189
f 6190 6183 6187
f 6187 6183 6182
f 6183 6190 6191
f 6191 6190 6192
f 6191 6193 6183
f 6183 6193 6180
f 6186 6185 6194
f 6194 6185 6184
f 6184 6172 6194
f 6194 6172 6171
f 6184 6195 6172
f 6172 6195 6173
f 6181 6196 6184
f 6184 6196 6195
f 6196 6181 6197
f 6197 6181 6180
f 6186 6194 6188
f 6188 6194 6179
f 6179 6194 6170
f 6170 6194 6171
f 6193 6198 6180
f 6180 6198 6197
f 6199 6196 6200
f 6200 6196 6197
f 6198 6201 6197
f 6197 6201 6200
f 6202 6199 6203
f 6203 6199 6200
f 6199 6202 6205
f 6205 6202 6204
f 6201 6206 6200
f 6200 6206 6203
f 6196 6199 6195
f 6195 6199 6205
f 6195 6205 6173
f 6173 6205 6174
f 6198 6193 6208
f 6208 6193 6207
f 6193 6191 6207
f 6207 6191 6192
f 6189 6188 6209
f 6209 6188 6179
f 6210 6189 6211
f 6211 6189 6209
f 6209 6179 6212
f 6212 6179 6178
f 6211 6209 6213
f 6213 6209 6212
f 6211 6214 6210
f 6210 6214 6215
f 6192 6215 6207
f 6207 6215 6214
f 6190 6187 6210
f 6210 6187 6189
f 6192 6190 6215
f 6215 6190 6210
f 6162 6164 6216
f 6216 6164 6174
f 6167 6163 6177
f 6177 6163 6217
f 6216 6217 6162
f 6162 6217 6163
f 6204 6218 6216
f 6216 6218 6217
f 6202 6219 6204
f 6204 6219 6218
f 6217 6218 6177
f 6177 6218 6220
f 6216 6174 6204
f 6204 6174 6205
f 6221 6176 6220
f 6220 6176 6177
f 6176 6221 6175
f 6175 6221 6178
f 6221 6222 6178
f 6178 6222 6212
f 6222 6221 6223
f 6223 6221 6220
f 6224 6222 6225
f 6225 6222 6223
f 6218 6219 6220
f 6220 6219 6223
f 6219 6226 6223
f 6223 6226 6225
f 6222 6224 6212
f 6212 6224 6213
f 6228 6213 6227
f 6227 6213 6224
f 6229 6227 6231
f 6231 6227 6230
f 6227 6224 6230
f 6230 6224 6225
f 6227 6229 6228
f 6228 6229 6208
f 6228 6208 6214
f 6214 6208 6207
f 6214 6211 6228
f 6228 6211 6213
f 6219 6202 6226
f 6226 6202 6203
f 6231 6226 6206
f 6206 6226 6203
f 6231 6230 6226
f 6226 6230 6225
f 6229 6231 6201
f 6201 6231 6206
f 6201 6198 6229
f 6229 6198 6208
f 5674 5672 5661
f 5661 5672 5662
f 5662 5672 5663
f 5663 5672 5646
f 5651 6042 5652
f 5652 6042 5973
f 5518 5517 5751
f 5751 5517 5733
f 5738 5660 5753
f 5753 5660 5637
f 5752 5636 5656
f 5656 5636 5526
f 5952 6042 5593
f 5593 6042 5651
f 5593 5651 5594
f 5594 5651 5650
f 5600 5737 5514
f 5514 5737 5515
f 5546 5545 5740
f 5740 5545 6232
f 6232 6058 5740
f 5740 6058 6057
f 6067 6058 6233
f 6233 6058 6232
f 6233 6232 6234
f 6234 6232 5545
f 6234 5545 6235
f 6235 5545 5544
f 5606 6236 5543
f 5543 6236 5544
f 6235 5544 5539
f 5539 5544 6236
f 6237 6235 5542
f 5542 6235 5539
f 6235 6237 6234
f 6234 6237 6238
f 6234 6238 6233
f 6233 6238 6239
f 5653 6068 5650
f 5650 6068 6239
f 5642 5513 6240
f 6240 5513 5516
f 5539 6236 5540
f 5540 6236 5606
f 5636 5614 5637
f 5637 5614 5753
f 6239 5737 5650
f 5650 5737 5594
f 6239 6068 6233
f 6233 6068 6067
f 6075 6074 6159
f 6159 6074 5655
f 6057 6159 5740
f 5740 6159 5655
f 5515 5737 6238
f 6238 5737 6239
f 6238 6237 5515
f 5515 6237 5516
f 5542 6240 6237
f 6237 6240 5516
f 6240 5542 5642
f 5642 5542 5541
f 5702 5699 5541
f 5541 5699 5642
f 5582 5475 5717
f 5470 5443 5537
f 5537 5443 5504
f 5469 5444 5470
f 5470 5444 5443
f 5726 5557 5727
f 5727 5557 5556
f 5537 5504 5511
f 5511 5504 5506
f 5504 5503 5506
f 5506 5503 5507
f 5503 5455 5507
f 5507 5455 5581
f 5455 5454 5581
f 5581 5454 5456
f 5473 5453 5474
f 5474 5453 5729
f 5457 5454 5473
f 5473 5454 5453
f 5473 5472 5457
f 5457 5472 5686
f 5472 5548 5686
f 5686 5548 5687
f 5749 5693 5548
f 5548 5693 5687
f 5715 5532 5749
f 5749 5532 5693
f 5714 5486 5715
f 5715 5486 5532
f 5714 5710 5486
f 5486 5710 5449
f 5728 5578 5729
f 5729 5578 5577
f 5452 5445 5698
f 5698 5445 5558
f 5445 5444 5558
f 5558 5444 5556
f 5444 5469 5556
f 5556 5469 5727
f 5469 5468 5727
f 5727 5468 5555
f 5468 5747 5555
f 5555 5747 5552
f 5747 5700 5552
f 5552 5700 5716
f 5700 5699 5716
f 5716 5699 5717
f 5699 5702 5717
f 5717 5702 5582
f 5702 5701 5582
f 5582 5701 5583
f 5726 5479 5557
f 5557 5479 5483
f 5483 5479 5484
f 5484 5479 5482
f 5534 5533 5482
f 5482 5533 5484
f 5691 5688 5534
f 5534 5688 5533
f 5644 5647 5691
f 5691 5647 5688
f 5719 5746 5701
f 5701 5746 5583
f 5718 5497 5719
f 5719 5497 5746
f 5718 5605 5654
f 5654 5605 5638
f 5498 5654 5657
f 5657 5654 5633
f 5497 5718 5498
f 5498 5718 5654
f 5657 5527 5498
f 5498 5527 5494
f 5528 5570 5495
f 5495 5570 5521
f 5665 5668 5528
f 5528 5668 5570
f 5664 5671 5665
f 5665 5671 5668
f 5645 5741 5664
f 5664 5741 5671
f 5644 5696 5645
f 5645 5696 5741
f 5710 5575 5449
f 5449 5575 5450
f 5575 5578 5450
f 5450 5578 5698
f 5578 5728 5698
f 5698 5728 5452
f 5452 5728 5451
f 5451 5728 5453
f 3619 6241 3620
f 3620 6241 6242
f 6243 6244 3628
f 3628 6244 3629
f 6245 6246 3634
f 3634 6246 3631
f 6247 6248 3636
f 3636 6248 3637
f 6249 6250 3642
f 3642 6250 3639
f 3639 6250 3643
f 3643 6250 6251
f 3743 6252 3744
f 3744 6252 6253
f 6246 6243 3631
f 3631 6243 3628
f 3753 6254 3754
f 3754 6254 6255
f 3857 6256 3619
f 3619 6256 6241
f 6257 6245 3932
f 3932 6245 3634
f 6242 6247 3620
f 3620 6247 3636
f 6258 6259 3946
f 3946 6259 3947
f 6260 6249 3948
f 3948 6249 3642
f 6244 6258 3629
f 3629 6258 3946
f 3947 6259 3753
f 3753 6259 6254
f 6248 6260 3637
f 3637 6260 3948
f 3643 6251 3743
f 3743 6251 6252
f 3744 6253 3932
f 3932 6253 6257
f 6250 6249 6251
f 6251 6249 6252
f 6245 6261 6246
f 6246 6261 6262
f 6263 6264 6247
f 6247 6264 6248
f 6252 6265 6253
f 6253 6265 6266
f 6246 6262 6243
f 6243 6262 6267
f 6268 6261 6257
f 6257 6261 6245
f 6269 6263 6242
f 6242 6263 6247
f 6270 6271 6260
f 6260 6271 6249
f 6264 6270 6248
f 6248 6270 6260
f 6253 6266 6257
f 6257 6266 6268
f 6249 6271 6252
f 6252 6271 6265
f 6254 6259 6272
f 6272 6259 6273
f 6266 6265 6270
f 6270 6265 6271
f 6268 6266 6264
f 6264 6266 6270
f 6261 6268 6263
f 6263 6268 6264
f 6269 6262 6263
f 6263 6262 6261
f 4186 4185 6274
f 6274 4185 6275
f 6241 6276 6242
f 6242 6276 6269
f 6258 6244 6277
f 6277 6244 6278
f 6256 6279 6241
f 6241 6279 6276
f 6259 6258 6273
f 6273 6258 6277
f 6243 6267 6244
f 6244 6267 6278
f 6276 6267 6269
f 6269 6267 6262
f 6254 6272 6255
f 6255 6272 6280
f 3865 3713 3888
f 3888 3713 3685
f 5242 5233 3892
f 3892 5233 3711
f 3900 5243 3892
f 3892 5243 5242
f 3734 3866 3900
f 3900 3866 5243
f 4117 6281 4118
f 4118 6281 6282
f 4118 6282 4278
f 4278 6282 4879
f 4717 4887 4718
f 4718 4887 4280
f 4792 4278 4882
f 4882 4278 4879
f 4795 4792 6283
f 6283 4792 4882
f 4852 4851 5012
f 5012 4851 6284
f 4856 5207 4857
f 4857 5207 4858
f 4860 4279 4857
f 4857 4279 4854
f 4718 4280 4860
f 4860 4280 4279
f 4864 4863 4745
f 4745 4863 4742
f 5366 4867 5011
f 5011 4867 4866
f 4871 4884 4872
f 4872 4884 4883
f 4872 4883 4117
f 4117 4883 6281
f 6284 4851 6283
f 6283 4851 4795
f 4852 4866 4853
f 4853 4866 4865
f 4871 4870 4856
f 4856 4870 5207
f 4717 4716 4864
f 4864 4716 4861
f 4868 4867 4862
f 4862 4867 4863
f 4268 4855 4269
f 4269 4855 4854
f 4281 4274 4282
f 4282 4274 4765
f 4744 4743 4907
f 4907 4743 4904
f 4874 4881 4820
f 4820 4881 4880
f 4885 5013 4886
f 4886 5013 4980
f 4888 4275 4281
f 4281 4275 4274
f 4902 6282 4903
f 4903 6282 6281
f 6283 4979 6284
f 6284 4979 4978
f 4282 4765 4269
f 4269 4765 4266
f 4880 4879 4902
f 4902 4879 6282
f 4903 6281 4886
f 4886 6281 4883
f 4882 4881 6283
f 6283 4881 4979
f 5013 4885 4267
f 4267 4885 4268
f 4888 4887 4744
f 4744 4887 4745
f 4410 6285 4411
f 4411 6285 4812
f 4750 4749 6286
f 6286 4749 6287
f 6289 4695 6288
f 6288 4695 4255
f 4750 4675 4751
f 4751 4675 4965
f 6290 6291 4963
f 4963 6291 4960
f 4807 4806 4411
f 4411 4806 4408
f 6292 6293 4959
f 4959 6293 4956
f 4958 6294 4959
f 4959 6294 4955
f 4962 4964 4963
f 4963 4964 4805
f 4962 4961 4751
f 4751 4961 4748
f 6296 6297 6295
f 6295 6297 6298
f 6299 6300 6288
f 6288 6300 4735
f 6302 4961 6301
f 6301 4961 4960
f 6304 6287 6303
f 6303 6287 4749
f 4968 6305 4969
f 4969 6305 6306
f 4413 6308 6307
f 6307 6308 4900
f 6301 4960 6309
f 6309 4960 6291
f 4412 4408 6310
f 6310 4408 4806
f 4696 6311 4256
f 4256 6311 6312
f 6303 4749 6313
f 6313 4749 4748
f 6313 4748 6302
f 6302 4748 4961
f 6315 6316 6314
f 6314 6316 6317
f 4084 6318 6315
f 6315 6318 6316
f 4083 6319 4084
f 4084 6319 6318
f 4112 6320 4083
f 4083 6320 6319
f 6322 4138 6321
f 6321 4138 4137
f 6324 4128 6323
f 6323 4128 4127
f 4127 4193 6323
f 6323 4193 6325
f 4193 4891 6325
f 6325 4891 6326
f 4891 6327 6326
f 6326 6327 6328
f 6327 4824 5227
f 5227 4824 5228
f 5231 4684 6329
f 6329 4684 4683
f 4683 4099 6329
f 6329 4099 6330
f 4099 4102 6330
f 6330 4102 6331
f 4174 4826 4429
f 4429 4826 4829
f 4173 4741 4174
f 4174 4741 4826
f 4180 4738 4173
f 4173 4738 4741
f 6332 6333 4180
f 4180 6333 4738
f 6274 6334 4186
f 4186 6334 4188
f 4181 4825 4180
f 4180 4825 6332
f 5044 5213 5045
f 5045 5213 5165
f 5046 5087 5047
f 5047 5087 5222
f 5077 5063 5078
f 5078 5063 5198
f 5081 5099 5082
f 5082 5099 5194
f 5095 5074 5096
f 5096 5074 5073
f 5373 5170 5096
f 5096 5170 5093
f 5375 5171 5373
f 5373 5171 5170
f 5047 5222 5375
f 5375 5222 5171
f 5046 5038 5376
f 5376 5038 5067
f 5377 5086 5376
f 5376 5086 5085
f 5045 5165 5377
f 5377 5165 5086
f 5378 5214 5044
f 5044 5214 5213
f 5077 5034 5378
f 5378 5034 5214
f 5082 5194 5078
f 5078 5194 5035
f 5081 5080 5379
f 5379 5080 6335
f 5379 6335 5095
f 5095 6335 5074
f 5032 5080 5033
f 5033 5080 5079
f 5040 5017 5041
f 5041 5017 5016
f 5050 5043 5051
f 5051 5043 5042
f 5065 5023 5066
f 5066 5023 5022
f 5050 5049 5065
f 5065 5049 5023
f 5041 5016 5068
f 5068 5016 5020
f 5071 5374 5072
f 5072 5374 5200
f 5075 5156 5076
f 5076 5156 5155
f 5162 5212 5068
f 5068 5212 5067
f 5075 5074 5192
f 5192 5074 6335
f 5066 5022 5199
f 5199 5022 5196
f 5076 5155 5072
f 5072 5155 5069
f 5040 5039 5071
f 5071 5039 5374
f 5162 5161 5051
f 5051 5161 5048
f 5192 6335 5032
f 5032 6335 5080
f 5199 5196 5033
f 5033 5196 5030
f 5018 5211 5019
f 5019 5211 5408
f 5019 5408 5021
f 5021 5408 5163
f 5024 5057 5025
f 5025 5057 5415
f 5028 5048 5029
f 5029 5048 5161
f 5054 5031 5055
f 5055 5031 5030
f 5024 5023 5058
f 5058 5023 5049
f 5061 5070 5062
f 5062 5070 5069
f 5157 5438 5158
f 5158 5438 5442
f 5160 5191 5054
f 5054 5191 5031
f 5029 5161 5021
f 5021 5161 5020
f 5025 5415 5197
f 5197 5415 5220
f 5158 5442 5062
f 5062 5442 5059
f 5018 5017 5061
f 5061 5017 5070
f 5160 5159 5157
f 5157 5159 5438
f 5028 5027 5058
f 5058 5027 5056
f 5055 5030 5197
f 5197 5030 5196
f 5409 5380 5410
f 5410 5380 6336
f 5026 5413 5027
f 5027 5413 5412
f 5396 5417 5393
f 5393 5417 5416
f 5416 5057 5419
f 5419 5057 5056
f 5417 5396 5426
f 5426 5396 5420
f 5427 5423 5428
f 5428 5423 5422
f 5427 5059 5430
f 5430 5059 5442
f 5409 5408 5433
f 5433 5408 5211
f 5433 5211 5428
f 5428 5211 5060
f 5412 5411 5419
f 5419 5411 5418
f 5436 5053 5437
f 5437 5053 5052
f 5439 5402 5440
f 5440 5402 5401
f 5436 5435 5439
f 5439 5435 5402
f 5410 6336 5413
f 5413 6336 5414
f 5440 5401 5430
f 5430 5401 5429
f 5426 5420 5437
f 5437 5420 5434
f 5382 5432 5383
f 5383 5432 5384
f 5386 6336 5383
f 5383 6336 5380
f 6336 5386 5414
f 5414 5386 5388
f 5391 5418 5392
f 5392 5418 5411
f 5705 5395 5704
f 5704 5395 5394
f 5399 5435 5400
f 5400 5435 5434
f 5403 5441 5404
f 5404 5441 5405
f 5407 5429 5404
f 5404 5429 5401
f 5395 5705 5421
f 5421 5705 5748
f 5424 5706 5425
f 5425 5706 5431
f 5391 5390 5394
f 5394 5390 5704
f 5392 5388 5389
f 5389 5388 5387
f 5382 5381 5425
f 5425 5381 5422
f 5407 5406 5424
f 5424 5406 5706
f 5403 5402 5399
f 5399 5402 5435
f 5421 5748 5400
f 5400 5748 5397
f 4097 4721 4098
f 4098 4721 4231
f 4233 5273 4098
f 4098 5273 4095
f 6337 6338 4785
f 4785 6338 4786
f 4076 4780 4073
f 4073 4780 4781
f 4782 4190 4781
f 4781 4190 4073
f 4783 4901 4782
f 4782 4901 4190
f 4780 4076 4097
f 4097 4076 4721
f 6337 2879 4701
f 4701 2879 2878
f 5280 6339 5272
f 5272 6339 6340
f 5282 5281 6341
f 6341 5281 6342
f 4109 6302 4110
f 4110 6302 6301
f 4283 6304 4284
f 4284 6304 6303
f 6305 4379 6306
f 6306 4379 4378
f 4110 6301 4428
f 4428 6301 6309
f 6310 4688 4412
f 4412 4688 4687
f 4284 6303 4753
f 4753 6303 6313
f 4753 6313 4109
f 4109 6313 6302
f 6343 5226 4428
f 4428 5226 4427
f 4147 4900 4416
f 4416 4900 6308
f 6312 6311 4241
f 4241 6311 4720
f 5223 6344 4702
f 4702 6344 4699
f 4221 4220 6345
f 6345 4220 6346
f 5276 5275 6347
f 6347 5275 6348
f 5275 4728 6348
f 6348 4728 6349
f 4727 6350 5284
f 5284 6350 5285
f 6351 6352 6354
f 6354 6352 6353
f 5313 5312 5292
f 5292 5312 5293
f 5312 5344 5293
f 5293 5344 5337
f 5344 4914 5337
f 5337 4914 4916
f 4914 4913 4916
f 4916 4913 4917
f 4913 6355 4917
f 4917 6355 4978
f 6356 6357 6284
f 6284 6357 5012
f 6357 6358 5012
f 5012 6358 5011
f 5011 6358 5366
f 5366 6358 6359
f 6360 4742 6359
f 6359 4742 5366
f 4743 6361 4904
f 4904 6361 5364
f 5363 4905 5364
f 5364 4905 4904
f 5363 6362 4905
f 4905 6362 4207
f 6362 6363 4207
f 4207 6363 4208
f 6363 5342 4208
f 4208 5342 5330
f 5342 5341 5330
f 5330 5341 4244
f 5341 6364 4244
f 4244 6364 4245
f 6364 6365 4245
f 4245 6365 4246
f 6366 6367 4253
f 4253 6367 4250
f 4214 6368 4211
f 4211 6368 4380
f 4380 4379 4211
f 4211 4379 4283
f 4379 6305 4283
f 4283 6305 6304
f 6305 4968 6304
f 6304 4968 6287
f 4968 4967 6287
f 6287 4967 6286
f 4967 6297 6286
f 6286 6297 4676
f 6296 4376 4288
f 4288 4376 4285
f 4376 4373 4285
f 4285 4373 4290
f 6369 6370 6372
f 6372 6370 6371
f 5245 6373 5246
f 5246 6373 6374
f 4317 6375 4318
f 4318 6375 6376
f 4331 6377 4332
f 4332 6377 6378
f 6379 4333 6376
f 6376 4333 4318
f 4343 6380 4344
f 4344 6380 6381
f 4347 6382 4348
f 4348 6382 6383
f 4374 6371 4331
f 4331 6371 6377
f 4333 6379 4426
f 4426 6379 6384
f 4690 6385 4347
f 4347 6385 6382
f 4332 6378 4317
f 4317 6378 6375
f 4922 6386 4923
f 4923 6386 6387
f 6388 6389 4375
f 4375 6389 6390
f 6355 6356 4978
f 4978 6356 6284
f 4742 6360 4743
f 4743 6360 6361
f 6391 4238 6392
f 6392 4238 4719
f 6392 4719 6393
f 6393 4719 5296
f 6395 6396 6394
f 6394 6396 6397
f 6399 6400 6398
f 6398 6400 6401
f 6402 5302 6403
f 6403 5302 5303
f 5303 5321 6403
f 6403 5321 6404
f 5320 6405 5321
f 5321 6405 6404
f 5319 6406 5350
f 5350 6406 5351
f 5319 5318 6406
f 6406 5318 6407
f 5288 4197 6408
f 6408 4197 6409
f 4217 4216 6410
f 6410 4216 6411
f 5227 6412 6327
f 6327 6412 6328
f 4892 6413 5227
f 5227 6413 6412
f 4228 6414 4892
f 4892 6414 6413
f 4227 6415 4228
f 4228 6415 6414
f 4248 6416 4227
f 4227 6416 6415
f 4247 6417 4248
f 4248 6417 6416
f 6417 4247 6419
f 6419 4247 6418
f 6419 6418 6421
f 6421 6418 6420
f 6422 5301 6423
f 6423 5301 5300
f 6423 5300 6424
f 6424 5300 6399
f 6408 6409 6398
f 6398 6409 6425
f 6426 6427 6397
f 6397 6427 6394
f 6428 4224 6429
f 6429 4224 4223
f 6347 6346 5276
f 5276 6346 4220
f 6346 6347 6341
f 6341 6347 6339
f 5280 5278 5282
f 5282 5278 4236
f 4896 5224 4684
f 4684 5224 4681
f 4132 4135 4896
f 4896 4135 5224
f 4131 4136 4132
f 4132 4136 4135
f 4226 4754 4131
f 4131 4754 4136
f 4251 4213 4226
f 4226 4213 4754
f 4250 4214 4251
f 4251 4214 4213
f 4250 6367 4214
f 4214 6367 6368
f 6367 4910 6368
f 6368 4910 4737
f 4909 5297 4736
f 4736 5297 5296
f 5297 6395 5296
f 5296 6395 6393
f 6427 6430 6394
f 6394 6430 6431
f 6429 4383 6428
f 6428 4383 4382
f 4219 5277 4220
f 4220 5277 5276
f 4222 4697 4383
f 4383 4697 4218
f 6345 4699 4221
f 4221 4699 6344
f 6342 4700 6345
f 6345 4700 4699
f 4235 4786 5281
f 5281 4786 6338
f 4234 4787 4235
f 4235 4787 4786
f 5279 5278 6432
f 6432 5278 5271
f 4237 5279 6433
f 6433 5279 6432
f 4787 4234 6433
f 6433 4234 4237
f 6435 6436 6434
f 6434 6436 6437
f 6359 6438 6360
f 6360 6438 6437
f 6439 6440 6441
f 6441 6440 6438
f 6443 6439 6442
f 6442 6439 6441
f 6357 6356 6442
f 6442 6356 6444
f 6444 6446 6445
f 6445 6446 6447
f 4912 6446 4913
f 4913 6446 6355
f 6361 6436 5364
f 5364 6436 5365
f 5319 5350 5316
f 5316 5350 6448
f 4832 6449 5350
f 5350 6449 6448
f 4831 6450 4832
f 4832 6450 6449
f 5354 6451 5320
f 5320 6451 6405
f 4265 6452 5354
f 5354 6452 6451
f 4264 6453 4265
f 4265 6453 6452
f 6450 4831 6447
f 6447 4831 6445
f 4263 6435 4264
f 4264 6435 6434
f 6454 6453 6439
f 6439 6453 6440
f 6439 6443 6454
f 6454 6443 4834
f 4833 6455 4834
f 4834 6455 6454
f 5351 6456 4833
f 4833 6456 6455
f 6457 6391 6458
f 6458 6391 6392
f 6458 6392 6431
f 6431 6392 6393
f 5298 6396 5297
f 5297 6396 6395
f 6402 6400 5302
f 5302 6400 5299
f 6402 6403 6459
f 6459 6403 6460
f 6460 6403 6461
f 6461 6403 6404
f 6405 6462 6404
f 6404 6462 6461
f 6406 6462 5351
f 5351 6462 6456
f 6406 6407 6462
f 6462 6407 6461
f 6407 6463 6461
f 6461 6463 6460
f 6463 6464 6460
f 6460 6464 6459
f 6464 6465 6459
f 6459 6465 6401
f 6430 6466 6431
f 6431 6466 6458
f 6466 6410 6458
f 6458 6410 6457
f 6410 6411 6457
f 6457 6411 6467
f 6396 6424 6397
f 6397 6424 6425
f 6393 6395 6431
f 6431 6395 6394
f 6451 6456 6405
f 6405 6456 6462
f 6452 6455 6451
f 6451 6455 6456
f 6453 6454 6452
f 6452 6454 6455
f 6443 6445 4834
f 4834 6445 4831
f 6440 6453 6434
f 6434 6453 4264
f 6468 5306 5360
f 5360 5306 5305
f 6469 4124 6468
f 6468 4124 5306
f 6470 4125 6469
f 6469 4125 4124
f 6471 5291 6470
f 6470 5291 4125
f 6353 5292 6471
f 6471 5292 5291
f 5292 6353 5313
f 5313 6353 6352
f 5347 5314 6352
f 6352 5314 5313
f 5353 5318 5346
f 5346 5318 5317
f 5334 6468 5358
f 5358 6468 5360
f 5324 6469 5334
f 5334 6469 6468
f 5323 6470 5324
f 5324 6470 6469
f 5343 6471 5323
f 5323 6471 6470
f 6354 6353 5343
f 5343 6353 6471
f 6348 6349 4270
f 4270 6349 5311
f 5272 6340 5273
f 5273 6340 4272
f 6432 5271 4232
f 4232 5271 4233
f 4294 6432 4295
f 4295 6432 4232
f 6432 4294 6433
f 6433 4294 4301
f 4301 4300 6433
f 6433 4300 4787
f 4704 4784 4300
f 4300 4784 4787
f 4704 3013 4784
f 4784 3013 1307
f 5103 6472 5104
f 5104 6472 5202
f 5108 5116 5105
f 5105 5116 5115
f 5111 5124 5112
f 5112 5124 5123
f 5154 5205 5105
f 5105 5205 5106
f 5167 5180 5168
f 5168 5180 5185
f 5175 5188 5176
f 5176 5188 5187
f 5112 5123 5178
f 5178 5123 5120
f 5167 5090 5183
f 5183 5090 5089
f 5210 5151 5183
f 5183 5151 5181
f 5216 5138 5217
f 5217 5138 5137
f 5218 5119 5219
f 5219 5119 5221
f 5218 5178 5119
f 5119 5178 5120
f 5217 5137 5104
f 5104 5137 5101
f 5116 5108 5221
f 5221 5108 5219
f 5111 5110 5210
f 5210 5110 5151
f 5154 5153 5103
f 5103 5153 6472
f 5216 5215 5176
f 5176 5215 5173
f 5175 5174 5168
f 5168 5174 5166
f 5091 5172 5092
f 5092 5172 5208
f 5117 5037 5118
f 5118 5037 5036
f 5121 5164 5122
f 5122 5164 5133
f 5125 5084 5126
f 5126 5084 5083
f 5129 5174 5130
f 5130 5174 5173
f 5131 5202 5132
f 5132 5202 6472
f 5135 5221 5122
f 5122 5221 5119
f 5125 5124 5136
f 5136 5124 5209
f 5126 5083 5121
f 5121 5083 5164
f 5118 5036 5195
f 5195 5036 5193
f 5131 5097 5203
f 5203 5097 5114
f 5132 6472 5195
f 5195 6472 5153
f 5136 5209 5092
f 5092 5209 5089
f 5135 5134 5117
f 5117 5134 5037
f 5362 5206 5130
f 5130 5206 5127
f 5372 5371 5128
f 5128 5371 5129
f 5371 5372 5091
f 5091 5372 5172
f 5362 5215 5203
f 5203 5215 5201
f 6463 6407 5353
f 5353 6407 5318
f 6464 6463 5352
f 5352 6463 5353
f 6408 6465 5288
f 5288 6465 5289
f 4196 4224 6426
f 6426 4224 6427
f 6430 6427 6428
f 6428 6427 4224
f 6466 6430 4382
f 4382 6430 6428
f 6410 6466 4217
f 4217 6466 4382
f 4240 4239 3015
f 3015 4239 3016
f 4254 4257 3017
f 3017 4257 3018
f 6473 6474 4732
f 4732 6474 6475
f 6474 6374 6475
f 6475 6374 6373
f 5246 6374 3022
f 3022 6374 3023
f 4254 6299 4255
f 4255 6299 6288
f 6473 6300 3024
f 3024 6300 3025
f 6476 4257 6312
f 6312 4257 4256
f 4240 6476 4241
f 4241 6476 6312
f 6477 4239 6391
f 6391 4239 4238
f 6467 6477 6457
f 6457 6477 6391
f 6411 3029 6467
f 6467 3029 3028
f 4216 3030 6411
f 6411 3030 3029
f 6479 6480 6478
f 6478 6480 6481
f 6483 6484 6482
f 6482 6484 6485
f 6486 6487 4102
f 4102 6487 6331
f 6483 6488 6478
f 6478 6488 6489
f 4429 4829 6490
f 6490 4829 6479
f 6491 6486 4101
f 4101 6486 4102
f 4895 6491 4899
f 4899 6491 4101
f 4160 6488 4157
f 4157 6488 6492
f 6489 4087 6490
f 6490 4087 4090
f 4267 4261 5013
f 5013 4261 4260
f 4258 4261 5328
f 5328 4261 4975
f 4261 4267 4975
f 4975 4267 4266
f 5367 3793 3912
f 3912 3793 3575
f 6494 3616 6493
f 6493 3616 3795
f 6496 3589 6495
f 6495 3589 3588
f 6495 3588 5368
f 5368 3588 3794
f 3841 3840 3050
f 3050 3840 3051
f 3912 3911 3052
f 3052 3911 3053
f 3929 3930 3054
f 3054 3930 3055
f 5370 3930 3916
f 3916 3930 3923
f 3938 5369 3807
f 3807 5369 3915
f 3589 6496 3806
f 3806 6496 3937
f 3938 3937 3056
f 3056 3937 3057
f 3051 3840 3058
f 3058 3840 3943
f 3730 4808 3727
f 3727 4808 3943
f 3820 3951 3795
f 3795 3951 6493
f 3951 3841 3059
f 3059 3841 3050
f 3911 3574 6494
f 6494 3574 3616
f 3823 3929 3824
f 3824 3929 3952
f 4061 4060 3060
f 3060 4060 3061
f 6497 6498 4901
f 4901 6498 4790
f 6333 6499 4738
f 4738 6499 4739
f 6500 6501 6314
f 6314 6501 4418
f 6502 6275 4417
f 4417 6275 4185
f 6503 6497 4783
f 4783 6497 4901
f 6498 4060 4790
f 4790 4060 4059
f 4808 4061 3069
f 3069 4061 3060
f 5367 3071 5368
f 5368 3071 3070
f 5369 3073 5370
f 5370 3073 3072
f 6274 6275 3074
f 3074 6275 3075
f 6499 6504 4739
f 4739 6504 6317
f 6333 6332 3077
f 3077 6332 3078
f 6334 6274 3079
f 3079 6274 3074
f 6332 4825 3078
f 3078 4825 3080
f 6334 6503 4188
f 4188 6503 4783
f 4825 4689 3080
f 3080 4689 1330
f 6506 4747 6505
f 6505 4747 4746
f 6505 6507 6506
f 6506 6507 6508
f 4297 6509 4920
f 4920 6509 6510
f 4296 6511 4297
f 4297 6511 6509
f 6506 6508 4319
f 4319 6508 6512
f 4372 4371 6514
f 6514 4371 6513
f 6511 4296 5251
f 5251 4296 4305
f 5251 5250 6511
f 6511 5250 6515
f 6516 6509 6515
f 6515 6509 6511
f 6517 6507 6519
f 6519 6507 6518
f 6512 6520 6513
f 6513 6520 6514
f 6507 6517 6508
f 6508 6517 6521
f 5249 6523 6522
f 6522 6523 6524
f 6525 6370 5253
f 5253 6370 6526
f 4370 4323 4371
f 4371 4323 4326
f 4370 3103 4323
f 4323 3103 1541
f 6521 6517 6527
f 6527 6517 6519
f 6520 6528 6514
f 6514 6528 6529
f 6531 6532 6530
f 6530 6532 6533
f 5250 6534 6515
f 6515 6534 6535
f 6530 6533 6536
f 6536 6533 6537
f 6526 6538 6534
f 6534 6538 6537
f 6515 6535 6516
f 6516 6535 6539
f 4325 4321 4326
f 4326 4321 4320
f 4371 4326 6513
f 6513 4326 4320
f 6531 4731 6541
f 6541 4731 6540
f 4731 4730 6540
f 6540 4730 6542
f 4730 3121 6542
f 6542 3121 3120
f 6530 4328 6531
f 6531 4328 4731
f 4328 6530 4329
f 4329 6530 6536
f 4329 6536 6524
f 6524 6536 6543
f 6544 6545 6522
f 6522 6545 5248
f 6389 6388 5245
f 5245 6388 6373
f 6388 6546 6373
f 6373 6546 6475
f 4733 6546 6295
f 6295 6546 4377
f 4732 6475 4733
f 4733 6475 6546
f 4393 4432 4394
f 4394 4432 4435
f 4434 4672 4842
f 4842 4672 4671
f 4440 4439 4441
f 4441 4439 4438
f 4436 4450 4437
f 4437 4450 4398
f 4447 4444 4448
f 4448 4444 4392
f 4446 4464 4433
f 4433 4464 6547
f 4454 4423 4455
f 4455 4423 4422
f 4452 4481 4453
f 4453 4481 4480
f 4458 4389 4459
f 4459 4389 4388
f 4456 4471 4457
f 4457 4471 4468
f 4391 4460 4392
f 4392 4460 4448
f 4461 4467 4445
f 4445 4467 4465
f 4437 4398 4629
f 4629 4398 4397
f 4438 4628 4441
f 4441 4628 4631
f 4841 4629 4839
f 4839 4629 4397
f 4628 4842 4631
f 4631 4842 4671
f 4930 4989 4452
f 4452 4989 4481
f 4929 4927 4436
f 4436 4927 4450
f 4933 4387 4934
f 4934 4387 4386
f 4931 4475 4932
f 4932 4475 4474
f 4936 4449 4933
f 4933 4449 4387
f 4935 4472 4456
f 4456 4472 4471
f 4389 4458 4391
f 4391 4458 4460
f 4457 4468 4461
f 4461 4468 4467
f 4934 4386 4454
f 4454 4386 4423
f 4453 4480 4931
f 4931 4480 4475
f 4575 4997 4576
f 4576 4997 4639
f 4579 4596 4580
f 4580 4596 4595
f 4583 4582 4572
f 4572 4582 4569
f 4587 4944 4588
f 4588 4944 4562
f 4588 4562 4590
f 4590 4562 4561
f 4576 4639 4642
f 4642 4639 4638
f 4642 4845 4641
f 4641 4845 4846
f 4845 4590 4846
f 4846 4590 4561
f 4941 4938 4595
f 4595 4938 4580
f 4938 4940 4668
f 4668 4940 4669
f 4583 4942 4584
f 4584 4942 4947
f 4582 4587 4569
f 4569 4587 4586
f 5000 5001 4579
f 4579 5001 4596
f 4558 4560 4585
f 4585 4560 4586
f 4565 4639 4566
f 4566 4639 4997
f 4568 4567 4577
f 4577 4567 4578
f 4570 4554 4571
f 4571 4554 4556
f 4640 4565 4637
f 4637 4565 4546
f 4662 4664 4665
f 4665 4664 4844
f 4662 4558 4589
f 4589 4558 4585
f 4554 4570 4557
f 4557 4570 4560
f 4571 4667 4572
f 4572 4667 4943
f 4551 4670 4552
f 4552 4670 4666
f 4640 4664 4638
f 4638 4664 4663
f 4670 4568 4668
f 4668 4568 4577
f 4999 4996 4566
f 4566 4996 4543
f 4608 4564 4603
f 4603 4564 4563
f 4573 4593 4574
f 4574 4593 4592
f 4597 4614 4598
f 4598 4614 4613
f 4601 4600 4584
f 4584 4600 4581
f 4563 4562 4604
f 4604 4562 4944
f 4643 4593 4641
f 4641 4593 4573
f 4643 4847 4644
f 4644 4847 4848
f 4564 4847 4561
f 4561 4847 4846
f 4945 4941 4598
f 4598 4941 4595
f 4941 4945 4939
f 4939 4945 4946
f 4601 4948 4602
f 4602 4948 4620
f 4600 4604 4581
f 4581 4604 4944
f 5002 5003 4597
f 4597 5003 4614
f 4988 4759 4953
f 4953 4759 4402
f 4706 6548 4707
f 4707 6548 6549
f 4311 4928 4419
f 4419 4928 6550
f 4921 4920 6551
f 6551 4920 6552
f 4925 6553 4926
f 4926 6553 6554
f 4928 4921 4802
f 4802 4921 6551
f 6555 4985 6550
f 6550 4985 4419
f 4952 6556 4953
f 4953 6556 4649
f 4971 6557 4706
f 4706 6557 6548
f 4988 4648 4925
f 4925 4648 6553
f 4707 6549 5006
f 5006 6549 4987
f 4920 6510 6552
f 6552 6510 6518
f 6558 6510 6516
f 6516 6510 6509
f 6559 6558 6539
f 6539 6558 6516
f 6531 6541 6532
f 6532 6541 6560
f 6540 6561 6541
f 6541 6561 6529
f 6542 6562 6540
f 6540 6562 6561
f 6542 3120 6562
f 6562 3120 3142
f 4366 6563 4760
f 4760 6563 4970
f 4815 6564 4816
f 4816 6564 6565
f 3147 3146 6565
f 6565 3146 4816
f 6564 6563 6565
f 6565 6563 6566
f 4837 4385 4357
f 4357 4385 4358
f 6565 6566 3147
f 3147 6566 3149
f 4694 1209 3150
f 5247 5249 5248
f 5248 5249 6522
f 6372 6390 6545
f 6545 6390 6389
f 6375 5254 6376
f 6376 5254 5258
f 6377 6525 6378
f 6378 6525 5255
f 5260 6379 5258
f 5258 6379 6376
f 6380 6567 6381
f 6381 6567 6568
f 6382 6569 6383
f 6383 6569 6570
f 6377 6371 6525
f 6525 6371 6370
f 6379 5260 6384
f 6384 5260 6571
f 6385 6572 6382
f 6382 6572 6569
f 6378 5255 6375
f 6375 5255 5254
f 6386 6573 6387
f 6387 6573 6574
f 6545 6389 5248
f 5248 6389 5245
f 4675 4750 4676
f 4676 4750 6286
f 4734 6289 4735
f 4735 6289 6288
f 4804 6290 4805
f 4805 6290 4963
f 4811 4807 4812
f 4812 4807 4411
f 4954 6292 4955
f 4955 6292 4959
f 4964 4962 4965
f 4965 4962 4751
f 6285 4821 4812
f 4812 4821 4809
f 4675 4287 4965
f 4965 4287 4210
f 6294 4145 4955
f 4955 4145 4154
f 4964 4120 4805
f 4805 4120 4119
f 6298 4966 4734
f 4734 4966 6289
f 6300 6473 4735
f 4735 6473 4732
f 6297 6296 4676
f 4676 6296 4288
f 6523 3160 4330
f 4330 3160 3159
f 5253 5252 6525
f 6525 5252 5255
f 5256 5252 4305
f 4305 5252 5251
f 4304 5257 4305
f 4305 5257 5256
f 4424 5259 4304
f 4304 5259 5257
f 5261 6571 5259
f 5259 6571 5260
f 5262 6573 5261
f 5261 6573 6571
f 5264 6567 5265
f 5265 6567 6574
f 5266 6572 5267
f 5267 6572 6568
f 5268 6570 5269
f 5269 6570 6569
f 1807 3161 5268
f 5268 3161 6570
f 6524 6523 4329
f 4329 6523 4330
f 5253 6526 5250
f 5250 6526 6534
f 6543 6538 6544
f 6544 6538 6369
f 6524 6543 6522
f 6522 6543 6544
f 3071 5367 3052
f 3052 5367 3912
f 6493 3163 6494
f 6494 3163 3162
f 3164 445 3771
f 3771 445 3761
f 461 3165 3919
f 3919 3165 3920
f 330 410 3839
f 3839 410 3910
f 332 331 3552
f 3552 331 3551
f 464 304 3918
f 3918 304 3816
f 385 458 3766
f 3766 458 3894
f 412 415 3762
f 3762 415 3763
f 3166 337 3748
f 3748 337 3745
f 3072 3055 5370
f 5370 3055 3930
f 3073 5369 3056
f 3056 5369 3938
f 3167 3057 6496
f 6496 3057 3937
f 3069 3058 4808
f 4808 3058 3943
f 411 3166 3851
f 3851 3166 3748
f 3059 3163 3951
f 3951 3163 6493
f 336 3164 3772
f 3772 3164 3771
f 3053 3911 3162
f 3162 3911 6494
f 3054 3168 3929
f 3929 3168 3952
f 3165 830 3920
f 3920 830 3945
f 3170 3169 6497
f 6497 3169 6498
f 3171 1354 5005
f 5005 1354 4830
f 3172 3170 6503
f 6503 3170 6497
f 3169 3061 6498
f 6498 3061 4060
f 3173 3171 5006
f 5006 3171 5005
f 3079 3172 6334
f 6334 3172 6503
f 3174 3025 6299
f 6299 3025 6300
f 6576 6577 6575
f 6575 6577 6578
f 4612 4611 6579
f 6579 4611 6580
f 6582 6583 6581
f 6581 6583 6584
f 6584 6585 4618
f 4618 6585 4621
f 6586 6587 6589
f 6589 6587 6588
f 6588 6587 6590
f 6590 6587 6591
f 6592 4606 6590
f 6590 4606 4623
f 6594 6576 6593
f 6593 6576 6575
f 6595 6582 6579
f 6579 6582 6581
f 6580 6597 6596
f 6596 6597 6598
f 6577 6576 6599
f 6599 6576 6600
f 6595 6596 6601
f 6601 6596 6602
f 6583 6582 6603
f 6603 6582 6604
f 6586 6606 6605
f 6605 6606 6607
f 6587 6586 6608
f 6608 6586 6605
f 6587 6608 6591
f 6591 6608 6609
f 6576 6594 6600
f 6600 6594 6610
f 6582 6595 6604
f 6604 6595 6601
f 6599 6611 6577
f 6577 6611 6598
f 6613 6614 6612
f 6612 6614 6615
f 6617 6618 6616
f 6616 6618 6619
f 6621 6622 6620
f 6620 6622 6623
f 6625 6626 6624
f 6624 6626 6627
f 6629 6630 6628
f 6628 6630 6631
f 6633 6634 6632
f 6632 6634 6635
f 6637 6638 6636
f 6636 6638 6639
f 6640 6641 6637
f 6637 6641 6638
f 6643 6633 6642
f 6642 6633 6632
f 6645 6646 6644
f 6644 6646 6647
f 6646 6648 6647
f 6647 6648 6649
f 6651 6652 6650
f 6650 6652 6653
f 6653 6652 6654
f 6654 6652 6655
f 6656 6657 6659
f 6659 6657 6658
f 6661 6662 6660
f 6660 6662 6663
f 6662 6661 6664
f 6664 6661 6665
f 6667 6657 6666
f 6666 6657 6656
f 6669 6670 6668
f 6668 6670 6671
f 6672 6673 6670
f 6670 6673 6671
f 6674 6675 6677
f 6677 6675 6676
f 6675 6678 6676
f 6676 6678 6679
f 6681 6682 6680
f 6680 6682 6683
f 6684 6685 6683
f 6683 6685 6680
f 6687 6688 6686
f 6686 6688 6689
f 6687 6690 6688
f 6688 6690 6691
f 6619 6618 6633
f 6633 6618 6634
f 6632 6635 6693
f 6693 6635 6692
f 6617 6694 6636
f 6636 6694 6637
f 6695 6692 6639
f 6639 6692 6635
f 6637 6694 6640
f 6640 6694 6696
f 6698 6638 6697
f 6697 6638 6641
f 6643 6616 6633
f 6633 6616 6619
f 6642 6699 6641
f 6641 6699 6697
f 6646 6645 6700
f 6700 6645 6621
f 6644 6701 6654
f 6654 6701 6702
f 6700 6703 6646
f 6646 6703 6648
f 6693 6704 6649
f 6649 6704 6647
f 6620 6623 6651
f 6651 6623 6652
f 6693 6649 6699
f 6699 6649 6650
f 6652 6623 6655
f 6655 6623 6622
f 6654 6702 6653
f 6653 6702 6697
f 6615 6614 6657
f 6657 6614 6658
f 6705 6656 6704
f 6704 6656 6659
f 6613 6706 6660
f 6660 6706 6661
f 6704 6659 6701
f 6701 6659 6663
f 6661 6706 6665
f 6665 6706 6707
f 6708 6702 6664
f 6664 6702 6662
f 6612 6615 6667
f 6667 6615 6657
f 6666 6709 6664
f 6664 6709 6708
f 6629 6710 6669
f 6669 6710 6670
f 6668 6711 6679
f 6679 6711 6712
f 6713 6672 6710
f 6710 6672 6670
f 6714 6671 6705
f 6705 6671 6673
f 6628 6631 6674
f 6674 6631 6675
f 6705 6673 6709
f 6709 6673 6677
f 6631 6630 6675
f 6675 6630 6678
f 6712 6708 6679
f 6679 6708 6676
f 6625 6715 6682
f 6682 6715 6683
f 6716 6717 6681
f 6681 6717 6691
f 6718 6684 6715
f 6715 6684 6683
f 6719 6680 6714
f 6714 6680 6685
f 6624 6627 6686
f 6686 6627 6687
f 6689 6711 6685
f 6685 6711 6714
f 6627 6626 6687
f 6687 6626 6690
f 6717 6712 6691
f 6691 6712 6688
f 6612 6707 6613
f 6613 6707 6706
f 6616 6696 6617
f 6617 6696 6694
f 6703 6700 6620
f 6620 6700 6621
f 6715 6625 6718
f 6718 6625 6624
f 6710 6629 6713
f 6713 6629 6628
f 6639 6635 6636
f 6636 6635 6634
f 6641 6640 6642
f 6642 6640 6643
f 6654 6655 6644
f 6644 6655 6645
f 6651 6650 6648
f 6648 6650 6649
f 6659 6658 6663
f 6663 6658 6660
f 6665 6667 6664
f 6664 6667 6666
f 6678 6669 6679
f 6679 6669 6668
f 6673 6672 6677
f 6677 6672 6674
f 6690 6682 6691
f 6691 6682 6681
f 6685 6684 6689
f 6689 6684 6686
f 6636 6634 6617
f 6617 6634 6618
f 6638 6698 6639
f 6639 6698 6695
f 6640 6696 6643
f 6643 6696 6616
f 6693 6699 6632
f 6632 6699 6642
f 6655 6622 6645
f 6645 6622 6621
f 6704 6701 6647
f 6647 6701 6644
f 6651 6648 6620
f 6620 6648 6703
f 6650 6653 6699
f 6699 6653 6697
f 6613 6660 6614
f 6614 6660 6658
f 6663 6662 6701
f 6701 6662 6702
f 6665 6707 6667
f 6667 6707 6612
f 6705 6709 6656
f 6656 6709 6666
f 6630 6629 6678
f 6678 6629 6669
f 6714 6711 6671
f 6671 6711 6668
f 6672 6713 6674
f 6674 6713 6628
f 6677 6676 6709
f 6709 6676 6708
f 6626 6625 6690
f 6690 6625 6682
f 6680 6719 6681
f 6681 6719 6716
f 6684 6718 6686
f 6686 6718 6624
f 6711 6689 6712
f 6689 6688 6712
f 6593 6720 6594
f 6594 6720 6721
f 6722 6720 4607
f 4607 6720 4849
f 6592 6723 6722
f 6722 6723 6724
f 4610 4609 6578
f 6578 4609 6575
f 6596 6595 6580
f 6580 6595 6579
f 4618 4617 6584
f 6584 4617 6581
f 6589 6585 6586
f 6586 6585 6606
f 4622 4619 6588
f 6588 4619 6589
f 4622 6588 4623
f 4623 6588 6590
f 4609 4645 6575
f 6575 4645 6593
f 4617 4612 6581
f 6581 4612 6579
f 5004 4610 6597
f 6597 4610 6578
f 4645 4849 6593
f 6593 4849 6720
f 6724 6721 6722
f 6722 6721 6720
f 6722 4607 6592
f 6592 4607 4606
f 6725 6610 6721
f 6721 6610 6594
f 6723 6726 6724
f 6724 6726 6727
f 6727 6725 6724
f 6724 6725 6721
f 6728 6729 6605
f 6605 6729 6608
f 6605 6607 6728
f 6728 6607 6730
f 6731 6732 6604
f 6604 6732 6603
f 6733 6734 6725
f 6725 6734 6610
f 6735 6733 6727
f 6727 6733 6725
f 6735 6727 6736
f 6736 6727 6726
f 6591 6609 6723
f 6723 6609 6726
f 6723 6592 6591
f 6591 6592 6590
f 6738 6739 6737
f 6737 6739 6740
f 6740 6739 6742
f 6742 6739 6741
f 6743 6744 6741
f 6741 6744 6742
f 6745 6746 6743
f 6743 6746 6744
f 6747 6748 6745
f 6745 6748 6746
f 6749 6750 6747
f 6747 6750 6748
f 6752 6738 6751
f 6751 6738 6737
f 6754 6752 6753
f 6753 6752 6751
f 6756 6754 6755
f 6755 6754 6753
f 6758 6750 6757
f 6757 6750 6749
f 6760 6756 6759
f 6759 6756 6755
f 6762 6760 6761
f 6761 6760 6759
f 6764 6762 6763
f 6763 6762 6761
f 6757 6764 6758
f 6758 6764 6763
f 6766 6741 6765
f 6765 6741 6739
f 6767 6743 6766
f 6766 6743 6741
f 6768 6745 6767
f 6767 6745 6743
f 6769 6747 6768
f 6768 6747 6745
f 6770 6749 6769
f 6769 6749 6747
f 6772 6769 6771
f 6771 6769 6768
f 6773 6770 6772
f 6772 6770 6769
f 6774 6775 6772
f 6772 6775 6773
f 6777 6778 6776
f 6776 6778 6779
f 6775 6774 6778
f 6778 6774 6779
f 6771 6780 6772
f 6772 6780 6774
f 6780 6781 6774
f 6774 6781 6779
f 6781 6782 6779
f 6779 6782 6776
f 6784 6785 6783
f 6783 6785 6786
f 6786 6787 6783
f 6783 6787 6788
f 6790 6788 6789
f 6789 6788 6787
f 6786 6785 6791
f 6791 6785 6792
f 6791 6793 6786
f 6786 6793 6787
f 6793 6794 6787
f 6787 6794 6789
f 6795 6796 6794
f 6794 6796 6789
f 6790 6789 6797
f 6797 6789 6796
f 6798 6765 6738
f 6738 6765 6739
f 6799 6798 6752
f 6752 6798 6738
f 6767 6800 6768
f 6768 6800 6771
f 6766 6801 6767
f 6767 6801 6800
f 6802 6801 6765
f 6765 6801 6766
f 6798 6803 6765
f 6765 6803 6802
f 6804 6803 6799
f 6799 6803 6798
f 6805 6806 6804
f 6804 6806 6803
f 6807 6799 6754
f 6754 6799 6752
f 6808 6804 6807
f 6807 6804 6799
f 6809 6805 6808
f 6808 6805 6804
f 6810 6811 6805
f 6805 6811 6806
f 6812 6813 6810
f 6810 6813 6811
f 6814 6815 6796
f 6796 6815 6797
f 6813 6814 6816
f 6816 6814 6817
f 6816 6818 6813
f 6813 6818 6811
f 6819 6806 6818
f 6818 6806 6811
f 6802 6803 6819
f 6819 6803 6806
f 6757 6749 6820
f 6820 6749 6770
f 6820 6770 6821
f 6821 6770 6773
f 6821 6773 6822
f 6822 6773 6775
f 6822 6775 6823
f 6823 6775 6778
f 6824 6823 6777
f 6777 6823 6778
f 6784 6825 6777
f 6777 6825 6824
f 6826 6827 6788
f 6788 6827 6783
f 6828 6826 6790
f 6790 6826 6788
f 6829 6828 6797
f 6797 6828 6790
f 6815 6830 6797
f 6797 6830 6829
f 6832 6812 6831
f 6831 6812 6810
f 6831 6810 6809
f 6809 6810 6805
f 6736 6800 6735
f 6735 6800 6801
f 6733 6735 6802
f 6802 6735 6801
f 6734 6733 6819
f 6819 6733 6802
f 6833 6734 6818
f 6818 6734 6819
f 6834 6833 6816
f 6816 6833 6818
f 6816 6817 6834
f 6834 6817 6835
f 6837 6795 6836
f 6836 6795 6794
f 6836 6794 6731
f 6731 6794 6793
f 6732 6731 6791
f 6791 6731 6793
f 6791 6792 6732
f 6732 6792 6730
f 6729 6728 6781
f 6781 6728 6782
f 6838 6807 6756
f 6756 6807 6754
f 6839 6838 6760
f 6760 6838 6756
f 6840 6839 6762
f 6762 6839 6760
f 6841 6840 6764
f 6764 6840 6762
f 6820 6841 6757
f 6757 6841 6764
f 6841 6820 6842
f 6842 6820 6821
f 6840 6841 6843
f 6843 6841 6842
f 6839 6840 6844
f 6844 6840 6843
f 6838 6839 6845
f 6845 6839 6844
f 6807 6838 6808
f 6808 6838 6845
f 6842 6821 6846
f 6846 6821 6822
f 6843 6842 6847
f 6847 6842 6846
f 6844 6843 6848
f 6848 6843 6847
f 6845 6844 6849
f 6849 6844 6848
f 6808 6845 6809
f 6809 6845 6849
f 6850 6831 6849
f 6849 6831 6809
f 6851 6850 6848
f 6848 6850 6849
f 6847 6852 6848
f 6848 6852 6851
f 6853 6852 6846
f 6846 6852 6847
f 6846 6822 6853
f 6853 6822 6823
f 6853 6823 6854
f 6854 6823 6824
f 6854 6855 6853
f 6853 6855 6852
f 6856 6851 6855
f 6855 6851 6852
f 6856 6857 6851
f 6851 6857 6850
f 6857 6832 6850
f 6850 6832 6831
f 6825 6858 6824
f 6824 6858 6854
f 6860 6827 6859
f 6859 6827 6826
f 6859 6826 6861
f 6861 6826 6828
f 6862 6861 6829
f 6829 6861 6828
f 6830 6863 6829
f 6829 6863 6862
f 6863 6864 6862
f 6862 6864 6865
f 6858 6866 6854
f 6854 6866 6855
f 6867 6865 6866
f 6866 6865 6864
f 6869 6859 6868
f 6868 6859 6861
f 6867 6869 6865
f 6865 6869 6868
f 6861 6862 6868
f 6868 6862 6865
f 6867 6860 6869
f 6869 6860 6859
f 6753 6751 6698
f 6698 6751 6695
f 6697 6755 6698
f 6698 6755 6753
f 6759 6755 6702
f 6702 6755 6697
f 6761 6759 6708
f 6708 6759 6702
f 6763 6761 6712
f 6712 6761 6708
f 6758 6763 6717
f 6717 6763 6712
f 6750 6758 6716
f 6716 6758 6717
f 6719 6748 6716
f 6716 6748 6750
f 6714 6746 6719
f 6719 6746 6748
f 6705 6744 6714
f 6714 6744 6746
f 6704 6742 6705
f 6705 6742 6744
f 6740 6742 6693
f 6693 6742 6704
f 6737 6740 6692
f 6692 6740 6693
f 6751 6737 6695
f 6695 6737 6692
f 6601 6602 6836
f 6836 6602 6837
f 6604 6601 6731
f 6731 6601 6836
f 6599 6600 6834
f 6834 6600 6833
f 6834 6835 6599
f 6599 6835 6611
f 6600 6610 6833
f 6833 6610 6734
f 6780 6771 6870
f 6870 6771 6736
f 6736 6771 6800
f 6870 6729 6780
f 6780 6729 6781
f 6608 6729 6609
f 6609 6729 6870
f 6609 6870 6726
f 6726 6870 6736
f 5014 5015 5229
f 5229 5015 5230
f 4258 5015 4259
f 4259 5015 4878
f 3471 3013 4703
f 4703 3013 4704
f 2879 6337 1306
f 1306 6337 4785
f 829 3471 4316
f 4316 3471 4703
f 4702 3472 5223
f 5223 3472 1756
f 6871 6872 4534
f 4534 6872 4535
f 6871 4665 6872
f 6872 4665 4844
f 6871 6873 4665
f 4665 6873 4559
f 6871 4534 6873
f 6873 4534 4542
f 4153 4152 4822
f 4822 4152 4407
f 4152 4168 4407
f 4407 4168 4342
f 4343 4168 4923
f 4923 4168 4167
f 4363 4362 4972
f 4972 4362 4840
f 4362 4394 4840
f 4840 4394 4839
f 4401 4400 4986
f 4986 4400 4984
f 4435 4434 4841
f 4841 4434 4842
f 4506 4505 4530
f 4530 4505 4531
f 4506 4535 4507
f 4507 4535 4843
f 4661 4660 4516
f 4516 4660 4517
f 4673 4672 4937
f 4937 4672 6547
f 4400 4924 4984
f 4984 4924 5263
f 4673 4660 4674
f 4674 4660 4659
f 4505 4661 4531
f 4531 4661 4516
f 4952 4401 6874
f 6874 4401 4986
f 4954 4153 6875
f 6875 4153 4822
f 4363 4973 4364
f 4364 4973 4974
f 5264 4924 5267
f 5267 4924 4691
f 6293 6292 6876
f 6876 6292 6877
f 6380 4343 6387
f 6387 4343 4923
f 4394 4435 4839
f 4839 4435 4841
f 4672 4434 6547
f 6547 4434 4433
f 4973 6556 4974
f 4974 6556 6878
f 6567 6380 6574
f 6574 6380 6387
f 6292 4954 6877
f 6877 4954 6875
f 6567 5264 6568
f 6568 5264 5267
f 4145 4144 4154
f 4154 4144 4151
f 4194 4144 4425
f 4425 4144 4143
f 4355 4354 5263
f 5263 4354 4984
f 4360 4359 4364
f 4364 4359 4361
f 4444 4359 4392
f 4392 4359 4337
f 4447 4446 4432
f 4432 4446 4433
f 4464 4463 6547
f 6547 4463 4937
f 4519 4518 4654
f 4654 4518 4509
f 4533 4532 4499
f 4499 4532 4498
f 4533 4542 4530
f 4530 4542 4534
f 4519 4532 4516
f 4516 4532 4531
f 4922 4194 4426
f 4426 4194 4425
f 4463 4518 4937
f 4937 4518 4517
f 6555 4951 6874
f 6874 4951 6878
f 4958 4957 6290
f 6290 4957 6291
f 4334 4360 4712
f 4712 4360 4950
f 4985 4354 4419
f 4419 4354 4353
f 5262 4355 5265
f 5265 4355 5263
f 6294 4958 4804
f 4804 4958 6290
f 6386 4922 6384
f 6384 4922 4426
f 4444 4447 4393
f 4393 4447 4432
f 4464 4446 4465
f 4465 4446 4445
f 4985 6555 4986
f 4986 6555 6874
f 6573 6386 6571
f 6571 6386 6384
f 4145 6294 4146
f 4146 6294 4804
f 6573 5262 6574
f 6574 5262 5265
f 4542 4541 6873
f 6873 4541 4559
f 4535 6872 4843
f 4843 6872 4844
f 4104 4103 6879
f 6879 4103 6343
f 4105 6293 6307
f 6307 6293 6876
f 4104 4956 4105
f 4105 4956 6293
f 4956 4104 4957
f 4957 4104 6879
f 4957 6879 6291
f 6291 6879 6309
f 4648 4988 4649
f 4649 4988 4953
f 4802 4803 4928
f 4928 4803 6550
f 6550 4803 6555
f 6555 4803 4951
f 1516 3173 4987
f 4987 3173 5006
f 6519 6518 6558
f 6558 6518 6510
f 6527 6519 6559
f 6559 6519 6558
f 6528 6560 6529
f 6529 6560 6541
f 6548 4625 6549
f 6549 4625 4624
f 6551 6552 4746
f 4746 6552 6505
f 6553 4711 6554
f 6554 4711 4710
f 4802 6551 4713
f 4713 6551 4746
f 6556 4973 4649
f 4649 4973 4646
f 6557 4949 6548
f 6548 4949 4625
f 4648 4647 6553
f 6553 4647 4711
f 6549 4624 4987
f 4987 4624 4838
f 6552 6518 6505
f 6505 6518 6507
f 6561 4372 6529
f 6529 4372 6514
f 6562 4369 6561
f 6561 4369 4372
f 3142 3482 6562
f 6562 3482 4369
f 6556 4952 6878
f 6878 4952 6874
f 4951 4950 6878
f 6878 4950 4974
f 3168 440 3952
f 4204 4203 5341
f 5341 4203 6364
f 4219 4222 6429
f 6429 4222 4383
f 4319 4322 6506
f 6506 4322 4747
f 4340 4714 4341
f 4341 4714 4384
f 4375 4377 6388
f 6388 4377 6546
f 4378 4381 6311
f 6311 4381 4720
f 4449 4341 4387
f 4387 4341 4384
f 4473 4472 4477
f 4477 4472 4474
f 4492 4491 4487
f 4487 4491 4488
f 4523 4491 4522
f 4522 4491 4490
f 4492 4538 4493
f 4493 4538 4555
f 4538 4553 4555
f 4555 4553 4556
f 4620 4615 4621
f 4621 4615 4618
f 4652 4651 4368
f 4368 4651 4365
f 4523 4655 4524
f 4524 4655 4656
f 4553 4667 4556
f 4556 4667 4571
f 4651 1210 4365
f 4365 1210 1209
f 4698 4697 5223
f 5223 4697 6344
f 4340 4339 4322
f 4322 4339 4747
f 4726 4729 5287
f 5287 4729 4198
f 4381 4380 4737
f 4737 4380 6368
f 4836 4835 4451
f 4451 4835 4709
f 4910 6367 4911
f 4911 6367 6366
f 4912 4915 6450
f 6450 4915 6449
f 4927 4836 4450
f 4450 4836 4451
f 4930 4929 4439
f 4439 4929 4436
f 4936 4935 4459
f 4459 4935 4456
f 4473 4655 4470
f 4470 4655 4510
f 4942 4583 4943
f 4943 4583 4572
f 4948 4601 4947
f 4947 4601 4584
f 4949 4835 4625
f 4625 4835 4626
f 4966 4969 6289
f 6289 4969 4695
f 4971 4652 4926
f 4926 4652 4368
f 4203 4977 6364
f 6364 4977 6365
f 4990 4989 4443
f 4443 4989 4440
f 4990 4991 4478
f 4478 4991 4512
f 4992 4991 4528
f 4528 4991 4515
f 4992 4993 4527
f 4527 4993 4485
f 4994 4993 4502
f 4502 4993 4503
f 4994 4995 4482
f 4482 4995 4550
f 4543 4996 4544
f 4544 4996 4995
f 4999 4998 4567
f 4567 4998 4578
f 5000 4998 4575
f 4575 4998 4997
f 5002 5001 4592
f 4592 5001 4574
f 5003 5004 4614
f 4614 5004 4611
f 3483 4215 1755
f 1755 4215 4698
f 5274 5277 4195
f 4195 5277 4223
f 4726 5295 4727
f 4727 5295 6350
f 5309 5342 5310
f 5310 5342 6363
f 5315 5314 5316
f 5316 5314 5317
f 5339 6362 5340
f 5340 6362 5363
f 5310 6363 5339
f 5339 6363 6362
f 4204 5309 4201
f 4201 5309 5308
f 4915 5345 6449
f 6449 5345 6448
f 5345 5315 6448
f 6448 5315 5316
f 5348 5347 6351
f 6351 5347 6352
f 5365 4263 5340
f 5340 4263 4262
f 6295 6298 4733
f 4733 6298 4734
f 4969 6306 4695
f 4695 6306 4696
f 6306 4378 4696
f 4696 4378 6311
f 6369 6372 6544
f 6544 6372 6545
f 4375 6390 4373
f 4373 6390 4374
f 6421 6422 4911
f 4911 6422 4908
f 4910 4909 4737
f 4737 4909 4736
f 5277 4219 4223
f 4223 4219 6429
f 4697 4222 6344
f 6344 4222 4221
f 6436 6361 6437
f 6437 6361 6360
f 6438 6440 6437
f 6437 6440 6434
f 6438 6359 6441
f 6441 6359 6358
f 6442 6441 6357
f 6357 6441 6358
f 6442 6444 6443
f 6443 6444 6445
f 6446 6444 6355
f 6355 6444 6356
f 6446 4912 6447
f 6447 4912 6450
f 6436 6435 5365
f 5365 6435 4263
f 5314 5347 5317
f 5317 5347 5346
f 4319 6512 4320
f 4320 6512 6513
f 6520 6512 6521
f 6521 6512 6508
f 6528 6520 6527
f 6527 6520 6521
f 6532 6539 6533
f 6533 6539 6535
f 6533 6535 6537
f 6537 6535 6534
f 6538 6543 6537
f 6537 6543 6536
f 6295 4377 6296
f 6296 4377 4376
f 4989 4930 4440
f 4440 4930 4439
f 4927 4929 4422
f 4422 4929 4455
f 4449 4936 4388
f 4388 4936 4459
f 4472 4935 4474
f 4474 4935 4932
f 4942 4940 4947
f 4947 4940 4939
f 5001 5000 4574
f 4574 5000 4575
f 4669 4943 4666
f 4666 4943 4667
f 4996 4999 4547
f 4547 4999 4567
f 4948 4946 4620
f 4620 4946 4615
f 5003 5002 4591
f 4591 5002 4592
f 6557 4971 6554
f 6554 4971 4926
f 6532 6560 6539
f 6539 6560 6559
f 6390 6372 4374
f 4374 6372 6371
f 4966 6298 4967
f 4967 6298 6297
f 6538 6526 6369
f 6369 6526 6370
f 6585 6589 4621
f 4621 6589 4619
f 6597 6578 6598
f 6598 6578 6577
f 6606 6583 6607
f 6607 6583 6603
f 6611 6602 6598
f 6598 6602 6596
f 6585 6584 6606
f 6606 6584 6583
f 6597 6580 5004
f 5004 6580 4611
f 6607 6603 6730
f 6730 6603 6732
f 6776 6785 6777
f 6777 6785 6784
f 6785 6776 6792
f 6792 6776 6782
f 6815 6814 6812
f 6812 6814 6813
f 6817 6814 6795
f 6795 6814 6796
f 6825 6784 6827
f 6827 6784 6783
f 6830 6815 6832
f 6832 6815 6812
f 6817 6795 6835
f 6835 6795 6837
f 6792 6782 6730
f 6730 6782 6728
f 6858 6825 6860
f 6860 6825 6827
f 6863 6830 6857
f 6857 6830 6832
f 6864 6863 6856
f 6856 6863 6857
f 6866 6858 6867
f 6867 6858 6860
f 6866 6864 6855
f 6855 6864 6856
f 6835 6837 6611
f 6611 6837 6602
f 6560 6528 6559
f 6559 6528 6527
f 4949 6557 4710
f 4710 6557 6554
f 4430 4090 4175
f 4175 4090 4089
f 4777 4113 4155
f 4155 4113 4086
f 4175 4089 4176
f 4176 4089 4142
f 4199 4271 4200
f 4200 4271 4798
f 4199 4095 4272
f 4272 4095 5273
f 4406 4405 4404
f 4404 4405 4346
f 4410 4409 6877
f 6877 4409 6876
f 4409 4413 6876
f 6876 4413 6307
f 4415 4148 4416
f 4416 4148 4147
f 4690 4405 4344
f 4344 4405 4342
f 4693 4692 4352
f 4352 4692 4349
f 4701 4700 6337
f 6337 4700 6338
f 4778 4777 4081
f 4081 4777 4155
f 4821 4406 4809
f 4809 4406 4404
f 4176 4142 4181
f 4181 4142 4415
f 4760 4970 4399
f 4399 4970 4692
f 4200 5007 4096
f 4096 5007 4078
f 5266 4693 5269
f 5269 4693 4352
f 5270 5007 5361
f 5361 5007 4797
f 4778 5270 4779
f 4779 5270 5361
f 6285 4410 6875
f 6875 4410 6877
f 6308 4413 4687
f 4687 4413 4412
f 6480 6320 6481
f 6481 6320 6880
f 4701 2878 4702
f 4702 2878 3472
f 6339 6347 6340
f 6340 6347 6348
f 6341 6342 6346
f 6346 6342 6345
f 4416 6308 4414
f 4414 6308 4687
f 6385 4690 6381
f 6381 4690 4344
f 5282 6341 5280
f 5280 6341 6339
f 4700 6342 6338
f 6338 6342 5281
f 6340 6348 4272
f 4272 6348 4270
f 6480 6479 4828
f 4828 6479 4829
f 6490 6479 6489
f 6489 6479 6478
f 4090 4430 6490
f 6490 4430 4429
f 6563 6564 4970
f 4970 6564 4815
f 4694 6566 4366
f 4366 6566 6563
f 6572 6385 6568
f 6568 6385 6381
f 4821 6285 4822
f 4822 6285 6875
f 6572 5266 6569
f 6569 5266 5269
f 3482 3103 4369
f 4369 3103 4370
f 3121 4730 3485
f 3485 4730 4327
f 6277 6280 6273
f 6273 6280 6272
f 6267 6276 6278
f 6278 6276 6279
f 6278 6279 6277
f 6277 6279 6280
f 6279 6256 6280
f 6280 6256 6255
f 6256 3857 6255
f 6255 3857 3754
f 3857 3856 3754
f 3754 3856 3755
f 3856 3703 3755
f 3755 3703 3863
f 3703 3702 3863
f 3863 3702 3759
f 3702 3706 3759
f 3759 3706 3670
f 3706 3705 3670
f 3670 3705 3668
f 3705 3773 3668
f 3668 3773 3882
f 3882 3773 3883
f 3883 3773 3707
f 3707 3708 3883
f 3883 3708 3880
f 3708 3710 3880
f 3880 3710 3881
f 3709 5241 3710
f 3710 5241 3881
f 5241 3709 5234
f 5234 3709 3786
f 3693 3712 3786
f 3786 3712 5234
f 4051 4055 4052
f 4052 4055 4056
f 4056 4055 4057
f 4057 4055 4054
f 4066 5238 5236
f 5236 5238 3989
f 4066 4069 5238
f 5238 4069 4035
f 6881 3962 3960
f 3960 3962 3957
f 6883 4070 6882
f 6882 4070 3941
f 4070 6883 4071
f 4071 6883 6884
f 4071 6884 4072
f 4072 6884 6885
f 6885 6886 4072
f 4072 6886 4031
f 3955 6881 3956
f 3956 6881 3960
f 6884 3991 6885
f 6885 3991 3990
f 6883 6887 6884
f 6884 6887 3991
f 6887 6888 3991
f 3991 6888 3992
f 6888 6887 6889
f 6889 6887 6890
f 6887 6883 6890
f 6890 6883 6882
f 4058 5240 3953
f 3953 5240 3954
f 5236 6888 5239
f 5239 6888 6889
f 5237 6886 3990
f 3990 6886 6885
f 4034 4031 5237
f 5237 4031 6886
f 6881 6882 3962
f 3962 6882 3941
f 6881 3955 6882
f 6882 3955 6890
f 3955 3954 6890
f 6890 3954 6889
f 5239 6889 5240
f 5240 6889 3954
f 6888 5236 3992
f 3992 5236 3989
f 3869 3868 3888
f 3888 3868 4015
f 3868 4012 4015
f 4015 4012 4010
f 4012 4022 4010
f 4010 4022 4009
f 4022 4021 4009
f 4009 4021 4018
f 4020 3974 4001
f 4001 3974 3996
f 4021 4020 4029
f 4029 4020 4001
f 4085 4156 4086
f 4086 4156 4155
f 4113 4777 4114
f 4114 4777 4776
f 4130 4129 4094
f 4094 4129 4091
f 4139 4773 4140
f 4140 4773 4772
f 4149 4178 4150
f 4150 4178 5225
f 4160 4159 4087
f 4087 4159 4088
f 4149 4148 4179
f 4179 4148 4141
f 4085 4084 4183
f 4183 4084 6315
f 4179 4141 4159
f 4159 4141 4088
f 4192 4130 4162
f 4162 4130 4094
f 4197 5288 4198
f 4198 5288 5287
f 4229 4766 4230
f 4230 4766 4771
f 4245 4246 4242
f 4242 4246 4249
f 4183 6315 4418
f 4418 6315 6314
f 4679 4178 4680
f 4680 4178 4177
f 4724 4798 4725
f 4725 4798 4271
f 4728 5275 4729
f 4729 5275 5274
f 4230 4771 4249
f 4249 4771 4242
f 4724 4723 4799
f 4799 4723 5355
f 4823 4824 4891
f 4891 4824 6327
f 4823 4192 4161
f 4161 4192 4162
f 4893 4767 4229
f 4229 4767 4766
f 4894 4895 4898
f 4898 4895 4899
f 4106 4150 4103
f 4103 4150 5225
f 4680 4894 4677
f 4677 4894 4898
f 6420 4977 5301
f 5301 4977 4976
f 4679 4678 5226
f 5226 4678 4427
f 5228 5008 4893
f 4893 5008 4767
f 5285 6354 5286
f 5286 6354 5343
f 5289 5352 5290
f 5290 5352 5349
f 5290 5349 5295
f 5295 5349 5348
f 5302 5299 4202
f 4202 5299 4976
f 4725 4271 5311
f 5311 4271 4270
f 5325 4723 5326
f 5326 4723 4722
f 5335 5355 5325
f 5325 5355 4723
f 5326 4722 5286
f 5286 4722 5283
f 4799 5357 4797
f 4797 5357 5361
f 5359 5356 5335
f 5335 5356 5355
f 4775 4774 5356
f 5356 4774 5357
f 5359 5358 4092
f 4092 5358 4093
f 6316 4740 6317
f 6317 4740 4739
f 6318 4827 6316
f 6316 4827 4740
f 6319 4828 6318
f 6318 4828 4827
f 6320 6480 6319
f 6319 6480 4828
f 6484 6322 6485
f 6485 6322 6321
f 6487 6324 6331
f 6331 6324 6323
f 6331 6323 6330
f 6330 6323 6325
f 6325 6326 6330
f 6330 6326 6329
f 6326 6328 6329
f 6329 6328 5231
f 4824 4685 5228
f 5228 4685 5008
f 5226 6343 5225
f 5225 6343 4103
f 4728 4727 6349
f 6349 4727 5284
f 6350 6351 5285
f 5285 6351 6354
f 4247 4246 6418
f 6418 4246 6365
f 6400 6402 6401
f 6401 6402 6459
f 4197 4196 6409
f 6409 4196 6426
f 6412 4897 6328
f 6328 4897 5231
f 6413 4133 6412
f 6412 4133 4897
f 6414 4134 6413
f 6413 4134 4133
f 6415 4225 6414
f 6414 4225 4134
f 6416 4252 6415
f 6415 4252 4225
f 6417 4253 6416
f 6416 4253 4252
f 4253 6417 6366
f 6366 6417 6419
f 6366 6419 4911
f 4911 6419 6421
f 6422 6423 4908
f 4908 6423 5298
f 5298 6423 6396
f 6396 6423 6424
f 6409 6426 6425
f 6425 6426 6397
f 5300 5299 6399
f 6399 5299 6400
f 6465 6408 6401
f 6401 6408 6398
f 6424 6399 6425
f 6425 6399 6398
f 6349 5284 5311
f 5311 5284 5283
f 6465 6464 5289
f 5289 6464 5352
f 6488 6483 6492
f 6492 6483 6482
f 6486 6491 6482
f 6482 6491 6492
f 6491 4895 6492
f 6492 4895 4157
f 6488 4160 6489
f 6489 4160 4087
f 6501 6502 4418
f 4418 6502 4417
f 6504 6500 6317
f 6317 6500 6314
f 3497 3496 6501
f 6501 3496 6502
f 3499 3498 6504
f 6504 3498 6500
f 4729 5274 4198
f 4198 5274 4195
f 6418 6365 6420
f 6420 6365 4977
f 5295 5348 6350
f 6350 5348 6351
f 5301 6422 6420
f 6420 6422 6421
f 4113 4112 4086
f 4086 4112 4083
f 6320 4112 6880
f 6880 4112 4111
f 4091 4772 4092
f 4092 4772 4775
f 4129 4140 4091
f 4091 4140 4772
f 4137 4140 4128
f 4128 4140 4129
f 4128 6324 4137
f 4137 6324 6321
f 6324 6487 6321
f 6321 6487 6485
f 6487 6486 6485
f 6485 6486 6482
f 4774 4773 4779
f 4779 4773 4776
f 4773 4139 4776
f 4776 4139 4114
f 4139 4138 4114
f 4114 4138 4111
f 4138 6322 4111
f 4111 6322 6880
f 6322 6484 6880
f 6880 6484 6481
f 6484 6483 6481
f 6481 6483 6478
f 6879 6343 6309
f 6309 6343 4428
f 4106 4105 4900
f 4900 4105 6307
f 3500 3167 6495
f 6495 3167 6496
f 3500 6495 3070
f 3070 6495 5368
f 3502 5235 3501
f 3501 5235 4813
f 3024 3503 6473
f 6473 3503 6474
f 3503 3023 6474
f 6474 3023 6374
f 3504 1770 4348
f 4348 1770 4345
f 3502 3505 5235
f 5235 3505 4810
f 3498 3497 6500
f 6500 3497 6501
f 3496 3075 6502
f 6502 3075 6275
f 6299 4254 3174
f 3174 4254 3017
f 1769 3501 4814
f 4814 3501 4813
f 3506 3018 6476
f 6476 3018 4257
f 3507 3499 6499
f 6499 3499 6504
f 3030 4216 3483
f 3483 4216 4215
f 3077 3507 6333
f 6333 3507 6499
f 1784 3160 5249
f 5249 3160 6523
f 3015 3506 4240
f 4240 3506 6476
f 3508 3504 6383
f 6383 3504 4348
f 3509 3016 6477
f 6477 3016 4239
f 3028 3509 6467
f 6467 3509 6477
f 3022 1785 5246
f 5246 1785 5247
f 3161 3508 6570
f 6570 3508 6383
f 3150 3149 4694
f 4694 3149 6566
f 1327 4807 3510
f 3510 4807 4811
f 3510 4811 3505
f 3505 4811 4810
f 3146 3511 4816
f 4816 3511 4350
f 3511 1808 4350
f 4350 1808 4351
f 3485 4327 3159
f 3159 4327 4330
f 1326 3512 4806
f 4806 3512 6310
f 3512 1331 6310
f 6310 1331 4688

