# https://github.com/mikedh/trimesh
v -0.06937820 -0.70243973 -0.32476464
v -0.07527822 -0.68664384 -0.32583165
v -0.06484505 -0.68565941 -0.31652200
v -0.05905041 -0.69924277 -0.31186426
v -0.06846856 -0.67457837 -0.31896496
v -0.07753320 -0.67440283 -0.32560268
v -0.05770672 -0.68285912 -0.30588391
v -0.05251682 -0.69401431 -0.29854801
v -0.05155256 -0.65305024 -0.28341770
v -0.04733387 -0.65245998 -0.27346683
v -0.04886900 -0.66333258 -0.27886242
v -0.05340351 -0.66105485 -0.28730685
v -0.05160571 -0.63025355 -0.27179286
v -0.05705245 -0.61917675 -0.27733672
v -0.05570357 -0.61445582 -0.26502058
v -0.05161540 -0.62527823 -0.25844085
v -0.08783983 -0.62404501 -0.30401033
v -0.08289475 -0.61852491 -0.30086944
v -0.07891923 -0.62481153 -0.30216956
v -0.08475728 -0.62975901 -0.30485320
v -0.09710151 -0.63095981 -0.31215322
v -0.09595428 -0.63696253 -0.31120783
v -0.10077675 -0.63893044 -0.31675673
v -0.10104467 -0.63202500 -0.31852281
v -0.09330954 -0.61937034 -0.30201831
v -0.08802252 -0.61401045 -0.29846990
v -0.09234107 -0.62865293 -0.30692387
v -0.09475844 -0.62404656 -0.30712885
v -0.09783159 -0.61545509 -0.31448761
v -0.09613982 -0.62024951 -0.31472233
v -0.09944872 -0.61933464 -0.32127440
v -0.10070383 -0.61443031 -0.31886512
v -0.09505195 -0.61764461 -0.30593136
v -0.09454751 -0.61945772 -0.30929780
v -0.09702478 -0.61524785 -0.31020540
v -0.09845451 -0.61428499 -0.30668938
v -0.09790916 -0.62640083 -0.31302500
v -0.10060365 -0.62606072 -0.32005447
v -0.10455293 -0.62537223 -0.32678211
v -0.10380235 -0.61698818 -0.32721442
v -0.07287578 -0.60894448 -0.29019609
v -0.07739732 -0.61363369 -0.29641706
v -0.08264898 -0.60931504 -0.29490846
v -0.07834102 -0.60548830 -0.29029760
v -0.09730146 -0.61289614 -0.30267379
v -0.09436941 -0.59934413 -0.29748142
v -0.09412419 -0.60260594 -0.29870778
v -0.10004759 -0.60210425 -0.30292696
v -0.09965206 -0.59908348 -0.30169734
v -0.06902096 -0.59988075 -0.27669510
v -0.07479107 -0.59752297 -0.28036857
v -0.07476075 -0.59252220 -0.27562568
v -0.06982620 -0.59389442 -0.27043819
v -0.07760352 -0.58769202 -0.27271235
v -0.07183307 -0.58806634 -0.26454586
v -0.08118577 -0.57614613 -0.25863713
v -0.07635009 -0.58123291 -0.26133913
v -0.08159569 -0.58299208 -0.27084148
v -0.08696982 -0.57761359 -0.27156329
v -0.09718487 -0.57865494 -0.28243729
v -0.10272370 -0.57627660 -0.28461736
v -0.09907856 -0.56643987 -0.27753317
v -0.09350090 -0.57120752 -0.27451453
v -0.09464812 -0.59551644 -0.29168001
v -0.09087610 -0.59663010 -0.28895527
v -0.09035090 -0.59701574 -0.29161024
v -0.09420015 -0.59689975 -0.29525739
v -0.08758246 -0.59720528 -0.28711924
v -0.08610789 -0.59719956 -0.28635275
v -0.08602910 -0.59773570 -0.28789872
v -0.08752535 -0.59763026 -0.28783044
v -0.08942505 -0.59718513 -0.28836697
v -0.09059939 -0.59562039 -0.28801036
v -0.08851066 -0.59648252 -0.28729883
v -0.09402259 -0.59401596 -0.29043764
v -0.10589769 -0.58846325 -0.29809901
v -0.10207931 -0.58965290 -0.29662874
v -0.10332765 -0.59355330 -0.29732251
v -0.10680658 -0.59291518 -0.29862443
v -0.08769885 -0.59873593 -0.29009461
v -0.08518542 -0.60029465 -0.28996766
v -0.08865001 -0.60163218 -0.29398829
v -0.08975253 -0.59929752 -0.29279709
v -0.08253150 -0.60208821 -0.29042363
v -0.08397702 -0.59908855 -0.28762716
v -0.08134150 -0.59992796 -0.28718248
v -0.08682921 -0.59600949 -0.28566861
v -0.08455660 -0.59516263 -0.28360936
v -0.08362777 -0.59681833 -0.28557414
v -0.08664137 -0.59246087 -0.28285539
v -0.08931591 -0.59419954 -0.28595859
v -0.09265616 -0.59176618 -0.28801537
v -0.09675497 -0.58886403 -0.29121071
v -0.09469663 -0.58600014 -0.28661317
v -0.09018847 -0.58921349 -0.28403372
v -0.08676729 -0.60514694 -0.29457080
v -0.07982024 -0.59710503 -0.28329250
v -0.07613677 -0.60231209 -0.28548798
v -0.08040342 -0.59359026 -0.28047171
v -0.08268847 -0.58998668 -0.27866718
v -0.08696650 -0.58592081 -0.27829337
v -0.09160531 -0.58223069 -0.28036320
v -0.09722327 -0.56258941 -0.26300359
v -0.08964118 -0.56844783 -0.26091576
v -0.07908577 -0.66734290 -0.32099122
v -0.07101545 -0.66744828 -0.31797808
v -0.07005671 -0.66159379 -0.31171679
v -0.06832291 -0.66402876 -0.31205252
v -0.07357146 -0.66400701 -0.31569904
v -0.07404075 -0.66192555 -0.31410423
v -0.05851050 -0.66067517 -0.29375225
v -0.06257871 -0.66036105 -0.29924172
v -0.06243427 -0.65737903 -0.29660615
v -0.05680459 -0.65479279 -0.29093200
v -0.06906012 -0.64817989 -0.30087832
v -0.06523082 -0.65042281 -0.29805326
v -0.06869267 -0.65558076 -0.30311146
v -0.07140480 -0.65390742 -0.30526409
v -0.07487246 -0.65270746 -0.30717209
v -0.07880434 -0.65214324 -0.30848718
v -0.07855829 -0.64761126 -0.30597180
v -0.07387063 -0.64754081 -0.30370575
v -0.07982068 -0.66457784 -0.31728768
v -0.08667018 -0.66367638 -0.31720513
v -0.08563304 -0.66125453 -0.31547272
v -0.07956845 -0.66182292 -0.31592536
v -0.09483558 -0.65623987 -0.30964088
v -0.09382508 -0.65809107 -0.31141889
v -0.09674292 -0.65864122 -0.31319720
v -0.09752254 -0.65521121 -0.31088901
v -0.09559506 -0.65269959 -0.30976999
v -0.09371704 -0.65482664 -0.30929571
v -0.07783618 -0.72398216 -0.33023831
v -0.08276286 -0.70422417 -0.33403635
v -0.06333058 -0.72125089 -0.31702679
v -0.05382017 -0.71468079 -0.30338556
v -0.04698297 -0.70532370 -0.28966278
v -0.06218423 -0.60578603 -0.27141067
v -0.06182267 -0.60032570 -0.26262969
v -0.05571942 -0.61042345 -0.25278568
v -0.05818079 -0.60380948 -0.24505183
v -0.06459388 -0.59292942 -0.25511831
v -0.07735300 -0.57707888 -0.24513242
v -0.06949662 -0.58449996 -0.24943139
v -0.06231216 -0.59690964 -0.23709391
v -0.05555746 -0.61309421 -0.22697584
v -0.05379906 -0.61589932 -0.23611504
v -0.05193680 -0.63144267 -0.22167936
v -0.05969379 -0.61064780 -0.21540169
v -0.05510011 -0.63401121 -0.21464074
v -0.07501844 -0.57999599 -0.20791465
v -0.07423711 -0.57393497 -0.20192447
v -0.06237782 -0.58514690 -0.19670592
v -0.06297253 -0.59205037 -0.20160845
v -0.05153376 -0.62036991 -0.24588464
v -0.04598810 -0.67566717 -0.27607572
v -0.05030598 -0.67133403 -0.28592524
v -0.04524265 -0.66525173 -0.26799190
v -0.04272415 -0.74030840 -0.27735481
v -0.04796174 -0.72887027 -0.29231408
v -0.04109115 -0.71657544 -0.28071457
v -0.03796875 -0.72782987 -0.26804715
v -0.06989479 -0.76984662 -0.29707339
v -0.07220027 -0.74801683 -0.31698233
v -0.05992969 -0.74030459 -0.30607456
v -0.05558250 -0.75767088 -0.28964275
v -0.03599489 -0.73408067 -0.25504547
v -0.03633320 -0.74160749 -0.23822217
v -0.04172353 -0.75781482 -0.23544821
v -0.04227424 -0.75257993 -0.25781310
v -0.05474845 -0.77802229 -0.23635949
v -0.05516444 -0.77091718 -0.26253331
v -0.05630663 -0.62649029 -0.20180987
v -0.05495806 -0.64427185 -0.20579606
v -0.06390708 -0.59981167 -0.20903972
v -0.05691240 -0.61375642 -0.19847375
v -0.07318959 -0.79041457 -0.23671812
v -0.07205660 -0.78563178 -0.26767427
v -0.05062532 -0.73794544 -0.18787052
v -0.04717039 -0.75151736 -0.19934103
v -0.03917281 -0.73481131 -0.21005748
v -0.04267331 -0.72466052 -0.19790304
v -0.06281853 -0.75221992 -0.17750101
v -0.06018399 -0.76768839 -0.19131787
v -0.05885762 -0.68827349 -0.17181247
v -0.06508186 -0.67308402 -0.17398655
v -0.07194124 -0.67919409 -0.16309518
v -0.06951401 -0.69648170 -0.15915568
v -0.06181782 -0.67426181 -0.31079453
v -0.06521419 -0.66701460 -0.31286836
v -0.06137540 -0.66615623 -0.30659014
v -0.05757600 -0.67156875 -0.30254197
v -0.05345796 -0.67838657 -0.29529357
v -0.04902598 -0.68611920 -0.28615615
v -0.03983966 -0.70531726 -0.26965025
v -0.03595270 -0.71718669 -0.25907725
v -0.03443772 -0.72772396 -0.23627107
v -0.03468013 -0.72230220 -0.24940065
v -0.03764236 -0.71944737 -0.21377888
v -0.03975119 -0.71318638 -0.20608610
v -0.05335058 -0.65925497 -0.19621217
v -0.05656614 -0.64104044 -0.19079398
v -0.06313479 -0.65094995 -0.18158324
v -0.05884033 -0.66770929 -0.18447593
v -0.07668362 -0.66350842 -0.16569188
v -0.06957650 -0.65781033 -0.17402570
v -0.05757445 -0.61604410 -0.18399435
v -0.05581256 -0.60901916 -0.17989399
v -0.05849760 -0.62086535 -0.16990255
v -0.06155076 -0.62628686 -0.17367022
v -0.06301598 -0.62890422 -0.15942951
v -0.07089898 -0.63528585 -0.15060340
v -0.07356933 -0.64165461 -0.15444784
v -0.06717145 -0.63582176 -0.16320378
v -0.09771948 -0.56032634 -0.20439848
v -0.09753068 -0.55591983 -0.19776407
v -0.08558384 -0.56131327 -0.19788897
v -0.08703313 -0.56600934 -0.20366549
v -0.05230732 -0.60541606 -0.17616014
v -0.05330184 -0.61869037 -0.16688570
v -0.05313563 -0.68192148 -0.18497449
v -0.04929052 -0.67860556 -0.19546050
v -0.05750377 -0.62674493 -0.15540871
v -0.06889600 -0.64423740 -0.16891366
v -0.06294214 -0.63598901 -0.17638217
v -0.08669817 -0.66880715 -0.15845472
v -0.08388477 -0.68404919 -0.15474181
v -0.09057882 -0.63373244 -0.30728596
v -0.08810095 -0.64947557 -0.30841112
v -0.08760314 -0.65314782 -0.30958453
v -0.09139328 -0.65382439 -0.30952182
v -0.09248672 -0.65083528 -0.30897936
v -0.09962752 -0.68257511 -0.33617818
v -0.10062382 -0.66666603 -0.32932115
v -0.08846344 -0.67147118 -0.32944947
v -0.08722744 -0.68529761 -0.33243012
v -0.06147865 -0.62614208 -0.29105818
v -0.07034734 -0.62867284 -0.29918686
v -0.07298533 -0.61982924 -0.29767150
v -0.06753305 -0.61528456 -0.29048306
v -0.06508394 -0.66011268 -0.30270714
v -0.06322357 -0.66216409 -0.30339894
v -0.06589021 -0.66073525 -0.30566710
v -0.07073763 -0.60480046 -0.28396803
v -0.06383236 -0.61062598 -0.28120524
v -0.04574921 -0.65212590 -0.26089314
v -0.05516050 -0.66735250 -0.29422569
v -0.09118897 -0.77786148 -0.30434540
v -0.09203097 -0.75223458 -0.32647410
v -0.09297431 -0.80003434 -0.24034441
v -0.09150847 -0.79431283 -0.27272889
v -0.07753177 -0.77926207 -0.18410105
v -0.07928410 -0.76338291 -0.16846867
v -0.09520735 -0.77169049 -0.16312003
v -0.09756527 -0.78894043 -0.18476051
v -0.08211928 -0.70217645 -0.15143251
v -0.07957025 -0.63958293 -0.14238949
v -0.08331279 -0.64684409 -0.14873338
v -0.09303144 -0.72523034 -0.33677033
v -0.09614524 -0.70249462 -0.33970010
v -0.04431230 -0.69569099 -0.27670047
v -0.05148299 -0.64333224 -0.28333324
v -0.05624887 -0.64776504 -0.29074144
v -0.05809917 -0.64266360 -0.29288721
v -0.05368454 -0.63562185 -0.28487709
v -0.04864344 -0.63971525 -0.27136838
v -0.04814593 -0.63842380 -0.25655454
v -0.04761047 -0.63810641 -0.24101061
v -0.04970830 -0.63253999 -0.22989500
v -0.03780082 -0.74326229 -0.22209944
v -0.04587085 -0.76178730 -0.21355844
v -0.05720985 -0.77743602 -0.21096273
v -0.07542803 -0.78843832 -0.20853782
v -0.03593133 -0.73072255 -0.22334963
v -0.09556954 -0.79585940 -0.21077970
v -0.10055935 -0.60636425 -0.30391538
v -0.09349751 -0.60808206 -0.29939121
v -0.10197951 -0.60973299 -0.30553168
v -0.10099147 -0.58635360 -0.29373616
v -0.10503095 -0.58491039 -0.29519901
v -0.10439943 -0.58188605 -0.28995746
v -0.09965143 -0.58333665 -0.28870863
v -0.09698305 -0.56480384 -0.24582097
v -0.08743589 -0.57054925 -0.24430393
v -0.09724139 -0.56389618 -0.21177313
v -0.08739626 -0.57052183 -0.21043366
v -0.10186236 -0.61509883 -0.31271672
v -0.10348769 -0.61528963 -0.31313348
v -0.10379807 -0.61526227 -0.31063783
v -0.10175242 -0.61531663 -0.31046760
v -0.08880460 -0.59727597 -0.28963375
v -0.10439276 -0.59800303 -0.30396885
v -0.10737626 -0.59746611 -0.30470473
v -0.10708424 -0.59491539 -0.30204308
v -0.10400188 -0.59540367 -0.30131584
v -0.07139008 -0.58790278 -0.22773607
v -0.07446919 -0.58534634 -0.21640447
v -0.05689940 -0.59503520 -0.18924443
v -0.05707831 -0.60355437 -0.19355914
v -0.05792090 -0.62699765 -0.18728535
v -0.07563999 -0.65272439 -0.16103747
v -0.08538684 -0.65639102 -0.15464161
v -0.10902627 -0.66091895 -0.14913152
v -0.11227744 -0.67320675 -0.15045166
v -0.09856810 -0.67198414 -0.15298717
v -0.09793649 -0.65979886 -0.15168969
v -0.08537863 -0.57306820 -0.22939499
v -0.09577173 -0.56638741 -0.23121437
v -0.09605722 -0.56655782 -0.22093500
v -0.08633680 -0.57350445 -0.21938381
v -0.10719121 -0.61212915 -0.31258869
v -0.10856973 -0.61068535 -0.31372875
v -0.10816599 -0.61004502 -0.31037599
v -0.10629013 -0.61204177 -0.31041890
v -0.10098257 -0.61433756 -0.30821174
v -0.10317528 -0.61341155 -0.30790302
v -0.10280482 -0.61189854 -0.30700541
v -0.10038248 -0.61453414 -0.31323457
v -0.10004444 -0.61446750 -0.31028968
v -0.10498569 -0.61337352 -0.31770355
v -0.10224301 -0.61391675 -0.31617820
v -0.10489222 -0.61149943 -0.32201284
v -0.10573855 -0.61365640 -0.31168714
v -0.10513031 -0.61331320 -0.30974603
v -0.10211622 -0.61500311 -0.30893517
v -0.10375911 -0.61468887 -0.30889785
v -0.10475590 -0.61436355 -0.31590095
v -0.10297463 -0.61467618 -0.31465802
v -0.10491704 -0.63270473 -0.32473919
v -0.11074420 -0.63259971 -0.32707262
v -0.11081314 -0.62470978 -0.32892933
v -0.11092985 -0.61609125 -0.32952046
v -0.11069697 -0.61040419 -0.32424143
v -0.10424600 -0.56293583 -0.22130723
v -0.10552786 -0.56042045 -0.21204245
v -0.11255474 -0.70074159 -0.34165186
v -0.11188296 -0.68063390 -0.33676508
v -0.08828612 -0.59722674 -0.28764713
v -0.08727141 -0.66568565 -0.32104903
v -0.06372912 -0.63875341 -0.29729322
v -0.08385509 -0.63627779 -0.30519170
v -0.07728195 -0.63282716 -0.30288678
v -0.07806854 -0.64065337 -0.30400735
v -0.08372584 -0.64270771 -0.30590028
v -0.09596279 -0.66294330 -0.32069269
v -0.10404161 -0.65746617 -0.32371706
v -0.10041760 -0.65831637 -0.31761590
v -0.10129222 -0.65298992 -0.31419230
v -0.10441452 -0.64920259 -0.32038987
v -0.10024334 -0.64473462 -0.31421044
v -0.09853145 -0.64909953 -0.31094825
v -0.06770265 -0.66139078 -0.30868113
v -0.06560555 -0.66318083 -0.30799404
v -0.09517629 -0.64204299 -0.30986059
v -0.08974541 -0.63927925 -0.30704850
v -0.08908616 -0.64463270 -0.30729166
v -0.09411698 -0.64666855 -0.30870456
v -0.07140304 -0.63870943 -0.30132082
v -0.05967550 -0.66416728 -0.29986650
v -0.06302942 -0.65373790 -0.29649007
v -0.04687927 -0.67844427 -0.20365414
v -0.04982206 -0.66529626 -0.20445910
v -0.04394502 -0.64702582 -0.21616726
v -0.04605492 -0.64238024 -0.21760233
v -0.05159803 -0.64713866 -0.21555218
v -0.04621773 -0.65113312 -0.21290271
v -0.03617463 -0.70027328 -0.22459714
v -0.03587510 -0.70869255 -0.22432025
v -0.03577520 -0.70595634 -0.23112419
v -0.03648204 -0.69945955 -0.22703624
v -0.03670668 -0.69924265 -0.23380226
v -0.03669839 -0.70115578 -0.23761888
v -0.03752460 -0.69303298 -0.23507619
v -0.03729232 -0.69481391 -0.23206374
v -0.03555760 -0.71110213 -0.24316648
v -0.03682134 -0.70433009 -0.25134197
v -0.03829025 -0.69482493 -0.24322835
v -0.04389302 -0.68187654 -0.26222372
v -0.04324640 -0.67764777 -0.24663651
v -0.04042039 -0.68702948 -0.24574646
v -0.04017295 -0.69475198 -0.25748873
v -0.04694716 -0.64460182 -0.22345600
v -0.04677490 -0.64970815 -0.23023140
v -0.05266904 -0.65457737 -0.20947185
v -0.11740728 -0.78144801 -0.17092279
v -0.11637879 -0.79658425 -0.19349249
v -0.05260108 -0.72317719 -0.17900257
v -0.06453905 -0.73423219 -0.16819821
v -0.04541952 -0.71211994 -0.19060418
v -0.04146063 -0.70265669 -0.20024532
v -0.07820037 -0.74640137 -0.16131043
v -0.09100130 -0.74891198 -0.15329766
v -0.04331134 -0.66640866 -0.25486153
v -0.04537954 -0.66709787 -0.24233183
v -0.05625127 -0.70621926 -0.17419046
v -0.06762760 -0.71606076 -0.16321282
v -0.04795205 -0.69712162 -0.18531942
v -0.04478572 -0.69149441 -0.19621064
v -0.08118784 -0.72728002 -0.15490918
v -0.09750704 -0.70635271 -0.14718565
v -0.09895331 -0.72750449 -0.14981934
v -0.04469822 -0.65759248 -0.22100030
v -0.04670291 -0.65421104 -0.22452752
v -0.04574245 -0.64920342 -0.22032966
v -0.04261089 -0.65188462 -0.21942240
v -0.04479317 -0.65377533 -0.24787298
v -0.04526496 -0.65828621 -0.23625445
v -0.10474169 -0.64020425 -0.32283583
v -0.11071130 -0.64887953 -0.32447946
v -0.11065610 -0.64044553 -0.32562068
v -0.11066202 -0.65744603 -0.32546133
v -0.11385040 -0.79482341 -0.28207260
v -0.11379278 -0.77863371 -0.30791235
v -0.11581806 -0.80312502 -0.22185922
v -0.11520520 -0.80232382 -0.25224671
v -0.10782336 -0.57454002 -0.28619218
v -0.10485299 -0.56376863 -0.27943143
v -0.10537733 -0.60498977 -0.30640134
v -0.10821902 -0.60406458 -0.30693281
v -0.10778447 -0.60061646 -0.30597278
v -0.10488463 -0.60143697 -0.30529380
v -0.09291208 -0.66165555 -0.31557620
v -0.09835352 -0.68769735 -0.15043691
v -0.09494066 -0.64963055 -0.14533208
v -0.09123731 -0.64205253 -0.13715051
v -0.06474099 -0.63227224 -0.14496225
v -0.07475827 -0.63593531 -0.13649374
v -0.10849464 -0.60730445 -0.30829021
v -0.10589621 -0.60826439 -0.30753902
v -0.10560750 -0.61439914 -0.31429023
v -0.09913030 -0.59621096 -0.29914257
v -0.10587119 -0.61072677 -0.30849996
v -0.10503891 -0.61249059 -0.30909088
v -0.11014186 -0.60924029 -0.31089702
v -0.10993436 -0.60687661 -0.30851895
v -0.08336592 -0.64828295 -0.30759344
v -0.08290248 -0.65261608 -0.30934945
v -0.10774423 -0.61068904 -0.31763911
v -0.10694654 -0.61257893 -0.31574914
v -0.11087076 -0.60979128 -0.31786811
v -0.07237048 -0.56844676 -0.19612795
v -0.06112519 -0.57894582 -0.19192991
v -0.10937360 -0.59716558 -0.30490881
v -0.10920322 -0.59442484 -0.30226949
v -0.11324568 -0.75265968 -0.33078471
v -0.11404888 -0.70383608 -0.14407243
v -0.11513469 -0.72276652 -0.14479579
v -0.04313952 -0.67602372 -0.23742212
v -0.04160914 -0.67509174 -0.23147418
v -0.03977576 -0.68192023 -0.23254986
v -0.04127763 -0.68297696 -0.23857129
v -0.10632183 -0.55697548 -0.20422402
v -0.05484067 -0.59160864 -0.18439059
v -0.08678414 -0.63819671 -0.12916130
v -0.06543314 -0.65886313 -0.30155167
v -0.06668244 -0.65725183 -0.30177930
v -0.09053938 -0.65991253 -0.31377396
v -0.11650662 -0.74926448 -0.15255108
v -0.09808686 -0.59127074 -0.29385179
v -0.09935885 -0.59428436 -0.29507786
v -0.10665873 -0.65039057 -0.14325494
v -0.10384830 -0.56230950 -0.23242232
v -0.10999335 -0.60993683 -0.31432545
v -0.11349162 -0.68740094 -0.14953630
v -0.03697511 -0.69110715 -0.22748750
v -0.03585266 -0.68814677 -0.22973236
v -0.03646673 -0.68541384 -0.22822808
v -0.03771707 -0.68664098 -0.22724855
v -0.03469296 -0.68851745 -0.23479603
v -0.03399247 -0.68687069 -0.23162889
v -0.03216246 -0.68974811 -0.23164751
v -0.03316038 -0.69211572 -0.23439412
v -0.03883165 -0.68845040 -0.23756757
v -0.03721846 -0.68484908 -0.23404461
v -0.03111537 -0.69204414 -0.23069748
v -0.03089561 -0.69376796 -0.23301037
v -0.03331699 -0.69581103 -0.23282292
v -0.03681583 -0.69748235 -0.22975586
v -0.02858297 -0.69636732 -0.23024526
v -0.03195538 -0.69898289 -0.22969386
v -0.02650505 -0.69861037 -0.22566149
v -0.03101655 -0.70143378 -0.22498894
v -0.02548596 -0.69877410 -0.21933752
v -0.03082972 -0.70073146 -0.21877819
v -0.04554482 -0.66021055 -0.22825526
v -0.04518021 -0.66396207 -0.22258405
v -0.02490479 -0.69601071 -0.21393111
v -0.03133339 -0.69715077 -0.21303704
v -0.02567918 -0.69106162 -0.20911007
v -0.03160760 -0.69256467 -0.20738910
v -0.02736825 -0.68482715 -0.20612782
v -0.03221437 -0.68633568 -0.20408294
v -0.02899686 -0.67790288 -0.20456631
v -0.03365807 -0.67788637 -0.20202228
v -0.03107724 -0.67001390 -0.20490509
v -0.03587421 -0.66785479 -0.20218652
v -0.02976624 -0.69700992 -0.22383183
v -0.02881728 -0.69641113 -0.21905832
v -0.03849269 -0.69786942 -0.22128177
v -0.03048754 -0.69538999 -0.22822085
v -0.03793219 -0.68456334 -0.21953687
v -0.03978476 -0.68747431 -0.22041914
v -0.03984301 -0.68601233 -0.22034794
v -0.04016244 -0.68566060 -0.21755999
v -0.04371019 -0.66882944 -0.22746788
v -0.04217377 -0.67045844 -0.22450237
v -0.04147193 -0.67476177 -0.22758478
v -0.04367560 -0.66741407 -0.22185063
v -0.04428301 -0.66901851 -0.22158697
v -0.04450806 -0.67182827 -0.22386494
v -0.04439100 -0.67576301 -0.22618654
v -0.04353475 -0.66876769 -0.21891633
v -0.04274670 -0.66686988 -0.21831731
v -0.04478006 -0.67001593 -0.21952511
v -0.04522151 -0.67007768 -0.22103778
v -0.04592121 -0.67259008 -0.22146033
v -0.04473674 -0.67660642 -0.22084796
v -0.04406948 -0.66791177 -0.23347491
v -0.04283012 -0.67781228 -0.20932668
v -0.04517791 -0.66805857 -0.20864332
v -0.03438826 -0.66329014 -0.20737606
v -0.03730843 -0.65743732 -0.20405903
v -0.03903693 -0.65006447 -0.21529104
v -0.03750108 -0.65061754 -0.20853566
v -0.03962373 -0.69466424 -0.21719319
v -0.03966923 -0.69096279 -0.21243514
v -0.04673027 -0.65848988 -0.21023919
v -0.04032555 -0.68551993 -0.20925619
v -0.03326514 -0.67321455 -0.20751740
v -0.03667381 -0.66874760 -0.20926385
v -0.03100607 -0.67865884 -0.20725185
v -0.04162192 -0.66356409 -0.21761242
v -0.04007802 -0.65772140 -0.21651611
v -0.03692263 -0.65923762 -0.21155241
v -0.03955828 -0.66551226 -0.21272317
v -0.03483733 -0.67495453 -0.21038382
v -0.03828523 -0.67183030 -0.21165803
v -0.03753882 -0.67707658 -0.21182641
v -0.04077631 -0.67442489 -0.21371895
v -0.04295025 -0.67085826 -0.21630882
v -0.04105006 -0.66893131 -0.21465714
v -0.04416794 -0.67661190 -0.21536601
v -0.04065254 -0.67996258 -0.21490180
v -0.04523034 -0.67217577 -0.21771115
v -0.03495198 -0.68010694 -0.21252578
v -0.03252691 -0.68334854 -0.21416284
v -0.03466620 -0.68415695 -0.21769345
v -0.03731773 -0.68221235 -0.21605030
v -0.03021500 -0.68445712 -0.20849751
v -0.03018376 -0.68328691 -0.21144140
v -0.03222515 -0.67895067 -0.21034424
v -0.02947355 -0.68800831 -0.21336567
v -0.02952442 -0.69006717 -0.21104805
v -0.03135610 -0.68701446 -0.21530238
v -0.03269520 -0.68688381 -0.21763794
v -0.02945466 -0.69403863 -0.21997282
v -0.02939966 -0.69175577 -0.21643347
v -0.02845033 -0.69434988 -0.21501730
v -0.03054071 -0.68969452 -0.21782842
v -0.03109476 -0.69155896 -0.22020966
v -0.03226148 -0.69004047 -0.22019823
v -0.03176705 -0.68919891 -0.21837789
v -0.03292560 -0.69272345 -0.22936596
v -0.03438710 -0.69070417 -0.23032731
v -0.03201962 -0.69402772 -0.22696856
v -0.03403072 -0.69489282 -0.22785801
v -0.03356159 -0.69268507 -0.22583854
v -0.03557587 -0.69387996 -0.22792326
v -0.03451502 -0.69094229 -0.22550127
v -0.03637904 -0.68834639 -0.22488573
v -0.09498493 -0.54482949 -0.18537059
v -0.09657616 -0.55123293 -0.19130515
v -0.10741982 -0.54809976 -0.18921639
v -0.10651837 -0.54233938 -0.18239409
v -0.03337673 -0.69013023 -0.22279656
v -0.03232684 -0.69231939 -0.22292924
v -0.03075872 -0.69473696 -0.22326905
v -0.03553579 -0.68653697 -0.22107279
v -0.03450205 -0.68607104 -0.21967733
v -0.03363359 -0.68766367 -0.21997395
v -0.03500662 -0.68795955 -0.22214213
v -0.04089358 -0.67850029 -0.22849077
v -0.04217995 -0.67898989 -0.22465369
v -0.04161885 -0.67932105 -0.21999699
v -0.05841788 -0.53868413 -0.18760854
v -0.04159997 -0.54951465 -0.18880703
v -0.04779256 -0.55952781 -0.18642649
v -0.06227963 -0.54910946 -0.18551818
v -0.05583484 -0.50689375 -0.19391106
v -0.05854240 -0.48508185 -0.19364035
v -0.04128198 -0.48957753 -0.19980158
v -0.03089067 -0.51695848 -0.19876912
v -0.04685348 -0.46635798 -0.19997358
v -0.06134555 -0.46319032 -0.19334842
v -0.05519360 -0.40594789 -0.20081383
v -0.05276671 -0.42501888 -0.19974259
v -0.06693858 -0.42287129 -0.19487309
v -0.06949180 -0.40368551 -0.19544831
v -0.02637381 -0.32844958 -0.20437539
v -0.04052449 -0.32625037 -0.20296341
v -0.04020554 -0.31501994 -0.19033358
v -0.02340537 -0.31630114 -0.19057566
v 0.00157265 -0.43699023 -0.20430753
v 0.00992151 -0.43107805 -0.20042175
v 0.00935665 -0.44379389 -0.20399308
v 0.00272146 -0.45153919 -0.20736188
v 0.00423583 -0.56472719 -0.19584385
v -0.00547037 -0.57390845 -0.19120246
v -0.01877245 -0.55416405 -0.19295812
v -0.01041053 -0.54290414 -0.20007619
v 0.02856071 -0.37220106 -0.18769439
v 0.01650703 -0.37158889 -0.19648238
v 0.01606413 -0.35928369 -0.19644746
v 0.02649254 -0.35909733 -0.18787359
v 0.03345182 -0.33117884 -0.12511389
v 0.01539818 -0.31964999 -0.13146468
v 0.02300307 -0.30854282 -0.12677312
v 0.04207475 -0.32059675 -0.11951540
v 0.08165799 -0.38365951 -0.09831148
v 0.08255339 -0.37837175 -0.08766700
v 0.09195703 -0.39471295 -0.06741497
v 0.09023210 -0.40122166 -0.07561465
v -0.02951904 -0.40934277 -0.20595959
v -0.02761852 -0.42723185 -0.20550686
v -0.03951726 -0.42652828 -0.20323391
v -0.04176265 -0.40793854 -0.20433319
v 0.04768065 -0.32667622 -0.17372826
v 0.04518241 -0.34952581 -0.18100601
v 0.03354760 -0.34893003 -0.16790153
v 0.03675903 -0.32676768 -0.16056478
v 0.11072189 -0.31774282 -0.07022768
v 0.11355857 -0.30496743 -0.06734754
v 0.12389417 -0.32139391 -0.04558901
v 0.12012439 -0.33502096 -0.04917318
v 0.04960196 -0.44899899 -0.22017287
v 0.07037254 -0.45935631 -0.22123682
v 0.06706263 -0.47470054 -0.22239235
v 0.04648132 -0.46224719 -0.22229944
v 0.01233736 -0.40958250 -0.19617261
v 0.01136776 -0.42033765 -0.19773105
v 0.00137348 -0.42381224 -0.20213810
v 0.00173667 -0.41085804 -0.20087713
v 0.09464595 -0.42010576 -0.08988544
v 0.09293471 -0.43067044 -0.09693877
v 0.08484806 -0.41548297 -0.11590920
v 0.08610480 -0.40386149 -0.11137002
v 0.08506696 -0.39273202 -0.10575171
v 0.09327199 -0.40964586 -0.08300854
v -0.00792656 -0.41061121 -0.20400210
v -0.00760514 -0.42677790 -0.20481971
v -0.01687042 -0.42724749 -0.20571697
v -0.01811747 -0.41009670 -0.20549569
v -0.03997131 -0.30949870 -0.17295739
v -0.01920516 -0.31196719 -0.17190069
v 0.09875340 -0.28793663 -0.08621846
v 0.09641536 -0.29986626 -0.08837816
v 0.07872503 -0.28391179 -0.10072767
v 0.08062956 -0.27284712 -0.09939641
v -0.01072180 -0.31927884 -0.13906342
v 0.00693706 -0.32739073 -0.13666198
v 0.00312923 -0.32119247 -0.15351678
v -0.01549810 -0.31538734 -0.15361592
v 0.06006408 -0.26014769 -0.10922362
v 0.05832764 -0.27050659 -0.10885359
v 0.03675786 -0.25770617 -0.11620222
v 0.03804962 -0.24495763 -0.11659905
v -0.05022309 -0.44504195 -0.19972751
v -0.06385972 -0.44260365 -0.19429216
v -0.00151734 -0.33942059 -0.20191303
v -0.01325914 -0.33329332 -0.20406902
v -0.00825154 -0.32120240 -0.19037072
v 0.00465053 -0.32880229 -0.19008771
v 0.03560336 -0.42365384 -0.18015508
v 0.03423151 -0.43183115 -0.18151599
v 0.01890030 -0.43613335 -0.19597611
v 0.02119856 -0.42559114 -0.19325882
v 0.12991065 -0.30983293 -0.04197693
v 0.11832123 -0.29534370 -0.06495965
v 0.06394492 -0.24996400 -0.10830994
v 0.04133350 -0.23509306 -0.11599273
v 0.07076490 -0.46094406 -0.12664169
v 0.06292233 -0.45656615 -0.13811323
v 0.06625785 -0.45758849 -0.13670170
v 0.07410162 -0.46286023 -0.12627657
v -0.07848261 -0.32713968 -0.18531792
v -0.06199782 -0.31341213 -0.17761594
v -0.05605412 -0.32021514 -0.19303453
v -0.06771773 -0.33304003 -0.19668499
v 0.01177213 -0.32557014 -0.17208734
v -0.00223459 -0.31759062 -0.17157331
v 0.01877984 -0.32945156 -0.15363380
v -0.08782348 -0.32372594 -0.17010328
v -0.06590506 -0.31293467 -0.15665990
v -0.07813434 -0.43963903 -0.18658029
v -0.08150562 -0.42033967 -0.18829671
v -0.07618647 -0.45972735 -0.18604134
v -0.07503246 -0.48023552 -0.18633930
v -0.09073383 -0.47691581 -0.17840485
v -0.09145401 -0.45626101 -0.17794304
v -0.07434658 -0.50079525 -0.18650758
v -0.09039520 -0.49664861 -0.17930251
v -0.07585479 -0.53132606 -0.18411101
v -0.07835260 -0.54177827 -0.18378027
v 0.02317383 -0.41683573 -0.19029920
v 0.02500434 -0.40725255 -0.18854548
v 0.08484694 -0.26416972 -0.09771739
v 0.06341526 -0.57430625 -0.10092259
v 0.07328396 -0.56448519 -0.11466664
v 0.07414147 -0.55908537 -0.09857696
v 0.06496657 -0.56743288 -0.08503733
v 0.00000557 -0.53513950 -0.20709847
v 0.01392359 -0.55880386 -0.20033675
v 0.09631827 -0.49195540 -0.09637522
v 0.09488111 -0.48767191 -0.09528978
v 0.09486020 -0.49363077 -0.08900983
v 0.09561148 -0.49952275 -0.08998613
v 0.08428104 -0.46652016 -0.10901862
v 0.08977824 -0.46801758 -0.10460338
v 0.08845675 -0.45549667 -0.10076267
v 0.08318809 -0.45398071 -0.10319629
v 0.12655817 -0.33580276 -0.02273396
v 0.12217889 -0.35046840 -0.02538669
v 0.08816424 -0.45040029 -0.01834795
v 0.09232448 -0.46015415 -0.03074284
v 0.09694805 -0.44346410 -0.04520265
v 0.09377761 -0.43369171 -0.03517299
v -0.03267769 -0.58186376 -0.03519558
v -0.01108451 -0.58360291 -0.04500939
v -0.00827294 -0.57399380 -0.03256563
v -0.02980377 -0.57177019 -0.02326161
v 0.03143179 -0.59327519 -0.08447499
v 0.00976024 -0.59354454 -0.06970708
v 0.00608175 -0.59979290 -0.08144877
v 0.02768936 -0.59935766 -0.09798846
v 0.05012140 -0.58188421 -0.08518314
v 0.05220552 -0.57389975 -0.07004196
v 0.09819917 -0.43654436 -0.07153077
v 0.09693024 -0.44485009 -0.08109325
v 0.09525894 -0.45588812 -0.09478572
v 0.09290820 -0.46018830 -0.10104914
v 0.08658464 -0.45009878 -0.11205862
v 0.08895541 -0.44457549 -0.10732623
v -0.01537534 -0.58364278 -0.18630855
v 0.00368899 -0.59205461 -0.17898083
v -0.00911316 -0.60194623 -0.17315318
v -0.02314780 -0.61978269 -0.11631094
v -0.01580222 -0.61839521 -0.12702562
v -0.00684910 -0.61550599 -0.12438168
v -0.01916308 -0.61734712 -0.11126128
v 0.00947412 -0.52913266 0.01886009
v 0.01511886 -0.50990969 0.02906197
v -0.00650851 -0.51220447 0.03975079
v -0.01154676 -0.53067929 0.02887869
v 0.09318183 -0.47239846 -0.09816893
v 0.09455238 -0.48003086 -0.09334915
v 0.09204909 -0.47905588 -0.09845130
v 0.08987279 -0.47300324 -0.10317990
v 0.09694530 -0.47910419 -0.08678825
v 0.09579474 -0.46961263 -0.09265593
v 0.09806252 -0.46633479 -0.08531737
v 0.09845182 -0.47711238 -0.07829589
v 0.09464154 -0.46715197 -0.04418076
v 0.09670603 -0.47234488 -0.05810649
v 0.09803712 -0.45920277 -0.06861502
v 0.09810828 -0.45222858 -0.05660245
v 0.00760511 -0.44740587 0.05875317
v 0.00410127 -0.46824920 0.05643623
v 0.02244600 -0.46717981 0.04609482
v 0.02636245 -0.44797468 0.05134705
v 0.04396460 -0.44011253 -0.15755238
v 0.03988819 -0.42856550 -0.14911011
v 0.02890798 -0.42467466 -0.16562007
v 0.03157687 -0.43311936 -0.17165495
v 0.10359393 -0.45218790 -0.10519343
v 0.10756570 -0.45356396 -0.10986818
v 0.10994510 -0.44281814 -0.11009212
v 0.10637133 -0.44222093 -0.10567276
v 0.04440392 -0.41336554 -0.12233578
v 0.04266644 -0.39541176 -0.11157535
v 0.03268632 -0.39415535 -0.12978964
v 0.03517395 -0.41286379 -0.13935399
v 0.03841125 -0.57259971 -0.19026487
v 0.02779639 -0.57829899 -0.18729085
v 0.02367913 -0.55263841 -0.20433018
v 0.06470191 -0.43476409 -0.10869960
v 0.07375327 -0.43800086 -0.10102911
v 0.07468520 -0.42209679 -0.09217142
v 0.06393033 -0.41868967 -0.09800999
v 0.06361863 -0.32797748 -0.18227531
v 0.06191979 -0.35111305 -0.18902671
v 0.05566628 -0.37781912 -0.09178646
v 0.05340448 -0.39714772 -0.09811266
v 0.06533799 -0.40003312 -0.08929748
v 0.06946665 -0.37942779 -0.08519417
v 0.09169886 -0.42468375 -0.02683934
v 0.08450333 -0.43949485 -0.00932966
v 0.11563794 -0.35739270 0.02043743
v 0.10899706 -0.37439755 0.01816722
v 0.11782032 -0.36439782 -0.00238517
v 0.12318170 -0.34839174 -0.00030949
v 0.13181402 -0.32313046 -0.01848031
v 0.12146021 -0.34092212 0.02498624
v 0.12892449 -0.33350316 0.00429126
v -0.03427661 -0.61260480 -0.16667448
v -0.02161870 -0.60768712 -0.16901098
v -0.02653430 -0.61803937 -0.15091909
v -0.03871474 -0.62184763 -0.15097877
v 0.19280717 -0.24461696 -0.00421522
v 0.18059522 -0.23669583 -0.03585300
v 0.18540306 -0.21638004 -0.03171141
v 0.19717030 -0.22264774 0.00261771
v -0.04896941 -0.62907296 -0.11694305
v -0.05924078 -0.63181162 -0.12291624
v -0.04751951 -0.62785351 -0.13604179
v -0.03618774 -0.62468737 -0.13285398
v 0.18504804 -0.26486987 -0.01000478
v 0.17505537 -0.25457031 -0.03823197
v -0.03652179 -0.59709066 -0.17855178
v -0.02566038 -0.59114194 -0.18235891
v -0.04383190 -0.58070922 -0.18330708
v -0.03553916 -0.57398987 -0.18604970
v -0.05410460 -0.56751406 -0.18581641
v 0.16432807 -0.22365859 -0.05975161
v 0.17052737 -0.20524979 -0.05986682
v -0.04960947 -0.62552202 -0.15234403
v -0.05769923 -0.63103163 -0.13967060
v -0.06787635 -0.63416874 -0.12911232
v -0.08103295 -0.63665378 -0.12130766
v -0.09658784 -0.63741922 -0.11542167
v -0.10084179 -0.64008415 -0.12355496
v 0.14037313 -0.30132905 -0.04089048
v 0.14495306 -0.31302151 -0.01504559
v 0.19748294 -0.12791225 0.09443167
v 0.20096524 -0.11262438 0.07943237
v 0.17591038 -0.10155633 0.10605958
v 0.17617796 -0.11868021 0.11737086
v 0.11215098 -0.10605612 0.15806442
v 0.14716195 -0.11175480 0.13750839
v 0.14259022 -0.09407896 0.12557971
v 0.10673903 -0.08799988 0.14353955
v 0.10074939 -0.24118234 0.16138625
v 0.09475043 -0.26174447 0.15240756
v 0.12317988 -0.26622555 0.13808878
v 0.12965472 -0.24658963 0.14755696
v 0.14175971 -0.32242984 0.00938864
v 0.13426903 -0.32847595 0.03148892
v 0.12648478 -0.28734666 -0.06483201
v 0.20620355 -0.10148129 -0.07550244
v 0.21958619 -0.07558662 -0.06923078
v 0.23652829 -0.08518824 -0.03271312
v 0.22555915 -0.11153363 -0.03940152
v 0.23171416 -0.08366323 0.04281753
v 0.20953192 -0.07322264 0.07398936
v 0.20393749 -0.09365112 0.07495647
v 0.22482407 -0.10693058 0.04264011
v 0.01735128 -0.22176872 -0.12023687
v 0.02134112 -0.21124627 -0.11987492
v 0.04502784 -0.22564295 -0.11573328
v -0.05005975 -0.19684571 -0.11007986
v -0.04860072 -0.18435806 -0.11099946
v -0.02631827 -0.19058204 -0.11730891
v -0.02748441 -0.20285794 -0.11689235
v -0.01229883 -0.11288057 -0.08582447
v -0.01536856 -0.12883835 -0.09881463
v -0.03341706 -0.12666386 -0.09127402
v -0.02760014 -0.11351241 -0.08003954
v 0.14409640 -0.20916761 -0.08063982
v 0.13991204 -0.22540869 -0.08158346
v 0.11505373 -0.20700157 -0.09708560
v 0.11781681 -0.19076946 -0.09853943
v 0.13567674 -0.07820711 0.11278547
v 0.09906016 -0.07351372 0.12551175
v 0.17469878 -0.08924195 -0.10206828
v 0.19200006 -0.06135693 -0.09856886
v 0.15944834 -0.04428521 -0.11272798
v 0.14365529 -0.07255161 -0.11347578
v 0.11238618 -0.05376285 -0.10889770
v 0.12608849 -0.02562508 -0.10782277
v 0.01819830 -0.05090809 -0.01799227
v 0.02674296 -0.04465634 -0.01378565
v 0.02803712 -0.05857307 -0.04680378
v 0.01667909 -0.06878439 -0.04938909
v 0.11375348 -0.14972439 0.17283249
v 0.14416960 -0.15227601 0.15719292
v 0.14637420 -0.13089827 0.14975744
v 0.11414522 -0.12824953 0.16756830
v 0.12371700 -0.33161762 0.05172339
v 0.11076582 -0.34526241 0.04344018
v 0.09680885 -0.34819478 0.05854426
v 0.08952792 -0.36752906 0.05352446
v 0.10410570 -0.36352646 0.03836103
v 0.05938424 -0.46864799 0.01776965
v 0.06427927 -0.48273361 0.00714240
v 0.07847144 -0.46594912 -0.00436323
v 0.07425592 -0.45426691 0.00511022
v 0.01215451 -0.58572608 -0.05720877
v 0.01431831 -0.57698190 -0.04351442
v 0.17610571 -0.06381264 0.09647506
v 0.19158553 -0.04244134 0.09134150
v 0.15606363 -0.02901995 0.10122208
v 0.12739506 -0.05550033 0.10519460
v 0.23933969 -0.05918366 0.04375581
v 0.24112427 -0.08910388 0.00633107
v 0.24950656 -0.06310597 0.01062927
v 0.23171148 -0.04773951 -0.06592081
v 0.24642605 -0.05847377 -0.02854445
v 0.17303193 -0.01458931 -0.11030435
v 0.13991226 0.00292832 -0.10461936
v 0.06800367 0.00950602 -0.02776408
v 0.08322674 0.02922300 -0.02000847
v 0.09362802 0.02608520 -0.05261191
v 0.07971519 0.00340694 -0.05976914
v 0.03378754 -0.11419667 -0.09874781
v 0.05011591 -0.10446638 -0.09424661
v 0.07175560 -0.13100705 -0.10515628
v 0.06507488 -0.14440677 -0.10893914
v -0.02896192 -0.21414950 -0.11955437
v -0.04750246 -0.20874316 -0.11370820
v 0.01485760 -0.23181191 -0.12185793
v -0.00828930 -0.22160958 -0.12283833
v -0.00600034 -0.21063563 -0.12047810
v -0.03896954 -0.26783833 -0.13543271
v -0.03625446 -0.25428772 -0.13108253
v -0.01269501 -0.26159766 -0.13164778
v -0.01504647 -0.27499828 -0.13584968
v -0.01925532 -0.28983676 -0.13867295
v -0.04265978 -0.28319564 -0.13826904
v -0.05378542 -0.31382895 -0.13931789
v -0.03083701 -0.31446981 -0.14050108
v -0.03800657 -0.31149033 -0.15463334
v -0.09313764 -0.43622375 -0.17787337
v -0.09601244 -0.41744655 -0.17903644
v 0.14870378 -0.19027306 -0.08487268
v 0.09704776 -0.03555140 0.09291935
v 0.12246951 -0.01256922 0.09488335
v 0.10095712 0.00224698 0.07369097
v 0.08311976 -0.01886302 0.06805973
v 0.16037671 -0.24058573 -0.06129593
v 0.10279866 -0.27936929 -0.08410323
v 0.11009157 -0.27139822 -0.08401264
v 0.06270833 -0.36510283 -0.12412629
v 0.06706399 -0.36203516 -0.10601397
v -0.05147795 -0.32800353 -0.20109402
v -0.05650770 -0.33812889 -0.20412824
v 0.23334432 -0.11406864 0.00311652
v 0.18516210 0.01313528 -0.10675660
v 0.15369053 0.03029272 -0.09978364
v 0.16728699 0.05709457 -0.09365735
v 0.19709615 0.04060709 -0.10206489
v 0.10111026 0.04506034 0.01819674
v 0.12163618 0.06641722 0.02327057
v 0.11896372 0.07057610 -0.00702282
v 0.10003108 0.04959789 -0.01338020
v 0.14217801 0.08830965 0.02600881
v 0.16148418 0.10979828 0.03041626
v 0.15777409 0.11632976 0.00271097
v 0.13852638 0.09355348 -0.00419899
v 0.20568922 -0.03274140 -0.09617655
v 0.24882849 0.00694057 -0.06424446
v 0.23973860 -0.02028012 -0.06583236
v 0.21583283 -0.00465825 -0.09308342
v 0.22667861 0.02290839 -0.09017795
v 0.21991296 -0.05210453 0.07161144
v 0.06560513 0.00719416 0.00405416
v 0.08156037 0.02494204 0.01164008
v 0.14687100 0.04789665 0.07314421
v 0.12381837 0.02550018 0.07492738
v 0.14747125 0.01081386 0.09313019
v 0.16993453 0.03363729 0.08892557
v 0.26008153 -0.01203683 0.03595947
v 0.24938238 -0.03526515 0.03976566
v 0.25728869 -0.03722355 0.00657113
v 0.26631263 -0.01274633 0.00316883
v 0.25461724 -0.03204498 -0.03078283
v 0.26291201 -0.00545353 -0.03201088
v 0.26758182 0.06004915 -0.06185956
v 0.25789517 0.03406289 -0.06306912
v 0.23663487 0.05026230 -0.08689071
v 0.24676883 0.07675517 -0.08291098
v 0.28135085 0.04572064 -0.03297828
v 0.27199763 0.02036396 -0.03260665
v 0.28495145 0.03648019 -0.00226919
v 0.27586228 0.01212457 0.00010401
v 0.27984595 0.03475344 0.02654465
v 0.27039525 0.01135486 0.03097291
v 0.26771900 0.03871870 0.05033332
v 0.25703686 0.01680332 0.05665457
v 0.23693754 0.02727073 0.07599808
v 0.24983679 0.04816407 0.06858233
v 0.22891413 0.06046292 0.07889749
v 0.21360014 0.03991613 0.08513620
v 0.18698625 0.08872551 0.07112771
v 0.16805984 0.06904471 0.07173008
v 0.18919717 0.05503994 0.08465870
v 0.20660400 0.07476744 0.08049317
v 0.25680894 0.15572268 0.07367726
v 0.23826416 0.13981363 0.07540499
v 0.25444046 0.12523511 0.07195264
v 0.27020466 0.14147541 0.06812748
v 0.28256512 0.12752610 0.06237140
v 0.26890260 0.11267298 0.06317924
v 0.28292018 0.10205472 0.05433094
v 0.29670012 0.11565343 0.05223622
v 0.30377263 0.09539032 0.01878914
v 0.31607342 0.11073875 0.01836258
v 0.30801058 0.11010510 0.03793802
v 0.29510546 0.09568164 0.03891442
v 0.30968535 0.09880635 -0.00601947
v 0.32112986 0.11590335 -0.00513462
v 0.30788195 0.11102331 -0.03128842
v 0.31801763 0.13047829 -0.02733415
v 0.29500505 0.13075933 -0.05033728
v 0.30489731 0.15027033 -0.04271466
v 0.21003747 0.17868617 0.03033620
v 0.21289371 0.16875100 0.05258979
v 0.23334752 0.18340495 0.05805802
v 0.22917376 0.19426525 0.03807553
v 0.22444350 0.18401617 -0.02090375
v 0.24439004 0.19952683 -0.00690299
v 0.25322831 0.19547120 -0.03316136
v 0.23703817 0.17940319 -0.04794092
v 0.27733168 0.08527300 -0.06003743
v 0.28956214 0.06962726 -0.03250978
v 0.29289168 0.05930170 -0.00384074
v 0.28753087 0.05646685 0.02240016
v 0.20432703 0.10656208 0.07237890
v 0.22366375 0.09219146 0.07733476
v 0.17539509 0.13906461 0.01110953
v 0.17852651 0.13092896 0.03585283
v 0.24308953 0.14606413 -0.07520623
v 0.26603141 0.12847307 -0.07343499
v 0.25649646 0.10350180 -0.07839263
v 0.23120579 0.12019709 -0.08152389
v 0.29802477 0.09111297 -0.03285719
v 0.30039340 0.08031937 -0.00484953
v 0.29512697 0.07686234 0.01969096
v 0.27212414 0.08545583 0.05650473
v 0.28561312 0.07824308 0.04043478
v 0.25651762 0.09625396 0.06754155
v 0.22151992 0.12346399 0.07469505
v 0.23923676 0.10871714 0.07533951
v 0.19280751 0.15988734 0.02030342
v 0.19547692 0.15079483 0.04370054
v 0.27048737 0.18474376 -0.05153832
v 0.28977418 0.16812254 -0.05306444
v 0.27741981 0.14989007 -0.06337761
v 0.25666565 0.16873491 -0.06612988
v 0.28598011 0.19870706 -0.03624147
v 0.27168489 0.20820628 -0.02080527
v 0.31166869 0.12588015 0.05252645
v 0.29862040 0.13774407 0.06375126
v 0.32287291 0.12227994 0.03920011
v 0.33075428 0.14942595 -0.02232393
v 0.33636731 0.12985252 -0.00303217
v 0.31877095 0.17053947 -0.03662711
v 0.30178547 0.18508756 -0.04201697
v 0.27404287 0.20613216 0.06608368
v 0.27211174 0.21780163 0.04956961
v 0.24999599 0.20340861 0.04144813
v 0.25320333 0.19448692 0.05928182
v 0.29043195 0.17592466 0.08282119
v 0.27359623 0.16761291 0.06969655
v 0.28555465 0.15307611 0.06728083
v 0.30306935 0.15898970 0.08278425
v 0.33158579 0.13452399 0.06402175
v 0.31746572 0.14446238 0.07637739
v 0.34379363 0.12917146 0.04769174
v 0.35372099 0.14644061 0.00403877
v 0.35310408 0.13188183 0.02569786
v 0.33219624 0.12108365 0.01927089
v 0.34743398 0.16853005 -0.01668365
v 0.35108829 0.21219635 -0.01097585
v 0.36833057 0.18693031 -0.00866185
v 0.33012524 0.19416979 -0.02237287
v 0.39807343 0.27677202 0.04763989
v 0.42016000 0.29463553 0.06410243
v 0.43436161 0.28115588 0.05335794
v 0.41492754 0.26238540 0.03481090
v 0.29369438 0.21988554 0.08094227
v 0.29237992 0.23222086 0.06112593
v 0.32378998 0.16812834 0.09919230
v 0.31054661 0.18627080 0.09952188
v 0.39810911 0.17636754 0.02434640
v 0.39720249 0.16002236 0.04707736
v 0.37547651 0.14510137 0.03414367
v 0.37552482 0.16163518 0.01168014
v 0.35643283 0.28119209 0.10656378
v 0.33382946 0.26481962 0.09287274
v 0.33552241 0.25105816 0.11221318
v 0.35825181 0.26821893 0.12421131
v 0.34362864 0.18309668 0.11596770
v 0.36495268 0.20016190 0.12995066
v 0.35160720 0.21808031 0.13001941
v 0.33083147 0.20078754 0.11501661
v 0.43875244 0.21623763 0.05456202
v 0.43862432 0.20115249 0.07604894
v 0.41852096 0.17839347 0.06125912
v 0.41912663 0.19456509 0.03864290
v 0.37313050 0.22760201 0.00180659
v 0.39534479 0.24344878 0.01722872
v 0.41094822 0.21831794 0.02052024
v 0.39021674 0.20147331 0.00508407
v 0.35416579 0.24449837 0.01428390
v 0.37663341 0.25947773 0.02985975
v 0.41102490 0.30364591 0.14309359
v 0.41152567 0.31574365 0.12925877
v 0.38343999 0.29797369 0.11818689
v 0.38410270 0.28522530 0.13379627
v 0.38774559 0.21981761 0.14046277
v 0.41149354 0.24234685 0.14841254
v 0.39892140 0.25738761 0.14873078
v 0.37405723 0.23694719 0.14156690
v 0.47658432 0.26485419 0.09043562
v 0.47593790 0.25338823 0.10822754
v 0.45781240 0.22702740 0.09154579
v 0.45765436 0.23962016 0.07253273
v 0.45609564 0.30134624 0.07237998
v 0.47043076 0.28209195 0.07506062
v 0.44989109 0.26001871 0.05526341
v 0.44258422 0.31410354 0.08129847
v 0.46530169 0.33261770 0.09689471
v 0.47655916 0.32242575 0.08962898
v 0.43613905 0.32256579 0.15198772
v 0.43733746 0.33232075 0.13847044
v 0.44553941 0.30161592 0.16460760
v 0.42351440 0.27926844 0.15610039
v 0.43425715 0.26547858 0.15591794
v 0.45523798 0.28835976 0.16477349
v 0.46173942 0.24960488 0.13868222
v 0.48039997 0.27410632 0.14866769
v 0.46787447 0.27861848 0.15890005
v 0.44848159 0.25449687 0.14933553
v 0.49164069 0.27840480 0.12308297
v 0.48709732 0.27436239 0.13736102
v 0.47086143 0.24806555 0.12450454
v 0.49346524 0.28814286 0.10564530
v 0.48834419 0.30498469 0.09198739
v 0.06630547 -0.04928580 0.07775453
v 0.07915547 -0.04833812 0.08495754
v 0.06958673 -0.03137496 0.05942565
v 0.05896531 -0.03607732 0.05154395
v 0.12684605 0.07232931 -0.04221787
v 0.10974607 0.04839447 -0.04751192
v 0.16208616 0.11968932 -0.02685060
v 0.14501077 0.09630293 -0.03648648
v 0.17964146 0.14281529 -0.01686914
v 0.21546096 0.18408549 0.00544860
v 0.19738600 0.16475549 -0.00588563
v 0.23599148 0.19913816 0.01483134
v 0.25651014 0.21180728 0.02178249
v 0.27808306 0.22576796 0.02924846
v 0.31917679 0.25491506 0.05192299
v 0.29905778 0.23936930 0.03839868
v 0.31290713 0.24831676 0.07691161
v 0.36426204 0.28870153 0.08289997
v 0.34087819 0.27154279 0.06749314
v 0.41847122 0.32245401 0.11152881
v 0.39122999 0.30544645 0.09760892
v 0.44460124 0.33717781 0.12256792
v 0.07610820 -0.05760148 -0.09010532
v 0.06763199 -0.07786493 -0.09071897
v 0.05204378 -0.05545577 -0.06929055
v 0.05929732 -0.03883189 -0.06693496
v 0.02842717 -0.04417789 0.02097416
v 0.03539574 -0.04254633 0.02563413
v 0.03110034 -0.04160246 0.00826460
v 0.02328412 -0.04564023 0.00451331
v 0.28621805 0.10911021 -0.05671638
v 0.27670172 0.05921742 0.04442203
v 0.24311160 0.07886603 0.07220110
v 0.26127917 0.06759953 0.06138716
v 0.20642132 0.16490951 -0.03426330
v 0.22106040 0.15966424 -0.06056400
v 0.20686387 0.13435763 -0.06919010
v 0.18989009 0.14226857 -0.04499029
v 0.33429810 0.23072585 0.00192085
v 0.31429726 0.23939109 0.01772021
v 0.33534837 0.25379598 0.03074577
v 0.31624284 0.21733792 -0.01019399
v 0.36695972 0.13844436 0.05758487
v 0.35435158 0.14209116 0.07654364
v 0.35988802 0.16618884 0.10682850
v 0.33955747 0.15282744 0.09053792
v 0.37599960 0.15514439 0.09162528
v 0.16009432 0.09449011 -0.06469439
v 0.17445782 0.11845294 -0.05510766
v 0.19417161 0.10924819 -0.07797849
v 0.18090513 0.08350360 -0.08604922
v 0.10009425 -0.38919944 0.01468960
v 0.10904821 -0.37883052 -0.00441414
v 0.03293166 -0.34824899 -0.17293558
v 0.02380200 -0.33586514 -0.17239806
v 0.03346422 -0.34097961 -0.15188707
v 0.04517982 -0.35524628 -0.15100151
v 0.05231564 -0.36684290 -0.15306160
v 0.03833255 -0.36053324 -0.17393276
v 0.05558909 -0.37848988 -0.15535061
v 0.04080489 -0.37348628 -0.17484578
v 0.04871614 -0.42952174 -0.16336751
v 0.04610196 -0.43700585 -0.16490465
v -0.07522045 -0.31118876 -0.13286304
v -0.07070719 -0.29469669 -0.13376440
v -0.04759805 -0.29814181 -0.13952291
v -0.00338446 -0.19946216 -0.12089481
v 0.03240395 -0.14334682 -0.11024856
v 0.00619590 -0.13304159 -0.10585206
v 0.00726640 -0.11406972 -0.09198594
v 0.00230116 -0.06634679 -0.03696523
v 0.00096235 -0.05752340 -0.01705873
v 0.01221965 -0.04846278 0.00548235
v 0.02059915 -0.04636413 0.02315165
v 0.04488397 -0.44436136 0.04250043
v 0.04097922 -0.46180043 0.03599289
v -0.03603765 -0.59005392 -0.04690238
v -0.01329794 -0.59149718 -0.05736929
v -0.02013572 -0.60460734 -0.07777002
v -0.04229147 -0.60363132 -0.06669788
v -0.04636320 -0.61000353 -0.07470147
v -0.02481748 -0.61000401 -0.08596229
v -0.07473697 -0.63467610 -0.11295646
v -0.06698883 -0.63159072 -0.10424975
v 0.03991977 -0.04676828 0.04332390
v 0.04704425 -0.04722917 0.05328648
v 0.04244579 -0.04109591 0.03235406
v 0.05692792 -0.00819540 -0.03356298
v 0.04868773 -0.02499083 -0.03855565
v 0.04642299 -0.02051148 -0.00718309
v 0.05477007 -0.00776237 -0.00226975
v 0.21218339 -0.13795321 -0.04748494
v 0.18998456 -0.12693723 -0.08341815
v 0.17311415 -0.08429345 0.09793932
v 0.07852564 -0.33532745 -0.08309004
v 0.07380201 -0.35797155 -0.08386925
v 0.08925198 -0.35801169 -0.08424558
v 0.09377439 -0.33489266 -0.08460579
v 0.03216853 -0.52699667 0.00711106
v 0.04208976 -0.50363702 0.01511113
v -0.02729352 -0.56533194 -0.18893147
v 0.04229902 -0.53546637 -0.21444820
v 0.03283589 -0.54482281 -0.20920676
v 0.01872519 -0.52212214 -0.21607630
v 0.02545804 -0.51507741 -0.21961848
v 0.08137251 -0.56044883 -0.14153317
v 0.07227194 -0.57006520 -0.13132817
v 0.06860824 -0.57358766 -0.15081424
v 0.07781821 -0.56365204 -0.15973850
v 0.13446945 -0.22397417 0.15572263
v 0.10515944 -0.21885917 0.16874945
v 0.04299289 -0.39238855 0.07000056
v 0.03622217 -0.41170430 0.06370102
v 0.05572590 -0.40909380 0.05586088
v 0.06406229 -0.39053282 0.06204790
v 0.06031484 -0.50839376 -0.00539155
v 0.07272500 -0.49054185 -0.00928969
v -0.09806583 -0.34272978 -0.17870967
v -0.08597300 -0.34539914 -0.19025448
v -0.08800571 -0.36437008 -0.19155101
v -0.10188875 -0.36190045 -0.18147668
v 0.11184472 -0.39096263 -0.10245464
v 0.09962440 -0.38253254 -0.09062208
v 0.09323312 -0.40446529 -0.09042995
v 0.10227136 -0.41101620 -0.09571914
v 0.21829420 -0.12692761 0.04735792
v 0.22172776 -0.14252034 0.00236160
v 0.10552348 -0.39073417 -0.03193007
v 0.10763735 -0.37747240 -0.02795317
v 0.10301475 -0.39206988 -0.00643892
v 0.10192970 -0.40589571 -0.01041835
v 0.09427319 -0.41753349 -0.05450869
v 0.09439838 -0.40979409 -0.04665797
v 0.09724105 -0.42669770 -0.06281311
v 0.07847047 -0.46460074 -0.11567802
v 0.08084060 -0.46881175 -0.11622953
v 0.08566871 -0.47295284 -0.10958746
v 0.06777506 -0.01912534 -0.06466070
v 0.03634566 -0.07977387 -0.07450541
v 0.02320544 -0.08763421 -0.07661644
v 0.03249695 -0.04573154 0.03510764
v 0.02592483 -0.04544565 0.03356259
v -0.05848188 -0.57414371 -0.18763681
v -0.05062708 -0.58687699 -0.18195568
v 0.05365807 -0.41559851 -0.10823172
v 0.05632573 -0.43235663 -0.11973482
v 0.08339298 -0.45535198 -0.11684851
v 0.07945927 -0.45969224 -0.12134799
v 0.07032503 -0.45246974 -0.13380355
v 0.07352555 -0.44643062 -0.13036487
v 0.08975638 -0.46384698 -0.10630836
v 0.08599138 -0.46640560 -0.11085162
v -0.00686774 -0.44173869 -0.20616390
v -0.00409911 -0.45765346 -0.20915172
v -0.01186075 -0.46249622 -0.20885243
v -0.01519736 -0.44509521 -0.20696586
v -0.02518136 -0.44642770 -0.20619929
v -0.02153739 -0.46605551 -0.20802921
v -0.03299466 -0.46742573 -0.20466284
v -0.03710122 -0.44642743 -0.20384373
v -0.03670328 -0.53699017 -0.19402605
v -0.05624479 -0.52542484 -0.19239475
v -0.07494774 -0.51829106 -0.18656528
v -0.09109505 -0.51309049 -0.18024755
v -0.05894505 -0.62505865 -0.09730451
v -0.03678259 -0.62330186 -0.11148567
v -0.03438668 -0.61861980 -0.10053221
v -0.05372760 -0.61961639 -0.08929935
v -0.07375173 -0.62122905 -0.07979809
v -0.07922049 -0.62685150 -0.08776779
v -0.06625476 -0.55744505 -0.18765619
v -0.08097251 -0.54980117 -0.18753211
v -0.09307699 -0.53696400 -0.18110107
v 0.08079712 -0.32866457 -0.18401578
v 0.08054444 -0.35199642 -0.19012858
v -0.04568357 -0.61644292 -0.16529617
v -0.04586260 -0.60216922 -0.17581838
v 0.09826877 -0.33095205 -0.17870267
v 0.09846170 -0.35463229 -0.18429366
v -0.00263343 -0.50555438 -0.21099252
v 0.00687955 -0.50054950 -0.21358283
v 0.00967166 -0.52866662 -0.21199735
v -0.06913281 -0.56344712 -0.19126140
v -0.08320481 -0.55621582 -0.19228975
v 0.19586168 -0.16178517 -0.05622163
v 0.17279267 -0.14978974 -0.08842696
v 0.10571275 -0.33080184 -0.07096344
v 0.09309286 -0.31293902 -0.08914749
v -0.08434378 -0.26159227 -0.11927073
v -0.08102843 -0.24678537 -0.11496218
v -0.05943218 -0.25010672 -0.12504126
v -0.06207209 -0.26400742 -0.12951605
v -0.09635828 -0.30801013 -0.12388194
v -0.09236769 -0.29237425 -0.12303035
v -0.10711386 -0.55279493 -0.19679223
v -0.03215680 -0.22755125 -0.12331783
v -0.03442332 -0.24101911 -0.12731843
v -0.05752024 -0.23689660 -0.12094696
v -0.05504003 -0.22110328 -0.11592703
v -0.06082104 -0.20331275 -0.10732742
v -0.06100143 -0.19748168 -0.10588378
v -0.00830404 -0.09803444 -0.07471691
v -0.02042688 -0.09895539 -0.06991944
v 0.03799763 -0.40442812 -0.20314683
v 0.05624972 -0.40867141 -0.20981656
v 0.05396695 -0.42374998 -0.21460736
v 0.03682248 -0.41751343 -0.20798703
v 0.01397928 -0.24522139 -0.12355671
v -0.00982396 -0.23501635 -0.12610397
v 0.03727387 -0.41497853 -0.17757225
v 0.05108958 -0.42084008 -0.16147053
v -0.08465609 -0.31605786 -0.14383782
v -0.07272398 -0.34947488 -0.19900216
v -0.07383104 -0.36687809 -0.19932064
v -0.05905801 -0.35343248 -0.20596588
v -0.05923504 -0.37010020 -0.20526087
v 0.03146753 -0.04653591 0.04454734
v 0.03684398 -0.05045837 0.04681288
v 0.12235227 -0.44872549 -0.14851454
v 0.12084901 -0.44659218 -0.13797617
v 0.11869396 -0.46006346 -0.13679637
v 0.12050255 -0.46237057 -0.14776024
v 0.07202801 -0.00395125 0.03503172
v 0.06094264 -0.01686469 0.02929593
v 0.08762497 -0.06241444 0.10353601
v 0.06772695 -0.05707440 0.09575067
v 0.06038555 -0.06491411 0.10454836
v 0.06277637 -0.06906438 0.11371506
v 0.11403023 0.01822689 -0.08286685
v 0.10013239 -0.00917882 -0.08729737
v 0.12925358 0.04407951 -0.07763445
v 0.14477529 0.06991801 -0.07138641
v 0.26600206 0.21235026 0.00090009
v 0.29217994 0.22455689 0.00402543
v 0.35773551 0.26898015 0.04653358
v 0.38068151 0.28550172 0.06304841
v 0.40523940 0.30332452 0.07941851
v 0.45471150 0.33751434 0.10789472
v 0.43015680 0.32145074 0.09539975
v 0.11174515 -0.33255899 -0.16814144
v 0.12044927 -0.33307999 -0.15374942
v 0.12159813 -0.35886714 -0.15548167
v 0.11294742 -0.35879260 -0.17240484
v 0.04368126 -0.37606570 -0.10523982
v 0.04613806 -0.35623679 -0.10058198
v 0.03541437 -0.35390478 -0.11690529
v 0.03315330 -0.37421840 -0.12281591
v 0.05005842 -0.33541140 -0.09650600
v 0.05938211 -0.35792926 -0.08905710
v 0.06394224 -0.33612427 -0.08715397
v 0.10775533 -0.33544338 -0.09219253
v 0.10374918 -0.35882050 -0.09090739
v 0.11534242 -0.36110240 -0.10372722
v 0.11848497 -0.33556992 -0.10522796
v 0.12478989 -0.33389914 -0.13710898
v 0.12441593 -0.33472756 -0.12012929
v 0.12266426 -0.35933405 -0.12031117
v 0.12405111 -0.35823220 -0.13830329
v 0.03194375 -0.32831687 -0.14495978
v 0.02818567 -0.34994888 -0.15219036
v 0.02876419 -0.35149723 -0.13478763
v 0.03204282 -0.33047700 -0.12802219
v 0.07682542 -0.41353130 -0.21038696
v 0.07435381 -0.43004304 -0.21547823
v 0.03276278 -0.43688637 -0.17826591
v 0.03317809 -0.43893170 -0.17500535
v 0.02297594 -0.43054542 -0.19031033
v 0.02347615 -0.43482828 -0.19256502
v 0.05925286 -0.37308085 -0.19679901
v 0.08002297 -0.37410483 -0.19757026
v 0.07812592 -0.39516431 -0.20437852
v 0.05740513 -0.39221016 -0.20400593
v 0.02411537 -0.37064329 -0.15942568
v 0.02016743 -0.39024404 -0.16721347
v 0.02407457 -0.39212158 -0.14929034
v 0.02584855 -0.37205145 -0.14167321
v 0.07894278 -0.40252683 -0.08717239
v 0.08438104 -0.38058653 -0.08529457
v 0.02406533 -0.41498780 -0.19567567
v 0.02422279 -0.40300810 -0.19052781
v 0.03936329 -0.40652978 -0.17577440
v 0.07638370 -0.43951336 -0.12721725
v 0.07949453 -0.43240285 -0.12371966
v 0.01452192 -0.33751929 -0.18879971
v 0.00791817 -0.34533277 -0.19888511
v 0.07211843 -0.40124267 -0.13678840
v 0.07226080 -0.38922936 -0.13375194
v 0.01489612 -0.35035932 -0.19537678
v 0.02186666 -0.34737733 -0.18793021
v -0.00323278 -0.30994865 -0.13710767
v -0.09163535 -0.52639765 -0.18022035
v 0.02580154 -0.38844907 -0.18345419
v 0.03913327 -0.38886926 -0.19641598
v 0.09537014 -0.42741859 -0.09462702
v 0.08592068 -0.42406273 -0.09134975
v 0.08206786 -0.44103229 -0.09675090
v 0.08997346 -0.44230101 -0.09637363
v 0.08214281 -0.51244158 -0.04368040
v 0.08828191 -0.49913308 -0.04564163
v 0.08080354 -0.49574792 -0.02741347
v 0.07262063 -0.51083231 -0.02412966
v 0.12205818 -0.44569513 -0.16769768
v 0.12043435 -0.46084052 -0.16957664
v 0.11638528 -0.45564348 -0.18259677
v 0.11816828 -0.43894494 -0.17900208
v 0.10837911 -0.44785702 -0.19635744
v 0.09453318 -0.43842888 -0.20928527
v 0.09611543 -0.42057323 -0.20382005
v 0.11036463 -0.43008155 -0.19168544
v 0.19462204 -0.19434129 -0.02714001
v 0.20422463 -0.20116045 0.00897690
v 0.06835623 -0.24073106 -0.10818752
v 0.09082431 -0.25547898 -0.09770794
v 0.06112862 -0.16317268 -0.11162684
v 0.03403604 -0.03774637 -0.01099628
v 0.03567484 -0.04824567 -0.04430198
v 0.08890205 0.01526582 0.04359064
v 0.18176398 -0.18353255 -0.05906668
v 0.13122025 0.05876791 0.05000612
v 0.10946203 0.03694814 0.04828192
v 0.19732720 0.01813602 0.09159537
v 0.17870009 -0.00501060 0.09733698
v 0.20803528 -0.01855505 0.08742212
v 0.22293401 0.00502291 0.08200730
v 0.23215273 -0.02897599 0.06746693
v 0.24481606 -0.00549918 0.06247412
v 0.21966654 0.09358382 -0.08865467
v 0.38168806 0.18430871 0.12128600
v 0.41938239 0.19669074 0.11806986
v 0.40386623 0.20582920 0.13251440
v 0.39754325 0.17378601 0.10565407
v 0.38889936 0.15278329 0.07078351
v 0.41014746 0.17133905 0.08476488
v 0.43017119 0.23869318 0.03693467
v 0.42649633 0.22964075 0.14111188
v 0.44122565 0.22267249 0.12857500
v 0.43149352 0.19448839 0.09788802
v 0.45157379 0.22085926 0.11114442
v 0.05196222 -0.02624905 0.02245048
v 0.07071964 -0.07501951 0.12822363
v 0.14422780 -0.13605478 -0.10655051
v 0.15939358 -0.11414073 -0.10527177
v 0.05979823 -0.09340481 -0.09174903
v 0.07926694 -0.11625455 -0.10483168
v 0.05698189 -0.28258252 -0.10956578
v 0.03544971 -0.27036464 -0.11583692
v 0.04837678 -0.30884430 -0.11398888
v 0.05379291 -0.29579741 -0.11075941
v 0.07213169 -0.31001800 -0.10299101
v 0.06630562 -0.32294860 -0.10541920
v 0.09512144 -0.35620165 -0.07488327
v 0.09940369 -0.34377825 -0.07114777
v 0.10672553 -0.36082038 -0.05031382
v 0.10301971 -0.37423047 -0.05411687
v 0.11410844 -0.36483988 -0.02664125
v 0.11385229 -0.34845310 -0.04945950
v 0.06670961 -0.42093137 0.03845078
v 0.06248401 -0.43792006 0.03229880
v 0.07823883 -0.42963165 0.02107268
v 0.08189306 -0.41337690 0.02606970
v 0.00732026 -0.09406805 -0.07695666
v 0.03828533 -0.03805253 0.01354504
v 0.08760104 -0.03485435 -0.08987227
v 0.10013165 -0.07930452 -0.10654581
v 0.12914276 -0.09811151 -0.11231662
v 0.04852525 -0.43059272 -0.13373439
v 0.09475414 -0.49661049 -0.08126034
v 0.09340279 -0.50513917 -0.08213834
v 0.09783965 -0.40125194 -0.19811413
v 0.11215810 -0.41103363 -0.18586327
v 0.01852844 -0.40631717 -0.17514023
v 0.05176269 -0.43679002 -0.21789135
v 0.03302846 -0.43963951 -0.21415523
v 0.03512268 -0.42917970 -0.21145685
v 0.09170359 -0.16946441 -0.10724551
v 0.09683217 -0.15376574 -0.10761428
v 0.12345454 -0.17409174 -0.10182334
v 0.05803367 -0.05480114 0.08358556
v 0.05470844 -0.05901539 0.09043808
v 0.04526743 -0.06941196 -0.07217696
v 0.17099360 0.10066676 0.05351917
v 0.15192023 0.08030862 0.05091077
v 0.18842068 0.11990201 0.05757535
v 0.20552692 0.13766962 0.06295761
v 0.22398302 0.15446565 0.06883863
v 0.24300939 0.16943651 0.07073691
v 0.26215523 0.18104526 0.06929884
v 0.28013813 0.19186682 0.07780725
v 0.31425017 0.23489057 0.09733732
v 0.30036750 0.20312274 0.09289634
v 0.32086447 0.21815576 0.10918733
v 0.34190100 0.23517734 0.12383647
v 0.39005312 0.27174145 0.14332463
v 0.36471266 0.25282851 0.13510393
v 0.41556329 0.29091066 0.15135281
v 0.44005337 0.31198770 0.15986435
v 0.04178791 -0.05030522 0.05596221
v 0.04957210 -0.05258998 0.06949280
v -0.01429491 -0.51141357 -0.20658273
v 0.06107965 -0.43836352 -0.14655387
v 0.05834560 -0.44490284 -0.14856911
v 0.01942061 -0.41792786 -0.18137877
v 0.07633404 -0.08763677 0.14520197
v 0.08075550 -0.10415196 0.16065525
v 0.12461687 -0.38207075 -0.13652042
v 0.12354092 -0.38407916 -0.15488306
v 0.02553838 -0.41105628 -0.15775241
v 0.04467872 -0.44514912 -0.16327190
v 0.04519281 -0.44831908 -0.16057512
v 0.06567567 -0.15474033 -0.16009997
v 0.06032593 -0.13693929 -0.15642335
v 0.07190539 -0.13445997 -0.15795325
v 0.07824090 -0.15264571 -0.16061020
v 0.05424326 -0.15774381 -0.15469609
v 0.05017311 -0.13995314 -0.15050796
v 0.05162108 -0.16360795 -0.09277500
v 0.05303590 -0.14380217 -0.09245824
v 0.04452429 -0.14592147 -0.10353984
v 0.04404466 -0.16542476 -0.10486077
v 0.04017567 -0.12520003 -0.13675925
v 0.04298753 -0.14308000 -0.14085665
v 0.03948566 -0.14552772 -0.12860230
v 0.03792435 -0.12726378 -0.12523937
v 0.08002600 -0.15739578 -0.08453117
v 0.07860337 -0.17642751 -0.08251569
v 0.09255417 -0.17414400 -0.08727538
v 0.09284375 -0.15524226 -0.08998723
v 0.04803953 -0.24109516 -0.10693229
v 0.04641311 -0.25495186 -0.11279196
v 0.04938324 -0.25274277 -0.09847066
v 0.05298716 -0.23810464 -0.09348559
v 0.07832219 -0.19174051 -0.16823080
v 0.07152014 -0.17304310 -0.16405097
v 0.08500925 -0.17143884 -0.16323794
v 0.09222590 -0.19083974 -0.16510853
v 0.04687102 -0.20227087 -0.13890430
v 0.05284481 -0.22174838 -0.14332572
v 0.04738975 -0.22452623 -0.12827447
v 0.04351669 -0.20486918 -0.12358313
v 0.10000918 -0.21058860 -0.16555408
v 0.08646265 -0.21101749 -0.17127313
v 0.04110337 -0.16411072 -0.13204853
v 0.04323711 -0.18297836 -0.13533007
v 0.04133306 -0.18511036 -0.12064388
v 0.04065159 -0.16571921 -0.11828601
v 0.07915977 -0.12014163 -0.08964488
v 0.08009852 -0.13859051 -0.08675556
v 0.09163965 -0.13677669 -0.09308165
v 0.08945419 -0.11854768 -0.09656513
v 0.03985228 -0.12765598 -0.11368217
v 0.04021697 -0.14652681 -0.11586559
v 0.04541421 -0.12666070 -0.10269526
v 0.08786310 -0.11361694 -0.14517358
v 0.09546237 -0.13235295 -0.14472069
v 0.08405516 -0.13312054 -0.15351692
v 0.07707887 -0.11487716 -0.15225872
v 0.05054509 -0.20288339 -0.09651475
v 0.05087480 -0.18318471 -0.09453238
v 0.04412898 -0.18505210 -0.10672721
v 0.04493088 -0.20476013 -0.10909358
v 0.06443561 -0.19490322 -0.16366829
v 0.05878382 -0.17609432 -0.15875034
v 0.10274670 -0.15132052 -0.14400578
v 0.10927366 -0.17058253 -0.14300711
v 0.09854237 -0.17086726 -0.15531783
v 0.09119047 -0.15186334 -0.15483728
v 0.11600876 -0.19037852 -0.12425935
v 0.11224690 -0.17147672 -0.12716979
v 0.10896146 -0.17253026 -0.11119466
v 0.11026275 -0.19175160 -0.10795746
v 0.05759069 -0.21963391 -0.08886228
v 0.04938012 -0.22299325 -0.10052240
v 0.07579064 -0.19615230 -0.08146450
v 0.07170513 -0.21597737 -0.08126514
v 0.08706276 -0.21333793 -0.08289745
v 0.09064040 -0.19347152 -0.08495745
v 0.07393359 -0.24998370 -0.16372128
v 0.06865636 -0.23679242 -0.16170365
v 0.08080994 -0.23328567 -0.17072397
v 0.08746096 -0.24779510 -0.17080395
v 0.09543762 -0.23064306 -0.17184211
v 0.10212919 -0.24634141 -0.17017481
v 0.11797851 -0.26905325 -0.15621257
v 0.11701191 -0.25851369 -0.15802941
v 0.12004274 -0.26089445 -0.14383768
v 0.12148786 -0.27169999 -0.14283469
v 0.11774696 -0.22819066 -0.11349294
v 0.11798821 -0.20955145 -0.11942025
v 0.10957647 -0.21098360 -0.10295399
v 0.10726613 -0.23016489 -0.09793953
v 0.09161315 -0.24820036 -0.08525762
v 0.09596830 -0.23143274 -0.08695705
v 0.08214217 -0.23217127 -0.08131339
v 0.07670381 -0.24767393 -0.08153304
v 0.07541014 -0.29832375 -0.08308706
v 0.07907794 -0.28519931 -0.08274573
v 0.06325956 -0.28476861 -0.08563992
v 0.06018322 -0.29767203 -0.08796784
v 0.04112468 -0.28366107 -0.11083439
v 0.04036667 -0.28175884 -0.12695891
v 0.03821142 -0.29296231 -0.13181496
v 0.03861625 -0.29508546 -0.11499003
v 0.08266403 -0.28667796 -0.17409715
v 0.08110344 -0.27564251 -0.17142758
v 0.09715481 -0.27623114 -0.17174256
v 0.09951519 -0.28803426 -0.17181893
v 0.11638090 -0.24396136 -0.10895760
v 0.10371123 -0.24896774 -0.09447150
v 0.04352434 -0.27376863 -0.10716168
v 0.04607914 -0.26402250 -0.10299388
v 0.04409695 -0.26474938 -0.11822660
v 0.04250726 -0.27317101 -0.12293421
v 0.05606190 -0.27108970 -0.15007830
v 0.05681044 -0.26358235 -0.14464131
v 0.06566325 -0.26159009 -0.15615220
v 0.06626999 -0.26913866 -0.16049089
v 0.07911207 -0.26775417 -0.16897540
v 0.07734402 -0.25972253 -0.16648614
v 0.09198870 -0.25840938 -0.17122841
v 0.09456179 -0.26741552 -0.17146321
v 0.11642477 -0.25459278 -0.10767746
v 0.11616509 -0.26409599 -0.10523590
v 0.11929311 -0.26442069 -0.11770821
v 0.11976571 -0.25503346 -0.12008951
v 0.07113530 -0.26080987 -0.08279236
v 0.08655773 -0.26129010 -0.08485202
v 0.05532268 -0.25442964 -0.13923703
v 0.04812638 -0.26441690 -0.13271017
v 0.04872772 -0.25492683 -0.12676534
v 0.10629098 -0.25814790 -0.16850942
v 0.08893188 -0.29800686 -0.08294810
v 0.08428764 -0.31331402 -0.08281504
v 0.09798908 -0.31323072 -0.08537724
v 0.10146214 -0.29779622 -0.08659067
v 0.07000656 -0.31353045 -0.08499495
v 0.05583696 -0.31330112 -0.09204184
v 0.03540758 -0.30776817 -0.13797650
v 0.03545158 -0.30991739 -0.12103406
v 0.04044500 -0.30597821 -0.15357159
v 0.04377190 -0.29058784 -0.14750025
v 0.05307947 -0.28930649 -0.16051668
v 0.05024031 -0.30546731 -0.16663781
v 0.08207811 -0.30632332 -0.17809050
v 0.09894371 -0.30762306 -0.17429663
v 0.11212407 -0.28999102 -0.16367413
v 0.11195669 -0.30854392 -0.16458589
v 0.04925199 -0.28458416 -0.09596398
v 0.05214867 -0.27372676 -0.09291664
v 0.10745338 -0.15206850 -0.12950605
v 0.10160701 -0.13294065 -0.13157925
v 0.10191520 -0.13442773 -0.11709334
v 0.10614989 -0.15323621 -0.11434534
v 0.09895340 -0.13557613 -0.10385789
v 0.09509461 -0.11728615 -0.10731892
v 0.04901771 -0.17960554 -0.14879066
v 0.04547013 -0.16101235 -0.14502592
v 0.04590901 -0.12261331 -0.14652494
v 0.06357338 -0.25220525 -0.15152189
v 0.05987378 -0.23986560 -0.14782426
v 0.12037522 -0.27402112 -0.12946267
v 0.12277657 -0.28442258 -0.12685241
v 0.12299757 -0.28236088 -0.14111151
v 0.12130795 -0.24397948 -0.12611300
v 0.11871382 -0.24855921 -0.14316851
v 0.11635609 -0.22936437 -0.15046176
v 0.12142314 -0.22843423 -0.13279563
v 0.11550161 -0.27433529 -0.10157558
v 0.11447485 -0.28513375 -0.09849796
v 0.12086153 -0.28499630 -0.11193709
v 0.11982981 -0.27439538 -0.11501323
v 0.06610589 -0.28751579 -0.16987287
v 0.06658867 -0.27669916 -0.16515002
v 0.12480801 -0.31126261 -0.13668165
v 0.12064032 -0.30898580 -0.15151931
v 0.12038306 -0.29190010 -0.15245797
v 0.12417892 -0.29465690 -0.13908629
v 0.11929996 -0.27977863 -0.15433335
v 0.12502292 -0.31300750 -0.12110832
v 0.12468705 -0.29637486 -0.12409665
v 0.06474622 -0.30574158 -0.17525819
v 0.11317663 -0.29785743 -0.09607898
v 0.11081748 -0.31375289 -0.09383756
v 0.12046368 -0.31366938 -0.10659691
v 0.12118101 -0.29758260 -0.10897426
v 0.10151075 -0.15424764 -0.10059825
v 0.10270885 -0.17328748 -0.09751697
v 0.06027576 -0.24977469 -0.08585529
v 0.06610400 -0.23473349 -0.08291220
v 0.05555571 -0.26245731 -0.08959589
v 0.06500576 -0.16036397 -0.08501250
v 0.06605227 -0.14103985 -0.08606058
v 0.06102154 -0.19974759 -0.08620491
v 0.06322040 -0.18003336 -0.08495706
v 0.11482101 -0.18985182 -0.14118193
v 0.09500739 -0.27374628 -0.08672377
v 0.09810686 -0.26275152 -0.08995520
v 0.08272186 -0.27317604 -0.08330046
v 0.04279204 -0.31210726 -0.10482135
v 0.04663930 -0.29665849 -0.09950137
v 0.10942962 -0.25693765 -0.09873319
v 0.03842005 -0.33285436 -0.11086999
v 0.11473887 -0.24622723 -0.16022530
v 0.11022571 -0.27760577 -0.16522361
v 0.10853803 -0.26774460 -0.16684555
v 0.06568997 -0.11685681 -0.15539092
v 0.05353689 -0.19857833 -0.15307622
v 0.05283270 -0.24232733 -0.13379750
v 0.04802402 -0.24229631 -0.12037393
v 0.09226698 -0.28492504 -0.08428279
v 0.10390183 -0.28486291 -0.08887886
v 0.10601009 -0.27406967 -0.09209138
v 0.04597695 -0.27987313 -0.14240167
v 0.05470000 -0.27863118 -0.15508065
v 0.06627910 -0.12243235 -0.08795882
v 0.04765945 -0.27222797 -0.13752130
v 0.10832044 -0.22948217 -0.16410185
v -0.03911223 -0.59697419 -0.05730572
v -0.05713947 -0.58977717 -0.03784879
v -0.06055208 -0.59741670 -0.04764428
v 0.06923530 -0.37739196 -0.12978955
v 0.02452103 -0.33608127 -0.13461699
v 0.04296566 -0.34764618 -0.13035966
v 0.06375142 -0.43002123 -0.14446576
v 0.06750472 -0.42098492 -0.14174135
v 0.05490985 -0.45281866 -0.14802557
v 0.05617158 -0.45199317 -0.14895593
v 0.05677140 -0.39060307 -0.15690729
v -0.03784148 -0.70790970 -0.21784921
v -0.03893300 -0.70387793 -0.21225077
v -0.03572170 -0.71972203 -0.22381864
v -0.06385219 -0.21092796 -0.10841856
v -0.07351667 -0.19557729 -0.09883966
v -0.07309243 -0.19081727 -0.09879161
v -0.03774503 -0.68631536 -0.22299804
v -0.03977261 -0.68405747 -0.21624054
v -0.03598165 -0.68529582 -0.21941572
v -0.03766426 -0.68666786 -0.22585408
v -0.03806922 -0.68607539 -0.22513205
v -0.03495578 -0.71627194 -0.23403516
v -0.04121047 -0.69741797 -0.20788938
v -0.04354378 -0.68895173 -0.20495923
v -0.03638501 -0.70099509 -0.23201872
v 0.07417741 -0.33279777 0.09600891
v 0.08747746 -0.31691307 0.10650682
v 0.06177750 -0.31570196 0.11900905
v 0.04965493 -0.33168572 0.10680857
v 0.04249359 -0.29784101 0.14246328
v 0.03304669 -0.31602621 0.13134755
v 0.07548534 -0.29666615 0.13060988
v 0.18531634 -0.27178413 0.05307872
v 0.17459683 -0.29046559 0.04721786
v 0.17919563 -0.28759268 0.01752280
v 0.18835016 -0.26995623 0.02183446
v 0.16777478 -0.29345584 -0.01303254
v 0.17735937 -0.28083485 -0.01231807
v 0.16701314 -0.30152309 0.01494879
v 0.16091323 -0.28169560 -0.04105217
v 0.16845611 -0.26955345 -0.03995786
v 0.14750931 -0.26779383 -0.06580263
v 0.15409704 -0.25522983 -0.06341889
v 0.13568132 -0.23973480 -0.08246954
v 0.11214541 -0.22256811 -0.09778062
v 0.08888683 -0.18621619 -0.10686250
v 0.08590624 -0.20180868 -0.10874133
v 0.05905701 -0.18178715 -0.11551303
v 0.03129269 -0.16329443 -0.11770892
v 0.00476588 -0.15082511 -0.11590545
v -0.01869905 -0.14464733 -0.10994647
v -0.03910170 -0.14127971 -0.10192624
v -0.05613606 -0.14012031 -0.09285697
v -0.04782526 -0.12554963 -0.08363994
v -0.02636506 -0.48925370 -0.20540485
v 0.00509867 -0.60522020 -0.15954085
v 0.01612701 -0.58385348 -0.18362851
v 0.01886080 -0.59759378 -0.16331843
v 0.06203001 -0.58038384 -0.11684164
v 0.04837872 -0.58885461 -0.10021140
v 0.04527999 -0.59393728 -0.11655583
v 0.05819958 -0.58404869 -0.13674752
v 0.00195019 -0.61170912 -0.14078045
v -0.00817415 -0.61508250 -0.13892579
v 0.01477540 -0.60720664 -0.14145938
v 0.00350311 -0.61179030 -0.12201543
v -0.01132976 -0.61338675 -0.10632955
v 0.05760165 -0.55283302 -0.20038664
v 0.06700169 -0.53965187 -0.20587382
v 0.07776497 -0.55057579 -0.18637523
v 0.06936980 -0.56181574 -0.18020675
v 0.08267869 -0.55532837 -0.12517676
v 0.09101015 -0.54629517 -0.13424322
v 0.09113465 -0.54106945 -0.12006779
v 0.08372992 -0.55006075 -0.10998516
v 0.08487479 -0.48843172 -0.21388674
v 0.08897892 -0.47097021 -0.21405715
v 0.10176028 -0.48262930 -0.19987279
v 0.09672804 -0.50055873 -0.19909678
v 0.08854964 -0.55030751 -0.15115286
v 0.05015813 -0.52670503 -0.00957790
v 0.06428196 -0.52602428 -0.02707063
v 0.07700861 -0.52430904 -0.04390533
v 0.09257361 -0.51261383 -0.08503407
v 0.09208436 -0.50809544 -0.07139269
v 0.08971699 -0.51808029 -0.07508777
v 0.09602275 -0.50634032 -0.09287208
v 0.09826449 -0.49858564 -0.09913487
v 0.02975641 -0.45015609 -0.21677211
v 0.02055835 -0.43993089 -0.20662548
v 0.02365497 -0.43315667 -0.20307189
v 0.09883857 -0.47522092 -0.10620180
v 0.09638139 -0.47244707 -0.10469219
v 0.09541722 -0.48149490 -0.10273706
v 0.09741870 -0.48446879 -0.10345789
v 0.04757187 -0.56397414 -0.19461049
v 0.10939588 -0.49054864 -0.18390709
v 0.11355379 -0.49222195 -0.16943920
v 0.10855164 -0.50897312 -0.16734773
v 0.10346286 -0.50781047 -0.18273275
v 0.11475904 -0.49423134 -0.15616195
v 0.11443873 -0.49384168 -0.14440735
v 0.11004850 -0.50755626 -0.14086021
v 0.10982010 -0.50951338 -0.15338995
v 0.10228227 -0.47742364 -0.10923988
v 0.09958281 -0.48921242 -0.10571855
v 0.07266470 -0.44540769 -0.21886387
v 0.05619209 -0.50744843 -0.22220023
v 0.04946087 -0.52234948 -0.21943742
v 0.03073385 -0.50377995 -0.22316082
v 0.03671853 -0.49157774 -0.22343110
v 0.05368875 -0.44469607 -0.14354105
v 0.06159335 -0.44704312 -0.13060263
v 0.06925259 -0.44980553 -0.11813670
v 0.08998964 -0.47700274 -0.10388258
v 0.07682195 -0.45173272 -0.10811345
v 0.02090482 -0.42575502 -0.18603031
v 0.02393948 -0.42415550 -0.20012742
v 0.01681894 -0.48545009 -0.21711943
v 0.02142416 -0.47447500 -0.21826085
v 0.09250232 -0.45479617 -0.21243975
v 0.10588805 -0.46519175 -0.19891162
v 0.09978840 -0.44936657 -0.10174187
v 0.09700183 -0.45991623 -0.10279513
v 0.10080805 -0.46287894 -0.10539165
v 0.09343378 -0.48391896 -0.09587134
v 0.09241749 -0.47905821 -0.10192184
v 0.07457921 -0.52401149 -0.21021762
v 0.11763672 -0.47657451 -0.16962469
v 0.11365300 -0.47295848 -0.18365046
v 0.10499606 -0.52354068 -0.14872751
v 0.09840196 -0.53614622 -0.14198276
v 0.09669067 -0.53970057 -0.15689272
v 0.10306001 -0.52552408 -0.16256735
v 0.11630496 -0.47513080 -0.13418354
v 0.11854069 -0.47829992 -0.14566256
v 0.09772335 -0.53149801 -0.12895837
v 0.10422651 -0.52041084 -0.13580315
v 0.10466700 -0.46558160 -0.10965558
v 0.01273960 -0.49408334 -0.21605474
v -0.00423763 -0.48043096 -0.21121845
v 0.00278319 -0.47517571 -0.21249816
v 0.00714675 -0.46715486 -0.21213581
v 0.01199619 -0.45761529 -0.21173988
v 0.01648673 -0.44766709 -0.20912696
v -0.01412024 -0.48530173 -0.20955029
v 0.10768244 -0.26476067 -0.09564798
v 0.09559640 -0.44524896 -0.09860341
v 0.10365771 -0.43805021 -0.10224419
v 0.10054519 -0.43286651 -0.09888291
v 0.12089588 -0.38458458 -0.11881503
v -0.10814856 -0.58449662 -0.29567552
v -0.10799875 -0.58121049 -0.29072011
v -0.10982323 -0.60370356 -0.30695051
v -0.10966609 -0.60041606 -0.30600405
v 0.11878129 -0.26390108 -0.13051522
v 0.11891934 -0.25582516 -0.13138095
v 0.11948708 -0.20906216 -0.13847116
v 0.11153556 -0.20969117 -0.15420119
v 0.10554601 -0.19027752 -0.15540916
v 0.07247664 -0.21416631 -0.16850415
v 0.06073163 -0.21813145 -0.15828654
v 0.04629949 -0.22442624 -0.11381651
v 0.10010903 -0.21193689 -0.09085175
v 0.04284909 -0.08630854 -0.14657648
v 0.03626129 -0.06961846 -0.14246032
v 0.04481343 -0.06690627 -0.14842890
v 0.05249389 -0.08339697 -0.15097542
v 0.02996912 -0.05375141 -0.13807538
v 0.03093472 -0.07168174 -0.13378102
v 0.02762272 -0.05531245 -0.12887920
v 0.03002771 -0.07295227 -0.12454596
v 0.02826108 -0.05649346 -0.12039372
v 0.03207650 -0.05683893 -0.11308327
v 0.03269278 -0.07343996 -0.11563593
v 0.03877614 -0.07235688 -0.10817739
v 0.03929695 -0.05569565 -0.10687041
v 0.04661407 -0.08917880 -0.10240889
v 0.05522877 -0.08726978 -0.09585899
v 0.05560644 -0.06877148 -0.09831256
v 0.04684845 -0.07057083 -0.10247728
v 0.07238446 -0.04930240 -0.10636061
v 0.07424599 -0.06537098 -0.10114138
v 0.08026817 -0.06407791 -0.10930621
v 0.07745615 -0.04819536 -0.11385970
v 0.08476508 -0.07931399 -0.12733313
v 0.07973240 -0.06195945 -0.13137089
v 0.08192539 -0.06277263 -0.12018079
v 0.08615000 -0.08072954 -0.11532468
v 0.07547393 -0.04679328 -0.13503516
v 0.07482972 -0.06163293 -0.14142382
v 0.06884091 -0.04732269 -0.14371191
v 0.04097411 -0.10575753 -0.14286348
v 0.04928642 -0.10289907 -0.15019348
v 0.05491725 -0.11962998 -0.15326835
v 0.03417587 -0.09115750 -0.11853769
v 0.03311247 -0.09053260 -0.12853524
v 0.03656913 -0.10798055 -0.13262507
v 0.03591777 -0.10930955 -0.12171958
v 0.05391922 -0.12493724 -0.09287961
v 0.05487168 -0.10600036 -0.09408604
v 0.04628967 -0.10808039 -0.10249301
v 0.03903634 -0.09076834 -0.10980302
v 0.03949073 -0.10929310 -0.11160806
v 0.06573091 -0.08537215 -0.09354734
v 0.06530777 -0.06715375 -0.09733608
v 0.06270914 -0.08078867 -0.15049894
v 0.05526038 -0.06444073 -0.15006115
v 0.06558090 -0.06256968 -0.14730895
v 0.07245075 -0.07894886 -0.14655292
v 0.06618309 -0.10388160 -0.09059832
v 0.06984798 -0.09758317 -0.15128610
v 0.08013038 -0.09584707 -0.14583471
v 0.08123819 -0.07838368 -0.13875678
v 0.08804268 -0.09581035 -0.13626248
v 0.04820939 -0.04966080 -0.14933777
v 0.03774714 -0.05162799 -0.14608873
v 0.05945441 -0.10002035 -0.15329930
v 0.07618847 -0.08350033 -0.09691314
v 0.07765181 -0.10190302 -0.09306972
v 0.08674239 -0.10021490 -0.10056724
v 0.08355064 -0.08199167 -0.10463925
v 0.09645265 -0.11637169 -0.12000108
v 0.09063852 -0.09742343 -0.12355116
v 0.09049191 -0.09901780 -0.11126100
v 0.07883486 -0.04715914 -0.12438817
v 0.09474932 -0.11401987 -0.13372128
v 0.03533707 0.02442575 -0.11475646
v 0.02663216 0.02901119 -0.11356762
v 0.02584113 0.02130777 -0.10862947
v 0.03504042 0.01622730 -0.11026567
v 0.02092698 0.00267005 -0.09874512
v 0.01209741 0.01066869 -0.10049312
v 0.00654529 0.00393713 -0.10285893
v 0.01452181 -0.00564247 -0.10126691
v 0.01834390 0.03229332 -0.11470327
v 0.01790882 0.02505481 -0.10915683
v 0.01280751 0.03026897 -0.11915249
v 0.01821234 0.03861451 -0.11997971
v 0.01429493 0.03698385 -0.12625708
v 0.01509561 0.04364800 -0.12967619
v 0.01809537 0.04097420 -0.13742158
v 0.01556828 0.03033936 -0.13586667
v 0.03735660 0.02309424 -0.14615883
v 0.03664242 0.03675443 -0.14480832
v 0.04658733 0.03462368 -0.14615862
v 0.04696342 0.02078426 -0.14644709
v 0.06357230 0.02779168 -0.14148816
v 0.06250022 0.01481026 -0.14206213
v 0.05473148 0.01804483 -0.14434339
v 0.05496045 0.03213131 -0.14381595
v 0.04835905 0.01846111 -0.11730877
v 0.04321394 0.02021092 -0.11661741
v 0.04362586 0.01174080 -0.11320320
v 0.04910782 0.00960433 -0.11412482
v 0.00420818 0.02765894 -0.12132159
v 0.00560208 0.02930814 -0.11818844
v 0.01088656 0.02821863 -0.12567876
v 0.00972562 0.02258056 -0.12841901
v 0.06011229 -0.01250488 -0.10358487
v 0.05317771 -0.01343310 -0.10379116
v 0.05094714 -0.02383780 -0.10371996
v 0.05895558 -0.02363139 -0.10347351
v 0.02763049 -0.02060503 -0.10219109
v 0.02019780 -0.02612740 -0.11196698
v 0.02459721 -0.03292006 -0.11265528
v 0.03342107 -0.02596331 -0.10444482
v 0.02171907 -0.01382381 -0.10097942
v 0.01010519 -0.00973213 -0.11030298
v 0.01546856 -0.01884365 -0.11068834
v 0.00331599 0.00111115 -0.11036400
v 0.06857550 -0.02461213 -0.10528830
v 0.07154347 -0.01691085 -0.10529469
v 0.01653458 0.08874309 -0.12619591
v 0.01677097 0.08373266 -0.12581474
v 0.02156372 0.08498609 -0.12560768
v 0.02131091 0.09000510 -0.12613177
v 0.07788876 -0.02047074 -0.12301297
v 0.07728743 -0.02574337 -0.12023628
v 0.07563087 -0.02551287 -0.12972616
v 0.07457758 -0.02027160 -0.13206205
v 0.07916106 -0.01277572 -0.12532191
v 0.07419852 -0.01221716 -0.13429292
v 0.01382923 0.08931804 -0.13800296
v 0.01480840 0.08387256 -0.13838269
v 0.01318139 0.08334190 -0.13370715
v 0.01245932 0.08871341 -0.13335937
v 0.03415779 0.03260946 -0.11769100
v 0.02580542 0.03669041 -0.11648837
v 0.02701045 0.05321550 -0.11970006
v 0.02137883 0.05161536 -0.12047000
v 0.02352110 0.04439372 -0.11854339
v 0.03236225 0.04277253 -0.11916469
v 0.05041446 0.03588885 -0.12097140
v 0.04392745 0.03984576 -0.12057492
v 0.04453322 0.02991432 -0.11969610
v 0.05102605 0.02637047 -0.11979067
v 0.06100756 0.02410340 -0.11681777
v 0.06630716 0.02434766 -0.11495492
v 0.06692295 0.03236133 -0.11667231
v 0.06113743 0.03314823 -0.11884302
v 0.05603564 0.05175090 -0.12274793
v 0.06108544 0.05070931 -0.12256643
v 0.06057278 0.05870825 -0.12644601
v 0.05589083 0.05999982 -0.12615524
v 0.07724951 -0.03046751 -0.11865437
v 0.07649770 -0.03055036 -0.12813699
v 0.07903580 0.02058125 -0.13411935
v 0.08147697 0.02956170 -0.13440152
v 0.08735897 0.02685332 -0.12723979
v 0.08478019 0.01736814 -0.12668669
v 0.06806479 -0.01855356 -0.13910235
v 0.06952047 -0.02440488 -0.13797669
v 0.01797743 0.09051973 -0.14116795
v 0.01890814 0.08494115 -0.14169462
v 0.00344186 0.00187212 -0.12006062
v 0.01066286 -0.00975525 -0.12126304
v 0.01644991 -0.01963383 -0.12210174
v 0.01999520 -0.02693313 -0.12316686
v 0.02212689 -0.03341699 -0.12425244
v 0.03649313 0.04750639 -0.11993526
v 0.04113654 0.02729660 -0.11824496
v 0.05197404 0.01709795 -0.11704016
v 0.07701281 0.01367968 -0.10994852
v 0.07049526 0.01613760 -0.11096039
v 0.06855719 0.00950181 -0.10885298
v 0.07724091 0.00620365 -0.10821128
v 0.08599447 0.01763171 -0.11880235
v 0.08778617 0.02673250 -0.11972570
v 0.08406733 0.02850163 -0.11495890
v 0.08264298 0.02018332 -0.11363302
v 0.00113926 0.02569956 -0.12387262
v 0.00660909 0.01721060 -0.12865980
v 0.07743764 -0.01918101 -0.11335033
v 0.07520729 -0.02519840 -0.11173533
v 0.07317017 -0.03081846 -0.11100216
v 0.05139368 -0.00205481 -0.10847688
v 0.04801803 -0.00075072 -0.10845663
v 0.04365300 -0.01305485 -0.10249090
v 0.04873192 -0.01398879 -0.10363549
v 0.03412937 0.00691217 -0.10384102
v 0.02468538 0.01298761 -0.10278310
v 0.03026706 -0.00469196 -0.09892681
v 0.04362739 -0.02478528 -0.10367595
v 0.04128369 -0.03322661 -0.10555238
v 0.04972349 -0.03196490 -0.10463977
v 0.05846418 -0.03130507 -0.10459028
v 0.06711950 -0.03086370 -0.10650459
v 0.04013636 -0.04248816 -0.10615773
v 0.04864357 -0.04078382 -0.10424699
v 0.05776647 -0.03947020 -0.10375938
v 0.06612872 -0.03844756 -0.10563235
v 0.07283884 -0.03701985 -0.13672808
v 0.07102174 -0.03047150 -0.13739020
v 0.07773274 -0.03675425 -0.12659669
v 0.02677380 -0.04279143 -0.11654779
v 0.03262399 -0.04336327 -0.11029419
v 0.03261214 -0.03404689 -0.10819447
v 0.02451036 -0.04210693 -0.12519917
v 0.00563990 0.01669413 -0.10259464
v 0.00970890 0.02211595 -0.10565172
v 0.00476665 0.02677113 -0.10601230
v 0.00068031 0.02287191 -0.10349017
v 0.01755359 0.04450929 -0.12322094
v 0.01702491 0.05098170 -0.12486032
v 0.01555928 0.05053556 -0.13125509
v 0.07470337 -0.00911027 -0.10647264
v 0.06492227 -0.00501442 -0.10515738
v 0.03194740 0.05550176 -0.12030716
v 0.01583337 0.07734507 -0.13848431
v 0.01715040 0.06585574 -0.13763952
v 0.01546774 0.06544006 -0.13196962
v 0.01400397 0.07704419 -0.13341743
v 0.03407405 0.06321889 -0.12512612
v 0.03210498 0.06996012 -0.12798350
v 0.02867982 0.06790799 -0.12358150
v 0.02989395 0.06115186 -0.12196182
v 0.06710209 0.04926574 -0.12110506
v 0.06677058 0.05573058 -0.12455292
v 0.03624289 0.05053437 -0.14166094
v 0.02667027 0.03813851 -0.14373666
v 0.02656925 0.04917932 -0.14268787
v 0.05607414 0.03403419 -0.12036441
v 0.06125189 0.04214281 -0.12045397
v 0.05625385 0.04298604 -0.12126833
v 0.03848515 0.05065352 -0.12047675
v 0.04324088 0.04726207 -0.12096705
v 0.04156675 0.05431992 -0.12226769
v 0.03610763 0.05638474 -0.12141547
v 0.08449896 0.00681168 -0.11618243
v 0.08272168 0.00666595 -0.12696688
v 0.01381226 0.08323634 -0.12906772
v 0.01351029 0.08840257 -0.12909754
v 0.07696454 -0.03693420 -0.11682861
v 0.07255200 -0.03761131 -0.10991199
v 0.05597975 0.02471954 -0.11867599
v 0.02685995 0.02579153 -0.14347720
v 0.05590388 0.01573557 -0.11586285
v 0.07222252 0.04538542 -0.13685009
v 0.07249863 0.05227166 -0.13860413
v 0.07452901 0.05299771 -0.13265711
v 0.07562841 0.04621619 -0.13098776
v 0.03013892 0.08044225 -0.13124956
v 0.02904442 0.08686012 -0.13294771
v 0.02621780 0.08616734 -0.12835011
v 0.02691821 0.07943803 -0.12653537
v 0.02539629 0.05913478 -0.12089700
v 0.02414518 0.06641829 -0.12196098
v 0.01937314 0.06533182 -0.12309174
v 0.02041418 0.05753893 -0.12196967
v 0.01708377 0.05707091 -0.12587933
v 0.01631638 0.06509256 -0.12692396
v 0.03025637 0.08073002 -0.13750821
v 0.03219434 0.07048994 -0.13475010
v 0.02847242 0.06844497 -0.14053574
v 0.02592100 0.07950264 -0.14176898
v 0.06127182 0.00217003 -0.14265741
v 0.07053736 0.01217836 -0.13871253
v 0.06885001 -0.00002217 -0.13928846
v 0.06485584 0.03969806 -0.14151523
v 0.07324888 0.03589660 -0.13602725
v 0.07183374 0.02428031 -0.13786377
v 0.07692728 0.00946772 -0.13463292
v 0.03843750 0.06051219 -0.13379344
v 0.03926066 0.05879855 -0.13933854
v 0.03240097 0.05958283 -0.13848789
v 0.06163605 0.01461720 -0.11309668
v 0.01464820 0.07684869 -0.12851270
v 0.02870778 -0.02343571 -0.14169580
v 0.02727522 -0.01575696 -0.14123166
v 0.03927702 -0.01407897 -0.14650531
v 0.03910183 -0.02255160 -0.14671913
v 0.02221403 0.07828546 -0.12430182
v 0.01747618 0.07738239 -0.12469353
v 0.07305342 0.04901701 -0.12118219
v 0.07694270 0.05016589 -0.12451123
v 0.07524247 0.05437428 -0.12747428
v 0.07176603 0.05455565 -0.12502250
v 0.07516968 -0.00200367 -0.13522573
v 0.08418892 0.03568769 -0.13452213
v 0.08990939 0.03456527 -0.12743472
v 0.06786101 -0.01066858 -0.13980725
v 0.05946482 -0.01713705 -0.14391842
v 0.06003159 -0.00896037 -0.14342140
v 0.05488654 0.04694164 -0.14228915
v 0.05421549 0.00485259 -0.14468864
v 0.05292569 -0.00697255 -0.14519529
v 0.05077596 -0.01626384 -0.14602692
v 0.05049836 -0.02306622 -0.14666696
v 0.05991384 -0.02340668 -0.14384109
v 0.02015949 0.07824779 -0.14190446
v 0.02447324 0.08607686 -0.14179914
v 0.06423682 -0.03761148 -0.14426057
v 0.06136977 -0.03025430 -0.14398453
v 0.05440904 -0.03834295 -0.14746650
v 0.05157323 -0.03021330 -0.14695564
v 0.03675096 -0.00304401 -0.14599086
v 0.04513228 -0.00482857 -0.14641879
v 0.03766130 0.00993001 -0.14611700
v 0.04674402 0.00728863 -0.14616056
v 0.04592109 0.04739487 -0.14531347
v 0.02518556 0.10043883 -0.13910663
v 0.02676822 0.10042667 -0.13520908
v 0.02823891 0.09268576 -0.13388556
v 0.02686977 0.09286112 -0.13851736
v 0.02843980 0.08695263 -0.13812670
v 0.02319188 0.09185380 -0.14171121
v 0.02702777 0.01253992 -0.14285317
v 0.03999329 0.06096369 -0.12511538
v 0.02435910 -0.00235671 -0.14026532
v 0.01348735 0.00847477 -0.13514207
v 0.01608053 0.01813889 -0.13754271
v 0.01450662 -0.00774777 -0.13186996
v 0.01991277 -0.01831090 -0.13269681
v 0.02411334 -0.03197724 -0.13388662
v 0.02271054 -0.02580786 -0.13314980
v 0.02619742 -0.04060411 -0.13502695
v 0.00732345 0.00359619 -0.12891226
v 0.02150668 0.09716451 -0.12690198
v 0.01641157 0.09603697 -0.12637845
v 0.03006752 -0.03023303 -0.14226922
v 0.03258836 -0.03936011 -0.14335538
v 0.01616199 0.01849711 -0.10372858
v 0.05526992 0.00702554 -0.11266094
v 0.05977203 0.00562900 -0.11035974
v 0.06691427 0.00270778 -0.10690612
v 0.07650949 -0.00128180 -0.10716897
v 0.04313778 -0.03873080 -0.14819027
v 0.04776107 -0.05356276 -0.10314205
v 0.05674144 -0.05183619 -0.10143572
v 0.05907116 -0.04826415 -0.14813755
v 0.01307729 0.09566218 -0.12887940
v 0.05875750 0.06076050 -0.13291277
v 0.05679523 0.06224734 -0.13247158
v 0.00126049 0.01148784 -0.10408741
v -0.00346758 0.01922601 -0.10522890
v -0.00623913 0.02070063 -0.11734997
v -0.00215748 0.01125932 -0.11863464
v -0.00205608 0.00965279 -0.11030529
v -0.00611053 0.01879346 -0.11051403
v 0.05444701 -0.00243801 -0.10825643
v 0.05879002 -0.00294644 -0.10724324
v 0.08080642 -0.00374901 -0.12680525
v 0.08271112 -0.00336879 -0.11605392
v 0.01627073 0.05710971 -0.13147698
v 0.01878762 0.05709881 -0.13701573
v 0.01878309 0.04977137 -0.13777491
v 0.02247357 0.06652385 -0.14149554
v 0.03425363 0.06388891 -0.13202019
v 0.03787377 0.06254911 -0.12978537
v 0.04238445 0.00210840 -0.10688394
v 0.03785806 -0.00992322 -0.10084815
v 0.00717555 0.02897507 -0.11235292
v 0.01174272 0.02635014 -0.11081088
v 0.04986719 0.04435009 -0.12133214
v 0.05190903 0.05799925 -0.14323176
v 0.04485069 0.05715126 -0.14486164
v 0.04903646 0.05213010 -0.12258369
v 0.01189528 0.09629363 -0.13286990
v 0.01304409 0.09700966 -0.13761285
v 0.02501979 0.05747354 -0.14142495
v 0.06732491 0.04113704 -0.11852033
v 0.05520766 0.06070346 -0.13847983
v 0.05850802 0.05424052 -0.13991675
v 0.08913145 0.03357661 -0.12072936
v 0.04031005 -0.02972436 -0.14742461
v 0.02605480 0.09147877 -0.12897216
v 0.02578276 0.09875339 -0.12999839
v 0.02201422 0.09925067 -0.14126810
v 0.01732661 0.09777784 -0.14098263
v 0.07997394 -0.01198351 -0.11507025
v 0.05215547 0.00831121 -0.11362830
v 0.06528039 -0.05057532 -0.10248975
v 0.00164197 0.01319611 -0.12568571
v -0.00310940 0.02311760 -0.12303476
v 0.04838140 0.05928600 -0.12467407
v 0.07812429 0.04047310 -0.13392313
v 0.06061148 0.05733347 -0.14163552
v 0.06649605 0.05369496 -0.14336385
v 0.06594133 0.04774338 -0.14237697
v 0.05944583 0.06090254 -0.13738415
v 0.01655175 0.10425788 -0.14111027
v 0.02112682 0.10551196 -0.14134234
v 0.01221466 0.10366493 -0.13779411
v 0.01153226 0.10246068 -0.13307929
v 0.01290230 0.10129488 -0.12932584
v 0.02420385 0.10642934 -0.13942674
v 0.02564649 0.10611099 -0.13579574
v 0.02489808 0.10399127 -0.13069077
v 0.02373978 0.11165023 -0.13951237
v 0.02046016 0.11185759 -0.14141393
v 0.01102795 0.11607993 -0.13699760
v 0.01247332 0.11731875 -0.13946953
v 0.01299557 0.11390501 -0.13970436
v 0.01173171 0.11079109 -0.13829571
v 0.01138793 0.12080181 -0.13678709
v 0.01251391 0.12178731 -0.13963665
v 0.01551676 0.11773884 -0.14162441
v 0.01558296 0.11344635 -0.14112347
v 0.01563744 0.12251133 -0.14200629
v 0.01923843 0.12253863 -0.14201675
v 0.01902656 0.11797190 -0.14143905
v 0.01838818 0.11429471 -0.14127125
v 0.01587439 0.10996670 -0.14121453
v 0.01286843 0.12493414 -0.13744055
v 0.01655973 0.12739789 -0.13920523
v 0.01585403 0.12644762 -0.14179891
v 0.01306804 0.12486070 -0.13977787
v 0.01129682 0.10829300 -0.13351747
v 0.01143099 0.11476350 -0.13364707
v 0.01211724 0.12007749 -0.13379426
v 0.01401725 0.12428683 -0.13470490
v 0.01299350 0.11449343 -0.13050036
v 0.01408742 0.11993474 -0.13169035
v 0.01581129 0.12327737 -0.13283537
v 0.01613367 0.11484337 -0.12899624
v 0.01674186 0.12017268 -0.13089275
v 0.01270454 0.10685140 -0.12975790
v 0.01591507 0.10653174 -0.12759469
v 0.01729827 0.12247014 -0.13220030
v 0.01772653 0.12649083 -0.13670483
v 0.02178974 0.11743408 -0.14090593
v 0.02175568 0.12233466 -0.14081517
v 0.02375469 0.11721182 -0.13927725
v 0.02314387 0.12217414 -0.13903692
v 0.01904207 0.12577569 -0.14223760
v 0.02056040 0.12622112 -0.14061512
v 0.01619020 0.10104597 -0.12702088
v 0.02125871 0.10210007 -0.12781695
v 0.02072975 0.10738117 -0.12835777
v 0.02073558 0.11543375 -0.12951872
v 0.02426821 0.10908258 -0.13154069
v 0.02514161 0.11130506 -0.13622873
v 0.02457827 0.11699700 -0.13663217
v 0.02399847 0.11618626 -0.13276087
v 0.02352436 0.12164307 -0.13653737
v 0.02281033 0.12109196 -0.13377291
v 0.02015699 0.12066174 -0.13170207
v 0.02183393 0.12438035 -0.13598353
v 0.02153020 0.12551880 -0.13835315
v 0.01879278 0.12483895 -0.13463525
v 0.01956540 0.12316400 -0.13315082
v 0.02155373 0.12323868 -0.13429071
v 0.04448365 0.09709048 -0.13450661
v 0.04396820 0.09005594 -0.13362405
v 0.04857919 0.09010947 -0.13363841
v 0.04916686 0.09727323 -0.13481720
v 0.03992866 0.09549367 -0.14529744
v 0.04008314 0.08896846 -0.14510241
v 0.03922006 0.08947456 -0.13986540
v 0.03951396 0.09617966 -0.13991417
v 0.04503676 0.09500861 -0.14869644
v 0.04511549 0.08850253 -0.14870647
v 0.03982671 0.08134460 -0.14452170
v 0.03980231 0.06834632 -0.14139220
v 0.03945154 0.06913245 -0.13559437
v 0.03915697 0.08203053 -0.13891076
v 0.05600291 0.06964815 -0.13434432
v 0.05331621 0.06854719 -0.13004582
v 0.04100826 0.08986717 -0.13592258
v 0.04127014 0.09676600 -0.13616982
v 0.05558106 0.08252341 -0.13785733
v 0.05571744 0.09066874 -0.13985500
v 0.05291842 0.09038728 -0.13581434
v 0.05283576 0.08226979 -0.13360612
v 0.04794081 0.06798041 -0.12799537
v 0.04225330 0.06854427 -0.12781209
v 0.03984708 0.06917399 -0.13099654
v 0.05558994 0.08246475 -0.14324768
v 0.05552623 0.06978029 -0.14060777
v 0.05158088 0.06857717 -0.14530255
v 0.05170487 0.08173668 -0.14733727
v 0.04037728 0.08216894 -0.13433152
v 0.04811887 0.08183926 -0.13159584
v 0.04325826 0.08202940 -0.13157858
v 0.04516157 0.08089316 -0.14801952
v 0.05157647 0.08941329 -0.14805174
v 0.05431379 0.10632360 -0.14702280
v 0.05557385 0.10714281 -0.14314955
v 0.05594268 0.09773546 -0.14121802
v 0.05500248 0.09734368 -0.14558071
v 0.05517437 0.09043765 -0.14443170
v 0.05115317 0.09598905 -0.14855579
v 0.05011092 0.10772032 -0.13660929
v 0.04528543 0.10714036 -0.13574931
v 0.04194419 0.10677868 -0.13707383
v 0.04477495 0.06773376 -0.14644408
v 0.04020642 0.10594541 -0.14042404
v 0.04035959 0.10490125 -0.14562510
v 0.05353372 0.09762520 -0.13713178
v 0.05401683 0.10750288 -0.13893640
v 0.05088171 0.10495323 -0.14933127
v 0.04516825 0.10394263 -0.14930597
v 0.04564035 0.11185580 -0.14992920
v 0.05088840 0.11247069 -0.14996211
v 0.04093404 0.11271393 -0.14656210
v 0.04067720 0.11287177 -0.14147721
v 0.04239865 0.11292392 -0.13834740
v 0.05371204 0.11343098 -0.14820167
v 0.05493622 0.11378270 -0.14473237
v 0.05382453 0.11347193 -0.14041388
v 0.05353728 0.12015516 -0.14911750
v 0.05109274 0.12052679 -0.15107793
v 0.04319388 0.13205445 -0.14802787
v 0.04425056 0.13218731 -0.15099850
v 0.04382609 0.12731373 -0.15009117
v 0.04217067 0.12657088 -0.14752105
v 0.04389222 0.12375551 -0.15000513
v 0.04192233 0.12074435 -0.14809403
v 0.04669957 0.12744367 -0.15184811
v 0.04665214 0.12318283 -0.15119010
v 0.04738867 0.13259006 -0.15372384
v 0.05084226 0.13221627 -0.15330654
v 0.05002360 0.12677598 -0.15190972
v 0.04947166 0.12335008 -0.15130925
v 0.04492639 0.13660187 -0.14946005
v 0.04476856 0.13590693 -0.15182349
v 0.04628862 0.11904174 -0.15087973
v 0.04134393 0.11894894 -0.14290349
v 0.04211132 0.12588960 -0.14388636
v 0.04360589 0.13203597 -0.14514434
v 0.04579972 0.13643962 -0.14681563
v 0.04362968 0.12556899 -0.14070004
v 0.04503748 0.13169760 -0.14283440
v 0.04721923 0.13513291 -0.14489564
v 0.04700063 0.12550288 -0.13927764
v 0.04787242 0.13142556 -0.14192177
v 0.04286388 0.11823189 -0.13926522
v 0.04614590 0.11780608 -0.13785827
v 0.04855438 0.13397294 -0.14397447
v 0.04922619 0.13807470 -0.14914158
v 0.04839930 0.13878602 -0.15193914
v 0.04753977 0.13751739 -0.15472451
v 0.05194485 0.12650871 -0.15091412
v 0.05226284 0.13231468 -0.15168197
v 0.05369778 0.12659514 -0.14988092
v 0.05346760 0.13231486 -0.15051717
v 0.05094215 0.13620603 -0.15427439
v 0.05174483 0.13680613 -0.15264359
v 0.04574944 0.11304963 -0.13707595
v 0.05008784 0.11326945 -0.13782631
v 0.05042735 0.11794472 -0.13850664
v 0.05132152 0.12552708 -0.14020799
v 0.05401506 0.11837763 -0.14144459
v 0.05478902 0.11962831 -0.14597622
v 0.05457006 0.12609237 -0.14734004
v 0.05417573 0.12554401 -0.14356279
v 0.05387050 0.13157183 -0.14830835
v 0.05356514 0.13106304 -0.14551549
v 0.05134900 0.13116151 -0.14284398
v 0.05267623 0.13513601 -0.14839429
v 0.05244416 0.13647163 -0.15053548
v 0.05006476 0.13631952 -0.14678122
v 0.05077972 0.13423276 -0.14504609
v 0.05258729 0.13371831 -0.14644165
v 0.06740525 0.08724159 -0.13543229
v 0.06634605 0.08166450 -0.13478416
v 0.07058530 0.08071834 -0.13314679
v 0.07179792 0.08644629 -0.13372172
v 0.06656584 0.08613157 -0.14632390
v 0.06484689 0.07958990 -0.14593184
v 0.06339040 0.08121353 -0.14214833
v 0.06505015 0.08710968 -0.14294225
v 0.07074992 0.08515114 -0.14797670
v 0.06963217 0.07811558 -0.14762497
v 0.06347071 0.07308710 -0.14495432
v 0.06206063 0.06386900 -0.14305289
v 0.06076503 0.06608683 -0.13820122
v 0.06192297 0.07521176 -0.14070065
v 0.06392829 0.08192408 -0.13821337
v 0.06524722 0.08758813 -0.13915740
v 0.07685513 0.07246453 -0.13405630
v 0.07764173 0.07915491 -0.13640624
v 0.07485500 0.07985300 -0.13386634
v 0.07372142 0.07310212 -0.13170838
v 0.06764002 0.06291562 -0.12784334
v 0.06332985 0.06482196 -0.12967676
v 0.06142290 0.06617427 -0.13343285
v 0.07763535 0.07173085 -0.13896698
v 0.07583456 0.06106180 -0.13557437
v 0.07354815 0.06061107 -0.14156108
v 0.07459748 0.07079852 -0.14420311
v 0.06267342 0.07616574 -0.13637654
v 0.06941757 0.07426298 -0.13090192
v 0.06511171 0.07560402 -0.13278382
v 0.06858958 0.07107997 -0.14651620
v 0.07520746 0.07772124 -0.14540429
v 0.07973690 0.09466994 -0.14473797
v 0.08051005 0.09507930 -0.14066857
v 0.07912816 0.08528668 -0.13783325
v 0.07900631 0.08485758 -0.14237605
v 0.07830498 0.07837528 -0.14071280
v 0.07581392 0.08476824 -0.14643890
v 0.07375748 0.09536779 -0.13550405
v 0.06934965 0.09588575 -0.13646059
v 0.06721513 0.09608835 -0.14000326
v 0.06735645 0.06152380 -0.14487065
v 0.07512940 0.06144530 -0.13028319
v 0.06693710 0.09593946 -0.14342484
v 0.06821249 0.09547305 -0.14680387
v 0.07629752 0.08564031 -0.13485005
v 0.07818857 0.09486431 -0.13709275
v 0.07673495 0.09433860 -0.14799494
v 0.07204795 0.09438956 -0.14909951
v 0.07300341 0.10105556 -0.14995450
v 0.07769912 0.10074633 -0.14936678
v 0.06912160 0.10225898 -0.14779428
v 0.06822291 0.10229135 -0.14409399
v 0.06858797 0.10182214 -0.14076822
v 0.08041623 0.10104614 -0.14608754
v 0.08090779 0.10127503 -0.14250541
v 0.07890829 0.10033154 -0.13865806
v 0.08131459 0.10580617 -0.14688468
v 0.07850224 0.10673660 -0.14981145
v 0.07163501 0.11877507 -0.14872885
v 0.07303035 0.11874408 -0.15051097
v 0.07233292 0.11435515 -0.14953591
v 0.07056698 0.11424071 -0.14815573
v 0.07198215 0.11098009 -0.14969616
v 0.07025790 0.10853326 -0.14872131
v 0.07520497 0.11379337 -0.15175207
v 0.07440256 0.10984635 -0.15086463
v 0.07617442 0.11832267 -0.15264875
v 0.07973371 0.11706585 -0.15157017
v 0.07860686 0.11265367 -0.15052229
v 0.07731830 0.10951757 -0.15057266
v 0.07360184 0.12246436 -0.14983696
v 0.07397263 0.12177938 -0.15155274
v 0.07383348 0.10635871 -0.15035193
v 0.06906831 0.10746723 -0.14500138
v 0.07001494 0.11361027 -0.14535728
v 0.07139051 0.11856747 -0.14609285
v 0.07379723 0.12196481 -0.14698376
v 0.07091330 0.11289608 -0.14238551
v 0.07246765 0.11792630 -0.14359903
v 0.07453066 0.12067521 -0.14466387
v 0.07286403 0.11212784 -0.13983424
v 0.07430993 0.11727047 -0.14179641
v 0.06975920 0.10668743 -0.14159167
v 0.07169102 0.10554475 -0.13880666
v 0.07546742 0.11944628 -0.14334683
v 0.07797727 0.12284631 -0.14807123
v 0.07756475 0.12348515 -0.15125263
v 0.07702492 0.12224644 -0.15350433
v 0.08073331 0.11181438 -0.14949174
v 0.08142546 0.11664963 -0.15003695
v 0.08203016 0.11110383 -0.14706668
v 0.08223397 0.11625051 -0.14785831
v 0.07985766 0.12030321 -0.15251225
v 0.08085145 0.12060004 -0.15104775
v 0.07059981 0.10104877 -0.13790348
v 0.07460789 0.10034251 -0.13700216
v 0.07534088 0.10468149 -0.13793039
v 0.07668744 0.11146349 -0.13929093
v 0.07950827 0.10447717 -0.13965023
v 0.08135195 0.10533220 -0.14329608
v 0.08203031 0.11065257 -0.14409371
v 0.08030443 0.11061627 -0.14099434
v 0.08200146 0.11597198 -0.14520586
v 0.08058822 0.11589748 -0.14272512
v 0.07752673 0.11659342 -0.14140159
v 0.08088966 0.11924446 -0.14587106
v 0.08124200 0.12004721 -0.14852145
v 0.07790403 0.12104779 -0.14538240
v 0.07785183 0.11926228 -0.14347495
v 0.08009864 0.11844856 -0.14391482
v 0.07173727 0.06167001 -0.12828100
v 0.09071332 0.06651193 -0.12884499
v 0.08850629 0.06237638 -0.12824140
v 0.09157479 0.06099355 -0.12654261
v 0.09382610 0.06504005 -0.12709484
v 0.09198865 0.06546116 -0.13902400
v 0.08947551 0.06067222 -0.13884266
v 0.08697568 0.06232917 -0.13560821
v 0.08944836 0.06705850 -0.13607009
v 0.09637424 0.06339478 -0.13932142
v 0.09418267 0.05833995 -0.13905062
v 0.08663853 0.05516928 -0.13757217
v 0.08184288 0.04638255 -0.13547094
v 0.08022655 0.04946190 -0.13175850
v 0.08415959 0.05699539 -0.13420755
v 0.08987550 0.03873420 -0.12179698
v 0.09197614 0.04480720 -0.12338197
v 0.08896928 0.04690164 -0.12183698
v 0.08644383 0.04041177 -0.11916110
v 0.08672968 0.06288493 -0.13160588
v 0.08922403 0.06731635 -0.13224149
v 0.09556749 0.05302840 -0.12631372
v 0.09808403 0.05788112 -0.12808684
v 0.09503053 0.05948305 -0.12647054
v 0.09259878 0.05500549 -0.12463728
v 0.08275655 0.04310387 -0.11898421
v 0.08566514 0.04898882 -0.12196377
v 0.08256865 0.05022788 -0.12382460
v 0.07917415 0.04631734 -0.12032942
v 0.08097681 0.05087531 -0.12703863
v 0.09690032 0.05149180 -0.12977254
v 0.09319960 0.04300773 -0.12674704
v 0.09238887 0.04149485 -0.13154396
v 0.09584048 0.05120075 -0.13443685
v 0.08431599 0.05807841 -0.13015881
v 0.08927713 0.05649513 -0.12483782
v 0.08610140 0.05778128 -0.12666857
v 0.09121607 0.05259407 -0.13788919
v 0.09819782 0.05692542 -0.13584049
v 0.10478172 0.06745404 -0.13332058
v 0.10367514 0.06795508 -0.13028616
v 0.10062720 0.06218874 -0.12897155
v 0.10200986 0.06133044 -0.13246118
v 0.09953871 0.05680943 -0.13156968
v 0.10052250 0.06174505 -0.13651687
v 0.09676772 0.07059795 -0.12807027
v 0.09375523 0.07229185 -0.12970582
v 0.09230378 0.07302451 -0.13290370
v 0.08687139 0.04272658 -0.13622291
v 0.09254904 0.07316881 -0.13633883
v 0.09480609 0.07195526 -0.13913879
v 0.09741428 0.06358379 -0.12713525
v 0.10051104 0.06915051 -0.12836382
v 0.10330752 0.06801206 -0.13703761
v 0.09904848 0.06965262 -0.13948631
v 0.10118616 0.07466519 -0.14021328
v 0.10534686 0.07309926 -0.13788067
v 0.09692465 0.07672685 -0.13939971
v 0.09467535 0.07747197 -0.13671783
v 0.09453708 0.07695347 -0.13343829
v 0.10658799 0.07217705 -0.13387679
v 0.10521658 0.07235467 -0.13129957
v 0.10214588 0.07292813 -0.12960517
v 0.10814336 0.07676131 -0.13492395
v 0.10700677 0.07825404 -0.13865964
v 0.10087226 0.08966458 -0.13901217
v 0.10219021 0.08887905 -0.14040096
v 0.10122198 0.08587897 -0.13976730
v 0.09933920 0.08600533 -0.13886081
v 0.10077260 0.08286059 -0.14013512
v 0.09879491 0.08124840 -0.13944562
v 0.10419895 0.08449370 -0.14109638
v 0.10326579 0.08131826 -0.14052050
v 0.10557406 0.08802915 -0.14171730
v 0.10907143 0.08687049 -0.13979925
v 0.10792747 0.08338094 -0.13961977
v 0.10632885 0.08082968 -0.13985613
v 0.10321103 0.09242660 -0.13949673
v 0.10354500 0.09136945 -0.14091937
v 0.10250378 0.07859445 -0.14035173
v 0.09652595 0.08129317 -0.13706559
v 0.09817535 0.08594298 -0.13696110
v 0.10028887 0.09054422 -0.13703290
v 0.10341491 0.09278727 -0.13711268
v 0.09821132 0.08526045 -0.13456321
v 0.10062696 0.08953816 -0.13479327
v 0.10335520 0.09144378 -0.13493475
v 0.09917673 0.08366221 -0.13231385
v 0.10153963 0.08807409 -0.13308814
v 0.09612779 0.08033782 -0.13419503
v 0.09708875 0.07876068 -0.13168761
v 0.10330403 0.09018326 -0.13389395
v 0.10679395 0.09234178 -0.13720991
v 0.10709268 0.09242278 -0.13964051
v 0.10687897 0.09112382 -0.14191905
v 0.10948385 0.08244425 -0.13797727
v 0.11042188 0.08664310 -0.13796684
v 0.10950731 0.08143294 -0.13534981
v 0.11011931 0.08663017 -0.13576716
v 0.10933834 0.08955085 -0.14048383
v 0.10965377 0.09010673 -0.13872050
v 0.09587947 0.07585561 -0.13060175
v 0.09851897 0.07446223 -0.12925641
v 0.09991941 0.07736260 -0.13000906
v 0.10169840 0.08217859 -0.13085411
v 0.10365832 0.07636517 -0.13039336
v 0.10667710 0.07602656 -0.13201569
v 0.10812703 0.08115119 -0.13293082
v 0.10533421 0.08128542 -0.13105240
v 0.10865732 0.08632016 -0.13377683
v 0.10636908 0.08632809 -0.13240902
v 0.10357684 0.08696610 -0.13208634
v 0.10782859 0.08969891 -0.13473584
v 0.10912326 0.09017026 -0.13652185
v 0.10601850 0.09132004 -0.13515674
v 0.10500012 0.08978629 -0.13366997
v 0.10654785 0.08897674 -0.13361871
v 0.09127992 0.03802973 -0.12480992
v -0.00406343 0.03546715 -0.12201352
v -0.00046550 0.03692591 -0.11962397
v 0.00176765 0.03660429 -0.11006312
v -0.00068309 0.03429258 -0.10516073
v -0.00509229 0.03114080 -0.10351929
v -0.00913660 0.02943277 -0.10584576
v -0.01152143 0.02947688 -0.11051266
v 0.00180987 0.03764743 -0.11558163
v -0.00831898 0.03292459 -0.12190510
v -0.01134342 0.03056437 -0.11676785
v -0.01647804 0.03950858 -0.11648268
v -0.01294747 0.04132748 -0.12171237
v -0.01643187 0.03792936 -0.10986990
v -0.01339639 0.03709418 -0.10517460
v -0.00877890 0.03751606 -0.10273008
v -0.00784784 0.04310584 -0.12199214
v -0.00350575 0.04378778 -0.11949645
v -0.00115326 0.04334807 -0.11458832
v -0.01160106 0.05051708 -0.12195267
v -0.01785792 0.05199182 -0.12136357
v -0.02406964 0.05767304 -0.10784826
v -0.02604468 0.05761069 -0.11137873
v -0.02390136 0.05374759 -0.11139521
v -0.02225570 0.05287290 -0.10781558
v -0.02240879 0.05148417 -0.11221200
v -0.02063414 0.04797947 -0.10986704
v -0.02441022 0.05514544 -0.11672205
v -0.02266201 0.05286330 -0.11652033
v -0.02223475 0.05746680 -0.12073803
v -0.02156082 0.05430681 -0.12011944
v -0.02697396 0.05876589 -0.11688422
v -0.02751558 0.06100869 -0.11201683
v -0.02773524 0.06256247 -0.11604866
v -0.02601712 0.06234199 -0.10966060
v -0.02064922 0.04889768 -0.11642861
v -0.01672989 0.04489654 -0.10493390
v -0.01951986 0.05208576 -0.10478960
v -0.02161314 0.05835515 -0.10548279
v -0.02282286 0.06360692 -0.10804127
v -0.01532559 0.05255115 -0.10303321
v -0.01798051 0.05950451 -0.10498472
v -0.01938268 0.06368136 -0.10792258
v -0.01122399 0.05361754 -0.10494561
v -0.01496089 0.06021053 -0.10676445
v -0.01178351 0.04401428 -0.10244863
v -0.00667103 0.04467034 -0.10399157
v -0.01705417 0.06333041 -0.10848670
v -0.02256672 0.06668949 -0.11275560
v -0.02618954 0.06592870 -0.11423293
v -0.01887366 0.05819029 -0.12174946
v -0.02430423 0.06068009 -0.12059183
v -0.02101030 0.06250411 -0.12097712
v -0.01463770 0.05795568 -0.12136661
v -0.01761123 0.06340635 -0.11983481
v -0.02599425 0.06338304 -0.11947721
v -0.02367315 0.06551147 -0.11890975
v -0.00387056 0.03929400 -0.10425764
v -0.00124999 0.04158491 -0.10875437
v -0.00397781 0.04661041 -0.10859349
v -0.00852308 0.05490875 -0.10926996
v -0.00411824 0.04896677 -0.11469093
v -0.00680589 0.05017513 -0.11979404
v -0.01099624 0.05782408 -0.11906584
v -0.00848998 0.05681193 -0.11465517
v -0.01486092 0.06329137 -0.11751385
v -0.01309429 0.06251353 -0.11427276
v -0.01316476 0.06143594 -0.11020099
v -0.01762312 0.06565142 -0.11518437
v -0.02047643 0.06644785 -0.11714293
v -0.01925286 0.06574947 -0.11175098
v -0.01648419 0.06429178 -0.11108330
v -0.01585126 0.06454682 -0.11365403
v 0.08521868 0.03498793 -0.11649628
v 0.08028582 0.03768885 -0.11619395
v 0.07894959 0.03048134 -0.11439265
v 0.07783699 0.02210909 -0.11205412
v 0.08181457 0.01310760 -0.11194551
v 0.07195903 0.02381659 -0.11310430
v 0.07334147 0.03209275 -0.11524613
v 0.07467545 0.04140896 -0.11771393
v 0.06603906 0.01841092 -0.11305071
v -0.07447918 -0.66085190 -0.31228358
v -0.07089373 -0.66103888 -0.31025922
v -0.07001070 -0.65727746 -0.30511841
v -0.07239295 -0.65612507 -0.30662513
v -0.07517797 -0.65541637 -0.30801758
v -0.07890926 -0.65506780 -0.30905563
v -0.08451287 -0.66042185 -0.31397980
v -0.07899949 -0.66096300 -0.31402969
v -0.09349784 -0.65651941 -0.30917519
v -0.09185199 -0.65759790 -0.30997097
v -0.09282966 -0.65564227 -0.30899584
v -0.08719321 -0.65504885 -0.30972725
v -0.09066373 -0.65564460 -0.30911279
v -0.06748328 -0.66055846 -0.30582631
v -0.06673221 -0.66019237 -0.30423564
v -0.06870851 -0.66086304 -0.30798131
v -0.08296713 -0.65502036 -0.30973315
v -0.06706756 -0.65955532 -0.30348074
v -0.06820020 -0.65855402 -0.30384961
v -0.08913920 -0.65928352 -0.31224409
v -0.07490967 -0.65726924 -0.30915099
v -0.07873240 -0.65677214 -0.31045267
v -0.08362437 -0.65857863 -0.31283563
v -0.07871949 -0.65888321 -0.31232393
v -0.08703394 -0.65653425 -0.31081700
v -0.08937962 -0.65667206 -0.31009355
v -0.07223591 -0.65764427 -0.30762708
v -0.08299241 -0.65662086 -0.31121510
v -0.07462293 -0.65903747 -0.31082460
v -0.08983353 -0.65733528 -0.31054372
v -0.08783998 -0.65798914 -0.31184912
v -0.06708761 -0.65982103 -0.30454421
v -0.06756079 -0.65935534 -0.30430001
v -0.10530078 -0.47426251 -0.17174506
v -0.10572919 -0.45279282 -0.17008960
v -0.07152954 -0.65916812 -0.30882949
v -0.06853883 -0.65879995 -0.30496579
v -0.07005151 -0.65813088 -0.30615357
v -0.06961251 -0.65932548 -0.30708387
v -0.06818870 -0.65953565 -0.30558732
v 0.04164106 -0.37093768 -0.18816671
v 0.02947745 -0.37004182 -0.17546351
v 0.09934653 -0.37913346 -0.19128737
v 0.11586283 -0.38936165 -0.17552587
v -0.01122531 -0.24852176 -0.12881644
v 0.09411193 -0.40402210 0.01151731
v 0.09199995 -0.41910306 0.00746956
v 0.03098938 -0.43013278 0.05750452
v 0.04965920 -0.42674470 0.04899291
v 0.08222114 -0.33919293 -0.09290092
v 0.08761981 -0.32627124 -0.08967530
v 0.02859838 -0.29698822 -0.12107290
v 0.03347640 -0.28376681 -0.11745957
v 0.07673370 -0.29673615 -0.10174855
v 0.08253689 -0.38722914 0.05043429
v 0.07352687 -0.40411073 0.04419064
v 0.08811566 -0.39779627 0.03063849
v 0.09727670 -0.38192508 0.03588078
v 0.01466594 -0.41061816 0.06618097
v 0.01057818 -0.42910695 0.06210360
v 0.09054194 -0.36843538 -0.08149895
v 0.09905235 -0.38623959 -0.06034397
v 0.09710344 -0.41677645 -0.01771093
v 0.08754398 -0.43023774 0.00016657
v 0.05875334 -0.45236105 0.02526661
v 0.07444386 -0.44204849 0.01351703
v 0.00306503 -0.29823607 -0.13420752
v -0.02418970 -0.30269954 -0.14041375
v 0.07710764 -0.35059294 -0.09981237
v -0.06587745 -0.27926090 -0.13256948
v 0.01879301 -0.48832071 0.03887318
v 0.03961817 -0.48254672 0.02807150
v 0.10095425 -0.40203765 -0.03865670
v -0.09911692 -0.39990613 -0.18079334
v -0.10062635 -0.38072014 -0.18143061
v -0.08672658 -0.38305134 -0.19004118
v -0.08421694 -0.40162253 -0.18857050
v -0.07222772 -0.38503820 -0.19748953
v -0.05762859 -0.38755482 -0.20328495
v -0.04381740 -0.39021429 -0.20658077
v -0.00817158 -0.39521864 -0.20434813
v -0.01904908 -0.39398962 -0.20700932
v 0.01305375 -0.39804938 -0.19546020
v 0.00218485 -0.39675534 -0.20060155
v 0.02656297 -0.39676577 -0.18721339
v 0.04116595 -0.39724529 -0.17463204
v 0.05667116 -0.40125835 -0.15825146
v 0.05442733 -0.41171104 -0.15994135
v 0.04192930 -0.38619938 -0.17460816
v 0.02817900 -0.38508412 -0.18714213
v 0.01499202 -0.38405031 -0.19611979
v -0.10884966 -0.34109971 -0.16712935
v -0.09935436 -0.32458138 -0.15712672
v -0.10455595 -0.49456733 -0.17259657
v 0.10217442 -0.19243053 -0.09412969
v 0.03590908 -0.08881062 -0.13857196
v -0.03002722 -0.61418045 -0.09343328
v -0.05061320 -0.61534089 -0.08192968
v -0.06610602 -0.61040205 -0.06496897
v -0.06915705 -0.61556649 -0.07259315
v 0.03214262 -0.59109712 -0.16402501
v 0.02631342 -0.60247248 -0.13974312
v 0.01365749 -0.60842693 -0.11776427
v -0.00511047 -0.60968280 -0.09997649
v 0.05103018 -0.34504706 -0.11780033
v -0.01678636 -0.59887826 -0.06736062
v 0.00096844 -0.60514748 -0.09189994
v 0.02175686 -0.60430545 -0.10967296
v 0.03830919 -0.59790933 -0.13233846
v 0.04859850 -0.58418399 -0.16123937
v 0.05988513 -0.57220590 -0.17272064
v 0.08520564 -0.55360693 -0.16723530
v 0.09240279 -0.54043698 -0.17366846
v 0.08535644 -0.53562558 -0.19200334
v 0.09133297 -0.51884270 -0.19580813
v 0.09835596 -0.52461517 -0.17852736
v 0.12020841 -0.42379946 -0.17271951
v 0.12247035 -0.41100043 -0.16349217
v 0.12467620 -0.40452150 -0.14941181
v 0.12417177 -0.40213788 -0.13400814
v 0.12026574 -0.40398434 -0.11903432
v 0.11354209 -0.40986142 -0.10804781
v 0.10650634 -0.42048091 -0.10146147
v 0.09280489 -0.45679229 -0.10092960
v 0.09270199 -0.46957207 -0.10330498
v 0.09481578 -0.48719576 -0.09005534
v 0.09603179 -0.48791996 -0.08324777
v 0.08848000 -0.48094907 -0.03414840
v 0.09297035 -0.48535252 -0.05069612
v 0.08423356 -0.47459659 -0.01819442
v 0.13886690 -0.30540830 0.08542438
v 0.12419364 -0.31909382 0.07721107
v 0.13778633 -0.31924525 0.05777645
v 0.15225904 -0.30635071 0.06564367
v 0.03779887 -0.34664750 0.09173439
v 0.06136029 -0.34880969 0.08297674
v 0.15106992 -0.29238099 -0.04118203
v 0.15675168 -0.30392742 -0.01342280
v 0.15480360 -0.31214741 0.01284469
v 0.14807335 -0.31746650 0.03667014
v 0.13772732 -0.27854621 -0.06644514
v 0.02497822 -0.19840200 -0.12234953
v 0.05011006 -0.21412636 -0.11737382
v -0.04723928 -0.17146905 -0.11202313
v -0.02466898 -0.17634511 -0.11893428
v 0.12062078 -0.26296061 -0.08611919
v -0.00067996 -0.18519524 -0.12298908
v 0.07502525 -0.23018861 -0.10978927
v 0.09964056 -0.24664417 -0.09976561
v 0.10985893 -0.33329141 0.06874319
v 0.09312820 -0.33380419 0.08296801
v 0.08054545 -0.34948352 0.07147183
v 0.00390967 -0.54532015 0.00868692
v 0.02499745 -0.54432780 -0.00311752
v 0.04295402 -0.54222494 -0.01801859
v 0.05612372 -0.55195653 -0.04438715
v 0.06917375 -0.54844922 -0.05972499
v 0.07272418 -0.53699911 -0.04996310
v 0.05968239 -0.53988642 -0.03425008
v 0.08573763 -0.53552318 -0.08646238
v 0.09144938 -0.52818888 -0.09642417
v 0.09165844 -0.52025974 -0.08945286
v 0.08777821 -0.52674437 -0.07964534
v 0.09661157 -0.51391596 -0.09755348
v 0.10032768 -0.50433660 -0.10504213
v 0.10201345 -0.49319893 -0.11111289
v 0.10598782 -0.48062539 -0.11490479
v 0.11254818 -0.48983702 -0.13306683
v 0.10860032 -0.50376034 -0.12954816
v 0.08427761 -0.54355502 -0.09659170
v 0.07675408 -0.55254751 -0.08440696
v -0.00535596 -0.56442684 -0.01891288
v -0.02572219 -0.56141329 -0.01058718
v 0.07068390 -0.41135290 -0.13901713
v 0.08275279 -0.42436415 -0.11936233
v 0.09114844 -0.43820104 -0.10186318
v 0.09610824 -0.45104912 -0.08774744
v 0.09870690 -0.46302763 -0.07713473
v 0.09919049 -0.47487351 -0.06845357
v 0.09674869 -0.48683158 -0.06230523
v 0.09721813 -0.48778144 -0.07352720
v 0.09326065 -0.49903303 -0.05891065
v 0.09460686 -0.49825621 -0.07122790
v 0.08875648 -0.51108593 -0.05742710
v 0.08512336 -0.52239943 -0.05970941
v 0.08203897 -0.53320879 -0.06553965
v 0.07924883 -0.54309165 -0.07349832
v 0.05428343 -0.56371427 -0.05635684
v 0.06697813 -0.55868840 -0.07147524
v 0.03610410 -0.57707137 -0.05579584
v 0.03461067 -0.58578771 -0.07037602
v 0.03918030 -0.55533475 -0.02831355
v 0.03816643 -0.56678951 -0.04197885
v -0.01121262 -0.61351752 -0.15083247
v -0.02438838 -0.62082160 -0.13027020
v 0.11274897 -0.43210953 -0.11064701
v 0.11385617 -0.42212719 -0.11011301
v 0.10871508 -0.42882800 -0.10452445
v 0.10902210 -0.43455458 -0.10665803
v 0.11904606 -0.41900322 -0.11895648
v 0.12152125 -0.43150485 -0.12848932
v 0.12307435 -0.41798323 -0.13108777
v 0.11701392 -0.43080854 -0.11822769
v 0.12469225 -0.42034709 -0.14373174
v 0.12349976 -0.43352157 -0.13946727
v 0.12438701 -0.42551464 -0.15473078
v 0.12400836 -0.43662670 -0.14950272
v 0.12387032 -0.43963444 -0.15692572
v 0.12316481 -0.43334645 -0.16297919
v 0.11869714 -0.47900236 -0.15751256
v 0.12166198 -0.46369433 -0.15823187
v 0.12310642 -0.44962543 -0.15769635
v 0.10900274 -0.46803170 -0.11557233
v 0.11207826 -0.45495951 -0.11632657
v 0.11461347 -0.44244435 -0.11683306
v 0.11887224 -0.44406486 -0.12663700
v 0.11626080 -0.45730200 -0.12535761
v 0.11316001 -0.47142097 -0.12394719
v -0.00100352 -0.55451655 -0.00462919
v 0.01982327 -0.55633903 -0.01494047
v 0.09729221 -0.52035773 -0.10556126
v 0.10164829 -0.51155770 -0.11328037
v 0.10578619 -0.49993590 -0.11918014
v 0.10951743 -0.48570991 -0.12274353
v 0.10351887 -0.51624501 -0.12331039
v 0.09782981 -0.52672720 -0.11607734
v 0.09122457 -0.53515077 -0.10687082
v 0.01635330 -0.56714988 -0.02905781
v -0.02104840 -0.55186605 0.00345696
v 0.02624318 -0.46265346 -0.21759316
v 0.04229789 -0.47724119 -0.22314069
v 0.06267559 -0.49146178 -0.22237630
v 0.08020371 -0.50642073 -0.21260077
v -0.08533428 -0.63214123 -0.09633525
v 0.06670988 -0.27322167 -0.08382820
v -0.02605293 -0.51349461 0.04890677
v -0.03131237 -0.53123343 0.03879740
v -0.01145897 -0.44705212 0.06451930
v -0.01389855 -0.46976393 0.06537326
v 0.05121861 -0.37078205 0.07548315
v 0.02765575 -0.36999428 0.08041720
v 0.02075586 -0.39108887 0.07337016
v 0.02383367 -0.33148390 0.11717682
v 0.01264608 -0.34406632 0.09807853
v -0.00090385 -0.38782901 0.07407007
v -0.00631182 -0.40662572 0.06689185
v -0.00122690 -0.49098137 0.04906150
v -0.01536186 -0.54494536 0.01849494
v -0.04114165 -0.55099893 0.01157781
v -0.04468872 -0.56015050 -0.00193556
v -0.04943587 -0.57139462 -0.01488397
v -0.03190397 -0.35973868 -0.21195163
v -0.03183414 -0.37601420 -0.21023613
v -0.04507805 -0.37333566 -0.20905831
v -0.04529257 -0.35687381 -0.21042888
v -0.00728778 -0.36680627 -0.20814732
v -0.00772566 -0.38086671 -0.20641305
v -0.01933542 -0.37852013 -0.20925175
v -0.01921409 -0.36301512 -0.21094409
v 0.00342702 -0.38283125 -0.20192662
v 0.00463615 -0.36986291 -0.20329735
v -0.03032581 -0.34379110 -0.21065444
v -0.01751155 -0.34769380 -0.20994177
v -0.04370816 -0.34088758 -0.20884714
v 0.00559505 -0.35652119 -0.20283851
v -0.00565422 -0.35223871 -0.20713577
v -0.10409835 -0.56168079 -0.24723610
v -0.10441369 -0.55947781 -0.26426196
v -0.10870229 -0.58777714 -0.29856992
v -0.10911895 -0.59215873 -0.29893124
v -0.11158886 -0.56149203 -0.22055867
v -0.11308874 -0.55930853 -0.21177815
v -0.11108077 -0.57474256 -0.28704345
v -0.11079712 -0.56282300 -0.28007931
v -0.11111126 -0.60910749 -0.31103364
v -0.11117419 -0.60676241 -0.30849379
v -0.11095969 -0.59701633 -0.30497536
v -0.11088233 -0.59423196 -0.30233580
v -0.11433701 -0.55617201 -0.20319496
v -0.11074983 -0.56156301 -0.23134121
v -0.11600739 -0.54675019 -0.18633235
v -0.11568379 -0.54121369 -0.17899993
v -0.10522752 -0.53490931 -0.17720222
v -0.10438129 -0.52450883 -0.17435063
v -0.11343969 -0.35963255 -0.17154524
v -0.10897508 -0.41408119 -0.16796663
v -0.11280688 -0.39737558 -0.17269915
v -0.10677841 -0.43235320 -0.16761972
v -0.10405692 -0.51096171 -0.17360479
v -0.11543588 -0.55145359 -0.19445913
v -0.11098082 -0.58398324 -0.29606003
v -0.11087257 -0.58078444 -0.29114684
v -0.11112860 -0.60356772 -0.30690005
v -0.11103724 -0.60034585 -0.30599290
v -0.11837072 -0.47263014 -0.16525547
v -0.11911626 -0.45080072 -0.16240035
v -0.11344641 -0.37789759 -0.17237459
v -0.12103357 -0.34053564 -0.15734112
v -0.11389627 -0.32388487 -0.14637843
v -0.11688405 -0.49378878 -0.16648495
v -0.10393766 -0.31598562 -0.13234249
v 0.21450120 -0.15770592 0.03946544
v 0.20980696 -0.14099719 0.06731502
v 0.20439202 -0.15446219 0.08537543
v 0.20979483 -0.16702503 0.06582338
v 0.20515628 -0.20408630 0.04225560
v 0.20112076 -0.22542347 0.03551044
v 0.19637804 -0.24850824 0.02866851
v 0.19208942 -0.14435035 0.10735590
v 0.16918112 -0.15650427 0.13754764
v 0.17251754 -0.13646224 0.12831247
v 0.19385661 -0.24931635 0.05936668
v 0.19849004 -0.22599383 0.06642505
v 0.20462087 -0.17210127 0.08113825
v 0.20396835 -0.18473157 0.07738056
v 0.20935352 -0.18375085 0.05254221
v 0.18741605 -0.16128114 0.11587316
v 0.19891053 -0.16692458 0.09607565
v 0.10205007 -0.29972887 0.11654217
v 0.11434659 -0.28346431 0.12720764
v 0.08720949 -0.27969396 0.14167456
v 0.16176081 -0.30548561 0.04159175
v 0.16533670 -0.29105112 0.07221286
v 0.08305071 -0.12454841 0.17212270
v 0.19574679 -0.18222015 0.09875865
v 0.16552162 -0.17837310 0.14166467
v 0.18385863 -0.18034451 0.12015314
v 0.15322593 -0.24938416 0.13001187
v 0.17160226 -0.24995787 0.10968956
v 0.17578778 -0.22680692 0.11711429
v 0.15779275 -0.22674280 0.13777085
v 0.18556136 -0.24910328 0.08661424
v 0.17680155 -0.27169451 0.07933320
v 0.14550292 -0.26940578 0.12124928
v 0.16341604 -0.27117404 0.10176903
v 0.15187496 -0.29044908 0.09345305
v 0.18970454 -0.22547559 0.09350295
v 0.16148862 -0.20208330 0.14250676
v 0.13705951 -0.19924603 0.16124190
v 0.10851456 -0.19491172 0.17347147
v 0.07864186 -0.18692891 0.18488999
v 0.07325919 -0.21179608 0.18206258
v 0.13491379 -0.28742048 0.11197041
v 0.10710394 -0.31842473 0.09266348
v 0.12202066 -0.30356556 0.10157251
v 0.07189475 -0.36978734 0.06582954
v 0.20898834 0.06789786 -0.09451928
v 0.05603550 -0.04794034 0.06570143
v 0.04979017 -0.03873786 0.04117057
v 0.15931106 -0.17215052 -0.08834812
v 0.20824352 -0.17061955 -0.01757789
v 0.21130921 -0.17904817 0.01954946
v 0.04030047 -0.03061372 -0.00956355
v 0.04241827 -0.03816810 -0.04140028
v 0.13171986 -0.15559004 -0.10623823
v 0.08884892 -0.10027970 -0.10583220
v 0.04483514 -0.03274336 0.01839721
v 0.20119116 -0.20452988 0.07215802
v 0.19272557 -0.20208448 0.09765831
v 0.18009466 -0.20263280 0.12066629
v 0.14102104 -0.17534161 0.16149196
v 0.11111665 -0.17190212 0.17496398
v 0.08135535 -0.16519684 0.18374616
v 0.00393481 -0.08312064 -0.06208382
v -0.01312909 -0.08941516 -0.06079102
v -0.00642844 -0.09043458 -0.06623372
v -0.03064547 -0.09847552 -0.06418226
v -0.02256522 -0.08781299 -0.05444837
v -0.00438433 -0.07856017 -0.05117371
v -0.01432167 -0.07697421 -0.04374237
v -0.00628151 -0.06742087 -0.03084300
v 0.02852144 -0.18341845 -0.12123819
v 0.05517150 -0.19965166 -0.11688738
v -0.04410071 -0.15673374 -0.10933559
v -0.02200768 -0.16114783 -0.11668973
v 0.12922496 -0.25255150 -0.08528990
v 0.00217141 -0.16960675 -0.12105722
v 0.08088979 -0.21749279 -0.10998522
v 0.10676259 -0.23572053 -0.09923509
v 0.05951076 -0.25687456 0.16805857
v 0.05133589 -0.27754512 0.15609857
v -0.06369596 -0.15474020 -0.09909044
v -0.11088254 -0.55854857 -0.26495779
v -0.11064496 -0.56068146 -0.24666284
v -0.11301282 -0.72485924 -0.34044379
v -0.10390992 -0.64281583 -0.13416289
v -0.11130536 -0.66679770 -0.33052602
v -0.11083803 -0.59185290 -0.29896456
v -0.11094805 -0.60984755 -0.31427681
v -0.11508071 -0.53408432 -0.17314532
v -0.11488251 -0.52359617 -0.16950750
v 0.03911395 -0.05116013 0.06002510
v -0.11581723 -0.51022470 -0.16815376
v 0.04688998 -0.05492157 0.07451423
v -0.01001274 -0.42646357 0.06339242
v 0.45922488 0.34901813 0.14476442
v 0.45770395 0.34056577 0.15859933
v 0.47682393 0.35761210 0.16301054
v 0.47784585 0.36501336 0.14936720
v 0.47282368 0.31040478 0.17393954
v 0.46378154 0.32333452 0.17246586
v 0.48466223 0.30043614 0.16849414
v 0.49542016 0.29647893 0.15865335
v 0.50870687 0.31742686 0.16960265
v 0.49938172 0.32100165 0.17863509
v 0.50125885 0.29781651 0.14793055
v 0.51865792 0.32067841 0.14741386
v 0.50513852 0.30164659 0.13554190
v 0.50707948 0.31027049 0.11855203
v 0.52008545 0.32802659 0.13063480
v 0.50254995 0.32587421 0.10656357
v 0.51655400 0.34238476 0.11736526
v 0.49318793 0.34160131 0.10232523
v 0.46590459 0.35375214 0.12863873
v 0.48250133 0.37043896 0.13340865
v 0.48888004 0.33016789 0.18244591
v 0.48143589 0.34195465 0.17839789
v 0.47833711 0.35056013 0.17128655
v 0.45983863 0.33228993 0.16689502
v 0.49410653 0.37522486 0.16723174
v 0.49210995 0.38374928 0.15432629
v 0.50337249 0.34907821 0.19267192
v 0.49789342 0.36114162 0.18441999
v 0.52173316 0.33547434 0.18150412
v 0.51325083 0.33905300 0.19064192
v 0.53466380 0.33576375 0.15791059
v 0.52842391 0.33537358 0.17006345
v 0.51415253 0.31851763 0.15917711
v 0.53519374 0.34267411 0.14228623
v 0.53178036 0.35680228 0.12586379
v 0.49676812 0.38830972 0.13690113
v 0.49592906 0.36833808 0.17575485
v 0.60769552 0.46645173 0.03178900
v 0.60423714 0.46424860 0.03062013
v 0.60095674 0.46710047 0.03081772
v 0.60315967 0.47135225 0.03238985
v 0.58119547 0.49424940 0.03102723
v 0.57415438 0.49022311 0.02647948
v 0.56910861 0.49456033 0.03047091
v 0.57448149 0.50125718 0.03538507
v 0.59363121 0.48341021 0.02838027
v 0.59584349 0.48324376 0.03191042
v 0.59955329 0.48007071 0.03168321
v 0.59954482 0.47848728 0.02741256
v 0.61837727 0.43897131 0.05006546
v 0.62069428 0.44090554 0.05396417
v 0.62362498 0.43737176 0.05449843
v 0.62274110 0.43476993 0.05160826
v 0.61202693 0.45729172 0.03949001
v 0.61429632 0.45851940 0.04355580
v 0.61695296 0.45504054 0.04380819
v 0.61676222 0.45267457 0.04057574
v 0.57098597 0.47545648 0.04233614
v 0.55970049 0.48127061 0.04658854
v 0.56548482 0.49001923 0.03737441
v 0.57292962 0.48276651 0.03233606
v 0.56501043 0.49694106 0.04455176
v 0.55977190 0.48915297 0.05586708
v 0.56914222 0.48986614 0.05887362
v 0.57196617 0.49497658 0.04739910
v 0.57970661 0.48386765 0.05379128
v 0.58126915 0.48918220 0.04385230
v 0.58138353 0.47731039 0.04627860
v 0.58430278 0.48240823 0.03487641
v 0.59479231 0.46617508 0.04071248
v 0.58683652 0.46518245 0.03802899
v 0.59217632 0.47166002 0.02965748
v 0.60028970 0.47094682 0.03164211
v 0.57917047 0.47276089 0.03873828
v 0.58621490 0.47745502 0.03039366
v 0.58203036 0.48094216 0.04416531
v 0.58862334 0.47919008 0.04786509
v 0.59269309 0.48246560 0.03754306
v 0.58627272 0.48485473 0.03364736
v 0.59539497 0.47237128 0.04642791
v 0.59942061 0.47630036 0.03691858
v 0.59894907 0.45145285 0.04076406
v 0.59200633 0.45972982 0.04116210
v 0.59788311 0.46503559 0.03485581
v 0.60303807 0.45985320 0.03409910
v 0.59873474 0.47231358 0.03861642
v 0.59508890 0.46794379 0.04588199
v 0.60137767 0.46597230 0.04877406
v 0.60422200 0.46974793 0.04046270
v 0.60777748 0.45902979 0.04762813
v 0.60983068 0.46499339 0.03954554
v 0.60661936 0.45253456 0.04285014
v 0.60960209 0.46027568 0.03571409
v 0.61572587 0.43794018 0.05109093
v 0.60903007 0.43603593 0.04822624
v 0.61236244 0.44454846 0.04225141
v 0.61782336 0.44607276 0.04511568
v 0.60403967 0.44290864 0.04697612
v 0.60788620 0.44881094 0.04178450
v 0.60692775 0.45479339 0.04359439
v 0.60529333 0.44936699 0.04817623
v 0.61154294 0.45148158 0.05407852
v 0.61246127 0.45707744 0.04833287
v 0.61723232 0.44505313 0.05537724
v 0.61816770 0.45175171 0.04824182
v 0.61746764 0.42060819 0.05890390
v 0.61944026 0.42696369 0.05294493
v 0.62396705 0.42889720 0.05631936
v 0.62222052 0.42340690 0.06427884
v 0.61278522 0.42629275 0.05572161
v 0.61495364 0.43097588 0.05158910
v 0.61478764 0.43661723 0.05416054
v 0.61424208 0.43230832 0.05719888
v 0.61872864 0.43628094 0.06362250
v 0.61916590 0.44010746 0.05894428
v 0.62268692 0.43033308 0.06598398
v 0.62437636 0.43486977 0.05928174
v 0.57088655 0.46648040 0.05161008
v 0.55524617 0.47289875 0.05603498
v 0.57478356 0.49826643 0.03909200
v 0.55665106 0.48186380 0.06651750
v 0.58007193 0.49489617 0.03726068
v 0.58041525 0.47708368 0.06214267
v 0.56700897 0.48303711 0.06991920
v 0.57880163 0.47580299 0.05059585
v 0.59481847 0.47606996 0.02595297
v 0.59507984 0.46430376 0.05945739
v 0.59277946 0.46437564 0.04939309
v 0.59111708 0.47921899 0.02634460
v 0.58439696 0.45529035 0.04916042
v 0.59700119 0.44131684 0.05332676
v 0.60611516 0.47146901 0.03532451
v 0.60925949 0.46898079 0.03500408
v 0.60829151 0.45023340 0.06123903
v 0.60480249 0.44723153 0.04930186
v 0.61359626 0.45012146 0.03886077
v 0.61752307 0.43646836 0.06738445
v 0.61440194 0.43165511 0.05726534
v 0.61093938 0.45250696 0.03873259
v 0.60731494 0.42596596 0.05930382
v 0.62003666 0.43213156 0.05093506
v 0.62300664 0.42559046 0.07559863
v 0.62203699 0.41633308 0.07476118
v 0.61742520 0.43438733 0.04961833
v 0.61492670 0.41428328 0.06701735
v 0.49050409 0.37091669 0.12006837
v 0.47429633 0.35492384 0.11531819
v 0.48409170 0.35112214 0.10617079
v 0.50018615 0.36645898 0.11281356
v 0.50867057 0.35693097 0.11166322
v 0.50440812 0.38745850 0.12199186
v 0.51535279 0.38077897 0.11569723
v 0.52418000 0.37120098 0.11737147
v 0.55198824 0.35186309 0.15146299
v 0.54798871 0.34610301 0.16871649
v 0.54076368 0.34600347 0.18178357
v 0.53363717 0.34654111 0.19323260
v 0.52392524 0.35200238 0.20230624
v 0.50938046 0.40351987 0.13922513
v 0.51692659 0.40188867 0.12137486
v 0.52805102 0.39416498 0.11370234
v 0.53829908 0.38291013 0.11706415
v 0.54706448 0.46540457 0.06811085
v 0.56007981 0.45375484 0.06224963
v 0.55009407 0.44314647 0.07564458
v 0.54392612 0.45692894 0.08542374
v 0.57396030 0.44354588 0.06194556
v 0.56355536 0.43053913 0.07436189
v 0.58708006 0.43094939 0.06576920
v 0.57747120 0.42011663 0.07997417
v 0.59935027 0.41798788 0.07225916
v 0.59020030 0.40981436 0.08742210
v 0.61082995 0.40812254 0.07994136
v 0.60337222 0.40212697 0.09680574
v 0.62100971 0.40894088 0.08830446
v 0.61461794 0.40212411 0.10556369
v 0.55116069 0.47641724 0.08057383
v 0.54951942 0.46618855 0.09742868
v 0.56457114 0.47668764 0.08597159
v 0.56414586 0.46720320 0.10305125
v 0.57752001 0.46721005 0.08334023
v 0.57606649 0.45760304 0.10165012
v 0.61958778 0.41290969 0.10971984
v 0.62347341 0.41988415 0.09099245
v 0.59137452 0.45403862 0.08283818
v 0.58900261 0.44472191 0.10183483
v 0.60486794 0.44163805 0.08497453
v 0.60208571 0.43300015 0.10490046
v 0.61580586 0.43026590 0.08825490
v 0.61289859 0.42275193 0.10841063
v 0.54039210 0.43284887 0.09436768
v 0.55157405 0.41746041 0.08878087
v 0.56472009 0.40814668 0.09574862
v 0.57837552 0.39942819 0.10475424
v 0.59330851 0.39363259 0.11568423
v 0.60565031 0.39411712 0.12441751
v 0.56742007 0.38269967 0.12374203
v 0.58545309 0.38563871 0.13770285
v 0.59673989 0.38914955 0.14517754
v 0.58934790 0.38318425 0.16537368
v 0.57956988 0.37661380 0.15889187
v 0.56847119 0.36602974 0.19602250
v 0.57364285 0.36982507 0.17919122
v 0.58340251 0.37634596 0.18543121
v 0.57813519 0.37339872 0.20297243
v 0.56682467 0.36995435 0.14624523
v 0.56208193 0.36214051 0.16679968
v 0.55620414 0.35767597 0.18302254
v 0.56451797 0.37528554 0.22342984
v 0.55582541 0.36537665 0.21770847
v 0.56330234 0.36457717 0.20764722
v 0.57275379 0.37271434 0.21437788
v 0.55286527 0.38404134 0.23093665
v 0.54343158 0.37232485 0.22762322
v 0.53464133 0.38799393 0.22157156
v 0.54299486 0.39827144 0.22604972
v 0.54387796 0.35667247 0.20498276
v 0.55042481 0.35657462 0.19480537
v 0.53327715 0.36220771 0.21455221
v 0.52493525 0.37549680 0.21010536
v 0.53202939 0.40038824 0.20672843
v 0.52221090 0.38708147 0.19719544
v 0.53934199 0.41033298 0.21257798
v 0.54204851 0.44648850 0.10630076
v 0.54967737 0.45226231 0.11540951
v 0.55153358 0.39422321 0.10801752
v 0.53913265 0.40559781 0.10346605
v 0.52864015 0.41862637 0.11503850
v 0.53641587 0.43583232 0.12792011
v 0.54803038 0.44038498 0.13662699
v 0.53362167 0.42813239 0.14983447
v 0.54537529 0.43173960 0.15619083
v 0.56125510 0.45260799 0.12074739
v 0.55770344 0.43914008 0.14049119
v 0.55424851 0.43093678 0.15971558
v 0.53146648 0.42119956 0.16870594
v 0.54203647 0.42623305 0.17421645
v 0.53122020 0.41328096 0.18271580
v 0.54036164 0.42094260 0.18850078
v 0.53960675 0.41623968 0.20020215
v 0.53190702 0.40683296 0.19390908
v 0.51988804 0.40090749 0.17657495
v 0.52092290 0.39397025 0.18654342
v 0.52045751 0.40969172 0.16175012
v 0.52181309 0.41678786 0.14197461
v 0.61156958 0.40438449 0.12980768
v 0.60233212 0.39700961 0.14951856
v 0.59321058 0.39125234 0.16913307
v 0.58716822 0.38655841 0.18946332
v 0.58121681 0.38504109 0.20580195
v 0.57570410 0.38466740 0.21590094
v 0.56826621 0.38643387 0.22361864
v 0.55820805 0.39328825 0.22731113
v 0.55064881 0.40339941 0.22416927
v 0.54876781 0.41335657 0.21413046
v 0.54954886 0.41954696 0.20383242
v 0.55158550 0.42661357 0.17802700
v 0.55021793 0.42376041 0.19257411
v 0.50539565 0.39917701 0.15773383
v 0.50620830 0.39016402 0.17222665
v 0.50800252 0.38300866 0.18106332
v 0.51476735 0.36440426 0.19983131
v 0.51018453 0.37570998 0.18961070
v 0.57327539 0.44576174 0.12250572
v 0.58528435 0.43391809 0.12382250
v 0.59715700 0.42305285 0.12708445
v 0.60680306 0.41382775 0.12992090
v 0.59907961 0.40558752 0.15045327
v 0.59048563 0.41430801 0.14891995
v 0.57962668 0.42499068 0.14643949
v 0.56796992 0.43426579 0.14322570
v 0.59067380 0.40022933 0.16991670
v 0.58380038 0.40862232 0.16871750
v 0.57355368 0.41845635 0.16699745
v 0.56384897 0.42688614 0.16319732
v 0.56045938 0.42318285 0.18187916
v 0.56831312 0.41503823 0.18566471
v 0.57721806 0.40568817 0.18715872
v 0.58321196 0.39702547 0.18918070
v 0.57736719 0.39470011 0.20399395
v 0.57161134 0.40292680 0.20116596
v 0.56398892 0.41181406 0.19936687
v 0.55780321 0.41925645 0.19615470
v 0.57289302 0.39379069 0.21258968
v 0.56104785 0.39825621 0.22209111
v 0.56774062 0.39448407 0.21877286
v 0.55592716 0.40492332 0.22072190
v 0.55521822 0.41106695 0.21347024
v 0.55624825 0.41558850 0.20527492
v 0.56009650 0.40647757 0.21316701
v 0.56177050 0.40902537 0.20710003
v 0.56826335 0.40105277 0.20910271
v 0.56507111 0.40018517 0.21470405
v 0.55920494 0.40387911 0.21745420
v 0.56176740 0.40071654 0.21818808
v 0.54922581 0.36865920 0.13146815
v -0.09172984 -0.63577336 -0.10618632
v -0.06391019 -0.60437304 -0.05674693
v 0.28893942 0.21336372 -0.01352660
v 0.30116624 0.20742668 -0.02251607
v 0.31086469 0.19681446 -0.02921110
v 0.10378648 -0.13715135 -0.11131322
v 0.01296264 -0.25883567 -0.12424258
v 0.00807693 -0.28571469 -0.12999272
v 0.01141740 -0.27206326 -0.12614807
v 0.11523719 -0.11920533 -0.11271816
v 0.06076293 -0.33423680 -0.11200108
v 0.08257934 -0.14497441 0.18024772
v -0.05334949 -0.58096492 -0.02710027
v -0.03108704 -0.39237827 -0.20756818
v 0.06689526 -0.23490283 0.17686096
v -0.03629468 -0.68441856 -0.23056145
v -0.03875303 -0.68410742 -0.22870845
v -0.03945053 -0.68157721 -0.22653224
v -0.04040226 -0.68273377 -0.22213417
v -0.04088175 -0.68287003 -0.21828119
v -0.04084443 -0.68299198 -0.21566343
v -0.03812350 -0.68361092 -0.22464870
v -0.03932998 -0.68730855 -0.22315849
v -0.03822687 -0.68526530 -0.22598596
v -0.03735237 -0.68411982 -0.22675392
v -0.11940113 -0.43007958 -0.15863046
v -0.12140111 -0.41158411 -0.15984938
v -0.12441404 -0.39493471 -0.16510913
v -0.12528127 -0.37636214 -0.16549832
v -0.11085440 -0.58757114 -0.29878390
v -0.07457489 -0.20164874 -0.09999464
v -0.07528163 -0.20993766 -0.10204171
v 0.00458097 -0.36736465 0.08231004
v -0.07158630 -0.18229114 -0.10075434
v -0.07661612 -0.21973635 -0.10552453
v -0.02014591 -0.49254543 0.05794003
v -0.12459742 -0.35872114 -0.16355787
v -0.06854658 -0.16943243 -0.10156468
v -0.03543363 -0.54500061 0.02694674
v -0.07898208 -0.23138389 -0.11047967
v -0.03864277 -0.11155109 -0.07363655
v -0.08785035 -0.27660513 -0.12181233
v -0.15574838 -0.70149356 -0.32368481
v -0.16657528 -0.69749999 -0.31181231
v -0.16009912 -0.68506384 -0.31687748
v -0.14981596 -0.68568259 -0.32658458
v -0.15606104 -0.67418826 -0.31975809
v -0.14636880 -0.67352706 -0.32647777
v -0.17342243 -0.69142985 -0.29885045
v -0.16730607 -0.68225175 -0.30581316
v -0.17437500 -0.65107459 -0.28685823
v -0.17237300 -0.65973115 -0.29006284
v -0.17770159 -0.66068697 -0.28112465
v -0.17865880 -0.64973730 -0.27608380
v -0.17389998 -0.62678301 -0.27466428
v -0.17580080 -0.62331378 -0.26036549
v -0.17076644 -0.61212373 -0.26734248
v -0.16828334 -0.61698782 -0.27987182
v -0.13543664 -0.62344706 -0.30623883
v -0.13852473 -0.62916452 -0.30727082
v -0.14474194 -0.62406528 -0.30488345
v -0.14073828 -0.61773431 -0.30337793
v -0.12553424 -0.63154244 -0.31307095
v -0.12085325 -0.63267231 -0.31889263
v -0.12129162 -0.63918650 -0.31708193
v -0.12657961 -0.63692397 -0.31227523
v -0.13003372 -0.61899436 -0.30394176
v -0.13522851 -0.61348563 -0.30049485
v -0.12859485 -0.62397563 -0.30893716
v -0.13048898 -0.62839556 -0.30879545
v -0.12434677 -0.61576551 -0.31491840
v -0.12110786 -0.61497450 -0.31878817
v -0.12206499 -0.61968398 -0.32113141
v -0.12577304 -0.62050897 -0.31558800
v -0.12815118 -0.61768925 -0.30727655
v -0.12441179 -0.61439955 -0.30752331
v -0.12557413 -0.61565495 -0.31085870
v -0.12805215 -0.61963773 -0.31069571
v -0.12495717 -0.62595689 -0.31415790
v -0.12114525 -0.62618732 -0.32040519
v -0.11691918 -0.62544733 -0.32616150
v -0.11759882 -0.61763227 -0.32640970
v -0.15154520 -0.60773170 -0.29268783
v -0.14554192 -0.60431612 -0.29267502
v -0.14070950 -0.60858166 -0.29718214
v -0.14635523 -0.61241317 -0.29893082
v -0.12558852 -0.61285508 -0.30400759
v -0.12809609 -0.59860170 -0.29953301
v -0.12239164 -0.59835124 -0.30319810
v -0.12244132 -0.60210311 -0.30423370
v -0.12869976 -0.60229939 -0.30072278
v -0.15681857 -0.59779561 -0.27869886
v -0.15684515 -0.59160399 -0.27170148
v -0.14963752 -0.59039581 -0.27801582
v -0.15001652 -0.59559989 -0.28254169
v -0.14702700 -0.58506322 -0.27454194
v -0.15405232 -0.58451033 -0.26629981
v -0.14283949 -0.57122934 -0.26206273
v -0.13800225 -0.57407713 -0.27450189
v -0.14295307 -0.57983398 -0.27355769
v -0.14916793 -0.57794142 -0.26296592
v -0.12583373 -0.57708502 -0.28452015
v -0.13180082 -0.56849468 -0.27687323
v -0.12410897 -0.56448984 -0.27907455
v -0.11974605 -0.57536024 -0.28598416
v -0.12717706 -0.59490526 -0.29399309
v -0.12736040 -0.59633112 -0.29710081
v -0.13146076 -0.59672809 -0.29370284
v -0.13108712 -0.59550947 -0.29151422
v -0.13532598 -0.59613037 -0.28892481
v -0.13525432 -0.59646368 -0.28980309
v -0.13678519 -0.59713882 -0.28996006
v -0.13711795 -0.59615457 -0.28827864
v -0.13359371 -0.59596753 -0.28993988
v -0.13437468 -0.59521216 -0.28890526
v -0.13223480 -0.59398019 -0.29007807
v -0.12882806 -0.59231120 -0.29253399
v -0.11561656 -0.58812499 -0.29848614
v -0.11491371 -0.59235519 -0.29889500
v -0.11802205 -0.59268188 -0.29813498
v -0.11916515 -0.58903962 -0.29756945
v -0.13521957 -0.59798074 -0.29216224
v -0.13244259 -0.59854698 -0.29536325
v -0.13378887 -0.60130036 -0.29648811
v -0.13737339 -0.59960842 -0.29289013
v -0.14055531 -0.60200059 -0.29304063
v -0.14300361 -0.59906310 -0.28886822
v -0.13924801 -0.59797037 -0.28972453
v -0.13603543 -0.59464216 -0.28737274
v -0.13984239 -0.59596622 -0.28704512
v -0.13901213 -0.59348458 -0.28516790
v -0.13679425 -0.59070325 -0.28504378
v -0.13398317 -0.59260482 -0.28815764
v -0.13065542 -0.59024781 -0.29025093
v -0.13344839 -0.58753836 -0.28640467
v -0.12849849 -0.58456123 -0.28853405
v -0.12589630 -0.58761489 -0.29302752
v -0.13644752 -0.60463452 -0.29699689
v -0.14398995 -0.59577084 -0.28509793
v -0.14800012 -0.60054958 -0.28762800
v -0.14378306 -0.59175193 -0.28196833
v -0.14150721 -0.58761668 -0.28055000
v -0.13263065 -0.57969970 -0.28256136
v -0.13781977 -0.58356595 -0.28089929
v -0.13533092 -0.56462282 -0.26331747
v -0.12652530 -0.56003928 -0.26449460
v -0.15283546 -0.66677868 -0.31883463
v -0.14443099 -0.66616488 -0.32234925
v -0.15329964 -0.66090578 -0.31298059
v -0.14926431 -0.66094232 -0.31536761
v -0.15034744 -0.66307634 -0.31660557
v -0.15516250 -0.66299784 -0.31315255
v -0.16636820 -0.65974319 -0.29610270
v -0.16851395 -0.65350074 -0.29388779
v -0.16212794 -0.65649772 -0.29888538
v -0.16135442 -0.65979016 -0.30119848
v -0.15456645 -0.64667010 -0.30350015
v -0.15173334 -0.65250218 -0.30712295
v -0.15507546 -0.65402925 -0.30516347
v -0.15898199 -0.64899743 -0.30101699
v -0.14803834 -0.65111428 -0.30885923
v -0.14967574 -0.64557362 -0.30579427
v -0.14455512 -0.64588821 -0.30791876
v -0.14388146 -0.65080702 -0.31020093
v -0.14313674 -0.66337919 -0.31849265
v -0.14381479 -0.66077840 -0.31711814
v -0.13732532 -0.66068733 -0.31630483
v -0.13566317 -0.66301751 -0.31820595
v -0.12748066 -0.65578192 -0.31018049
v -0.12447294 -0.65518320 -0.31110814
v -0.12500791 -0.65878272 -0.31321770
v -0.12829342 -0.65778029 -0.31168944
v -0.12865770 -0.65416425 -0.31019634
v -0.12691355 -0.65239823 -0.31041864
v -0.14813320 -0.72413093 -0.32927668
v -0.16201842 -0.71957934 -0.31677341
v -0.14302202 -0.70294797 -0.33458379
v -0.17264615 -0.71220332 -0.30338669
v -0.17862767 -0.70211005 -0.29019526
v -0.17180565 -0.60680181 -0.25608450
v -0.16478056 -0.59709591 -0.26433852
v -0.16408978 -0.60339153 -0.27347153
v -0.16957571 -0.59972501 -0.24614303
v -0.16232510 -0.58907259 -0.25644150
v -0.14674547 -0.57432306 -0.24519187
v -0.15611494 -0.58112764 -0.24935484
v -0.17473289 -0.61392909 -0.23484097
v -0.17016761 -0.60976875 -0.22525126
v -0.16338302 -0.59295386 -0.23605278
v -0.17524119 -0.62777478 -0.21938103
v -0.17281052 -0.62846577 -0.21090186
v -0.16588728 -0.60604769 -0.21163562
v -0.15054905 -0.57626176 -0.19755480
v -0.16160679 -0.58698833 -0.18956667
v -0.16178688 -0.58151394 -0.17881280
v -0.15185499 -0.57095385 -0.18765059
v -0.17712405 -0.61913866 -0.24591513
v -0.17894277 -0.67470837 -0.27713338
v -0.18162112 -0.66270202 -0.26934209
v -0.17491774 -0.67029983 -0.28753984
v -0.18208888 -0.74213761 -0.27716523
v -0.18870454 -0.72653794 -0.26832834
v -0.18379819 -0.71451855 -0.28000695
v -0.17839703 -0.72726738 -0.29233587
v -0.15441887 -0.77138090 -0.29654527
v -0.17077444 -0.75786197 -0.28721622
v -0.16734362 -0.73947763 -0.30495402
v -0.15239109 -0.74837703 -0.31776050
v -0.19031180 -0.73551059 -0.25351477
v -0.18325756 -0.75328887 -0.25753909
v -0.18491766 -0.75690955 -0.23554745
v -0.19128034 -0.74038827 -0.23799309
v -0.17265977 -0.77119708 -0.26245010
v -0.17330270 -0.77708256 -0.23637535
v -0.17286012 -0.63817823 -0.20259282
v -0.17109086 -0.61981255 -0.19646394
v -0.16885594 -0.60739279 -0.18948355
v -0.16210906 -0.59472644 -0.20115611
v -0.15688111 -0.79021478 -0.23629825
v -0.15620124 -0.78607351 -0.26694146
v -0.17896202 -0.73520404 -0.18871535
v -0.18549250 -0.72152281 -0.19807076
v -0.18860352 -0.73173261 -0.21095330
v -0.18122914 -0.74817419 -0.20152178
v -0.16824326 -0.74890447 -0.17783125
v -0.16974789 -0.76442236 -0.19251183
v -0.16573037 -0.68697542 -0.17362607
v -0.15746129 -0.69468617 -0.16229500
v -0.15076098 -0.67817926 -0.16476081
v -0.15859744 -0.67071867 -0.17333592
v -0.16294113 -0.67309725 -0.31149119
v -0.16724952 -0.67066240 -0.30336258
v -0.16221479 -0.66557312 -0.30737019
v -0.15894382 -0.66651714 -0.31337431
v -0.17645144 -0.68399131 -0.28697553
v -0.17198673 -0.67687494 -0.29590809
v -0.18497816 -0.70354402 -0.26803380
v -0.18947060 -0.71284366 -0.25887305
v -0.19275504 -0.72588778 -0.23625056
v -0.19220275 -0.72069633 -0.24806415
v -0.18732962 -0.71048987 -0.20594060
v -0.19033785 -0.71667010 -0.21362559
v -0.17181495 -0.65426314 -0.19468889
v -0.16533116 -0.66305679 -0.18347569
v -0.16201910 -0.64641690 -0.17733616
v -0.16861287 -0.63594162 -0.18622595
v -0.14645745 -0.66315484 -0.16198695
v -0.15352362 -0.65570629 -0.17017925
v -0.16548374 -0.61347616 -0.16856746
v -0.15852654 -0.62531036 -0.16008817
v -0.15872779 -0.61871350 -0.15046066
v -0.16345534 -0.60783923 -0.15956187
v -0.14931610 -0.62789452 -0.14302936
v -0.14960250 -0.63445598 -0.15244550
v -0.14013471 -0.64202398 -0.14577678
v -0.13917574 -0.63498741 -0.13644372
v -0.13074099 -0.55894911 -0.19879529
v -0.14057152 -0.56398833 -0.19388995
v -0.14258039 -0.55928409 -0.18504421
v -0.13221915 -0.55473632 -0.18983524
v -0.16443956 -0.60361296 -0.14886041
v -0.16036101 -0.61676806 -0.13988104
v -0.17049396 -0.67939025 -0.18550356
v -0.17643502 -0.67404777 -0.19586672
v -0.15115598 -0.62616074 -0.13098183
v -0.15929709 -0.63463557 -0.16804285
v -0.15018052 -0.64344215 -0.16208747
v -0.13838315 -0.66760427 -0.15535161
v -0.14112863 -0.68288332 -0.15535629
v -0.13249795 -0.63343936 -0.30909222
v -0.13451524 -0.64865434 -0.31013930
v -0.13041402 -0.65028107 -0.31030864
v -0.13140802 -0.65312719 -0.31083158
v -0.13509110 -0.65211493 -0.31118357
v -0.12445159 -0.68205798 -0.33626631
v -0.13724980 -0.68408334 -0.33435741
v -0.13485385 -0.67057729 -0.33009303
v -0.12186012 -0.66668957 -0.32933688
v -0.16342582 -0.62427998 -0.29378331
v -0.15774259 -0.61378098 -0.29296213
v -0.15118590 -0.61881113 -0.30051678
v -0.15395790 -0.62767625 -0.30221894
v -0.15839359 -0.65960598 -0.30447537
v -0.15776481 -0.66012353 -0.30719349
v -0.16013026 -0.66138101 -0.30507359
v -0.15471669 -0.60314298 -0.28576297
v -0.16169298 -0.60861337 -0.28324175
v -0.18135864 -0.64960039 -0.26179069
v -0.16936754 -0.66679358 -0.29563874
v -0.13475157 -0.77757347 -0.30380362
v -0.13397215 -0.75211906 -0.32615837
v -0.13576281 -0.79426658 -0.27259317
v -0.13618255 -0.79956859 -0.24026546
v -0.15357625 -0.77619582 -0.18730463
v -0.13740613 -0.78540111 -0.18509731
v -0.13557582 -0.76832831 -0.16623767
v -0.15315075 -0.75913811 -0.17020631
v -0.14617489 -0.70133400 -0.15063749
v -0.13006087 -0.64724541 -0.14288548
v -0.12831523 -0.63971126 -0.13301420
v -0.13154912 -0.72533911 -0.33713713
v -0.12788726 -0.70178533 -0.34055394
v -0.18071832 -0.69246244 -0.27682316
v -0.17407694 -0.64201903 -0.28590438
v -0.17050616 -0.63278854 -0.28821790
v -0.16593039 -0.64093459 -0.29674214
v -0.16867761 -0.64708537 -0.29423207
v -0.17749332 -0.63805676 -0.27275205
v -0.17934737 -0.63590419 -0.25694287
v -0.18014058 -0.63586718 -0.23994571
v -0.17799793 -0.62996519 -0.22826165
v -0.18198580 -0.75881875 -0.21479034
v -0.18995491 -0.74054009 -0.22251812
v -0.15633483 -0.78799498 -0.20907028
v -0.17222568 -0.77458858 -0.21241200
v -0.19145042 -0.72819602 -0.22374752
v -0.13756810 -0.79860401 -0.21003219
v -0.12215617 -0.60604620 -0.30516118
v -0.12065510 -0.60970587 -0.30644315
v -0.12964758 -0.60770237 -0.30141985
v -0.12077199 -0.58563089 -0.29480535
v -0.12347160 -0.58186299 -0.28997284
v -0.11752312 -0.58137298 -0.29070154
v -0.11624000 -0.58473837 -0.29561463
v -0.12627690 -0.56236070 -0.24673876
v -0.13601078 -0.56733596 -0.24520877
v -0.12941900 -0.56165767 -0.20889845
v -0.13935986 -0.56769651 -0.20393264
v -0.12056127 -0.61518276 -0.31288844
v -0.12097549 -0.61561811 -0.31073737
v -0.11912915 -0.61563325 -0.31140405
v -0.11911489 -0.61542869 -0.31330094
v -0.13412388 -0.59664714 -0.29135412
v -0.11739827 -0.59794992 -0.30467629
v -0.11774463 -0.59493256 -0.30198014
v -0.11470254 -0.59441233 -0.30233717
v -0.11452250 -0.59716272 -0.30503118
v -0.15293284 -0.58387601 -0.22499833
v -0.15059192 -0.58164406 -0.20950545
v -0.16539386 -0.59451735 -0.16899469
v -0.16701910 -0.60038459 -0.17917496
v -0.16703194 -0.62220025 -0.17738971
v -0.14200725 -0.65141898 -0.15608981
v -0.13269368 -0.65709364 -0.15208584
v -0.12149942 -0.65975630 -0.14880949
v -0.12620366 -0.67118394 -0.15031934
v -0.13805160 -0.57021022 -0.22805904
v -0.13865982 -0.57019198 -0.21509609
v -0.12848708 -0.56364691 -0.21886104
v -0.12705643 -0.56398141 -0.23080701
v -0.11487883 -0.61231530 -0.31315389
v -0.11575213 -0.61224008 -0.31092870
v -0.11389207 -0.60993892 -0.31072396
v -0.11340861 -0.61071253 -0.31390378
v -0.12184837 -0.61444783 -0.30892354
v -0.11977027 -0.61201036 -0.30763653
v -0.11947041 -0.61377990 -0.30829892
v -0.12256190 -0.61476624 -0.31077901
v -0.12185250 -0.61492801 -0.31345916
v -0.11701921 -0.61380923 -0.31746095
v -0.11645608 -0.61230838 -0.32154068
v -0.11993612 -0.61434460 -0.31614155
v -0.11681551 -0.61405444 -0.31248993
v -0.11697721 -0.61386788 -0.31039739
v -0.11915024 -0.61512458 -0.30928946
v -0.12084983 -0.61514604 -0.30951938
v -0.11742521 -0.61447525 -0.31569481
v -0.11927488 -0.61487436 -0.31460935
v -0.11634056 -0.63272369 -0.32425785
v -0.12047060 -0.55935216 -0.21102720
v -0.11933929 -0.56140137 -0.22055082
v -0.13466106 -0.59614545 -0.28949547
v -0.13464586 -0.66546023 -0.32306939
v -0.16046619 -0.63698745 -0.30072248
v -0.13998851 -0.63524890 -0.30781895
v -0.13962120 -0.64138812 -0.30828524
v -0.14613672 -0.63908899 -0.30643976
v -0.14676704 -0.63146782 -0.30564564
v -0.12600954 -0.66287160 -0.32073098
v -0.12071523 -0.65868300 -0.31697863
v -0.11650246 -0.65796781 -0.32220060
v -0.12059920 -0.65302509 -0.31394905
v -0.12402567 -0.64897871 -0.31148335
v -0.12216195 -0.64467096 -0.31453019
v -0.11701528 -0.64913267 -0.31951755
v -0.15813228 -0.66251802 -0.30912665
v -0.15604724 -0.66051918 -0.31009299
v -0.12758650 -0.64170188 -0.31116542
v -0.12875256 -0.64615524 -0.31029660
v -0.13390750 -0.64367092 -0.30943322
v -0.13350131 -0.63854438 -0.30913031
v -0.15301850 -0.63732469 -0.30411339
v -0.16417821 -0.66366750 -0.30124736
v -0.16169073 -0.65239722 -0.29912260
v -0.17715505 -0.66214752 -0.20467938
v -0.18083003 -0.67485875 -0.20403552
v -0.17931245 -0.64717841 -0.21758452
v -0.17842886 -0.65027553 -0.21453151
v -0.17439529 -0.64365113 -0.21272396
v -0.17599979 -0.64147294 -0.21783201
v -0.19098389 -0.69995391 -0.22404109
v -0.19050759 -0.69768608 -0.22771725
v -0.19120893 -0.70320678 -0.23078945
v -0.19080096 -0.70649052 -0.22383484
v -0.19072738 -0.69680089 -0.23476398
v -0.18983361 -0.69365740 -0.23344365
v -0.18982080 -0.69170046 -0.23601374
v -0.19064651 -0.69856191 -0.23765285
v -0.18883874 -0.69266933 -0.24322355
v -0.18906491 -0.70155597 -0.25077766
v -0.19168347 -0.70810544 -0.24265692
v -0.18334803 -0.67959964 -0.26300174
v -0.18513745 -0.69273788 -0.25709209
v -0.18577489 -0.68534303 -0.24620907
v -0.18335932 -0.67588836 -0.24647531
v -0.18112138 -0.64535671 -0.22970532
v -0.17956209 -0.64091402 -0.22286803
v -0.17485814 -0.65094328 -0.20798182
v -0.16475029 -0.73165393 -0.16877887
v -0.17628777 -0.72056520 -0.17920798
v -0.18182148 -0.70908177 -0.19012901
v -0.18401898 -0.70038784 -0.19988278
v -0.15451193 -0.74262142 -0.15980740
v -0.13905072 -0.74579501 -0.15531608
v -0.18361153 -0.66453695 -0.25543755
v -0.18424448 -0.66459370 -0.24194846
v -0.17225130 -0.70375723 -0.17407569
v -0.16231292 -0.71336168 -0.16265029
v -0.17710158 -0.69459879 -0.18620291
v -0.18033886 -0.68846208 -0.19643760
v -0.14948349 -0.72512245 -0.15345901
v -0.13499878 -0.72626138 -0.14540583
v -0.13092209 -0.70443881 -0.14394373
v -0.18580343 -0.65254360 -0.22224447
v -0.18567652 -0.64763355 -0.22003977
v -0.18285838 -0.64542794 -0.22058515
v -0.18413773 -0.64876890 -0.22482312
v -0.18309259 -0.65427452 -0.23586865
v -0.18225285 -0.65066528 -0.24684240
v -0.11637446 -0.64022350 -0.32224539
v -0.11717978 -0.56287205 -0.28008252
v -0.11516605 -0.57482535 -0.28697747
v -0.11693665 -0.60496312 -0.30676681
v -0.11747800 -0.60126305 -0.30600029
v -0.11438395 -0.60046756 -0.30621210
v -0.11407794 -0.60394049 -0.30716380
v -0.12923883 -0.66132158 -0.31600070
v -0.12889394 -0.68570638 -0.15019347
v -0.11842864 -0.65013880 -0.14245775
v -0.11666707 -0.64217108 -0.13238573
v -0.13943094 -0.63211459 -0.12485947
v -0.12733735 -0.63612914 -0.12251395
v -0.11366707 -0.60729969 -0.30859137
v -0.11627053 -0.60827166 -0.30807343
v -0.11704928 -0.61450261 -0.31449574
v -0.12229185 -0.59544432 -0.30038285
v -0.11712614 -0.61273777 -0.30954522
v -0.11638828 -0.61071241 -0.30904096
v -0.11195274 -0.60919708 -0.31108922
v -0.11220635 -0.60683614 -0.30868745
v -0.13950923 -0.64698511 -0.30936930
v -0.13952750 -0.65109444 -0.31092817
v -0.11534216 -0.61282921 -0.31582969
v -0.11405823 -0.61103326 -0.31750914
v -0.15365365 -0.56657267 -0.17777252
v -0.16177320 -0.57764888 -0.16860202
v -0.11259869 -0.59428823 -0.30238193
v -0.11256730 -0.59689510 -0.30505258
v -0.18522853 -0.67329180 -0.23633678
v -0.18625793 -0.68089366 -0.23814686
v -0.18840128 -0.67896926 -0.23145834
v -0.18736023 -0.67263025 -0.22994754
v -0.12194871 -0.55635613 -0.20182824
v -0.16436797 -0.59058893 -0.15823954
v -0.11436775 -0.63894331 -0.12207174
v -0.15717581 -0.65613508 -0.30376181
v -0.15831146 -0.65820920 -0.30326819
v -0.13184167 -0.65978086 -0.31399325
v -0.12420305 -0.59017056 -0.29562593
v -0.12237576 -0.59348351 -0.29655644
v -0.11827838 -0.56172311 -0.23214062
v -0.11178482 -0.60992324 -0.31436905
v -0.18886876 -0.68931901 -0.22795479
v -0.18846789 -0.68626523 -0.22678263
v -0.19141355 -0.68466008 -0.22817710
v -0.19145499 -0.68706429 -0.23020749
v -0.19247890 -0.68804109 -0.23600191
v -0.19362763 -0.69159198 -0.23629443
v -0.19519377 -0.68926680 -0.23338355
v -0.19375542 -0.68666828 -0.23243174
v -0.18864328 -0.68738204 -0.23787674
v -0.19007441 -0.68447703 -0.23417021
v -0.19575649 -0.69399154 -0.23526958
v -0.19572723 -0.69199777 -0.23306718
v -0.19055578 -0.69538963 -0.23148847
v -0.19294290 -0.69549030 -0.23425955
v -0.19396397 -0.69938326 -0.23115379
v -0.19791621 -0.69691557 -0.23244591
v -0.19613686 -0.70216376 -0.22570612
v -0.20025328 -0.69849718 -0.22731468
v -0.19659388 -0.70090121 -0.21943322
v -0.20111716 -0.69820070 -0.22115093
v -0.18541822 -0.65601516 -0.22831824
v -0.18414544 -0.66074723 -0.22340521
v -0.19633713 -0.69678354 -0.21473549
v -0.20154819 -0.69509310 -0.21601412
v -0.19549853 -0.69114268 -0.20969999
v -0.20057768 -0.68982959 -0.21161690
v -0.19434753 -0.68373930 -0.20652837
v -0.19859853 -0.68337679 -0.20833486
v -0.19291386 -0.67592680 -0.20533685
v -0.19683200 -0.67609119 -0.20741901
v -0.19082201 -0.66534519 -0.20484200
v -0.19499484 -0.66791260 -0.20820953
v -0.19734448 -0.69630092 -0.22099067
v -0.19667649 -0.69693738 -0.22591200
v -0.18969181 -0.69786870 -0.22084591
v -0.19619898 -0.69513357 -0.23057005
v -0.18746516 -0.68460953 -0.21814615
v -0.18701026 -0.68132013 -0.21819188
v -0.18961173 -0.68050170 -0.22129562
v -0.18743321 -0.68339741 -0.22080639
v -0.18871272 -0.67313534 -0.22605938
v -0.18854967 -0.66817343 -0.22357406
v -0.18754977 -0.66605413 -0.22692271
v -0.18633586 -0.66496813 -0.22151881
v -0.18566328 -0.66965067 -0.22233500
v -0.18582213 -0.66687441 -0.22081742
v -0.18443589 -0.67348707 -0.22388464
v -0.18592849 -0.66611528 -0.21926698
v -0.18647730 -0.66424131 -0.21983199
v -0.18497008 -0.66721630 -0.21901083
v -0.18476981 -0.66769981 -0.21996905
v -0.18353775 -0.66952634 -0.22004502
v -0.18316570 -0.67310774 -0.21951625
v -0.18588762 -0.66443598 -0.23298788
v -0.18151721 -0.66649598 -0.20996539
v -0.18485418 -0.67535484 -0.21023677
v -0.19262153 -0.66058880 -0.21131000
v -0.18892127 -0.65602773 -0.20846894
v -0.18653341 -0.64676261 -0.21728563
v -0.18795443 -0.64923161 -0.21297735
v -0.18855393 -0.69420278 -0.21760775
v -0.18829472 -0.68930387 -0.21331155
v -0.17904758 -0.65756238 -0.21290666
v -0.18702206 -0.68321884 -0.21098128
v -0.19331399 -0.67043900 -0.21096563
v -0.19128902 -0.66530013 -0.21332902
v -0.19536458 -0.67640603 -0.21034725
v -0.18691537 -0.66053450 -0.22066215
v -0.18981087 -0.66188300 -0.21726665
v -0.19056126 -0.65656608 -0.21630651
v -0.18831387 -0.65393519 -0.21980721
v -0.18997751 -0.66806978 -0.21588822
v -0.19264628 -0.67189437 -0.21463726
v -0.18688539 -0.67027754 -0.21544813
v -0.18943305 -0.67393553 -0.21458668
v -0.18623391 -0.66739392 -0.21745685
v -0.18790492 -0.66537142 -0.21783940
v -0.18351650 -0.67185926 -0.21532282
v -0.18597160 -0.67690206 -0.21444423
v -0.18418081 -0.66858107 -0.21771568
v -0.19218671 -0.67712772 -0.21547407
v -0.18949953 -0.67981583 -0.21579608
v -0.19259444 -0.68175191 -0.21949029
v -0.19439590 -0.68038571 -0.21737477
v -0.19473119 -0.67621875 -0.21394685
v -0.19640243 -0.68070036 -0.21457827
v -0.19603381 -0.68262267 -0.21113446
v -0.19677985 -0.68588459 -0.21626924
v -0.19662252 -0.68867475 -0.21330777
v -0.19552894 -0.68424761 -0.21854261
v -0.19444112 -0.68382204 -0.22090763
v -0.19755484 -0.69362354 -0.21693419
v -0.19675893 -0.69015384 -0.21893692
v -0.19650617 -0.69297504 -0.22218686
v -0.19604832 -0.68739462 -0.22072488
v -0.19570394 -0.68949997 -0.22329196
v -0.19507538 -0.68588686 -0.22180837
v -0.19463974 -0.68675244 -0.22364694
v -0.19319138 -0.69176352 -0.23141479
v -0.19215602 -0.68937612 -0.23153563
v -0.19464268 -0.69312632 -0.22908971
v -0.19333446 -0.69075382 -0.22804263
v -0.19239083 -0.69073403 -0.22958067
v -0.19106716 -0.68955612 -0.22924289
v -0.19246900 -0.68834126 -0.22745553
v -0.19059217 -0.68747008 -0.22521088
v -0.13463408 -0.54262429 -0.17428677
v -0.12429645 -0.54152423 -0.17688374
v -0.12403798 -0.54754025 -0.18442307
v -0.13370730 -0.54946095 -0.18170822
v -0.19456077 -0.69039994 -0.22581345
v -0.19377169 -0.68734181 -0.22579516
v -0.19552979 -0.69385588 -0.22576006
v -0.19175839 -0.68513834 -0.22169037
v -0.19263119 -0.68585849 -0.22401285
v -0.19381191 -0.68470395 -0.22277471
v -0.19280580 -0.68387294 -0.22147706
v -0.18766005 -0.67684102 -0.22689649
v -0.18524083 -0.67723668 -0.22317770
v -0.18495256 -0.67646861 -0.21874003
v -0.16307430 -0.54038626 -0.14289871
v -0.15825412 -0.54971486 -0.14900462
v -0.17086011 -0.56091934 -0.13795023
v -0.17827901 -0.55278957 -0.13168840
v -0.17608756 -0.50990701 -0.13870941
v -0.19798045 -0.52191323 -0.12190463
v -0.19396648 -0.49219888 -0.12742616
v -0.17698082 -0.48753256 -0.13653520
v -0.19318885 -0.46774960 -0.13039452
v -0.17795989 -0.46542302 -0.13625950
v -0.19540080 -0.40657872 -0.13518831
v -0.18228969 -0.40541863 -0.14311746
v -0.18067099 -0.42449987 -0.14084682
v -0.19396290 -0.42600030 -0.13386200
v -0.21165755 -0.32423711 -0.10780084
v -0.20033592 -0.31266961 -0.09876254
v -0.19124836 -0.31371844 -0.11201099
v -0.20303518 -0.32413542 -0.11832749
v -0.22857726 -0.43767393 -0.08664768
v -0.22994505 -0.45462245 -0.08878161
v -0.23175740 -0.44772780 -0.07902551
v -0.23058060 -0.43224847 -0.07640547
v -0.21730483 -0.57362509 -0.09706370
v -0.21093529 -0.54936349 -0.10901166
v -0.19865096 -0.56031179 -0.11426628
v -0.20575067 -0.58102399 -0.10342738
v -0.23903339 -0.36332005 -0.05571034
v -0.23477747 -0.34819376 -0.05607729
v -0.23588146 -0.35130045 -0.07093662
v -0.23845416 -0.36572817 -0.07201930
v -0.17663550 -0.31511107 -0.02265118
v -0.17400509 -0.30369726 -0.01462680
v -0.16667897 -0.29354572 -0.03522623
v -0.16912597 -0.30572629 -0.04215152
v -0.19176656 -0.37022567 0.03870485
v -0.18284117 -0.38885015 0.06229144
v -0.17668617 -0.37987679 0.06939563
v -0.18591931 -0.36159322 0.04711527
v -0.21549509 -0.40837699 -0.11565467
v -0.20630105 -0.40772051 -0.12549014
v -0.20509012 -0.42642277 -0.12453556
v -0.21392617 -0.42649037 -0.11459175
v -0.22709538 -0.35050195 0.01143531
v -0.20949486 -0.35126320 0.01021890
v -0.21413532 -0.36840665 -0.00282928
v -0.23169024 -0.36861470 -0.00082347
v -0.17448214 -0.29578629 0.07514022
v -0.16415104 -0.31303996 0.09583255
v -0.16104996 -0.29662049 0.09953352
v -0.17090145 -0.28069913 0.07933241
v -0.26975462 -0.46791238 -0.05622413
v -0.26925316 -0.48159134 -0.06436615
v -0.28162298 -0.49996346 -0.05276936
v -0.28273299 -0.48456961 -0.04472549
v -0.23407938 -0.40569982 -0.07374270
v -0.23056605 -0.40774545 -0.08514206
v -0.22854912 -0.42216298 -0.08595915
v -0.23161885 -0.41841936 -0.07470456
v -0.20095879 -0.41014037 0.05629577
v -0.20956784 -0.39387143 0.03596243
v -0.21436448 -0.40816909 0.03330602
v -0.20701237 -0.42400685 0.05214439
v -0.20208977 -0.38056222 0.03825366
v -0.19223326 -0.39789209 0.06020301
v -0.22729918 -0.40890202 -0.09509408
v -0.22238353 -0.40876472 -0.10542170
v -0.22088325 -0.42598733 -0.10443129
v -0.22534890 -0.42530549 -0.09528620
v -0.18613055 -0.30834818 -0.08632848
v -0.17596892 -0.30951679 -0.10353474
v -0.17365542 -0.26531455 0.05665887
v -0.17235009 -0.25148666 0.03467720
v -0.17598677 -0.26480335 0.03038207
v -0.17805201 -0.27919388 0.05277270
v -0.16260719 -0.31093612 -0.06600027
v -0.17250693 -0.31088370 -0.07545264
v -0.18215562 -0.31350815 -0.05958918
v -0.17174351 -0.31526440 -0.04917223
v -0.16719025 -0.23943159 0.01222052
v -0.15761445 -0.22772303 -0.01173210
v -0.15946043 -0.24173188 -0.01523967
v -0.16943085 -0.25266859 0.00769363
v -0.19296494 -0.44615895 -0.13207224
v -0.17937939 -0.44451460 -0.13882262
v -0.22566342 -0.33090618 -0.08584830
v -0.21661340 -0.31961468 -0.07478453
v -0.20911966 -0.31474024 -0.08625033
v -0.21963941 -0.32665479 -0.09654708
v -0.23093775 -0.42434385 -0.04311280
v -0.23145030 -0.42704147 -0.06230728
v -0.23188432 -0.44128978 -0.06478691
v -0.22848716 -0.43470162 -0.04365512
v -0.15724120 -0.28138986 0.10530017
v -0.16628337 -0.26729828 0.08519641
v -0.16447634 -0.22701341 0.01695307
v -0.15555622 -0.21583495 -0.00780323
v -0.20828255 -0.47579908 0.02228180
v -0.21023083 -0.47459844 0.02152315
v -0.21454351 -0.46441540 0.00677720
v -0.21232167 -0.46835464 0.00737692
v -0.16759960 -0.32929909 -0.13868313
v -0.18423614 -0.33405802 -0.13687804
v -0.18550086 -0.32038477 -0.12540907
v -0.16871938 -0.31556922 -0.12209152
v -0.20440489 -0.31495470 -0.05987342
v -0.19244580 -0.31758040 -0.04524103
v -0.19560406 -0.31023407 -0.07186216
v -0.14929011 -0.32684687 -0.13795032
v -0.14795496 -0.31441531 -0.11518088
v -0.16441348 -0.44190523 -0.14494731
v -0.16612497 -0.42237857 -0.14698844
v -0.16226771 -0.46200424 -0.14364670
v -0.14723310 -0.45802444 -0.15037468
v -0.14421365 -0.47898534 -0.15214115
v -0.15973592 -0.48310423 -0.14495818
v -0.14118683 -0.49874187 -0.15599439
v -0.15698592 -0.50316513 -0.14921370
v -0.14858934 -0.53186476 -0.15441360
v -0.14581552 -0.54129785 -0.15976337
v -0.23381889 -0.41454315 -0.06040470
v -0.23661852 -0.40320423 -0.05852917
v -0.16907820 -0.23926094 0.04047726
v -0.18093249 -0.59167504 0.00955055
v -0.17013425 -0.58477801 0.02231057
v -0.18745540 -0.57829553 0.02344162
v -0.19807725 -0.58377689 0.01075472
v -0.22872259 -0.56821495 -0.09230660
v -0.22466260 -0.54339397 -0.10441671
v -0.20131241 -0.51747620 0.05392228
v -0.19502617 -0.52187282 0.05663292
v -0.19516475 -0.51275796 0.05691000
v -0.19940072 -0.51112807 0.05406831
v -0.20167542 -0.48863983 0.04213604
v -0.19582279 -0.48038277 0.04661370
v -0.19824064 -0.48398310 0.05168684
v -0.20225295 -0.49327320 0.04587784
v -0.14577547 -0.31148177 0.11511107
v -0.14824720 -0.32931483 0.11277525
v -0.14144485 -0.44835907 0.09578376
v -0.15632790 -0.42699409 0.08972903
v -0.16890413 -0.43751308 0.08637993
v -0.15683198 -0.45906505 0.09196204
v -0.07263406 -0.58526772 -0.01737552
v -0.06759448 -0.57530046 -0.00583163
v -0.08735024 -0.58056343 0.00252154
v -0.09352347 -0.59007233 -0.00919731
v -0.14768031 -0.60599160 -0.00755190
v -0.15530905 -0.61187017 -0.02158841
v -0.12913978 -0.60966617 -0.02472423
v -0.12316820 -0.60305679 -0.01314080
v -0.16099565 -0.59728819 0.00777417
v -0.15149607 -0.58872360 0.02045057
v -0.19775288 -0.44099408 0.06436728
v -0.19082098 -0.42876449 0.07087956
v -0.20529754 -0.45999625 0.05365376
v -0.21142656 -0.44637489 0.04164777
v -0.21265703 -0.45437413 0.03669101
v -0.20758066 -0.46649122 0.04858597
v -0.19599740 -0.58777815 -0.10950815
v -0.19131795 -0.60519469 -0.09583168
v -0.20364396 -0.59837663 -0.08829610
v -0.13910703 -0.62547755 -0.06777533
v -0.13757206 -0.62372839 -0.06144259
v -0.15525837 -0.62269282 -0.06179949
v -0.15217754 -0.62453705 -0.06969726
v -0.06758955 -0.53035814 0.05539816
v -0.04846542 -0.53060877 0.04781641
v -0.04257367 -0.51208824 0.05745360
v -0.06215276 -0.51009107 0.06646698
v -0.20321983 -0.48235393 0.05016202
v -0.20262301 -0.48661777 0.04573715
v -0.19999181 -0.49595210 0.05005854
v -0.19926886 -0.49301013 0.05416048
v -0.19705464 -0.48962021 0.05907814
v -0.19331346 -0.48575783 0.06490538
v -0.19907899 -0.47274500 0.06086932
v -0.20197493 -0.47792622 0.05520216
v -0.17002428 -0.46781835 0.08481885
v -0.18065292 -0.44825882 0.08019658
v -0.18831618 -0.45815945 0.07222922
v -0.17942360 -0.47573858 0.07652637
v -0.02511733 -0.44713628 0.07565911
v -0.04101481 -0.44575697 0.08516344
v -0.04620437 -0.46641088 0.08061919
v -0.02911583 -0.46839002 0.07288880
v -0.21601392 -0.44656307 -0.02028269
v -0.21918403 -0.43766811 -0.03575105
v -0.21317296 -0.43146521 -0.02936400
v -0.20677476 -0.43996108 -0.01100602
v -0.21297438 -0.48419112 0.06277743
v -0.21478397 -0.47587782 0.06706519
v -0.22116750 -0.47718859 0.06717054
v -0.21971244 -0.48636875 0.06279555
v -0.18867183 -0.43528044 0.01512123
v -0.19677950 -0.42961252 -0.00224859
v -0.18699202 -0.41610825 0.00707616
v -0.17884964 -0.42330074 0.02564566
v -0.23447727 -0.58424234 -0.06661347
v -0.23892356 -0.56357598 -0.08611549
v -0.22530237 -0.58776939 -0.07387309
v -0.18931949 -0.45913205 0.03434823
v -0.18160123 -0.44950181 0.04330827
v -0.18323770 -0.45547944 0.05398140
v -0.18847898 -0.46618840 0.04531027
v -0.24359980 -0.35435042 0.01914056
v -0.24813180 -0.37295848 0.00744727
v -0.17067589 -0.41562605 0.05170441
v -0.17463708 -0.42025810 0.06485778
v -0.17576455 -0.43554464 0.05399732
v -0.17478026 -0.42981249 0.04114133
v -0.12770757 -0.43572411 0.09898968
v -0.14500238 -0.41692445 0.09394787
v -0.10826031 -0.33646521 0.13259272
v -0.12795304 -0.32521215 0.12565443
v -0.12853649 -0.34434128 0.12298250
v -0.10814889 -0.35646576 0.12874256
v -0.14211072 -0.29480922 0.12032470
v -0.10609103 -0.31742632 0.13665150
v -0.12503560 -0.30702394 0.13038349
v -0.17127295 -0.61334950 -0.11590962
v -0.15927744 -0.62397671 -0.10696965
v -0.16530141 -0.62185502 -0.09608178
v -0.18015744 -0.60990262 -0.10506457
v -0.14946000 -0.18873008 0.16786385
v -0.14361884 -0.16084629 0.17380250
v -0.16019122 -0.15369746 0.14603716
v -0.16502176 -0.17941698 0.14184949
v -0.12570892 -0.63169158 -0.08729587
v -0.14633434 -0.62839317 -0.09031615
v -0.14299789 -0.62994301 -0.10152974
v -0.12516689 -0.63376522 -0.09956347
v -0.16823061 -0.20195441 0.13795459
v -0.15468024 -0.21411560 0.16317230
v -0.17582318 -0.59734261 -0.12757383
v -0.18618818 -0.59335971 -0.11797184
v -0.18070756 -0.57674593 -0.12874058
v -0.17234620 -0.58125019 -0.13744174
v -0.16468894 -0.56764936 -0.14749752
v -0.16950239 -0.14621897 0.11732112
v -0.17119208 -0.16818200 0.11414210
v -0.15347801 -0.62591720 -0.11945500
v -0.13972220 -0.63176572 -0.11331391
v -0.12556852 -0.63476616 -0.11070500
v -0.11170240 -0.63684654 -0.11187027
v -0.14373724 -0.27943599 0.13108358
v -0.15835223 -0.26689115 0.11443786
v -0.04731721 -0.07135284 0.21024957
v -0.01442581 -0.07282948 0.20883936
v -0.01813647 -0.05165294 0.19545406
v -0.05602104 -0.05042058 0.20114578
v 0.05795102 -0.09235272 0.18212830
v 0.05604315 -0.07265040 0.16464336
v 0.02012175 -0.05894282 0.18359256
v 0.01964781 -0.07960179 0.19932216
v 0.03399476 -0.22889847 0.19371247
v 0.00470634 -0.22367221 0.20791659
v -0.00372449 -0.24512838 0.19814013
v 0.02530815 -0.25045559 0.18480080
v -0.10629514 -0.30125001 0.15008456
v -0.12626030 -0.29155892 0.14283951
v -0.16797239 -0.25355381 0.09252671
v -0.17806172 -0.03466198 0.10294924
v -0.16278568 -0.03577936 0.14352250
v -0.15799618 -0.00674468 0.14259356
v -0.17451125 -0.00457925 0.10462882
v -0.09574465 -0.00397953 0.18556468
v -0.09705430 -0.02959713 0.19192889
v -0.05696814 -0.02679557 0.19261932
v -0.05654885 -0.00386113 0.18488373
v -0.14351702 -0.20641941 -0.03129493
v -0.15484861 -0.20370546 -0.00494357
v -0.14338844 -0.19393682 -0.02882417
v -0.09626123 -0.19278441 -0.08388384
v -0.11497445 -0.19521813 -0.06777343
v -0.11340387 -0.18187566 -0.06901190
v -0.09422603 -0.17985769 -0.08558719
v -0.06691907 -0.10822722 -0.05580101
v -0.05273318 -0.11118183 -0.06611465
v -0.06341501 -0.12426603 -0.07471845
v -0.08078406 -0.12260009 -0.06276421
v -0.17145595 -0.15785722 0.08519283
v -0.16616476 -0.14858592 0.05419664
v -0.16873701 -0.16487928 0.05596225
v -0.17354298 -0.17586583 0.08534902
v 0.05046198 -0.05829701 0.14373909
v 0.01907075 -0.04359064 0.16222900
v -0.18121181 -0.00342751 0.06126372
v -0.18114221 -0.03463814 0.06021437
v -0.17005874 -0.00286862 0.02023742
v -0.14219972 -0.00207099 -0.00886724
v -0.14239231 -0.03119630 -0.00792134
v -0.16918290 -0.03279218 0.02095781
v -0.01115766 -0.05326876 -0.00392421
v -0.03901328 -0.06772038 -0.02323926
v -0.04205573 -0.06001899 -0.01737520
v -0.01234171 -0.04974225 -0.00041421
v 0.05700620 -0.13686484 0.19978142
v 0.05845869 -0.11555544 0.19304156
v 0.02451525 -0.10273439 0.20826697
v 0.02507669 -0.12676558 0.21443710
v -0.08620421 -0.32507128 0.13921005
v -0.08510687 -0.30801466 0.15326342
v -0.06699233 -0.33095968 0.13823624
v -0.08825067 -0.34612545 0.13491316
v -0.06830005 -0.35350582 0.13287251
v -0.09194438 -0.46890014 0.09507613
v -0.10968050 -0.45286062 0.09995805
v -0.12324069 -0.46727076 0.09678291
v -0.10592210 -0.48555550 0.09141405
v -0.10879356 -0.58551097 0.01103009
v -0.11637624 -0.59493428 -0.00112107
v -0.01390818 -0.01041067 0.17185716
v 0.02232603 -0.02425915 0.14167222
v 0.00686438 0.01214713 0.14595155
v -0.02515174 0.01683637 0.16804053
v -0.09380534 0.02152172 0.17869964
v -0.12603649 0.02180648 0.16646984
v -0.12996572 -0.00706849 0.17161423
v -0.15466762 0.02269518 0.13894859
v -0.17302430 0.02482006 0.10091683
v -0.16842180 0.02674061 0.01728627
v -0.13947877 0.02781743 -0.00962889
v -0.03538831 0.00294694 -0.01166576
v -0.06755765 0.00334316 -0.02330098
v -0.06593372 0.02780020 -0.01878166
v -0.03403401 0.02600870 -0.00469860
v -0.10325734 -0.10219413 -0.02585318
v -0.13405946 -0.12127230 0.00130565
v -0.13402934 -0.10830146 0.00022505
v -0.10587241 -0.09269729 -0.01783162
v -0.10178130 -0.20433374 -0.08375487
v -0.11700185 -0.20686126 -0.07109515
v -0.12954283 -0.19956312 -0.05170073
v -0.13125023 -0.21080139 -0.05542360
v -0.14511459 -0.21765848 -0.03509655
v -0.12772319 -0.25933814 -0.09256366
v -0.14404148 -0.26347265 -0.07338817
v -0.14073910 -0.24867603 -0.07035372
v -0.12373251 -0.24496317 -0.08917594
v -0.13150127 -0.27580091 -0.09506649
v -0.14730063 -0.27961776 -0.07644317
v -0.13684084 -0.31001511 -0.10024943
v -0.16085176 -0.31035733 -0.09345383
v -0.15139051 -0.30875391 -0.08332822
v -0.14924702 -0.43810806 -0.15065238
v -0.15072472 -0.41924527 -0.15249079
v -0.17352118 -0.13763054 0.08523841
v 0.03317357 -0.01904997 0.10587074
v 0.02572884 -0.01092899 0.07460197
v 0.02387863 0.01563704 0.08160117
v 0.02459501 0.01286253 0.11446564
v -0.17381881 -0.18819985 0.11237207
v -0.16967309 -0.25299147 0.06227147
v -0.17136833 -0.23960485 0.06891815
v -0.19886866 -0.35053211 0.00726179
v -0.18836620 -0.34448028 0.02148307
v -0.19748318 -0.33826807 -0.13245113
v -0.19636360 -0.32699043 -0.12606914
v -0.13392787 -0.03504902 0.17542517
v -0.16533944 0.05685577 0.01624824
v -0.16155457 0.08687845 0.01557190
v -0.13313557 0.08842745 -0.00743559
v -0.13623387 0.05796325 -0.00955119
v -0.01059745 0.05150402 0.02685332
v -0.03420838 0.05294085 0.00277172
v -0.03483213 0.08136746 0.01011629
v -0.01393884 0.07996520 0.03506794
v -0.01793159 0.10923901 0.04083465
v -0.03753853 0.11131120 0.01571640
v -0.03615104 0.14007694 0.02302793
v -0.01993046 0.13674065 0.04652391
v -0.17927785 0.02700818 0.05843902
v -0.16917609 0.08271614 0.09069496
v -0.17450137 0.08520025 0.05142436
v -0.17709696 0.05678177 0.05513636
v -0.17158648 0.05395573 0.09539829
v -0.06041776 0.02122912 0.17837422
v -0.00885047 0.02428058 0.01828575
v -0.00968053 0.00169992 0.00983284
v 0.00480162 0.07831270 0.09011529
v 0.00047169 0.07679021 0.11905937
v 0.01171972 0.04586765 0.11787743
v 0.01519008 0.04742604 0.08628916
v -0.10226342 0.07462788 0.16474304
v -0.13027430 0.07554126 0.14979345
v -0.12852760 0.04880199 0.15732105
v -0.09802121 0.04824063 0.17103010
v -0.15468352 0.05089599 0.13096868
v -0.15347570 0.07880196 0.12476061
v -0.16642959 0.13833225 0.08102114
v -0.16699447 0.14263046 0.04647830
v -0.17110331 0.11362350 0.04840305
v -0.16755238 0.11090192 0.08554260
v -0.15394023 0.13295889 0.11310491
v -0.15360020 0.10637179 0.11868021
v -0.13184187 0.10256895 0.14411992
v -0.13399728 0.12825722 0.13801415
v -0.10943965 0.12550637 0.15302315
v -0.10564594 0.10037535 0.15949705
v -0.07725136 0.10030162 0.16483498
v -0.08299168 0.12473404 0.15917879
v -0.04900721 0.10096237 0.15901078
v -0.02519610 0.10204995 0.14378649
v -0.03463687 0.12668401 0.14198296
v -0.05726083 0.12524396 0.15440780
v -0.00909296 0.13175443 0.09884647
v -0.01716188 0.12923890 0.12334400
v -0.00836643 0.10429403 0.12160373
v -0.00306527 0.10637391 0.09421338
v -0.03277595 0.22137812 0.11944833
v -0.04995099 0.21619925 0.13065507
v -0.04058760 0.19556335 0.12889659
v -0.02430849 0.20015302 0.11414025
v -0.06640534 0.21113884 0.14155048
v -0.08584324 0.20789281 0.14886491
v -0.07862835 0.18911487 0.14581145
v -0.05962399 0.19156796 0.13825339
v -0.12081125 0.19185200 0.13912785
v -0.09968360 0.18924814 0.14663903
v -0.10594776 0.20830020 0.14800321
v -0.12549819 0.21174860 0.13951634
v -0.14451072 0.21652821 0.12592301
v -0.14213468 0.19597188 0.12532011
v -0.15513143 0.22536081 0.10417576
v -0.15719599 0.20386699 0.10311549
v -0.15753575 0.21258634 0.07467624
v -0.15167283 0.23510787 0.07701798
v -0.02987192 0.21504059 0.05255695
v -0.03132081 0.23738045 0.06393998
v -0.02199099 0.23046470 0.08283076
v -0.01855805 0.20925704 0.07234446
v -0.07474265 0.22342548 0.02589534
v -0.10266802 0.22474560 0.01718979
v -0.09666686 0.24624398 0.03074780
v -0.07161766 0.24561664 0.04001752
v -0.15451886 0.15793064 0.10821553
v -0.16521595 0.16456646 0.07695818
v -0.11322105 0.14864299 0.14638206
v -0.13623157 0.15233061 0.13222107
v -0.01420803 0.15510496 0.10323833
v -0.02547693 0.15217334 0.12447033
v -0.03465881 0.16713357 0.03159651
v -0.01975797 0.16272721 0.05379244
v -0.13909596 0.20031169 0.01815108
v -0.14361049 0.17314154 0.01768752
v -0.16228497 0.17023948 0.04361382
v -0.15728033 0.19654977 0.04294751
v -0.15652528 0.18149209 0.10424708
v -0.13877097 0.17436388 0.12777792
v -0.11685492 0.17074510 0.14154521
v -0.09462103 0.16894737 0.14870295
v -0.07249925 0.16945273 0.14688726
v -0.05217721 0.17150903 0.13846472
v -0.03293541 0.17410561 0.12664717
v -0.01895535 0.17799997 0.10882529
v -0.01888299 0.18664807 0.06241139
v -0.03199056 0.19221109 0.04190193
v -0.12293748 0.24588540 0.03403349
v -0.13168922 0.22558916 0.02243350
v -0.14977749 0.22024298 0.04648371
v -0.14357039 0.24175668 0.05209108
v -0.11611108 0.26582295 0.04659997
v -0.09325747 0.26685685 0.04437165
v -0.07300033 0.22675839 0.14779946
v -0.09231795 0.22430632 0.15324323
v -0.11119680 0.22520259 0.15253577
v -0.14798051 0.23650548 0.13024411
v -0.15340085 0.24843895 0.10688580
v -0.14753950 0.25942352 0.08033882
v -0.13574129 0.26236877 0.05960232
v -0.03382437 0.26858068 0.10402928
v -0.02999084 0.24898377 0.09161310
v -0.03739076 0.25670049 0.07510607
v -0.04148867 0.27733579 0.08762167
v -0.04218618 0.25318015 0.13822545
v -0.05610994 0.24605373 0.15349108
v -0.05749900 0.23249793 0.13507102
v -0.04294388 0.23815617 0.12277444
v -0.07466511 0.24189487 0.16346893
v -0.09511172 0.24087551 0.16763780
v -0.11541759 0.24193031 0.16598198
v -0.14909482 0.25965998 0.13754015
v -0.13124664 0.22821832 0.14439330
v -0.13534354 0.24852574 0.15593654
v -0.15216270 0.27442518 0.11045577
v -0.13454881 0.31293690 0.09591067
v -0.13607147 0.28625700 0.08412519
v -0.15244654 0.30127209 0.11980559
v -0.09608364 0.39399371 0.13553172
v -0.12168965 0.39100179 0.14333528
v -0.11314989 0.41830379 0.15982139
v -0.09096517 0.42116687 0.15305613
v -0.04027693 0.29908082 0.10162595
v -0.02991520 0.28972360 0.12010598
v -0.03854340 0.27225599 0.15708070
v -0.05419617 0.26428771 0.17269504
v -0.14914283 0.30928254 0.16392949
v -0.15082361 0.28480592 0.14786008
v -0.13808212 0.27187783 0.16912015
v -0.13677606 0.29593116 0.18487908
v -0.02743843 0.37595582 0.15083003
v -0.01917873 0.36759195 0.16876692
v -0.02142490 0.33949339 0.15351433
v -0.03037521 0.34892380 0.13487454
v -0.04850221 0.28800136 0.18968967
v -0.03321531 0.29606849 0.17392276
v -0.02989313 0.32194799 0.18990782
v -0.04465790 0.31490874 0.20534426
v -0.13784635 0.36582786 0.19170395
v -0.14476255 0.33624047 0.17845806
v -0.13352653 0.32340893 0.19928011
v -0.12743741 0.35401851 0.21214409
v -0.13297459 0.33839607 0.11088882
v -0.15040258 0.32562959 0.13557501
v -0.14529701 0.35120621 0.15087546
v -0.12970324 0.36437732 0.12756668
v -0.10433824 0.34180999 0.10045375
v -0.10117483 0.36698484 0.11799729
v -0.02468029 0.42814955 0.20016822
v -0.02064195 0.39704812 0.18456818
v -0.02848307 0.40562856 0.16893105
v -0.03120686 0.43652040 0.18709600
v -0.04335174 0.34469423 0.21893980
v -0.02832841 0.35103738 0.20406434
v -0.02946233 0.38322124 0.21667555
v -0.04393141 0.37766719 0.22990997
v -0.11691648 0.42947182 0.21760358
v -0.12821500 0.39689717 0.20523342
v -0.11809935 0.38668826 0.22430302
v -0.10718272 0.41987464 0.23518586
v -0.10467726 0.44774026 0.17785016
v -0.12875484 0.40921673 0.17982028
v -0.11848782 0.43996057 0.19617108
v -0.09516816 0.47736311 0.19256724
v -0.07848202 0.47920483 0.18673012
v -0.08413043 0.44994125 0.17109844
v -0.03432566 0.46506867 0.20313667
v -0.02686970 0.45878828 0.21401103
v -0.03149410 0.44826964 0.23772791
v -0.04237463 0.44256240 0.24833469
v -0.04436769 0.41047984 0.23859912
v -0.03236980 0.41602719 0.22745511
v -0.07839190 0.41071853 0.25069380
v -0.06062385 0.40873554 0.24719387
v -0.05724183 0.44093457 0.25638577
v -0.07296190 0.44301876 0.25879222
v -0.09602674 0.45111609 0.24332821
v -0.09408709 0.41364047 0.24643385
v -0.08582257 0.44583011 0.25368816
v -0.10645702 0.45935091 0.22781408
v -0.10790383 0.47008869 0.20859367
v 0.03538627 -0.04565257 0.08385634
v 0.01985180 -0.03555074 0.05395026
v 0.02271453 -0.02799940 0.06484964
v 0.03450630 -0.04054993 0.09689759
v -0.06483231 0.08601591 -0.00810828
v -0.06565304 0.05531937 -0.01366535
v -0.06084595 0.14365625 0.00469829
v -0.06517257 0.11592683 -0.00304609
v -0.05756182 0.17103145 0.01358486
v -0.05360776 0.19634527 0.02429840
v -0.04932153 0.22064689 0.03702477
v -0.04925425 0.24414793 0.04973069
v -0.05266732 0.26457995 0.06187201
v -0.05631730 0.28603643 0.07374041
v -0.05354208 0.33216745 0.10177785
v -0.03539952 0.32310018 0.11837929
v -0.05684345 0.30871040 0.08652835
v -0.04570118 0.38587478 0.13510701
v -0.04924996 0.35807034 0.11756697
v -0.04458219 0.41547862 0.15543871
v -0.04463056 0.44496951 0.17532180
v -0.04602588 0.47231528 0.19245529
v -0.10652888 -0.04885057 -0.02119460
v -0.07186934 -0.03847787 -0.02547971
v -0.07384609 -0.05381563 -0.02437500
v -0.10638252 -0.06808347 -0.01869121
v 0.01350331 -0.04569456 0.02531215
v 0.00402390 -0.04759771 0.01194056
v 0.00206573 -0.04601923 0.01627155
v 0.01231578 -0.04525679 0.03045693
v -0.16346139 0.18923607 0.07369680
v -0.08911463 0.14753085 0.15264687
v -0.06525835 0.14829734 0.14957264
v -0.04392192 0.14989805 0.13949043
v -0.07903407 0.20030704 0.01242878
v -0.08482209 0.17394936 0.00326058
v -0.11492800 0.17423379 0.00241018
v -0.10957810 0.20107862 0.00708837
v -0.10595437 0.31978166 0.08611991
v -0.07755309 0.33948389 0.09700245
v -0.07984664 0.31655064 0.08132887
v -0.10869737 0.29899934 0.07285959
v -0.09714745 0.25977045 0.18621382
v -0.11898186 0.26294988 0.18226618
v -0.07034214 0.28305301 0.20006098
v -0.09440669 0.28220707 0.20439482
v -0.07475434 0.26060015 0.18229747
v -0.09649521 0.11889830 -0.01013166
v -0.12828740 0.11789146 -0.00466650
v -0.12180258 0.14633232 -0.00118635
v -0.09097486 0.14627162 -0.00426080
v -0.12696891 -0.36219561 0.11761466
v -0.10654566 -0.37529016 0.12122297
v -0.22209445 -0.33330649 -0.04114282
v -0.21268517 -0.33846739 -0.01858617
v -0.20257698 -0.32604650 -0.03087616
v -0.21355714 -0.32238644 -0.04958928
v -0.22137035 -0.35149395 -0.01350455
v -0.22941852 -0.34571517 -0.03696333
v -0.23538166 -0.36115223 -0.03594920
v -0.22802429 -0.36604762 -0.01308846
v -0.22612536 -0.43090603 -0.02269866
v -0.22361831 -0.44043520 -0.02351346
v -0.13494325 -0.29392079 -0.09785302
v -0.11516717 -0.29193074 -0.11249164
v -0.11816454 -0.30867317 -0.11335421
v -0.12952986 -0.18611166 -0.05058526
v -0.12048519 -0.12747529 -0.02720875
v -0.08261324 -0.10533676 -0.04360105
v -0.09979971 -0.12315618 -0.04735813
v -0.01746679 -0.06678450 -0.02671870
v -0.05799244 -0.44000521 0.09442927
v -0.06444610 -0.46024933 0.08923286
v -0.09975052 -0.59823537 -0.01899863
v -0.07824492 -0.59382617 -0.02799693
v -0.10911420 -0.61198187 -0.04018457
v -0.11233473 -0.61727667 -0.04905359
v -0.08922885 -0.61400473 -0.05607916
v -0.08603217 -0.60834527 -0.04745120
v -0.10783163 -0.63502836 -0.10106212
v -0.10461496 -0.63272464 -0.09032263
v 0.02173608 -0.04663655 0.04403286
v 0.01259806 -0.04309118 0.03513443
v 0.02545527 -0.04676422 0.05430419
v -0.03818785 -0.01594165 -0.01652274
v -0.01269609 -0.01551932 0.00282705
v -0.01479242 -0.02758691 0.00013656
v -0.04014472 -0.03029120 -0.01815696
v -0.18023056 -0.06353423 0.09846460
v -0.16786765 -0.06561244 0.14028752
v -0.01671080 -0.03120545 0.18261200
v -0.17706650 -0.38317528 0.08650051
v -0.18803486 -0.38502130 0.09720111
v -0.18550850 -0.40474233 0.08731228
v -0.17532064 -0.40263200 0.07554780
v -0.08911811 -0.53002286 0.06426980
v -0.08804691 -0.50621378 0.07877532
v -0.18946801 -0.56982088 -0.12144290
v -0.25852418 -0.55104423 -0.07679430
v -0.25307843 -0.52752465 -0.08997328
v -0.24498042 -0.53399974 -0.09421971
v -0.24898221 -0.55793244 -0.08138712
v -0.22389056 -0.58013529 -0.00033700
v -0.23454797 -0.58190978 -0.01588922
v -0.22169751 -0.59045976 -0.01875772
v -0.20982121 -0.58817554 -0.00265480
v 0.04229608 -0.20679171 0.19867256
v 0.01352385 -0.20149213 0.21341813
v -0.03002961 -0.38557205 0.10630045
v -0.04818200 -0.38121960 0.11853324
v -0.04913295 -0.40083405 0.10944639
v -0.03213122 -0.40545776 0.09786591
v -0.11437531 -0.51560259 0.08006357
v -0.12571415 -0.49633637 0.08928619
v -0.15195556 -0.34487399 -0.15040189
v -0.15325367 -0.36390191 -0.15553725
v -0.16946638 -0.36579990 -0.15116130
v -0.16891009 -0.34738201 -0.14759855
v -0.21495882 -0.43478394 0.08527349
v -0.20435056 -0.45108709 0.07571466
v -0.19315878 -0.44470483 0.07338126
v -0.19811279 -0.42738914 0.08478983
v -0.13665149 -0.06753805 0.17903674
v -0.09668657 -0.05536801 0.19917974
v -0.15134346 -0.37718415 0.09883691
v -0.13134719 -0.39498925 0.10844683
v -0.12743574 -0.37951869 0.11277895
v -0.14718789 -0.36232677 0.10300506
v -0.17050160 -0.40701810 0.07828005
v -0.16193233 -0.39838463 0.08443526
v -0.18108587 -0.41654757 0.07589784
v -0.20399365 -0.49102297 0.03874918
v -0.20615953 -0.48347482 0.03227047
v -0.20367268 -0.48240352 0.03346469
v -0.06981176 -0.01975819 -0.02551212
v -0.07585214 -0.07562387 -0.02311660
v -0.07231676 -0.08300284 -0.03019748
v 0.02130001 -0.04593757 0.03646536
v -0.16648346 -0.58617938 -0.14752361
v -0.16215198 -0.57358062 -0.15777908
v -0.19341394 -0.45179337 0.02062321
v -0.18331166 -0.44238931 0.03055073
v -0.21287403 -0.46062994 0.03112152
v -0.21717429 -0.45056215 0.01561283
v -0.21567741 -0.45684406 0.01198368
v -0.21117067 -0.46668005 0.02689570
v -0.20654954 -0.47702765 0.03862301
v -0.20785639 -0.47146097 0.04290348
v -0.22504437 -0.44186527 -0.09561461
v -0.22056884 -0.44420025 -0.10446263
v -0.22151123 -0.46424395 -0.10486203
v -0.22671518 -0.46052992 -0.09683467
v -0.21384034 -0.44582984 -0.11360235
v -0.20455286 -0.44638965 -0.12311811
v -0.20533869 -0.46799147 -0.12208266
v -0.21469049 -0.46667829 -0.11265805
v -0.18800092 -0.54119045 -0.12793694
v -0.17100263 -0.52813631 -0.14143293
v -0.15321526 -0.51963538 -0.15256925
v -0.13860351 -0.51447546 -0.15983838
v -0.10158521 -0.62925166 -0.08004701
v -0.09660415 -0.62401694 -0.07170296
v -0.11927803 -0.62451994 -0.06516436
v -0.12667778 -0.62824214 -0.07449821
v -0.15583736 -0.55695188 -0.15835716
v -0.14530268 -0.54836667 -0.16766290
v -0.13513759 -0.53496981 -0.16781265
v -0.25517428 -0.35956553 0.03202445
v -0.26002467 -0.37877855 0.02115596
v -0.16368005 -0.61567080 -0.12857571
v -0.16809192 -0.60082716 -0.13850197
v -0.26638949 -0.38673776 0.03748441
v -0.26151031 -0.36640027 0.04754801
v -0.22687140 -0.51352900 -0.10512497
v -0.23560411 -0.53885269 -0.09875812
v -0.23519869 -0.51016510 -0.09907601
v -0.15503809 -0.56245619 -0.16773067
v -0.14483944 -0.55416763 -0.17613342
v -0.17188747 -0.09295815 0.13191663
v -0.18078938 -0.08999982 0.09215502
v -0.17917682 -0.29350492 0.04797697
v -0.17457843 -0.31067637 0.07053396
v -0.10713469 -0.25893471 -0.10772249
v -0.10287314 -0.24502417 -0.10435239
v -0.12340469 -0.55234140 -0.19303723
v -0.11814651 -0.21943274 -0.07849725
v -0.09833665 -0.21686147 -0.09315835
v -0.10027172 -0.23172104 -0.10024850
v -0.12055738 -0.23166221 -0.08497757
v -0.08827421 -0.20154949 -0.09205727
v -0.08658352 -0.19596012 -0.09142721
v -0.05583339 -0.09593391 -0.05048805
v -0.04335761 -0.09864503 -0.05782279
v -0.24721774 -0.41453785 -0.03413472
v -0.25169840 -0.42877454 -0.04371465
v -0.26642993 -0.43980139 -0.03787584
v -0.26305535 -0.42420864 -0.02633842
v -0.13410924 -0.22340740 -0.06102639
v -0.14806493 -0.23063284 -0.03912516
v -0.23357022 -0.41379470 -0.04138378
v -0.22897077 -0.41979313 -0.02058063
v -0.12600841 -0.31542593 -0.12396437
v -0.18457693 -0.35079393 -0.14296164
v -0.18475166 -0.36804724 -0.14477354
v -0.19830671 -0.37041146 -0.13693084
v -0.19858912 -0.35368171 -0.13592313
v 0.02693678 -0.04898211 0.04631080
v -0.25933939 -0.48538533 0.04859370
v -0.25801119 -0.49841353 0.04453768
v -0.24870205 -0.49621814 0.05198903
v -0.25080851 -0.48352915 0.05586322
v 0.00693835 -0.01917598 0.03252573
v 0.01007208 -0.00305250 0.04025041
v 0.04379256 -0.05052853 0.11967143
v 0.04880902 -0.05430681 0.10153642
v -0.10202982 0.02928412 -0.02116104
v -0.10576767 0.00082383 -0.02307059
v -0.10098757 0.05852684 -0.01867656
v -0.09913683 0.08961749 -0.01489519
v -0.07299324 0.26788479 0.05285256
v -0.08158782 0.29202420 0.06526798
v -0.07448519 0.36452258 0.11463985
v -0.07023077 0.39146808 0.13274670
v -0.06689911 0.42000961 0.15224440
v -0.06324788 0.44932160 0.17149094
v -0.06122429 0.47755444 0.18711868
v -0.26155254 -0.37274241 0.06384259
v -0.26621550 -0.39564335 0.05519150
v -0.25870240 -0.40000901 0.07111022
v -0.25577322 -0.37716097 0.07830305
v -0.17260844 -0.40869749 0.03583704
v -0.17991042 -0.40074834 0.01767238
v -0.17550437 -0.38492733 0.02918630
v -0.17047450 -0.39284727 0.04660082
v -0.16928729 -0.37552628 0.05799355
v -0.17098983 -0.38038877 0.07323891
v -0.17024094 -0.39908135 0.06196131
v -0.20283484 -0.38693345 0.10333376
v -0.21920350 -0.38729715 0.10439419
v -0.21743922 -0.40940309 0.09579736
v -0.20039575 -0.40663949 0.09467679
v -0.24671233 -0.38133639 0.09107646
v -0.24825428 -0.40298504 0.08369567
v -0.23442161 -0.40656501 0.09252620
v -0.23430493 -0.38496545 0.10037953
v -0.19314814 -0.35512862 0.01580979
v -0.18008626 -0.36118764 0.02659331
v -0.18467465 -0.37762570 0.01319677
v -0.19772987 -0.37172574 0.00185716
v -0.27945796 -0.45223463 -0.02593031
v -0.27527264 -0.43485922 -0.01373886
v -0.22660998 -0.44294196 -0.04401030
v -0.23243442 -0.44256669 -0.05756830
v -0.23006561 -0.43710303 -0.05358404
v -0.22438137 -0.44364393 -0.04083382
v -0.25295794 -0.39086816 -0.00461012
v -0.25806749 -0.40780061 -0.01571824
v -0.27032882 -0.41663259 -0.00183411
v -0.26527449 -0.39759851 0.00992065
v -0.20255068 -0.38718590 -0.01211632
v -0.18997872 -0.39286694 0.00024300
v -0.19702025 -0.40872383 -0.01095408
v -0.20800951 -0.40155303 -0.02526995
v -0.18351099 -0.42355487 0.07641886
v -0.18212599 -0.44024965 0.06475604
v -0.23441926 -0.42124882 -0.04582547
v -0.22798519 -0.40944982 -0.03701095
v -0.23617485 -0.40289700 -0.03862701
v -0.21769074 -0.43248609 0.02418342
v -0.21779040 -0.44225138 0.01971126
v -0.22316512 -0.32680094 -0.06577856
v -0.22990285 -0.33636761 -0.07678396
v -0.21839432 -0.37840125 0.01143608
v -0.22289623 -0.39291620 0.01049802
v -0.22905643 -0.33591712 -0.05918736
v -0.23222815 -0.34116793 -0.06984001
v -0.16108584 -0.29952869 -0.06153686
v -0.13602096 -0.52596533 -0.16292003
v -0.24135341 -0.40036708 -0.02421141
v -0.22357325 -0.39887589 -0.02793317
v -0.19870654 -0.46400404 0.06671742
v -0.19647202 -0.47484422 0.05855233
v -0.19117716 -0.47166324 0.05342556
v -0.19026580 -0.45980489 0.06239098
v -0.15531737 -0.52389020 0.07181939
v -0.13534379 -0.52090621 0.07716230
v -0.14472298 -0.50364727 0.08386394
v -0.16275594 -0.50846058 0.07606827
v -0.27295765 -0.48043218 0.03623063
v -0.27899459 -0.47184700 0.02844470
v -0.28031075 -0.48826158 0.01903080
v -0.27322936 -0.49475878 0.02935063
v -0.28575349 -0.47889116 0.00619093
v -0.28331795 -0.46059048 0.01759313
v -0.28251186 -0.44722879 0.00265820
v -0.28659436 -0.46596372 -0.00915375
v -0.13681354 -0.13583562 0.18035594
v -0.15738359 -0.12839073 0.15472436
v -0.16982341 -0.22642155 0.04538213
v -0.16421755 -0.21452160 0.02052303
v -0.14286685 -0.13860354 -0.00134148
v -0.04209492 -0.05080727 -0.01820025
v -0.01328018 -0.04278696 -0.00021558
v 0.01047698 0.02056301 0.04833608
v -0.17039442 -0.12027651 0.12214996
v 0.00560277 0.04950932 0.05506890
v -0.00107589 0.07901147 0.06168253
v -0.01603872 0.07567850 0.14549734
v -0.04149903 0.07521647 0.16259864
v -0.03375624 0.04681930 0.16593133
v -0.00616085 0.04579300 0.14691542
v -0.07174513 0.07491425 0.16930538
v -0.06622630 0.04778978 0.17418912
v -0.14998981 0.14450672 0.01705141
v -0.06609198 0.31058154 0.21607134
v -0.08678203 0.34167632 0.23249622
v -0.09074391 0.30937573 0.21990445
v -0.06371588 0.34171110 0.22895283
v -0.11380973 0.31403449 0.21416068
v -0.11757123 0.28621471 0.19890831
v -0.13798358 0.37922651 0.16464195
v -0.06308557 0.37474310 0.23893934
v -0.08354181 0.37562102 0.24139087
v -0.10932991 0.34516507 0.22620000
v -0.10268218 0.37921071 0.23651706
v 0.00381806 -0.02931932 0.02653113
v -0.17902802 -0.06323063 0.05727725
v -0.17639521 -0.08947429 0.05416833
v -0.13482171 -0.09524280 -0.00153320
v -0.10659179 -0.08214107 -0.01715938
v -0.16060027 -0.25400510 -0.01900384
v -0.17033993 -0.26500407 0.00356997
v -0.17072521 -0.29164597 -0.00747460
v -0.17840643 -0.30406684 0.01407911
v -0.17762615 -0.29145852 0.01989816
v -0.17044595 -0.27832019 -0.00172210
v -0.17711696 -0.33825991 0.06168121
v -0.16690223 -0.35821140 0.08295561
v -0.16336474 -0.34367761 0.08731157
v -0.17440918 -0.32489121 0.06567549
v -0.16313320 -0.32907376 0.09109583
v -0.14655310 -0.34638903 0.10758170
v -0.07075831 -0.41406444 0.11014747
v -0.08930046 -0.40507323 0.11520987
v -0.09284009 -0.42305583 0.10919814
v -0.07536014 -0.43264002 0.10292917
v -0.06460062 -0.09089580 -0.04069582
v 0.00159526 -0.04152763 0.01849400
v -0.10728333 -0.02613407 -0.02310040
v -0.14001605 -0.05691838 -0.00589663
v -0.16639599 -0.06044081 0.02178037
v -0.19953775 -0.44562423 0.00582514
v -0.18860377 -0.52387798 0.05879223
v -0.19001968 -0.51259035 0.06071310
v -0.27888587 -0.44238597 0.02892818
v -0.27769354 -0.42852902 0.01449388
v -0.21406689 -0.41306424 -0.03513322
v -0.26850882 -0.45390043 -0.04791608
v -0.25346214 -0.44179580 -0.05323524
v -0.25477090 -0.45331842 -0.06209420
v -0.15348440 -0.13609852 0.02688947
v -0.16977681 -0.12898116 0.05252589
v -0.15525495 -0.12014356 0.02421235
v 0.04342731 -0.05270666 0.08493161
v -0.07544359 -0.06569138 -0.02357938
v -0.00673452 0.10736176 0.06677692
v -0.01024821 0.13417852 0.07212704
v -0.01272669 0.15847746 0.07863847
v -0.01452193 0.18126839 0.08584531
v -0.01684619 0.20406413 0.09457079
v -0.02301647 0.22540602 0.10285685
v -0.03218684 0.24274608 0.10875565
v -0.03364251 0.26016667 0.12174620
v -0.02540519 0.31353599 0.13721466
v -0.02551133 0.30428728 0.15646529
v -0.02959551 0.28089651 0.13916883
v -0.02225413 0.33033109 0.17235853
v -0.02045392 0.35926339 0.18740657
v -0.02214705 0.38947579 0.20131527
v -0.02596306 0.42098147 0.21405239
v -0.02663303 0.45282537 0.22559981
v 0.03096549 -0.04900789 0.05544501
v 0.03674016 -0.05117378 0.06947817
v -0.21539478 -0.51718593 -0.11232837
v -0.22134671 -0.44107667 -0.00314821
v -0.21958280 -0.44906381 -0.00506173
v -0.21973464 -0.42231160 -0.04309847
v -0.24817050 -0.42413110 0.07728619
v -0.26066282 -0.42271608 0.06554619
v -0.20531124 -0.42209306 -0.02113265
v -0.22165599 -0.44946933 -0.02729335
v -0.22057496 -0.45420712 -0.02591778
v -0.23679635 -0.20550799 0.07093184
v -0.24442972 -0.20617294 0.08363050
v -0.23897704 -0.18691367 0.08291344
v -0.23080164 -0.18684840 0.07160529
v -0.22521996 -0.20617861 0.06283499
v -0.21927755 -0.18808007 0.06478906
v -0.17000252 -0.21262133 0.09351443
v -0.17504343 -0.21291316 0.08010694
v -0.17481335 -0.19451141 0.08448741
v -0.17074218 -0.19413459 0.09772457
v -0.20136754 -0.17211992 0.06570312
v -0.18941961 -0.17422223 0.06936489
v -0.19307619 -0.19203651 0.06567153
v -0.20636521 -0.18972296 0.06259507
v -0.17882234 -0.21164364 0.12197635
v -0.19098851 -0.21142262 0.13065737
v -0.18782590 -0.23003322 0.12875599
v -0.17596588 -0.22978052 0.11899360
v -0.17611937 -0.28745204 0.07153004
v -0.16826575 -0.28561708 0.08440427
v -0.16925094 -0.29893848 0.07713667
v -0.17803983 -0.29940650 0.06502181
v -0.24880841 -0.24414435 0.07110050
v -0.25350273 -0.24622306 0.08518060
v -0.24920498 -0.22618479 0.08428748
v -0.24254449 -0.22490227 0.07057935
v -0.20602517 -0.24816042 0.05616332
v -0.19086355 -0.25027150 0.06141337
v -0.19608587 -0.27030724 0.05939985
v -0.21191606 -0.26822680 0.05579087
v -0.25386700 -0.26416549 0.07308208
v -0.25593507 -0.26634350 0.08707295
v -0.19715622 -0.20974201 0.06173545
v -0.18422402 -0.21214116 0.06919975
v -0.18712923 -0.23064214 0.06479786
v -0.20172155 -0.22838929 0.05845771
v -0.18388095 -0.17502588 0.12452493
v -0.19605802 -0.17438531 0.13034236
v -0.19375798 -0.19290429 0.13128287
v -0.18148255 -0.19328386 0.12376399
v -0.18086320 -0.17570317 0.07757957
v -0.17488357 -0.17612714 0.08850269
v -0.18221322 -0.19395328 0.07347803
v -0.23692432 -0.16940790 0.10713550
v -0.23778003 -0.16860312 0.09476411
v -0.24200991 -0.18800592 0.09636241
v -0.24021338 -0.18905550 0.10963078
v -0.17129114 -0.25031453 0.08387768
v -0.17889409 -0.25089976 0.07132823
v -0.17631525 -0.23161471 0.07566547
v -0.17002420 -0.23121515 0.08891803
v -0.23693489 -0.24413708 0.05957131
v -0.23074906 -0.22507465 0.06094982
v -0.24375674 -0.20918947 0.11190832
v -0.24619943 -0.20770693 0.09776002
v -0.24965654 -0.22784519 0.09889844
v -0.24494046 -0.22905594 0.11297823
v -0.23214668 -0.24903461 0.12459093
v -0.21547529 -0.24959418 0.12873214
v -0.21855024 -0.23019147 0.12935548
v -0.23365298 -0.22960854 0.12370746
v -0.17342311 -0.26981473 0.07798583
v -0.16789262 -0.26859063 0.09239646
v -0.17330869 -0.24841139 0.11456044
v -0.18439429 -0.24875417 0.12512013
v -0.18043378 -0.26735142 0.12044023
v -0.17025588 -0.26720354 0.10860963
v -0.23756586 -0.29657686 0.05783840
v -0.25224555 -0.29792127 0.06744105
v -0.24999356 -0.28390375 0.06481269
v -0.23576927 -0.28439644 0.05716079
v -0.25690228 -0.28406981 0.07637513
v -0.25760496 -0.29984376 0.07965644
v -0.25476062 -0.32152802 0.09436281
v -0.24737564 -0.32437080 0.10438710
v -0.24786410 -0.31449786 0.10532562
v -0.25608817 -0.31254604 0.09539844
v -0.22378419 -0.28603181 0.12553068
v -0.20537400 -0.28747752 0.12533832
v -0.21073045 -0.26873070 0.12733540
v -0.22919360 -0.26781335 0.12551744
v -0.18582106 -0.30199432 0.11771319
v -0.17315820 -0.29906181 0.10860705
v -0.17608120 -0.28475854 0.11505198
v -0.18957762 -0.28664276 0.12286501
v -0.17375675 -0.34829825 0.09433682
v -0.16788670 -0.34426296 0.08083981
v -0.16784856 -0.33259672 0.08911899
v -0.17587790 -0.33568621 0.10124731
v -0.17128579 -0.32426304 0.05809614
v -0.17307127 -0.33379585 0.04964493
v -0.18482746 -0.32815614 0.03936457
v -0.18253928 -0.31960446 0.04736977
v -0.24761568 -0.32520667 0.05012977
v -0.25555968 -0.33108455 0.06442586
v -0.25448212 -0.32169089 0.06671663
v -0.24514292 -0.31701517 0.05350673
v -0.21929684 -0.30139011 0.12433578
v -0.20134489 -0.30493259 0.12190614
v -0.17036380 -0.31666654 0.06469745
v -0.18045822 -0.31335193 0.05355611
v -0.17943227 -0.30734372 0.05911572
v -0.16963471 -0.30886999 0.07048830
v -0.21089116 -0.30997822 0.04732782
v -0.22694698 -0.30968279 0.04880819
v -0.22381927 -0.30463275 0.05206412
v -0.20804264 -0.30559760 0.05240178
v -0.24214210 -0.31103536 0.05524026
v -0.25370288 -0.31470084 0.06804068
v -0.25182950 -0.30737936 0.06766273
v -0.23962314 -0.30490699 0.05659771
v -0.21788934 -0.31212556 0.12380534
v -0.22921515 -0.31069294 0.11905093
v -0.22701190 -0.32003894 0.11874957
v -0.21563438 -0.32144400 0.12311751
v -0.18213111 -0.31403711 0.11108878
v -0.17096011 -0.31109211 0.10164262
v -0.20557895 -0.29876807 0.05665458
v -0.19073462 -0.29886255 0.05834549
v -0.19309214 -0.30590862 0.05309255
v -0.25679758 -0.31020811 0.08131354
v -0.18242282 -0.35056224 0.10475416
v -0.19358703 -0.35222375 0.11244479
v -0.19042802 -0.36630759 0.10591362
v -0.17958787 -0.36433172 0.09715039
v -0.17208964 -0.36149788 0.08552077
v -0.16829596 -0.35722169 0.07101076
v -0.17594087 -0.34541667 0.03929570
v -0.18864989 -0.33970314 0.02874467
v -0.20491062 -0.33532423 0.02329527
v -0.22203834 -0.33391735 0.02365474
v -0.21827883 -0.32193965 0.03391728
v -0.20054397 -0.32398131 0.03381828
v -0.25059837 -0.34093815 0.04188362
v -0.25746924 -0.34708241 0.05675621
v -0.25686291 -0.33668181 0.07796721
v -0.25796327 -0.35212001 0.07200700
v -0.16579649 -0.31954139 0.08045188
v -0.16605410 -0.32874259 0.07344165
v -0.23367883 -0.20996583 0.12250429
v -0.22051612 -0.21086091 0.12934005
v -0.22103459 -0.19150025 0.12807813
v -0.23215325 -0.19023705 0.12023757
v -0.20902835 -0.17363018 0.13047355
v -0.20792118 -0.19239038 0.13227476
v -0.21144529 -0.20768881 0.05966023
v -0.21663207 -0.22615361 0.05690606
v -0.21409352 -0.17020798 0.06659862
v -0.22129066 -0.29731211 0.05544542
v -0.21754172 -0.28611830 0.05651829
v -0.23650020 -0.32736790 0.11129531
v -0.24639568 -0.33488724 0.10295098
v -0.23586516 -0.33805278 0.11133994
v -0.23442268 -0.30015501 0.11854828
v -0.24046701 -0.28542101 0.11755215
v -0.25003573 -0.28580996 0.10325696
v -0.24643050 -0.30277121 0.10705134
v -0.21328828 -0.33077067 0.12198196
v -0.22549856 -0.32952082 0.11870158
v -0.22380456 -0.33999288 0.11754067
v -0.21065477 -0.34092993 0.11979050
v -0.23394178 -0.32210851 0.03929821
v -0.23037761 -0.31447288 0.04468005
v -0.24524485 -0.36139596 0.09767763
v -0.24579942 -0.34674692 0.10082006
v -0.25330290 -0.34178323 0.09044251
v -0.25352862 -0.35618958 0.08599374
v -0.25378525 -0.33084312 0.09279564
v -0.23444533 -0.36571279 0.10643061
v -0.23526318 -0.35044375 0.10975600
v -0.23825419 -0.33609122 0.03002938
v -0.20817931 -0.35323086 0.11617859
v -0.22245297 -0.35259318 0.11517753
v -0.22074685 -0.36773875 0.11117945
v -0.20515904 -0.36784786 0.11082995
v -0.20575023 -0.21137941 0.13242860
v -0.20302105 -0.23035747 0.13160078
v -0.16663443 -0.29804921 0.09392214
v -0.16771331 -0.28418466 0.10143355
v -0.16614002 -0.30977011 0.08696996
v -0.17094029 -0.21195793 0.10899408
v -0.17278723 -0.19364369 0.11230408
v -0.16854273 -0.24927992 0.09930624
v -0.16941011 -0.23044771 0.10456912
v -0.24609427 -0.24893409 0.11450428
v -0.18933502 -0.32755351 0.11426622
v -0.17860137 -0.32457229 0.10646529
v -0.19391230 -0.31701460 0.11765271
v -0.16908944 -0.35177875 0.05430684
v -0.16722758 -0.33934823 0.06467014
v -0.20739466 -0.31312460 0.12343407
v -0.17198488 -0.36832392 0.04158235
v -0.25601822 -0.30159345 0.09393851
v -0.25724876 -0.31841400 0.08173390
v -0.25703001 -0.32653540 0.08050966
v -0.23365147 -0.16823328 0.08201882
v -0.22222704 -0.24553204 0.05479035
v -0.20193939 -0.28767753 0.05857812
v -0.18732347 -0.28805423 0.06293941
v -0.20037057 -0.32996497 0.12027721
v -0.19696629 -0.34018904 0.11710138
v -0.18569192 -0.33808991 0.11006048
v -0.21444008 -0.31444040 0.04145587
v -0.19784223 -0.31611657 0.04188614
v -0.17484316 -0.17544621 0.11427221
v -0.19602922 -0.31085220 0.04798501
v -0.25830907 -0.28573284 0.09122273
v -0.08241008 -0.60167205 -0.03821198
v -0.21055135 -0.36433384 0.01132252
v -0.18132511 -0.32248405 -0.03239709
v -0.18973339 -0.33392426 -0.01324486
v -0.22460657 -0.41913164 0.00353566
v -0.22306868 -0.43064564 -0.00027162
v -0.21852522 -0.45562008 -0.00971372
v -0.21692583 -0.46220636 -0.00950898
v -0.23162416 -0.38063157 -0.01249147
v -0.18942246 -0.70554101 -0.21761353
v -0.18738127 -0.70115417 -0.21249412
v -0.19211829 -0.71693659 -0.22357823
v -0.08725133 -0.20886092 -0.09570789
v -0.18855423 -0.68739587 -0.22179765
v -0.18639822 -0.68117177 -0.21588868
v -0.19095020 -0.68371558 -0.21949667
v -0.18794167 -0.68766814 -0.22375220
v -0.18796301 -0.68840992 -0.22471884
v -0.19273019 -0.71346903 -0.23370188
v -0.18536717 -0.69412941 -0.20798543
v -0.18375251 -0.68548632 -0.20511517
v -0.19075951 -0.69822776 -0.23282090
v -0.02243978 -0.32108921 0.14319095
v 0.00088542 -0.32627746 0.13231139
v 0.00760418 -0.30794990 0.14703435
v -0.01816554 -0.30272913 0.15834643
v 0.01241734 -0.28779522 0.16113771
v -0.10715512 -0.22686273 0.19881991
v -0.13314173 -0.22211994 0.18357059
v -0.13327898 -0.24346235 0.17497128
v -0.10927340 -0.24992275 0.18876858
v -0.15082358 -0.25083947 0.15043905
v -0.13062719 -0.26129723 0.16627535
v -0.15354493 -0.23459207 0.15595987
v -0.16844320 -0.22165419 0.13336432
v -0.16655573 -0.23781593 0.12909813
v -0.17550874 -0.20698859 0.10915011
v -0.17547725 -0.22366998 0.10458599
v -0.17566776 -0.19281901 0.08408482
v -0.17162444 -0.18057434 0.05694250
v -0.15785111 -0.15199597 0.02824873
v -0.14851871 -0.15708369 -0.00031944
v -0.16245422 -0.16865930 0.02819980
v -0.11292430 -0.14064123 -0.04968868
v -0.13108568 -0.14668751 -0.02666071
v -0.07447785 -0.13864034 -0.08195718
v -0.09348099 -0.13824125 -0.06765445
v -0.20793712 -0.49256232 -0.11834159
v -0.18979533 -0.61192036 -0.07573250
v -0.20060191 -0.60702282 -0.06767847
v -0.21509361 -0.59223598 -0.08119837
v -0.19231708 -0.59681028 -0.00411559
v -0.20523730 -0.59931529 -0.02055736
v -0.18094516 -0.60771704 -0.02117013
v -0.17110613 -0.60311711 -0.00668616
v -0.17299573 -0.61928093 -0.06674132
v -0.16598412 -0.62149578 -0.07274929
v -0.18119152 -0.61661023 -0.05828759
v -0.13744776 -0.62187368 -0.05343126
v -0.15944196 -0.62111670 -0.05357675
v -0.25408033 -0.56945014 -0.05630006
v -0.24470559 -0.57909459 -0.03528341
v -0.25442263 -0.57096988 -0.03185938
v -0.26425332 -0.56057882 -0.05216641
v -0.21293190 -0.57639414 0.01290561
v -0.20218469 -0.57115036 0.02488390
v -0.21431442 -0.56506062 0.02700060
v -0.22470182 -0.56984484 0.01541425
v -0.28480682 -0.51842380 -0.03703918
v -0.27833727 -0.53205562 -0.01960897
v -0.28351188 -0.51488835 -0.01253804
v -0.28779915 -0.50136966 -0.02909859
v -0.23514150 -0.57308686 0.00191543
v -0.11121356 -0.53452474 0.06731576
v -0.13174477 -0.53721547 0.06812000
v -0.15087652 -0.53822231 0.06617898
v -0.18885209 -0.53415620 0.05569179
v -0.18066327 -0.53665870 0.05812194
v -0.18086323 -0.52450961 0.06297026
v -0.19631162 -0.53111452 0.05469671
v -0.20431238 -0.52472430 0.05353504
v -0.24037349 -0.44308305 -0.06063125
v -0.24060589 -0.44984353 -0.06809736
v -0.25469691 -0.46434283 -0.06984185
v -0.21059567 -0.50324512 0.05208644
v -0.20799361 -0.51228261 0.05097879
v -0.20515728 -0.50769460 0.04992430
v -0.20734894 -0.50011796 0.05140882
v -0.24405152 -0.57730132 -0.06091098
v -0.27547932 -0.52219158 0.00288258
v -0.26955441 -0.53827733 -0.00354686
v -0.26162949 -0.53921360 0.01153334
v -0.26757127 -0.52371174 0.01678256
v -0.25912750 -0.52601337 0.02747443
v -0.25302112 -0.54007602 0.02351620
v -0.24357410 -0.53877288 0.03313318
v -0.25036508 -0.52651215 0.03623876
v -0.21572861 -0.50693679 0.05331206
v -0.21210952 -0.51756579 0.05037436
v -0.28211462 -0.46819136 -0.03592138
v -0.27331215 -0.53008890 -0.06790760
v -0.26420152 -0.50826359 -0.08074282
v -0.25916567 -0.51878721 -0.08656016
v -0.26648769 -0.54189181 -0.07290605
v -0.20505770 -0.46131244 0.01265682
v -0.21114068 -0.45474285 -0.00327954
v -0.19924833 -0.46802580 0.02722666
v -0.20281483 -0.49856961 0.04408810
v -0.19594829 -0.47464347 0.03881812
v -0.22522654 -0.43059713 -0.04896040
v -0.23881184 -0.43285763 -0.05339493
v -0.25023013 -0.48649472 -0.08351066
v -0.24631277 -0.49617237 -0.08946384
v -0.28834277 -0.48344493 -0.02029243
v -0.28621095 -0.49619877 -0.00433239
v -0.21165037 -0.49320742 0.05756655
v -0.20677234 -0.49023452 0.05664422
v -0.20782712 -0.48151600 0.06189809
v -0.19899660 -0.50401384 0.05247758
v -0.20322128 -0.50364500 0.04809409
v -0.27212882 -0.54936177 -0.04871538
v -0.27906114 -0.50520235 0.01073442
v -0.27111757 -0.50915825 0.02335975
v -0.24499407 -0.55236435 0.02068464
v -0.25407174 -0.55346859 0.00783138
v -0.24524945 -0.56464261 0.00500828
v -0.23556156 -0.56222242 0.01829056
v -0.25522944 -0.51275688 0.04038719
v -0.24582531 -0.50944442 0.04835749
v -0.22585733 -0.55826211 0.02934029
v -0.23547819 -0.54953533 0.03107402
v -0.21774180 -0.49653757 0.05870730
v -0.24169143 -0.50428939 -0.09432264
v -0.23254682 -0.48167872 -0.09562778
v -0.22684044 -0.48686883 -0.10248348
v -0.23920853 -0.46554604 -0.08330595
v -0.23602994 -0.47473606 -0.08961441
v -0.24062888 -0.45589352 -0.07569178
v -0.21895418 -0.48932946 -0.11028031
v -0.20408595 -0.32075089 0.12207775
v -0.20260686 -0.47793028 0.06115019
v -0.20538104 -0.46861044 0.06775187
v -0.21011809 -0.47262973 0.06764975
v -0.23342454 -0.42885974 0.08496211
v -0.11424492 -0.58077741 -0.29097709
v -0.11354020 -0.58410621 -0.29593521
v -0.11262227 -0.60031700 -0.30614042
v -0.11255416 -0.60365516 -0.30703133
v -0.23702268 -0.31755716 0.11120008
v -0.23736374 -0.31002843 0.11250284
v -0.24419016 -0.26776439 0.11564237
v -0.25166160 -0.24815130 0.09993045
v -0.25225738 -0.26762310 0.10149716
v -0.24371584 -0.26410055 0.06069718
v -0.22840568 -0.26565236 0.05466551
v -0.18300308 -0.27064314 0.06727760
v -0.19422767 -0.26852861 0.12656392
v -0.21357408 -0.13355786 0.07110757
v -0.22323748 -0.13177454 0.07882614
v -0.21725753 -0.11353242 0.07629725
v -0.20693156 -0.11589634 0.07026813
v -0.20052914 -0.09859300 0.07024553
v -0.19039318 -0.10083109 0.07067356
v -0.19618703 -0.11752498 0.06883711
v -0.18247706 -0.10356522 0.07529821
v -0.18676750 -0.11976647 0.07207927
v -0.17741460 -0.10571259 0.08303294
v -0.17596704 -0.10616183 0.09274155
v -0.17685442 -0.12245637 0.08857606
v -0.18016344 -0.12188119 0.07909313
v -0.17575996 -0.13992167 0.09516713
v -0.17653933 -0.12211919 0.09898823
v -0.17759226 -0.12150222 0.10925899
v -0.17512183 -0.13951594 0.10657851
v -0.19450071 -0.10205251 0.12341805
v -0.20388454 -0.10035825 0.12428200
v -0.20204601 -0.11819172 0.12612537
v -0.19151211 -0.11964267 0.12431461
v -0.22059801 -0.13355649 0.11980499
v -0.21099792 -0.13549489 0.12579879
v -0.21208790 -0.11645019 0.12307774
v -0.22068486 -0.11455584 0.11646798
v -0.22133295 -0.09700006 0.11311222
v -0.22640654 -0.09521133 0.10378425
v -0.22668231 -0.11305189 0.10789891
v -0.22531930 -0.16880965 0.07255085
v -0.21977964 -0.15108097 0.07221600
v -0.20817861 -0.15285444 0.06756438
v -0.18299668 -0.13890487 0.07571806
v -0.18628998 -0.15653157 0.07259187
v -0.19648005 -0.15481842 0.06769775
v -0.19161619 -0.13722044 0.06964503
v -0.17190790 -0.17577684 0.10127029
v -0.17531487 -0.15804726 0.09194158
v -0.17347704 -0.15769368 0.10383005
v -0.17806745 -0.13972968 0.08461122
v -0.17927060 -0.15759069 0.08120327
v -0.17934921 -0.13906753 0.11744784
v -0.18275279 -0.12091935 0.11827032
v -0.22911678 -0.13078260 0.08935805
v -0.23058017 -0.13102329 0.10078745
v -0.22819515 -0.11184382 0.09706420
v -0.22482172 -0.11210930 0.08587524
v -0.17699558 -0.15723222 0.11588496
v -0.23367371 -0.14995456 0.10414425
v -0.23337860 -0.14955282 0.09238923
v -0.22724348 -0.13209534 0.11142693
v -0.22886121 -0.15115589 0.11468320
v -0.21978353 -0.09481817 0.08272985
v -0.21099859 -0.09621662 0.07436841
v -0.22813377 -0.14984834 0.08082753
v -0.18841362 -0.13838112 0.12498453
v -0.19997591 -0.13709819 0.12794262
v -0.19794278 -0.15575939 0.12914266
v -0.18606001 -0.15675879 0.12479306
v -0.22063398 -0.17215937 0.12552959
v -0.20943479 -0.15449864 0.12789132
v -0.22014116 -0.15277791 0.12257586
v -0.21294394 -0.09864259 0.12064812
v -0.23095913 -0.17046851 0.11773303
v -0.16985340 -0.02500772 0.09821185
v -0.16735283 -0.03402293 0.09797643
v -0.16048378 -0.02938825 0.09124102
v -0.16379187 -0.02078688 0.09155297
v -0.15174524 -0.04850638 0.08886244
v -0.15175727 -0.05587518 0.08031434
v -0.14712834 -0.04625136 0.07421707
v -0.14707789 -0.04016840 0.08129725
v -0.16038918 -0.01734275 0.08416623
v -0.15632261 -0.02546060 0.08457408
v -0.16043781 -0.01773477 0.07748246
v -0.16588685 -0.00896782 0.07705014
v -0.16290757 -0.00941658 0.08324124
v -0.16810915 -0.00085336 0.07744195
v -0.17567936 -0.01372302 0.07306212
v -0.17701927 -0.00153214 0.07587191
v -0.19738732 -0.01766038 0.08543707
v -0.20390275 -0.01998895 0.09293731
v -0.20184591 -0.00621575 0.09474088
v -0.19427797 -0.00412953 0.08742078
v -0.20935051 -0.01506913 0.11080878
v -0.20576026 -0.00964320 0.10277089
v -0.20778342 -0.02316052 0.09993406
v -0.21098745 -0.02714759 0.10744865
v -0.17973961 -0.03054202 0.10803103
v -0.17903379 -0.04002130 0.10869719
v -0.17486939 -0.03793854 0.10405586
v -0.17612727 -0.02879930 0.10393944
v -0.15764621 -0.02034354 0.06851065
v -0.16725236 -0.02335691 0.06946864
v -0.16500515 -0.01804858 0.07265411
v -0.15564287 -0.01903450 0.07142928
v -0.18074870 -0.06325227 0.12038714
v -0.18155676 -0.07422477 0.11758939
v -0.17718858 -0.07426107 0.11042317
v -0.17722368 -0.06411618 0.11398540
v -0.16186044 -0.07048792 0.09033496
v -0.16790357 -0.07541186 0.09398752
v -0.17166103 -0.08007717 0.08105735
v -0.16722880 -0.07324934 0.07826950
v -0.15657960 -0.06413424 0.08594358
v -0.16282794 -0.06686139 0.07508674
v -0.15801793 -0.05785471 0.07167952
v -0.15201133 -0.04739141 0.06712889
v -0.18899047 -0.07441026 0.12484238
v -0.18911867 -0.06678176 0.12864023
v -0.16275522 0.04750353 0.09336443
v -0.16483808 0.04761308 0.09839736
v -0.16478625 0.04231101 0.09686083
v -0.16275816 0.04217845 0.09185039
v -0.20832457 -0.06522995 0.12574160
v -0.21482550 -0.06284374 0.11889687
v -0.21399495 -0.06939930 0.11958879
v -0.20631705 -0.07168937 0.12542641
v -0.21014902 -0.05717897 0.12744772
v -0.21555643 -0.05452436 0.11873160
v -0.17128918 0.05098498 0.08533069
v -0.16647005 0.04964626 0.08587445
v -0.16750813 0.04425627 0.08456841
v -0.17259157 0.04536033 0.08416475
v -0.16467646 -0.01218826 0.09119796
v -0.17012259 -0.01604527 0.09776875
v -0.16548090 0.00610256 0.09495773
v -0.16891859 -0.00546026 0.09759749
v -0.16403788 -0.00366521 0.08999301
v -0.16336925 0.00490528 0.08892854
v -0.18118413 -0.01228482 0.11204761
v -0.18183434 -0.02222890 0.11119143
v -0.17776863 -0.01854080 0.10580163
v -0.17682499 -0.00825852 0.10678401
v -0.18598646 -0.02526051 0.12198503
v -0.18623757 -0.01588601 0.12271558
v -0.18835635 -0.01753372 0.12865111
v -0.18775924 -0.02569985 0.12750918
v -0.18463972 0.00400114 0.11935970
v -0.18709829 0.01298040 0.11931865
v -0.19015697 0.01126891 0.12311795
v -0.18739557 0.00247395 0.12363181
v -0.21398300 -0.07533103 0.12016852
v -0.20563577 -0.07827729 0.12489802
v -0.21322481 -0.02393508 0.12815115
v -0.21056797 -0.02856374 0.13591662
v -0.21115485 -0.02059865 0.14000818
v -0.21393052 -0.01589763 0.13174140
v -0.21766649 -0.05998337 0.10966559
v -0.21851601 -0.06684059 0.11023810
v -0.17626005 0.05188704 0.08769365
v -0.17765233 0.04628211 0.08648353
v -0.16761784 -0.05584073 0.06806988
v -0.15976742 -0.04493600 0.06394468
v -0.17362162 -0.06480610 0.07123411
v -0.17774007 -0.07123619 0.07291681
v -0.18127725 -0.07840711 0.07301579
v -0.17150307 -0.00015348 0.10187417
v -0.17530732 -0.02138674 0.10286263
v -0.18169782 -0.03217286 0.11160970
v -0.19160332 -0.03649145 0.13730240
v -0.19184744 -0.04348713 0.13665143
v -0.18633156 -0.04044867 0.12967238
v -0.18815133 -0.03426993 0.13146816
v -0.20405471 -0.03110075 0.14132474
v -0.19734207 -0.02995801 0.14125746
v -0.19808951 -0.02228874 0.14313173
v -0.20459417 -0.02307814 0.14413801
v -0.15785216 -0.02215177 0.06393272
v -0.16622774 -0.02920419 0.06572527
v -0.19948110 -0.06693548 0.13028151
v -0.19770920 -0.07364160 0.12763622
v -0.19718978 -0.08033216 0.12509173
v -0.17805412 -0.05238152 0.11208537
v -0.17466953 -0.06454176 0.11000055
v -0.17037106 -0.06374496 0.10581820
v -0.17560327 -0.05113047 0.10865421
v -0.16256051 -0.04430723 0.09862973
v -0.15799856 -0.05585235 0.09593898
v -0.15571705 -0.03833216 0.09158224
v -0.17301029 -0.07505357 0.10380300
v -0.17799094 -0.08290130 0.10748778
v -0.17417888 -0.08342415 0.09945534
v -0.18323418 -0.08213544 0.11517680
v -0.18983930 -0.08141416 0.12168349
v -0.17773803 -0.09227115 0.10513202
v -0.17510834 -0.09310150 0.09635653
v -0.18285775 -0.09110701 0.11340532
v -0.18972245 -0.09001034 0.11950438
v -0.22187766 -0.08369684 0.11099795
v -0.21465802 -0.08544713 0.11983407
v -0.22005102 -0.07414216 0.11073242
v -0.17786199 -0.09001857 0.07860074
v -0.17216451 -0.08294708 0.09026022
v -0.17488652 -0.09225464 0.08719701
v -0.18584493 -0.08754516 0.07213939
v -0.14426167 -0.03441703 0.07622012
v -0.14120954 -0.02879620 0.07248050
v -0.14504294 -0.02395672 0.07548862
v -0.14850920 -0.02851230 0.07872692
v -0.16904229 0.00762695 0.07877640
v -0.16422172 0.00609398 0.08283421
v -0.16388491 -0.00208539 0.08260008
v -0.18330264 -0.05499959 0.12560958
v -0.19062050 -0.05849981 0.13281351
v -0.16863737 0.00889748 0.09948981
v -0.17350149 0.03843504 0.08288375
v -0.16808084 0.03748602 0.08336377
v -0.16848844 0.02502483 0.08172236
v -0.17449069 0.02668166 0.08120967
v -0.17369598 0.01867098 0.10118112
v -0.16861694 0.01606876 0.09845088
v -0.16838804 0.02410203 0.09911999
v -0.17395236 0.02651846 0.10039952
v -0.19227433 0.00695866 0.12872709
v -0.19007063 -0.00007188 0.12930544
v -0.18941069 0.00901258 0.09187223
v -0.18492275 0.00814736 0.08187325
v -0.18710631 -0.00336653 0.07929383
v -0.18412583 -0.01438016 0.11749827
v -0.18398136 -0.00512105 0.11857830
v -0.18636337 -0.00647539 0.12338367
v -0.17311600 0.00329596 0.10400221
v -0.17224097 0.01016581 0.10292058
v -0.17587309 0.00732791 0.10703339
v -0.17616710 -0.00058949 0.10752922
v -0.21108323 -0.03823060 0.13202137
v -0.20242658 -0.04103667 0.13929844
v -0.16355690 0.04827434 0.08882686
v -0.16391999 0.04306597 0.08728921
v -0.20488065 -0.08734953 0.12402947
v -0.19675982 -0.08874387 0.12327302
v -0.18418664 -0.02423185 0.11623126
v -0.18871677 -0.01631004 0.07808366
v -0.18322799 -0.03375405 0.11585102
v -0.20735277 -0.00071251 0.12438025
v -0.20561007 -0.00230539 0.13114464
v -0.20384130 0.00492287 0.13038069
v -0.20754755 0.00609267 0.12540443
v -0.17479742 0.03769857 0.10034726
v -0.16883004 0.03626788 0.09947743
v -0.16957745 0.04329419 0.10024664
v -0.17521843 0.04450643 0.10068418
v -0.16535316 0.01373029 0.09436060
v -0.16350685 0.01264751 0.08899347
v -0.16321820 0.02208471 0.08992315
v -0.16473934 0.02249962 0.09517673
v -0.16488549 0.01402402 0.08399821
v -0.16458999 0.02330112 0.08494151
v -0.18035479 0.03925145 0.09732184
v -0.18191259 0.03971183 0.09112269
v -0.18302482 0.02825069 0.09032639
v -0.18002521 0.02857244 0.09702832
v -0.21263987 -0.03890043 0.10475684
v -0.21480328 -0.04174167 0.11251304
v -0.21334252 -0.03048009 0.11612006
v -0.21181849 -0.01951987 0.11995199
v -0.20910786 -0.00962973 0.12404892
v -0.20822889 -0.00398713 0.11382802
v -0.21416505 -0.03390115 0.12349496
v -0.18367654 0.01789623 0.09981501
v -0.18392557 0.01836884 0.09189503
v -0.18880537 0.01709306 0.09734727
v -0.18512860 -0.03516507 0.12258174
v -0.16418837 0.03621024 0.08602731
v -0.19840446 -0.06494409 0.07411590
v -0.20805718 -0.06343687 0.08104943
v -0.20568717 -0.05404454 0.08226516
v -0.19506532 -0.05693489 0.07436320
v -0.16459194 0.03516793 0.09583914
v -0.16260618 0.03528529 0.09098145
v -0.19433942 -0.00123566 0.13412966
v -0.19580466 0.00511754 0.13249376
v -0.20003033 0.00480497 0.13425407
v -0.20030507 -0.00051540 0.13635056
v -0.21538234 -0.04451156 0.11988670
v -0.21195003 -0.01474410 0.14274316
v -0.21533576 -0.01099348 0.13460138
v -0.21658345 -0.05195540 0.11021324
v -0.21461946 -0.04945397 0.10193519
v -0.21624961 -0.05777436 0.09987085
v -0.20222561 0.00442338 0.10659312
v -0.20972590 -0.03587991 0.09775753
v -0.21146995 -0.04709882 0.09523521
v -0.21277893 -0.05636084 0.09188739
v -0.21461032 -0.06386739 0.09025549
v -0.21816993 -0.06484759 0.09904939
v -0.17883959 0.03943652 0.08542232
v -0.18080498 0.04652452 0.09188330
v -0.22059911 -0.07307684 0.09886031
v -0.22404157 -0.08262372 0.10013627
v -0.22096738 -0.08204836 0.09048973
v -0.21736974 -0.07224476 0.08981378
v -0.20711020 -0.04480934 0.08819641
v -0.20149580 -0.04336733 0.08162563
v -0.20575857 -0.03309774 0.09103945
v -0.19974411 -0.03070045 0.08403583
v -0.19914047 0.00630111 0.09716938
v -0.17769384 0.05962503 0.09881307
v -0.17872947 0.05165398 0.09807814
v -0.17525442 0.05038154 0.10153493
v -0.17510574 0.05855787 0.10215481
v -0.17965981 0.04576093 0.09759673
v -0.17948039 0.05221766 0.09275050
v -0.19059308 -0.02959269 0.07656577
v -0.17757732 0.01539397 0.10581876
v -0.18970925 -0.04476368 0.07383529
v -0.17929383 -0.02597278 0.07031319
v -0.17734389 -0.03651279 0.06778843
v -0.18423733 -0.06114286 0.07006886
v -0.17833933 -0.05278414 0.06813157
v -0.19158137 -0.07560259 0.07097180
v -0.18802705 -0.06827426 0.07094604
v -0.19558671 -0.08516562 0.07045581
v -0.16930392 -0.04210949 0.06421808
v -0.16238949 0.05490160 0.09574726
v -0.16506644 0.05493820 0.10060403
v -0.20163219 -0.07285112 0.07399806
v -0.20547804 -0.08274716 0.07404446
v -0.15127140 -0.03260481 0.08438901
v -0.18309101 -0.04417086 0.12073638
v -0.18193355 -0.04284048 0.11558705
v -0.19161618 -0.05033678 0.13544178
v -0.18485013 -0.04685128 0.12794347
v -0.21445075 -0.08184946 0.08117599
v -0.17708042 -0.10542142 0.10254411
v -0.18033601 -0.10455018 0.11162068
v -0.22536869 -0.09451443 0.09303109
v -0.16278125 0.05590069 0.09112335
v -0.19257490 0.01643836 0.11752369
v -0.19441009 0.01507443 0.11857566
v -0.14376241 -0.03895360 0.06994892
v -0.14117756 -0.03155714 0.06698015
v -0.14886077 -0.02874863 0.05956642
v -0.14402790 -0.03102130 0.06244931
v -0.14760222 -0.03914070 0.06399431
v -0.15382607 -0.03669471 0.06112498
v -0.17952451 -0.05281681 0.11535741
v -0.18115969 -0.05304551 0.11968812
v -0.21105462 -0.04800504 0.12935758
v -0.20279512 -0.05036420 0.13633099
v -0.16915733 0.01554948 0.08054223
v -0.17651519 0.00846273 0.07857613
v -0.17564376 0.01692981 0.08036934
v -0.18044919 0.02734905 0.08400327
v -0.18015820 0.01887280 0.10204284
v -0.17941934 0.02129662 0.09822935
v -0.16480124 -0.06081772 0.10134168
v -0.17034194 -0.04851979 0.10424600
v -0.15390280 -0.02341491 0.07892730
v -0.15172999 -0.02033329 0.07483038
v -0.18033403 -0.00370097 0.11290696
v -0.19959019 0.01549840 0.10635734
v -0.19715405 0.01590663 0.09888938
v -0.18037418 0.00467366 0.11314682
v -0.17000163 0.05891740 0.08741315
v -0.16531166 0.05753261 0.08819395
v -0.18241936 0.01761305 0.08340108
v -0.18905610 -0.00860894 0.12934941
v -0.20093784 0.01042521 0.11277491
v -0.19717485 0.01646906 0.11247909
v -0.20565039 -0.01760489 0.14531064
v -0.21075623 -0.07174855 0.08079947
v -0.16977543 0.04869372 0.10189728
v -0.17006040 0.05621094 0.10355052
v -0.17791355 0.05976725 0.09434802
v -0.17506199 0.05948043 0.08960213
v -0.20171517 -0.05889904 0.13331494
v -0.18074514 -0.04150862 0.11195780
v -0.18683437 -0.10345894 0.11879208
v -0.16127639 -0.03348082 0.06147727
v -0.15454382 -0.02520967 0.05991850
v -0.18155405 0.01268148 0.11321322
v -0.21058905 -0.00670439 0.13073198
v -0.20796263 0.00366443 0.11637029
v -0.20845379 0.00940800 0.11824846
v -0.20324887 0.01349998 0.11455900
v -0.19864306 0.01618302 0.11657543
v -0.17705765 0.06572807 0.09552704
v -0.17421682 0.06570679 0.09099853
v -0.16939989 0.06549299 0.08878803
v -0.16493942 0.06370062 0.08971548
v -0.16267739 0.06147659 0.09266759
v -0.17689116 0.06550556 0.09953076
v -0.17446229 0.06413597 0.10267908
v -0.16979387 0.06161624 0.10401119
v -0.17619908 0.07042217 0.10064404
v -0.17619988 0.07183331 0.09681323
v -0.16678333 0.07719028 0.09162675
v -0.16889361 0.07224548 0.09018029
v -0.17054325 0.07513541 0.09181327
v -0.16972382 0.07846105 0.09240864
v -0.16938579 0.08248794 0.09363262
v -0.16633949 0.08147949 0.09367165
v -0.17324218 0.07439053 0.09322577
v -0.17317683 0.07842523 0.09423865
v -0.17509240 0.07770848 0.09745777
v -0.17500015 0.08192414 0.09844586
v -0.17305633 0.08270621 0.09538984
v -0.17494793 0.07455844 0.09589639
v -0.17361560 0.07102329 0.09223582
v -0.16737168 0.08505487 0.09584405
v -0.16953538 0.08517575 0.09482041
v -0.17238706 0.08613217 0.09661993
v -0.17053956 0.08672655 0.09868139
v -0.16478270 0.06922984 0.09097368
v -0.16428684 0.07524115 0.09301643
v -0.16434987 0.08018237 0.09553799
v -0.16568139 0.08386117 0.09800279
v -0.16289473 0.07398570 0.09603411
v -0.16381982 0.07909566 0.09829625
v -0.16527504 0.08219415 0.10028803
v -0.16306716 0.07333314 0.09992485
v -0.16435781 0.07856745 0.10108814
v -0.16257128 0.06545746 0.09806289
v -0.16273122 0.06681877 0.09384181
v -0.16548693 0.08102161 0.10163753
v -0.16893905 0.08555716 0.10078707
v -0.17596646 0.07647002 0.09984770
v -0.17535388 0.08102208 0.10112105
v -0.17548192 0.07561457 0.10228387
v -0.17452919 0.08032072 0.10339206
v -0.17396240 0.08499968 0.10113281
v -0.17452960 0.08491462 0.09893782
v -0.16250882 0.06010991 0.09711569
v -0.16549221 0.06020951 0.10157475
v -0.16529198 0.06555104 0.10246903
v -0.16556489 0.07318383 0.10394160
v -0.16965699 0.06654799 0.10454520
v -0.17390765 0.06897420 0.10345529
v -0.17349653 0.07451427 0.10430485
v -0.16999623 0.07334995 0.10546413
v -0.17257020 0.07927120 0.10490529
v -0.16982515 0.07853901 0.10525449
v -0.16659105 0.07847661 0.10376443
v -0.17079186 0.08245313 0.10432597
v -0.17251450 0.08409590 0.10310546
v -0.16797602 0.08338314 0.10234794
v -0.16938189 0.08105010 0.10450834
v -0.16733064 0.08124304 0.10316678
v -0.18439829 0.05190271 0.11582814
v -0.18683000 0.05113333 0.12026288
v -0.18648450 0.04455888 0.11759415
v -0.18408546 0.04536408 0.11343577
v -0.19141006 0.05362684 0.10629695
v -0.18620932 0.05332500 0.10832792
v -0.18647251 0.04727042 0.10575628
v -0.19182825 0.04752427 0.10390610
v -0.19691721 0.05282342 0.10861640
v -0.19766004 0.04675162 0.10648283
v -0.19156635 0.04018444 0.10155639
v -0.18609276 0.04000932 0.10349074
v -0.18478316 0.02667707 0.10169754
v -0.18995380 0.02693105 0.09897740
v -0.18749228 0.02244496 0.11787156
v -0.19261062 0.02375376 0.11782099
v -0.18402499 0.05278772 0.11184886
v -0.18397981 0.04644483 0.10942232
v -0.19405019 0.03687435 0.11919115
v -0.18913761 0.03653717 0.11894968
v -0.19025186 0.04426289 0.12053754
v -0.19489728 0.04459327 0.12098281
v -0.18072082 0.02374929 0.10877202
v -0.18330090 0.02240264 0.11380082
v -0.18186112 0.02558815 0.10495847
v -0.19878337 0.03765249 0.11655442
v -0.20065787 0.03859895 0.11102446
v -0.19996944 0.02571154 0.10768187
v -0.19782399 0.02506560 0.11400421
v -0.18331537 0.03900051 0.10723364
v -0.18517905 0.03670669 0.11569074
v -0.18290439 0.03771865 0.11149778
v -0.19777113 0.03944945 0.10422052
v -0.20034268 0.04582918 0.11331530
v -0.19854872 0.06048858 0.12162596
v -0.19869041 0.05163294 0.11991565
v -0.19544888 0.05112946 0.12306225
v -0.19589901 0.06029546 0.12504010
v -0.19863613 0.04515094 0.11845821
v -0.19981009 0.05210376 0.11479802
v -0.18478510 0.06164676 0.11912456
v -0.18756530 0.06092566 0.12336991
v -0.18424204 0.06223714 0.11514252
v -0.19734025 0.02643734 0.10067739
v -0.19098662 0.06248009 0.10960065
v -0.18625945 0.06245303 0.11192469
v -0.19074336 0.05086833 0.12320054
v -0.19151787 0.06020534 0.12588294
v -0.19930370 0.06085968 0.11679655
v -0.19638221 0.06142223 0.11132898
v -0.19886546 0.06793159 0.11893224
v -0.19606692 0.06869423 0.11405222
v -0.19109878 0.06980717 0.11211817
v -0.18662727 0.06912631 0.11415401
v -0.18493257 0.06822830 0.11712656
v -0.19846481 0.06733519 0.12311235
v -0.19617637 0.06657910 0.12596300
v -0.19208659 0.06582099 0.12699960
v -0.19867724 0.07373542 0.12495630
v -0.19915001 0.07525867 0.12129722
v -0.19108534 0.08716488 0.11897348
v -0.19064252 0.08224165 0.11665325
v -0.19375640 0.08304369 0.11745513
v -0.19409330 0.08770806 0.11850768
v -0.19185445 0.07707089 0.11457564
v -0.19421920 0.07971668 0.11648546
v -0.19670258 0.07888937 0.11801630
v -0.19738770 0.08288568 0.11910713
v -0.19901058 0.08183533 0.12241297
v -0.19974558 0.08622485 0.12364288
v -0.19816130 0.08772045 0.12011352
v -0.19845293 0.07850438 0.12068442
v -0.19488260 0.09117925 0.11977020
v -0.19319482 0.09114534 0.12146984
v -0.19647697 0.07502747 0.11639376
v -0.18729781 0.07485163 0.11576872
v -0.18776304 0.08097970 0.11807123
v -0.18911231 0.08625174 0.12097412
v -0.19164479 0.08999223 0.12390201
v -0.18630397 0.08001471 0.12117685
v -0.18816467 0.08542860 0.12370263
v -0.19086090 0.08862352 0.12577936
v -0.18663630 0.07906890 0.12506422
v -0.18874964 0.08465964 0.12654859
v -0.18580574 0.07169551 0.12244306
v -0.18546745 0.07304657 0.11869113
v -0.19071764 0.08717519 0.12703052
v -0.19696517 0.09286684 0.12391128
v -0.19516718 0.09144747 0.12618595
v -0.19855671 0.09250218 0.12115741
v -0.19903110 0.08072013 0.12462012
v -0.19943732 0.08542240 0.12602013
v -0.19911420 0.07971293 0.12684028
v -0.19932920 0.08495790 0.12811932
v -0.19961715 0.09005588 0.12604398
v -0.20021605 0.09004724 0.12403998
v -0.18543065 0.06715399 0.12081631
v -0.18807644 0.06616300 0.12472702
v -0.18835479 0.07082999 0.12645414
v -0.18938571 0.07817477 0.12888294
v -0.19246709 0.07037091 0.12832516
v -0.19657366 0.07213604 0.12741809
v -0.19716093 0.07864994 0.12893358
v -0.19361700 0.07785344 0.13014753
v -0.19739571 0.08411384 0.12965836
v -0.19439116 0.08340973 0.13052100
v -0.19105588 0.08383548 0.12927637
v -0.19637287 0.08792317 0.12939437
v -0.19841607 0.08941138 0.12812728
v -0.19360630 0.08942825 0.12778613
v -0.19449998 0.08652395 0.12990566
v -0.19247319 0.08717078 0.12869237
v -0.19888115 0.03898340 0.13293652
v -0.19960997 0.03697008 0.13759547
v -0.19918743 0.03180236 0.13509892
v -0.19821455 0.03400135 0.13063087
v -0.20732482 0.04027689 0.12667230
v -0.20394571 0.04088658 0.12712383
v -0.20294815 0.03566331 0.12435362
v -0.20676616 0.03455365 0.12328784
v -0.21129814 0.03871119 0.12912822
v -0.21104729 0.03241640 0.12617163
v -0.20601831 0.02885330 0.12038714
v -0.20150849 0.03025281 0.12191164
v -0.19950998 0.02105612 0.11908656
v -0.20453322 0.01976556 0.11702865
v -0.20091099 0.04054493 0.12938003
v -0.19992836 0.03539610 0.12694067
v -0.20374750 0.02312589 0.13742343
v -0.20002070 0.02406865 0.13643746
v -0.20192099 0.03018993 0.13828032
v -0.20536301 0.02940261 0.13902222
v -0.19382669 0.01732528 0.12575018
v -0.19474307 0.01446688 0.13009347
v -0.19580245 0.01992708 0.12217513
v -0.20853487 0.02336591 0.13522975
v -0.21200502 0.02415627 0.12998104
v -0.20962743 0.01407361 0.12722012
v -0.20555386 0.01286173 0.13212253
v -0.19821605 0.03008878 0.12487698
v -0.19708905 0.02580816 0.13338268
v -0.19631219 0.02830923 0.12870039
v -0.21056570 0.02611536 0.12364338
v -0.21250902 0.03031355 0.13210908
v -0.21176693 0.04487336 0.14191143
v -0.21049649 0.03520906 0.13911961
v -0.20647681 0.03481406 0.14163306
v -0.20850608 0.04429650 0.14457726
v -0.20972845 0.02936208 0.13721272
v -0.21293110 0.03671706 0.13433039
v -0.19988850 0.04740614 0.13678673
v -0.20102221 0.04550207 0.14127052
v -0.20178190 0.04878151 0.13343604
v -0.20941818 0.01676911 0.12044055
v -0.20088726 0.01209104 0.13487053
v -0.20789285 0.04921269 0.13082679
v -0.20467371 0.04945070 0.13132216
v -0.20258969 0.03525192 0.14106140
v -0.20438933 0.04415286 0.14443737
v -0.21361691 0.04609799 0.13759385
v -0.21186563 0.04773742 0.13273054
v -0.21429379 0.05228496 0.13988617
v -0.21234299 0.05398518 0.13527830
v -0.20856959 0.05562752 0.13322733
v -0.20506328 0.05540466 0.13397470
v -0.20242363 0.05415869 0.13610359
v -0.21259049 0.05126882 0.14396916
v -0.20959988 0.05043483 0.14598021
v -0.20545852 0.04948050 0.14587197
v -0.21328056 0.05573821 0.14574791
v -0.21457154 0.05778027 0.14194024
v -0.20913310 0.07125366 0.13960218
v -0.20847446 0.06695187 0.13768819
v -0.21056901 0.06674045 0.13867553
v -0.21139187 0.07090306 0.13981308
v -0.20931128 0.06155568 0.13561325
v -0.21088430 0.06351918 0.13739641
v -0.21316481 0.06202888 0.13875383
v -0.21393096 0.06584501 0.14004901
v -0.21475041 0.06358826 0.14333168
v -0.21540353 0.06758463 0.14471473
v -0.21453252 0.06994760 0.14146975
v -0.21454504 0.06092274 0.14135304
v -0.21226096 0.07358730 0.14093643
v -0.21062815 0.07422912 0.14165071
v -0.21280821 0.05883855 0.13735098
v -0.20526892 0.06047338 0.13594058
v -0.20549873 0.06592751 0.13822950
v -0.20659812 0.07067066 0.14074315
v -0.20834142 0.07318908 0.14324808
v -0.20339842 0.06421411 0.14047095
v -0.20464516 0.06897712 0.14282054
v -0.20646423 0.07122689 0.14495067
v -0.20266505 0.06226724 0.14335276
v -0.20421562 0.06723428 0.14522703
v -0.20194736 0.05643839 0.14098455
v -0.20281628 0.05859673 0.13808897
v -0.20580272 0.06946820 0.14602478
v -0.21328950 0.07405359 0.14458981
v -0.21100092 0.07291681 0.14647989
v -0.21486239 0.07335693 0.14275673
v -0.21466970 0.06197178 0.14535908
v -0.21490383 0.06632912 0.14680372
v -0.21332297 0.06069648 0.14751758
v -0.21354412 0.06559777 0.14862907
v -0.21490759 0.07047123 0.14678687
v -0.21569119 0.07074648 0.14514892
v -0.20122379 0.05231923 0.13915199
v -0.20228180 0.05030525 0.14284816
v -0.20303561 0.05452406 0.14431202
v -0.20398591 0.06065619 0.14673598
v -0.20603439 0.05360758 0.14707506
v -0.21002761 0.05471283 0.14727563
v -0.21071070 0.05989909 0.14887613
v -0.20717306 0.05954957 0.14901085
v -0.21126463 0.06487256 0.14977685
v -0.20834385 0.06474888 0.14993387
v -0.20556805 0.06584889 0.14797749
v -0.21091023 0.06865090 0.14939883
v -0.21312179 0.06966031 0.14845958
v -0.20888254 0.07098168 0.14754006
v -0.20895603 0.06758428 0.14954993
v -0.20718712 0.06889331 0.14792876
v -0.19755250 0.01261652 0.13318680
v -0.21283254 0.01232761 0.15123229
v -0.21282835 0.00992715 0.15412147
v -0.21132064 0.00666052 0.15148561
v -0.21141201 0.00881869 0.14874873
v -0.22176147 0.01369470 0.14673436
v -0.21796931 0.01486868 0.14660829
v -0.21624058 0.01123029 0.14365511
v -0.22032568 0.00999570 0.14348616
v -0.22445038 0.01074910 0.14985979
v -0.22317192 0.00693077 0.14676645
v -0.21774954 0.00592637 0.14017512
v -0.21351776 0.00727057 0.14049602
v -0.20944434 0.00032651 0.13598208
v -0.21362999 -0.00138754 0.13481021
v -0.20669894 -0.01341754 0.14638557
v -0.20262745 -0.01193196 0.14509541
v -0.20562258 -0.00646031 0.14787591
v -0.20877361 -0.00853676 0.14937103
v -0.21484166 0.01414567 0.14860485
v -0.21312207 0.01057458 0.14585127
v -0.21265720 -0.00106746 0.15342258
v -0.20980024 0.00098342 0.15190127
v -0.21265718 0.00450200 0.15400004
v -0.21526560 0.00276697 0.15558846
v -0.20026040 -0.00932115 0.14256020
v -0.19899157 -0.00541544 0.13956740
v -0.20371318 -0.00164425 0.14187258
v -0.20400423 -0.00394857 0.14530113
v -0.20583987 -0.00002772 0.13916370
v -0.21645916 -0.00179666 0.15258777
v -0.21991086 -0.00031298 0.14881784
v -0.21626998 -0.00858605 0.14452341
v -0.21262094 -0.00927317 0.14822379
v -0.21046469 0.00686550 0.14320658
v -0.20856306 0.00314528 0.14920571
v -0.20851402 0.00553995 0.14607114
v -0.22081608 0.00278604 0.14345856
v -0.22222078 0.00401932 0.15160787
v -0.22279850 0.01103687 0.16133463
v -0.22089484 0.00560439 0.15763026
v -0.21724126 0.00565767 0.15850499
v -0.21946961 0.01077312 0.16215597
v -0.21893656 0.00241971 0.15492985
v -0.22381151 0.00752860 0.15441521
v -0.21449646 0.01767945 0.15464716
v -0.21442845 0.01489305 0.15767339
v -0.21650767 0.01933420 0.15222244
v -0.21768050 -0.00485671 0.13783364
v -0.22313449 0.01909661 0.15072069
v -0.21948186 0.02008706 0.15068230
v -0.21430686 0.00760627 0.15675767
v -0.21640377 0.01240736 0.16050848
v -0.22544579 0.01296479 0.15816256
v -0.22577801 0.01611447 0.15359288
v -0.22694501 0.01752013 0.16094890
v -0.22726056 0.02052426 0.15638494
v -0.22421530 0.02338487 0.15351555
v -0.22051656 0.02403855 0.15319827
v -0.21765357 0.02288628 0.15452097
v -0.22423919 0.01569647 0.16386247
v -0.22098456 0.01533145 0.16418146
v -0.21806721 0.01627415 0.16237539
v -0.22511427 0.01990777 0.16533126
v -0.22798848 0.02231407 0.16281444
v -0.22479266 0.03545994 0.16054189
v -0.22429636 0.03209150 0.15835975
v -0.22619200 0.03146040 0.15937449
v -0.22673453 0.03470033 0.16075493
v -0.22502355 0.02751946 0.15628266
v -0.22646314 0.02845031 0.15809232
v -0.22801551 0.02637988 0.15964311
v -0.22867315 0.02963251 0.16086760
v -0.22894235 0.02718407 0.16411385
v -0.22944315 0.03075254 0.16570418
v -0.22949457 0.03290582 0.16241214
v -0.22877017 0.02527475 0.16209313
v -0.22770700 0.03670341 0.16196600
v -0.22619539 0.03755111 0.16274162
v -0.22780517 0.02415848 0.15834492
v -0.22157195 0.02747130 0.15561721
v -0.22209880 0.03194189 0.15828580
v -0.22293663 0.03577030 0.16111673
v -0.22419485 0.03728247 0.16404244
v -0.22009489 0.03049576 0.15919919
v -0.22127616 0.03452706 0.16219157
v -0.22262880 0.03595614 0.16485861
v -0.21866414 0.02824527 0.16100571
v -0.22019310 0.03257346 0.16364601
v -0.21730062 0.02378911 0.15868509
v -0.21898243 0.02603567 0.15661305
v -0.22160923 0.03450692 0.16522676
v -0.22803625 0.03656417 0.16575494
v -0.22565638 0.03619593 0.16671115
v -0.22996211 0.03562045 0.16406301
v -0.22815132 0.02584082 0.16584288
v -0.22840959 0.02996111 0.16777924
v -0.22580251 0.02432424 0.16709837
v -0.22615574 0.02933121 0.16876921
v -0.22854707 0.03353816 0.16776274
v -0.22994657 0.03329533 0.16640341
v -0.21595055 0.02094567 0.15673652
v -0.21603617 0.01828653 0.15970570
v -0.21725518 0.02136713 0.16141355
v -0.21859406 0.02602762 0.16351548
v -0.21918198 0.01972657 0.16396491
v -0.22194594 0.01909989 0.16560985
v -0.22309816 0.02408630 0.16739599
v -0.22028522 0.02455896 0.16612548
v -0.22384842 0.02923173 0.16863495
v -0.22167298 0.02963775 0.16759101
v -0.22025949 0.03075600 0.16561371
v -0.22412845 0.03306270 0.16822964
v -0.22626117 0.03345543 0.16847323
v -0.22363430 0.03517371 0.16686374
v -0.22261664 0.03254998 0.16769564
v -0.22205159 0.03374541 0.16658568
v -0.21014327 -0.01312900 0.14594081
v -0.15203017 -0.01355094 0.06107654
v -0.15194631 -0.01189876 0.06556963
v -0.14022820 -0.01758724 0.07252651
v -0.14513785 -0.01386160 0.07231497
v -0.13702424 -0.02119136 0.06900510
v -0.13896462 -0.02241355 0.05988980
v -0.13685662 -0.02245796 0.06414957
v -0.14974552 -0.01159823 0.06943067
v -0.14905587 -0.01659310 0.05734584
v -0.14363022 -0.02038640 0.05685442
v -0.14450958 -0.00881350 0.05439521
v -0.13861987 -0.01235610 0.05367957
v -0.13366963 -0.01480430 0.05705390
v -0.13219103 -0.01578104 0.06217022
v -0.13307811 -0.01542681 0.06737965
v -0.14827012 -0.00639641 0.05810063
v -0.14869295 -0.00565886 0.06319711
v -0.14616647 -0.00680393 0.06796820
v -0.14431961 0.00051409 0.05547537
v -0.13948646 0.00071967 0.05076333
v -0.12337795 0.00245750 0.05190495
v -0.12561227 -0.00167060 0.05351572
v -0.12743479 -0.00019264 0.05043150
v -0.12529117 0.00262105 0.04840281
v -0.12901512 -0.00595528 0.05415457
v -0.12943260 -0.00208122 0.05118246
v -0.13277134 0.00011861 0.04956259
v -0.13135099 0.00203007 0.04750856
v -0.13595110 0.00241202 0.04874137
v -0.13563427 0.00492871 0.04712346
v -0.12920366 0.00462127 0.04524595
v -0.12419460 0.00555152 0.04686581
v -0.12714893 0.00759727 0.04482859
v -0.12278967 0.00657707 0.04957038
v -0.13454629 -0.00344646 0.05133241
v -0.12823452 -0.00906444 0.05988843
v -0.12494621 -0.00266296 0.05769274
v -0.12273029 0.00317454 0.05570690
v -0.12311111 0.00791591 0.05356169
v -0.12612507 -0.00208604 0.06253282
v -0.12463085 0.00449723 0.05963409
v -0.12520865 0.00844896 0.05695754
v -0.12972127 -0.00005287 0.06544928
v -0.12782970 0.00585920 0.06152689
v -0.13343535 -0.00798815 0.06927393
v -0.12936583 -0.00961316 0.06548066
v -0.12726942 0.00850219 0.05895299
v -0.12589711 0.01045257 0.04742539
v -0.12667741 0.01141387 0.05180321
v -0.13847521 0.00635308 0.04955700
v -0.13368607 0.00756282 0.04573954
v -0.13566513 0.00968266 0.04853249
v -0.14076179 0.00676155 0.05354335
v -0.13648191 0.01076561 0.05230095
v -0.13168728 0.01148874 0.04738419
v -0.13115826 0.00925106 0.04468416
v -0.13657826 -0.01324743 0.07082349
v -0.14137793 -0.00980204 0.07058172
v -0.13869222 -0.00462300 0.06897779
v -0.13473719 0.00242388 0.06563541
v -0.14351390 -0.00160021 0.06606930
v -0.14562193 0.00033271 0.06096594
v -0.14094345 0.00679857 0.05843112
v -0.13894926 0.00531161 0.06287803
v -0.13603814 0.01068640 0.05627599
v -0.13439161 0.00936162 0.05950450
v -0.13129987 0.00759149 0.06125306
v -0.13179615 0.01176757 0.05517194
v -0.13176419 0.01232749 0.05144503
v -0.12797400 0.01083517 0.05538496
v -0.13170305 0.01071179 0.05753868
v -0.12935834 0.00980890 0.05819869
v -0.19971651 -0.01665813 0.14437962
v -0.19607370 -0.01382166 0.14084733
v -0.19428226 -0.02036178 0.13948579
v -0.19274548 -0.02844459 0.13826993
v -0.19646987 -0.03632873 0.14024501
v -0.18979743 -0.02678549 0.13300699
v -0.19145799 -0.01852483 0.13437408
v -0.19339499 -0.00941223 0.13595533
v -0.18678981 -0.03185290 0.12716502
v -0.15201314 -0.66008186 -0.31162402
v -0.14868195 -0.66018820 -0.31359589
v -0.15082707 -0.65505666 -0.30851984
v -0.15367518 -0.65600145 -0.30719584
v -0.14344129 -0.65364552 -0.31078368
v -0.14729613 -0.65403402 -0.30984703
v -0.14397418 -0.65993345 -0.31519857
v -0.13845639 -0.65963131 -0.31481612
v -0.13059515 -0.65717268 -0.31055465
v -0.12914164 -0.65567839 -0.30993700
v -0.12981004 -0.65476692 -0.30988705
v -0.13203740 -0.65473342 -0.31015825
v -0.13572538 -0.65410995 -0.31090721
v -0.15682022 -0.65933383 -0.30582839
v -0.15591973 -0.65993255 -0.30733258
v -0.15439834 -0.66000509 -0.30944028
v -0.13958041 -0.65355825 -0.31129238
v -0.15549156 -0.65731823 -0.30593425
v -0.15656412 -0.65850246 -0.30533808
v -0.13392003 -0.65878457 -0.31292406
v -0.14379014 -0.65555644 -0.31209069
v -0.14801446 -0.65586674 -0.31104371
v -0.14421898 -0.65765858 -0.31361359
v -0.13947392 -0.65743601 -0.31374952
v -0.13359585 -0.65573406 -0.31109497
v -0.13625127 -0.65555894 -0.31178501
v -0.15121773 -0.65655631 -0.30952418
v -0.13986200 -0.65536201 -0.31246328
v -0.14847597 -0.65802670 -0.31216583
v -0.13550638 -0.65708780 -0.31275579
v -0.13319120 -0.65656412 -0.31140953
v -0.15610266 -0.65887058 -0.30631590
v -0.15602344 -0.65845013 -0.30617315
v -0.13094626 -0.47517967 -0.15897733
v -0.13305688 -0.45358375 -0.15657160
v -0.15167493 -0.65820867 -0.31047773
v -0.15512633 -0.65793836 -0.30693358
v -0.15355621 -0.65724218 -0.30807567
v -0.15381524 -0.65865695 -0.30868220
v -0.15528850 -0.65885711 -0.30724928
v -0.21882685 -0.38456592 -0.01590970
v -0.23629378 -0.38554502 -0.01306217
v -0.27239200 -0.40840065 0.02702473
v -0.27192891 -0.42365009 0.04597709
v -0.13763951 -0.23564428 -0.06631301
v -0.10786813 -0.39375260 0.11653446
v -0.11140618 -0.41076246 0.11173072
v -0.03644469 -0.42622274 0.09064344
v -0.05284832 -0.42094553 0.10175857
v -0.17899525 -0.30705231 0.04306524
v -0.18106052 -0.31964478 0.03797587
v -0.16176340 -0.26701343 -0.02362732
v -0.16302523 -0.28086254 -0.02868567
v -0.17748120 -0.27817619 0.02560756
v -0.06801192 -0.37518302 0.12662591
v -0.08771797 -0.36682093 0.12990513
v -0.08774412 -0.38577884 0.12201519
v -0.06835356 -0.39423239 0.11779937
v -0.02230294 -0.42754227 0.07793782
v -0.01826382 -0.40729535 0.08324387
v -0.18262567 -0.35050035 0.05554222
v -0.17232244 -0.37001857 0.07724905
v -0.13698491 -0.40704897 0.10213645
v -0.11769413 -0.42392632 0.10531273
v -0.09947163 -0.43820938 0.10320564
v -0.08237089 -0.45042533 0.09743571
v -0.15833941 -0.28559637 -0.05603712
v -0.14994258 -0.29578984 -0.08061758
v -0.18548128 -0.33166200 0.03093589
v -0.11144784 -0.27474213 -0.11031504
v -0.07345423 -0.48245960 0.08518045
v -0.05343884 -0.48835585 0.07446210
v -0.15658830 -0.38902768 0.09277686
v -0.15148222 -0.40122914 -0.15502881
v -0.16722807 -0.40352499 -0.14946659
v -0.16844931 -0.38461524 -0.15150920
v -0.15252073 -0.38229239 -0.15607440
v -0.18355864 -0.38638711 -0.14476818
v -0.19714847 -0.38798451 -0.13623260
v -0.20833397 -0.38971800 -0.12695847
v -0.22940199 -0.39359456 -0.09615630
v -0.22430743 -0.39224207 -0.10657358
v -0.23641080 -0.39378011 -0.07290328
v -0.23301260 -0.39429477 -0.08521007
v -0.23890713 -0.39170802 -0.05656105
v -0.23859021 -0.39113829 -0.03632426
v -0.23158997 -0.40771529 -0.01724536
v -0.23322055 -0.39409089 -0.01425073
v -0.23841095 -0.37695885 -0.03516495
v -0.24001236 -0.37899411 -0.05625040
v -0.23806931 -0.38121101 -0.07299542
v -0.13145155 -0.32617420 -0.14052354
v -0.13599521 -0.34306356 -0.15247992
v -0.12821651 -0.49555218 -0.16130941
v -0.19897863 -0.24966872 0.12941895
v -0.20243359 -0.13547295 0.06785354
v -0.09235185 -0.61888975 -0.06403784
v -0.11535518 -0.62152660 -0.05768500
v -0.18715091 -0.61393374 -0.04762789
v -0.20904110 -0.60183173 -0.05830795
v -0.16176394 -0.61880839 -0.04452297
v -0.13641371 -0.61900198 -0.04531045
v -0.18383518 -0.32788485 -0.00160498
v -0.10473439 -0.60625517 -0.03005300
v -0.13377273 -0.61496782 -0.03563591
v -0.16048099 -0.61594212 -0.03366484
v -0.18859415 -0.61019480 -0.03576923
v -0.21736714 -0.59758902 -0.04275532
v -0.23316687 -0.58776641 -0.03872451
v -0.24491772 -0.57445461 -0.01323466
v -0.25426146 -0.56502920 -0.01050519
v -0.26227325 -0.55256391 -0.00742849
v -0.27148917 -0.54750621 -0.02469894
v -0.26339138 -0.56054318 -0.02847430
v -0.27529076 -0.45717168 0.03839219
v -0.26900014 -0.44633827 0.05054365
v -0.25939637 -0.44231319 0.06319764
v -0.24774691 -0.44199684 0.07314341
v -0.23428248 -0.44521835 0.07870711
v -0.22126429 -0.44989276 0.07857782
v -0.21130598 -0.45908421 0.07424713
v -0.20191213 -0.48637980 0.05495771
v -0.20410241 -0.49612379 0.04929064
v -0.19675742 -0.50300008 0.05586236
v -0.19303901 -0.50103754 0.06075637
v -0.17139025 -0.49284142 0.07734741
v -0.15716743 -0.48629186 0.08623316
v -0.14098251 -0.47812945 0.09318322
v -0.06116272 -0.27860796 0.18134260
v -0.08455171 -0.27414536 0.18182208
v -0.08527435 -0.29176849 0.16722365
v -0.06251666 -0.29582840 0.16780816
v -0.02736462 -0.33994144 0.12585287
v -0.00717323 -0.34309152 0.11434372
v -0.14728583 -0.26528460 0.14125691
v -0.16273895 -0.25264984 0.12276225
v -0.10722083 -0.28594095 0.16284914
v -0.12791684 -0.27635872 0.15475956
v -0.17285034 -0.23902664 0.09908037
v -0.15530071 -0.18951327 -0.00335074
v -0.14289925 -0.17938577 -0.02836081
v -0.11056720 -0.16708276 -0.07099459
v -0.09048886 -0.16657406 -0.08745188
v -0.17573616 -0.22525313 0.07456490
v -0.12799500 -0.17161667 -0.05151794
v -0.17289770 -0.21224454 0.04964399
v -0.16592219 -0.20046064 0.02343019
v -0.04748307 -0.33553943 0.13415414
v -0.04384048 -0.31706023 0.14958391
v -0.06416714 -0.31304458 0.15311804
v -0.07156365 -0.54697150 0.04348494
v -0.09150628 -0.54831457 0.05020515
v -0.11114232 -0.55035853 0.05571625
v -0.13520682 -0.56636852 0.04567489
v -0.13120885 -0.55230659 0.05767425
v -0.15076698 -0.55262345 0.05745972
v -0.15451984 -0.56559950 0.04683399
v -0.18573111 -0.55681914 0.04450044
v -0.18207768 -0.54759008 0.05221226
v -0.19145431 -0.54366052 0.05056403
v -0.19629893 -0.55190015 0.04482860
v -0.20027824 -0.53931153 0.05072881
v -0.20991102 -0.53238004 0.05104174
v -0.21771489 -0.52259392 0.04929618
v -0.22284266 -0.51147151 0.05273566
v -0.24071094 -0.52298844 0.04399377
v -0.23424335 -0.53529853 0.04069492
v -0.19273892 -0.56497031 0.03560615
v -0.17814158 -0.57101268 0.03564773
v -0.08115187 -0.56953144 0.01535074
v -0.06271997 -0.56457508 0.00645813
v -0.22518305 -0.40569788 0.00745646
v -0.21681440 -0.42082632 0.02919120
v -0.20967536 -0.43611205 0.04690135
v -0.20186754 -0.45129132 0.05886689
v -0.19450375 -0.46640068 0.06625725
v -0.18735141 -0.48147449 0.07082128
v -0.18775122 -0.49896303 0.06669156
v -0.18085514 -0.49598330 0.07228357
v -0.18359563 -0.51206094 0.06567187
v -0.17519447 -0.51038808 0.07087917
v -0.17055026 -0.52427530 0.06808501
v -0.16750649 -0.53770614 0.06293459
v -0.16854781 -0.55062509 0.05490876
v -0.17172922 -0.56176174 0.04603168
v -0.16125713 -0.57600009 0.03498060
v -0.14277054 -0.57840431 0.03325313
v -0.13045907 -0.58911175 0.01735641
v -0.13925157 -0.59803230 0.00466747
v -0.12236251 -0.57855582 0.02938091
v -0.11443393 -0.56580120 0.04327316
v -0.17337398 -0.61862034 -0.08303510
v -0.14931661 -0.62620956 -0.07881004
v -0.22376367 -0.46867353 0.07133118
v -0.21709487 -0.46937829 0.07040954
v -0.21499819 -0.46472633 0.07236946
v -0.22377162 -0.46046567 0.07507442
v -0.23449530 -0.45799604 0.07411462
v -0.24363625 -0.46951839 0.06608035
v -0.23348382 -0.46814716 0.07030157
v -0.24579883 -0.45703280 0.06942508
v -0.25620252 -0.45842153 0.06160137
v -0.25331348 -0.47123128 0.05955120
v -0.26467252 -0.46193528 0.05247431
v -0.26129285 -0.47365472 0.05212939
v -0.27037033 -0.46869642 0.04368163
v -0.26648816 -0.47618598 0.04613597
v -0.26348406 -0.51245445 0.03201317
v -0.26604211 -0.49902576 0.03706892
v -0.26692992 -0.48593980 0.04209024
v -0.22578305 -0.50030291 0.05751488
v -0.22866005 -0.48924354 0.06188856
v -0.23108003 -0.47839060 0.06631687
v -0.24123012 -0.48120493 0.06225041
v -0.23858812 -0.49280745 0.05833133
v -0.23566994 -0.50490099 0.05416160
v -0.07579894 -0.55795389 0.02916735
v -0.09499894 -0.56227750 0.03695301
v -0.20719041 -0.54645264 0.04555852
v -0.21685061 -0.54013020 0.04573847
v -0.22502854 -0.53034848 0.04598485
v -0.23163977 -0.51751256 0.04962567
v -0.22588950 -0.54529995 0.03943164
v -0.21594012 -0.55312705 0.03831146
v -0.20437184 -0.55921435 0.03687014
v -0.10119332 -0.57480216 0.02374716
v -0.05793360 -0.55442399 0.02101760
v -0.25299630 -0.47584173 -0.07695860
v -0.26757276 -0.49515826 -0.07284078
v -0.27861342 -0.51557440 -0.06079193
v -0.27965102 -0.53477043 -0.04329245
v -0.16886219 -0.32191253 0.09553858
v -0.01455203 -0.38788322 0.09130924
v -0.01175314 -0.36655679 0.10040900
v -0.02953310 -0.36322790 0.11532104
v -0.03578611 -0.49105060 0.06604686
v -0.05347946 -0.54590803 0.03582847
v -0.21952941 -0.35679269 -0.11705434
v -0.21030980 -0.35526210 -0.12707292
v -0.20991112 -0.37218824 -0.12779982
v -0.21900910 -0.37396336 -0.11771654
v -0.23230089 -0.36219019 -0.09573815
v -0.22685090 -0.35918656 -0.10637635
v -0.22611402 -0.37601039 -0.10698248
v -0.23157741 -0.37820005 -0.09647698
v -0.23588215 -0.36499101 -0.08469145
v -0.23531148 -0.38056761 -0.08555891
v -0.22515427 -0.34192044 -0.10334507
v -0.21744883 -0.33962649 -0.11408608
v -0.20850095 -0.33868533 -0.12420526
v -0.23407209 -0.34929246 -0.08220941
v -0.23057218 -0.34575227 -0.09257052
v -0.11766596 -0.56069785 -0.24789384
v -0.11784945 -0.55854309 -0.26510319
v -0.11298425 -0.58755600 -0.29874408
v -0.11274248 -0.59185159 -0.29909331
v -0.12489467 -0.52413779 -0.16673955
v -0.12432806 -0.53406036 -0.17084619
v -0.13769591 -0.36096507 -0.15847655
v -0.13704412 -0.39788753 -0.15981057
v -0.13533896 -0.41471955 -0.15530992
v -0.13426766 -0.43337971 -0.15465632
v -0.12670222 -0.51187921 -0.16407502
v -0.13793868 -0.37892655 -0.16037264
v -0.10978587 -0.08906081 0.19832101
v -0.08091410 -0.07602826 0.20683664
v -0.08914868 -0.10364059 0.20985296
v -0.06800035 -0.09478593 0.21485552
v -0.12143651 -0.16861089 0.19449466
v -0.11281268 -0.14274836 0.19983971
v -0.12754247 -0.19482176 0.18991537
v -0.04099097 -0.09215683 0.21864969
v -0.01033989 -0.09469625 0.21653762
v -0.00738016 -0.11898422 0.22183242
v -0.10266730 -0.20034009 0.20473573
v -0.09625776 -0.17455381 0.20939574
v -0.07697027 -0.11321098 0.21566071
v -0.10290165 -0.12025449 0.20565701
v -0.08254181 -0.12689325 0.21503977
v -0.03682466 -0.11348197 0.22299492
v -0.06062843 -0.11177719 0.21977508
v -0.01458285 -0.28347069 0.17237371
v 0.01716197 -0.26945251 0.17326701
v -0.01035419 -0.26496297 0.18486951
v -0.10798840 -0.26910365 0.17626715
v -0.08343711 -0.25603300 0.19311120
v -0.06140779 -0.13065121 0.22175702
v -0.03604024 -0.13638836 0.22497219
v -0.00675539 -0.14411107 0.22419903
v -0.02346641 -0.21886039 0.21425515
v -0.01539113 -0.19531834 0.22049674
v -0.04280643 -0.18740422 0.22149846
v -0.05034067 -0.21271856 0.21547885
v -0.08084798 -0.23260178 0.20456140
v -0.07582587 -0.20690592 0.21194416
v -0.02996745 -0.24155080 0.20465474
v -0.05553576 -0.23734184 0.20698240
v -0.05934519 -0.26012325 0.19508038
v -0.07017504 -0.18024975 0.21704707
v 0.02206304 -0.17726988 0.21630585
v -0.00947770 -0.17019671 0.22453114
v 0.05032254 -0.18312389 0.20167975
v -0.03510121 -0.26286632 0.19218403
v -0.03818819 -0.28202817 0.17783406
v -0.04015525 -0.29975951 0.16363923
v -0.04839363 -0.35838914 0.12638736
v -0.15629412 0.11628634 0.01612360
v 0.01562098 -0.04000351 0.04268974
v 0.03108891 -0.04641291 0.06807261
v -0.17764969 -0.11592308 0.08773636
v -0.15203190 -0.10099748 0.16575906
v -0.12696308 -0.11076596 0.19090775
v -0.04173318 -0.04184312 -0.01845265
v -0.01464093 -0.03590909 -0.00075440
v -0.17366515 -0.11060393 0.05277307
v -0.13704400 -0.07922226 -0.00300913
v 0.00204641 -0.03647643 0.02143039
v -0.08937885 -0.14899290 0.21271300
v -0.06508076 -0.15471277 0.22007471
v -0.03812917 -0.16200373 0.22430959
v 0.02460574 -0.15089774 0.21797031
v 0.05456961 -0.15962327 0.20245287
v -0.04538025 -0.08178160 -0.03783047
v -0.04601246 -0.08940375 -0.04635356
v -0.03478928 -0.08909100 -0.04978579
v -0.02795048 -0.07860085 -0.03945143
v -0.15339974 -0.17384315 -0.00168365
v -0.13879101 -0.16373564 -0.02782079
v -0.10345330 -0.15284637 -0.07094436
v -0.08357161 -0.15298057 -0.08674863
v -0.17717223 -0.20956898 0.07979274
v -0.12216672 -0.15652987 -0.05144659
v -0.17340070 -0.19704188 0.05398380
v -0.16524777 -0.18484971 0.02650245
v -0.03653868 0.49109787 0.21450058
v -0.03741209 0.51369619 0.22239071
v -0.03281561 0.50832021 0.23511626
v -0.03003341 0.48552841 0.22628430
v -0.03951549 0.47191375 0.25748456
v -0.02993241 0.47706598 0.24632093
v -0.05297723 0.46975800 0.26468188
v -0.04903402 0.49648833 0.27289841
v -0.06167686 0.49810579 0.27218038
v -0.06684460 0.47115600 0.26561818
v -0.07807855 0.47448295 0.25977364
v -0.08112571 0.50378990 0.25814420
v -0.09034673 0.50874603 0.24338487
v -0.09717014 0.48599851 0.23585020
v -0.08784972 0.47886148 0.25026864
v -0.09778477 0.49564648 0.21816368
v -0.09153578 0.51607859 0.22601917
v -0.08728852 0.50118685 0.20367157
v -0.04782045 0.49669021 0.20279837
v -0.04736814 0.51849270 0.20976739
v -0.03670540 0.49827340 0.26534164
v -0.02916045 0.50277448 0.25356019
v -0.02659387 0.48182541 0.23537210
v -0.03027452 0.50561655 0.24357769
v -0.03229334 0.53249478 0.24054211
v -0.03489038 0.53506410 0.22610235
v -0.03269370 0.52327847 0.27345946
v -0.02861995 0.52693498 0.26016706
v -0.05784170 0.52282965 0.27937436
v -0.04499920 0.52162814 0.28122976
v -0.07914153 0.52700955 0.26713306
v -0.07131387 0.50073773 0.26595071
v -0.06864808 0.52499092 0.27408320
v -0.08734922 0.52973318 0.25191465
v -0.08929901 0.53457415 0.23146690
v -0.04528294 0.53791112 0.21229437
v -0.03054515 0.52894580 0.24969080
v -0.13664290 0.63098598 0.10967275
v -0.13058314 0.63194311 0.10670258
v -0.13137148 0.62692696 0.10727413
v -0.13547400 0.62705791 0.10930579
v -0.10399657 0.63142723 0.09205241
v -0.09277286 0.63389492 0.09023189
v -0.09444509 0.62293112 0.08804634
v -0.10250148 0.62177759 0.08872231
v -0.12111811 0.63179040 0.09685817
v -0.12823266 0.63182080 0.09944123
v -0.12542680 0.63491225 0.10232235
v -0.12063665 0.63475865 0.10053991
v -0.14868781 0.62601900 0.13962112
v -0.15371054 0.62706709 0.14440614
v -0.15096302 0.62956858 0.14525980
v -0.14776772 0.63046336 0.14318015
v -0.14146578 0.63028717 0.12051794
v -0.14574105 0.63058460 0.12477066
v -0.14380735 0.63352901 0.12639228
v -0.14088336 0.63399601 0.12405939
v -0.10146676 0.61369562 0.10790210
v -0.10376798 0.61712015 0.09607978
v -0.09092258 0.61886311 0.09480661
v -0.08654033 0.61180866 0.10547744
v -0.08340451 0.62701398 0.09753694
v -0.08958702 0.63224685 0.10294013
v -0.08421177 0.63066304 0.11470892
v -0.07841627 0.62217629 0.10972568
v -0.10274369 0.63338876 0.10479713
v -0.09865868 0.63180053 0.11618684
v -0.10787594 0.62459499 0.11417304
v -0.11312929 0.62633121 0.10123008
v -0.12593496 0.62419641 0.11673051
v -0.13133740 0.62854052 0.10733566
v -0.12614310 0.62255949 0.10398579
v -0.12177197 0.61650026 0.11272503
v -0.11859543 0.62295347 0.10082129
v -0.11048946 0.61698961 0.10816469
v -0.10607521 0.62695646 0.11079170
v -0.11222599 0.62920958 0.09943409
v -0.11539613 0.63382864 0.10502505
v -0.10966211 0.63210177 0.11587693
v -0.11867616 0.63169289 0.11836075
v -0.12415327 0.63394034 0.10842338
v -0.13420746 0.61833906 0.12351768
v -0.13536058 0.62480068 0.11460621
v -0.12874869 0.62456578 0.11163225
v -0.12520385 0.61818337 0.11874437
v -0.12407176 0.63159811 0.11109798
v -0.12853153 0.63464183 0.11493652
v -0.12385061 0.63199341 0.12322071
v -0.12054266 0.62799251 0.11939084
v -0.13293540 0.63131589 0.12651768
v -0.13555039 0.63502622 0.11781134
v -0.13816920 0.62436467 0.12477475
v -0.14000164 0.62999386 0.11696831
v -0.14770758 0.62393522 0.14045472
v -0.14848930 0.62962586 0.13223326
v -0.14619434 0.62458676 0.12936601
v -0.14572379 0.61827642 0.13860725
v -0.14134786 0.62331867 0.12581269
v -0.13948795 0.61821359 0.13262564
v -0.13688125 0.62714088 0.12423231
v -0.13776331 0.63326621 0.12850568
v -0.13663858 0.63068342 0.13593566
v -0.13677841 0.62407732 0.13034952
v -0.14363085 0.63340920 0.13206226
v -0.14291888 0.63037968 0.14132585
v -0.15310121 0.61658138 0.15743643
v -0.15365428 0.62301052 0.16189551
v -0.15398932 0.62428260 0.15114111
v -0.15293340 0.61926746 0.14859012
v -0.14968723 0.61949682 0.14493576
v -0.14900658 0.61581540 0.15060410
v -0.14513183 0.62336671 0.14379552
v -0.14459302 0.62983716 0.14730415
v -0.14399943 0.62843776 0.15322179
v -0.14586385 0.62129593 0.14874637
v -0.15024133 0.62953496 0.15086190
v -0.14888701 0.62756890 0.15908934
v -0.08219761 0.60702157 0.11657655
v -0.10079674 0.61109853 0.11985768
v -0.09401307 0.63362014 0.09491457
v -0.07401820 0.61928678 0.12135341
v -0.10116483 0.63430071 0.09645580
v -0.09785436 0.63040519 0.12713164
v -0.08030529 0.62849551 0.12661867
v -0.10373910 0.62397462 0.11840434
v -0.12692480 0.62660885 0.09926896
v -0.11963940 0.62468994 0.12401292
v -0.11584063 0.63044339 0.13273010
v -0.12277716 0.62667000 0.09777040
v -0.11777291 0.61167324 0.12613852
v -0.13165361 0.61214447 0.13797659
v -0.13126333 0.63491887 0.10976110
v -0.13474384 0.63492596 0.11132539
v -0.13118517 0.62981832 0.14262235
v -0.13704437 0.62288606 0.13311049
v -0.14611006 0.62719846 0.12444605
v -0.14754745 0.62169933 0.14958876
v -0.14162046 0.62882459 0.15631680
v -0.14262971 0.62597305 0.12192560
v -0.14327767 0.61131966 0.15255737
v -0.15271945 0.62339044 0.14453784
v -0.15092342 0.62019861 0.17416145
v -0.14711635 0.62781537 0.17038035
v -0.15073998 0.62269723 0.14191946
v -0.15125848 0.61207873 0.16764823
v -0.06029692 0.50171947 0.19717219
v -0.05922956 0.52132940 0.20323566
v -0.07365502 0.50329047 0.19819769
v -0.08306022 0.52050936 0.21144994
v -0.07155873 0.52226877 0.20502001
v -0.05887975 0.53949761 0.20365340
v -0.08192609 0.53875303 0.21631590
v -0.07208172 0.53951943 0.20770580
v -0.07736433 0.54506719 0.27581453
v -0.08746800 0.54713786 0.25942469
v -0.06575420 0.54325831 0.28225288
v -0.04087993 0.54110682 0.28950724
v -0.05499367 0.54141217 0.28800708
v -0.06061596 0.55590630 0.20034248
v -0.04506912 0.55538112 0.21143425
v -0.07564308 0.55536830 0.20245822
v -0.08705050 0.55422056 0.21363921
v -0.07455216 0.60142815 0.12869178
v -0.06925043 0.59905207 0.14654887
v -0.08523881 0.59022200 0.14746089
v -0.09266065 0.60004473 0.13295445
v -0.10222553 0.59072614 0.15702757
v -0.10925522 0.60168636 0.14154871
v -0.11531574 0.59331179 0.16983014
v -0.12378777 0.60304487 0.15370330
v -0.12569854 0.59634566 0.18385665
v -0.13559304 0.60465264 0.16812441
v -0.13298160 0.60291684 0.19774327
v -0.14413990 0.60780334 0.18170604
v -0.13643582 0.61252838 0.20630789
v -0.14616162 0.61691797 0.18948832
v -0.06685698 0.61629879 0.13421193
v -0.06268632 0.61293018 0.15149076
v -0.07415815 0.62732691 0.14156166
v -0.06944779 0.62579238 0.15914293
v -0.08927209 0.62838310 0.14749262
v -0.08355789 0.62641573 0.16582428
v -0.13237977 0.62467223 0.20430596
v -0.14112440 0.62779701 0.18607706
v -0.10600834 0.62870818 0.15638578
v -0.09905461 0.62583905 0.17518848
v -0.12075036 0.62985909 0.16681021
v -0.11268327 0.62683022 0.18605158
v -0.13248591 0.63015902 0.17720968
v -0.12364657 0.62740272 0.19636077
v -0.07490802 0.58303189 0.16626813
v -0.09351265 0.57834822 0.17343242
v -0.10525881 0.58105314 0.18730178
v -0.11339705 0.58678949 0.20219989
v -0.11931714 0.59628224 0.21604195
v -0.12381705 0.60637599 0.22388989
v -0.10246643 0.57384807 0.22447547
v -0.10483596 0.59085399 0.23574492
v -0.10874148 0.60242498 0.24127448
v -0.09282942 0.58537602 0.25666001
v -0.09505836 0.59835720 0.25947428
v -0.07028344 0.58015215 0.28964639
v -0.07176332 0.59439468 0.29354173
v -0.08269887 0.59470606 0.27807763
v -0.08014193 0.58150148 0.27522144
v -0.09235094 0.56888020 0.24806555
v -0.08255292 0.56412756 0.26814663
v -0.07166681 0.56181353 0.28213531
v -0.05070999 0.59234834 0.30852973
v -0.06240879 0.59369552 0.30338904
v -0.06139909 0.57924229 0.29916656
v -0.05054690 0.57724023 0.30573988
v -0.03363541 0.57681859 0.30703592
v -0.03456523 0.59293127 0.30632985
v -0.02185830 0.58022827 0.29236218
v -0.02263697 0.59541404 0.29336554
v -0.05166785 0.55905843 0.29595497
v -0.06209084 0.56048167 0.29062647
v -0.03694494 0.55833375 0.29847777
v -0.02644399 0.56085145 0.28580397
v -0.02875208 0.56422728 0.26990864
v -0.02542749 0.58391881 0.27433830
v -0.02224604 0.59832013 0.27553543
v -0.06346455 0.59666049 0.16849792
v -0.06074769 0.60810912 0.17333947
v -0.09602860 0.56757504 0.20302823
v -0.08347331 0.56650352 0.18940008
v -0.06353598 0.57219195 0.18875316
v -0.05432962 0.59164870 0.19108339
v -0.05573981 0.60456383 0.19745427
v -0.04884119 0.60169935 0.21824190
v -0.04539522 0.58992332 0.21309206
v -0.06596261 0.61804283 0.18021840
v -0.06130455 0.61105967 0.20311931
v -0.05315058 0.60794342 0.22289826
v -0.03875350 0.60084021 0.23544569
v -0.03721555 0.58863693 0.23173931
v -0.03191755 0.59960085 0.24981076
v -0.03280263 0.58603799 0.24719097
v -0.02965427 0.58440697 0.26001090
v -0.02690152 0.59891212 0.26208824
v -0.03350213 0.56723905 0.24485591
v -0.03113221 0.56516397 0.25657368
v -0.03783499 0.57076579 0.22930308
v -0.04623956 0.57241571 0.21011098
v -0.12085116 0.61884278 0.22328180
v -0.10728386 0.61308503 0.24115226
v -0.09323645 0.60811472 0.25886446
v -0.08015115 0.60610712 0.27702674
v -0.06788464 0.60540640 0.29055312
v -0.05873009 0.60449910 0.29806790
v -0.03610569 0.60283166 0.30020568
v -0.04874760 0.60327554 0.30253056
v -0.02742895 0.60436976 0.29108238
v -0.02751135 0.60745990 0.27687600
v -0.03128242 0.60932678 0.26503742
v -0.04315084 0.60849142 0.23999605
v -0.03572581 0.60937279 0.25348812
v -0.03357193 0.55347872 0.22752997
v -0.03044087 0.55062020 0.24367207
v -0.02938540 0.54747355 0.25366351
v -0.02961057 0.54209065 0.27825928
v -0.02794850 0.54537010 0.26406538
v -0.07727715 0.62119293 0.18732274
v -0.09109830 0.62090212 0.19688876
v -0.10307768 0.62185621 0.20758775
v -0.11283845 0.62226069 0.21684662
v -0.10086200 0.61728930 0.23641807
v -0.09165043 0.61746079 0.22891286
v -0.08031141 0.61710942 0.21936780
v -0.06935508 0.61494780 0.20977664
v -0.08701836 0.61337984 0.25398889
v -0.07902856 0.61448276 0.24708384
v -0.06839837 0.61451519 0.23880708
v -0.05964832 0.61281788 0.22954716
v -0.04923792 0.61330640 0.24650723
v -0.05667348 0.61355150 0.25530791
v -0.06596218 0.61299312 0.26297307
v -0.07316607 0.61125928 0.27062380
v -0.06218220 0.60967779 0.28320384
v -0.05591322 0.61114532 0.27518892
v -0.04782900 0.61202371 0.26784977
v -0.04195594 0.61224866 0.26011628
v -0.05465475 0.60851973 0.28969318
v -0.03905474 0.60705239 0.29365522
v -0.04745886 0.60712081 0.29324609
v -0.03303309 0.60772502 0.28809085
v -0.03395096 0.60972106 0.27832046
v -0.03734841 0.61121929 0.26942265
v -0.04330437 0.61073864 0.27515742
v -0.03992135 0.60952437 0.28116962
v -0.05017779 0.60980344 0.28206638
v -0.04524466 0.60859370 0.28641742
v -0.03799120 0.60824668 0.28628284
v -0.04073340 0.60784912 0.28881407
v -0.09214204 0.55347180 0.23454809
v -0.11166979 0.28153557 0.06032862
v -0.09585035 0.28019065 0.05614227
v -0.12713009 0.27706191 0.06716165
v -0.15927759 -0.10312125 0.02198341
v -0.15101458 -0.24357729 -0.04326240
v -0.15510148 -0.27143249 -0.05093177
v -0.15298305 -0.25673589 -0.04711986
v -0.16264835 -0.08395246 0.02171272
v -0.18149722 -0.31580970 0.00703242
v -0.21750402 -0.39114091 -0.11699240
v -0.19193804 -0.68360716 -0.23092146
v -0.19011977 -0.68091643 -0.22869740
v -0.18895744 -0.67940223 -0.22565611
v -0.18835548 -0.67825663 -0.22238268
v -0.18754876 -0.67793751 -0.21897443
v -0.18571651 -0.67949277 -0.21596929
v -0.19066925 -0.68162972 -0.22405216
v -0.18794605 -0.68485868 -0.22279422
v -0.18828776 -0.68595362 -0.22475672
v -0.19110635 -0.68294203 -0.22632074
f 2 3 1
f 1 3 4
f 3 2 5
f 5 2 6
f 3 7 4
f 4 7 8
f 10 11 9
f 9 11 12
f 14 15 13
f 13 15 16
f 18 19 17
f 17 19 20
f 22 23 21
f 21 23 24
f 26 18 25
f 25 18 17
f 27 28 17
f 17 28 25
f 30 31 29
f 29 31 32
f 34 35 33
f 33 35 36
f 21 24 37
f 37 24 38
f 40 31 39
f 39 31 38
f 34 33 28
f 28 33 25
f 41 42 44
f 44 42 43
f 36 45 33
f 33 45 25
f 46 47 49
f 49 47 48
f 51 52 50
f 50 52 53
f 55 53 54
f 54 53 52
f 57 58 56
f 56 58 59
f 61 62 60
f 60 62 63
f 65 66 64
f 64 66 67
f 69 70 68
f 68 70 71
f 65 73 72
f 72 73 74
f 64 75 65
f 65 75 73
f 77 78 76
f 76 78 79
f 80 81 83
f 83 81 82
f 81 85 84
f 84 85 86
f 88 89 87
f 87 89 69
f 88 87 90
f 90 87 91
f 93 94 92
f 92 94 95
f 96 84 43
f 43 84 44
f 51 98 97
f 97 98 86
f 97 99 51
f 51 99 52
f 54 52 100
f 100 52 99
f 58 101 59
f 59 101 102
f 62 103 63
f 63 103 104
f 105 106 6
f 6 106 5
f 108 109 107
f 107 109 110
f 112 113 111
f 111 113 114
f 116 117 115
f 115 117 118
f 120 121 119
f 119 121 122
f 124 125 123
f 123 125 126
f 128 129 127
f 127 129 130
f 130 131 127
f 127 131 132
f 134 1 133
f 133 1 135
f 1 4 135
f 135 4 136
f 4 8 136
f 136 8 137
f 138 139 15
f 15 139 140
f 140 139 141
f 141 139 142
f 144 57 143
f 143 57 56
f 145 146 141
f 141 146 147
f 146 149 148
f 148 149 150
f 152 153 151
f 151 153 154
f 141 147 140
f 140 147 155
f 157 11 156
f 156 11 158
f 160 161 159
f 159 161 162
f 164 165 163
f 163 165 166
f 165 160 166
f 166 160 159
f 168 169 167
f 167 169 170
f 169 171 170
f 170 171 172
f 149 173 150
f 150 173 174
f 175 176 149
f 149 176 173
f 178 172 177
f 177 172 171
f 180 181 179
f 179 181 182
f 184 180 183
f 183 180 179
f 186 187 185
f 185 187 188
f 190 191 189
f 189 191 192
f 7 193 8
f 8 193 194
f 196 162 195
f 195 162 161
f 197 168 198
f 198 168 167
f 181 199 182
f 182 199 200
f 202 203 201
f 201 203 204
f 187 186 205
f 205 186 206
f 208 209 207
f 207 209 210
f 212 213 211
f 211 213 214
f 215 216 218
f 218 216 217
f 220 209 219
f 219 209 208
f 204 186 221
f 221 186 185
f 201 204 222
f 222 204 221
f 223 211 220
f 220 211 209
f 224 225 214
f 214 225 210
f 203 206 204
f 204 206 186
f 227 187 226
f 226 187 205
f 27 228 21
f 21 228 22
f 230 231 229
f 229 231 232
f 234 235 233
f 233 235 236
f 238 239 237
f 237 239 240
f 119 122 118
f 118 122 115
f 112 242 241
f 241 242 243
f 98 51 244
f 244 51 50
f 245 138 14
f 14 138 15
f 11 10 158
f 158 10 246
f 89 85 69
f 69 85 70
f 11 157 12
f 12 157 247
f 249 164 248
f 248 164 163
f 177 250 178
f 178 250 251
f 253 254 252
f 252 254 255
f 187 227 188
f 188 227 256
f 212 257 213
f 213 257 258
f 260 134 259
f 259 134 133
f 165 164 135
f 135 164 133
f 160 165 136
f 136 165 135
f 136 137 160
f 160 137 161
f 137 261 161
f 161 261 195
f 263 264 262
f 262 264 265
f 13 16 266
f 266 16 267
f 268 267 155
f 155 267 16
f 147 269 155
f 155 269 268
f 162 196 167
f 167 196 198
f 167 170 162
f 162 170 159
f 170 172 159
f 159 172 166
f 172 178 166
f 166 178 163
f 178 251 163
f 163 251 248
f 168 270 169
f 169 270 271
f 272 273 171
f 171 273 177
f 271 272 169
f 169 272 171
f 168 197 270
f 270 197 274
f 250 177 275
f 275 177 273
f 277 45 276
f 276 45 278
f 280 281 279
f 279 281 282
f 284 104 283
f 283 104 103
f 285 215 286
f 286 215 218
f 288 289 287
f 287 289 290
f 291 80 66
f 66 80 83
f 293 294 292
f 292 294 295
f 73 91 74
f 74 91 87
f 91 73 92
f 92 73 75
f 279 77 280
f 280 77 76
f 80 291 70
f 70 291 71
f 277 47 96
f 96 47 82
f 297 175 296
f 296 175 149
f 299 154 298
f 298 154 153
f 225 300 210
f 210 300 207
f 224 301 206
f 206 301 205
f 210 209 214
f 214 209 211
f 226 205 302
f 302 205 301
f 304 305 303
f 303 305 306
f 308 309 307
f 307 309 310
f 72 291 65
f 65 291 66
f 66 83 67
f 67 83 46
f 312 313 311
f 311 313 314
f 316 317 315
f 315 317 36
f 29 318 35
f 35 318 319
f 321 32 320
f 320 32 322
f 311 314 323
f 323 314 324
f 315 325 316
f 316 325 326
f 318 287 319
f 319 287 290
f 328 321 327
f 327 321 320
f 329 330 39
f 39 330 331
f 332 333 40
f 40 333 322
f 309 334 285
f 285 334 335
f 236 2 134
f 134 2 1
f 260 336 233
f 233 336 337
f 237 14 265
f 265 14 13
f 84 86 44
f 44 86 98
f 189 192 7
f 7 192 193
f 44 98 41
f 41 98 244
f 237 240 14
f 14 240 245
f 7 3 189
f 189 3 5
f 338 71 72
f 72 71 291
f 262 265 266
f 266 265 13
f 124 123 339
f 339 123 105
f 123 109 105
f 105 109 106
f 189 5 190
f 190 5 106
f 111 114 12
f 12 114 9
f 264 340 265
f 265 340 237
f 342 343 341
f 341 343 344
f 6 235 105
f 105 235 339
f 234 346 345
f 345 346 347
f 349 350 348
f 348 350 351
f 107 352 108
f 108 352 353
f 355 356 354
f 354 356 357
f 237 340 238
f 238 340 358
f 12 247 111
f 111 247 359
f 264 263 116
f 116 263 360
f 361 362 222
f 222 362 201
f 364 365 363
f 363 365 366
f 368 369 367
f 367 369 370
f 372 373 371
f 371 373 374
f 375 376 372
f 372 376 377
f 378 379 381
f 381 379 380
f 382 383 269
f 269 383 268
f 150 174 365
f 365 174 384
f 380 377 381
f 381 377 376
f 271 270 180
f 180 270 181
f 273 272 252
f 252 272 184
f 272 271 184
f 184 271 180
f 181 270 274
f 252 255 273
f 273 255 275
f 254 385 255
f 255 385 386
f 387 388 179
f 179 388 183
f 389 387 182
f 182 387 179
f 182 200 389
f 389 200 390
f 388 391 183
f 183 391 253
f 391 392 253
f 253 392 254
f 394 379 393
f 393 379 378
f 185 188 395
f 395 188 396
f 221 185 397
f 397 185 395
f 222 221 398
f 398 221 397
f 188 256 396
f 396 256 399
f 400 401 256
f 256 401 399
f 402 403 405
f 405 403 404
f 148 150 364
f 364 150 365
f 393 406 394
f 394 406 407
f 158 246 393
f 393 246 406
f 342 19 238
f 238 19 239
f 23 22 350
f 350 22 354
f 244 50 245
f 245 50 138
f 55 142 53
f 53 142 139
f 145 144 296
f 296 144 143
f 355 228 341
f 341 228 20
f 41 240 42
f 42 240 239
f 283 308 284
f 284 308 307
f 349 409 408
f 408 409 410
f 244 245 41
f 41 245 240
f 268 383 406
f 406 383 407
f 346 411 349
f 349 411 409
f 251 412 248
f 248 412 413
f 275 414 250
f 250 414 415
f 25 45 26
f 26 45 277
f 43 26 96
f 96 26 277
f 416 417 61
f 61 417 62
f 329 24 408
f 408 24 23
f 31 40 32
f 32 40 322
f 39 38 329
f 329 38 24
f 37 38 30
f 30 38 31
f 418 419 421
f 421 419 420
f 78 295 79
f 79 295 294
f 124 339 422
f 422 339 345
f 232 131 357
f 357 131 351
f 2 236 6
f 6 236 235
f 252 184 253
f 253 184 183
f 227 423 256
f 256 423 400
f 423 227 305
f 305 227 226
f 424 258 425
f 425 258 257
f 426 427 212
f 212 427 257
f 259 133 249
f 249 133 164
f 419 418 428
f 428 418 429
f 327 430 328
f 328 430 288
f 49 431 46
f 46 431 67
f 306 302 424
f 424 302 258
f 313 432 314
f 314 432 433
f 32 321 29
f 29 321 318
f 324 314 433
f 287 318 328
f 328 318 321
f 134 260 236
f 236 260 233
f 345 339 234
f 234 339 235
f 357 351 354
f 354 351 350
f 408 23 349
f 349 23 350
f 317 278 36
f 36 278 45
f 432 313 429
f 429 313 428
f 435 428 434
f 434 428 313
f 42 239 18
f 18 239 19
f 43 42 26
f 26 42 18
f 121 120 436
f 436 120 437
f 302 301 258
f 258 301 213
f 110 109 126
f 126 109 123
f 238 358 342
f 342 358 343
f 341 20 342
f 342 20 19
f 322 438 320
f 320 438 439
f 320 439 327
f 327 439 430
f 333 440 322
f 322 440 438
f 289 288 323
f 323 288 430
f 115 340 116
f 116 340 264
f 146 145 149
f 149 145 296
f 15 140 16
f 16 140 155
f 441 442 152
f 152 442 153
f 225 224 203
f 203 224 206
f 175 297 154
f 154 297 151
f 293 443 294
f 294 443 444
f 248 413 249
f 249 413 445
f 446 447 400
f 400 447 401
f 388 387 396
f 396 387 395
f 387 389 395
f 395 389 397
f 391 388 399
f 399 388 396
f 401 392 399
f 399 392 391
f 255 386 275
f 275 386 414
f 449 450 448
f 448 450 451
f 335 452 285
f 285 452 215
f 453 298 442
f 442 298 153
f 211 223 212
f 212 223 426
f 425 257 454
f 454 257 427
f 266 10 262
f 262 10 9
f 360 113 456
f 456 113 455
f 8 194 137
f 137 194 261
f 10 266 246
f 246 266 267
f 203 202 225
f 225 202 300
f 262 9 263
f 263 9 114
f 108 353 190
f 190 353 191
f 389 390 397
f 397 390 398
f 457 422 128
f 128 422 129
f 156 158 378
f 378 158 393
f 347 346 348
f 348 346 349
f 447 458 401
f 401 458 392
f 364 382 148
f 148 382 269
f 55 54 57
f 57 54 58
f 75 64 459
f 459 64 460
f 100 90 101
f 101 90 95
f 101 58 100
f 100 58 54
f 142 55 144
f 144 55 57
f 147 146 269
f 269 146 148
f 459 93 75
f 75 93 92
f 144 145 142
f 142 145 141
f 228 27 20
f 20 27 17
f 154 299 175
f 175 299 176
f 214 213 224
f 224 213 301
f 424 461 306
f 306 461 303
f 285 286 309
f 309 286 310
f 462 334 308
f 308 334 309
f 302 306 226
f 226 306 305
f 37 28 21
f 21 28 27
f 29 35 30
f 30 35 34
f 30 34 37
f 37 34 28
f 344 436 356
f 356 436 229
f 325 290 326
f 326 290 289
f 311 439 312
f 312 439 438
f 35 319 36
f 36 319 315
f 439 311 430
f 430 311 323
f 315 319 325
f 325 319 290
f 440 463 438
f 438 463 312
f 341 344 355
f 355 344 356
f 360 456 116
f 116 456 117
f 354 22 355
f 355 22 228
f 326 289 324
f 324 289 323
f 74 87 68
f 68 87 69
f 50 53 138
f 138 53 139
f 268 406 267
f 267 406 246
f 190 106 108
f 108 106 109
f 241 455 112
f 112 455 113
f 358 122 343
f 343 122 121
f 129 347 130
f 130 347 348
f 348 351 130
f 130 351 131
f 229 232 356
f 356 232 357
f 340 115 358
f 358 115 122
f 111 359 112
f 112 359 242
f 125 124 457
f 457 124 422
f 231 132 232
f 232 132 131
f 343 121 344
f 344 121 436
f 263 114 360
f 360 114 113
f 347 129 345
f 345 129 422
f 230 229 437
f 437 229 436
f 464 446 423
f 423 446 400
f 465 466 468
f 468 466 467
f 470 471 469
f 469 471 472
f 469 472 373
f 373 472 374
f 474 469 473
f 473 469 373
f 471 475 472
f 472 475 476
f 472 477 374
f 374 477 478
f 477 472 476
f 479 480 476
f 476 480 477
f 473 373 377
f 377 373 372
f 481 482 479
f 479 482 480
f 483 484 481
f 481 484 482
f 403 402 485
f 485 402 486
f 487 488 483
f 483 488 484
f 487 489 488
f 488 489 490
f 489 491 490
f 490 491 492
f 491 493 492
f 492 493 494
f 493 495 494
f 494 495 496
f 497 498 481
f 481 498 483
f 484 499 482
f 482 499 367
f 370 480 367
f 367 480 482
f 480 370 477
f 477 370 478
f 500 497 479
f 479 497 481
f 451 473 380
f 380 473 377
f 448 451 379
f 379 451 380
f 501 502 504
f 504 502 503
f 449 505 507
f 507 505 506
f 486 508 505
f 505 508 506
f 508 509 506
f 506 509 510
f 511 507 510
f 510 507 506
f 509 508 512
f 512 508 513
f 515 509 514
f 514 509 512
f 509 515 510
f 510 515 516
f 510 516 511
f 511 516 517
f 486 505 485
f 485 505 518
f 505 449 518
f 518 449 448
f 383 382 403
f 403 382 404
f 363 404 364
f 364 404 382
f 403 485 383
f 383 485 407
f 519 520 361
f 361 520 362
f 522 496 521
f 521 496 495
f 450 474 451
f 451 474 473
f 363 366 523
f 523 366 524
f 525 499 488
f 488 499 484
f 488 490 525
f 525 490 526
f 496 522 520
f 520 522 527
f 494 496 519
f 519 496 520
f 492 494 528
f 528 494 519
f 529 530 495
f 495 530 521
f 490 492 526
f 526 492 528
f 529 495 531
f 531 495 493
f 533 534 532
f 532 534 535
f 523 524 533
f 533 524 534
f 486 402 532
f 532 402 533
f 529 536 530
f 530 536 537
f 536 538 537
f 537 538 539
f 540 541 539
f 539 541 537
f 530 537 535
f 535 537 541
f 542 539 543
f 543 539 538
f 539 542 540
f 540 542 544
f 541 540 513
f 513 540 512
f 540 544 512
f 512 544 514
f 546 547 545
f 545 547 548
f 549 550 531
f 531 550 551
f 550 549 552
f 552 549 553
f 546 550 554
f 554 550 552
f 547 546 555
f 555 546 554
f 498 556 558
f 558 556 557
f 559 557 560
f 560 557 556
f 561 562 560
f 560 562 559
f 557 559 552
f 552 559 554
f 559 562 554
f 554 562 555
f 558 557 553
f 553 557 552
f 475 471 563
f 563 471 564
f 565 563 567
f 567 563 566
f 471 470 564
f 564 470 466
f 564 466 568
f 568 466 465
f 568 465 569
f 569 465 570
f 572 573 571
f 571 573 574
f 569 575 567
f 567 575 576
f 577 565 576
f 576 565 567
f 578 579 581
f 581 579 580
f 575 561 576
f 576 561 560
f 556 577 560
f 560 577 576
f 577 556 497
f 497 556 498
f 565 577 500
f 500 577 497
f 563 565 475
f 475 565 500
f 553 489 558
f 558 489 487
f 531 493 549
f 549 493 491
f 489 553 491
f 491 553 549
f 394 407 518
f 518 407 485
f 518 448 394
f 394 448 379
f 545 548 538
f 538 548 543
f 551 545 536
f 536 545 538
f 536 529 551
f 551 529 531
f 507 582 449
f 449 582 450
f 511 583 507
f 507 583 582
f 511 517 583
f 583 517 584
f 585 586 588
f 588 586 587
f 590 591 589
f 589 591 592
f 591 590 593
f 593 590 594
f 596 597 595
f 595 597 598
f 599 600 602
f 602 600 601
f 604 605 603
f 603 605 606
f 608 609 607
f 607 609 610
f 612 613 611
f 611 613 614
f 615 616 618
f 618 616 617
f 620 621 619
f 619 621 622
f 624 625 623
f 623 625 626
f 628 629 627
f 627 629 630
f 632 633 631
f 631 633 634
f 635 636 638
f 638 636 637
f 639 640 642
f 642 640 641
f 644 645 643
f 643 645 646
f 619 622 647
f 647 622 648
f 650 651 649
f 649 651 652
f 601 653 602
f 602 653 654
f 656 657 655
f 655 657 658
f 660 661 659
f 659 661 662
f 664 665 663
f 663 665 666
f 593 594 667
f 667 594 668
f 669 670 672
f 672 670 671
f 673 674 676
f 676 674 675
f 633 632 677
f 677 632 678
f 663 666 679
f 679 666 680
f 681 682 684
f 684 682 683
f 686 687 685
f 685 687 688
f 690 661 689
f 689 661 691
f 693 686 692
f 692 686 685
f 695 597 694
f 694 597 668
f 594 696 668
f 668 696 694
f 697 698 696
f 696 698 699
f 700 701 697
f 697 701 698
f 702 585 703
f 703 585 588
f 671 690 672
f 672 690 689
f 640 639 704
f 704 639 705
f 679 706 663
f 663 706 658
f 708 709 707
f 707 709 710
f 711 712 610
f 610 712 607
f 713 714 716
f 716 714 715
f 717 718 720
f 720 718 719
f 722 634 721
f 721 634 633
f 724 725 723
f 723 725 726
f 728 729 727
f 727 729 730
f 732 733 731
f 731 733 734
f 707 710 735
f 735 710 736
f 643 737 644
f 644 737 738
f 740 741 739
f 739 741 742
f 608 744 743
f 743 744 745
f 747 748 746
f 746 748 749
f 751 752 750
f 750 752 753
f 754 755 757
f 757 755 756
f 758 759 761
f 761 759 760
f 763 764 762
f 762 764 765
f 767 768 766
f 766 768 769
f 771 772 770
f 770 772 773
f 775 776 774
f 774 776 777
f 779 780 778
f 778 780 781
f 783 712 782
f 782 712 784
f 785 786 788
f 788 786 787
f 790 628 789
f 789 628 627
f 792 793 791
f 791 793 794
f 795 796 726
f 726 796 723
f 798 799 797
f 797 799 800
f 721 633 801
f 801 633 677
f 797 800 802
f 802 800 803
f 805 806 804
f 804 806 807
f 809 810 808
f 808 810 811
f 813 814 812
f 812 814 815
f 809 808 817
f 817 808 816
f 818 819 804
f 804 819 805
f 820 821 818
f 818 821 819
f 821 820 587
f 587 820 822
f 809 823 810
f 810 823 824
f 814 807 815
f 815 807 806
f 826 426 825
f 825 426 223
f 426 826 427
f 427 826 827
f 828 829 454
f 454 829 830
f 831 832 677
f 677 832 801
f 834 835 833
f 833 835 836
f 838 839 837
f 837 839 840
f 841 842 844
f 844 842 843
f 845 846 803
f 803 846 802
f 847 831 678
f 678 831 677
f 848 849 851
f 851 849 850
f 853 854 852
f 852 854 855
f 857 858 856
f 856 858 680
f 860 861 859
f 859 861 862
f 864 865 863
f 863 865 866
f 868 869 867
f 867 869 870
f 839 871 840
f 840 871 872
f 849 848 874
f 874 848 873
f 876 877 875
f 875 877 878
f 880 881 879
f 879 881 882
f 883 884 886
f 886 884 885
f 846 887 802
f 802 887 888
f 890 891 889
f 889 891 888
f 893 894 892
f 892 894 895
f 896 897 728
f 728 897 729
f 899 900 898
f 898 900 901
f 902 852 904
f 904 852 903
f 849 905 850
f 850 905 906
f 875 878 907
f 907 878 908
f 910 911 909
f 909 911 912
f 914 915 913
f 913 915 916
f 917 918 862
f 862 918 859
f 919 920 856
f 856 920 921
f 923 924 922
f 922 924 925
f 926 927 925
f 925 927 922
f 929 930 928
f 928 930 693
f 932 695 931
f 931 695 694
f 823 867 824
f 824 867 933
f 935 936 934
f 934 936 937
f 938 868 823
f 823 868 867
f 940 847 939
f 939 847 678
f 632 655 678
f 678 655 939
f 941 942 619
f 619 942 620
f 687 943 688
f 688 943 944
f 851 850 945
f 945 850 903
f 850 906 903
f 903 906 904
f 946 947 949
f 949 947 948
f 951 952 950
f 950 952 953
f 955 956 954
f 954 956 957
f 907 958 875
f 875 958 874
f 960 961 959
f 959 961 962
f 963 853 902
f 902 853 852
f 909 964 910
f 910 964 965
f 967 968 966
f 966 968 969
f 971 972 970
f 970 972 973
f 974 960 975
f 975 960 959
f 977 978 976
f 976 978 979
f 981 977 980
f 980 977 976
f 980 982 981
f 981 982 983
f 985 983 984
f 984 983 982
f 984 986 985
f 985 986 987
f 989 990 988
f 988 990 991
f 993 994 992
f 992 994 995
f 997 998 996
f 996 998 999
f 1001 1002 1000
f 1000 1002 1003
f 1005 1006 1004
f 1004 1006 1007
f 1004 1008 1005
f 1005 1008 1009
f 1008 1010 1009
f 1009 1010 1011
f 1013 1011 1012
f 1012 1011 1010
f 1014 1015 1017
f 1017 1015 1016
f 1019 1020 1018
f 1018 1020 1021
f 1022 1023 976
f 976 1023 980
f 1024 1025 982
f 982 1025 984
f 992 995 1026
f 1026 995 1027
f 956 955 1028
f 1028 955 1029
f 1030 1031 1033
f 1033 1031 1032
f 1010 1008 1034
f 1034 1008 1035
f 1008 1004 1035
f 1035 1004 1036
f 1037 1038 1002
f 1002 1038 1007
f 1002 1001 1037
f 1037 1001 1039
f 1040 1041 997
f 997 1041 998
f 1015 1014 1043
f 1043 1014 1042
f 1044 1045 1047
f 1047 1045 1046
f 1044 1020 1048
f 1048 1020 1049
f 1050 1051 1003
f 1003 1051 1000
f 1052 1050 1006
f 1006 1050 1003
f 1053 1054 1011
f 1011 1054 1009
f 1013 1045 1055
f 1055 1045 1056
f 1058 1059 1057
f 1057 1059 1060
f 1062 1063 1061
f 1061 1063 1064
f 1065 1066 1050
f 1050 1066 1051
f 1067 1065 1052
f 1052 1065 1050
f 1068 1069 1054
f 1054 1069 1070
f 1071 1068 1053
f 1053 1068 1054
f 1073 1071 1072
f 1072 1071 1074
f 1074 1071 1055
f 1055 1071 1053
f 1076 1077 1075
f 1075 1077 1078
f 1079 1080 1057
f 1057 1080 1058
f 1081 1082 1064
f 1064 1082 1061
f 1084 1085 1083
f 1083 1085 1086
f 1088 1089 1087
f 1087 1089 1090
f 1092 1093 1091
f 1091 1093 1094
f 1096 1097 1095
f 1095 1097 1098
f 1099 1100 1102
f 1102 1100 1101
f 1103 1104 1099
f 1099 1104 1100
f 1106 1107 1105
f 1105 1107 1108
f 1110 1111 1109
f 1109 1111 1112
f 1114 1115 1113
f 1113 1115 1116
f 1118 1119 1117
f 1117 1119 1077
f 1117 1120 1122
f 1122 1120 1121
f 1105 1123 1106
f 1106 1123 1124
f 1125 1126 1128
f 1128 1126 1127
f 1130 1131 1129
f 1129 1131 1132
f 1134 1135 1133
f 1133 1135 1114
f 1113 1136 1114
f 1114 1136 1133
f 1118 1137 1113
f 1113 1137 1136
f 1118 1117 1137
f 1137 1117 1122
f 1139 1140 1138
f 1138 1140 1141
f 1143 953 1142
f 1142 953 952
f 1145 957 1144
f 1144 957 956
f 1028 1146 956
f 956 1146 1144
f 1014 1147 1042
f 1042 1147 1148
f 1014 1017 1147
f 1147 1017 1149
f 1059 1058 1150
f 1150 1058 1151
f 1153 1080 1152
f 1152 1080 1154
f 1156 1088 1155
f 1155 1088 1087
f 1157 1158 1106
f 1106 1158 1107
f 1106 1124 1157
f 1157 1124 1159
f 1161 1162 1160
f 1160 1162 1163
f 1165 1166 1164
f 1164 1166 1167
f 1168 1031 1012
f 1012 1031 1046
f 1024 1023 1035
f 1035 1023 1034
f 1036 1038 1025
f 1025 1038 1169
f 1170 1171 1039
f 1039 1171 1037
f 1028 1029 1042
f 1042 1029 1043
f 1172 1173 1175
f 1175 1173 1174
f 1055 1053 1013
f 1013 1053 1011
f 1005 1009 1070
f 1070 1009 1054
f 996 999 1062
f 1062 999 1063
f 1016 1060 1017
f 1017 1060 1059
f 1017 1059 1149
f 1149 1059 1150
f 1177 1178 1176
f 1176 1178 1103
f 1176 1072 1179
f 1179 1072 1074
f 1073 1102 1086
f 1086 1102 1083
f 1180 1181 1067
f 1067 1181 1065
f 1182 1183 1184
f 1184 1183 1181
f 1186 1187 1185
f 1185 1187 1188
f 1189 1190 798
f 798 1190 799
f 1192 1193 1191
f 1191 1193 1194
f 1195 1196 1194
f 1194 1196 1191
f 1196 1195 1198
f 1198 1195 1197
f 1200 674 1199
f 1199 674 673
f 928 1201 1203
f 1203 1201 1202
f 861 1204 862
f 862 1204 921
f 1205 1206 913
f 913 1206 1207
f 882 1208 879
f 879 1208 1209
f 1210 1211 1167
f 1167 1211 1164
f 1212 769 1213
f 1213 769 768
f 727 1214 728
f 728 1214 1215
f 1217 1218 1216
f 1216 1218 1219
f 1220 813 1221
f 1221 813 812
f 827 828 427
f 427 828 454
f 1223 1224 1222
f 1222 1224 1165
f 1226 1227 1225
f 1225 1227 1228
f 851 1229 848
f 848 1229 1230
f 834 854 835
f 835 854 1231
f 1233 1234 1232
f 1232 1234 1235
f 1237 751 1236
f 1236 751 750
f 743 819 1238
f 1238 819 821
f 1240 1241 1239
f 1239 1241 1242
f 1244 1245 1243
f 1243 1245 1246
f 844 1247 841
f 841 1247 1248
f 1250 1251 1249
f 1249 1251 1252
f 1254 893 1253
f 1253 893 1237
f 1255 1256 1258
f 1258 1256 1257
f 1260 1261 1259
f 1259 1261 1262
f 945 903 855
f 855 903 852
f 855 1263 945
f 945 1263 1264
f 832 845 801
f 801 845 803
f 800 721 803
f 803 721 801
f 721 800 722
f 722 800 799
f 1266 1267 1265
f 1265 1267 1268
f 1270 795 1269
f 1269 795 726
f 725 1271 726
f 726 1271 1269
f 737 765 738
f 738 765 764
f 759 740 760
f 760 740 739
f 717 1272 1274
f 1274 1272 1273
f 1163 1226 1275
f 1275 1226 1225
f 1277 882 1276
f 1276 882 881
f 1041 1040 1027
f 1027 1040 1026
f 900 935 901
f 901 935 934
f 1164 1278 1165
f 1165 1278 1222
f 1211 1279 1164
f 1164 1279 1278
f 442 1280 453
f 453 1280 1281
f 788 1282 785
f 785 1282 1283
f 1285 1286 1284
f 1284 1286 1287
f 1284 1288 1285
f 1285 1288 1289
f 757 1289 754
f 754 1289 1288
f 605 604 675
f 675 604 676
f 1290 1291 1293
f 1293 1291 1292
f 1295 1296 1294
f 1294 1296 1297
f 696 699 694
f 694 699 931
f 1298 1299 592
f 592 1299 589
f 1299 1300 589
f 589 1300 700
f 1300 1301 700
f 700 1301 701
f 743 745 819
f 819 745 805
f 1303 1304 1302
f 1302 1304 1305
f 1306 1307 1305
f 1305 1307 1302
f 609 1298 610
f 610 1298 592
f 587 822 588
f 588 822 1308
f 703 588 1309
f 1309 588 1308
f 1310 703 571
f 571 703 1309
f 1311 1312 789
f 789 1312 790
f 825 223 1313
f 1313 223 220
f 219 1314 220
f 220 1314 1313
f 1315 1316 1311
f 1311 1316 1312
f 1317 1318 1319
f 1319 1318 1241
f 441 1320 442
f 442 1320 1280
f 1321 217 572
f 572 217 216
f 1323 1230 1322
f 1322 1230 1229
f 1324 1325 631
f 631 1325 656
f 1034 1168 1010
f 1010 1168 1012
f 1327 1328 1326
f 1326 1328 1329
f 1331 1202 1330
f 1330 1202 1201
f 571 1309 572
f 572 1309 1321
f 573 572 1332
f 1332 572 216
f 1334 1335 1333
f 1333 1335 1336
f 1337 1338 918
f 918 1338 859
f 1339 863 1340
f 1340 863 866
f 1341 1342 1344
f 1344 1342 1343
f 1345 1346 919
f 919 1346 920
f 1347 1348 673
f 673 1348 1199
f 693 1349 928
f 928 1349 1201
f 1351 1257 1350
f 1350 1257 1256
f 1350 1352 1351
f 1351 1352 1353
f 653 930 654
f 654 930 662
f 1279 1354 1278
f 1278 1354 1355
f 1357 1358 1356
f 1356 1358 1359
f 937 1360 1140
f 1140 1360 1361
f 1225 1228 909
f 909 1228 964
f 901 934 1362
f 1362 934 1139
f 1364 1365 1363
f 1363 1365 1362
f 1367 912 1366
f 1366 912 911
f 1143 1142 1368
f 1368 1142 1369
f 1144 1186 1145
f 1145 1186 1185
f 1146 1175 1144
f 1144 1175 1186
f 1175 1146 1172
f 1172 1146 1148
f 1147 1018 1148
f 1148 1018 1172
f 1018 1147 1019
f 1019 1147 1149
f 1149 1150 1019
f 1019 1150 1370
f 1150 1151 1370
f 1370 1151 1371
f 1151 1153 1371
f 1371 1153 1177
f 1152 1156 1178
f 1178 1156 1372
f 1155 1158 1373
f 1373 1158 1374
f 1157 1159 1376
f 1376 1159 1375
f 1378 1379 1377
f 1377 1379 1380
f 1382 1383 1381
f 1381 1383 1384
f 1382 1386 1385
f 1385 1386 1387
f 1386 1233 1387
f 1387 1233 1232
f 1389 1390 1388
f 1388 1390 1391
f 1393 1394 1392
f 1392 1394 1395
f 1397 1398 1396
f 1396 1398 1399
f 629 1397 630
f 630 1397 1396
f 1342 1400 1343
f 1343 1400 1401
f 1403 1404 1402
f 1402 1404 1405
f 1407 1408 1406
f 1406 1408 1409
f 1411 1412 1410
f 1410 1412 1413
f 793 1414 794
f 794 1414 1415
f 1417 1341 1416
f 1416 1341 1344
f 704 705 1347
f 1347 705 1418
f 741 1419 742
f 742 1419 1420
f 1422 669 1421
f 1421 669 672
f 645 1423 646
f 646 1423 1424
f 1196 1198 614
f 614 1198 611
f 613 1425 614
f 614 1425 1426
f 1427 616 659
f 659 616 660
f 614 1426 1196
f 1196 1426 1191
f 696 594 697
f 697 594 590
f 697 590 700
f 700 590 589
f 703 1310 702
f 702 1310 1428
f 1421 672 1192
f 1192 672 689
f 1271 648 1269
f 1269 648 622
f 621 1270 622
f 622 1270 1269
f 1429 1430 1417
f 1417 1430 1341
f 1431 1432 1434
f 1434 1432 1433
f 1436 1437 1435
f 1435 1437 1438
f 1440 1441 1439
f 1439 1441 1442
f 1443 1444 1446
f 1446 1444 1445
f 823 809 938
f 938 809 817
f 810 1447 811
f 811 1447 1448
f 1449 1450 679
f 679 1450 706
f 913 916 1205
f 1205 916 1451
f 1275 1225 912
f 912 1225 909
f 1452 1453 880
f 880 1453 881
f 1444 1401 1445
f 1445 1401 1400
f 936 1454 937
f 937 1454 1360
f 824 1455 810
f 810 1455 1447
f 631 656 632
f 632 656 655
f 966 1456 967
f 967 1456 1457
f 1459 1460 1458
f 1458 1460 1461
f 1460 1462 1461
f 1461 1462 1463
f 972 974 973
f 973 974 975
f 990 995 991
f 991 995 994
f 1464 1187 1033
f 1033 1187 1174
f 1018 1021 1172
f 1172 1021 1173
f 1000 999 1001
f 1001 999 998
f 976 979 1022
f 1022 979 1032
f 1023 1024 980
f 980 1024 982
f 989 986 1171
f 1171 986 1169
f 1171 1170 989
f 989 1170 990
f 1170 1027 990
f 990 1027 995
f 1041 1039 998
f 998 1039 1001
f 1051 1063 1000
f 1000 1063 999
f 1066 1064 1051
f 1051 1064 1063
f 1183 1081 1066
f 1066 1081 1064
f 1178 1372 1103
f 1103 1372 1104
f 1092 1091 1465
f 1465 1091 1182
f 1467 1465 1466
f 1466 1465 1468
f 1469 1470 1184
f 1184 1470 1468
f 1095 1098 1471
f 1471 1098 1101
f 1076 1374 1120
f 1120 1374 1376
f 1110 1472 1127
f 1127 1472 1132
f 1472 1473 1132
f 1132 1473 1129
f 1474 1475 1466
f 1466 1475 1473
f 1119 1118 1116
f 1116 1118 1113
f 1375 1121 1376
f 1376 1121 1120
f 1127 1132 1128
f 1128 1132 1131
f 1227 1476 1228
f 1228 1476 1361
f 1365 1477 1362
f 1362 1477 872
f 1478 1479 1323
f 1323 1479 1230
f 1480 1481 914
f 914 1481 915
f 913 1277 914
f 914 1277 1276
f 1168 1034 1022
f 1022 1034 1023
f 1035 1036 1024
f 1024 1036 1025
f 1039 1041 1170
f 1170 1041 1027
f 1042 1148 1028
f 1028 1148 1146
f 968 1459 969
f 969 1459 1458
f 1482 1483 664
f 664 1483 665
f 1485 1486 1484
f 1484 1486 1487
f 1489 1490 1488
f 1488 1490 1491
f 1492 1493 722
f 722 1493 634
f 1495 1496 1494
f 1494 1496 1497
f 1498 1207 1339
f 1339 1207 863
f 1224 1499 1165
f 1165 1499 1166
f 1160 1163 1500
f 1500 1163 1275
f 1500 877 1160
f 1160 877 1501
f 876 873 1502
f 1502 873 1479
f 945 1264 851
f 851 1264 1229
f 835 1231 839
f 839 1231 871
f 1503 1283 778
f 778 1283 1282
f 716 715 1505
f 1505 715 1504
f 1446 1445 1507
f 1507 1445 1506
f 779 792 1381
f 1381 792 791
f 1430 1409 1341
f 1341 1409 1342
f 1411 1429 1508
f 1508 1429 1417
f 635 1510 1509
f 1509 1510 1511
f 1377 1380 1315
f 1315 1380 1316
f 1445 1400 1506
f 1506 1400 1408
f 918 917 1336
f 1336 917 1333
f 1513 1514 1512
f 1512 1514 870
f 1515 1516 1363
f 1363 1516 1364
f 1453 1517 881
f 881 1517 1276
f 992 1518 993
f 993 1518 1519
f 1520 1029 1518
f 1518 1029 955
f 1520 1026 1521
f 1521 1026 1040
f 1522 1015 1521
f 1521 1015 1043
f 996 1523 997
f 997 1523 1522
f 1060 1016 1524
f 1524 1016 1523
f 1061 1525 1062
f 1062 1525 1524
f 1079 1527 1526
f 1526 1527 1528
f 1093 1529 1094
f 1094 1529 1528
f 1111 1530 1112
f 1112 1530 1531
f 1532 1533 1105
f 1105 1533 1123
f 934 937 1139
f 1139 937 1140
f 1138 1363 1139
f 1139 1363 1362
f 1534 1222 1355
f 1355 1222 1278
f 1535 1223 1534
f 1534 1223 1222
f 821 587 1238
f 1238 587 586
f 1319 711 1317
f 1317 711 1536
f 1538 1200 1537
f 1537 1200 1199
f 1508 1417 1539
f 1539 1417 1416
f 1540 1541 840
f 840 1541 837
f 1231 898 871
f 871 898 901
f 1500 1275 1367
f 1367 1275 912
f 1543 1379 1542
f 1542 1379 1395
f 1539 772 1508
f 1508 772 1544
f 1546 1403 1545
f 1545 1403 1402
f 1548 1549 1547
f 1547 1549 1550
f 1552 1548 1551
f 1551 1548 1547
f 1554 1555 1553
f 1553 1555 1556
f 1558 1559 1557
f 1557 1559 1560
f 1562 1563 1561
f 1561 1563 1564
f 1566 1567 1565
f 1565 1567 1568
f 1570 1571 1569
f 1569 1571 1572
f 1574 1575 1573
f 1573 1575 1576
f 1577 1578 1572
f 1572 1578 1569
f 1580 1581 1579
f 1579 1581 1582
f 1584 1585 1583
f 1583 1585 1586
f 1588 1555 1587
f 1587 1555 1589
f 1591 1592 1590
f 1590 1592 1593
f 1595 1596 1594
f 1594 1596 1597
f 1596 1581 1597
f 1597 1581 1576
f 1599 1570 1598
f 1598 1570 1569
f 1601 1602 1600
f 1600 1602 1603
f 1605 1606 1604
f 1604 1606 1607
f 1608 1609 1568
f 1568 1609 1565
f 1611 1612 1610
f 1610 1612 1613
f 1615 1616 1614
f 1614 1616 1617
f 1619 1617 1618
f 1618 1617 1616
f 1621 1622 1620
f 1620 1622 1623
f 1625 1626 1624
f 1624 1626 1627
f 1629 1630 1628
f 1628 1630 1631
f 1633 1634 1632
f 1632 1634 1635
f 1636 1637 1639
f 1639 1637 1638
f 1641 1642 1640
f 1640 1642 1643
f 1624 1627 1644
f 1644 1627 1645
f 1647 1648 1646
f 1646 1648 1649
f 1651 1652 1650
f 1650 1652 1653
f 1655 1656 1654
f 1654 1656 1657
f 1659 1660 1658
f 1658 1660 1661
f 1662 1663 1631
f 1631 1663 1628
f 1651 1665 1664
f 1664 1665 1666
f 1667 1656 1619
f 1619 1656 1617
f 1669 1670 1668
f 1668 1670 1671
f 1632 1635 1672
f 1672 1635 1673
f 1674 1675 1638
f 1638 1675 1639
f 1677 1678 1676
f 1676 1678 1679
f 1680 1640 1681
f 1681 1640 1643
f 1682 1683 1643
f 1643 1683 1681
f 1670 1669 1235
f 1235 1669 1232
f 1396 1399 1674
f 1674 1399 1675
f 627 630 1679
f 1679 630 1676
f 1681 1315 1680
f 1680 1315 1311
f 1683 1377 1681
f 1681 1377 1315
f 1672 1673 1387
f 1387 1673 1385
f 1636 1684 1646
f 1646 1684 1685
f 1687 1688 1686
f 1686 1688 1689
f 1585 1690 1586
f 1586 1690 1691
f 1599 1692 1551
f 1551 1692 1693
f 1552 1558 1694
f 1694 1558 1557
f 1696 1615 1695
f 1695 1615 1614
f 1698 1699 1697
f 1697 1699 1623
f 1700 1701 1703
f 1703 1701 1702
f 1705 1706 1704
f 1704 1706 1707
f 1708 1709 1640
f 1640 1709 1641
f 1710 1711 1713
f 1713 1711 1712
f 1652 1655 1653
f 1653 1655 1654
f 1714 1699 1712
f 1712 1699 1713
f 1715 1710 1716
f 1716 1710 1713
f 1717 1708 1680
f 1680 1708 1640
f 1393 1392 1715
f 1715 1392 1710
f 1719 1720 1718
f 1718 1720 1721
f 1680 1311 1717
f 1717 1311 789
f 1378 1711 1392
f 1392 1711 1710
f 1388 1391 1719
f 1719 1391 1720
f 1723 1606 1722
f 1722 1606 1689
f 1725 1568 1724
f 1724 1568 1567
f 1726 1647 1685
f 1685 1647 1646
f 1728 1554 1727
f 1727 1554 1553
f 1591 1687 1600
f 1600 1687 1686
f 1730 1595 1729
f 1729 1595 1594
f 1601 1605 1731
f 1731 1605 1604
f 1733 1663 1732
f 1732 1663 1734
f 1736 1639 1735
f 1735 1639 1675
f 1658 1644 1737
f 1737 1644 1645
f 1726 1662 1724
f 1724 1662 1631
f 1399 1738 1675
f 1675 1738 1735
f 1621 1667 1739
f 1739 1667 1619
f 1714 1740 1620
f 1620 1740 1741
f 1592 1549 1593
f 1593 1549 1742
f 1602 1571 1603
f 1603 1571 1550
f 1688 1690 1689
f 1689 1690 1722
f 1588 1559 1582
f 1582 1559 1579
f 1673 1735 1385
f 1385 1735 1738
f 1387 1232 1672
f 1672 1232 1669
f 1580 1692 1573
f 1573 1692 1743
f 1377 1683 1378
f 1378 1683 1711
f 1664 1666 1744
f 1744 1666 1745
f 1744 1696 1664
f 1664 1696 1695
f 1746 1747 1732
f 1732 1747 1748
f 1749 1750 1677
f 1677 1750 1678
f 1709 1708 1750
f 1750 1708 1678
f 1668 1632 1669
f 1669 1632 1672
f 1633 1746 1734
f 1734 1746 1732
f 1679 1678 1717
f 1717 1678 1708
f 789 627 1717
f 1717 627 1679
f 1563 1723 1564
f 1564 1723 1722
f 1728 1584 1751
f 1751 1584 1583
f 1674 1676 1396
f 1396 1676 630
f 1666 1566 1745
f 1745 1566 1565
f 1627 1629 1645
f 1645 1629 1628
f 1637 1749 1638
f 1638 1749 1677
f 1648 1665 1649
f 1649 1665 1752
f 1740 1642 1741
f 1741 1642 1657
f 1676 1674 1677
f 1677 1674 1638
f 1683 1682 1711
f 1711 1682 1712
f 1618 1753 1619
f 1619 1753 1739
f 1701 1739 1702
f 1702 1739 1753
f 1754 1214 1756
f 1756 1214 1755
f 647 1757 619
f 619 1757 941
f 1759 1193 1758
f 1758 1193 691
f 1419 1760 1420
f 1420 1760 1761
f 682 1762 683
f 683 1762 1763
f 1412 780 1413
f 1413 780 1384
f 1383 1398 1384
f 1384 1398 1413
f 1197 1424 1764
f 1764 1424 1423
f 1537 1287 1538
f 1538 1287 1286
f 1634 1684 1635
f 1635 1684 1736
f 1724 1631 1725
f 1725 1631 1630
f 1562 1730 1610
f 1610 1730 1729
f 1735 1673 1736
f 1736 1673 1635
f 1757 1195 941
f 941 1195 1194
f 1766 200 1765
f 1765 200 199
f 475 500 476
f 476 500 479
f 498 558 483
f 483 558 487
f 545 551 546
f 546 551 550
f 453 1281 219
f 219 1281 1314
f 298 453 208
f 208 453 219
f 368 1765 1767
f 1767 1765 199
f 523 405 363
f 363 405 404
f 523 533 405
f 405 533 402
f 298 208 299
f 299 208 207
f 299 207 176
f 176 207 300
f 176 300 173
f 173 300 202
f 173 202 174
f 174 202 201
f 1337 918 1768
f 1768 918 1336
f 1769 1770 1338
f 1338 1770 859
f 581 570 578
f 578 570 1771
f 555 562 580
f 580 562 561
f 504 1772 501
f 501 1772 548
f 517 542 584
f 584 542 543
f 515 514 516
f 516 514 544
f 542 517 544
f 544 517 516
f 561 575 580
f 580 575 581
f 575 569 581
f 581 569 570
f 501 548 1773
f 1773 548 547
f 1774 1775 570
f 570 1775 1771
f 369 368 1776
f 1776 368 1767
f 372 369 375
f 375 369 1776
f 822 1280 1308
f 1308 1280 1320
f 820 1281 822
f 822 1281 1280
f 818 1314 820
f 820 1314 1281
f 1314 818 1313
f 1313 818 804
f 807 814 825
f 825 814 826
f 814 813 826
f 826 813 827
f 813 1220 827
f 827 1220 828
f 580 579 555
f 555 579 547
f 1477 1540 872
f 872 1540 840
f 367 499 368
f 368 499 1765
f 1766 1765 525
f 525 1765 499
f 1777 1766 526
f 526 1766 525
f 520 527 362
f 362 527 384
f 361 1778 519
f 519 1778 528
f 371 1779 372
f 372 1779 369
f 369 1779 370
f 370 1779 478
f 1779 371 478
f 478 371 374
f 1778 1777 528
f 528 1777 526
f 1781 1782 1780
f 1780 1782 1783
f 431 460 67
f 67 460 64
f 68 338 74
f 74 338 72
f 1785 1782 1784
f 1784 1782 1786
f 1787 1788 1790
f 1790 1788 1789
f 1792 1789 1791
f 1791 1789 1793
f 1791 1794 1792
f 1792 1794 1795
f 1794 1796 1795
f 1795 1796 1797
f 1797 1798 938
f 938 1798 868
f 1798 1799 868
f 868 1799 869
f 1801 1802 1800
f 1800 1802 1451
f 1803 1804 1205
f 1205 1804 1206
f 1805 1806 864
f 864 1806 865
f 1806 1807 865
f 865 1807 1808
f 68 71 338
f 287 328 288
f 1320 1321 1308
f 1308 1321 1309
f 1320 441 1321
f 1321 441 217
f 441 152 217
f 217 152 218
f 151 286 152
f 152 286 218
f 297 310 151
f 151 310 286
f 296 307 297
f 297 307 310
f 296 143 307
f 307 143 284
f 143 56 284
f 284 56 104
f 56 59 104
f 104 59 63
f 59 102 63
f 63 102 60
f 102 94 60
f 60 94 282
f 93 459 279
f 279 459 77
f 459 460 77
f 77 460 78
f 460 431 78
f 78 431 295
f 431 49 295
f 295 49 292
f 48 421 49
f 49 421 292
f 276 278 418
f 418 278 429
f 317 432 278
f 278 432 429
f 432 317 433
f 433 317 316
f 326 324 316
f 316 324 433
f 1536 592 1809
f 1809 592 591
f 1810 744 1812
f 1812 744 1811
f 1814 1815 1813
f 1813 1815 1816
f 1817 748 1818
f 1818 748 747
f 1812 1819 1810
f 1810 1819 1817
f 1820 1821 748
f 748 1821 749
f 1823 1824 1822
f 1822 1824 1825
f 1827 1828 1826
f 1826 1828 1829
f 1831 1832 1830
f 1830 1832 1833
f 1834 1827 1243
f 1243 1827 1826
f 1313 804 825
f 825 804 807
f 1835 1253 1236
f 1236 1253 1237
f 1836 1837 1438
f 1438 1837 1435
f 1838 1505 1840
f 1840 1505 1839
f 1841 1842 716
f 716 1842 713
f 1843 1844 1510
f 1510 1844 1845
f 1847 1848 1846
f 1846 1848 1849
f 1850 1240 1822
f 1822 1240 1239
f 636 1831 637
f 637 1831 1830
f 1852 1853 1851
f 1851 1853 1854
f 1855 1856 1858
f 1858 1856 1857
f 1846 1849 1859
f 1859 1849 1860
f 1343 1401 1509
f 1509 1401 1861
f 1509 1861 635
f 635 1861 636
f 1863 1864 1862
f 1862 1864 1865
f 1283 1503 1867
f 1867 1503 1866
f 1868 1867 681
f 681 1867 682
f 1286 1285 683
f 683 1285 684
f 757 756 1274
f 1274 756 1869
f 1274 1869 717
f 717 1869 718
f 1434 1433 719
f 719 1433 720
f 1200 1538 1545
f 1545 1538 1763
f 1285 1289 684
f 684 1289 1273
f 684 1273 681
f 681 1273 1272
f 785 1283 1868
f 1868 1283 1867
f 786 785 1870
f 1870 785 1868
f 1289 757 1273
f 1273 757 1274
f 1539 1416 1871
f 1871 1416 1872
f 773 1871 1403
f 1403 1871 1404
f 675 674 1405
f 1405 674 1402
f 1864 1873 1865
f 1865 1873 1874
f 638 1843 635
f 635 1843 1510
f 1344 1343 1511
f 1511 1343 1509
f 772 1539 773
f 773 1539 1871
f 674 1200 1402
f 1402 1200 1545
f 1538 1286 1763
f 1763 1286 683
f 1444 1443 1875
f 1875 1443 1876
f 1875 1876 1831
f 1831 1876 1832
f 1416 1344 1872
f 1872 1344 1511
f 1877 1878 774
f 774 1878 1879
f 1878 1847 1879
f 1879 1847 1846
f 1880 714 1881
f 1881 714 1848
f 1401 1444 1861
f 1861 1444 1875
f 1861 1875 636
f 636 1875 1831
f 1823 1863 1882
f 1882 1863 1862
f 1441 1440 1884
f 1884 1440 1883
f 1883 1852 1884
f 1884 1852 1851
f 1886 1887 1885
f 1885 1887 1888
f 1358 1889 1359
f 1359 1889 1890
f 1891 1886 1892
f 1892 1886 1885
f 774 1879 775
f 775 1879 1893
f 1859 1893 1846
f 1846 1893 1879
f 713 1842 1849
f 1849 1842 1860
f 1318 1895 1894
f 1894 1895 1896
f 1873 1897 1874
f 1874 1897 1898
f 1898 605 1899
f 1899 605 675
f 1405 1844 675
f 675 1844 1899
f 1404 1845 1405
f 1405 1845 1844
f 593 1296 591
f 591 1296 1809
f 1295 1292 1900
f 1900 1292 1895
f 606 1897 1291
f 1291 1897 1896
f 1510 1845 1511
f 1511 1845 1872
f 1871 1872 1404
f 1404 1872 1845
f 1866 770 1762
f 1762 770 1546
f 1762 682 1866
f 1866 682 1867
f 1870 1868 1272
f 1272 1868 681
f 1272 717 1870
f 1870 717 720
f 1870 720 786
f 786 720 1433
f 786 1433 787
f 787 1433 1432
f 1261 1414 1432
f 1432 1414 787
f 1389 1234 1260
f 1260 1234 1415
f 1719 1670 1388
f 1388 1670 1235
f 1718 1671 1719
f 1719 1671 1670
f 1705 1747 1718
f 1718 1747 1671
f 1659 1901 1704
f 1704 1901 1748
f 1877 1903 1902
f 1902 1903 1904
f 1259 1905 1390
f 1390 1905 1394
f 1715 1720 1393
f 1393 1720 1391
f 1716 1721 1715
f 1715 1721 1720
f 1698 1706 1716
f 1716 1706 1721
f 277 276 47
f 47 276 48
f 84 96 81
f 81 96 82
f 80 70 81
f 81 70 85
f 99 97 88
f 88 97 89
f 90 100 88
f 88 100 99
f 101 95 102
f 102 95 94
f 1906 1907 280
f 280 1907 281
f 97 86 89
f 89 86 85
f 60 282 61
f 61 282 281
f 83 82 46
f 46 82 47
f 293 292 420
f 420 292 421
f 419 1908 420
f 420 1908 1909
f 92 95 91
f 91 95 90
f 279 282 93
f 93 282 94
f 276 418 48
f 48 418 421
f 1910 1660 1697
f 1697 1660 1707
f 1703 1624 1700
f 1700 1624 1644
f 1622 1910 1623
f 1623 1910 1697
f 1701 1700 1911
f 1911 1700 1661
f 1700 1644 1661
f 1661 1644 1658
f 1901 1737 1733
f 1733 1737 1645
f 1625 1912 1604
f 1604 1912 1731
f 1912 1913 1731
f 1731 1913 1914
f 1913 1577 1914
f 1914 1577 1572
f 1915 1578 1616
f 1616 1578 1618
f 1915 1916 1598
f 1598 1916 1743
f 1916 1574 1743
f 1743 1574 1573
f 1575 1917 1576
f 1576 1917 1597
f 1917 1609 1597
f 1597 1609 1594
f 1608 1611 1729
f 1729 1611 1610
f 1918 1612 1629
f 1629 1612 1630
f 1626 1918 1627
f 1627 1918 1629
f 1920 1921 1919
f 1919 1921 1922
f 1920 1924 1923
f 1923 1924 1925
f 1926 1927 1924
f 1924 1927 1925
f 1929 1930 1928
f 1928 1930 1931
f 1932 1933 1935
f 1935 1933 1934
f 1937 1938 1936
f 1936 1938 1939
f 1941 1942 1940
f 1940 1942 1943
f 1941 1945 1944
f 1944 1945 1946
f 1947 1948 1694
f 1694 1948 1949
f 1950 1951 1953
f 1953 1951 1952
f 1955 1956 1954
f 1954 1956 1589
f 1958 1956 1957
f 1957 1956 1932
f 1960 1934 1959
f 1959 1934 1933
f 1962 1963 1961
f 1961 1963 1964
f 1965 1955 1751
f 1751 1955 1954
f 1935 1930 1932
f 1932 1930 1957
f 1951 1950 1926
f 1926 1950 1929
f 1966 1967 1593
f 1593 1967 1590
f 1969 1967 1968
f 1968 1967 1964
f 1962 1921 1970
f 1970 1921 1971
f 1963 1945 1964
f 1964 1945 1968
f 1972 1948 1922
f 1922 1948 1919
f 1966 1972 1961
f 1961 1972 1922
f 1958 1953 1587
f 1587 1953 1560
f 1974 1975 1973
f 1973 1975 1976
f 1978 1979 1977
f 1977 1979 1691
f 1979 1975 1691
f 1691 1975 1586
f 1938 1942 1939
f 1939 1942 1980
f 1952 1947 1557
f 1557 1947 1694
f 1969 1978 1981
f 1981 1978 1977
f 1983 1984 1982
f 1982 1984 1985
f 1986 1987 1989
f 1989 1987 1988
f 1990 1991 1983
f 1983 1991 1984
f 1990 1993 1992
f 1992 1993 1994
f 1995 1996 1994
f 1994 1996 1997
f 1999 2000 1998
f 1998 2000 2001
f 2003 2004 2002
f 2002 2004 2005
f 2007 2008 2006
f 2006 2008 2009
f 2011 2012 2010
f 2010 2012 2013
f 2014 2015 2017
f 2017 2015 2016
f 2018 2019 2021
f 2021 2019 2020
f 2022 1989 2024
f 2024 1989 2023
f 1989 1988 2023
f 2023 1988 2025
f 2026 2027 2017
f 2017 2027 2014
f 2029 2030 2028
f 2028 2030 2031
f 2033 2034 2032
f 2032 2034 2035
f 2032 2035 2036
f 2036 2035 2037
f 2039 2040 2038
f 2038 2040 2041
f 1982 2042 1983
f 1983 2042 2043
f 2045 2046 2044
f 2044 2046 2047
f 2049 2050 2048
f 2048 2050 2051
f 2053 2054 2052
f 2052 2054 2055
f 2057 2058 2056
f 2056 2058 2059
f 2060 2061 2033
f 2033 2061 2034
f 2063 2064 2062
f 2062 2064 2065
f 2066 2035 2067
f 2067 2035 2034
f 2069 2039 2068
f 2068 2039 2038
f 2025 2070 2023
f 2023 2070 2071
f 2072 2024 2071
f 2071 2024 2023
f 2074 2020 2073
f 2073 2020 2019
f 2050 2049 2047
f 2047 2049 2075
f 1983 2043 1990
f 1990 2043 1993
f 2006 2050 2007
f 2007 2050 2076
f 2050 2006 2051
f 2051 2006 2077
f 2079 2080 2078
f 2078 2080 2081
f 2082 2083 2085
f 2085 2083 2084
f 2010 2013 2086
f 2086 2013 2087
f 2089 2033 2088
f 2088 2033 2032
f 2090 2060 2089
f 2089 2060 2033
f 2092 2093 2091
f 2091 2093 2094
f 2096 1986 2095
f 2095 1986 2097
f 2097 1986 2022
f 2022 1986 1989
f 2015 2094 2016
f 2016 2094 2098
f 2016 2098 2100
f 2100 2098 2099
f 2017 2016 2101
f 2101 2016 2100
f 2017 2101 2026
f 2026 2101 2102
f 2100 2099 2104
f 2104 2099 2103
f 2104 2105 2100
f 2100 2105 2101
f 2105 2106 2101
f 2101 2106 2102
f 2108 2061 2107
f 2107 2061 2109
f 2111 2112 2110
f 2110 2112 2020
f 2020 2074 2110
f 2110 2074 2113
f 2115 2116 2114
f 2114 2116 2117
f 2118 2119 1995
f 1995 2119 2120
f 2121 2122 2027
f 2027 2122 2014
f 2047 2075 2044
f 2044 2075 2123
f 2124 2125 2127
f 2127 2125 2126
f 2129 2130 2128
f 2128 2130 2131
f 2132 2133 2057
f 2057 2133 2058
f 2134 1999 2136
f 2136 1999 2135
f 2055 2138 2137
f 2137 2138 2139
f 2141 2142 2140
f 2140 2142 2143
f 2083 2082 2064
f 2064 2082 2065
f 2082 2144 2065
f 2065 2144 2145
f 2040 2146 2041
f 2041 2146 2147
f 2060 2090 2148
f 2148 2090 2149
f 2048 2051 2137
f 2137 2051 2150
f 2151 1997 2135
f 2135 1997 1996
f 2152 2150 2077
f 2077 2150 2051
f 2046 2045 2118
f 2118 2045 2119
f 2154 2155 2153
f 2153 2155 2156
f 2158 2159 2157
f 2157 2159 2160
f 2162 2163 2161
f 2161 2163 2164
f 2164 2163 2165
f 2165 2163 2166
f 2168 2169 2167
f 2167 2169 2170
f 2003 2172 2171
f 2171 2172 2173
f 2174 2175 2002
f 2002 2175 2176
f 2145 2177 2065
f 2065 2177 2062
f 2178 2179 2180
f 2180 2179 2134
f 2181 2052 2152
f 2152 2052 2150
f 2040 2127 2146
f 2146 2127 2182
f 2130 2162 2131
f 2131 2162 2161
f 2052 2055 2150
f 2150 2055 2137
f 2184 2185 2183
f 2183 2185 2186
f 2159 2030 2160
f 2160 2030 2187
f 2146 2182 2029
f 2029 2182 2188
f 2189 2190 2192
f 2192 2190 2191
f 2172 2003 2176
f 2176 2003 2002
f 1998 2151 1999
f 1999 2151 2135
f 2177 2172 2062
f 2062 2172 2176
f 2172 2177 2173
f 2173 2177 2193
f 2063 2194 2064
f 2064 2194 2195
f 2066 2197 2196
f 2196 2197 2198
f 2002 2005 2174
f 2174 2005 2199
f 2004 2003 2200
f 2200 2003 2171
f 2198 2201 2171
f 2171 2201 2200
f 2197 2202 2198
f 2198 2202 2201
f 2202 2197 2203
f 2203 2197 2204
f 2196 2198 2173
f 2173 2198 2171
f 2205 2069 2170
f 2170 2069 2206
f 2197 2066 2204
f 2204 2066 2067
f 2107 2207 2108
f 2108 2207 2208
f 2210 2208 2209
f 2209 2208 2207
f 2185 2211 2212
f 2213 2214 2211
f 2211 2214 2212
f 1998 2001 2213
f 2213 2001 2214
f 2134 2215 1999
f 1999 2215 2000
f 2216 2217 2219
f 2219 2217 2218
f 2206 2220 2170
f 2170 2220 2167
f 2069 2068 2206
f 2206 2068 2221
f 2151 1998 2222
f 2222 1998 2213
f 2124 2039 2205
f 2205 2039 2069
f 2142 2223 2143
f 2143 2223 2128
f 2203 2186 2202
f 2202 2186 2185
f 2185 2184 2211
f 2211 2184 2224
f 2224 2225 2222
f 2222 2225 2226
f 2071 2227 2072
f 2072 2227 2228
f 2229 2074 2230
f 2230 2074 2073
f 2074 2229 2113
f 2113 2229 2231
f 2232 2225 2227
f 2227 2225 2224
f 2233 2234 2031
f 2031 2234 2028
f 2236 2231 2235
f 2235 2231 2229
f 2230 2183 2229
f 2229 2183 2235
f 2237 1987 2096
f 2096 1987 1986
f 2152 2238 2181
f 2181 2238 2239
f 2080 2240 2081
f 2081 2240 2241
f 2236 2242 1971
f 1971 2242 1970
f 1925 2113 1923
f 1923 2113 2231
f 2110 1927 2111
f 2111 1927 1928
f 2103 2111 1931
f 1931 2111 1928
f 1931 2243 2103
f 2103 2243 2104
f 2105 2104 2244
f 2244 2104 2243
f 1939 1980 2148
f 2148 1980 2109
f 1980 1944 2109
f 2109 1944 2107
f 1946 2245 2207
f 2207 2245 2209
f 2245 1970 2209
f 2209 1970 2242
f 2231 2236 1923
f 1923 2236 1971
f 2113 1925 2110
f 2110 1925 1927
f 2234 2246 2028
f 2028 2246 2147
f 2247 2248 2058
f 2058 2248 2059
f 2114 2117 2249
f 2249 2117 2250
f 2252 2253 2251
f 2251 2253 2254
f 2094 2015 2091
f 2091 2015 2255
f 2256 2255 2014
f 2014 2255 2015
f 2257 2145 2258
f 2258 2145 2144
f 2131 2161 2123
f 2123 2161 2044
f 2045 2044 2164
f 2164 2044 2161
f 2045 2164 2119
f 2119 2164 2165
f 2259 2120 2165
f 2165 2120 2119
f 2260 2261 2259
f 2259 2261 2120
f 2205 2262 2124
f 2124 2262 2125
f 2180 2263 2178
f 2178 2263 2264
f 2265 2266 2092
f 2092 2266 2093
f 1992 2267 2268
f 2184 2228 2224
f 2224 2228 2227
f 2048 2269 2049
f 2049 2269 2141
f 2129 2168 2157
f 2157 2168 2167
f 2049 2141 2075
f 2075 2141 2140
f 2199 2215 2270
f 2270 2215 2271
f 2142 2141 2272
f 2272 2141 2269
f 2089 2026 2090
f 2090 2026 2102
f 2146 2029 2147
f 2147 2029 2028
f 2111 2103 2112
f 2112 2103 2099
f 2061 2060 2109
f 2109 2060 2148
f 2273 2274 2041
f 2041 2274 2038
f 2260 2275 2261
f 2261 2275 2136
f 2057 2138 2132
f 2132 2138 2276
f 2272 2269 2056
f 2056 2269 2139
f 2277 2278 2270
f 2270 2278 2199
f 2029 2188 2030
f 2030 2188 2187
f 2040 2039 2127
f 2127 2039 2124
f 2064 2195 2083
f 2083 2195 2279
f 2056 2139 2057
f 2057 2139 2138
f 2278 2277 2247
f 2247 2277 2248
f 2062 2176 2063
f 2063 2176 2175
f 2280 2210 2242
f 2242 2210 2209
f 2282 2233 2281
f 2281 2233 2031
f 2216 2219 2283
f 2283 2219 2221
f 2158 2220 2218
f 2218 2220 2219
f 2217 2282 2218
f 2218 2282 2281
f 2220 2158 2167
f 2167 2158 2157
f 2223 2264 2128
f 2128 2264 2263
f 2261 1996 2120
f 2120 1996 1995
f 2213 2211 2222
f 2222 2211 2224
f 2283 2221 2284
f 2284 2221 2068
f 2135 1996 2136
f 2136 1996 2261
f 2144 2081 2258
f 2258 2081 2241
f 2235 2280 2236
f 2236 2280 2242
f 2246 2273 2147
f 2147 2273 2041
f 2036 2285 2032
f 2032 2285 2088
f 2077 2286 2152
f 2152 2286 2238
f 1937 1960 1973
f 1973 1960 1959
f 2070 2232 2071
f 2071 2232 2227
f 2244 2287 2105
f 2105 2287 2106
f 1936 1939 2149
f 2149 1939 2148
f 1944 1946 2107
f 2107 1946 2207
f 2285 2121 2088
f 2088 2121 2027
f 2253 2249 2254
f 2254 2249 2250
f 2006 2009 2077
f 2077 2009 2286
f 2289 2086 2288
f 2288 2086 2087
f 2223 2142 2290
f 2290 2142 2272
f 2128 2131 2143
f 2143 2131 2123
f 2156 2291 2153
f 2153 2291 2175
f 2292 2293 2278
f 2278 2293 2294
f 2075 2140 2123
f 2123 2140 2143
f 2262 2169 2275
f 2275 2169 2180
f 2275 2180 2136
f 2136 2180 2134
f 2274 2284 2038
f 2038 2284 2068
f 2127 2126 2182
f 2182 2126 2166
f 2094 2093 2098
f 2098 2093 2021
f 2098 2021 2099
f 2099 2021 2112
f 2018 2021 2266
f 2266 2021 2093
f 2251 2289 2252
f 2252 2289 2288
f 1997 2151 2226
f 2226 2151 2222
f 2206 2221 2220
f 2220 2221 2219
f 2269 2048 2139
f 2139 2048 2137
f 2159 2158 2281
f 2281 2158 2218
f 2156 2155 2190
f 2190 2155 2191
f 1974 1965 1583
f 1583 1965 1751
f 2088 2027 2089
f 2089 2027 2026
f 2030 2159 2031
f 2031 2159 2281
f 2106 2149 2102
f 2102 2149 2090
f 2287 1936 2106
f 2106 1936 2149
f 2293 2154 2294
f 2294 2154 2153
f 2021 2020 2112
f 2247 2295 2278
f 2278 2295 2292
f 2284 2296 2283
f 2283 2296 2297
f 2298 2296 2274
f 2274 2296 2284
f 2273 2299 2274
f 2274 2299 2298
f 2246 2300 2273
f 2273 2300 2299
f 2283 2297 2216
f 2216 2297 2301
f 2216 2301 2217
f 2217 2301 2302
f 2302 2303 2217
f 2217 2303 2282
f 2304 2301 2305
f 2305 2301 2297
f 2307 2308 2306
f 2306 2308 2309
f 2306 2310 2307
f 2307 2310 2311
f 2307 2312 2308
f 2308 2312 2313
f 2314 2315 2312
f 2312 2315 2316
f 2316 2317 2312
f 2312 2317 2313
f 2317 2305 2313
f 2313 2305 2318
f 2314 2312 2311
f 2311 2312 2307
f 2319 2320 2322
f 2322 2320 2321
f 2322 2311 2319
f 2319 2311 2310
f 2313 2318 2308
f 2308 2318 2309
f 2296 2298 2318
f 2318 2298 2309
f 2309 2298 2323
f 2323 2298 2299
f 2306 2309 2324
f 2324 2309 2323
f 2310 2306 2325
f 2325 2306 2324
f 2296 2318 2297
f 2297 2318 2305
f 2319 2310 2326
f 2326 2310 2325
f 2328 2325 2327
f 2327 2325 2324
f 2325 2328 2326
f 2326 2328 2329
f 2331 2328 2330
f 2330 2328 2327
f 2332 2333 2327
f 2327 2333 2330
f 2328 2331 2329
f 2329 2331 2334
f 2324 2323 2327
f 2327 2323 2332
f 2300 2332 2299
f 2299 2332 2323
f 2326 2335 2319
f 2319 2335 2320
f 2305 2317 2336
f 2336 2317 2316
f 2336 2316 2337
f 2337 2316 2315
f 2338 2304 2336
f 2336 2304 2305
f 2337 2339 2336
f 2336 2339 2338
f 2337 2315 2341
f 2341 2315 2340
f 2342 2300 2234
f 2234 2300 2246
f 2303 2343 2282
f 2282 2343 2233
f 2234 2233 2342
f 2342 2233 2343
f 2342 2343 2333
f 2333 2343 2344
f 2333 2344 2330
f 2330 2344 2345
f 2346 2344 2303
f 2303 2344 2343
f 2332 2300 2333
f 2333 2300 2342
f 2347 2346 2302
f 2302 2346 2303
f 2301 2304 2302
f 2302 2304 2347
f 2304 2338 2347
f 2347 2338 2348
f 2348 2349 2347
f 2347 2349 2346
f 2350 2351 2348
f 2348 2351 2349
f 2349 2345 2346
f 2346 2345 2344
f 2345 2349 2352
f 2352 2349 2351
f 2338 2339 2348
f 2348 2339 2350
f 2350 2339 2353
f 2353 2339 2354
f 2356 2357 2355
f 2355 2357 2353
f 2351 2350 2357
f 2357 2350 2353
f 2353 2354 2355
f 2355 2354 2335
f 2320 2335 2341
f 2341 2335 2354
f 2339 2337 2354
f 2354 2337 2341
f 2352 2331 2345
f 2345 2331 2330
f 2356 2334 2352
f 2352 2334 2331
f 2356 2352 2357
f 2357 2352 2351
f 2355 2329 2356
f 2356 2329 2334
f 2335 2326 2355
f 2355 2326 2329
f 2321 2314 2322
f 2322 2314 2311
f 2321 2320 2340
f 2340 2320 2341
f 2315 2314 2340
f 2340 2314 2321
f 2125 2260 2126
f 2126 2260 2259
f 2157 2160 2129
f 2129 2160 2130
f 2188 2163 2187
f 2187 2163 2162
f 2182 2166 2188
f 2188 2166 2163
f 2180 2169 2263
f 2263 2169 2168
f 2160 2187 2130
f 2130 2187 2162
f 2275 2260 2262
f 2262 2260 2125
f 2128 2263 2129
f 2129 2263 2168
f 2262 2205 2169
f 2169 2205 2170
f 2165 2166 2259
f 2259 2166 2126
f 2359 2360 2358
f 2358 2360 2361
f 2363 2364 2362
f 2362 2364 2365
f 2367 2363 2366
f 2366 2363 2362
f 2368 2369 2371
f 2371 2369 2370
f 2372 2373 2248
f 2248 2373 2059
f 2364 2374 2365
f 2365 2374 2375
f 2377 2378 2376
f 2376 2378 2379
f 2290 2380 2223
f 2223 2380 2381
f 2223 2381 2264
f 2264 2381 2382
f 2384 2385 2383
f 2383 2385 2386
f 2364 2371 2374
f 2374 2371 2387
f 2059 2373 2290
f 2290 2373 2380
f 2378 2360 2379
f 2379 2360 2388
f 2374 2387 2359
f 2359 2387 2389
f 2390 2367 2386
f 2386 2367 2391
f 2393 2394 2392
f 2392 2394 2395
f 2386 2391 2383
f 2383 2391 2396
f 2367 2366 2391
f 2391 2366 2397
f 2363 2367 2368
f 2368 2367 2390
f 2398 2399 2361
f 2361 2399 2358
f 2399 2400 2358
f 2358 2400 2375
f 2390 2401 2368
f 2368 2401 2369
f 2372 2384 2376
f 2376 2384 2383
f 2374 2359 2375
f 2375 2359 2358
f 2402 2403 2365
f 2365 2403 2362
f 2359 2389 2360
f 2360 2389 2388
f 2364 2363 2371
f 2371 2363 2368
f 2405 2398 2404
f 2404 2398 2361
f 2392 2395 2406
f 2406 2395 2397
f 2377 2396 2394
f 2394 2396 2395
f 2394 2393 2404
f 2404 2393 2405
f 2396 2377 2383
f 2383 2377 2376
f 2406 2397 2407
f 2407 2397 2366
f 2400 2402 2375
f 2375 2402 2365
f 2385 2270 2401
f 2401 2270 2271
f 2403 2407 2362
f 2362 2407 2366
f 2371 2370 2387
f 2387 2370 2382
f 2391 2397 2396
f 2396 2397 2395
f 2378 2377 2404
f 2404 2377 2394
f 2360 2378 2361
f 2361 2378 2404
f 2407 2408 2406
f 2406 2408 2409
f 2410 2408 2403
f 2403 2408 2407
f 2411 2410 2402
f 2402 2410 2403
f 2412 2411 2400
f 2400 2411 2402
f 2406 2409 2392
f 2392 2409 2413
f 2392 2413 2393
f 2393 2413 2414
f 2415 2405 2414
f 2414 2405 2393
f 2416 2413 2417
f 2417 2413 2409
f 2419 2420 2418
f 2418 2420 2421
f 2420 2422 2421
f 2421 2422 2423
f 2420 2424 2422
f 2422 2424 2425
f 2426 2427 2424
f 2424 2427 2428
f 2428 2429 2424
f 2424 2429 2425
f 2426 2424 2419
f 2419 2424 2420
f 2419 2418 2431
f 2431 2418 2430
f 2425 2432 2422
f 2422 2432 2423
f 2408 2410 2432
f 2432 2410 2423
f 2423 2410 2433
f 2433 2410 2411
f 2421 2423 2434
f 2434 2423 2433
f 2435 2418 2434
f 2434 2418 2421
f 2429 2417 2425
f 2425 2417 2432
f 2408 2432 2409
f 2409 2432 2417
f 2418 2435 2430
f 2430 2435 2436
f 2438 2435 2437
f 2437 2435 2434
f 2435 2438 2436
f 2436 2438 2439
f 2441 2438 2440
f 2440 2438 2437
f 2442 2443 2437
f 2437 2443 2440
f 2439 2438 2444
f 2444 2438 2441
f 2433 2442 2434
f 2434 2442 2437
f 2412 2442 2411
f 2411 2442 2433
f 2436 2445 2430
f 2430 2445 2446
f 2430 2446 2431
f 2431 2446 2447
f 2417 2429 2448
f 2448 2429 2428
f 2427 2449 2428
f 2428 2449 2448
f 2450 2416 2448
f 2448 2416 2417
f 2451 2450 2449
f 2449 2450 2448
f 2427 2452 2449
f 2449 2452 2453
f 2447 2446 2452
f 2452 2446 2453
f 2454 2412 2399
f 2399 2412 2400
f 2415 2455 2405
f 2405 2455 2398
f 2399 2398 2454
f 2454 2398 2455
f 2454 2455 2443
f 2443 2455 2456
f 2443 2456 2440
f 2440 2456 2457
f 2458 2456 2415
f 2415 2456 2455
f 2443 2442 2454
f 2454 2442 2412
f 2459 2458 2414
f 2414 2458 2415
f 2413 2416 2414
f 2414 2416 2459
f 2459 2416 2460
f 2460 2416 2450
f 2460 2461 2459
f 2459 2461 2458
f 2462 2463 2460
f 2460 2463 2461
f 2461 2457 2458
f 2458 2457 2456
f 2457 2461 2464
f 2464 2461 2463
f 2451 2462 2450
f 2450 2462 2460
f 2462 2451 2465
f 2465 2451 2466
f 2468 2469 2467
f 2467 2469 2465
f 2463 2462 2469
f 2469 2462 2465
f 2465 2466 2467
f 2467 2466 2445
f 2446 2445 2453
f 2453 2445 2466
f 2451 2449 2466
f 2466 2449 2453
f 2464 2441 2457
f 2457 2441 2440
f 2468 2444 2464
f 2464 2444 2441
f 2468 2464 2469
f 2469 2464 2463
f 2467 2439 2468
f 2468 2439 2444
f 2445 2436 2467
f 2467 2436 2439
f 2447 2426 2431
f 2431 2426 2419
f 2427 2426 2452
f 2452 2426 2447
f 2369 2179 2370
f 2370 2179 2178
f 2376 2379 2372
f 2372 2379 2373
f 2389 2381 2388
f 2388 2381 2380
f 2387 2382 2389
f 2389 2382 2381
f 2270 2385 2277
f 2277 2385 2384
f 2379 2388 2373
f 2373 2388 2380
f 2401 2271 2369
f 2369 2271 2179
f 2248 2277 2372
f 2372 2277 2384
f 2401 2390 2385
f 2385 2390 2386
f 2264 2382 2178
f 2178 2382 2370
f 2215 2134 2271
f 2271 2134 2179
f 2005 2000 2199
f 2199 2000 2215
f 2004 2001 2005
f 2005 2001 2000
f 2200 2214 2004
f 2004 2214 2001
f 2470 2471 2473
f 2473 2471 2472
f 2475 2476 2474
f 2474 2476 2477
f 2479 2475 2478
f 2478 2475 2474
f 2481 2482 2480
f 2480 2482 2483
f 2476 2484 2477
f 2477 2484 2485
f 2487 2488 2486
f 2486 2488 2489
f 2133 2490 2058
f 2058 2490 2491
f 2058 2491 2247
f 2247 2491 2492
f 2494 2495 2493
f 2493 2495 2496
f 2476 2483 2484
f 2484 2483 2497
f 2472 2498 2488
f 2488 2498 2489
f 2484 2497 2471
f 2471 2497 2499
f 2500 2479 2496
f 2496 2479 2501
f 2502 2503 2505
f 2505 2503 2504
f 2496 2501 2493
f 2493 2501 2506
f 2479 2478 2501
f 2501 2478 2507
f 2475 2479 2480
f 2480 2479 2500
f 2508 2509 2473
f 2473 2509 2470
f 2509 2510 2470
f 2470 2510 2485
f 2511 2481 2500
f 2500 2481 2480
f 2512 2494 2486
f 2486 2494 2493
f 2485 2484 2470
f 2470 2484 2471
f 2513 2514 2477
f 2477 2514 2474
f 2471 2499 2472
f 2472 2499 2498
f 2476 2475 2483
f 2483 2475 2480
f 2516 2508 2515
f 2515 2508 2473
f 2502 2505 2517
f 2517 2505 2507
f 2504 2487 2505
f 2505 2487 2506
f 2503 2516 2504
f 2504 2516 2515
f 2506 2487 2493
f 2493 2487 2486
f 2517 2507 2518
f 2518 2507 2478
f 2510 2513 2485
f 2485 2513 2477
f 2511 2495 2293
f 2293 2495 2154
f 2514 2518 2474
f 2474 2518 2478
f 2483 2482 2497
f 2497 2482 2492
f 2501 2507 2506
f 2506 2507 2505
f 2488 2487 2515
f 2515 2487 2504
f 2472 2488 2473
f 2473 2488 2515
f 2518 2519 2517
f 2517 2519 2520
f 2521 2519 2514
f 2514 2519 2518
f 2522 2521 2513
f 2513 2521 2514
f 2523 2522 2510
f 2510 2522 2513
f 2517 2520 2502
f 2502 2520 2524
f 2502 2524 2503
f 2503 2524 2525
f 2525 2526 2503
f 2503 2526 2516
f 2527 2524 2528
f 2528 2524 2520
f 2530 2531 2529
f 2529 2531 2532
f 2531 2533 2532
f 2532 2533 2534
f 2531 2535 2533
f 2533 2535 2536
f 2537 2538 2535
f 2535 2538 2539
f 2539 2540 2535
f 2535 2540 2536
f 2537 2535 2530
f 2530 2535 2531
f 2529 2541 2530
f 2530 2541 2542
f 2543 2534 2536
f 2536 2534 2533
f 2519 2521 2543
f 2543 2521 2534
f 2534 2521 2544
f 2544 2521 2522
f 2532 2534 2545
f 2545 2534 2544
f 2529 2532 2546
f 2546 2532 2545
f 2536 2540 2543
f 2543 2540 2528
f 2519 2543 2520
f 2520 2543 2528
f 2541 2529 2547
f 2547 2529 2546
f 2548 2549 2545
f 2545 2549 2546
f 2549 2550 2546
f 2546 2550 2547
f 2551 2552 2548
f 2548 2552 2549
f 2548 2553 2551
f 2551 2553 2554
f 2550 2549 2555
f 2555 2549 2552
f 2545 2544 2548
f 2548 2544 2553
f 2523 2553 2522
f 2522 2553 2544
f 2547 2556 2541
f 2541 2556 2557
f 2541 2557 2542
f 2542 2557 2558
f 2528 2540 2559
f 2559 2540 2539
f 2538 2560 2539
f 2539 2560 2559
f 2561 2527 2559
f 2559 2527 2528
f 2560 2562 2559
f 2559 2562 2561
f 2560 2538 2564
f 2564 2538 2563
f 2558 2557 2563
f 2563 2557 2564
f 2565 2523 2509
f 2509 2523 2510
f 2526 2566 2516
f 2516 2566 2508
f 2509 2508 2565
f 2565 2508 2566
f 2565 2566 2554
f 2554 2566 2567
f 2554 2567 2551
f 2551 2567 2568
f 2569 2567 2526
f 2526 2567 2566
f 2553 2523 2554
f 2554 2523 2565
f 2570 2569 2525
f 2525 2569 2526
f 2524 2527 2525
f 2525 2527 2570
f 2527 2561 2570
f 2570 2561 2571
f 2571 2572 2570
f 2570 2572 2569
f 2573 2574 2571
f 2571 2574 2572
f 2572 2568 2569
f 2569 2568 2567
f 2568 2572 2575
f 2575 2572 2574
f 2562 2573 2561
f 2561 2573 2571
f 2573 2562 2576
f 2576 2562 2577
f 2579 2580 2578
f 2578 2580 2576
f 2574 2573 2580
f 2580 2573 2576
f 2576 2577 2578
f 2578 2577 2556
f 2557 2556 2564
f 2564 2556 2577
f 2562 2560 2577
f 2577 2560 2564
f 2575 2552 2568
f 2568 2552 2551
f 2579 2555 2575
f 2575 2555 2552
f 2579 2575 2580
f 2580 2575 2574
f 2550 2555 2578
f 2578 2555 2579
f 2556 2547 2578
f 2578 2547 2550
f 2558 2537 2542
f 2542 2537 2530
f 2538 2537 2563
f 2563 2537 2558
f 2292 2295 2481
f 2481 2295 2482
f 2486 2489 2512
f 2512 2489 2581
f 2499 2491 2498
f 2498 2491 2490
f 2497 2492 2499
f 2499 2492 2491
f 2155 2154 2494
f 2494 2154 2495
f 2581 2489 2490
f 2490 2489 2498
f 2293 2292 2511
f 2511 2292 2481
f 2191 2155 2512
f 2512 2155 2494
f 2500 2496 2511
f 2511 2496 2495
f 2247 2492 2295
f 2295 2492 2482
f 2583 2584 2582
f 2582 2584 2585
f 2587 2588 2586
f 2586 2588 2589
f 2591 2587 2590
f 2590 2587 2586
f 2593 2594 2592
f 2592 2594 2595
f 2596 2597 2599
f 2599 2597 2598
f 2588 2600 2589
f 2589 2600 2601
f 2602 2603 2605
f 2605 2603 2604
f 2606 2607 2609
f 2609 2607 2608
f 2609 2608 2190
f 2190 2608 2610
f 2611 2612 2614
f 2614 2612 2613
f 2600 2588 2615
f 2615 2588 2595
f 2599 2598 2606
f 2606 2598 2607
f 2584 2616 2604
f 2604 2616 2605
f 2600 2615 2583
f 2583 2615 2617
f 2591 2619 2618
f 2618 2619 2614
f 2621 2622 2620
f 2620 2622 2623
f 2619 2624 2614
f 2614 2624 2611
f 2591 2590 2619
f 2619 2590 2625
f 2587 2591 2592
f 2592 2591 2618
f 2626 2627 2585
f 2585 2627 2582
f 2627 2628 2582
f 2582 2628 2601
f 2629 2593 2618
f 2618 2593 2592
f 2602 2597 2611
f 2611 2597 2612
f 2600 2583 2601
f 2601 2583 2582
f 2630 2631 2589
f 2589 2631 2586
f 2583 2617 2584
f 2584 2617 2616
f 2588 2587 2595
f 2595 2587 2592
f 2633 2626 2632
f 2632 2626 2585
f 2620 2623 2634
f 2634 2623 2625
f 2622 2603 2623
f 2623 2603 2624
f 2621 2633 2622
f 2622 2633 2632
f 2611 2624 2602
f 2602 2624 2603
f 2634 2625 2635
f 2635 2625 2590
f 2628 2630 2601
f 2601 2630 2589
f 2613 2195 2629
f 2629 2195 2194
f 2631 2635 2586
f 2586 2635 2590
f 2595 2594 2615
f 2615 2594 2610
f 2619 2625 2624
f 2624 2625 2623
f 2632 2604 2622
f 2622 2604 2603
f 2585 2584 2632
f 2632 2584 2604
f 2635 2636 2634
f 2634 2636 2637
f 2638 2636 2631
f 2631 2636 2635
f 2639 2638 2630
f 2630 2638 2631
f 2640 2639 2628
f 2628 2639 2630
f 2634 2637 2620
f 2620 2637 2641
f 2620 2641 2621
f 2621 2641 2642
f 2642 2643 2621
f 2621 2643 2633
f 2641 2637 2644
f 2644 2637 2645
f 2646 2647 2649
f 2649 2647 2648
f 2648 2650 2649
f 2649 2650 2651
f 2648 2652 2650
f 2650 2652 2653
f 2652 2654 2656
f 2656 2654 2655
f 2656 2657 2652
f 2652 2657 2653
f 2654 2652 2647
f 2647 2652 2648
f 2647 2646 2659
f 2659 2646 2658
f 2660 2651 2653
f 2653 2651 2650
f 2636 2638 2660
f 2660 2638 2651
f 2651 2638 2661
f 2661 2638 2639
f 2651 2661 2649
f 2649 2661 2662
f 2663 2646 2662
f 2662 2646 2649
f 2653 2657 2660
f 2660 2657 2645
f 2636 2660 2637
f 2637 2660 2645
f 2646 2663 2658
f 2658 2663 2664
f 2665 2666 2662
f 2662 2666 2663
f 2666 2667 2663
f 2663 2667 2664
f 2668 2669 2665
f 2665 2669 2666
f 2665 2670 2668
f 2668 2670 2671
f 2667 2666 2672
f 2672 2666 2669
f 2662 2661 2665
f 2665 2661 2670
f 2640 2670 2639
f 2639 2670 2661
f 2673 2674 2664
f 2664 2674 2658
f 2658 2674 2659
f 2659 2674 2675
f 2645 2657 2676
f 2676 2657 2656
f 2677 2676 2655
f 2655 2676 2656
f 2676 2678 2645
f 2645 2678 2644
f 2677 2679 2676
f 2676 2679 2678
f 2655 2680 2677
f 2677 2680 2681
f 2675 2674 2680
f 2680 2674 2681
f 2682 2640 2627
f 2627 2640 2628
f 2643 2683 2633
f 2633 2683 2626
f 2682 2627 2683
f 2683 2627 2626
f 2683 2684 2682
f 2682 2684 2671
f 2684 2685 2671
f 2671 2685 2668
f 2686 2684 2643
f 2643 2684 2683
f 2670 2640 2671
f 2671 2640 2682
f 2687 2686 2642
f 2642 2686 2643
f 2642 2641 2687
f 2687 2641 2644
f 2687 2644 2688
f 2688 2644 2678
f 2688 2689 2687
f 2687 2689 2686
f 2690 2691 2688
f 2688 2691 2689
f 2689 2685 2686
f 2686 2685 2684
f 2685 2689 2692
f 2692 2689 2691
f 2679 2690 2678
f 2678 2690 2688
f 2690 2679 2693
f 2693 2679 2694
f 2696 2697 2695
f 2695 2697 2693
f 2691 2690 2697
f 2697 2690 2693
f 2693 2694 2695
f 2695 2694 2673
f 2674 2673 2681
f 2681 2673 2694
f 2679 2677 2694
f 2694 2677 2681
f 2685 2692 2668
f 2668 2692 2669
f 2696 2672 2692
f 2692 2672 2669
f 2696 2692 2697
f 2697 2692 2691
f 2695 2667 2696
f 2696 2667 2672
f 2673 2664 2695
f 2695 2664 2667
f 2675 2654 2659
f 2659 2654 2647
f 2655 2654 2680
f 2680 2654 2675
f 2291 2156 2593
f 2593 2156 2594
f 2597 2602 2598
f 2598 2602 2605
f 2616 2617 2607
f 2607 2617 2608
f 2615 2610 2617
f 2617 2610 2608
f 2597 2596 2612
f 2612 2596 2698
f 2598 2605 2607
f 2607 2605 2616
f 2194 2291 2629
f 2629 2291 2593
f 2629 2618 2613
f 2613 2618 2614
f 2190 2610 2156
f 2156 2610 2594
f 2700 2010 2699
f 2699 2010 2086
f 2267 2701 2116
f 2116 2701 2702
f 2116 2702 2117
f 2117 2702 2703
f 2704 2705 2250
f 2250 2705 2254
f 2011 2706 2267
f 2267 2706 2701
f 2699 2086 2707
f 2707 2086 2289
f 2010 2700 2011
f 2011 2700 2706
f 2708 2707 2251
f 2251 2707 2289
f 2703 2704 2117
f 2117 2704 2250
f 2705 2708 2254
f 2254 2708 2251
f 2709 2710 2708
f 2708 2710 2707
f 2711 2709 2705
f 2705 2709 2708
f 2712 2711 2704
f 2704 2711 2705
f 2713 2712 2703
f 2703 2712 2704
f 2707 2710 2699
f 2699 2710 2714
f 2699 2714 2700
f 2700 2714 2715
f 2716 2706 2715
f 2715 2706 2700
f 2714 2710 2717
f 2717 2710 2718
f 2720 2721 2719
f 2719 2721 2722
f 2721 2723 2722
f 2722 2723 2724
f 2721 2725 2723
f 2723 2725 2726
f 2727 2728 2725
f 2725 2728 2726
f 2729 2725 2720
f 2720 2725 2721
f 2731 2729 2730
f 2730 2729 2720
f 2719 2732 2720
f 2720 2732 2730
f 2726 2733 2723
f 2723 2733 2724
f 2709 2711 2733
f 2733 2711 2724
f 2724 2711 2734
f 2734 2711 2712
f 2722 2724 2735
f 2735 2724 2734
f 2719 2722 2736
f 2736 2722 2735
f 2726 2728 2733
f 2733 2728 2718
f 2709 2733 2710
f 2710 2733 2718
f 2732 2719 2737
f 2737 2719 2736
f 2738 2739 2735
f 2735 2739 2736
f 2739 2740 2736
f 2736 2740 2737
f 2741 2742 2738
f 2738 2742 2739
f 2738 2743 2741
f 2741 2743 2744
f 2740 2739 2745
f 2745 2739 2742
f 2735 2734 2738
f 2738 2734 2743
f 2713 2743 2712
f 2712 2743 2734
f 2737 2746 2732
f 2732 2746 2747
f 2732 2747 2730
f 2730 2747 2731
f 2718 2728 2748
f 2748 2728 2727
f 2749 2750 2727
f 2727 2750 2748
f 2748 2751 2718
f 2718 2751 2717
f 2750 2752 2748
f 2748 2752 2751
f 2750 2749 2754
f 2754 2749 2753
f 2731 2747 2753
f 2753 2747 2754
f 2727 2725 2749
f 2749 2725 2729
f 2749 2729 2753
f 2753 2729 2731
f 2702 2755 2703
f 2703 2755 2713
f 2706 2716 2701
f 2701 2716 2756
f 2755 2702 2756
f 2756 2702 2701
f 2756 2757 2755
f 2755 2757 2744
f 2757 2758 2744
f 2744 2758 2741
f 2759 2757 2716
f 2716 2757 2756
f 2743 2713 2744
f 2744 2713 2755
f 2760 2759 2715
f 2715 2759 2716
f 2715 2714 2760
f 2760 2714 2717
f 2760 2717 2761
f 2761 2717 2751
f 2761 2762 2760
f 2760 2762 2759
f 2763 2764 2761
f 2761 2764 2762
f 2762 2758 2759
f 2759 2758 2757
f 2758 2762 2765
f 2765 2762 2764
f 2752 2763 2751
f 2751 2763 2761
f 2763 2752 2766
f 2766 2752 2767
f 2768 2769 2766
f 2766 2769 2770
f 2764 2763 2770
f 2770 2763 2766
f 2766 2767 2768
f 2768 2767 2746
f 2747 2746 2754
f 2754 2746 2767
f 2752 2750 2767
f 2767 2750 2754
f 2758 2765 2741
f 2741 2765 2742
f 2769 2745 2765
f 2765 2745 2742
f 2769 2765 2770
f 2770 2765 2764
f 2768 2740 2769
f 2769 2740 2745
f 2746 2737 2768
f 2768 2737 2740
f 2201 2212 2200
f 2200 2212 2214
f 2201 2202 2212
f 2212 2202 2185
f 2512 2581 2191
f 2191 2581 2192
f 2059 2290 2056
f 2056 2290 2272
f 2174 2199 2294
f 2294 2199 2278
f 2063 2175 2194
f 2194 2175 2291
f 2192 2581 2133
f 2133 2581 2490
f 2133 2132 2192
f 2192 2132 2189
f 2054 2276 2055
f 2055 2276 2138
f 2083 2279 2084
f 2084 2279 2771
f 2771 2279 2599
f 2599 2279 2596
f 2606 2772 2599
f 2599 2772 2771
f 2772 2773 2771
f 2771 2773 2084
f 2773 2774 2084
f 2084 2774 2085
f 2085 2775 2082
f 2082 2775 2144
f 2774 2078 2085
f 2085 2078 2775
f 2078 2774 2079
f 2079 2774 2776
f 2774 2773 2776
f 2776 2773 2777
f 2773 2772 2777
f 2777 2772 2778
f 2190 2189 2609
f 2609 2189 2778
f 2053 2052 2779
f 2779 2052 2181
f 2144 2775 2081
f 2081 2775 2078
f 2294 2153 2174
f 2174 2153 2175
f 2132 2276 2189
f 2189 2276 2778
f 2606 2609 2772
f 2772 2609 2778
f 2195 2613 2698
f 2698 2613 2612
f 2596 2279 2698
f 2698 2279 2195
f 2054 2777 2276
f 2276 2777 2778
f 2777 2054 2776
f 2776 2054 2053
f 2053 2779 2776
f 2776 2779 2079
f 2779 2181 2079
f 2079 2181 2080
f 2181 2239 2080
f 2080 2239 2240
f 2122 2256 2014
f 2042 1982 2076
f 2076 1982 2007
f 1982 1985 2007
f 2007 1985 2008
f 2095 2097 2265
f 2265 2097 2266
f 2076 2050 2042
f 2042 2050 2047
f 2046 2043 2047
f 2047 2043 2042
f 2118 1993 2046
f 2046 1993 2043
f 1995 1994 2118
f 2118 1994 1993
f 2267 1992 2011
f 2011 1992 2012
f 1997 2012 1994
f 1994 2012 1992
f 2226 2013 1997
f 1997 2013 2012
f 2225 2087 2226
f 2226 2087 2013
f 2225 2232 2087
f 2087 2232 2288
f 2232 2070 2288
f 2288 2070 2252
f 2070 2025 2252
f 2252 2025 2253
f 1988 2249 2025
f 2025 2249 2253
f 2116 2115 2267
f 2267 2115 2268
f 2096 1984 2237
f 2237 1984 1991
f 2095 1985 2096
f 2096 1985 1984
f 2265 2008 2095
f 2095 2008 1985
f 2092 2009 2265
f 2265 2009 2008
f 2091 2286 2092
f 2092 2286 2009
f 2255 2238 2091
f 2091 2238 2286
f 2256 2239 2255
f 2255 2239 2238
f 2122 2240 2256
f 2256 2240 2239
f 2121 2241 2122
f 2122 2241 2240
f 2022 2018 2097
f 2097 2018 2266
f 2022 2024 2018
f 2018 2024 2019
f 2024 2072 2019
f 2019 2072 2073
f 2072 2228 2073
f 2073 2228 2230
f 2228 2184 2230
f 2230 2184 2183
f 2121 2285 2241
f 2241 2285 2258
f 2285 2036 2258
f 2258 2036 2257
f 2177 2145 2193
f 2193 2145 2257
f 2173 2193 2196
f 2196 2193 2037
f 2036 2037 2257
f 2257 2037 2193
f 2196 2037 2066
f 2066 2037 2035
f 2061 2108 2034
f 2034 2108 2067
f 2108 2208 2067
f 2067 2208 2204
f 2208 2210 2204
f 2204 2210 2203
f 2210 2280 2203
f 2203 2280 2186
f 2183 2186 2235
f 2235 2186 2280
f 1987 2114 1988
f 1988 2114 2249
f 2237 2115 1987
f 1987 2115 2114
f 1991 2268 2237
f 2237 2268 2115
f 1991 1990 2268
f 2268 1990 1992
f 107 110 2781
f 2781 110 2780
f 117 2782 118
f 118 2782 2783
f 119 2784 120
f 120 2784 2785
f 125 2786 126
f 126 2786 2787
f 127 2788 128
f 128 2788 2789
f 127 132 2788
f 2788 132 2790
f 231 230 2792
f 2792 230 2791
f 118 2783 119
f 119 2783 2784
f 241 243 2794
f 2794 243 2793
f 2781 2795 107
f 107 2795 352
f 120 2785 437
f 437 2785 2796
f 126 2787 110
f 110 2787 2780
f 455 2797 456
f 456 2797 2798
f 128 2789 457
f 457 2789 2799
f 456 2798 117
f 117 2798 2782
f 2794 2797 241
f 241 2797 455
f 457 2799 125
f 125 2799 2786
f 132 231 2790
f 2790 231 2792
f 230 437 2791
f 2791 437 2796
f 2792 2789 2790
f 2790 2789 2788
f 2785 2784 2801
f 2801 2784 2800
f 2786 2802 2787
f 2787 2802 2803
f 2792 2791 2805
f 2805 2791 2804
f 2784 2783 2800
f 2800 2783 2806
f 2785 2801 2796
f 2796 2801 2807
f 2787 2803 2780
f 2780 2803 2808
f 2789 2809 2799
f 2799 2809 2810
f 2799 2810 2786
f 2786 2810 2802
f 2791 2796 2804
f 2804 2796 2807
f 2789 2792 2809
f 2809 2792 2805
f 2812 2797 2811
f 2811 2797 2794
f 2809 2805 2810
f 2810 2805 2804
f 2810 2804 2802
f 2802 2804 2807
f 2802 2807 2803
f 2803 2807 2801
f 2808 2803 2800
f 2800 2803 2801
f 2814 699 2813
f 2813 699 698
f 2808 2815 2780
f 2780 2815 2781
f 2817 2782 2816
f 2816 2782 2798
f 2815 2818 2781
f 2781 2818 2795
f 2797 2812 2798
f 2798 2812 2816
f 2783 2782 2806
f 2806 2782 2817
f 2800 2806 2808
f 2808 2806 2815
f 2794 2793 2811
f 2811 2793 2819
f 174 201 384
f 384 201 362
f 200 1766 390
f 390 1766 1777
f 1777 1778 390
f 390 1778 398
f 1778 361 398
f 398 361 222
f 2820 2821 628
f 628 2821 629
f 1406 2820 790
f 790 2820 628
f 794 1415 1233
f 1233 1415 1234
f 1406 790 1407
f 1407 790 1312
f 1407 1312 2822
f 2822 1312 1316
f 2823 1380 1543
f 1543 1380 1379
f 1385 1738 1382
f 1382 1738 1383
f 1381 791 1382
f 1382 791 1386
f 791 794 1386
f 1386 794 1233
f 1259 1390 1260
f 1260 1390 1389
f 1905 1542 1394
f 1394 1542 1395
f 1410 1413 1397
f 1397 1413 1398
f 2821 1410 629
f 629 1410 1397
f 2823 2822 1380
f 1380 2822 1316
f 1392 1395 1378
f 1378 1395 1379
f 1738 1399 1383
f 1383 1399 1398
f 1388 1235 1389
f 1389 1235 1234
f 1393 1391 1394
f 1394 1391 1390
f 1381 1384 779
f 779 1384 780
f 1282 788 792
f 792 788 793
f 1431 1262 1432
f 1432 1262 1261
f 1400 1342 1408
f 1408 1342 1409
f 1508 1544 1411
f 1411 1544 1412
f 788 787 793
f 793 787 1414
f 2821 2820 1429
f 1429 2820 1430
f 2822 2823 1506
f 1506 2823 1507
f 778 1282 779
f 779 1282 792
f 2820 1406 1430
f 1430 1406 1409
f 1410 2821 1411
f 1411 2821 1429
f 1407 2822 1408
f 1408 2822 1506
f 1544 781 1412
f 1412 781 780
f 1260 1415 1261
f 1261 1415 1414
f 1334 2824 923
f 923 2824 924
f 2826 1268 2825
f 2825 1268 1267
f 769 1212 2827
f 2827 1212 2828
f 1492 1190 1266
f 1266 1190 1267
f 1488 2829 1489
f 1489 2829 2830
f 922 1329 923
f 923 1329 1328
f 1484 2831 1485
f 1485 2831 2832
f 1482 2833 1485
f 1485 2833 1486
f 1324 1493 1489
f 1489 1493 1490
f 1265 1491 1266
f 1266 1491 1490
f 2835 2836 2834
f 2834 2836 2837
f 1250 2838 2827
f 2827 2838 2839
f 1488 1491 2840
f 2840 1491 2841
f 1268 2826 2842
f 2842 2826 2843
f 2844 2845 1495
f 1495 2845 1496
f 1427 2847 2846
f 2846 2847 926
f 2829 1488 2848
f 2848 1488 2840
f 1329 922 2849
f 2849 922 927
f 2850 2851 768
f 768 2851 1213
f 1265 1268 2852
f 2852 1268 2842
f 1491 1265 2841
f 2841 1265 2852
f 2854 2855 2853
f 2853 2855 2856
f 2855 2857 2856
f 2856 2857 598
f 2857 2858 598
f 598 2858 595
f 2858 2859 595
f 595 2859 626
f 649 652 2860
f 2860 652 2861
f 639 642 2862
f 2862 642 2863
f 2864 705 2862
f 2862 705 639
f 2865 1418 2864
f 2864 1418 705
f 2866 2867 2865
f 2865 2867 1418
f 1760 1348 1761
f 1761 1348 2867
f 1764 2868 1197
f 1197 2868 1198
f 2869 611 2868
f 2868 611 1198
f 2870 612 2869
f 2869 612 611
f 1352 1350 944
f 944 1350 688
f 1350 1256 688
f 688 1256 685
f 1256 1255 685
f 685 1255 692
f 1255 2871 692
f 692 2871 2872
f 701 2873 698
f 698 2873 2813
f 2872 1349 692
f 692 1349 693
f 1696 1744 1574
f 1574 1744 1575
f 1753 1618 1577
f 1577 1618 1578
f 1729 1594 1608
f 1608 1594 1609
f 1725 1630 1611
f 1611 1630 1612
f 1604 1607 1625
f 1625 1607 1626
f 1624 1703 1625
f 1625 1703 1912
f 1703 1702 1912
f 1912 1702 1913
f 1702 1753 1913
f 1913 1753 1577
f 1598 1569 1915
f 1915 1569 1578
f 1616 1615 1915
f 1915 1615 1916
f 1615 1696 1916
f 1916 1696 1574
f 1744 1745 1575
f 1575 1745 1917
f 1745 1565 1917
f 1917 1565 1609
f 1568 1725 1608
f 1608 1725 1611
f 2874 1613 1918
f 1918 1613 1612
f 1607 2874 1626
f 1626 2874 1918
f 1610 1613 1562
f 1562 1613 1563
f 1547 1550 1570
f 1570 1550 1571
f 1573 1576 1580
f 1580 1576 1581
f 1553 1556 1595
f 1595 1556 1596
f 1556 1582 1596
f 1596 1582 1581
f 1551 1547 1599
f 1599 1547 1570
f 1731 1914 1601
f 1601 1914 1602
f 1686 1689 1605
f 1605 1689 1606
f 1598 1743 1599
f 1599 1743 1692
f 2874 1607 1723
f 1723 1607 1606
f 1727 1553 1730
f 1730 1553 1595
f 1600 1686 1601
f 1601 1686 1605
f 1914 1572 1602
f 1602 1572 1571
f 1579 1693 1580
f 1580 1693 1692
f 1613 2874 1563
f 1563 2874 1723
f 1561 1727 1562
f 1562 1727 1730
f 1949 1742 1548
f 1548 1742 1549
f 1694 1949 1552
f 1552 1949 1548
f 1954 1589 1554
f 1554 1589 1555
f 1693 1579 1558
f 1558 1579 1559
f 1561 1564 1584
f 1584 1564 1585
f 1582 1556 1588
f 1588 1556 1555
f 1600 1603 1591
f 1591 1603 1592
f 1981 1977 1687
f 1687 1977 1688
f 1564 1722 1585
f 1585 1722 1690
f 1551 1693 1552
f 1552 1693 1558
f 1751 1954 1728
f 1728 1954 1554
f 1590 1981 1591
f 1591 1981 1687
f 1603 1550 1592
f 1592 1550 1549
f 1977 1691 1688
f 1688 1691 1690
f 1587 1560 1588
f 1588 1560 1559
f 1727 1561 1728
f 1728 1561 1584
f 2875 1919 1947
f 1947 1919 1948
f 1557 1560 1952
f 1952 1560 1953
f 1933 1932 1955
f 1955 1932 1956
f 1587 1589 1958
f 1958 1589 1956
f 1959 1933 1965
f 1965 1933 1955
f 1961 1964 1966
f 1966 1964 1967
f 1981 1590 1969
f 1969 1590 1967
f 1742 1949 1972
f 1972 1949 1948
f 1593 1742 1966
f 1966 1742 1972
f 1957 1950 1958
f 1958 1950 1953
f 1583 1586 1974
f 1974 1586 1975
f 1940 1943 1978
f 1978 1943 1979
f 1943 1976 1979
f 1979 1976 1975
f 1951 2875 1952
f 1952 2875 1947
f 1968 1940 1969
f 1969 1940 1978
f 1973 1959 1974
f 1974 1959 1965
f 1923 1971 1920
f 1920 1971 1921
f 1919 2875 1920
f 1920 2875 1924
f 2875 1951 1924
f 1924 1951 1926
f 1950 1957 1929
f 1929 1957 1930
f 2244 2243 1934
f 1934 2243 1935
f 1973 1976 1937
f 1937 1976 1938
f 1944 1980 1941
f 1941 1980 1942
f 1940 1968 1941
f 1941 1968 1945
f 2287 2244 1960
f 1960 2244 1934
f 1970 2245 1962
f 1962 2245 1963
f 2243 1931 1935
f 1935 1931 1930
f 1927 1926 1928
f 1928 1926 1929
f 1961 1922 1962
f 1962 1922 1921
f 2245 1946 1963
f 1963 1946 1945
f 1976 1943 1938
f 1938 1943 1942
f 1936 2287 1937
f 1937 2287 1960
f 743 1238 608
f 608 1238 609
f 607 1811 608
f 608 1811 744
f 1304 2876 1305
f 1305 2876 2877
f 586 585 1298
f 1298 585 1299
f 585 702 1299
f 1299 702 1300
f 702 1428 1300
f 1300 1428 1301
f 1238 586 609
f 609 586 1298
f 2878 2879 1218
f 1218 2879 2877
f 2880 2881 1812
f 1812 2881 1819
f 2883 1821 2882
f 2882 1821 1820
f 2840 2841 620
f 620 2841 621
f 2842 2843 795
f 795 2843 796
f 892 895 2844
f 2844 895 2845
f 2848 2840 942
f 942 2840 620
f 2849 927 1202
f 1202 927 1203
f 2852 2842 1270
f 1270 2842 795
f 2841 2852 621
f 621 2852 1270
f 941 1759 942
f 942 1759 2884
f 659 929 1427
f 1427 929 2847
f 1237 2851 751
f 751 2851 2850
f 1216 2885 1217
f 1217 2885 1754
f 2887 734 2886
f 2886 734 733
f 2889 1816 2888
f 2888 1816 1815
f 2890 1245 2889
f 2889 1245 1816
f 1824 2891 1825
f 1825 2891 1246
f 2892 2893 2895
f 2895 2893 2894
f 1854 1833 1851
f 1851 1833 1832
f 1851 1832 1884
f 1884 1832 1876
f 1884 1876 1441
f 1441 1876 1443
f 1441 1443 1442
f 1442 1443 1446
f 1442 1446 2896
f 2896 1446 1507
f 2897 2823 2898
f 2898 2823 1543
f 1542 2899 1543
f 1543 2899 2898
f 1542 1905 2899
f 2899 1905 2900
f 1905 1259 2900
f 2900 1259 2901
f 1262 1431 2902
f 2902 1431 1904
f 1431 1434 1904
f 1904 1434 1902
f 1902 1434 2903
f 2903 1434 719
f 2903 719 2904
f 2904 719 718
f 1869 1881 718
f 718 1881 2904
f 1881 1869 1880
f 1880 1869 756
f 1880 756 2905
f 2905 756 755
f 2905 755 2906
f 2906 755 758
f 762 2907 763
f 763 2907 2908
f 724 723 2909
f 2909 723 894
f 796 895 723
f 723 895 894
f 2843 2845 796
f 796 2845 895
f 2826 1496 2843
f 2843 1496 2845
f 2825 1497 2826
f 2826 1497 1496
f 1189 2836 2825
f 2825 2836 1497
f 797 891 798
f 798 891 2837
f 802 888 797
f 797 888 891
f 2910 2911 2913
f 2913 2911 2912
f 1780 1783 2915
f 2915 1783 2914
f 2916 2917 831
f 831 2917 832
f 2918 2919 845
f 845 2919 846
f 2920 2916 847
f 847 2916 831
f 2921 2922 857
f 857 2922 858
f 2923 2924 860
f 860 2924 861
f 2919 2912 846
f 846 2912 887
f 2925 2920 940
f 940 2920 847
f 2924 2926 861
f 861 2926 1204
f 2917 2918 832
f 832 2918 845
f 2927 2928 1449
f 1449 2928 1450
f 2929 2930 889
f 889 2930 2931
f 2896 1507 2897
f 2897 1507 2823
f 2902 2901 1262
f 1262 2901 1259
f 2932 2933 750
f 750 2933 1236
f 2933 2934 1236
f 1236 2934 1835
f 2936 2937 2935
f 2935 2937 2938
f 2940 2941 2939
f 2939 2941 2942
f 2943 2944 1841
f 1841 2944 1842
f 2945 1860 2944
f 2944 1860 1842
f 2945 2946 1860
f 1860 2946 1859
f 1889 2947 1890
f 1890 2947 1856
f 1856 2947 1857
f 1857 2947 2948
f 2950 709 2949
f 2949 709 1829
f 2952 730 2951
f 2951 730 729
f 2866 2953 2867
f 2867 2953 1761
f 2953 2954 1761
f 1761 2954 1420
f 2954 2955 1420
f 1420 2955 742
f 2955 2956 742
f 742 2956 739
f 2956 2957 739
f 739 2957 760
f 2957 2958 760
f 760 2958 761
f 2958 2959 761
f 761 2959 2960
f 2959 2961 2960
f 2960 2961 2962
f 2963 2964 1839
f 1839 2964 1840
f 2964 2965 1840
f 1840 2965 2942
f 2966 2950 2939
f 2939 2950 2949
f 2935 2967 2936
f 2936 2967 2968
f 2969 2970 736
f 736 2970 735
f 734 2887 1815
f 1815 2887 2888
f 2887 2882 2888
f 2888 2882 2881
f 1819 1820 1817
f 1817 1820 748
f 1195 1757 1197
f 1197 1757 1424
f 1757 647 1424
f 1424 647 646
f 647 648 646
f 646 648 643
f 648 1271 643
f 643 1271 737
f 1271 725 737
f 737 725 765
f 725 724 765
f 765 724 762
f 762 724 2907
f 2907 724 2909
f 1254 1437 2909
f 2909 1437 2907
f 1438 1253 1836
f 1836 1253 1835
f 1836 1835 2938
f 2938 1835 2934
f 2971 2972 2935
f 2935 2972 2967
f 897 896 2969
f 2969 896 2970
f 1815 1814 734
f 734 1814 731
f 728 1215 896
f 896 1215 732
f 2885 1216 733
f 733 1216 2886
f 1216 1219 2886
f 2886 1219 2883
f 2876 1304 1821
f 1821 1304 749
f 1304 1303 749
f 749 1303 746
f 1818 2973 1817
f 1817 2973 1810
f 747 2974 1818
f 1818 2974 2973
f 747 746 2974
f 2974 746 1303
f 2976 2977 2975
f 2975 2977 2978
f 2976 2979 2901
f 2901 2979 2900
f 2980 2981 2982
f 2982 2981 2979
f 2981 2980 2983
f 2983 2980 2984
f 2985 2897 2983
f 2983 2897 2898
f 2987 2988 2986
f 2986 2988 2985
f 2896 2988 1442
f 1442 2988 1439
f 1903 2977 1904
f 1904 2977 2902
f 1856 1855 1890
f 1890 1855 2989
f 2989 2990 1890
f 1890 2990 1359
f 2990 2991 1359
f 1359 2991 1356
f 2946 2992 1859
f 1859 2992 1893
f 2992 2993 1893
f 1893 2993 775
f 2993 2994 775
f 775 2994 776
f 2986 1356 2987
f 2987 1356 2991
f 2975 2978 776
f 776 2978 777
f 2982 2994 2980
f 2980 2994 2995
f 1357 2984 2995
f 2995 2984 2980
f 2995 2996 1357
f 1357 2996 1358
f 2996 2997 1358
f 1358 2997 1889
f 2998 2999 2932
f 2932 2999 2933
f 2999 2971 2933
f 2933 2971 2934
f 1837 1836 2937
f 2937 1836 2938
f 2943 1841 2941
f 2941 1841 1838
f 3001 2944 3000
f 3000 2944 2943
f 3001 3002 2944
f 2944 3002 2945
f 3002 3003 2945
f 2945 3003 2946
f 2997 3003 1889
f 1889 3003 2947
f 2947 3003 2948
f 2948 3003 3002
f 3001 3004 3002
f 3002 3004 2948
f 3000 3005 3001
f 3001 3005 3004
f 2940 3006 3000
f 3000 3006 3005
f 2999 3007 2971
f 2971 3007 2972
f 2998 2951 2999
f 2999 2951 3007
f 3008 2952 2998
f 2998 2952 2951
f 2966 2965 2936
f 2936 2965 2937
f 2935 2938 2971
f 2971 2938 2934
f 3003 2997 2946
f 2946 2997 2992
f 2997 2996 2992
f 2992 2996 2993
f 2996 2995 2993
f 2993 2995 2994
f 1356 2986 1357
f 1357 2986 2984
f 2982 2975 2994
f 2994 2975 776
f 1844 1843 1899
f 1899 1843 3009
f 1843 638 3009
f 3009 638 3010
f 638 637 3010
f 3010 637 3011
f 637 1830 3011
f 3011 1830 3012
f 1830 1833 3012
f 3012 1833 2894
f 1833 1854 2894
f 2894 1854 2895
f 1854 1853 2895
f 2895 1853 1888
f 1858 1857 1885
f 1885 1857 1892
f 1899 3009 1898
f 1898 3009 1874
f 3009 3010 1874
f 1874 3010 1865
f 3010 3011 1865
f 1865 3011 1862
f 3011 3012 1862
f 1862 3012 1882
f 3012 2894 1882
f 1882 2894 2893
f 1850 2890 782
f 782 2890 2889
f 783 2880 1811
f 1811 2880 1812
f 744 1810 745
f 745 1810 2973
f 745 2973 805
f 805 2973 806
f 2973 2974 806
f 806 2974 815
f 1303 812 2974
f 2974 812 815
f 1303 1302 812
f 812 1302 1221
f 1307 3013 1302
f 1302 3013 1221
f 1734 3014 1633
f 1633 3014 1634
f 1646 1649 1636
f 1636 1649 1637
f 1654 1657 1641
f 1641 1657 1642
f 1639 1736 1636
f 1636 1736 1684
f 1716 1713 1698
f 1698 1713 1699
f 1718 1721 1705
f 1705 1721 1706
f 1653 1654 1709
f 1709 1654 1641
f 1620 1623 1714
f 1714 1623 1699
f 1712 1682 1714
f 1714 1682 1740
f 1668 1671 1746
f 1746 1671 1747
f 1752 1650 1749
f 1749 1650 1750
f 1750 1650 1709
f 1709 1650 1653
f 1632 1668 1633
f 1633 1668 1746
f 1649 1752 1637
f 1637 1752 1749
f 1682 1643 1740
f 1740 1643 1642
f 3014 1685 1634
f 1634 1685 1684
f 1704 1748 1705
f 1705 1748 1747
f 1697 1707 1698
f 1698 1707 1706
f 1739 1701 1621
f 1621 1701 1622
f 1567 1566 1647
f 1647 1566 1648
f 1664 1695 1651
f 1651 1695 1652
f 1614 1617 1655
f 1655 1617 1656
f 1704 1707 1659
f 1659 1707 1660
f 3014 1734 1662
f 1662 1734 1663
f 1650 1752 1651
f 1651 1752 1665
f 1741 1657 1667
f 1667 1657 1656
f 1695 1614 1652
f 1652 1614 1655
f 1724 1567 1726
f 1726 1567 1647
f 1645 1628 1733
f 1733 1628 1663
f 1685 3014 1726
f 1726 3014 1662
f 1620 1741 1621
f 1621 1741 1667
f 1566 1666 1648
f 1648 1666 1665
f 1658 1737 1659
f 1659 1737 1901
f 1911 1661 1910
f 1910 1661 1660
f 1701 1911 1622
f 1622 1911 1910
f 1732 1748 1733
f 1733 1748 1901
f 1857 2948 1892
f 1892 2948 3004
f 1892 3004 1891
f 1891 3004 3005
f 1828 3006 1829
f 1829 3006 2949
f 2967 736 2968
f 2968 736 710
f 2972 2969 2967
f 2967 2969 736
f 2969 2972 897
f 897 2972 3007
f 897 3007 729
f 729 3007 2951
f 3016 753 3015
f 3015 753 752
f 3018 767 3017
f 3017 767 766
f 3019 3020 1249
f 1249 3020 3021
f 2915 2914 3019
f 3019 2914 3020
f 3023 2914 3022
f 3022 2914 1783
f 2827 2839 769
f 769 2839 766
f 3025 2838 3024
f 3024 2838 3021
f 768 767 2850
f 2850 767 3026
f 2850 3026 751
f 751 3026 752
f 750 753 2932
f 2932 753 3027
f 3008 2998 3027
f 3027 2998 2932
f 3028 3029 3008
f 3008 3029 2952
f 3029 3030 2952
f 2952 3030 730
f 3032 3033 3031
f 3031 3033 3034
f 3036 3037 3035
f 3035 3037 3038
f 2870 3039 612
f 612 3039 3040
f 3041 3042 3031
f 3031 3042 3038
f 3034 1352 3043
f 3043 1352 944
f 612 3040 613
f 613 3040 3044
f 613 3044 1425
f 1425 3044 1422
f 3045 3042 669
f 669 3042 670
f 3041 3043 599
f 599 3043 600
f 772 771 1544
f 1544 771 781
f 1503 771 1866
f 1866 771 770
f 771 1503 781
f 781 1503 778
f 61 281 416
f 416 281 1907
f 283 103 3046
f 3046 103 3047
f 76 79 3048
f 3048 79 3049
f 280 76 1906
f 1906 76 3048
f 3051 335 3050
f 3050 335 334
f 3053 417 3052
f 3052 417 416
f 3055 435 3054
f 3054 435 434
f 428 435 419
f 419 435 1908
f 420 1909 293
f 293 1909 443
f 79 294 3049
f 3049 294 444
f 3057 444 3056
f 3056 444 443
f 3051 3058 335
f 335 3058 452
f 216 215 1332
f 1332 215 452
f 308 283 462
f 462 283 3046
f 3050 334 3059
f 3059 334 462
f 103 62 3047
f 3047 62 417
f 313 312 434
f 434 312 463
f 3061 574 3060
f 3060 574 573
f 1310 3062 1428
f 1428 3062 3063
f 1258 3064 1255
f 1255 3064 2871
f 932 3065 2853
f 2853 3065 3066
f 699 2814 931
f 931 2814 3067
f 3068 1301 3063
f 3063 1301 1428
f 571 574 1310
f 1310 574 3062
f 3060 573 3069
f 3069 573 1332
f 3070 3071 1906
f 1906 3071 1907
f 3072 3073 1908
f 1908 3073 1909
f 3075 2814 3074
f 3074 2814 2813
f 2854 3076 1258
f 1258 3076 3064
f 2871 3077 2872
f 2872 3077 3078
f 3074 2813 3079
f 3079 2813 2873
f 2872 3078 1349
f 1349 3078 3080
f 2873 701 3068
f 3068 701 1301
f 1330 1201 3080
f 3080 1201 1349
f 1264 1263 3081
f 3081 1263 3082
f 3083 3084 3082
f 3082 3084 3081
f 811 1448 3086
f 3086 1448 3085
f 808 811 3087
f 3087 811 3086
f 3088 3083 833
f 833 3083 3082
f 884 3089 885
f 885 3089 3090
f 3087 1790 808
f 808 1790 816
f 1790 3087 1787
f 1787 3087 3091
f 3092 3091 3086
f 3086 3091 3087
f 3093 3094 3084
f 3084 3094 3095
f 3089 3096 3090
f 3090 3096 3088
f 3097 3093 3083
f 3083 3093 3084
f 3099 3100 3098
f 3098 3100 1786
f 3101 1788 2913
f 2913 1788 3102
f 838 837 885
f 885 837 886
f 886 837 3103
f 3103 837 1541
f 3094 3093 3104
f 3104 3093 3097
f 3105 3106 3089
f 3089 3106 3096
f 3108 3109 3107
f 3107 3109 3110
f 3111 3112 3091
f 3091 3112 1787
f 3114 3108 3113
f 3113 3108 3107
f 3114 3115 3112
f 3112 3115 3102
f 3091 3092 3111
f 3111 3092 3116
f 839 838 835
f 835 838 836
f 885 3090 838
f 838 3090 836
f 3110 3117 1247
f 1247 3117 3118
f 1247 3118 1248
f 1248 3118 3119
f 3120 3121 3119
f 3119 3121 1248
f 1247 844 3110
f 3110 844 3107
f 844 843 3107
f 3107 843 3113
f 843 3099 3113
f 3113 3099 3122
f 1781 3123 3098
f 3098 3123 3124
f 2915 2931 1780
f 1780 2931 2930
f 3019 3125 2915
f 2915 3125 2931
f 890 3125 2834
f 2834 3125 1252
f 3125 3019 1252
f 1252 3019 1249
f 907 908 946
f 946 908 947
f 1185 1188 1369
f 1369 1188 948
f 954 957 951
f 951 957 952
f 910 965 953
f 953 965 950
f 905 958 960
f 960 958 961
f 3126 978 949
f 949 978 962
f 936 935 967
f 967 935 968
f 994 993 969
f 969 993 966
f 902 904 971
f 971 904 972
f 983 985 973
f 973 985 970
f 906 905 974
f 974 905 960
f 977 981 959
f 959 981 975
f 911 910 1143
f 1143 910 953
f 952 957 1142
f 1142 957 1145
f 911 1143 1366
f 1366 1143 1368
f 1185 1369 1145
f 1145 1369 1142
f 993 1519 966
f 966 1519 1456
f 965 1454 950
f 950 1454 1457
f 900 899 1459
f 1459 899 1460
f 988 991 1461
f 1461 991 1458
f 899 963 1460
f 1460 963 1462
f 985 987 970
f 970 987 1463
f 904 906 972
f 972 906 974
f 981 983 975
f 975 983 973
f 935 900 968
f 968 900 1459
f 991 994 1458
f 1458 994 969
f 1154 1526 1088
f 1088 1526 1089
f 1109 1112 1092
f 1092 1112 1093
f 1083 1098 1084
f 1084 1098 1097
f 1078 1471 1100
f 1100 1471 1101
f 1075 1078 1104
f 1104 1078 1100
f 1152 1154 1156
f 1156 1154 1088
f 1156 1155 1372
f 1372 1155 1373
f 1372 1373 1104
f 1104 1373 1075
f 1467 1109 1465
f 1465 1109 1092
f 1465 1182 1468
f 1468 1182 1184
f 1474 1470 1096
f 1096 1470 1097
f 1102 1101 1083
f 1083 1101 1098
f 1112 1531 1093
f 1093 1531 1529
f 1102 1073 1099
f 1099 1073 1072
f 1526 1154 1079
f 1079 1154 1080
f 1081 1091 1082
f 1082 1091 1094
f 1069 1068 1085
f 1085 1068 1086
f 1153 1151 1080
f 1080 1151 1058
f 1371 1177 1179
f 1179 1177 1176
f 1099 1072 1103
f 1103 1072 1176
f 1068 1071 1086
f 1086 1071 1073
f 1085 1084 1180
f 1180 1084 1469
f 1066 1065 1183
f 1183 1065 1181
f 1153 1152 1177
f 1177 1152 1178
f 1091 1081 1182
f 1182 1081 1183
f 1057 1525 1079
f 1079 1525 1527
f 1120 1117 1076
f 1076 1117 1077
f 1087 1090 1107
f 1107 1090 1108
f 1127 1126 1110
f 1110 1126 1111
f 1095 1116 1096
f 1096 1116 1115
f 1471 1078 1119
f 1119 1078 1077
f 1087 1107 1155
f 1155 1107 1158
f 1376 1374 1157
f 1157 1374 1158
f 1076 1075 1374
f 1374 1075 1373
f 1109 1467 1110
f 1110 1467 1472
f 1467 1466 1472
f 1472 1466 1473
f 1135 1475 1114
f 1114 1475 1115
f 1471 1119 1095
f 1095 1119 1116
f 1126 1532 1111
f 1111 1532 1530
f 914 1276 1480
f 1480 1276 1517
f 3127 3128 1223
f 1223 3128 1224
f 824 933 1455
f 1455 933 3129
f 3131 1448 3130
f 3130 1448 1447
f 3132 3133 1452
f 1452 3133 1453
f 3130 1447 1322
f 1322 1447 1455
f 933 1514 3129
f 3129 1514 3134
f 1161 3135 1480
f 1480 3135 1481
f 3128 3136 1224
f 1224 3136 1499
f 3133 1162 1453
f 1453 1162 1517
f 1515 3127 1535
f 1535 3127 1223
f 3095 3085 3131
f 3131 3085 1448
f 3137 3092 3085
f 3085 3092 3086
f 3138 3116 3137
f 3137 3116 3092
f 3110 3109 3117
f 3117 3109 3139
f 3105 3140 3117
f 3117 3140 3118
f 3140 3141 3118
f 3118 3141 3119
f 3142 3120 3141
f 3141 3120 3119
f 1498 3143 1277
f 1277 3143 882
f 3144 3145 1340
f 1340 3145 1339
f 1340 3146 3144
f 3144 3146 3147
f 3145 3144 3143
f 3143 3144 3148
f 871 901 872
f 872 901 1362
f 3149 3148 3147
f 3147 3148 3144
f 1208 3150 1209
f 3098 1786 1781
f 1781 1786 1782
f 2930 2929 3123
f 3123 2929 2911
f 1794 1791 2916
f 2916 1791 2917
f 1793 3101 2918
f 2918 3101 2919
f 1796 1794 2920
f 2920 1794 2916
f 3151 3152 2921
f 2921 3152 2922
f 3153 3154 2923
f 2923 3154 2924
f 2919 3101 2912
f 2912 3101 2913
f 3155 1796 2925
f 2925 1796 2920
f 3154 3156 2924
f 2924 3156 2926
f 1791 1793 2917
f 2917 1793 2918
f 3157 3158 2927
f 2927 3158 2928
f 1780 2930 1781
f 1781 2930 3123
f 2825 1267 1189
f 1189 1267 1190
f 2827 2828 1250
f 1250 2828 1251
f 1489 2830 1324
f 1324 2830 1325
f 923 1328 1334
f 1334 1328 1335
f 1485 2832 1482
f 1482 2832 1483
f 1266 1490 1492
f 1492 1490 1493
f 1333 1346 1334
f 1334 1346 2824
f 722 799 1492
f 1492 799 1190
f 664 657 1482
f 1482 657 2833
f 631 634 1324
f 1324 634 1493
f 2828 1494 1251
f 1251 1494 2835
f 1249 3021 1250
f 1250 3021 2838
f 798 2837 1189
f 1189 2837 2836
f 3100 842 3160
f 3160 842 3159
f 1788 3101 1789
f 1789 3101 1793
f 1792 816 1789
f 1789 816 1790
f 817 816 1795
f 1795 816 1792
f 938 817 1797
f 1797 817 1795
f 1796 3155 1797
f 1797 3155 1798
f 3155 3158 1798
f 1798 3158 1799
f 3157 3152 1801
f 1801 3152 1802
f 3151 3156 1803
f 1803 3156 1804
f 3154 3153 1805
f 1805 3153 1806
f 3153 3161 1806
f 1806 3161 1807
f 3099 843 3100
f 3100 843 842
f 1788 1787 3102
f 3102 1787 3112
f 2910 3115 3124
f 3124 3115 3122
f 3099 3098 3122
f 3122 3098 3124
f 416 1907 3052
f 3052 1907 3071
f 3046 3047 3163
f 3163 3047 3162
f 249 445 259
f 259 445 3164
f 425 3165 424
f 424 3165 461
f 408 410 329
f 329 410 330
f 39 331 40
f 40 331 332
f 305 304 423
f 423 304 464
f 385 254 458
f 458 254 392
f 250 415 251
f 251 415 412
f 233 337 234
f 234 337 3166
f 435 3055 1908
f 1908 3055 3072
f 443 1909 3056
f 3056 1909 3073
f 3167 3049 3057
f 3057 3049 444
f 452 3058 1332
f 1332 3058 3069
f 234 3166 346
f 346 3166 411
f 3046 3163 462
f 462 3163 3059
f 259 3164 260
f 260 3164 336
f 3047 417 3162
f 3162 417 3053
f 463 3168 434
f 434 3168 3054
f 454 830 425
f 425 830 3165
f 3062 3169 3063
f 3063 3169 3170
f 1355 1354 1534
f 1534 1354 3171
f 3063 3170 3068
f 3068 3170 3172
f 574 3061 3062
f 3062 3061 3169
f 1534 3171 1535
f 1535 3171 3173
f 3079 2873 3172
f 3172 2873 3068
f 2838 3025 2839
f 2839 3025 3174
f 3176 3177 3175
f 3175 3177 3178
f 3180 1125 3179
f 3179 1125 1128
f 3182 3183 3181
f 3181 3183 3184
f 1134 3185 1130
f 1130 3185 3182
f 3186 3187 3189
f 3189 3187 3188
f 3191 3189 3190
f 3190 3189 3188
f 1137 1122 3190
f 3190 1122 3192
f 3175 3178 3193
f 3193 3178 3194
f 3181 3184 3179
f 3179 3184 3195
f 3197 3198 3196
f 3196 3198 3180
f 3200 3178 3199
f 3199 3178 3177
f 3202 3196 3201
f 3201 3196 3195
f 3204 3184 3203
f 3203 3184 3183
f 3206 3207 3205
f 3205 3207 3186
f 3205 3186 3208
f 3208 3186 3189
f 3209 3208 3191
f 3191 3208 3189
f 3210 3194 3200
f 3200 3194 3178
f 3201 3195 3204
f 3204 3195 3184
f 3197 3211 3177
f 3177 3211 3199
f 3213 3214 3212
f 3212 3214 3215
f 3217 3218 3216
f 3216 3218 3219
f 3221 3222 3220
f 3220 3222 3223
f 3225 3226 3224
f 3224 3226 3227
f 3229 3230 3228
f 3228 3230 3231
f 3233 3234 3232
f 3232 3234 3235
f 3237 3238 3236
f 3236 3238 3239
f 3238 3240 3239
f 3239 3240 3241
f 3232 3235 3242
f 3242 3235 3243
f 3245 3246 3244
f 3244 3246 3247
f 3248 3249 3245
f 3245 3249 3246
f 3251 3252 3250
f 3250 3252 3253
f 3255 3252 3254
f 3254 3252 3251
f 3256 3257 3259
f 3259 3257 3258
f 3261 3262 3260
f 3260 3262 3263
f 3265 3263 3264
f 3264 3263 3262
f 3256 3259 3266
f 3266 3259 3267
f 3269 3270 3268
f 3268 3270 3271
f 3269 3272 3270
f 3270 3272 3273
f 3274 3275 3277
f 3277 3275 3276
f 3278 3279 3276
f 3276 3279 3277
f 3281 3282 3280
f 3280 3282 3283
f 3280 3284 3281
f 3281 3284 3285
f 3287 3288 3286
f 3286 3288 3289
f 3290 3291 3288
f 3288 3291 3289
f 3234 3218 3235
f 3235 3218 3217
f 3232 3292 3233
f 3233 3292 3293
f 3239 3294 3236
f 3236 3294 3219
f 3233 3293 3237
f 3237 3293 3295
f 3296 3294 3241
f 3241 3294 3239
f 3240 3238 3297
f 3297 3238 3298
f 3217 3216 3235
f 3235 3216 3243
f 3297 3299 3240
f 3240 3299 3242
f 3246 3300 3247
f 3247 3300 3223
f 3301 3302 3254
f 3254 3302 3244
f 3249 3303 3246
f 3246 3303 3300
f 3245 3304 3248
f 3248 3304 3292
f 3252 3221 3253
f 3253 3221 3220
f 3250 3248 3299
f 3299 3248 3292
f 3222 3221 3255
f 3255 3221 3252
f 3297 3301 3251
f 3251 3301 3254
f 3258 3214 3259
f 3259 3214 3213
f 3257 3256 3304
f 3304 3256 3305
f 3263 3306 3260
f 3260 3306 3215
f 3261 3257 3302
f 3302 3257 3304
f 3307 3306 3265
f 3265 3306 3263
f 3262 3301 3264
f 3264 3301 3308
f 3259 3213 3267
f 3267 3213 3212
f 3308 3309 3264
f 3264 3309 3266
f 3270 3310 3271
f 3271 3310 3231
f 3311 3312 3278
f 3278 3312 3268
f 3270 3273 3310
f 3310 3273 3313
f 3272 3269 3305
f 3305 3269 3314
f 3277 3229 3274
f 3274 3229 3228
f 3275 3272 3309
f 3309 3272 3305
f 3279 3230 3277
f 3277 3230 3229
f 3276 3308 3278
f 3278 3308 3311
f 3281 3315 3282
f 3282 3315 3227
f 3290 3316 3283
f 3283 3316 3317
f 3281 3285 3315
f 3315 3285 3318
f 3284 3280 3314
f 3314 3280 3319
f 3289 3225 3286
f 3286 3225 3224
f 3287 3284 3312
f 3284 3314 3312
f 3291 3226 3289
f 3289 3226 3225
f 3288 3311 3290
f 3290 3311 3316
f 3212 3215 3307
f 3307 3215 3306
f 3294 3296 3219
f 3219 3296 3216
f 3303 3220 3300
f 3300 3220 3223
f 3224 3227 3318
f 3318 3227 3315
f 3228 3231 3313
f 3313 3231 3310
f 3234 3233 3236
f 3236 3233 3237
f 3243 3241 3242
f 3242 3241 3240
f 3247 3255 3244
f 3244 3255 3254
f 3253 3249 3250
f 3250 3249 3248
f 3260 3258 3261
f 3261 3258 3257
f 3266 3267 3264
f 3264 3267 3265
f 3268 3271 3278
f 3278 3271 3279
f 3274 3273 3275
f 3275 3273 3272
f 3283 3282 3290
f 3290 3282 3291
f 3286 3285 3287
f 3287 3285 3284
f 3218 3234 3219
f 3219 3234 3236
f 3295 3298 3237
f 3237 3298 3238
f 3216 3296 3243
f 3243 3296 3241
f 3242 3299 3232
f 3232 3299 3292
f 3223 3222 3247
f 3247 3222 3255
f 3244 3302 3245
f 3245 3302 3304
f 3303 3249 3220
f 3220 3249 3253
f 3297 3251 3299
f 3299 3251 3250
f 3215 3214 3260
f 3260 3214 3258
f 3301 3262 3302
f 3302 3262 3261
f 3212 3307 3267
f 3267 3307 3265
f 3266 3309 3256
f 3256 3309 3305
f 3271 3231 3279
f 3279 3231 3230
f 3268 3312 3269
f 3269 3312 3314
f 3228 3313 3274
f 3274 3313 3273
f 3308 3276 3309
f 3309 3276 3275
f 3282 3227 3291
f 3291 3227 3226
f 3317 3319 3283
f 3283 3319 3280
f 3224 3318 3286
f 3286 3318 3285
f 3312 3311 3287
f 3311 3288 3287
f 3320 3321 3194
f 3194 3321 3193
f 1375 3321 1121
f 1121 3321 3322
f 3323 3324 3322
f 3322 3324 3192
f 3175 1124 3176
f 3176 1124 1123
f 3179 3195 3180
f 3180 3195 3196
f 3181 1131 3182
f 3182 1131 1130
f 3207 3185 3186
f 3186 3185 3187
f 1136 3188 1133
f 1133 3188 3187
f 3190 3188 1137
f 1137 3188 1136
f 3193 1159 3175
f 3175 1159 1124
f 3179 1128 3181
f 3181 1128 1131
f 1533 3198 1123
f 1123 3198 3176
f 3321 1375 3193
f 3193 1375 1159
f 3321 3320 3322
f 3322 3320 3323
f 1122 1121 3192
f 3192 1121 3322
f 3194 3210 3320
f 3320 3210 3325
f 3324 3323 3327
f 3327 3323 3326
f 3320 3325 3323
f 3323 3325 3326
f 3208 3328 3205
f 3205 3328 3329
f 3330 3206 3329
f 3329 3206 3205
f 3203 3331 3204
f 3204 3331 3332
f 3210 3333 3325
f 3325 3333 3334
f 3325 3334 3326
f 3326 3334 3335
f 3327 3326 3336
f 3336 3326 3335
f 3327 3209 3324
f 3324 3209 3191
f 3190 3192 3191
f 3191 3192 3324
f 3338 3339 3337
f 3337 3339 3340
f 3338 3341 3339
f 3339 3341 3342
f 3341 3343 3342
f 3342 3343 3344
f 3343 3345 3344
f 3344 3345 3346
f 3345 3347 3346
f 3346 3347 3348
f 3347 3349 3348
f 3348 3349 3350
f 3337 3340 3351
f 3351 3340 3352
f 3351 3352 3353
f 3353 3352 3354
f 3353 3354 3355
f 3355 3354 3356
f 3350 3349 3357
f 3357 3349 3358
f 3355 3356 3359
f 3359 3356 3360
f 3359 3360 3361
f 3361 3360 3362
f 3361 3362 3363
f 3363 3362 3364
f 3363 3364 3358
f 3358 3364 3357
f 3339 3342 3365
f 3365 3342 3366
f 3342 3344 3366
f 3366 3344 3367
f 3344 3346 3367
f 3367 3346 3368
f 3346 3348 3368
f 3368 3348 3369
f 3348 3350 3369
f 3369 3350 3370
f 3368 3369 3371
f 3371 3369 3372
f 3369 3370 3372
f 3372 3370 3373
f 3373 3374 3372
f 3372 3374 3375
f 3377 3378 3376
f 3376 3378 3379
f 3377 3375 3378
f 3378 3375 3374
f 3375 3380 3372
f 3372 3380 3371
f 3377 3381 3375
f 3375 3381 3380
f 3376 3382 3377
f 3377 3382 3381
f 3384 3385 3383
f 3383 3385 3386
f 3384 3383 3388
f 3388 3383 3387
f 3388 3387 3389
f 3389 3387 3390
f 3392 3385 3391
f 3391 3385 3384
f 3388 3393 3384
f 3384 3393 3391
f 3389 3394 3388
f 3388 3394 3393
f 3389 3395 3394
f 3394 3395 3396
f 3395 3389 3397
f 3397 3389 3390
f 3339 3365 3340
f 3340 3365 3398
f 3340 3398 3352
f 3352 3398 3399
f 3371 3400 3368
f 3368 3400 3367
f 3400 3401 3367
f 3367 3401 3366
f 3366 3401 3365
f 3365 3401 3402
f 3398 3365 3403
f 3403 3365 3402
f 3398 3403 3399
f 3399 3403 3404
f 3403 3405 3404
f 3404 3405 3406
f 3352 3399 3354
f 3354 3399 3407
f 3399 3404 3407
f 3407 3404 3408
f 3404 3406 3408
f 3408 3406 3409
f 3405 3410 3406
f 3406 3410 3411
f 3410 3412 3411
f 3411 3412 3413
f 3397 3414 3395
f 3395 3414 3415
f 3417 3415 3416
f 3416 3415 3412
f 3410 3418 3412
f 3412 3418 3416
f 3410 3405 3418
f 3418 3405 3419
f 3405 3403 3419
f 3419 3403 3402
f 3370 3350 3420
f 3420 3350 3357
f 3373 3370 3421
f 3421 3370 3420
f 3374 3373 3422
f 3422 3373 3421
f 3378 3374 3423
f 3423 3374 3422
f 3378 3423 3379
f 3379 3423 3424
f 3424 3425 3379
f 3379 3425 3386
f 3383 3426 3387
f 3387 3426 3427
f 3387 3427 3390
f 3390 3427 3428
f 3390 3428 3397
f 3397 3428 3429
f 3429 3430 3397
f 3397 3430 3414
f 3411 3413 3431
f 3431 3413 3432
f 3406 3411 3409
f 3409 3411 3431
f 3401 3400 3335
f 3335 3400 3336
f 3401 3335 3402
f 3402 3335 3334
f 3402 3334 3419
f 3419 3334 3333
f 3419 3333 3418
f 3418 3333 3433
f 3418 3433 3416
f 3416 3433 3434
f 3435 3417 3434
f 3434 3417 3416
f 3394 3396 3436
f 3436 3396 3437
f 3393 3394 3332
f 3332 3394 3436
f 3393 3332 3391
f 3391 3332 3331
f 3330 3392 3331
f 3331 3392 3391
f 3382 3329 3381
f 3381 3329 3328
f 3354 3407 3356
f 3356 3407 3438
f 3356 3438 3360
f 3360 3438 3439
f 3360 3439 3362
f 3362 3439 3440
f 3362 3440 3364
f 3364 3440 3441
f 3364 3441 3357
f 3357 3441 3420
f 3421 3420 3442
f 3442 3420 3441
f 3442 3441 3443
f 3443 3441 3440
f 3443 3440 3444
f 3444 3440 3439
f 3444 3439 3445
f 3445 3439 3438
f 3445 3438 3408
f 3408 3438 3407
f 3422 3421 3446
f 3446 3421 3442
f 3446 3442 3447
f 3447 3442 3443
f 3447 3443 3448
f 3448 3443 3444
f 3448 3444 3449
f 3449 3444 3445
f 3449 3445 3409
f 3409 3445 3408
f 3409 3431 3449
f 3449 3431 3450
f 3449 3450 3448
f 3448 3450 3451
f 3451 3452 3448
f 3448 3452 3447
f 3447 3452 3446
f 3446 3452 3453
f 3446 3453 3422
f 3422 3453 3423
f 3424 3423 3454
f 3454 3423 3453
f 3452 3455 3453
f 3453 3455 3454
f 3452 3451 3455
f 3455 3451 3456
f 3450 3457 3451
f 3451 3457 3456
f 3431 3432 3450
f 3450 3432 3457
f 3454 3458 3424
f 3424 3458 3425
f 3427 3426 3459
f 3459 3426 3460
f 3428 3427 3461
f 3461 3427 3459
f 3428 3461 3429
f 3429 3461 3462
f 3462 3463 3429
f 3429 3463 3430
f 3464 3465 3462
f 3462 3465 3463
f 3455 3466 3454
f 3454 3466 3458
f 3465 3464 3466
f 3466 3464 3467
f 3461 3459 3468
f 3468 3459 3469
f 3468 3469 3464
f 3464 3469 3467
f 3464 3462 3468
f 3468 3462 3461
f 3459 3460 3469
f 3469 3460 3467
f 3295 3351 3298
f 3298 3351 3353
f 3353 3355 3298
f 3298 3355 3297
f 3297 3355 3301
f 3301 3355 3359
f 3301 3359 3308
f 3308 3359 3361
f 3308 3361 3311
f 3311 3361 3363
f 3311 3363 3316
f 3316 3363 3358
f 3316 3358 3317
f 3317 3358 3349
f 3349 3347 3317
f 3317 3347 3319
f 3347 3345 3319
f 3319 3345 3314
f 3345 3343 3314
f 3314 3343 3305
f 3343 3341 3305
f 3305 3341 3304
f 3304 3341 3292
f 3292 3341 3338
f 3292 3338 3293
f 3293 3338 3337
f 3293 3337 3295
f 3295 3337 3351
f 3437 3202 3436
f 3436 3202 3201
f 3436 3201 3332
f 3332 3201 3204
f 3433 3200 3434
f 3434 3200 3199
f 3211 3435 3199
f 3199 3435 3434
f 3333 3210 3433
f 3433 3210 3200
f 3380 3470 3371
f 3400 3371 3336
f 3336 3371 3470
f 3381 3328 3380
f 3380 3328 3470
f 3470 3328 3209
f 3209 3328 3208
f 3336 3470 3327
f 3327 3470 3209
f 1545 1763 1546
f 1546 1763 1762
f 1403 1546 773
f 773 1546 770
f 1221 3013 1220
f 1220 3013 3471
f 1305 2877 1306
f 1306 2877 2879
f 1220 3471 828
f 828 3471 829
f 1217 1754 3472
f 3472 1754 1756
f 1049 3473 1048
f 1048 3473 3474
f 1371 1179 3473
f 3473 1179 3474
f 1074 3475 1179
f 1179 3475 3474
f 3474 3475 1048
f 1048 3475 1056
f 919 666 1345
f 1345 666 665
f 856 680 919
f 919 680 666
f 679 680 1449
f 1449 680 858
f 1367 878 1500
f 1500 878 877
f 1366 908 1367
f 1367 908 878
f 1512 916 1513
f 1513 916 915
f 947 1368 948
f 948 1368 1369
f 1047 1021 1044
f 1044 1021 1020
f 1370 1049 1019
f 1019 1049 1020
f 1173 1030 1174
f 1174 1030 1033
f 3126 1188 1464
f 1464 1188 1187
f 1800 1451 1512
f 1512 1451 916
f 1175 1174 1186
f 1186 1174 1187
f 1030 1173 1047
f 1047 1173 1021
f 1513 915 3476
f 3476 915 1481
f 1345 665 3477
f 3477 665 1483
f 1502 1501 876
f 876 1501 877
f 1205 1451 1803
f 1803 1451 1802
f 3479 2832 3478
f 3478 2832 2831
f 1449 858 2927
f 2927 858 2922
f 908 1366 947
f 947 1366 1368
f 949 948 3126
f 3126 948 1188
f 3480 3135 1502
f 1502 3135 1501
f 2927 2922 3157
f 3157 2922 3152
f 3477 1483 3479
f 3479 1483 2832
f 1803 1802 3151
f 3151 1802 3152
f 663 658 664
f 664 658 657
f 655 658 939
f 939 658 706
f 1512 870 1800
f 1800 870 869
f 875 874 876
f 876 874 873
f 849 874 905
f 905 874 958
f 949 962 946
f 946 962 961
f 978 3126 979
f 979 3126 1464
f 1031 1168 1032
f 1032 1168 1022
f 1045 1013 1046
f 1046 1013 1012
f 1045 1044 1056
f 1056 1044 1048
f 1047 1046 1030
f 1030 1046 1031
f 939 706 940
f 940 706 1450
f 979 1464 1032
f 1032 1464 1033
f 3480 1478 3476
f 3476 1478 3134
f 2829 1487 2830
f 2830 1487 1486
f 848 1230 873
f 873 1230 1479
f 867 870 933
f 933 870 1514
f 1800 869 1801
f 1801 869 1799
f 2830 1486 1325
f 1325 1486 2833
f 940 1450 2925
f 2925 1450 2928
f 946 961 907
f 907 961 958
f 959 962 977
f 977 962 978
f 3476 3134 1513
f 1513 3134 1514
f 2925 2928 3155
f 3155 2928 3158
f 1325 2833 656
f 656 2833 657
f 1801 1799 3157
f 3157 1799 3158
f 1074 1055 3475
f 3475 1055 1056
f 1371 3473 1370
f 1370 3473 1049
f 2884 615 3481
f 3481 615 618
f 3478 2831 2846
f 2846 2831 617
f 2831 1484 617
f 617 1484 618
f 1484 1487 618
f 618 1487 3481
f 2848 3481 2829
f 2829 3481 1487
f 1480 1517 1161
f 1161 1517 1162
f 3129 1323 1455
f 1455 1323 1322
f 3129 3134 1323
f 1323 3134 1478
f 1535 3173 1515
f 1515 3173 1516
f 3085 3095 3137
f 3137 3095 3094
f 3137 3094 3138
f 3138 3094 3104
f 3117 3139 3105
f 3105 3139 3106
f 1138 1141 3127
f 3127 1141 3128
f 3081 3131 1264
f 1264 3131 3130
f 1227 1226 3132
f 3132 1226 3133
f 1264 3130 1229
f 1229 3130 1322
f 1160 1501 1161
f 1161 1501 3135
f 1141 1476 3128
f 3128 1476 3136
f 1226 1163 3133
f 3133 1163 1162
f 1363 1138 1515
f 1515 1138 3127
f 3084 3095 3081
f 3081 3095 3131
f 3089 884 3105
f 3105 884 3140
f 884 883 3140
f 3140 883 3141
f 883 3482 3141
f 3141 3482 3142
f 3476 1481 3480
f 3480 1481 3135
f 1502 1479 3480
f 3480 1479 1478
f 3168 463 440
f 714 1880 715
f 715 1880 2905
f 896 732 2970
f 2970 732 731
f 1263 834 3082
f 3082 834 833
f 898 1231 853
f 853 1231 854
f 3125 890 2931
f 2931 890 889
f 1237 893 2851
f 2851 893 892
f 898 853 899
f 899 853 963
f 988 987 989
f 989 987 986
f 1002 1007 1003
f 1003 1007 1006
f 1038 1036 1007
f 1007 1036 1004
f 1070 1052 1005
f 1005 1052 1006
f 1069 1067 1070
f 1070 1067 1052
f 1130 1129 1134
f 1134 1129 1135
f 879 1167 880
f 880 1167 1166
f 1171 1169 1037
f 1037 1169 1038
f 1085 1180 1069
f 1069 1180 1067
f 1209 1210 879
f 879 1210 1167
f 2885 1215 1754
f 1754 1215 1214
f 1263 855 834
f 834 855 854
f 708 1244 1826
f 1826 1244 1243
f 2909 894 1254
f 1254 894 893
f 1228 1361 964
f 964 1361 1360
f 2908 2907 1436
f 1436 2907 1437
f 2990 1440 2991
f 2991 1440 1439
f 964 1360 965
f 965 1360 1454
f 950 1457 951
f 951 1457 1456
f 970 1463 971
f 971 1463 1462
f 1025 1169 984
f 984 1169 986
f 1084 1097 1469
f 1469 1097 1470
f 1096 1115 1474
f 1474 1115 1475
f 1140 1361 1141
f 1141 1361 1476
f 1212 1495 2828
f 2828 1495 1494
f 880 1166 1452
f 1452 1166 1499
f 715 2905 1504
f 1504 2905 2906
f 954 1519 955
f 955 1519 1518
f 1026 1520 992
f 992 1520 1518
f 1029 1520 1043
f 1043 1520 1521
f 997 1522 1040
f 1040 1522 1521
f 1015 1522 1016
f 1016 1522 1523
f 1523 996 1524
f 1524 996 1062
f 1057 1060 1525
f 1525 1060 1524
f 1094 1528 1082
f 1082 1528 1527
f 1526 1528 1089
f 1089 1528 1529
f 1090 1531 1108
f 1108 1531 1530
f 1125 1533 1126
f 1126 1533 1532
f 3483 1755 727
f 727 1755 1214
f 735 1814 707
f 707 1814 1813
f 2891 1834 1246
f 1246 1834 1243
f 2904 1881 1847
f 1847 1881 1848
f 1852 1855 1853
f 1853 1855 1858
f 1902 2903 1877
f 1877 2903 1878
f 2903 2904 1878
f 1878 2904 1847
f 714 713 1848
f 1848 713 1849
f 1440 2990 1883
f 1883 2990 2989
f 1883 2989 1852
f 1852 2989 1855
f 2895 1888 2892
f 2892 1888 1887
f 774 777 1877
f 1877 777 1903
f 1251 2835 1252
f 1252 2835 2834
f 1213 2844 1212
f 1212 2844 1495
f 2851 892 1213
f 1213 892 2844
f 3123 2911 3124
f 3124 2911 2910
f 887 2929 888
f 888 2929 889
f 1435 2963 1436
f 1436 2963 2961
f 1253 1438 1254
f 1254 1438 1437
f 2970 731 735
f 735 731 1814
f 733 732 2885
f 2885 732 1215
f 2901 2902 2976
f 2976 2902 2977
f 2975 2982 2976
f 2976 2982 2979
f 2899 2900 2981
f 2981 2900 2979
f 2899 2981 2898
f 2898 2981 2983
f 2986 2985 2984
f 2984 2985 2983
f 2897 2985 2896
f 2896 2985 2988
f 2991 1439 2987
f 2987 1439 2988
f 777 2978 1903
f 1903 2978 2977
f 1885 1888 1858
f 1858 1888 1853
f 3090 3088 836
f 836 3088 833
f 3083 3088 3097
f 3097 3088 3096
f 3097 3096 3104
f 3104 3096 3106
f 3111 3116 3108
f 3108 3116 3109
f 3112 3111 3114
f 3114 3111 3108
f 3113 3122 3114
f 3114 3122 3115
f 891 890 2837
f 2837 890 2834
f 951 1456 954
f 954 1456 1519
f 967 1457 936
f 936 1457 1454
f 971 1462 902
f 902 1462 963
f 1461 1463 988
f 988 1463 987
f 1466 1468 1474
f 1474 1468 1470
f 1089 1529 1090
f 1090 1529 1531
f 1184 1181 1469
f 1469 1181 1180
f 1082 1527 1061
f 1061 1527 1525
f 1129 1473 1135
f 1135 1473 1475
f 1108 1530 1105
f 1105 1530 1532
f 1452 1499 3132
f 3132 1499 3136
f 3109 3116 3139
f 3139 3116 3138
f 2912 2911 887
f 887 2911 2929
f 2836 2835 1497
f 1497 2835 1494
f 2913 3102 2910
f 2910 3102 3115
f 1133 3187 1134
f 1134 3187 3185
f 3177 3176 3197
f 3197 3176 3198
f 3203 3183 3206
f 3206 3183 3207
f 3196 3202 3197
f 3197 3202 3211
f 3183 3182 3207
f 3207 3182 3185
f 1125 3180 1533
f 1533 3180 3198
f 3331 3203 3330
f 3330 3203 3206
f 3376 3379 3385
f 3385 3379 3386
f 3382 3376 3392
f 3392 3376 3385
f 3412 3415 3413
f 3413 3415 3414
f 3417 3396 3415
f 3415 3396 3395
f 3383 3386 3426
f 3426 3386 3425
f 3413 3414 3432
f 3432 3414 3430
f 3437 3396 3435
f 3435 3396 3417
f 3329 3382 3330
f 3330 3382 3392
f 3426 3425 3460
f 3460 3425 3458
f 3432 3430 3457
f 3457 3430 3463
f 3457 3463 3456
f 3456 3463 3465
f 3460 3458 3467
f 3467 3458 3466
f 3466 3455 3465
f 3465 3455 3456
f 3202 3437 3211
f 3211 3437 3435
f 3104 3106 3138
f 3138 3106 3139
f 3132 3136 1227
f 1227 3136 1476
f 943 687 600
f 600 687 601
f 596 625 667
f 667 625 1297
f 687 686 601
f 601 686 653
f 1319 784 711
f 711 784 712
f 1811 607 783
f 783 607 712
f 862 921 917
f 917 921 920
f 3478 925 3479
f 3479 925 924
f 2846 926 3478
f 3478 926 925
f 659 662 929
f 929 662 930
f 856 921 857
f 857 921 1204
f 1206 864 1207
f 1207 864 863
f 2876 1219 2877
f 2877 1219 1218
f 667 1297 593
f 593 1297 1296
f 917 920 1333
f 1333 920 1346
f 686 693 653
f 653 693 930
f 1277 913 1498
f 1498 913 1207
f 592 1536 610
f 610 1536 711
f 864 1206 1805
f 1805 1206 1804
f 1317 1536 1900
f 1900 1536 1809
f 1900 1809 1295
f 1295 1809 1296
f 3479 924 3477
f 3477 924 2824
f 927 926 1203
f 1203 926 2847
f 3484 2859 3032
f 3032 2859 3033
f 3472 2878 1217
f 1217 2878 1218
f 2889 2888 2880
f 2880 2888 2881
f 2886 2883 2887
f 2887 2883 2882
f 929 928 2847
f 2847 928 1203
f 857 1204 2921
f 2921 1204 2926
f 1820 1819 2882
f 2882 1819 2881
f 1821 2883 2876
f 2876 2883 1219
f 782 2889 783
f 783 2889 2880
f 1352 3034 1353
f 1353 3034 3033
f 3031 3034 3041
f 3041 3034 3043
f 944 943 3043
f 3043 943 600
f 1339 3145 1498
f 1498 3145 3143
f 1208 882 3148
f 3148 882 3143
f 2921 2926 3151
f 3151 2926 3156
f 3477 2824 1345
f 1345 2824 1346
f 1805 1804 3154
f 3154 1804 3156
f 886 3103 883
f 883 3103 3482
f 841 1248 3485
f 3485 1248 3121
f 2811 2819 2812
f 2812 2819 2816
f 2818 2815 2817
f 2817 2815 2806
f 2817 2816 2818
f 2818 2816 2819
f 2793 2795 2819
f 2819 2795 2818
f 243 352 2793
f 2793 352 2795
f 242 353 243
f 243 353 352
f 359 191 242
f 242 191 353
f 247 192 359
f 359 192 191
f 157 193 247
f 247 193 192
f 156 194 157
f 157 194 193
f 378 261 156
f 156 261 194
f 378 381 261
f 261 381 195
f 195 381 196
f 196 381 376
f 196 376 198
f 198 376 375
f 375 1776 198
f 198 1776 197
f 1776 1767 197
f 197 1767 274
f 181 274 199
f 199 274 1767
f 568 566 564
f 564 566 563
f 568 569 566
f 566 569 567
f 501 1773 1771
f 1771 1773 578
f 547 579 1773
f 1773 579 578
f 3486 470 474
f 474 470 469
f 450 582 3487
f 3487 582 3488
f 582 583 3488
f 3488 583 3489
f 583 584 3489
f 3489 584 3490
f 3490 584 3491
f 3491 584 543
f 470 3486 466
f 466 3486 467
f 3489 3490 503
f 503 3490 504
f 503 3492 3489
f 3489 3492 3488
f 3492 503 3493
f 3493 503 502
f 3495 3492 3494
f 3494 3492 3493
f 3487 3488 3495
f 3495 3488 3492
f 468 1774 465
f 465 1774 570
f 3494 3493 1775
f 1775 3493 1771
f 3490 3491 504
f 504 3491 1772
f 3491 543 1772
f 1772 543 548
f 450 3487 474
f 474 3487 3486
f 3495 467 3487
f 3487 467 3486
f 3494 468 3495
f 3495 468 467
f 468 3494 1774
f 1774 3494 1775
f 501 1771 502
f 502 1771 3493
f 527 366 384
f 384 366 365
f 522 524 527
f 527 524 366
f 521 534 522
f 522 534 524
f 530 535 521
f 521 535 534
f 508 486 513
f 513 486 532
f 513 532 541
f 541 532 535
f 667 668 596
f 596 668 597
f 1294 1297 624
f 624 1297 625
f 603 641 604
f 604 641 640
f 1290 1293 650
f 650 1293 651
f 1758 691 660
f 660 691 661
f 602 671 599
f 599 671 670
f 654 662 690
f 690 662 661
f 2856 598 695
f 695 598 597
f 602 654 671
f 671 654 690
f 604 640 676
f 676 640 704
f 1826 1829 708
f 708 1829 709
f 1288 1284 740
f 740 1284 741
f 755 754 758
f 758 754 759
f 2853 2856 932
f 932 2856 695
f 689 691 1192
f 1192 691 1193
f 784 1319 1240
f 1240 1319 1241
f 1813 1816 1244
f 1244 1816 1245
f 754 1288 759
f 759 1288 740
f 1894 1242 1318
f 1318 1242 1241
f 2867 1348 1418
f 1418 1348 1347
f 676 704 673
f 673 704 1347
f 1284 1287 741
f 741 1287 1419
f 1421 1426 1422
f 1422 1426 1425
f 1758 660 615
f 615 660 616
f 1192 1191 1421
f 1421 1191 1426
f 2962 1839 1504
f 1504 1839 1505
f 941 1194 1759
f 1759 1194 1193
f 1287 1537 1419
f 1419 1537 1760
f 1882 2893 1823
f 1823 2893 1824
f 1886 1891 1827
f 1827 1891 1828
f 1887 1886 1834
f 1834 1886 1827
f 1841 716 1838
f 1838 716 1505
f 782 784 1850
f 1850 784 1240
f 1239 1242 1863
f 1863 1242 1864
f 1242 1894 1864
f 1864 1894 1873
f 1822 1239 1823
f 1823 1239 1863
f 1318 1317 1895
f 1895 1317 1900
f 1894 1896 1873
f 1873 1896 1897
f 1291 1896 1292
f 1292 1896 1895
f 605 1898 606
f 606 1898 1897
f 1258 1257 2854
f 2854 1257 2855
f 1257 1351 2855
f 2855 1351 2857
f 1351 1353 2857
f 2857 1353 2858
f 1353 3033 2858
f 2858 3033 2859
f 2860 2861 3036
f 3036 2861 3037
f 2862 2863 2870
f 2870 2863 3039
f 2870 2869 2862
f 2862 2869 2864
f 2868 2865 2869
f 2869 2865 2864
f 1764 2866 2868
f 2868 2866 2865
f 1537 1199 1760
f 1760 1199 1348
f 615 2884 1758
f 1758 2884 1759
f 1825 1246 2890
f 2890 1246 1245
f 2893 2892 1824
f 1824 2892 2891
f 761 2960 758
f 758 2960 2906
f 3000 2943 2940
f 2940 2943 2941
f 2968 710 2950
f 2950 710 709
f 1764 1423 2866
f 2866 1423 2953
f 1423 645 2953
f 2953 645 2954
f 645 644 2954
f 2954 644 2955
f 644 738 2955
f 2955 738 2956
f 738 764 2956
f 2956 764 2957
f 764 763 2957
f 2957 763 2958
f 763 2908 2958
f 2958 2908 2959
f 2908 1436 2959
f 2959 1436 2961
f 1837 2964 1435
f 1435 2964 2963
f 1837 2937 2964
f 2964 2937 2965
f 2936 2968 2966
f 2966 2968 2950
f 1840 2942 1838
f 1838 2942 2941
f 2939 2949 2940
f 2940 2949 3006
f 2939 2942 2966
f 2966 2942 2965
f 1822 1825 1850
f 1850 1825 2890
f 1891 3005 1828
f 1828 3005 3006
f 3035 3038 3045
f 3045 3038 3042
f 3045 3044 3035
f 3035 3044 3040
f 669 1422 3045
f 3045 1422 3044
f 599 670 3041
f 3041 670 3042
f 931 3067 932
f 932 3067 3065
f 2853 3066 2854
f 2854 3066 3076
f 3067 3496 3065
f 3065 3496 3497
f 3066 3498 3076
f 3076 3498 3499
f 707 1813 708
f 708 1813 1244
f 2960 2962 2906
f 2906 2962 1504
f 2892 1887 2891
f 2891 1887 1834
f 1839 2962 2963
f 2963 2962 2961
f 595 626 596
f 596 626 625
f 623 626 3484
f 3484 626 2859
f 1291 1290 606
f 606 1290 603
f 1290 650 603
f 603 650 641
f 641 650 642
f 642 650 649
f 2860 2863 649
f 649 2863 642
f 3036 3039 2860
f 2860 3039 2863
f 3035 3040 3036
f 3036 3040 3039
f 1294 1293 1295
f 1295 1293 1292
f 624 651 1294
f 1294 651 1293
f 623 652 624
f 624 652 651
f 3484 2861 623
f 623 2861 652
f 3032 3037 3484
f 3484 3037 2861
f 3031 3038 3032
f 3032 3038 3037
f 3481 2848 2884
f 2884 2848 942
f 2846 617 1427
f 1427 617 616
f 3049 3167 3048
f 3048 3167 3500
f 1906 3048 3070
f 3070 3048 3500
f 1337 1768 3501
f 3501 1768 3502
f 3020 3503 3021
f 3021 3503 3024
f 2914 3023 3020
f 3020 3023 3503
f 859 1770 860
f 860 1770 3504
f 1336 3505 1768
f 1768 3505 3502
f 3065 3497 3066
f 3066 3497 3498
f 2814 3075 3067
f 3067 3075 3496
f 2839 3174 766
f 766 3174 3017
f 1337 3501 1338
f 1338 3501 1769
f 767 3018 3026
f 3026 3018 3506
f 3076 3499 3064
f 3064 3499 3507
f 727 730 3483
f 3483 730 3030
f 3064 3507 2871
f 2871 3507 3077
f 3100 3160 1786
f 1786 3160 1784
f 3026 3506 752
f 752 3506 3015
f 860 3504 2923
f 2923 3504 3508
f 753 3016 3027
f 3027 3016 3509
f 3027 3509 3008
f 3008 3509 3028
f 1782 1785 1783
f 1783 1785 3022
f 2923 3508 3153
f 3153 3508 3161
f 3148 3149 1208
f 1208 3149 3150
f 1335 1328 3510
f 3510 1328 1327
f 1336 1335 3505
f 3505 1335 3510
f 866 3511 1340
f 1340 3511 3146
f 865 1808 866
f 866 1808 3511
f 842 841 3159
f 3159 841 3485
f 2849 3512 1329
f 1329 3512 1326
f 1202 1331 2849
f 2849 1331 3512
f 3514 3515 3513
f 3513 3515 3516
f 3518 3516 3517
f 3517 3516 3515
f 3519 3520 3514
f 3514 3520 3515
f 3522 3523 3521
f 3521 3523 3524
f 3526 3527 3525
f 3525 3527 3528
f 3530 3531 3529
f 3529 3531 3532
f 3534 3535 3533
f 3533 3535 3536
f 3529 3532 3537
f 3537 3532 3538
f 3537 3539 3529
f 3529 3539 3540
f 3542 3543 3541
f 3541 3543 3544
f 3546 3547 3545
f 3545 3547 3548
f 3550 3534 3549
f 3549 3534 3533
f 3550 3543 3551
f 3551 3543 3552
f 3537 3545 3539
f 3539 3545 3548
f 3553 3554 3556
f 3556 3554 3555
f 3537 3557 3545
f 3545 3557 3546
f 3558 3559 3561
f 3561 3559 3560
f 3563 3564 3562
f 3562 3564 3565
f 3564 3563 3566
f 3566 3563 3567
f 3569 3570 3568
f 3568 3570 3571
f 3573 3574 3572
f 3572 3574 3575
f 3577 3578 3576
f 3576 3578 3579
f 3581 3582 3580
f 3580 3582 3583
f 3585 3586 3584
f 3584 3586 3579
f 3586 3587 3579
f 3579 3587 3576
f 3589 3590 3588
f 3588 3590 3591
f 3592 3593 3595
f 3595 3593 3594
f 3597 3598 3596
f 3596 3598 3595
f 3583 3600 3599
f 3599 3600 3601
f 3603 3599 3602
f 3602 3599 3601
f 3605 3606 3604
f 3604 3606 3607
f 3608 3555 3596
f 3596 3555 3554
f 3597 3610 3609
f 3609 3610 3565
f 3564 3611 3565
f 3565 3611 3609
f 3611 3564 3612
f 3612 3564 3566
f 3613 3614 3569
f 3569 3614 3570
f 3615 3616 3573
f 3573 3616 3574
f 3517 3617 3518
f 3518 3617 3618
f 3620 3621 3619
f 3619 3621 3622
f 3624 3625 3623
f 3623 3625 3626
f 3628 3629 3627
f 3627 3629 3630
f 3632 3633 3631
f 3631 3633 3634
f 3636 3637 3635
f 3635 3637 3638
f 3640 3641 3639
f 3639 3641 3642
f 3643 3644 3639
f 3639 3644 3640
f 3646 3513 3645
f 3645 3513 3647
f 3648 3514 3646
f 3646 3514 3513
f 3649 3519 3648
f 3648 3519 3514
f 3650 3651 3527
f 3527 3651 3652
f 3654 3651 3653
f 3653 3651 3650
f 3568 3571 3655
f 3655 3571 3656
f 3657 3658 3653
f 3653 3658 3659
f 3661 3662 3660
f 3660 3662 3658
f 3664 3665 3663
f 3663 3665 3666
f 3667 3657 3650
f 3650 3657 3653
f 3669 3523 3668
f 3668 3523 3670
f 3672 3673 3671
f 3671 3673 3674
f 3676 3677 3675
f 3675 3677 3678
f 3671 3674 3676
f 3676 3674 3677
f 3680 3681 3679
f 3679 3681 3682
f 3683 3684 3680
f 3680 3684 3681
f 3685 3686 3661
f 3661 3686 3662
f 3686 3687 3662
f 3662 3687 3688
f 3684 3683 3689
f 3689 3683 3690
f 3692 3693 3691
f 3691 3693 3694
f 3691 3694 3695
f 3695 3694 3696
f 3698 3699 3697
f 3697 3699 3700
f 3702 3703 3701
f 3701 3703 3704
f 3705 3706 3519
f 3519 3706 3520
f 3673 3672 3707
f 3707 3672 3708
f 3709 3710 3682
f 3682 3710 3679
f 3711 3712 3692
f 3692 3712 3693
f 3714 3715 3713
f 3713 3715 3716
f 3718 3700 3717
f 3717 3700 3699
f 3720 3721 3719
f 3719 3721 3722
f 3724 3725 3723
f 3723 3725 3726
f 3727 3728 3730
f 3730 3728 3729
f 3722 3721 3731
f 3731 3721 3732
f 3697 3700 3733
f 3733 3700 3714
f 3733 3714 3734
f 3734 3714 3713
f 3721 3723 3732
f 3732 3723 3735
f 3720 3736 3724
f 3724 3736 3737
f 3700 3718 3714
f 3714 3718 3715
f 3717 3699 3738
f 3738 3699 3739
f 3536 3740 3533
f 3533 3740 3540
f 3742 3743 3741
f 3741 3743 3744
f 3746 3747 3745
f 3745 3747 3748
f 3750 3751 3749
f 3749 3751 3752
f 3627 3632 3628
f 3628 3632 3631
f 3754 3755 3753
f 3753 3755 3626
f 3562 3565 3756
f 3756 3565 3610
f 3527 3652 3528
f 3528 3652 3757
f 3758 3524 3669
f 3669 3524 3523
f 3582 3598 3583
f 3583 3598 3600
f 3759 3670 3522
f 3522 3670 3523
f 3675 3678 3760
f 3760 3678 3761
f 3762 3763 3690
f 3690 3763 3689
f 3765 3766 3764
f 3764 3766 3767
f 3768 3739 3698
f 3698 3739 3699
f 3726 3725 3770
f 3770 3725 3769
f 3645 3647 3771
f 3771 3647 3772
f 3645 3678 3646
f 3646 3678 3677
f 3646 3677 3648
f 3648 3677 3674
f 3673 3649 3674
f 3674 3649 3648
f 3707 3773 3673
f 3673 3773 3649
f 3775 3776 3774
f 3774 3776 3777
f 3779 3526 3778
f 3778 3526 3525
f 3526 3779 3667
f 3667 3779 3780
f 3780 3781 3667
f 3667 3781 3657
f 3672 3679 3708
f 3708 3679 3710
f 3671 3680 3672
f 3672 3680 3679
f 3676 3683 3671
f 3671 3683 3680
f 3675 3690 3676
f 3676 3690 3683
f 3760 3762 3675
f 3675 3762 3690
f 3682 3681 3783
f 3783 3681 3782
f 3689 3784 3684
f 3684 3784 3785
f 3684 3785 3681
f 3681 3785 3782
f 3786 3709 3783
f 3783 3709 3682
f 3784 3689 3787
f 3787 3689 3763
f 3789 3557 3788
f 3788 3557 3790
f 3792 3793 3791
f 3791 3793 3794
f 3616 3615 3795
f 3795 3615 3796
f 3797 3798 3727
f 3727 3798 3728
f 3800 3801 3799
f 3799 3801 3802
f 3803 3578 3592
f 3592 3578 3593
f 3805 3806 3804
f 3804 3806 3807
f 3599 3603 3585
f 3585 3603 3586
f 3587 3586 3604
f 3604 3586 3603
f 3588 3591 3794
f 3794 3591 3791
f 3581 3803 3582
f 3582 3803 3592
f 3594 3561 3608
f 3608 3561 3790
f 3662 3688 3808
f 3808 3688 3809
f 3665 3664 3810
f 3810 3664 3811
f 3719 3812 3720
f 3720 3812 3736
f 3717 3813 3718
f 3718 3813 3737
f 3723 3721 3724
f 3724 3721 3720
f 3813 3717 3814
f 3814 3717 3738
f 3815 3816 303
f 303 3816 304
f 3818 3819 3817
f 3817 3819 3820
f 3578 3803 3579
f 3579 3803 3584
f 3558 3593 3577
f 3577 3593 3578
f 3822 3823 3821
f 3821 3823 3824
f 3546 3826 3825
f 3825 3826 3827
f 3828 3829 3547
f 3547 3829 3541
f 3831 3542 3830
f 3830 3542 3832
f 3834 3822 3833
f 3833 3822 3821
f 3835 3836 3827
f 3827 3836 3825
f 3800 3799 3828
f 3828 3799 3829
f 3830 3832 3837
f 3837 3832 3838
f 331 330 3551
f 3551 330 3839
f 3831 333 3552
f 3552 333 332
f 3819 3797 3841
f 3841 3797 3840
f 3513 3516 3647
f 3647 3516 3746
f 337 336 3745
f 3745 336 3772
f 3525 3528 3775
f 3775 3528 3749
f 3610 3597 3554
f 3554 3597 3596
f 3706 3702 3520
f 3520 3702 3701
f 3756 3610 3553
f 3553 3610 3554
f 3757 3750 3528
f 3528 3750 3749
f 3517 3515 3701
f 3701 3515 3520
f 3842 3584 3581
f 3581 3584 3803
f 3525 3775 3778
f 3778 3775 3774
f 3638 3843 3635
f 3635 3843 3618
f 3617 3621 3618
f 3618 3621 3635
f 3617 3517 3704
f 3704 3517 3701
f 3521 3624 3522
f 3522 3624 3623
f 3749 3844 3775
f 3775 3844 3776
f 3846 3847 3845
f 3845 3847 3848
f 3843 3747 3618
f 3618 3747 3518
f 3850 3851 3849
f 3849 3851 3748
f 3853 3854 3852
f 3852 3854 3855
f 3856 3857 3622
f 3622 3857 3619
f 3859 3860 3858
f 3858 3860 3861
f 3862 3844 3752
f 3752 3844 3749
f 3863 3759 3623
f 3623 3759 3522
f 3864 3777 3630
f 3630 3777 3776
f 3713 3865 3734
f 3734 3865 3866
f 3868 3869 3867
f 3867 3869 3870
f 3872 3873 3871
f 3871 3873 3874
f 3876 3877 3875
f 3875 3877 3878
f 3879 3880 3878
f 3878 3880 3881
f 3882 3883 3885
f 3885 3883 3884
f 3780 3886 3781
f 3781 3886 3887
f 3888 3685 3869
f 3869 3685 3661
f 3880 3879 3883
f 3883 3879 3884
f 3693 3783 3694
f 3694 3783 3782
f 3696 3785 3764
f 3764 3785 3784
f 3694 3782 3696
f 3696 3782 3785
f 3693 3786 3783
f 3787 3765 3784
f 3784 3765 3764
f 386 385 3765
f 3765 385 3766
f 3695 3889 3691
f 3691 3889 3890
f 3691 3890 3692
f 3692 3890 3891
f 3892 3711 3891
f 3891 3711 3692
f 3767 3893 3695
f 3695 3893 3889
f 3766 3894 3767
f 3767 3894 3893
f 3882 3885 3895
f 3895 3885 3896
f 3898 3698 3897
f 3897 3698 3697
f 3897 3697 3899
f 3899 3697 3733
f 3899 3733 3900
f 3900 3733 3734
f 3901 3768 3898
f 3898 3768 3698
f 3901 3902 3768
f 3768 3902 3903
f 3904 3905 3907
f 3907 3905 3906
f 3869 3661 3870
f 3870 3661 3660
f 3908 3909 3896
f 3896 3909 3895
f 3909 3758 3895
f 3895 3758 3669
f 3751 3531 3752
f 3752 3531 3848
f 3858 3536 3854
f 3854 3536 3535
f 3652 3562 3757
f 3757 3562 3756
f 3651 3654 3563
f 3563 3654 3567
f 3655 3656 3808
f 3808 3656 3659
f 3530 3740 3845
f 3845 3740 3861
f 3751 3750 3556
f 3556 3750 3553
f 3817 3820 3796
f 3796 3820 3795
f 410 409 3910
f 3910 409 3855
f 3750 3757 3553
f 3553 3757 3756
f 3908 3886 3909
f 3909 3886 3780
f 409 411 3855
f 3855 411 3851
f 413 412 3760
f 3760 412 3762
f 415 414 3763
f 3763 414 3787
f 3790 3557 3538
f 3538 3557 3537
f 3555 3608 3538
f 3538 3608 3790
f 3574 3911 3575
f 3575 3911 3912
f 3535 3534 3910
f 3910 3534 3839
f 3831 3552 3542
f 3542 3552 3543
f 3534 3550 3839
f 3839 3550 3551
f 3543 3550 3544
f 3544 3550 3549
f 3913 3914 3916
f 3916 3914 3915
f 3806 3805 3589
f 3589 3805 3590
f 3849 3843 3917
f 3917 3843 3638
f 3853 3644 3859
f 3859 3644 3742
f 3747 3746 3518
f 3518 3746 3516
f 3695 3696 3767
f 3767 3696 3764
f 3903 3918 3768
f 3768 3918 3739
f 3738 3739 3816
f 3816 3739 3918
f 3919 3920 3769
f 3769 3920 3770
f 3921 3726 3922
f 3922 3726 3770
f 3678 3645 3761
f 3761 3645 3771
f 3924 3913 3923
f 3923 3913 3916
f 3802 3925 3838
f 3838 3925 3837
f 3577 3926 3558
f 3558 3926 3559
f 3815 3919 3814
f 3814 3919 3769
f 3927 3928 3822
f 3822 3928 3823
f 3829 3832 3541
f 3541 3832 3542
f 3834 3927 3822
f 3832 3829 3838
f 3838 3829 3799
f 3745 3772 3746
f 3746 3772 3647
f 3849 3748 3843
f 3843 3748 3747
f 3854 3853 3858
f 3858 3853 3859
f 3854 3535 3855
f 3855 3535 3910
f 3557 3789 3546
f 3546 3789 3826
f 3923 3823 3924
f 3924 3823 3928
f 3823 3923 3929
f 3929 3923 3930
f 3531 3751 3532
f 3532 3751 3556
f 3532 3556 3538
f 3538 3556 3555
f 3932 3634 3931
f 3931 3634 3633
f 3814 3769 3813
f 3813 3769 3725
f 3620 3636 3621
f 3621 3636 3635
f 3847 3862 3848
f 3848 3862 3752
f 3531 3530 3848
f 3848 3530 3845
f 3933 3934 3830
f 3830 3934 3831
f 3925 3933 3837
f 3837 3933 3830
f 3934 440 3831
f 3831 440 333
f 3925 3802 3833
f 3833 3802 3801
f 3776 3844 3630
f 3630 3844 3627
f 3808 3659 3662
f 3662 3659 3658
f 3667 3650 3526
f 3526 3650 3527
f 3935 3666 3936
f 3936 3666 3665
f 3718 3737 3715
f 3715 3737 3736
f 3663 3809 3664
f 3664 3809 3688
f 3807 3806 3938
f 3938 3806 3937
f 445 413 3761
f 3761 413 3760
f 3902 447 3903
f 3903 447 446
f 3897 3890 3898
f 3898 3890 3889
f 3899 3891 3897
f 3897 3891 3890
f 3898 3889 3901
f 3901 3889 3893
f 3893 3894 3901
f 3901 3894 3902
f 414 386 3787
f 3787 386 3765
f 3940 3941 3939
f 3939 3941 3942
f 3840 3797 3943
f 3943 3797 3727
f 3665 3810 3936
f 3936 3810 3944
f 3921 3735 3726
f 3726 3735 3723
f 3920 3945 3770
f 3770 3945 3922
f 3521 3524 3774
f 3774 3524 3778
f 3864 3946 3625
f 3625 3946 3947
f 3773 3705 3649
f 3649 3705 3519
f 3779 3778 3758
f 3758 3778 3524
f 3812 3716 3736
f 3736 3716 3715
f 3624 3521 3777
f 3777 3521 3774
f 3703 3856 3704
f 3704 3856 3622
f 3900 3892 3899
f 3899 3892 3891
f 3641 3917 3642
f 3642 3917 3948
f 3895 3669 3882
f 3882 3669 3668
f 3855 3851 3852
f 3852 3851 3850
f 3894 458 3902
f 3902 458 447
f 3781 3887 3660
f 3660 3887 3870
f 3570 3566 3571
f 3571 3566 3567
f 3950 3576 3949
f 3949 3576 3587
f 3605 3602 3614
f 3614 3602 3612
f 3614 3612 3570
f 3570 3612 3566
f 3571 3567 3656
f 3656 3567 3654
f 3660 3658 3781
f 3781 3658 3657
f 3604 3607 3587
f 3587 3607 3949
f 3653 3659 3654
f 3654 3659 3656
f 3529 3540 3530
f 3530 3540 3740
f 3687 3811 3688
f 3688 3811 3664
f 3813 3725 3737
f 3737 3725 3724
f 3919 3815 461
f 461 3815 303
f 3818 3798 3819
f 3819 3798 3797
f 3819 3841 3820
f 3820 3841 3951
f 3816 3815 3738
f 3738 3815 3814
f 3540 3539 3533
f 3533 3539 3549
f 3548 3547 3544
f 3544 3547 3541
f 3539 3548 3549
f 3549 3548 3544
f 3741 3931 3860
f 3860 3931 3846
f 3801 3800 3835
f 3835 3800 3836
f 3934 3933 3824
f 3824 3933 3821
f 3825 3828 3546
f 3546 3828 3547
f 3833 3821 3925
f 3925 3821 3933
f 3800 3828 3836
f 3836 3828 3825
f 3824 3952 3934
f 3934 3952 440
f 3860 3846 3861
f 3861 3846 3845
f 3629 3946 3630
f 3630 3946 3864
f 3740 3536 3861
f 3861 3536 3858
f 3833 3801 3834
f 3834 3801 3835
f 3583 3599 3580
f 3580 3599 3585
f 3651 3563 3652
f 3652 3563 3562
f 3758 3909 3779
f 3779 3909 3780
f 3621 3617 3622
f 3622 3617 3704
f 3625 3947 3626
f 3626 3947 3753
f 3633 3632 3847
f 3847 3632 3862
f 3852 3850 3640
f 3640 3850 3641
f 3644 3853 3640
f 3640 3853 3852
f 3859 3742 3860
f 3860 3742 3741
f 3632 3627 3862
f 3862 3627 3844
f 3755 3863 3626
f 3626 3863 3623
f 3917 3638 3948
f 3948 3638 3637
f 3644 3643 3742
f 3742 3643 3743
f 3931 3633 3846
f 3846 3633 3847
f 3625 3624 3864
f 3864 3624 3777
f 3917 3641 3849
f 3849 3641 3850
f 3744 3932 3741
f 3741 3932 3931
f 3903 446 3918
f 3918 446 464
f 3953 3954 3956
f 3956 3954 3955
f 3958 3959 3957
f 3957 3959 3960
f 3876 3958 3877
f 3877 3958 3957
f 3877 3957 3961
f 3961 3957 3962
f 3963 3964 3958
f 3958 3964 3959
f 3965 3966 3876
f 3876 3966 3958
f 3966 3963 3958
f 3966 3967 3963
f 3963 3967 3968
f 3878 3877 3879
f 3879 3877 3961
f 3967 3969 3968
f 3968 3969 3970
f 3969 3971 3970
f 3970 3971 3972
f 3974 3904 3973
f 3973 3904 3907
f 3971 3975 3972
f 3972 3975 3976
f 3976 3975 3978
f 3978 3975 3977
f 3979 3980 3977
f 3977 3980 3978
f 3981 3982 3979
f 3979 3982 3980
f 3983 3984 3981
f 3981 3984 3982
f 3972 3985 3970
f 3970 3985 3986
f 3871 3987 3969
f 3969 3987 3971
f 3872 3871 3967
f 3967 3871 3969
f 3965 3872 3966
f 3966 3872 3967
f 3970 3986 3968
f 3968 3986 3988
f 3879 3961 3884
f 3884 3961 3940
f 3884 3940 3885
f 3885 3940 3939
f 3989 3990 3992
f 3992 3990 3991
f 3942 3993 3995
f 3995 3993 3994
f 3994 3996 3995
f 3995 3996 3974
f 3997 3998 3994
f 3994 3998 3996
f 3999 3997 3993
f 3993 3997 3994
f 4001 3996 4000
f 4000 3996 3998
f 4000 3998 4002
f 4002 3998 4003
f 4004 4003 3997
f 3997 4003 3998
f 3997 3999 4004
f 4004 3999 4005
f 4006 3995 3973
f 3973 3995 3974
f 3939 3942 4006
f 4006 3942 3995
f 3906 3887 3907
f 3907 3887 3886
f 3887 3906 3870
f 3870 3906 3867
f 3908 3973 3886
f 3886 3973 3907
f 3865 4007 3866
f 3866 4007 4008
f 3984 3983 4009
f 4009 3983 4010
f 3961 3962 3940
f 3940 3962 3941
f 4012 3868 4011
f 4011 3868 3867
f 4013 3975 3987
f 3987 3975 3971
f 4014 3977 4013
f 4013 3977 3975
f 4015 4010 4007
f 4007 4010 3983
f 4007 3983 4008
f 4008 3983 3981
f 4008 3981 4016
f 4016 3981 3979
f 4017 3984 4018
f 4018 3984 4009
f 3977 4014 3979
f 3979 4014 4016
f 3982 3984 4019
f 4019 3984 4017
f 4021 4022 4020
f 4020 4022 4023
f 4022 4012 4023
f 4023 4012 4011
f 4023 3904 4020
f 4020 3904 3974
f 4024 4025 4018
f 4018 4025 4017
f 4026 4027 4024
f 4024 4027 4025
f 4028 4026 4029
f 4029 4026 4024
f 4018 4021 4024
f 4024 4021 4029
f 4030 4031 4026
f 4026 4031 4027
f 4032 4030 4028
f 4028 4030 4026
f 4029 4001 4028
f 4028 4001 4000
f 4028 4000 4032
f 4032 4000 4002
f 4034 4035 4033
f 4033 4035 4036
f 4037 4038 4019
f 4019 4038 4039
f 4041 4039 4040
f 4040 4039 4038
f 4040 4038 4042
f 4042 4038 4036
f 4042 4036 4043
f 4043 4036 4035
f 3985 4044 4046
f 4046 4044 4045
f 4047 4048 4045
f 4045 4048 4046
f 4047 4049 4048
f 4048 4049 4050
f 4042 4047 4040
f 4040 4047 4045
f 4043 4049 4042
f 4042 4049 4047
f 4040 4045 4041
f 4041 4045 4044
f 4052 3959 4051
f 4051 3959 3964
f 4053 4054 4051
f 4051 4054 4055
f 3956 3960 4052
f 4052 3960 3959
f 3953 3956 4056
f 4056 3956 4052
f 4058 3953 4057
f 4057 3953 4056
f 4060 4061 4059
f 4059 4061 4062
f 4063 4064 4054
f 4054 4064 4057
f 4054 4053 4063
f 4063 4053 4065
f 4066 4067 4069
f 4069 4067 4068
f 4048 4050 4063
f 4063 4050 4064
f 4063 4065 4048
f 4048 4065 4046
f 3985 4046 3986
f 3986 4046 4065
f 3986 4065 3988
f 3988 4065 4053
f 3988 4053 3964
f 3964 4053 4051
f 3976 3978 4044
f 4044 3978 4041
f 3980 3982 4039
f 4039 3982 4019
f 4039 4041 3980
f 3980 4041 3978
f 3973 3908 4006
f 4006 3908 3896
f 3885 3939 3896
f 3896 3939 4006
f 4031 4034 4027
f 4027 4034 4033
f 4027 4033 4025
f 4025 4033 4037
f 4019 4017 4037
f 4037 4017 4025
f 3993 3942 4070
f 4070 3942 3941
f 3999 3993 4071
f 4071 3993 4070
f 3999 4071 4005
f 4005 4071 4072
f 4073 4074 4076
f 4076 4074 4075
f 4078 4079 4077
f 4077 4079 4080
f 4082 4080 4081
f 4081 4080 4079
f 4084 4085 4083
f 4083 4085 4086
f 4087 4088 4090
f 4090 4088 4089
f 4092 4093 4091
f 4091 4093 4094
f 4096 4097 4095
f 4095 4097 4098
f 4100 4101 4099
f 4099 4101 4102
f 4103 4104 4106
f 4106 4104 4105
f 4108 4109 4107
f 4107 4109 4110
f 4112 4113 4111
f 4111 4113 4114
f 4116 4117 4115
f 4115 4117 4118
f 4120 4121 4119
f 4119 4121 4122
f 4123 4124 4126
f 4126 4124 4125
f 4127 4128 4130
f 4130 4128 4129
f 4132 4133 4131
f 4131 4133 4134
f 4136 4108 4135
f 4135 4108 4107
f 4138 4139 4137
f 4137 4139 4140
f 4141 4142 4088
f 4088 4142 4089
f 4144 4145 4143
f 4143 4145 4146
f 4148 4149 4147
f 4147 4149 4150
f 4152 4153 4151
f 4151 4153 4154
f 4156 4082 4155
f 4155 4082 4081
f 4157 4158 4160
f 4160 4158 4159
f 4161 4162 4164
f 4164 4162 4163
f 4166 4122 4165
f 4165 4122 4121
f 4168 4152 4167
f 4167 4152 4151
f 4169 4170 4172
f 4172 4170 4171
f 4174 4175 4173
f 4173 4175 4176
f 4178 4149 4177
f 4177 4149 4179
f 4173 4176 4180
f 4180 4176 4181
f 4156 4085 4182
f 4182 4085 4183
f 4182 4184 4156
f 4156 4184 4082
f 4185 4186 4184
f 4184 4186 4187
f 4186 4188 4187
f 4187 4188 4189
f 4190 4191 4073
f 4073 4191 4074
f 4177 4179 4158
f 4158 4179 4159
f 4193 4127 4192
f 4192 4127 4130
f 4144 4194 4151
f 4151 4194 4167
f 4196 4197 4195
f 4195 4197 4198
f 4095 4199 4096
f 4096 4199 4200
f 4201 4202 4204
f 4204 4202 4203
f 4205 4206 4208
f 4208 4206 4207
f 4121 4120 4209
f 4209 4120 4210
f 4212 4213 4211
f 4211 4213 4214
f 4216 4217 4215
f 4215 4217 4218
f 4220 4221 4219
f 4219 4221 4222
f 4224 4196 4223
f 4223 4196 4195
f 4225 4226 4134
f 4134 4226 4131
f 4228 4229 4227
f 4227 4229 4230
f 4232 4233 4231
f 4231 4233 4098
f 4235 4236 4234
f 4234 4236 4237
f 4239 4240 4238
f 4238 4240 4241
f 4242 4243 4245
f 4245 4243 4244
f 4246 4247 4249
f 4249 4247 4248
f 4251 4252 4250
f 4250 4252 4253
f 4255 4256 4254
f 4254 4256 4257
f 4259 4260 4258
f 4258 4260 4261
f 4263 4264 4262
f 4262 4264 4265
f 4267 4268 4266
f 4266 4268 4269
f 4271 4199 4270
f 4270 4199 4272
f 4273 4274 4276
f 4276 4274 4275
f 4115 4118 4277
f 4277 4118 4278
f 4280 4281 4279
f 4279 4281 4282
f 4211 4283 4212
f 4212 4283 4284
f 4286 4287 4285
f 4285 4287 4288
f 4165 4121 4289
f 4289 4121 4209
f 4291 4286 4290
f 4290 4286 4285
f 4293 4294 4292
f 4292 4294 4295
f 4297 4298 4296
f 4296 4298 4299
f 4301 4302 4300
f 4300 4302 4303
f 4299 4304 4296
f 4296 4304 4305
f 4306 4292 4307
f 4307 4292 4295
f 4307 4308 4306
f 4306 4308 4309
f 4310 4309 4075
f 4075 4309 4308
f 4299 4298 4312
f 4312 4298 4311
f 4302 4301 4293
f 4293 4301 4294
f 3735 3921 4313
f 4313 3921 4314
f 4315 4314 3922
f 3922 4314 3921
f 4316 3945 829
f 829 3945 830
f 4289 4317 4165
f 4165 4317 4318
f 4320 4321 4319
f 4319 4321 4322
f 4324 4325 4323
f 4323 4325 4326
f 4327 4328 4330
f 4330 4328 4329
f 4290 4331 4291
f 4291 4331 4332
f 4165 4318 4166
f 4166 4318 4333
f 4334 4335 4337
f 4337 4335 4336
f 4339 4340 4338
f 4338 4340 4341
f 4168 4343 4342
f 4342 4343 4344
f 4346 4347 4345
f 4345 4347 4348
f 4350 4351 4349
f 4349 4351 4352
f 4354 4355 4353
f 4353 4355 4356
f 4357 4358 4324
f 4324 4358 4325
f 4337 4359 4334
f 4334 4359 4360
f 4362 4363 4361
f 4361 4363 4364
f 4366 4367 4365
f 4365 4367 4368
f 4369 4370 4372
f 4372 4370 4371
f 4331 4290 4374
f 4374 4290 4373
f 4373 4376 4375
f 4375 4376 4377
f 4379 4380 4378
f 4378 4380 4381
f 4217 4382 4218
f 4218 4382 4383
f 4385 4386 4384
f 4384 4386 4387
f 4388 4389 4338
f 4338 4389 4390
f 4337 4336 4392
f 4392 4336 4391
f 4394 4362 4393
f 4393 4362 4361
f 4396 4397 4395
f 4395 4397 4398
f 4400 4401 4399
f 4399 4401 4402
f 4345 4403 4346
f 4346 4403 4404
f 4405 4406 4342
f 4342 4406 4407
f 4409 4410 4408
f 4408 4410 4411
f 4408 4412 4409
f 4409 4412 4413
f 4181 4415 4414
f 4414 4415 4416
f 4182 4183 4417
f 4417 4183 4418
f 4419 4353 4311
f 4311 4353 4312
f 4421 4422 4420
f 4420 4422 4423
f 4353 4356 4312
f 4312 4356 4424
f 4166 4333 4425
f 4425 4333 4426
f 4425 4143 4166
f 4166 4143 4122
f 4427 4107 4428
f 4428 4107 4110
f 4429 4430 4174
f 4174 4430 4175
f 4335 4431 4336
f 4336 4431 4390
f 4336 4390 4391
f 4391 4390 4389
f 4432 4433 4435
f 4435 4433 4434
f 4437 4438 4436
f 4436 4438 4439
f 4441 4442 4440
f 4440 4442 4443
f 4359 4444 4361
f 4361 4444 4393
f 4446 4447 4445
f 4445 4447 4448
f 4338 4341 4388
f 4388 4341 4449
f 4450 4451 4398
f 4398 4451 4395
f 4453 4454 4452
f 4452 4454 4455
f 4457 4458 4456
f 4456 4458 4459
f 4460 4461 4448
f 4448 4461 4445
f 4463 4464 4462
f 4462 4464 4465
f 4462 4465 4466
f 4466 4465 4467
f 4468 4469 4467
f 4467 4469 4466
f 4469 4468 4470
f 4470 4468 4471
f 4472 4473 4471
f 4471 4473 4470
f 4475 4476 4474
f 4474 4476 4477
f 4479 4480 4478
f 4478 4480 4481
f 4483 4484 4482
f 4482 4484 4485
f 4487 4488 4486
f 4486 4488 4489
f 4491 4492 4490
f 4490 4492 4493
f 4494 4495 4493
f 4493 4495 4490
f 4496 4497 4494
f 4494 4497 4495
f 4497 4496 4498
f 4498 4496 4499
f 4500 4501 4503
f 4503 4501 4502
f 4505 4506 4504
f 4504 4506 4507
f 4466 4508 4462
f 4462 4508 4509
f 4470 4510 4469
f 4469 4510 4511
f 4513 4479 4512
f 4512 4479 4478
f 4515 4443 4514
f 4514 4443 4442
f 4516 4517 4519
f 4519 4517 4518
f 4521 4495 4520
f 4520 4495 4497
f 4522 4490 4521
f 4521 4490 4495
f 4491 4523 4488
f 4488 4523 4524
f 4525 4489 4524
f 4524 4489 4488
f 4484 4526 4485
f 4485 4526 4527
f 4503 4528 4500
f 4500 4528 4529
f 4530 4531 4533
f 4533 4531 4532
f 4535 4506 4534
f 4534 4506 4530
f 4486 4536 4487
f 4487 4536 4537
f 4487 4537 4492
f 4492 4537 4538
f 4494 4539 4496
f 4496 4539 4540
f 4542 4533 4541
f 4541 4533 4499
f 4544 4545 4543
f 4543 4545 4546
f 4548 4549 4547
f 4547 4549 4550
f 4536 4551 4537
f 4537 4551 4552
f 4537 4552 4538
f 4538 4552 4553
f 4554 4539 4556
f 4556 4539 4555
f 4557 4540 4554
f 4554 4540 4539
f 4559 4557 4558
f 4558 4557 4560
f 4540 4557 4541
f 4541 4557 4559
f 4562 4563 4561
f 4561 4563 4564
f 4546 4565 4543
f 4543 4565 4566
f 4547 4567 4548
f 4548 4567 4568
f 4570 4571 4569
f 4569 4571 4572
f 4574 4575 4573
f 4573 4575 4576
f 4578 4579 4577
f 4577 4579 4580
f 4582 4583 4581
f 4581 4583 4584
f 4585 4586 4588
f 4588 4586 4587
f 4589 4585 4590
f 4590 4585 4588
f 4592 4593 4591
f 4591 4593 4594
f 4596 4597 4595
f 4595 4597 4598
f 4600 4601 4599
f 4599 4601 4602
f 4563 4604 4603
f 4603 4604 4605
f 4603 4606 4608
f 4608 4606 4607
f 4609 4610 4594
f 4594 4610 4591
f 4611 4612 4614
f 4614 4612 4613
f 4616 4617 4615
f 4615 4617 4618
f 4602 4620 4619
f 4619 4620 4621
f 4619 4622 4602
f 4602 4622 4599
f 4605 4599 4623
f 4623 4599 4622
f 4605 4623 4603
f 4603 4623 4606
f 4625 4626 4624
f 4624 4626 4627
f 4438 4437 4628
f 4628 4437 4629
f 4442 4441 4630
f 4630 4441 4631
f 4630 4632 4442
f 4442 4632 4514
f 4633 4634 4529
f 4529 4634 4500
f 4500 4634 4501
f 4501 4634 4635
f 4637 4546 4636
f 4636 4546 4545
f 4639 4565 4638
f 4638 4565 4640
f 4573 4576 4641
f 4641 4576 4642
f 4593 4643 4594
f 4594 4643 4644
f 4645 4609 4644
f 4644 4609 4594
f 4647 4648 4646
f 4646 4648 4649
f 4651 4652 4650
f 4650 4652 4653
f 4654 4498 4519
f 4519 4498 4532
f 4520 4508 4521
f 4521 4508 4511
f 4522 4510 4523
f 4523 4510 4655
f 4524 4656 4525
f 4525 4656 4657
f 4514 4529 4515
f 4515 4529 4528
f 4658 4659 4661
f 4661 4659 4660
f 4496 4540 4499
f 4499 4540 4541
f 4493 4555 4494
f 4494 4555 4539
f 4549 4483 4550
f 4550 4483 4482
f 4545 4544 4501
f 4501 4544 4502
f 4636 4545 4635
f 4635 4545 4501
f 4589 4663 4662
f 4662 4663 4664
f 4662 4665 4558
f 4558 4665 4559
f 4569 4586 4570
f 4570 4586 4560
f 4552 4666 4553
f 4553 4666 4667
f 4668 4669 4670
f 4670 4669 4666
f 4672 4673 4671
f 4671 4673 4674
f 4287 4675 4288
f 4288 4675 4676
f 4678 4679 4677
f 4677 4679 4680
f 4681 4678 4682
f 4682 4678 4677
f 4682 4683 4681
f 4681 4683 4684
f 4161 4164 4685
f 4685 4164 4686
f 4414 4687 4689
f 4689 4687 4688
f 4405 4690 4346
f 4346 4690 4347
f 4691 4399 4693
f 4693 4399 4692
f 1209 4694 4365
f 4365 4694 4366
f 4650 1211 4651
f 4651 1211 1210
f 4695 4696 4255
f 4255 4696 4256
f 4697 4698 4218
f 4218 4698 4215
f 4700 4701 4699
f 4699 4701 4702
f 4703 4704 4303
f 4303 4704 4300
f 4315 3922 4316
f 4316 3922 3945
f 4653 4706 4705
f 4705 4706 4707
f 4709 4710 4708
f 4708 4710 4711
f 4335 4334 4713
f 4713 4334 4712
f 4714 4340 4321
f 4321 4340 4322
f 4716 4717 4715
f 4715 4717 4718
f 4238 4241 4719
f 4719 4241 4720
f 4231 4721 4307
f 4307 4721 4308
f 4723 4724 4722
f 4722 4724 4725
f 4727 4728 4726
f 4726 4728 4729
f 4730 4731 4327
f 4327 4731 4328
f 4733 4734 4732
f 4732 4734 4735
f 4720 4381 4736
f 4736 4381 4737
f 4738 4739 4741
f 4741 4739 4740
f 4743 4744 4742
f 4742 4744 4745
f 4338 4390 4339
f 4339 4390 4431
f 4746 4747 4431
f 4431 4747 4339
f 4291 4332 4289
f 4289 4332 4317
f 4289 4209 4291
f 4291 4209 4286
f 4287 4286 4210
f 4210 4286 4209
f 4749 4750 4748
f 4748 4750 4751
f 4212 4284 4752
f 4752 4284 4753
f 4752 4754 4212
f 4212 4754 4213
f 4252 4251 4225
f 4225 4251 4226
f 4227 4230 4248
f 4248 4230 4249
f 4205 4755 4757
f 4757 4755 4756
f 4708 4711 4758
f 4758 4711 4647
f 4367 4366 4759
f 4759 4366 4760
f 4526 4513 4527
f 4527 4513 4512
f 4420 4423 4385
f 4385 4423 4386
f 4705 4761 4653
f 4653 4761 4650
f 4761 1279 4650
f 4650 1279 1211
f 4762 4763 3944
f 3944 4763 3936
f 4274 4273 4765
f 4765 4273 4764
f 4767 4768 4766
f 4766 4768 4769
f 4770 4771 4769
f 4769 4771 4766
f 4771 4770 4242
f 4242 4770 4243
f 4093 4163 4094
f 4094 4163 4162
f 4772 4773 4775
f 4775 4773 4774
f 4777 4778 4776
f 4776 4778 4779
f 4417 4185 4182
f 4182 4185 4184
f 4780 4078 4781
f 4781 4078 4077
f 4781 4077 4782
f 4782 4077 4189
f 4188 4783 4189
f 4189 4783 4782
f 4295 4232 4307
f 4307 4232 4231
f 4785 4786 4784
f 4784 4786 4787
f 4784 1307 4785
f 4785 1307 1306
f 4078 4780 4096
f 4096 4780 4097
f 4075 4074 4310
f 4310 4074 4788
f 4788 4074 4789
f 4789 4074 4191
f 4789 4191 4059
f 4059 4191 4790
f 4791 4277 4792
f 4792 4277 4278
f 3732 3735 4793
f 4793 3735 4313
f 4793 4794 3732
f 3732 4794 3731
f 4792 4795 4791
f 4791 4795 4796
f 4797 4798 4799
f 4799 4798 4724
f 4763 4800 3936
f 3936 4800 3935
f 4801 4062 3729
f 3729 4062 3730
f 4713 4712 4802
f 4802 4712 4803
f 4146 4804 4119
f 4119 4804 4805
f 4498 4654 4497
f 4497 4654 4520
f 4806 4807 1326
f 1326 4807 1327
f 4689 4688 1330
f 1330 4688 1331
f 4801 4789 4062
f 4062 4789 4059
f 3730 4062 4808
f 4808 4062 4061
f 4810 4811 4809
f 4809 4811 4812
f 4813 4403 4814
f 4814 4403 4345
f 4815 4816 4349
f 4349 4816 4350
f 4817 4818 4820
f 4820 4818 4819
f 4406 4821 4407
f 4407 4821 4822
f 4823 4161 4824
f 4824 4161 4685
f 4181 4414 4825
f 4825 4414 4689
f 4741 4740 4826
f 4826 4740 4827
f 4828 4829 4827
f 4827 4829 4826
f 4142 4141 4415
f 4415 4141 4148
f 4830 1354 4761
f 4761 1354 1279
f 4832 4833 4831
f 4831 4833 4834
f 4835 4836 4626
f 4626 4836 4421
f 4451 4709 4395
f 4395 4709 4708
f 4627 4420 4837
f 4837 4420 4385
f 4837 1365 4838
f 4838 1365 1364
f 4397 4396 4839
f 4839 4396 4840
f 4842 4628 4841
f 4841 4628 4629
f 4671 4674 4631
f 4631 4674 4630
f 4674 4659 4630
f 4630 4659 4632
f 4633 4632 4658
f 4658 4632 4659
f 4658 4504 4633
f 4633 4504 4634
f 4635 4634 4507
f 4507 4634 4504
f 4843 4636 4507
f 4507 4636 4635
f 4844 4637 4843
f 4843 4637 4636
f 4637 4844 4640
f 4640 4844 4664
f 4638 4663 4642
f 4642 4663 4845
f 4847 4643 4846
f 4846 4643 4641
f 4644 4848 4645
f 4645 4848 4849
f 4851 4852 4850
f 4850 4852 4853
f 4855 4856 4854
f 4854 4856 4857
f 4859 4860 4858
f 4858 4860 4857
f 4715 4718 4859
f 4859 4718 4860
f 4862 4863 4861
f 4861 4863 4864
f 4866 4867 4865
f 4865 4867 4868
f 4870 4871 4869
f 4869 4871 4872
f 4869 4872 4116
f 4116 4872 4117
f 4820 4819 4874
f 4874 4819 4873
f 4876 4877 4875
f 4875 4877 4878
f 4880 4881 4879
f 4879 4881 4882
f 4884 4885 4883
f 4883 4885 4886
f 4887 4888 4280
f 4280 4888 4281
f 4818 4817 4889
f 4889 4817 4890
f 4891 4193 4823
f 4823 4193 4192
f 4892 4893 4228
f 4228 4893 4229
f 4158 4157 4894
f 4894 4157 4895
f 4896 4897 4132
f 4132 4897 4133
f 4099 4683 4100
f 4100 4683 4682
f 4101 4100 4899
f 4899 4100 4898
f 4150 4106 4147
f 4147 4106 4900
f 4100 4682 4898
f 4898 4682 4677
f 4080 4082 4187
f 4187 4082 4184
f 4077 4080 4189
f 4189 4080 4187
f 4191 4190 4790
f 4790 4190 4901
f 4177 4158 4680
f 4680 4158 4894
f 4108 4136 4752
f 4752 4136 4754
f 4752 4753 4108
f 4108 4753 4109
f 4817 4902 4890
f 4890 4902 4903
f 4904 4905 4907
f 4907 4905 4906
f 4909 4910 4908
f 4908 4910 4911
f 4913 4914 4912
f 4912 4914 4915
f 4916 4917 4919
f 4919 4917 4918
f 4312 4424 4299
f 4299 4424 4304
f 4920 4921 4297
f 4297 4921 4298
f 4194 4922 4167
f 4167 4922 4923
f 4924 4400 4691
f 4691 4400 4399
f 4395 4708 4396
f 4396 4708 4758
f 4367 4925 4368
f 4368 4925 4926
f 4919 4918 4873
f 4873 4918 4874
f 4836 4927 4421
f 4421 4927 4422
f 4921 4928 4298
f 4298 4928 4311
f 4143 4146 4122
f 4122 4146 4119
f 4929 4930 4455
f 4455 4930 4452
f 4932 4933 4931
f 4931 4933 4934
f 4935 4936 4932
f 4932 4936 4933
f 4461 4460 4457
f 4457 4460 4458
f 4480 4479 4475
f 4475 4479 4476
f 4660 4673 4517
f 4517 4673 4937
f 4661 4505 4658
f 4658 4505 4504
f 4484 4483 4489
f 4489 4483 4486
f 4462 4509 4463
f 4463 4509 4518
f 4469 4511 4466
f 4466 4511 4508
f 4655 4473 4656
f 4656 4473 4477
f 4476 4657 4477
f 4477 4657 4656
f 4479 4513 4476
f 4476 4513 4657
f 4489 4525 4484
f 4484 4525 4526
f 4483 4549 4486
f 4486 4549 4536
f 4549 4548 4536
f 4536 4548 4551
f 4548 4568 4551
f 4551 4568 4670
f 4663 4589 4845
f 4845 4589 4590
f 4668 4577 4938
f 4938 4577 4580
f 4940 4938 4939
f 4939 4938 4941
f 4940 4942 4669
f 4669 4942 4943
f 4587 4582 4944
f 4944 4582 4581
f 4848 4847 4608
f 4608 4847 4564
f 4616 4945 4613
f 4613 4945 4598
f 4615 4946 4616
f 4616 4946 4945
f 4947 4939 4948
f 4948 4939 4946
f 4599 4605 4600
f 4600 4605 4604
f 4608 4607 4848
f 4848 4607 4849
f 4613 4612 4616
f 4616 4612 4617
f 4835 4949 4709
f 4709 4949 4710
f 4357 1477 4837
f 4837 1477 1365
f 4712 4950 4803
f 4803 4950 4951
f 4401 4952 4402
f 4402 4952 4953
f 4759 4760 4402
f 4402 4760 4399
f 4508 4520 4509
f 4509 4520 4654
f 4510 4522 4511
f 4511 4522 4521
f 4513 4526 4657
f 4657 4526 4525
f 4632 4633 4514
f 4514 4633 4529
f 4931 4934 4453
f 4453 4934 4454
f 4153 4954 4154
f 4154 4954 4955
f 4957 4958 4956
f 4956 4958 4959
f 4961 4962 4960
f 4960 4962 4963
f 4120 4964 4210
f 4210 4964 4965
f 4967 4968 4966
f 4966 4968 4969
f 4349 4692 4815
f 4815 4692 4970
f 4652 4971 4653
f 4653 4971 4706
f 4758 4647 4972
f 4972 4647 4646
f 4973 4363 4646
f 4646 4363 4972
f 4950 4360 4974
f 4974 4360 4364
f 4431 4335 4746
f 4746 4335 4713
f 4358 4714 4325
f 4325 4714 4321
f 4765 4764 4266
f 4266 4764 4975
f 4202 4976 4203
f 4203 4976 4977
f 4917 4978 4918
f 4918 4978 4979
f 4279 4282 4854
f 4854 4282 4269
f 4820 4880 4817
f 4817 4880 4902
f 4890 4903 4980
f 4980 4903 4886
f 4982 4983 4981
f 4981 4983 4123
f 4795 4851 4796
f 4796 4851 4850
f 4918 4979 4874
f 4874 4979 4881
f 4809 4404 4810
f 4810 4404 4403
f 4354 4985 4984
f 4984 4985 4986
f 1364 1516 4838
f 4838 1516 4987
f 4759 4988 4367
f 4367 4988 4925
f 4989 4990 4481
f 4481 4990 4478
f 4443 4515 4990
f 4990 4515 4991
f 4527 4512 4992
f 4992 4512 4991
f 4528 4503 4992
f 4992 4503 4993
f 4993 4994 4485
f 4485 4994 4482
f 4544 4995 4502
f 4502 4995 4994
f 4995 4996 4550
f 4550 4996 4547
f 4998 4999 4997
f 4997 4999 4566
f 4998 5000 4578
f 4578 5000 4579
f 5001 5002 4596
f 4596 5002 4597
f 5003 4591 5004
f 5004 4591 4610
f 4626 4421 4627
f 4627 4421 4420
f 4837 4838 4627
f 4627 4838 4624
f 4761 4705 4830
f 4830 4705 5005
f 4705 4707 5005
f 5005 4707 5006
f 4308 4721 4075
f 4075 4721 4076
f 5007 4200 4797
f 4797 4200 4798
f 4685 4686 5008
f 5008 4686 5009
f 4889 4890 5010
f 5010 4890 4980
f 4323 1541 4324
f 4324 1541 1540
f 4385 4384 4358
f 4358 4384 4714
f 4396 4758 4840
f 4840 4758 4972
f 4866 4852 5011
f 5011 4852 5012
f 5013 4260 4980
f 4980 4260 5010
f 4875 4878 5014
f 5014 4878 5015
f 5017 5018 5016
f 5016 5018 5019
f 5016 5019 5020
f 5020 5019 5021
f 5023 5024 5022
f 5022 5024 5025
f 5027 5028 5026
f 5026 5028 5029
f 5031 5032 5030
f 5030 5032 5033
f 5035 5036 5034
f 5034 5036 5037
f 5039 5040 5038
f 5038 5040 5041
f 5043 5044 5042
f 5042 5044 5045
f 5038 5046 5039
f 5039 5046 5047
f 5049 5050 5048
f 5048 5050 5051
f 5053 5054 5052
f 5052 5054 5055
f 5057 5024 5056
f 5056 5024 5058
f 5060 5061 5059
f 5059 5061 5062
f 5064 5065 5063
f 5063 5065 5066
f 5043 5050 5064
f 5064 5050 5065
f 5038 5041 5067
f 5067 5041 5068
f 5070 5071 5069
f 5069 5071 5072
f 5074 5075 5073
f 5073 5075 5076
f 5034 5077 5035
f 5035 5077 5078
f 5080 5081 5079
f 5079 5081 5082
f 5084 5085 5083
f 5083 5085 5086
f 5085 5084 5087
f 5087 5084 5088
f 5090 5091 5089
f 5089 5091 5092
f 5094 5095 5093
f 5093 5095 5096
f 5098 5099 5097
f 5097 5099 5100
f 5102 5103 5101
f 5101 5103 5104
f 5105 5106 5108
f 5108 5106 5107
f 5110 5111 5109
f 5109 5111 5112
f 5114 5094 5113
f 5113 5094 5093
f 5116 5117 5115
f 5115 5117 5118
f 5120 5121 5119
f 5119 5121 5122
f 5124 5125 5123
f 5123 5125 5126
f 5128 5129 5127
f 5127 5129 5130
f 5097 5131 5098
f 5098 5131 5132
f 5134 5135 5133
f 5133 5135 5122
f 5084 5125 5088
f 5088 5125 5136
f 5138 5139 5137
f 5137 5139 5140
f 5142 5102 5141
f 5141 5102 5101
f 5106 5143 5107
f 5107 5143 5144
f 5146 5147 5145
f 5145 5147 5148
f 5149 5150 5109
f 5109 5150 5110
f 5151 5110 5152
f 5152 5110 5150
f 4715 5140 4716
f 4716 5140 5139
f 5143 4870 5144
f 5144 4870 4869
f 4115 5146 4116
f 4116 5146 5145
f 4791 4796 5149
f 5149 4796 5150
f 4796 4850 5150
f 5150 4850 5152
f 4858 5142 4859
f 4859 5142 5141
f 5153 5154 5115
f 5115 5154 5105
f 5156 5157 5155
f 5155 5157 5158
f 5159 5160 5053
f 5053 5160 5054
f 5161 5162 5020
f 5020 5162 5068
f 5026 5029 5163
f 5163 5029 5021
f 5083 5086 5164
f 5164 5086 5165
f 5090 5167 5166
f 5166 5167 5168
f 5169 5170 5172
f 5172 5170 5171
f 5174 5175 5173
f 5173 5175 5176
f 5177 5109 5178
f 5178 5109 5112
f 5179 5180 5182
f 5182 5180 5181
f 5123 5126 5120
f 5120 5126 5121
f 5180 5167 5181
f 5181 5167 5183
f 5184 5185 5179
f 5179 5185 5180
f 5186 5149 5177
f 5177 5149 5109
f 4868 5184 4865
f 4865 5184 5179
f 5188 5189 5187
f 5187 5189 5190
f 4277 4791 5186
f 5186 4791 5149
f 5179 5182 4865
f 4865 5182 4853
f 5189 4862 5190
f 5190 4862 4861
f 5156 5075 5191
f 5191 5075 5192
f 5036 5035 5193
f 5193 5035 5194
f 5115 5118 5153
f 5153 5118 5195
f 5022 5025 5196
f 5196 5025 5197
f 5155 5158 5069
f 5069 5158 5062
f 5063 5066 5198
f 5198 5066 5199
f 5073 5076 5200
f 5200 5076 5072
f 5202 5131 5201
f 5201 5131 5203
f 5143 5106 5204
f 5204 5106 5205
f 5114 5113 5206
f 5206 5113 5127
f 5098 5132 5193
f 5193 5132 5195
f 5204 5207 5143
f 5143 5207 4870
f 5088 5136 5208
f 5208 5136 5092
f 5209 5210 5089
f 5089 5210 5183
f 5211 5018 5060
f 5060 5018 5061
f 5017 5040 5070
f 5070 5040 5071
f 5191 5160 5156
f 5156 5160 5157
f 5048 5028 5049
f 5049 5028 5058
f 5207 5204 4858
f 4858 5204 5142
f 4859 5141 4715
f 4715 5141 5140
f 5212 5162 5042
f 5042 5162 5051
f 5182 5152 4853
f 4853 5152 4850
f 5214 5134 5213
f 5213 5134 5133
f 5164 5165 5133
f 5133 5165 5213
f 5215 5216 5201
f 5201 5216 5217
f 5147 5218 5148
f 5148 5218 5219
f 5147 5177 5218
f 5218 5177 5178
f 5141 5101 5140
f 5140 5101 5137
f 5201 5217 5202
f 5202 5217 5104
f 5146 5186 5147
f 5147 5186 5177
f 4277 5186 4115
f 4115 5186 5146
f 5191 5192 5031
f 5031 5192 5032
f 5052 5055 5220
f 5220 5055 5197
f 4116 5145 4869
f 4869 5145 5144
f 5034 5037 5214
f 5214 5037 5134
f 5097 5100 5114
f 5114 5100 5094
f 5108 5107 5219
f 5219 5107 5148
f 5221 5135 5116
f 5116 5135 5117
f 5124 5111 5209
f 5209 5111 5210
f 5107 5144 5148
f 5148 5144 5145
f 5152 5182 5151
f 5151 5182 5181
f 5208 5222 5088
f 5088 5222 5087
f 5222 5208 5171
f 5171 5208 5172
f 5223 1756 4698
f 4698 1756 1755
f 4427 5224 4107
f 4107 5224 4135
f 4178 4679 5225
f 5225 4679 5226
f 5227 5228 4892
f 4892 5228 4893
f 5229 5230 4171
f 4171 5230 4172
f 4855 4268 4884
f 4884 4268 4885
f 4884 4871 4855
f 4855 4871 4856
f 4684 5231 4896
f 4896 5231 4897
f 4768 4767 5009
f 5009 4767 5008
f 5205 5154 5102
f 5102 5154 5103
f 5099 5098 5194
f 5194 5098 5193
f 5198 5199 5079
f 5079 5199 5033
f 5102 5142 5205
f 5205 5142 5204
f 5224 4427 4681
f 4681 4427 4678
f 3712 3711 5232
f 5232 3711 5233
f 3968 3988 3963
f 3963 3988 3964
f 3976 4044 3972
f 3972 4044 3985
f 4038 4037 4036
f 4036 4037 4033
f 4794 4762 3731
f 3731 4762 3944
f 3731 3944 3722
f 3722 3944 3810
f 3874 5234 5232
f 5232 5234 3712
f 3906 3905 3867
f 3867 3905 4011
f 3904 4023 3905
f 3905 4023 4011
f 3719 3722 3811
f 3811 3722 3810
f 3812 3719 3687
f 3687 3719 3811
f 3716 3812 3686
f 3686 3812 3687
f 3713 3716 3685
f 3685 3716 3686
f 4810 4403 5235
f 5235 4403 4813
f 4345 1770 4814
f 4814 1770 1769
f 4067 4066 4058
f 4058 4066 5236
f 4043 4068 4049
f 4049 4068 4050
f 4034 5237 3989
f 3989 5237 3990
f 4031 4030 4072
f 4072 4030 4005
f 4003 4004 4002
f 4002 4004 4032
f 4004 4005 4032
f 4032 4005 4030
f 4067 4064 4068
f 4068 4064 4050
f 4058 4057 4067
f 4067 4057 4064
f 4035 4034 5238
f 5238 4034 3989
f 5236 5239 4058
f 4058 5239 5240
f 5234 3874 5241
f 5241 3874 3873
f 5241 3873 3881
f 3881 3873 3878
f 4800 4763 4788
f 4788 4763 4310
f 4763 4762 4310
f 4310 4762 4309
f 4762 4794 4309
f 4309 4794 4306
f 4794 4793 4306
f 4306 4793 4292
f 4293 4313 4302
f 4302 4313 4314
f 4302 4314 4303
f 4303 4314 4315
f 4303 4315 4703
f 4703 4315 4316
f 4035 4069 4043
f 4043 4069 4068
f 4324 1540 4357
f 4357 1540 1477
f 5232 3987 3874
f 3874 3987 3871
f 3987 5232 4013
f 4013 5232 5233
f 4013 5233 4014
f 4014 5233 5242
f 3888 4015 3865
f 3865 4015 4007
f 3866 4008 5243
f 5243 4008 4016
f 3873 5244 3878
f 3878 5244 3875
f 3965 5244 3872
f 3872 5244 3873
f 3876 3875 3965
f 3965 3875 5244
f 5243 4016 5242
f 5242 4016 4014
f 5246 5247 5245
f 5245 5247 5248
f 3576 3950 3577
f 3577 3950 3926
f 3584 3842 3585
f 3585 3842 3580
f 5249 5247 1784
f 1784 5247 1785
f 5250 5251 5253
f 5253 5251 5252
f 5255 5252 5254
f 5254 5252 5256
f 5254 5256 5258
f 5258 5256 5257
f 5258 5257 5260
f 5260 5257 5259
f 4356 5261 4424
f 4424 5261 5259
f 4355 5262 4356
f 4356 5262 5261
f 4924 5264 5263
f 5263 5264 5265
f 4693 5266 4691
f 4691 5266 5267
f 4351 5268 4352
f 4352 5268 5269
f 1808 1807 4351
f 4351 1807 5268
f 3580 3842 3581
f 3799 3802 3838
f 4800 4788 4801
f 4801 4788 4789
f 3729 3935 4801
f 4801 3935 4800
f 3728 3666 3729
f 3729 3666 3935
f 3728 3798 3666
f 3666 3798 3663
f 3798 3818 3663
f 3663 3818 3809
f 3818 3817 3809
f 3809 3817 3808
f 3796 3655 3817
f 3817 3655 3808
f 3615 3568 3796
f 3796 3568 3655
f 3573 3569 3615
f 3615 3569 3568
f 3572 3613 3573
f 3573 3613 3569
f 3792 3606 3572
f 3572 3606 3613
f 3607 3791 3949
f 3949 3791 3591
f 3590 3950 3591
f 3591 3950 3949
f 3805 3926 3590
f 3590 3926 3950
f 3804 3559 3805
f 3805 3559 3926
f 3804 3914 3559
f 3559 3914 3560
f 3924 3789 3913
f 3913 3789 3788
f 3924 3928 3789
f 3789 3928 3826
f 3928 3927 3826
f 3826 3927 3827
f 3927 3834 3827
f 3827 3834 3835
f 4079 4078 5270
f 5270 4078 5007
f 5271 5272 4233
f 4233 5272 5273
f 5275 5276 5274
f 5274 5276 5277
f 5278 5279 4236
f 4236 5279 4237
f 5278 5280 5271
f 5271 5280 5272
f 4235 5281 4236
f 4236 5281 5282
f 5284 5285 5283
f 5283 5285 5286
f 5288 5289 5287
f 5287 5289 5290
f 5292 5293 5291
f 5291 5293 5294
f 5287 5290 4726
f 4726 5290 5295
f 4293 4292 4313
f 4313 4292 4793
f 4720 4736 4719
f 4719 4736 5296
f 5297 4909 5298
f 5298 4909 4908
f 5299 5300 4976
f 4976 5300 5301
f 5302 4202 5303
f 5303 4202 4201
f 5304 5305 4983
f 4983 5305 5306
f 5308 5309 5307
f 5307 5309 5310
f 4722 4725 5283
f 5283 4725 5311
f 5291 5294 4125
f 4125 5294 4126
f 5313 5314 5312
f 5312 5314 5315
f 5316 5317 5319
f 5319 5317 5318
f 5321 5308 5320
f 5320 5308 5307
f 4819 4981 4873
f 4873 4981 5322
f 4981 4123 5322
f 5322 4123 4126
f 5324 5325 5323
f 5323 5325 5326
f 4764 5327 4975
f 4975 5327 5328
f 4172 5327 4169
f 4169 5327 5329
f 4768 4171 4769
f 4769 4171 4170
f 4243 4755 4244
f 4244 4755 5330
f 4755 4205 5330
f 5330 4205 4208
f 4206 4906 4207
f 4207 4906 4905
f 4686 5014 5009
f 5009 5014 5229
f 4756 4770 4170
f 4170 4770 4769
f 4170 4169 4756
f 4756 4169 4757
f 4273 5329 4764
f 4764 5329 5327
f 4276 5331 4273
f 4273 5331 5329
f 4770 4756 4243
f 4243 4756 4755
f 5333 4889 5332
f 5332 4889 5010
f 4877 5332 4878
f 4878 5332 4259
f 4875 4164 4876
f 4876 4164 4163
f 5334 5335 5324
f 5324 5335 5325
f 4983 5306 4123
f 4123 5306 4124
f 4818 4982 4819
f 4819 4982 4981
f 5332 5010 4259
f 4259 5010 4260
f 5014 4686 4875
f 4875 4686 4164
f 4171 4768 5229
f 5229 4768 5009
f 5337 4916 5336
f 5336 4916 4919
f 5293 5337 5294
f 5294 5337 5336
f 4982 4818 5333
f 5333 4818 4889
f 5338 5339 4262
f 4262 5339 5340
f 5307 5310 5338
f 5338 5310 5339
f 5341 5342 4204
f 4204 5342 5309
f 5336 4919 5322
f 5322 4919 4873
f 5294 5336 4126
f 4126 5336 5322
f 5323 5326 5343
f 5343 5326 5286
f 4914 5344 4915
f 4915 5344 5345
f 5312 5315 5344
f 5344 5315 5345
f 5347 5348 5346
f 5346 5348 5349
f 5350 5351 4832
f 4832 5351 4833
f 5352 5353 5349
f 5349 5353 5346
f 5354 5338 4265
f 4265 5338 4262
f 5320 5307 5354
f 5354 5307 5338
f 4201 5308 5303
f 5303 5308 5321
f 5356 5357 5355
f 5355 5357 4799
f 5358 5359 5334
f 5334 5359 5335
f 5358 5360 4093
f 4093 5360 4163
f 5360 5305 4163
f 4163 5305 4876
f 5305 5304 4876
f 4876 5304 4877
f 5270 4778 4079
f 4079 4778 4081
f 4779 5361 4774
f 4774 5361 5357
f 5356 5359 4775
f 4775 5359 4092
f 5333 5304 4982
f 4982 5304 4983
f 5332 4877 5333
f 5333 4877 5304
f 5015 4258 5230
f 5230 4258 5328
f 5327 4172 5328
f 5328 4172 5230
f 4169 5329 4757
f 4757 5329 5331
f 4757 5331 4205
f 4205 5331 4206
f 5331 4276 4206
f 4206 4276 4906
f 4276 4275 4906
f 4906 4275 4907
f 4275 4888 4907
f 4907 4888 4744
f 4887 4717 4745
f 4745 4717 4864
f 4716 5139 4861
f 4861 5139 5190
f 5139 5138 5190
f 5190 5138 5187
f 5138 5216 5187
f 5187 5216 5176
f 5215 5362 5173
f 5173 5362 5130
f 5364 5365 5363
f 5363 5365 5340
f 4742 4863 5366
f 5366 4863 4867
f 4862 5189 4868
f 4868 5189 5184
f 5189 5188 5184
f 5184 5188 5185
f 5188 5175 5185
f 5185 5175 5168
f 3560 3788 3561
f 3561 3788 3790
f 3596 3595 3608
f 3608 3595 3594
f 3598 3582 3595
f 3595 3582 3592
f 3600 3609 3601
f 3601 3609 3611
f 3602 3601 3612
f 3612 3601 3611
f 3606 3605 3613
f 3613 3605 3614
f 3793 5367 3794
f 3794 5367 5368
f 3598 3597 3600
f 3600 3597 3609
f 3793 3792 3575
f 3575 3792 3572
f 3561 3594 3558
f 3558 3594 3593
f 3807 3915 3804
f 3804 3915 3914
f 3916 3915 5370
f 5370 3915 5369
f 3602 3605 3603
f 3603 3605 3604
f 3606 3792 3607
f 3607 3792 3791
f 3914 3913 3560
f 3560 3913 3788
f 5174 5129 5166
f 5166 5129 5371
f 5170 5169 5093
f 5093 5169 5113
f 5166 5371 5090
f 5090 5371 5091
f 5128 5169 5372
f 5372 5169 5172
f 5127 5113 5128
f 5128 5113 5169
f 5114 5206 5203
f 5203 5206 5362
f 5200 5373 5073
f 5073 5373 5096
f 5374 5375 5200
f 5200 5375 5373
f 5039 5047 5374
f 5374 5047 5375
f 5087 5046 5085
f 5085 5046 5376
f 5212 5377 5067
f 5067 5377 5376
f 5042 5045 5212
f 5212 5045 5377
f 5064 5378 5043
f 5043 5378 5044
f 5063 5077 5064
f 5064 5077 5378
f 5079 5082 5198
f 5198 5082 5078
f 5099 5081 5100
f 5100 5081 5379
f 5100 5379 5094
f 5094 5379 5095
f 5381 5382 5380
f 5380 5382 5383
f 5385 5386 5384
f 5384 5386 5383
f 5385 5387 5386
f 5386 5387 5388
f 5390 5391 5389
f 5389 5391 5392
f 5393 5394 5396
f 5396 5394 5395
f 5398 5399 5397
f 5397 5399 5400
f 5402 5403 5401
f 5401 5403 5404
f 5406 5407 5405
f 5405 5407 5404
f 5408 5409 5163
f 5163 5409 5410
f 5411 5412 5414
f 5414 5412 5413
f 5057 5416 5415
f 5415 5416 5417
f 5393 5416 5418
f 5418 5416 5419
f 5396 5395 5420
f 5420 5395 5421
f 5423 5424 5422
f 5422 5424 5425
f 5415 5417 5220
f 5220 5417 5426
f 5418 5391 5393
f 5393 5391 5394
f 5414 5388 5411
f 5411 5388 5392
f 5059 5427 5060
f 5060 5427 5428
f 5423 5427 5429
f 5429 5427 5430
f 5432 5382 5431
f 5431 5382 5425
f 5429 5407 5423
f 5423 5407 5424
f 5380 5409 5381
f 5381 5409 5433
f 5381 5433 5422
f 5422 5433 5428
f 5027 5412 5056
f 5056 5412 5419
f 5435 5436 5434
f 5434 5436 5437
f 5159 5439 5438
f 5438 5439 5440
f 5053 5436 5159
f 5159 5436 5439
f 5441 5403 5398
f 5398 5403 5399
f 5163 5410 5026
f 5026 5410 5413
f 5438 5440 5442
f 5442 5440 5430
f 5444 5445 5443
f 5443 5445 5446
f 5447 5448 5450
f 5450 5448 5449
f 5451 5446 5452
f 5452 5446 5445
f 5454 5455 5453
f 5453 5455 5451
f 5456 5454 5458
f 5458 5454 5457
f 5460 5461 5459
f 5459 5461 5462
f 5464 5465 5463
f 5463 5465 5466
f 5468 5469 5467
f 5467 5469 5470
f 5472 5473 5471
f 5471 5473 5474
f 5475 5476 5478
f 5478 5476 5477
f 5479 5480 5482
f 5482 5480 5481
f 5483 5484 5448
f 5448 5484 5485
f 5448 5485 5449
f 5449 5485 5486
f 5487 5476 5488
f 5488 5476 5475
f 5490 5491 5489
f 5489 5491 5492
f 5494 5495 5493
f 5493 5495 5496
f 5498 5494 5497
f 5497 5494 5493
f 5500 5501 5499
f 5499 5501 5502
f 5503 5504 5446
f 5446 5504 5443
f 5506 5507 5505
f 5505 5507 5508
f 5510 5511 5509
f 5509 5511 5512
f 5514 5515 5513
f 5513 5515 5516
f 5518 5519 5517
f 5517 5519 5520
f 5495 5521 5496
f 5496 5521 5522
f 5524 5525 5523
f 5523 5525 5526
f 5527 5528 5494
f 5494 5528 5495
f 5499 5502 5529
f 5529 5502 5530
f 5531 5532 5485
f 5485 5532 5486
f 5485 5484 5531
f 5531 5484 5533
f 5482 5481 5534
f 5534 5481 5535
f 5536 5512 5506
f 5506 5512 5511
f 5455 5503 5451
f 5451 5503 5446
f 5467 5470 5511
f 5511 5470 5537
f 5538 5467 5510
f 5510 5467 5511
f 5540 5541 5539
f 5539 5541 5542
f 5543 5544 5546
f 5546 5544 5545
f 5548 5472 5547
f 5547 5472 5471
f 5493 5496 5549
f 5549 5496 5550
f 5496 5522 5550
f 5550 5522 5551
f 5553 5554 5552
f 5552 5554 5555
f 5557 5447 5556
f 5556 5447 5558
f 5557 5483 5447
f 5447 5483 5448
f 5478 5477 5553
f 5553 5477 5559
f 5477 5560 5559
f 5559 5560 5561
f 5476 5562 5477
f 5477 5562 5560
f 5476 5487 5562
f 5562 5487 5563
f 5560 5564 5561
f 5561 5564 5565
f 5564 5560 5566
f 5566 5560 5562
f 5563 5567 5562
f 5562 5567 5566
f 5569 5521 5568
f 5568 5521 5570
f 5481 5572 5571
f 5571 5572 5573
f 5574 5535 5571
f 5571 5535 5481
f 5576 5577 5575
f 5575 5577 5578
f 5579 5580 5456
f 5456 5580 5581
f 5475 5582 5488
f 5488 5582 5583
f 5584 5536 5505
f 5505 5536 5506
f 5585 5586 5588
f 5588 5586 5587
f 5590 5591 5589
f 5589 5591 5592
f 5519 5593 5520
f 5520 5593 5594
f 5595 5596 5462
f 5462 5596 5597
f 5599 5600 5598
f 5598 5600 5514
f 5602 5603 5601
f 5601 5603 5604
f 5524 5543 5525
f 5525 5543 5546
f 5543 5524 5606
f 5606 5524 5605
f 5607 5608 5500
f 5500 5608 5501
f 5610 5551 5609
f 5609 5551 5522
f 5611 5510 5598
f 5598 5510 5509
f 5612 5597 5457
f 5457 5597 5458
f 5510 5611 5538
f 5538 5611 5613
f 5580 5508 5581
f 5581 5508 5507
f 5615 5616 5614
f 5614 5616 5617
f 5619 5620 5618
f 5618 5620 5621
f 5623 5624 5622
f 5622 5624 5625
f 5627 5624 5626
f 5626 5624 5623
f 5629 5630 5628
f 5628 5630 5631
f 5633 5634 5632
f 5632 5634 5466
f 5635 5636 5463
f 5463 5636 5637
f 5523 5638 5524
f 5524 5638 5605
f 5639 5640 5641
f 5641 5640 5595
f 5611 5513 5613
f 5613 5513 5642
f 5643 5586 5608
f 5608 5586 5501
f 5622 5625 5590
f 5590 5625 5591
f 5598 5514 5611
f 5611 5514 5513
f 5645 5646 5644
f 5644 5646 5647
f 5620 5619 5491
f 5491 5619 5648
f 5649 5643 5492
f 5492 5643 5608
f 5650 5651 5653
f 5653 5651 5652
f 5463 5466 5635
f 5635 5466 5634
f 5597 5612 5462
f 5462 5612 5459
f 5635 5634 5523
f 5523 5634 5638
f 5654 5638 5633
f 5633 5638 5634
f 5655 5656 5525
f 5525 5656 5526
f 5658 5659 5657
f 5657 5659 5527
f 5660 5464 5637
f 5637 5464 5463
f 5632 5466 5661
f 5661 5466 5465
f 5661 5662 5632
f 5632 5662 5658
f 5662 5663 5658
f 5658 5663 5659
f 5665 5659 5664
f 5664 5659 5663
f 5632 5658 5633
f 5633 5658 5657
f 5666 5629 5530
f 5530 5629 5667
f 5528 5527 5665
f 5665 5527 5659
f 5668 5669 5570
f 5570 5669 5568
f 5669 5668 5670
f 5670 5668 5671
f 5646 5672 5673
f 5672 5674 5673
f 5673 5674 5675
f 5674 5460 5675
f 5675 5460 5459
f 5461 5676 5462
f 5462 5676 5595
f 5677 5678 5680
f 5680 5678 5679
f 5628 5681 5629
f 5629 5681 5667
f 5682 5529 5667
f 5667 5529 5530
f 5675 5459 5683
f 5683 5459 5612
f 5585 5666 5502
f 5502 5666 5530
f 5589 5684 5602
f 5602 5684 5603
f 5646 5645 5663
f 5663 5645 5664
f 5685 5647 5673
f 5673 5647 5646
f 5686 5687 5683
f 5683 5687 5685
f 5688 5689 5533
f 5533 5689 5531
f 5690 5691 5535
f 5535 5691 5534
f 5692 5690 5574
f 5574 5690 5535
f 5685 5687 5689
f 5689 5687 5693
f 5489 5694 5490
f 5490 5694 5695
f 5690 5692 5696
f 5696 5692 5697
f 5696 5644 5690
f 5690 5644 5691
f 5447 5450 5558
f 5558 5450 5698
f 5699 5700 5642
f 5642 5700 5613
f 5701 5702 5540
f 5540 5702 5541
f 5431 5703 5432
f 5432 5703 5697
f 5385 5384 5574
f 5574 5384 5692
f 5389 5387 5573
f 5573 5387 5571
f 5565 5390 5573
f 5573 5390 5389
f 5390 5565 5704
f 5704 5565 5564
f 5566 5705 5564
f 5564 5705 5704
f 5569 5441 5609
f 5609 5441 5398
f 5568 5405 5569
f 5569 5405 5441
f 5670 5706 5669
f 5669 5706 5406
f 5703 5431 5670
f 5670 5431 5706
f 5432 5697 5384
f 5384 5697 5692
f 5574 5571 5385
f 5385 5571 5387
f 5607 5707 5489
f 5489 5707 5694
f 5518 5708 5519
f 5519 5708 5709
f 5711 5576 5710
f 5710 5576 5575
f 5713 5714 5712
f 5712 5714 5715
f 5553 5552 5478
f 5478 5552 5716
f 5717 5475 5716
f 5716 5475 5478
f 5718 5719 5605
f 5605 5719 5606
f 5505 5622 5584
f 5584 5622 5590
f 5508 5623 5505
f 5505 5623 5622
f 5626 5623 5580
f 5580 5623 5508
f 5580 5579 5626
f 5626 5579 5720
f 5579 5721 5720
f 5720 5721 5722
f 5666 5585 5723
f 5723 5585 5588
f 5724 5725 5639
f 5639 5725 5640
f 5554 5726 5555
f 5555 5726 5727
f 5453 5728 5729
f 5689 5688 5685
f 5685 5688 5647
f 5604 5730 5512
f 5512 5730 5509
f 5628 5631 5618
f 5618 5631 5592
f 5601 5604 5536
f 5536 5604 5512
f 5732 5676 5731
f 5731 5676 5660
f 5730 5604 5733
f 5733 5604 5603
f 5563 5487 5551
f 5551 5487 5550
f 5489 5492 5607
f 5607 5492 5608
f 5573 5572 5565
f 5565 5572 5561
f 5609 5522 5569
f 5569 5522 5521
f 5499 5734 5500
f 5500 5734 5735
f 5596 5736 5721
f 5721 5736 5722
f 5737 5600 5594
f 5594 5600 5520
f 5599 5730 5517
f 5517 5730 5733
f 5660 5738 5731
f 5731 5738 5739
f 5648 5649 5491
f 5491 5649 5492
f 5501 5586 5502
f 5502 5586 5585
f 5525 5546 5655
f 5655 5546 5740
f 5600 5599 5520
f 5520 5599 5517
f 5708 5739 5709
f 5709 5739 5738
f 5636 5635 5526
f 5526 5635 5523
f 5670 5671 5703
f 5703 5671 5741
f 5490 5695 5742
f 5742 5695 5743
f 5682 5678 5744
f 5744 5678 5677
f 5678 5681 5679
f 5679 5681 5621
f 5742 5743 5679
f 5679 5743 5680
f 5618 5621 5628
f 5628 5621 5681
f 5725 5724 5589
f 5589 5724 5684
f 5456 5458 5579
f 5579 5458 5721
f 5675 5683 5673
f 5673 5683 5685
f 5529 5682 5745
f 5745 5682 5744
f 5721 5458 5596
f 5596 5458 5597
f 5701 5540 5719
f 5719 5540 5606
f 5703 5741 5697
f 5697 5741 5696
f 5500 5735 5607
f 5607 5735 5707
f 5549 5746 5493
f 5493 5746 5497
f 5700 5747 5613
f 5613 5747 5538
f 5420 5421 5434
f 5434 5421 5400
f 5689 5693 5531
f 5531 5693 5532
f 5705 5566 5748
f 5748 5566 5567
f 5609 5398 5610
f 5610 5398 5397
f 5669 5406 5568
f 5568 5406 5405
f 5488 5583 5549
f 5549 5583 5746
f 5714 5713 5710
f 5710 5713 5711
f 5747 5468 5538
f 5538 5468 5467
f 5548 5547 5749
f 5749 5547 5750
f 5733 5603 5751
f 5751 5603 5684
f 5589 5602 5590
f 5590 5602 5584
f 5636 5752 5614
f 5614 5752 5615
f 5753 5754 5738
f 5738 5754 5755
f 5602 5601 5584
f 5584 5601 5536
f 5723 5736 5630
f 5630 5736 5640
f 5595 5640 5596
f 5596 5640 5736
f 5734 5499 5745
f 5745 5499 5529
f 5627 5587 5643
f 5643 5587 5586
f 5553 5559 5554
f 5554 5559 5480
f 5559 5561 5480
f 5480 5561 5572
f 5554 5480 5726
f 5726 5480 5479
f 5749 5750 5715
f 5715 5750 5712
f 5683 5612 5686
f 5686 5612 5457
f 5678 5682 5681
f 5681 5682 5667
f 5598 5509 5599
f 5599 5509 5730
f 5679 5621 5742
f 5742 5621 5620
f 5652 5616 5653
f 5653 5616 5615
f 5220 5426 5052
f 5052 5426 5437
f 5487 5488 5550
f 5550 5488 5549
f 5742 5620 5490
f 5490 5620 5491
f 5551 5610 5563
f 5563 5610 5567
f 5610 5397 5567
f 5567 5397 5748
f 5614 5617 5753
f 5753 5617 5754
f 5480 5572 5481
f 5755 5756 5738
f 5738 5756 5709
f 5745 5744 5758
f 5758 5744 5757
f 5745 5758 5734
f 5734 5758 5759
f 5735 5734 5760
f 5760 5734 5759
f 5707 5735 5761
f 5761 5735 5760
f 5744 5677 5757
f 5757 5677 5762
f 5677 5680 5762
f 5762 5680 5763
f 5763 5680 5764
f 5764 5680 5743
f 5765 5766 5762
f 5762 5766 5757
f 5768 5769 5767
f 5767 5769 5770
f 5771 5772 5770
f 5770 5772 5767
f 5770 5769 5774
f 5774 5769 5773
f 5775 5776 5774
f 5774 5776 5777
f 5773 5778 5774
f 5774 5778 5775
f 5779 5766 5773
f 5773 5766 5778
f 5777 5771 5774
f 5774 5771 5770
f 5780 5781 5783
f 5783 5781 5782
f 5781 5780 5771
f 5771 5780 5772
f 5773 5769 5779
f 5779 5769 5768
f 5768 5759 5779
f 5779 5759 5758
f 5768 5784 5759
f 5759 5784 5760
f 5767 5785 5768
f 5768 5785 5784
f 5785 5767 5786
f 5786 5767 5772
f 5766 5779 5757
f 5757 5779 5758
f 5780 5787 5772
f 5772 5787 5786
f 5785 5786 5788
f 5788 5786 5789
f 5786 5787 5789
f 5789 5787 5790
f 5788 5789 5791
f 5791 5789 5792
f 5791 5793 5788
f 5788 5793 5794
f 5795 5792 5790
f 5790 5792 5789
f 5785 5788 5784
f 5784 5788 5794
f 5784 5794 5760
f 5760 5794 5761
f 5787 5780 5796
f 5796 5780 5783
f 5775 5778 5797
f 5797 5778 5766
f 5797 5798 5775
f 5775 5798 5776
f 5766 5765 5797
f 5797 5765 5799
f 5798 5797 5800
f 5800 5797 5799
f 5798 5801 5776
f 5776 5801 5802
f 5707 5761 5694
f 5694 5761 5803
f 5695 5804 5743
f 5743 5804 5764
f 5804 5695 5803
f 5803 5695 5694
f 5803 5793 5804
f 5804 5793 5805
f 5793 5791 5805
f 5805 5791 5806
f 5804 5805 5764
f 5764 5805 5807
f 5803 5761 5793
f 5793 5761 5794
f 5808 5763 5807
f 5807 5763 5764
f 5808 5765 5763
f 5763 5765 5762
f 5809 5799 5808
f 5808 5799 5765
f 5809 5808 5810
f 5810 5808 5807
f 5811 5809 5812
f 5812 5809 5810
f 5805 5806 5807
f 5807 5806 5810
f 5806 5813 5810
f 5810 5813 5812
f 5799 5809 5800
f 5800 5809 5811
f 5815 5800 5814
f 5814 5800 5811
f 5814 5817 5816
f 5816 5817 5818
f 5814 5811 5817
f 5817 5811 5812
f 5814 5816 5815
f 5815 5816 5796
f 5815 5796 5801
f 5801 5796 5783
f 5801 5798 5815
f 5815 5798 5800
f 5791 5792 5806
f 5806 5792 5813
f 5818 5813 5795
f 5795 5813 5792
f 5818 5817 5813
f 5813 5817 5812
f 5816 5818 5790
f 5790 5818 5795
f 5790 5787 5816
f 5816 5787 5796
f 5771 5777 5781
f 5781 5777 5782
f 5782 5802 5783
f 5783 5802 5801
f 5782 5777 5802
f 5802 5777 5776
f 5588 5587 5722
f 5722 5587 5720
f 5591 5619 5592
f 5592 5619 5618
f 5625 5624 5648
f 5648 5624 5649
f 5624 5627 5649
f 5649 5627 5643
f 5631 5630 5725
f 5725 5630 5640
f 5625 5648 5591
f 5591 5648 5619
f 5588 5722 5723
f 5723 5722 5736
f 5631 5725 5592
f 5592 5725 5589
f 5723 5630 5666
f 5666 5630 5629
f 5587 5627 5720
f 5720 5627 5626
f 5820 5821 5819
f 5819 5821 5822
f 5824 5825 5823
f 5823 5825 5826
f 5823 5826 5827
f 5827 5826 5828
f 5829 5830 5832
f 5832 5830 5831
f 5518 5833 5708
f 5708 5833 5834
f 5835 5836 5824
f 5824 5836 5825
f 5838 5839 5837
f 5837 5839 5840
f 5751 5684 5842
f 5842 5684 5841
f 5843 5841 5724
f 5724 5841 5684
f 5845 5846 5844
f 5844 5846 5847
f 5848 5830 5836
f 5836 5830 5825
f 5518 5751 5833
f 5833 5751 5842
f 5839 5838 5821
f 5821 5838 5849
f 5850 5848 5822
f 5822 5848 5836
f 5851 5845 5828
f 5828 5845 5852
f 5854 5855 5853
f 5853 5855 5856
f 5845 5844 5852
f 5852 5844 5857
f 5858 5827 5852
f 5852 5827 5828
f 5851 5828 5829
f 5829 5828 5826
f 5819 5859 5820
f 5820 5859 5860
f 5835 5861 5819
f 5819 5861 5859
f 5851 5829 5862
f 5862 5829 5832
f 5844 5847 5837
f 5837 5847 5834
f 5819 5822 5835
f 5835 5822 5836
f 5823 5863 5824
f 5824 5863 5864
f 5849 5850 5821
f 5821 5850 5822
f 5825 5830 5826
f 5826 5830 5829
f 5820 5860 5865
f 5865 5860 5866
f 5858 5854 5867
f 5867 5854 5853
f 5854 5857 5855
f 5855 5857 5840
f 5855 5865 5856
f 5856 5865 5866
f 5837 5840 5844
f 5844 5840 5857
f 5827 5858 5868
f 5868 5858 5867
f 5824 5864 5835
f 5835 5864 5861
f 5732 5731 5862
f 5862 5731 5846
f 5863 5823 5868
f 5868 5823 5827
f 5843 5831 5848
f 5848 5831 5830
f 5854 5858 5857
f 5857 5858 5852
f 5855 5840 5865
f 5865 5840 5839
f 5865 5839 5820
f 5820 5839 5821
f 5868 5867 5870
f 5870 5867 5869
f 5868 5870 5863
f 5863 5870 5871
f 5863 5871 5864
f 5864 5871 5872
f 5864 5872 5861
f 5861 5872 5873
f 5867 5853 5869
f 5869 5853 5874
f 5853 5856 5874
f 5874 5856 5875
f 5856 5866 5875
f 5875 5866 5876
f 5877 5878 5874
f 5874 5878 5869
f 5880 5881 5879
f 5879 5881 5882
f 5883 5884 5880
f 5880 5884 5881
f 5881 5884 5886
f 5886 5884 5885
f 5887 5888 5886
f 5886 5888 5889
f 5885 5890 5886
f 5886 5890 5887
f 5889 5882 5886
f 5886 5882 5881
f 5882 5891 5879
f 5879 5891 5892
f 5885 5884 5893
f 5893 5884 5883
f 5883 5871 5893
f 5893 5871 5870
f 5883 5894 5871
f 5871 5894 5872
f 5880 5895 5883
f 5883 5895 5894
f 5896 5895 5879
f 5879 5895 5880
f 5893 5878 5885
f 5885 5878 5890
f 5878 5893 5869
f 5869 5893 5870
f 5897 5896 5892
f 5892 5896 5879
f 5895 5896 5898
f 5898 5896 5899
f 5896 5897 5899
f 5899 5897 5900
f 5898 5899 5901
f 5901 5899 5902
f 5901 5903 5898
f 5898 5903 5904
f 5900 5905 5899
f 5899 5905 5902
f 5898 5904 5895
f 5895 5904 5894
f 5894 5904 5872
f 5872 5904 5873
f 5897 5892 5907
f 5907 5892 5906
f 5892 5891 5906
f 5906 5891 5908
f 5887 5890 5909
f 5909 5890 5878
f 5888 5887 5910
f 5910 5887 5909
f 5878 5877 5909
f 5909 5877 5911
f 5909 5911 5910
f 5910 5911 5912
f 5913 5914 5910
f 5910 5914 5888
f 5908 5914 5906
f 5906 5914 5913
f 5861 5873 5859
f 5859 5873 5915
f 5860 5916 5866
f 5866 5916 5876
f 5916 5860 5915
f 5915 5860 5859
f 5915 5903 5916
f 5916 5903 5917
f 5903 5901 5917
f 5917 5901 5918
f 5916 5917 5876
f 5876 5917 5919
f 5903 5915 5904
f 5904 5915 5873
f 5920 5875 5919
f 5919 5875 5876
f 5920 5877 5875
f 5875 5877 5874
f 5920 5921 5877
f 5877 5921 5911
f 5921 5920 5922
f 5922 5920 5919
f 5923 5921 5924
f 5924 5921 5922
f 5917 5918 5919
f 5919 5918 5922
f 5918 5925 5922
f 5922 5925 5924
f 5921 5923 5911
f 5911 5923 5912
f 5927 5912 5926
f 5926 5912 5923
f 5926 5929 5928
f 5928 5929 5930
f 5926 5923 5929
f 5929 5923 5924
f 5926 5928 5927
f 5927 5928 5907
f 5927 5907 5913
f 5913 5907 5906
f 5913 5910 5927
f 5927 5910 5912
f 5901 5902 5918
f 5918 5902 5925
f 5930 5925 5905
f 5905 5925 5902
f 5930 5929 5925
f 5925 5929 5924
f 5928 5930 5900
f 5900 5930 5905
f 5900 5897 5928
f 5928 5897 5907
f 5882 5889 5891
f 5891 5889 5908
f 5908 5889 5914
f 5914 5889 5888
f 5832 5831 5641
f 5641 5831 5639
f 5833 5838 5834
f 5834 5838 5837
f 5842 5841 5849
f 5849 5841 5850
f 5841 5843 5850
f 5850 5843 5848
f 5847 5846 5739
f 5739 5846 5731
f 5842 5849 5833
f 5833 5849 5838
f 5862 5832 5732
f 5732 5832 5641
f 5847 5739 5834
f 5834 5739 5708
f 5862 5846 5851
f 5851 5846 5845
f 5831 5843 5639
f 5639 5843 5724
f 5676 5732 5595
f 5595 5732 5641
f 5676 5461 5660
f 5660 5461 5464
f 5461 5460 5464
f 5464 5460 5465
f 5460 5674 5465
f 5465 5674 5661
f 5931 5932 5934
f 5934 5932 5933
f 5936 5937 5935
f 5935 5937 5938
f 5935 5938 5939
f 5939 5938 5940
f 5942 5943 5941
f 5941 5943 5944
f 5945 5946 5936
f 5936 5946 5937
f 5948 5949 5947
f 5947 5949 5950
f 5951 5952 5519
f 5519 5952 5593
f 5953 5951 5709
f 5709 5951 5519
f 5955 5956 5954
f 5954 5956 5957
f 5958 5942 5946
f 5946 5942 5937
f 5948 5959 5949
f 5949 5959 5933
f 5960 5958 5934
f 5934 5958 5946
f 5961 5955 5940
f 5940 5955 5962
f 5963 5964 5966
f 5966 5964 5965
f 5955 5954 5962
f 5962 5954 5967
f 5968 5939 5962
f 5962 5939 5940
f 5961 5940 5941
f 5941 5940 5938
f 5931 5969 5932
f 5932 5969 5970
f 5945 5971 5931
f 5931 5971 5969
f 5941 5944 5961
f 5961 5944 5972
f 5954 5957 5947
f 5947 5957 5973
f 5945 5931 5946
f 5946 5931 5934
f 5935 5974 5936
f 5936 5974 5975
f 5959 5960 5933
f 5933 5960 5934
f 5937 5942 5938
f 5938 5942 5941
f 5932 5970 5976
f 5976 5970 5977
f 5968 5964 5978
f 5978 5964 5963
f 5965 5964 5950
f 5950 5964 5967
f 5976 5977 5965
f 5965 5977 5966
f 5947 5950 5954
f 5954 5950 5967
f 5939 5968 5979
f 5979 5968 5978
f 5936 5975 5945
f 5945 5975 5971
f 5972 5754 5956
f 5956 5754 5617
f 5974 5935 5979
f 5979 5935 5939
f 5953 5943 5958
f 5958 5943 5942
f 5964 5968 5967
f 5967 5968 5962
f 5965 5950 5976
f 5976 5950 5949
f 5976 5949 5932
f 5932 5949 5933
f 5979 5978 5981
f 5981 5978 5980
f 5979 5981 5974
f 5974 5981 5982
f 5974 5982 5975
f 5975 5982 5983
f 5975 5983 5971
f 5971 5983 5984
f 5978 5963 5980
f 5980 5963 5985
f 5963 5966 5985
f 5985 5966 5986
f 5986 5966 5987
f 5987 5966 5977
f 5988 5989 5985
f 5985 5989 5980
f 5991 5992 5990
f 5990 5992 5993
f 5994 5995 5991
f 5991 5995 5992
f 5992 5995 5997
f 5997 5995 5996
f 5998 5999 5997
f 5997 5999 6000
f 5996 6001 5997
f 5997 6001 5998
f 6000 5993 5997
f 5997 5993 5992
f 6002 6003 5993
f 5993 6003 5990
f 5995 5994 5996
f 5996 5994 6004
f 5994 5982 6004
f 6004 5982 5981
f 5994 6005 5982
f 5982 6005 5983
f 5991 6006 5994
f 5994 6006 6005
f 6006 5991 6007
f 6007 5991 5990
f 5996 6004 6001
f 6001 6004 5989
f 5989 6004 5980
f 5980 6004 5981
f 6003 6008 5990
f 5990 6008 6007
f 6009 6006 6010
f 6010 6006 6007
f 6008 6011 6007
f 6007 6011 6010
f 6012 6009 6013
f 6013 6009 6010
f 6009 6012 6015
f 6015 6012 6014
f 6011 6016 6010
f 6010 6016 6013
f 6006 6009 6005
f 6005 6009 6015
f 6005 6015 5983
f 5983 6015 5984
f 6008 6003 6018
f 6018 6003 6017
f 6003 6002 6017
f 6017 6002 6019
f 5998 6001 6020
f 6020 6001 5989
f 5999 5998 6021
f 6021 5998 6020
f 5989 5988 6020
f 6020 5988 6022
f 6021 6020 6023
f 6023 6020 6022
f 6021 6024 5999
f 5999 6024 6025
f 6019 6025 6017
f 6017 6025 6024
f 5971 5984 5969
f 5969 5984 6026
f 5970 6027 5977
f 5977 6027 5987
f 6027 5970 6026
f 6026 5970 5969
f 6026 6014 6027
f 6027 6014 6028
f 6014 6012 6028
f 6028 6012 6029
f 6027 6028 5987
f 5987 6028 6030
f 6026 5984 6014
f 6014 5984 6015
f 6031 5986 6030
f 6030 5986 5987
f 6031 5988 5986
f 5986 5988 5985
f 6032 6022 6031
f 6031 6022 5988
f 6032 6031 6033
f 6033 6031 6030
f 6034 6032 6035
f 6035 6032 6033
f 6028 6029 6030
f 6030 6029 6033
f 6029 6036 6033
f 6033 6036 6035
f 6032 6034 6022
f 6022 6034 6023
f 6038 6023 6037
f 6037 6023 6034
f 6037 6040 6039
f 6039 6040 6041
f 6037 6034 6040
f 6040 6034 6035
f 6037 6039 6038
f 6038 6039 6018
f 6038 6018 6024
f 6024 6018 6017
f 6024 6021 6038
f 6038 6021 6023
f 6012 6013 6029
f 6029 6013 6036
f 6041 6036 6016
f 6016 6036 6013
f 6041 6040 6036
f 6036 6040 6035
f 6041 6016 6039
f 6039 6016 6011
f 6011 6008 6039
f 6039 6008 6018
f 5993 6000 6002
f 6002 6000 6019
f 6019 6000 6025
f 6025 6000 5999
f 5943 5756 5944
f 5944 5756 5755
f 6042 5948 5973
f 5973 5948 5947
f 5952 5951 5959
f 5959 5951 5960
f 5951 5953 5960
f 5960 5953 5958
f 5616 5957 5617
f 5617 5957 5956
f 6042 5952 5948
f 5948 5952 5959
f 5944 5755 5972
f 5972 5755 5754
f 5957 5616 5973
f 5973 5616 5652
f 5956 5955 5972
f 5972 5955 5961
f 5943 5953 5756
f 5756 5953 5709
f 6044 6045 6043
f 6043 6045 6046
f 6048 6049 6047
f 6047 6049 6050
f 6047 6050 6051
f 6051 6050 6052
f 6054 6055 6053
f 6053 6055 6056
f 6057 6058 6060
f 6060 6058 6059
f 6061 6062 6048
f 6048 6062 6049
f 6063 6064 6066
f 6066 6064 6065
f 6067 6068 6070
f 6070 6068 6069
f 6071 6069 5653
f 5653 6069 6068
f 6072 6073 6075
f 6075 6073 6074
f 6062 6076 6049
f 6049 6076 6054
f 6058 6067 6059
f 6059 6067 6070
f 6064 6077 6065
f 6065 6077 6045
f 6078 6076 6046
f 6046 6076 6062
f 6073 6080 6079
f 6079 6080 6052
f 6082 6083 6081
f 6081 6083 6084
f 6072 6085 6073
f 6073 6085 6080
f 6086 6051 6080
f 6080 6051 6052
f 6079 6052 6053
f 6053 6052 6050
f 6043 6087 6044
f 6044 6087 6088
f 6061 6089 6043
f 6043 6089 6087
f 6053 6056 6079
f 6079 6056 6090
f 6063 6072 6060
f 6060 6072 6075
f 6043 6046 6061
f 6061 6046 6062
f 6047 6091 6048
f 6048 6091 6092
f 6077 6078 6045
f 6045 6078 6046
f 6049 6054 6050
f 6050 6054 6053
f 6044 6088 6093
f 6093 6088 6094
f 6086 6082 6095
f 6095 6082 6081
f 6083 6082 6066
f 6066 6082 6085
f 6093 6094 6083
f 6083 6094 6084
f 6072 6063 6085
f 6085 6063 6066
f 6051 6086 6096
f 6096 6086 6095
f 6048 6092 6061
f 6061 6092 6089
f 5656 5655 6090
f 6090 5655 6074
f 6091 6047 6096
f 6096 6047 6051
f 6071 6055 6076
f 6076 6055 6054
f 6082 6086 6085
f 6085 6086 6080
f 6093 6083 6065
f 6065 6083 6066
f 6044 6093 6045
f 6045 6093 6065
f 6096 6095 6098
f 6098 6095 6097
f 6096 6098 6091
f 6091 6098 6099
f 6091 6099 6092
f 6092 6099 6100
f 6092 6100 6089
f 6089 6100 6101
f 6095 6081 6097
f 6097 6081 6102
f 6081 6084 6102
f 6102 6084 6103
f 6103 6084 6104
f 6104 6084 6094
f 6106 6097 6105
f 6105 6097 6102
f 6107 6108 6110
f 6110 6108 6109
f 6111 6112 6108
f 6108 6112 6109
f 6109 6112 6114
f 6114 6112 6113
f 6114 6115 6117
f 6117 6115 6116
f 6113 6118 6114
f 6114 6118 6115
f 6117 6110 6114
f 6114 6110 6109
f 6110 6119 6107
f 6107 6119 6120
f 6112 6111 6113
f 6113 6111 6121
f 6111 6099 6121
f 6121 6099 6098
f 6111 6122 6099
f 6099 6122 6100
f 6123 6122 6108
f 6108 6122 6111
f 6124 6123 6107
f 6107 6123 6108
f 6113 6121 6118
f 6118 6121 6106
f 6106 6121 6097
f 6097 6121 6098
f 6125 6124 6120
f 6120 6124 6107
f 6126 6123 6127
f 6127 6123 6124
f 6125 6128 6124
f 6124 6128 6127
f 6129 6126 6130
f 6130 6126 6127
f 6126 6129 6132
f 6132 6129 6131
f 6128 6133 6127
f 6127 6133 6130
f 6123 6126 6122
f 6122 6126 6132
f 6122 6132 6100
f 6100 6132 6101
f 6120 6134 6125
f 6125 6134 6135
f 6120 6119 6134
f 6134 6119 6136
f 6115 6118 6137
f 6137 6118 6106
f 6115 6137 6116
f 6116 6137 6138
f 6137 6106 6139
f 6139 6106 6105
f 6138 6137 6140
f 6140 6137 6139
f 6141 6142 6138
f 6138 6142 6116
f 6136 6142 6134
f 6134 6142 6141
f 6089 6101 6087
f 6087 6101 6143
f 6088 6144 6094
f 6094 6144 6104
f 6143 6144 6087
f 6087 6144 6088
f 6131 6145 6143
f 6143 6145 6144
f 6129 6146 6131
f 6131 6146 6145
f 6144 6145 6104
f 6104 6145 6147
f 6143 6101 6131
f 6131 6101 6132
f 6148 6103 6147
f 6147 6103 6104
f 6103 6148 6102
f 6102 6148 6105
f 6148 6149 6105
f 6105 6149 6139
f 6149 6148 6150
f 6150 6148 6147
f 6151 6149 6152
f 6152 6149 6150
f 6145 6146 6147
f 6147 6146 6150
f 6146 6153 6150
f 6150 6153 6152
f 6149 6151 6139
f 6139 6151 6140
f 6155 6140 6154
f 6154 6140 6151
f 6154 6157 6156
f 6156 6157 6158
f 6154 6151 6157
f 6157 6151 6152
f 6154 6156 6155
f 6155 6156 6135
f 6155 6135 6141
f 6141 6135 6134
f 6141 6138 6155
f 6155 6138 6140
f 6146 6129 6153
f 6153 6129 6130
f 6158 6153 6133
f 6133 6153 6130
f 6158 6157 6153
f 6153 6157 6152
f 6156 6158 6128
f 6128 6158 6133
f 6128 6125 6156
f 6156 6125 6135
f 6110 6117 6119
f 6119 6117 6136
f 6136 6117 6142
f 6142 6117 6116
f 6055 5615 6056
f 6056 5615 5752
f 6060 6059 6063
f 6063 6059 6064
f 6077 6070 6078
f 6078 6070 6069
f 6069 6071 6078
f 6078 6071 6076
f 6159 6057 6075
f 6075 6057 6060
f 6059 6070 6064
f 6064 6070 6077
f 6056 5752 6090
f 6090 5752 5656
f 6090 6074 6079
f 6079 6074 6073
f 6055 6071 5615
f 5615 6071 5653
f 5547 5471 6160
f 6160 5471 6161
f 5729 5577 6163
f 6163 5577 6162
f 5577 5576 6162
f 6162 5576 6164
f 5713 6165 5711
f 5711 6165 6166
f 5474 5729 6167
f 6167 5729 6163
f 5750 5547 6168
f 6168 5547 6160
f 5471 5474 6161
f 6161 5474 6167
f 6169 5712 6168
f 6168 5712 5750
f 5711 6166 5576
f 5576 6166 6164
f 6165 5713 6169
f 6169 5713 5712
f 6168 6170 6169
f 6169 6170 6171
f 6169 6171 6165
f 6165 6171 6172
f 6165 6172 6166
f 6166 6172 6173
f 6166 6173 6164
f 6164 6173 6174
f 6168 6160 6170
f 6170 6160 6175
f 6160 6161 6175
f 6175 6161 6176
f 6161 6167 6176
f 6176 6167 6177
f 6179 6170 6178
f 6178 6170 6175
f 6181 6182 6180
f 6180 6182 6183
f 6184 6185 6181
f 6181 6185 6182
f 6186 6187 6185
f 6185 6187 6182
f 6186 6188 6187
f 6187 6188 6189
f 6190 6183 6187
f 6187 6183 6182
f 6183 6190 6191
f 6191 6190 6192
f 6191 6193 6183
f 6183 6193 6180
f 6186 6185 6194
f 6194 6185 6184
f 6184 6172 6194
f 6194 6172 6171
f 6184 6195 6172
f 6172 6195 6173
f 6181 6196 6184
f 6184 6196 6195
f 6196 6181 6197
f 6197 6181 6180
f 6186 6194 6188
f 6188 6194 6179
f 6179 6194 6170
f 6170 6194 6171
f 6193 6198 6180
f 6180 6198 6197
f 6199 6196 6200
f 6200 6196 6197
f 6198 6201 6197
f 6197 6201 6200
f 6202 6199 6203
f 6203 6199 6200
f 6199 6202 6205
f 6205 6202 6204
f 6201 6206 6200
f 6200 6206 6203
f 6196 6199 6195
f 6195 6199 6205
f 6195 6205 6173
f 6173 6205 6174
f 6198 6193 6208
f 6208 6193 6207
f 6193 6191 6207
f 6207 6191 6192
f 6189 6188 6209
f 6209 6188 6179
f 6210 6189 6211
f 6211 6189 6209
f 6209 6179 6212
f 6212 6179 6178
f 6211 6209 6213
f 6213 6209 6212
f 6211 6214 6210
f 6210 6214 6215
f 6192 6215 6207
f 6207 6215 6214
f 6190 6187 6210
f 6210 6187 6189
f 6192 6190 6215
f 6215 6190 6210
f 6162 6164 6216
f 6216 6164 6174
f 6167 6163 6177
f 6177 6163 6217
f 6216 6217 6162
f 6162 6217 6163
f 6204 6218 6216
f 6216 6218 6217
f 6202 6219 6204
f 6204 6219 6218
f 6217 6218 6177
f 6177 6218 6220
f 6216 6174 6204
f 6204 6174 6205
f 6221 6176 6220
f 6220 6176 6177
f 6176 6221 6175
f 6175 6221 6178
f 6221 6222 6178
f 6178 6222 6212
f 6222 6221 6223
f 6223 6221 6220
f 6224 6222 6225
f 6225 6222 6223
f 6218 6219 6220
f 6220 6219 6223
f 6219 6226 6223
f 6223 6226 6225
f 6222 6224 6212
f 6212 6224 6213
f 6228 6213 6227
f 6227 6213 6224
f 6229 6227 6231
f 6231 6227 6230
f 6227 6224 6230
f 6230 6224 6225
f 6227 6229 6228
f 6228 6229 6208
f 6228 6208 6214
f 6214 6208 6207
f 6214 6211 6228
f 6228 6211 6213
f 6219 6202 6226
f 6226 6202 6203
f 6231 6226 6206
f 6206 6226 6203
f 6231 6230 6226
f 6226 6230 6225
f 6229 6231 6201
f 6201 6231 6206
f 6201 6198 6229
f 6229 6198 6208
f 5674 5672 5661
f 5661 5672 5662
f 5662 5672 5663
f 5663 5672 5646
f 5651 6042 5652
f 5652 6042 5973
f 5518 5517 5751
f 5751 5517 5733
f 5738 5660 5753
f 5753 5660 5637
f 5752 5636 5656
f 5656 5636 5526
f 5952 6042 5593
f 5593 6042 5651
f 5593 5651 5594
f 5594 5651 5650
f 5600 5737 5514
f 5514 5737 5515
f 5546 5545 5740
f 5740 5545 6232
f 6232 6058 5740
f 5740 6058 6057
f 6067 6058 6233
f 6233 6058 6232
f 6233 6232 6234
f 6234 6232 5545
f 6234 5545 6235
f 6235 5545 5544
f 5606 6236 5543
f 5543 6236 5544
f 6235 5544 5539
f 5539 5544 6236
f 6237 6235 5542
f 5542 6235 5539
f 6235 6237 6234
f 6234 6237 6238
f 6234 6238 6233
f 6233 6238 6239
f 5653 6068 5650
f 5650 6068 6239
f 5642 5513 6240
f 6240 5513 5516
f 5539 6236 5540
f 5540 6236 5606
f 5636 5614 5637
f 5637 5614 5753
f 6239 5737 5650
f 5650 5737 5594
f 6239 6068 6233
f 6233 6068 6067
f 6075 6074 6159
f 6159 6074 5655
f 6057 6159 5740
f 5740 6159 5655
f 5515 5737 6238
f 6238 5737 6239
f 6238 6237 5515
f 5515 6237 5516
f 5542 6240 6237
f 6237 6240 5516
f 6240 5542 5642
f 5642 5542 5541
f 5702 5699 5541
f 5541 5699 5642
f 5582 5475 5717
f 5470 5443 5537
f 5537 5443 5504
f 5469 5444 5470
f 5470 5444 5443
f 5726 5557 5727
f 5727 5557 5556
f 5537 5504 5511
f 5511 5504 5506
f 5504 5503 5506
f 5506 5503 5507
f 5503 5455 5507
f 5507 5455 5581
f 5455 5454 5581
f 5581 5454 5456
f 5473 5453 5474
f 5474 5453 5729
f 5457 5454 5473
f 5473 5454 5453
f 5473 5472 5457
f 5457 5472 5686
f 5472 5548 5686
f 5686 5548 5687
f 5749 5693 5548
f 5548 5693 5687
f 5715 5532 5749
f 5749 5532 5693
f 5714 5486 5715
f 5715 5486 5532
f 5714 5710 5486
f 5486 5710 5449
f 5728 5578 5729
f 5729 5578 5577
f 5452 5445 5698
f 5698 5445 5558
f 5445 5444 5558
f 5558 5444 5556
f 5444 5469 5556
f 5556 5469 5727
f 5469 5468 5727
f 5727 5468 5555
f 5468 5747 5555
f 5555 5747 5552
f 5747 5700 5552
f 5552 5700 5716
f 5700 5699 5716
f 5716 5699 5717
f 5699 5702 5717
f 5717 5702 5582
f 5702 5701 5582
f 5582 5701 5583
f 5726 5479 5557
f 5557 5479 5483
f 5483 5479 5484
f 5484 5479 5482
f 5534 5533 5482
f 5482 5533 5484
f 5691 5688 5534
f 5534 5688 5533
f 5644 5647 5691
f 5691 5647 5688
f 5719 5746 5701
f 5701 5746 5583
f 5718 5497 5719
f 5719 5497 5746
f 5718 5605 5654
f 5654 5605 5638
f 5498 5654 5657
f 5657 5654 5633
f 5497 5718 5498
f 5498 5718 5654
f 5657 5527 5498
f 5498 5527 5494
f 5528 5570 5495
f 5495 5570 5521
f 5665 5668 5528
f 5528 5668 5570
f 5664 5671 5665
f 5665 5671 5668
f 5645 5741 5664
f 5664 5741 5671
f 5644 5696 5645
f 5645 5696 5741
f 5710 5575 5449
f 5449 5575 5450
f 5575 5578 5450
f 5450 5578 5698
f 5578 5728 5698
f 5698 5728 5452
f 5452 5728 5451
f 5451 5728 5453
f 3619 6241 3620
f 3620 6241 6242
f 6243 6244 3628
f 3628 6244 3629
f 6245 6246 3634
f 3634 6246 3631
f 6247 6248 3636
f 3636 6248 3637
f 6249 6250 3642
f 3642 6250 3639
f 3639 6250 3643
f 3643 6250 6251
f 3743 6252 3744
f 3744 6252 6253
f 6246 6243 3631
f 3631 6243 3628
f 3753 6254 3754
f 3754 6254 6255
f 3857 6256 3619
f 3619 6256 6241
f 6257 6245 3932
f 3932 6245 3634
f 6242 6247 3620
f 3620 6247 3636
f 6258 6259 3946
f 3946 6259 3947
f 6260 6249 3948
f 3948 6249 3642
f 6244 6258 3629
f 3629 6258 3946
f 3947 6259 3753
f 3753 6259 6254
f 6248 6260 3637
f 3637 6260 3948
f 3643 6251 3743
f 3743 6251 6252
f 3744 6253 3932
f 3932 6253 6257
f 6250 6249 6251
f 6251 6249 6252
f 6245 6261 6246
f 6246 6261 6262
f 6263 6264 6247
f 6247 6264 6248
f 6252 6265 6253
f 6253 6265 6266
f 6246 6262 6243
f 6243 6262 6267
f 6268 6261 6257
f 6257 6261 6245
f 6269 6263 6242
f 6242 6263 6247
f 6270 6271 6260
f 6260 6271 6249
f 6264 6270 6248
f 6248 6270 6260
f 6253 6266 6257
f 6257 6266 6268
f 6249 6271 6252
f 6252 6271 6265
f 6254 6259 6272
f 6272 6259 6273
f 6266 6265 6270
f 6270 6265 6271
f 6268 6266 6264
f 6264 6266 6270
f 6261 6268 6263
f 6263 6268 6264
f 6269 6262 6263
f 6263 6262 6261
f 4186 4185 6274
f 6274 4185 6275
f 6241 6276 6242
f 6242 6276 6269
f 6258 6244 6277
f 6277 6244 6278
f 6256 6279 6241
f 6241 6279 6276
f 6259 6258 6273
f 6273 6258 6277
f 6243 6267 6244
f 6244 6267 6278
f 6276 6267 6269
f 6269 6267 6262
f 6254 6272 6255
f 6255 6272 6280
f 3865 3713 3888
f 3888 3713 3685
f 5242 5233 3892
f 3892 5233 3711
f 3900 5243 3892
f 3892 5243 5242
f 3734 3866 3900
f 3900 3866 5243
f 4117 6281 4118
f 4118 6281 6282
f 4118 6282 4278
f 4278 6282 4879
f 4717 4887 4718
f 4718 4887 4280
f 4792 4278 4882
f 4882 4278 4879
f 4795 4792 6283
f 6283 4792 4882
f 4852 4851 5012
f 5012 4851 6284
f 4856 5207 4857
f 4857 5207 4858
f 4860 4279 4857
f 4857 4279 4854
f 4718 4280 4860
f 4860 4280 4279
f 4864 4863 4745
f 4745 4863 4742
f 5366 4867 5011
f 5011 4867 4866
f 4871 4884 4872
f 4872 4884 4883
f 4872 4883 4117
f 4117 4883 6281
f 6284 4851 6283
f 6283 4851 4795
f 4852 4866 4853
f 4853 4866 4865
f 4871 4870 4856
f 4856 4870 5207
f 4717 4716 4864
f 4864 4716 4861
f 4868 4867 4862
f 4862 4867 4863
f 4268 4855 4269
f 4269 4855 4854
f 4281 4274 4282
f 4282 4274 4765
f 4744 4743 4907
f 4907 4743 4904
f 4874 4881 4820
f 4820 4881 4880
f 4885 5013 4886
f 4886 5013 4980
f 4888 4275 4281
f 4281 4275 4274
f 4902 6282 4903
f 4903 6282 6281
f 6283 4979 6284
f 6284 4979 4978
f 4282 4765 4269
f 4269 4765 4266
f 4880 4879 4902
f 4902 4879 6282
f 4903 6281 4886
f 4886 6281 4883
f 4882 4881 6283
f 6283 4881 4979
f 5013 4885 4267
f 4267 4885 4268
f 4888 4887 4744
f 4744 4887 4745
f 4410 6285 4411
f 4411 6285 4812
f 4750 4749 6286
f 6286 4749 6287
f 6289 4695 6288
f 6288 4695 4255
f 4750 4675 4751
f 4751 4675 4965
f 6290 6291 4963
f 4963 6291 4960
f 4807 4806 4411
f 4411 4806 4408
f 6292 6293 4959
f 4959 6293 4956
f 4958 6294 4959
f 4959 6294 4955
f 4962 4964 4963
f 4963 4964 4805
f 4962 4961 4751
f 4751 4961 4748
f 6296 6297 6295
f 6295 6297 6298
f 6299 6300 6288
f 6288 6300 4735
f 6302 4961 6301
f 6301 4961 4960
f 6304 6287 6303
f 6303 6287 4749
f 4968 6305 4969
f 4969 6305 6306
f 4413 6308 6307
f 6307 6308 4900
f 6301 4960 6309
f 6309 4960 6291
f 4412 4408 6310
f 6310 4408 4806
f 4696 6311 4256
f 4256 6311 6312
f 6303 4749 6313
f 6313 4749 4748
f 6313 4748 6302
f 6302 4748 4961
f 6315 6316 6314
f 6314 6316 6317
f 4084 6318 6315
f 6315 6318 6316
f 4083 6319 4084
f 4084 6319 6318
f 4112 6320 4083
f 4083 6320 6319
f 6322 4138 6321
f 6321 4138 4137
f 6324 4128 6323
f 6323 4128 4127
f 4127 4193 6323
f 6323 4193 6325
f 4193 4891 6325
f 6325 4891 6326
f 4891 6327 6326
f 6326 6327 6328
f 6327 4824 5227
f 5227 4824 5228
f 5231 4684 6329
f 6329 4684 4683
f 4683 4099 6329
f 6329 4099 6330
f 4099 4102 6330
f 6330 4102 6331
f 4174 4826 4429
f 4429 4826 4829
f 4173 4741 4174
f 4174 4741 4826
f 4180 4738 4173
f 4173 4738 4741
f 6332 6333 4180
f 4180 6333 4738
f 6274 6334 4186
f 4186 6334 4188
f 4181 4825 4180
f 4180 4825 6332
f 5044 5213 5045
f 5045 5213 5165
f 5046 5087 5047
f 5047 5087 5222
f 5077 5063 5078
f 5078 5063 5198
f 5081 5099 5082
f 5082 5099 5194
f 5095 5074 5096
f 5096 5074 5073
f 5373 5170 5096
f 5096 5170 5093
f 5375 5171 5373
f 5373 5171 5170
f 5047 5222 5375
f 5375 5222 5171
f 5046 5038 5376
f 5376 5038 5067
f 5377 5086 5376
f 5376 5086 5085
f 5045 5165 5377
f 5377 5165 5086
f 5378 5214 5044
f 5044 5214 5213
f 5077 5034 5378
f 5378 5034 5214
f 5082 5194 5078
f 5078 5194 5035
f 5081 5080 5379
f 5379 5080 6335
f 5379 6335 5095
f 5095 6335 5074
f 5032 5080 5033
f 5033 5080 5079
f 5040 5017 5041
f 5041 5017 5016
f 5050 5043 5051
f 5051 5043 5042
f 5065 5023 5066
f 5066 5023 5022
f 5050 5049 5065
f 5065 5049 5023
f 5041 5016 5068
f 5068 5016 5020
f 5071 5374 5072
f 5072 5374 5200
f 5075 5156 5076
f 5076 5156 5155
f 5162 5212 5068
f 5068 5212 5067
f 5075 5074 5192
f 5192 5074 6335
f 5066 5022 5199
f 5199 5022 5196
f 5076 5155 5072
f 5072 5155 5069
f 5040 5039 5071
f 5071 5039 5374
f 5162 5161 5051
f 5051 5161 5048
f 5192 6335 5032
f 5032 6335 5080
f 5199 5196 5033
f 5033 5196 5030
f 5018 5211 5019
f 5019 5211 5408
f 5019 5408 5021
f 5021 5408 5163
f 5024 5057 5025
f 5025 5057 5415
f 5028 5048 5029
f 5029 5048 5161
f 5054 5031 5055
f 5055 5031 5030
f 5024 5023 5058
f 5058 5023 5049
f 5061 5070 5062
f 5062 5070 5069
f 5157 5438 5158
f 5158 5438 5442
f 5160 5191 5054
f 5054 5191 5031
f 5029 5161 5021
f 5021 5161 5020
f 5025 5415 5197
f 5197 5415 5220
f 5158 5442 5062
f 5062 5442 5059
f 5018 5017 5061
f 5061 5017 5070
f 5160 5159 5157
f 5157 5159 5438
f 5028 5027 5058
f 5058 5027 5056
f 5055 5030 5197
f 5197 5030 5196
f 5409 5380 5410
f 5410 5380 6336
f 5026 5413 5027
f 5027 5413 5412
f 5396 5417 5393
f 5393 5417 5416
f 5416 5057 5419
f 5419 5057 5056
f 5417 5396 5426
f 5426 5396 5420
f 5427 5423 5428
f 5428 5423 5422
f 5427 5059 5430
f 5430 5059 5442
f 5409 5408 5433
f 5433 5408 5211
f 5433 5211 5428
f 5428 5211 5060
f 5412 5411 5419
f 5419 5411 5418
f 5436 5053 5437
f 5437 5053 5052
f 5439 5402 5440
f 5440 5402 5401
f 5436 5435 5439
f 5439 5435 5402
f 5410 6336 5413
f 5413 6336 5414
f 5440 5401 5430
f 5430 5401 5429
f 5426 5420 5437
f 5437 5420 5434
f 5382 5432 5383
f 5383 5432 5384
f 5386 6336 5383
f 5383 6336 5380
f 6336 5386 5414
f 5414 5386 5388
f 5391 5418 5392
f 5392 5418 5411
f 5705 5395 5704
f 5704 5395 5394
f 5399 5435 5400
f 5400 5435 5434
f 5403 5441 5404
f 5404 5441 5405
f 5407 5429 5404
f 5404 5429 5401
f 5395 5705 5421
f 5421 5705 5748
f 5424 5706 5425
f 5425 5706 5431
f 5391 5390 5394
f 5394 5390 5704
f 5392 5388 5389
f 5389 5388 5387
f 5382 5381 5425
f 5425 5381 5422
f 5407 5406 5424
f 5424 5406 5706
f 5403 5402 5399
f 5399 5402 5435
f 5421 5748 5400
f 5400 5748 5397
f 4097 4721 4098
f 4098 4721 4231
f 4233 5273 4098
f 4098 5273 4095
f 6337 6338 4785
f 4785 6338 4786
f 4076 4780 4073
f 4073 4780 4781
f 4782 4190 4781
f 4781 4190 4073
f 4783 4901 4782
f 4782 4901 4190
f 4780 4076 4097
f 4097 4076 4721
f 6337 2879 4701
f 4701 2879 2878
f 5280 6339 5272
f 5272 6339 6340
f 5282 5281 6341
f 6341 5281 6342
f 4109 6302 4110
f 4110 6302 6301
f 4283 6304 4284
f 4284 6304 6303
f 6305 4379 6306
f 6306 4379 4378
f 4110 6301 4428
f 4428 6301 6309
f 6310 4688 4412
f 4412 4688 4687
f 4284 6303 4753
f 4753 6303 6313
f 4753 6313 4109
f 4109 6313 6302
f 6343 5226 4428
f 4428 5226 4427
f 4147 4900 4416
f 4416 4900 6308
f 6312 6311 4241
f 4241 6311 4720
f 5223 6344 4702
f 4702 6344 4699
f 4221 4220 6345
f 6345 4220 6346
f 5276 5275 6347
f 6347 5275 6348
f 5275 4728 6348
f 6348 4728 6349
f 4727 6350 5284
f 5284 6350 5285
f 6351 6352 6354
f 6354 6352 6353
f 5313 5312 5292
f 5292 5312 5293
f 5312 5344 5293
f 5293 5344 5337
f 5344 4914 5337
f 5337 4914 4916
f 4914 4913 4916
f 4916 4913 4917
f 4913 6355 4917
f 4917 6355 4978
f 6356 6357 6284
f 6284 6357 5012
f 6357 6358 5012
f 5012 6358 5011
f 5011 6358 5366
f 5366 6358 6359
f 6360 4742 6359
f 6359 4742 5366
f 4743 6361 4904
f 4904 6361 5364
f 5363 4905 5364
f 5364 4905 4904
f 5363 6362 4905
f 4905 6362 4207
f 6362 6363 4207
f 4207 6363 4208
f 6363 5342 4208
f 4208 5342 5330
f 5342 5341 5330
f 5330 5341 4244
f 5341 6364 4244
f 4244 6364 4245
f 6364 6365 4245
f 4245 6365 4246
f 6366 6367 4253
f 4253 6367 4250
f 4214 6368 4211
f 4211 6368 4380
f 4380 4379 4211
f 4211 4379 4283
f 4379 6305 4283
f 4283 6305 6304
f 6305 4968 6304
f 6304 4968 6287
f 4968 4967 6287
f 6287 4967 6286
f 4967 6297 6286
f 6286 6297 4676
f 6296 4376 4288
f 4288 4376 4285
f 4376 4373 4285
f 4285 4373 4290
f 6369 6370 6372
f 6372 6370 6371
f 5245 6373 5246
f 5246 6373 6374
f 4317 6375 4318
f 4318 6375 6376
f 4331 6377 4332
f 4332 6377 6378
f 6379 4333 6376
f 6376 4333 4318
f 4343 6380 4344
f 4344 6380 6381
f 4347 6382 4348
f 4348 6382 6383
f 4374 6371 4331
f 4331 6371 6377
f 4333 6379 4426
f 4426 6379 6384
f 4690 6385 4347
f 4347 6385 6382
f 4332 6378 4317
f 4317 6378 6375
f 4922 6386 4923
f 4923 6386 6387
f 6388 6389 4375
f 4375 6389 6390
f 6355 6356 4978
f 4978 6356 6284
f 4742 6360 4743
f 4743 6360 6361
f 6391 4238 6392
f 6392 4238 4719
f 6392 4719 6393
f 6393 4719 5296
f 6395 6396 6394
f 6394 6396 6397
f 6399 6400 6398
f 6398 6400 6401
f 6402 5302 6403
f 6403 5302 5303
f 5303 5321 6403
f 6403 5321 6404
f 5320 6405 5321
f 5321 6405 6404
f 5319 6406 5350
f 5350 6406 5351
f 5319 5318 6406
f 6406 5318 6407
f 5288 4197 6408
f 6408 4197 6409
f 4217 4216 6410
f 6410 4216 6411
f 5227 6412 6327
f 6327 6412 6328
f 4892 6413 5227
f 5227 6413 6412
f 4228 6414 4892
f 4892 6414 6413
f 4227 6415 4228
f 4228 6415 6414
f 4248 6416 4227
f 4227 6416 6415
f 4247 6417 4248
f 4248 6417 6416
f 6417 4247 6419
f 6419 4247 6418
f 6419 6418 6421
f 6421 6418 6420
f 6422 5301 6423
f 6423 5301 5300
f 6423 5300 6424
f 6424 5300 6399
f 6408 6409 6398
f 6398 6409 6425
f 6426 6427 6397
f 6397 6427 6394
f 6428 4224 6429
f 6429 4224 4223
f 6347 6346 5276
f 5276 6346 4220
f 6346 6347 6341
f 6341 6347 6339
f 5280 5278 5282
f 5282 5278 4236
f 4896 5224 4684
f 4684 5224 4681
f 4132 4135 4896
f 4896 4135 5224
f 4131 4136 4132
f 4132 4136 4135
f 4226 4754 4131
f 4131 4754 4136
f 4251 4213 4226
f 4226 4213 4754
f 4250 4214 4251
f 4251 4214 4213
f 4250 6367 4214
f 4214 6367 6368
f 6367 4910 6368
f 6368 4910 4737
f 4909 5297 4736
f 4736 5297 5296
f 5297 6395 5296
f 5296 6395 6393
f 6427 6430 6394
f 6394 6430 6431
f 6429 4383 6428
f 6428 4383 4382
f 4219 5277 4220
f 4220 5277 5276
f 4222 4697 4383
f 4383 4697 4218
f 6345 4699 4221
f 4221 4699 6344
f 6342 4700 6345
f 6345 4700 4699
f 4235 4786 5281
f 5281 4786 6338
f 4234 4787 4235
f 4235 4787 4786
f 5279 5278 6432
f 6432 5278 5271
f 4237 5279 6433
f 6433 5279 6432
f 4787 4234 6433
f 6433 4234 4237
f 6435 6436 6434
f 6434 6436 6437
f 6359 6438 6360
f 6360 6438 6437
f 6439 6440 6441
f 6441 6440 6438
f 6443 6439 6442
f 6442 6439 6441
f 6357 6356 6442
f 6442 6356 6444
f 6444 6446 6445
f 6445 6446 6447
f 4912 6446 4913
f 4913 6446 6355
f 6361 6436 5364
f 5364 6436 5365
f 5319 5350 5316
f 5316 5350 6448
f 4832 6449 5350
f 5350 6449 6448
f 4831 6450 4832
f 4832 6450 6449
f 5354 6451 5320
f 5320 6451 6405
f 4265 6452 5354
f 5354 6452 6451
f 4264 6453 4265
f 4265 6453 6452
f 6450 4831 6447
f 6447 4831 6445
f 4263 6435 4264
f 4264 6435 6434
f 6454 6453 6439
f 6439 6453 6440
f 6439 6443 6454
f 6454 6443 4834
f 4833 6455 4834
f 4834 6455 6454
f 5351 6456 4833
f 4833 6456 6455
f 6457 6391 6458
f 6458 6391 6392
f 6458 6392 6431
f 6431 6392 6393
f 5298 6396 5297
f 5297 6396 6395
f 6402 6400 5302
f 5302 6400 5299
f 6402 6403 6459
f 6459 6403 6460
f 6460 6403 6461
f 6461 6403 6404
f 6405 6462 6404
f 6404 6462 6461
f 6406 6462 5351
f 5351 6462 6456
f 6406 6407 6462
f 6462 6407 6461
f 6407 6463 6461
f 6461 6463 6460
f 6463 6464 6460
f 6460 6464 6459
f 6464 6465 6459
f 6459 6465 6401
f 6430 6466 6431
f 6431 6466 6458
f 6466 6410 6458
f 6458 6410 6457
f 6410 6411 6457
f 6457 6411 6467
f 6396 6424 6397
f 6397 6424 6425
f 6393 6395 6431
f 6431 6395 6394
f 6451 6456 6405
f 6405 6456 6462
f 6452 6455 6451
f 6451 6455 6456
f 6453 6454 6452
f 6452 6454 6455
f 6443 6445 4834
f 4834 6445 4831
f 6440 6453 6434
f 6434 6453 4264
f 6468 5306 5360
f 5360 5306 5305
f 6469 4124 6468
f 6468 4124 5306
f 6470 4125 6469
f 6469 4125 4124
f 6471 5291 6470
f 6470 5291 4125
f 6353 5292 6471
f 6471 5292 5291
f 5292 6353 5313
f 5313 6353 6352
f 5347 5314 6352
f 6352 5314 5313
f 5353 5318 5346
f 5346 5318 5317
f 5334 6468 5358
f 5358 6468 5360
f 5324 6469 5334
f 5334 6469 6468
f 5323 6470 5324
f 5324 6470 6469
f 5343 6471 5323
f 5323 6471 6470
f 6354 6353 5343
f 5343 6353 6471
f 6348 6349 4270
f 4270 6349 5311
f 5272 6340 5273
f 5273 6340 4272
f 6432 5271 4232
f 4232 5271 4233
f 4294 6432 4295
f 4295 6432 4232
f 6432 4294 6433
f 6433 4294 4301
f 4301 4300 6433
f 6433 4300 4787
f 4704 4784 4300
f 4300 4784 4787
f 4704 3013 4784
f 4784 3013 1307
f 5103 6472 5104
f 5104 6472 5202
f 5108 5116 5105
f 5105 5116 5115
f 5111 5124 5112
f 5112 5124 5123
f 5154 5205 5105
f 5105 5205 5106
f 5167 5180 5168
f 5168 5180 5185
f 5175 5188 5176
f 5176 5188 5187
f 5112 5123 5178
f 5178 5123 5120
f 5167 5090 5183
f 5183 5090 5089
f 5210 5151 5183
f 5183 5151 5181
f 5216 5138 5217
f 5217 5138 5137
f 5218 5119 5219
f 5219 5119 5221
f 5218 5178 5119
f 5119 5178 5120
f 5217 5137 5104
f 5104 5137 5101
f 5116 5108 5221
f 5221 5108 5219
f 5111 5110 5210
f 5210 5110 5151
f 5154 5153 5103
f 5103 5153 6472
f 5216 5215 5176
f 5176 5215 5173
f 5175 5174 5168
f 5168 5174 5166
f 5091 5172 5092
f 5092 5172 5208
f 5117 5037 5118
f 5118 5037 5036
f 5121 5164 5122
f 5122 5164 5133
f 5125 5084 5126
f 5126 5084 5083
f 5129 5174 5130
f 5130 5174 5173
f 5131 5202 5132
f 5132 5202 6472
f 5135 5221 5122
f 5122 5221 5119
f 5125 5124 5136
f 5136 5124 5209
f 5126 5083 5121
f 5121 5083 5164
f 5118 5036 5195
f 5195 5036 5193
f 5131 5097 5203
f 5203 5097 5114
f 5132 6472 5195
f 5195 6472 5153
f 5136 5209 5092
f 5092 5209 5089
f 5135 5134 5117
f 5117 5134 5037
f 5362 5206 5130
f 5130 5206 5127
f 5372 5371 5128
f 5128 5371 5129
f 5371 5372 5091
f 5091 5372 5172
f 5362 5215 5203
f 5203 5215 5201
f 6463 6407 5353
f 5353 6407 5318
f 6464 6463 5352
f 5352 6463 5353
f 6408 6465 5288
f 5288 6465 5289
f 4196 4224 6426
f 6426 4224 6427
f 6430 6427 6428
f 6428 6427 4224
f 6466 6430 4382
f 4382 6430 6428
f 6410 6466 4217
f 4217 6466 4382
f 4240 4239 3015
f 3015 4239 3016
f 4254 4257 3017
f 3017 4257 3018
f 6473 6474 4732
f 4732 6474 6475
f 6474 6374 6475
f 6475 6374 6373
f 5246 6374 3022
f 3022 6374 3023
f 4254 6299 4255
f 4255 6299 6288
f 6473 6300 3024
f 3024 6300 3025
f 6476 4257 6312
f 6312 4257 4256
f 4240 6476 4241
f 4241 6476 6312
f 6477 4239 6391
f 6391 4239 4238
f 6467 6477 6457
f 6457 6477 6391
f 6411 3029 6467
f 6467 3029 3028
f 4216 3030 6411
f 6411 3030 3029
f 6479 6480 6478
f 6478 6480 6481
f 6483 6484 6482
f 6482 6484 6485
f 6486 6487 4102
f 4102 6487 6331
f 6483 6488 6478
f 6478 6488 6489
f 4429 4829 6490
f 6490 4829 6479
f 6491 6486 4101
f 4101 6486 4102
f 4895 6491 4899
f 4899 6491 4101
f 4160 6488 4157
f 4157 6488 6492
f 6489 4087 6490
f 6490 4087 4090
f 4267 4261 5013
f 5013 4261 4260
f 4258 4261 5328
f 5328 4261 4975
f 4261 4267 4975
f 4975 4267 4266
f 5367 3793 3912
f 3912 3793 3575
f 6494 3616 6493
f 6493 3616 3795
f 6496 3589 6495
f 6495 3589 3588
f 6495 3588 5368
f 5368 3588 3794
f 3841 3840 3050
f 3050 3840 3051
f 3912 3911 3052
f 3052 3911 3053
f 3929 3930 3054
f 3054 3930 3055
f 5370 3930 3916
f 3916 3930 3923
f 3938 5369 3807
f 3807 5369 3915
f 3589 6496 3806
f 3806 6496 3937
f 3938 3937 3056
f 3056 3937 3057
f 3051 3840 3058
f 3058 3840 3943
f 3730 4808 3727
f 3727 4808 3943
f 3820 3951 3795
f 3795 3951 6493
f 3951 3841 3059
f 3059 3841 3050
f 3911 3574 6494
f 6494 3574 3616
f 3823 3929 3824
f 3824 3929 3952
f 4061 4060 3060
f 3060 4060 3061
f 6497 6498 4901
f 4901 6498 4790
f 6333 6499 4738
f 4738 6499 4739
f 6500 6501 6314
f 6314 6501 4418
f 6502 6275 4417
f 4417 6275 4185
f 6503 6497 4783
f 4783 6497 4901
f 6498 4060 4790
f 4790 4060 4059
f 4808 4061 3069
f 3069 4061 3060
f 5367 3071 5368
f 5368 3071 3070
f 5369 3073 5370
f 5370 3073 3072
f 6274 6275 3074
f 3074 6275 3075
f 6499 6504 4739
f 4739 6504 6317
f 6333 6332 3077
f 3077 6332 3078
f 6334 6274 3079
f 3079 6274 3074
f 6332 4825 3078
f 3078 4825 3080
f 6334 6503 4188
f 4188 6503 4783
f 4825 4689 3080
f 3080 4689 1330
f 6506 4747 6505
f 6505 4747 4746
f 6505 6507 6506
f 6506 6507 6508
f 4297 6509 4920
f 4920 6509 6510
f 4296 6511 4297
f 4297 6511 6509
f 6506 6508 4319
f 4319 6508 6512
f 4372 4371 6514
f 6514 4371 6513
f 6511 4296 5251
f 5251 4296 4305
f 5251 5250 6511
f 6511 5250 6515
f 6516 6509 6515
f 6515 6509 6511
f 6517 6507 6519
f 6519 6507 6518
f 6512 6520 6513
f 6513 6520 6514
f 6507 6517 6508
f 6508 6517 6521
f 5249 6523 6522
f 6522 6523 6524
f 6525 6370 5253
f 5253 6370 6526
f 4370 4323 4371
f 4371 4323 4326
f 4370 3103 4323
f 4323 3103 1541
f 6521 6517 6527
f 6527 6517 6519
f 6520 6528 6514
f 6514 6528 6529
f 6531 6532 6530
f 6530 6532 6533
f 5250 6534 6515
f 6515 6534 6535
f 6530 6533 6536
f 6536 6533 6537
f 6526 6538 6534
f 6534 6538 6537
f 6515 6535 6516
f 6516 6535 6539
f 4325 4321 4326
f 4326 4321 4320
f 4371 4326 6513
f 6513 4326 4320
f 6531 4731 6541
f 6541 4731 6540
f 4731 4730 6540
f 6540 4730 6542
f 4730 3121 6542
f 6542 3121 3120
f 6530 4328 6531
f 6531 4328 4731
f 4328 6530 4329
f 4329 6530 6536
f 4329 6536 6524
f 6524 6536 6543
f 6544 6545 6522
f 6522 6545 5248
f 6389 6388 5245
f 5245 6388 6373
f 6388 6546 6373
f 6373 6546 6475
f 4733 6546 6295
f 6295 6546 4377
f 4732 6475 4733
f 4733 6475 6546
f 4393 4432 4394
f 4394 4432 4435
f 4434 4672 4842
f 4842 4672 4671
f 4440 4439 4441
f 4441 4439 4438
f 4436 4450 4437
f 4437 4450 4398
f 4447 4444 4448
f 4448 4444 4392
f 4446 4464 4433
f 4433 4464 6547
f 4454 4423 4455
f 4455 4423 4422
f 4452 4481 4453
f 4453 4481 4480
f 4458 4389 4459
f 4459 4389 4388
f 4456 4471 4457
f 4457 4471 4468
f 4391 4460 4392
f 4392 4460 4448
f 4461 4467 4445
f 4445 4467 4465
f 4437 4398 4629
f 4629 4398 4397
f 4438 4628 4441
f 4441 4628 4631
f 4841 4629 4839
f 4839 4629 4397
f 4628 4842 4631
f 4631 4842 4671
f 4930 4989 4452
f 4452 4989 4481
f 4929 4927 4436
f 4436 4927 4450
f 4933 4387 4934
f 4934 4387 4386
f 4931 4475 4932
f 4932 4475 4474
f 4936 4449 4933
f 4933 4449 4387
f 4935 4472 4456
f 4456 4472 4471
f 4389 4458 4391
f 4391 4458 4460
f 4457 4468 4461
f 4461 4468 4467
f 4934 4386 4454
f 4454 4386 4423
f 4453 4480 4931
f 4931 4480 4475
f 4575 4997 4576
f 4576 4997 4639
f 4579 4596 4580
f 4580 4596 4595
f 4583 4582 4572
f 4572 4582 4569
f 4587 4944 4588
f 4588 4944 4562
f 4588 4562 4590
f 4590 4562 4561
f 4576 4639 4642
f 4642 4639 4638
f 4642 4845 4641
f 4641 4845 4846
f 4845 4590 4846
f 4846 4590 4561
f 4941 4938 4595
f 4595 4938 4580
f 4938 4940 4668
f 4668 4940 4669
f 4583 4942 4584
f 4584 4942 4947
f 4582 4587 4569
f 4569 4587 4586
f 5000 5001 4579
f 4579 5001 4596
f 4558 4560 4585
f 4585 4560 4586
f 4565 4639 4566
f 4566 4639 4997
f 4568 4567 4577
f 4577 4567 4578
f 4570 4554 4571
f 4571 4554 4556
f 4640 4565 4637
f 4637 4565 4546
f 4662 4664 4665
f 4665 4664 4844
f 4662 4558 4589
f 4589 4558 4585
f 4554 4570 4557
f 4557 4570 4560
f 4571 4667 4572
f 4572 4667 4943
f 4551 4670 4552
f 4552 4670 4666
f 4640 4664 4638
f 4638 4664 4663
f 4670 4568 4668
f 4668 4568 4577
f 4999 4996 4566
f 4566 4996 4543
f 4608 4564 4603
f 4603 4564 4563
f 4573 4593 4574
f 4574 4593 4592
f 4597 4614 4598
f 4598 4614 4613
f 4601 4600 4584
f 4584 4600 4581
f 4563 4562 4604
f 4604 4562 4944
f 4643 4593 4641
f 4641 4593 4573
f 4643 4847 4644
f 4644 4847 4848
f 4564 4847 4561
f 4561 4847 4846
f 4945 4941 4598
f 4598 4941 4595
f 4941 4945 4939
f 4939 4945 4946
f 4601 4948 4602
f 4602 4948 4620
f 4600 4604 4581
f 4581 4604 4944
f 5002 5003 4597
f 4597 5003 4614
f 4988 4759 4953
f 4953 4759 4402
f 4706 6548 4707
f 4707 6548 6549
f 4311 4928 4419
f 4419 4928 6550
f 4921 4920 6551
f 6551 4920 6552
f 4925 6553 4926
f 4926 6553 6554
f 4928 4921 4802
f 4802 4921 6551
f 6555 4985 6550
f 6550 4985 4419
f 4952 6556 4953
f 4953 6556 4649
f 4971 6557 4706
f 4706 6557 6548
f 4988 4648 4925
f 4925 4648 6553
f 4707 6549 5006
f 5006 6549 4987
f 4920 6510 6552
f 6552 6510 6518
f 6558 6510 6516
f 6516 6510 6509
f 6559 6558 6539
f 6539 6558 6516
f 6531 6541 6532
f 6532 6541 6560
f 6540 6561 6541
f 6541 6561 6529
f 6542 6562 6540
f 6540 6562 6561
f 6542 3120 6562
f 6562 3120 3142
f 4366 6563 4760
f 4760 6563 4970
f 4815 6564 4816
f 4816 6564 6565
f 3147 3146 6565
f 6565 3146 4816
f 6564 6563 6565
f 6565 6563 6566
f 4837 4385 4357
f 4357 4385 4358
f 6565 6566 3147
f 3147 6566 3149
f 4694 1209 3150
f 5247 5249 5248
f 5248 5249 6522
f 6372 6390 6545
f 6545 6390 6389
f 6375 5254 6376
f 6376 5254 5258
f 6377 6525 6378
f 6378 6525 5255
f 5260 6379 5258
f 5258 6379 6376
f 6380 6567 6381
f 6381 6567 6568
f 6382 6569 6383
f 6383 6569 6570
f 6377 6371 6525
f 6525 6371 6370
f 6379 5260 6384
f 6384 5260 6571
f 6385 6572 6382
f 6382 6572 6569
f 6378 5255 6375
f 6375 5255 5254
f 6386 6573 6387
f 6387 6573 6574
f 6545 6389 5248
f 5248 6389 5245
f 4675 4750 4676
f 4676 4750 6286
f 4734 6289 4735
f 4735 6289 6288
f 4804 6290 4805
f 4805 6290 4963
f 4811 4807 4812
f 4812 4807 4411
f 4954 6292 4955
f 4955 6292 4959
f 4964 4962 4965
f 4965 4962 4751
f 6285 4821 4812
f 4812 4821 4809
f 4675 4287 4965
f 4965 4287 4210
f 6294 4145 4955
f 4955 4145 4154
f 4964 4120 4805
f 4805 4120 4119
f 6298 4966 4734
f 4734 4966 6289
f 6300 6473 4735
f 4735 6473 4732
f 6297 6296 4676
f 4676 6296 4288
f 6523 3160 4330
f 4330 3160 3159
f 5253 5252 6525
f 6525 5252 5255
f 5256 5252 4305
f 4305 5252 5251
f 4304 5257 4305
f 4305 5257 5256
f 4424 5259 4304
f 4304 5259 5257
f 5261 6571 5259
f 5259 6571 5260
f 5262 6573 5261
f 5261 6573 6571
f 5264 6567 5265
f 5265 6567 6574
f 5266 6572 5267
f 5267 6572 6568
f 5268 6570 5269
f 5269 6570 6569
f 1807 3161 5268
f 5268 3161 6570
f 6524 6523 4329
f 4329 6523 4330
f 5253 6526 5250
f 5250 6526 6534
f 6543 6538 6544
f 6544 6538 6369
f 6524 6543 6522
f 6522 6543 6544
f 3071 5367 3052
f 3052 5367 3912
f 6493 3163 6494
f 6494 3163 3162
f 3164 445 3771
f 3771 445 3761
f 461 3165 3919
f 3919 3165 3920
f 330 410 3839
f 3839 410 3910
f 332 331 3552
f 3552 331 3551
f 464 304 3918
f 3918 304 3816
f 385 458 3766
f 3766 458 3894
f 412 415 3762
f 3762 415 3763
f 3166 337 3748
f 3748 337 3745
f 3072 3055 5370
f 5370 3055 3930
f 3073 5369 3056
f 3056 5369 3938
f 3167 3057 6496
f 6496 3057 3937
f 3069 3058 4808
f 4808 3058 3943
f 411 3166 3851
f 3851 3166 3748
f 3059 3163 3951
f 3951 3163 6493
f 336 3164 3772
f 3772 3164 3771
f 3053 3911 3162
f 3162 3911 6494
f 3054 3168 3929
f 3929 3168 3952
f 3165 830 3920
f 3920 830 3945
f 3170 3169 6497
f 6497 3169 6498
f 3171 1354 5005
f 5005 1354 4830
f 3172 3170 6503
f 6503 3170 6497
f 3169 3061 6498
f 6498 3061 4060
f 3173 3171 5006
f 5006 3171 5005
f 3079 3172 6334
f 6334 3172 6503
f 3174 3025 6299
f 6299 3025 6300
f 6576 6577 6575
f 6575 6577 6578
f 4612 4611 6579
f 6579 4611 6580
f 6582 6583 6581
f 6581 6583 6584
f 6584 6585 4618
f 4618 6585 4621
f 6586 6587 6589
f 6589 6587 6588
f 6588 6587 6590
f 6590 6587 6591
f 6592 4606 6590
f 6590 4606 4623
f 6594 6576 6593
f 6593 6576 6575
f 6595 6582 6579
f 6579 6582 6581
f 6580 6597 6596
f 6596 6597 6598
f 6577 6576 6599
f 6599 6576 6600
f 6595 6596 6601
f 6601 6596 6602
f 6583 6582 6603
f 6603 6582 6604
f 6586 6606 6605
f 6605 6606 6607
f 6587 6586 6608
f 6608 6586 6605
f 6587 6608 6591
f 6591 6608 6609
f 6576 6594 6600
f 6600 6594 6610
f 6582 6595 6604
f 6604 6595 6601
f 6599 6611 6577
f 6577 6611 6598
f 6613 6614 6612
f 6612 6614 6615
f 6617 6618 6616
f 6616 6618 6619
f 6621 6622 6620
f 6620 6622 6623
f 6625 6626 6624
f 6624 6626 6627
f 6629 6630 6628
f 6628 6630 6631
f 6633 6634 6632
f 6632 6634 6635
f 6637 6638 6636
f 6636 6638 6639
f 6640 6641 6637
f 6637 6641 6638
f 6643 6633 6642
f 6642 6633 6632
f 6645 6646 6644
f 6644 6646 6647
f 6646 6648 6647
f 6647 6648 6649
f 6651 6652 6650
f 6650 6652 6653
f 6653 6652 6654
f 6654 6652 6655
f 6656 6657 6659
f 6659 6657 6658
f 6661 6662 6660
f 6660 6662 6663
f 6662 6661 6664
f 6664 6661 6665
f 6667 6657 6666
f 6666 6657 6656
f 6669 6670 6668
f 6668 6670 6671
f 6672 6673 6670
f 6670 6673 6671
f 6674 6675 6677
f 6677 6675 6676
f 6675 6678 6676
f 6676 6678 6679
f 6681 6682 6680
f 6680 6682 6683
f 6684 6685 6683
f 6683 6685 6680
f 6687 6688 6686
f 6686 6688 6689
f 6687 6690 6688
f 6688 6690 6691
f 6619 6618 6633
f 6633 6618 6634
f 6632 6635 6693
f 6693 6635 6692
f 6617 6694 6636
f 6636 6694 6637
f 6695 6692 6639
f 6639 6692 6635
f 6637 6694 6640
f 6640 6694 6696
f 6698 6638 6697
f 6697 6638 6641
f 6643 6616 6633
f 6633 6616 6619
f 6642 6699 6641
f 6641 6699 6697
f 6646 6645 6700
f 6700 6645 6621
f 6644 6701 6654
f 6654 6701 6702
f 6700 6703 6646
f 6646 6703 6648
f 6693 6704 6649
f 6649 6704 6647
f 6620 6623 6651
f 6651 6623 6652
f 6693 6649 6699
f 6699 6649 6650
f 6652 6623 6655
f 6655 6623 6622
f 6654 6702 6653
f 6653 6702 6697
f 6615 6614 6657
f 6657 6614 6658
f 6705 6656 6704
f 6704 6656 6659
f 6613 6706 6660
f 6660 6706 6661
f 6704 6659 6701
f 6701 6659 6663
f 6661 6706 6665
f 6665 6706 6707
f 6708 6702 6664
f 6664 6702 6662
f 6612 6615 6667
f 6667 6615 6657
f 6666 6709 6664
f 6664 6709 6708
f 6629 6710 6669
f 6669 6710 6670
f 6668 6711 6679
f 6679 6711 6712
f 6713 6672 6710
f 6710 6672 6670
f 6714 6671 6705
f 6705 6671 6673
f 6628 6631 6674
f 6674 6631 6675
f 6705 6673 6709
f 6709 6673 6677
f 6631 6630 6675
f 6675 6630 6678
f 6712 6708 6679
f 6679 6708 6676
f 6625 6715 6682
f 6682 6715 6683
f 6716 6717 6681
f 6681 6717 6691
f 6718 6684 6715
f 6715 6684 6683
f 6719 6680 6714
f 6714 6680 6685
f 6624 6627 6686
f 6686 6627 6687
f 6689 6711 6685
f 6685 6711 6714
f 6627 6626 6687
f 6687 6626 6690
f 6717 6712 6691
f 6691 6712 6688
f 6612 6707 6613
f 6613 6707 6706
f 6616 6696 6617
f 6617 6696 6694
f 6703 6700 6620
f 6620 6700 6621
f 6715 6625 6718
f 6718 6625 6624
f 6710 6629 6713
f 6713 6629 6628
f 6639 6635 6636
f 6636 6635 6634
f 6641 6640 6642
f 6642 6640 6643
f 6654 6655 6644
f 6644 6655 6645
f 6651 6650 6648
f 6648 6650 6649
f 6659 6658 6663
f 6663 6658 6660
f 6665 6667 6664
f 6664 6667 6666
f 6678 6669 6679
f 6679 6669 6668
f 6673 6672 6677
f 6677 6672 6674
f 6690 6682 6691
f 6691 6682 6681
f 6685 6684 6689
f 6689 6684 6686
f 6636 6634 6617
f 6617 6634 6618
f 6638 6698 6639
f 6639 6698 6695
f 6640 6696 6643
f 6643 6696 6616
f 6693 6699 6632
f 6632 6699 6642
f 6655 6622 6645
f 6645 6622 6621
f 6704 6701 6647
f 6647 6701 6644
f 6651 6648 6620
f 6620 6648 6703
f 6650 6653 6699
f 6699 6653 6697
f 6613 6660 6614
f 6614 6660 6658
f 6663 6662 6701
f 6701 6662 6702
f 6665 6707 6667
f 6667 6707 6612
f 6705 6709 6656
f 6656 6709 6666
f 6630 6629 6678
f 6678 6629 6669
f 6714 6711 6671
f 6671 6711 6668
f 6672 6713 6674
f 6674 6713 6628
f 6677 6676 6709
f 6709 6676 6708
f 6626 6625 6690
f 6690 6625 6682
f 6680 6719 6681
f 6681 6719 6716
f 6684 6718 6686
f 6686 6718 6624
f 6711 6689 6712
f 6689 6688 6712
f 6593 6720 6594
f 6594 6720 6721
f 6722 6720 4607
f 4607 6720 4849
f 6592 6723 6722
f 6722 6723 6724
f 4610 4609 6578
f 6578 4609 6575
f 6596 6595 6580
f 6580 6595 6579
f 4618 4617 6584
f 6584 4617 6581
f 6589 6585 6586
f 6586 6585 6606
f 4622 4619 6588
f 6588 4619 6589
f 4622 6588 4623
f 4623 6588 6590
f 4609 4645 6575
f 6575 4645 6593
f 4617 4612 6581
f 6581 4612 6579
f 5004 4610 6597
f 6597 4610 6578
f 4645 4849 6593
f 6593 4849 6720
f 6724 6721 6722
f 6722 6721 6720
f 6722 4607 6592
f 6592 4607 4606
f 6725 6610 6721
f 6721 6610 6594
f 6723 6726 6724
f 6724 6726 6727
f 6727 6725 6724
f 6724 6725 6721
f 6728 6729 6605
f 6605 6729 6608
f 6605 6607 6728
f 6728 6607 6730
f 6731 6732 6604
f 6604 6732 6603
f 6733 6734 6725
f 6725 6734 6610
f 6735 6733 6727
f 6727 6733 6725
f 6735 6727 6736
f 6736 6727 6726
f 6591 6609 6723
f 6723 6609 6726
f 6723 6592 6591
f 6591 6592 6590
f 6738 6739 6737
f 6737 6739 6740
f 6740 6739 6742
f 6742 6739 6741
f 6743 6744 6741
f 6741 6744 6742
f 6745 6746 6743
f 6743 6746 6744
f 6747 6748 6745
f 6745 6748 6746
f 6749 6750 6747
f 6747 6750 6748
f 6752 6738 6751
f 6751 6738 6737
f 6754 6752 6753
f 6753 6752 6751
f 6756 6754 6755
f 6755 6754 6753
f 6758 6750 6757
f 6757 6750 6749
f 6760 6756 6759
f 6759 6756 6755
f 6762 6760 6761
f 6761 6760 6759
f 6764 6762 6763
f 6763 6762 6761
f 6757 6764 6758
f 6758 6764 6763
f 6766 6741 6765
f 6765 6741 6739
f 6767 6743 6766
f 6766 6743 6741
f 6768 6745 6767
f 6767 6745 6743
f 6769 6747 6768
f 6768 6747 6745
f 6770 6749 6769
f 6769 6749 6747
f 6772 6769 6771
f 6771 6769 6768
f 6773 6770 6772
f 6772 6770 6769
f 6774 6775 6772
f 6772 6775 6773
f 6777 6778 6776
f 6776 6778 6779
f 6775 6774 6778
f 6778 6774 6779
f 6771 6780 6772
f 6772 6780 6774
f 6780 6781 6774
f 6774 6781 6779
f 6781 6782 6779
f 6779 6782 6776
f 6784 6785 6783
f 6783 6785 6786
f 6786 6787 6783
f 6783 6787 6788
f 6790 6788 6789
f 6789 6788 6787
f 6786 6785 6791
f 6791 6785 6792
f 6791 6793 6786
f 6786 6793 6787
f 6793 6794 6787
f 6787 6794 6789
f 6795 6796 6794
f 6794 6796 6789
f 6790 6789 6797
f 6797 6789 6796
f 6798 6765 6738
f 6738 6765 6739
f 6799 6798 6752
f 6752 6798 6738
f 6767 6800 6768
f 6768 6800 6771
f 6766 6801 6767
f 6767 6801 6800
f 6802 6801 6765
f 6765 6801 6766
f 6798 6803 6765
f 6765 6803 6802
f 6804 6803 6799
f 6799 6803 6798
f 6805 6806 6804
f 6804 6806 6803
f 6807 6799 6754
f 6754 6799 6752
f 6808 6804 6807
f 6807 6804 6799
f 6809 6805 6808
f 6808 6805 6804
f 6810 6811 6805
f 6805 6811 6806
f 6812 6813 6810
f 6810 6813 6811
f 6814 6815 6796
f 6796 6815 6797
f 6813 6814 6816
f 6816 6814 6817
f 6816 6818 6813
f 6813 6818 6811
f 6819 6806 6818
f 6818 6806 6811
f 6802 6803 6819
f 6819 6803 6806
f 6757 6749 6820
f 6820 6749 6770
f 6820 6770 6821
f 6821 6770 6773
f 6821 6773 6822
f 6822 6773 6775
f 6822 6775 6823
f 6823 6775 6778
f 6824 6823 6777
f 6777 6823 6778
f 6784 6825 6777
f 6777 6825 6824
f 6826 6827 6788
f 6788 6827 6783
f 6828 6826 6790
f 6790 6826 6788
f 6829 6828 6797
f 6797 6828 6790
f 6815 6830 6797
f 6797 6830 6829
f 6832 6812 6831
f 6831 6812 6810
f 6831 6810 6809
f 6809 6810 6805
f 6736 6800 6735
f 6735 6800 6801
f 6733 6735 6802
f 6802 6735 6801
f 6734 6733 6819
f 6819 6733 6802
f 6833 6734 6818
f 6818 6734 6819
f 6834 6833 6816
f 6816 6833 6818
f 6816 6817 6834
f 6834 6817 6835
f 6837 6795 6836
f 6836 6795 6794
f 6836 6794 6731
f 6731 6794 6793
f 6732 6731 6791
f 6791 6731 6793
f 6791 6792 6732
f 6732 6792 6730
f 6729 6728 6781
f 6781 6728 6782
f 6838 6807 6756
f 6756 6807 6754
f 6839 6838 6760
f 6760 6838 6756
f 6840 6839 6762
f 6762 6839 6760
f 6841 6840 6764
f 6764 6840 6762
f 6820 6841 6757
f 6757 6841 6764
f 6841 6820 6842
f 6842 6820 6821
f 6840 6841 6843
f 6843 6841 6842
f 6839 6840 6844
f 6844 6840 6843
f 6838 6839 6845
f 6845 6839 6844
f 6807 6838 6808
f 6808 6838 6845
f 6842 6821 6846
f 6846 6821 6822
f 6843 6842 6847
f 6847 6842 6846
f 6844 6843 6848
f 6848 6843 6847
f 6845 6844 6849
f 6849 6844 6848
f 6808 6845 6809
f 6809 6845 6849
f 6850 6831 6849
f 6849 6831 6809
f 6851 6850 6848
f 6848 6850 6849
f 6847 6852 6848
f 6848 6852 6851
f 6853 6852 6846
f 6846 6852 6847
f 6846 6822 6853
f 6853 6822 6823
f 6853 6823 6854
f 6854 6823 6824
f 6854 6855 6853
f 6853 6855 6852
f 6856 6851 6855
f 6855 6851 6852
f 6856 6857 6851
f 6851 6857 6850
f 6857 6832 6850
f 6850 6832 6831
f 6825 6858 6824
f 6824 6858 6854
f 6860 6827 6859
f 6859 6827 6826
f 6859 6826 6861
f 6861 6826 6828
f 6862 6861 6829
f 6829 6861 6828
f 6830 6863 6829
f 6829 6863 6862
f 6863 6864 6862
f 6862 6864 6865
f 6858 6866 6854
f 6854 6866 6855
f 6867 6865 6866
f 6866 6865 6864
f 6869 6859 6868
f 6868 6859 6861
f 6867 6869 6865
f 6865 6869 6868
f 6861 6862 6868
f 6868 6862 6865
f 6867 6860 6869
f 6869 6860 6859
f 6753 6751 6698
f 6698 6751 6695
f 6697 6755 6698
f 6698 6755 6753
f 6759 6755 6702
f 6702 6755 6697
f 6761 6759 6708
f 6708 6759 6702
f 6763 6761 6712
f 6712 6761 6708
f 6758 6763 6717
f 6717 6763 6712
f 6750 6758 6716
f 6716 6758 6717
f 6719 6748 6716
f 6716 6748 6750
f 6714 6746 6719
f 6719 6746 6748
f 6705 6744 6714
f 6714 6744 6746
f 6704 6742 6705
f 6705 6742 6744
f 6740 6742 6693
f 6693 6742 6704
f 6737 6740 6692
f 6692 6740 6693
f 6751 6737 6695
f 6695 6737 6692
f 6601 6602 6836
f 6836 6602 6837
f 6604 6601 6731
f 6731 6601 6836
f 6599 6600 6834
f 6834 6600 6833
f 6834 6835 6599
f 6599 6835 6611
f 6600 6610 6833
f 6833 6610 6734
f 6780 6771 6870
f 6870 6771 6736
f 6736 6771 6800
f 6870 6729 6780
f 6780 6729 6781
f 6608 6729 6609
f 6609 6729 6870
f 6609 6870 6726
f 6726 6870 6736
f 5014 5015 5229
f 5229 5015 5230
f 4258 5015 4259
f 4259 5015 4878
f 3471 3013 4703
f 4703 3013 4704
f 2879 6337 1306
f 1306 6337 4785
f 829 3471 4316
f 4316 3471 4703
f 4702 3472 5223
f 5223 3472 1756
f 6871 6872 4534
f 4534 6872 4535
f 6871 4665 6872
f 6872 4665 4844
f 6871 6873 4665
f 4665 6873 4559
f 6871 4534 6873
f 6873 4534 4542
f 4153 4152 4822
f 4822 4152 4407
f 4152 4168 4407
f 4407 4168 4342
f 4343 4168 4923
f 4923 4168 4167
f 4363 4362 4972
f 4972 4362 4840
f 4362 4394 4840
f 4840 4394 4839
f 4401 4400 4986
f 4986 4400 4984
f 4435 4434 4841
f 4841 4434 4842
f 4506 4505 4530
f 4530 4505 4531
f 4506 4535 4507
f 4507 4535 4843
f 4661 4660 4516
f 4516 4660 4517
f 4673 4672 4937
f 4937 4672 6547
f 4400 4924 4984
f 4984 4924 5263
f 4673 4660 4674
f 4674 4660 4659
f 4505 4661 4531
f 4531 4661 4516
f 4952 4401 6874
f 6874 4401 4986
f 4954 4153 6875
f 6875 4153 4822
f 4363 4973 4364
f 4364 4973 4974
f 5264 4924 5267
f 5267 4924 4691
f 6293 6292 6876
f 6876 6292 6877
f 6380 4343 6387
f 6387 4343 4923
f 4394 4435 4839
f 4839 4435 4841
f 4672 4434 6547
f 6547 4434 4433
f 4973 6556 4974
f 4974 6556 6878
f 6567 6380 6574
f 6574 6380 6387
f 6292 4954 6877
f 6877 4954 6875
f 6567 5264 6568
f 6568 5264 5267
f 4145 4144 4154
f 4154 4144 4151
f 4194 4144 4425
f 4425 4144 4143
f 4355 4354 5263
f 5263 4354 4984
f 4360 4359 4364
f 4364 4359 4361
f 4444 4359 4392
f 4392 4359 4337
f 4447 4446 4432
f 4432 4446 4433
f 4464 4463 6547
f 6547 4463 4937
f 4519 4518 4654
f 4654 4518 4509
f 4533 4532 4499
f 4499 4532 4498
f 4533 4542 4530
f 4530 4542 4534
f 4519 4532 4516
f 4516 4532 4531
f 4922 4194 4426
f 4426 4194 4425
f 4463 4518 4937
f 4937 4518 4517
f 6555 4951 6874
f 6874 4951 6878
f 4958 4957 6290
f 6290 4957 6291
f 4334 4360 4712
f 4712 4360 4950
f 4985 4354 4419
f 4419 4354 4353
f 5262 4355 5265
f 5265 4355 5263
f 6294 4958 4804
f 4804 4958 6290
f 6386 4922 6384
f 6384 4922 4426
f 4444 4447 4393
f 4393 4447 4432
f 4464 4446 4465
f 4465 4446 4445
f 4985 6555 4986
f 4986 6555 6874
f 6573 6386 6571
f 6571 6386 6384
f 4145 6294 4146
f 4146 6294 4804
f 6573 5262 6574
f 6574 5262 5265
f 4542 4541 6873
f 6873 4541 4559
f 4535 6872 4843
f 4843 6872 4844
f 4104 4103 6879
f 6879 4103 6343
f 4105 6293 6307
f 6307 6293 6876
f 4104 4956 4105
f 4105 4956 6293
f 4956 4104 4957
f 4957 4104 6879
f 4957 6879 6291
f 6291 6879 6309
f 4648 4988 4649
f 4649 4988 4953
f 4802 4803 4928
f 4928 4803 6550
f 6550 4803 6555
f 6555 4803 4951
f 1516 3173 4987
f 4987 3173 5006
f 6519 6518 6558
f 6558 6518 6510
f 6527 6519 6559
f 6559 6519 6558
f 6528 6560 6529
f 6529 6560 6541
f 6548 4625 6549
f 6549 4625 4624
f 6551 6552 4746
f 4746 6552 6505
f 6553 4711 6554
f 6554 4711 4710
f 4802 6551 4713
f 4713 6551 4746
f 6556 4973 4649
f 4649 4973 4646
f 6557 4949 6548
f 6548 4949 4625
f 4648 4647 6553
f 6553 4647 4711
f 6549 4624 4987
f 4987 4624 4838
f 6552 6518 6505
f 6505 6518 6507
f 6561 4372 6529
f 6529 4372 6514
f 6562 4369 6561
f 6561 4369 4372
f 3142 3482 6562
f 6562 3482 4369
f 6556 4952 6878
f 6878 4952 6874
f 4951 4950 6878
f 6878 4950 4974
f 3168 440 3952
f 4204 4203 5341
f 5341 4203 6364
f 4219 4222 6429
f 6429 4222 4383
f 4319 4322 6506
f 6506 4322 4747
f 4340 4714 4341
f 4341 4714 4384
f 4375 4377 6388
f 6388 4377 6546
f 4378 4381 6311
f 6311 4381 4720
f 4449 4341 4387
f 4387 4341 4384
f 4473 4472 4477
f 4477 4472 4474
f 4492 4491 4487
f 4487 4491 4488
f 4523 4491 4522
f 4522 4491 4490
f 4492 4538 4493
f 4493 4538 4555
f 4538 4553 4555
f 4555 4553 4556
f 4620 4615 4621
f 4621 4615 4618
f 4652 4651 4368
f 4368 4651 4365
f 4523 4655 4524
f 4524 4655 4656
f 4553 4667 4556
f 4556 4667 4571
f 4651 1210 4365
f 4365 1210 1209
f 4698 4697 5223
f 5223 4697 6344
f 4340 4339 4322
f 4322 4339 4747
f 4726 4729 5287
f 5287 4729 4198
f 4381 4380 4737
f 4737 4380 6368
f 4836 4835 4451
f 4451 4835 4709
f 4910 6367 4911
f 4911 6367 6366
f 4912 4915 6450
f 6450 4915 6449
f 4927 4836 4450
f 4450 4836 4451
f 4930 4929 4439
f 4439 4929 4436
f 4936 4935 4459
f 4459 4935 4456
f 4473 4655 4470
f 4470 4655 4510
f 4942 4583 4943
f 4943 4583 4572
f 4948 4601 4947
f 4947 4601 4584
f 4949 4835 4625
f 4625 4835 4626
f 4966 4969 6289
f 6289 4969 4695
f 4971 4652 4926
f 4926 4652 4368
f 4203 4977 6364
f 6364 4977 6365
f 4990 4989 4443
f 4443 4989 4440
f 4990 4991 4478
f 4478 4991 4512
f 4992 4991 4528
f 4528 4991 4515
f 4992 4993 4527
f 4527 4993 4485
f 4994 4993 4502
f 4502 4993 4503
f 4994 4995 4482
f 4482 4995 4550
f 4543 4996 4544
f 4544 4996 4995
f 4999 4998 4567
f 4567 4998 4578
f 5000 4998 4575
f 4575 4998 4997
f 5002 5001 4592
f 4592 5001 4574
f 5003 5004 4614
f 4614 5004 4611
f 3483 4215 1755
f 1755 4215 4698
f 5274 5277 4195
f 4195 5277 4223
f 4726 5295 4727
f 4727 5295 6350
f 5309 5342 5310
f 5310 5342 6363
f 5315 5314 5316
f 5316 5314 5317
f 5339 6362 5340
f 5340 6362 5363
f 5310 6363 5339
f 5339 6363 6362
f 4204 5309 4201
f 4201 5309 5308
f 4915 5345 6449
f 6449 5345 6448
f 5345 5315 6448
f 6448 5315 5316
f 5348 5347 6351
f 6351 5347 6352
f 5365 4263 5340
f 5340 4263 4262
f 6295 6298 4733
f 4733 6298 4734
f 4969 6306 4695
f 4695 6306 4696
f 6306 4378 4696
f 4696 4378 6311
f 6369 6372 6544
f 6544 6372 6545
f 4375 6390 4373
f 4373 6390 4374
f 6421 6422 4911
f 4911 6422 4908
f 4910 4909 4737
f 4737 4909 4736
f 5277 4219 4223
f 4223 4219 6429
f 4697 4222 6344
f 6344 4222 4221
f 6436 6361 6437
f 6437 6361 6360
f 6438 6440 6437
f 6437 6440 6434
f 6438 6359 6441
f 6441 6359 6358
f 6442 6441 6357
f 6357 6441 6358
f 6442 6444 6443
f 6443 6444 6445
f 6446 6444 6355
f 6355 6444 6356
f 6446 4912 6447
f 6447 4912 6450
f 6436 6435 5365
f 5365 6435 4263
f 5314 5347 5317
f 5317 5347 5346
f 4319 6512 4320
f 4320 6512 6513
f 6520 6512 6521
f 6521 6512 6508
f 6528 6520 6527
f 6527 6520 6521
f 6532 6539 6533
f 6533 6539 6535
f 6533 6535 6537
f 6537 6535 6534
f 6538 6543 6537
f 6537 6543 6536
f 6295 4377 6296
f 6296 4377 4376
f 4989 4930 4440
f 4440 4930 4439
f 4927 4929 4422
f 4422 4929 4455
f 4449 4936 4388
f 4388 4936 4459
f 4472 4935 4474
f 4474 4935 4932
f 4942 4940 4947
f 4947 4940 4939
f 5001 5000 4574
f 4574 5000 4575
f 4669 4943 4666
f 4666 4943 4667
f 4996 4999 4547
f 4547 4999 4567
f 4948 4946 4620
f 4620 4946 4615
f 5003 5002 4591
f 4591 5002 4592
f 6557 4971 6554
f 6554 4971 4926
f 6532 6560 6539
f 6539 6560 6559
f 6390 6372 4374
f 4374 6372 6371
f 4966 6298 4967
f 4967 6298 6297
f 6538 6526 6369
f 6369 6526 6370
f 6585 6589 4621
f 4621 6589 4619
f 6597 6578 6598
f 6598 6578 6577
f 6606 6583 6607
f 6607 6583 6603
f 6611 6602 6598
f 6598 6602 6596
f 6585 6584 6606
f 6606 6584 6583
f 6597 6580 5004
f 5004 6580 4611
f 6607 6603 6730
f 6730 6603 6732
f 6776 6785 6777
f 6777 6785 6784
f 6785 6776 6792
f 6792 6776 6782
f 6815 6814 6812
f 6812 6814 6813
f 6817 6814 6795
f 6795 6814 6796
f 6825 6784 6827
f 6827 6784 6783
f 6830 6815 6832
f 6832 6815 6812
f 6817 6795 6835
f 6835 6795 6837
f 6792 6782 6730
f 6730 6782 6728
f 6858 6825 6860
f 6860 6825 6827
f 6863 6830 6857
f 6857 6830 6832
f 6864 6863 6856
f 6856 6863 6857
f 6866 6858 6867
f 6867 6858 6860
f 6866 6864 6855
f 6855 6864 6856
f 6835 6837 6611
f 6611 6837 6602
f 6560 6528 6559
f 6559 6528 6527
f 4949 6557 4710
f 4710 6557 6554
f 4430 4090 4175
f 4175 4090 4089
f 4777 4113 4155
f 4155 4113 4086
f 4175 4089 4176
f 4176 4089 4142
f 4199 4271 4200
f 4200 4271 4798
f 4199 4095 4272
f 4272 4095 5273
f 4406 4405 4404
f 4404 4405 4346
f 4410 4409 6877
f 6877 4409 6876
f 4409 4413 6876
f 6876 4413 6307
f 4415 4148 4416
f 4416 4148 4147
f 4690 4405 4344
f 4344 4405 4342
f 4693 4692 4352
f 4352 4692 4349
f 4701 4700 6337
f 6337 4700 6338
f 4778 4777 4081
f 4081 4777 4155
f 4821 4406 4809
f 4809 4406 4404
f 4176 4142 4181
f 4181 4142 4415
f 4760 4970 4399
f 4399 4970 4692
f 4200 5007 4096
f 4096 5007 4078
f 5266 4693 5269
f 5269 4693 4352
f 5270 5007 5361
f 5361 5007 4797
f 4778 5270 4779
f 4779 5270 5361
f 6285 4410 6875
f 6875 4410 6877
f 6308 4413 4687
f 4687 4413 4412
f 6480 6320 6481
f 6481 6320 6880
f 4701 2878 4702
f 4702 2878 3472
f 6339 6347 6340
f 6340 6347 6348
f 6341 6342 6346
f 6346 6342 6345
f 4416 6308 4414
f 4414 6308 4687
f 6385 4690 6381
f 6381 4690 4344
f 5282 6341 5280
f 5280 6341 6339
f 4700 6342 6338
f 6338 6342 5281
f 6340 6348 4272
f 4272 6348 4270
f 6480 6479 4828
f 4828 6479 4829
f 6490 6479 6489
f 6489 6479 6478
f 4090 4430 6490
f 6490 4430 4429
f 6563 6564 4970
f 4970 6564 4815
f 4694 6566 4366
f 4366 6566 6563
f 6572 6385 6568
f 6568 6385 6381
f 4821 6285 4822
f 4822 6285 6875
f 6572 5266 6569
f 6569 5266 5269
f 3482 3103 4369
f 4369 3103 4370
f 3121 4730 3485
f 3485 4730 4327
f 6277 6280 6273
f 6273 6280 6272
f 6267 6276 6278
f 6278 6276 6279
f 6278 6279 6277
f 6277 6279 6280
f 6279 6256 6280
f 6280 6256 6255
f 6256 3857 6255
f 6255 3857 3754
f 3857 3856 3754
f 3754 3856 3755
f 3856 3703 3755
f 3755 3703 3863
f 3703 3702 3863
f 3863 3702 3759
f 3702 3706 3759
f 3759 3706 3670
f 3706 3705 3670
f 3670 3705 3668
f 3705 3773 3668
f 3668 3773 3882
f 3882 3773 3883
f 3883 3773 3707
f 3707 3708 3883
f 3883 3708 3880
f 3708 3710 3880
f 3880 3710 3881
f 3709 5241 3710
f 3710 5241 3881
f 5241 3709 5234
f 5234 3709 3786
f 3693 3712 3786
f 3786 3712 5234
f 4051 4055 4052
f 4052 4055 4056
f 4056 4055 4057
f 4057 4055 4054
f 4066 5238 5236
f 5236 5238 3989
f 4066 4069 5238
f 5238 4069 4035
f 6881 3962 3960
f 3960 3962 3957
f 6883 4070 6882
f 6882 4070 3941
f 4070 6883 4071
f 4071 6883 6884
f 4071 6884 4072
f 4072 6884 6885
f 6885 6886 4072
f 4072 6886 4031
f 3955 6881 3956
f 3956 6881 3960
f 6884 3991 6885
f 6885 3991 3990
f 6883 6887 6884
f 6884 6887 3991
f 6887 6888 3991
f 3991 6888 3992
f 6888 6887 6889
f 6889 6887 6890
f 6887 6883 6890
f 6890 6883 6882
f 4058 5240 3953
f 3953 5240 3954
f 5236 6888 5239
f 5239 6888 6889
f 5237 6886 3990
f 3990 6886 6885
f 4034 4031 5237
f 5237 4031 6886
f 6881 6882 3962
f 3962 6882 3941
f 6881 3955 6882
f 6882 3955 6890
f 3955 3954 6890
f 6890 3954 6889
f 5239 6889 5240
f 5240 6889 3954
f 6888 5236 3992
f 3992 5236 3989
f 3869 3868 3888
f 3888 3868 4015
f 3868 4012 4015
f 4015 4012 4010
f 4012 4022 4010
f 4010 4022 4009
f 4022 4021 4009
f 4009 4021 4018
f 4020 3974 4001
f 4001 3974 3996
f 4021 4020 4029
f 4029 4020 4001
f 4085 4156 4086
f 4086 4156 4155
f 4113 4777 4114
f 4114 4777 4776
f 4130 4129 4094
f 4094 4129 4091
f 4139 4773 4140
f 4140 4773 4772
f 4149 4178 4150
f 4150 4178 5225
f 4160 4159 4087
f 4087 4159 4088
f 4149 4148 4179
f 4179 4148 4141
f 4085 4084 4183
f 4183 4084 6315
f 4179 4141 4159
f 4159 4141 4088
f 4192 4130 4162
f 4162 4130 4094
f 4197 5288 4198
f 4198 5288 5287
f 4229 4766 4230
f 4230 4766 4771
f 4245 4246 4242
f 4242 4246 4249
f 4183 6315 4418
f 4418 6315 6314
f 4679 4178 4680
f 4680 4178 4177
f 4724 4798 4725
f 4725 4798 4271
f 4728 5275 4729
f 4729 5275 5274
f 4230 4771 4249
f 4249 4771 4242
f 4724 4723 4799
f 4799 4723 5355
f 4823 4824 4891
f 4891 4824 6327
f 4823 4192 4161
f 4161 4192 4162
f 4893 4767 4229
f 4229 4767 4766
f 4894 4895 4898
f 4898 4895 4899
f 4106 4150 4103
f 4103 4150 5225
f 4680 4894 4677
f 4677 4894 4898
f 6420 4977 5301
f 5301 4977 4976
f 4679 4678 5226
f 5226 4678 4427
f 5228 5008 4893
f 4893 5008 4767
f 5285 6354 5286
f 5286 6354 5343
f 5289 5352 5290
f 5290 5352 5349
f 5290 5349 5295
f 5295 5349 5348
f 5302 5299 4202
f 4202 5299 4976
f 4725 4271 5311
f 5311 4271 4270
f 5325 4723 5326
f 5326 4723 4722
f 5335 5355 5325
f 5325 5355 4723
f 5326 4722 5286
f 5286 4722 5283
f 4799 5357 4797
f 4797 5357 5361
f 5359 5356 5335
f 5335 5356 5355
f 4775 4774 5356
f 5356 4774 5357
f 5359 5358 4092
f 4092 5358 4093
f 6316 4740 6317
f 6317 4740 4739
f 6318 4827 6316
f 6316 4827 4740
f 6319 4828 6318
f 6318 4828 4827
f 6320 6480 6319
f 6319 6480 4828
f 6484 6322 6485
f 6485 6322 6321
f 6487 6324 6331
f 6331 6324 6323
f 6331 6323 6330
f 6330 6323 6325
f 6325 6326 6330
f 6330 6326 6329
f 6326 6328 6329
f 6329 6328 5231
f 4824 4685 5228
f 5228 4685 5008
f 5226 6343 5225
f 5225 6343 4103
f 4728 4727 6349
f 6349 4727 5284
f 6350 6351 5285
f 5285 6351 6354
f 4247 4246 6418
f 6418 4246 6365
f 6400 6402 6401
f 6401 6402 6459
f 4197 4196 6409
f 6409 4196 6426
f 6412 4897 6328
f 6328 4897 5231
f 6413 4133 6412
f 6412 4133 4897
f 6414 4134 6413
f 6413 4134 4133
f 6415 4225 6414
f 6414 4225 4134
f 6416 4252 6415
f 6415 4252 4225
f 6417 4253 6416
f 6416 4253 4252
f 4253 6417 6366
f 6366 6417 6419
f 6366 6419 4911
f 4911 6419 6421
f 6422 6423 4908
f 4908 6423 5298
f 5298 6423 6396
f 6396 6423 6424
f 6409 6426 6425
f 6425 6426 6397
f 5300 5299 6399
f 6399 5299 6400
f 6465 6408 6401
f 6401 6408 6398
f 6424 6399 6425
f 6425 6399 6398
f 6349 5284 5311
f 5311 5284 5283
f 6465 6464 5289
f 5289 6464 5352
f 6488 6483 6492
f 6492 6483 6482
f 6486 6491 6482
f 6482 6491 6492
f 6491 4895 6492
f 6492 4895 4157
f 6488 4160 6489
f 6489 4160 4087
f 6501 6502 4418
f 4418 6502 4417
f 6504 6500 6317
f 6317 6500 6314
f 3497 3496 6501
f 6501 3496 6502
f 3499 3498 6504
f 6504 3498 6500
f 4729 5274 4198
f 4198 5274 4195
f 6418 6365 6420
f 6420 6365 4977
f 5295 5348 6350
f 6350 5348 6351
f 5301 6422 6420
f 6420 6422 6421
f 4113 4112 4086
f 4086 4112 4083
f 6320 4112 6880
f 6880 4112 4111
f 4091 4772 4092
f 4092 4772 4775
f 4129 4140 4091
f 4091 4140 4772
f 4137 4140 4128
f 4128 4140 4129
f 4128 6324 4137
f 4137 6324 6321
f 6324 6487 6321
f 6321 6487 6485
f 6487 6486 6485
f 6485 6486 6482
f 4774 4773 4779
f 4779 4773 4776
f 4773 4139 4776
f 4776 4139 4114
f 4139 4138 4114
f 4114 4138 4111
f 4138 6322 4111
f 4111 6322 6880
f 6322 6484 6880
f 6880 6484 6481
f 6484 6483 6481
f 6481 6483 6478
f 6879 6343 6309
f 6309 6343 4428
f 4106 4105 4900
f 4900 4105 6307
f 3500 3167 6495
f 6495 3167 6496
f 3500 6495 3070
f 3070 6495 5368
f 3502 5235 3501
f 3501 5235 4813
f 3024 3503 6473
f 6473 3503 6474
f 3503 3023 6474
f 6474 3023 6374
f 3504 1770 4348
f 4348 1770 4345
f 3502 3505 5235
f 5235 3505 4810
f 3498 3497 6500
f 6500 3497 6501
f 3496 3075 6502
f 6502 3075 6275
f 6299 4254 3174
f 3174 4254 3017
f 1769 3501 4814
f 4814 3501 4813
f 3506 3018 6476
f 6476 3018 4257
f 3507 3499 6499
f 6499 3499 6504
f 3030 4216 3483
f 3483 4216 4215
f 3077 3507 6333
f 6333 3507 6499
f 1784 3160 5249
f 5249 3160 6523
f 3015 3506 4240
f 4240 3506 6476
f 3508 3504 6383
f 6383 3504 4348
f 3509 3016 6477
f 6477 3016 4239
f 3028 3509 6467
f 6467 3509 6477
f 3022 1785 5246
f 5246 1785 5247
f 3161 3508 6570
f 6570 3508 6383
f 3150 3149 4694
f 4694 3149 6566
f 1327 4807 3510
f 3510 4807 4811
f 3510 4811 3505
f 3505 4811 4810
f 3146 3511 4816
f 4816 3511 4350
f 3511 1808 4350
f 4350 1808 4351
f 3485 4327 3159
f 3159 4327 4330
f 1326 3512 4806
f 4806 3512 6310
f 3512 1331 6310
f 6310 1331 4688

