# https://github.com/mikedh/trimesh
v 0.05428607 -0.85693878 -0.35099566
v 0.05006942 -0.84099168 -0.35338074
v 0.05956877 -0.84106445 -0.34261370
v 0.06365219 -0.85424018 -0.33712542
v 0.05742788 -0.83009171 -0.34607616
v 0.04835036 -0.82853234 -0.35411081
v 0.06538420 -0.83889824 -0.33056682
v 0.06863028 -0.84948218 -0.32228580
v 0.07037855 -0.80878359 -0.30777121
v 0.07313830 -0.80813420 -0.29682350
v 0.07222854 -0.81943095 -0.30202666
v 0.06875159 -0.81717712 -0.31150779
v 0.06936767 -0.78551507 -0.29616451
v 0.06458389 -0.77405226 -0.30161935
v 0.06577557 -0.76864100 -0.28911170
v 0.06935614 -0.78035223 -0.28260076
v 0.03521509 -0.77776897 -0.33218592
v 0.04049978 -0.77219093 -0.32828438
v 0.04420931 -0.77912116 -0.32910705
v 0.03819973 -0.78399265 -0.33252409
v 0.02714807 -0.78466880 -0.34236175
v 0.02773626 -0.79094326 -0.34075764
v 0.02376650 -0.79265940 -0.34764683
v 0.02403861 -0.78540790 -0.34980837
v 0.02996781 -0.77225852 -0.33138773
v 0.03570209 -0.76641214 -0.32714370
v 0.03082652 -0.78239322 -0.33604917
v 0.02926470 -0.77736348 -0.33703709
v 0.02774973 -0.76785028 -0.34559959
v 0.02905456 -0.77300745 -0.34560448
v 0.02681307 -0.77162600 -0.35280025
v 0.02545332 -0.76664406 -0.35053194
v 0.02942346 -0.77028698 -0.33605456
v 0.03017384 -0.77229631 -0.33966094
v 0.02817130 -0.76773334 -0.34093726
v 0.02646011 -0.76648080 -0.33744729
v 0.02696625 -0.77941239 -0.34387207
v 0.02504142 -0.77889097 -0.35160333
v 0.02216946 -0.77781975 -0.35921603
v 0.02356573 -0.76894677 -0.35976064
v 0.05054281 -0.76200426 -0.31629923
v 0.04611836 -0.76691949 -0.32314974
v 0.04138639 -0.76154101 -0.32284999
v 0.04583256 -0.75732994 -0.31768692
v 0.02718613 -0.76485729 -0.33303145
v 0.03087521 -0.74993151 -0.32716021
v 0.03119661 -0.75352973 -0.32867652
v 0.02578732 -0.75273049 -0.33349508
v 0.02607190 -0.74940836 -0.33185026
v 0.05465110 -0.75146186 -0.30223656
v 0.04981415 -0.74816793 -0.30722016
v 0.04988293 -0.74261045 -0.30212584
v 0.05422753 -0.74474156 -0.29569191
v 0.04750841 -0.73714596 -0.29930988
v 0.05253623 -0.73787218 -0.29018879
v 0.04363896 -0.72387278 -0.28658792
v 0.04825021 -0.73019391 -0.28758854
v 0.04388314 -0.73136663 -0.29832333
v 0.03928243 -0.72515672 -0.30011511
v 0.02877289 -0.72619724 -0.31180251
v 0.02335756 -0.72362006 -0.31492925
v 0.02778620 -0.71296227 -0.30757773
v 0.03364889 -0.71803451 -0.30405200
v 0.02982643 -0.74570811 -0.32102889
v 0.03325749 -0.74685299 -0.31789786
v 0.03396011 -0.74755704 -0.32057804
v 0.03041036 -0.74727499 -0.32461643
v 0.03674094 -0.74741262 -0.31549841
v 0.03834320 -0.74745917 -0.31458187
v 0.03831175 -0.74829119 -0.31629199
v 0.03679818 -0.74785686 -0.31638858
v 0.03491562 -0.74722624 -0.31694227
v 0.03383363 -0.74523956 -0.31670848
v 0.03583717 -0.74645936 -0.31569034
v 0.03079503 -0.74331838 -0.31951964
v 0.01975167 -0.73787892 -0.32822758
v 0.02327021 -0.73893040 -0.32652596
v 0.02163468 -0.74338984 -0.32742971
v 0.01862940 -0.74279189 -0.32889035
v 0.03697231 -0.74941146 -0.31879115
v 0.03931810 -0.75108492 -0.31883758
v 0.03604259 -0.75251168 -0.32337555
v 0.03472260 -0.74993765 -0.32204577
v 0.04207322 -0.75321883 -0.31880924
v 0.04056650 -0.74964583 -0.31587440
v 0.04366785 -0.75081158 -0.31498784
v 0.03762146 -0.74583864 -0.31384587
v 0.04021208 -0.74488634 -0.31149173
v 0.04105882 -0.74706876 -0.31348372
v 0.03824064 -0.74162179 -0.31100810
v 0.03529312 -0.74360758 -0.31437588
v 0.03229393 -0.74076319 -0.31675616
v 0.02846915 -0.73776501 -0.32018995
v 0.03049698 -0.73447669 -0.31516936
v 0.03485288 -0.73800540 -0.31241697
v 0.03802336 -0.75660700 -0.32366157
v 0.04497658 -0.74729645 -0.31091103
v 0.04818751 -0.75350755 -0.31255233
v 0.04457838 -0.74330777 -0.30788869
v 0.04245505 -0.73906171 -0.30618313
v 0.03865148 -0.73458356 -0.30651319
v 0.03393710 -0.73020202 -0.30883434
v 0.02839034 -0.70927382 -0.29283160
v 0.03589278 -0.71552610 -0.28997546
v 0.04567344 -0.82205194 -0.34955704
v 0.05381701 -0.82295454 -0.34508762
v 0.05346005 -0.81741655 -0.33788672
v 0.05525288 -0.81959474 -0.33834431
v 0.05063774 -0.81970221 -0.34262449
v 0.04974375 -0.81745231 -0.34097070
v 0.06414286 -0.81664741 -0.31844699
v 0.06022912 -0.81645203 -0.32424283
v 0.06018389 -0.81352836 -0.32142836
v 0.06541846 -0.81084901 -0.31518379
v 0.05416685 -0.80350173 -0.32664600
v 0.05764761 -0.80606484 -0.32326376
v 0.05449597 -0.81111550 -0.32879472
v 0.05189565 -0.80931020 -0.33125257
v 0.04854764 -0.80801475 -0.33348686
v 0.04463212 -0.80744708 -0.33538169
v 0.04495079 -0.80256337 -0.33289787
v 0.04964554 -0.80254221 -0.33008692
v 0.04438053 -0.81978327 -0.34526747
v 0.03708230 -0.81894839 -0.34576374
v 0.03834166 -0.81662810 -0.34342784
v 0.04448135 -0.81716597 -0.34339386
v 0.02773650 -0.81166947 -0.33798859
v 0.02899283 -0.81367713 -0.33963400
v 0.02579345 -0.81425911 -0.34195375
v 0.02488619 -0.81049383 -0.33967170
v 0.02724583 -0.80774057 -0.33825278
v 0.02913073 -0.81004286 -0.33757883
v 0.04484276 -0.87753195 -0.35873437
v 0.04168067 -0.85796857 -0.36143589
v 0.05820365 -0.87601256 -0.34328389
v 0.06687252 -0.86989141 -0.32797772
v 0.07210387 -0.86093879 -0.31294814
v 0.06044628 -0.75859368 -0.29606551
v 0.06062811 -0.75223923 -0.28679436
v 0.06630547 -0.76367772 -0.27723205
v 0.06377934 -0.75569439 -0.26898506
v 0.05827176 -0.74362338 -0.27973986
v 0.04443863 -0.72708690 -0.27192724
v 0.05289292 -0.73466170 -0.27444345
v 0.05802705 -0.74824685 -0.26067770
v 0.06283455 -0.76583272 -0.24981579
v 0.06716989 -0.76997179 -0.25966486
v 0.06452279 -0.78468680 -0.24335027
v 0.05647220 -0.76287818 -0.23627019
v 0.06062559 -0.78637558 -0.23492838
v 0.04305078 -0.72904485 -0.22575863
v 0.04522757 -0.72084278 -0.21614957
v 0.05412851 -0.73244071 -0.20547885
v 0.05327003 -0.74027777 -0.21497431
v 0.06950575 -0.77511919 -0.26985905
v 0.07280016 -0.83198011 -0.29870543
v 0.07037831 -0.82804024 -0.30946919
v 0.07452305 -0.82137960 -0.29075316
v 0.07264564 -0.89494479 -0.30182803
v 0.06983957 -0.88398415 -0.31680828
v 0.07583929 -0.87176424 -0.30363986
v 0.07770330 -0.88323730 -0.29122177
v 0.04668436 -0.92197275 -0.32666528
v 0.04829065 -0.90102834 -0.34589359
v 0.05929751 -0.89410633 -0.33234534
v 0.06081353 -0.91106385 -0.31634784
v 0.07767586 -0.88956362 -0.27823389
v 0.07563216 -0.89658141 -0.26139742
v 0.06982798 -0.91361344 -0.26179698
v 0.07186681 -0.90691692 -0.28320879
v 0.05785134 -0.93477082 -0.26392877
v 0.05967416 -0.92627251 -0.29073822
v 0.05824292 -0.77752173 -0.21968979
v 0.05932351 -0.79528129 -0.22478190
v 0.05240183 -0.74991608 -0.22655541
v 0.05733620 -0.76269257 -0.21291953
v 0.03918921 -0.94929540 -0.26726800
v 0.04229342 -0.94045651 -0.29951894
v 0.05785160 -0.89245582 -0.20884559
v 0.06170278 -0.90590024 -0.22285993
v 0.07028311 -0.88854057 -0.23215576
v 0.06669253 -0.87850869 -0.21826339
v 0.04513549 -0.90689337 -0.19941632
v 0.04873724 -0.92269659 -0.21599470
v 0.04679780 -0.83943307 -0.18979402
v 0.04094293 -0.82090914 -0.19082381
v 0.03176960 -0.82611334 -0.18043932
v 0.03630871 -0.84644985 -0.17701221
v 0.06311910 -0.82977027 -0.33656806
v 0.05945336 -0.82279754 -0.33869675
v 0.06223898 -0.82212353 -0.33157682
v 0.06603311 -0.82758498 -0.32738197
v 0.06828154 -0.83446455 -0.31931305
v 0.07077715 -0.84228867 -0.30951989
v 0.07664940 -0.86133307 -0.29143634
v 0.07943449 -0.87309086 -0.28154498
v 0.07791165 -0.88294446 -0.25836095
v 0.07947974 -0.87782943 -0.27147338
v 0.07341818 -0.87407809 -0.23463616
v 0.07087307 -0.86743653 -0.22595911
v 0.05650400 -0.81014997 -0.21436423
v 0.05400109 -0.78980404 -0.20700611
v 0.04548854 -0.79808128 -0.19625372
v 0.04817773 -0.81670606 -0.20160702
v 0.02748931 -0.80840290 -0.18069768
v 0.03655329 -0.80347556 -0.18814546
v 0.05183784 -0.76110113 -0.19084391
v 0.05205778 -0.75162435 -0.18032904
v 0.04594084 -0.76085067 -0.16874209
v 0.04461357 -0.76904792 -0.17952758
v 0.03754688 -0.76611465 -0.15824679
v 0.02660899 -0.76895332 -0.15133730
v 0.02631967 -0.77982122 -0.16320667
v 0.03560279 -0.77615738 -0.17002536
v 0.02418845 -0.70539027 -0.22926801
v 0.02503833 -0.69907582 -0.22099614
v 0.03617953 -0.70530486 -0.21592557
v 0.03382024 -0.71219122 -0.22387503
v 0.05463819 -0.74532402 -0.16954567
v 0.04907420 -0.75589323 -0.15801972
v 0.05481635 -0.83285683 -0.20288116
v 0.05975299 -0.83024114 -0.21411771
v 0.04097288 -0.76013774 -0.14659977
v 0.03577820 -0.78771871 -0.18017153
v 0.04471095 -0.78120267 -0.18847813
v 0.01596333 -0.81284082 -0.17545377
v 0.01896561 -0.83045405 -0.17309110
v 0.03268644 -0.78808361 -0.33573192
v 0.03519750 -0.80456483 -0.33619207
v 0.03583257 -0.80818570 -0.33739793
v 0.03185195 -0.80907130 -0.33763784
v 0.03077978 -0.80588716 -0.33715516
v 0.02598254 -0.83583391 -0.36651558
v 0.02424872 -0.82054800 -0.35968429
v 0.03712530 -0.82511556 -0.35898507
v 0.03870683 -0.83875167 -0.36180872
v 0.06116288 -0.78141886 -0.31551337
v 0.05292524 -0.78370774 -0.32487577
v 0.05029906 -0.77415663 -0.32383543
v 0.05571250 -0.76963174 -0.31571591
v 0.05775316 -0.81639391 -0.32793683
v 0.05941425 -0.81826818 -0.32871610
v 0.05716278 -0.81693482 -0.33104032
v 0.05290480 -0.75706828 -0.30978805
v 0.05878774 -0.76418388 -0.30605847
v 0.07402907 -0.80833894 -0.28381565
v 0.06737582 -0.82369471 -0.31856570
v 0.02534953 -0.92919427 -0.33690459
v 0.02870550 -0.90394825 -0.35767049
v 0.01805999 -0.95952320 -0.27311119
v 0.02164929 -0.94866139 -0.30690625
v 0.03180805 -0.93687040 -0.20987120
v 0.02982627 -0.91914999 -0.19060096
v 0.01089967 -0.92919612 -0.18739754
v 0.01012946 -0.94582319 -0.21005911
v 0.02173074 -0.85098839 -0.16953635
v 0.01647014 -0.77040482 -0.14825970
v 0.01495807 -0.78328347 -0.15919630
v 0.03040501 -0.87810916 -0.36681083
v 0.02836717 -0.85558039 -0.36844116
v 0.07388162 -0.85140228 -0.29932684
v 0.07003407 -0.79937899 -0.30692872
v 0.06594512 -0.80393028 -0.31501421
v 0.06420398 -0.79826713 -0.31762129
v 0.06786773 -0.79112148 -0.30886701
v 0.07178387 -0.79555035 -0.29498410
v 0.07185159 -0.79383594 -0.28025845
v 0.07181000 -0.79287744 -0.26352894
v 0.06810331 -0.78669226 -0.25200513
v 0.07263289 -0.89733994 -0.24510376
v 0.06476042 -0.91496664 -0.23967643
v 0.05347490 -0.93304539 -0.23701413
v 0.03476484 -0.94728231 -0.23632368
v 0.07518994 -0.88520646 -0.24532947
v 0.01374826 -0.95691806 -0.23979573
v 0.02499371 -0.75721133 -0.33476073
v 0.03134511 -0.75956357 -0.32939225
v 0.02325852 -0.76111525 -0.33667129
v 0.02425027 -0.73542374 -0.32300347
v 0.02024718 -0.73404557 -0.32486522
v 0.02082532 -0.73048532 -0.31939262
v 0.02559838 -0.73192632 -0.31767517
v 0.02661437 -0.71284008 -0.27655551
v 0.03530344 -0.71932942 -0.27357709
v 0.02404906 -0.71065426 -0.23897532
v 0.03270382 -0.71838367 -0.23327564
v 0.02361188 -0.76715386 -0.34439799
v 0.02203730 -0.76717126 -0.34510261
v 0.02154812 -0.76722503 -0.34270194
v 0.02356154 -0.76739717 -0.34208220
v 0.03547857 -0.74789441 -0.31829315
v 0.02149522 -0.74826032 -0.33451718
v 0.01846426 -0.74759376 -0.33545047
v 0.01849616 -0.74513894 -0.33236986
v 0.02158406 -0.74572194 -0.33138165
v 0.04696906 -0.73918402 -0.25214446
v 0.04283961 -0.73593891 -0.23734763
v 0.05616346 -0.74039406 -0.19334024
v 0.05638319 -0.75048804 -0.20327955
v 0.05267991 -0.77390563 -0.19989263
v 0.02604347 -0.79429287 -0.17307317
v 0.01569049 -0.79695249 -0.16742854
v -0.00897399 -0.80089617 -0.16701573
v -0.00966543 -0.81586283 -0.17124753
v 0.00381180 -0.81499010 -0.17162979
v 0.00303319 -0.79925674 -0.16644312
v 0.03454399 -0.72392112 -0.25770462
v 0.02553904 -0.71648240 -0.26189488
v 0.02461204 -0.71588290 -0.24992734
v 0.03301538 -0.72360575 -0.24491012
v 0.01854689 -0.76364124 -0.34493196
v 0.01731814 -0.76205355 -0.34610564
v 0.01745272 -0.76127791 -0.34251323
v 0.01920613 -0.76357627 -0.34254235
v 0.02419037 -0.76644564 -0.33944112
v 0.02198478 -0.76536232 -0.33947104
v 0.02233171 -0.76371586 -0.33834291
v 0.02515075 -0.76681268 -0.34465873
v 0.02525390 -0.76683795 -0.34152412
v 0.02111128 -0.76518655 -0.34991223
v 0.02367542 -0.76594090 -0.34795120
v 0.02185098 -0.76315093 -0.35434255
v 0.01985053 -0.76528299 -0.34392080
v 0.02020451 -0.76493526 -0.34183085
v 0.02313834 -0.76701903 -0.34050712
v 0.02153241 -0.76653266 -0.34078312
v 0.02109443 -0.76604837 -0.34797674
v 0.02272745 -0.76657438 -0.34649822
v 0.02089129 -0.78580594 -0.35711104
v 0.01530915 -0.78533447 -0.36074650
v 0.01609867 -0.77680218 -0.36278197
v 0.01661688 -0.76748955 -0.36357224
v 0.01618874 -0.76124918 -0.35771248
v 0.01679813 -0.71122473 -0.25250465
v 0.01613205 -0.70623291 -0.24213503
v 0.01242755 -0.85345012 -0.37129942
v 0.01300335 -0.83401442 -0.36764997
v 0.03601670 -0.74755251 -0.31612584
v 0.03681172 -0.82095188 -0.35035563
v 0.05901735 -0.79399896 -0.32257086
v 0.03949080 -0.79074013 -0.33254427
v 0.04581636 -0.78725415 -0.32953000
v 0.04561063 -0.79536200 -0.33089161
v 0.03981747 -0.79729420 -0.33349520
v 0.02772375 -0.81784689 -0.35039163
v 0.01946777 -0.81163824 -0.35426897
v 0.02226017 -0.81332415 -0.34711596
v 0.02157026 -0.80756664 -0.34406903
v 0.01999751 -0.80303329 -0.35162815
v 0.02361284 -0.79885602 -0.34436953
v 0.02446502 -0.80379730 -0.34015441
v 0.05576647 -0.81725663 -0.33440968
v 0.05792570 -0.81925809 -0.33343348
v 0.02825175 -0.79640162 -0.33894935
v 0.03354356 -0.79380631 -0.33519584
v 0.03427614 -0.79942608 -0.33521786
v 0.02905727 -0.80141115 -0.33727407
v 0.05195764 -0.79387677 -0.32717985
v 0.06334338 -0.82049251 -0.32455766
v 0.05959071 -0.80970609 -0.32125485
v 0.06450056 -0.83103675 -0.22393128
v 0.06151211 -0.81776237 -0.22506724
v 0.07050996 -0.80000830 -0.23760398
v 0.06852183 -0.79541552 -0.23834629
v 0.06252877 -0.79989570 -0.23676145
v 0.06748657 -0.80406809 -0.23512292
v 0.07735762 -0.85614562 -0.24498934
v 0.07669333 -0.86433125 -0.24506076
v 0.07800837 -0.86196792 -0.25225770
v 0.07705116 -0.85552937 -0.24777438
v 0.07723840 -0.85562921 -0.25508457
v 0.07764959 -0.85757780 -0.25903130
v 0.07706060 -0.84954774 -0.25621259
v 0.07666188 -0.85122520 -0.25312787
v 0.07936401 -0.86693573 -0.26492521
v 0.07819172 -0.86041236 -0.27311340
v 0.07681685 -0.85103762 -0.26451159
v 0.07448441 -0.83828914 -0.28452635
v 0.07387353 -0.83383995 -0.26800615
v 0.07498647 -0.84325558 -0.26736015
v 0.07604223 -0.85093153 -0.27904457
v 0.06961615 -0.79815865 -0.24470074
v 0.06991313 -0.80359674 -0.25173804
v 0.06070435 -0.80663735 -0.23064798
v -0.01860314 -0.93059754 -0.19618487
v -0.01294771 -0.94905555 -0.21892446
v 0.05589073 -0.87634969 -0.19827425
v 0.04385848 -0.88754988 -0.18779232
v 0.06417935 -0.86535919 -0.20880052
v 0.06870135 -0.85685295 -0.21909653
v 0.02738020 -0.89856112 -0.18082556
v 0.00993522 -0.90267283 -0.17408277
v 0.07516141 -0.82280082 -0.27723375
v 0.07215896 -0.82294327 -0.26393202
v 0.05222838 -0.85804123 -0.19137853
v 0.04049914 -0.86723769 -0.18018781
v 0.06011449 -0.84967315 -0.20334677
v 0.06502786 -0.84459275 -0.21500830
v 0.02315873 -0.87609017 -0.17352334
v 0.00461827 -0.85274845 -0.16613792
v 0.00605042 -0.87707347 -0.16911924
v 0.07193664 -0.81074178 -0.24225402
v 0.07073357 -0.80755085 -0.24592173
v 0.07077988 -0.80225956 -0.24175647
v 0.07354253 -0.80486751 -0.24066436
v 0.07394425 -0.80924565 -0.26978099
v 0.07161222 -0.81290090 -0.25759211
v 0.02053896 -0.79381084 -0.35482842
v 0.01369878 -0.80225468 -0.35736531
v 0.01460350 -0.79368556 -0.35896724
v 0.01316808 -0.81089854 -0.35787797
v -0.00077801 -0.94877595 -0.31447646
v 0.00375559 -0.92972106 -0.34293252
v -0.00999814 -0.96123493 -0.24810112
v -0.00541558 -0.96096492 -0.28174958
v 0.01847306 -0.72224832 -0.31687135
v 0.02109178 -0.71018505 -0.31007841
v 0.02049952 -0.75574034 -0.33772355
v 0.01756440 -0.75471795 -0.33837306
v 0.01812714 -0.75090998 -0.33709013
v 0.02113536 -0.75181091 -0.33632064
v 0.03029135 -0.81725127 -0.34434140
v 0.00417271 -0.83292329 -0.16868670
v 0.00312240 -0.78492653 -0.15798785
v 0.00394495 -0.77160645 -0.14766674
v 0.02963000 -0.76184046 -0.13874681
v 0.01697982 -0.76173842 -0.13496037
v 0.01714206 -0.75823843 -0.34007186
v 0.01970455 -0.75935030 -0.33909988
v 0.02016059 -0.76605594 -0.34650061
v 0.02584423 -0.74651968 -0.32893038
v 0.01960149 -0.76203203 -0.34033877
v 0.02027668 -0.76404220 -0.34093744
v 0.01549396 -0.76034212 -0.34307331
v 0.01559359 -0.75779849 -0.34026080
v 0.04006117 -0.80331159 -0.33496001
v 0.04020452 -0.80758131 -0.33671355
v 0.01859378 -0.76199901 -0.35004449
v 0.01905797 -0.76404774 -0.34810811
v 0.01531575 -0.76077324 -0.35066023
v 0.04747242 -0.71372843 -0.20732754
v 0.05511802 -0.72420824 -0.19559145
v 0.01635936 -0.74731410 -0.33576277
v 0.01629696 -0.74470806 -0.33276778
v 0.00748623 -0.90387070 -0.36394361
v -0.01336465 -0.85143924 -0.16751939
v -0.01260409 -0.87375939 -0.16950136
v 0.07311764 -0.83131504 -0.25791380
v 0.07415453 -0.83016926 -0.25122294
v 0.07551952 -0.83727002 -0.25230134
v 0.07483110 -0.83902538 -0.25926489
v 0.01579313 -0.70101905 -0.23253062
v 0.05718580 -0.73454702 -0.18228193
v 0.00402514 -0.76247954 -0.13394907
v 0.05740503 -0.81506836 -0.32670784
v 0.05621076 -0.81322831 -0.32707185
v 0.03278055 -0.81566823 -0.34171495
v -0.01862860 -0.90239459 -0.17874230
v 0.02711959 -0.74083030 -0.32331696
v 0.02549555 -0.74447811 -0.32484210
v -0.00850423 -0.78646219 -0.15930124
v 0.01765494 -0.71220767 -0.26431388
v 0.01586354 -0.76112139 -0.34678999
v -0.01117751 -0.83216977 -0.16974090
v 0.07696541 -0.84665799 -0.24762963
v 0.07904284 -0.84381938 -0.24944788
v 0.07833576 -0.84109962 -0.24784780
v 0.07665400 -0.84230471 -0.24713147
v 0.08051786 -0.84484482 -0.25485837
v 0.08131433 -0.84280109 -0.25119847
v 0.08278397 -0.84578335 -0.25135896
v 0.08170444 -0.84855175 -0.25453168
v 0.07669310 -0.84511834 -0.25832820
v 0.07837775 -0.84106678 -0.25416440
v 0.08362992 -0.84830540 -0.25059408
v 0.08372959 -0.85021943 -0.25294590
v 0.08098846 -0.85218525 -0.25307736
v 0.07715461 -0.85375333 -0.25061697
v 0.08579323 -0.85262525 -0.25023744
v 0.08202454 -0.85528004 -0.24976791
v 0.08783282 -0.85461891 -0.24546809
v 0.08295929 -0.85758084 -0.24512708
v 0.08846176 -0.85441446 -0.23911102
v 0.08264954 -0.85674334 -0.23859172
v 0.07123557 -0.81433928 -0.24953488
v 0.07102522 -0.81750697 -0.24340852
v 0.08851525 -0.85122234 -0.23373291
v 0.08193060 -0.85245359 -0.23305060
v 0.08770627 -0.84569645 -0.22904640
v 0.08149509 -0.84660828 -0.22806597
v 0.08585130 -0.83906066 -0.22612526
v 0.08075354 -0.83934081 -0.22469085
v 0.08424504 -0.83184749 -0.22473818
v 0.07916710 -0.83109570 -0.22308508
v 0.08241426 -0.82395047 -0.22527641
v 0.07714967 -0.82106650 -0.22317755
v 0.08438662 -0.85304493 -0.24390608
v 0.08507246 -0.85207927 -0.23912111
v 0.07501339 -0.85336977 -0.24175403
v 0.08371403 -0.85156798 -0.24841104
v 0.07566587 -0.83984959 -0.23979579
v 0.07378776 -0.84240043 -0.24081242
v 0.07443448 -0.84058690 -0.24057603
v 0.07316948 -0.84041572 -0.23792219
v 0.07241550 -0.82342589 -0.24774683
v 0.07348754 -0.82494527 -0.24421413
v 0.07416140 -0.82976764 -0.24691606
v 0.07173332 -0.82151031 -0.24201281
v 0.07080678 -0.82318300 -0.24169326
v 0.07066579 -0.82615483 -0.24373540
v 0.07046632 -0.83045834 -0.24561171
v 0.07111309 -0.82285619 -0.23924538
v 0.07242453 -0.82085931 -0.23887867
v 0.06993550 -0.82415271 -0.23956257
v 0.06967746 -0.82432902 -0.24093291
v 0.06865137 -0.82676548 -0.24122609
v 0.06937219 -0.83097965 -0.24065439
v 0.07187683 -0.82277369 -0.25422370
v 0.06998655 -0.83084440 -0.23049659
v 0.06722844 -0.82120109 -0.23012365
v 0.07989750 -0.81671143 -0.22824319
v 0.07623381 -0.81108832 -0.22538126
v 0.07595394 -0.80293441 -0.23629965
v 0.07649204 -0.80386090 -0.22975376
v 0.07388062 -0.84942162 -0.23744228
v 0.07345160 -0.84470719 -0.23342980
v 0.06648910 -0.81182611 -0.23270196
v 0.07234343 -0.83875477 -0.23077181
v 0.08087286 -0.82702464 -0.22837579
v 0.07833470 -0.82215941 -0.23057824
v 0.08307295 -0.83271217 -0.22755136
v 0.07361358 -0.81703222 -0.23840065
v 0.07516262 -0.81070626 -0.23744307
v 0.07797562 -0.81245887 -0.23253003
v 0.07548325 -0.81880218 -0.23391104
v 0.07988573 -0.82879484 -0.23165953
v 0.07639770 -0.82546496 -0.23306911
v 0.07685868 -0.83119684 -0.23332898
v 0.07347525 -0.82827532 -0.23472875
v 0.07169776 -0.82481408 -0.23676865
v 0.07357815 -0.82258332 -0.23562893
v 0.06961265 -0.83048618 -0.23591575
v 0.07311102 -0.83430433 -0.23527780
v 0.06949281 -0.82629544 -0.23797615
v 0.07952709 -0.83417547 -0.23380071
v 0.08170871 -0.83781707 -0.23477858
v 0.07985917 -0.83888233 -0.23825386
v 0.07661568 -0.83668697 -0.23640566
v 0.08365375 -0.83886886 -0.22860585
v 0.08383213 -0.83781803 -0.23174027
v 0.08198047 -0.83314085 -0.23101205
v 0.08469831 -0.84299159 -0.23345587
v 0.08420689 -0.84486067 -0.23118331
v 0.08297867 -0.84199339 -0.23560861
v 0.08166115 -0.84185469 -0.23811179
v 0.08458932 -0.84950703 -0.23985100
v 0.08486593 -0.84701055 -0.23645219
v 0.08520634 -0.84966218 -0.23483147
v 0.08383651 -0.84489954 -0.23793268
v 0.08331701 -0.84695190 -0.24049236
v 0.08169887 -0.84499907 -0.24061757
v 0.08235747 -0.84418899 -0.23864473
v 0.08139683 -0.84866637 -0.24939227
v 0.08027492 -0.84650731 -0.25012758
v 0.08239844 -0.85000074 -0.24698299
v 0.08010045 -0.85037369 -0.24797514
v 0.08073580 -0.84828448 -0.24595463
v 0.07861024 -0.84935093 -0.24805617
v 0.07962393 -0.84630537 -0.24564227
v 0.07773070 -0.84352803 -0.24495341
v 0.02886860 -0.68296176 -0.20749837
v 0.02699093 -0.69127560 -0.21339488
v 0.01621454 -0.68712306 -0.21589531
v 0.01684840 -0.67961109 -0.20957559
v 0.08086348 -0.84544992 -0.24330750
v 0.08210091 -0.84787703 -0.24332398
v 0.08339719 -0.85063577 -0.24360043
v 0.07837795 -0.84153724 -0.24135768
v 0.07972937 -0.84097672 -0.24028154
v 0.08063718 -0.84260482 -0.24054444
v 0.07928068 -0.84311771 -0.24262354
v 0.07443902 -0.83389437 -0.24802464
v 0.07240271 -0.83401501 -0.24451409
v 0.07231397 -0.83398736 -0.23976672
v 0.06187884 -0.68335485 -0.18323228
v 0.07457485 -0.69693679 -0.17324755
v 0.06839338 -0.70452940 -0.17511094
v 0.05656952 -0.69231391 -0.18494411
v 0.07391348 -0.65788823 -0.19136757
v 0.07690299 -0.63803929 -0.19481072
v 0.09545967 -0.64763623 -0.18831322
v 0.09421095 -0.67379892 -0.17718741
v 0.09556121 -0.62512988 -0.19449328
v 0.07778905 -0.61814231 -0.19866242
v 0.09441211 -0.56598228 -0.20753896
v 0.09526696 -0.58459258 -0.20329331
v 0.07818021 -0.58071357 -0.20747189
v 0.07765815 -0.56224406 -0.21081552
v 0.11514109 -0.48669276 -0.20529300
v 0.10376809 -0.48611701 -0.21035986
v 0.09660213 -0.47094116 -0.20399496
v 0.10916886 -0.47052747 -0.19703457
v 0.15892237 -0.61022449 -0.17868145
v 0.16871756 -0.60252666 -0.17175481
v 0.17180312 -0.62374943 -0.17434317
v 0.16055690 -0.63111627 -0.17892593
v 0.09897850 -0.72127491 -0.13998288
v 0.09071125 -0.72478914 -0.14153698
v 0.08920496 -0.70523190 -0.15739593
v 0.09802613 -0.70032007 -0.15784360
v 0.15581006 -0.51741564 -0.16203648
v 0.15225732 -0.52243209 -0.17381614
v 0.14844747 -0.50881505 -0.17689492
v 0.15119708 -0.50319093 -0.16687579
v 0.13175848 -0.42390597 -0.13451274
v 0.11855447 -0.41643953 -0.14939994
v 0.11883447 -0.39603370 -0.13969852
v 0.13254590 -0.40343052 -0.12409201
v 0.16127230 -0.47189379 -0.08158624
v 0.15994832 -0.45443645 -0.07371424
v 0.15783837 -0.46460742 -0.04929398
v 0.15946011 -0.48039412 -0.05619959
v 0.12329710 -0.57161003 -0.19819424
v 0.12497678 -0.59115678 -0.19466275
v 0.11084363 -0.58804625 -0.19891082
v 0.10964947 -0.56928486 -0.20323479
v 0.34259787 -0.67311203 -0.16449210
v 0.31587204 -0.67179728 -0.16278756
v 0.31742644 -0.65562427 -0.15985280
v 0.34447071 -0.65696752 -0.16138028
v 0.15700734 -0.36013025 -0.03138910
v 0.15876845 -0.34167632 -0.02406052
v 0.15772763 -0.35754061 -0.00179500
v 0.15470842 -0.37468994 -0.01065275
v 0.20780432 -0.69216609 -0.16823836
v 0.20769045 -0.71251953 -0.15417701
v 0.19491476 -0.71549231 -0.15413806
v 0.19472331 -0.69529390 -0.17011508
v 0.16045342 -0.57030308 -0.16992374
v 0.16411228 -0.58526385 -0.17012857
v 0.15652634 -0.59167141 -0.17874181
v 0.15355405 -0.57437181 -0.17928369
v 0.16565867 -0.51186043 -0.06224160
v 0.16793185 -0.52934027 -0.06552501
v 0.16924870 -0.52401930 -0.08390930
v 0.16778576 -0.50547206 -0.08347907
v 0.16520935 -0.48838621 -0.08310731
v 0.16291031 -0.49560225 -0.05964659
v 0.14536144 -0.57453370 -0.18623289
v 0.14735210 -0.59498382 -0.18539704
v 0.13707586 -0.59347451 -0.19006515
v 0.13518029 -0.57327735 -0.19256490
v 0.08808657 -0.45795161 -0.19540031
v 0.10335506 -0.45742023 -0.18677913
v 0.15345006 -0.32545292 -0.04571157
v 0.15300979 -0.34476131 -0.05261266
v 0.14324073 -0.33041155 -0.07115394
v 0.14243303 -0.31064916 -0.06437908
v 0.10104199 -0.43106323 -0.16799648
v 0.11592060 -0.43579242 -0.15703611
v 0.11441533 -0.44969544 -0.16748546
v 0.10011063 -0.44650126 -0.17651069
v 0.12758398 -0.29804349 -0.08093692
v 0.12879190 -0.31820971 -0.08731974
v 0.11245891 -0.30840147 -0.10227327
v 0.11160293 -0.28659812 -0.09553389
v 0.09565081 -0.60426772 -0.19920453
v 0.07808311 -0.59920889 -0.20346820
v 0.13329574 -0.49230796 -0.19216812
v 0.12516731 -0.48900315 -0.19910316
v 0.12044276 -0.47285271 -0.19038025
v 0.12988259 -0.47718409 -0.18379223
v 0.17653280 -0.58023655 -0.14227004
v 0.18578672 -0.59411287 -0.14305298
v 0.18428771 -0.61212665 -0.16347468
v 0.17611834 -0.59167123 -0.15980634
v 0.16041695 -0.33973819 0.00620888
v 0.16040279 -0.32350039 -0.01684779
v 0.12743843 -0.27814868 -0.07287137
v 0.11134984 -0.26580209 -0.08715707
v 0.21532062 -0.60472381 -0.08431365
v 0.21353355 -0.60468030 -0.09692793
v 0.20493303 -0.59291333 -0.09371074
v 0.20778345 -0.59397012 -0.08151127
v 0.06551082 -0.48405463 -0.21429040
v 0.07401136 -0.46606579 -0.20503116
v 0.08635972 -0.47845697 -0.21101227
v 0.08057120 -0.49329901 -0.21659555
v 0.12703151 -0.46502334 -0.17149015
v 0.11632073 -0.46033370 -0.17871878
v 0.12699310 -0.45528391 -0.15882926
v 0.04920665 -0.47507089 -0.20812213
v 0.05974591 -0.45239073 -0.19489090
v 0.06020822 -0.59380054 -0.20689547
v 0.06015993 -0.57642782 -0.21068858
v 0.05977526 -0.61141503 -0.20382603
v 0.05807735 -0.62953311 -0.20120305
v 0.04032905 -0.62333369 -0.20663323
v 0.04160787 -0.60576892 -0.20832393
v 0.05543092 -0.64710891 -0.19967486
v 0.03794760 -0.64021218 -0.20564781
v 0.04637967 -0.67247820 -0.19242646
v 0.04251046 -0.68236262 -0.19363490
v 0.16949293 -0.57668060 -0.15780759
v 0.16447198 -0.56356102 -0.15723015
v 0.14236566 -0.29164243 -0.05692532
v 0.10915865 -0.68334258 -0.03271152
v 0.12716958 -0.68588489 -0.04102730
v 0.12555915 -0.67129159 -0.03186841
v 0.10762402 -0.66826051 -0.02282190
v 0.11035117 -0.70143884 -0.15767375
v 0.10814091 -0.72151029 -0.13890637
v 0.18849765 -0.62047195 -0.04703784
v 0.18932486 -0.61084616 -0.04797217
v 0.17769960 -0.60544682 -0.04100256
v 0.17619339 -0.61640650 -0.04101653
v 0.21619694 -0.61120820 -0.06642263
v 0.21550786 -0.61797613 -0.06212654
v 0.23037025 -0.62511325 -0.06395263
v 0.23123404 -0.61814207 -0.06831878
v 0.14989275 -0.37121284 0.01810806
v 0.14587364 -0.38805836 0.00883932
v 0.13077374 -0.51454359 -0.00354046
v 0.13800687 -0.53006619 -0.01059351
v 0.14940131 -0.51724696 -0.02348207
v 0.14382707 -0.50151145 -0.01733291
v 0.00751801 -0.65197402 -0.03285572
v 0.02700835 -0.65801954 -0.02786914
v 0.02688207 -0.64468646 -0.02030857
v 0.00718123 -0.63909644 -0.02583034
v 0.06919819 -0.68612963 -0.03173576
v 0.04679122 -0.67822528 -0.03143338
v 0.04649663 -0.69008344 -0.04004747
v 0.06953812 -0.69871634 -0.04152016
v 0.08908379 -0.67894828 -0.02523527
v 0.08785373 -0.66394031 -0.01571468
v 0.16109802 -0.52124345 -0.04473036
v 0.16448592 -0.53714156 -0.04943142
v 0.17451178 -0.55979902 -0.05533826
v 0.18043306 -0.56814098 -0.05860139
v 0.18137465 -0.56337047 -0.07172348
v 0.17615800 -0.55452466 -0.06932708
v 0.08245958 -0.72999758 -0.14400512
v 0.08821563 -0.73881936 -0.12332721
v 0.07796493 -0.74298584 -0.12542471
v 0.04091990 -0.72932631 -0.08147724
v 0.05178146 -0.73298562 -0.08631504
v 0.05507606 -0.72834510 -0.07929881
v 0.04123586 -0.72419167 -0.07483035
v 0.03275318 -0.58334517 0.00844358
v 0.03735821 -0.56251496 0.01287088
v 0.01339721 -0.56099916 0.00985207
v 0.01069708 -0.58074105 0.00504497
v 0.18554975 -0.58130944 -0.05281701
v 0.18290333 -0.58794284 -0.04640363
v 0.19324461 -0.59483922 -0.05250673
v 0.19592080 -0.58838952 -0.05769892
v 0.17458083 -0.58142126 -0.04077078
v 0.17786716 -0.57419127 -0.04868488
v 0.17154168 -0.56623000 -0.04429461
v 0.16736992 -0.57424712 -0.03546334
v 0.14520645 -0.54387552 -0.01792606
v 0.15448642 -0.55661756 -0.02447471
v 0.16081308 -0.54645759 -0.03582560
v 0.15427947 -0.53221661 -0.03021676
v 0.01771238 -0.49378499 0.02271139
v 0.01698041 -0.51634896 0.01899159
v 0.03812579 -0.51676911 0.02249991
v 0.03761889 -0.49389023 0.02798728
v 0.22090264 -0.61587465 -0.12044163
v 0.23673013 -0.61991930 -0.12043425
v 0.23286933 -0.62548292 -0.13521524
v 0.21942329 -0.62119675 -0.13531403
v 0.23701315 -0.64795619 -0.05834109
v 0.23543212 -0.65474176 -0.05847235
v 0.24680454 -0.65996057 -0.06012647
v 0.24808879 -0.65352923 -0.05939863
v 0.26168847 -0.61711621 -0.10795985
v 0.28410247 -0.61683863 -0.10838291
v 0.27828577 -0.62191558 -0.12251666
v 0.25562748 -0.62138629 -0.12120976
v 0.11624634 -0.73187613 -0.11307946
v 0.10695112 -0.73448145 -0.11649494
v 0.11719123 -0.72235036 -0.13825709
v 0.24741501 -0.61393374 -0.08484408
v 0.24773674 -0.61699283 -0.07553113
v 0.26696223 -0.61947793 -0.07419002
v 0.26695815 -0.61541712 -0.08430238
v 0.34216350 -0.68986559 -0.15982777
v 0.31566572 -0.68854320 -0.15767479
v 0.31090325 -0.61687613 -0.09649673
v 0.28768408 -0.61491418 -0.09562451
v 0.28933987 -0.61674076 -0.08356547
v 0.31324878 -0.62074059 -0.08404850
v 0.13893946 -0.48600295 -0.01088536
v 0.12418699 -0.49813235 0.00228404
v 0.11943088 -0.39179242 0.04808291
v 0.11513275 -0.40934378 0.03780142
v 0.13178781 -0.40017653 0.02513780
v 0.13653587 -0.38313457 0.03519798
v 0.15248169 -0.35404974 0.02707801
v 0.12219759 -0.37297451 0.05806375
v 0.13932616 -0.36493814 0.04463426
v 0.06128559 -0.74844199 -0.13792053
v 0.06889915 -0.74606627 -0.13071249
v 0.05656094 -0.74805063 -0.11546533
v 0.05042307 -0.75284034 -0.12494214
v 0.16704021 -0.24967298 0.08309761
v 0.17429101 -0.23422354 0.05817987
v 0.17438965 -0.21230821 0.07501414
v 0.16469324 -0.22626816 0.10045767
v 0.02376109 -0.74123299 -0.09904254
v 0.02051565 -0.74921262 -0.11078436
v 0.03600086 -0.75146240 -0.11609487
v 0.04125457 -0.74490595 -0.10561757
v 0.16652119 -0.27205074 0.06932519
v 0.17265293 -0.25595555 0.04531766
v 0.06656612 -0.73681182 -0.15307762
v 0.07422855 -0.73333967 -0.14783156
v 0.06736584 -0.72321594 -0.16653274
v 0.07439729 -0.71850991 -0.16207583
v 0.06258380 -0.71126282 -0.17945121
v 0.17465594 -0.21622087 0.03576982
v 0.17796305 -0.19329603 0.05073091
v 0.04533897 -0.75628072 -0.13550033
v 0.03274473 -0.75676709 -0.12696932
v 0.01870841 -0.75548029 -0.12227694
v 0.00444042 -0.75522906 -0.12080783
v -0.01043659 -0.75519311 -0.12178349
v -0.00900828 -0.76258028 -0.13451938
v 0.16164841 -0.32248926 0.01337454
v 0.15517636 -0.33658698 0.03572307
v 0.10216488 -0.16102016 0.20321412
v 0.10553648 -0.14174232 0.19986804
v 0.07173801 -0.14393076 0.20408997
v 0.07313674 -0.16040066 0.20827810
v 0.00511537 -0.17085707 0.19661756
v 0.04033685 -0.16383618 0.20671202
v 0.03750768 -0.14772570 0.19907247
v 0.00372869 -0.15430003 0.18668799
v 0.01720360 -0.28696352 0.16171150
v 0.01992649 -0.30351937 0.14587629
v 0.04844701 -0.30376685 0.14890680
v 0.04641614 -0.28742799 0.16560298
v 0.14222036 -0.34791362 0.05401914
v 0.12526755 -0.35543728 0.06814978
v 0.16032009 -0.30640656 -0.00991843
v 0.18036045 -0.06412366 0.09834212
v 0.17827135 -0.03418943 0.11682625
v 0.17639545 -0.05734003 0.14980569
v 0.18172026 -0.08863196 0.13388127
v 0.13508677 -0.08730799 0.19799691
v 0.10149674 -0.09363151 0.20764376
v 0.10421982 -0.11886653 0.20238990
v 0.13899291 -0.11518851 0.19030921
v 0.09423552 -0.25497875 -0.10035662
v 0.09188694 -0.23567173 -0.08926361
v 0.10952818 -0.24698912 -0.07701058
v 0.03751105 -0.23429206 -0.12138740
v 0.03431500 -0.21603467 -0.10941433
v 0.05408784 -0.22015573 -0.10599519
v 0.05827504 -0.23914295 -0.11789775
v 0.03053332 -0.12177461 -0.04556526
v 0.03639387 -0.14430787 -0.05565065
v 0.02135641 -0.14154533 -0.05980963
v 0.01784567 -0.12064257 -0.04930225
v 0.16836300 -0.19789341 0.01380751
v 0.16469434 -0.21862227 0.00339702
v 0.14866187 -0.20216997 -0.01408499
v 0.15177859 -0.18133661 -0.00500412
v 0.03386727 -0.13106647 0.18791501
v 0.00444402 -0.13805103 0.17174932
v 0.16724199 -0.04387552 0.06380631
v 0.16662315 -0.01259685 0.08337325
v 0.14204949 0.00374228 0.05739552
v 0.14279088 -0.02691990 0.03922482
v 0.11098156 -0.01922718 0.02757494
v 0.10881300 0.00864106 0.04454340
v 0.00718060 -0.07008883 0.03202280
v 0.00868891 -0.06420475 0.03874081
v 0.02697423 -0.06791660 0.01297714
v 0.02148623 -0.07644859 0.00119926
v 0.00758561 -0.20808086 0.19945237
v 0.03896201 -0.20424467 0.20720248
v 0.03929705 -0.18410483 0.20916250
v 0.00676315 -0.18861052 0.20007099
v 0.10557290 -0.36013621 0.07853615
v 0.10270915 -0.37791881 0.06718592
v 0.08243537 -0.38107824 0.07196625
v 0.08033508 -0.40102261 0.06070953
v 0.10043031 -0.39728650 0.05693179
v 0.08516528 -0.52307713 0.01594552
v 0.09311867 -0.54138392 0.01200833
v 0.11365531 -0.52697873 0.00630985
v 0.10637604 -0.51078576 0.01080295
v 0.04679728 -0.66531289 -0.02342765
v 0.04723440 -0.65179789 -0.01568669
v 0.06397952 -0.10171402 0.20363608
v 0.06897759 -0.07175136 0.21404831
v 0.03417372 -0.07288769 0.20071208
v 0.02269085 -0.10801893 0.18255082
v 0.13207199 -0.05937135 0.20808975
v 0.16183631 -0.07675070 0.17814848
v 0.15574329 -0.04705927 0.19101828
v 0.17424534 -0.00465590 0.13263544
v 0.17139007 -0.02750635 0.16480209
v 0.13859247 0.03272444 0.07509346
v 0.10542509 0.03581551 0.06326909
v 0.01936606 -0.01106736 0.07146755
v 0.01850079 0.00689295 0.09126754
v 0.04160414 0.01997590 0.07568058
v 0.04338081 -0.00080431 0.05634379
v 0.06676820 -0.12462994 -0.02788049
v 0.07639813 -0.10235998 -0.01637922
v 0.10444296 -0.12412661 -0.01571766
v 0.10125496 -0.14768943 -0.02454384
v 0.06071932 -0.26122978 -0.12859157
v 0.04367931 -0.25576434 -0.13124286
v 0.09496160 -0.27690166 -0.10972647
v 0.07771941 -0.26833054 -0.12148979
v 0.07623798 -0.24575710 -0.11106120
v 0.06336144 -0.35529664 -0.16764387
v 0.06201522 -0.33209983 -0.15838721
v 0.08176941 -0.33746845 -0.14874300
v 0.08393113 -0.36016852 -0.15803923
v 0.08531148 -0.38438895 -0.16689228
v 0.06414755 -0.37991521 -0.17593837
v 0.06105226 -0.42936432 -0.18443310
v 0.08277850 -0.42917737 -0.17758913
v 0.08212990 -0.44618407 -0.18576330
v 0.04193734 -0.58829296 -0.21018815
v 0.04213090 -0.57125509 -0.21224807
v 0.17289841 -0.17517221 0.02698644
v -0.00250318 -0.08724043 0.15780503
v 0.00709143 -0.06184414 0.17924635
v -0.00417254 -0.04386541 0.15457322
v -0.00801043 -0.06371009 0.13401735
v 0.17156352 -0.23692155 0.02359776
v 0.15370807 -0.30687943 -0.03845603
v 0.15306303 -0.28968942 -0.03083577
v 0.15483910 -0.46602049 -0.11260694
v 0.15478718 -0.44514000 -0.09857945
v 0.09516120 -0.48824471 -0.21311474
v 0.09410246 -0.49985483 -0.21585825
v 0.16716498 -0.10709408 0.16623819
v 0.13384794 0.05914962 0.09308840
v 0.10135641 0.06236872 0.08319822
v 0.09589813 0.08684847 0.10267739
v 0.12833056 0.08382344 0.11148456
v 0.00617486 0.01220474 0.13220432
v 0.01009590 0.03478730 0.15466748
v 0.02058946 0.04883215 0.13480437
v 0.01896634 0.02703872 0.11292082
v 0.01467626 0.05846888 0.17515583
v 0.01751455 0.08102819 0.19521260
v 0.02386895 0.09585562 0.17676036
v 0.02319361 0.07325485 0.15529700
v 0.16319005 0.01857728 0.10092883
v 0.16356562 0.05253690 0.16056989
v 0.16880637 0.02515155 0.14649092
v 0.15781790 0.04624984 0.11707851
v 0.15273431 0.07196775 0.13318940
v 0.10197386 -0.06610048 0.21594314
v 0.00307239 -0.02405643 0.08949756
v 0.00365364 -0.00774413 0.10965911
v 0.01200224 0.00797445 0.19665551
v 0.00349338 -0.01826361 0.17646942
v 0.01696570 -0.03221393 0.19983229
v 0.02606685 -0.00438967 0.21777231
v 0.13135962 -0.00386947 0.22959249
v 0.13144557 -0.03109193 0.21821506
v 0.15361297 -0.01775461 0.20085198
v 0.15161507 0.01016992 0.21213976
v 0.16662182 0.00208384 0.17571917
v 0.16196421 0.03017378 0.18808734
v 0.15339501 0.10417321 0.18781960
v 0.15845774 0.07877707 0.17438303
v 0.14651117 0.09701338 0.14866787
v 0.13947885 0.12119421 0.16388637
v 0.15400992 0.08259502 0.21338193
v 0.15784433 0.05663645 0.20076069
v 0.14710477 0.06337142 0.23495023
v 0.14950694 0.03702062 0.22370915
v 0.13029608 0.04950401 0.25012791
v 0.13134333 0.02279320 0.24034299
v 0.10909250 0.04073539 0.25956845
v 0.10768162 0.01464468 0.24986412
v 0.08122833 0.01152778 0.25137877
v 0.08561994 0.03777915 0.26177195
v 0.06246776 0.03960392 0.25683704
v 0.05601701 0.01364136 0.24563181
v 0.02631284 0.05581421 0.23226145
v 0.01996302 0.03273201 0.21513358
v 0.03403576 0.02120423 0.23353094
v 0.04122873 0.04578909 0.24739242
v 0.04850372 0.14548969 0.29666686
v 0.04154968 0.12054560 0.28160107
v 0.06007918 0.11527228 0.28771612
v 0.06578255 0.14086863 0.30128187
v 0.08240934 0.13654387 0.30623981
v 0.07810166 0.11237782 0.29144776
v 0.09538737 0.11101148 0.29397908
v 0.10009933 0.13521990 0.30844736
v 0.12831765 0.12467921 0.28077087
v 0.13152803 0.14912423 0.29475620
v 0.11682162 0.13893965 0.30461368
v 0.11297592 0.11470285 0.29052886
v 0.14538397 0.13761529 0.26927686
v 0.14573729 0.16186237 0.28194040
v 0.14928091 0.15513784 0.25037670
v 0.14567056 0.17896068 0.26251897
v 0.13757658 0.17319471 0.22795124
v 0.13575247 0.19568750 0.24035218
v 0.02515067 0.15608996 0.24020436
v 0.02120550 0.14282048 0.25519085
v 0.02653504 0.16427624 0.27437565
v 0.02822083 0.17748573 0.25902075
v 0.05668357 0.18050298 0.21057698
v 0.05840174 0.19845551 0.23232289
v 0.07508700 0.20957279 0.21408202
v 0.07619159 0.19188970 0.19371599
v 0.14814296 0.12801051 0.20103769
v 0.15070690 0.10722581 0.22550420
v 0.14482990 0.08870557 0.24571843
v 0.12850882 0.07541764 0.25889149
v 0.03160121 0.07731715 0.24875440
v 0.04798143 0.06861952 0.26068553
v 0.02436657 0.11698213 0.19786158
v 0.01895924 0.10245314 0.21499181
v 0.10571385 0.17567512 0.17624381
v 0.12878747 0.16744742 0.19166005
v 0.13298561 0.14445341 0.17820084
v 0.10952752 0.15333927 0.16234806
v 0.15014833 0.13125071 0.23823683
v 0.14411701 0.11316675 0.25711179
v 0.12786776 0.10042307 0.26892105
v 0.09268969 0.08742070 0.28183207
v 0.11156820 0.09084871 0.27864009
v 0.07374769 0.08840522 0.27915260
v 0.03658475 0.09834063 0.26566830
v 0.05412055 0.09146968 0.27434590
v 0.02520853 0.13670251 0.21953100
v 0.02002068 0.12290883 0.23516899
v 0.10113893 0.21379623 0.20900317
v 0.12473129 0.20844236 0.22007944
v 0.12600601 0.18835878 0.20567507
v 0.10305524 0.19652358 0.19103582
v 0.09929632 0.22820649 0.22897375
v 0.07677263 0.22449595 0.23421921
v 0.10408910 0.16054666 0.32329154
v 0.08687778 0.16073674 0.32231349
v 0.12052497 0.16428280 0.31973392
v 0.14361373 0.20425946 0.27304471
v 0.14619091 0.18637145 0.29477426
v 0.13290177 0.21963173 0.25195774
v 0.11990491 0.22604588 0.23491144
v 0.03989914 0.21166041 0.30616581
v 0.04039222 0.22232229 0.29153791
v 0.03506073 0.19863287 0.27532250
v 0.03513514 0.18744731 0.28961605
v 0.05637360 0.19438398 0.33044329
v 0.05582649 0.17150784 0.30919921
v 0.07056294 0.16567984 0.31638202
v 0.07081823 0.18656394 0.34000781
v 0.10784657 0.18359724 0.34436509
v 0.08886606 0.18267614 0.34465998
v 0.12578470 0.18738222 0.33900467
v 0.14711492 0.21275949 0.30798045
v 0.14162301 0.19689429 0.32719740
v 0.13618430 0.17270443 0.31024611
v 0.14439455 0.23133665 0.28282234
v 0.12421159 0.27278623 0.27921540
v 0.14550696 0.25953490 0.29576564
v 0.12440915 0.24606809 0.26351166
v 0.09311105 0.35898617 0.33000556
v 0.09067106 0.38876319 0.34991890
v 0.11278032 0.38649228 0.35164225
v 0.11812183 0.35723907 0.33174485
v 0.03808281 0.23685944 0.32517192
v 0.04081585 0.24730450 0.30818269
v 0.07025532 0.21061692 0.36296439
v 0.05345321 0.21850190 0.35308135
v 0.15281235 0.26783484 0.33937243
v 0.14737774 0.25205013 0.36167333
v 0.14563924 0.22396260 0.34346595
v 0.15104321 0.24024442 0.32195982
v 0.03270771 0.33265510 0.36140683
v 0.03255368 0.30323523 0.34346542
v 0.03052072 0.29223073 0.36254612
v 0.03061430 0.32267159 0.37935990
v 0.06652223 0.23786974 0.38373181
v 0.06453506 0.26759449 0.40223196
v 0.04732111 0.27448529 0.39208677
v 0.04935792 0.24585176 0.37334684
v 0.14494517 0.33010826 0.37360781
v 0.14102176 0.31656292 0.39523616
v 0.14604920 0.28261998 0.37942338
v 0.15069035 0.29784256 0.35665098
v 0.12429763 0.29981965 0.29492164
v 0.12294276 0.32809648 0.31314039
v 0.14326786 0.31493759 0.33079278
v 0.14598677 0.28652284 0.31305176
v 0.09692374 0.30159405 0.29299977
v 0.09589949 0.32971117 0.31044340
v 0.04143218 0.39054173 0.41147602
v 0.04266572 0.40062514 0.39780724
v 0.03738074 0.36613479 0.37943912
v 0.03578039 0.35582411 0.39533117
v 0.06501299 0.30042386 0.41761178
v 0.06651770 0.33684027 0.42964315
v 0.05095021 0.34151918 0.42086634
v 0.04752100 0.30631128 0.40813598
v 0.12979010 0.39940059 0.40793097
v 0.12482613 0.38869420 0.42566890
v 0.13341129 0.35246125 0.41058978
v 0.13767599 0.36389077 0.39107096
v 0.10763711 0.41821003 0.37328121
v 0.12504582 0.41068420 0.38741910
v 0.13206576 0.37719262 0.36715767
v 0.08778574 0.42036885 0.37075993
v 0.08510654 0.45257342 0.38967586
v 0.10193028 0.45103621 0.39157373
v 0.04463933 0.42455658 0.42661124
v 0.04741275 0.43324623 0.41395378
v 0.05344562 0.41311088 0.44624084
v 0.05384668 0.37808996 0.43321058
v 0.06704444 0.37329239 0.44113016
v 0.06530567 0.40816593 0.45382288
v 0.10075490 0.37659895 0.44477361
v 0.09633354 0.41146135 0.45637602
v 0.08069204 0.40751195 0.45762718
v 0.08360393 0.37291148 0.44546306
v 0.11609139 0.42228732 0.43872947
v 0.10726553 0.41574931 0.44979745
v 0.11460096 0.38117820 0.43811384
v 0.12191311 0.43189025 0.42260024
v 0.11779334 0.44368371 0.40377980
v -0.01012671 -0.09793344 0.12082101
v -0.00583237 -0.09926853 0.13590363
v -0.00941982 -0.07353303 0.11522197
v -0.00988407 -0.07505402 0.09965333
v 0.04019091 0.06602135 0.11785112
v 0.04100644 0.04206347 0.09619327
v 0.03793216 0.11165169 0.16008759
v 0.03982740 0.09020364 0.13843966
v 0.03820622 0.13187152 0.18182153
v 0.03904858 0.16979578 0.22631070
v 0.03901228 0.15057597 0.20411058
v 0.04031271 0.18916705 0.24587749
v 0.04536340 0.21018466 0.26241466
v 0.05000832 0.23393530 0.27708447
v 0.05029068 0.28491482 0.30865037
v 0.05239950 0.25816101 0.29289457
v 0.03677377 0.27474394 0.32550946
v 0.04663515 0.34419951 0.34421253
v 0.04731921 0.31374756 0.32571188
v 0.05260552 0.41045779 0.38508147
v 0.04886122 0.37705550 0.36456424
v 0.05713838 0.44219586 0.40267912
v 0.07936133 -0.04165372 0.01503690
v 0.08022679 -0.06258482 0.00334299
v 0.05175646 -0.05268624 0.01238608
v 0.04952352 -0.03823030 0.02475753
v -0.00515808 -0.07806700 0.06474303
v -0.00578721 -0.07636645 0.06973480
v -0.00036606 -0.06845722 0.05585802
v -0.00064656 -0.07169867 0.05130270
v 0.14305076 0.15104625 0.21436286
v 0.11024997 0.06628206 0.26816401
v 0.06847149 0.06436187 0.26701459
v 0.08941793 0.06307876 0.27090666
v 0.05465569 0.16527009 0.18738289
v 0.07826001 0.17369413 0.17618585
v 0.08112873 0.15377682 0.15863241
v 0.05697343 0.14573821 0.16732600
v 0.09698626 0.27725220 0.27757204
v 0.07211471 0.26912308 0.28271103
v 0.07206461 0.29444167 0.29973254
v 0.09798530 0.25610840 0.26214385
v 0.13071549 0.21242091 0.35875452
v 0.11152714 0.20721436 0.36627594
v 0.08890853 0.23327711 0.38885134
v 0.09064133 0.20678598 0.36726370
v 0.11206660 0.23359826 0.38769966
v 0.06250327 0.10461438 0.12632403
v 0.05896366 0.12535709 0.14641963
v 0.08587002 0.13231695 0.14085174
v 0.09068042 0.11029559 0.12182754
v 0.11213885 -0.42652267 0.02814683
v 0.12798506 -0.41705778 0.01642410
v 0.14586586 -0.48293376 -0.15809593
v 0.13701360 -0.47258681 -0.16447307
v 0.13881145 -0.46332961 -0.14906284
v 0.14919060 -0.47523457 -0.13937862
v 0.15650557 -0.48948613 -0.13347232
v 0.15290491 -0.49578559 -0.15300287
v 0.16112851 -0.50497025 -0.12899143
v 0.15794045 -0.51064658 -0.14813383
v 0.17741224 -0.57601333 -0.12491117
v 0.18712480 -0.58664137 -0.12533751
v 0.03824103 -0.42540452 -0.18863457
v 0.04029472 -0.40115723 -0.18611032
v 0.06332212 -0.40445319 -0.18176414
v 0.07298042 -0.22619753 -0.09896673
v 0.07405421 -0.15641008 -0.04227477
v 0.05327238 -0.14883468 -0.04955254
v 0.04544550 -0.12208420 -0.03872967
v 0.00566159 -0.07342538 0.00200376
v -0.00441184 -0.07070628 0.01973434
v -0.00701093 -0.07193518 0.04551324
v -0.00849625 -0.07802635 0.06193827
v 0.05826665 -0.49027970 0.02945301
v 0.05965445 -0.51264560 0.02299101
v 0.00763555 -0.66404116 -0.04067829
v 0.02710183 -0.67010385 -0.03555966
v 0.02583338 -0.69238847 -0.05114719
v 0.00761905 -0.68646836 -0.05514311
v 0.00711380 -0.69666088 -0.06247377
v 0.02458986 -0.70236361 -0.05923769
v 0.00524000 -0.74767315 -0.10807571
v 0.00639229 -0.73871422 -0.09695776
v -0.00952046 -0.08728129 0.08374965
v -0.01071074 -0.08988073 0.09346466
v -0.00710433 -0.07534179 0.07606733
v 0.02142092 -0.02677280 0.05406059
v 0.02395537 -0.03901228 0.03985056
v 0.00622527 -0.04540789 0.05848467
v 0.00432123 -0.03640333 0.07213479
v 0.18436080 -0.11822250 0.11457299
v 0.18179390 -0.09432426 0.07868554
v 0.06885453 -0.12458909 0.20177796
v 0.36294261 -0.63173759 -0.08960922
v 0.33763391 -0.62594807 -0.08599475
v 0.33958197 -0.63624686 -0.07635987
v 0.36454454 -0.64212132 -0.08098267
v 0.05706384 -0.58642304 0.00992756
v 0.06730083 -0.56045663 0.01336621
v 0.08159690 -0.71265072 -0.15924877
v 0.14008281 -0.72372711 -0.14146589
v 0.12757778 -0.72277570 -0.13892859
v 0.13192420 -0.70631635 -0.15920940
v 0.14237887 -0.70806992 -0.16235694
v 0.14222319 -0.70022285 -0.05909398
v 0.12865533 -0.69999844 -0.05251211
v 0.12852743 -0.71282876 -0.06783013
v 0.14083627 -0.71203792 -0.07357047
v 0.04318225 -0.26881057 0.18112573
v 0.01386035 -0.26853973 0.17619471
v 0.03703674 -0.42684135 0.05074179
v 0.03617560 -0.44860104 0.04285084
v 0.05634976 -0.44588000 0.04473760
v 0.05763168 -0.42465314 0.05292164
v 0.09067095 -0.57318556 0.00931167
v 0.10707557 -0.55602103 0.00581070
v 0.04501896 -0.49839896 -0.21519613
v 0.06198728 -0.50453150 -0.21821311
v 0.06094769 -0.52349973 -0.21774207
v 0.04314994 -0.51905000 -0.21648139
v 0.30420390 -0.65978813 -0.06551001
v 0.31299862 -0.64389324 -0.06707569
v 0.28826106 -0.63601398 -0.06592149
v 0.28196526 -0.64632064 -0.06253043
v 0.13935530 -0.14267507 0.18566035
v 0.16959214 -0.14398167 0.15250111
v 0.14559285 -0.44120893 -0.01284726
v 0.14226156 -0.42273957 -0.00617691
v 0.12805904 -0.43487111 0.00967282
v 0.13181068 -0.45309490 0.00429758
v 0.15345119 -0.49018520 -0.03507315
v 0.15040599 -0.47498411 -0.02846836
v 0.15780543 -0.50542712 -0.03979038
v 0.21605875 -0.60649639 -0.07295179
v 0.20728460 -0.59630007 -0.07062981
v 0.20580781 -0.60072845 -0.06332417
v 0.04652075 -0.02065277 0.03927273
v 0.05107778 -0.08185032 -0.00669105
v 0.04408168 -0.09326777 -0.01751114
v -0.00839334 -0.08728176 0.07701850
v -0.00933352 -0.08608857 0.07459598
v 0.05799877 -0.71760643 -0.18645215
v 0.06114167 -0.72835398 -0.17310062
v 0.26552659 -0.61459488 -0.09569748
v 0.24542026 -0.61341590 -0.09573656
v 0.18864766 -0.57157141 -0.07424781
v 0.19843890 -0.58121169 -0.07717599
v 0.19582400 -0.58032095 -0.09124856
v 0.18660080 -0.56980091 -0.08979402
v 0.18830518 -0.57552499 -0.06198655
v 0.19825715 -0.58397698 -0.06599741
v 0.14865361 -0.61469203 -0.18320139
v 0.14943703 -0.63475066 -0.18184860
v 0.13785498 -0.63576174 -0.18411681
v 0.13786654 -0.61538184 -0.18724699
v 0.12571307 -0.61221266 -0.19059032
v 0.12569045 -0.63436031 -0.18660064
v 0.11153889 -0.63073891 -0.18991849
v 0.11153527 -0.60860860 -0.19454420
v 0.08199424 -0.68788278 -0.17439511
v 0.06806564 -0.67325306 -0.18754789
v 0.05120666 -0.66167098 -0.19669233
v 0.03516224 -0.65395397 -0.20385943
v 0.00705498 -0.72819471 -0.08639275
v 0.02826535 -0.73194677 -0.08628856
v 0.02397680 -0.72125834 -0.07559806
v 0.00670938 -0.71701545 -0.07721920
v -0.00907687 -0.71427298 -0.07941534
v -0.00968519 -0.72503644 -0.08772478
v 0.05246903 -0.70064759 -0.19038212
v 0.04050624 -0.69066155 -0.20014638
v 0.03018190 -0.67430472 -0.20273837
v 0.34423637 -0.70319664 -0.14834973
v 0.31854022 -0.70198870 -0.14574760
v 0.05470207 -0.75128138 -0.14745092
v 0.06008871 -0.74059731 -0.16041948
v 0.34681076 -0.71094710 -0.13227895
v 0.32100531 -0.70996016 -0.12981844
v 0.12506269 -0.68038231 -0.17136177
v 0.13573439 -0.68353128 -0.17202960
v 0.12121169 -0.70354050 -0.15771103
v 0.04970947 -0.70722282 -0.19797027
v 0.03906747 -0.69775504 -0.20785660
v 0.18436369 -0.14620245 0.09059855
v 0.17978069 -0.12383708 0.05914634
v 0.15494967 -0.37811279 -0.03898625
v 0.15236175 -0.36377636 -0.05979905
v 0.01955187 -0.34959424 -0.17312594
v 0.01946267 -0.32760376 -0.16556692
v 0.04117565 -0.32836863 -0.16325188
v 0.04172015 -0.35187116 -0.17221524
v 0.01462020 -0.42187718 -0.18864948
v 0.01665898 -0.39772189 -0.18592928
v 0.01571826 -0.69456744 -0.22372372
v 0.06023649 -0.28582543 -0.13836636
v 0.06086590 -0.30948082 -0.14864115
v 0.04035000 -0.30522257 -0.15283191
v 0.03905326 -0.27920792 -0.14139590
v 0.02998274 -0.25361907 -0.13154376
v 0.02791052 -0.24202470 -0.12661533
v 0.02471041 -0.10326958 -0.03673229
v 0.01495951 -0.10323402 -0.03972560
v 0.25021324 -0.67002106 -0.16254306
v 0.25007719 -0.68984383 -0.15980873
v 0.23329028 -0.68990767 -0.16292648
v 0.23478623 -0.66927302 -0.16457260
v 0.09594990 -0.30018926 -0.11746725
v 0.07851931 -0.29273087 -0.13047491
v 0.17002325 -0.56859082 -0.14123359
v 0.17072912 -0.56456441 -0.12336463
v 0.03604452 -0.44906399 -0.19315654
v 0.07814840 -0.51046944 -0.21876228
v 0.07759441 -0.52757949 -0.21742024
v 0.09318493 -0.51527572 -0.21659258
v 0.09325559 -0.53142339 -0.21486533
v -0.01008651 -0.09831730 0.08694845
v -0.00982401 -0.09090430 0.08385044
v 0.23996432 -0.69414473 -0.07208274
v 0.24254586 -0.68598926 -0.06794729
v 0.23005664 -0.68141329 -0.06441782
v 0.22772570 -0.69099271 -0.06856275
v -0.00600286 -0.04163793 0.11020334
v -0.00566981 -0.05158624 0.09314661
v 0.00176220 -0.12367839 0.15228660
v -0.00998802 -0.11748952 0.13582003
v -0.01228433 -0.12429759 0.13502066
v -0.01307297 -0.13637549 0.14513347
v 0.07171865 0.03114161 0.06556803
v 0.07470743 0.00605100 0.04582380
v 0.06877980 0.05612242 0.08578829
v 0.06554564 0.08107811 0.10599695
v 0.06157009 0.21807465 0.25010335
v 0.07098764 0.24386957 0.26367325
v 0.07104778 0.32259825 0.31735513
v 0.06978206 0.35243598 0.33613235
v 0.06929906 0.38413498 0.35660434
v 0.06991419 0.44923818 0.39461881
v 0.06955914 0.41740957 0.37681228
v 0.35027853 -0.71120799 -0.11545996
v 0.35472322 -0.70603430 -0.10078149
v 0.32783371 -0.70451880 -0.09631601
v 0.32261103 -0.71043777 -0.11160353
v 0.30734536 -0.61821580 -0.10998937
v 0.33091009 -0.62100941 -0.11193538
v 0.32712018 -0.62560451 -0.12605999
v 0.30264792 -0.62336671 -0.12410608
v 0.35592687 -0.62417865 -0.11387528
v 0.33449727 -0.62062073 -0.09811369
v 0.35969782 -0.62541991 -0.10059521
v 0.36413762 -0.65590966 -0.07610669
v 0.33930597 -0.65009040 -0.07120974
v 0.33559194 -0.66586483 -0.07113581
v 0.36244342 -0.67074913 -0.07616268
v 0.35820988 -0.69630677 -0.08916177
v 0.36089414 -0.68425703 -0.08072692
v 0.33460593 -0.68141365 -0.07638930
v 0.33269435 -0.69444430 -0.08505358
v 0.34631598 -0.64387900 -0.15320906
v 0.31984305 -0.64262772 -0.15140295
v 0.32303631 -0.63300496 -0.13961795
v 0.34901822 -0.63403314 -0.14182584
v 0.25058553 -0.70682847 -0.14854372
v 0.23355125 -0.70860136 -0.15181272
v 0.19527701 -0.60596144 -0.14110258
v 0.20512155 -0.61566603 -0.13693166
v 0.20732071 -0.62668318 -0.15328181
v 0.19650945 -0.61943781 -0.15711509
v 0.29036161 -0.68770826 -0.15687864
v 0.29336619 -0.70251477 -0.14460099
v 0.27015397 -0.70437050 -0.14587243
v 0.26847094 -0.68840736 -0.15772372
v 0.29416099 -0.64050061 -0.14990775
v 0.26987630 -0.63777757 -0.14991634
v 0.27313471 -0.62900841 -0.13681775
v 0.29774553 -0.63122743 -0.13767938
v 0.28961682 -0.62373573 -0.07336730
v 0.31416216 -0.62980223 -0.07356192
v 0.23470786 -0.64939320 -0.15945655
v 0.25032184 -0.65073454 -0.15911773
v 0.16577493 -0.55622816 -0.14058666
v 0.17986768 -0.56097126 -0.08806198
v 0.17470567 -0.55135202 -0.08617444
v 0.13797262 -0.48331851 -0.17728114
v 0.13997084 -0.49594089 -0.18486494
v 0.16745612 -0.52137035 -0.10488936
v 0.16551109 -0.50290281 -0.10657179
v 0.14467943 -0.49889708 -0.17868224
v 0.14498045 -0.49148449 -0.17170508
v 0.10317277 -0.41150990 -0.16237685
v 0.03198031 -0.66482460 -0.20131184
v 0.26815203 -0.65176725 -0.15858009
v 0.26792544 -0.66985345 -0.16173026
v 0.26356739 -0.63786846 -0.06219056
v 0.26642582 -0.62830645 -0.06674042
v 0.24706499 -0.62285298 -0.06794801
v 0.24617742 -0.63127404 -0.06306611
v 0.12785944 -0.59292358 -0.00527996
v 0.13693722 -0.57970852 -0.00926031
v 0.12175773 -0.56832916 -0.00119451
v 0.10990150 -0.58326137 0.00316348
v 0.24046938 -0.70836747 -0.08526261
v 0.22693455 -0.70836616 -0.08335271
v 0.22827499 -0.71527171 -0.09591711
v 0.24365744 -0.71424079 -0.09652678
v 0.23032005 -0.71987081 -0.11245566
v 0.23264799 -0.71978891 -0.13278447
v 0.25045422 -0.71702552 -0.13090792
v 0.24756239 -0.71801734 -0.11188696
v 0.17569761 -0.18962374 0.09494169
v 0.16410786 -0.20570081 0.11972450
v 0.12600645 -0.25967133 -0.06343921
v 0.14118093 -0.27373874 -0.04814791
v 0.10082510 -0.17143719 -0.03492182
v 0.00821922 -0.05828613 0.04379812
v 0.02700591 -0.05709788 0.02002761
v -0.00412669 -0.02458251 0.13107648
v 0.17965867 -0.17107451 0.06764764
v 0.00761597 0.02120626 0.17509986
v 0.00110056 -0.00258654 0.15339568
v 0.04981089 -0.01264647 0.23284715
v 0.04267690 -0.04101598 0.21806070
v 0.07310289 -0.04239637 0.22732958
v 0.07694121 -0.01487145 0.24026200
v 0.10399622 -0.03894004 0.22705890
v 0.10540615 -0.01189727 0.23898183
v 0.11486927 0.13090312 0.14682020
v 0.08706075 0.26416820 0.40754092
v 0.10742757 0.30043322 0.42070082
v 0.08580894 0.29857177 0.42244580
v 0.11033607 0.26463497 0.40587842
v 0.13233444 0.24002784 0.37834838
v 0.13093816 0.27111769 0.39600399
v 0.13822737 0.34550503 0.34791157
v 0.08529628 0.33545232 0.43415844
v 0.10444774 0.33865616 0.43267703
v 0.12719285 0.30625254 0.41101170
v 0.12148677 0.34368423 0.42445555
v -0.00421780 -0.05750042 0.07913449
v -0.01453867 -0.14599359 0.15859783
v 0.16295008 -0.10109812 0.02977738
v 0.16568419 -0.07393733 0.04609497
v 0.07951673 -0.08276471 -0.00623357
v 0.10803130 -0.09922737 -0.00737317
v 0.13029018 -0.33820099 -0.09459917
v 0.11416319 -0.32953146 -0.10963722
v 0.13246961 -0.38142014 -0.11346494
v 0.13156399 -0.35921174 -0.10321249
v 0.14435446 -0.37059295 -0.08695539
v 0.14471027 -0.39163360 -0.09654088
v 0.15689623 -0.41555974 -0.05594687
v 0.15494722 -0.39652044 -0.04728031
v 0.15181135 -0.40973747 -0.02587830
v 0.15427370 -0.42860451 -0.03338800
v 0.14224757 -0.40517986 0.00076310
v 0.15223856 -0.39203951 -0.01815883
v 0.07653696 -0.46171364 0.03460389
v 0.07849678 -0.48342627 0.02806483
v 0.09738327 -0.47468361 0.02370605
v 0.09496018 -0.45401853 0.02932681
v 0.03443976 -0.10011196 -0.02893965
v -0.00167329 -0.06538260 0.06134546
v 0.07770556 -0.01851916 0.02887553
v 0.11140146 -0.04736286 0.01305801
v 0.14184274 -0.05694366 0.02358741
v 0.24178927 -0.61564815 -0.10767461
v 0.16706823 -0.59992236 -0.03390767
v 0.16415876 -0.61168861 -0.03351039
v 0.27032608 -0.71403277 -0.12871239
v 0.26702601 -0.71530384 -0.11013268
v 0.24968423 -0.63572812 -0.15034658
v 0.21989711 -0.69019198 -0.16593999
v 0.20848846 -0.66817755 -0.17157850
v 0.22131585 -0.66821897 -0.16761690
v 0.12824863 -0.16574848 -0.01680914
v 0.13135155 -0.14103425 -0.00862537
v 0.15530095 -0.15718818 0.00531860
v -0.01158824 -0.10954562 0.12080964
v -0.01096593 -0.11772719 0.12394099
v 0.05294835 -0.06692845 0.00247864
v 0.01777974 0.06784061 0.21426356
v 0.01309509 0.04524899 0.19490731
v 0.02123136 0.08890617 0.23286188
v 0.02430933 0.10923636 0.25165826
v 0.02785868 0.13011515 0.27032667
v 0.03403711 0.15229094 0.28778318
v 0.04334422 0.17770603 0.30132815
v 0.04625233 0.20252469 0.31931663
v 0.03388217 0.26386347 0.34429294
v 0.04285076 0.22728783 0.34013572
v 0.03875816 0.25416765 0.36008164
v 0.03621631 0.28291082 0.37850535
v 0.04097750 0.34802932 0.40925175
v 0.03601558 0.31383264 0.39491275
v 0.04550812 0.38315958 0.42285836
v 0.04699581 0.41796169 0.43710455
v -0.01074176 -0.09859055 0.09467541
v -0.01128865 -0.10354969 0.10699545
v 0.11299691 -0.67700011 -0.17198679
v 0.18214121 -0.57197624 -0.10726231
v 0.19155832 -0.58173883 -0.10761092
v 0.23337409 -0.63402003 -0.15057601
v -0.01602873 -0.16026396 0.17064852
v -0.01849592 -0.17667094 0.18021634
v 0.30798459 -0.69092286 -0.08030374
v 0.30215961 -0.70232725 -0.09053838
v 0.25064868 -0.62732983 -0.13589767
v 0.19604208 -0.59859467 -0.12349327
v 0.20521584 -0.60911697 -0.12195860
v 0.54713702 -0.73493475 -0.15496443
v 0.56772172 -0.73470265 -0.15870130
v 0.56819880 -0.73984408 -0.14740440
v 0.54740560 -0.73947978 -0.14257693
v 0.54717666 -0.72535670 -0.16434240
v 0.56771243 -0.72485065 -0.16690367
v 0.55731350 -0.66595674 -0.14727861
v 0.57823604 -0.67145991 -0.14596213
v 0.57472420 -0.67868125 -0.15740675
v 0.55330455 -0.67432362 -0.15866426
v 0.58828717 -0.71325588 -0.17246047
v 0.56818306 -0.71285158 -0.17112166
v 0.56927162 -0.70006400 -0.17034225
v 0.58964902 -0.70170254 -0.17064632
v 0.56145221 -0.66741240 -0.11761604
v 0.54124856 -0.66006982 -0.11857951
v 0.54054242 -0.66904938 -0.10657231
v 0.56046802 -0.67704046 -0.10709227
v 0.46700028 -0.65340793 -0.15484451
v 0.44861528 -0.65243250 -0.15637687
v 0.45406786 -0.64209449 -0.14743459
v 0.47271121 -0.64398980 -0.14489922
v 0.50434309 -0.73562038 -0.14724275
v 0.52591372 -0.73504651 -0.15128197
v 0.52614868 -0.73853463 -0.13786195
v 0.50444609 -0.73713291 -0.13283081
v 0.50434256 -0.69680160 -0.16730428
v 0.48100415 -0.69606638 -0.16362454
v 0.48228678 -0.68019497 -0.16255812
v 0.50561219 -0.68095618 -0.16490883
v 0.48282719 -0.73435551 -0.12739709
v 0.48255074 -0.73548794 -0.14208598
v 0.54824388 -0.69872236 -0.17026472
v 0.52664530 -0.69758153 -0.16956520
v 0.52808070 -0.68290335 -0.16619834
v 0.55003387 -0.68557662 -0.16593063
v 0.60049671 -0.68276894 -0.12023404
v 0.58134788 -0.67520940 -0.11811506
v 0.57994360 -0.68489397 -0.10926032
v 0.59905404 -0.69238889 -0.11277962
v 0.59198391 -0.69175076 -0.16492601
v 0.57138795 -0.68860304 -0.16522518
v 0.59513378 -0.68326795 -0.15651995
v 0.59117383 -0.73722428 -0.12862957
v 0.57058531 -0.73409355 -0.12172821
v 0.56910419 -0.73933941 -0.13441268
v 0.58954293 -0.74101102 -0.14047524
v 0.51280814 -0.65756440 -0.15079743
v 0.53523856 -0.66115755 -0.14918043
v 0.53116322 -0.67036474 -0.15951708
v 0.50854176 -0.66751492 -0.15961018
v 0.50403953 -0.72641397 -0.15907665
v 0.52582538 -0.72573483 -0.16188842
v 0.54989386 -0.73021871 -0.11520626
v 0.52892256 -0.72554445 -0.10946500
v 0.52704990 -0.73455286 -0.12324001
v 0.54813492 -0.73726863 -0.12879130
v 0.51108354 -0.70511818 -0.09642734
v 0.53145170 -0.71228957 -0.10049607
v 0.53441191 -0.69665182 -0.09806130
v 0.51410103 -0.68885577 -0.09542778
v 0.49461669 -0.64757633 -0.14083317
v 0.48963621 -0.65507174 -0.15253575
v 0.52031267 -0.65311313 -0.12085691
v 0.49903810 -0.64626646 -0.12428004
v 0.49958456 -0.65331030 -0.10929319
v 0.52013630 -0.66136503 -0.10736400
v 0.44160002 -0.71009707 -0.15456460
v 0.45858887 -0.71166813 -0.15827996
v 0.45967659 -0.72542727 -0.14992394
v 0.44212240 -0.72337258 -0.14497434
v 0.46081033 -0.73302972 -0.13606282
v 0.44321680 -0.72939408 -0.12989518
v 0.42060181 -0.71709502 -0.10913771
v 0.43133205 -0.72010791 -0.11057885
v 0.43192500 -0.70740730 -0.10147430
v 0.42134067 -0.70542812 -0.09963574
v 0.47331023 -0.68714523 -0.08945653
v 0.49166173 -0.69651949 -0.09233215
v 0.49471354 -0.67961967 -0.09389307
v 0.47563612 -0.67010200 -0.09314690
v 0.46115264 -0.64818037 -0.10201037
v 0.47801882 -0.65595651 -0.10049509
v 0.47992873 -0.64559698 -0.11225814
v 0.46309635 -0.63948363 -0.11560090
v 0.40301839 -0.63457280 -0.10530334
v 0.41924822 -0.63692313 -0.10726836
v 0.41745895 -0.63199049 -0.12003435
v 0.40084547 -0.63072991 -0.11775982
v 0.40996197 -0.63922465 -0.14658746
v 0.40755135 -0.64941406 -0.15668283
v 0.39127859 -0.64734143 -0.15590334
v 0.39381728 -0.63759023 -0.14502187
v 0.39265940 -0.70676661 -0.15014416
v 0.40633762 -0.70776236 -0.15005717
v 0.40707600 -0.71833068 -0.13656448
v 0.39369991 -0.71576941 -0.13473408
v 0.45801371 -0.67901313 -0.08773005
v 0.45735937 -0.66059244 -0.09199192
v 0.42433232 -0.64032000 -0.14730370
v 0.43819609 -0.64093846 -0.14780687
v 0.43378192 -0.65139842 -0.15668234
v 0.42085963 -0.65067333 -0.15663208
v 0.41713291 -0.67871886 -0.16148874
v 0.42924985 -0.67889404 -0.16012055
v 0.42818266 -0.69385207 -0.15670556
v 0.41730174 -0.69330406 -0.15714663
v 0.41705692 -0.70829964 -0.15041041
v 0.42774218 -0.70913136 -0.15169999
v 0.42831820 -0.72141540 -0.14084481
v 0.41754735 -0.71970224 -0.13838166
v 0.44770524 -0.67543805 -0.08704039
v 0.43858966 -0.67180830 -0.08694629
v 0.43477899 -0.68372166 -0.08950070
v 0.44362885 -0.68792820 -0.09048475
v 0.44764972 -0.63528669 -0.11888146
v 0.44701293 -0.64345974 -0.10582960
v 0.44325948 -0.67921805 -0.15945160
v 0.43097943 -0.66457784 -0.16094831
v 0.44520393 -0.66507673 -0.16047728
v 0.42973262 -0.72589540 -0.12558256
v 0.40461549 -0.64161015 -0.09536652
v 0.38736790 -0.63749528 -0.09307945
v 0.38802382 -0.64720941 -0.08513174
v 0.40504384 -0.65051568 -0.08743952
v 0.38537595 -0.63062161 -0.10359557
v 0.38203606 -0.62828934 -0.11608393
v 0.37162447 -0.64564419 -0.15492442
v 0.37432694 -0.63599670 -0.14381537
v 0.36992940 -0.65904111 -0.16251543
v 0.39003250 -0.66095030 -0.16296554
v 0.38914669 -0.67594802 -0.16469091
v 0.36837581 -0.67419213 -0.16530177
v 0.36970928 -0.70491147 -0.14974888
v 0.37207848 -0.71296877 -0.13386551
v 0.39551580 -0.71592897 -0.11975487
v 0.37579975 -0.71278763 -0.11780630
v 0.41407150 -0.63309342 -0.13388552
v 0.42878956 -0.63372535 -0.13465166
v 0.55216473 -0.71835506 -0.10533787
v 0.57270747 -0.72393423 -0.11157586
v 0.57479984 -0.71046585 -0.10686063
v 0.55465281 -0.70394444 -0.10180313
v 0.57736641 -0.69719058 -0.10577987
v 0.59669280 -0.70415688 -0.11077785
v 0.52625376 -0.71255481 -0.16832069
v 0.54758453 -0.71281183 -0.16981450
v 0.58768553 -0.72474134 -0.16988161
v 0.44196874 -0.69413280 -0.15772787
v 0.45882490 -0.69511533 -0.15992197
v 0.42274040 -0.69311821 -0.09328841
v 0.41284671 -0.69139171 -0.09081480
v 0.41087028 -0.70314610 -0.09815764
v 0.45333397 -0.69525480 -0.09274484
v 0.44575706 -0.70857525 -0.10316917
v 0.46444958 -0.71843588 -0.10869635
v 0.46868291 -0.70451283 -0.09623741
v 0.42885119 -0.66822046 -0.08651509
v 0.41784811 -0.66537148 -0.08503598
v 0.41538054 -0.67868412 -0.08628670
v 0.42575195 -0.68102831 -0.08824036
v 0.39041430 -0.69209075 -0.16037032
v 0.40537265 -0.69302362 -0.15862690
v 0.38221568 -0.69830316 -0.09298015
v 0.38009042 -0.70717782 -0.10391144
v 0.39745912 -0.71017051 -0.10674079
v 0.39868507 -0.70074809 -0.09627989
v 0.40977865 -0.71370101 -0.10813570
v 0.38397768 -0.68696058 -0.08481807
v 0.40048882 -0.68947363 -0.08840113
v 0.36813477 -0.69065368 -0.16165073
v 0.40403193 -0.66295296 -0.08283479
v 0.38707411 -0.66020125 -0.08015409
v 0.38580549 -0.67390734 -0.08042695
v 0.40249872 -0.67652631 -0.08371606
v 0.55763996 -0.68990195 -0.10213526
v 0.53770763 -0.68211800 -0.09999523
v 0.46037158 -0.63631135 -0.13243070
v 0.47840959 -0.63999099 -0.12867716
v 0.44383678 -0.63443720 -0.13433698
v 0.56042641 -0.66312593 -0.13230276
v 0.58079261 -0.66989374 -0.13146901
v 0.51727688 -0.65156901 -0.13727069
v 0.53925800 -0.65712225 -0.13436437
v 0.50801748 -0.72011477 -0.10448249
v 0.43283975 -0.64740723 -0.09754950
v 0.44460469 -0.65178001 -0.09583440
v 0.43352449 -0.63976914 -0.10747632
v 0.37743774 -0.63021195 -0.13043132
v 0.39742741 -0.63187599 -0.13194296
v 0.44817761 -0.66466463 -0.08793868
v 0.35216209 -0.62769538 -0.12820178
v 0.44427055 -0.72425008 -0.11425392
v 0.40847960 -0.71984577 -0.12164115
v 0.41906077 -0.72288764 -0.12331523
v 0.58828974 -0.74036825 -0.15270820
v 0.50387788 -0.71243078 -0.16582236
v 0.46005401 -0.67956275 -0.16014880
v 0.46283573 -0.66552359 -0.15957968
v 0.41978014 -0.64437681 -0.09702712
v 0.41945234 -0.65301704 -0.08896878
v 0.43106717 -0.65607452 -0.08982858
v 0.40570450 -0.66302824 -0.16289581
v 0.40438008 -0.67783219 -0.16335015
v 0.60019821 -0.67733216 -0.13191213
v 0.41893420 -0.66403210 -0.16202238
v 0.46195921 -0.72970128 -0.12098945
v 0.00787428 -0.67547989 -0.04796847
v -0.00980885 -0.66124010 -0.04436055
v -0.00946206 -0.67228979 -0.05144756
v 0.16157615 -0.48600420 -0.10943699
v 0.12913275 -0.44265273 -0.14529917
v 0.14184983 -0.45199138 -0.13128217
v 0.17513373 -0.56237638 -0.10585676
v 0.17077972 -0.55112720 -0.10480159
v 0.20947322 -0.60515296 -0.10866301
v 0.20055643 -0.59399301 -0.10800458
v 0.16385676 -0.52170485 -0.12580667
v 0.07446982 -0.86286616 -0.23828626
v 0.07286625 -0.85812670 -0.23234701
v 0.07625595 -0.87481940 -0.24491890
v 0.02860945 -0.26685590 -0.13635106
v 0.01521775 -0.24109609 -0.12521464
v 0.01453260 -0.22899476 -0.11970899
v 0.07635950 -0.84165108 -0.24298695
v 0.07342076 -0.83871889 -0.23629913
v 0.07786739 -0.83990741 -0.23981595
v 0.07665217 -0.84228641 -0.24569303
v 0.07624750 -0.84158742 -0.24498871
v 0.07882157 -0.87191212 -0.25556353
v 0.07030934 -0.85098195 -0.22841823
v 0.06791749 -0.84214425 -0.22548841
v 0.07747981 -0.85730326 -0.25316721
v 0.04255928 -0.36209366 0.08564241
v 0.04513678 -0.34677345 0.09925437
v 0.01951617 -0.34612381 0.09690814
v 0.01841055 -0.36031103 0.08235874
v -0.00901472 -0.33461741 0.10730781
v -0.00807658 -0.34653145 0.09259220
v 0.02072944 -0.33228371 0.11315563
v 0.13617043 -0.29097730 0.11523235
v 0.13391177 -0.30918989 0.10143282
v 0.15151313 -0.30140927 0.08172907
v 0.15401782 -0.28289616 0.09378146
v 0.16019778 -0.30582711 0.05055796
v 0.16428827 -0.28995138 0.05897454
v 0.14768033 -0.31779295 0.07115953
v 0.16550826 -0.29073429 0.02720892
v 0.16924712 -0.27416620 0.03558486
v 0.16394565 -0.27350068 0.00536098
v 0.16760758 -0.25581142 0.01424957
v 0.15984927 -0.23772754 -0.00508777
v 0.14536884 -0.22105421 -0.02248453
v 0.12614302 -0.18729238 -0.02608297
v 0.12495860 -0.20591271 -0.03590612
v 0.10262089 -0.19247301 -0.04632671
v 0.07997479 -0.18077944 -0.05536478
v 0.05942722 -0.17214282 -0.06261156
v 0.04121523 -0.16635142 -0.06824939
v 0.02467232 -0.16322760 -0.07237067
v 0.00932311 -0.16206156 -0.07377896
v 0.00793133 -0.14019090 -0.06138922
v 0.11162456 -0.65332502 -0.18294111
v 0.07783056 -0.73975390 -0.10366136
v 0.09720508 -0.73627043 -0.12065806
v 0.08795359 -0.73645741 -0.09953174
v 0.11114056 -0.69793314 -0.04443460
v 0.09091360 -0.69327843 -0.03599184
v 0.09201144 -0.70626158 -0.04841301
v 0.11213169 -0.71196759 -0.05982733
v 0.06752223 -0.73383999 -0.08882662
v 0.06154612 -0.73635119 -0.09282184
v 0.07478941 -0.73007464 -0.08243556
v 0.05926527 -0.72334713 -0.07111283
v 0.04146450 -0.71734416 -0.06693916
v 0.13910206 -0.72801721 -0.11613416
v 0.15259776 -0.72755736 -0.11981405
v 0.15061846 -0.72140872 -0.09662814
v 0.13969538 -0.72309554 -0.09199858
v 0.14250833 -0.68687934 -0.04829964
v 0.15411803 -0.68768382 -0.05417138
v 0.15468755 -0.67444074 -0.04686523
v 0.14197049 -0.67311692 -0.04027763
v 0.19286180 -0.72461140 -0.13202763
v 0.20600677 -0.72327065 -0.13332029
v 0.20219034 -0.72297442 -0.11138715
v 0.18894269 -0.72312427 -0.10919533
v 0.15212877 -0.70001030 -0.06438484
v 0.07988961 -0.59298354 0.00895488
v 0.10042734 -0.59970999 0.00412332
v 0.11916264 -0.60638946 -0.00280195
v 0.16113339 -0.62313884 -0.03442549
v 0.15307827 -0.60576355 -0.02447990
v 0.14940301 -0.61843425 -0.02530834
v 0.17358896 -0.62794441 -0.04097058
v 0.18424626 -0.63085216 -0.04630628
v 0.19519380 -0.66949201 -0.17543912
v 0.19683829 -0.64182895 -0.17167464
v 0.20871978 -0.64441782 -0.16568428
v 0.20945582 -0.63527751 -0.05706079
v 0.21185514 -0.62959307 -0.05802640
v 0.19984385 -0.62270331 -0.05465687
v 0.19750057 -0.62893778 -0.05405456
v 0.12639631 -0.72895914 -0.11373673
v 0.20138954 -0.71543610 -0.09331764
v 0.20027129 -0.70671135 -0.07966171
v 0.18739538 -0.70397520 -0.07791279
v 0.18771166 -0.71418226 -0.09129207
v 0.20069711 -0.69585788 -0.06952041
v 0.20149566 -0.68435681 -0.06258807
v 0.18948108 -0.68120897 -0.05985384
v 0.18825290 -0.69284618 -0.06686649
v 0.20891769 -0.64247692 -0.05644112
v 0.19452256 -0.63634098 -0.05321946
v 0.21946350 -0.71045148 -0.15334888
v 0.16730294 -0.72226274 -0.14968622
v 0.15361224 -0.72384828 -0.14544763
v 0.15424541 -0.70699203 -0.16646519
v 0.16629705 -0.70357418 -0.16928861
v 0.22352539 -0.61221850 -0.10698752
v 0.22694322 -0.61136538 -0.09492304
v 0.22974828 -0.61071676 -0.08339927
v 0.20331573 -0.60774755 -0.05797636
v 0.23111224 -0.61307144 -0.07461587
v 0.21911684 -0.63041973 -0.15075582
v 0.22139838 -0.64707154 -0.16156872
v 0.15540309 -0.68158996 -0.17677885
v 0.16755930 -0.67721742 -0.17818567
v 0.21835314 -0.72171330 -0.13302639
v 0.21522564 -0.72159255 -0.11157835
v 0.23958087 -0.64272833 -0.05899154
v 0.22678341 -0.63561678 -0.05927239
v 0.22416244 -0.64081907 -0.05803186
v 0.19089329 -0.60263199 -0.04923034
v 0.20135646 -0.61559510 -0.05549381
v 0.16605163 -0.72690332 -0.12399573
v 0.21352950 -0.70712018 -0.08071508
v 0.21387082 -0.71553195 -0.09387520
v 0.17662786 -0.69031978 -0.06387956
v 0.16522896 -0.68837816 -0.05950471
v 0.16323274 -0.70039779 -0.06984168
v 0.17489287 -0.70152277 -0.07446051
v 0.21727005 -0.67593306 -0.06061377
v 0.21490374 -0.68751490 -0.06488614
v 0.16585822 -0.67571843 -0.05188741
v 0.17730021 -0.67795968 -0.05620114
v 0.22230394 -0.64756966 -0.05754209
v 0.14562701 -0.68466723 -0.17402685
v 0.13746783 -0.65912133 -0.17996183
v 0.14805570 -0.65986341 -0.18016422
v 0.15844671 -0.65584326 -0.18025982
v 0.17053628 -0.64996099 -0.17933097
v 0.18418770 -0.64342803 -0.17608333
v 0.12615721 -0.65655154 -0.18067764
v 0.44088039 -0.66037124 -0.08911332
v 0.24360450 -0.63830858 -0.06037632
v 0.25215566 -0.64966387 -0.05962522
v 0.25786269 -0.64480960 -0.06033327
v 0.30893743 -0.67745733 -0.07186525
v 0.01700887 -0.73344290 -0.32572031
v 0.01707993 -0.72970283 -0.32059765
v 0.01586233 -0.75419962 -0.33832711
v 0.01613157 -0.75059706 -0.33719006
v 0.43212140 -0.69489497 -0.09560134
v 0.43988812 -0.69693077 -0.09674197
v 0.48760098 -0.71320248 -0.09985968
v 0.48449516 -0.72603345 -0.11304267
v 0.50553584 -0.73087633 -0.11809061
v 0.48134094 -0.72679090 -0.15505765
v 0.48066765 -0.71253783 -0.16230656
v 0.48530421 -0.66611552 -0.15936324
v 0.49742255 -0.66529739 -0.09941445
v 0.62680578 -0.73489368 -0.17371294
v 0.64700568 -0.73409927 -0.17877410
v 0.64723599 -0.74224240 -0.17116934
v 0.62741435 -0.74176598 -0.16450377
v 0.66660249 -0.73321879 -0.18405949
v 0.64769310 -0.72378790 -0.18111914
v 0.66730756 -0.72279865 -0.18390480
v 0.64846307 -0.71440649 -0.17867422
v 0.66780370 -0.71458626 -0.18015073
v 0.66849905 -0.70837659 -0.17352323
v 0.64973205 -0.70683277 -0.17295593
v 0.65194798 -0.70153463 -0.16521789
v 0.67038238 -0.70473194 -0.16507533
v 0.63460767 -0.69330001 -0.15614459
v 0.63692832 -0.69064140 -0.14578490
v 0.65556312 -0.69788003 -0.14687181
v 0.65405053 -0.69852239 -0.15632737
v 0.67267174 -0.71404690 -0.13351092
v 0.65619367 -0.70621514 -0.12966183
v 0.65468115 -0.71539980 -0.12659550
v 0.67112142 -0.72234356 -0.13138634
v 0.63346249 -0.72917664 -0.12562783
v 0.65164024 -0.73590821 -0.13144082
v 0.65279794 -0.72588044 -0.12792000
v 0.63480198 -0.71821797 -0.12193745
v 0.66797018 -0.74235094 -0.13579462
v 0.65022814 -0.74304360 -0.13899964
v 0.66658658 -0.74877942 -0.14443013
v 0.60733199 -0.72493708 -0.17385487
v 0.60710734 -0.73494744 -0.16793695
v 0.58757389 -0.73443997 -0.16297540
v 0.62984544 -0.70484269 -0.17239690
v 0.62825370 -0.71384615 -0.17694131
v 0.60815442 -0.71363378 -0.17469794
v 0.60977489 -0.70316833 -0.17145018
v 0.59821606 -0.67743444 -0.14506659
v 0.61777174 -0.68408120 -0.14509423
v 0.61480486 -0.68821764 -0.15601826
v 0.63202912 -0.69813412 -0.16525880
v 0.61202246 -0.69476217 -0.16493541
v 0.63818753 -0.69214916 -0.13496321
v 0.65635759 -0.70022213 -0.13715376
v 0.62886482 -0.74395180 -0.15355408
v 0.64807135 -0.74567264 -0.16035071
v 0.64931774 -0.74561679 -0.14932093
v 0.63046134 -0.74277198 -0.14271191
v 0.61932808 -0.68480510 -0.13330005
v 0.60937232 -0.74252176 -0.14693272
v 0.61121047 -0.74009228 -0.13564414
v 0.63183141 -0.73815221 -0.13256928
v 0.61282611 -0.73363727 -0.12566936
v 0.66582197 -0.74815059 -0.16691475
v 0.66599560 -0.74273121 -0.17743942
v 0.60783708 -0.74136889 -0.15829705
v 0.63800049 -0.69826871 -0.12596667
v 0.61929899 -0.69048870 -0.12293533
v 0.61792910 -0.70002329 -0.11677063
v 0.63663608 -0.70756936 -0.12136565
v 0.59481245 -0.71651781 -0.11291380
v 0.61443084 -0.72262394 -0.11928830
v 0.61593831 -0.71111929 -0.11632974
v 0.66920072 -0.73254991 -0.13223311
v 0.59300154 -0.72871995 -0.11860237
v 0.75452870 -0.72507334 -0.16677284
v 0.76044464 -0.72261560 -0.17502668
v 0.75323421 -0.71613586 -0.17528681
v 0.74654210 -0.71912408 -0.16678269
v 0.73561174 -0.70097667 -0.17982897
v 0.74459755 -0.70209908 -0.18876345
v 0.73715550 -0.70172918 -0.19585600
v 0.72685939 -0.69991839 -0.18799466
v 0.76400638 -0.72280002 -0.18381411
v 0.75746548 -0.71577001 -0.18357038
v 0.76182562 -0.72570336 -0.19108211
v 0.76967114 -0.72873139 -0.18482056
v 0.76709050 -0.73373187 -0.19065493
v 0.77256948 -0.73768485 -0.18999672
v 0.76792169 -0.74584711 -0.18973285
v 0.75824004 -0.74278134 -0.19245031
v 0.74673975 -0.75754225 -0.17377429
v 0.76056105 -0.75836301 -0.17382404
v 0.75720918 -0.76195502 -0.16406591
v 0.74309683 -0.76028097 -0.16413236
v 0.74920809 -0.76164567 -0.14519094
v 0.73575389 -0.75959438 -0.14685279
v 0.73972350 -0.76018107 -0.15554273
v 0.75425649 -0.76197290 -0.15475951
v 0.74607700 -0.73004800 -0.15458785
v 0.74879622 -0.72821862 -0.15967278
v 0.74026322 -0.72343349 -0.15927348
v 0.73684609 -0.72566116 -0.15395001
v 0.75905067 -0.72703052 -0.20150492
v 0.76136976 -0.72427535 -0.19870019
v 0.75868660 -0.73186409 -0.19521335
v 0.75223917 -0.73365432 -0.19791827
v 0.71370542 -0.71444017 -0.14120081
v 0.71361327 -0.71264279 -0.14871906
v 0.70320296 -0.71032935 -0.15211268
v 0.70236486 -0.71189916 -0.14369346
v 0.70962673 -0.70168984 -0.17536671
v 0.70307088 -0.70936239 -0.18599278
v 0.69562590 -0.71078897 -0.18196195
v 0.70293498 -0.70567393 -0.17022803
v 0.71755111 -0.69979584 -0.18093851
v 0.72124428 -0.70750368 -0.19542903
v 0.71108681 -0.70761573 -0.19034976
v 0.73290461 -0.70809889 -0.20178510
v 0.70020813 -0.71610057 -0.13495082
v 0.70758289 -0.71842217 -0.13081893
v 0.81782323 -0.73856968 -0.18612194
v 0.81249481 -0.73772359 -0.18576694
v 0.81355947 -0.73949206 -0.18075821
v 0.81895268 -0.74043632 -0.18131146
v 0.70013827 -0.73702097 -0.12877998
v 0.69507480 -0.73292118 -0.13019282
v 0.69367117 -0.74189115 -0.13386664
v 0.69933963 -0.74519873 -0.13439047
v 0.70743251 -0.74166262 -0.12642941
v 0.70736611 -0.74936998 -0.13410886
v 0.81662661 -0.74867302 -0.19369075
v 0.81073368 -0.74880958 -0.19286865
v 0.81093508 -0.74351978 -0.19264001
v 0.81662333 -0.74362409 -0.19313192
v 0.76247966 -0.72917217 -0.16801825
v 0.76773143 -0.72679085 -0.17605208
v 0.78292084 -0.73264444 -0.17395632
v 0.78174227 -0.73162824 -0.18020120
v 0.77506703 -0.72937489 -0.17819715
v 0.77236462 -0.73206121 -0.16928220
v 0.76321077 -0.73748016 -0.15164554
v 0.76791710 -0.73597145 -0.15801042
v 0.75810802 -0.73335755 -0.15803838
v 0.75357127 -0.73472953 -0.15146211
v 0.75009084 -0.73507929 -0.14008315
v 0.74989086 -0.73520386 -0.13383116
v 0.75787401 -0.73893720 -0.13320038
v 0.75922400 -0.73884863 -0.13986675
v 0.77789742 -0.74425542 -0.14585064
v 0.77632892 -0.74600589 -0.14070798
v 0.78378963 -0.75099891 -0.14267009
v 0.78577477 -0.74885553 -0.14722951
v 0.68961132 -0.73030055 -0.13122621
v 0.68798304 -0.73956311 -0.13356432
v 0.74116868 -0.75850809 -0.12676606
v 0.75026089 -0.76189590 -0.12410518
v 0.74800682 -0.75627995 -0.11553484
v 0.73850179 -0.75233078 -0.11862783
v 0.70058131 -0.75125194 -0.14283893
v 0.69407213 -0.74919176 -0.14197597
v 0.81721359 -0.75362957 -0.19085506
v 0.81116152 -0.75383335 -0.19017284
v 0.73212332 -0.71852404 -0.20388250
v 0.71951753 -0.71927524 -0.19732609
v 0.70873702 -0.72013187 -0.19206490
v 0.70059979 -0.72121787 -0.18857616
v 0.69322026 -0.72195971 -0.18730418
v 0.77626622 -0.73462176 -0.16480598
v 0.75609231 -0.73064339 -0.16155931
v 0.74399763 -0.73080027 -0.15071265
v 0.73845214 -0.73150539 -0.12200321
v 0.74148649 -0.73090124 -0.12900919
v 0.73513246 -0.72675461 -0.13121670
v 0.73068082 -0.72814375 -0.12222192
v 0.73986250 -0.74480933 -0.11445074
v 0.74924439 -0.74871367 -0.11255999
v 0.75234342 -0.74274832 -0.11499443
v 0.74394989 -0.73878682 -0.11642297
v 0.75669897 -0.72815424 -0.20582294
v 0.74664849 -0.73187006 -0.20151791
v 0.70299345 -0.72760075 -0.12682973
v 0.69713145 -0.72415555 -0.13011099
v 0.69177955 -0.72172958 -0.13327330
v 0.72509480 -0.71882343 -0.15081507
v 0.72708124 -0.71784103 -0.15453169
v 0.71581954 -0.70846283 -0.15835188
v 0.71392649 -0.71113187 -0.15337935
v 0.73789549 -0.71055514 -0.16713104
v 0.74558198 -0.70813656 -0.17596269
v 0.72691864 -0.70241046 -0.17096555
v 0.70322490 -0.70821953 -0.15956458
v 0.69436765 -0.70842987 -0.16283259
v 0.69469965 -0.70991135 -0.15423997
v 0.69429958 -0.71182311 -0.14548895
v 0.69332987 -0.71566415 -0.13775647
v 0.68470347 -0.70744610 -0.16422936
v 0.68559039 -0.70789838 -0.15549943
v 0.68581676 -0.70994473 -0.14650430
v 0.68551898 -0.71378791 -0.13912825
v 0.67898780 -0.74617040 -0.13900155
v 0.68701804 -0.74763179 -0.14090250
v 0.68081999 -0.73676646 -0.13293627
v 0.68374640 -0.71328330 -0.18150957
v 0.68397790 -0.70959604 -0.17304459
v 0.69412649 -0.70882893 -0.17237003
v 0.68344802 -0.72225344 -0.18609482
v 0.75067627 -0.70449054 -0.19586016
v 0.75553274 -0.70994985 -0.19186252
v 0.76046836 -0.71093434 -0.19713040
v 0.75696683 -0.70639241 -0.20112923
v 0.77487844 -0.73228979 -0.18576385
v 0.78047192 -0.73403502 -0.18608227
v 0.77861184 -0.73953766 -0.18942733
v 0.71512556 -0.72207510 -0.12644720
v 0.72072089 -0.71886963 -0.13587806
v 0.78419495 -0.73484606 -0.16899465
v 0.80377501 -0.74846160 -0.19169219
v 0.79208565 -0.74660218 -0.19015461
v 0.79265642 -0.74077111 -0.18971005
v 0.80424416 -0.74288893 -0.19160803
v 0.79064232 -0.74072790 -0.16845486
v 0.79711425 -0.74352086 -0.17160892
v 0.79611951 -0.73808181 -0.17328364
v 0.78946072 -0.73624647 -0.17146593
v 0.77441633 -0.74682915 -0.13433897
v 0.78056717 -0.75113034 -0.13587742
v 0.77463663 -0.75619495 -0.17288838
v 0.76333618 -0.75466728 -0.18338372
v 0.77395582 -0.75423372 -0.18315983
v 0.76067078 -0.73847121 -0.14557700
v 0.76815224 -0.74228108 -0.13991626
v 0.76956040 -0.74119604 -0.14526343
v 0.77880496 -0.73610389 -0.16271535
v 0.77509177 -0.73752230 -0.15825093
v 0.78181612 -0.73921871 -0.15997723
v 0.78433126 -0.73704034 -0.16516671
v 0.72912169 -0.73883247 -0.11624435
v 0.72713274 -0.74933112 -0.12140755
v 0.81150174 -0.73945975 -0.18998274
v 0.81700802 -0.74006271 -0.19034836
v 0.68283510 -0.72699243 -0.13233662
v 0.68449920 -0.71938515 -0.13453194
v 0.75120026 -0.73516870 -0.14601380
v 0.75113475 -0.75227559 -0.18343207
v 0.74212396 -0.73073363 -0.14615744
v 0.76719856 -0.76334536 -0.13543038
v 0.77443445 -0.76624334 -0.13600700
v 0.77578431 -0.76140255 -0.13178015
v 0.76867294 -0.75949878 -0.12961841
v 0.80760986 -0.74735343 -0.17488049
v 0.81419104 -0.74939841 -0.17666832
v 0.81423813 -0.74387896 -0.17747463
v 0.80742818 -0.74164999 -0.17605731
v 0.78815383 -0.73381549 -0.17568457
v 0.79524112 -0.73494685 -0.17713828
v 0.79425538 -0.73420656 -0.18234958
v 0.78701448 -0.73320925 -0.18118997
v 0.78574091 -0.73528177 -0.18592469
v 0.79330176 -0.73655158 -0.18682741
v 0.80698991 -0.75340867 -0.17729309
v 0.79671991 -0.75006330 -0.17444220
v 0.79383266 -0.75405228 -0.18028975
v 0.80519533 -0.75576007 -0.18322656
v 0.72248441 -0.75752801 -0.14896098
v 0.73246610 -0.75842702 -0.13765579
v 0.71968496 -0.75607109 -0.14030780
v 0.76111835 -0.76426709 -0.14416394
v 0.75740045 -0.76131511 -0.13352165
v 0.74518704 -0.76062173 -0.13545829
v 0.72947162 -0.75587475 -0.12973842
v 0.78610605 -0.75016075 -0.16750786
v 0.78331602 -0.75561023 -0.16851851
v 0.78483915 -0.75258350 -0.17553845
v 0.74058139 -0.72978032 -0.13899007
v 0.80503535 -0.73861337 -0.18889223
v 0.70004839 -0.74287939 -0.18394908
v 0.70877331 -0.74304837 -0.18460175
v 0.70799303 -0.75217658 -0.17379288
v 0.69873822 -0.75056517 -0.17453519
v 0.80706453 -0.73783630 -0.17966050
v 0.80623519 -0.73623800 -0.18456030
v 0.77352321 -0.74939072 -0.12845106
v 0.77357793 -0.75444984 -0.12551278
v 0.77806938 -0.75702113 -0.12876087
v 0.77879679 -0.75333387 -0.13122512
v 0.71743608 -0.75327897 -0.13247705
v 0.75645250 -0.76466095 -0.12167641
v 0.75592756 -0.75944680 -0.11337437
v 0.70849425 -0.75382674 -0.14229615
v 0.70203429 -0.75420427 -0.15284374
v 0.71074843 -0.75557745 -0.15123034
v 0.76944053 -0.76215160 -0.15450947
v 0.72584784 -0.75808692 -0.15684107
v 0.71378481 -0.75604314 -0.15905021
v 0.70409524 -0.75435460 -0.16213417
v 0.69650435 -0.75346553 -0.16320217
v 0.69527662 -0.75282931 -0.15300110
v 0.80409557 -0.75357008 -0.18889411
v 0.81225055 -0.75619411 -0.18477495
v 0.67823172 -0.75088829 -0.14957997
v 0.68727440 -0.75166190 -0.15219715
v 0.67839909 -0.75154752 -0.16045366
v 0.68828446 -0.75251544 -0.16271839
v 0.71967942 -0.75319028 -0.17573139
v 0.71666485 -0.75576830 -0.16745746
v 0.73299295 -0.75571799 -0.17419370
v 0.72915190 -0.75806189 -0.16499701
v 0.77006459 -0.76255131 -0.16451824
v 0.82765996 -0.75590670 -0.18293186
v 0.82824206 -0.75271940 -0.17975008
v 0.82025099 -0.75085044 -0.17787161
v 0.81977832 -0.75478172 -0.18119209
v 0.81356478 -0.75421846 -0.17944477
v 0.81837130 -0.75634289 -0.18597084
v 0.73773056 -0.74986374 -0.18426870
v 0.78798842 -0.74230576 -0.16243854
v 0.72325265 -0.74364662 -0.18696806
v 0.73606622 -0.73801631 -0.19654624
v 0.74541473 -0.74300992 -0.19391456
v 0.71980476 -0.73147160 -0.19561654
v 0.70833272 -0.73224902 -0.19104338
v 0.69261914 -0.73256212 -0.18767723
v 0.69976115 -0.73244965 -0.18848570
v 0.68251675 -0.73270047 -0.18699221
v 0.73237532 -0.72908360 -0.20165280
v 0.82626563 -0.74226999 -0.18140396
v 0.82536328 -0.73967063 -0.18614563
v 0.69195110 -0.74256754 -0.18333790
v 0.68132132 -0.74256039 -0.18149821
v 0.75177455 -0.70833492 -0.18465759
v 0.73330402 -0.72580993 -0.14677042
v 0.73174924 -0.72454214 -0.14135687
v 0.72846764 -0.72284049 -0.13323775
v 0.72312641 -0.72523582 -0.12357549
v 0.67957324 -0.74963951 -0.17173034
v 0.67208534 -0.70372391 -0.15637711
v 0.67277956 -0.70526278 -0.14718200
v 0.66586453 -0.74984187 -0.15569913
v 0.82473677 -0.74084258 -0.19054323
v 0.78504574 -0.75680041 -0.14713040
v 0.78693205 -0.75554895 -0.14882115
v 0.74507600 -0.70350587 -0.20152573
v 0.75320429 -0.70598972 -0.20615320
v 0.75277692 -0.71804959 -0.21229881
v 0.74244499 -0.71780145 -0.20888907
v 0.74213970 -0.70875025 -0.20704468
v 0.75191641 -0.71058244 -0.21043438
v 0.72403562 -0.71934319 -0.14739671
v 0.72323507 -0.71937603 -0.14247185
v 0.71645594 -0.74601084 -0.12417773
v 0.71855819 -0.73559964 -0.11923565
v 0.78455216 -0.74002105 -0.18891434
v 0.78314745 -0.74587703 -0.18859729
v 0.77592164 -0.74641746 -0.18891418
v 0.79202330 -0.75250983 -0.18644658
v 0.79015046 -0.74741763 -0.17113993
v 0.78890622 -0.74642360 -0.16641513
v 0.73115718 -0.71503574 -0.15996966
v 0.72010237 -0.70554769 -0.16412410
v 0.76183802 -0.71825075 -0.19573483
v 0.75883281 -0.71664077 -0.19042927
v 0.77157062 -0.73942143 -0.15176742
v 0.78112507 -0.76325721 -0.15785527
v 0.78027302 -0.76264513 -0.16519637
v 0.77908939 -0.74174666 -0.15268925
v 0.82478696 -0.74416637 -0.19345427
v 0.82477999 -0.74914974 -0.19418463
v 0.78255844 -0.75255704 -0.18414260
v 0.76646090 -0.74289900 -0.13321874
v 0.78440684 -0.76028007 -0.15294583
v 0.77715456 -0.76219612 -0.15025440
v 0.75612700 -0.75199759 -0.11156873
v 0.69012856 -0.75017118 -0.17411366
v 0.81990546 -0.74504328 -0.17781183
v 0.82731885 -0.74708980 -0.17848799
v 0.82622939 -0.75654781 -0.18690312
v 0.82491165 -0.75409925 -0.19135103
v 0.71022844 -0.73163128 -0.12302557
v 0.73495930 -0.72604525 -0.15036339
v 0.67301804 -0.70851207 -0.13919999
v 0.74337721 -0.72665894 -0.20655055
v 0.75427711 -0.72532856 -0.21054998
v 0.78585446 -0.74454737 -0.15401183
v 0.76197404 -0.76279724 -0.12776284
v 0.78012806 -0.76537406 -0.14889173
v 0.77565914 -0.76871037 -0.14370406
v 0.76934791 -0.76650929 -0.14371501
v 0.78449059 -0.76145536 -0.14836296
v 0.83173817 -0.75498223 -0.19212562
v 0.83282316 -0.75734615 -0.18771745
v 0.83183622 -0.75007641 -0.19505474
v 0.83122689 -0.74513918 -0.19377446
v 0.83054495 -0.74199009 -0.19082732
v 0.83401185 -0.75673807 -0.18382101
v 0.83418947 -0.75373745 -0.18085852
v 0.83286500 -0.74826944 -0.17946826
v 0.83945578 -0.75748527 -0.18422155
v 0.83951080 -0.75814557 -0.18826520
v 0.84497350 -0.75053024 -0.19561270
v 0.84586608 -0.75369507 -0.19519377
v 0.84223872 -0.75363934 -0.19484164
v 0.83922732 -0.75137007 -0.19556761
v 0.84993756 -0.75113034 -0.19501013
v 0.85039800 -0.75445795 -0.19508529
v 0.84580451 -0.75703764 -0.19302782
v 0.84146804 -0.75606239 -0.19292742
v 0.85061312 -0.75808328 -0.19300732
v 0.85053033 -0.75956357 -0.18947855
v 0.84592223 -0.75835681 -0.18948288
v 0.84218335 -0.75749242 -0.19013730
v 0.83774894 -0.75574434 -0.19274989
v 0.85401195 -0.75294733 -0.19379281
v 0.85613227 -0.75644690 -0.19095482
v 0.85465586 -0.75841272 -0.19270267
v 0.85351449 -0.75526536 -0.19460708
v 0.83736777 -0.74632633 -0.19411749
v 0.84400487 -0.74734938 -0.19382560
v 0.84957892 -0.74846929 -0.19302526
v 0.85381091 -0.75070798 -0.19151615
v 0.84415841 -0.74501222 -0.19088905
v 0.84969139 -0.74718547 -0.19023573
v 0.85306472 -0.74946785 -0.18899825
v 0.84469330 -0.74477446 -0.18720077
v 0.85000074 -0.74751711 -0.18734440
v 0.83635861 -0.74320269 -0.19106090
v 0.83630902 -0.74231255 -0.18700844
v 0.85227811 -0.74930155 -0.18728612
v 0.85575193 -0.75438845 -0.18876734
v 0.84538883 -0.75891960 -0.18663555
v 0.85050249 -0.75944883 -0.18655103
v 0.84532529 -0.75798488 -0.18407474
v 0.85053837 -0.75827992 -0.18441628
v 0.85386658 -0.76011771 -0.18974878
v 0.85457224 -0.75924724 -0.18764482
v 0.83061135 -0.74099517 -0.18659842
v 0.83145046 -0.74385452 -0.18194205
v 0.83694601 -0.74499500 -0.18262945
v 0.84510076 -0.74723458 -0.18300211
v 0.83803999 -0.74965668 -0.18048380
v 0.83956379 -0.75468218 -0.18151717
v 0.84549421 -0.75567889 -0.18221015
v 0.84522355 -0.75170255 -0.18117082
v 0.85038680 -0.75585353 -0.18302122
v 0.85027128 -0.75286615 -0.18262011
v 0.85031009 -0.74969232 -0.18431108
v 0.85351211 -0.75507152 -0.18442890
v 0.85428309 -0.75736564 -0.18569691
v 0.85436213 -0.75259089 -0.18683459
v 0.85276532 -0.75119674 -0.18546429
v 0.85256767 -0.75314397 -0.18399450
v 0.82353663 -0.75762916 -0.16155776
v 0.81634909 -0.75560451 -0.16173439
v 0.81623375 -0.75742185 -0.15713719
v 0.82356399 -0.75973153 -0.15699613
v 0.82045633 -0.76606464 -0.17062587
v 0.81361055 -0.76512814 -0.17046189
v 0.81498533 -0.75982165 -0.16908276
v 0.82194829 -0.76088011 -0.16881035
v 0.81925935 -0.77125382 -0.16700175
v 0.81236190 -0.77049255 -0.16688898
v 0.80568534 -0.76342213 -0.17018172
v 0.79287505 -0.75890851 -0.16877063
v 0.79457921 -0.75342649 -0.16694912
v 0.80723286 -0.75799662 -0.16859446
v 0.79451108 -0.75790799 -0.15030690
v 0.79426384 -0.75276142 -0.15110116
v 0.81590706 -0.75679219 -0.16562045
v 0.82306516 -0.75809646 -0.16550852
v 0.80736905 -0.76282167 -0.15193588
v 0.81560379 -0.76588464 -0.15271169
v 0.81607300 -0.76113284 -0.15378463
v 0.80786365 -0.75791538 -0.15294124
v 0.79447305 -0.74870396 -0.15543902
v 0.79524589 -0.74667835 -0.16108476
v 0.79539335 -0.74916065 -0.16477561
v 0.80642509 -0.76774794 -0.15428841
v 0.79368663 -0.76346743 -0.15340240
v 0.79185092 -0.76635408 -0.15916541
v 0.80518270 -0.77021736 -0.15980570
v 0.80808306 -0.75417590 -0.16554056
v 0.80796856 -0.75414962 -0.15674525
v 0.80838454 -0.75230730 -0.16159600
v 0.80439693 -0.76876354 -0.16637430
v 0.81317371 -0.77198756 -0.16023047
v 0.83085990 -0.77407956 -0.15696403
v 0.83220267 -0.77119958 -0.15397878
v 0.82282662 -0.76822698 -0.15300494
v 0.82175767 -0.77177811 -0.15583441
v 0.81469357 -0.76986337 -0.15517893
v 0.82005858 -0.77317953 -0.16088846
v 0.83390707 -0.76308578 -0.15671575
v 0.83367610 -0.76037908 -0.16126324
v 0.83319116 -0.76046050 -0.16520083
v 0.79108262 -0.76539350 -0.16600166
v 0.83188945 -0.76296747 -0.16818300
v 0.83008814 -0.76773751 -0.17017806
v 0.82342529 -0.76354444 -0.15366283
v 0.83319747 -0.76674193 -0.15377542
v 0.82927603 -0.77496314 -0.16143914
v 0.82843530 -0.77295029 -0.16705213
v 0.83658570 -0.77457213 -0.16669616
v 0.83699578 -0.77646959 -0.16154006
v 0.83812058 -0.76977527 -0.16997729
v 0.83903784 -0.76496238 -0.16815469
v 0.83948606 -0.76256239 -0.16519685
v 0.83809477 -0.77584708 -0.15776248
v 0.83884650 -0.77328652 -0.15504166
v 0.83917081 -0.76887089 -0.15443227
v 0.84498388 -0.77755314 -0.15802214
v 0.84514195 -0.77854097 -0.16153315
v 0.85793811 -0.77395725 -0.16814494
v 0.85771477 -0.77722484 -0.16842240
v 0.85276079 -0.77574420 -0.16851297
v 0.85235482 -0.77263427 -0.16918646
v 0.84902054 -0.77538502 -0.16843832
v 0.84618759 -0.77251482 -0.16960588
v 0.85271764 -0.77868068 -0.16541001
v 0.84809405 -0.77750534 -0.16614601
v 0.85751432 -0.78121936 -0.16631645
v 0.85698777 -0.78222352 -0.16264337
v 0.85169244 -0.77981776 -0.16288099
v 0.84816617 -0.77857286 -0.16327271
v 0.86245036 -0.77660400 -0.16687407
v 0.86140031 -0.77868152 -0.16803446
v 0.84378588 -0.77659011 -0.16638917
v 0.84513628 -0.76730341 -0.16797982
v 0.85217208 -0.76917303 -0.16755080
v 0.85843194 -0.77147210 -0.16645317
v 0.86269319 -0.77439857 -0.16478495
v 0.85233927 -0.76668477 -0.16464949
v 0.85849571 -0.76974308 -0.16393992
v 0.86178625 -0.77289319 -0.16246973
v 0.85242712 -0.76651496 -0.16065823
v 0.85830802 -0.76991451 -0.16062924
v 0.84484339 -0.76431566 -0.16492708
v 0.84456277 -0.76405722 -0.16110262
v 0.86072999 -0.77239060 -0.16067734
v 0.86384666 -0.77817029 -0.16230835
v 0.86408120 -0.78059828 -0.16440369
v 0.86241561 -0.78269994 -0.16643225
v 0.85144460 -0.77955842 -0.16045712
v 0.85725570 -0.78121543 -0.16038847
v 0.85162061 -0.77922636 -0.15802042
v 0.85750830 -0.78050095 -0.15841232
v 0.86100847 -0.78369379 -0.16291817
v 0.86181164 -0.78244203 -0.16133741
v 0.83962435 -0.76255476 -0.16127832
v 0.83950531 -0.76496351 -0.15713841
v 0.84441006 -0.76639384 -0.15702069
v 0.85211998 -0.76916182 -0.15665665
v 0.84420037 -0.77056539 -0.15459895
v 0.84481037 -0.77519166 -0.15543346
v 0.85147607 -0.77714288 -0.15599239
v 0.85150641 -0.77341449 -0.15495852
v 0.85720474 -0.77845228 -0.15696028
v 0.85714579 -0.77554524 -0.15616257
v 0.85780489 -0.77212203 -0.15738529
v 0.86099386 -0.77838862 -0.15823554
v 0.86186314 -0.78060150 -0.15956303
v 0.86260235 -0.77603483 -0.16033347
v 0.86078596 -0.77427423 -0.15877640
v 0.85992420 -0.77631265 -0.15744196
v 0.81200904 -0.76646560 -0.14028555
v 0.80623227 -0.76471299 -0.14081861
v 0.80526602 -0.76456934 -0.13592868
v 0.81122208 -0.76649851 -0.13524735
v 0.80933464 -0.77628827 -0.14563629
v 0.80256736 -0.77445185 -0.14698388
v 0.80483663 -0.77058399 -0.14684498
v 0.81087422 -0.77272797 -0.14573877
v 0.80784857 -0.77945971 -0.14222266
v 0.80053908 -0.77779233 -0.14292803
v 0.79594392 -0.77203000 -0.14775784
v 0.78669333 -0.76828480 -0.14817697
v 0.78976178 -0.76361609 -0.14741553
v 0.79882103 -0.76776850 -0.14750710
v 0.80612010 -0.76718795 -0.14456472
v 0.81192988 -0.76930898 -0.14384097
v 0.79609406 -0.76657152 -0.13031620
v 0.80293739 -0.77010000 -0.13046575
v 0.80406761 -0.76672566 -0.13206896
v 0.79721922 -0.76321352 -0.13211960
v 0.78759187 -0.75577223 -0.13628626
v 0.78953636 -0.75623685 -0.14119256
v 0.79048198 -0.75934404 -0.14465970
v 0.79466128 -0.77149618 -0.13153327
v 0.78401679 -0.76593846 -0.13179389
v 0.78285366 -0.77071261 -0.13636978
v 0.79310316 -0.77532899 -0.13652581
v 0.80029005 -0.76417303 -0.14482111
v 0.79880494 -0.76106548 -0.13597150
v 0.80015671 -0.76143062 -0.14095227
v 0.79336601 -0.77527356 -0.14328443
v 0.80019498 -0.77771240 -0.13663268
v 0.81783408 -0.78078067 -0.13227373
v 0.81880277 -0.77728850 -0.12994750
v 0.80917156 -0.77286863 -0.12988597
v 0.80805171 -0.77706003 -0.13186607
v 0.80147421 -0.77444994 -0.13165915
v 0.80744421 -0.77975082 -0.13665582
v 0.82020456 -0.77000034 -0.13433495
v 0.82080454 -0.76936191 -0.13902025
v 0.82060492 -0.77193505 -0.14250711
v 0.78367734 -0.77178073 -0.14367460
v 0.78519899 -0.76070803 -0.13026020
v 0.81998897 -0.77500117 -0.14422691
v 0.81892538 -0.77850401 -0.14436242
v 0.81008071 -0.76906079 -0.13134015
v 0.81926596 -0.77305520 -0.13070543
v 0.81715971 -0.78266084 -0.13655935
v 0.81729549 -0.78198808 -0.14149913
v 0.82415521 -0.78389740 -0.14098169
v 0.82372797 -0.78505206 -0.13620085
v 0.82592177 -0.78056914 -0.14396375
v 0.82659614 -0.77687943 -0.14334245
v 0.82658190 -0.77387905 -0.14158936
v 0.82437998 -0.78309506 -0.13223889
v 0.82510680 -0.77995938 -0.13036875
v 0.82482821 -0.77552652 -0.13076572
v 0.82931435 -0.78479201 -0.13173075
v 0.82992488 -0.78661025 -0.13569407
v 0.84309912 -0.78429794 -0.14196968
v 0.84270656 -0.78655982 -0.14146326
v 0.83828229 -0.78476596 -0.14160451
v 0.83841568 -0.78278548 -0.14272803
v 0.83472484 -0.78436649 -0.14195943
v 0.83230180 -0.78251731 -0.14322242
v 0.83720559 -0.78785127 -0.13966614
v 0.83321148 -0.78631878 -0.14005426
v 0.84169137 -0.78965616 -0.13915837
v 0.84048837 -0.78990489 -0.13532263
v 0.83608216 -0.78794301 -0.13595785
v 0.83277774 -0.78713620 -0.13712400
v 0.84665430 -0.78658044 -0.14053905
v 0.84559292 -0.78816909 -0.14080906
v 0.82962221 -0.78522617 -0.14038083
v 0.83183742 -0.77848518 -0.14276426
v 0.83815873 -0.77988493 -0.14204054
v 0.84331101 -0.78170419 -0.14101477
v 0.84665793 -0.78387785 -0.13906260
v 0.83778054 -0.77734625 -0.13991782
v 0.84290147 -0.77962375 -0.13891378
v 0.84565371 -0.78168988 -0.13723773
v 0.83721536 -0.77574587 -0.13703543
v 0.84235132 -0.77857351 -0.13636772
v 0.83146411 -0.77549148 -0.14070296
v 0.83058989 -0.77362049 -0.13770531
v 0.84448552 -0.78065908 -0.13581780
v 0.84717679 -0.78663218 -0.13540842
v 0.84720111 -0.78950381 -0.13722897
v 0.84556627 -0.79116416 -0.13867828
v 0.83513921 -0.78767967 -0.13340628
v 0.84009671 -0.78905171 -0.13291746
v 0.83480984 -0.78593224 -0.13124463
v 0.84012067 -0.78737444 -0.13126557
v 0.84373480 -0.79122770 -0.13559572
v 0.84422511 -0.79025817 -0.13400160
v 0.82606065 -0.77189004 -0.13850211
v 0.82524681 -0.77243626 -0.13427114
v 0.82975006 -0.77417290 -0.13401218
v 0.83656496 -0.77673590 -0.13327809
v 0.82909751 -0.77728641 -0.13076314
v 0.82937276 -0.78142786 -0.13034761
v 0.83498931 -0.78313959 -0.13009806
v 0.83531386 -0.77964807 -0.13054359
v 0.84024310 -0.78479910 -0.13042854
v 0.84062290 -0.78192288 -0.13080490
v 0.84159625 -0.77948517 -0.13314421
v 0.84377515 -0.78532803 -0.13166642
v 0.84411687 -0.78804928 -0.13249353
v 0.84593219 -0.78388202 -0.13435718
v 0.84432107 -0.78179228 -0.13364790
v 0.84322298 -0.78310716 -0.13166186
v 0.78591734 -0.75752378 -0.13245700
v 0.78995198 -0.76773864 -0.11353642
v 0.78570116 -0.76549459 -0.11530529
v 0.78444433 -0.76478827 -0.11171946
v 0.78861028 -0.76700884 -0.10990629
v 0.78743333 -0.77780151 -0.11668600
v 0.78241569 -0.77571416 -0.11881356
v 0.78472680 -0.77197456 -0.11988153
v 0.78955412 -0.77427638 -0.11783752
v 0.78497761 -0.77935016 -0.11248569
v 0.77967513 -0.77721804 -0.11423039
v 0.77678001 -0.77222085 -0.12081023
v 0.76802093 -0.76681244 -0.12456751
v 0.77196419 -0.76318347 -0.12474291
v 0.77939069 -0.76849866 -0.12179017
v 0.76133066 -0.75512826 -0.11113592
v 0.76748210 -0.75875330 -0.10968337
v 0.77012181 -0.75640130 -0.11197171
v 0.76364583 -0.75140405 -0.11348046
v 0.78586364 -0.76820982 -0.11838834
v 0.79033297 -0.77058923 -0.11634578
v 0.77576351 -0.76448488 -0.10753005
v 0.78072101 -0.76815164 -0.10600133
v 0.78276169 -0.76579201 -0.10835449
v 0.77821869 -0.76211846 -0.10975893
v 0.76684397 -0.75042289 -0.11709483
v 0.77247483 -0.75568855 -0.11536185
v 0.77367800 -0.75638592 -0.11927376
v 0.77011508 -0.75079620 -0.12144896
v 0.77399552 -0.75903648 -0.12221051
v 0.77351230 -0.76803923 -0.10754135
v 0.76503754 -0.76217985 -0.10980336
v 0.76281911 -0.76606143 -0.11251923
v 0.77257609 -0.77204227 -0.11052104
v 0.78101408 -0.76484686 -0.12005772
v 0.77996629 -0.76141781 -0.11307193
v 0.78110987 -0.76206356 -0.11697754
v 0.77369142 -0.77368861 -0.11638054
v 0.77848315 -0.77545345 -0.10902511
v 0.78986311 -0.77729571 -0.10214503
v 0.79089463 -0.77399957 -0.10191597
v 0.78510940 -0.77076316 -0.10408694
v 0.78360432 -0.77449590 -0.10416383
v 0.77892512 -0.77181363 -0.10594599
v 0.78354406 -0.77791572 -0.10735625
v 0.79411125 -0.76980627 -0.10758710
v 0.79579347 -0.77062166 -0.11118281
v 0.79612541 -0.77321988 -0.11387427
v 0.76373953 -0.76865697 -0.11971512
v 0.79575002 -0.77662182 -0.11511345
v 0.79402173 -0.78000855 -0.11424410
v 0.78694630 -0.76812863 -0.10648355
v 0.79248589 -0.77121270 -0.10416093
v 0.78997004 -0.78040504 -0.10521704
v 0.79141033 -0.78155845 -0.11032002
v 0.79653430 -0.78383136 -0.10872020
v 0.79516584 -0.78275675 -0.10370010
v 0.79897076 -0.78182471 -0.11246365
v 0.80022591 -0.77837920 -0.11318281
v 0.80007797 -0.77508599 -0.11200483
v 0.79474998 -0.77926326 -0.10075712
v 0.79537517 -0.77628845 -0.10094936
v 0.79641116 -0.77370095 -0.10314643
v 0.79934502 -0.78145158 -0.09977017
v 0.80043876 -0.78487146 -0.10250871
v 0.81243843 -0.78474092 -0.10850123
v 0.81143355 -0.78648174 -0.10784461
v 0.80845022 -0.78518826 -0.10853745
v 0.80869979 -0.78353292 -0.10995071
v 0.80516738 -0.78484905 -0.10906839
v 0.80373156 -0.78325772 -0.11076087
v 0.80662155 -0.78718257 -0.10617241
v 0.80342239 -0.78588235 -0.10685840
v 0.81015933 -0.78880638 -0.10515198
v 0.80914849 -0.78799736 -0.10109773
v 0.80557019 -0.78692091 -0.10209438
v 0.80292821 -0.78619611 -0.10366078
v 0.81515718 -0.78645933 -0.10646138
v 0.81383002 -0.78782594 -0.10675354
v 0.80066800 -0.78505599 -0.10757028
v 0.80414099 -0.78002697 -0.11176921
v 0.80897605 -0.78126621 -0.11023761
v 0.81362242 -0.78280509 -0.10818231
v 0.81592369 -0.78436565 -0.10524973
v 0.80849218 -0.77884799 -0.10909139
v 0.81291473 -0.78061676 -0.10687144
v 0.81503445 -0.78214091 -0.10431424
v 0.80719239 -0.77676427 -0.10718276
v 0.81162697 -0.77899587 -0.10531242
v 0.80357987 -0.77693796 -0.11083433
v 0.80228996 -0.77463222 -0.10880613
v 0.81365526 -0.78070384 -0.10392673
v 0.81535190 -0.78550732 -0.10208069
v 0.81501037 -0.78799903 -0.10285366
v 0.81330222 -0.78990722 -0.10401650
v 0.80480695 -0.78568518 -0.09991212
v 0.80919313 -0.78665900 -0.09900436
v 0.80413580 -0.78300226 -0.09871267
v 0.80949420 -0.78439772 -0.09826294
v 0.81183040 -0.78915262 -0.10107975
v 0.81268978 -0.78769583 -0.09995493
v 0.79937959 -0.77279180 -0.10959843
v 0.79799598 -0.77216583 -0.10648684
v 0.80099916 -0.77383125 -0.10548688
v 0.80586070 -0.77596521 -0.10423909
v 0.79978281 -0.77541590 -0.10214463
v 0.79917347 -0.77806735 -0.09999530
v 0.80427146 -0.78014123 -0.09901078
v 0.80480248 -0.77739370 -0.10091065
v 0.80952984 -0.78189981 -0.09879375
v 0.80987066 -0.77976692 -0.10043223
v 0.81063628 -0.77857685 -0.10298966
v 0.81300968 -0.78304672 -0.09998107
v 0.81317371 -0.78533340 -0.09950039
v 0.81466860 -0.78308487 -0.10193434
v 0.81333828 -0.78105611 -0.10227464
v 0.81247783 -0.78138745 -0.10074119
v 0.76000923 -0.75838631 -0.11094014
v 0.76721603 -0.72779405 -0.21021238
v 0.76898074 -0.72699845 -0.20541862
v 0.77011096 -0.71714568 -0.20071669
v 0.76851559 -0.71119595 -0.20229137
v 0.76584929 -0.70773041 -0.20669429
v 0.76400310 -0.70853961 -0.21152855
v 0.76334864 -0.71242261 -0.21520244
v 0.77035987 -0.72332668 -0.20203328
v 0.76494050 -0.72548926 -0.21490076
v 0.76344228 -0.71901786 -0.21693566
v 0.77321136 -0.71993899 -0.22174913
v 0.77397847 -0.72660935 -0.21949613
v 0.77282548 -0.71303594 -0.22003666
v 0.77260172 -0.70890045 -0.21559104
v 0.77297115 -0.70807838 -0.21011202
v 0.77535033 -0.72905803 -0.21391007
v 0.77627069 -0.72794408 -0.20844154
v 0.77658993 -0.72340173 -0.20472132
v 0.78320688 -0.73022801 -0.21787871
v 0.78495997 -0.72827888 -0.22436774
v 0.79404092 -0.71436870 -0.22713031
v 0.79355741 -0.71758795 -0.22993471
v 0.78942674 -0.71699142 -0.22809322
v 0.78897011 -0.71335506 -0.22550927
v 0.78665370 -0.71749216 -0.22698037
v 0.78325641 -0.71447182 -0.22422898
v 0.78994697 -0.72271472 -0.22998591
v 0.78722835 -0.72218597 -0.22819236
v 0.79106486 -0.72820431 -0.22898138
v 0.78797096 -0.72671092 -0.22804105
v 0.79395336 -0.72314358 -0.23226349
v 0.79711318 -0.71857786 -0.23148079
v 0.79799497 -0.72293973 -0.23284931
v 0.79867589 -0.71688950 -0.22932561
v 0.78303462 -0.72136641 -0.22597343
v 0.78090101 -0.70985788 -0.21886346
v 0.78849214 -0.71078563 -0.22155729
v 0.79495388 -0.71270144 -0.22373714
v 0.79993010 -0.71634156 -0.22556324
v 0.78892845 -0.71063262 -0.21652648
v 0.79576081 -0.71364117 -0.21954960
v 0.79961985 -0.71722019 -0.22182561
v 0.78940505 -0.71379137 -0.21248922
v 0.79585373 -0.71639299 -0.21681958
v 0.77992833 -0.70864677 -0.21287510
v 0.78003788 -0.71178818 -0.20797922
v 0.79887760 -0.71839887 -0.21944912
v 0.80215198 -0.72197485 -0.22655559
v 0.80150676 -0.72228205 -0.23074794
v 0.79133487 -0.73050493 -0.22569042
v 0.79479277 -0.72824907 -0.23092151
v 0.79616582 -0.73014706 -0.22760937
v 0.79092157 -0.73100591 -0.22091685
v 0.79698509 -0.73000312 -0.22355114
v 0.79800224 -0.72714841 -0.23219776
v 0.79995412 -0.72775060 -0.22961572
v 0.77413064 -0.71125770 -0.20534877
v 0.77578276 -0.71685725 -0.20343475
v 0.78133792 -0.71777582 -0.20617034
v 0.79001778 -0.71948272 -0.21065514
v 0.78266156 -0.72462058 -0.20750800
v 0.78308535 -0.72924811 -0.21208942
v 0.79111850 -0.72943342 -0.21629664
v 0.79089683 -0.72546184 -0.21217087
v 0.79709554 -0.72815430 -0.21982630
v 0.79674828 -0.72506934 -0.21707477
v 0.79638612 -0.72065526 -0.21601444
v 0.80019653 -0.72557598 -0.22206682
v 0.80087364 -0.72704268 -0.22569542
v 0.80102944 -0.72157526 -0.22280811
v 0.79941940 -0.72131574 -0.21973303
v 0.79916954 -0.72419202 -0.21975616
v 0.75869781 -0.74649143 -0.11407249
v 0.76194555 -0.74508262 -0.11893436
v 0.75499320 -0.74082744 -0.12006070
v 0.74688089 -0.73585856 -0.12094302
v 0.73688650 -0.73517025 -0.11732683
v 0.74901408 -0.73528045 -0.12733859
v 0.75703317 -0.74012494 -0.12610900
v 0.76596981 -0.74527574 -0.12531267
v 0.74401748 -0.73196065 -0.13409674
v 0.04894750 -0.81632173 -0.33907753
v 0.05216690 -0.81666809 -0.33653224
v 0.05315092 -0.81299186 -0.33097196
v 0.05085859 -0.81174064 -0.33275196
v 0.04782839 -0.81073368 -0.33460641
v 0.04419221 -0.81019020 -0.33612016
v 0.03906099 -0.81569088 -0.34158391
v 0.04451235 -0.81630921 -0.34123442
v 0.02925058 -0.81183714 -0.33738503
v 0.03104530 -0.81316578 -0.33785477
v 0.03003093 -0.81090975 -0.33715558
v 0.03611533 -0.81035042 -0.33722216
v 0.03233445 -0.81096709 -0.33698142
v 0.05555647 -0.81654418 -0.33138004
v 0.05619862 -0.81620371 -0.32962155
v 0.05415152 -0.81659669 -0.33391404
v 0.04011853 -0.81007862 -0.33701181
v 0.05588736 -0.81542647 -0.32887974
v 0.05481960 -0.81432128 -0.32942200
v 0.03432508 -0.81486595 -0.33995301
v 0.04823301 -0.81265074 -0.33576602
v 0.04443735 -0.81215501 -0.33737963
v 0.03983859 -0.81388593 -0.34013906
v 0.04465506 -0.81431341 -0.33930641
v 0.03651658 -0.81183457 -0.33837774
v 0.03399667 -0.81194985 -0.33784115
v 0.05103073 -0.81339478 -0.33379084
v 0.04026496 -0.81188023 -0.33841455
v 0.04882430 -0.81480181 -0.33724958
v 0.03344236 -0.81272221 -0.33835340
v 0.03578379 -0.81339598 -0.33950347
v 0.05536446 -0.81581008 -0.33011892
v 0.05525587 -0.81551111 -0.32982492
v 0.02353525 -0.61893678 -0.20931678
v 0.02424938 -0.60093868 -0.21113257
v 0.05158085 -0.81520545 -0.33496654
v 0.05437488 -0.81492114 -0.33059648
v 0.05292412 -0.81426406 -0.33201426
v 0.05338477 -0.81550610 -0.33290786
v 0.05468905 -0.81574064 -0.33118823
v 0.28985971 -0.67028850 -0.16163395
v 0.29150400 -0.65368515 -0.15858920
v 0.29431704 -0.71138591 -0.12766829
v 0.29171908 -0.71131116 -0.10576119
v 0.07984214 -0.31553122 -0.13959885
v 0.11186184 -0.44514644 0.02123577
v 0.11517660 -0.46434215 0.01621488
v 0.03675775 -0.47114116 0.03489970
v 0.05686663 -0.46760008 0.03665021
v 0.15352845 -0.40329656 -0.07765772
v 0.15227655 -0.38333392 -0.06815965
v 0.11783104 -0.37350547 -0.12887235
v 0.11643736 -0.35075206 -0.11854532
v 0.14384708 -0.35011283 -0.07839239
v 0.07818742 -0.42105824 0.05146139
v 0.07656513 -0.44112313 0.04255985
v 0.09489202 -0.43464822 0.03691573
v 0.09722082 -0.41625372 0.04639762
v 0.01700973 -0.44842449 0.03558445
v 0.01725201 -0.47113663 0.02848138
v 0.15926567 -0.43527284 -0.06481081
v 0.15691864 -0.44699568 -0.04100686
v 0.13537274 -0.47065607 -0.00283567
v 0.11902090 -0.48230904 0.00952472
v 0.08090125 -0.50400013 0.02090870
v 0.10085116 -0.49392173 0.01663588
v 0.10355732 -0.38990146 -0.15426597
v 0.08490136 -0.40770864 -0.17330025
v 0.15477972 -0.42403817 -0.08810319
v 0.04164667 -0.37659195 -0.18031847
v 0.03792957 -0.53975928 0.01784425
v 0.06185526 -0.53513539 0.01828468
v 0.14843944 -0.45880157 -0.02013256
v 0.04244119 -0.55433208 -0.21437137
v 0.04306342 -0.53650689 -0.21555591
v 0.06053266 -0.54114830 -0.21566057
v 0.06027546 -0.55872738 -0.21321760
v 0.07747727 -0.54482412 -0.21441969
v 0.09363107 -0.54823267 -0.21147503
v 0.10838444 -0.55124491 -0.20714450
v 0.14272188 -0.55586898 -0.18839635
v 0.13295913 -0.55505461 -0.19562113
v 0.15717544 -0.55548012 -0.17072673
v 0.15082103 -0.55638725 -0.18046398
v 0.16131218 -0.54969943 -0.15737548
v 0.16324836 -0.54284555 -0.14120080
v 0.16535886 -0.53650999 -0.12324477
v 0.16723128 -0.55179888 -0.12236589
v 0.16077514 -0.52708024 -0.14351159
v 0.15897439 -0.53380072 -0.15875158
v 0.15502977 -0.53822923 -0.17201154
v 0.02830362 -0.49352062 -0.20955853
v 0.03129726 -0.47118238 -0.20239386
v 0.02186518 -0.63591027 -0.20762593
v 0.51759577 -0.67407972 -0.09914080
v 0.62713891 -0.72456634 -0.17819245
v 0.02369063 -0.71192873 -0.06690849
v 0.00680621 -0.70653242 -0.06978896
v -0.00918978 -0.69381624 -0.06541088
v -0.00926763 -0.70375240 -0.07251763
v 0.09791337 -0.73249388 -0.09283087
v 0.08356526 -0.72529352 -0.07365022
v 0.06372925 -0.71702945 -0.06200621
v 0.04369717 -0.70951670 -0.05785317
v 0.14432235 -0.43349880 -0.11834978
v 0.02661231 -0.68150401 -0.04324758
v 0.04579237 -0.70062262 -0.04882271
v 0.06807636 -0.70900446 -0.05196463
v 0.09019066 -0.71761459 -0.06304929
v 0.11108942 -0.72620076 -0.08270276
v 0.12758729 -0.72441649 -0.08812481
v 0.15106097 -0.71166933 -0.07845750
v 0.16205031 -0.71099555 -0.08379093
v 0.16313612 -0.72101068 -0.10115448
v 0.17592812 -0.72193491 -0.10551592
v 0.17426981 -0.71226394 -0.08792540
v 0.25956717 -0.71212685 -0.09511079
v 0.27404454 -0.70722389 -0.09095773
v 0.28301740 -0.69895327 -0.08344179
v 0.28809926 -0.68786132 -0.07560928
v 0.28810021 -0.67579329 -0.06904114
v 0.28251994 -0.66329688 -0.06413234
v 0.27122331 -0.65302002 -0.06146152
v 0.22907849 -0.63252473 -0.06101662
v 0.21416047 -0.62573397 -0.05950771
v 0.18015262 -0.59610283 -0.04269241
v 0.17089657 -0.58998466 -0.03613369
v 0.13418445 -0.55529094 -0.00822034
v 0.14608088 -0.56769943 -0.01586757
v 0.12360265 -0.54204422 -0.00074745
v 0.09100068 -0.33186036 0.11015455
v 0.08796985 -0.34656692 0.09635523
v 0.10869784 -0.34437913 0.08929891
v 0.11144030 -0.32967943 0.10209111
v 0.01822034 -0.37912893 0.06774026
v 0.04053785 -0.38129994 0.07219320
v 0.16261661 -0.30625671 0.01972502
v 0.15670112 -0.32095003 0.04288602
v 0.14450149 -0.33202082 0.06252770
v 0.12806439 -0.33976305 0.07795654
v 0.16052933 -0.29029828 -0.00267678
v 0.08842111 -0.21762821 -0.07858900
v 0.10695706 -0.22921933 -0.06725756
v 0.03091832 -0.19965732 -0.09793275
v 0.04961705 -0.20290582 -0.09399984
v 0.15305498 -0.27331308 -0.02262818
v 0.06895678 -0.20872100 -0.08774351
v 0.12469064 -0.24235669 -0.05442221
v 0.14122406 -0.25704658 -0.03939576
v 0.08495586 -0.36248699 0.08435392
v 0.06406133 -0.36333728 0.08615294
v 0.06189049 -0.38192692 0.07362230
v 0.02862063 -0.60187179 0.00307395
v 0.05030696 -0.60598803 0.00556081
v 0.07207492 -0.61080635 0.00598554
v 0.08982413 -0.63133717 -0.00124820
v 0.10948668 -0.63644874 -0.00835431
v 0.11284667 -0.62103015 -0.00410766
v 0.09306408 -0.61542279 0.00310510
v 0.14232585 -0.64437920 -0.02952162
v 0.15645012 -0.64783096 -0.03767332
v 0.15819974 -0.63506824 -0.03545595
v 0.14540732 -0.63087624 -0.02675890
v 0.17083603 -0.63898933 -0.04153465
v 0.18204963 -0.64190090 -0.04758457
v 0.19365190 -0.64559066 -0.05322009
v 0.20781216 -0.65101361 -0.05588773
v 0.20354263 -0.67296523 -0.05823174
v 0.19072479 -0.66886222 -0.05553416
v 0.14154591 -0.65873468 -0.03399453
v 0.12558854 -0.65618348 -0.02455419
v 0.02674621 -0.63115638 -0.01273005
v 0.00724998 -0.62559897 -0.01786717
v 0.16844936 -0.53660995 -0.10419193
v 0.17100726 -0.53864330 -0.08446746
v 0.17098375 -0.54290628 -0.06699547
v 0.16936354 -0.54899585 -0.05220945
v 0.16639996 -0.55707449 -0.03997000
v 0.16123068 -0.56593984 -0.02978974
v 0.15462497 -0.57613283 -0.02230242
v 0.16271619 -0.58354175 -0.02911799
v 0.14801593 -0.58736581 -0.01711519
v 0.15753399 -0.59397584 -0.02555809
v 0.14129600 -0.59974569 -0.01402473
v 0.13485798 -0.61271572 -0.01283546
v 0.12989224 -0.62637359 -0.01465720
v 0.12662433 -0.64083171 -0.01849744
v 0.08834063 -0.64771330 -0.00786212
v 0.10742232 -0.65245199 -0.01484616
v 0.06762103 -0.65814096 -0.01393238
v 0.06812362 -0.67272484 -0.02263590
v 0.06847731 -0.62722957 0.00131917
v 0.06819331 -0.64295065 -0.00533304
v 0.06424580 -0.74264282 -0.10544053
v 0.04660084 -0.73810697 -0.09525964
v 0.25793526 -0.66404396 -0.06174618
v 0.26922393 -0.66478431 -0.06304486
v 0.26239428 -0.65651262 -0.06076470
v 0.25604603 -0.65808815 -0.06048010
v 0.27216539 -0.67438406 -0.06655809
v 0.25781634 -0.68141592 -0.06775791
v 0.27164975 -0.68497288 -0.07132904
v 0.25872564 -0.67252904 -0.06426771
v 0.26790872 -0.69466585 -0.07682416
v 0.25528052 -0.69041771 -0.07174035
v 0.26153314 -0.70226121 -0.08188305
v 0.25139713 -0.69762915 -0.07610987
v 0.24783428 -0.70216346 -0.07943030
v 0.25240743 -0.70676947 -0.08507026
v 0.21388963 -0.69753808 -0.07154437
v 0.22692212 -0.69988424 -0.07471741
v 0.23927537 -0.70123410 -0.07760686
v 0.22119270 -0.65591806 -0.05747204
v 0.23429805 -0.66297865 -0.05940336
v 0.24660948 -0.66861361 -0.06167302
v 0.24535376 -0.67731142 -0.06440184
v 0.23272382 -0.67185807 -0.06114945
v 0.21931955 -0.66531605 -0.05836497
v 0.02660661 -0.61749405 -0.00413543
v 0.04699024 -0.62248194 -0.00040773
v 0.16910878 -0.65102470 -0.04360656
v 0.18002194 -0.65320206 -0.04880677
v 0.19191515 -0.65581727 -0.05344024
v 0.20537709 -0.66056269 -0.05631821
v 0.17903650 -0.66552585 -0.05165874
v 0.16776150 -0.66334295 -0.04693137
v 0.15529804 -0.66083777 -0.04144346
v 0.04720895 -0.63726079 -0.00827854
v 0.00734962 -0.61278772 -0.00853594
v 0.18123177 -0.67246300 -0.17732891
v 0.18037944 -0.69901490 -0.17055860
v 0.18119401 -0.71886194 -0.15270752
v 0.17941257 -0.72601825 -0.12837639
v -0.01020884 -0.73640716 -0.09782796
v 0.43253115 -0.63333815 -0.12008408
v -0.00726909 -0.56051701 0.00719871
v -0.00928313 -0.57963836 0.00185643
v -0.00116195 -0.49230140 0.01574342
v -0.00304271 -0.51507419 0.01535164
v 0.03874986 -0.40405250 0.06013361
v 0.01763957 -0.40296912 0.05391600
v 0.01696809 -0.42659998 0.04324359
v -0.00675721 -0.35920411 0.07765514
v -0.00506059 -0.37729353 0.06058852
v -0.00222057 -0.42481300 0.03510981
v -0.00147264 -0.44742769 0.02703446
v 0.01540535 -0.53964168 0.01495437
v 0.00850646 -0.59926820 -0.00054205
v -0.01060480 -0.61101216 -0.01216473
v -0.01022746 -0.62338090 -0.02174794
v -0.01034042 -0.63657153 -0.02942192
v 0.11869515 -0.51977599 -0.20776555
v 0.12013765 -0.53621340 -0.20528752
v 0.10762762 -0.53416103 -0.21059033
v 0.10687508 -0.51794893 -0.21282855
v 0.13827837 -0.52349758 -0.19368285
v 0.14054064 -0.53914583 -0.19105065
v 0.13108426 -0.53786939 -0.19859253
v 0.12896343 -0.52177733 -0.20127758
v 0.14849222 -0.53936946 -0.18243617
v 0.14597031 -0.52406794 -0.18466175
v 0.11745674 -0.50357431 -0.20846054
v 0.12747328 -0.50578958 -0.20218173
v 0.10600962 -0.50189364 -0.21312477
v 0.14285986 -0.50949496 -0.18628700
v 0.13580893 -0.50801218 -0.19472349
v 0.01910800 -0.70934200 -0.27870607
v 0.02068207 -0.70624304 -0.29481578
v 0.01684903 -0.73744941 -0.32888871
v 0.01621145 -0.74238819 -0.32941145
v 0.00968445 -0.70946872 -0.25312713
v 0.00869191 -0.70452118 -0.24383485
v 0.01394930 -0.72193754 -0.31794530
v 0.01426023 -0.70913762 -0.31097841
v 0.01445214 -0.76019752 -0.34316310
v 0.01426591 -0.75766242 -0.34025460
v 0.01462318 -0.74718857 -0.33594519
v 0.01452709 -0.74442422 -0.33289742
v 0.00779165 -0.69887233 -0.23399737
v 0.01069603 -0.71094370 -0.26433781
v 0.00693095 -0.68512022 -0.21738608
v 0.00659816 -0.67787468 -0.21061537
v 0.01770292 -0.67123234 -0.20518281
v 0.01885729 -0.66096109 -0.20361580
v 0.02675054 -0.51372284 -0.21276173
v 0.02495847 -0.56528467 -0.21196514
v 0.02559767 -0.54942131 -0.21516001
v 0.02458394 -0.58275807 -0.21176368
v 0.02031352 -0.64931715 -0.20537141
v 0.00732443 -0.69240493 -0.22512484
v 0.01440259 -0.73331594 -0.32613105
v 0.01383234 -0.72961849 -0.32111943
v 0.01433056 -0.75413966 -0.33835337
v 0.01446690 -0.75065994 -0.33720392
v 0.00780018 -0.61672008 -0.21021135
v 0.00824344 -0.59842932 -0.21223909
v 0.02622615 -0.53173864 -0.21382736
v 0.01158875 -0.49133727 -0.20618066
v 0.01211207 -0.46834970 -0.19945693
v 0.00731238 -0.63379949 -0.20831987
v 0.01312408 -0.44596478 -0.19224243
v 0.15070783 -0.17069834 0.16698292
v 0.12989944 -0.16399017 0.18936527
v 0.12028462 -0.18181381 0.19255023
v 0.13630505 -0.18747619 0.17664377
v 0.14873044 -0.21783510 0.14133862
v 0.15098071 -0.23765057 0.12368663
v 0.15352297 -0.26051417 0.10783455
v 0.09785227 -0.17964536 0.20399126
v 0.06890782 -0.20081988 0.20751703
v 0.07130717 -0.18023461 0.21029344
v 0.13640139 -0.26898450 0.12989765
v 0.13437983 -0.24654315 0.14502326
v 0.12680338 -0.19670564 0.18165872
v 0.12973960 -0.20862761 0.17353860
v 0.14542228 -0.20029217 0.16002308
v 0.09442949 -0.19827127 0.20189120
v 0.11430079 -0.19657260 0.19176610
v 0.04797756 -0.33210611 0.11537731
v 0.04936213 -0.31837779 0.13204092
v 0.02184994 -0.31841338 0.12965761
v 0.13115059 -0.32529283 0.08853853
v 0.11429886 -0.31408328 0.11572601
v -0.01956371 -0.19298297 0.18564370
v 0.11328858 -0.21319148 0.18604627
v 0.06739594 -0.22246698 0.20175445
v 0.09280538 -0.21797365 0.19583669
v 0.07247704 -0.28547406 0.16414222
v 0.09593569 -0.28105599 0.15757865
v 0.09362579 -0.26093701 0.17302084
v 0.07012624 -0.26629975 0.17947763
v 0.11691019 -0.27538940 0.14665109
v 0.11651021 -0.29629490 0.13101539
v 0.07350375 -0.30297065 0.14742187
v 0.09584669 -0.30031735 0.14129549
v 0.09379263 -0.31713265 0.12510350
v 0.11518109 -0.25356969 0.16193284
v 0.06752476 -0.24512374 0.19223176
v 0.03912276 -0.24805701 0.19300050
v 0.01015643 -0.24823564 0.18674356
v -0.01817877 -0.24529812 0.18097837
v -0.01691488 -0.26670074 0.17086655
v 0.07262316 -0.31827363 0.13027628
v 0.06697404 -0.34738785 0.09887818
v 0.07041347 -0.33243543 0.11401255
v 0.05972390 -0.40299296 0.06155317
v 0.12132288 0.10733277 0.12926432
v -0.01137271 -0.09305128 0.10586853
v -0.00863401 -0.07481089 0.08577335
v 0.17639966 -0.14962870 0.04085454
v 0.17542264 -0.16726965 0.11971437
v 0.16057059 -0.18612602 0.14198078
v 0.00774598 -0.05246145 0.04962373
v 0.02631909 -0.04858974 0.02876133
v 0.16022907 -0.13016000 0.01667111
v 0.11081633 -0.07402888 0.00171180
v -0.00272389 -0.06142178 0.06841725
v 0.13195369 -0.22650221 0.15937679
v 0.11354432 -0.23246229 0.17492269
v 0.09269539 -0.23947600 0.18593320
v 0.03838196 -0.22611433 0.20195426
v 0.00792032 -0.22755262 0.19522537
v -0.01913276 -0.22542822 0.18512809
v 0.02218647 -0.08623153 -0.01983915
v 0.01171541 -0.09076637 -0.03007719
v 0.01974954 -0.09250006 -0.03010683
v 0.00471557 -0.10236901 -0.04030935
v 0.00207507 -0.08987740 -0.02904288
v 0.00948334 -0.08155736 -0.01596613
v -0.00033927 -0.08076766 -0.01453674
v -0.00244532 -0.07206985 0.00072837
v 0.08436144 -0.20034842 -0.06727537
v 0.10450305 -0.21146445 -0.05685094
v 0.02755975 -0.18276384 -0.08510315
v 0.04511212 -0.18609793 -0.08109052
v 0.15621544 -0.25596768 -0.01395824
v 0.06408586 -0.19171663 -0.07535505
v 0.12424541 -0.22416537 -0.04543486
v 0.14293657 -0.23922688 -0.03075708
v -0.01333223 -0.30424306 0.14091451
v -0.01104208 -0.32000893 0.12374973
v 0.01083497 -0.18176986 -0.08693501
v 0.01315069 -0.70518887 -0.29605740
v 0.01186402 -0.70823658 -0.27904868
v 0.01041984 -0.87693852 -0.37156969
v -0.00847753 -0.77274537 -0.14839584
v 0.01315020 -0.82014847 -0.36263251
v 0.01426141 -0.74205619 -0.32952178
v 0.01488133 -0.76098645 -0.34677538
v 0.00645081 -0.66977751 -0.20502236
v 0.00659290 -0.65920031 -0.20269875
v -0.01059988 -0.10379422 0.09814590
v 0.00698095 -0.64732015 -0.20515782
v -0.01063686 -0.10974178 0.11000629
v -0.00121336 -0.46958187 0.02077946
v 0.05130064 0.46358392 0.42607036
v 0.04754929 0.45564407 0.43875954
v 0.04960349 0.48494813 0.44732395
v 0.05102663 0.49183547 0.43461969
v 0.06244294 0.43974128 0.46531716
v 0.05183601 0.44486260 0.45739594
v 0.07699239 0.43852285 0.46880183
v 0.09103990 0.44172722 0.46625590
v 0.08488311 0.47088942 0.47546580
v 0.07276362 0.46750349 0.47998103
v 0.10085616 0.44638622 0.45929483
v 0.10352731 0.47996715 0.46046656
v 0.10856219 0.45206186 0.44992316
v 0.11408040 0.46098673 0.43401194
v 0.10744637 0.48724130 0.44443870
v 0.11007304 0.47274262 0.41661975
v 0.10417230 0.49801010 0.42733037
v 0.09668802 0.47980109 0.40538800
v 0.05936718 0.47214946 0.41454387
v 0.05722083 0.49979925 0.42117861
v 0.05955258 0.46847022 0.47701687
v 0.05157251 0.47416073 0.46785122
v 0.05000752 0.47981444 0.45717397
v 0.04799706 0.45009208 0.44876090
v 0.04740532 0.51379204 0.45492402
v 0.04479685 0.51991886 0.43931013
v 0.05611488 0.49646878 0.48854288
v 0.05243256 0.50357723 0.47592106
v 0.07903789 0.49885404 0.48516613
v 0.06873539 0.49448073 0.49261075
v 0.10256614 0.50647271 0.47188663
v 0.09104007 0.50247502 0.47895586
v 0.09477773 0.47507140 0.46863800
v 0.10547841 0.51280928 0.45565486
v 0.10267150 0.52308106 0.43438995
v 0.05316120 0.52683550 0.42399946
v 0.05003327 0.50912696 0.46555555
v 0.13315113 0.66265380 0.32561773
v 0.13225654 0.65830094 0.32439813
v 0.12800917 0.65847582 0.32259205
v 0.12647092 0.66355193 0.32310140
v 0.09570840 0.66669840 0.30584091
v 0.09527675 0.65782261 0.30001861
v 0.08652304 0.65849209 0.30060565
v 0.08387427 0.66889489 0.30627996
v 0.11319250 0.66680443 0.31233895
v 0.11327948 0.66879106 0.31666166
v 0.11794308 0.66863787 0.31837839
v 0.12086278 0.66665375 0.31473601
v 0.14868675 0.64976966 0.35761705
v 0.14788109 0.65324962 0.36140689
v 0.15183368 0.65248799 0.36389950
v 0.15362805 0.64928269 0.36176518
v 0.13842519 0.65867710 0.33831641
v 0.13765353 0.66177952 0.34256458
v 0.14152555 0.66073215 0.34474900
v 0.14381510 0.65820432 0.34261149
v 0.09403631 0.64607692 0.32130718
v 0.07990129 0.64398658 0.31971815
v 0.08300211 0.65332520 0.30831492
v 0.09588198 0.65202987 0.30860558
v 0.07545711 0.66068381 0.31342137
v 0.07170324 0.65290368 0.32664180
v 0.07782310 0.65991473 0.33213085
v 0.08147110 0.66434091 0.31924653
v 0.09095741 0.66084063 0.33219326
v 0.09312411 0.66493690 0.32043463
v 0.09913385 0.65559411 0.32759938
v 0.10304733 0.65987146 0.31483695
v 0.11854562 0.65517503 0.33119828
v 0.11491793 0.64875078 0.32691807
v 0.11872311 0.65649062 0.31745768
v 0.12355846 0.66180873 0.32224828
v 0.10450773 0.64980876 0.32294434
v 0.11100150 0.65717840 0.31463671
v 0.09973396 0.65890920 0.32615730
v 0.10368447 0.66245866 0.33236694
v 0.10906162 0.66659188 0.32166874
v 0.10502045 0.66347939 0.31537977
v 0.11275569 0.66135240 0.33496946
v 0.11754013 0.66625470 0.32511777
v 0.13051410 0.64643300 0.33772969
v 0.12060742 0.64820671 0.33335626
v 0.12498045 0.65520799 0.32675463
v 0.13225906 0.65440512 0.32945716
v 0.11986986 0.66233385 0.32795438
v 0.11634832 0.65731579 0.33577085
v 0.12061560 0.66032362 0.34106940
v 0.12447212 0.66434991 0.33207923
v 0.12954624 0.65894353 0.34419885
v 0.13157548 0.66401243 0.33456117
v 0.13468945 0.65226710 0.34107298
v 0.13639221 0.65925634 0.33263236
v 0.14655408 0.64733839 0.35711306
v 0.14381510 0.64113986 0.35323474
v 0.14433117 0.64914149 0.34583277
v 0.14647411 0.65437037 0.34952098
v 0.13683107 0.64316529 0.34823167
v 0.13890785 0.64951897 0.34231967
v 0.13392825 0.65409803 0.34169993
v 0.13352917 0.64923853 0.34741634
v 0.13433671 0.65572023 0.35430703
v 0.13489690 0.66006261 0.34699020
v 0.14172766 0.65436506 0.35953161
v 0.14198788 0.65935874 0.35087621
v 0.15459050 0.63537037 0.37134051
v 0.15482388 0.64129996 0.36449286
v 0.15583554 0.64615178 0.36821792
v 0.15456107 0.64094561 0.37676945
v 0.14901295 0.63653374 0.36515006
v 0.14970954 0.64148962 0.36041218
v 0.14535481 0.64622486 0.36082333
v 0.14607733 0.64252168 0.36518365
v 0.14459288 0.64930427 0.37128842
v 0.14502798 0.65232396 0.36575466
v 0.15026626 0.64726424 0.37653798
v 0.15171076 0.65148389 0.36957341
v 0.09538598 0.64075673 0.33531913
v 0.07778602 0.63546252 0.33197805
v 0.08534279 0.66747069 0.31091154
v 0.06983276 0.64601600 0.33960074
v 0.09183598 0.66763139 0.31169999
v 0.09317266 0.65695482 0.34428447
v 0.07649969 0.65445507 0.34570807
v 0.09711080 0.65359414 0.33282501
v 0.11959009 0.66145253 0.31280798
v 0.11241579 0.65599781 0.35049605
v 0.11482260 0.65329593 0.34001869
v 0.11482586 0.66171944 0.31118563
v 0.11349660 0.64061141 0.34121662
v 0.12901765 0.63845253 0.35363835
v 0.12739006 0.66616744 0.32726991
v 0.13129994 0.66600275 0.32874325
v 0.12923056 0.65333927 0.36075568
v 0.13351530 0.64754748 0.34912083
v 0.14374158 0.65378213 0.34108585
v 0.14157824 0.64884782 0.37392682
v 0.14630285 0.64214396 0.36503735
v 0.14046885 0.65397620 0.33899844
v 0.14332694 0.63297772 0.36714771
v 0.15297484 0.64567101 0.36080450
v 0.14901008 0.64402604 0.38631889
v 0.15390463 0.63553143 0.38753691
v 0.15046346 0.64566141 0.35818899
v 0.15271249 0.62894690 0.38004735
v 0.06841339 0.50546992 0.41271386
v 0.06979893 0.47863692 0.40611976
v 0.08232941 0.48180914 0.40320206
v 0.08057620 0.50786620 0.41035363
v 0.09304163 0.50532961 0.41451555
v 0.06671385 0.53127050 0.41423258
v 0.08019976 0.53221518 0.41235349
v 0.09181680 0.53012347 0.41985905
v 0.10648076 0.53364110 0.46688628
v 0.10195628 0.52593642 0.48311684
v 0.08806320 0.52240562 0.48938417
v 0.07705344 0.51841724 0.49717456
v 0.06619987 0.51417714 0.50511259
v 0.05299241 0.54923081 0.42697802
v 0.06639802 0.55235171 0.41175869
v 0.08148378 0.55230629 0.40772825
v 0.09548104 0.55020154 0.41769251
v 0.07122692 0.62482285 0.34483695
v 0.09001845 0.62317097 0.34698096
v 0.08313476 0.60780060 0.36091805
v 0.06700510 0.61656952 0.36431789
v 0.10668159 0.62511337 0.35548121
v 0.10088883 0.60694981 0.36852151
v 0.12202222 0.62413085 0.36701119
v 0.11547653 0.60792804 0.38052142
v 0.13603701 0.62194055 0.38009119
v 0.12821171 0.60869765 0.39369860
v 0.14798892 0.62110007 0.39213815
v 0.13959490 0.61100924 0.40713048
v 0.15279099 0.62849778 0.40104216
v 0.14626667 0.61863935 0.41725069
v 0.06345844 0.63904929 0.35437521
v 0.06147595 0.62963831 0.37378886
v 0.07187883 0.64913255 0.36315879
v 0.06956860 0.64188468 0.38284051
v 0.08836293 0.64893317 0.36748236
v 0.08463738 0.64148939 0.38775787
v 0.14094837 0.63128930 0.41872567
v 0.14648813 0.63988906 0.40122849
v 0.10599111 0.64715612 0.37532252
v 0.10155389 0.63890910 0.39530617
v 0.12190396 0.64576006 0.38491994
v 0.11677723 0.63763821 0.40461278
v 0.13521954 0.64354813 0.39413816
v 0.12988377 0.63569784 0.41308346
v 0.07441491 0.59302664 0.37974295
v 0.09368443 0.58721185 0.38220736
v 0.10733381 0.58880353 0.39505884
v 0.11938889 0.59170902 0.41014048
v 0.12979499 0.59773999 0.42546618
v 0.13735834 0.60673797 0.43597305
v 0.11458538 0.56994152 0.43133923
v 0.11993437 0.58607078 0.44739223
v 0.12510812 0.59729445 0.45562053
v 0.11508203 0.58790016 0.47602570
v 0.11262952 0.57505774 0.47010586
v 0.09676427 0.55993915 0.50649065
v 0.10428306 0.56580240 0.49027684
v 0.10772675 0.57869238 0.49694741
v 0.10023542 0.57373416 0.51460016
v 0.11066631 0.55965513 0.45778728
v 0.10348141 0.55008745 0.47851932
v 0.09470645 0.54322648 0.49258053
v 0.07978347 0.56662923 0.53255224
v 0.07963587 0.55066031 0.52612889
v 0.08943534 0.55548525 0.51741678
v 0.09187143 0.56999940 0.52564794
v 0.06239307 0.56688672 0.53409302
v 0.06249968 0.54975283 0.52976102
v 0.04794862 0.55612630 0.51747382
v 0.04718536 0.57178956 0.52304608
v 0.07825393 0.53386420 0.51136899
v 0.08626124 0.53891033 0.50258088
v 0.06467205 0.53126895 0.51671076
v 0.05156836 0.53703868 0.50677156
v 0.04454781 0.56404614 0.49918827
v 0.04898200 0.54473096 0.49053127
v 0.04199755 0.57878923 0.50513881
v 0.06277898 0.60679549 0.38720512
v 0.06143917 0.61777401 0.39605871
v 0.10179312 0.56807673 0.40753448
v 0.08614212 0.56876189 0.39619866
v 0.06574501 0.57402962 0.40222487
v 0.05582447 0.59458041 0.41090712
v 0.05897602 0.60680735 0.42063218
v 0.04982324 0.58669406 0.43482584
v 0.05518855 0.59812737 0.44286269
v 0.06861530 0.62662864 0.40394804
v 0.06695224 0.61255211 0.42707857
v 0.06232993 0.60375160 0.44861257
v 0.04581877 0.57983565 0.45520490
v 0.04959567 0.59194887 0.46207097
v 0.04586593 0.57381040 0.47200224
v 0.04604582 0.58702272 0.47776049
v 0.04311568 0.58322138 0.49077022
v 0.04552916 0.56925601 0.48527059
v 0.04710063 0.55549777 0.46643388
v 0.04804040 0.55013782 0.47810817
v 0.04721531 0.56274557 0.44984484
v 0.05140653 0.56882942 0.42812407
v 0.13334246 0.61959875 0.43863422
v 0.12338477 0.60829329 0.45853645
v 0.11271000 0.59787673 0.47794142
v 0.10409917 0.59078872 0.49880961
v 0.09506029 0.58624816 0.51484334
v 0.08696539 0.58289105 0.52436137
v 0.07674353 0.57964879 0.53019679
v 0.06284148 0.57876921 0.52958119
v 0.05159826 0.58204174 0.52220982
v 0.04786890 0.58850276 0.50863355
v 0.04847167 0.59363133 0.49637687
v 0.05609069 0.59925503 0.46822989
v 0.05102004 0.59689873 0.48375276
v 0.04461861 0.54341125 0.44460860
v 0.04506629 0.53619683 0.46073884
v 0.04781007 0.53110224 0.47160718
v 0.05434845 0.51879692 0.49694657
v 0.05169806 0.52582800 0.48226202
v 0.08112689 0.62926185 0.41049314
v 0.09676681 0.62752676 0.41792199
v 0.11115541 0.62625337 0.42665103
v 0.12329276 0.62449783 0.43416932
v 0.11521237 0.61329013 0.45539272
v 0.10397334 0.61486787 0.44930491
v 0.09017408 0.61633110 0.44180048
v 0.07707801 0.61543012 0.43348712
v 0.10517862 0.60407197 0.47530943
v 0.09516320 0.60632354 0.46989420
v 0.08235622 0.60764796 0.46356720
v 0.07116847 0.60741222 0.45542866
v 0.06385154 0.60313797 0.47512552
v 0.07366834 0.60198402 0.48283109
v 0.08531604 0.60018367 0.48847172
v 0.09479330 0.59705698 0.49436766
v 0.08634295 0.59183687 0.50905120
v 0.07761067 0.59471887 0.50252855
v 0.06719807 0.59699726 0.49689308
v 0.05894667 0.59875041 0.49030763
v 0.08020429 0.58841020 0.51730084
v 0.06448863 0.58478063 0.52372563
v 0.07334343 0.58592212 0.52247256
v 0.05688419 0.58706868 0.51961648
v 0.05534788 0.59130895 0.51026404
v 0.05646508 0.59522581 0.50064367
v 0.06215302 0.59065688 0.51199067
v 0.06416161 0.59356296 0.50528961
v 0.07316545 0.59121221 0.51064146
v 0.06917796 0.58862734 0.51607746
v 0.06144836 0.58814847 0.51705313
v 0.06505020 0.58718669 0.51905704
v 0.10345229 0.54611462 0.44062787
v -0.01051393 -0.74704540 -0.10968696
v -0.00936104 -0.68357092 -0.05827727
v 0.08301706 0.23539910 0.24891084
v 0.09824570 0.23983696 0.24727476
v 0.11463969 0.23865387 0.24757901
v 0.13628918 -0.11394280 -0.00020988
v 0.09768891 -0.32246560 -0.12544753
v 0.10228553 -0.36662573 -0.14399168
v 0.09993830 -0.34398103 -0.13424958
v 0.14015698 -0.08525467 0.01046272
v 0.14499928 -0.41296083 -0.10743672
v -0.01954561 -0.20739383 0.18648113
v -0.01002556 -0.64926881 -0.03680249
v 0.12148808 -0.55362695 -0.20174004
v -0.01529021 -0.28663987 0.15658987
v 0.07877328 -0.84025455 -0.25049034
v 0.07606793 -0.83954787 -0.24869575
v 0.07532930 -0.83688694 -0.24621432
v 0.07401903 -0.83729589 -0.24202065
v 0.07294853 -0.83738405 -0.23845737
v 0.07245833 -0.83774185 -0.23611823
v 0.07661528 -0.83885753 -0.24419175
v 0.07458121 -0.84260881 -0.24310139
v 0.07619770 -0.84087354 -0.24571723
v 0.07732441 -0.83960009 -0.24639361
v 0.00858493 -0.57956779 -0.21154380
v 0.00901740 -0.56177169 -0.21128246
v 0.01045978 -0.54619884 -0.21407664
v 0.01074052 -0.52865678 -0.21256222
v 0.01452907 -0.73718131 -0.32921642
v 0.01568197 -0.25446862 -0.13019054
v 0.01654879 -0.26946327 -0.13512778
v -0.00316761 -0.40147230 0.04531886
v 0.01360852 -0.21420518 -0.11048944
v 0.01769084 -0.28437439 -0.14452891
v -0.00500052 -0.53889972 0.01191057
v 0.01148888 -0.51117849 -0.21049654
v 0.01231703 -0.19853558 -0.09960528
v -0.01034540 -0.59756130 -0.00360749
v 0.01875852 -0.30605581 -0.15586354
v 0.00656088 -0.11968389 -0.05053248
v 0.01826394 -0.37339559 -0.18048020
v -0.03326807 -0.85218859 -0.35795099
v -0.04542603 -0.84803414 -0.34741333
v -0.03844184 -0.83591485 -0.35184672
v -0.02649755 -0.83704889 -0.36031896
v -0.03391379 -0.82563460 -0.35451147
v -0.02323233 -0.82538325 -0.35987633
v -0.05319330 -0.84171903 -0.33477983
v -0.04669918 -0.83278620 -0.34157187
v -0.05434998 -0.80244112 -0.32145754
v -0.05236370 -0.81103092 -0.32495147
v -0.05883084 -0.81172431 -0.31653243
v -0.05963577 -0.80077928 -0.31111741
v -0.05312582 -0.77846909 -0.30970424
v -0.05624031 -0.77433443 -0.29633519
v -0.04972218 -0.76283306 -0.30217317
v -0.04606074 -0.76832533 -0.31394339
v -0.01109809 -0.77568424 -0.33730075
v -0.01461008 -0.78164107 -0.33855000
v -0.02056953 -0.77613318 -0.33644998
v -0.01631508 -0.76955056 -0.33468100
v -0.00123044 -0.78389543 -0.34525794
v 0.00367527 -0.78506339 -0.35176507
v 0.00243112 -0.79194951 -0.34954035
v -0.00312676 -0.78974408 -0.34405854
v -0.00551917 -0.77054942 -0.33568883
v -0.01102996 -0.76445550 -0.33239469
v -0.00396399 -0.77582854 -0.34106681
v -0.00631155 -0.78079438 -0.34028807
v 0.00109269 -0.76705098 -0.34841114
v 0.00461615 -0.76614529 -0.35261971
v 0.00356215 -0.77112675 -0.35506544
v -0.00053422 -0.77208388 -0.34891227
v -0.00358461 -0.76897383 -0.33980960
v 0.00021865 -0.76547456 -0.34021342
v -0.00061821 -0.76685172 -0.34399259
v -0.00308514 -0.77112997 -0.34351188
v -0.00022920 -0.77808332 -0.34697658
v 0.00397925 -0.77821821 -0.35383123
v 0.00910452 -0.77729827 -0.36004716
v 0.00894805 -0.76873881 -0.36075363
v -0.02729506 -0.75852972 -0.32522082
v -0.02171115 -0.75454372 -0.32552207
v -0.01674156 -0.75919735 -0.32949775
v -0.02203012 -0.76382673 -0.33070731
v -0.00118121 -0.76369178 -0.33611739
v -0.00366992 -0.74804115 -0.33181638
v 0.00233461 -0.74804354 -0.33500141
v 0.00224930 -0.75185323 -0.33647591
v -0.00437375 -0.75190556 -0.33325523
v -0.03374635 -0.74751127 -0.31202167
v -0.03424330 -0.74087191 -0.30530265
v -0.02693893 -0.73928452 -0.31082591
v -0.02698817 -0.74485934 -0.31566882
v -0.02448485 -0.73352879 -0.30733341
v -0.03182312 -0.73345947 -0.29969576
v -0.02102450 -0.71854252 -0.29501477
v -0.01482245 -0.72165525 -0.30666083
v -0.02018951 -0.72788715 -0.30590475
v -0.02724707 -0.72602081 -0.29630613
v -0.00203203 -0.72478819 -0.31548595
v -0.00810572 -0.71548128 -0.30893978
v -0.00043644 -0.71092671 -0.31116822
v 0.00409345 -0.72274065 -0.31715688
v -0.00325797 -0.74397707 -0.32570261
v -0.00323559 -0.74559736 -0.32909286
v -0.00769971 -0.74571586 -0.32610118
v -0.00749080 -0.74452102 -0.32363313
v -0.01198090 -0.74496037 -0.32142037
v -0.01178235 -0.74535227 -0.32245898
v -0.01343843 -0.74597180 -0.32274038
v -0.01387146 -0.74492896 -0.32082236
v -0.00996025 -0.74474674 -0.32238871
v -0.01090346 -0.74392426 -0.32129887
v -0.00854851 -0.74267137 -0.32211757
v -0.00482564 -0.74103332 -0.32423645
v 0.00911667 -0.73726761 -0.32913429
v 0.00983571 -0.74213886 -0.32972655
v 0.00648214 -0.74237442 -0.32913542
v 0.00509779 -0.73786300 -0.32858089
v -0.01160375 -0.74690628 -0.32499126
v -0.00863431 -0.74762416 -0.32798484
v -0.01008680 -0.75050694 -0.32943693
v -0.01393231 -0.74874842 -0.32581633
v -0.01718676 -0.75120705 -0.32611680
v -0.01988533 -0.74805737 -0.32212770
v -0.01606232 -0.74689788 -0.32270268
v -0.01288441 -0.74330401 -0.31975526
v -0.01681479 -0.74469328 -0.31980872
v -0.01601924 -0.74216104 -0.31762570
v -0.01367472 -0.73909414 -0.31712896
v -0.01050394 -0.74115217 -0.32017666
v -0.00680748 -0.73864955 -0.32190865
v -0.00980869 -0.73581421 -0.31800622
v -0.00446572 -0.73279619 -0.31957495
v -0.00175400 -0.73595214 -0.32417679
v -0.01250622 -0.75445867 -0.32989728
v -0.02117164 -0.74449337 -0.31819448
v -0.02493425 -0.75010872 -0.32078683
v -0.02086171 -0.74033749 -0.31481317
v -0.01839625 -0.73611736 -0.31303602
v -0.00866369 -0.72794002 -0.31393218
v -0.01428386 -0.73186433 -0.31281298
v -0.01284714 -0.71135747 -0.29589692
v -0.00359098 -0.70651358 -0.29679441
v -0.03000162 -0.81922507 -0.35256055
v -0.02133651 -0.81919622 -0.35529429
v -0.03092844 -0.81383628 -0.34601876
v -0.02690144 -0.81410956 -0.34804904
v -0.02759277 -0.81624091 -0.34964287
v -0.03258033 -0.81587392 -0.34655857
v -0.04588943 -0.81141454 -0.33052200
v -0.04781750 -0.80522692 -0.32812828
v -0.04138714 -0.80844992 -0.33282781
v -0.04046227 -0.81177115 -0.33509049
v -0.03319791 -0.79891813 -0.33631495
v -0.03041270 -0.80488402 -0.34008190
v -0.03380194 -0.80643177 -0.33839464
v -0.03784902 -0.80100805 -0.33427107
v -0.02642145 -0.80393493 -0.34133041
v -0.02794029 -0.79830253 -0.33815673
v -0.02271208 -0.79894209 -0.33972400
v -0.02214489 -0.80390811 -0.34217542
v -0.02070792 -0.81682718 -0.35093820
v -0.02127148 -0.81435269 -0.34913614
v -0.01519775 -0.81438351 -0.34803671
v -0.01353439 -0.81696665 -0.35003650
v -0.00586909 -0.81011313 -0.34094590
v -0.00268882 -0.80928159 -0.34217513
v -0.00314921 -0.81301367 -0.34418035
v -0.00665097 -0.81220084 -0.34241086
v -0.00721708 -0.80811048 -0.34089494
v -0.00519335 -0.80616170 -0.34124273
v -0.02556777 -0.87416840 -0.36334899
v -0.04144002 -0.86925399 -0.35301656
v -0.01869519 -0.85452628 -0.36666405
v -0.05314595 -0.86149460 -0.34027970
v -0.06063218 -0.85140276 -0.32764909
v -0.05189953 -0.75693780 -0.29134953
v -0.04331831 -0.74680787 -0.29865059
v -0.04174105 -0.75365496 -0.30741733
v -0.05049359 -0.74931312 -0.28165504
v -0.04113375 -0.73840940 -0.29089835
v -0.02635628 -0.72213238 -0.27940851
v -0.03545191 -0.72972524 -0.28398913
v -0.05847577 -0.76392412 -0.27210122
v -0.05566015 -0.75920218 -0.26183397
v -0.04551274 -0.74183780 -0.27131659
v -0.06188205 -0.77730870 -0.25571173
v -0.06072409 -0.77788365 -0.24622227
v -0.05146701 -0.75553262 -0.24768825
v -0.03397714 -0.72177994 -0.23350754
v -0.04808404 -0.73076141 -0.22644813
v -0.04978717 -0.72214204 -0.21658778
v -0.03635659 -0.71324301 -0.22476225
v -0.05889744 -0.76979423 -0.28308320
v -0.06192895 -0.82480031 -0.31329888
v -0.06448305 -0.81318653 -0.30527216
v -0.05580392 -0.82115126 -0.32324666
v -0.06729753 -0.88970590 -0.31721982
v -0.07380562 -0.87467003 -0.30768397
v -0.06803363 -0.86284792 -0.31878102
v -0.06065348 -0.87559050 -0.33118457
v -0.03816819 -0.91866684 -0.33570844
v -0.05481838 -0.90534890 -0.32738400
v -0.04828896 -0.88765520 -0.34378868
v -0.03169578 -0.89679718 -0.35348338
v -0.07849929 -0.88314152 -0.29409993
v -0.07265451 -0.90063953 -0.29932433
v -0.07711805 -0.90597761 -0.27832630
v -0.08182042 -0.88827670 -0.27869111
v -0.06107831 -0.91932774 -0.30448374
v -0.06641821 -0.92671227 -0.27832448
v -0.06265046 -0.78620183 -0.23681697
v -0.05954990 -0.76769519 -0.23190239
v -0.05732750 -0.75279248 -0.22494879
v -0.04715941 -0.74181068 -0.23699525
v -0.05037559 -0.94307524 -0.27753606
v -0.04416568 -0.93474793 -0.30831432
v -0.07538503 -0.88333505 -0.22633678
v -0.08085698 -0.86938637 -0.23564042
v -0.08249412 -0.87941861 -0.25009871
v -0.07805413 -0.89668870 -0.24057262
v -0.06715012 -0.89766562 -0.21537015
v -0.06929954 -0.91397190 -0.23163077
v -0.06173861 -0.83310056 -0.20390913
v -0.05364957 -0.84151614 -0.19148117
v -0.04714529 -0.82228661 -0.19162986
v -0.05385724 -0.81511724 -0.20218402
v -0.04168848 -0.82433784 -0.34674010
v -0.04621421 -0.82181585 -0.33848751
v -0.04059828 -0.81746817 -0.34174708
v -0.03640091 -0.81886476 -0.34745458
v -0.05807852 -0.83434010 -0.32328713
v -0.05197912 -0.82763535 -0.33166349
v -0.06999164 -0.85204303 -0.30656177
v -0.07538893 -0.86219287 -0.29761040
v -0.08256005 -0.87436450 -0.27569950
v -0.07987738 -0.86947966 -0.28779075
v -0.08149474 -0.85806775 -0.24292740
v -0.08310097 -0.86466521 -0.25211817
v -0.06501961 -0.80017579 -0.22730520
v -0.06018064 -0.80720478 -0.21326187
v -0.05571509 -0.78982508 -0.20755881
v -0.06095088 -0.78040171 -0.21931592
v -0.04411991 -0.80379868 -0.18750343
v -0.04935921 -0.79734564 -0.19723767
v -0.05806232 -0.75217426 -0.20196095
v -0.05391960 -0.76180601 -0.18975542
v -0.05578193 -0.75183094 -0.17954215
v -0.05804314 -0.74253058 -0.19155756
v -0.05097969 -0.75943863 -0.16759966
v -0.04790077 -0.76986700 -0.17903331
v -0.04069227 -0.77526844 -0.16990696
v -0.04244276 -0.76405090 -0.15833952
v -0.01039479 -0.70216721 -0.23277709
v -0.02218801 -0.70726717 -0.22941029
v -0.02499659 -0.69962800 -0.22190773
v -0.01211338 -0.69554794 -0.22463834
v -0.06033302 -0.73498577 -0.18100552
v -0.05990288 -0.74574172 -0.16891812
v -0.06614846 -0.82565534 -0.21645424
v -0.07091923 -0.82059056 -0.22790848
v -0.05502236 -0.75296140 -0.15635999
v -0.05404263 -0.77425289 -0.19898365
v -0.04771130 -0.78186619 -0.18885607
v -0.03487143 -0.80850309 -0.17964603
v -0.03896890 -0.82684982 -0.18213564
v -0.00890796 -0.78631163 -0.34037778
v -0.01288820 -0.80203950 -0.34093386
v -0.00872051 -0.80384278 -0.34100750
v -0.00982528 -0.80681825 -0.34165812
v -0.01346522 -0.80556548 -0.34220424
v 0.00023353 -0.83448601 -0.36848235
v -0.01353454 -0.83646989 -0.36589760
v -0.01091044 -0.82331496 -0.36288309
v 0.00202541 -0.81968927 -0.36148220
v -0.04028549 -0.77610838 -0.32703274
v -0.03370172 -0.76519334 -0.32578254
v -0.02715106 -0.77054358 -0.33256054
v -0.03040244 -0.77971905 -0.33442008
v -0.03715978 -0.81193733 -0.33800620
v -0.03579658 -0.81271690 -0.34061894
v -0.03852006 -0.81379974 -0.33879367
v -0.03116768 -0.75334918 -0.31900960
v -0.03843528 -0.75945437 -0.31677845
v -0.06373836 -0.80051762 -0.29793057
v -0.04942428 -0.81787372 -0.33072063
v -0.01817392 -0.92720985 -0.34159032
v -0.01335791 -0.90257478 -0.36160910
v -0.02328306 -0.94546229 -0.31143352
v -0.02951396 -0.95563805 -0.27865157
v -0.05427727 -0.92797029 -0.22484708
v -0.03579716 -0.93926573 -0.21966682
v -0.03282773 -0.91792935 -0.19989580
v -0.05211557 -0.90967715 -0.20718679
v -0.04375688 -0.84862804 -0.18103977
v -0.03149427 -0.77991170 -0.16374426
v -0.03242290 -0.76724660 -0.15301169
v -0.00824305 -0.87681770 -0.36975652
v -0.00336679 -0.85433000 -0.37010515
v -0.06422610 -0.84218001 -0.31407511
v -0.05339231 -0.79340863 -0.32043025
v -0.04912134 -0.78456974 -0.32205316
v -0.04432089 -0.79277456 -0.33008185
v -0.04764172 -0.79862696 -0.32807988
v -0.05771749 -0.78943491 -0.30837184
v -0.06106243 -0.78733659 -0.29350513
v -0.06469750 -0.78644705 -0.27692622
v -0.06405491 -0.77973723 -0.26498383
v -0.07830662 -0.90627295 -0.25739324
v -0.08250472 -0.88867569 -0.26285851
v -0.05476809 -0.94157195 -0.24864756
v -0.06946917 -0.92511070 -0.25313449
v -0.08352359 -0.87649035 -0.26322398
v -0.03500300 -0.95490110 -0.24630775
v 0.00243537 -0.75631690 -0.33740669
v 0.00394271 -0.76048696 -0.33866310
v -0.00532085 -0.75805473 -0.33373284
v 0.00345432 -0.73421800 -0.32554621
v 0.00128129 -0.73081684 -0.32041818
v 0.00662522 -0.72997487 -0.32093054
v 0.00817066 -0.73348963 -0.32605708
v -0.00459138 -0.70955312 -0.27996904
v -0.01518622 -0.71465099 -0.27916864
v -0.00879176 -0.70785159 -0.24279472
v -0.02014638 -0.71371520 -0.23878311
v 0.00480280 -0.76657605 -0.34616435
v 0.00408432 -0.76677674 -0.34415072
v 0.00616342 -0.76701343 -0.34440547
v 0.00637433 -0.76679814 -0.34652495
v -0.01031225 -0.74577761 -0.32387698
v 0.00731712 -0.74752879 -0.33634967
v 0.00707852 -0.74486744 -0.33312386
v 0.01033236 -0.74453044 -0.33325481
v 0.01063720 -0.74713111 -0.33627617
v -0.03488662 -0.73257023 -0.26024902
v -0.03296481 -0.72933507 -0.24470708
v -0.05676160 -0.73194075 -0.20468116
v -0.05670149 -0.74127209 -0.21509039
v -0.05892785 -0.76455963 -0.21143432
v -0.04209588 -0.78825128 -0.17953508
v -0.03234893 -0.79361141 -0.17346630
v -0.02159319 -0.79772902 -0.16854571
v -0.02401855 -0.81255293 -0.17302151
v -0.01802898 -0.71912348 -0.26305005
v -0.01915096 -0.71840560 -0.24966416
v -0.00766681 -0.71263814 -0.25298458
v -0.00609806 -0.71323729 -0.26503444
v 0.01056224 -0.76363397 -0.34584123
v 0.00935058 -0.76347518 -0.34354919
v 0.01130377 -0.76111352 -0.34308666
v 0.01217762 -0.76199532 -0.34654254
v 0.00303216 -0.76565641 -0.34181660
v 0.00494558 -0.76316309 -0.34013885
v 0.00535800 -0.76506793 -0.34113908
v 0.00247659 -0.76608860 -0.34392810
v 0.00345062 -0.76615560 -0.34684026
v 0.00876483 -0.76488948 -0.35083959
v 0.00974267 -0.76316881 -0.35547072
v 0.00564722 -0.76548409 -0.34957653
v 0.00852665 -0.76545477 -0.34532207
v 0.00803202 -0.76513994 -0.34310693
v 0.00585112 -0.76648289 -0.34228849
v 0.00415873 -0.76656723 -0.34256458
v 0.00816204 -0.76583236 -0.34896442
v 0.00621326 -0.76626492 -0.34792864
v 0.00889767 -0.78526378 -0.35785753
v 0.00080470 -0.70499760 -0.24402273
v 0.00177009 -0.70981437 -0.25394511
v -0.01121264 -0.74508780 -0.32191694
v -0.01192845 -0.81872934 -0.35535794
v -0.03783616 -0.78912556 -0.33342597
v -0.01661684 -0.78811419 -0.33899441
v -0.01740756 -0.79440367 -0.33955121
v -0.02343062 -0.79183781 -0.33818281
v -0.02296091 -0.78395057 -0.33729333
v -0.00321795 -0.81671262 -0.35269466
v 0.00145857 -0.81264013 -0.34852973
v 0.00631527 -0.81145930 -0.35443389
v 0.00173078 -0.80697316 -0.34538874
v -0.00182784 -0.80275595 -0.34255990
v 0.00066468 -0.79803407 -0.34633756
v 0.00603059 -0.80241585 -0.35226452
v -0.03602526 -0.81510597 -0.34277815
v -0.03374848 -0.81328803 -0.34339970
v -0.00482407 -0.79498696 -0.34238714
v -0.00652836 -0.79974079 -0.34096703
v -0.01174177 -0.79710221 -0.34019184
v -0.01063693 -0.79172349 -0.34022141
v -0.03020936 -0.78968608 -0.33627817
v -0.04341785 -0.81544816 -0.33558387
v -0.04055791 -0.80449557 -0.33264902
v -0.06842767 -0.80956292 -0.23845889
v -0.07336432 -0.82196784 -0.23829359
v -0.06846534 -0.79457200 -0.25272673
v -0.06814704 -0.79785144 -0.25011867
v -0.06308668 -0.79218924 -0.24819359
v -0.06464577 -0.78978390 -0.25278294
v -0.08155654 -0.84868026 -0.26104859
v -0.08029887 -0.84724414 -0.26462850
v -0.08033828 -0.85271573 -0.26855806
v -0.08165807 -0.85535240 -0.26167876
v -0.07943034 -0.84632039 -0.27167183
v -0.07880739 -0.84308785 -0.26991832
v -0.07816852 -0.84103000 -0.27265614
v -0.07888804 -0.84812540 -0.27500850
v -0.07610687 -0.84229815 -0.28000182
v -0.07585249 -0.85097063 -0.28873980
v -0.07921393 -0.85787034 -0.28099680
v -0.06815234 -0.82944506 -0.29926085
v -0.07174890 -0.84219235 -0.29435727
v -0.07272279 -0.83501387 -0.28235435
v -0.07097410 -0.82521427 -0.28267848
v -0.06770220 -0.79528069 -0.26562914
v -0.06720488 -0.79037863 -0.25868350
v -0.06492490 -0.79895949 -0.24279650
v -0.06295611 -0.87957680 -0.20335953
v -0.07162540 -0.86779070 -0.21546443
v -0.07684807 -0.85672766 -0.22607785
v -0.07852749 -0.84791803 -0.23567763
v -0.05291783 -0.89084911 -0.19317667
v -0.03533316 -0.89693558 -0.18713030
v -0.06852245 -0.81440538 -0.29152533
v -0.07020793 -0.81424057 -0.27832589
v -0.06671678 -0.85087895 -0.20822740
v -0.05776024 -0.86115921 -0.19592166
v -0.07208245 -0.84165192 -0.21995655
v -0.07520490 -0.83559382 -0.23064916
v -0.04789765 -0.87167823 -0.18555152
v -0.03226729 -0.87476563 -0.17709260
v -0.02910138 -0.85242361 -0.17380223
v -0.07369222 -0.80107212 -0.25739229
v -0.07417551 -0.79563600 -0.25585350
v -0.07058280 -0.79403377 -0.25618440
v -0.07110597 -0.79807675 -0.26036811
v -0.06920899 -0.80439818 -0.27185312
v -0.06704881 -0.80132842 -0.28355375
v 0.00765952 -0.79329568 -0.35565853
v 0.00713778 -0.70927989 -0.31172383
v 0.00928385 -0.72197574 -0.31812888
v 0.00771418 -0.75519204 -0.33910832
v 0.00747595 -0.75119674 -0.33786881
v 0.01079130 -0.75055242 -0.33772898
v 0.01102733 -0.75438559 -0.33889812
v -0.00717158 -0.81597102 -0.34710732
v -0.02671141 -0.83147645 -0.17413491
v -0.02049531 -0.78360176 -0.16039355
v -0.02091949 -0.77029324 -0.15002631
v -0.04604571 -0.75633210 -0.14601921
v -0.03509905 -0.75817764 -0.13978045
v 0.01133516 -0.75807452 -0.34060585
v 0.00831108 -0.75886452 -0.34032026
v 0.00856152 -0.76583821 -0.34754789
v 0.00229970 -0.74517763 -0.33187950
v 0.00778868 -0.76395178 -0.34214312
v 0.00848045 -0.76176167 -0.34140638
v 0.01341396 -0.76029742 -0.34327418
v 0.01301221 -0.75769901 -0.34051281
v -0.01763485 -0.80036747 -0.34064087
v -0.01766945 -0.80460435 -0.34232083
v 0.01036265 -0.76406240 -0.34884593
v 0.01184906 -0.76210886 -0.35060868
v -0.03939351 -0.70567495 -0.21625932
v -0.05167539 -0.71435654 -0.20632857
v 0.01263647 -0.74449170 -0.33313054
v 0.01281634 -0.74702251 -0.33608568
v -0.07244434 -0.82284939 -0.27197337
v -0.07415599 -0.83027792 -0.27382988
v -0.07623386 -0.82832229 -0.26699412
v -0.07454766 -0.82206935 -0.26538348
v -0.00065813 -0.69926441 -0.23438707
v -0.05795432 -0.72455275 -0.19361186
v -0.02270279 -0.76060355 -0.13683721
v -0.03624267 -0.80838692 -0.33724415
v -0.03737583 -0.81040573 -0.33687577
v -0.01014559 -0.81413960 -0.34509099
v 0.00023554 -0.73918492 -0.32687545
v 0.00190382 -0.74306536 -0.32794115
v 0.00295087 -0.71089906 -0.26564389
v 0.01389523 -0.76110220 -0.34691882
v -0.07815584 -0.83922178 -0.26337957
v -0.07771326 -0.83572078 -0.26210064
v -0.08009969 -0.83378339 -0.26373804
v -0.08009403 -0.83642620 -0.26589966
v -0.08063295 -0.83703667 -0.27200145
v -0.08223233 -0.84070182 -0.27238539
v -0.08369473 -0.83829969 -0.26939115
v -0.08202702 -0.83559233 -0.26835066
v -0.07661485 -0.83665705 -0.27418029
v -0.07809364 -0.83356124 -0.27010623
v -0.08493733 -0.84262508 -0.27193919
v -0.08477479 -0.84076071 -0.26934513
v -0.07964304 -0.84505808 -0.26812911
v -0.08221141 -0.84451830 -0.27110207
v -0.08410116 -0.84806180 -0.26814669
v -0.08809526 -0.84523243 -0.26950818
v -0.08718885 -0.85053074 -0.26285711
v -0.09150241 -0.84670913 -0.26468670
v -0.08860169 -0.84948230 -0.25604224
v -0.09346170 -0.84629458 -0.25822005
v -0.07187939 -0.80514258 -0.26402256
v -0.07178131 -0.80917615 -0.25832367
v -0.08888131 -0.84470761 -0.25105157
v -0.09424731 -0.84290844 -0.25276092
v -0.08839871 -0.83851337 -0.24586324
v -0.09365492 -0.83714092 -0.24798803
v -0.08747817 -0.83068264 -0.24254787
v -0.09203149 -0.83011329 -0.24469316
v -0.08607953 -0.82214946 -0.24141473
v -0.09038334 -0.82241702 -0.24355878
v -0.08328425 -0.81211102 -0.24032620
v -0.08792431 -0.81421810 -0.24446900
v -0.08928078 -0.84459960 -0.25758016
v -0.08768988 -0.84561765 -0.26240498
v -0.08084992 -0.84611994 -0.25754264
v -0.08607172 -0.84403282 -0.26687598
v -0.07782096 -0.83388007 -0.25324434
v -0.07692458 -0.83127463 -0.25289840
v -0.07894947 -0.83029509 -0.25659564
v -0.07706527 -0.83338261 -0.25561428
v -0.07624484 -0.82193583 -0.26134551
v -0.07604534 -0.81690013 -0.25886726
v -0.07465442 -0.81501055 -0.26249439
v -0.07421008 -0.81360447 -0.25649586
v -0.07351413 -0.81843877 -0.25713605
v -0.07373728 -0.81554186 -0.25558069
v -0.07261681 -0.82223266 -0.25855112
v -0.07437096 -0.81471056 -0.25378945
v -0.07503243 -0.81252980 -0.25439167
v -0.07334217 -0.81600541 -0.25345862
v -0.07286257 -0.81656575 -0.25446832
v -0.07194843 -0.81860244 -0.25442448
v -0.07224827 -0.82229364 -0.25383195
v -0.07256824 -0.81399131 -0.26861691
v -0.07280530 -0.81354314 -0.24518357
v -0.07687441 -0.82214379 -0.24568579
v -0.08418384 -0.80729115 -0.24687369
v -0.08054880 -0.80278838 -0.24360065
v -0.07607755 -0.79395735 -0.25276923
v -0.07844780 -0.79609370 -0.24812654
v -0.08020556 -0.84178770 -0.25395849
v -0.08019353 -0.83661020 -0.24939959
v -0.06988627 -0.80513287 -0.24819160
v -0.07890304 -0.83015120 -0.24677041
v -0.08578271 -0.81737816 -0.24711986
v -0.08259515 -0.81248283 -0.24884684
v -0.08842953 -0.82320261 -0.24662827
v -0.07568488 -0.80846095 -0.25521147
v -0.07959042 -0.80939960 -0.25192058
v -0.08114188 -0.80338836 -0.25135386
v -0.07755286 -0.80155861 -0.25505903
v -0.08018391 -0.81593871 -0.25050512
v -0.08389001 -0.81942201 -0.25007755
v -0.07696650 -0.81873953 -0.24991976
v -0.08023728 -0.82224011 -0.24984553
v -0.07531632 -0.81596923 -0.25186768
v -0.07708184 -0.81349242 -0.25212824
v -0.07327484 -0.82092845 -0.24968651
v -0.07641232 -0.82581049 -0.24948663
v -0.07306423 -0.81750214 -0.25192448
v -0.08322709 -0.82511276 -0.25136733
v -0.08007682 -0.82860339 -0.25144261
v -0.08324605 -0.83043355 -0.25512278
v -0.08577681 -0.82834202 -0.25344771
v -0.08675573 -0.82366991 -0.24990061
v -0.08876176 -0.82829511 -0.25069484
v -0.08925143 -0.82967019 -0.24734037
v -0.08923686 -0.83365381 -0.25248399
v -0.08978529 -0.83591670 -0.24990599
v -0.08718722 -0.83219218 -0.25465575
v -0.08536082 -0.83221596 -0.25692701
v -0.09008672 -0.84123361 -0.25359043
v -0.08901526 -0.83818960 -0.25528911
v -0.08807607 -0.84123570 -0.25848636
v -0.08758937 -0.83557522 -0.25684965
v -0.08664530 -0.83797938 -0.25922880
v -0.08621234 -0.83432436 -0.25776705
v -0.08517914 -0.83545554 -0.25944349
v -0.08235931 -0.84105307 -0.26713663
v -0.08097093 -0.83888167 -0.26729485
v -0.08439007 -0.84232044 -0.26496023
v -0.08286786 -0.84009701 -0.26359612
v -0.08163963 -0.84073645 -0.26526859
v -0.08022035 -0.83969784 -0.26485234
v -0.08187159 -0.83780605 -0.26295695
v -0.08001526 -0.83682191 -0.26060238
v -0.01595052 -0.67933369 -0.21269640
v -0.00370090 -0.67806613 -0.21230873
v -0.00263663 -0.68547606 -0.21828800
v -0.01419516 -0.68749833 -0.21774453
v -0.08479028 -0.83938581 -0.26144707
v -0.08366077 -0.83633614 -0.26144484
v -0.08631877 -0.84265697 -0.26178318
v -0.08177288 -0.83424836 -0.25708246
v -0.08242960 -0.83492476 -0.25948697
v -0.08407666 -0.83351707 -0.25851828
v -0.08313092 -0.83271980 -0.25700751
v -0.07581689 -0.82606459 -0.26208380
v -0.07412145 -0.82622981 -0.25815418
v -0.07467691 -0.82562685 -0.25363070
v -0.05354653 -0.67599320 -0.19433431
v -0.04931786 -0.68481451 -0.19568670
v -0.06554692 -0.69545007 -0.18762198
v -0.07125694 -0.68812811 -0.18690379
v -0.06318114 -0.65108019 -0.20257646
v -0.08824182 -0.66374934 -0.19368884
v -0.08453996 -0.63742936 -0.20261303
v -0.06408802 -0.63063937 -0.20468889
v -0.08123275 -0.61540031 -0.20771202
v -0.06320105 -0.61094493 -0.20791139
v -0.07303027 -0.55788338 -0.21891499
v -0.05656428 -0.55619359 -0.21966153
v -0.05891422 -0.57418996 -0.21618643
v -0.07570849 -0.57643974 -0.21574265
v -0.09127232 -0.47686401 -0.21028464
v -0.08524881 -0.46172512 -0.20024446
v -0.07201305 -0.46392453 -0.20608428
v -0.07946756 -0.47796327 -0.21419686
v -0.14647081 -0.59242046 -0.20358112
v -0.15088402 -0.61371338 -0.20583960
v -0.16267884 -0.60700268 -0.20331937
v -0.15611342 -0.58472830 -0.19836587
v -0.10535167 -0.71005893 -0.16183119
v -0.09829418 -0.68953323 -0.17681845
v -0.08994082 -0.69525033 -0.17451271
v -0.09745646 -0.71447885 -0.16131750
v -0.13710903 -0.50253028 -0.18090704
v -0.13170789 -0.48863763 -0.18113002
v -0.12680706 -0.49472192 -0.19239150
v -0.13101117 -0.50815630 -0.19299099
v -0.10583105 -0.41489065 -0.14408965
v -0.10590232 -0.39556614 -0.13592114
v -0.08924452 -0.38943675 -0.14886877
v -0.09016161 -0.40911496 -0.15650976
v -0.14775179 -0.45950463 -0.09796412
v -0.15245304 -0.46787798 -0.07447171
v -0.14964201 -0.45305634 -0.06727415
v -0.14584124 -0.44277763 -0.09051857
v -0.10270754 -0.55956304 -0.21348335
v -0.08857250 -0.55912054 -0.21662259
v -0.09170118 -0.57761276 -0.21393122
v -0.10662190 -0.57820123 -0.21102205
v -0.33457604 -0.65156150 -0.22038099
v -0.33477229 -0.63502580 -0.21930718
v -0.30911541 -0.63476437 -0.21380128
v -0.30895901 -0.65103114 -0.21468371
v -0.14424989 -0.35559618 -0.05730196
v -0.14577086 -0.37006843 -0.03753611
v -0.14962968 -0.35421732 -0.03141394
v -0.14688365 -0.33881688 -0.05165717
v -0.19940388 -0.67786247 -0.20355442
v -0.18652880 -0.68022197 -0.20365386
v -0.18924738 -0.69882059 -0.18702665
v -0.20129895 -0.69724226 -0.18816546
v -0.14208685 -0.55391842 -0.19270104
v -0.13455968 -0.55799317 -0.19998926
v -0.14080925 -0.57426780 -0.20187196
v -0.14848673 -0.56765378 -0.19484064
v -0.16284595 -0.49737343 -0.08677568
v -0.15856707 -0.49129948 -0.10648898
v -0.16253285 -0.50976378 -0.11028777
v -0.16723724 -0.51490092 -0.09284240
v -0.15379059 -0.47474223 -0.10220364
v -0.15820082 -0.48169479 -0.08044191
v -0.12599766 -0.55967748 -0.20509300
v -0.11536255 -0.55969888 -0.20944792
v -0.11988901 -0.57864672 -0.20842525
v -0.13058293 -0.57838941 -0.20594452
v -0.07944936 -0.44994044 -0.18877482
v -0.06357957 -0.45239317 -0.19637713
v -0.13814004 -0.32355338 -0.07020552
v -0.12450437 -0.30923969 -0.08585139
v -0.12346640 -0.32772401 -0.09217557
v -0.13653591 -0.34112015 -0.07607924
v -0.07440153 -0.42420989 -0.17208827
v -0.07541706 -0.43980917 -0.17912467
v -0.09050763 -0.44107878 -0.17096773
v -0.09015910 -0.42677748 -0.16241291
v -0.10734883 -0.29642892 -0.09893495
v -0.08855976 -0.28451705 -0.11155196
v -0.08717299 -0.30569100 -0.11842661
v -0.10617327 -0.31591254 -0.10587393
v -0.07854359 -0.59527147 -0.21175529
v -0.06128454 -0.59242123 -0.21220757
v -0.11133236 -0.47986653 -0.19998398
v -0.10831184 -0.46543643 -0.18921192
v -0.09753535 -0.46263757 -0.19467892
v -0.10221016 -0.47779524 -0.20545763
v -0.16437869 -0.56533986 -0.17055720
v -0.16294061 -0.57439429 -0.18773323
v -0.17640924 -0.59668803 -0.19566056
v -0.17624629 -0.57843405 -0.17437680
v -0.15296516 -0.33817703 -0.02522870
v -0.14983441 -0.32248130 -0.04585300
v -0.10886906 -0.27705875 -0.09082860
v -0.09000675 -0.26439074 -0.10309661
v -0.21677370 -0.58175302 -0.12401234
v -0.20642571 -0.57312346 -0.11986925
v -0.20127073 -0.57265580 -0.13238882
v -0.21189110 -0.58199418 -0.13644987
v -0.04023654 -0.48013586 -0.21519199
v -0.05524762 -0.48774564 -0.21994047
v -0.06120003 -0.47238779 -0.21314202
v -0.04892603 -0.46195170 -0.20537972
v -0.10537916 -0.45393145 -0.17598686
v -0.10419282 -0.44474149 -0.16342363
v -0.09340581 -0.45074326 -0.18220320
v -0.02462608 -0.47301769 -0.20765555
v -0.03472366 -0.44971165 -0.19456862
v -0.04309328 -0.58924794 -0.21274698
v -0.04126270 -0.57198000 -0.21639529
v -0.04417737 -0.60670865 -0.20998137
v -0.02568231 -0.60292351 -0.21183845
v -0.02508662 -0.62042665 -0.20986395
v -0.04381352 -0.62461907 -0.20755632
v -0.02319922 -0.63746697 -0.20937884
v -0.04184631 -0.64240575 -0.20697778
v -0.03442302 -0.66724491 -0.20047952
v -0.03147456 -0.67665279 -0.20200139
v -0.15386842 -0.56000143 -0.18374413
v -0.14790754 -0.54773724 -0.18150479
v -0.12615409 -0.29091638 -0.07833736
v -0.12777467 -0.67816234 -0.05941441
v -0.12675163 -0.66333675 -0.04751234
v -0.14317074 -0.66445845 -0.05909575
v -0.14416479 -0.67855078 -0.06942798
v -0.11394519 -0.70862114 -0.16318494
v -0.10972131 -0.68809581 -0.17972302
v -0.19663569 -0.60546899 -0.08085872
v -0.18490645 -0.60400736 -0.07280050
v -0.18642947 -0.59243906 -0.07402543
v -0.19628270 -0.59545767 -0.08220365
v -0.22027661 -0.58784211 -0.10693698
v -0.23480634 -0.59347796 -0.11158143
v -0.23552930 -0.60081774 -0.10703796
v -0.21980812 -0.59507298 -0.10296224
v -0.14603108 -0.36756819 -0.01126922
v -0.14116742 -0.38330656 -0.01767288
v -0.13661562 -0.50599152 -0.01976774
v -0.14630902 -0.49116719 -0.03566954
v -0.15427352 -0.50550628 -0.04469283
v -0.14719118 -0.52039671 -0.03101577
v -0.02839268 -0.65176445 -0.03710672
v -0.02807754 -0.63899279 -0.02927103
v -0.04846445 -0.64365584 -0.02858778
v -0.04847725 -0.65695089 -0.03656157
v -0.08958947 -0.68451566 -0.05202405
v -0.08880148 -0.69663215 -0.06266770
v -0.06679812 -0.68941033 -0.05556398
v -0.06770851 -0.67714626 -0.04624186
v -0.10900687 -0.67520249 -0.04928524
v -0.10850665 -0.66001546 -0.03813824
v -0.16842431 -0.52336603 -0.07730827
v -0.16372965 -0.50724900 -0.06934796
v -0.17856719 -0.54631674 -0.08819559
v -0.17583677 -0.54063082 -0.10162625
v -0.18080062 -0.54938960 -0.10532321
v -0.18342105 -0.55431581 -0.09237956
v -0.09000133 -0.72016227 -0.16178888
v -0.09084946 -0.73365664 -0.14369324
v -0.09970701 -0.72849524 -0.14408277
v -0.05999656 -0.72795069 -0.09419018
v -0.06037370 -0.72297060 -0.08823851
v -0.07348680 -0.72613388 -0.09588085
v -0.07060091 -0.73010159 -0.10090841
v -0.05054397 -0.58185202 0.00263070
v -0.02901670 -0.58061361 0.00286122
v -0.02727044 -0.56134695 0.00841297
v -0.05099503 -0.56090564 0.00810767
v -0.19049832 -0.56637532 -0.08767585
v -0.19925417 -0.57086831 -0.09486634
v -0.19828294 -0.57774550 -0.08869980
v -0.18944398 -0.57363594 -0.08089181
v -0.18287788 -0.56870359 -0.07469910
v -0.17686206 -0.56239754 -0.06841490
v -0.17863774 -0.55371779 -0.07745709
v -0.18408987 -0.56099391 -0.08277329
v -0.15645358 -0.53358090 -0.04255775
v -0.16139758 -0.51989877 -0.05485701
v -0.16805957 -0.53393108 -0.06399769
v -0.16506539 -0.54592937 -0.05214661
v -0.02098996 -0.49301159 0.02143339
v -0.04206687 -0.49204907 0.02427837
v -0.04400066 -0.51499259 0.01905043
v -0.02238911 -0.51612210 0.01813862
v -0.21790724 -0.59591132 -0.16309503
v -0.21556762 -0.60291934 -0.17701384
v -0.22917438 -0.60670972 -0.17920518
v -0.23414232 -0.59928191 -0.16499639
v -0.24700902 -0.62345743 -0.10251831
v -0.25834191 -0.62760007 -0.10503899
v -0.25778922 -0.63440156 -0.10470768
v -0.24604437 -0.63085389 -0.10178299
v -0.25933197 -0.59403825 -0.15621328
v -0.25236025 -0.60035431 -0.16812825
v -0.27363575 -0.59980828 -0.17302212
v -0.28070956 -0.59311485 -0.16036890
v -0.12614202 -0.71814549 -0.14040168
v -0.12255511 -0.70751113 -0.16395058
v -0.11776663 -0.72163182 -0.14238216
v -0.24906647 -0.58878613 -0.13092530
v -0.26779467 -0.59023893 -0.13378698
v -0.26970381 -0.59335381 -0.12430155
v -0.25087139 -0.59171152 -0.12164325
v -0.33628055 -0.66746712 -0.21327060
v -0.31087387 -0.66662663 -0.20775902
v -0.30869174 -0.59082687 -0.15324461
v -0.31366485 -0.59333003 -0.14169723
v -0.28976649 -0.59133285 -0.13772926
v -0.28611374 -0.59052342 -0.14847708
v -0.12818676 -0.49131161 -0.01128559
v -0.13922754 -0.47734699 -0.02772310
v -0.12293108 -0.38787714 0.02275876
v -0.13658240 -0.37866345 0.00693608
v -0.13077696 -0.39502558 0.00012699
v -0.11748059 -0.40492105 0.01559022
v -0.14983825 -0.35197079 -0.00465436
v -0.12726919 -0.37016419 0.03035264
v -0.14124608 -0.36221036 0.01430771
v -0.07341214 -0.73986089 -0.15103185
v -0.06633413 -0.74624813 -0.13673614
v -0.07317089 -0.74184823 -0.12903124
v -0.08204079 -0.73772681 -0.14608827
v -0.18070954 -0.25356454 0.04441565
v -0.18236709 -0.22985563 0.06164043
v -0.18681397 -0.21610440 0.03616199
v -0.18299495 -0.23834373 0.01893884
v -0.04378092 -0.73839414 -0.10640961
v -0.06002558 -0.74052906 -0.11618152
v -0.05438160 -0.74622804 -0.12500316
v -0.04095292 -0.74477565 -0.11686380
v -0.17860371 -0.25979400 0.00658032
v -0.17715070 -0.27601072 0.03091236
v -0.07446755 -0.72640181 -0.16577643
v -0.08266284 -0.72393024 -0.16311999
v -0.07687274 -0.70863402 -0.17611060
v -0.06922394 -0.71290243 -0.17878008
v -0.05938623 -0.70161104 -0.19070970
v -0.18741797 -0.19735070 0.01268978
v -0.17977975 -0.21979564 -0.00165632
v -0.06075058 -0.74885619 -0.14564823
v -0.05029260 -0.75098598 -0.13449629
v -0.03798472 -0.75158811 -0.12774186
v -0.02454667 -0.75301790 -0.12391503
v -0.15432736 -0.33625197 0.00215847
v -0.15643418 -0.32254741 -0.01906922
v -0.14050713 -0.16306725 0.17732592
v -0.11429290 -0.16159540 0.18904418
v -0.11100540 -0.14362767 0.18520351
v -0.14240967 -0.14315093 0.17518665
v -0.04494590 -0.17159545 0.19075112
v -0.04031525 -0.15350324 0.18164931
v -0.07578398 -0.14714196 0.18765824
v -0.08181208 -0.16501656 0.19363511
v -0.04818289 -0.28689066 0.15250961
v -0.07822844 -0.28735808 0.14915366
v -0.07598544 -0.30366790 0.13230231
v -0.04699758 -0.30389655 0.13663986
v -0.13219456 -0.35438725 0.03844215
v -0.14587469 -0.34672827 0.02175720
v -0.15159254 -0.30685613 -0.03920722
v -0.20306014 -0.07085428 0.06625457
v -0.20790300 -0.09395361 0.09868650
v -0.20700563 -0.06341529 0.11682045
v -0.20436208 -0.04073155 0.08576576
v -0.17091522 -0.09109509 0.16950503
v -0.17300043 -0.11894980 0.16015953
v -0.14105292 -0.12083369 0.17780359
v -0.13920231 -0.09656638 0.18367423
v -0.07028179 -0.25321648 -0.11393370
v -0.09092295 -0.24653174 -0.09295368
v -0.07056372 -0.23487638 -0.10258304
v -0.00828315 -0.23409420 -0.12504280
v -0.03037048 -0.23837207 -0.12489749
v -0.02859685 -0.21975836 -0.11283453
v -0.00767195 -0.21588232 -0.11298817
v -0.02232918 -0.12203866 -0.04951321
v -0.00632338 -0.12082228 -0.05039114
v -0.00669207 -0.14169902 -0.06167080
v -0.02440403 -0.14418691 -0.06047271
v -0.16973767 -0.20090668 -0.01913970
v -0.15095422 -0.18404093 -0.03353842
v -0.14571717 -0.20367296 -0.04193418
v -0.16306135 -0.22070035 -0.02898137
v -0.03629614 -0.13744920 0.16811126
v -0.06849629 -0.12926760 0.17811689
v -0.18892050 -0.01865000 0.05577351
v -0.18582956 -0.04959473 0.03683317
v -0.16172649 -0.00056323 0.03325093
v -0.12671107 0.00557408 0.02459699
v -0.12511507 -0.02211711 0.00796983
v -0.15915935 -0.03054124 0.01637393
v -0.01764825 -0.07197714 0.02943754
v -0.02740022 -0.07756045 -0.00270212
v -0.03627712 -0.06927481 0.00660704
v -0.02273497 -0.06782204 0.03485931
v -0.04937109 -0.20818633 0.19183280
v -0.04833204 -0.18965983 0.19309136
v -0.08208708 -0.18535694 0.19574574
v -0.08193724 -0.20547852 0.19280200
v -0.11032695 -0.37538737 0.04260745
v -0.11511868 -0.35888574 0.05205289
v -0.09178044 -0.37859544 0.05166436
v -0.10647058 -0.39411163 0.03486895
v -0.08790577 -0.39788854 0.04299552
v -0.09300288 -0.51979572 0.00682017
v -0.11215319 -0.50563616 0.00017972
v -0.12192579 -0.52088892 -0.00708277
v -0.10381701 -0.53714484 0.00077523
v -0.06876627 -0.64987034 -0.02871943
v -0.06826692 -0.66378158 -0.03718531
v -0.09933451 -0.10123447 0.18737704
v -0.05646642 -0.10597518 0.17432034
v -0.07071428 -0.07199052 0.18788530
v -0.10618448 -0.07186297 0.19501217
v -0.16881250 -0.06275320 0.18015911
v -0.19147156 -0.05267361 0.16041023
v -0.19470024 -0.08169201 0.14627913
v -0.20446295 -0.03385115 0.13290775
v -0.20331541 -0.01134068 0.10205512
v -0.16148765 0.02834326 0.05048287
v -0.12670624 0.03351763 0.04291791
v -0.03931855 -0.01252618 0.06134722
v -0.06187344 -0.00215802 0.04427153
v -0.06327159 0.01831818 0.06248310
v -0.04172527 0.00544557 0.08085825
v -0.06686230 -0.12533620 -0.03936917
v -0.10079835 -0.14744180 -0.04164047
v -0.10605407 -0.12504047 -0.03341372
v -0.07812262 -0.10462898 -0.02819107
v -0.01227334 -0.25524753 -0.13586903
v -0.03054803 -0.26001075 -0.13620707
v -0.04969630 -0.24438687 -0.12135003
v -0.04920823 -0.26583737 -0.13237789
v -0.06911179 -0.27405262 -0.12373371
v -0.02755971 -0.35218576 -0.17279784
v -0.04992929 -0.35548043 -0.16569917
v -0.04743780 -0.33302960 -0.15793526
v -0.02549669 -0.32914737 -0.16477807
v -0.03049152 -0.37667209 -0.18004896
v -0.05276374 -0.37968948 -0.17253354
v -0.03377207 -0.42622608 -0.18595612
v -0.05700411 -0.44147444 -0.18663187
v -0.05570832 -0.42425129 -0.18028182
v -0.02509219 -0.58564544 -0.21335807
v -0.02351308 -0.56880844 -0.21554801
v -0.17745955 -0.17875953 -0.00729036
v -0.02933510 -0.08781800 0.15206632
v -0.01910067 -0.06516117 0.12930578
v -0.02691590 -0.04508972 0.14891249
v -0.04165612 -0.06198445 0.17138273
v -0.17351313 -0.24027523 -0.01316313
v -0.14015612 -0.30647224 -0.06373818
v -0.14166555 -0.29040015 -0.05624536
v -0.13645561 -0.45360363 -0.12529528
v -0.13553751 -0.43361405 -0.11268570
v -0.06884749 -0.49272516 -0.22130184
v -0.07017462 -0.48105133 -0.21703547
v -0.19701809 -0.11185345 0.13214459
v -0.16023174 0.05595934 0.06901869
v -0.15782988 0.08159524 0.08716983
v -0.12449756 0.08552307 0.08178705
v -0.12532875 0.06010765 0.06219243
v -0.03608770 0.01218370 0.12375320
v -0.04650958 0.02639630 0.10248981
v -0.05299608 0.04840234 0.12411286
v -0.04490141 0.03486851 0.14525568
v -0.05309882 0.05910859 0.16452709
v -0.05929153 0.07350826 0.14368729
v -0.06296646 0.09718168 0.16413257
v -0.05923963 0.08222553 0.18343988
v -0.18937081 0.01204616 0.07262279
v -0.19868563 0.04689401 0.13105696
v -0.18518132 0.06816068 0.10568994
v -0.18757318 0.04043087 0.08918668
v -0.20112991 0.01864907 0.11677198
v -0.14015809 -0.06788117 0.19154561
v -0.02876810 -0.00860834 0.10211350
v -0.02470595 -0.02522066 0.08186726
v -0.05122463 0.00828612 0.18686695
v -0.06744938 -0.00365967 0.20489508
v -0.05531019 -0.03217125 0.18882462
v -0.03864932 -0.01878530 0.16841829
v -0.17224421 -0.00688037 0.20162851
v -0.19059387 0.00556186 0.18243888
v -0.19050294 -0.02287769 0.17100379
v -0.17034337 -0.03421244 0.19028030
v -0.20192082 -0.00360638 0.14506918
v -0.19954319 0.02487653 0.15795502
v -0.19413045 0.10066608 0.15898061
v -0.17840426 0.11889470 0.13689709
v -0.18220657 0.09411460 0.12167825
v -0.19632505 0.07430983 0.14511040
v -0.19674157 0.07885829 0.18340889
v -0.19754907 0.05222738 0.17063135
v -0.19089825 0.03287116 0.19407621
v -0.19125806 0.05980566 0.20538206
v -0.17559373 0.04658693 0.22175172
v -0.17426744 0.01970533 0.21198872
v -0.15166005 0.01288673 0.22449268
v -0.15513693 0.03895238 0.23360193
v -0.12585284 0.01102957 0.22999279
v -0.10034165 0.01437339 0.22704282
v -0.10889402 0.03976387 0.23707417
v -0.13188022 0.03698716 0.23897201
v -0.07188290 0.05654597 0.21819171
v -0.08772018 0.04620174 0.23054263
v -0.07794296 0.02215213 0.21841492
v -0.06231188 0.03348830 0.20303594
v -0.10499982 0.14523315 0.27762619
v -0.12224256 0.13922656 0.27972996
v -0.11342061 0.11537546 0.26630849
v -0.09516023 0.12174049 0.26313689
v -0.13891336 0.13354644 0.28339329
v -0.15694484 0.13125938 0.28270629
v -0.14919683 0.10914910 0.26811653
v -0.13194714 0.11102587 0.26778844
v -0.18175924 0.12138364 0.25177842
v -0.16667825 0.11207047 0.26285732
v -0.17362332 0.13445577 0.27700368
v -0.18764396 0.14416963 0.26548380
v -0.20119762 0.15709624 0.25139412
v -0.19782430 0.13391948 0.23853356
v -0.20089072 0.17474499 0.23373243
v -0.20106909 0.15204513 0.22058070
v -0.18861325 0.17186043 0.20051222
v -0.18984789 0.19391376 0.21367857
v -0.07493508 0.15897557 0.22740617
v -0.08218318 0.18068898 0.24619395
v -0.08147193 0.16664150 0.26057300
v -0.07261720 0.14571005 0.24191809
v -0.10336137 0.18344712 0.19417566
v -0.12081589 0.19555831 0.17487162
v -0.12358943 0.21288303 0.19668476
v -0.10834015 0.20224130 0.21622486
v -0.19661386 0.10383824 0.19583735
v -0.19173154 0.12545991 0.17287508
v -0.17629695 0.07284418 0.23060372
v -0.19173130 0.08549985 0.21583462
v -0.07995488 0.07841939 0.23305932
v -0.09687810 0.06938410 0.24210694
v -0.06717287 0.11896968 0.18437508
v -0.06385832 0.10440394 0.20236224
v -0.14849107 0.17691830 0.15305912
v -0.14914121 0.15316024 0.13861030
v -0.17522094 0.14314812 0.15138948
v -0.17391077 0.16717491 0.16505374
v -0.19903071 0.12853897 0.20791319
v -0.19414526 0.10986283 0.22679606
v -0.17802341 0.09760803 0.24019146
v -0.16197670 0.08875656 0.25115582
v -0.14345188 0.08621919 0.25605607
v -0.12455358 0.08808309 0.25566766
v -0.10505366 0.09241885 0.25377914
v -0.08746294 0.09981877 0.24803406
v -0.06784061 0.12514099 0.22234528
v -0.07106286 0.13956556 0.20618911
v -0.14942227 0.21619570 0.18851413
v -0.14839986 0.19925714 0.16841826
v -0.17444572 0.18923831 0.17968963
v -0.17514762 0.20903704 0.19580886
v -0.15093359 0.22970721 0.20970130
v -0.12948410 0.22642890 0.21781909
v -0.14686956 0.15494230 0.29900837
v -0.16423085 0.15363270 0.29744008
v -0.18054296 0.15697351 0.29194924
v -0.20512542 0.17885008 0.26560649
v -0.20150679 0.19834137 0.24647668
v -0.18945716 0.21661121 0.22790965
v -0.17358428 0.22550920 0.21271186
v -0.10082418 0.20877138 0.29285794
v -0.09253253 0.18770495 0.27552229
v -0.09278566 0.19990486 0.26242229
v -0.10226515 0.22005391 0.27904767
v -0.11989422 0.18861082 0.31227508
v -0.13506620 0.17942193 0.31910160
v -0.13039815 0.16145617 0.29537362
v -0.11507361 0.16876200 0.29033637
v -0.15340924 0.17411256 0.32165930
v -0.17199634 0.17362016 0.31856123
v -0.18960027 0.17638010 0.31141639
v -0.20990713 0.20219442 0.28115112
v -0.19571359 0.16481149 0.28106600
v -0.20443958 0.18568411 0.29871267
v -0.20466536 0.22387207 0.25882965
v -0.18804035 0.26615044 0.26119423
v -0.18363048 0.24198613 0.24276318
v -0.21023229 0.24946773 0.27456266
v -0.17103347 0.34733579 0.32411915
v -0.19668876 0.34348890 0.32290375
v -0.19672658 0.37095311 0.34665823
v -0.17392068 0.37498370 0.34755760
v -0.10673597 0.24252880 0.29809099
v -0.10411102 0.23073268 0.31411096
v -0.12106776 0.20918193 0.33783144
v -0.13878816 0.19988367 0.34434509
v -0.22344983 0.25163940 0.31702545
v -0.21711218 0.22716886 0.29709792
v -0.21244752 0.20944083 0.31678876
v -0.21819688 0.23422870 0.33704692
v -0.11307929 0.32143122 0.36044833
v -0.11118753 0.31032437 0.37703502
v -0.10584923 0.28185505 0.35724872
v -0.10811844 0.29412371 0.33955139
v -0.14035693 0.22381514 0.36748761
v -0.12214275 0.23356363 0.36071467
v -0.12477262 0.26010352 0.38222402
v -0.14288919 0.25117993 0.38902417
v -0.22595906 0.30956557 0.35781977
v -0.22645552 0.27917564 0.33731812
v -0.22183324 0.26242721 0.35752487
v -0.22206691 0.29431540 0.37744671
v -0.19243129 0.29063436 0.27958852
v -0.21571900 0.27371767 0.29407704
v -0.21828695 0.29925078 0.31512296
v -0.19629239 0.31646726 0.30067509
v -0.16387369 0.29424441 0.28125957
v -0.16786127 0.32006550 0.30154610
v -0.13285379 0.37340924 0.41396585
v -0.12193475 0.34103703 0.39520365
v -0.12315588 0.35229099 0.38129997
v -0.13451192 0.38409221 0.40233624
v -0.14868908 0.28241637 0.40707487
v -0.13010719 0.29039675 0.40080264
v -0.13922651 0.32372263 0.41628411
v -0.15517128 0.31714168 0.42227346
v -0.22072364 0.37638631 0.40085211
v -0.22383037 0.34203762 0.37918231
v -0.21983419 0.32884261 0.39746970
v -0.21636200 0.36399066 0.41744542
v -0.19734351 0.40085652 0.37183049
v -0.21702434 0.35828674 0.35852537
v -0.21549588 0.39022809 0.38285780
v -0.19650207 0.43209118 0.39451736
v -0.17972310 0.43509576 0.39468813
v -0.17677423 0.40419120 0.37213269
v -0.14456438 0.41430238 0.42153746
v -0.14158744 0.40521741 0.43242401
v -0.15140001 0.39152566 0.44888300
v -0.16340169 0.38503462 0.45387200
v -0.16016079 0.35177428 0.43765816
v -0.14667256 0.35811183 0.43242675
v -0.19416292 0.35168013 0.43741405
v -0.17717496 0.34946528 0.43964684
v -0.17907138 0.38300309 0.45554787
v -0.19407305 0.38560641 0.45302993
v -0.21190402 0.39680523 0.43495962
v -0.20724501 0.35590836 0.42973185
v -0.20450412 0.38978517 0.44595054
v -0.21663964 0.40783221 0.41961312
v -0.21260443 0.42228153 0.40339252
v -0.01552580 -0.09989151 0.11809421
v -0.01334743 -0.07751265 0.09506159
v -0.01556693 -0.07547265 0.11070102
v -0.02194915 -0.10064393 0.13269290
v -0.06984854 0.06525382 0.10387087
v -0.06646602 0.04076919 0.08225034
v -0.07572478 0.11253971 0.14506377
v -0.07370795 0.09034246 0.12423444
v -0.07895957 0.13380238 0.16663617
v -0.08336222 0.15343395 0.18909895
v -0.08668672 0.17333025 0.21164933
v -0.09225790 0.19281748 0.23187941
v -0.10171004 0.21181425 0.24888834
v -0.11063678 0.23264512 0.26465353
v -0.11924175 0.27865487 0.30119866
v -0.10750771 0.26739487 0.31881031
v -0.11719883 0.25441432 0.28247136
v -0.12538993 0.33405498 0.34260595
v -0.12088435 0.30550635 0.32117817
v -0.13379107 0.36410528 0.36612555
v -0.14325599 0.39479488 0.38959199
v -0.15275697 0.42422250 0.41000864
v -0.09075138 -0.04372752 -0.00032395
v -0.06188476 -0.04035997 0.01305844
v -0.06222391 -0.05563942 0.00209093
v -0.08927812 -0.06446245 -0.01122202
v -0.01241470 -0.07979804 0.06365818
v -0.01422127 -0.07401237 0.04974228
v -0.01731899 -0.07217789 0.05310397
v -0.01392604 -0.07917398 0.06713080
v -0.19006911 0.14921743 0.18644068
v -0.15824942 0.06447941 0.24164094
v -0.13776763 0.06219137 0.24651340
v -0.11705704 0.06438968 0.24561149
v -0.09820969 0.16708577 0.17069341
v -0.09663036 0.14666522 0.15022500
v -0.11984085 0.15416196 0.13882859
v -0.12006168 0.17558458 0.15650365
v -0.15949632 0.27249733 0.26347792
v -0.13975829 0.28813881 0.28985217
v -0.13548890 0.26554897 0.27074486
v -0.15660730 0.25381288 0.24573976
v -0.18030471 0.19369110 0.34079143
v -0.19884092 0.19796461 0.33169937
v -0.16295816 0.21786082 0.36822334
v -0.18554825 0.21668771 0.36380935
v -0.15952823 0.19490537 0.34422788
v -0.09554686 0.10402566 0.10946222
v -0.12320057 0.10920012 0.10155763
v -0.12147528 0.13170990 0.12085146
v -0.09545752 0.12551448 0.12987792
v -0.12648983 -0.41141558 -0.00504944
v -0.11303040 -0.42183635 0.00942636
v -0.12730838 -0.46896178 -0.16719499
v -0.13066371 -0.46195549 -0.14936496
v -0.11763452 -0.45142922 -0.15608649
v -0.11670912 -0.45986938 -0.17081736
v -0.14010707 -0.47493669 -0.14732571
v -0.13562405 -0.48072150 -0.16566539
v -0.14187177 -0.49528986 -0.16512688
v -0.14663211 -0.48971710 -0.14739552
v -0.16792549 -0.56194937 -0.15428555
v -0.17846331 -0.57152432 -0.15663773
v -0.03262262 -0.40144366 -0.18461877
v -0.00827363 -0.39948067 -0.18750332
v -0.00995991 -0.42365614 -0.18934065
v -0.04957689 -0.22565590 -0.10906854
v -0.06836683 -0.15518497 -0.05442847
v -0.04034675 -0.12256545 -0.04558775
v -0.04453158 -0.14806455 -0.05776117
v -0.01009605 -0.07425633 0.00119886
v -0.06310639 -0.48689744 0.02300294
v -0.06596360 -0.50932872 0.01703599
v -0.04813880 -0.66949487 -0.04474851
v -0.02825489 -0.66380680 -0.04483250
v -0.04577180 -0.69249427 -0.06174712
v -0.04453462 -0.70263159 -0.06973253
v -0.02644690 -0.69685483 -0.06730546
v -0.02721629 -0.68637544 -0.05990019
v -0.02573115 -0.74533123 -0.11160605
v -0.02709794 -0.73682511 -0.10096292
v -0.01163560 -0.08848116 0.08116742
v -0.01369006 -0.07812855 0.07254446
v -0.01191516 -0.09168747 0.09032305
v -0.03855096 -0.02821150 0.04427131
v -0.02356587 -0.03785157 0.06457312
v -0.02404681 -0.04806983 0.05163388
v -0.03874394 -0.04166716 0.03100900
v -0.19917113 -0.09989935 0.04575317
v -0.20689458 -0.12373009 0.07747649
v -0.10543115 -0.12454113 0.18360533
v -0.36314619 -0.60219932 -0.15451124
v -0.36712426 -0.61127973 -0.14564921
v -0.34292349 -0.60653424 -0.13763312
v -0.33833098 -0.59769726 -0.14745712
v -0.07504750 -0.58333135 -0.00035221
v -0.08118510 -0.55732507 0.00414173
v -0.08325098 -0.70306534 -0.17497757
v -0.14130612 -0.70468402 -0.16985990
v -0.13893563 -0.68888289 -0.18980980
v -0.12912029 -0.68889737 -0.18480229
v -0.13160612 -0.70593452 -0.16601157
v -0.15606542 -0.68969196 -0.08969437
v -0.15303484 -0.69979280 -0.10403544
v -0.14193606 -0.70250666 -0.09752978
v -0.14399780 -0.69165272 -0.08178534
v -0.04855682 -0.26802301 0.16722175
v -0.07875457 -0.26847720 0.16508627
v -0.04348333 -0.42384934 0.04358376
v -0.06449954 -0.42173567 0.04179481
v -0.06178922 -0.44242513 0.03563462
v -0.04138833 -0.44586340 0.03644622
v -0.10625067 -0.56918055 -0.00530268
v -0.12061259 -0.55075365 -0.00962359
v -0.02094196 -0.49623582 -0.21562815
v -0.02021769 -0.51625425 -0.21807560
v -0.03709430 -0.51914716 -0.22180957
v -0.03737679 -0.50062913 -0.22045459
v -0.31208137 -0.63020909 -0.11852261
v -0.28880301 -0.61829305 -0.11361384
v -0.29359239 -0.60802418 -0.11899729
v -0.31911767 -0.61462867 -0.12377996
v -0.19652328 -0.14793795 0.11604183
v -0.17369746 -0.14553222 0.15399402
v -0.14136378 -0.43310213 -0.03232769
v -0.13079335 -0.44650069 -0.01321273
v -0.12749769 -0.42878479 -0.00882871
v -0.13840616 -0.41575235 -0.02700646
v -0.15158857 -0.47836405 -0.05411503
v -0.14663976 -0.46437445 -0.04628889
v -0.15805687 -0.49226195 -0.06144024
v -0.20781298 -0.57960260 -0.10204689
v -0.20777734 -0.57498491 -0.10890529
v -0.21892276 -0.58286059 -0.11407744
v -0.06140303 -0.02231592 0.02680929
v -0.05603292 -0.08360034 -0.01552978
v -0.04554433 -0.09517744 -0.02479547
v -0.01098883 -0.08817244 0.07581276
v -0.06231878 -0.71772933 -0.18458255
v -0.05488551 -0.70771420 -0.19705677
v -0.24552628 -0.58974236 -0.14172986
v -0.26469070 -0.59035957 -0.14454216
v -0.18753080 -0.55687463 -0.10930233
v -0.18200740 -0.55572349 -0.12346987
v -0.19133079 -0.56367165 -0.12783065
v -0.19641882 -0.56390893 -0.11449000
v -0.19908141 -0.56643581 -0.10348353
v -0.19042432 -0.56059521 -0.09713604
v -0.13582587 -0.59737146 -0.20622811
v -0.12359368 -0.59891522 -0.20808959
v -0.12659504 -0.61814684 -0.20681256
v -0.13913298 -0.61711657 -0.20664069
v -0.11037216 -0.59799540 -0.20898890
v -0.09506655 -0.59688330 -0.21058109
v -0.09841959 -0.61771303 -0.20662642
v -0.11344938 -0.61898506 -0.20638222
v -0.07744224 -0.67858231 -0.18919131
v -0.05845700 -0.66628736 -0.19892111
v -0.03835082 -0.65693754 -0.20442325
v -0.02088290 -0.65083992 -0.20808832
v -0.02725661 -0.72750688 -0.09051667
v -0.02655006 -0.71718568 -0.08108188
v -0.04473581 -0.72064143 -0.08436589
v -0.04807203 -0.73041975 -0.09543614
v -0.04588369 -0.69218677 -0.20016302
v -0.02981145 -0.68454564 -0.20786127
v -0.01715294 -0.67070580 -0.20824029
v -0.34136903 -0.67901814 -0.20020229
v -0.31602895 -0.67854488 -0.19449389
v -0.06624128 -0.74161905 -0.15925936
v -0.06633963 -0.72968090 -0.17243165
v -0.32223734 -0.68455964 -0.17794445
v -0.34793523 -0.68480796 -0.18365300
v -0.11891142 -0.66489404 -0.19452856
v -0.11977889 -0.68825173 -0.18164119
v -0.12888950 -0.66589153 -0.19687614
v -0.04279616 -0.69874561 -0.20706347
v -0.02816884 -0.69150519 -0.21462449
v -0.20041986 -0.15109980 0.05385832
v -0.19177933 -0.12839311 0.02618326
v -0.13476416 -0.35836017 -0.08189370
v -0.14203498 -0.37200117 -0.06301782
v -0.00406599 -0.35016853 -0.17497092
v -0.00252481 -0.32699132 -0.16677538
v -0.00178553 -0.69271255 -0.22567761
v -0.02714515 -0.28369731 -0.14629079
v -0.00484701 -0.27868292 -0.14522913
v -0.00268202 -0.30382898 -0.15681103
v -0.02518409 -0.30685356 -0.15567857
v 0.00185325 -0.25347555 -0.13334903
v 0.00270219 -0.24204114 -0.12793118
v -0.01867874 -0.10439798 -0.03948742
v -0.00643847 -0.10391220 -0.04112451
v -0.24535346 -0.65202117 -0.20502880
v -0.22843128 -0.65273881 -0.20475939
v -0.22738318 -0.67320895 -0.20170206
v -0.24564075 -0.67162466 -0.20066032
v -0.04745063 -0.28946775 -0.14152786
v -0.06769602 -0.29681951 -0.13137846
v -0.15661940 -0.55387437 -0.16770145
v -0.16053563 -0.55143309 -0.15109342
v -0.01051273 -0.44769615 -0.19342810
v -0.05327633 -0.50482470 -0.22337344
v -0.05354677 -0.52156055 -0.22354275
v -0.06943756 -0.52348292 -0.22318238
v -0.06873963 -0.50766045 -0.22344866
v -0.01080008 -0.09105986 0.08268604
v -0.24888214 -0.67096597 -0.11278951
v -0.23699704 -0.66964149 -0.10768512
v -0.24025154 -0.65948224 -0.10441159
v -0.25255430 -0.66215873 -0.10969199
v -0.01624572 -0.05315480 0.08748542
v -0.01887383 -0.04282805 0.10476668
v -0.02915140 -0.12367752 0.15036947
v -0.01635464 -0.11873078 0.13460621
v -0.09190068 0.02958095 0.04900451
v -0.09210270 0.00416413 0.02972548
v -0.09325394 0.05543002 0.06911169
v -0.09447700 0.08043745 0.08954136
v -0.11602287 0.21994710 0.23498011
v -0.12944062 0.24316868 0.24944717
v -0.14369412 0.31417570 0.31042752
v -0.14775698 0.34170273 0.33252060
v -0.15329635 0.37122670 0.35599867
v -0.15915158 0.40145797 0.38064185
v -0.16475263 0.43213207 0.40073580
v -0.35474676 -0.68393582 -0.16732320
v -0.32824856 -0.68435276 -0.15974730
v -0.33575779 -0.67642772 -0.14680925
v -0.36166903 -0.67656976 -0.15453438
v -0.30328459 -0.59363061 -0.16546264
v -0.29694051 -0.60012007 -0.17841733
v -0.32088044 -0.60080093 -0.18403873
v -0.32660958 -0.59546137 -0.17089137
v -0.35113120 -0.59756476 -0.17703183
v -0.35735270 -0.59758091 -0.16517350
v -0.33233684 -0.59403372 -0.15863168
v -0.36907446 -0.62409306 -0.13924061
v -0.36925691 -0.63836002 -0.13677758
v -0.34305206 -0.63523614 -0.12844813
v -0.34525150 -0.61981934 -0.13122070
v -0.36653343 -0.66555297 -0.14532587
v -0.34145361 -0.66481709 -0.13815811
v -0.34362820 -0.65094876 -0.13165504
v -0.36911204 -0.65237403 -0.13928065
v -0.33675009 -0.62089503 -0.21243399
v -0.34025046 -0.60973859 -0.20217952
v -0.31529728 -0.60941923 -0.19619286
v -0.31148747 -0.62075114 -0.20673203
v -0.22951551 -0.69187045 -0.18882002
v -0.24850471 -0.68819356 -0.18826723
v -0.18940504 -0.59251904 -0.17722638
v -0.18985577 -0.60548759 -0.19323650
v -0.20096734 -0.61138642 -0.19158244
v -0.20056193 -0.59961730 -0.17648420
v -0.28651369 -0.66652775 -0.20371404
v -0.26495019 -0.66858506 -0.20160785
v -0.26902962 -0.68347085 -0.18842450
v -0.29175407 -0.67983133 -0.19038056
v -0.28669205 -0.62041724 -0.20180383
v -0.29087916 -0.60963517 -0.19095579
v -0.26746047 -0.60899335 -0.18582118
v -0.26383066 -0.61884719 -0.19812414
v -0.31765753 -0.60194993 -0.13148153
v -0.29253694 -0.59739715 -0.12752111
v -0.22925843 -0.63253373 -0.20170525
v -0.24549164 -0.63284576 -0.20322394
v -0.15190579 -0.54182976 -0.16580844
v -0.16978735 -0.53778118 -0.11734380
v -0.17499542 -0.54755670 -0.12051724
v -0.11732843 -0.47043902 -0.18499485
v -0.11856408 -0.48279199 -0.19493410
v -0.15259469 -0.48863968 -0.12715651
v -0.15684572 -0.50675660 -0.12907350
v -0.12518474 -0.47787720 -0.18213634
v -0.12346890 -0.48527184 -0.19089009
v -0.07354849 -0.40549421 -0.16775867
v -0.01829848 -0.66161364 -0.20615122
v -0.26359907 -0.65068483 -0.20654494
v -0.26274219 -0.63281792 -0.20494621
v -0.26949099 -0.61054134 -0.11091746
v -0.25179532 -0.60552472 -0.10913455
v -0.25157377 -0.59756875 -0.11421527
v -0.27092013 -0.60162437 -0.11634766
v -0.14413279 -0.58599734 -0.02990660
v -0.12600006 -0.57893878 -0.01702611
v -0.13683255 -0.56234658 -0.02201358
v -0.15212339 -0.57167500 -0.03535410
v -0.24710190 -0.68618143 -0.12426840
v -0.24924281 -0.69311428 -0.13454491
v -0.23308052 -0.69601476 -0.13168235
v -0.23360926 -0.68760753 -0.12053379
v -0.23276953 -0.70231974 -0.14722553
v -0.25130278 -0.69820458 -0.14957300
v -0.25138962 -0.69733465 -0.16856319
v -0.23203856 -0.70209682 -0.16788134
v -0.18478809 -0.20822051 0.08145589
v -0.19322322 -0.19317314 0.05610478
v -0.12766364 -0.27421188 -0.07000004
v -0.11026689 -0.25971949 -0.08164851
v -0.09683491 -0.16958947 -0.05316797
v -0.03856855 -0.06107983 0.01375668
v -0.02330865 -0.06207043 0.03897587
v -0.02443996 -0.02557161 0.12485770
v -0.19274287 -0.17622566 0.03207878
v -0.03396248 -0.00311252 0.14540732
v -0.04462532 0.02136126 0.16574222
v -0.09221700 -0.01161823 0.21604410
v -0.11995146 -0.01500586 0.21916699
v -0.11357407 -0.04252490 0.20714545
v -0.08242674 -0.04035845 0.20278163
v -0.14776845 -0.01316872 0.21390970
v -0.14389274 -0.04033256 0.20240642
v -0.15170421 0.12917146 0.12287186
v -0.16559148 0.24589521 0.39012691
v -0.19103207 0.27878270 0.40424323
v -0.18861374 0.24469197 0.38559753
v -0.16975138 0.27859223 0.40837580
v -0.20829852 0.25069037 0.37390947
v -0.20467350 0.22217596 0.35308656
v -0.21811630 0.32802883 0.33574837
v -0.17424318 0.31371930 0.42405754
v -0.19304581 0.31495160 0.42102659
v -0.20947658 0.28356433 0.39342606
v -0.20894942 0.31957203 0.41169661
v -0.01627220 -0.05956668 0.07332429
v -0.18137366 -0.07877722 0.01880784
v -0.17495297 -0.10525265 0.00248373
v -0.11311432 -0.10024112 -0.02602780
v -0.08519829 -0.08450708 -0.02012905
v -0.08665670 -0.32550332 -0.12514204
v -0.10574807 -0.33448046 -0.11266560
v -0.10570733 -0.37516740 -0.12791260
v -0.12154073 -0.38405141 -0.11333141
v -0.12173166 -0.36455098 -0.10563170
v -0.10567684 -0.35413006 -0.12008607
v -0.14317217 -0.40679693 -0.07575983
v -0.14583652 -0.41972327 -0.05345939
v -0.14342184 -0.40232250 -0.04770492
v -0.14179435 -0.38908985 -0.06917798
v -0.14275232 -0.38564655 -0.04255790
v -0.13733874 -0.39906454 -0.02247218
v -0.08137613 -0.45851442 0.02486951
v -0.09882877 -0.45034665 0.01650215
v -0.10080016 -0.47021678 0.01188780
v -0.08291515 -0.47937939 0.01890676
v -0.03229139 -0.10226047 -0.03405970
v -0.01699921 -0.06839055 0.05735125
v -0.09136253 -0.02063298 0.01290846
v -0.12233154 -0.04941437 -0.00581709
v -0.15500811 -0.05996561 0.00089963
v -0.24040249 -0.59325862 -0.15305904
v -0.17553850 -0.60076797 -0.06446172
v -0.17784090 -0.58848530 -0.06567273
v -0.27197477 -0.69209099 -0.15115038
v -0.27251565 -0.69136500 -0.16996789
v -0.24456975 -0.61734921 -0.19572088
v -0.21232134 -0.67495739 -0.20314875
v -0.21328910 -0.65281928 -0.20629786
v -0.19961247 -0.65397877 -0.20842272
v -0.12780280 -0.16555578 -0.03927763
v -0.15878758 -0.16003798 -0.02292428
v -0.13449824 -0.14162031 -0.03195068
v -0.01271159 -0.11036205 0.11881663
v -0.06052712 -0.06958354 -0.00719020
v -0.05400080 0.04598734 0.18411806
v -0.06189782 0.06909794 0.20170838
v -0.06829684 0.09058061 0.21938059
v -0.07433308 0.11148494 0.23683631
v -0.08051564 0.13252297 0.25495887
v -0.08993626 0.15385517 0.27168980
v -0.10095932 0.17686573 0.28542730
v -0.10798868 0.19823208 0.30398363
v -0.10443275 0.25538188 0.33596769
v -0.11038876 0.24383354 0.34997004
v -0.10973305 0.21939784 0.32721603
v -0.11227328 0.27060261 0.37162119
v -0.11774865 0.29972410 0.39029935
v -0.12825267 0.33165398 0.40708607
v -0.13760145 0.36480200 0.42395616
v -0.14422077 0.39760357 0.44127995
v -0.01105161 -0.09907353 0.09337857
v -0.01187893 -0.10432380 0.10485576
v -0.10738137 -0.66394061 -0.19273891
v -0.17462054 -0.55813718 -0.13875332
v -0.18428080 -0.56617755 -0.14151815
v -0.22831666 -0.61642289 -0.19379583
v -0.31793240 -0.66304803 -0.12959728
v -0.31127632 -0.67534703 -0.13742051
v -0.24609923 -0.60834396 -0.18192205
v -0.19012429 -0.58344948 -0.16144270
v -0.20076135 -0.59163117 -0.16388670
v -0.53967971 -0.69195819 -0.24127424
v -0.54371989 -0.69321930 -0.22738919
v -0.56236362 -0.69147861 -0.23799896
v -0.55830491 -0.68897438 -0.25090668
v -0.53594196 -0.68436861 -0.25274345
v -0.55499291 -0.68110681 -0.26083407
v -0.54036039 -0.62134087 -0.25042331
v -0.53508788 -0.63226873 -0.25851262
v -0.55604213 -0.63325095 -0.26242241
v -0.56123614 -0.62355161 -0.25366259
v -0.57167381 -0.66781253 -0.27413201
v -0.57118297 -0.65608555 -0.27497905
v -0.55153376 -0.65748274 -0.26959085
v -0.55256116 -0.67048854 -0.26730648
v -0.55197525 -0.61685908 -0.22194545
v -0.55480200 -0.62413794 -0.20946509
v -0.53510636 -0.61941898 -0.20504072
v -0.53214240 -0.61286765 -0.21860556
v -0.45159805 -0.62309575 -0.23485765
v -0.45891106 -0.61150569 -0.22796209
v -0.44085664 -0.61250007 -0.22568184
v -0.43489432 -0.62404847 -0.23186445
v -0.50140196 -0.69767612 -0.22189027
v -0.50533533 -0.69561529 -0.20680004
v -0.52454108 -0.69478643 -0.21703646
v -0.52041650 -0.69480550 -0.23189889
v -0.49090540 -0.66345537 -0.24928755
v -0.48983705 -0.64773297 -0.25001967
v -0.46849781 -0.64950508 -0.24155262
v -0.46984127 -0.66557264 -0.23944770
v -0.48278001 -0.69885433 -0.21074826
v -0.48662841 -0.69418299 -0.19658396
v -0.53152782 -0.65960252 -0.26384428
v -0.53196073 -0.64531022 -0.26276055
v -0.51102954 -0.64653617 -0.25711828
v -0.51128727 -0.66181785 -0.25712085
v -0.59031820 -0.62654829 -0.23213071
v -0.59236199 -0.63454765 -0.22217999
v -0.57387316 -0.62930793 -0.21510437
v -0.57146323 -0.62156141 -0.22644234
v -0.57291615 -0.64504707 -0.27199638
v -0.57648736 -0.63480657 -0.26634985
v -0.55269694 -0.64492917 -0.26725692
v -0.58846468 -0.68213582 -0.22538128
v -0.58490711 -0.68833089 -0.23600505
v -0.56625891 -0.68852007 -0.22484198
v -0.56973904 -0.68075907 -0.21398635
v -0.49639443 -0.62053978 -0.24306001
v -0.49165538 -0.63306201 -0.24836150
v -0.51360720 -0.63214958 -0.25416064
v -0.51875710 -0.62040627 -0.24694508
v -0.49714759 -0.69099605 -0.23568656
v -0.51655495 -0.68754876 -0.24439518
v -0.55023074 -0.67924374 -0.20336658
v -0.54748493 -0.68857002 -0.21398145
v -0.52797550 -0.68797678 -0.20384300
v -0.53150296 -0.67619669 -0.19378719
v -0.51558757 -0.65645659 -0.18079942
v -0.51582772 -0.64031625 -0.18414208
v -0.53551364 -0.64545876 -0.18991441
v -0.53442812 -0.66135025 -0.18854849
v -0.47353116 -0.62151283 -0.23851657
v -0.48092330 -0.61087883 -0.22975522
v -0.51116437 -0.60966057 -0.21630812
v -0.51499516 -0.61496955 -0.20191324
v -0.49451590 -0.61119437 -0.19942349
v -0.48935279 -0.60693419 -0.21492518
v -0.43773592 -0.68187505 -0.21852380
v -0.44181979 -0.69299084 -0.20623726
v -0.45714098 -0.69435430 -0.21478406
v -0.45202598 -0.68313771 -0.22541897
v -0.46374017 -0.69748592 -0.19986185
v -0.44800329 -0.69452679 -0.19071350
v -0.42894462 -0.68280190 -0.16997063
v -0.43097970 -0.67082369 -0.16378888
v -0.44181821 -0.67154515 -0.16721939
v -0.43999177 -0.68468940 -0.17235605
v -0.47952348 -0.64425749 -0.16734496
v -0.47757816 -0.62857836 -0.17475712
v -0.49648756 -0.63445544 -0.17907861
v -0.49716234 -0.65068084 -0.17333803
v -0.45973775 -0.61201417 -0.18307428
v -0.45737955 -0.60493326 -0.19775327
v -0.47475928 -0.60748309 -0.19809671
v -0.47666201 -0.61607158 -0.18455902
v -0.39989221 -0.60494435 -0.17662562
v -0.39511073 -0.60300785 -0.18788224
v -0.41223717 -0.60367101 -0.19286618
v -0.41670206 -0.60697883 -0.18147090
v -0.40013957 -0.61260247 -0.21561499
v -0.38400671 -0.61129612 -0.21136060
v -0.38097751 -0.62200356 -0.22107820
v -0.39695236 -0.62358046 -0.22436364
v -0.39070913 -0.68120986 -0.20721367
v -0.39577207 -0.68790925 -0.19100454
v -0.40898588 -0.68973869 -0.19351625
v -0.40473285 -0.68221819 -0.20864242
v -0.46427137 -0.63876319 -0.16354799
v -0.45978984 -0.62299860 -0.17056504
v -0.41354990 -0.61315560 -0.21910004
v -0.41014022 -0.62399739 -0.22677299
v -0.42171493 -0.62425536 -0.22902243
v -0.42645338 -0.61285257 -0.22267517
v -0.40953740 -0.65260851 -0.22690114
v -0.41207904 -0.66745645 -0.21974793
v -0.42273265 -0.66701686 -0.22130799
v -0.42111281 -0.65211743 -0.22724828
v -0.41554418 -0.68149769 -0.21070829
v -0.41982549 -0.69074380 -0.19589657
v -0.43077067 -0.69095594 -0.20022812
v -0.42590141 -0.68153286 -0.21362635
v -0.45355442 -0.63703537 -0.16116387
v -0.45201200 -0.64934140 -0.16233152
v -0.44318768 -0.64661461 -0.15980615
v -0.44436443 -0.63460517 -0.15974127
v -0.44515955 -0.60966855 -0.18429238
v -0.44191200 -0.60391617 -0.19787768
v -0.43355396 -0.65146142 -0.22923705
v -0.43262267 -0.63749903 -0.23364115
v -0.42005786 -0.63768566 -0.23203784
v -0.43640852 -0.69193804 -0.18476884
v -0.40404049 -0.61016124 -0.16703294
v -0.40697092 -0.61736834 -0.15798116
v -0.39005992 -0.61509168 -0.15311770
v -0.38703448 -0.60693145 -0.16165236
v -0.38251823 -0.60195410 -0.17150709
v -0.37687135 -0.60078448 -0.18310605
v -0.36508024 -0.61068672 -0.20755616
v -0.36155546 -0.62152302 -0.21760046
v -0.35980010 -0.63545817 -0.22389837
v -0.35931325 -0.65121275 -0.22499295
v -0.38061559 -0.65182698 -0.22718264
v -0.38002926 -0.63582736 -0.22717993
v -0.36711723 -0.67987084 -0.20491123
v -0.37347463 -0.68583322 -0.18829617
v -0.40024281 -0.68635732 -0.17669992
v -0.38030118 -0.68439436 -0.17289498
v -0.42005646 -0.60529804 -0.20842975
v -0.40609330 -0.60564142 -0.20488474
v -0.55344045 -0.66545874 -0.19689488
v -0.55470920 -0.65047586 -0.19696981
v -0.57362515 -0.65478212 -0.20559353
v -0.57251334 -0.66867363 -0.20702979
v -0.59254640 -0.64606881 -0.21677652
v -0.57416761 -0.64130235 -0.20833707
v -0.53306925 -0.67341352 -0.26062036
v -0.51356006 -0.67593521 -0.25327456
v -0.57343280 -0.67846149 -0.26900306
v -0.43505925 -0.66639084 -0.22458687
v -0.45006078 -0.66652215 -0.23030525
v -0.43223909 -0.65765131 -0.15999439
v -0.41944116 -0.66929054 -0.16113263
v -0.42148003 -0.65658385 -0.15604396
v -0.46221536 -0.65511745 -0.16542618
v -0.47682709 -0.66218668 -0.17058498
v -0.47182348 -0.67740047 -0.17897630
v -0.45457891 -0.67047828 -0.17158404
v -0.43461993 -0.63234401 -0.15829256
v -0.43395728 -0.64483941 -0.15699072
v -0.42267025 -0.64341635 -0.15374871
v -0.42290646 -0.63052171 -0.15545508
v -0.38488212 -0.66804874 -0.22004062
v -0.40030104 -0.66840971 -0.21991253
v -0.38974875 -0.66610932 -0.15193442
v -0.40588531 -0.66781032 -0.15743905
v -0.40379822 -0.67855060 -0.16571583
v -0.38669121 -0.67654288 -0.16101289
v -0.41713494 -0.68071306 -0.16828093
v -0.39129117 -0.65385258 -0.14618883
v -0.40776426 -0.65554905 -0.15160179
v -0.36166558 -0.66740823 -0.21867052
v -0.40829647 -0.62893242 -0.15154667
v -0.40860450 -0.64228040 -0.14967093
v -0.39173499 -0.64045078 -0.14414471
v -0.39134541 -0.62663239 -0.14640483
v -0.55528349 -0.63619882 -0.20133656
v -0.53563303 -0.63134408 -0.19568928
v -0.45007265 -0.60435063 -0.21351983
v -0.46816429 -0.60483009 -0.21431312
v -0.43416920 -0.60493302 -0.21155684
v -0.54698700 -0.61539829 -0.23692836
v -0.56706929 -0.61922526 -0.24042559
v -0.50375259 -0.61127883 -0.23193496
v -0.52575183 -0.61285007 -0.23438711
v -0.51246065 -0.67302966 -0.18504931
v -0.43338859 -0.61404812 -0.17279124
v -0.43118346 -0.60847116 -0.18398851
v -0.44611362 -0.61660469 -0.17238507
v -0.36999124 -0.60333437 -0.19559148
v -0.38942108 -0.60498297 -0.19989881
v -0.45282516 -0.62699080 -0.16358179
v -0.34510559 -0.60169059 -0.19011962
v -0.45271024 -0.68693364 -0.17741361
v -0.42483059 -0.69061726 -0.18123229
v -0.41360646 -0.68872213 -0.17920554
v -0.58057576 -0.68978918 -0.24879271
v -0.49315214 -0.67889214 -0.24512653
v -0.44827512 -0.65135843 -0.23350367
v -0.44851387 -0.63637638 -0.23650795
v -0.43468189 -0.62120616 -0.16326469
v -0.42211396 -0.61914635 -0.16129199
v -0.41976205 -0.61236846 -0.17100893
v -0.39669734 -0.65300059 -0.22749323
v -0.39594007 -0.63734484 -0.22950691
v -0.58636260 -0.62358105 -0.24482507
v -0.40825886 -0.63793665 -0.23060748
v -0.46762201 -0.69191658 -0.18634179
v -0.02768901 -0.67537063 -0.05223652
v -0.14636140 -0.47190061 -0.12536974
v -0.10502171 -0.43263164 -0.15209791
v -0.11984241 -0.44089714 -0.14052178
v -0.16235785 -0.53763384 -0.13340941
v -0.16739945 -0.54905593 -0.13625717
v -0.19593406 -0.57596266 -0.14690661
v -0.20562658 -0.58484674 -0.15007249
v -0.15085430 -0.50641149 -0.14725193
v -0.08144971 -0.85393840 -0.25521794
v -0.08054952 -0.84898758 -0.24895938
v -0.08307044 -0.86557639 -0.26229960
v 0.00446909 -0.26698938 -0.13804692
v -0.07819272 -0.83660734 -0.25713605
v -0.07668389 -0.83064055 -0.25076652
v -0.08127133 -0.83273900 -0.25494248
v -0.07743996 -0.83680928 -0.25910240
v -0.07749095 -0.83758736 -0.26008511
v -0.08182283 -0.86270040 -0.27221310
v -0.07861152 -0.84160584 -0.24397221
v -0.07676106 -0.83292973 -0.24049063
v -0.07981421 -0.84799552 -0.26982626
v -0.05619275 -0.36012709 0.07321568
v -0.03260179 -0.35914308 0.07679745
v -0.03586638 -0.34531966 0.09031998
v -0.06124440 -0.34535116 0.08551762
v -0.03988042 -0.33205873 0.10504354
v -0.15563525 -0.29333544 0.08043552
v -0.16902459 -0.28661585 0.05644276
v -0.16275436 -0.30379444 0.04566989
v -0.14989395 -0.31091583 0.06784999
v -0.16389288 -0.30747339 0.01508942
v -0.15574381 -0.31862119 0.03695801
v -0.17001265 -0.29297316 0.02128515
v -0.17171927 -0.27725738 -0.00194839
v -0.16541936 -0.29299790 -0.00776599
v -0.16687217 -0.25898761 -0.02135208
v -0.16009994 -0.27597702 -0.02766068
v -0.15697946 -0.24032934 -0.03679641
v -0.14062600 -0.22243603 -0.04945343
v -0.12374506 -0.18688251 -0.04896098
v -0.09456986 -0.19212991 -0.06413849
v -0.11909550 -0.20642830 -0.05818810
v -0.04640014 -0.17185444 -0.07127444
v -0.07014672 -0.18018101 -0.06809812
v -0.00714822 -0.16354461 -0.07440569
v -0.02583041 -0.16672489 -0.07364028
v -0.10215122 -0.64018512 -0.20172971
v -0.09359020 -0.73199320 -0.12379129
v -0.10291503 -0.72779226 -0.12266420
v -0.10862519 -0.72456849 -0.14393698
v -0.12823564 -0.69198143 -0.07178986
v -0.12755628 -0.70404971 -0.08805568
v -0.10966488 -0.70173132 -0.07427524
v -0.10950848 -0.68885052 -0.06128065
v -0.08534027 -0.72944182 -0.10781710
v -0.07968663 -0.73192805 -0.10931507
v -0.09193234 -0.72523189 -0.10443723
v -0.06162523 -0.71623516 -0.08148992
v -0.07792863 -0.72133029 -0.09044608
v -0.14499356 -0.71079111 -0.14564042
v -0.14901502 -0.70816392 -0.12254054
v -0.15826072 -0.70550025 -0.12772781
v -0.15589893 -0.70884484 -0.15044330
v -0.15784368 -0.67763197 -0.07864673
v -0.15817796 -0.66420841 -0.07011591
v -0.16912888 -0.66467500 -0.07725811
v -0.16786027 -0.67717767 -0.08505537
v -0.19078246 -0.70758092 -0.16445923
v -0.19117445 -0.70510679 -0.14162014
v -0.20352884 -0.70569354 -0.14387760
v -0.20281219 -0.70686018 -0.16587114
v -0.16510859 -0.68803144 -0.09573026
v -0.09794459 -0.58909827 -0.00590191
v -0.11797089 -0.59547931 -0.01554544
v -0.13637970 -0.60014880 -0.02628659
v -0.17294645 -0.61311746 -0.06435265
v -0.16411033 -0.60928327 -0.05486708
v -0.16701424 -0.59624684 -0.05462659
v -0.18277118 -0.61661792 -0.07230464
v -0.19395253 -0.61625880 -0.07979981
v -0.20054154 -0.63055551 -0.20373410
v -0.18849216 -0.62795019 -0.20662984
v -0.18648241 -0.65498012 -0.20961767
v -0.21773085 -0.61431462 -0.09497022
v -0.20495313 -0.61173052 -0.08886381
v -0.20602325 -0.60341787 -0.09052417
v -0.21891819 -0.60782158 -0.09699814
v -0.13507903 -0.71358275 -0.14212346
v -0.20607018 -0.69769412 -0.12687474
v -0.19341891 -0.69676399 -0.12443282
v -0.19565415 -0.68732232 -0.11124824
v -0.20765582 -0.68842614 -0.11439671
v -0.21043934 -0.67783713 -0.10511766
v -0.19878767 -0.67684615 -0.10095724
v -0.20073469 -0.66559118 -0.09374116
v -0.21251728 -0.66666114 -0.09843587
v -0.21748228 -0.62250221 -0.09429807
v -0.20381811 -0.62048817 -0.08727814
v -0.21420871 -0.69486195 -0.18840936
v -0.16338368 -0.70196360 -0.18034153
v -0.16005053 -0.68510109 -0.19946280
v -0.14848886 -0.68719512 -0.19493046
v -0.15179920 -0.70346737 -0.17526558
v -0.22706167 -0.58727688 -0.13788369
v -0.22170764 -0.59005225 -0.14999837
v -0.23119180 -0.58581573 -0.12697448
v -0.20777759 -0.58723259 -0.09647795
v -0.23378180 -0.58807874 -0.11816788
v -0.21374777 -0.61443096 -0.19147013
v -0.21427429 -0.63159388 -0.20136410
v -0.15982004 -0.66011298 -0.20782474
v -0.14808513 -0.66330755 -0.20477551
v -0.21602719 -0.70515108 -0.16605473
v -0.21705244 -0.70451546 -0.14452231
v -0.23299974 -0.61824566 -0.09957061
v -0.23428686 -0.61243159 -0.10128657
v -0.24865769 -0.61762935 -0.10379075
v -0.19737968 -0.58604491 -0.08471195
v -0.20684586 -0.59584159 -0.09283552
v -0.16663842 -0.70729363 -0.15537289
v -0.21888331 -0.69707978 -0.12810202
v -0.22062162 -0.68762583 -0.11630979
v -0.18791547 -0.67622542 -0.09611211
v -0.18458472 -0.68656540 -0.10661811
v -0.17466661 -0.68707222 -0.10142325
v -0.17781317 -0.67642659 -0.09067056
v -0.22474377 -0.66833317 -0.10279799
v -0.22767295 -0.65687704 -0.09940084
v -0.17952812 -0.66430849 -0.08342165
v -0.18992852 -0.66445023 -0.08885220
v -0.23247616 -0.62604916 -0.09858929
v -0.13799870 -0.66600466 -0.20046437
v -0.13927439 -0.64190835 -0.20652694
v -0.12829433 -0.64161551 -0.20447910
v -0.16211805 -0.63385427 -0.20915616
v -0.14981669 -0.63859385 -0.20803180
v -0.17584074 -0.62847531 -0.20859692
v -0.11696067 -0.64098334 -0.20305981
v -0.44517845 -0.62404782 -0.16350459
v -0.25094917 -0.61249369 -0.10579062
v -0.26558986 -0.61757076 -0.10773109
v -0.26154450 -0.62301111 -0.10606449
v -0.31836113 -0.64811438 -0.12340797
v 0.01069648 -0.72945952 -0.32121775
v 0.01156879 -0.73313606 -0.32623726
v 0.01277856 -0.75037152 -0.33750314
v 0.01279335 -0.75402170 -0.33861277
v -0.44157889 -0.65848798 -0.16342784
v -0.44917995 -0.65919214 -0.16579244
v -0.49409673 -0.66809762 -0.17740966
v -0.50885141 -0.68618101 -0.19460219
v -0.48985839 -0.68267560 -0.18609926
v -0.47728679 -0.69378424 -0.22535811
v -0.47256890 -0.68133408 -0.23546788
v -0.46933734 -0.63451427 -0.24198213
v -0.49580759 -0.62088430 -0.18759233
v -0.61194575 -0.68317866 -0.28219974
v -0.61591214 -0.68813097 -0.27183825
v -0.63394737 -0.68658912 -0.28434351
v -0.63016957 -0.68020225 -0.29371309
v -0.64849532 -0.67740107 -0.30457443
v -0.64684737 -0.66747904 -0.30735433
v -0.62840468 -0.67073822 -0.29833537
v -0.64646506 -0.65815175 -0.30460018
v -0.62788898 -0.66078234 -0.29748869
v -0.64752567 -0.65076232 -0.29844075
v -0.65031147 -0.64499307 -0.29152626
v -0.63177669 -0.64514136 -0.28724641
v -0.62890840 -0.65213168 -0.29329377
v -0.61592662 -0.63839710 -0.27537942
v -0.63539338 -0.63993585 -0.27975494
v -0.63910943 -0.63684726 -0.27079540
v -0.62017506 -0.63319045 -0.26621884
v -0.66229343 -0.64753896 -0.25861552
v -0.66319788 -0.65558439 -0.25438780
v -0.64657474 -0.65061653 -0.24644580
v -0.64534479 -0.64197165 -0.25175512
v -0.62830794 -0.66745675 -0.23647469
v -0.62879515 -0.65600598 -0.23557985
v -0.64663833 -0.66120321 -0.24506241
v -0.64622366 -0.67217511 -0.24627064
v -0.66258365 -0.67712092 -0.25424349
v -0.66097963 -0.68535316 -0.26182801
v -0.64464366 -0.68100989 -0.25171614
v -0.57645875 -0.68658316 -0.26025000
v -0.59432077 -0.68484795 -0.27057451
v -0.59157872 -0.67605722 -0.27845016
v -0.60987329 -0.65334576 -0.28745633
v -0.59060085 -0.65465802 -0.28138238
v -0.59030253 -0.66542864 -0.28187236
v -0.60906303 -0.66302848 -0.28987080
v -0.58136529 -0.62642431 -0.25724155
v -0.59631026 -0.63645923 -0.27076781
v -0.60085428 -0.63000596 -0.26158786
v -0.61235762 -0.64521837 -0.28243852
v -0.59278661 -0.64510930 -0.27715892
v -0.62405276 -0.63239336 -0.25532147
v -0.64251977 -0.63741159 -0.26074401
v -0.62070519 -0.68816364 -0.26030374
v -0.62460089 -0.68464935 -0.24950440
v -0.64185119 -0.68631953 -0.26174328
v -0.63820255 -0.68824697 -0.27281094
v -0.60536969 -0.62809753 -0.25002298
v -0.60682195 -0.68348813 -0.23720521
v -0.60302955 -0.68819976 -0.24782898
v -0.62737066 -0.67726505 -0.24091987
v -0.60943145 -0.67439157 -0.22961394
v -0.65511280 -0.68814337 -0.28445500
v -0.65171081 -0.68508780 -0.29601735
v -0.59859264 -0.68885958 -0.25989524
v -0.62723094 -0.63640630 -0.24495916
v -0.62889826 -0.64514840 -0.23800831
v -0.61062014 -0.63968593 -0.22996914
v -0.60887843 -0.63139033 -0.23848699
v -0.59220237 -0.65865290 -0.21560450
v -0.61104423 -0.65058994 -0.22618860
v -0.61050802 -0.66269851 -0.22608894
v -0.66318643 -0.66555518 -0.25282103
v -0.59084117 -0.67177427 -0.21832448
v -0.73701054 -0.65159309 -0.31351668
v -0.72817576 -0.64694643 -0.31267190
v -0.73184478 -0.64485288 -0.32287472
v -0.74016196 -0.65017426 -0.32322085
v -0.71157444 -0.63352668 -0.32555330
v -0.70099485 -0.63583952 -0.33153710
v -0.70969939 -0.63719600 -0.34093973
v -0.71836007 -0.63515246 -0.33592713
v -0.74201566 -0.65129936 -0.33218348
v -0.73429334 -0.64534348 -0.33164287
v -0.73933816 -0.65502018 -0.33776700
v -0.74660558 -0.66289419 -0.33838487
v -0.74872732 -0.65654385 -0.33399820
v -0.75338596 -0.66683632 -0.33935225
v -0.73971528 -0.67326236 -0.33597285
v -0.75127685 -0.67559046 -0.33569449
v -0.73723805 -0.68562716 -0.31190819
v -0.73675662 -0.68679261 -0.30110320
v -0.75106168 -0.68634450 -0.30399120
v -0.75113118 -0.68430191 -0.31513974
v -0.74737549 -0.68308794 -0.28371474
v -0.75027597 -0.68504965 -0.29407912
v -0.73553050 -0.68602657 -0.29187447
v -0.73357213 -0.68393165 -0.28275180
v -0.73292774 -0.65473258 -0.29868770
v -0.72328895 -0.65164793 -0.29633111
v -0.72481441 -0.65020424 -0.30295533
v -0.73393726 -0.65379488 -0.30458724
v -0.73469168 -0.65646917 -0.34604716
v -0.73035365 -0.66466838 -0.34053767
v -0.73697329 -0.66201061 -0.34001857
v -0.73709440 -0.65341157 -0.34461457
v -0.70216691 -0.64176828 -0.27909672
v -0.68976343 -0.64215171 -0.27880388
v -0.68809474 -0.64247292 -0.28770816
v -0.69963264 -0.64228314 -0.28682488
v -0.68735296 -0.63749117 -0.31470269
v -0.68264681 -0.64104021 -0.30685163
v -0.67354006 -0.64965963 -0.31551909
v -0.68001342 -0.64802814 -0.32227150
v -0.69335485 -0.63572526 -0.32268584
v -0.68649328 -0.64625770 -0.32890585
v -0.69545209 -0.64527762 -0.33603871
v -0.70587933 -0.64463043 -0.34436896
v -0.69087392 -0.64514339 -0.26864603
v -0.69994175 -0.64444661 -0.26661307
v -0.80077827 -0.66059530 -0.34215364
v -0.80277801 -0.65968245 -0.33688813
v -0.79720545 -0.66003919 -0.33648637
v -0.79515505 -0.66086763 -0.34179837
v -0.69857544 -0.66354167 -0.25959927
v -0.69853014 -0.67314422 -0.26317906
v -0.69201696 -0.67104113 -0.26171279
v -0.69189608 -0.66099519 -0.26006621
v -0.70762217 -0.66612887 -0.25882035
v -0.70739055 -0.67557526 -0.26480862
v -0.80201274 -0.67228848 -0.34513035
v -0.80047184 -0.66787910 -0.34686893
v -0.79481536 -0.66891050 -0.34584197
v -0.79624164 -0.67348897 -0.34369206
v -0.74820620 -0.65362930 -0.32531416
v -0.74547535 -0.65470695 -0.31589371
v -0.76484960 -0.65757740 -0.32637143
v -0.75545049 -0.65656662 -0.31919491
v -0.75551403 -0.65606570 -0.32905933
v -0.76231402 -0.65826368 -0.33265734
v -0.75195742 -0.65825057 -0.29873422
v -0.74205929 -0.65703785 -0.29663855
v -0.74447942 -0.65696025 -0.30445051
v -0.75451803 -0.65803057 -0.30649653
v -0.74203157 -0.65451550 -0.28418601
v -0.75154740 -0.65657532 -0.28574538
v -0.75181580 -0.65494442 -0.27897584
v -0.74329662 -0.65302336 -0.27815753
v -0.76920193 -0.66043866 -0.29507619
v -0.77777648 -0.66339368 -0.29674739
v -0.77743262 -0.66396308 -0.29141843
v -0.76926637 -0.66034698 -0.28945324
v -0.68557465 -0.67003518 -0.25978032
v -0.68496865 -0.65965778 -0.25962266
v -0.74329400 -0.67607665 -0.26466328
v -0.74097604 -0.66860431 -0.25772950
v -0.75109172 -0.66856885 -0.25635892
v -0.75322616 -0.67610258 -0.26360556
v -0.69873679 -0.68084347 -0.27078068
v -0.69162261 -0.67999351 -0.26851165
v -0.80421299 -0.67511010 -0.34064072
v -0.79838777 -0.67642492 -0.33918417
v -0.69586968 -0.65681344 -0.33483803
v -0.70682251 -0.65432179 -0.34390399
v -0.68657315 -0.65882730 -0.32750100
v -0.67965931 -0.66051018 -0.32238376
v -0.67219174 -0.66211236 -0.31851703
v -0.76077080 -0.65793085 -0.31550860
v -0.74118900 -0.65539569 -0.30768543
v -0.73212731 -0.65448707 -0.29405698
v -0.73479152 -0.64894962 -0.26459870
v -0.72707033 -0.64772379 -0.26330000
v -0.72868639 -0.64705300 -0.27326369
v -0.73569709 -0.64929855 -0.27219969
v -0.74084169 -0.65936106 -0.25565439
v -0.74260515 -0.65340161 -0.25960684
v -0.75131577 -0.65474403 -0.25981560
v -0.75048500 -0.65997839 -0.25521812
v -0.73141247 -0.65817881 -0.34930599
v -0.72347957 -0.66388452 -0.34267813
v -0.69908321 -0.65312600 -0.25990239
v -0.69138986 -0.65182930 -0.26201138
v -0.68405783 -0.65162265 -0.26317662
v -0.71135503 -0.64648944 -0.29096091
v -0.69825572 -0.64197689 -0.29186571
v -0.69824338 -0.63998181 -0.29803923
v -0.71193177 -0.64599442 -0.29562616
v -0.71816885 -0.63960338 -0.31230536
v -0.70522922 -0.63419962 -0.31477320
v -0.72311866 -0.63800597 -0.32303137
v -0.68574327 -0.64182150 -0.29554251
v -0.67857695 -0.64382148 -0.28740710
v -0.67600650 -0.64395183 -0.29616758
v -0.68097591 -0.64402896 -0.27804813
v -0.68299609 -0.64651442 -0.26930982
v -0.66841030 -0.64377946 -0.28614485
v -0.66534376 -0.64514804 -0.29457247
v -0.67134976 -0.64413142 -0.27674431
v -0.67385638 -0.64640069 -0.26852041
v -0.67485797 -0.68058550 -0.26074955
v -0.67571181 -0.66919965 -0.25723803
v -0.68412930 -0.68016398 -0.26545382
v -0.66213351 -0.65436959 -0.31081983
v -0.67367291 -0.64577723 -0.30563140
v -0.66323882 -0.64868331 -0.30267972
v -0.66218793 -0.66438073 -0.31418437
v -0.72328520 -0.63678324 -0.34277734
v -0.72879648 -0.63731110 -0.34839684
v -0.73417741 -0.64040089 -0.34484380
v -0.72982097 -0.64069390 -0.33959687
v -0.76043147 -0.66900676 -0.33946389
v -0.76103860 -0.66217738 -0.33827817
v -0.75471038 -0.65995109 -0.33640999
v -0.71205318 -0.64299691 -0.27502376
v -0.70967871 -0.64529610 -0.26396134
v -0.76790816 -0.65837181 -0.32154530
v -0.78921819 -0.67434406 -0.34209877
v -0.78795612 -0.66943002 -0.34449473
v -0.77592713 -0.66948628 -0.34199297
v -0.77743089 -0.67506051 -0.33958337
v -0.77667314 -0.66250575 -0.32057947
v -0.77352446 -0.65957719 -0.32472712
v -0.78090543 -0.65981400 -0.32688332
v -0.78381312 -0.66408896 -0.32350731
v -0.77546138 -0.66217446 -0.28422722
v -0.76887745 -0.65927637 -0.28253618
v -0.76503491 -0.67997396 -0.31739569
v -0.76140618 -0.68112040 -0.32823053
v -0.75027579 -0.68238091 -0.32648176
v -0.75142264 -0.65762842 -0.29187277
v -0.76055187 -0.65889692 -0.29335809
v -0.76077652 -0.65830648 -0.28750846
v -0.76409274 -0.65871382 -0.31379157
v -0.76947337 -0.65954602 -0.31724387
v -0.76847810 -0.66007465 -0.31101674
v -0.76177388 -0.65882170 -0.30819690
v -0.72914183 -0.66882646 -0.25830287
v -0.72953683 -0.65661371 -0.25573614
v -0.79997218 -0.66371065 -0.34570745
v -0.79439026 -0.66432726 -0.34519053
v -0.67601901 -0.65815485 -0.25845137
v -0.67534417 -0.65098190 -0.26265103
v -0.74140108 -0.65613258 -0.29047364
v -0.73736864 -0.68206066 -0.32375723
v -0.73170143 -0.65333706 -0.28898805
v -0.76691574 -0.67661405 -0.27761686
v -0.76816159 -0.67099845 -0.27287763
v -0.77464014 -0.67100340 -0.27635184
v -0.77422565 -0.67709017 -0.27856261
v -0.79451901 -0.66595745 -0.32668740
v -0.79246640 -0.66141641 -0.33016282
v -0.79954588 -0.66215658 -0.33138978
v -0.80130196 -0.66664726 -0.32832065
v -0.77052611 -0.65878916 -0.32933262
v -0.76829606 -0.65985262 -0.33477205
v -0.77628851 -0.66025341 -0.33703047
v -0.77832890 -0.65875411 -0.33171803
v -0.76734203 -0.66377068 -0.33892268
v -0.77551478 -0.66419441 -0.34091488
v -0.79547775 -0.67227960 -0.32648146
v -0.79388642 -0.67688131 -0.33087149
v -0.78265190 -0.67721254 -0.32734877
v -0.78501493 -0.67116129 -0.32349479
v -0.72011703 -0.68426663 -0.28173181
v -0.71921974 -0.68118560 -0.27322206
v -0.73248667 -0.68073606 -0.27340138
v -0.74557018 -0.67997801 -0.27358401
v -0.75762421 -0.67711586 -0.27437651
v -0.75972682 -0.68221152 -0.28476429
v -0.73095113 -0.67683935 -0.26558894
v -0.77568370 -0.67186189 -0.31640390
v -0.77389020 -0.67640626 -0.32267520
v -0.77438205 -0.67761087 -0.31546569
v -0.73205054 -0.65115100 -0.28163832
v -0.78760159 -0.66460961 -0.34394306
v -0.68528771 -0.68030870 -0.31184113
v -0.68803096 -0.68570733 -0.30095649
v -0.69834483 -0.68539351 -0.30252206
v -0.69405705 -0.67927998 -0.31499064
v -0.79022157 -0.65991777 -0.33510417
v -0.78849274 -0.66066945 -0.34039682
v -0.76957482 -0.65984082 -0.27613840
v -0.77516627 -0.66280288 -0.27874506
v -0.77577919 -0.66537106 -0.27522320
v -0.77146906 -0.66352141 -0.27199429
v -0.71840006 -0.67711902 -0.26570967
v -0.75898570 -0.66843098 -0.25559986
v -0.76012337 -0.67639339 -0.26204997
v -0.70753026 -0.68146801 -0.27227032
v -0.70791823 -0.68492079 -0.28100860
v -0.69839966 -0.68536526 -0.28036702
v -0.76537704 -0.68180889 -0.29665846
v -0.72147125 -0.68605447 -0.29009253
v -0.70884734 -0.68602866 -0.28912756
v -0.69791698 -0.68646097 -0.28970909
v -0.68940789 -0.68700635 -0.28889859
v -0.69052237 -0.68559587 -0.27878147
v -0.79144615 -0.67744142 -0.33723736
v -0.80071360 -0.67610323 -0.33304983
v -0.68209064 -0.68577635 -0.27605563
v -0.67266506 -0.68676335 -0.27048969
v -0.67050308 -0.68840599 -0.28143346
v -0.68066567 -0.68764079 -0.28665727
v -0.70945603 -0.68608111 -0.29830685
v -0.70958114 -0.68493670 -0.30751505
v -0.72256684 -0.68642926 -0.29881290
v -0.72351152 -0.68536425 -0.30902761
v -0.76404679 -0.68466783 -0.30685651
v -0.81579185 -0.67120683 -0.33297634
v -0.80780035 -0.67159396 -0.33063853
v -0.80744034 -0.66675204 -0.32936317
v -0.81568885 -0.66712576 -0.33136344
v -0.80187601 -0.67205793 -0.32872334
v -0.80652690 -0.67512500 -0.33479691
v -0.72351259 -0.68137157 -0.32121730
v -0.77535242 -0.66282684 -0.31381479
v -0.70724076 -0.67796093 -0.32100615
v -0.72659791 -0.67510718 -0.33368522
v -0.71544540 -0.67172110 -0.33441091
v -0.68933272 -0.67030704 -0.32361004
v -0.69850796 -0.66781497 -0.33015299
v -0.67404324 -0.67286700 -0.31576079
v -0.68171763 -0.67154634 -0.31911886
v -0.66374242 -0.67462468 -0.31165951
v -0.70926243 -0.66396224 -0.33981442
v -0.80858129 -0.65972501 -0.34261617
v -0.81062996 -0.65940809 -0.33718738
v -0.67692274 -0.68123585 -0.30877438
v -0.66642070 -0.68296009 -0.30434975
v -0.72724658 -0.63906515 -0.33265620
v -0.72222286 -0.64801258 -0.28217173
v -0.72217941 -0.65016609 -0.28783023
v -0.71913934 -0.64650351 -0.26288640
v -0.72133678 -0.64495134 -0.27396667
v -0.66875052 -0.68761402 -0.29325861
v -0.65390944 -0.64178818 -0.28365189
v -0.65715957 -0.64114237 -0.27443644
v -0.65823907 -0.68815130 -0.27295372
v -0.80805570 -0.66260898 -0.34653610
v -0.78064853 -0.66957390 -0.29652873
v -0.77981514 -0.67045677 -0.29412526
v -0.71665239 -0.63780963 -0.34752530
v -0.72417772 -0.63880479 -0.35272256
v -0.72433525 -0.65017402 -0.35595560
v -0.72300100 -0.64358544 -0.35562009
v -0.71413052 -0.64391303 -0.35099816
v -0.71544451 -0.65210712 -0.35073632
v -0.71174848 -0.64592314 -0.28700775
v -0.71264887 -0.64473724 -0.28189039
v -0.71785063 -0.66805416 -0.25850880
v -0.71834743 -0.65637451 -0.25607702
v -0.76730096 -0.66971439 -0.34003660
v -0.76034188 -0.67594540 -0.33595163
v -0.76820111 -0.67540812 -0.33692282
v -0.77960873 -0.67834944 -0.33392552
v -0.77728087 -0.66762602 -0.31670451
v -0.77830064 -0.66937518 -0.32076836
v -0.70073867 -0.63704872 -0.30559617
v -0.71422178 -0.64338613 -0.30274010
v -0.73474979 -0.64669371 -0.33800262
v -0.73702502 -0.64756322 -0.34286082
v -0.76037741 -0.65894711 -0.30054295
v -0.77630854 -0.68126237 -0.30152577
v -0.77406746 -0.68336904 -0.30920810
v -0.76810032 -0.66029519 -0.30265069
v -0.81032854 -0.67086494 -0.34647214
v -0.80880463 -0.66646075 -0.34802377
v -0.77027154 -0.67936236 -0.33058012
v -0.76067722 -0.65705454 -0.28042996
v -0.77361763 -0.67839664 -0.29384297
v -0.77921486 -0.67604208 -0.29816750
v -0.75701255 -0.66101718 -0.25574511
v -0.67925698 -0.68638581 -0.29818606
v -0.80541152 -0.66186213 -0.33161443
v -0.81337553 -0.66190588 -0.33234447
v -0.81436217 -0.67370576 -0.33659926
v -0.81213218 -0.67370486 -0.34196472
v -0.70830369 -0.65498769 -0.25745201
v -0.72249317 -0.65141571 -0.29212511
v -0.66019917 -0.64318788 -0.26559120
v -0.71836650 -0.65969312 -0.34733242
v -0.72751087 -0.65610886 -0.35345301
v -0.77536422 -0.66199207 -0.30463973
v -0.76354843 -0.67518234 -0.26926085
v -0.76844192 -0.68177199 -0.28508630
v -0.77515548 -0.68179178 -0.28513354
v -0.77777457 -0.67986149 -0.29208308
v -0.78070533 -0.67523444 -0.29381531
v -0.82072484 -0.67318261 -0.33784357
v -0.81879061 -0.67310303 -0.34314841
v -0.81730598 -0.67035949 -0.34769878
v -0.81541985 -0.66594177 -0.34884515
v -0.81408393 -0.66229647 -0.34697279
v -0.82194793 -0.67092335 -0.33442843
v -0.82144648 -0.66700566 -0.33282942
v -0.81891656 -0.66209471 -0.33364162
v -0.82723814 -0.67031682 -0.33531955
v -0.82723719 -0.67255354 -0.33904946
v -0.82970417 -0.66775060 -0.35017702
v -0.82452339 -0.66989863 -0.34877852
v -0.82811612 -0.67066765 -0.34738877
v -0.83149493 -0.66991413 -0.34833586
v -0.83577323 -0.66930830 -0.34874457
v -0.83447260 -0.66658825 -0.35006958
v -0.82816398 -0.67209768 -0.34449434
v -0.83237994 -0.67182595 -0.34491318
v -0.83314526 -0.67176604 -0.34107131
v -0.83742964 -0.67142445 -0.34151298
v -0.83687860 -0.67148751 -0.34532925
v -0.82947028 -0.67221391 -0.34141719
v -0.82452500 -0.67262030 -0.34406745
v -0.83878428 -0.66655833 -0.34878159
v -0.83883905 -0.66900420 -0.34850830
v -0.84067082 -0.67053545 -0.34580475
v -0.84188062 -0.66794896 -0.34534162
v -0.82131422 -0.66559136 -0.34942758
v -0.82792133 -0.66460758 -0.34977597
v -0.83364618 -0.66380924 -0.34922898
v -0.83834058 -0.66388726 -0.34766793
v -0.82755905 -0.66171968 -0.34769154
v -0.83349043 -0.66173971 -0.34693652
v -0.83744740 -0.66212249 -0.34550345
v -0.82836568 -0.65990913 -0.34427977
v -0.83399904 -0.66062826 -0.34416083
v -0.81994224 -0.65977269 -0.34375235
v -0.81973892 -0.66208458 -0.34748054
v -0.83676165 -0.66143876 -0.34385967
v -0.84124255 -0.66526419 -0.34405848
v -0.83291996 -0.67113274 -0.33814201
v -0.83779430 -0.67027211 -0.33893290
v -0.83290023 -0.66927791 -0.33604074
v -0.83781850 -0.66823739 -0.33732283
v -0.84153003 -0.66943407 -0.34100211
v -0.84070003 -0.67111808 -0.34246254
v -0.81414109 -0.65961206 -0.34296817
v -0.81621361 -0.65976548 -0.33768812
v -0.82179898 -0.65970075 -0.33859962
v -0.82976037 -0.65960377 -0.33945742
v -0.82403421 -0.66222191 -0.33470580
v -0.82656252 -0.66666251 -0.33388254
v -0.83231026 -0.66634619 -0.33519778
v -0.83112627 -0.66254139 -0.33583897
v -0.83710742 -0.66560519 -0.33685607
v -0.83620989 -0.66291726 -0.33777910
v -0.83525765 -0.66102302 -0.34075201
v -0.83985645 -0.66468430 -0.33930320
v -0.84119928 -0.66700816 -0.33986959
v -0.83979005 -0.66342431 -0.34274179
v -0.83840245 -0.66320765 -0.33946407
v -0.83790857 -0.66222000 -0.34174776
v -0.81428677 -0.66699123 -0.31441271
v -0.81523848 -0.66636819 -0.30910978
v -0.80780631 -0.66701657 -0.30901396
v -0.80696332 -0.66743129 -0.31418201
v -0.81321394 -0.67809391 -0.31938875
v -0.81319106 -0.67271459 -0.32056612
v -0.80630130 -0.67376673 -0.32023469
v -0.80637181 -0.67916656 -0.31876111
v -0.81370032 -0.68113303 -0.31382865
v -0.80696118 -0.68233943 -0.31294507
v -0.79829335 -0.67974246 -0.31822044
v -0.79832733 -0.67411888 -0.31957608
v -0.78486884 -0.67278022 -0.31706688
v -0.78456277 -0.67865932 -0.31667238
v -0.78645170 -0.66555989 -0.30074507
v -0.78799248 -0.67010486 -0.29861030
v -0.81373638 -0.66893703 -0.31841058
v -0.80660224 -0.66965199 -0.31811625
v -0.80130839 -0.67167127 -0.30099809
v -0.80051589 -0.66774786 -0.30363023
v -0.80885392 -0.66839981 -0.30452564
v -0.80970776 -0.67200685 -0.30178320
v -0.78428328 -0.66483903 -0.31240061
v -0.78492618 -0.66401446 -0.30622804
v -0.78474516 -0.66826433 -0.31560004
v -0.80155468 -0.67696941 -0.30079633
v -0.80068940 -0.68162525 -0.30469328
v -0.78693300 -0.68175030 -0.30347535
v -0.78837019 -0.67650938 -0.29928160
v -0.79841650 -0.66960359 -0.31743544
v -0.79927844 -0.66629303 -0.30830953
v -0.79861236 -0.66675746 -0.31360584
v -0.79892457 -0.68291575 -0.31209239
v -0.80867982 -0.68080509 -0.30559060
v -0.82590872 -0.67624289 -0.30479705
v -0.81669158 -0.67639071 -0.30306298
v -0.81696004 -0.67190319 -0.30203804
v -0.82666439 -0.67212415 -0.30339459
v -0.80975997 -0.67653811 -0.30201274
v -0.81540823 -0.68013841 -0.30690646
v -0.82478380 -0.66637850 -0.31482029
v -0.82580894 -0.66619366 -0.30948541
v -0.82400709 -0.66815406 -0.31879550
v -0.78515887 -0.68344748 -0.31085140
v -0.82293427 -0.67679518 -0.32004347
v -0.82328713 -0.67161465 -0.32077143
v -0.81630504 -0.66790318 -0.30447873
v -0.82634228 -0.66792440 -0.30496624
v -0.82461321 -0.67945796 -0.30852905
v -0.82299447 -0.68005884 -0.31491205
v -0.83227593 -0.67862517 -0.30948004
v -0.83108026 -0.67908943 -0.31537059
v -0.83096206 -0.67623436 -0.32034689
v -0.83053273 -0.67126566 -0.32081911
v -0.83052367 -0.66815829 -0.31872153
v -0.83312052 -0.67598021 -0.30600637
v -0.83321238 -0.67240715 -0.30454126
v -0.83239394 -0.66834068 -0.30568752
v -0.84013247 -0.67570108 -0.30658868
v -0.84036404 -0.67819232 -0.30994952
v -0.85065508 -0.67361200 -0.32062057
v -0.84494972 -0.67431080 -0.32112929
v -0.84614027 -0.67644423 -0.31893933
v -0.85117036 -0.67645305 -0.31942964
v -0.83904940 -0.67605746 -0.32032281
v -0.84257644 -0.67713994 -0.31832144
v -0.84259617 -0.67826945 -0.31535026
v -0.84692711 -0.67851669 -0.31544873
v -0.84721261 -0.67802644 -0.31154436
v -0.85218722 -0.67832029 -0.31163639
v -0.85217631 -0.67901254 -0.31584695
v -0.84329027 -0.67816979 -0.31205177
v -0.85508931 -0.67652881 -0.31902757
v -0.85548735 -0.67411393 -0.31870413
v -0.83820343 -0.67875993 -0.31543231
v -0.83686650 -0.67137003 -0.32106292
v -0.84378481 -0.67082942 -0.32103115
v -0.85019219 -0.67058516 -0.31973356
v -0.85514873 -0.67125237 -0.31726292
v -0.84368187 -0.66782355 -0.31866693
v -0.85012960 -0.66822296 -0.31756574
v -0.85427976 -0.66941327 -0.31551728
v -0.84411466 -0.66598606 -0.31488323
v -0.85046595 -0.66707951 -0.31455958
v -0.83594161 -0.66630971 -0.31488979
v -0.83596760 -0.66811663 -0.31882048
v -0.85339123 -0.66849440 -0.31403527
v -0.85833877 -0.67603892 -0.31518188
v -0.85774475 -0.67311931 -0.31391233
v -0.85717285 -0.67891002 -0.31631869
v -0.84686226 -0.67674518 -0.30928069
v -0.85222089 -0.67662954 -0.30953193
v -0.84675366 -0.67541373 -0.30701971
v -0.85249639 -0.67520851 -0.30775687
v -0.85681635 -0.67694390 -0.31105712
v -0.85611314 -0.67865801 -0.31238112
v -0.83082074 -0.66649979 -0.31490135
v -0.83153981 -0.66645843 -0.30992860
v -0.83666807 -0.66604638 -0.30992499
v -0.84488457 -0.66594923 -0.30998728
v -0.83745944 -0.66827822 -0.30600980
v -0.83927417 -0.67238212 -0.30514881
v -0.84624177 -0.67246151 -0.30588198
v -0.84547126 -0.66868812 -0.30651319
v -0.85195947 -0.67257196 -0.30717605
v -0.85124570 -0.66944921 -0.30775365
v -0.85080218 -0.66727173 -0.31066069
v -0.85556030 -0.67211199 -0.30929670
v -0.85677689 -0.67467403 -0.30982295
v -0.85612226 -0.67067945 -0.31263551
v -0.85414904 -0.67006683 -0.30928671
v -0.85409683 -0.66901463 -0.31162277
v -0.80912602 -0.66831720 -0.28895599
v -0.80871135 -0.66612107 -0.28405556
v -0.80252993 -0.66680759 -0.28426024
v -0.80315745 -0.66871727 -0.28920501
v -0.80903661 -0.67930019 -0.29035541
v -0.80946577 -0.67615139 -0.29199693
v -0.80316383 -0.67650032 -0.29272646
v -0.80207068 -0.68030602 -0.29113588
v -0.80868328 -0.68091524 -0.28556663
v -0.80125338 -0.68184406 -0.28567913
v -0.79516947 -0.68061304 -0.29156509
v -0.79669613 -0.67615765 -0.29327270
v -0.78654546 -0.67510074 -0.29309040
v -0.78496289 -0.68028212 -0.29172945
v -0.80962259 -0.67220348 -0.29147649
v -0.80350721 -0.67237133 -0.29199541
v -0.79502726 -0.66869962 -0.27707109
v -0.79515803 -0.66627598 -0.27981052
v -0.80225980 -0.66718936 -0.27976930
v -0.80216861 -0.66953129 -0.27722138
v -0.78461415 -0.66638023 -0.28929871
v -0.78335774 -0.66433650 -0.28438869
v -0.78610241 -0.67025131 -0.29202211
v -0.79493535 -0.67382693 -0.27635452
v -0.79420537 -0.67958951 -0.27907613
v -0.78312099 -0.67838359 -0.27882767
v -0.78329360 -0.67224681 -0.27665073
v -0.79717326 -0.67170620 -0.29229018
v -0.79561865 -0.66563004 -0.28445601
v -0.79648334 -0.66784692 -0.28944942
v -0.79391205 -0.68206686 -0.28560254
v -0.80133611 -0.67943692 -0.27939180
v -0.81905913 -0.67453790 -0.27720180
v -0.80863088 -0.67421824 -0.27661616
v -0.80870426 -0.66938043 -0.27657515
v -0.81912100 -0.67020643 -0.27662206
v -0.80194515 -0.67413789 -0.27642003
v -0.80865163 -0.67900354 -0.27978492
v -0.81865269 -0.66766906 -0.28824162
v -0.81839085 -0.66591883 -0.28353009
v -0.81903648 -0.67135036 -0.29071754
v -0.78350925 -0.68206662 -0.28541684
v -0.78317368 -0.66671598 -0.27676782
v -0.81915176 -0.67809254 -0.29001734
v -0.81923497 -0.67505890 -0.29138967
v -0.80847806 -0.66649967 -0.27920398
v -0.81847799 -0.66677445 -0.27879485
v -0.81891310 -0.67851639 -0.28025812
v -0.81869978 -0.68004990 -0.28570545
v -0.82589787 -0.67836255 -0.28027198
v -0.82580519 -0.67954117 -0.28565991
v -0.82639420 -0.67777205 -0.29003549
v -0.82606405 -0.67434597 -0.29109126
v -0.82532185 -0.67081475 -0.29010159
v -0.82616371 -0.67455089 -0.27748328
v -0.82584232 -0.67078716 -0.27713740
v -0.82445127 -0.66727298 -0.27901980
v -0.83133876 -0.67443568 -0.27733743
v -0.83215421 -0.67780578 -0.28041133
v -0.84411383 -0.67550564 -0.29007679
v -0.83913070 -0.67581463 -0.29050776
v -0.83950621 -0.67698562 -0.28849953
v -0.84409350 -0.67725015 -0.28854159
v -0.83317691 -0.67739677 -0.28982943
v -0.83592945 -0.67775750 -0.28822014
v -0.83509326 -0.67872423 -0.28531834
v -0.83942699 -0.67887193 -0.28517529
v -0.83847415 -0.67754054 -0.28126669
v -0.84297007 -0.67767084 -0.28111988
v -0.84404099 -0.67889535 -0.28509015
v -0.83510184 -0.67830688 -0.28206879
v -0.84718156 -0.67741835 -0.28795114
v -0.84795165 -0.67573082 -0.28852376
v -0.83141065 -0.67906171 -0.28548306
v -0.83175439 -0.67375654 -0.29119802
v -0.83798528 -0.67293090 -0.29114324
v -0.84370565 -0.67265612 -0.29024440
v -0.84734869 -0.67281115 -0.28810000
v -0.83693755 -0.66983324 -0.28970885
v -0.84261245 -0.66982102 -0.28885734
v -0.84584153 -0.67017245 -0.28700942
v -0.83595645 -0.66738242 -0.28705513
v -0.84170836 -0.66795015 -0.28651440
v -0.82935953 -0.66774422 -0.28724828
v -0.83047128 -0.67032254 -0.28991604
v -0.84440446 -0.66887259 -0.28580642
v -0.84907603 -0.67636555 -0.28461051
v -0.84855008 -0.67324120 -0.28384340
v -0.84777063 -0.67859387 -0.28500456
v -0.83756602 -0.67631447 -0.27904287
v -0.84247339 -0.67598915 -0.27922684
v -0.83690953 -0.67377591 -0.27756158
v -0.84224111 -0.67369384 -0.27818787
v -0.84656554 -0.67627025 -0.28064191
v -0.84621900 -0.67786974 -0.28173277
v -0.82445174 -0.66786885 -0.28757727
v -0.82389343 -0.66643733 -0.28337657
v -0.82874495 -0.66646767 -0.28332719
v -0.83573848 -0.66631269 -0.28308463
v -0.82909715 -0.66733319 -0.27921966
v -0.83058441 -0.67072833 -0.27742159
v -0.83635736 -0.67071497 -0.27757514
v -0.83570105 -0.66760445 -0.27921155
v -0.84171075 -0.67101336 -0.27825207
v -0.84131640 -0.66836965 -0.27960372
v -0.84146971 -0.66720498 -0.28304279
v -0.84532636 -0.67115182 -0.27998865
v -0.84622800 -0.67372763 -0.27991691
v -0.84680170 -0.67063349 -0.28345942
v -0.84411150 -0.66927141 -0.28055996
v -0.84467953 -0.66883188 -0.28327703
v -0.78284514 -0.66467178 -0.27972347
v -0.79178768 -0.66640478 -0.25903523
v -0.79043019 -0.66450417 -0.25588769
v -0.78584683 -0.66448486 -0.25750685
v -0.78704625 -0.66635078 -0.26046643
v -0.79241502 -0.67678046 -0.25854746
v -0.79321617 -0.67368603 -0.26100004
v -0.78806198 -0.67377508 -0.26284698
v -0.78703666 -0.67728847 -0.26039851
v -0.79062098 -0.67688817 -0.25361490
v -0.78513378 -0.67744285 -0.25515413
v -0.78090400 -0.67681020 -0.26268625
v -0.78227282 -0.67304093 -0.26510090
v -0.77314699 -0.67164779 -0.26821023
v -0.77087700 -0.67599070 -0.26628613
v -0.76223820 -0.66175628 -0.25595185
v -0.76312417 -0.65899408 -0.25969553
v -0.77019656 -0.66064715 -0.25801393
v -0.76869363 -0.66241509 -0.25443453
v -0.79289436 -0.66978085 -0.26078525
v -0.78797799 -0.66966099 -0.26250628
v -0.77826941 -0.66415244 -0.25224122
v -0.77966154 -0.66265470 -0.25564095
v -0.78469110 -0.66402447 -0.25402898
v -0.78367567 -0.66533208 -0.25082797
v -0.76505804 -0.65842044 -0.26399076
v -0.76776201 -0.65978098 -0.26854005
v -0.77286988 -0.66303223 -0.26559618
v -0.77178955 -0.66102576 -0.26192042
v -0.77367353 -0.66656810 -0.26738515
v -0.77738088 -0.66786110 -0.25065097
v -0.77766615 -0.67306179 -0.25243598
v -0.76693046 -0.67168635 -0.25446501
v -0.76763964 -0.66632843 -0.25309828
v -0.78257799 -0.66876173 -0.26443204
v -0.78086072 -0.66317981 -0.25926948
v -0.78199899 -0.66533756 -0.26265550
v -0.77880675 -0.67714107 -0.25732684
v -0.78383535 -0.67367846 -0.25083411
v -0.79500598 -0.66886830 -0.24593070
v -0.78809333 -0.66902542 -0.24767753
v -0.78819203 -0.66535103 -0.24882394
v -0.79478878 -0.66552097 -0.24682038
v -0.78324521 -0.66884732 -0.24935609
v -0.78903252 -0.67347723 -0.24933325
v -0.79844862 -0.66626632 -0.25729156
v -0.79671627 -0.66427970 -0.25407785
v -0.79945910 -0.66951966 -0.25876603
v -0.76821959 -0.67709959 -0.26038596
v -0.79941243 -0.67604220 -0.25672629
v -0.80002379 -0.67298466 -0.25882894
v -0.78917676 -0.66405237 -0.25225911
v -0.79546875 -0.66400439 -0.25009090
v -0.79603136 -0.67308342 -0.24764115
v -0.79754829 -0.67620754 -0.25205922
v -0.80179489 -0.67304206 -0.24623972
v -0.80320841 -0.67616105 -0.25063533
v -0.80485177 -0.67567194 -0.25543281
v -0.80495000 -0.67271632 -0.25765219
v -0.80390328 -0.66934490 -0.25740632
v -0.80067354 -0.66881824 -0.24469338
v -0.80012214 -0.66586602 -0.24592492
v -0.80013728 -0.66453004 -0.24906605
v -0.80556297 -0.66907632 -0.24435359
v -0.80738807 -0.67327487 -0.24573109
v -0.81916255 -0.67294514 -0.25350058
v -0.81517702 -0.67359650 -0.25449494
v -0.81516081 -0.67455983 -0.25249076
v -0.81869322 -0.67445731 -0.25211990
v -0.81006521 -0.67502785 -0.25419074
v -0.81193334 -0.67526913 -0.25245303
v -0.81062788 -0.67543709 -0.24971735
v -0.81405312 -0.67556381 -0.24937275
v -0.81324953 -0.67366266 -0.24594910
v -0.81689996 -0.67344618 -0.24536912
v -0.81792462 -0.67561448 -0.24875437
v -0.81022161 -0.67452347 -0.24687004
v -0.82130051 -0.67469090 -0.25126612
v -0.82223278 -0.67303240 -0.25173277
v -0.80762988 -0.67579579 -0.25000322
v -0.80940336 -0.67238116 -0.25642017
v -0.81472695 -0.67162853 -0.25551975
v -0.81946784 -0.67090803 -0.25398606
v -0.82219768 -0.67046773 -0.25153798
v -0.81332558 -0.66921425 -0.25521863
v -0.81836909 -0.66873091 -0.25353172
v -0.82086229 -0.66842282 -0.25117236
v -0.81165385 -0.66681778 -0.25376692
v -0.81680757 -0.66684008 -0.25229910
v -0.80634379 -0.66672504 -0.25472063
v -0.80807525 -0.66951036 -0.25626773
v -0.81943148 -0.66723847 -0.25092411
v -0.82253045 -0.67271447 -0.24796656
v -0.82224649 -0.67006719 -0.24826074
v -0.82119179 -0.67521745 -0.24802507
v -0.81197393 -0.67184269 -0.24436364
v -0.81670463 -0.67129862 -0.24403012
v -0.81065154 -0.66892284 -0.24396452
v -0.81624019 -0.66871017 -0.24408150
v -0.82032317 -0.67173958 -0.24508077
v -0.81971037 -0.67366880 -0.24544422
v -0.80256146 -0.66643131 -0.25587085
v -0.80104405 -0.66463858 -0.25281072
v -0.80480438 -0.66479117 -0.25189152
v -0.81017059 -0.66495275 -0.25108066
v -0.80420309 -0.66460514 -0.24833319
v -0.80446953 -0.66614181 -0.24549299
v -0.81014490 -0.66632432 -0.24503386
v -0.80984598 -0.66460848 -0.24764743
v -0.81575632 -0.66670585 -0.24538326
v -0.81553245 -0.66534591 -0.24747157
v -0.81581295 -0.66550910 -0.25019982
v -0.81945813 -0.66753852 -0.24680628
v -0.82022500 -0.66932422 -0.24562612
v -0.82101506 -0.66812795 -0.24886994
v -0.81854820 -0.66644144 -0.24787234
v -0.81927419 -0.66675180 -0.24947497
v -0.76224470 -0.66514701 -0.25456300
v -0.74054497 -0.65598786 -0.35594976
v -0.74353600 -0.65443707 -0.35236552
v -0.74085838 -0.63914049 -0.35100675
v -0.74407333 -0.64431179 -0.34922117
v -0.73642081 -0.63722968 -0.35493308
v -0.73231328 -0.64277720 -0.36185431
v -0.73360425 -0.63897526 -0.35905331
v -0.74508858 -0.65040624 -0.34998369
v -0.73669660 -0.65431714 -0.35996899
v -0.73328596 -0.64885968 -0.36234656
v -0.74474156 -0.65384758 -0.36623114
v -0.74157226 -0.64812458 -0.36895451
v -0.74036694 -0.64152032 -0.36832285
v -0.74084926 -0.63755149 -0.36441481
v -0.74262983 -0.63596356 -0.35949075
v -0.74809819 -0.65569055 -0.36148369
v -0.75034523 -0.65391612 -0.35682815
v -0.75066227 -0.64907414 -0.35367051
v -0.75532025 -0.65519285 -0.36698085
v -0.75472784 -0.65337098 -0.37329844
v -0.75935537 -0.63902903 -0.38060361
v -0.75491750 -0.63923758 -0.37751061
v -0.75550008 -0.64259565 -0.37957868
v -0.75849932 -0.64233321 -0.38267177
v -0.74977946 -0.64100397 -0.37456822
v -0.75325102 -0.64357924 -0.37755972
v -0.75450897 -0.64790356 -0.37777081
v -0.75656164 -0.64791965 -0.38044959
v -0.75641143 -0.65163004 -0.37722129
v -0.75902742 -0.65256107 -0.37908715
v -0.75939494 -0.64769757 -0.38383555
v -0.76167101 -0.64290553 -0.38504192
v -0.76293498 -0.64693880 -0.38579422
v -0.76346976 -0.64069480 -0.38373256
v -0.75086260 -0.64783394 -0.37478209
v -0.74806148 -0.63679433 -0.36950308
v -0.75491792 -0.63660872 -0.37395802
v -0.76107091 -0.63703072 -0.37778473
v -0.76577544 -0.63955557 -0.38050783
v -0.75670868 -0.63543391 -0.36938992
v -0.76324606 -0.63707775 -0.37382153
v -0.76670188 -0.63995051 -0.37662217
v -0.75930542 -0.63772655 -0.36548620
v -0.76484066 -0.63930488 -0.37086657
v -0.75122041 -0.63707697 -0.35890961
v -0.74886703 -0.63513589 -0.36397135
v -0.76698375 -0.64077193 -0.37390918
v -0.76674420 -0.64541781 -0.38497847
v -0.76863015 -0.64439881 -0.38105178
v -0.76070350 -0.65424025 -0.37599975
v -0.76183975 -0.65219808 -0.38197267
v -0.76453030 -0.65334707 -0.37914228
v -0.76176280 -0.65475726 -0.37157321
v -0.76645911 -0.65268463 -0.37564501
v -0.76688409 -0.65083456 -0.38252097
v -0.76402211 -0.65084380 -0.38447279
v -0.74558145 -0.63783562 -0.35507685
v -0.74878889 -0.64279640 -0.35318971
v -0.75441295 -0.64246631 -0.35677350
v -0.76143283 -0.64267635 -0.36324948
v -0.75639379 -0.64909917 -0.35761908
v -0.75657898 -0.65410757 -0.36148602
v -0.76312721 -0.65279061 -0.36731589
v -0.76312560 -0.64843953 -0.36404228
v -0.76732343 -0.65048808 -0.37247354
v -0.76714903 -0.64717984 -0.37005472
v -0.76614833 -0.64306080 -0.36967212
v -0.76890975 -0.64760184 -0.37575573
v -0.76871616 -0.64939797 -0.37913662
v -0.76858580 -0.64384729 -0.37717620
v -0.76831841 -0.64612144 -0.37343913
v -0.76790148 -0.64340448 -0.37381303
v -0.75777847 -0.65643167 -0.25991106
v -0.75950915 -0.65550554 -0.26566696
v -0.75234497 -0.65352845 -0.26562232
v -0.74366951 -0.65096819 -0.26514682
v -0.73541546 -0.65177572 -0.25929168
v -0.74391228 -0.65156394 -0.27189961
v -0.75265348 -0.65404856 -0.27201766
v -0.76220077 -0.65669239 -0.27247947
v -0.73698479 -0.65097034 -0.27742341
v -0.02998919 -0.81296074 -0.34456450
v -0.02658461 -0.81304115 -0.34639284
v -0.02925570 -0.80767959 -0.34125498
v -0.03204789 -0.80863494 -0.34014735
v -0.02184015 -0.80683815 -0.34277171
v -0.02605133 -0.80673790 -0.34233782
v -0.02178569 -0.81319165 -0.34733558
v -0.01644802 -0.81330180 -0.34638160
v -0.00912413 -0.81136847 -0.34123757
v -0.00742337 -0.81013322 -0.34048980
v -0.00818924 -0.80904841 -0.34055698
v -0.01041722 -0.80883574 -0.34092152
v -0.01397443 -0.80782139 -0.34202522
v -0.03522736 -0.81192207 -0.33923402
v -0.03425880 -0.81249464 -0.34066841
v -0.03236422 -0.81280881 -0.34260887
v -0.01776102 -0.80711275 -0.34274092
v -0.03409866 -0.80987263 -0.33915970
v -0.03518122 -0.81098473 -0.33871597
v -0.01210408 -0.81294203 -0.34392112
v -0.02206492 -0.80875897 -0.34415299
v -0.02611442 -0.80893636 -0.34346956
v -0.02216425 -0.81095475 -0.34582624
v -0.01742942 -0.81114697 -0.34533235
v -0.01204515 -0.80960083 -0.34209645
v -0.01438025 -0.80926937 -0.34307089
v -0.02934720 -0.80940986 -0.34222633
v -0.01792129 -0.80897087 -0.34395033
v -0.02650115 -0.81098616 -0.34489536
v -0.01358046 -0.81102848 -0.34392744
v -0.01151042 -0.81068677 -0.34240752
v -0.03445249 -0.81149745 -0.33960515
v -0.03443190 -0.81110907 -0.33941492
v -0.00814549 -0.61755228 -0.21033694
v -0.00809535 -0.59979379 -0.21234511
v -0.02968612 -0.81117153 -0.34331787
v -0.03343605 -0.81065655 -0.34004059
v -0.03175833 -0.81004024 -0.34103659
v -0.03194188 -0.81145883 -0.34175050
v -0.03353349 -0.81155801 -0.34045896
v -0.28431308 -0.63401347 -0.20847657
v -0.28435239 -0.65052629 -0.20971519
v -0.29658845 -0.68656820 -0.17266470
v -0.29804739 -0.68578434 -0.15036261
v -0.04662017 -0.31169289 -0.14964519
v -0.11386400 -0.44023556 0.00560989
v -0.11696707 -0.45925611 0.00161401
v -0.04119286 -0.46886641 0.03058845
v -0.06176646 -0.46460801 0.02978923
v -0.13475597 -0.37648547 -0.08902535
v -0.13466522 -0.39491308 -0.09589764
v -0.08714171 -0.34538883 -0.13270326
v -0.08816006 -0.36741310 -0.14066643
v -0.12255432 -0.34565601 -0.09852403
v -0.08415244 -0.41771150 0.03622221
v -0.10187886 -0.41235927 0.02781522
v -0.09838554 -0.43082997 0.02115769
v -0.08148021 -0.43758330 0.03013355
v -0.02091458 -0.46992731 0.02670829
v -0.02118975 -0.44719467 0.03252605
v -0.14475657 -0.42491677 -0.08300519
v -0.14752638 -0.43716285 -0.06027987
v -0.13440686 -0.46292937 -0.01964858
v -0.12130767 -0.47630730 -0.00434428
v -0.10507398 -0.48880866 0.00596050
v -0.08658092 -0.50007707 0.01244594
v -0.07220314 -0.38399604 -0.16173373
v -0.05457138 -0.40302470 -0.17736337
v -0.13534209 -0.41387910 -0.10416691
v -0.00640544 -0.37483147 -0.18250561
v -0.07133052 -0.53264314 0.01116242
v -0.04696328 -0.53821123 0.01392782
v -0.14376487 -0.45004740 -0.03878690
v -0.02171370 -0.55152547 -0.21716382
v -0.03936528 -0.55436313 -0.21887434
v -0.03784385 -0.53679615 -0.22100091
v -0.02054937 -0.53348196 -0.21773274
v -0.05457298 -0.53870553 -0.22222000
v -0.07092758 -0.54009920 -0.22141631
v -0.08592267 -0.54130816 -0.21916626
v -0.12170899 -0.54243052 -0.20642793
v -0.11140668 -0.54238647 -0.21147382
v -0.13792188 -0.53994781 -0.19269729
v -0.13038713 -0.54184771 -0.20040646
v -0.14427254 -0.53435147 -0.18085611
v -0.14885058 -0.52803886 -0.16505173
v -0.15592566 -0.53842634 -0.14834619
v -0.15348603 -0.52231276 -0.14759615
v -0.14607494 -0.51182169 -0.16505447
v -0.14092582 -0.51892042 -0.18093240
v -0.13446440 -0.52421737 -0.19294097
v -0.00702077 -0.46996710 -0.20203595
v -0.00488497 -0.49283886 -0.20911866
v -0.00733493 -0.63453609 -0.20875907
v -0.51580805 -0.62609601 -0.19124523
v -0.60956478 -0.67368162 -0.28849927
v -0.02607407 -0.70696414 -0.07393195
v -0.04400172 -0.71182626 -0.07663109
v -0.10089078 -0.72041756 -0.09877279
v -0.11232576 -0.72303855 -0.11883862
v -0.08223616 -0.71526104 -0.08343405
v -0.06337505 -0.70907432 -0.07391415
v -0.12109267 -0.42342710 -0.13005380
v -0.04706333 -0.68139660 -0.05344222
v -0.06559741 -0.70009023 -0.06504790
v -0.08629595 -0.70700264 -0.07348594
v -0.10631901 -0.71247184 -0.08868928
v -0.12477776 -0.71623337 -0.11076940
v -0.13883226 -0.71129119 -0.11777240
v -0.16165522 -0.69758415 -0.10972047
v -0.17082320 -0.69567734 -0.11523187
v -0.18116592 -0.69549346 -0.12017496
v -0.17956731 -0.70407295 -0.13767919
v -0.16832875 -0.70370764 -0.13277410
v -0.26599926 -0.68853593 -0.13627571
v -0.28176278 -0.68162632 -0.13486378
v -0.29233745 -0.67229539 -0.12916002
v -0.29823482 -0.66086543 -0.12310848
v -0.29815826 -0.64816642 -0.11760420
v -0.29199398 -0.63548106 -0.11330611
v -0.27969265 -0.62508237 -0.11035515
v -0.23588660 -0.60826087 -0.10382384
v -0.22043069 -0.60328746 -0.09988005
v -0.18810961 -0.58243740 -0.07711728
v -0.18049768 -0.57769179 -0.06902556
v -0.15961745 -0.55842894 -0.04333020
v -0.14778496 -0.54742289 -0.03041057
v -0.13472912 -0.53496200 -0.01840655
v -0.10770570 -0.33217329 0.08474666
v -0.12601018 -0.33062911 0.07256652
v -0.12013056 -0.34366444 0.06233686
v -0.10143720 -0.34545147 0.07274286
v -0.05111205 -0.37895763 0.06091686
v -0.02867929 -0.37783426 0.06227101
v -0.15824139 -0.32144368 0.00855004
v -0.16016375 -0.30756706 -0.01317384
v -0.13684371 -0.33947456 0.04750241
v -0.14988297 -0.33242014 0.02954193
v -0.15479502 -0.29175955 -0.03323784
v -0.09158816 -0.22941045 -0.08354835
v -0.07034723 -0.21768415 -0.09188565
v -0.02720022 -0.20299636 -0.10049930
v -0.00684334 -0.19975193 -0.10094237
v -0.14460549 -0.27481693 -0.04941321
v -0.04855464 -0.20890623 -0.09759425
v -0.13021678 -0.25805280 -0.06238999
v -0.11192914 -0.24287881 -0.07346502
v -0.07217950 -0.37958834 0.05759336
v -0.07690655 -0.36154544 0.06879133
v -0.09630878 -0.36135754 0.06223777
v -0.04873115 -0.60055202 -0.00344732
v -0.06997296 -0.60318577 -0.00524635
v -0.09220405 -0.60689604 -0.00903741
v -0.10999038 -0.62749392 -0.02071511
v -0.11253264 -0.61129153 -0.01644038
v -0.13105401 -0.61536902 -0.02739758
v -0.12788916 -0.63137341 -0.03139987
v -0.15841274 -0.63581830 -0.05841231
v -0.15999614 -0.62234527 -0.05573936
v -0.17070499 -0.62582868 -0.06504373
v -0.16980809 -0.63888258 -0.06747333
v -0.18137264 -0.62851453 -0.07253612
v -0.19215448 -0.62892640 -0.07958642
v -0.20373578 -0.62981355 -0.08729016
v -0.21747449 -0.63181579 -0.09302074
v -0.21377741 -0.65552109 -0.09417871
v -0.20168819 -0.65347558 -0.08919623
v -0.15776587 -0.65037972 -0.06346551
v -0.14229581 -0.64953518 -0.05058539
v -0.04797080 -0.63008547 -0.02041443
v -0.02826427 -0.62542760 -0.02092754
v -0.15909322 -0.52288568 -0.13095687
v -0.16536444 -0.52469838 -0.11331445
v -0.17071842 -0.52891272 -0.09715835
v -0.17329367 -0.53521609 -0.08333306
v -0.17393391 -0.54423285 -0.07102211
v -0.17119856 -0.55469078 -0.06092428
v -0.17410120 -0.57229638 -0.06109077
v -0.16747375 -0.56587780 -0.05282612
v -0.17060098 -0.58374238 -0.05646085
v -0.16315024 -0.57823825 -0.04686385
v -0.15776381 -0.59134954 -0.04292228
v -0.15148531 -0.60479486 -0.04096546
v -0.14646940 -0.61929321 -0.04184525
v -0.14332756 -0.63443267 -0.04485984
v -0.12662631 -0.64765131 -0.03832134
v -0.10918244 -0.64392060 -0.02829169
v -0.08892187 -0.65577221 -0.03153980
v -0.08891445 -0.67037183 -0.04144029
v -0.08928812 -0.64010620 -0.02243309
v -0.08939528 -0.62389487 -0.01468013
v -0.08136201 -0.73655444 -0.12169021
v -0.06577433 -0.73488975 -0.10752241
v -0.26843950 -0.63763481 -0.10781468
v -0.26630276 -0.63128823 -0.10690497
v -0.27195328 -0.62937659 -0.10827520
v -0.27910659 -0.63768965 -0.11045032
v -0.28264627 -0.64809239 -0.11351870
v -0.26836714 -0.65621531 -0.11220229
v -0.27009302 -0.64654708 -0.10970426
v -0.28198984 -0.65894979 -0.11734114
v -0.27726451 -0.66899186 -0.12149850
v -0.26465279 -0.66556311 -0.11525311
v -0.26973471 -0.67748904 -0.12491930
v -0.25974348 -0.67361730 -0.11818213
v -0.25945786 -0.68321443 -0.12603380
v -0.25519556 -0.67867601 -0.12031636
v -0.22255440 -0.67819703 -0.10857615
v -0.23449220 -0.67909449 -0.11287195
v -0.24634811 -0.67900217 -0.11733545
v -0.23162290 -0.63495636 -0.09766672
v -0.24505772 -0.63981104 -0.10176470
v -0.25777829 -0.64405841 -0.10564944
v -0.25562966 -0.65348673 -0.10739091
v -0.24322186 -0.64940572 -0.10252165
v -0.23022264 -0.64542043 -0.09775025
v -0.04753515 -0.61619961 -0.01090347
v -0.06796016 -0.62030429 -0.01156607
v -0.18091623 -0.64034373 -0.07449512
v -0.19106981 -0.64080489 -0.08051909
v -0.20266272 -0.64091218 -0.08689699
v -0.21612766 -0.64322466 -0.09268118
v -0.19109978 -0.65271342 -0.08363599
v -0.18052736 -0.65248698 -0.07792813
v -0.16921639 -0.65193921 -0.07140645
v -0.06844153 -0.63538027 -0.02011670
v -0.02818331 -0.61291927 -0.01112870
v -0.17281736 -0.65722376 -0.20935059
v -0.17329617 -0.68220431 -0.20261477
v -0.17665653 -0.70035505 -0.18487732
v -0.17890063 -0.70741105 -0.16105241
v -0.42692032 -0.60374749 -0.19591612
v -0.02266699 -0.42477953 0.04048494
v -0.02511381 -0.40137634 0.04919687
v -0.04692060 -0.40124109 0.05076431
v -0.02468044 -0.53921646 0.01361679
v -0.02865109 -0.59838486 -0.00286551
v -0.09533453 -0.50901484 -0.21777993
v -0.08303162 -0.50863540 -0.22125652
v -0.08407710 -0.52453309 -0.22100559
v -0.09685030 -0.52526319 -0.21766649
v -0.11566342 -0.51070350 -0.20786694
v -0.10617177 -0.50984275 -0.21330661
v -0.10835270 -0.52586448 -0.21303006
v -0.11832363 -0.52626151 -0.20775153
v -0.12388787 -0.51053929 -0.20129436
v -0.12696674 -0.52608997 -0.20126760
v -0.10463271 -0.49374041 -0.21148720
v -0.09419906 -0.49291337 -0.21638235
v -0.08199813 -0.49307972 -0.21958941
v -0.12084083 -0.49592498 -0.19963521
v -0.11337093 -0.49521583 -0.20568378
v 0.00407632 -0.70786452 -0.28033465
v 0.00527065 -0.70508194 -0.29675460
v 0.01213564 -0.73715138 -0.32929218
v 0.01223512 -0.74199617 -0.32973599
v -0.00531121 -0.65975994 -0.20580345
v -0.00468109 -0.66983998 -0.20764419
v -0.00428016 -0.51233763 -0.21281394
v -0.00489460 -0.54773664 -0.21458478
v -0.00688005 -0.56409508 -0.21294223
v -0.00776414 -0.58164448 -0.21299654
v -0.00672959 -0.64846194 -0.20703669
v -0.00450513 -0.52989340 -0.21411766
v -0.18102482 -0.17374855 0.13059470
v -0.16444983 -0.16661614 0.15710276
v -0.16972314 -0.18949619 0.14143887
v -0.15711470 -0.18350881 0.16060197
v -0.17374329 -0.24059862 0.08593221
v -0.17481872 -0.21986845 0.10420418
v -0.17251098 -0.26379755 0.07020555
v -0.13845202 -0.18123400 0.17755111
v -0.11339943 -0.18151584 0.18954216
v -0.11123750 -0.20225388 0.18619278
v -0.15967123 -0.27108431 0.09381936
v -0.16151461 -0.24888347 0.10900789
v -0.16223083 -0.19826800 0.14716256
v -0.17459029 -0.20233601 0.12277865
v -0.16335310 -0.21017110 0.13802749
v -0.13508582 -0.19983456 0.17444392
v -0.15216586 -0.19833809 0.15993877
v -0.06675834 -0.33202270 0.09986438
v -0.04478447 -0.31833422 0.12014526
v -0.07215431 -0.31786191 0.11540352
v -0.14252827 -0.32618272 0.05638033
v -0.13314442 -0.31513274 0.08591153
v -0.15002555 -0.21478647 0.15325651
v -0.13226834 -0.21934184 0.16797823
v -0.10869849 -0.22388968 0.18004932
v -0.10404622 -0.28592324 0.14186873
v -0.10545958 -0.26652247 0.15743534
v -0.12772216 -0.26128405 0.14588605
v -0.12603679 -0.28188977 0.13020590
v -0.13959530 -0.29760438 0.09998944
v -0.14409947 -0.27682316 0.11438145
v -0.10047247 -0.30304509 0.12520432
v -0.12142190 -0.30117911 0.11433321
v -0.11469910 -0.31769943 0.09890409
v -0.14640501 -0.25498062 0.12927581
v -0.07885635 -0.24805444 0.17908838
v -0.10707212 -0.24560547 0.17086181
v -0.04868399 -0.24763024 0.17985639
v -0.09484933 -0.31836981 0.10834388
v -0.08804882 -0.33237511 0.09328233
v -0.08184916 -0.34614730 0.08032681
v -0.06800867 -0.40031379 0.04796559
v -0.15495324 0.10573703 0.10536358
v -0.01318855 -0.07748243 0.08134410
v -0.01285536 -0.09528229 0.10272877
v -0.18573916 -0.15423393 0.00742672
v -0.19785389 -0.17173111 0.08168254
v -0.18730319 -0.18923309 0.10461213
v -0.03967948 -0.05224141 0.02118941
v -0.02417864 -0.05555704 0.04365777
v -0.16822284 -0.13342240 -0.01155426
v -0.11886090 -0.07559130 -0.01724048
v -0.01657652 -0.06419188 0.06294218
v -0.16255029 -0.22778380 0.12441602
v -0.14844169 -0.23350808 0.14286681
v -0.12996095 -0.23957443 0.15845054
v -0.08040626 -0.22663763 0.18718946
v -0.04887386 -0.22746590 0.18685387
v -0.02147954 -0.08820882 -0.02293806
v -0.01608245 -0.09426120 -0.03247735
v -0.00741503 -0.09219369 -0.03089461
v -0.00983311 -0.08265698 -0.01703133
v -0.09221371 -0.21157587 -0.07363184
v -0.06945800 -0.20035429 -0.07981674
v -0.02619890 -0.18614459 -0.08714698
v -0.00691250 -0.18310426 -0.08768784
v -0.15012364 -0.25816411 -0.04353730
v -0.04711190 -0.19176461 -0.08473008
v -0.13513021 -0.24071208 -0.05617581
v -0.11487418 -0.22512080 -0.06563950
v -0.15323505 0.44266787 0.43565500
v -0.15675333 0.46919444 0.44666648
v -0.15667161 0.46031612 0.45923325
v -0.15019894 0.43386507 0.44731414
v -0.16513827 0.41460311 0.46932507
v -0.15425605 0.42105910 0.46384776
v -0.17927127 0.41237754 0.47073832
v -0.18014693 0.43931022 0.48579589
v -0.19176343 0.44299233 0.48061502
v -0.19286412 0.41487545 0.46741366
v -0.20232563 0.41980574 0.45965752
v -0.20786077 0.45376962 0.46383664
v -0.21074173 0.46279970 0.44818193
v -0.21276850 0.43662727 0.43468550
v -0.20876408 0.42645773 0.44948724
v -0.20988217 0.45137599 0.41953871
v -0.20812663 0.47614479 0.43272799
v -0.19531775 0.46032509 0.41164303
v -0.15946274 0.45270953 0.42382056
v -0.16131637 0.47914499 0.43301928
v -0.16641976 0.44083861 0.48458138
v -0.15753640 0.44824362 0.47646195
v -0.14930315 0.42791969 0.45607921
v -0.15672904 0.45441276 0.46779242
v -0.15749368 0.48721677 0.46909964
v -0.15346348 0.49540660 0.45519269
v -0.16677815 0.46564552 0.49951056
v -0.16256422 0.47411299 0.48800609
v -0.19014795 0.46949404 0.49312544
v -0.18004501 0.46354532 0.50166672
v -0.21082988 0.47940162 0.47803563
v -0.20076317 0.44781426 0.47323453
v -0.20112807 0.47415128 0.48638478
v -0.21338464 0.48761448 0.46149698
v -0.20949492 0.50068247 0.44232380
v -0.15876953 0.50455904 0.43928123
v -0.16067439 0.48091659 0.47875953
v -0.22397462 0.66048390 0.35111487
v -0.21708718 0.66173774 0.34862462
v -0.21895593 0.65640306 0.34755903
v -0.22337659 0.65620863 0.34921563
v -0.18733692 0.66292071 0.33503461
v -0.17500798 0.66450274 0.33629605
v -0.17813651 0.65502512 0.32939860
v -0.18665507 0.65475988 0.32876679
v -0.20442666 0.66501886 0.33952096
v -0.21226542 0.66500533 0.34148633
v -0.20914835 0.66662282 0.34540454
v -0.20426711 0.66646469 0.34399262
v -0.24081172 0.64540446 0.37960279
v -0.24621907 0.64473248 0.38312757
v -0.24379458 0.64725673 0.38597184
v -0.24024937 0.64825022 0.38415617
v -0.23042189 0.65597963 0.36241400
v -0.23562883 0.65540206 0.36615610
v -0.23344514 0.65740746 0.36913586
v -0.22975525 0.65857321 0.36738178
v -0.18742770 0.63993573 0.34669125
v -0.18863395 0.64795637 0.33502287
v -0.17504115 0.64792275 0.33561072
v -0.17203857 0.63701177 0.34521404
v -0.16713089 0.65435332 0.34227806
v -0.17406482 0.65837038 0.34855279
v -0.17049512 0.65184450 0.36091378
v -0.16358280 0.64481807 0.35422540
v -0.18668455 0.66015756 0.34919095
v -0.18454665 0.65411413 0.36081821
v -0.19349796 0.64920992 0.35510308
v -0.19677061 0.65594995 0.34196156
v -0.21211655 0.65078139 0.35650170
v -0.21617207 0.65913469 0.34794340
v -0.21142833 0.65392029 0.34301314
v -0.20824495 0.64424813 0.35138491
v -0.20329775 0.65451050 0.34070984
v -0.19720450 0.64478302 0.34813672
v -0.19248469 0.65280735 0.35385376
v -0.19653100 0.66018605 0.34247971
v -0.20015632 0.66303825 0.34926978
v -0.19605434 0.65623307 0.36022922
v -0.20531693 0.65618837 0.36167443
v -0.20910394 0.66307092 0.35189393
v -0.22409184 0.64199710 0.36066523
v -0.22412206 0.65172523 0.35351431
v -0.21663724 0.65211678 0.35149488
v -0.21379526 0.64328188 0.35733908
v -0.21121438 0.65883189 0.35398760
v -0.21582468 0.66112471 0.35819784
v -0.21275657 0.65512609 0.36668491
v -0.20885827 0.65223134 0.36131579
v -0.22210141 0.65425336 0.36896810
v -0.22299804 0.66122037 0.36041725
v -0.22794215 0.64825642 0.36421314
v -0.22807021 0.65662038 0.35742602
v -0.24009979 0.64295781 0.37891346
v -0.23901440 0.65120953 0.37232351
v -0.23705426 0.64679080 0.36803353
v -0.23806423 0.63716590 0.37456316
v -0.23148130 0.64668506 0.36501285
v -0.23064983 0.63909513 0.36995727
v -0.22664140 0.65083694 0.36561251
v -0.22751608 0.65602684 0.37163201
v -0.22731140 0.65054709 0.37814486
v -0.22685210 0.64533854 0.37039095
v -0.23398051 0.65569705 0.37473249
v -0.23467298 0.64904141 0.38259396
v -0.24862228 0.62959820 0.39165968
v -0.24886623 0.63424963 0.39752883
v -0.24851851 0.64055884 0.38933483
v -0.24738011 0.63631308 0.38537288
v -0.24293803 0.63678861 0.38167679
v -0.24311592 0.63124770 0.38590336
v -0.23818454 0.64100349 0.38292959
v -0.23778495 0.64614570 0.38854760
v -0.23803106 0.64241028 0.39364809
v -0.23964351 0.63710940 0.38678482
v -0.24411768 0.64536023 0.39136967
v -0.24394169 0.63987046 0.39816803
v -0.17027506 0.62720072 0.35607493
v -0.18917109 0.63323319 0.35900724
v -0.17743866 0.66277480 0.34060135
v -0.16181061 0.63660002 0.36657643
v -0.18439931 0.66370511 0.34124404
v -0.18651140 0.64851904 0.37199280
v -0.16908023 0.64461637 0.37383872
v -0.19086158 0.64647806 0.36043447
v -0.21137425 0.65989512 0.33925420
v -0.20811586 0.64732337 0.36501312
v -0.20565376 0.64892435 0.37615669
v -0.20662011 0.66013598 0.33795005
v -0.20734863 0.63386500 0.36400992
v -0.22362609 0.63160938 0.37531376
v -0.21798870 0.66394311 0.35323298
v -0.22169411 0.66389751 0.35458320
v -0.22284640 0.64665329 0.38481349
v -0.22752017 0.64319456 0.37171733
v -0.23577808 0.65163541 0.36425033
v -0.24073857 0.63682318 0.38653237
v -0.23578267 0.64146364 0.39663455
v -0.23251274 0.65129411 0.36243391
v -0.23841339 0.62631130 0.38752028
v -0.24555653 0.64101952 0.38215911
v -0.24945894 0.62661403 0.40738416
v -0.24415439 0.63508201 0.40780854
v -0.24307241 0.64108849 0.37976399
v -0.24844673 0.62137616 0.39938071
v -0.16892022 0.46054178 0.41433543
v -0.17057274 0.48605213 0.42278561
v -0.18141890 0.46367660 0.41060323
v -0.19538283 0.48529464 0.42342848
v -0.18302916 0.48858458 0.42081460
v -0.17066896 0.51120174 0.42706057
v -0.19688886 0.50981832 0.43105394
v -0.18427506 0.51282096 0.42525995
v -0.21254286 0.49714422 0.49131927
v -0.21690345 0.50689828 0.47459465
v -0.20015261 0.49227294 0.49852318
v -0.18005604 0.48086277 0.51589626
v -0.19035631 0.48645958 0.50707197
v -0.17033266 0.53306937 0.42687425
v -0.15963246 0.52619755 0.44437695
v -0.18549031 0.53472096 0.42271504
v -0.20146635 0.53116715 0.43015739
v -0.16384377 0.61520004 0.36833090
v -0.16134371 0.60418934 0.38739550
v -0.17811815 0.59702921 0.38092527
v -0.18366225 0.61461622 0.36900893
v -0.19738746 0.59638315 0.38797763
v -0.20168030 0.61612439 0.37691951
v -0.21406513 0.59587681 0.39871699
v -0.21849874 0.61437678 0.38702047
v -0.22844861 0.59524471 0.41078430
v -0.23347731 0.61191744 0.39903983
v -0.24024966 0.59708989 0.42381918
v -0.24580315 0.61045212 0.41014123
v -0.24735785 0.60385901 0.43417394
v -0.25106514 0.61677450 0.41961262
v -0.15615223 0.62764084 0.38105482
v -0.15532276 0.61620200 0.39919668
v -0.16508958 0.63714910 0.39073977
v -0.16409281 0.62746567 0.40978545
v -0.18253767 0.63766158 0.39403230
v -0.18042161 0.62728149 0.41361207
v -0.24128342 0.61628163 0.43868494
v -0.24359497 0.62817466 0.42245439
v -0.20083661 0.63662791 0.40036243
v -0.19836381 0.62496930 0.41938084
v -0.21740387 0.63535416 0.40874293
v -0.21477738 0.62332666 0.42734459
v -0.23143220 0.63277656 0.41689074
v -0.22900213 0.62111163 0.43472391
v -0.17219511 0.57932293 0.39862010
v -0.19276313 0.57453161 0.39920741
v -0.20925111 0.57412177 0.41103566
v -0.22256638 0.57549936 0.42538270
v -0.23310460 0.58060396 0.44052500
v -0.24138948 0.58820724 0.45091638
v -0.22056128 0.55026722 0.44335091
v -0.22638023 0.56469882 0.46103865
v -0.23215051 0.57478118 0.47001582
v -0.22122395 0.54956472 0.48264390
v -0.22434457 0.56172585 0.48989016
v -0.21018171 0.52786732 0.51893586
v -0.21461093 0.54090250 0.52821946
v -0.21925288 0.54898024 0.51015615
v -0.21543373 0.53644741 0.50273174
v -0.21795908 0.53519648 0.46836543
v -0.21386483 0.52133000 0.48937318
v -0.20758680 0.51226431 0.50421387
v -0.19717219 0.52990013 0.54786938
v -0.20782606 0.53506339 0.54003525
v -0.20465809 0.52156788 0.53012174
v -0.19620067 0.51502502 0.53933126
v -0.17978534 0.51215911 0.54518318
v -0.18012176 0.52890122 0.55084771
v -0.16385414 0.51904988 0.53595370
v -0.16370112 0.53429604 0.54351526
v -0.19308604 0.50019872 0.52276564
v -0.20005676 0.50657570 0.51394647
v -0.18052572 0.49572673 0.52973795
v -0.16623269 0.50167429 0.52242947
v -0.16399191 0.51142228 0.50833601
v -0.16061494 0.52939087 0.52027732
v -0.15741186 0.54338968 0.52803880
v -0.16062193 0.59098148 0.40968105
v -0.15953943 0.60076374 0.41986737
v -0.20634276 0.55137074 0.42151213
v -0.18791507 0.55351037 0.41157097
v -0.16764154 0.55673456 0.42050827
v -0.15794931 0.57502592 0.43290436
v -0.16176848 0.58595943 0.44385147
v -0.16240638 0.57337785 0.46595317
v -0.15638743 0.56316876 0.45725212
v -0.16672686 0.60906595 0.42897695
v -0.16998053 0.59130394 0.45053053
v -0.16965292 0.57839835 0.47173548
v -0.16022006 0.56353015 0.48547325
v -0.15614633 0.55260658 0.47772244
v -0.15915149 0.55575323 0.50107884
v -0.15849338 0.54333699 0.49337360
v -0.15986995 0.53646713 0.50611836
v -0.15764166 0.54979622 0.51401228
v -0.15908489 0.52561444 0.48453543
v -0.16154318 0.51838541 0.49563226
v -0.15650587 0.53575295 0.46899661
v -0.15762565 0.54604214 0.44763172
v -0.23691794 0.60100436 0.45654136
v -0.22967781 0.58573949 0.47478473
v -0.22178812 0.57144558 0.49358165
v -0.21599910 0.56026506 0.51424682
v -0.20892882 0.55270529 0.53070056
v -0.20231542 0.54766178 0.54065126
v -0.17965966 0.54126972 0.54853696
v -0.19326381 0.54295832 0.54733026
v -0.16792822 0.54486269 0.54341781
v -0.16304229 0.55312622 0.53130376
v -0.16279091 0.55986011 0.52012748
v -0.16655891 0.57028657 0.49169198
v -0.16404176 0.56525850 0.50749409
v -0.15344723 0.51702559 0.46273434
v -0.15604869 0.50748658 0.47810102
v -0.16032490 0.50080276 0.48811817
v -0.16681060 0.48494828 0.51055133
v -0.16391818 0.49382123 0.49763754
v -0.18021233 0.61152899 0.43493491
v -0.19698115 0.60955596 0.44051892
v -0.21262142 0.60798264 0.44772762
v -0.22576375 0.60595262 0.45385659
v -0.22099707 0.59098005 0.47350597
v -0.20921735 0.59269637 0.46905804
v -0.19468001 0.59435576 0.46335143
v -0.18050887 0.59398878 0.45648357
v -0.21381557 0.57771784 0.49285227
v -0.20344201 0.58030635 0.48917225
v -0.19055231 0.58175111 0.48480055
v -0.17870493 0.58179355 0.47808826
v -0.17456499 0.57378703 0.49815878
v -0.18483524 0.57245588 0.50446063
v -0.19620980 0.57048297 0.50819016
v -0.20625849 0.56688130 0.51211506
v -0.19993059 0.55877095 0.52681524
v -0.19058147 0.56242150 0.52222621
v -0.18031491 0.56503558 0.51828158
v -0.17191002 0.56689399 0.51336753
v -0.19478042 0.55380499 0.53529119
v -0.18058419 0.54842156 0.54337615
v -0.18878563 0.55019158 0.54101014
v -0.17271988 0.55082923 0.54086512
v -0.17029916 0.55628890 0.53230518
v -0.17054352 0.56170923 0.52336729
v -0.17825742 0.56004524 0.52648669
v -0.17702848 0.55598104 0.53287512
v -0.18736908 0.55758953 0.53000695
v -0.18410534 0.55382848 0.53557062
v -0.17689404 0.55269355 0.53774732
v -0.18048342 0.55173284 0.53899205
v -0.21150801 0.52355015 0.45000032
v -0.15333800 0.23911226 0.22920951
v -0.13798586 0.23556724 0.23225331
v -0.17010295 0.23675632 0.22738960
v -0.14143436 -0.11491311 -0.02340116
v -0.06735741 -0.31819716 -0.13836880
v -0.07017563 -0.36090434 -0.15380186
v -0.06832751 -0.33871475 -0.14620338
v -0.14886615 -0.08729160 -0.01284532
v -0.12166499 -0.40386495 -0.12180122
v -0.09937423 -0.54212523 -0.21586424
v -0.07999317 -0.83276188 -0.26662374
v -0.07841202 -0.83031380 -0.26407418
v -0.07766078 -0.82859164 -0.26093301
v -0.07741318 -0.82793391 -0.25730455
v -0.07714341 -0.82773030 -0.25375438
v -0.07598046 -0.82908130 -0.25066963
v -0.07962522 -0.83071566 -0.25936890
v -0.07715118 -0.83462876 -0.25783253
v -0.07752080 -0.83509028 -0.26010701
v -0.07980908 -0.83198828 -0.26184154
f 2 3 1
f 1 3 4
f 3 2 5
f 5 2 6
f 3 7 4
f 4 7 8
f 10 11 9
f 9 11 12
f 14 15 13
f 13 15 16
f 18 19 17
f 17 19 20
f 22 23 21
f 21 23 24
f 26 18 25
f 25 18 17
f 27 28 17
f 17 28 25
f 30 31 29
f 29 31 32
f 34 35 33
f 33 35 36
f 21 24 37
f 37 24 38
f 40 31 39
f 39 31 38
f 34 33 28
f 28 33 25
f 41 42 44
f 44 42 43
f 36 45 33
f 33 45 25
f 46 47 49
f 49 47 48
f 51 52 50
f 50 52 53
f 55 53 54
f 54 53 52
f 57 58 56
f 56 58 59
f 61 62 60
f 60 62 63
f 65 66 64
f 64 66 67
f 69 70 68
f 68 70 71
f 65 73 72
f 72 73 74
f 64 75 65
f 65 75 73
f 77 78 76
f 76 78 79
f 80 81 83
f 83 81 82
f 81 85 84
f 84 85 86
f 88 89 87
f 87 89 69
f 88 87 90
f 90 87 91
f 93 94 92
f 92 94 95
f 96 84 43
f 43 84 44
f 51 98 97
f 97 98 86
f 97 99 51
f 51 99 52
f 54 52 100
f 100 52 99
f 58 101 59
f 59 101 102
f 62 103 63
f 63 103 104
f 105 106 6
f 6 106 5
f 108 109 107
f 107 109 110
f 112 113 111
f 111 113 114
f 116 117 115
f 115 117 118
f 120 121 119
f 119 121 122
f 124 125 123
f 123 125 126
f 128 129 127
f 127 129 130
f 130 131 127
f 127 131 132
f 134 1 133
f 133 1 135
f 1 4 135
f 135 4 136
f 4 8 136
f 136 8 137
f 138 139 15
f 15 139 140
f 140 139 141
f 141 139 142
f 144 57 143
f 143 57 56
f 145 146 141
f 141 146 147
f 146 149 148
f 148 149 150
f 152 153 151
f 151 153 154
f 141 147 140
f 140 147 155
f 157 11 156
f 156 11 158
f 160 161 159
f 159 161 162
f 164 165 163
f 163 165 166
f 165 160 166
f 166 160 159
f 168 169 167
f 167 169 170
f 169 171 170
f 170 171 172
f 149 173 150
f 150 173 174
f 175 176 149
f 149 176 173
f 178 172 177
f 177 172 171
f 180 181 179
f 179 181 182
f 184 180 183
f 183 180 179
f 186 187 185
f 185 187 188
f 190 191 189
f 189 191 192
f 7 193 8
f 8 193 194
f 196 162 195
f 195 162 161
f 197 168 198
f 198 168 167
f 181 199 182
f 182 199 200
f 202 203 201
f 201 203 204
f 187 186 205
f 205 186 206
f 208 209 207
f 207 209 210
f 212 213 211
f 211 213 214
f 215 216 218
f 218 216 217
f 220 209 219
f 219 209 208
f 204 186 221
f 221 186 185
f 201 204 222
f 222 204 221
f 223 211 220
f 220 211 209
f 224 225 214
f 214 225 210
f 203 206 204
f 204 206 186
f 227 187 226
f 226 187 205
f 27 228 21
f 21 228 22
f 230 231 229
f 229 231 232
f 234 235 233
f 233 235 236
f 238 239 237
f 237 239 240
f 119 122 118
f 118 122 115
f 112 242 241
f 241 242 243
f 98 51 244
f 244 51 50
f 245 138 14
f 14 138 15
f 11 10 158
f 158 10 246
f 89 85 69
f 69 85 70
f 11 157 12
f 12 157 247
f 249 164 248
f 248 164 163
f 177 250 178
f 178 250 251
f 253 254 252
f 252 254 255
f 187 227 188
f 188 227 256
f 212 257 213
f 213 257 258
f 260 134 259
f 259 134 133
f 165 164 135
f 135 164 133
f 160 165 136
f 136 165 135
f 136 137 160
f 160 137 161
f 137 261 161
f 161 261 195
f 263 264 262
f 262 264 265
f 13 16 266
f 266 16 267
f 268 267 155
f 155 267 16
f 147 269 155
f 155 269 268
f 162 196 167
f 167 196 198
f 167 170 162
f 162 170 159
f 170 172 159
f 159 172 166
f 172 178 166
f 166 178 163
f 178 251 163
f 163 251 248
f 168 270 169
f 169 270 271
f 272 273 171
f 171 273 177
f 271 272 169
f 169 272 171
f 168 197 270
f 270 197 274
f 250 177 275
f 275 177 273
f 277 45 276
f 276 45 278
f 280 281 279
f 279 281 282
f 284 104 283
f 283 104 103
f 285 215 286
f 286 215 218
f 288 289 287
f 287 289 290
f 291 80 66
f 66 80 83
f 293 294 292
f 292 294 295
f 73 91 74
f 74 91 87
f 91 73 92
f 92 73 75
f 279 77 280
f 280 77 76
f 80 291 70
f 70 291 71
f 277 47 96
f 96 47 82
f 297 175 296
f 296 175 149
f 299 154 298
f 298 154 153
f 225 300 210
f 210 300 207
f 224 301 206
f 206 301 205
f 210 209 214
f 214 209 211
f 226 205 302
f 302 205 301
f 304 305 303
f 303 305 306
f 308 309 307
f 307 309 310
f 72 291 65
f 65 291 66
f 66 83 67
f 67 83 46
f 312 313 311
f 311 313 314
f 316 317 315
f 315 317 36
f 29 318 35
f 35 318 319
f 321 32 320
f 320 32 322
f 311 314 323
f 323 314 324
f 315 325 316
f 316 325 326
f 318 287 319
f 319 287 290
f 328 321 327
f 327 321 320
f 329 330 39
f 39 330 331
f 332 333 40
f 40 333 322
f 309 334 285
f 285 334 335
f 236 2 134
f 134 2 1
f 260 336 233
f 233 336 337
f 237 14 265
f 265 14 13
f 84 86 44
f 44 86 98
f 189 192 7
f 7 192 193
f 44 98 41
f 41 98 244
f 237 240 14
f 14 240 245
f 7 3 189
f 189 3 5
f 338 71 72
f 72 71 291
f 262 265 266
f 266 265 13
f 124 123 339
f 339 123 105
f 123 109 105
f 105 109 106
f 189 5 190
f 190 5 106
f 111 114 12
f 12 114 9
f 264 340 265
f 265 340 237
f 342 343 341
f 341 343 344
f 6 235 105
f 105 235 339
f 234 346 345
f 345 346 347
f 349 350 348
f 348 350 351
f 107 352 108
f 108 352 353
f 355 356 354
f 354 356 357
f 237 340 238
f 238 340 358
f 12 247 111
f 111 247 359
f 264 263 116
f 116 263 360
f 361 362 222
f 222 362 201
f 364 365 363
f 363 365 366
f 368 369 367
f 367 369 370
f 372 373 371
f 371 373 374
f 375 376 372
f 372 376 377
f 378 379 381
f 381 379 380
f 382 383 269
f 269 383 268
f 150 174 365
f 365 174 384
f 380 377 381
f 381 377 376
f 271 270 180
f 180 270 181
f 273 272 252
f 252 272 184
f 272 271 184
f 184 271 180
f 181 270 274
f 252 255 273
f 273 255 275
f 254 385 255
f 255 385 386
f 387 388 179
f 179 388 183
f 389 387 182
f 182 387 179
f 182 200 389
f 389 200 390
f 388 391 183
f 183 391 253
f 391 392 253
f 253 392 254
f 394 379 393
f 393 379 378
f 185 188 395
f 395 188 396
f 221 185 397
f 397 185 395
f 222 221 398
f 398 221 397
f 188 256 396
f 396 256 399
f 400 401 256
f 256 401 399
f 402 403 405
f 405 403 404
f 148 150 364
f 364 150 365
f 393 406 394
f 394 406 407
f 158 246 393
f 393 246 406
f 342 19 238
f 238 19 239
f 23 22 350
f 350 22 354
f 244 50 245
f 245 50 138
f 55 142 53
f 53 142 139
f 145 144 296
f 296 144 143
f 355 228 341
f 341 228 20
f 41 240 42
f 42 240 239
f 283 308 284
f 284 308 307
f 349 409 408
f 408 409 410
f 244 245 41
f 41 245 240
f 268 383 406
f 406 383 407
f 346 411 349
f 349 411 409
f 251 412 248
f 248 412 413
f 275 414 250
f 250 414 415
f 25 45 26
f 26 45 277
f 43 26 96
f 96 26 277
f 416 417 61
f 61 417 62
f 329 24 408
f 408 24 23
f 31 40 32
f 32 40 322
f 39 38 329
f 329 38 24
f 37 38 30
f 30 38 31
f 418 419 421
f 421 419 420
f 78 295 79
f 79 295 294
f 124 339 422
f 422 339 345
f 232 131 357
f 357 131 351
f 2 236 6
f 6 236 235
f 252 184 253
f 253 184 183
f 227 423 256
f 256 423 400
f 423 227 305
f 305 227 226
f 424 258 425
f 425 258 257
f 426 427 212
f 212 427 257
f 259 133 249
f 249 133 164
f 419 418 428
f 428 418 429
f 327 430 328
f 328 430 288
f 49 431 46
f 46 431 67
f 306 302 424
f 424 302 258
f 313 432 314
f 314 432 433
f 32 321 29
f 29 321 318
f 324 314 433
f 287 318 328
f 328 318 321
f 134 260 236
f 236 260 233
f 345 339 234
f 234 339 235
f 357 351 354
f 354 351 350
f 408 23 349
f 349 23 350
f 317 278 36
f 36 278 45
f 432 313 429
f 429 313 428
f 435 428 434
f 434 428 313
f 42 239 18
f 18 239 19
f 43 42 26
f 26 42 18
f 121 120 436
f 436 120 437
f 302 301 258
f 258 301 213
f 110 109 126
f 126 109 123
f 238 358 342
f 342 358 343
f 341 20 342
f 342 20 19
f 322 438 320
f 320 438 439
f 320 439 327
f 327 439 430
f 333 440 322
f 322 440 438
f 289 288 323
f 323 288 430
f 115 340 116
f 116 340 264
f 146 145 149
f 149 145 296
f 15 140 16
f 16 140 155
f 441 442 152
f 152 442 153
f 225 224 203
f 203 224 206
f 175 297 154
f 154 297 151
f 293 443 294
f 294 443 444
f 248 413 249
f 249 413 445
f 446 447 400
f 400 447 401
f 388 387 396
f 396 387 395
f 387 389 395
f 395 389 397
f 391 388 399
f 399 388 396
f 401 392 399
f 399 392 391
f 255 386 275
f 275 386 414
f 449 450 448
f 448 450 451
f 335 452 285
f 285 452 215
f 453 298 442
f 442 298 153
f 211 223 212
f 212 223 426
f 425 257 454
f 454 257 427
f 266 10 262
f 262 10 9
f 360 113 456
f 456 113 455
f 8 194 137
f 137 194 261
f 10 266 246
f 246 266 267
f 203 202 225
f 225 202 300
f 262 9 263
f 263 9 114
f 108 353 190
f 190 353 191
f 389 390 397
f 397 390 398
f 457 422 128
f 128 422 129
f 156 158 378
f 378 158 393
f 347 346 348
f 348 346 349
f 447 458 401
f 401 458 392
f 364 382 148
f 148 382 269
f 55 54 57
f 57 54 58
f 75 64 459
f 459 64 460
f 100 90 101
f 101 90 95
f 101 58 100
f 100 58 54
f 142 55 144
f 144 55 57
f 147 146 269
f 269 146 148
f 459 93 75
f 75 93 92
f 144 145 142
f 142 145 141
f 228 27 20
f 20 27 17
f 154 299 175
f 175 299 176
f 214 213 224
f 224 213 301
f 424 461 306
f 306 461 303
f 285 286 309
f 309 286 310
f 462 334 308
f 308 334 309
f 302 306 226
f 226 306 305
f 37 28 21
f 21 28 27
f 29 35 30
f 30 35 34
f 30 34 37
f 37 34 28
f 344 436 356
f 356 436 229
f 325 290 326
f 326 290 289
f 311 439 312
f 312 439 438
f 35 319 36
f 36 319 315
f 439 311 430
f 430 311 323
f 315 319 325
f 325 319 290
f 440 463 438
f 438 463 312
f 341 344 355
f 355 344 356
f 360 456 116
f 116 456 117
f 354 22 355
f 355 22 228
f 326 289 324
f 324 289 323
f 74 87 68
f 68 87 69
f 50 53 138
f 138 53 139
f 268 406 267
f 267 406 246
f 190 106 108
f 108 106 109
f 241 455 112
f 112 455 113
f 358 122 343
f 343 122 121
f 129 347 130
f 130 347 348
f 348 351 130
f 130 351 131
f 229 232 356
f 356 232 357
f 340 115 358
f 358 115 122
f 111 359 112
f 112 359 242
f 125 124 457
f 457 124 422
f 231 132 232
f 232 132 131
f 343 121 344
f 344 121 436
f 263 114 360
f 360 114 113
f 347 129 345
f 345 129 422
f 230 229 437
f 437 229 436
f 464 446 423
f 423 446 400
f 465 466 468
f 468 466 467
f 470 471 469
f 469 471 472
f 469 472 373
f 373 472 374
f 474 469 473
f 473 469 373
f 471 475 472
f 472 475 476
f 472 477 374
f 374 477 478
f 477 472 476
f 479 480 476
f 476 480 477
f 473 373 377
f 377 373 372
f 481 482 479
f 479 482 480
f 483 484 481
f 481 484 482
f 403 402 485
f 485 402 486
f 487 488 483
f 483 488 484
f 487 489 488
f 488 489 490
f 489 491 490
f 490 491 492
f 491 493 492
f 492 493 494
f 493 495 494
f 494 495 496
f 497 498 481
f 481 498 483
f 484 499 482
f 482 499 367
f 370 480 367
f 367 480 482
f 480 370 477
f 477 370 478
f 500 497 479
f 479 497 481
f 451 473 380
f 380 473 377
f 448 451 379
f 379 451 380
f 501 502 504
f 504 502 503
f 449 505 507
f 507 505 506
f 486 508 505
f 505 508 506
f 508 509 506
f 506 509 510
f 511 507 510
f 510 507 506
f 509 508 512
f 512 508 513
f 515 509 514
f 514 509 512
f 509 515 510
f 510 515 516
f 510 516 511
f 511 516 517
f 486 505 485
f 485 505 518
f 505 449 518
f 518 449 448
f 383 382 403
f 403 382 404
f 363 404 364
f 364 404 382
f 403 485 383
f 383 485 407
f 519 520 361
f 361 520 362
f 522 496 521
f 521 496 495
f 450 474 451
f 451 474 473
f 363 366 523
f 523 366 524
f 525 499 488
f 488 499 484
f 488 490 525
f 525 490 526
f 496 522 520
f 520 522 527
f 494 496 519
f 519 496 520
f 492 494 528
f 528 494 519
f 529 530 495
f 495 530 521
f 490 492 526
f 526 492 528
f 529 495 531
f 531 495 493
f 533 534 532
f 532 534 535
f 523 524 533
f 533 524 534
f 486 402 532
f 532 402 533
f 529 536 530
f 530 536 537
f 536 538 537
f 537 538 539
f 540 541 539
f 539 541 537
f 530 537 535
f 535 537 541
f 542 539 543
f 543 539 538
f 539 542 540
f 540 542 544
f 541 540 513
f 513 540 512
f 540 544 512
f 512 544 514
f 546 547 545
f 545 547 548
f 549 550 531
f 531 550 551
f 550 549 552
f 552 549 553
f 546 550 554
f 554 550 552
f 547 546 555
f 555 546 554
f 498 556 558
f 558 556 557
f 559 557 560
f 560 557 556
f 561 562 560
f 560 562 559
f 557 559 552
f 552 559 554
f 559 562 554
f 554 562 555
f 558 557 553
f 553 557 552
f 475 471 563
f 563 471 564
f 565 563 567
f 567 563 566
f 471 470 564
f 564 470 466
f 564 466 568
f 568 466 465
f 568 465 569
f 569 465 570
f 572 573 571
f 571 573 574
f 569 575 567
f 567 575 576
f 577 565 576
f 576 565 567
f 578 579 581
f 581 579 580
f 575 561 576
f 576 561 560
f 556 577 560
f 560 577 576
f 577 556 497
f 497 556 498
f 565 577 500
f 500 577 497
f 563 565 475
f 475 565 500
f 553 489 558
f 558 489 487
f 531 493 549
f 549 493 491
f 489 553 491
f 491 553 549
f 394 407 518
f 518 407 485
f 518 448 394
f 394 448 379
f 545 548 538
f 538 548 543
f 551 545 536
f 536 545 538
f 536 529 551
f 551 529 531
f 507 582 449
f 449 582 450
f 511 583 507
f 507 583 582
f 511 517 583
f 583 517 584
f 585 586 588
f 588 586 587
f 590 591 589
f 589 591 592
f 591 590 593
f 593 590 594
f 596 597 595
f 595 597 598
f 599 600 602
f 602 600 601
f 604 605 603
f 603 605 606
f 608 609 607
f 607 609 610
f 612 613 611
f 611 613 614
f 615 616 618
f 618 616 617
f 620 621 619
f 619 621 622
f 624 625 623
f 623 625 626
f 628 629 627
f 627 629 630
f 632 633 631
f 631 633 634
f 635 636 638
f 638 636 637
f 639 640 642
f 642 640 641
f 644 645 643
f 643 645 646
f 619 622 647
f 647 622 648
f 650 651 649
f 649 651 652
f 601 653 602
f 602 653 654
f 656 657 655
f 655 657 658
f 660 661 659
f 659 661 662
f 664 665 663
f 663 665 666
f 593 594 667
f 667 594 668
f 669 670 672
f 672 670 671
f 673 674 676
f 676 674 675
f 633 632 677
f 677 632 678
f 663 666 679
f 679 666 680
f 681 682 684
f 684 682 683
f 686 687 685
f 685 687 688
f 690 661 689
f 689 661 691
f 693 686 692
f 692 686 685
f 695 597 694
f 694 597 668
f 594 696 668
f 668 696 694
f 697 698 696
f 696 698 699
f 700 701 697
f 697 701 698
f 702 585 703
f 703 585 588
f 671 690 672
f 672 690 689
f 640 639 704
f 704 639 705
f 679 706 663
f 663 706 658
f 708 709 707
f 707 709 710
f 711 712 610
f 610 712 607
f 713 714 716
f 716 714 715
f 717 718 720
f 720 718 719
f 722 634 721
f 721 634 633
f 724 725 723
f 723 725 726
f 728 729 727
f 727 729 730
f 732 733 731
f 731 733 734
f 707 710 735
f 735 710 736
f 643 737 644
f 644 737 738
f 740 741 739
f 739 741 742
f 608 744 743
f 743 744 745
f 747 748 746
f 746 748 749
f 751 752 750
f 750 752 753
f 754 755 757
f 757 755 756
f 758 759 761
f 761 759 760
f 763 764 762
f 762 764 765
f 767 768 766
f 766 768 769
f 771 772 770
f 770 772 773
f 775 776 774
f 774 776 777
f 779 780 778
f 778 780 781
f 783 712 782
f 782 712 784
f 785 786 788
f 788 786 787
f 790 628 789
f 789 628 627
f 792 793 791
f 791 793 794
f 795 796 726
f 726 796 723
f 798 799 797
f 797 799 800
f 721 633 801
f 801 633 677
f 797 800 802
f 802 800 803
f 805 806 804
f 804 806 807
f 809 810 808
f 808 810 811
f 813 814 812
f 812 814 815
f 809 808 817
f 817 808 816
f 818 819 804
f 804 819 805
f 820 821 818
f 818 821 819
f 821 820 587
f 587 820 822
f 809 823 810
f 810 823 824
f 814 807 815
f 815 807 806
f 826 426 825
f 825 426 223
f 426 826 427
f 427 826 827
f 828 829 454
f 454 829 830
f 831 832 677
f 677 832 801
f 834 835 833
f 833 835 836
f 838 839 837
f 837 839 840
f 841 842 844
f 844 842 843
f 845 846 803
f 803 846 802
f 847 831 678
f 678 831 677
f 848 849 851
f 851 849 850
f 853 854 852
f 852 854 855
f 857 858 856
f 856 858 680
f 860 861 859
f 859 861 862
f 864 865 863
f 863 865 866
f 868 869 867
f 867 869 870
f 839 871 840
f 840 871 872
f 849 848 874
f 874 848 873
f 876 877 875
f 875 877 878
f 880 881 879
f 879 881 882
f 883 884 886
f 886 884 885
f 846 887 802
f 802 887 888
f 890 891 889
f 889 891 888
f 893 894 892
f 892 894 895
f 896 897 728
f 728 897 729
f 899 900 898
f 898 900 901
f 902 852 904
f 904 852 903
f 849 905 850
f 850 905 906
f 875 878 907
f 907 878 908
f 910 911 909
f 909 911 912
f 914 915 913
f 913 915 916
f 917 918 862
f 862 918 859
f 919 920 856
f 856 920 921
f 923 924 922
f 922 924 925
f 926 927 925
f 925 927 922
f 929 930 928
f 928 930 693
f 932 695 931
f 931 695 694
f 823 867 824
f 824 867 933
f 935 936 934
f 934 936 937
f 938 868 823
f 823 868 867
f 940 847 939
f 939 847 678
f 632 655 678
f 678 655 939
f 941 942 619
f 619 942 620
f 687 943 688
f 688 943 944
f 851 850 945
f 945 850 903
f 850 906 903
f 903 906 904
f 946 947 949
f 949 947 948
f 951 952 950
f 950 952 953
f 955 956 954
f 954 956 957
f 907 958 875
f 875 958 874
f 960 961 959
f 959 961 962
f 963 853 902
f 902 853 852
f 909 964 910
f 910 964 965
f 967 968 966
f 966 968 969
f 971 972 970
f 970 972 973
f 974 960 975
f 975 960 959
f 977 978 976
f 976 978 979
f 981 977 980
f 980 977 976
f 980 982 981
f 981 982 983
f 985 983 984
f 984 983 982
f 984 986 985
f 985 986 987
f 989 990 988
f 988 990 991
f 993 994 992
f 992 994 995
f 997 998 996
f 996 998 999
f 1001 1002 1000
f 1000 1002 1003
f 1005 1006 1004
f 1004 1006 1007
f 1004 1008 1005
f 1005 1008 1009
f 1008 1010 1009
f 1009 1010 1011
f 1013 1011 1012
f 1012 1011 1010
f 1014 1015 1017
f 1017 1015 1016
f 1019 1020 1018
f 1018 1020 1021
f 1022 1023 976
f 976 1023 980
f 1024 1025 982
f 982 1025 984
f 992 995 1026
f 1026 995 1027
f 956 955 1028
f 1028 955 1029
f 1030 1031 1033
f 1033 1031 1032
f 1010 1008 1034
f 1034 1008 1035
f 1008 1004 1035
f 1035 1004 1036
f 1037 1038 1002
f 1002 1038 1007
f 1002 1001 1037
f 1037 1001 1039
f 1040 1041 997
f 997 1041 998
f 1015 1014 1043
f 1043 1014 1042
f 1044 1045 1047
f 1047 1045 1046
f 1044 1020 1048
f 1048 1020 1049
f 1050 1051 1003
f 1003 1051 1000
f 1052 1050 1006
f 1006 1050 1003
f 1053 1054 1011
f 1011 1054 1009
f 1013 1045 1055
f 1055 1045 1056
f 1058 1059 1057
f 1057 1059 1060
f 1062 1063 1061
f 1061 1063 1064
f 1065 1066 1050
f 1050 1066 1051
f 1067 1065 1052
f 1052 1065 1050
f 1068 1069 1054
f 1054 1069 1070
f 1071 1068 1053
f 1053 1068 1054
f 1073 1071 1072
f 1072 1071 1074
f 1074 1071 1055
f 1055 1071 1053
f 1076 1077 1075
f 1075 1077 1078
f 1079 1080 1057
f 1057 1080 1058
f 1081 1082 1064
f 1064 1082 1061
f 1084 1085 1083
f 1083 1085 1086
f 1088 1089 1087
f 1087 1089 1090
f 1092 1093 1091
f 1091 1093 1094
f 1096 1097 1095
f 1095 1097 1098
f 1099 1100 1102
f 1102 1100 1101
f 1103 1104 1099
f 1099 1104 1100
f 1106 1107 1105
f 1105 1107 1108
f 1110 1111 1109
f 1109 1111 1112
f 1114 1115 1113
f 1113 1115 1116
f 1118 1119 1117
f 1117 1119 1077
f 1117 1120 1122
f 1122 1120 1121
f 1105 1123 1106
f 1106 1123 1124
f 1125 1126 1128
f 1128 1126 1127
f 1130 1131 1129
f 1129 1131 1132
f 1134 1135 1133
f 1133 1135 1114
f 1113 1136 1114
f 1114 1136 1133
f 1118 1137 1113
f 1113 1137 1136
f 1118 1117 1137
f 1137 1117 1122
f 1139 1140 1138
f 1138 1140 1141
f 1143 953 1142
f 1142 953 952
f 1145 957 1144
f 1144 957 956
f 1028 1146 956
f 956 1146 1144
f 1014 1147 1042
f 1042 1147 1148
f 1014 1017 1147
f 1147 1017 1149
f 1059 1058 1150
f 1150 1058 1151
f 1153 1080 1152
f 1152 1080 1154
f 1156 1088 1155
f 1155 1088 1087
f 1157 1158 1106
f 1106 1158 1107
f 1106 1124 1157
f 1157 1124 1159
f 1161 1162 1160
f 1160 1162 1163
f 1165 1166 1164
f 1164 1166 1167
f 1168 1031 1012
f 1012 1031 1046
f 1024 1023 1035
f 1035 1023 1034
f 1036 1038 1025
f 1025 1038 1169
f 1170 1171 1039
f 1039 1171 1037
f 1028 1029 1042
f 1042 1029 1043
f 1172 1173 1175
f 1175 1173 1174
f 1055 1053 1013
f 1013 1053 1011
f 1005 1009 1070
f 1070 1009 1054
f 996 999 1062
f 1062 999 1063
f 1016 1060 1017
f 1017 1060 1059
f 1017 1059 1149
f 1149 1059 1150
f 1177 1178 1176
f 1176 1178 1103
f 1176 1072 1179
f 1179 1072 1074
f 1073 1102 1086
f 1086 1102 1083
f 1180 1181 1067
f 1067 1181 1065
f 1182 1183 1184
f 1184 1183 1181
f 1186 1187 1185
f 1185 1187 1188
f 1189 1190 798
f 798 1190 799
f 1192 1193 1191
f 1191 1193 1194
f 1195 1196 1194
f 1194 1196 1191
f 1196 1195 1198
f 1198 1195 1197
f 1200 674 1199
f 1199 674 673
f 928 1201 1203
f 1203 1201 1202
f 861 1204 862
f 862 1204 921
f 1205 1206 913
f 913 1206 1207
f 882 1208 879
f 879 1208 1209
f 1210 1211 1167
f 1167 1211 1164
f 1212 769 1213
f 1213 769 768
f 727 1214 728
f 728 1214 1215
f 1217 1218 1216
f 1216 1218 1219
f 1220 813 1221
f 1221 813 812
f 827 828 427
f 427 828 454
f 1223 1224 1222
f 1222 1224 1165
f 1226 1227 1225
f 1225 1227 1228
f 851 1229 848
f 848 1229 1230
f 834 854 835
f 835 854 1231
f 1233 1234 1232
f 1232 1234 1235
f 1237 751 1236
f 1236 751 750
f 743 819 1238
f 1238 819 821
f 1240 1241 1239
f 1239 1241 1242
f 1244 1245 1243
f 1243 1245 1246
f 844 1247 841
f 841 1247 1248
f 1250 1251 1249
f 1249 1251 1252
f 1254 893 1253
f 1253 893 1237
f 1255 1256 1258
f 1258 1256 1257
f 1260 1261 1259
f 1259 1261 1262
f 945 903 855
f 855 903 852
f 855 1263 945
f 945 1263 1264
f 832 845 801
f 801 845 803
f 800 721 803
f 803 721 801
f 721 800 722
f 722 800 799
f 1266 1267 1265
f 1265 1267 1268
f 1270 795 1269
f 1269 795 726
f 725 1271 726
f 726 1271 1269
f 737 765 738
f 738 765 764
f 759 740 760
f 760 740 739
f 717 1272 1274
f 1274 1272 1273
f 1163 1226 1275
f 1275 1226 1225
f 1277 882 1276
f 1276 882 881
f 1041 1040 1027
f 1027 1040 1026
f 900 935 901
f 901 935 934
f 1164 1278 1165
f 1165 1278 1222
f 1211 1279 1164
f 1164 1279 1278
f 442 1280 453
f 453 1280 1281
f 788 1282 785
f 785 1282 1283
f 1285 1286 1284
f 1284 1286 1287
f 1284 1288 1285
f 1285 1288 1289
f 757 1289 754
f 754 1289 1288
f 605 604 675
f 675 604 676
f 1290 1291 1293
f 1293 1291 1292
f 1295 1296 1294
f 1294 1296 1297
f 696 699 694
f 694 699 931
f 1298 1299 592
f 592 1299 589
f 1299 1300 589
f 589 1300 700
f 1300 1301 700
f 700 1301 701
f 743 745 819
f 819 745 805
f 1303 1304 1302
f 1302 1304 1305
f 1306 1307 1305
f 1305 1307 1302
f 609 1298 610
f 610 1298 592
f 587 822 588
f 588 822 1308
f 703 588 1309
f 1309 588 1308
f 1310 703 571
f 571 703 1309
f 1311 1312 789
f 789 1312 790
f 825 223 1313
f 1313 223 220
f 219 1314 220
f 220 1314 1313
f 1315 1316 1311
f 1311 1316 1312
f 1317 1318 1319
f 1319 1318 1241
f 441 1320 442
f 442 1320 1280
f 1321 217 572
f 572 217 216
f 1323 1230 1322
f 1322 1230 1229
f 1324 1325 631
f 631 1325 656
f 1034 1168 1010
f 1010 1168 1012
f 1327 1328 1326
f 1326 1328 1329
f 1331 1202 1330
f 1330 1202 1201
f 571 1309 572
f 572 1309 1321
f 573 572 1332
f 1332 572 216
f 1334 1335 1333
f 1333 1335 1336
f 1337 1338 918
f 918 1338 859
f 1339 863 1340
f 1340 863 866
f 1341 1342 1344
f 1344 1342 1343
f 1345 1346 919
f 919 1346 920
f 1347 1348 673
f 673 1348 1199
f 693 1349 928
f 928 1349 1201
f 1351 1257 1350
f 1350 1257 1256
f 1350 1352 1351
f 1351 1352 1353
f 653 930 654
f 654 930 662
f 1279 1354 1278
f 1278 1354 1355
f 1357 1358 1356
f 1356 1358 1359
f 937 1360 1140
f 1140 1360 1361
f 1225 1228 909
f 909 1228 964
f 901 934 1362
f 1362 934 1139
f 1364 1365 1363
f 1363 1365 1362
f 1367 912 1366
f 1366 912 911
f 1143 1142 1368
f 1368 1142 1369
f 1144 1186 1145
f 1145 1186 1185
f 1146 1175 1144
f 1144 1175 1186
f 1175 1146 1172
f 1172 1146 1148
f 1147 1018 1148
f 1148 1018 1172
f 1018 1147 1019
f 1019 1147 1149
f 1149 1150 1019
f 1019 1150 1370
f 1150 1151 1370
f 1370 1151 1371
f 1151 1153 1371
f 1371 1153 1177
f 1152 1156 1178
f 1178 1156 1372
f 1155 1158 1373
f 1373 1158 1374
f 1157 1159 1376
f 1376 1159 1375
f 1378 1379 1377
f 1377 1379 1380
f 1382 1383 1381
f 1381 1383 1384
f 1382 1386 1385
f 1385 1386 1387
f 1386 1233 1387
f 1387 1233 1232
f 1389 1390 1388
f 1388 1390 1391
f 1393 1394 1392
f 1392 1394 1395
f 1397 1398 1396
f 1396 1398 1399
f 629 1397 630
f 630 1397 1396
f 1342 1400 1343
f 1343 1400 1401
f 1403 1404 1402
f 1402 1404 1405
f 1407 1408 1406
f 1406 1408 1409
f 1411 1412 1410
f 1410 1412 1413
f 793 1414 794
f 794 1414 1415
f 1417 1341 1416
f 1416 1341 1344
f 704 705 1347
f 1347 705 1418
f 741 1419 742
f 742 1419 1420
f 1422 669 1421
f 1421 669 672
f 645 1423 646
f 646 1423 1424
f 1196 1198 614
f 614 1198 611
f 613 1425 614
f 614 1425 1426
f 1427 616 659
f 659 616 660
f 614 1426 1196
f 1196 1426 1191
f 696 594 697
f 697 594 590
f 697 590 700
f 700 590 589
f 703 1310 702
f 702 1310 1428
f 1421 672 1192
f 1192 672 689
f 1271 648 1269
f 1269 648 622
f 621 1270 622
f 622 1270 1269
f 1429 1430 1417
f 1417 1430 1341
f 1431 1432 1434
f 1434 1432 1433
f 1436 1437 1435
f 1435 1437 1438
f 1440 1441 1439
f 1439 1441 1442
f 1443 1444 1446
f 1446 1444 1445
f 823 809 938
f 938 809 817
f 810 1447 811
f 811 1447 1448
f 1449 1450 679
f 679 1450 706
f 913 916 1205
f 1205 916 1451
f 1275 1225 912
f 912 1225 909
f 1452 1453 880
f 880 1453 881
f 1444 1401 1445
f 1445 1401 1400
f 936 1454 937
f 937 1454 1360
f 824 1455 810
f 810 1455 1447
f 631 656 632
f 632 656 655
f 966 1456 967
f 967 1456 1457
f 1459 1460 1458
f 1458 1460 1461
f 1460 1462 1461
f 1461 1462 1463
f 972 974 973
f 973 974 975
f 990 995 991
f 991 995 994
f 1464 1187 1033
f 1033 1187 1174
f 1018 1021 1172
f 1172 1021 1173
f 1000 999 1001
f 1001 999 998
f 976 979 1022
f 1022 979 1032
f 1023 1024 980
f 980 1024 982
f 989 986 1171
f 1171 986 1169
f 1171 1170 989
f 989 1170 990
f 1170 1027 990
f 990 1027 995
f 1041 1039 998
f 998 1039 1001
f 1051 1063 1000
f 1000 1063 999
f 1066 1064 1051
f 1051 1064 1063
f 1183 1081 1066
f 1066 1081 1064
f 1178 1372 1103
f 1103 1372 1104
f 1092 1091 1465
f 1465 1091 1182
f 1467 1465 1466
f 1466 1465 1468
f 1469 1470 1184
f 1184 1470 1468
f 1095 1098 1471
f 1471 1098 1101
f 1076 1374 1120
f 1120 1374 1376
f 1110 1472 1127
f 1127 1472 1132
f 1472 1473 1132
f 1132 1473 1129
f 1474 1475 1466
f 1466 1475 1473
f 1119 1118 1116
f 1116 1118 1113
f 1375 1121 1376
f 1376 1121 1120
f 1127 1132 1128
f 1128 1132 1131
f 1227 1476 1228
f 1228 1476 1361
f 1365 1477 1362
f 1362 1477 872
f 1478 1479 1323
f 1323 1479 1230
f 1480 1481 914
f 914 1481 915
f 913 1277 914
f 914 1277 1276
f 1168 1034 1022
f 1022 1034 1023
f 1035 1036 1024
f 1024 1036 1025
f 1039 1041 1170
f 1170 1041 1027
f 1042 1148 1028
f 1028 1148 1146
f 968 1459 969
f 969 1459 1458
f 1482 1483 664
f 664 1483 665
f 1485 1486 1484
f 1484 1486 1487
f 1489 1490 1488
f 1488 1490 1491
f 1492 1493 722
f 722 1493 634
f 1495 1496 1494
f 1494 1496 1497
f 1498 1207 1339
f 1339 1207 863
f 1224 1499 1165
f 1165 1499 1166
f 1160 1163 1500
f 1500 1163 1275
f 1500 877 1160
f 1160 877 1501
f 876 873 1502
f 1502 873 1479
f 945 1264 851
f 851 1264 1229
f 835 1231 839
f 839 1231 871
f 1503 1283 778
f 778 1283 1282
f 716 715 1505
f 1505 715 1504
f 1446 1445 1507
f 1507 1445 1506
f 779 792 1381
f 1381 792 791
f 1430 1409 1341
f 1341 1409 1342
f 1411 1429 1508
f 1508 1429 1417
f 635 1510 1509
f 1509 1510 1511
f 1377 1380 1315
f 1315 1380 1316
f 1445 1400 1506
f 1506 1400 1408
f 918 917 1336
f 1336 917 1333
f 1513 1514 1512
f 1512 1514 870
f 1515 1516 1363
f 1363 1516 1364
f 1453 1517 881
f 881 1517 1276
f 992 1518 993
f 993 1518 1519
f 1520 1029 1518
f 1518 1029 955
f 1520 1026 1521
f 1521 1026 1040
f 1522 1015 1521
f 1521 1015 1043
f 996 1523 997
f 997 1523 1522
f 1060 1016 1524
f 1524 1016 1523
f 1061 1525 1062
f 1062 1525 1524
f 1079 1527 1526
f 1526 1527 1528
f 1093 1529 1094
f 1094 1529 1528
f 1111 1530 1112
f 1112 1530 1531
f 1532 1533 1105
f 1105 1533 1123
f 934 937 1139
f 1139 937 1140
f 1138 1363 1139
f 1139 1363 1362
f 1534 1222 1355
f 1355 1222 1278
f 1535 1223 1534
f 1534 1223 1222
f 821 587 1238
f 1238 587 586
f 1319 711 1317
f 1317 711 1536
f 1538 1200 1537
f 1537 1200 1199
f 1508 1417 1539
f 1539 1417 1416
f 1540 1541 840
f 840 1541 837
f 1231 898 871
f 871 898 901
f 1500 1275 1367
f 1367 1275 912
f 1543 1379 1542
f 1542 1379 1395
f 1539 772 1508
f 1508 772 1544
f 1546 1403 1545
f 1545 1403 1402
f 1548 1549 1547
f 1547 1549 1550
f 1552 1548 1551
f 1551 1548 1547
f 1554 1555 1553
f 1553 1555 1556
f 1558 1559 1557
f 1557 1559 1560
f 1562 1563 1561
f 1561 1563 1564
f 1566 1567 1565
f 1565 1567 1568
f 1570 1571 1569
f 1569 1571 1572
f 1574 1575 1573
f 1573 1575 1576
f 1577 1578 1572
f 1572 1578 1569
f 1580 1581 1579
f 1579 1581 1582
f 1584 1585 1583
f 1583 1585 1586
f 1588 1555 1587
f 1587 1555 1589
f 1591 1592 1590
f 1590 1592 1593
f 1595 1596 1594
f 1594 1596 1597
f 1596 1581 1597
f 1597 1581 1576
f 1599 1570 1598
f 1598 1570 1569
f 1601 1602 1600
f 1600 1602 1603
f 1605 1606 1604
f 1604 1606 1607
f 1608 1609 1568
f 1568 1609 1565
f 1611 1612 1610
f 1610 1612 1613
f 1615 1616 1614
f 1614 1616 1617
f 1619 1617 1618
f 1618 1617 1616
f 1621 1622 1620
f 1620 1622 1623
f 1625 1626 1624
f 1624 1626 1627
f 1629 1630 1628
f 1628 1630 1631
f 1633 1634 1632
f 1632 1634 1635
f 1636 1637 1639
f 1639 1637 1638
f 1641 1642 1640
f 1640 1642 1643
f 1624 1627 1644
f 1644 1627 1645
f 1647 1648 1646
f 1646 1648 1649
f 1651 1652 1650
f 1650 1652 1653
f 1655 1656 1654
f 1654 1656 1657
f 1659 1660 1658
f 1658 1660 1661
f 1662 1663 1631
f 1631 1663 1628
f 1651 1665 1664
f 1664 1665 1666
f 1667 1656 1619
f 1619 1656 1617
f 1669 1670 1668
f 1668 1670 1671
f 1632 1635 1672
f 1672 1635 1673
f 1674 1675 1638
f 1638 1675 1639
f 1677 1678 1676
f 1676 1678 1679
f 1680 1640 1681
f 1681 1640 1643
f 1682 1683 1643
f 1643 1683 1681
f 1670 1669 1235
f 1235 1669 1232
f 1396 1399 1674
f 1674 1399 1675
f 627 630 1679
f 1679 630 1676
f 1681 1315 1680
f 1680 1315 1311
f 1683 1377 1681
f 1681 1377 1315
f 1672 1673 1387
f 1387 1673 1385
f 1636 1684 1646
f 1646 1684 1685
f 1687 1688 1686
f 1686 1688 1689
f 1585 1690 1586
f 1586 1690 1691
f 1599 1692 1551
f 1551 1692 1693
f 1552 1558 1694
f 1694 1558 1557
f 1696 1615 1695
f 1695 1615 1614
f 1698 1699 1697
f 1697 1699 1623
f 1700 1701 1703
f 1703 1701 1702
f 1705 1706 1704
f 1704 1706 1707
f 1708 1709 1640
f 1640 1709 1641
f 1710 1711 1713
f 1713 1711 1712
f 1652 1655 1653
f 1653 1655 1654
f 1714 1699 1712
f 1712 1699 1713
f 1715 1710 1716
f 1716 1710 1713
f 1717 1708 1680
f 1680 1708 1640
f 1393 1392 1715
f 1715 1392 1710
f 1719 1720 1718
f 1718 1720 1721
f 1680 1311 1717
f 1717 1311 789
f 1378 1711 1392
f 1392 1711 1710
f 1388 1391 1719
f 1719 1391 1720
f 1723 1606 1722
f 1722 1606 1689
f 1725 1568 1724
f 1724 1568 1567
f 1726 1647 1685
f 1685 1647 1646
f 1728 1554 1727
f 1727 1554 1553
f 1591 1687 1600
f 1600 1687 1686
f 1730 1595 1729
f 1729 1595 1594
f 1601 1605 1731
f 1731 1605 1604
f 1733 1663 1732
f 1732 1663 1734
f 1736 1639 1735
f 1735 1639 1675
f 1658 1644 1737
f 1737 1644 1645
f 1726 1662 1724
f 1724 1662 1631
f 1399 1738 1675
f 1675 1738 1735
f 1621 1667 1739
f 1739 1667 1619
f 1714 1740 1620
f 1620 1740 1741
f 1592 1549 1593
f 1593 1549 1742
f 1602 1571 1603
f 1603 1571 1550
f 1688 1690 1689
f 1689 1690 1722
f 1588 1559 1582
f 1582 1559 1579
f 1673 1735 1385
f 1385 1735 1738
f 1387 1232 1672
f 1672 1232 1669
f 1580 1692 1573
f 1573 1692 1743
f 1377 1683 1378
f 1378 1683 1711
f 1664 1666 1744
f 1744 1666 1745
f 1744 1696 1664
f 1664 1696 1695
f 1746 1747 1732
f 1732 1747 1748
f 1749 1750 1677
f 1677 1750 1678
f 1709 1708 1750
f 1750 1708 1678
f 1668 1632 1669
f 1669 1632 1672
f 1633 1746 1734
f 1734 1746 1732
f 1679 1678 1717
f 1717 1678 1708
f 789 627 1717
f 1717 627 1679
f 1563 1723 1564
f 1564 1723 1722
f 1728 1584 1751
f 1751 1584 1583
f 1674 1676 1396
f 1396 1676 630
f 1666 1566 1745
f 1745 1566 1565
f 1627 1629 1645
f 1645 1629 1628
f 1637 1749 1638
f 1638 1749 1677
f 1648 1665 1649
f 1649 1665 1752
f 1740 1642 1741
f 1741 1642 1657
f 1676 1674 1677
f 1677 1674 1638
f 1683 1682 1711
f 1711 1682 1712
f 1618 1753 1619
f 1619 1753 1739
f 1701 1739 1702
f 1702 1739 1753
f 1754 1214 1756
f 1756 1214 1755
f 647 1757 619
f 619 1757 941
f 1759 1193 1758
f 1758 1193 691
f 1419 1760 1420
f 1420 1760 1761
f 682 1762 683
f 683 1762 1763
f 1412 780 1413
f 1413 780 1384
f 1383 1398 1384
f 1384 1398 1413
f 1197 1424 1764
f 1764 1424 1423
f 1537 1287 1538
f 1538 1287 1286
f 1634 1684 1635
f 1635 1684 1736
f 1724 1631 1725
f 1725 1631 1630
f 1562 1730 1610
f 1610 1730 1729
f 1735 1673 1736
f 1736 1673 1635
f 1757 1195 941
f 941 1195 1194
f 1766 200 1765
f 1765 200 199
f 475 500 476
f 476 500 479
f 498 558 483
f 483 558 487
f 545 551 546
f 546 551 550
f 453 1281 219
f 219 1281 1314
f 298 453 208
f 208 453 219
f 368 1765 1767
f 1767 1765 199
f 523 405 363
f 363 405 404
f 523 533 405
f 405 533 402
f 298 208 299
f 299 208 207
f 299 207 176
f 176 207 300
f 176 300 173
f 173 300 202
f 173 202 174
f 174 202 201
f 1337 918 1768
f 1768 918 1336
f 1769 1770 1338
f 1338 1770 859
f 581 570 578
f 578 570 1771
f 555 562 580
f 580 562 561
f 504 1772 501
f 501 1772 548
f 517 542 584
f 584 542 543
f 515 514 516
f 516 514 544
f 542 517 544
f 544 517 516
f 561 575 580
f 580 575 581
f 575 569 581
f 581 569 570
f 501 548 1773
f 1773 548 547
f 1774 1775 570
f 570 1775 1771
f 369 368 1776
f 1776 368 1767
f 372 369 375
f 375 369 1776
f 822 1280 1308
f 1308 1280 1320
f 820 1281 822
f 822 1281 1280
f 818 1314 820
f 820 1314 1281
f 1314 818 1313
f 1313 818 804
f 807 814 825
f 825 814 826
f 814 813 826
f 826 813 827
f 813 1220 827
f 827 1220 828
f 580 579 555
f 555 579 547
f 1477 1540 872
f 872 1540 840
f 367 499 368
f 368 499 1765
f 1766 1765 525
f 525 1765 499
f 1777 1766 526
f 526 1766 525
f 520 527 362
f 362 527 384
f 361 1778 519
f 519 1778 528
f 371 1779 372
f 372 1779 369
f 369 1779 370
f 370 1779 478
f 1779 371 478
f 478 371 374
f 1778 1777 528
f 528 1777 526
f 1781 1782 1780
f 1780 1782 1783
f 431 460 67
f 67 460 64
f 68 338 74
f 74 338 72
f 1785 1782 1784
f 1784 1782 1786
f 1787 1788 1790
f 1790 1788 1789
f 1792 1789 1791
f 1791 1789 1793
f 1791 1794 1792
f 1792 1794 1795
f 1794 1796 1795
f 1795 1796 1797
f 1797 1798 938
f 938 1798 868
f 1798 1799 868
f 868 1799 869
f 1801 1802 1800
f 1800 1802 1451
f 1803 1804 1205
f 1205 1804 1206
f 1805 1806 864
f 864 1806 865
f 1806 1807 865
f 865 1807 1808
f 68 71 338
f 287 328 288
f 1320 1321 1308
f 1308 1321 1309
f 1320 441 1321
f 1321 441 217
f 441 152 217
f 217 152 218
f 151 286 152
f 152 286 218
f 297 310 151
f 151 310 286
f 296 307 297
f 297 307 310
f 296 143 307
f 307 143 284
f 143 56 284
f 284 56 104
f 56 59 104
f 104 59 63
f 59 102 63
f 63 102 60
f 102 94 60
f 60 94 282
f 93 459 279
f 279 459 77
f 459 460 77
f 77 460 78
f 460 431 78
f 78 431 295
f 431 49 295
f 295 49 292
f 48 421 49
f 49 421 292
f 276 278 418
f 418 278 429
f 317 432 278
f 278 432 429
f 432 317 433
f 433 317 316
f 326 324 316
f 316 324 433
f 1536 592 1809
f 1809 592 591
f 1810 744 1812
f 1812 744 1811
f 1814 1815 1813
f 1813 1815 1816
f 1817 748 1818
f 1818 748 747
f 1812 1819 1810
f 1810 1819 1817
f 1820 1821 748
f 748 1821 749
f 1823 1824 1822
f 1822 1824 1825
f 1827 1828 1826
f 1826 1828 1829
f 1831 1832 1830
f 1830 1832 1833
f 1834 1827 1243
f 1243 1827 1826
f 1313 804 825
f 825 804 807
f 1835 1253 1236
f 1236 1253 1237
f 1836 1837 1438
f 1438 1837 1435
f 1838 1505 1840
f 1840 1505 1839
f 1841 1842 716
f 716 1842 713
f 1843 1844 1510
f 1510 1844 1845
f 1847 1848 1846
f 1846 1848 1849
f 1850 1240 1822
f 1822 1240 1239
f 636 1831 637
f 637 1831 1830
f 1852 1853 1851
f 1851 1853 1854
f 1855 1856 1858
f 1858 1856 1857
f 1846 1849 1859
f 1859 1849 1860
f 1343 1401 1509
f 1509 1401 1861
f 1509 1861 635
f 635 1861 636
f 1863 1864 1862
f 1862 1864 1865
f 1283 1503 1867
f 1867 1503 1866
f 1868 1867 681
f 681 1867 682
f 1286 1285 683
f 683 1285 684
f 757 756 1274
f 1274 756 1869
f 1274 1869 717
f 717 1869 718
f 1434 1433 719
f 719 1433 720
f 1200 1538 1545
f 1545 1538 1763
f 1285 1289 684
f 684 1289 1273
f 684 1273 681
f 681 1273 1272
f 785 1283 1868
f 1868 1283 1867
f 786 785 1870
f 1870 785 1868
f 1289 757 1273
f 1273 757 1274
f 1539 1416 1871
f 1871 1416 1872
f 773 1871 1403
f 1403 1871 1404
f 675 674 1405
f 1405 674 1402
f 1864 1873 1865
f 1865 1873 1874
f 638 1843 635
f 635 1843 1510
f 1344 1343 1511
f 1511 1343 1509
f 772 1539 773
f 773 1539 1871
f 674 1200 1402
f 1402 1200 1545
f 1538 1286 1763
f 1763 1286 683
f 1444 1443 1875
f 1875 1443 1876
f 1875 1876 1831
f 1831 1876 1832
f 1416 1344 1872
f 1872 1344 1511
f 1877 1878 774
f 774 1878 1879
f 1878 1847 1879
f 1879 1847 1846
f 1880 714 1881
f 1881 714 1848
f 1401 1444 1861
f 1861 1444 1875
f 1861 1875 636
f 636 1875 1831
f 1823 1863 1882
f 1882 1863 1862
f 1441 1440 1884
f 1884 1440 1883
f 1883 1852 1884
f 1884 1852 1851
f 1886 1887 1885
f 1885 1887 1888
f 1358 1889 1359
f 1359 1889 1890
f 1891 1886 1892
f 1892 1886 1885
f 774 1879 775
f 775 1879 1893
f 1859 1893 1846
f 1846 1893 1879
f 713 1842 1849
f 1849 1842 1860
f 1318 1895 1894
f 1894 1895 1896
f 1873 1897 1874
f 1874 1897 1898
f 1898 605 1899
f 1899 605 675
f 1405 1844 675
f 675 1844 1899
f 1404 1845 1405
f 1405 1845 1844
f 593 1296 591
f 591 1296 1809
f 1295 1292 1900
f 1900 1292 1895
f 606 1897 1291
f 1291 1897 1896
f 1510 1845 1511
f 1511 1845 1872
f 1871 1872 1404
f 1404 1872 1845
f 1866 770 1762
f 1762 770 1546
f 1762 682 1866
f 1866 682 1867
f 1870 1868 1272
f 1272 1868 681
f 1272 717 1870
f 1870 717 720
f 1870 720 786
f 786 720 1433
f 786 1433 787
f 787 1433 1432
f 1261 1414 1432
f 1432 1414 787
f 1389 1234 1260
f 1260 1234 1415
f 1719 1670 1388
f 1388 1670 1235
f 1718 1671 1719
f 1719 1671 1670
f 1705 1747 1718
f 1718 1747 1671
f 1659 1901 1704
f 1704 1901 1748
f 1877 1903 1902
f 1902 1903 1904
f 1259 1905 1390
f 1390 1905 1394
f 1715 1720 1393
f 1393 1720 1391
f 1716 1721 1715
f 1715 1721 1720
f 1698 1706 1716
f 1716 1706 1721
f 277 276 47
f 47 276 48
f 84 96 81
f 81 96 82
f 80 70 81
f 81 70 85
f 99 97 88
f 88 97 89
f 90 100 88
f 88 100 99
f 101 95 102
f 102 95 94
f 1906 1907 280
f 280 1907 281
f 97 86 89
f 89 86 85
f 60 282 61
f 61 282 281
f 83 82 46
f 46 82 47
f 293 292 420
f 420 292 421
f 419 1908 420
f 420 1908 1909
f 92 95 91
f 91 95 90
f 279 282 93
f 93 282 94
f 276 418 48
f 48 418 421
f 1910 1660 1697
f 1697 1660 1707
f 1703 1624 1700
f 1700 1624 1644
f 1622 1910 1623
f 1623 1910 1697
f 1701 1700 1911
f 1911 1700 1661
f 1700 1644 1661
f 1661 1644 1658
f 1901 1737 1733
f 1733 1737 1645
f 1625 1912 1604
f 1604 1912 1731
f 1912 1913 1731
f 1731 1913 1914
f 1913 1577 1914
f 1914 1577 1572
f 1915 1578 1616
f 1616 1578 1618
f 1915 1916 1598
f 1598 1916 1743
f 1916 1574 1743
f 1743 1574 1573
f 1575 1917 1576
f 1576 1917 1597
f 1917 1609 1597
f 1597 1609 1594
f 1608 1611 1729
f 1729 1611 1610
f 1918 1612 1629
f 1629 1612 1630
f 1626 1918 1627
f 1627 1918 1629
f 1920 1921 1919
f 1919 1921 1922
f 1920 1924 1923
f 1923 1924 1925
f 1926 1927 1924
f 1924 1927 1925
f 1929 1930 1928
f 1928 1930 1931
f 1932 1933 1935
f 1935 1933 1934
f 1937 1938 1936
f 1936 1938 1939
f 1941 1942 1940
f 1940 1942 1943
f 1941 1945 1944
f 1944 1945 1946
f 1947 1948 1694
f 1694 1948 1949
f 1950 1951 1953
f 1953 1951 1952
f 1955 1956 1954
f 1954 1956 1589
f 1958 1956 1957
f 1957 1956 1932
f 1960 1934 1959
f 1959 1934 1933
f 1962 1963 1961
f 1961 1963 1964
f 1965 1955 1751
f 1751 1955 1954
f 1935 1930 1932
f 1932 1930 1957
f 1951 1950 1926
f 1926 1950 1929
f 1966 1967 1593
f 1593 1967 1590
f 1969 1967 1968
f 1968 1967 1964
f 1962 1921 1970
f 1970 1921 1971
f 1963 1945 1964
f 1964 1945 1968
f 1972 1948 1922
f 1922 1948 1919
f 1966 1972 1961
f 1961 1972 1922
f 1958 1953 1587
f 1587 1953 1560
f 1974 1975 1973
f 1973 1975 1976
f 1978 1979 1977
f 1977 1979 1691
f 1979 1975 1691
f 1691 1975 1586
f 1938 1942 1939
f 1939 1942 1980
f 1952 1947 1557
f 1557 1947 1694
f 1969 1978 1981
f 1981 1978 1977
f 1983 1984 1982
f 1982 1984 1985
f 1986 1987 1989
f 1989 1987 1988
f 1990 1991 1983
f 1983 1991 1984
f 1990 1993 1992
f 1992 1993 1994
f 1995 1996 1994
f 1994 1996 1997
f 1999 2000 1998
f 1998 2000 2001
f 2003 2004 2002
f 2002 2004 2005
f 2007 2008 2006
f 2006 2008 2009
f 2011 2012 2010
f 2010 2012 2013
f 2014 2015 2017
f 2017 2015 2016
f 2018 2019 2021
f 2021 2019 2020
f 2022 1989 2024
f 2024 1989 2023
f 1989 1988 2023
f 2023 1988 2025
f 2026 2027 2017
f 2017 2027 2014
f 2029 2030 2028
f 2028 2030 2031
f 2033 2034 2032
f 2032 2034 2035
f 2032 2035 2036
f 2036 2035 2037
f 2039 2040 2038
f 2038 2040 2041
f 1982 2042 1983
f 1983 2042 2043
f 2045 2046 2044
f 2044 2046 2047
f 2049 2050 2048
f 2048 2050 2051
f 2053 2054 2052
f 2052 2054 2055
f 2057 2058 2056
f 2056 2058 2059
f 2060 2061 2033
f 2033 2061 2034
f 2063 2064 2062
f 2062 2064 2065
f 2066 2035 2067
f 2067 2035 2034
f 2069 2039 2068
f 2068 2039 2038
f 2025 2070 2023
f 2023 2070 2071
f 2072 2024 2071
f 2071 2024 2023
f 2074 2020 2073
f 2073 2020 2019
f 2050 2049 2047
f 2047 2049 2075
f 1983 2043 1990
f 1990 2043 1993
f 2006 2050 2007
f 2007 2050 2076
f 2050 2006 2051
f 2051 2006 2077
f 2079 2080 2078
f 2078 2080 2081
f 2082 2083 2085
f 2085 2083 2084
f 2010 2013 2086
f 2086 2013 2087
f 2089 2033 2088
f 2088 2033 2032
f 2090 2060 2089
f 2089 2060 2033
f 2092 2093 2091
f 2091 2093 2094
f 2096 1986 2095
f 2095 1986 2097
f 2097 1986 2022
f 2022 1986 1989
f 2015 2094 2016
f 2016 2094 2098
f 2016 2098 2100
f 2100 2098 2099
f 2017 2016 2101
f 2101 2016 2100
f 2017 2101 2026
f 2026 2101 2102
f 2100 2099 2104
f 2104 2099 2103
f 2104 2105 2100
f 2100 2105 2101
f 2105 2106 2101
f 2101 2106 2102
f 2108 2061 2107
f 2107 2061 2109
f 2111 2112 2110
f 2110 2112 2020
f 2020 2074 2110
f 2110 2074 2113
f 2115 2116 2114
f 2114 2116 2117
f 2118 2119 1995
f 1995 2119 2120
f 2121 2122 2027
f 2027 2122 2014
f 2047 2075 2044
f 2044 2075 2123
f 2124 2125 2127
f 2127 2125 2126
f 2129 2130 2128
f 2128 2130 2131
f 2132 2133 2057
f 2057 2133 2058
f 2134 1999 2136
f 2136 1999 2135
f 2055 2138 2137
f 2137 2138 2139
f 2141 2142 2140
f 2140 2142 2143
f 2083 2082 2064
f 2064 2082 2065
f 2082 2144 2065
f 2065 2144 2145
f 2040 2146 2041
f 2041 2146 2147
f 2060 2090 2148
f 2148 2090 2149
f 2048 2051 2137
f 2137 2051 2150
f 2151 1997 2135
f 2135 1997 1996
f 2152 2150 2077
f 2077 2150 2051
f 2046 2045 2118
f 2118 2045 2119
f 2154 2155 2153
f 2153 2155 2156
f 2158 2159 2157
f 2157 2159 2160
f 2162 2163 2161
f 2161 2163 2164
f 2164 2163 2165
f 2165 2163 2166
f 2168 2169 2167
f 2167 2169 2170
f 2003 2172 2171
f 2171 2172 2173
f 2174 2175 2002
f 2002 2175 2176
f 2145 2177 2065
f 2065 2177 2062
f 2178 2179 2180
f 2180 2179 2134
f 2181 2052 2152
f 2152 2052 2150
f 2040 2127 2146
f 2146 2127 2182
f 2130 2162 2131
f 2131 2162 2161
f 2052 2055 2150
f 2150 2055 2137
f 2184 2185 2183
f 2183 2185 2186
f 2159 2030 2160
f 2160 2030 2187
f 2146 2182 2029
f 2029 2182 2188
f 2189 2190 2192
f 2192 2190 2191
f 2172 2003 2176
f 2176 2003 2002
f 1998 2151 1999
f 1999 2151 2135
f 2177 2172 2062
f 2062 2172 2176
f 2172 2177 2173
f 2173 2177 2193
f 2063 2194 2064
f 2064 2194 2195
f 2066 2197 2196
f 2196 2197 2198
f 2002 2005 2174
f 2174 2005 2199
f 2004 2003 2200
f 2200 2003 2171
f 2198 2201 2171
f 2171 2201 2200
f 2197 2202 2198
f 2198 2202 2201
f 2202 2197 2203
f 2203 2197 2204
f 2196 2198 2173
f 2173 2198 2171
f 2205 2069 2170
f 2170 2069 2206
f 2197 2066 2204
f 2204 2066 2067
f 2107 2207 2108
f 2108 2207 2208
f 2210 2208 2209
f 2209 2208 2207
f 2185 2211 2212
f 2213 2214 2211
f 2211 2214 2212
f 1998 2001 2213
f 2213 2001 2214
f 2134 2215 1999
f 1999 2215 2000
f 2216 2217 2219
f 2219 2217 2218
f 2206 2220 2170
f 2170 2220 2167
f 2069 2068 2206
f 2206 2068 2221
f 2151 1998 2222
f 2222 1998 2213
f 2124 2039 2205
f 2205 2039 2069
f 2142 2223 2143
f 2143 2223 2128
f 2203 2186 2202
f 2202 2186 2185
f 2185 2184 2211
f 2211 2184 2224
f 2224 2225 2222
f 2222 2225 2226
f 2071 2227 2072
f 2072 2227 2228
f 2229 2074 2230
f 2230 2074 2073
f 2074 2229 2113
f 2113 2229 2231
f 2232 2225 2227
f 2227 2225 2224
f 2233 2234 2031
f 2031 2234 2028
f 2236 2231 2235
f 2235 2231 2229
f 2230 2183 2229
f 2229 2183 2235
f 2237 1987 2096
f 2096 1987 1986
f 2152 2238 2181
f 2181 2238 2239
f 2080 2240 2081
f 2081 2240 2241
f 2236 2242 1971
f 1971 2242 1970
f 1925 2113 1923
f 1923 2113 2231
f 2110 1927 2111
f 2111 1927 1928
f 2103 2111 1931
f 1931 2111 1928
f 1931 2243 2103
f 2103 2243 2104
f 2105 2104 2244
f 2244 2104 2243
f 1939 1980 2148
f 2148 1980 2109
f 1980 1944 2109
f 2109 1944 2107
f 1946 2245 2207
f 2207 2245 2209
f 2245 1970 2209
f 2209 1970 2242
f 2231 2236 1923
f 1923 2236 1971
f 2113 1925 2110
f 2110 1925 1927
f 2234 2246 2028
f 2028 2246 2147
f 2247 2248 2058
f 2058 2248 2059
f 2114 2117 2249
f 2249 2117 2250
f 2252 2253 2251
f 2251 2253 2254
f 2094 2015 2091
f 2091 2015 2255
f 2256 2255 2014
f 2014 2255 2015
f 2257 2145 2258
f 2258 2145 2144
f 2131 2161 2123
f 2123 2161 2044
f 2045 2044 2164
f 2164 2044 2161
f 2045 2164 2119
f 2119 2164 2165
f 2259 2120 2165
f 2165 2120 2119
f 2260 2261 2259
f 2259 2261 2120
f 2205 2262 2124
f 2124 2262 2125
f 2180 2263 2178
f 2178 2263 2264
f 2265 2266 2092
f 2092 2266 2093
f 1992 2267 2268
f 2184 2228 2224
f 2224 2228 2227
f 2048 2269 2049
f 2049 2269 2141
f 2129 2168 2157
f 2157 2168 2167
f 2049 2141 2075
f 2075 2141 2140
f 2199 2215 2270
f 2270 2215 2271
f 2142 2141 2272
f 2272 2141 2269
f 2089 2026 2090
f 2090 2026 2102
f 2146 2029 2147
f 2147 2029 2028
f 2111 2103 2112
f 2112 2103 2099
f 2061 2060 2109
f 2109 2060 2148
f 2273 2274 2041
f 2041 2274 2038
f 2260 2275 2261
f 2261 2275 2136
f 2057 2138 2132
f 2132 2138 2276
f 2272 2269 2056
f 2056 2269 2139
f 2277 2278 2270
f 2270 2278 2199
f 2029 2188 2030
f 2030 2188 2187
f 2040 2039 2127
f 2127 2039 2124
f 2064 2195 2083
f 2083 2195 2279
f 2056 2139 2057
f 2057 2139 2138
f 2278 2277 2247
f 2247 2277 2248
f 2062 2176 2063
f 2063 2176 2175
f 2280 2210 2242
f 2242 2210 2209
f 2282 2233 2281
f 2281 2233 2031
f 2216 2219 2283
f 2283 2219 2221
f 2158 2220 2218
f 2218 2220 2219
f 2217 2282 2218
f 2218 2282 2281
f 2220 2158 2167
f 2167 2158 2157
f 2223 2264 2128
f 2128 2264 2263
f 2261 1996 2120
f 2120 1996 1995
f 2213 2211 2222
f 2222 2211 2224
f 2283 2221 2284
f 2284 2221 2068
f 2135 1996 2136
f 2136 1996 2261
f 2144 2081 2258
f 2258 2081 2241
f 2235 2280 2236
f 2236 2280 2242
f 2246 2273 2147
f 2147 2273 2041
f 2036 2285 2032
f 2032 2285 2088
f 2077 2286 2152
f 2152 2286 2238
f 1937 1960 1973
f 1973 1960 1959
f 2070 2232 2071
f 2071 2232 2227
f 2244 2287 2105
f 2105 2287 2106
f 1936 1939 2149
f 2149 1939 2148
f 1944 1946 2107
f 2107 1946 2207
f 2285 2121 2088
f 2088 2121 2027
f 2253 2249 2254
f 2254 2249 2250
f 2006 2009 2077
f 2077 2009 2286
f 2289 2086 2288
f 2288 2086 2087
f 2223 2142 2290
f 2290 2142 2272
f 2128 2131 2143
f 2143 2131 2123
f 2156 2291 2153
f 2153 2291 2175
f 2292 2293 2278
f 2278 2293 2294
f 2075 2140 2123
f 2123 2140 2143
f 2262 2169 2275
f 2275 2169 2180
f 2275 2180 2136
f 2136 2180 2134
f 2274 2284 2038
f 2038 2284 2068
f 2127 2126 2182
f 2182 2126 2166
f 2094 2093 2098
f 2098 2093 2021
f 2098 2021 2099
f 2099 2021 2112
f 2018 2021 2266
f 2266 2021 2093
f 2251 2289 2252
f 2252 2289 2288
f 1997 2151 2226
f 2226 2151 2222
f 2206 2221 2220
f 2220 2221 2219
f 2269 2048 2139
f 2139 2048 2137
f 2159 2158 2281
f 2281 2158 2218
f 2156 2155 2190
f 2190 2155 2191
f 1974 1965 1583
f 1583 1965 1751
f 2088 2027 2089
f 2089 2027 2026
f 2030 2159 2031
f 2031 2159 2281
f 2106 2149 2102
f 2102 2149 2090
f 2287 1936 2106
f 2106 1936 2149
f 2293 2154 2294
f 2294 2154 2153
f 2021 2020 2112
f 2247 2295 2278
f 2278 2295 2292
f 2284 2296 2283
f 2283 2296 2297
f 2298 2296 2274
f 2274 2296 2284
f 2273 2299 2274
f 2274 2299 2298
f 2246 2300 2273
f 2273 2300 2299
f 2283 2297 2216
f 2216 2297 2301
f 2216 2301 2217
f 2217 2301 2302
f 2302 2303 2217
f 2217 2303 2282
f 2304 2301 2305
f 2305 2301 2297
f 2307 2308 2306
f 2306 2308 2309
f 2306 2310 2307
f 2307 2310 2311
f 2307 2312 2308
f 2308 2312 2313
f 2314 2315 2312
f 2312 2315 2316
f 2316 2317 2312
f 2312 2317 2313
f 2317 2305 2313
f 2313 2305 2318
f 2314 2312 2311
f 2311 2312 2307
f 2319 2320 2322
f 2322 2320 2321
f 2322 2311 2319
f 2319 2311 2310
f 2313 2318 2308
f 2308 2318 2309
f 2296 2298 2318
f 2318 2298 2309
f 2309 2298 2323
f 2323 2298 2299
f 2306 2309 2324
f 2324 2309 2323
f 2310 2306 2325
f 2325 2306 2324
f 2296 2318 2297
f 2297 2318 2305
f 2319 2310 2326
f 2326 2310 2325
f 2328 2325 2327
f 2327 2325 2324
f 2325 2328 2326
f 2326 2328 2329
f 2331 2328 2330
f 2330 2328 2327
f 2332 2333 2327
f 2327 2333 2330
f 2328 2331 2329
f 2329 2331 2334
f 2324 2323 2327
f 2327 2323 2332
f 2300 2332 2299
f 2299 2332 2323
f 2326 2335 2319
f 2319 2335 2320
f 2305 2317 2336
f 2336 2317 2316
f 2336 2316 2337
f 2337 2316 2315
f 2338 2304 2336
f 2336 2304 2305
f 2337 2339 2336
f 2336 2339 2338
f 2337 2315 2341
f 2341 2315 2340
f 2342 2300 2234
f 2234 2300 2246
f 2303 2343 2282
f 2282 2343 2233
f 2234 2233 2342
f 2342 2233 2343
f 2342 2343 2333
f 2333 2343 2344
f 2333 2344 2330
f 2330 2344 2345
f 2346 2344 2303
f 2303 2344 2343
f 2332 2300 2333
f 2333 2300 2342
f 2347 2346 2302
f 2302 2346 2303
f 2301 2304 2302
f 2302 2304 2347
f 2304 2338 2347
f 2347 2338 2348
f 2348 2349 2347
f 2347 2349 2346
f 2350 2351 2348
f 2348 2351 2349
f 2349 2345 2346
f 2346 2345 2344
f 2345 2349 2352
f 2352 2349 2351
f 2338 2339 2348
f 2348 2339 2350
f 2350 2339 2353
f 2353 2339 2354
f 2356 2357 2355
f 2355 2357 2353
f 2351 2350 2357
f 2357 2350 2353
f 2353 2354 2355
f 2355 2354 2335
f 2320 2335 2341
f 2341 2335 2354
f 2339 2337 2354
f 2354 2337 2341
f 2352 2331 2345
f 2345 2331 2330
f 2356 2334 2352
f 2352 2334 2331
f 2356 2352 2357
f 2357 2352 2351
f 2355 2329 2356
f 2356 2329 2334
f 2335 2326 2355
f 2355 2326 2329
f 2321 2314 2322
f 2322 2314 2311
f 2321 2320 2340
f 2340 2320 2341
f 2315 2314 2340
f 2340 2314 2321
f 2125 2260 2126
f 2126 2260 2259
f 2157 2160 2129
f 2129 2160 2130
f 2188 2163 2187
f 2187 2163 2162
f 2182 2166 2188
f 2188 2166 2163
f 2180 2169 2263
f 2263 2169 2168
f 2160 2187 2130
f 2130 2187 2162
f 2275 2260 2262
f 2262 2260 2125
f 2128 2263 2129
f 2129 2263 2168
f 2262 2205 2169
f 2169 2205 2170
f 2165 2166 2259
f 2259 2166 2126
f 2359 2360 2358
f 2358 2360 2361
f 2363 2364 2362
f 2362 2364 2365
f 2367 2363 2366
f 2366 2363 2362
f 2368 2369 2371
f 2371 2369 2370
f 2372 2373 2248
f 2248 2373 2059
f 2364 2374 2365
f 2365 2374 2375
f 2377 2378 2376
f 2376 2378 2379
f 2290 2380 2223
f 2223 2380 2381
f 2223 2381 2264
f 2264 2381 2382
f 2384 2385 2383
f 2383 2385 2386
f 2364 2371 2374
f 2374 2371 2387
f 2059 2373 2290
f 2290 2373 2380
f 2378 2360 2379
f 2379 2360 2388
f 2374 2387 2359
f 2359 2387 2389
f 2390 2367 2386
f 2386 2367 2391
f 2393 2394 2392
f 2392 2394 2395
f 2386 2391 2383
f 2383 2391 2396
f 2367 2366 2391
f 2391 2366 2397
f 2363 2367 2368
f 2368 2367 2390
f 2398 2399 2361
f 2361 2399 2358
f 2399 2400 2358
f 2358 2400 2375
f 2390 2401 2368
f 2368 2401 2369
f 2372 2384 2376
f 2376 2384 2383
f 2374 2359 2375
f 2375 2359 2358
f 2402 2403 2365
f 2365 2403 2362
f 2359 2389 2360
f 2360 2389 2388
f 2364 2363 2371
f 2371 2363 2368
f 2405 2398 2404
f 2404 2398 2361
f 2392 2395 2406
f 2406 2395 2397
f 2377 2396 2394
f 2394 2396 2395
f 2394 2393 2404
f 2404 2393 2405
f 2396 2377 2383
f 2383 2377 2376
f 2406 2397 2407
f 2407 2397 2366
f 2400 2402 2375
f 2375 2402 2365
f 2385 2270 2401
f 2401 2270 2271
f 2403 2407 2362
f 2362 2407 2366
f 2371 2370 2387
f 2387 2370 2382
f 2391 2397 2396
f 2396 2397 2395
f 2378 2377 2404
f 2404 2377 2394
f 2360 2378 2361
f 2361 2378 2404
f 2407 2408 2406
f 2406 2408 2409
f 2410 2408 2403
f 2403 2408 2407
f 2411 2410 2402
f 2402 2410 2403
f 2412 2411 2400
f 2400 2411 2402
f 2406 2409 2392
f 2392 2409 2413
f 2392 2413 2393
f 2393 2413 2414
f 2415 2405 2414
f 2414 2405 2393
f 2416 2413 2417
f 2417 2413 2409
f 2419 2420 2418
f 2418 2420 2421
f 2420 2422 2421
f 2421 2422 2423
f 2420 2424 2422
f 2422 2424 2425
f 2426 2427 2424
f 2424 2427 2428
f 2428 2429 2424
f 2424 2429 2425
f 2426 2424 2419
f 2419 2424 2420
f 2419 2418 2431
f 2431 2418 2430
f 2425 2432 2422
f 2422 2432 2423
f 2408 2410 2432
f 2432 2410 2423
f 2423 2410 2433
f 2433 2410 2411
f 2421 2423 2434
f 2434 2423 2433
f 2435 2418 2434
f 2434 2418 2421
f 2429 2417 2425
f 2425 2417 2432
f 2408 2432 2409
f 2409 2432 2417
f 2418 2435 2430
f 2430 2435 2436
f 2438 2435 2437
f 2437 2435 2434
f 2435 2438 2436
f 2436 2438 2439
f 2441 2438 2440
f 2440 2438 2437
f 2442 2443 2437
f 2437 2443 2440
f 2439 2438 2444
f 2444 2438 2441
f 2433 2442 2434
f 2434 2442 2437
f 2412 2442 2411
f 2411 2442 2433
f 2436 2445 2430
f 2430 2445 2446
f 2430 2446 2431
f 2431 2446 2447
f 2417 2429 2448
f 2448 2429 2428
f 2427 2449 2428
f 2428 2449 2448
f 2450 2416 2448
f 2448 2416 2417
f 2451 2450 2449
f 2449 2450 2448
f 2427 2452 2449
f 2449 2452 2453
f 2447 2446 2452
f 2452 2446 2453
f 2454 2412 2399
f 2399 2412 2400
f 2415 2455 2405
f 2405 2455 2398
f 2399 2398 2454
f 2454 2398 2455
f 2454 2455 2443
f 2443 2455 2456
f 2443 2456 2440
f 2440 2456 2457
f 2458 2456 2415
f 2415 2456 2455
f 2443 2442 2454
f 2454 2442 2412
f 2459 2458 2414
f 2414 2458 2415
f 2413 2416 2414
f 2414 2416 2459
f 2459 2416 2460
f 2460 2416 2450
f 2460 2461 2459
f 2459 2461 2458
f 2462 2463 2460
f 2460 2463 2461
f 2461 2457 2458
f 2458 2457 2456
f 2457 2461 2464
f 2464 2461 2463
f 2451 2462 2450
f 2450 2462 2460
f 2462 2451 2465
f 2465 2451 2466
f 2468 2469 2467
f 2467 2469 2465
f 2463 2462 2469
f 2469 2462 2465
f 2465 2466 2467
f 2467 2466 2445
f 2446 2445 2453
f 2453 2445 2466
f 2451 2449 2466
f 2466 2449 2453
f 2464 2441 2457
f 2457 2441 2440
f 2468 2444 2464
f 2464 2444 2441
f 2468 2464 2469
f 2469 2464 2463
f 2467 2439 2468
f 2468 2439 2444
f 2445 2436 2467
f 2467 2436 2439
f 2447 2426 2431
f 2431 2426 2419
f 2427 2426 2452
f 2452 2426 2447
f 2369 2179 2370
f 2370 2179 2178
f 2376 2379 2372
f 2372 2379 2373
f 2389 2381 2388
f 2388 2381 2380
f 2387 2382 2389
f 2389 2382 2381
f 2270 2385 2277
f 2277 2385 2384
f 2379 2388 2373
f 2373 2388 2380
f 2401 2271 2369
f 2369 2271 2179
f 2248 2277 2372
f 2372 2277 2384
f 2401 2390 2385
f 2385 2390 2386
f 2264 2382 2178
f 2178 2382 2370
f 2215 2134 2271
f 2271 2134 2179
f 2005 2000 2199
f 2199 2000 2215
f 2004 2001 2005
f 2005 2001 2000
f 2200 2214 2004
f 2004 2214 2001
f 2470 2471 2473
f 2473 2471 2472
f 2475 2476 2474
f 2474 2476 2477
f 2479 2475 2478
f 2478 2475 2474
f 2481 2482 2480
f 2480 2482 2483
f 2476 2484 2477
f 2477 2484 2485
f 2487 2488 2486
f 2486 2488 2489
f 2133 2490 2058
f 2058 2490 2491
f 2058 2491 2247
f 2247 2491 2492
f 2494 2495 2493
f 2493 2495 2496
f 2476 2483 2484
f 2484 2483 2497
f 2472 2498 2488
f 2488 2498 2489
f 2484 2497 2471
f 2471 2497 2499
f 2500 2479 2496
f 2496 2479 2501
f 2502 2503 2505
f 2505 2503 2504
f 2496 2501 2493
f 2493 2501 2506
f 2479 2478 2501
f 2501 2478 2507
f 2475 2479 2480
f 2480 2479 2500
f 2508 2509 2473
f 2473 2509 2470
f 2509 2510 2470
f 2470 2510 2485
f 2511 2481 2500
f 2500 2481 2480
f 2512 2494 2486
f 2486 2494 2493
f 2485 2484 2470
f 2470 2484 2471
f 2513 2514 2477
f 2477 2514 2474
f 2471 2499 2472
f 2472 2499 2498
f 2476 2475 2483
f 2483 2475 2480
f 2516 2508 2515
f 2515 2508 2473
f 2502 2505 2517
f 2517 2505 2507
f 2504 2487 2505
f 2505 2487 2506
f 2503 2516 2504
f 2504 2516 2515
f 2506 2487 2493
f 2493 2487 2486
f 2517 2507 2518
f 2518 2507 2478
f 2510 2513 2485
f 2485 2513 2477
f 2511 2495 2293
f 2293 2495 2154
f 2514 2518 2474
f 2474 2518 2478
f 2483 2482 2497
f 2497 2482 2492
f 2501 2507 2506
f 2506 2507 2505
f 2488 2487 2515
f 2515 2487 2504
f 2472 2488 2473
f 2473 2488 2515
f 2518 2519 2517
f 2517 2519 2520
f 2521 2519 2514
f 2514 2519 2518
f 2522 2521 2513
f 2513 2521 2514
f 2523 2522 2510
f 2510 2522 2513
f 2517 2520 2502
f 2502 2520 2524
f 2502 2524 2503
f 2503 2524 2525
f 2525 2526 2503
f 2503 2526 2516
f 2527 2524 2528
f 2528 2524 2520
f 2530 2531 2529
f 2529 2531 2532
f 2531 2533 2532
f 2532 2533 2534
f 2531 2535 2533
f 2533 2535 2536
f 2537 2538 2535
f 2535 2538 2539
f 2539 2540 2535
f 2535 2540 2536
f 2537 2535 2530
f 2530 2535 2531
f 2529 2541 2530
f 2530 2541 2542
f 2543 2534 2536
f 2536 2534 2533
f 2519 2521 2543
f 2543 2521 2534
f 2534 2521 2544
f 2544 2521 2522
f 2532 2534 2545
f 2545 2534 2544
f 2529 2532 2546
f 2546 2532 2545
f 2536 2540 2543
f 2543 2540 2528
f 2519 2543 2520
f 2520 2543 2528
f 2541 2529 2547
f 2547 2529 2546
f 2548 2549 2545
f 2545 2549 2546
f 2549 2550 2546
f 2546 2550 2547
f 2551 2552 2548
f 2548 2552 2549
f 2548 2553 2551
f 2551 2553 2554
f 2550 2549 2555
f 2555 2549 2552
f 2545 2544 2548
f 2548 2544 2553
f 2523 2553 2522
f 2522 2553 2544
f 2547 2556 2541
f 2541 2556 2557
f 2541 2557 2542
f 2542 2557 2558
f 2528 2540 2559
f 2559 2540 2539
f 2538 2560 2539
f 2539 2560 2559
f 2561 2527 2559
f 2559 2527 2528
f 2560 2562 2559
f 2559 2562 2561
f 2560 2538 2564
f 2564 2538 2563
f 2558 2557 2563
f 2563 2557 2564
f 2565 2523 2509
f 2509 2523 2510
f 2526 2566 2516
f 2516 2566 2508
f 2509 2508 2565
f 2565 2508 2566
f 2565 2566 2554
f 2554 2566 2567
f 2554 2567 2551
f 2551 2567 2568
f 2569 2567 2526
f 2526 2567 2566
f 2553 2523 2554
f 2554 2523 2565
f 2570 2569 2525
f 2525 2569 2526
f 2524 2527 2525
f 2525 2527 2570
f 2527 2561 2570
f 2570 2561 2571
f 2571 2572 2570
f 2570 2572 2569
f 2573 2574 2571
f 2571 2574 2572
f 2572 2568 2569
f 2569 2568 2567
f 2568 2572 2575
f 2575 2572 2574
f 2562 2573 2561
f 2561 2573 2571
f 2573 2562 2576
f 2576 2562 2577
f 2579 2580 2578
f 2578 2580 2576
f 2574 2573 2580
f 2580 2573 2576
f 2576 2577 2578
f 2578 2577 2556
f 2557 2556 2564
f 2564 2556 2577
f 2562 2560 2577
f 2577 2560 2564
f 2575 2552 2568
f 2568 2552 2551
f 2579 2555 2575
f 2575 2555 2552
f 2579 2575 2580
f 2580 2575 2574
f 2550 2555 2578
f 2578 2555 2579
f 2556 2547 2578
f 2578 2547 2550
f 2558 2537 2542
f 2542 2537 2530
f 2538 2537 2563
f 2563 2537 2558
f 2292 2295 2481
f 2481 2295 2482
f 2486 2489 2512
f 2512 2489 2581
f 2499 2491 2498
f 2498 2491 2490
f 2497 2492 2499
f 2499 2492 2491
f 2155 2154 2494
f 2494 2154 2495
f 2581 2489 2490
f 2490 2489 2498
f 2293 2292 2511
f 2511 2292 2481
f 2191 2155 2512
f 2512 2155 2494
f 2500 2496 2511
f 2511 2496 2495
f 2247 2492 2295
f 2295 2492 2482
f 2583 2584 2582
f 2582 2584 2585
f 2587 2588 2586
f 2586 2588 2589
f 2591 2587 2590
f 2590 2587 2586
f 2593 2594 2592
f 2592 2594 2595
f 2596 2597 2599
f 2599 2597 2598
f 2588 2600 2589
f 2589 2600 2601
f 2602 2603 2605
f 2605 2603 2604
f 2606 2607 2609
f 2609 2607 2608
f 2609 2608 2190
f 2190 2608 2610
f 2611 2612 2614
f 2614 2612 2613
f 2600 2588 2615
f 2615 2588 2595
f 2599 2598 2606
f 2606 2598 2607
f 2584 2616 2604
f 2604 2616 2605
f 2600 2615 2583
f 2583 2615 2617
f 2591 2619 2618
f 2618 2619 2614
f 2621 2622 2620
f 2620 2622 2623
f 2619 2624 2614
f 2614 2624 2611
f 2591 2590 2619
f 2619 2590 2625
f 2587 2591 2592
f 2592 2591 2618
f 2626 2627 2585
f 2585 2627 2582
f 2627 2628 2582
f 2582 2628 2601
f 2629 2593 2618
f 2618 2593 2592
f 2602 2597 2611
f 2611 2597 2612
f 2600 2583 2601
f 2601 2583 2582
f 2630 2631 2589
f 2589 2631 2586
f 2583 2617 2584
f 2584 2617 2616
f 2588 2587 2595
f 2595 2587 2592
f 2633 2626 2632
f 2632 2626 2585
f 2620 2623 2634
f 2634 2623 2625
f 2622 2603 2623
f 2623 2603 2624
f 2621 2633 2622
f 2622 2633 2632
f 2611 2624 2602
f 2602 2624 2603
f 2634 2625 2635
f 2635 2625 2590
f 2628 2630 2601
f 2601 2630 2589
f 2613 2195 2629
f 2629 2195 2194
f 2631 2635 2586
f 2586 2635 2590
f 2595 2594 2615
f 2615 2594 2610
f 2619 2625 2624
f 2624 2625 2623
f 2632 2604 2622
f 2622 2604 2603
f 2585 2584 2632
f 2632 2584 2604
f 2635 2636 2634
f 2634 2636 2637
f 2638 2636 2631
f 2631 2636 2635
f 2639 2638 2630
f 2630 2638 2631
f 2640 2639 2628
f 2628 2639 2630
f 2634 2637 2620
f 2620 2637 2641
f 2620 2641 2621
f 2621 2641 2642
f 2642 2643 2621
f 2621 2643 2633
f 2641 2637 2644
f 2644 2637 2645
f 2646 2647 2649
f 2649 2647 2648
f 2648 2650 2649
f 2649 2650 2651
f 2648 2652 2650
f 2650 2652 2653
f 2652 2654 2656
f 2656 2654 2655
f 2656 2657 2652
f 2652 2657 2653
f 2654 2652 2647
f 2647 2652 2648
f 2647 2646 2659
f 2659 2646 2658
f 2660 2651 2653
f 2653 2651 2650
f 2636 2638 2660
f 2660 2638 2651
f 2651 2638 2661
f 2661 2638 2639
f 2651 2661 2649
f 2649 2661 2662
f 2663 2646 2662
f 2662 2646 2649
f 2653 2657 2660
f 2660 2657 2645
f 2636 2660 2637
f 2637 2660 2645
f 2646 2663 2658
f 2658 2663 2664
f 2665 2666 2662
f 2662 2666 2663
f 2666 2667 2663
f 2663 2667 2664
f 2668 2669 2665
f 2665 2669 2666
f 2665 2670 2668
f 2668 2670 2671
f 2667 2666 2672
f 2672 2666 2669
f 2662 2661 2665
f 2665 2661 2670
f 2640 2670 2639
f 2639 2670 2661
f 2673 2674 2664
f 2664 2674 2658
f 2658 2674 2659
f 2659 2674 2675
f 2645 2657 2676
f 2676 2657 2656
f 2677 2676 2655
f 2655 2676 2656
f 2676 2678 2645
f 2645 2678 2644
f 2677 2679 2676
f 2676 2679 2678
f 2655 2680 2677
f 2677 2680 2681
f 2675 2674 2680
f 2680 2674 2681
f 2682 2640 2627
f 2627 2640 2628
f 2643 2683 2633
f 2633 2683 2626
f 2682 2627 2683
f 2683 2627 2626
f 2683 2684 2682
f 2682 2684 2671
f 2684 2685 2671
f 2671 2685 2668
f 2686 2684 2643
f 2643 2684 2683
f 2670 2640 2671
f 2671 2640 2682
f 2687 2686 2642
f 2642 2686 2643
f 2642 2641 2687
f 2687 2641 2644
f 2687 2644 2688
f 2688 2644 2678
f 2688 2689 2687
f 2687 2689 2686
f 2690 2691 2688
f 2688 2691 2689
f 2689 2685 2686
f 2686 2685 2684
f 2685 2689 2692
f 2692 2689 2691
f 2679 2690 2678
f 2678 2690 2688
f 2690 2679 2693
f 2693 2679 2694
f 2696 2697 2695
f 2695 2697 2693
f 2691 2690 2697
f 2697 2690 2693
f 2693 2694 2695
f 2695 2694 2673
f 2674 2673 2681
f 2681 2673 2694
f 2679 2677 2694
f 2694 2677 2681
f 2685 2692 2668
f 2668 2692 2669
f 2696 2672 2692
f 2692 2672 2669
f 2696 2692 2697
f 2697 2692 2691
f 2695 2667 2696
f 2696 2667 2672
f 2673 2664 2695
f 2695 2664 2667
f 2675 2654 2659
f 2659 2654 2647
f 2655 2654 2680
f 2680 2654 2675
f 2291 2156 2593
f 2593 2156 2594
f 2597 2602 2598
f 2598 2602 2605
f 2616 2617 2607
f 2607 2617 2608
f 2615 2610 2617
f 2617 2610 2608
f 2597 2596 2612
f 2612 2596 2698
f 2598 2605 2607
f 2607 2605 2616
f 2194 2291 2629
f 2629 2291 2593
f 2629 2618 2613
f 2613 2618 2614
f 2190 2610 2156
f 2156 2610 2594
f 2700 2010 2699
f 2699 2010 2086
f 2267 2701 2116
f 2116 2701 2702
f 2116 2702 2117
f 2117 2702 2703
f 2704 2705 2250
f 2250 2705 2254
f 2011 2706 2267
f 2267 2706 2701
f 2699 2086 2707
f 2707 2086 2289
f 2010 2700 2011
f 2011 2700 2706
f 2708 2707 2251
f 2251 2707 2289
f 2703 2704 2117
f 2117 2704 2250
f 2705 2708 2254
f 2254 2708 2251
f 2709 2710 2708
f 2708 2710 2707
f 2711 2709 2705
f 2705 2709 2708
f 2712 2711 2704
f 2704 2711 2705
f 2713 2712 2703
f 2703 2712 2704
f 2707 2710 2699
f 2699 2710 2714
f 2699 2714 2700
f 2700 2714 2715
f 2716 2706 2715
f 2715 2706 2700
f 2714 2710 2717
f 2717 2710 2718
f 2720 2721 2719
f 2719 2721 2722
f 2721 2723 2722
f 2722 2723 2724
f 2721 2725 2723
f 2723 2725 2726
f 2727 2728 2725
f 2725 2728 2726
f 2729 2725 2720
f 2720 2725 2721
f 2731 2729 2730
f 2730 2729 2720
f 2719 2732 2720
f 2720 2732 2730
f 2726 2733 2723
f 2723 2733 2724
f 2709 2711 2733
f 2733 2711 2724
f 2724 2711 2734
f 2734 2711 2712
f 2722 2724 2735
f 2735 2724 2734
f 2719 2722 2736
f 2736 2722 2735
f 2726 2728 2733
f 2733 2728 2718
f 2709 2733 2710
f 2710 2733 2718
f 2732 2719 2737
f 2737 2719 2736
f 2738 2739 2735
f 2735 2739 2736
f 2739 2740 2736
f 2736 2740 2737
f 2741 2742 2738
f 2738 2742 2739
f 2738 2743 2741
f 2741 2743 2744
f 2740 2739 2745
f 2745 2739 2742
f 2735 2734 2738
f 2738 2734 2743
f 2713 2743 2712
f 2712 2743 2734
f 2737 2746 2732
f 2732 2746 2747
f 2732 2747 2730
f 2730 2747 2731
f 2718 2728 2748
f 2748 2728 2727
f 2749 2750 2727
f 2727 2750 2748
f 2748 2751 2718
f 2718 2751 2717
f 2750 2752 2748
f 2748 2752 2751
f 2750 2749 2754
f 2754 2749 2753
f 2731 2747 2753
f 2753 2747 2754
f 2727 2725 2749
f 2749 2725 2729
f 2749 2729 2753
f 2753 2729 2731
f 2702 2755 2703
f 2703 2755 2713
f 2706 2716 2701
f 2701 2716 2756
f 2755 2702 2756
f 2756 2702 2701
f 2756 2757 2755
f 2755 2757 2744
f 2757 2758 2744
f 2744 2758 2741
f 2759 2757 2716
f 2716 2757 2756
f 2743 2713 2744
f 2744 2713 2755
f 2760 2759 2715
f 2715 2759 2716
f 2715 2714 2760
f 2760 2714 2717
f 2760 2717 2761
f 2761 2717 2751
f 2761 2762 2760
f 2760 2762 2759
f 2763 2764 2761
f 2761 2764 2762
f 2762 2758 2759
f 2759 2758 2757
f 2758 2762 2765
f 2765 2762 2764
f 2752 2763 2751
f 2751 2763 2761
f 2763 2752 2766
f 2766 2752 2767
f 2768 2769 2766
f 2766 2769 2770
f 2764 2763 2770
f 2770 2763 2766
f 2766 2767 2768
f 2768 2767 2746
f 2747 2746 2754
f 2754 2746 2767
f 2752 2750 2767
f 2767 2750 2754
f 2758 2765 2741
f 2741 2765 2742
f 2769 2745 2765
f 2765 2745 2742
f 2769 2765 2770
f 2770 2765 2764
f 2768 2740 2769
f 2769 2740 2745
f 2746 2737 2768
f 2768 2737 2740
f 2201 2212 2200
f 2200 2212 2214
f 2201 2202 2212
f 2212 2202 2185
f 2512 2581 2191
f 2191 2581 2192
f 2059 2290 2056
f 2056 2290 2272
f 2174 2199 2294
f 2294 2199 2278
f 2063 2175 2194
f 2194 2175 2291
f 2192 2581 2133
f 2133 2581 2490
f 2133 2132 2192
f 2192 2132 2189
f 2054 2276 2055
f 2055 2276 2138
f 2083 2279 2084
f 2084 2279 2771
f 2771 2279 2599
f 2599 2279 2596
f 2606 2772 2599
f 2599 2772 2771
f 2772 2773 2771
f 2771 2773 2084
f 2773 2774 2084
f 2084 2774 2085
f 2085 2775 2082
f 2082 2775 2144
f 2774 2078 2085
f 2085 2078 2775
f 2078 2774 2079
f 2079 2774 2776
f 2774 2773 2776
f 2776 2773 2777
f 2773 2772 2777
f 2777 2772 2778
f 2190 2189 2609
f 2609 2189 2778
f 2053 2052 2779
f 2779 2052 2181
f 2144 2775 2081
f 2081 2775 2078
f 2294 2153 2174
f 2174 2153 2175
f 2132 2276 2189
f 2189 2276 2778
f 2606 2609 2772
f 2772 2609 2778
f 2195 2613 2698
f 2698 2613 2612
f 2596 2279 2698
f 2698 2279 2195
f 2054 2777 2276
f 2276 2777 2778
f 2777 2054 2776
f 2776 2054 2053
f 2053 2779 2776
f 2776 2779 2079
f 2779 2181 2079
f 2079 2181 2080
f 2181 2239 2080
f 2080 2239 2240
f 2122 2256 2014
f 2042 1982 2076
f 2076 1982 2007
f 1982 1985 2007
f 2007 1985 2008
f 2095 2097 2265
f 2265 2097 2266
f 2076 2050 2042
f 2042 2050 2047
f 2046 2043 2047
f 2047 2043 2042
f 2118 1993 2046
f 2046 1993 2043
f 1995 1994 2118
f 2118 1994 1993
f 2267 1992 2011
f 2011 1992 2012
f 1997 2012 1994
f 1994 2012 1992
f 2226 2013 1997
f 1997 2013 2012
f 2225 2087 2226
f 2226 2087 2013
f 2225 2232 2087
f 2087 2232 2288
f 2232 2070 2288
f 2288 2070 2252
f 2070 2025 2252
f 2252 2025 2253
f 1988 2249 2025
f 2025 2249 2253
f 2116 2115 2267
f 2267 2115 2268
f 2096 1984 2237
f 2237 1984 1991
f 2095 1985 2096
f 2096 1985 1984
f 2265 2008 2095
f 2095 2008 1985
f 2092 2009 2265
f 2265 2009 2008
f 2091 2286 2092
f 2092 2286 2009
f 2255 2238 2091
f 2091 2238 2286
f 2256 2239 2255
f 2255 2239 2238
f 2122 2240 2256
f 2256 2240 2239
f 2121 2241 2122
f 2122 2241 2240
f 2022 2018 2097
f 2097 2018 2266
f 2022 2024 2018
f 2018 2024 2019
f 2024 2072 2019
f 2019 2072 2073
f 2072 2228 2073
f 2073 2228 2230
f 2228 2184 2230
f 2230 2184 2183
f 2121 2285 2241
f 2241 2285 2258
f 2285 2036 2258
f 2258 2036 2257
f 2177 2145 2193
f 2193 2145 2257
f 2173 2193 2196
f 2196 2193 2037
f 2036 2037 2257
f 2257 2037 2193
f 2196 2037 2066
f 2066 2037 2035
f 2061 2108 2034
f 2034 2108 2067
f 2108 2208 2067
f 2067 2208 2204
f 2208 2210 2204
f 2204 2210 2203
f 2210 2280 2203
f 2203 2280 2186
f 2183 2186 2235
f 2235 2186 2280
f 1987 2114 1988
f 1988 2114 2249
f 2237 2115 1987
f 1987 2115 2114
f 1991 2268 2237
f 2237 2268 2115
f 1991 1990 2268
f 2268 1990 1992
f 107 110 2781
f 2781 110 2780
f 117 2782 118
f 118 2782 2783
f 119 2784 120
f 120 2784 2785
f 125 2786 126
f 126 2786 2787
f 127 2788 128
f 128 2788 2789
f 127 132 2788
f 2788 132 2790
f 231 230 2792
f 2792 230 2791
f 118 2783 119
f 119 2783 2784
f 241 243 2794
f 2794 243 2793
f 2781 2795 107
f 107 2795 352
f 120 2785 437
f 437 2785 2796
f 126 2787 110
f 110 2787 2780
f 455 2797 456
f 456 2797 2798
f 128 2789 457
f 457 2789 2799
f 456 2798 117
f 117 2798 2782
f 2794 2797 241
f 241 2797 455
f 457 2799 125
f 125 2799 2786
f 132 231 2790
f 2790 231 2792
f 230 437 2791
f 2791 437 2796
f 2792 2789 2790
f 2790 2789 2788
f 2785 2784 2801
f 2801 2784 2800
f 2786 2802 2787
f 2787 2802 2803
f 2792 2791 2805
f 2805 2791 2804
f 2784 2783 2800
f 2800 2783 2806
f 2785 2801 2796
f 2796 2801 2807
f 2787 2803 2780
f 2780 2803 2808
f 2789 2809 2799
f 2799 2809 2810
f 2799 2810 2786
f 2786 2810 2802
f 2791 2796 2804
f 2804 2796 2807
f 2789 2792 2809
f 2809 2792 2805
f 2812 2797 2811
f 2811 2797 2794
f 2809 2805 2810
f 2810 2805 2804
f 2810 2804 2802
f 2802 2804 2807
f 2802 2807 2803
f 2803 2807 2801
f 2808 2803 2800
f 2800 2803 2801
f 2814 699 2813
f 2813 699 698
f 2808 2815 2780
f 2780 2815 2781
f 2817 2782 2816
f 2816 2782 2798
f 2815 2818 2781
f 2781 2818 2795
f 2797 2812 2798
f 2798 2812 2816
f 2783 2782 2806
f 2806 2782 2817
f 2800 2806 2808
f 2808 2806 2815
f 2794 2793 2811
f 2811 2793 2819
f 174 201 384
f 384 201 362
f 200 1766 390
f 390 1766 1777
f 1777 1778 390
f 390 1778 398
f 1778 361 398
f 398 361 222
f 2820 2821 628
f 628 2821 629
f 1406 2820 790
f 790 2820 628
f 794 1415 1233
f 1233 1415 1234
f 1406 790 1407
f 1407 790 1312
f 1407 1312 2822
f 2822 1312 1316
f 2823 1380 1543
f 1543 1380 1379
f 1385 1738 1382
f 1382 1738 1383
f 1381 791 1382
f 1382 791 1386
f 791 794 1386
f 1386 794 1233
f 1259 1390 1260
f 1260 1390 1389
f 1905 1542 1394
f 1394 1542 1395
f 1410 1413 1397
f 1397 1413 1398
f 2821 1410 629
f 629 1410 1397
f 2823 2822 1380
f 1380 2822 1316
f 1392 1395 1378
f 1378 1395 1379
f 1738 1399 1383
f 1383 1399 1398
f 1388 1235 1389
f 1389 1235 1234
f 1393 1391 1394
f 1394 1391 1390
f 1381 1384 779
f 779 1384 780
f 1282 788 792
f 792 788 793
f 1431 1262 1432
f 1432 1262 1261
f 1400 1342 1408
f 1408 1342 1409
f 1508 1544 1411
f 1411 1544 1412
f 788 787 793
f 793 787 1414
f 2821 2820 1429
f 1429 2820 1430
f 2822 2823 1506
f 1506 2823 1507
f 778 1282 779
f 779 1282 792
f 2820 1406 1430
f 1430 1406 1409
f 1410 2821 1411
f 1411 2821 1429
f 1407 2822 1408
f 1408 2822 1506
f 1544 781 1412
f 1412 781 780
f 1260 1415 1261
f 1261 1415 1414
f 1334 2824 923
f 923 2824 924
f 2826 1268 2825
f 2825 1268 1267
f 769 1212 2827
f 2827 1212 2828
f 1492 1190 1266
f 1266 1190 1267
f 1488 2829 1489
f 1489 2829 2830
f 922 1329 923
f 923 1329 1328
f 1484 2831 1485
f 1485 2831 2832
f 1482 2833 1485
f 1485 2833 1486
f 1324 1493 1489
f 1489 1493 1490
f 1265 1491 1266
f 1266 1491 1490
f 2835 2836 2834
f 2834 2836 2837
f 1250 2838 2827
f 2827 2838 2839
f 1488 1491 2840
f 2840 1491 2841
f 1268 2826 2842
f 2842 2826 2843
f 2844 2845 1495
f 1495 2845 1496
f 1427 2847 2846
f 2846 2847 926
f 2829 1488 2848
f 2848 1488 2840
f 1329 922 2849
f 2849 922 927
f 2850 2851 768
f 768 2851 1213
f 1265 1268 2852
f 2852 1268 2842
f 1491 1265 2841
f 2841 1265 2852
f 2854 2855 2853
f 2853 2855 2856
f 2855 2857 2856
f 2856 2857 598
f 2857 2858 598
f 598 2858 595
f 2858 2859 595
f 595 2859 626
f 649 652 2860
f 2860 652 2861
f 639 642 2862
f 2862 642 2863
f 2864 705 2862
f 2862 705 639
f 2865 1418 2864
f 2864 1418 705
f 2866 2867 2865
f 2865 2867 1418
f 1760 1348 1761
f 1761 1348 2867
f 1764 2868 1197
f 1197 2868 1198
f 2869 611 2868
f 2868 611 1198
f 2870 612 2869
f 2869 612 611
f 1352 1350 944
f 944 1350 688
f 1350 1256 688
f 688 1256 685
f 1256 1255 685
f 685 1255 692
f 1255 2871 692
f 692 2871 2872
f 701 2873 698
f 698 2873 2813
f 2872 1349 692
f 692 1349 693
f 1696 1744 1574
f 1574 1744 1575
f 1753 1618 1577
f 1577 1618 1578
f 1729 1594 1608
f 1608 1594 1609
f 1725 1630 1611
f 1611 1630 1612
f 1604 1607 1625
f 1625 1607 1626
f 1624 1703 1625
f 1625 1703 1912
f 1703 1702 1912
f 1912 1702 1913
f 1702 1753 1913
f 1913 1753 1577
f 1598 1569 1915
f 1915 1569 1578
f 1616 1615 1915
f 1915 1615 1916
f 1615 1696 1916
f 1916 1696 1574
f 1744 1745 1575
f 1575 1745 1917
f 1745 1565 1917
f 1917 1565 1609
f 1568 1725 1608
f 1608 1725 1611
f 2874 1613 1918
f 1918 1613 1612
f 1607 2874 1626
f 1626 2874 1918
f 1610 1613 1562
f 1562 1613 1563
f 1547 1550 1570
f 1570 1550 1571
f 1573 1576 1580
f 1580 1576 1581
f 1553 1556 1595
f 1595 1556 1596
f 1556 1582 1596
f 1596 1582 1581
f 1551 1547 1599
f 1599 1547 1570
f 1731 1914 1601
f 1601 1914 1602
f 1686 1689 1605
f 1605 1689 1606
f 1598 1743 1599
f 1599 1743 1692
f 2874 1607 1723
f 1723 1607 1606
f 1727 1553 1730
f 1730 1553 1595
f 1600 1686 1601
f 1601 1686 1605
f 1914 1572 1602
f 1602 1572 1571
f 1579 1693 1580
f 1580 1693 1692
f 1613 2874 1563
f 1563 2874 1723
f 1561 1727 1562
f 1562 1727 1730
f 1949 1742 1548
f 1548 1742 1549
f 1694 1949 1552
f 1552 1949 1548
f 1954 1589 1554
f 1554 1589 1555
f 1693 1579 1558
f 1558 1579 1559
f 1561 1564 1584
f 1584 1564 1585
f 1582 1556 1588
f 1588 1556 1555
f 1600 1603 1591
f 1591 1603 1592
f 1981 1977 1687
f 1687 1977 1688
f 1564 1722 1585
f 1585 1722 1690
f 1551 1693 1552
f 1552 1693 1558
f 1751 1954 1728
f 1728 1954 1554
f 1590 1981 1591
f 1591 1981 1687
f 1603 1550 1592
f 1592 1550 1549
f 1977 1691 1688
f 1688 1691 1690
f 1587 1560 1588
f 1588 1560 1559
f 1727 1561 1728
f 1728 1561 1584
f 2875 1919 1947
f 1947 1919 1948
f 1557 1560 1952
f 1952 1560 1953
f 1933 1932 1955
f 1955 1932 1956
f 1587 1589 1958
f 1958 1589 1956
f 1959 1933 1965
f 1965 1933 1955
f 1961 1964 1966
f 1966 1964 1967
f 1981 1590 1969
f 1969 1590 1967
f 1742 1949 1972
f 1972 1949 1948
f 1593 1742 1966
f 1966 1742 1972
f 1957 1950 1958
f 1958 1950 1953
f 1583 1586 1974
f 1974 1586 1975
f 1940 1943 1978
f 1978 1943 1979
f 1943 1976 1979
f 1979 1976 1975
f 1951 2875 1952
f 1952 2875 1947
f 1968 1940 1969
f 1969 1940 1978
f 1973 1959 1974
f 1974 1959 1965
f 1923 1971 1920
f 1920 1971 1921
f 1919 2875 1920
f 1920 2875 1924
f 2875 1951 1924
f 1924 1951 1926
f 1950 1957 1929
f 1929 1957 1930
f 2244 2243 1934
f 1934 2243 1935
f 1973 1976 1937
f 1937 1976 1938
f 1944 1980 1941
f 1941 1980 1942
f 1940 1968 1941
f 1941 1968 1945
f 2287 2244 1960
f 1960 2244 1934
f 1970 2245 1962
f 1962 2245 1963
f 2243 1931 1935
f 1935 1931 1930
f 1927 1926 1928
f 1928 1926 1929
f 1961 1922 1962
f 1962 1922 1921
f 2245 1946 1963
f 1963 1946 1945
f 1976 1943 1938
f 1938 1943 1942
f 1936 2287 1937
f 1937 2287 1960
f 743 1238 608
f 608 1238 609
f 607 1811 608
f 608 1811 744
f 1304 2876 1305
f 1305 2876 2877
f 586 585 1298
f 1298 585 1299
f 585 702 1299
f 1299 702 1300
f 702 1428 1300
f 1300 1428 1301
f 1238 586 609
f 609 586 1298
f 2878 2879 1218
f 1218 2879 2877
f 2880 2881 1812
f 1812 2881 1819
f 2883 1821 2882
f 2882 1821 1820
f 2840 2841 620
f 620 2841 621
f 2842 2843 795
f 795 2843 796
f 892 895 2844
f 2844 895 2845
f 2848 2840 942
f 942 2840 620
f 2849 927 1202
f 1202 927 1203
f 2852 2842 1270
f 1270 2842 795
f 2841 2852 621
f 621 2852 1270
f 941 1759 942
f 942 1759 2884
f 659 929 1427
f 1427 929 2847
f 1237 2851 751
f 751 2851 2850
f 1216 2885 1217
f 1217 2885 1754
f 2887 734 2886
f 2886 734 733
f 2889 1816 2888
f 2888 1816 1815
f 2890 1245 2889
f 2889 1245 1816
f 1824 2891 1825
f 1825 2891 1246
f 2892 2893 2895
f 2895 2893 2894
f 1854 1833 1851
f 1851 1833 1832
f 1851 1832 1884
f 1884 1832 1876
f 1884 1876 1441
f 1441 1876 1443
f 1441 1443 1442
f 1442 1443 1446
f 1442 1446 2896
f 2896 1446 1507
f 2897 2823 2898
f 2898 2823 1543
f 1542 2899 1543
f 1543 2899 2898
f 1542 1905 2899
f 2899 1905 2900
f 1905 1259 2900
f 2900 1259 2901
f 1262 1431 2902
f 2902 1431 1904
f 1431 1434 1904
f 1904 1434 1902
f 1902 1434 2903
f 2903 1434 719
f 2903 719 2904
f 2904 719 718
f 1869 1881 718
f 718 1881 2904
f 1881 1869 1880
f 1880 1869 756
f 1880 756 2905
f 2905 756 755
f 2905 755 2906
f 2906 755 758
f 762 2907 763
f 763 2907 2908
f 724 723 2909
f 2909 723 894
f 796 895 723
f 723 895 894
f 2843 2845 796
f 796 2845 895
f 2826 1496 2843
f 2843 1496 2845
f 2825 1497 2826
f 2826 1497 1496
f 1189 2836 2825
f 2825 2836 1497
f 797 891 798
f 798 891 2837
f 802 888 797
f 797 888 891
f 2910 2911 2913
f 2913 2911 2912
f 1780 1783 2915
f 2915 1783 2914
f 2916 2917 831
f 831 2917 832
f 2918 2919 845
f 845 2919 846
f 2920 2916 847
f 847 2916 831
f 2921 2922 857
f 857 2922 858
f 2923 2924 860
f 860 2924 861
f 2919 2912 846
f 846 2912 887
f 2925 2920 940
f 940 2920 847
f 2924 2926 861
f 861 2926 1204
f 2917 2918 832
f 832 2918 845
f 2927 2928 1449
f 1449 2928 1450
f 2929 2930 889
f 889 2930 2931
f 2896 1507 2897
f 2897 1507 2823
f 2902 2901 1262
f 1262 2901 1259
f 2932 2933 750
f 750 2933 1236
f 2933 2934 1236
f 1236 2934 1835
f 2936 2937 2935
f 2935 2937 2938
f 2940 2941 2939
f 2939 2941 2942
f 2943 2944 1841
f 1841 2944 1842
f 2945 1860 2944
f 2944 1860 1842
f 2945 2946 1860
f 1860 2946 1859
f 1889 2947 1890
f 1890 2947 1856
f 1856 2947 1857
f 1857 2947 2948
f 2950 709 2949
f 2949 709 1829
f 2952 730 2951
f 2951 730 729
f 2866 2953 2867
f 2867 2953 1761
f 2953 2954 1761
f 1761 2954 1420
f 2954 2955 1420
f 1420 2955 742
f 2955 2956 742
f 742 2956 739
f 2956 2957 739
f 739 2957 760
f 2957 2958 760
f 760 2958 761
f 2958 2959 761
f 761 2959 2960
f 2959 2961 2960
f 2960 2961 2962
f 2963 2964 1839
f 1839 2964 1840
f 2964 2965 1840
f 1840 2965 2942
f 2966 2950 2939
f 2939 2950 2949
f 2935 2967 2936
f 2936 2967 2968
f 2969 2970 736
f 736 2970 735
f 734 2887 1815
f 1815 2887 2888
f 2887 2882 2888
f 2888 2882 2881
f 1819 1820 1817
f 1817 1820 748
f 1195 1757 1197
f 1197 1757 1424
f 1757 647 1424
f 1424 647 646
f 647 648 646
f 646 648 643
f 648 1271 643
f 643 1271 737
f 1271 725 737
f 737 725 765
f 725 724 765
f 765 724 762
f 762 724 2907
f 2907 724 2909
f 1254 1437 2909
f 2909 1437 2907
f 1438 1253 1836
f 1836 1253 1835
f 1836 1835 2938
f 2938 1835 2934
f 2971 2972 2935
f 2935 2972 2967
f 897 896 2969
f 2969 896 2970
f 1815 1814 734
f 734 1814 731
f 728 1215 896
f 896 1215 732
f 2885 1216 733
f 733 1216 2886
f 1216 1219 2886
f 2886 1219 2883
f 2876 1304 1821
f 1821 1304 749
f 1304 1303 749
f 749 1303 746
f 1818 2973 1817
f 1817 2973 1810
f 747 2974 1818
f 1818 2974 2973
f 747 746 2974
f 2974 746 1303
f 2976 2977 2975
f 2975 2977 2978
f 2976 2979 2901
f 2901 2979 2900
f 2980 2981 2982
f 2982 2981 2979
f 2981 2980 2983
f 2983 2980 2984
f 2985 2897 2983
f 2983 2897 2898
f 2987 2988 2986
f 2986 2988 2985
f 2896 2988 1442
f 1442 2988 1439
f 1903 2977 1904
f 1904 2977 2902
f 1856 1855 1890
f 1890 1855 2989
f 2989 2990 1890
f 1890 2990 1359
f 2990 2991 1359
f 1359 2991 1356
f 2946 2992 1859
f 1859 2992 1893
f 2992 2993 1893
f 1893 2993 775
f 2993 2994 775
f 775 2994 776
f 2986 1356 2987
f 2987 1356 2991
f 2975 2978 776
f 776 2978 777
f 2982 2994 2980
f 2980 2994 2995
f 1357 2984 2995
f 2995 2984 2980
f 2995 2996 1357
f 1357 2996 1358
f 2996 2997 1358
f 1358 2997 1889
f 2998 2999 2932
f 2932 2999 2933
f 2999 2971 2933
f 2933 2971 2934
f 1837 1836 2937
f 2937 1836 2938
f 2943 1841 2941
f 2941 1841 1838
f 3001 2944 3000
f 3000 2944 2943
f 3001 3002 2944
f 2944 3002 2945
f 3002 3003 2945
f 2945 3003 2946
f 2997 3003 1889
f 1889 3003 2947
f 2947 3003 2948
f 2948 3003 3002
f 3001 3004 3002
f 3002 3004 2948
f 3000 3005 3001
f 3001 3005 3004
f 2940 3006 3000
f 3000 3006 3005
f 2999 3007 2971
f 2971 3007 2972
f 2998 2951 2999
f 2999 2951 3007
f 3008 2952 2998
f 2998 2952 2951
f 2966 2965 2936
f 2936 2965 2937
f 2935 2938 2971
f 2971 2938 2934
f 3003 2997 2946
f 2946 2997 2992
f 2997 2996 2992
f 2992 2996 2993
f 2996 2995 2993
f 2993 2995 2994
f 1356 2986 1357
f 1357 2986 2984
f 2982 2975 2994
f 2994 2975 776
f 1844 1843 1899
f 1899 1843 3009
f 1843 638 3009
f 3009 638 3010
f 638 637 3010
f 3010 637 3011
f 637 1830 3011
f 3011 1830 3012
f 1830 1833 3012
f 3012 1833 2894
f 1833 1854 2894
f 2894 1854 2895
f 1854 1853 2895
f 2895 1853 1888
f 1858 1857 1885
f 1885 1857 1892
f 1899 3009 1898
f 1898 3009 1874
f 3009 3010 1874
f 1874 3010 1865
f 3010 3011 1865
f 1865 3011 1862
f 3011 3012 1862
f 1862 3012 1882
f 3012 2894 1882
f 1882 2894 2893
f 1850 2890 782
f 782 2890 2889
f 783 2880 1811
f 1811 2880 1812
f 744 1810 745
f 745 1810 2973
f 745 2973 805
f 805 2973 806
f 2973 2974 806
f 806 2974 815
f 1303 812 2974
f 2974 812 815
f 1303 1302 812
f 812 1302 1221
f 1307 3013 1302
f 1302 3013 1221
f 1734 3014 1633
f 1633 3014 1634
f 1646 1649 1636
f 1636 1649 1637
f 1654 1657 1641
f 1641 1657 1642
f 1639 1736 1636
f 1636 1736 1684
f 1716 1713 1698
f 1698 1713 1699
f 1718 1721 1705
f 1705 1721 1706
f 1653 1654 1709
f 1709 1654 1641
f 1620 1623 1714
f 1714 1623 1699
f 1712 1682 1714
f 1714 1682 1740
f 1668 1671 1746
f 1746 1671 1747
f 1752 1650 1749
f 1749 1650 1750
f 1750 1650 1709
f 1709 1650 1653
f 1632 1668 1633
f 1633 1668 1746
f 1649 1752 1637
f 1637 1752 1749
f 1682 1643 1740
f 1740 1643 1642
f 3014 1685 1634
f 1634 1685 1684
f 1704 1748 1705
f 1705 1748 1747
f 1697 1707 1698
f 1698 1707 1706
f 1739 1701 1621
f 1621 1701 1622
f 1567 1566 1647
f 1647 1566 1648
f 1664 1695 1651
f 1651 1695 1652
f 1614 1617 1655
f 1655 1617 1656
f 1704 1707 1659
f 1659 1707 1660
f 3014 1734 1662
f 1662 1734 1663
f 1650 1752 1651
f 1651 1752 1665
f 1741 1657 1667
f 1667 1657 1656
f 1695 1614 1652
f 1652 1614 1655
f 1724 1567 1726
f 1726 1567 1647
f 1645 1628 1733
f 1733 1628 1663
f 1685 3014 1726
f 1726 3014 1662
f 1620 1741 1621
f 1621 1741 1667
f 1566 1666 1648
f 1648 1666 1665
f 1658 1737 1659
f 1659 1737 1901
f 1911 1661 1910
f 1910 1661 1660
f 1701 1911 1622
f 1622 1911 1910
f 1732 1748 1733
f 1733 1748 1901
f 1857 2948 1892
f 1892 2948 3004
f 1892 3004 1891
f 1891 3004 3005
f 1828 3006 1829
f 1829 3006 2949
f 2967 736 2968
f 2968 736 710
f 2972 2969 2967
f 2967 2969 736
f 2969 2972 897
f 897 2972 3007
f 897 3007 729
f 729 3007 2951
f 3016 753 3015
f 3015 753 752
f 3018 767 3017
f 3017 767 766
f 3019 3020 1249
f 1249 3020 3021
f 2915 2914 3019
f 3019 2914 3020
f 3023 2914 3022
f 3022 2914 1783
f 2827 2839 769
f 769 2839 766
f 3025 2838 3024
f 3024 2838 3021
f 768 767 2850
f 2850 767 3026
f 2850 3026 751
f 751 3026 752
f 750 753 2932
f 2932 753 3027
f 3008 2998 3027
f 3027 2998 2932
f 3028 3029 3008
f 3008 3029 2952
f 3029 3030 2952
f 2952 3030 730
f 3032 3033 3031
f 3031 3033 3034
f 3036 3037 3035
f 3035 3037 3038
f 2870 3039 612
f 612 3039 3040
f 3041 3042 3031
f 3031 3042 3038
f 3034 1352 3043
f 3043 1352 944
f 612 3040 613
f 613 3040 3044
f 613 3044 1425
f 1425 3044 1422
f 3045 3042 669
f 669 3042 670
f 3041 3043 599
f 599 3043 600
f 772 771 1544
f 1544 771 781
f 1503 771 1866
f 1866 771 770
f 771 1503 781
f 781 1503 778
f 61 281 416
f 416 281 1907
f 283 103 3046
f 3046 103 3047
f 76 79 3048
f 3048 79 3049
f 280 76 1906
f 1906 76 3048
f 3051 335 3050
f 3050 335 334
f 3053 417 3052
f 3052 417 416
f 3055 435 3054
f 3054 435 434
f 428 435 419
f 419 435 1908
f 420 1909 293
f 293 1909 443
f 79 294 3049
f 3049 294 444
f 3057 444 3056
f 3056 444 443
f 3051 3058 335
f 335 3058 452
f 216 215 1332
f 1332 215 452
f 308 283 462
f 462 283 3046
f 3050 334 3059
f 3059 334 462
f 103 62 3047
f 3047 62 417
f 313 312 434
f 434 312 463
f 3061 574 3060
f 3060 574 573
f 1310 3062 1428
f 1428 3062 3063
f 1258 3064 1255
f 1255 3064 2871
f 932 3065 2853
f 2853 3065 3066
f 699 2814 931
f 931 2814 3067
f 3068 1301 3063
f 3063 1301 1428
f 571 574 1310
f 1310 574 3062
f 3060 573 3069
f 3069 573 1332
f 3070 3071 1906
f 1906 3071 1907
f 3072 3073 1908
f 1908 3073 1909
f 3075 2814 3074
f 3074 2814 2813
f 2854 3076 1258
f 1258 3076 3064
f 2871 3077 2872
f 2872 3077 3078
f 3074 2813 3079
f 3079 2813 2873
f 2872 3078 1349
f 1349 3078 3080
f 2873 701 3068
f 3068 701 1301
f 1330 1201 3080
f 3080 1201 1349
f 1264 1263 3081
f 3081 1263 3082
f 3083 3084 3082
f 3082 3084 3081
f 811 1448 3086
f 3086 1448 3085
f 808 811 3087
f 3087 811 3086
f 3088 3083 833
f 833 3083 3082
f 884 3089 885
f 885 3089 3090
f 3087 1790 808
f 808 1790 816
f 1790 3087 1787
f 1787 3087 3091
f 3092 3091 3086
f 3086 3091 3087
f 3093 3094 3084
f 3084 3094 3095
f 3089 3096 3090
f 3090 3096 3088
f 3097 3093 3083
f 3083 3093 3084
f 3099 3100 3098
f 3098 3100 1786
f 3101 1788 2913
f 2913 1788 3102
f 838 837 885
f 885 837 886
f 886 837 3103
f 3103 837 1541
f 3094 3093 3104
f 3104 3093 3097
f 3105 3106 3089
f 3089 3106 3096
f 3108 3109 3107
f 3107 3109 3110
f 3111 3112 3091
f 3091 3112 1787
f 3114 3108 3113
f 3113 3108 3107
f 3114 3115 3112
f 3112 3115 3102
f 3091 3092 3111
f 3111 3092 3116
f 839 838 835
f 835 838 836
f 885 3090 838
f 838 3090 836
f 3110 3117 1247
f 1247 3117 3118
f 1247 3118 1248
f 1248 3118 3119
f 3120 3121 3119
f 3119 3121 1248
f 1247 844 3110
f 3110 844 3107
f 844 843 3107
f 3107 843 3113
f 843 3099 3113
f 3113 3099 3122
f 1781 3123 3098
f 3098 3123 3124
f 2915 2931 1780
f 1780 2931 2930
f 3019 3125 2915
f 2915 3125 2931
f 890 3125 2834
f 2834 3125 1252
f 3125 3019 1252
f 1252 3019 1249
f 907 908 946
f 946 908 947
f 1185 1188 1369
f 1369 1188 948
f 954 957 951
f 951 957 952
f 910 965 953
f 953 965 950
f 905 958 960
f 960 958 961
f 3126 978 949
f 949 978 962
f 936 935 967
f 967 935 968
f 994 993 969
f 969 993 966
f 902 904 971
f 971 904 972
f 983 985 973
f 973 985 970
f 906 905 974
f 974 905 960
f 977 981 959
f 959 981 975
f 911 910 1143
f 1143 910 953
f 952 957 1142
f 1142 957 1145
f 911 1143 1366
f 1366 1143 1368
f 1185 1369 1145
f 1145 1369 1142
f 993 1519 966
f 966 1519 1456
f 965 1454 950
f 950 1454 1457
f 900 899 1459
f 1459 899 1460
f 988 991 1461
f 1461 991 1458
f 899 963 1460
f 1460 963 1462
f 985 987 970
f 970 987 1463
f 904 906 972
f 972 906 974
f 981 983 975
f 975 983 973
f 935 900 968
f 968 900 1459
f 991 994 1458
f 1458 994 969
f 1154 1526 1088
f 1088 1526 1089
f 1109 1112 1092
f 1092 1112 1093
f 1083 1098 1084
f 1084 1098 1097
f 1078 1471 1100
f 1100 1471 1101
f 1075 1078 1104
f 1104 1078 1100
f 1152 1154 1156
f 1156 1154 1088
f 1156 1155 1372
f 1372 1155 1373
f 1372 1373 1104
f 1104 1373 1075
f 1467 1109 1465
f 1465 1109 1092
f 1465 1182 1468
f 1468 1182 1184
f 1474 1470 1096
f 1096 1470 1097
f 1102 1101 1083
f 1083 1101 1098
f 1112 1531 1093
f 1093 1531 1529
f 1102 1073 1099
f 1099 1073 1072
f 1526 1154 1079
f 1079 1154 1080
f 1081 1091 1082
f 1082 1091 1094
f 1069 1068 1085
f 1085 1068 1086
f 1153 1151 1080
f 1080 1151 1058
f 1371 1177 1179
f 1179 1177 1176
f 1099 1072 1103
f 1103 1072 1176
f 1068 1071 1086
f 1086 1071 1073
f 1085 1084 1180
f 1180 1084 1469
f 1066 1065 1183
f 1183 1065 1181
f 1153 1152 1177
f 1177 1152 1178
f 1091 1081 1182
f 1182 1081 1183
f 1057 1525 1079
f 1079 1525 1527
f 1120 1117 1076
f 1076 1117 1077
f 1087 1090 1107
f 1107 1090 1108
f 1127 1126 1110
f 1110 1126 1111
f 1095 1116 1096
f 1096 1116 1115
f 1471 1078 1119
f 1119 1078 1077
f 1087 1107 1155
f 1155 1107 1158
f 1376 1374 1157
f 1157 1374 1158
f 1076 1075 1374
f 1374 1075 1373
f 1109 1467 1110
f 1110 1467 1472
f 1467 1466 1472
f 1472 1466 1473
f 1135 1475 1114
f 1114 1475 1115
f 1471 1119 1095
f 1095 1119 1116
f 1126 1532 1111
f 1111 1532 1530
f 914 1276 1480
f 1480 1276 1517
f 3127 3128 1223
f 1223 3128 1224
f 824 933 1455
f 1455 933 3129
f 3131 1448 3130
f 3130 1448 1447
f 3132 3133 1452
f 1452 3133 1453
f 3130 1447 1322
f 1322 1447 1455
f 933 1514 3129
f 3129 1514 3134
f 1161 3135 1480
f 1480 3135 1481
f 3128 3136 1224
f 1224 3136 1499
f 3133 1162 1453
f 1453 1162 1517
f 1515 3127 1535
f 1535 3127 1223
f 3095 3085 3131
f 3131 3085 1448
f 3137 3092 3085
f 3085 3092 3086
f 3138 3116 3137
f 3137 3116 3092
f 3110 3109 3117
f 3117 3109 3139
f 3105 3140 3117
f 3117 3140 3118
f 3140 3141 3118
f 3118 3141 3119
f 3142 3120 3141
f 3141 3120 3119
f 1498 3143 1277
f 1277 3143 882
f 3144 3145 1340
f 1340 3145 1339
f 1340 3146 3144
f 3144 3146 3147
f 3145 3144 3143
f 3143 3144 3148
f 871 901 872
f 872 901 1362
f 3149 3148 3147
f 3147 3148 3144
f 1208 3150 1209
f 3098 1786 1781
f 1781 1786 1782
f 2930 2929 3123
f 3123 2929 2911
f 1794 1791 2916
f 2916 1791 2917
f 1793 3101 2918
f 2918 3101 2919
f 1796 1794 2920
f 2920 1794 2916
f 3151 3152 2921
f 2921 3152 2922
f 3153 3154 2923
f 2923 3154 2924
f 2919 3101 2912
f 2912 3101 2913
f 3155 1796 2925
f 2925 1796 2920
f 3154 3156 2924
f 2924 3156 2926
f 1791 1793 2917
f 2917 1793 2918
f 3157 3158 2927
f 2927 3158 2928
f 1780 2930 1781
f 1781 2930 3123
f 2825 1267 1189
f 1189 1267 1190
f 2827 2828 1250
f 1250 2828 1251
f 1489 2830 1324
f 1324 2830 1325
f 923 1328 1334
f 1334 1328 1335
f 1485 2832 1482
f 1482 2832 1483
f 1266 1490 1492
f 1492 1490 1493
f 1333 1346 1334
f 1334 1346 2824
f 722 799 1492
f 1492 799 1190
f 664 657 1482
f 1482 657 2833
f 631 634 1324
f 1324 634 1493
f 2828 1494 1251
f 1251 1494 2835
f 1249 3021 1250
f 1250 3021 2838
f 798 2837 1189
f 1189 2837 2836
f 3100 842 3160
f 3160 842 3159
f 1788 3101 1789
f 1789 3101 1793
f 1792 816 1789
f 1789 816 1790
f 817 816 1795
f 1795 816 1792
f 938 817 1797
f 1797 817 1795
f 1796 3155 1797
f 1797 3155 1798
f 3155 3158 1798
f 1798 3158 1799
f 3157 3152 1801
f 1801 3152 1802
f 3151 3156 1803
f 1803 3156 1804
f 3154 3153 1805
f 1805 3153 1806
f 3153 3161 1806
f 1806 3161 1807
f 3099 843 3100
f 3100 843 842
f 1788 1787 3102
f 3102 1787 3112
f 2910 3115 3124
f 3124 3115 3122
f 3099 3098 3122
f 3122 3098 3124
f 416 1907 3052
f 3052 1907 3071
f 3046 3047 3163
f 3163 3047 3162
f 249 445 259
f 259 445 3164
f 425 3165 424
f 424 3165 461
f 408 410 329
f 329 410 330
f 39 331 40
f 40 331 332
f 305 304 423
f 423 304 464
f 385 254 458
f 458 254 392
f 250 415 251
f 251 415 412
f 233 337 234
f 234 337 3166
f 435 3055 1908
f 1908 3055 3072
f 443 1909 3056
f 3056 1909 3073
f 3167 3049 3057
f 3057 3049 444
f 452 3058 1332
f 1332 3058 3069
f 234 3166 346
f 346 3166 411
f 3046 3163 462
f 462 3163 3059
f 259 3164 260
f 260 3164 336
f 3047 417 3162
f 3162 417 3053
f 463 3168 434
f 434 3168 3054
f 454 830 425
f 425 830 3165
f 3062 3169 3063
f 3063 3169 3170
f 1355 1354 1534
f 1534 1354 3171
f 3063 3170 3068
f 3068 3170 3172
f 574 3061 3062
f 3062 3061 3169
f 1534 3171 1535
f 1535 3171 3173
f 3079 2873 3172
f 3172 2873 3068
f 2838 3025 2839
f 2839 3025 3174
f 3176 3177 3175
f 3175 3177 3178
f 3180 1125 3179
f 3179 1125 1128
f 3182 3183 3181
f 3181 3183 3184
f 1134 3185 1130
f 1130 3185 3182
f 3186 3187 3189
f 3189 3187 3188
f 3191 3189 3190
f 3190 3189 3188
f 1137 1122 3190
f 3190 1122 3192
f 3175 3178 3193
f 3193 3178 3194
f 3181 3184 3179
f 3179 3184 3195
f 3197 3198 3196
f 3196 3198 3180
f 3200 3178 3199
f 3199 3178 3177
f 3202 3196 3201
f 3201 3196 3195
f 3204 3184 3203
f 3203 3184 3183
f 3206 3207 3205
f 3205 3207 3186
f 3205 3186 3208
f 3208 3186 3189
f 3209 3208 3191
f 3191 3208 3189
f 3210 3194 3200
f 3200 3194 3178
f 3201 3195 3204
f 3204 3195 3184
f 3197 3211 3177
f 3177 3211 3199
f 3213 3214 3212
f 3212 3214 3215
f 3217 3218 3216
f 3216 3218 3219
f 3221 3222 3220
f 3220 3222 3223
f 3225 3226 3224
f 3224 3226 3227
f 3229 3230 3228
f 3228 3230 3231
f 3233 3234 3232
f 3232 3234 3235
f 3237 3238 3236
f 3236 3238 3239
f 3238 3240 3239
f 3239 3240 3241
f 3232 3235 3242
f 3242 3235 3243
f 3245 3246 3244
f 3244 3246 3247
f 3248 3249 3245
f 3245 3249 3246
f 3251 3252 3250
f 3250 3252 3253
f 3255 3252 3254
f 3254 3252 3251
f 3256 3257 3259
f 3259 3257 3258
f 3261 3262 3260
f 3260 3262 3263
f 3265 3263 3264
f 3264 3263 3262
f 3256 3259 3266
f 3266 3259 3267
f 3269 3270 3268
f 3268 3270 3271
f 3269 3272 3270
f 3270 3272 3273
f 3274 3275 3277
f 3277 3275 3276
f 3278 3279 3276
f 3276 3279 3277
f 3281 3282 3280
f 3280 3282 3283
f 3280 3284 3281
f 3281 3284 3285
f 3287 3288 3286
f 3286 3288 3289
f 3290 3291 3288
f 3288 3291 3289
f 3234 3218 3235
f 3235 3218 3217
f 3232 3292 3233
f 3233 3292 3293
f 3239 3294 3236
f 3236 3294 3219
f 3233 3293 3237
f 3237 3293 3295
f 3296 3294 3241
f 3241 3294 3239
f 3240 3238 3297
f 3297 3238 3298
f 3217 3216 3235
f 3235 3216 3243
f 3297 3299 3240
f 3240 3299 3242
f 3246 3300 3247
f 3247 3300 3223
f 3301 3302 3254
f 3254 3302 3244
f 3249 3303 3246
f 3246 3303 3300
f 3245 3304 3248
f 3248 3304 3292
f 3252 3221 3253
f 3253 3221 3220
f 3250 3248 3299
f 3299 3248 3292
f 3222 3221 3255
f 3255 3221 3252
f 3297 3301 3251
f 3251 3301 3254
f 3258 3214 3259
f 3259 3214 3213
f 3257 3256 3304
f 3304 3256 3305
f 3263 3306 3260
f 3260 3306 3215
f 3261 3257 3302
f 3302 3257 3304
f 3307 3306 3265
f 3265 3306 3263
f 3262 3301 3264
f 3264 3301 3308
f 3259 3213 3267
f 3267 3213 3212
f 3308 3309 3264
f 3264 3309 3266
f 3270 3310 3271
f 3271 3310 3231
f 3311 3312 3278
f 3278 3312 3268
f 3270 3273 3310
f 3310 3273 3313
f 3272 3269 3305
f 3305 3269 3314
f 3277 3229 3274
f 3274 3229 3228
f 3275 3272 3309
f 3309 3272 3305
f 3279 3230 3277
f 3277 3230 3229
f 3276 3308 3278
f 3278 3308 3311
f 3281 3315 3282
f 3282 3315 3227
f 3290 3316 3283
f 3283 3316 3317
f 3281 3285 3315
f 3315 3285 3318
f 3284 3280 3314
f 3314 3280 3319
f 3289 3225 3286
f 3286 3225 3224
f 3287 3284 3312
f 3284 3314 3312
f 3291 3226 3289
f 3289 3226 3225
f 3288 3311 3290
f 3290 3311 3316
f 3212 3215 3307
f 3307 3215 3306
f 3294 3296 3219
f 3219 3296 3216
f 3303 3220 3300
f 3300 3220 3223
f 3224 3227 3318
f 3318 3227 3315
f 3228 3231 3313
f 3313 3231 3310
f 3234 3233 3236
f 3236 3233 3237
f 3243 3241 3242
f 3242 3241 3240
f 3247 3255 3244
f 3244 3255 3254
f 3253 3249 3250
f 3250 3249 3248
f 3260 3258 3261
f 3261 3258 3257
f 3266 3267 3264
f 3264 3267 3265
f 3268 3271 3278
f 3278 3271 3279
f 3274 3273 3275
f 3275 3273 3272
f 3283 3282 3290
f 3290 3282 3291
f 3286 3285 3287
f 3287 3285 3284
f 3218 3234 3219
f 3219 3234 3236
f 3295 3298 3237
f 3237 3298 3238
f 3216 3296 3243
f 3243 3296 3241
f 3242 3299 3232
f 3232 3299 3292
f 3223 3222 3247
f 3247 3222 3255
f 3244 3302 3245
f 3245 3302 3304
f 3303 3249 3220
f 3220 3249 3253
f 3297 3251 3299
f 3299 3251 3250
f 3215 3214 3260
f 3260 3214 3258
f 3301 3262 3302
f 3302 3262 3261
f 3212 3307 3267
f 3267 3307 3265
f 3266 3309 3256
f 3256 3309 3305
f 3271 3231 3279
f 3279 3231 3230
f 3268 3312 3269
f 3269 3312 3314
f 3228 3313 3274
f 3274 3313 3273
f 3308 3276 3309
f 3309 3276 3275
f 3282 3227 3291
f 3291 3227 3226
f 3317 3319 3283
f 3283 3319 3280
f 3224 3318 3286
f 3286 3318 3285
f 3312 3311 3287
f 3311 3288 3287
f 3320 3321 3194
f 3194 3321 3193
f 1375 3321 1121
f 1121 3321 3322
f 3323 3324 3322
f 3322 3324 3192
f 3175 1124 3176
f 3176 1124 1123
f 3179 3195 3180
f 3180 3195 3196
f 3181 1131 3182
f 3182 1131 1130
f 3207 3185 3186
f 3186 3185 3187
f 1136 3188 1133
f 1133 3188 3187
f 3190 3188 1137
f 1137 3188 1136
f 3193 1159 3175
f 3175 1159 1124
f 3179 1128 3181
f 3181 1128 1131
f 1533 3198 1123
f 1123 3198 3176
f 3321 1375 3193
f 3193 1375 1159
f 3321 3320 3322
f 3322 3320 3323
f 1122 1121 3192
f 3192 1121 3322
f 3194 3210 3320
f 3320 3210 3325
f 3324 3323 3327
f 3327 3323 3326
f 3320 3325 3323
f 3323 3325 3326
f 3208 3328 3205
f 3205 3328 3329
f 3330 3206 3329
f 3329 3206 3205
f 3203 3331 3204
f 3204 3331 3332
f 3210 3333 3325
f 3325 3333 3334
f 3325 3334 3326
f 3326 3334 3335
f 3327 3326 3336
f 3336 3326 3335
f 3327 3209 3324
f 3324 3209 3191
f 3190 3192 3191
f 3191 3192 3324
f 3338 3339 3337
f 3337 3339 3340
f 3338 3341 3339
f 3339 3341 3342
f 3341 3343 3342
f 3342 3343 3344
f 3343 3345 3344
f 3344 3345 3346
f 3345 3347 3346
f 3346 3347 3348
f 3347 3349 3348
f 3348 3349 3350
f 3337 3340 3351
f 3351 3340 3352
f 3351 3352 3353
f 3353 3352 3354
f 3353 3354 3355
f 3355 3354 3356
f 3350 3349 3357
f 3357 3349 3358
f 3355 3356 3359
f 3359 3356 3360
f 3359 3360 3361
f 3361 3360 3362
f 3361 3362 3363
f 3363 3362 3364
f 3363 3364 3358
f 3358 3364 3357
f 3339 3342 3365
f 3365 3342 3366
f 3342 3344 3366
f 3366 3344 3367
f 3344 3346 3367
f 3367 3346 3368
f 3346 3348 3368
f 3368 3348 3369
f 3348 3350 3369
f 3369 3350 3370
f 3368 3369 3371
f 3371 3369 3372
f 3369 3370 3372
f 3372 3370 3373
f 3373 3374 3372
f 3372 3374 3375
f 3377 3378 3376
f 3376 3378 3379
f 3377 3375 3378
f 3378 3375 3374
f 3375 3380 3372
f 3372 3380 3371
f 3377 3381 3375
f 3375 3381 3380
f 3376 3382 3377
f 3377 3382 3381
f 3384 3385 3383
f 3383 3385 3386
f 3384 3383 3388
f 3388 3383 3387
f 3388 3387 3389
f 3389 3387 3390
f 3392 3385 3391
f 3391 3385 3384
f 3388 3393 3384
f 3384 3393 3391
f 3389 3394 3388
f 3388 3394 3393
f 3389 3395 3394
f 3394 3395 3396
f 3395 3389 3397
f 3397 3389 3390
f 3339 3365 3340
f 3340 3365 3398
f 3340 3398 3352
f 3352 3398 3399
f 3371 3400 3368
f 3368 3400 3367
f 3400 3401 3367
f 3367 3401 3366
f 3366 3401 3365
f 3365 3401 3402
f 3398 3365 3403
f 3403 3365 3402
f 3398 3403 3399
f 3399 3403 3404
f 3403 3405 3404
f 3404 3405 3406
f 3352 3399 3354
f 3354 3399 3407
f 3399 3404 3407
f 3407 3404 3408
f 3404 3406 3408
f 3408 3406 3409
f 3405 3410 3406
f 3406 3410 3411
f 3410 3412 3411
f 3411 3412 3413
f 3397 3414 3395
f 3395 3414 3415
f 3417 3415 3416
f 3416 3415 3412
f 3410 3418 3412
f 3412 3418 3416
f 3410 3405 3418
f 3418 3405 3419
f 3405 3403 3419
f 3419 3403 3402
f 3370 3350 3420
f 3420 3350 3357
f 3373 3370 3421
f 3421 3370 3420
f 3374 3373 3422
f 3422 3373 3421
f 3378 3374 3423
f 3423 3374 3422
f 3378 3423 3379
f 3379 3423 3424
f 3424 3425 3379
f 3379 3425 3386
f 3383 3426 3387
f 3387 3426 3427
f 3387 3427 3390
f 3390 3427 3428
f 3390 3428 3397
f 3397 3428 3429
f 3429 3430 3397
f 3397 3430 3414
f 3411 3413 3431
f 3431 3413 3432
f 3406 3411 3409
f 3409 3411 3431
f 3401 3400 3335
f 3335 3400 3336
f 3401 3335 3402
f 3402 3335 3334
f 3402 3334 3419
f 3419 3334 3333
f 3419 3333 3418
f 3418 3333 3433
f 3418 3433 3416
f 3416 3433 3434
f 3435 3417 3434
f 3434 3417 3416
f 3394 3396 3436
f 3436 3396 3437
f 3393 3394 3332
f 3332 3394 3436
f 3393 3332 3391
f 3391 3332 3331
f 3330 3392 3331
f 3331 3392 3391
f 3382 3329 3381
f 3381 3329 3328
f 3354 3407 3356
f 3356 3407 3438
f 3356 3438 3360
f 3360 3438 3439
f 3360 3439 3362
f 3362 3439 3440
f 3362 3440 3364
f 3364 3440 3441
f 3364 3441 3357
f 3357 3441 3420
f 3421 3420 3442
f 3442 3420 3441
f 3442 3441 3443
f 3443 3441 3440
f 3443 3440 3444
f 3444 3440 3439
f 3444 3439 3445
f 3445 3439 3438
f 3445 3438 3408
f 3408 3438 3407
f 3422 3421 3446
f 3446 3421 3442
f 3446 3442 3447
f 3447 3442 3443
f 3447 3443 3448
f 3448 3443 3444
f 3448 3444 3449
f 3449 3444 3445
f 3449 3445 3409
f 3409 3445 3408
f 3409 3431 3449
f 3449 3431 3450
f 3449 3450 3448
f 3448 3450 3451
f 3451 3452 3448
f 3448 3452 3447
f 3447 3452 3446
f 3446 3452 3453
f 3446 3453 3422
f 3422 3453 3423
f 3424 3423 3454
f 3454 3423 3453
f 3452 3455 3453
f 3453 3455 3454
f 3452 3451 3455
f 3455 3451 3456
f 3450 3457 3451
f 3451 3457 3456
f 3431 3432 3450
f 3450 3432 3457
f 3454 3458 3424
f 3424 3458 3425
f 3427 3426 3459
f 3459 3426 3460
f 3428 3427 3461
f 3461 3427 3459
f 3428 3461 3429
f 3429 3461 3462
f 3462 3463 3429
f 3429 3463 3430
f 3464 3465 3462
f 3462 3465 3463
f 3455 3466 3454
f 3454 3466 3458
f 3465 3464 3466
f 3466 3464 3467
f 3461 3459 3468
f 3468 3459 3469
f 3468 3469 3464
f 3464 3469 3467
f 3464 3462 3468
f 3468 3462 3461
f 3459 3460 3469
f 3469 3460 3467
f 3295 3351 3298
f 3298 3351 3353
f 3353 3355 3298
f 3298 3355 3297
f 3297 3355 3301
f 3301 3355 3359
f 3301 3359 3308
f 3308 3359 3361
f 3308 3361 3311
f 3311 3361 3363
f 3311 3363 3316
f 3316 3363 3358
f 3316 3358 3317
f 3317 3358 3349
f 3349 3347 3317
f 3317 3347 3319
f 3347 3345 3319
f 3319 3345 3314
f 3345 3343 3314
f 3314 3343 3305
f 3343 3341 3305
f 3305 3341 3304
f 3304 3341 3292
f 3292 3341 3338
f 3292 3338 3293
f 3293 3338 3337
f 3293 3337 3295
f 3295 3337 3351
f 3437 3202 3436
f 3436 3202 3201
f 3436 3201 3332
f 3332 3201 3204
f 3433 3200 3434
f 3434 3200 3199
f 3211 3435 3199
f 3199 3435 3434
f 3333 3210 3433
f 3433 3210 3200
f 3380 3470 3371
f 3400 3371 3336
f 3336 3371 3470
f 3381 3328 3380
f 3380 3328 3470
f 3470 3328 3209
f 3209 3328 3208
f 3336 3470 3327
f 3327 3470 3209
f 1545 1763 1546
f 1546 1763 1762
f 1403 1546 773
f 773 1546 770
f 1221 3013 1220
f 1220 3013 3471
f 1305 2877 1306
f 1306 2877 2879
f 1220 3471 828
f 828 3471 829
f 1217 1754 3472
f 3472 1754 1756
f 1049 3473 1048
f 1048 3473 3474
f 1371 1179 3473
f 3473 1179 3474
f 1074 3475 1179
f 1179 3475 3474
f 3474 3475 1048
f 1048 3475 1056
f 919 666 1345
f 1345 666 665
f 856 680 919
f 919 680 666
f 679 680 1449
f 1449 680 858
f 1367 878 1500
f 1500 878 877
f 1366 908 1367
f 1367 908 878
f 1512 916 1513
f 1513 916 915
f 947 1368 948
f 948 1368 1369
f 1047 1021 1044
f 1044 1021 1020
f 1370 1049 1019
f 1019 1049 1020
f 1173 1030 1174
f 1174 1030 1033
f 3126 1188 1464
f 1464 1188 1187
f 1800 1451 1512
f 1512 1451 916
f 1175 1174 1186
f 1186 1174 1187
f 1030 1173 1047
f 1047 1173 1021
f 1513 915 3476
f 3476 915 1481
f 1345 665 3477
f 3477 665 1483
f 1502 1501 876
f 876 1501 877
f 1205 1451 1803
f 1803 1451 1802
f 3479 2832 3478
f 3478 2832 2831
f 1449 858 2927
f 2927 858 2922
f 908 1366 947
f 947 1366 1368
f 949 948 3126
f 3126 948 1188
f 3480 3135 1502
f 1502 3135 1501
f 2927 2922 3157
f 3157 2922 3152
f 3477 1483 3479
f 3479 1483 2832
f 1803 1802 3151
f 3151 1802 3152
f 663 658 664
f 664 658 657
f 655 658 939
f 939 658 706
f 1512 870 1800
f 1800 870 869
f 875 874 876
f 876 874 873
f 849 874 905
f 905 874 958
f 949 962 946
f 946 962 961
f 978 3126 979
f 979 3126 1464
f 1031 1168 1032
f 1032 1168 1022
f 1045 1013 1046
f 1046 1013 1012
f 1045 1044 1056
f 1056 1044 1048
f 1047 1046 1030
f 1030 1046 1031
f 939 706 940
f 940 706 1450
f 979 1464 1032
f 1032 1464 1033
f 3480 1478 3476
f 3476 1478 3134
f 2829 1487 2830
f 2830 1487 1486
f 848 1230 873
f 873 1230 1479
f 867 870 933
f 933 870 1514
f 1800 869 1801
f 1801 869 1799
f 2830 1486 1325
f 1325 1486 2833
f 940 1450 2925
f 2925 1450 2928
f 946 961 907
f 907 961 958
f 959 962 977
f 977 962 978
f 3476 3134 1513
f 1513 3134 1514
f 2925 2928 3155
f 3155 2928 3158
f 1325 2833 656
f 656 2833 657
f 1801 1799 3157
f 3157 1799 3158
f 1074 1055 3475
f 3475 1055 1056
f 1371 3473 1370
f 1370 3473 1049
f 2884 615 3481
f 3481 615 618
f 3478 2831 2846
f 2846 2831 617
f 2831 1484 617
f 617 1484 618
f 1484 1487 618
f 618 1487 3481
f 2848 3481 2829
f 2829 3481 1487
f 1480 1517 1161
f 1161 1517 1162
f 3129 1323 1455
f 1455 1323 1322
f 3129 3134 1323
f 1323 3134 1478
f 1535 3173 1515
f 1515 3173 1516
f 3085 3095 3137
f 3137 3095 3094
f 3137 3094 3138
f 3138 3094 3104
f 3117 3139 3105
f 3105 3139 3106
f 1138 1141 3127
f 3127 1141 3128
f 3081 3131 1264
f 1264 3131 3130
f 1227 1226 3132
f 3132 1226 3133
f 1264 3130 1229
f 1229 3130 1322
f 1160 1501 1161
f 1161 1501 3135
f 1141 1476 3128
f 3128 1476 3136
f 1226 1163 3133
f 3133 1163 1162
f 1363 1138 1515
f 1515 1138 3127
f 3084 3095 3081
f 3081 3095 3131
f 3089 884 3105
f 3105 884 3140
f 884 883 3140
f 3140 883 3141
f 883 3482 3141
f 3141 3482 3142
f 3476 1481 3480
f 3480 1481 3135
f 1502 1479 3480
f 3480 1479 1478
f 3168 463 440
f 714 1880 715
f 715 1880 2905
f 896 732 2970
f 2970 732 731
f 1263 834 3082
f 3082 834 833
f 898 1231 853
f 853 1231 854
f 3125 890 2931
f 2931 890 889
f 1237 893 2851
f 2851 893 892
f 898 853 899
f 899 853 963
f 988 987 989
f 989 987 986
f 1002 1007 1003
f 1003 1007 1006
f 1038 1036 1007
f 1007 1036 1004
f 1070 1052 1005
f 1005 1052 1006
f 1069 1067 1070
f 1070 1067 1052
f 1130 1129 1134
f 1134 1129 1135
f 879 1167 880
f 880 1167 1166
f 1171 1169 1037
f 1037 1169 1038
f 1085 1180 1069
f 1069 1180 1067
f 1209 1210 879
f 879 1210 1167
f 2885 1215 1754
f 1754 1215 1214
f 1263 855 834
f 834 855 854
f 708 1244 1826
f 1826 1244 1243
f 2909 894 1254
f 1254 894 893
f 1228 1361 964
f 964 1361 1360
f 2908 2907 1436
f 1436 2907 1437
f 2990 1440 2991
f 2991 1440 1439
f 964 1360 965
f 965 1360 1454
f 950 1457 951
f 951 1457 1456
f 970 1463 971
f 971 1463 1462
f 1025 1169 984
f 984 1169 986
f 1084 1097 1469
f 1469 1097 1470
f 1096 1115 1474
f 1474 1115 1475
f 1140 1361 1141
f 1141 1361 1476
f 1212 1495 2828
f 2828 1495 1494
f 880 1166 1452
f 1452 1166 1499
f 715 2905 1504
f 1504 2905 2906
f 954 1519 955
f 955 1519 1518
f 1026 1520 992
f 992 1520 1518
f 1029 1520 1043
f 1043 1520 1521
f 997 1522 1040
f 1040 1522 1521
f 1015 1522 1016
f 1016 1522 1523
f 1523 996 1524
f 1524 996 1062
f 1057 1060 1525
f 1525 1060 1524
f 1094 1528 1082
f 1082 1528 1527
f 1526 1528 1089
f 1089 1528 1529
f 1090 1531 1108
f 1108 1531 1530
f 1125 1533 1126
f 1126 1533 1532
f 3483 1755 727
f 727 1755 1214
f 735 1814 707
f 707 1814 1813
f 2891 1834 1246
f 1246 1834 1243
f 2904 1881 1847
f 1847 1881 1848
f 1852 1855 1853
f 1853 1855 1858
f 1902 2903 1877
f 1877 2903 1878
f 2903 2904 1878
f 1878 2904 1847
f 714 713 1848
f 1848 713 1849
f 1440 2990 1883
f 1883 2990 2989
f 1883 2989 1852
f 1852 2989 1855
f 2895 1888 2892
f 2892 1888 1887
f 774 777 1877
f 1877 777 1903
f 1251 2835 1252
f 1252 2835 2834
f 1213 2844 1212
f 1212 2844 1495
f 2851 892 1213
f 1213 892 2844
f 3123 2911 3124
f 3124 2911 2910
f 887 2929 888
f 888 2929 889
f 1435 2963 1436
f 1436 2963 2961
f 1253 1438 1254
f 1254 1438 1437
f 2970 731 735
f 735 731 1814
f 733 732 2885
f 2885 732 1215
f 2901 2902 2976
f 2976 2902 2977
f 2975 2982 2976
f 2976 2982 2979
f 2899 2900 2981
f 2981 2900 2979
f 2899 2981 2898
f 2898 2981 2983
f 2986 2985 2984
f 2984 2985 2983
f 2897 2985 2896
f 2896 2985 2988
f 2991 1439 2987
f 2987 1439 2988
f 777 2978 1903
f 1903 2978 2977
f 1885 1888 1858
f 1858 1888 1853
f 3090 3088 836
f 836 3088 833
f 3083 3088 3097
f 3097 3088 3096
f 3097 3096 3104
f 3104 3096 3106
f 3111 3116 3108
f 3108 3116 3109
f 3112 3111 3114
f 3114 3111 3108
f 3113 3122 3114
f 3114 3122 3115
f 891 890 2837
f 2837 890 2834
f 951 1456 954
f 954 1456 1519
f 967 1457 936
f 936 1457 1454
f 971 1462 902
f 902 1462 963
f 1461 1463 988
f 988 1463 987
f 1466 1468 1474
f 1474 1468 1470
f 1089 1529 1090
f 1090 1529 1531
f 1184 1181 1469
f 1469 1181 1180
f 1082 1527 1061
f 1061 1527 1525
f 1129 1473 1135
f 1135 1473 1475
f 1108 1530 1105
f 1105 1530 1532
f 1452 1499 3132
f 3132 1499 3136
f 3109 3116 3139
f 3139 3116 3138
f 2912 2911 887
f 887 2911 2929
f 2836 2835 1497
f 1497 2835 1494
f 2913 3102 2910
f 2910 3102 3115
f 1133 3187 1134
f 1134 3187 3185
f 3177 3176 3197
f 3197 3176 3198
f 3203 3183 3206
f 3206 3183 3207
f 3196 3202 3197
f 3197 3202 3211
f 3183 3182 3207
f 3207 3182 3185
f 1125 3180 1533
f 1533 3180 3198
f 3331 3203 3330
f 3330 3203 3206
f 3376 3379 3385
f 3385 3379 3386
f 3382 3376 3392
f 3392 3376 3385
f 3412 3415 3413
f 3413 3415 3414
f 3417 3396 3415
f 3415 3396 3395
f 3383 3386 3426
f 3426 3386 3425
f 3413 3414 3432
f 3432 3414 3430
f 3437 3396 3435
f 3435 3396 3417
f 3329 3382 3330
f 3330 3382 3392
f 3426 3425 3460
f 3460 3425 3458
f 3432 3430 3457
f 3457 3430 3463
f 3457 3463 3456
f 3456 3463 3465
f 3460 3458 3467
f 3467 3458 3466
f 3466 3455 3465
f 3465 3455 3456
f 3202 3437 3211
f 3211 3437 3435
f 3104 3106 3138
f 3138 3106 3139
f 3132 3136 1227
f 1227 3136 1476
f 943 687 600
f 600 687 601
f 596 625 667
f 667 625 1297
f 687 686 601
f 601 686 653
f 1319 784 711
f 711 784 712
f 1811 607 783
f 783 607 712
f 862 921 917
f 917 921 920
f 3478 925 3479
f 3479 925 924
f 2846 926 3478
f 3478 926 925
f 659 662 929
f 929 662 930
f 856 921 857
f 857 921 1204
f 1206 864 1207
f 1207 864 863
f 2876 1219 2877
f 2877 1219 1218
f 667 1297 593
f 593 1297 1296
f 917 920 1333
f 1333 920 1346
f 686 693 653
f 653 693 930
f 1277 913 1498
f 1498 913 1207
f 592 1536 610
f 610 1536 711
f 864 1206 1805
f 1805 1206 1804
f 1317 1536 1900
f 1900 1536 1809
f 1900 1809 1295
f 1295 1809 1296
f 3479 924 3477
f 3477 924 2824
f 927 926 1203
f 1203 926 2847
f 3484 2859 3032
f 3032 2859 3033
f 3472 2878 1217
f 1217 2878 1218
f 2889 2888 2880
f 2880 2888 2881
f 2886 2883 2887
f 2887 2883 2882
f 929 928 2847
f 2847 928 1203
f 857 1204 2921
f 2921 1204 2926
f 1820 1819 2882
f 2882 1819 2881
f 1821 2883 2876
f 2876 2883 1219
f 782 2889 783
f 783 2889 2880
f 1352 3034 1353
f 1353 3034 3033
f 3031 3034 3041
f 3041 3034 3043
f 944 943 3043
f 3043 943 600
f 1339 3145 1498
f 1498 3145 3143
f 1208 882 3148
f 3148 882 3143
f 2921 2926 3151
f 3151 2926 3156
f 3477 2824 1345
f 1345 2824 1346
f 1805 1804 3154
f 3154 1804 3156
f 886 3103 883
f 883 3103 3482
f 841 1248 3485
f 3485 1248 3121
f 2811 2819 2812
f 2812 2819 2816
f 2818 2815 2817
f 2817 2815 2806
f 2817 2816 2818
f 2818 2816 2819
f 2793 2795 2819
f 2819 2795 2818
f 243 352 2793
f 2793 352 2795
f 242 353 243
f 243 353 352
f 359 191 242
f 242 191 353
f 247 192 359
f 359 192 191
f 157 193 247
f 247 193 192
f 156 194 157
f 157 194 193
f 378 261 156
f 156 261 194
f 378 381 261
f 261 381 195
f 195 381 196
f 196 381 376
f 196 376 198
f 198 376 375
f 375 1776 198
f 198 1776 197
f 1776 1767 197
f 197 1767 274
f 181 274 199
f 199 274 1767
f 568 566 564
f 564 566 563
f 568 569 566
f 566 569 567
f 501 1773 1771
f 1771 1773 578
f 547 579 1773
f 1773 579 578
f 3486 470 474
f 474 470 469
f 450 582 3487
f 3487 582 3488
f 582 583 3488
f 3488 583 3489
f 583 584 3489
f 3489 584 3490
f 3490 584 3491
f 3491 584 543
f 470 3486 466
f 466 3486 467
f 3489 3490 503
f 503 3490 504
f 503 3492 3489
f 3489 3492 3488
f 3492 503 3493
f 3493 503 502
f 3495 3492 3494
f 3494 3492 3493
f 3487 3488 3495
f 3495 3488 3492
f 468 1774 465
f 465 1774 570
f 3494 3493 1775
f 1775 3493 1771
f 3490 3491 504
f 504 3491 1772
f 3491 543 1772
f 1772 543 548
f 450 3487 474
f 474 3487 3486
f 3495 467 3487
f 3487 467 3486
f 3494 468 3495
f 3495 468 467
f 468 3494 1774
f 1774 3494 1775
f 501 1771 502
f 502 1771 3493
f 527 366 384
f 384 366 365
f 522 524 527
f 527 524 366
f 521 534 522
f 522 534 524
f 530 535 521
f 521 535 534
f 508 486 513
f 513 486 532
f 513 532 541
f 541 532 535
f 667 668 596
f 596 668 597
f 1294 1297 624
f 624 1297 625
f 603 641 604
f 604 641 640
f 1290 1293 650
f 650 1293 651
f 1758 691 660
f 660 691 661
f 602 671 599
f 599 671 670
f 654 662 690
f 690 662 661
f 2856 598 695
f 695 598 597
f 602 654 671
f 671 654 690
f 604 640 676
f 676 640 704
f 1826 1829 708
f 708 1829 709
f 1288 1284 740
f 740 1284 741
f 755 754 758
f 758 754 759
f 2853 2856 932
f 932 2856 695
f 689 691 1192
f 1192 691 1193
f 784 1319 1240
f 1240 1319 1241
f 1813 1816 1244
f 1244 1816 1245
f 754 1288 759
f 759 1288 740
f 1894 1242 1318
f 1318 1242 1241
f 2867 1348 1418
f 1418 1348 1347
f 676 704 673
f 673 704 1347
f 1284 1287 741
f 741 1287 1419
f 1421 1426 1422
f 1422 1426 1425
f 1758 660 615
f 615 660 616
f 1192 1191 1421
f 1421 1191 1426
f 2962 1839 1504
f 1504 1839 1505
f 941 1194 1759
f 1759 1194 1193
f 1287 1537 1419
f 1419 1537 1760
f 1882 2893 1823
f 1823 2893 1824
f 1886 1891 1827
f 1827 1891 1828
f 1887 1886 1834
f 1834 1886 1827
f 1841 716 1838
f 1838 716 1505
f 782 784 1850
f 1850 784 1240
f 1239 1242 1863
f 1863 1242 1864
f 1242 1894 1864
f 1864 1894 1873
f 1822 1239 1823
f 1823 1239 1863
f 1318 1317 1895
f 1895 1317 1900
f 1894 1896 1873
f 1873 1896 1897
f 1291 1896 1292
f 1292 1896 1895
f 605 1898 606
f 606 1898 1897
f 1258 1257 2854
f 2854 1257 2855
f 1257 1351 2855
f 2855 1351 2857
f 1351 1353 2857
f 2857 1353 2858
f 1353 3033 2858
f 2858 3033 2859
f 2860 2861 3036
f 3036 2861 3037
f 2862 2863 2870
f 2870 2863 3039
f 2870 2869 2862
f 2862 2869 2864
f 2868 2865 2869
f 2869 2865 2864
f 1764 2866 2868
f 2868 2866 2865
f 1537 1199 1760
f 1760 1199 1348
f 615 2884 1758
f 1758 2884 1759
f 1825 1246 2890
f 2890 1246 1245
f 2893 2892 1824
f 1824 2892 2891
f 761 2960 758
f 758 2960 2906
f 3000 2943 2940
f 2940 2943 2941
f 2968 710 2950
f 2950 710 709
f 1764 1423 2866
f 2866 1423 2953
f 1423 645 2953
f 2953 645 2954
f 645 644 2954
f 2954 644 2955
f 644 738 2955
f 2955 738 2956
f 738 764 2956
f 2956 764 2957
f 764 763 2957
f 2957 763 2958
f 763 2908 2958
f 2958 2908 2959
f 2908 1436 2959
f 2959 1436 2961
f 1837 2964 1435
f 1435 2964 2963
f 1837 2937 2964
f 2964 2937 2965
f 2936 2968 2966
f 2966 2968 2950
f 1840 2942 1838
f 1838 2942 2941
f 2939 2949 2940
f 2940 2949 3006
f 2939 2942 2966
f 2966 2942 2965
f 1822 1825 1850
f 1850 1825 2890
f 1891 3005 1828
f 1828 3005 3006
f 3035 3038 3045
f 3045 3038 3042
f 3045 3044 3035
f 3035 3044 3040
f 669 1422 3045
f 3045 1422 3044
f 599 670 3041
f 3041 670 3042
f 931 3067 932
f 932 3067 3065
f 2853 3066 2854
f 2854 3066 3076
f 3067 3496 3065
f 3065 3496 3497
f 3066 3498 3076
f 3076 3498 3499
f 707 1813 708
f 708 1813 1244
f 2960 2962 2906
f 2906 2962 1504
f 2892 1887 2891
f 2891 1887 1834
f 1839 2962 2963
f 2963 2962 2961
f 595 626 596
f 596 626 625
f 623 626 3484
f 3484 626 2859
f 1291 1290 606
f 606 1290 603
f 1290 650 603
f 603 650 641
f 641 650 642
f 642 650 649
f 2860 2863 649
f 649 2863 642
f 3036 3039 2860
f 2860 3039 2863
f 3035 3040 3036
f 3036 3040 3039
f 1294 1293 1295
f 1295 1293 1292
f 624 651 1294
f 1294 651 1293
f 623 652 624
f 624 652 651
f 3484 2861 623
f 623 2861 652
f 3032 3037 3484
f 3484 3037 2861
f 3031 3038 3032
f 3032 3038 3037
f 3481 2848 2884
f 2884 2848 942
f 2846 617 1427
f 1427 617 616
f 3049 3167 3048
f 3048 3167 3500
f 1906 3048 3070
f 3070 3048 3500
f 1337 1768 3501
f 3501 1768 3502
f 3020 3503 3021
f 3021 3503 3024
f 2914 3023 3020
f 3020 3023 3503
f 859 1770 860
f 860 1770 3504
f 1336 3505 1768
f 1768 3505 3502
f 3065 3497 3066
f 3066 3497 3498
f 2814 3075 3067
f 3067 3075 3496
f 2839 3174 766
f 766 3174 3017
f 1337 3501 1338
f 1338 3501 1769
f 767 3018 3026
f 3026 3018 3506
f 3076 3499 3064
f 3064 3499 3507
f 727 730 3483
f 3483 730 3030
f 3064 3507 2871
f 2871 3507 3077
f 3100 3160 1786
f 1786 3160 1784
f 3026 3506 752
f 752 3506 3015
f 860 3504 2923
f 2923 3504 3508
f 753 3016 3027
f 3027 3016 3509
f 3027 3509 3008
f 3008 3509 3028
f 1782 1785 1783
f 1783 1785 3022
f 2923 3508 3153
f 3153 3508 3161
f 3148 3149 1208
f 1208 3149 3150
f 1335 1328 3510
f 3510 1328 1327
f 1336 1335 3505
f 3505 1335 3510
f 866 3511 1340
f 1340 3511 3146
f 865 1808 866
f 866 1808 3511
f 842 841 3159
f 3159 841 3485
f 2849 3512 1329
f 1329 3512 1326
f 1202 1331 2849
f 2849 1331 3512
f 3514 3515 3513
f 3513 3515 3516
f 3518 3516 3517
f 3517 3516 3515
f 3519 3520 3514
f 3514 3520 3515
f 3522 3523 3521
f 3521 3523 3524
f 3526 3527 3525
f 3525 3527 3528
f 3530 3531 3529
f 3529 3531 3532
f 3534 3535 3533
f 3533 3535 3536
f 3529 3532 3537
f 3537 3532 3538
f 3537 3539 3529
f 3529 3539 3540
f 3542 3543 3541
f 3541 3543 3544
f 3546 3547 3545
f 3545 3547 3548
f 3550 3534 3549
f 3549 3534 3533
f 3550 3543 3551
f 3551 3543 3552
f 3537 3545 3539
f 3539 3545 3548
f 3553 3554 3556
f 3556 3554 3555
f 3537 3557 3545
f 3545 3557 3546
f 3558 3559 3561
f 3561 3559 3560
f 3563 3564 3562
f 3562 3564 3565
f 3564 3563 3566
f 3566 3563 3567
f 3569 3570 3568
f 3568 3570 3571
f 3573 3574 3572
f 3572 3574 3575
f 3577 3578 3576
f 3576 3578 3579
f 3581 3582 3580
f 3580 3582 3583
f 3585 3586 3584
f 3584 3586 3579
f 3586 3587 3579
f 3579 3587 3576
f 3589 3590 3588
f 3588 3590 3591
f 3592 3593 3595
f 3595 3593 3594
f 3597 3598 3596
f 3596 3598 3595
f 3583 3600 3599
f 3599 3600 3601
f 3603 3599 3602
f 3602 3599 3601
f 3605 3606 3604
f 3604 3606 3607
f 3608 3555 3596
f 3596 3555 3554
f 3597 3610 3609
f 3609 3610 3565
f 3564 3611 3565
f 3565 3611 3609
f 3611 3564 3612
f 3612 3564 3566
f 3613 3614 3569
f 3569 3614 3570
f 3615 3616 3573
f 3573 3616 3574
f 3517 3617 3518
f 3518 3617 3618
f 3620 3621 3619
f 3619 3621 3622
f 3624 3625 3623
f 3623 3625 3626
f 3628 3629 3627
f 3627 3629 3630
f 3632 3633 3631
f 3631 3633 3634
f 3636 3637 3635
f 3635 3637 3638
f 3640 3641 3639
f 3639 3641 3642
f 3643 3644 3639
f 3639 3644 3640
f 3646 3513 3645
f 3645 3513 3647
f 3648 3514 3646
f 3646 3514 3513
f 3649 3519 3648
f 3648 3519 3514
f 3650 3651 3527
f 3527 3651 3652
f 3654 3651 3653
f 3653 3651 3650
f 3568 3571 3655
f 3655 3571 3656
f 3657 3658 3653
f 3653 3658 3659
f 3661 3662 3660
f 3660 3662 3658
f 3664 3665 3663
f 3663 3665 3666
f 3667 3657 3650
f 3650 3657 3653
f 3669 3523 3668
f 3668 3523 3670
f 3672 3673 3671
f 3671 3673 3674
f 3676 3677 3675
f 3675 3677 3678
f 3671 3674 3676
f 3676 3674 3677
f 3680 3681 3679
f 3679 3681 3682
f 3683 3684 3680
f 3680 3684 3681
f 3685 3686 3661
f 3661 3686 3662
f 3686 3687 3662
f 3662 3687 3688
f 3684 3683 3689
f 3689 3683 3690
f 3692 3693 3691
f 3691 3693 3694
f 3691 3694 3695
f 3695 3694 3696
f 3698 3699 3697
f 3697 3699 3700
f 3702 3703 3701
f 3701 3703 3704
f 3705 3706 3519
f 3519 3706 3520
f 3673 3672 3707
f 3707 3672 3708
f 3709 3710 3682
f 3682 3710 3679
f 3711 3712 3692
f 3692 3712 3693
f 3714 3715 3713
f 3713 3715 3716
f 3718 3700 3717
f 3717 3700 3699
f 3720 3721 3719
f 3719 3721 3722
f 3724 3725 3723
f 3723 3725 3726
f 3727 3728 3730
f 3730 3728 3729
f 3722 3721 3731
f 3731 3721 3732
f 3697 3700 3733
f 3733 3700 3714
f 3733 3714 3734
f 3734 3714 3713
f 3721 3723 3732
f 3732 3723 3735
f 3720 3736 3724
f 3724 3736 3737
f 3700 3718 3714
f 3714 3718 3715
f 3717 3699 3738
f 3738 3699 3739
f 3536 3740 3533
f 3533 3740 3540
f 3742 3743 3741
f 3741 3743 3744
f 3746 3747 3745
f 3745 3747 3748
f 3750 3751 3749
f 3749 3751 3752
f 3627 3632 3628
f 3628 3632 3631
f 3754 3755 3753
f 3753 3755 3626
f 3562 3565 3756
f 3756 3565 3610
f 3527 3652 3528
f 3528 3652 3757
f 3758 3524 3669
f 3669 3524 3523
f 3582 3598 3583
f 3583 3598 3600
f 3759 3670 3522
f 3522 3670 3523
f 3675 3678 3760
f 3760 3678 3761
f 3762 3763 3690
f 3690 3763 3689
f 3765 3766 3764
f 3764 3766 3767
f 3768 3739 3698
f 3698 3739 3699
f 3726 3725 3770
f 3770 3725 3769
f 3645 3647 3771
f 3771 3647 3772
f 3645 3678 3646
f 3646 3678 3677
f 3646 3677 3648
f 3648 3677 3674
f 3673 3649 3674
f 3674 3649 3648
f 3707 3773 3673
f 3673 3773 3649
f 3775 3776 3774
f 3774 3776 3777
f 3779 3526 3778
f 3778 3526 3525
f 3526 3779 3667
f 3667 3779 3780
f 3780 3781 3667
f 3667 3781 3657
f 3672 3679 3708
f 3708 3679 3710
f 3671 3680 3672
f 3672 3680 3679
f 3676 3683 3671
f 3671 3683 3680
f 3675 3690 3676
f 3676 3690 3683
f 3760 3762 3675
f 3675 3762 3690
f 3682 3681 3783
f 3783 3681 3782
f 3689 3784 3684
f 3684 3784 3785
f 3684 3785 3681
f 3681 3785 3782
f 3786 3709 3783
f 3783 3709 3682
f 3784 3689 3787
f 3787 3689 3763
f 3789 3557 3788
f 3788 3557 3790
f 3792 3793 3791
f 3791 3793 3794
f 3616 3615 3795
f 3795 3615 3796
f 3797 3798 3727
f 3727 3798 3728
f 3800 3801 3799
f 3799 3801 3802
f 3803 3578 3592
f 3592 3578 3593
f 3805 3806 3804
f 3804 3806 3807
f 3599 3603 3585
f 3585 3603 3586
f 3587 3586 3604
f 3604 3586 3603
f 3588 3591 3794
f 3794 3591 3791
f 3581 3803 3582
f 3582 3803 3592
f 3594 3561 3608
f 3608 3561 3790
f 3662 3688 3808
f 3808 3688 3809
f 3665 3664 3810
f 3810 3664 3811
f 3719 3812 3720
f 3720 3812 3736
f 3717 3813 3718
f 3718 3813 3737
f 3723 3721 3724
f 3724 3721 3720
f 3813 3717 3814
f 3814 3717 3738
f 3815 3816 303
f 303 3816 304
f 3818 3819 3817
f 3817 3819 3820
f 3578 3803 3579
f 3579 3803 3584
f 3558 3593 3577
f 3577 3593 3578
f 3822 3823 3821
f 3821 3823 3824
f 3546 3826 3825
f 3825 3826 3827
f 3828 3829 3547
f 3547 3829 3541
f 3831 3542 3830
f 3830 3542 3832
f 3834 3822 3833
f 3833 3822 3821
f 3835 3836 3827
f 3827 3836 3825
f 3800 3799 3828
f 3828 3799 3829
f 3830 3832 3837
f 3837 3832 3838
f 331 330 3551
f 3551 330 3839
f 3831 333 3552
f 3552 333 332
f 3819 3797 3841
f 3841 3797 3840
f 3513 3516 3647
f 3647 3516 3746
f 337 336 3745
f 3745 336 3772
f 3525 3528 3775
f 3775 3528 3749
f 3610 3597 3554
f 3554 3597 3596
f 3706 3702 3520
f 3520 3702 3701
f 3756 3610 3553
f 3553 3610 3554
f 3757 3750 3528
f 3528 3750 3749
f 3517 3515 3701
f 3701 3515 3520
f 3842 3584 3581
f 3581 3584 3803
f 3525 3775 3778
f 3778 3775 3774
f 3638 3843 3635
f 3635 3843 3618
f 3617 3621 3618
f 3618 3621 3635
f 3617 3517 3704
f 3704 3517 3701
f 3521 3624 3522
f 3522 3624 3623
f 3749 3844 3775
f 3775 3844 3776
f 3846 3847 3845
f 3845 3847 3848
f 3843 3747 3618
f 3618 3747 3518
f 3850 3851 3849
f 3849 3851 3748
f 3853 3854 3852
f 3852 3854 3855
f 3856 3857 3622
f 3622 3857 3619
f 3859 3860 3858
f 3858 3860 3861
f 3862 3844 3752
f 3752 3844 3749
f 3863 3759 3623
f 3623 3759 3522
f 3864 3777 3630
f 3630 3777 3776
f 3713 3865 3734
f 3734 3865 3866
f 3868 3869 3867
f 3867 3869 3870
f 3872 3873 3871
f 3871 3873 3874
f 3876 3877 3875
f 3875 3877 3878
f 3879 3880 3878
f 3878 3880 3881
f 3882 3883 3885
f 3885 3883 3884
f 3780 3886 3781
f 3781 3886 3887
f 3888 3685 3869
f 3869 3685 3661
f 3880 3879 3883
f 3883 3879 3884
f 3693 3783 3694
f 3694 3783 3782
f 3696 3785 3764
f 3764 3785 3784
f 3694 3782 3696
f 3696 3782 3785
f 3693 3786 3783
f 3787 3765 3784
f 3784 3765 3764
f 386 385 3765
f 3765 385 3766
f 3695 3889 3691
f 3691 3889 3890
f 3691 3890 3692
f 3692 3890 3891
f 3892 3711 3891
f 3891 3711 3692
f 3767 3893 3695
f 3695 3893 3889
f 3766 3894 3767
f 3767 3894 3893
f 3882 3885 3895
f 3895 3885 3896
f 3898 3698 3897
f 3897 3698 3697
f 3897 3697 3899
f 3899 3697 3733
f 3899 3733 3900
f 3900 3733 3734
f 3901 3768 3898
f 3898 3768 3698
f 3901 3902 3768
f 3768 3902 3903
f 3904 3905 3907
f 3907 3905 3906
f 3869 3661 3870
f 3870 3661 3660
f 3908 3909 3896
f 3896 3909 3895
f 3909 3758 3895
f 3895 3758 3669
f 3751 3531 3752
f 3752 3531 3848
f 3858 3536 3854
f 3854 3536 3535
f 3652 3562 3757
f 3757 3562 3756
f 3651 3654 3563
f 3563 3654 3567
f 3655 3656 3808
f 3808 3656 3659
f 3530 3740 3845
f 3845 3740 3861
f 3751 3750 3556
f 3556 3750 3553
f 3817 3820 3796
f 3796 3820 3795
f 410 409 3910
f 3910 409 3855
f 3750 3757 3553
f 3553 3757 3756
f 3908 3886 3909
f 3909 3886 3780
f 409 411 3855
f 3855 411 3851
f 413 412 3760
f 3760 412 3762
f 415 414 3763
f 3763 414 3787
f 3790 3557 3538
f 3538 3557 3537
f 3555 3608 3538
f 3538 3608 3790
f 3574 3911 3575
f 3575 3911 3912
f 3535 3534 3910
f 3910 3534 3839
f 3831 3552 3542
f 3542 3552 3543
f 3534 3550 3839
f 3839 3550 3551
f 3543 3550 3544
f 3544 3550 3549
f 3913 3914 3916
f 3916 3914 3915
f 3806 3805 3589
f 3589 3805 3590
f 3849 3843 3917
f 3917 3843 3638
f 3853 3644 3859
f 3859 3644 3742
f 3747 3746 3518
f 3518 3746 3516
f 3695 3696 3767
f 3767 3696 3764
f 3903 3918 3768
f 3768 3918 3739
f 3738 3739 3816
f 3816 3739 3918
f 3919 3920 3769
f 3769 3920 3770
f 3921 3726 3922
f 3922 3726 3770
f 3678 3645 3761
f 3761 3645 3771
f 3924 3913 3923
f 3923 3913 3916
f 3802 3925 3838
f 3838 3925 3837
f 3577 3926 3558
f 3558 3926 3559
f 3815 3919 3814
f 3814 3919 3769
f 3927 3928 3822
f 3822 3928 3823
f 3829 3832 3541
f 3541 3832 3542
f 3834 3927 3822
f 3832 3829 3838
f 3838 3829 3799
f 3745 3772 3746
f 3746 3772 3647
f 3849 3748 3843
f 3843 3748 3747
f 3854 3853 3858
f 3858 3853 3859
f 3854 3535 3855
f 3855 3535 3910
f 3557 3789 3546
f 3546 3789 3826
f 3923 3823 3924
f 3924 3823 3928
f 3823 3923 3929
f 3929 3923 3930
f 3531 3751 3532
f 3532 3751 3556
f 3532 3556 3538
f 3538 3556 3555
f 3932 3634 3931
f 3931 3634 3633
f 3814 3769 3813
f 3813 3769 3725
f 3620 3636 3621
f 3621 3636 3635
f 3847 3862 3848
f 3848 3862 3752
f 3531 3530 3848
f 3848 3530 3845
f 3933 3934 3830
f 3830 3934 3831
f 3925 3933 3837
f 3837 3933 3830
f 3934 440 3831
f 3831 440 333
f 3925 3802 3833
f 3833 3802 3801
f 3776 3844 3630
f 3630 3844 3627
f 3808 3659 3662
f 3662 3659 3658
f 3667 3650 3526
f 3526 3650 3527
f 3935 3666 3936
f 3936 3666 3665
f 3718 3737 3715
f 3715 3737 3736
f 3663 3809 3664
f 3664 3809 3688
f 3807 3806 3938
f 3938 3806 3937
f 445 413 3761
f 3761 413 3760
f 3902 447 3903
f 3903 447 446
f 3897 3890 3898
f 3898 3890 3889
f 3899 3891 3897
f 3897 3891 3890
f 3898 3889 3901
f 3901 3889 3893
f 3893 3894 3901
f 3901 3894 3902
f 414 386 3787
f 3787 386 3765
f 3940 3941 3939
f 3939 3941 3942
f 3840 3797 3943
f 3943 3797 3727
f 3665 3810 3936
f 3936 3810 3944
f 3921 3735 3726
f 3726 3735 3723
f 3920 3945 3770
f 3770 3945 3922
f 3521 3524 3774
f 3774 3524 3778
f 3864 3946 3625
f 3625 3946 3947
f 3773 3705 3649
f 3649 3705 3519
f 3779 3778 3758
f 3758 3778 3524
f 3812 3716 3736
f 3736 3716 3715
f 3624 3521 3777
f 3777 3521 3774
f 3703 3856 3704
f 3704 3856 3622
f 3900 3892 3899
f 3899 3892 3891
f 3641 3917 3642
f 3642 3917 3948
f 3895 3669 3882
f 3882 3669 3668
f 3855 3851 3852
f 3852 3851 3850
f 3894 458 3902
f 3902 458 447
f 3781 3887 3660
f 3660 3887 3870
f 3570 3566 3571
f 3571 3566 3567
f 3950 3576 3949
f 3949 3576 3587
f 3605 3602 3614
f 3614 3602 3612
f 3614 3612 3570
f 3570 3612 3566
f 3571 3567 3656
f 3656 3567 3654
f 3660 3658 3781
f 3781 3658 3657
f 3604 3607 3587
f 3587 3607 3949
f 3653 3659 3654
f 3654 3659 3656
f 3529 3540 3530
f 3530 3540 3740
f 3687 3811 3688
f 3688 3811 3664
f 3813 3725 3737
f 3737 3725 3724
f 3919 3815 461
f 461 3815 303
f 3818 3798 3819
f 3819 3798 3797
f 3819 3841 3820
f 3820 3841 3951
f 3816 3815 3738
f 3738 3815 3814
f 3540 3539 3533
f 3533 3539 3549
f 3548 3547 3544
f 3544 3547 3541
f 3539 3548 3549
f 3549 3548 3544
f 3741 3931 3860
f 3860 3931 3846
f 3801 3800 3835
f 3835 3800 3836
f 3934 3933 3824
f 3824 3933 3821
f 3825 3828 3546
f 3546 3828 3547
f 3833 3821 3925
f 3925 3821 3933
f 3800 3828 3836
f 3836 3828 3825
f 3824 3952 3934
f 3934 3952 440
f 3860 3846 3861
f 3861 3846 3845
f 3629 3946 3630
f 3630 3946 3864
f 3740 3536 3861
f 3861 3536 3858
f 3833 3801 3834
f 3834 3801 3835
f 3583 3599 3580
f 3580 3599 3585
f 3651 3563 3652
f 3652 3563 3562
f 3758 3909 3779
f 3779 3909 3780
f 3621 3617 3622
f 3622 3617 3704
f 3625 3947 3626
f 3626 3947 3753
f 3633 3632 3847
f 3847 3632 3862
f 3852 3850 3640
f 3640 3850 3641
f 3644 3853 3640
f 3640 3853 3852
f 3859 3742 3860
f 3860 3742 3741
f 3632 3627 3862
f 3862 3627 3844
f 3755 3863 3626
f 3626 3863 3623
f 3917 3638 3948
f 3948 3638 3637
f 3644 3643 3742
f 3742 3643 3743
f 3931 3633 3846
f 3846 3633 3847
f 3625 3624 3864
f 3864 3624 3777
f 3917 3641 3849
f 3849 3641 3850
f 3744 3932 3741
f 3741 3932 3931
f 3903 446 3918
f 3918 446 464
f 3953 3954 3956
f 3956 3954 3955
f 3958 3959 3957
f 3957 3959 3960
f 3876 3958 3877
f 3877 3958 3957
f 3877 3957 3961
f 3961 3957 3962
f 3963 3964 3958
f 3958 3964 3959
f 3965 3966 3876
f 3876 3966 3958
f 3966 3963 3958
f 3966 3967 3963
f 3963 3967 3968
f 3878 3877 3879
f 3879 3877 3961
f 3967 3969 3968
f 3968 3969 3970
f 3969 3971 3970
f 3970 3971 3972
f 3974 3904 3973
f 3973 3904 3907
f 3971 3975 3972
f 3972 3975 3976
f 3976 3975 3978
f 3978 3975 3977
f 3979 3980 3977
f 3977 3980 3978
f 3981 3982 3979
f 3979 3982 3980
f 3983 3984 3981
f 3981 3984 3982
f 3972 3985 3970
f 3970 3985 3986
f 3871 3987 3969
f 3969 3987 3971
f 3872 3871 3967
f 3967 3871 3969
f 3965 3872 3966
f 3966 3872 3967
f 3970 3986 3968
f 3968 3986 3988
f 3879 3961 3884
f 3884 3961 3940
f 3884 3940 3885
f 3885 3940 3939
f 3989 3990 3992
f 3992 3990 3991
f 3942 3993 3995
f 3995 3993 3994
f 3994 3996 3995
f 3995 3996 3974
f 3997 3998 3994
f 3994 3998 3996
f 3999 3997 3993
f 3993 3997 3994
f 4001 3996 4000
f 4000 3996 3998
f 4000 3998 4002
f 4002 3998 4003
f 4004 4003 3997
f 3997 4003 3998
f 3997 3999 4004
f 4004 3999 4005
f 4006 3995 3973
f 3973 3995 3974
f 3939 3942 4006
f 4006 3942 3995
f 3906 3887 3907
f 3907 3887 3886
f 3887 3906 3870
f 3870 3906 3867
f 3908 3973 3886
f 3886 3973 3907
f 3865 4007 3866
f 3866 4007 4008
f 3984 3983 4009
f 4009 3983 4010
f 3961 3962 3940
f 3940 3962 3941
f 4012 3868 4011
f 4011 3868 3867
f 4013 3975 3987
f 3987 3975 3971
f 4014 3977 4013
f 4013 3977 3975
f 4015 4010 4007
f 4007 4010 3983
f 4007 3983 4008
f 4008 3983 3981
f 4008 3981 4016
f 4016 3981 3979
f 4017 3984 4018
f 4018 3984 4009
f 3977 4014 3979
f 3979 4014 4016
f 3982 3984 4019
f 4019 3984 4017
f 4021 4022 4020
f 4020 4022 4023
f 4022 4012 4023
f 4023 4012 4011
f 4023 3904 4020
f 4020 3904 3974
f 4024 4025 4018
f 4018 4025 4017
f 4026 4027 4024
f 4024 4027 4025
f 4028 4026 4029
f 4029 4026 4024
f 4018 4021 4024
f 4024 4021 4029
f 4030 4031 4026
f 4026 4031 4027
f 4032 4030 4028
f 4028 4030 4026
f 4029 4001 4028
f 4028 4001 4000
f 4028 4000 4032
f 4032 4000 4002
f 4034 4035 4033
f 4033 4035 4036
f 4037 4038 4019
f 4019 4038 4039
f 4041 4039 4040
f 4040 4039 4038
f 4040 4038 4042
f 4042 4038 4036
f 4042 4036 4043
f 4043 4036 4035
f 3985 4044 4046
f 4046 4044 4045
f 4047 4048 4045
f 4045 4048 4046
f 4047 4049 4048
f 4048 4049 4050
f 4042 4047 4040
f 4040 4047 4045
f 4043 4049 4042
f 4042 4049 4047
f 4040 4045 4041
f 4041 4045 4044
f 4052 3959 4051
f 4051 3959 3964
f 4053 4054 4051
f 4051 4054 4055
f 3956 3960 4052
f 4052 3960 3959
f 3953 3956 4056
f 4056 3956 4052
f 4058 3953 4057
f 4057 3953 4056
f 4060 4061 4059
f 4059 4061 4062
f 4063 4064 4054
f 4054 4064 4057
f 4054 4053 4063
f 4063 4053 4065
f 4066 4067 4069
f 4069 4067 4068
f 4048 4050 4063
f 4063 4050 4064
f 4063 4065 4048
f 4048 4065 4046
f 3985 4046 3986
f 3986 4046 4065
f 3986 4065 3988
f 3988 4065 4053
f 3988 4053 3964
f 3964 4053 4051
f 3976 3978 4044
f 4044 3978 4041
f 3980 3982 4039
f 4039 3982 4019
f 4039 4041 3980
f 3980 4041 3978
f 3973 3908 4006
f 4006 3908 3896
f 3885 3939 3896
f 3896 3939 4006
f 4031 4034 4027
f 4027 4034 4033
f 4027 4033 4025
f 4025 4033 4037
f 4019 4017 4037
f 4037 4017 4025
f 3993 3942 4070
f 4070 3942 3941
f 3999 3993 4071
f 4071 3993 4070
f 3999 4071 4005
f 4005 4071 4072
f 4073 4074 4076
f 4076 4074 4075
f 4078 4079 4077
f 4077 4079 4080
f 4082 4080 4081
f 4081 4080 4079
f 4084 4085 4083
f 4083 4085 4086
f 4087 4088 4090
f 4090 4088 4089
f 4092 4093 4091
f 4091 4093 4094
f 4096 4097 4095
f 4095 4097 4098
f 4100 4101 4099
f 4099 4101 4102
f 4103 4104 4106
f 4106 4104 4105
f 4108 4109 4107
f 4107 4109 4110
f 4112 4113 4111
f 4111 4113 4114
f 4116 4117 4115
f 4115 4117 4118
f 4120 4121 4119
f 4119 4121 4122
f 4123 4124 4126
f 4126 4124 4125
f 4127 4128 4130
f 4130 4128 4129
f 4132 4133 4131
f 4131 4133 4134
f 4136 4108 4135
f 4135 4108 4107
f 4138 4139 4137
f 4137 4139 4140
f 4141 4142 4088
f 4088 4142 4089
f 4144 4145 4143
f 4143 4145 4146
f 4148 4149 4147
f 4147 4149 4150
f 4152 4153 4151
f 4151 4153 4154
f 4156 4082 4155
f 4155 4082 4081
f 4157 4158 4160
f 4160 4158 4159
f 4161 4162 4164
f 4164 4162 4163
f 4166 4122 4165
f 4165 4122 4121
f 4168 4152 4167
f 4167 4152 4151
f 4169 4170 4172
f 4172 4170 4171
f 4174 4175 4173
f 4173 4175 4176
f 4178 4149 4177
f 4177 4149 4179
f 4173 4176 4180
f 4180 4176 4181
f 4156 4085 4182
f 4182 4085 4183
f 4182 4184 4156
f 4156 4184 4082
f 4185 4186 4184
f 4184 4186 4187
f 4186 4188 4187
f 4187 4188 4189
f 4190 4191 4073
f 4073 4191 4074
f 4177 4179 4158
f 4158 4179 4159
f 4193 4127 4192
f 4192 4127 4130
f 4144 4194 4151
f 4151 4194 4167
f 4196 4197 4195
f 4195 4197 4198
f 4095 4199 4096
f 4096 4199 4200
f 4201 4202 4204
f 4204 4202 4203
f 4205 4206 4208
f 4208 4206 4207
f 4121 4120 4209
f 4209 4120 4210
f 4212 4213 4211
f 4211 4213 4214
f 4216 4217 4215
f 4215 4217 4218
f 4220 4221 4219
f 4219 4221 4222
f 4224 4196 4223
f 4223 4196 4195
f 4225 4226 4134
f 4134 4226 4131
f 4228 4229 4227
f 4227 4229 4230
f 4232 4233 4231
f 4231 4233 4098
f 4235 4236 4234
f 4234 4236 4237
f 4239 4240 4238
f 4238 4240 4241
f 4242 4243 4245
f 4245 4243 4244
f 4246 4247 4249
f 4249 4247 4248
f 4251 4252 4250
f 4250 4252 4253
f 4255 4256 4254
f 4254 4256 4257
f 4259 4260 4258
f 4258 4260 4261
f 4263 4264 4262
f 4262 4264 4265
f 4267 4268 4266
f 4266 4268 4269
f 4271 4199 4270
f 4270 4199 4272
f 4273 4274 4276
f 4276 4274 4275
f 4115 4118 4277
f 4277 4118 4278
f 4280 4281 4279
f 4279 4281 4282
f 4211 4283 4212
f 4212 4283 4284
f 4286 4287 4285
f 4285 4287 4288
f 4165 4121 4289
f 4289 4121 4209
f 4291 4286 4290
f 4290 4286 4285
f 4293 4294 4292
f 4292 4294 4295
f 4297 4298 4296
f 4296 4298 4299
f 4301 4302 4300
f 4300 4302 4303
f 4299 4304 4296
f 4296 4304 4305
f 4306 4292 4307
f 4307 4292 4295
f 4307 4308 4306
f 4306 4308 4309
f 4310 4309 4075
f 4075 4309 4308
f 4299 4298 4312
f 4312 4298 4311
f 4302 4301 4293
f 4293 4301 4294
f 3735 3921 4313
f 4313 3921 4314
f 4315 4314 3922
f 3922 4314 3921
f 4316 3945 829
f 829 3945 830
f 4289 4317 4165
f 4165 4317 4318
f 4320 4321 4319
f 4319 4321 4322
f 4324 4325 4323
f 4323 4325 4326
f 4327 4328 4330
f 4330 4328 4329
f 4290 4331 4291
f 4291 4331 4332
f 4165 4318 4166
f 4166 4318 4333
f 4334 4335 4337
f 4337 4335 4336
f 4339 4340 4338
f 4338 4340 4341
f 4168 4343 4342
f 4342 4343 4344
f 4346 4347 4345
f 4345 4347 4348
f 4350 4351 4349
f 4349 4351 4352
f 4354 4355 4353
f 4353 4355 4356
f 4357 4358 4324
f 4324 4358 4325
f 4337 4359 4334
f 4334 4359 4360
f 4362 4363 4361
f 4361 4363 4364
f 4366 4367 4365
f 4365 4367 4368
f 4369 4370 4372
f 4372 4370 4371
f 4331 4290 4374
f 4374 4290 4373
f 4373 4376 4375
f 4375 4376 4377
f 4379 4380 4378
f 4378 4380 4381
f 4217 4382 4218
f 4218 4382 4383
f 4385 4386 4384
f 4384 4386 4387
f 4388 4389 4338
f 4338 4389 4390
f 4337 4336 4392
f 4392 4336 4391
f 4394 4362 4393
f 4393 4362 4361
f 4396 4397 4395
f 4395 4397 4398
f 4400 4401 4399
f 4399 4401 4402
f 4345 4403 4346
f 4346 4403 4404
f 4405 4406 4342
f 4342 4406 4407
f 4409 4410 4408
f 4408 4410 4411
f 4408 4412 4409
f 4409 4412 4413
f 4181 4415 4414
f 4414 4415 4416
f 4182 4183 4417
f 4417 4183 4418
f 4419 4353 4311
f 4311 4353 4312
f 4421 4422 4420
f 4420 4422 4423
f 4353 4356 4312
f 4312 4356 4424
f 4166 4333 4425
f 4425 4333 4426
f 4425 4143 4166
f 4166 4143 4122
f 4427 4107 4428
f 4428 4107 4110
f 4429 4430 4174
f 4174 4430 4175
f 4335 4431 4336
f 4336 4431 4390
f 4336 4390 4391
f 4391 4390 4389
f 4432 4433 4435
f 4435 4433 4434
f 4437 4438 4436
f 4436 4438 4439
f 4441 4442 4440
f 4440 4442 4443
f 4359 4444 4361
f 4361 4444 4393
f 4446 4447 4445
f 4445 4447 4448
f 4338 4341 4388
f 4388 4341 4449
f 4450 4451 4398
f 4398 4451 4395
f 4453 4454 4452
f 4452 4454 4455
f 4457 4458 4456
f 4456 4458 4459
f 4460 4461 4448
f 4448 4461 4445
f 4463 4464 4462
f 4462 4464 4465
f 4462 4465 4466
f 4466 4465 4467
f 4468 4469 4467
f 4467 4469 4466
f 4469 4468 4470
f 4470 4468 4471
f 4472 4473 4471
f 4471 4473 4470
f 4475 4476 4474
f 4474 4476 4477
f 4479 4480 4478
f 4478 4480 4481
f 4483 4484 4482
f 4482 4484 4485
f 4487 4488 4486
f 4486 4488 4489
f 4491 4492 4490
f 4490 4492 4493
f 4494 4495 4493
f 4493 4495 4490
f 4496 4497 4494
f 4494 4497 4495
f 4497 4496 4498
f 4498 4496 4499
f 4500 4501 4503
f 4503 4501 4502
f 4505 4506 4504
f 4504 4506 4507
f 4466 4508 4462
f 4462 4508 4509
f 4470 4510 4469
f 4469 4510 4511
f 4513 4479 4512
f 4512 4479 4478
f 4515 4443 4514
f 4514 4443 4442
f 4516 4517 4519
f 4519 4517 4518
f 4521 4495 4520
f 4520 4495 4497
f 4522 4490 4521
f 4521 4490 4495
f 4491 4523 4488
f 4488 4523 4524
f 4525 4489 4524
f 4524 4489 4488
f 4484 4526 4485
f 4485 4526 4527
f 4503 4528 4500
f 4500 4528 4529
f 4530 4531 4533
f 4533 4531 4532
f 4535 4506 4534
f 4534 4506 4530
f 4486 4536 4487
f 4487 4536 4537
f 4487 4537 4492
f 4492 4537 4538
f 4494 4539 4496
f 4496 4539 4540
f 4542 4533 4541
f 4541 4533 4499
f 4544 4545 4543
f 4543 4545 4546
f 4548 4549 4547
f 4547 4549 4550
f 4536 4551 4537
f 4537 4551 4552
f 4537 4552 4538
f 4538 4552 4553
f 4554 4539 4556
f 4556 4539 4555
f 4557 4540 4554
f 4554 4540 4539
f 4559 4557 4558
f 4558 4557 4560
f 4540 4557 4541
f 4541 4557 4559
f 4562 4563 4561
f 4561 4563 4564
f 4546 4565 4543
f 4543 4565 4566
f 4547 4567 4548
f 4548 4567 4568
f 4570 4571 4569
f 4569 4571 4572
f 4574 4575 4573
f 4573 4575 4576
f 4578 4579 4577
f 4577 4579 4580
f 4582 4583 4581
f 4581 4583 4584
f 4585 4586 4588
f 4588 4586 4587
f 4589 4585 4590
f 4590 4585 4588
f 4592 4593 4591
f 4591 4593 4594
f 4596 4597 4595
f 4595 4597 4598
f 4600 4601 4599
f 4599 4601 4602
f 4563 4604 4603
f 4603 4604 4605
f 4603 4606 4608
f 4608 4606 4607
f 4609 4610 4594
f 4594 4610 4591
f 4611 4612 4614
f 4614 4612 4613
f 4616 4617 4615
f 4615 4617 4618
f 4602 4620 4619
f 4619 4620 4621
f 4619 4622 4602
f 4602 4622 4599
f 4605 4599 4623
f 4623 4599 4622
f 4605 4623 4603
f 4603 4623 4606
f 4625 4626 4624
f 4624 4626 4627
f 4438 4437 4628
f 4628 4437 4629
f 4442 4441 4630
f 4630 4441 4631
f 4630 4632 4442
f 4442 4632 4514
f 4633 4634 4529
f 4529 4634 4500
f 4500 4634 4501
f 4501 4634 4635
f 4637 4546 4636
f 4636 4546 4545
f 4639 4565 4638
f 4638 4565 4640
f 4573 4576 4641
f 4641 4576 4642
f 4593 4643 4594
f 4594 4643 4644
f 4645 4609 4644
f 4644 4609 4594
f 4647 4648 4646
f 4646 4648 4649
f 4651 4652 4650
f 4650 4652 4653
f 4654 4498 4519
f 4519 4498 4532
f 4520 4508 4521
f 4521 4508 4511
f 4522 4510 4523
f 4523 4510 4655
f 4524 4656 4525
f 4525 4656 4657
f 4514 4529 4515
f 4515 4529 4528
f 4658 4659 4661
f 4661 4659 4660
f 4496 4540 4499
f 4499 4540 4541
f 4493 4555 4494
f 4494 4555 4539
f 4549 4483 4550
f 4550 4483 4482
f 4545 4544 4501
f 4501 4544 4502
f 4636 4545 4635
f 4635 4545 4501
f 4589 4663 4662
f 4662 4663 4664
f 4662 4665 4558
f 4558 4665 4559
f 4569 4586 4570
f 4570 4586 4560
f 4552 4666 4553
f 4553 4666 4667
f 4668 4669 4670
f 4670 4669 4666
f 4672 4673 4671
f 4671 4673 4674
f 4287 4675 4288
f 4288 4675 4676
f 4678 4679 4677
f 4677 4679 4680
f 4681 4678 4682
f 4682 4678 4677
f 4682 4683 4681
f 4681 4683 4684
f 4161 4164 4685
f 4685 4164 4686
f 4414 4687 4689
f 4689 4687 4688
f 4405 4690 4346
f 4346 4690 4347
f 4691 4399 4693
f 4693 4399 4692
f 1209 4694 4365
f 4365 4694 4366
f 4650 1211 4651
f 4651 1211 1210
f 4695 4696 4255
f 4255 4696 4256
f 4697 4698 4218
f 4218 4698 4215
f 4700 4701 4699
f 4699 4701 4702
f 4703 4704 4303
f 4303 4704 4300
f 4315 3922 4316
f 4316 3922 3945
f 4653 4706 4705
f 4705 4706 4707
f 4709 4710 4708
f 4708 4710 4711
f 4335 4334 4713
f 4713 4334 4712
f 4714 4340 4321
f 4321 4340 4322
f 4716 4717 4715
f 4715 4717 4718
f 4238 4241 4719
f 4719 4241 4720
f 4231 4721 4307
f 4307 4721 4308
f 4723 4724 4722
f 4722 4724 4725
f 4727 4728 4726
f 4726 4728 4729
f 4730 4731 4327
f 4327 4731 4328
f 4733 4734 4732
f 4732 4734 4735
f 4720 4381 4736
f 4736 4381 4737
f 4738 4739 4741
f 4741 4739 4740
f 4743 4744 4742
f 4742 4744 4745
f 4338 4390 4339
f 4339 4390 4431
f 4746 4747 4431
f 4431 4747 4339
f 4291 4332 4289
f 4289 4332 4317
f 4289 4209 4291
f 4291 4209 4286
f 4287 4286 4210
f 4210 4286 4209
f 4749 4750 4748
f 4748 4750 4751
f 4212 4284 4752
f 4752 4284 4753
f 4752 4754 4212
f 4212 4754 4213
f 4252 4251 4225
f 4225 4251 4226
f 4227 4230 4248
f 4248 4230 4249
f 4205 4755 4757
f 4757 4755 4756
f 4708 4711 4758
f 4758 4711 4647
f 4367 4366 4759
f 4759 4366 4760
f 4526 4513 4527
f 4527 4513 4512
f 4420 4423 4385
f 4385 4423 4386
f 4705 4761 4653
f 4653 4761 4650
f 4761 1279 4650
f 4650 1279 1211
f 4762 4763 3944
f 3944 4763 3936
f 4274 4273 4765
f 4765 4273 4764
f 4767 4768 4766
f 4766 4768 4769
f 4770 4771 4769
f 4769 4771 4766
f 4771 4770 4242
f 4242 4770 4243
f 4093 4163 4094
f 4094 4163 4162
f 4772 4773 4775
f 4775 4773 4774
f 4777 4778 4776
f 4776 4778 4779
f 4417 4185 4182
f 4182 4185 4184
f 4780 4078 4781
f 4781 4078 4077
f 4781 4077 4782
f 4782 4077 4189
f 4188 4783 4189
f 4189 4783 4782
f 4295 4232 4307
f 4307 4232 4231
f 4785 4786 4784
f 4784 4786 4787
f 4784 1307 4785
f 4785 1307 1306
f 4078 4780 4096
f 4096 4780 4097
f 4075 4074 4310
f 4310 4074 4788
f 4788 4074 4789
f 4789 4074 4191
f 4789 4191 4059
f 4059 4191 4790
f 4791 4277 4792
f 4792 4277 4278
f 3732 3735 4793
f 4793 3735 4313
f 4793 4794 3732
f 3732 4794 3731
f 4792 4795 4791
f 4791 4795 4796
f 4797 4798 4799
f 4799 4798 4724
f 4763 4800 3936
f 3936 4800 3935
f 4801 4062 3729
f 3729 4062 3730
f 4713 4712 4802
f 4802 4712 4803
f 4146 4804 4119
f 4119 4804 4805
f 4498 4654 4497
f 4497 4654 4520
f 4806 4807 1326
f 1326 4807 1327
f 4689 4688 1330
f 1330 4688 1331
f 4801 4789 4062
f 4062 4789 4059
f 3730 4062 4808
f 4808 4062 4061
f 4810 4811 4809
f 4809 4811 4812
f 4813 4403 4814
f 4814 4403 4345
f 4815 4816 4349
f 4349 4816 4350
f 4817 4818 4820
f 4820 4818 4819
f 4406 4821 4407
f 4407 4821 4822
f 4823 4161 4824
f 4824 4161 4685
f 4181 4414 4825
f 4825 4414 4689
f 4741 4740 4826
f 4826 4740 4827
f 4828 4829 4827
f 4827 4829 4826
f 4142 4141 4415
f 4415 4141 4148
f 4830 1354 4761
f 4761 1354 1279
f 4832 4833 4831
f 4831 4833 4834
f 4835 4836 4626
f 4626 4836 4421
f 4451 4709 4395
f 4395 4709 4708
f 4627 4420 4837
f 4837 4420 4385
f 4837 1365 4838
f 4838 1365 1364
f 4397 4396 4839
f 4839 4396 4840
f 4842 4628 4841
f 4841 4628 4629
f 4671 4674 4631
f 4631 4674 4630
f 4674 4659 4630
f 4630 4659 4632
f 4633 4632 4658
f 4658 4632 4659
f 4658 4504 4633
f 4633 4504 4634
f 4635 4634 4507
f 4507 4634 4504
f 4843 4636 4507
f 4507 4636 4635
f 4844 4637 4843
f 4843 4637 4636
f 4637 4844 4640
f 4640 4844 4664
f 4638 4663 4642
f 4642 4663 4845
f 4847 4643 4846
f 4846 4643 4641
f 4644 4848 4645
f 4645 4848 4849
f 4851 4852 4850
f 4850 4852 4853
f 4855 4856 4854
f 4854 4856 4857
f 4859 4860 4858
f 4858 4860 4857
f 4715 4718 4859
f 4859 4718 4860
f 4862 4863 4861
f 4861 4863 4864
f 4866 4867 4865
f 4865 4867 4868
f 4870 4871 4869
f 4869 4871 4872
f 4869 4872 4116
f 4116 4872 4117
f 4820 4819 4874
f 4874 4819 4873
f 4876 4877 4875
f 4875 4877 4878
f 4880 4881 4879
f 4879 4881 4882
f 4884 4885 4883
f 4883 4885 4886
f 4887 4888 4280
f 4280 4888 4281
f 4818 4817 4889
f 4889 4817 4890
f 4891 4193 4823
f 4823 4193 4192
f 4892 4893 4228
f 4228 4893 4229
f 4158 4157 4894
f 4894 4157 4895
f 4896 4897 4132
f 4132 4897 4133
f 4099 4683 4100
f 4100 4683 4682
f 4101 4100 4899
f 4899 4100 4898
f 4150 4106 4147
f 4147 4106 4900
f 4100 4682 4898
f 4898 4682 4677
f 4080 4082 4187
f 4187 4082 4184
f 4077 4080 4189
f 4189 4080 4187
f 4191 4190 4790
f 4790 4190 4901
f 4177 4158 4680
f 4680 4158 4894
f 4108 4136 4752
f 4752 4136 4754
f 4752 4753 4108
f 4108 4753 4109
f 4817 4902 4890
f 4890 4902 4903
f 4904 4905 4907
f 4907 4905 4906
f 4909 4910 4908
f 4908 4910 4911
f 4913 4914 4912
f 4912 4914 4915
f 4916 4917 4919
f 4919 4917 4918
f 4312 4424 4299
f 4299 4424 4304
f 4920 4921 4297
f 4297 4921 4298
f 4194 4922 4167
f 4167 4922 4923
f 4924 4400 4691
f 4691 4400 4399
f 4395 4708 4396
f 4396 4708 4758
f 4367 4925 4368
f 4368 4925 4926
f 4919 4918 4873
f 4873 4918 4874
f 4836 4927 4421
f 4421 4927 4422
f 4921 4928 4298
f 4298 4928 4311
f 4143 4146 4122
f 4122 4146 4119
f 4929 4930 4455
f 4455 4930 4452
f 4932 4933 4931
f 4931 4933 4934
f 4935 4936 4932
f 4932 4936 4933
f 4461 4460 4457
f 4457 4460 4458
f 4480 4479 4475
f 4475 4479 4476
f 4660 4673 4517
f 4517 4673 4937
f 4661 4505 4658
f 4658 4505 4504
f 4484 4483 4489
f 4489 4483 4486
f 4462 4509 4463
f 4463 4509 4518
f 4469 4511 4466
f 4466 4511 4508
f 4655 4473 4656
f 4656 4473 4477
f 4476 4657 4477
f 4477 4657 4656
f 4479 4513 4476
f 4476 4513 4657
f 4489 4525 4484
f 4484 4525 4526
f 4483 4549 4486
f 4486 4549 4536
f 4549 4548 4536
f 4536 4548 4551
f 4548 4568 4551
f 4551 4568 4670
f 4663 4589 4845
f 4845 4589 4590
f 4668 4577 4938
f 4938 4577 4580
f 4940 4938 4939
f 4939 4938 4941
f 4940 4942 4669
f 4669 4942 4943
f 4587 4582 4944
f 4944 4582 4581
f 4848 4847 4608
f 4608 4847 4564
f 4616 4945 4613
f 4613 4945 4598
f 4615 4946 4616
f 4616 4946 4945
f 4947 4939 4948
f 4948 4939 4946
f 4599 4605 4600
f 4600 4605 4604
f 4608 4607 4848
f 4848 4607 4849
f 4613 4612 4616
f 4616 4612 4617
f 4835 4949 4709
f 4709 4949 4710
f 4357 1477 4837
f 4837 1477 1365
f 4712 4950 4803
f 4803 4950 4951
f 4401 4952 4402
f 4402 4952 4953
f 4759 4760 4402
f 4402 4760 4399
f 4508 4520 4509
f 4509 4520 4654
f 4510 4522 4511
f 4511 4522 4521
f 4513 4526 4657
f 4657 4526 4525
f 4632 4633 4514
f 4514 4633 4529
f 4931 4934 4453
f 4453 4934 4454
f 4153 4954 4154
f 4154 4954 4955
f 4957 4958 4956
f 4956 4958 4959
f 4961 4962 4960
f 4960 4962 4963
f 4120 4964 4210
f 4210 4964 4965
f 4967 4968 4966
f 4966 4968 4969
f 4349 4692 4815
f 4815 4692 4970
f 4652 4971 4653
f 4653 4971 4706
f 4758 4647 4972
f 4972 4647 4646
f 4973 4363 4646
f 4646 4363 4972
f 4950 4360 4974
f 4974 4360 4364
f 4431 4335 4746
f 4746 4335 4713
f 4358 4714 4325
f 4325 4714 4321
f 4765 4764 4266
f 4266 4764 4975
f 4202 4976 4203
f 4203 4976 4977
f 4917 4978 4918
f 4918 4978 4979
f 4279 4282 4854
f 4854 4282 4269
f 4820 4880 4817
f 4817 4880 4902
f 4890 4903 4980
f 4980 4903 4886
f 4982 4983 4981
f 4981 4983 4123
f 4795 4851 4796
f 4796 4851 4850
f 4918 4979 4874
f 4874 4979 4881
f 4809 4404 4810
f 4810 4404 4403
f 4354 4985 4984
f 4984 4985 4986
f 1364 1516 4838
f 4838 1516 4987
f 4759 4988 4367
f 4367 4988 4925
f 4989 4990 4481
f 4481 4990 4478
f 4443 4515 4990
f 4990 4515 4991
f 4527 4512 4992
f 4992 4512 4991
f 4528 4503 4992
f 4992 4503 4993
f 4993 4994 4485
f 4485 4994 4482
f 4544 4995 4502
f 4502 4995 4994
f 4995 4996 4550
f 4550 4996 4547
f 4998 4999 4997
f 4997 4999 4566
f 4998 5000 4578
f 4578 5000 4579
f 5001 5002 4596
f 4596 5002 4597
f 5003 4591 5004
f 5004 4591 4610
f 4626 4421 4627
f 4627 4421 4420
f 4837 4838 4627
f 4627 4838 4624
f 4761 4705 4830
f 4830 4705 5005
f 4705 4707 5005
f 5005 4707 5006
f 4308 4721 4075
f 4075 4721 4076
f 5007 4200 4797
f 4797 4200 4798
f 4685 4686 5008
f 5008 4686 5009
f 4889 4890 5010
f 5010 4890 4980
f 4323 1541 4324
f 4324 1541 1540
f 4385 4384 4358
f 4358 4384 4714
f 4396 4758 4840
f 4840 4758 4972
f 4866 4852 5011
f 5011 4852 5012
f 5013 4260 4980
f 4980 4260 5010
f 4875 4878 5014
f 5014 4878 5015
f 5017 5018 5016
f 5016 5018 5019
f 5016 5019 5020
f 5020 5019 5021
f 5023 5024 5022
f 5022 5024 5025
f 5027 5028 5026
f 5026 5028 5029
f 5031 5032 5030
f 5030 5032 5033
f 5035 5036 5034
f 5034 5036 5037
f 5039 5040 5038
f 5038 5040 5041
f 5043 5044 5042
f 5042 5044 5045
f 5038 5046 5039
f 5039 5046 5047
f 5049 5050 5048
f 5048 5050 5051
f 5053 5054 5052
f 5052 5054 5055
f 5057 5024 5056
f 5056 5024 5058
f 5060 5061 5059
f 5059 5061 5062
f 5064 5065 5063
f 5063 5065 5066
f 5043 5050 5064
f 5064 5050 5065
f 5038 5041 5067
f 5067 5041 5068
f 5070 5071 5069
f 5069 5071 5072
f 5074 5075 5073
f 5073 5075 5076
f 5034 5077 5035
f 5035 5077 5078
f 5080 5081 5079
f 5079 5081 5082
f 5084 5085 5083
f 5083 5085 5086
f 5085 5084 5087
f 5087 5084 5088
f 5090 5091 5089
f 5089 5091 5092
f 5094 5095 5093
f 5093 5095 5096
f 5098 5099 5097
f 5097 5099 5100
f 5102 5103 5101
f 5101 5103 5104
f 5105 5106 5108
f 5108 5106 5107
f 5110 5111 5109
f 5109 5111 5112
f 5114 5094 5113
f 5113 5094 5093
f 5116 5117 5115
f 5115 5117 5118
f 5120 5121 5119
f 5119 5121 5122
f 5124 5125 5123
f 5123 5125 5126
f 5128 5129 5127
f 5127 5129 5130
f 5097 5131 5098
f 5098 5131 5132
f 5134 5135 5133
f 5133 5135 5122
f 5084 5125 5088
f 5088 5125 5136
f 5138 5139 5137
f 5137 5139 5140
f 5142 5102 5141
f 5141 5102 5101
f 5106 5143 5107
f 5107 5143 5144
f 5146 5147 5145
f 5145 5147 5148
f 5149 5150 5109
f 5109 5150 5110
f 5151 5110 5152
f 5152 5110 5150
f 4715 5140 4716
f 4716 5140 5139
f 5143 4870 5144
f 5144 4870 4869
f 4115 5146 4116
f 4116 5146 5145
f 4791 4796 5149
f 5149 4796 5150
f 4796 4850 5150
f 5150 4850 5152
f 4858 5142 4859
f 4859 5142 5141
f 5153 5154 5115
f 5115 5154 5105
f 5156 5157 5155
f 5155 5157 5158
f 5159 5160 5053
f 5053 5160 5054
f 5161 5162 5020
f 5020 5162 5068
f 5026 5029 5163
f 5163 5029 5021
f 5083 5086 5164
f 5164 5086 5165
f 5090 5167 5166
f 5166 5167 5168
f 5169 5170 5172
f 5172 5170 5171
f 5174 5175 5173
f 5173 5175 5176
f 5177 5109 5178
f 5178 5109 5112
f 5179 5180 5182
f 5182 5180 5181
f 5123 5126 5120
f 5120 5126 5121
f 5180 5167 5181
f 5181 5167 5183
f 5184 5185 5179
f 5179 5185 5180
f 5186 5149 5177
f 5177 5149 5109
f 4868 5184 4865
f 4865 5184 5179
f 5188 5189 5187
f 5187 5189 5190
f 4277 4791 5186
f 5186 4791 5149
f 5179 5182 4865
f 4865 5182 4853
f 5189 4862 5190
f 5190 4862 4861
f 5156 5075 5191
f 5191 5075 5192
f 5036 5035 5193
f 5193 5035 5194
f 5115 5118 5153
f 5153 5118 5195
f 5022 5025 5196
f 5196 5025 5197
f 5155 5158 5069
f 5069 5158 5062
f 5063 5066 5198
f 5198 5066 5199
f 5073 5076 5200
f 5200 5076 5072
f 5202 5131 5201
f 5201 5131 5203
f 5143 5106 5204
f 5204 5106 5205
f 5114 5113 5206
f 5206 5113 5127
f 5098 5132 5193
f 5193 5132 5195
f 5204 5207 5143
f 5143 5207 4870
f 5088 5136 5208
f 5208 5136 5092
f 5209 5210 5089
f 5089 5210 5183
f 5211 5018 5060
f 5060 5018 5061
f 5017 5040 5070
f 5070 5040 5071
f 5191 5160 5156
f 5156 5160 5157
f 5048 5028 5049
f 5049 5028 5058
f 5207 5204 4858
f 4858 5204 5142
f 4859 5141 4715
f 4715 5141 5140
f 5212 5162 5042
f 5042 5162 5051
f 5182 5152 4853
f 4853 5152 4850
f 5214 5134 5213
f 5213 5134 5133
f 5164 5165 5133
f 5133 5165 5213
f 5215 5216 5201
f 5201 5216 5217
f 5147 5218 5148
f 5148 5218 5219
f 5147 5177 5218
f 5218 5177 5178
f 5141 5101 5140
f 5140 5101 5137
f 5201 5217 5202
f 5202 5217 5104
f 5146 5186 5147
f 5147 5186 5177
f 4277 5186 4115
f 4115 5186 5146
f 5191 5192 5031
f 5031 5192 5032
f 5052 5055 5220
f 5220 5055 5197
f 4116 5145 4869
f 4869 5145 5144
f 5034 5037 5214
f 5214 5037 5134
f 5097 5100 5114
f 5114 5100 5094
f 5108 5107 5219
f 5219 5107 5148
f 5221 5135 5116
f 5116 5135 5117
f 5124 5111 5209
f 5209 5111 5210
f 5107 5144 5148
f 5148 5144 5145
f 5152 5182 5151
f 5151 5182 5181
f 5208 5222 5088
f 5088 5222 5087
f 5222 5208 5171
f 5171 5208 5172
f 5223 1756 4698
f 4698 1756 1755
f 4427 5224 4107
f 4107 5224 4135
f 4178 4679 5225
f 5225 4679 5226
f 5227 5228 4892
f 4892 5228 4893
f 5229 5230 4171
f 4171 5230 4172
f 4855 4268 4884
f 4884 4268 4885
f 4884 4871 4855
f 4855 4871 4856
f 4684 5231 4896
f 4896 5231 4897
f 4768 4767 5009
f 5009 4767 5008
f 5205 5154 5102
f 5102 5154 5103
f 5099 5098 5194
f 5194 5098 5193
f 5198 5199 5079
f 5079 5199 5033
f 5102 5142 5205
f 5205 5142 5204
f 5224 4427 4681
f 4681 4427 4678
f 3712 3711 5232
f 5232 3711 5233
f 3968 3988 3963
f 3963 3988 3964
f 3976 4044 3972
f 3972 4044 3985
f 4038 4037 4036
f 4036 4037 4033
f 4794 4762 3731
f 3731 4762 3944
f 3731 3944 3722
f 3722 3944 3810
f 3874 5234 5232
f 5232 5234 3712
f 3906 3905 3867
f 3867 3905 4011
f 3904 4023 3905
f 3905 4023 4011
f 3719 3722 3811
f 3811 3722 3810
f 3812 3719 3687
f 3687 3719 3811
f 3716 3812 3686
f 3686 3812 3687
f 3713 3716 3685
f 3685 3716 3686
f 4810 4403 5235
f 5235 4403 4813
f 4345 1770 4814
f 4814 1770 1769
f 4067 4066 4058
f 4058 4066 5236
f 4043 4068 4049
f 4049 4068 4050
f 4034 5237 3989
f 3989 5237 3990
f 4031 4030 4072
f 4072 4030 4005
f 4003 4004 4002
f 4002 4004 4032
f 4004 4005 4032
f 4032 4005 4030
f 4067 4064 4068
f 4068 4064 4050
f 4058 4057 4067
f 4067 4057 4064
f 4035 4034 5238
f 5238 4034 3989
f 5236 5239 4058
f 4058 5239 5240
f 5234 3874 5241
f 5241 3874 3873
f 5241 3873 3881
f 3881 3873 3878
f 4800 4763 4788
f 4788 4763 4310
f 4763 4762 4310
f 4310 4762 4309
f 4762 4794 4309
f 4309 4794 4306
f 4794 4793 4306
f 4306 4793 4292
f 4293 4313 4302
f 4302 4313 4314
f 4302 4314 4303
f 4303 4314 4315
f 4303 4315 4703
f 4703 4315 4316
f 4035 4069 4043
f 4043 4069 4068
f 4324 1540 4357
f 4357 1540 1477
f 5232 3987 3874
f 3874 3987 3871
f 3987 5232 4013
f 4013 5232 5233
f 4013 5233 4014
f 4014 5233 5242
f 3888 4015 3865
f 3865 4015 4007
f 3866 4008 5243
f 5243 4008 4016
f 3873 5244 3878
f 3878 5244 3875
f 3965 5244 3872
f 3872 5244 3873
f 3876 3875 3965
f 3965 3875 5244
f 5243 4016 5242
f 5242 4016 4014
f 5246 5247 5245
f 5245 5247 5248
f 3576 3950 3577
f 3577 3950 3926
f 3584 3842 3585
f 3585 3842 3580
f 5249 5247 1784
f 1784 5247 1785
f 5250 5251 5253
f 5253 5251 5252
f 5255 5252 5254
f 5254 5252 5256
f 5254 5256 5258
f 5258 5256 5257
f 5258 5257 5260
f 5260 5257 5259
f 4356 5261 4424
f 4424 5261 5259
f 4355 5262 4356
f 4356 5262 5261
f 4924 5264 5263
f 5263 5264 5265
f 4693 5266 4691
f 4691 5266 5267
f 4351 5268 4352
f 4352 5268 5269
f 1808 1807 4351
f 4351 1807 5268
f 3580 3842 3581
f 3799 3802 3838
f 4800 4788 4801
f 4801 4788 4789
f 3729 3935 4801
f 4801 3935 4800
f 3728 3666 3729
f 3729 3666 3935
f 3728 3798 3666
f 3666 3798 3663
f 3798 3818 3663
f 3663 3818 3809
f 3818 3817 3809
f 3809 3817 3808
f 3796 3655 3817
f 3817 3655 3808
f 3615 3568 3796
f 3796 3568 3655
f 3573 3569 3615
f 3615 3569 3568
f 3572 3613 3573
f 3573 3613 3569
f 3792 3606 3572
f 3572 3606 3613
f 3607 3791 3949
f 3949 3791 3591
f 3590 3950 3591
f 3591 3950 3949
f 3805 3926 3590
f 3590 3926 3950
f 3804 3559 3805
f 3805 3559 3926
f 3804 3914 3559
f 3559 3914 3560
f 3924 3789 3913
f 3913 3789 3788
f 3924 3928 3789
f 3789 3928 3826
f 3928 3927 3826
f 3826 3927 3827
f 3927 3834 3827
f 3827 3834 3835
f 4079 4078 5270
f 5270 4078 5007
f 5271 5272 4233
f 4233 5272 5273
f 5275 5276 5274
f 5274 5276 5277
f 5278 5279 4236
f 4236 5279 4237
f 5278 5280 5271
f 5271 5280 5272
f 4235 5281 4236
f 4236 5281 5282
f 5284 5285 5283
f 5283 5285 5286
f 5288 5289 5287
f 5287 5289 5290
f 5292 5293 5291
f 5291 5293 5294
f 5287 5290 4726
f 4726 5290 5295
f 4293 4292 4313
f 4313 4292 4793
f 4720 4736 4719
f 4719 4736 5296
f 5297 4909 5298
f 5298 4909 4908
f 5299 5300 4976
f 4976 5300 5301
f 5302 4202 5303
f 5303 4202 4201
f 5304 5305 4983
f 4983 5305 5306
f 5308 5309 5307
f 5307 5309 5310
f 4722 4725 5283
f 5283 4725 5311
f 5291 5294 4125
f 4125 5294 4126
f 5313 5314 5312
f 5312 5314 5315
f 5316 5317 5319
f 5319 5317 5318
f 5321 5308 5320
f 5320 5308 5307
f 4819 4981 4873
f 4873 4981 5322
f 4981 4123 5322
f 5322 4123 4126
f 5324 5325 5323
f 5323 5325 5326
f 4764 5327 4975
f 4975 5327 5328
f 4172 5327 4169
f 4169 5327 5329
f 4768 4171 4769
f 4769 4171 4170
f 4243 4755 4244
f 4244 4755 5330
f 4755 4205 5330
f 5330 4205 4208
f 4206 4906 4207
f 4207 4906 4905
f 4686 5014 5009
f 5009 5014 5229
f 4756 4770 4170
f 4170 4770 4769
f 4170 4169 4756
f 4756 4169 4757
f 4273 5329 4764
f 4764 5329 5327
f 4276 5331 4273
f 4273 5331 5329
f 4770 4756 4243
f 4243 4756 4755
f 5333 4889 5332
f 5332 4889 5010
f 4877 5332 4878
f 4878 5332 4259
f 4875 4164 4876
f 4876 4164 4163
f 5334 5335 5324
f 5324 5335 5325
f 4983 5306 4123
f 4123 5306 4124
f 4818 4982 4819
f 4819 4982 4981
f 5332 5010 4259
f 4259 5010 4260
f 5014 4686 4875
f 4875 4686 4164
f 4171 4768 5229
f 5229 4768 5009
f 5337 4916 5336
f 5336 4916 4919
f 5293 5337 5294
f 5294 5337 5336
f 4982 4818 5333
f 5333 4818 4889
f 5338 5339 4262
f 4262 5339 5340
f 5307 5310 5338
f 5338 5310 5339
f 5341 5342 4204
f 4204 5342 5309
f 5336 4919 5322
f 5322 4919 4873
f 5294 5336 4126
f 4126 5336 5322
f 5323 5326 5343
f 5343 5326 5286
f 4914 5344 4915
f 4915 5344 5345
f 5312 5315 5344
f 5344 5315 5345
f 5347 5348 5346
f 5346 5348 5349
f 5350 5351 4832
f 4832 5351 4833
f 5352 5353 5349
f 5349 5353 5346
f 5354 5338 4265
f 4265 5338 4262
f 5320 5307 5354
f 5354 5307 5338
f 4201 5308 5303
f 5303 5308 5321
f 5356 5357 5355
f 5355 5357 4799
f 5358 5359 5334
f 5334 5359 5335
f 5358 5360 4093
f 4093 5360 4163
f 5360 5305 4163
f 4163 5305 4876
f 5305 5304 4876
f 4876 5304 4877
f 5270 4778 4079
f 4079 4778 4081
f 4779 5361 4774
f 4774 5361 5357
f 5356 5359 4775
f 4775 5359 4092
f 5333 5304 4982
f 4982 5304 4983
f 5332 4877 5333
f 5333 4877 5304
f 5015 4258 5230
f 5230 4258 5328
f 5327 4172 5328
f 5328 4172 5230
f 4169 5329 4757
f 4757 5329 5331
f 4757 5331 4205
f 4205 5331 4206
f 5331 4276 4206
f 4206 4276 4906
f 4276 4275 4906
f 4906 4275 4907
f 4275 4888 4907
f 4907 4888 4744
f 4887 4717 4745
f 4745 4717 4864
f 4716 5139 4861
f 4861 5139 5190
f 5139 5138 5190
f 5190 5138 5187
f 5138 5216 5187
f 5187 5216 5176
f 5215 5362 5173
f 5173 5362 5130
f 5364 5365 5363
f 5363 5365 5340
f 4742 4863 5366
f 5366 4863 4867
f 4862 5189 4868
f 4868 5189 5184
f 5189 5188 5184
f 5184 5188 5185
f 5188 5175 5185
f 5185 5175 5168
f 3560 3788 3561
f 3561 3788 3790
f 3596 3595 3608
f 3608 3595 3594
f 3598 3582 3595
f 3595 3582 3592
f 3600 3609 3601
f 3601 3609 3611
f 3602 3601 3612
f 3612 3601 3611
f 3606 3605 3613
f 3613 3605 3614
f 3793 5367 3794
f 3794 5367 5368
f 3598 3597 3600
f 3600 3597 3609
f 3793 3792 3575
f 3575 3792 3572
f 3561 3594 3558
f 3558 3594 3593
f 3807 3915 3804
f 3804 3915 3914
f 3916 3915 5370
f 5370 3915 5369
f 3602 3605 3603
f 3603 3605 3604
f 3606 3792 3607
f 3607 3792 3791
f 3914 3913 3560
f 3560 3913 3788
f 5174 5129 5166
f 5166 5129 5371
f 5170 5169 5093
f 5093 5169 5113
f 5166 5371 5090
f 5090 5371 5091
f 5128 5169 5372
f 5372 5169 5172
f 5127 5113 5128
f 5128 5113 5169
f 5114 5206 5203
f 5203 5206 5362
f 5200 5373 5073
f 5073 5373 5096
f 5374 5375 5200
f 5200 5375 5373
f 5039 5047 5374
f 5374 5047 5375
f 5087 5046 5085
f 5085 5046 5376
f 5212 5377 5067
f 5067 5377 5376
f 5042 5045 5212
f 5212 5045 5377
f 5064 5378 5043
f 5043 5378 5044
f 5063 5077 5064
f 5064 5077 5378
f 5079 5082 5198
f 5198 5082 5078
f 5099 5081 5100
f 5100 5081 5379
f 5100 5379 5094
f 5094 5379 5095
f 5381 5382 5380
f 5380 5382 5383
f 5385 5386 5384
f 5384 5386 5383
f 5385 5387 5386
f 5386 5387 5388
f 5390 5391 5389
f 5389 5391 5392
f 5393 5394 5396
f 5396 5394 5395
f 5398 5399 5397
f 5397 5399 5400
f 5402 5403 5401
f 5401 5403 5404
f 5406 5407 5405
f 5405 5407 5404
f 5408 5409 5163
f 5163 5409 5410
f 5411 5412 5414
f 5414 5412 5413
f 5057 5416 5415
f 5415 5416 5417
f 5393 5416 5418
f 5418 5416 5419
f 5396 5395 5420
f 5420 5395 5421
f 5423 5424 5422
f 5422 5424 5425
f 5415 5417 5220
f 5220 5417 5426
f 5418 5391 5393
f 5393 5391 5394
f 5414 5388 5411
f 5411 5388 5392
f 5059 5427 5060
f 5060 5427 5428
f 5423 5427 5429
f 5429 5427 5430
f 5432 5382 5431
f 5431 5382 5425
f 5429 5407 5423
f 5423 5407 5424
f 5380 5409 5381
f 5381 5409 5433
f 5381 5433 5422
f 5422 5433 5428
f 5027 5412 5056
f 5056 5412 5419
f 5435 5436 5434
f 5434 5436 5437
f 5159 5439 5438
f 5438 5439 5440
f 5053 5436 5159
f 5159 5436 5439
f 5441 5403 5398
f 5398 5403 5399
f 5163 5410 5026
f 5026 5410 5413
f 5438 5440 5442
f 5442 5440 5430
f 5444 5445 5443
f 5443 5445 5446
f 5447 5448 5450
f 5450 5448 5449
f 5451 5446 5452
f 5452 5446 5445
f 5454 5455 5453
f 5453 5455 5451
f 5456 5454 5458
f 5458 5454 5457
f 5460 5461 5459
f 5459 5461 5462
f 5464 5465 5463
f 5463 5465 5466
f 5468 5469 5467
f 5467 5469 5470
f 5472 5473 5471
f 5471 5473 5474
f 5475 5476 5478
f 5478 5476 5477
f 5479 5480 5482
f 5482 5480 5481
f 5483 5484 5448
f 5448 5484 5485
f 5448 5485 5449
f 5449 5485 5486
f 5487 5476 5488
f 5488 5476 5475
f 5490 5491 5489
f 5489 5491 5492
f 5494 5495 5493
f 5493 5495 5496
f 5498 5494 5497
f 5497 5494 5493
f 5500 5501 5499
f 5499 5501 5502
f 5503 5504 5446
f 5446 5504 5443
f 5506 5507 5505
f 5505 5507 5508
f 5510 5511 5509
f 5509 5511 5512
f 5514 5515 5513
f 5513 5515 5516
f 5518 5519 5517
f 5517 5519 5520
f 5495 5521 5496
f 5496 5521 5522
f 5524 5525 5523
f 5523 5525 5526
f 5527 5528 5494
f 5494 5528 5495
f 5499 5502 5529
f 5529 5502 5530
f 5531 5532 5485
f 5485 5532 5486
f 5485 5484 5531
f 5531 5484 5533
f 5482 5481 5534
f 5534 5481 5535
f 5536 5512 5506
f 5506 5512 5511
f 5455 5503 5451
f 5451 5503 5446
f 5467 5470 5511
f 5511 5470 5537
f 5538 5467 5510
f 5510 5467 5511
f 5540 5541 5539
f 5539 5541 5542
f 5543 5544 5546
f 5546 5544 5545
f 5548 5472 5547
f 5547 5472 5471
f 5493 5496 5549
f 5549 5496 5550
f 5496 5522 5550
f 5550 5522 5551
f 5553 5554 5552
f 5552 5554 5555
f 5557 5447 5556
f 5556 5447 5558
f 5557 5483 5447
f 5447 5483 5448
f 5478 5477 5553
f 5553 5477 5559
f 5477 5560 5559
f 5559 5560 5561
f 5476 5562 5477
f 5477 5562 5560
f 5476 5487 5562
f 5562 5487 5563
f 5560 5564 5561
f 5561 5564 5565
f 5564 5560 5566
f 5566 5560 5562
f 5563 5567 5562
f 5562 5567 5566
f 5569 5521 5568
f 5568 5521 5570
f 5481 5572 5571
f 5571 5572 5573
f 5574 5535 5571
f 5571 5535 5481
f 5576 5577 5575
f 5575 5577 5578
f 5579 5580 5456
f 5456 5580 5581
f 5475 5582 5488
f 5488 5582 5583
f 5584 5536 5505
f 5505 5536 5506
f 5585 5586 5588
f 5588 5586 5587
f 5590 5591 5589
f 5589 5591 5592
f 5519 5593 5520
f 5520 5593 5594
f 5595 5596 5462
f 5462 5596 5597
f 5599 5600 5598
f 5598 5600 5514
f 5602 5603 5601
f 5601 5603 5604
f 5524 5543 5525
f 5525 5543 5546
f 5543 5524 5606
f 5606 5524 5605
f 5607 5608 5500
f 5500 5608 5501
f 5610 5551 5609
f 5609 5551 5522
f 5611 5510 5598
f 5598 5510 5509
f 5612 5597 5457
f 5457 5597 5458
f 5510 5611 5538
f 5538 5611 5613
f 5580 5508 5581
f 5581 5508 5507
f 5615 5616 5614
f 5614 5616 5617
f 5619 5620 5618
f 5618 5620 5621
f 5623 5624 5622
f 5622 5624 5625
f 5627 5624 5626
f 5626 5624 5623
f 5629 5630 5628
f 5628 5630 5631
f 5633 5634 5632
f 5632 5634 5466
f 5635 5636 5463
f 5463 5636 5637
f 5523 5638 5524
f 5524 5638 5605
f 5639 5640 5641
f 5641 5640 5595
f 5611 5513 5613
f 5613 5513 5642
f 5643 5586 5608
f 5608 5586 5501
f 5622 5625 5590
f 5590 5625 5591
f 5598 5514 5611
f 5611 5514 5513
f 5645 5646 5644
f 5644 5646 5647
f 5620 5619 5491
f 5491 5619 5648
f 5649 5643 5492
f 5492 5643 5608
f 5650 5651 5653
f 5653 5651 5652
f 5463 5466 5635
f 5635 5466 5634
f 5597 5612 5462
f 5462 5612 5459
f 5635 5634 5523
f 5523 5634 5638
f 5654 5638 5633
f 5633 5638 5634
f 5655 5656 5525
f 5525 5656 5526
f 5658 5659 5657
f 5657 5659 5527
f 5660 5464 5637
f 5637 5464 5463
f 5632 5466 5661
f 5661 5466 5465
f 5661 5662 5632
f 5632 5662 5658
f 5662 5663 5658
f 5658 5663 5659
f 5665 5659 5664
f 5664 5659 5663
f 5632 5658 5633
f 5633 5658 5657
f 5666 5629 5530
f 5530 5629 5667
f 5528 5527 5665
f 5665 5527 5659
f 5668 5669 5570
f 5570 5669 5568
f 5669 5668 5670
f 5670 5668 5671
f 5646 5672 5673
f 5672 5674 5673
f 5673 5674 5675
f 5674 5460 5675
f 5675 5460 5459
f 5461 5676 5462
f 5462 5676 5595
f 5677 5678 5680
f 5680 5678 5679
f 5628 5681 5629
f 5629 5681 5667
f 5682 5529 5667
f 5667 5529 5530
f 5675 5459 5683
f 5683 5459 5612
f 5585 5666 5502
f 5502 5666 5530
f 5589 5684 5602
f 5602 5684 5603
f 5646 5645 5663
f 5663 5645 5664
f 5685 5647 5673
f 5673 5647 5646
f 5686 5687 5683
f 5683 5687 5685
f 5688 5689 5533
f 5533 5689 5531
f 5690 5691 5535
f 5535 5691 5534
f 5692 5690 5574
f 5574 5690 5535
f 5685 5687 5689
f 5689 5687 5693
f 5489 5694 5490
f 5490 5694 5695
f 5690 5692 5696
f 5696 5692 5697
f 5696 5644 5690
f 5690 5644 5691
f 5447 5450 5558
f 5558 5450 5698
f 5699 5700 5642
f 5642 5700 5613
f 5701 5702 5540
f 5540 5702 5541
f 5431 5703 5432
f 5432 5703 5697
f 5385 5384 5574
f 5574 5384 5692
f 5389 5387 5573
f 5573 5387 5571
f 5565 5390 5573
f 5573 5390 5389
f 5390 5565 5704
f 5704 5565 5564
f 5566 5705 5564
f 5564 5705 5704
f 5569 5441 5609
f 5609 5441 5398
f 5568 5405 5569
f 5569 5405 5441
f 5670 5706 5669
f 5669 5706 5406
f 5703 5431 5670
f 5670 5431 5706
f 5432 5697 5384
f 5384 5697 5692
f 5574 5571 5385
f 5385 5571 5387
f 5607 5707 5489
f 5489 5707 5694
f 5518 5708 5519
f 5519 5708 5709
f 5711 5576 5710
f 5710 5576 5575
f 5713 5714 5712
f 5712 5714 5715
f 5553 5552 5478
f 5478 5552 5716
f 5717 5475 5716
f 5716 5475 5478
f 5718 5719 5605
f 5605 5719 5606
f 5505 5622 5584
f 5584 5622 5590
f 5508 5623 5505
f 5505 5623 5622
f 5626 5623 5580
f 5580 5623 5508
f 5580 5579 5626
f 5626 5579 5720
f 5579 5721 5720
f 5720 5721 5722
f 5666 5585 5723
f 5723 5585 5588
f 5724 5725 5639
f 5639 5725 5640
f 5554 5726 5555
f 5555 5726 5727
f 5453 5728 5729
f 5689 5688 5685
f 5685 5688 5647
f 5604 5730 5512
f 5512 5730 5509
f 5628 5631 5618
f 5618 5631 5592
f 5601 5604 5536
f 5536 5604 5512
f 5732 5676 5731
f 5731 5676 5660
f 5730 5604 5733
f 5733 5604 5603
f 5563 5487 5551
f 5551 5487 5550
f 5489 5492 5607
f 5607 5492 5608
f 5573 5572 5565
f 5565 5572 5561
f 5609 5522 5569
f 5569 5522 5521
f 5499 5734 5500
f 5500 5734 5735
f 5596 5736 5721
f 5721 5736 5722
f 5737 5600 5594
f 5594 5600 5520
f 5599 5730 5517
f 5517 5730 5733
f 5660 5738 5731
f 5731 5738 5739
f 5648 5649 5491
f 5491 5649 5492
f 5501 5586 5502
f 5502 5586 5585
f 5525 5546 5655
f 5655 5546 5740
f 5600 5599 5520
f 5520 5599 5517
f 5708 5739 5709
f 5709 5739 5738
f 5636 5635 5526
f 5526 5635 5523
f 5670 5671 5703
f 5703 5671 5741
f 5490 5695 5742
f 5742 5695 5743
f 5682 5678 5744
f 5744 5678 5677
f 5678 5681 5679
f 5679 5681 5621
f 5742 5743 5679
f 5679 5743 5680
f 5618 5621 5628
f 5628 5621 5681
f 5725 5724 5589
f 5589 5724 5684
f 5456 5458 5579
f 5579 5458 5721
f 5675 5683 5673
f 5673 5683 5685
f 5529 5682 5745
f 5745 5682 5744
f 5721 5458 5596
f 5596 5458 5597
f 5701 5540 5719
f 5719 5540 5606
f 5703 5741 5697
f 5697 5741 5696
f 5500 5735 5607
f 5607 5735 5707
f 5549 5746 5493
f 5493 5746 5497
f 5700 5747 5613
f 5613 5747 5538
f 5420 5421 5434
f 5434 5421 5400
f 5689 5693 5531
f 5531 5693 5532
f 5705 5566 5748
f 5748 5566 5567
f 5609 5398 5610
f 5610 5398 5397
f 5669 5406 5568
f 5568 5406 5405
f 5488 5583 5549
f 5549 5583 5746
f 5714 5713 5710
f 5710 5713 5711
f 5747 5468 5538
f 5538 5468 5467
f 5548 5547 5749
f 5749 5547 5750
f 5733 5603 5751
f 5751 5603 5684
f 5589 5602 5590
f 5590 5602 5584
f 5636 5752 5614
f 5614 5752 5615
f 5753 5754 5738
f 5738 5754 5755
f 5602 5601 5584
f 5584 5601 5536
f 5723 5736 5630
f 5630 5736 5640
f 5595 5640 5596
f 5596 5640 5736
f 5734 5499 5745
f 5745 5499 5529
f 5627 5587 5643
f 5643 5587 5586
f 5553 5559 5554
f 5554 5559 5480
f 5559 5561 5480
f 5480 5561 5572
f 5554 5480 5726
f 5726 5480 5479
f 5749 5750 5715
f 5715 5750 5712
f 5683 5612 5686
f 5686 5612 5457
f 5678 5682 5681
f 5681 5682 5667
f 5598 5509 5599
f 5599 5509 5730
f 5679 5621 5742
f 5742 5621 5620
f 5652 5616 5653
f 5653 5616 5615
f 5220 5426 5052
f 5052 5426 5437
f 5487 5488 5550
f 5550 5488 5549
f 5742 5620 5490
f 5490 5620 5491
f 5551 5610 5563
f 5563 5610 5567
f 5610 5397 5567
f 5567 5397 5748
f 5614 5617 5753
f 5753 5617 5754
f 5480 5572 5481
f 5755 5756 5738
f 5738 5756 5709
f 5745 5744 5758
f 5758 5744 5757
f 5745 5758 5734
f 5734 5758 5759
f 5735 5734 5760
f 5760 5734 5759
f 5707 5735 5761
f 5761 5735 5760
f 5744 5677 5757
f 5757 5677 5762
f 5677 5680 5762
f 5762 5680 5763
f 5763 5680 5764
f 5764 5680 5743
f 5765 5766 5762
f 5762 5766 5757
f 5768 5769 5767
f 5767 5769 5770
f 5771 5772 5770
f 5770 5772 5767
f 5770 5769 5774
f 5774 5769 5773
f 5775 5776 5774
f 5774 5776 5777
f 5773 5778 5774
f 5774 5778 5775
f 5779 5766 5773
f 5773 5766 5778
f 5777 5771 5774
f 5774 5771 5770
f 5780 5781 5783
f 5783 5781 5782
f 5781 5780 5771
f 5771 5780 5772
f 5773 5769 5779
f 5779 5769 5768
f 5768 5759 5779
f 5779 5759 5758
f 5768 5784 5759
f 5759 5784 5760
f 5767 5785 5768
f 5768 5785 5784
f 5785 5767 5786
f 5786 5767 5772
f 5766 5779 5757
f 5757 5779 5758
f 5780 5787 5772
f 5772 5787 5786
f 5785 5786 5788
f 5788 5786 5789
f 5786 5787 5789
f 5789 5787 5790
f 5788 5789 5791
f 5791 5789 5792
f 5791 5793 5788
f 5788 5793 5794
f 5795 5792 5790
f 5790 5792 5789
f 5785 5788 5784
f 5784 5788 5794
f 5784 5794 5760
f 5760 5794 5761
f 5787 5780 5796
f 5796 5780 5783
f 5775 5778 5797
f 5797 5778 5766
f 5797 5798 5775
f 5775 5798 5776
f 5766 5765 5797
f 5797 5765 5799
f 5798 5797 5800
f 5800 5797 5799
f 5798 5801 5776
f 5776 5801 5802
f 5707 5761 5694
f 5694 5761 5803
f 5695 5804 5743
f 5743 5804 5764
f 5804 5695 5803
f 5803 5695 5694
f 5803 5793 5804
f 5804 5793 5805
f 5793 5791 5805
f 5805 5791 5806
f 5804 5805 5764
f 5764 5805 5807
f 5803 5761 5793
f 5793 5761 5794
f 5808 5763 5807
f 5807 5763 5764
f 5808 5765 5763
f 5763 5765 5762
f 5809 5799 5808
f 5808 5799 5765
f 5809 5808 5810
f 5810 5808 5807
f 5811 5809 5812
f 5812 5809 5810
f 5805 5806 5807
f 5807 5806 5810
f 5806 5813 5810
f 5810 5813 5812
f 5799 5809 5800
f 5800 5809 5811
f 5815 5800 5814
f 5814 5800 5811
f 5814 5817 5816
f 5816 5817 5818
f 5814 5811 5817
f 5817 5811 5812
f 5814 5816 5815
f 5815 5816 5796
f 5815 5796 5801
f 5801 5796 5783
f 5801 5798 5815
f 5815 5798 5800
f 5791 5792 5806
f 5806 5792 5813
f 5818 5813 5795
f 5795 5813 5792
f 5818 5817 5813
f 5813 5817 5812
f 5816 5818 5790
f 5790 5818 5795
f 5790 5787 5816
f 5816 5787 5796
f 5771 5777 5781
f 5781 5777 5782
f 5782 5802 5783
f 5783 5802 5801
f 5782 5777 5802
f 5802 5777 5776
f 5588 5587 5722
f 5722 5587 5720
f 5591 5619 5592
f 5592 5619 5618
f 5625 5624 5648
f 5648 5624 5649
f 5624 5627 5649
f 5649 5627 5643
f 5631 5630 5725
f 5725 5630 5640
f 5625 5648 5591
f 5591 5648 5619
f 5588 5722 5723
f 5723 5722 5736
f 5631 5725 5592
f 5592 5725 5589
f 5723 5630 5666
f 5666 5630 5629
f 5587 5627 5720
f 5720 5627 5626
f 5820 5821 5819
f 5819 5821 5822
f 5824 5825 5823
f 5823 5825 5826
f 5823 5826 5827
f 5827 5826 5828
f 5829 5830 5832
f 5832 5830 5831
f 5518 5833 5708
f 5708 5833 5834
f 5835 5836 5824
f 5824 5836 5825
f 5838 5839 5837
f 5837 5839 5840
f 5751 5684 5842
f 5842 5684 5841
f 5843 5841 5724
f 5724 5841 5684
f 5845 5846 5844
f 5844 5846 5847
f 5848 5830 5836
f 5836 5830 5825
f 5518 5751 5833
f 5833 5751 5842
f 5839 5838 5821
f 5821 5838 5849
f 5850 5848 5822
f 5822 5848 5836
f 5851 5845 5828
f 5828 5845 5852
f 5854 5855 5853
f 5853 5855 5856
f 5845 5844 5852
f 5852 5844 5857
f 5858 5827 5852
f 5852 5827 5828
f 5851 5828 5829
f 5829 5828 5826
f 5819 5859 5820
f 5820 5859 5860
f 5835 5861 5819
f 5819 5861 5859
f 5851 5829 5862
f 5862 5829 5832
f 5844 5847 5837
f 5837 5847 5834
f 5819 5822 5835
f 5835 5822 5836
f 5823 5863 5824
f 5824 5863 5864
f 5849 5850 5821
f 5821 5850 5822
f 5825 5830 5826
f 5826 5830 5829
f 5820 5860 5865
f 5865 5860 5866
f 5858 5854 5867
f 5867 5854 5853
f 5854 5857 5855
f 5855 5857 5840
f 5855 5865 5856
f 5856 5865 5866
f 5837 5840 5844
f 5844 5840 5857
f 5827 5858 5868
f 5868 5858 5867
f 5824 5864 5835
f 5835 5864 5861
f 5732 5731 5862
f 5862 5731 5846
f 5863 5823 5868
f 5868 5823 5827
f 5843 5831 5848
f 5848 5831 5830
f 5854 5858 5857
f 5857 5858 5852
f 5855 5840 5865
f 5865 5840 5839
f 5865 5839 5820
f 5820 5839 5821
f 5868 5867 5870
f 5870 5867 5869
f 5868 5870 5863
f 5863 5870 5871
f 5863 5871 5864
f 5864 5871 5872
f 5864 5872 5861
f 5861 5872 5873
f 5867 5853 5869
f 5869 5853 5874
f 5853 5856 5874
f 5874 5856 5875
f 5856 5866 5875
f 5875 5866 5876
f 5877 5878 5874
f 5874 5878 5869
f 5880 5881 5879
f 5879 5881 5882
f 5883 5884 5880
f 5880 5884 5881
f 5881 5884 5886
f 5886 5884 5885
f 5887 5888 5886
f 5886 5888 5889
f 5885 5890 5886
f 5886 5890 5887
f 5889 5882 5886
f 5886 5882 5881
f 5882 5891 5879
f 5879 5891 5892
f 5885 5884 5893
f 5893 5884 5883
f 5883 5871 5893
f 5893 5871 5870
f 5883 5894 5871
f 5871 5894 5872
f 5880 5895 5883
f 5883 5895 5894
f 5896 5895 5879
f 5879 5895 5880
f 5893 5878 5885
f 5885 5878 5890
f 5878 5893 5869
f 5869 5893 5870
f 5897 5896 5892
f 5892 5896 5879
f 5895 5896 5898
f 5898 5896 5899
f 5896 5897 5899
f 5899 5897 5900
f 5898 5899 5901
f 5901 5899 5902
f 5901 5903 5898
f 5898 5903 5904
f 5900 5905 5899
f 5899 5905 5902
f 5898 5904 5895
f 5895 5904 5894
f 5894 5904 5872
f 5872 5904 5873
f 5897 5892 5907
f 5907 5892 5906
f 5892 5891 5906
f 5906 5891 5908
f 5887 5890 5909
f 5909 5890 5878
f 5888 5887 5910
f 5910 5887 5909
f 5878 5877 5909
f 5909 5877 5911
f 5909 5911 5910
f 5910 5911 5912
f 5913 5914 5910
f 5910 5914 5888
f 5908 5914 5906
f 5906 5914 5913
f 5861 5873 5859
f 5859 5873 5915
f 5860 5916 5866
f 5866 5916 5876
f 5916 5860 5915
f 5915 5860 5859
f 5915 5903 5916
f 5916 5903 5917
f 5903 5901 5917
f 5917 5901 5918
f 5916 5917 5876
f 5876 5917 5919
f 5903 5915 5904
f 5904 5915 5873
f 5920 5875 5919
f 5919 5875 5876
f 5920 5877 5875
f 5875 5877 5874
f 5920 5921 5877
f 5877 5921 5911
f 5921 5920 5922
f 5922 5920 5919
f 5923 5921 5924
f 5924 5921 5922
f 5917 5918 5919
f 5919 5918 5922
f 5918 5925 5922
f 5922 5925 5924
f 5921 5923 5911
f 5911 5923 5912
f 5927 5912 5926
f 5926 5912 5923
f 5926 5929 5928
f 5928 5929 5930
f 5926 5923 5929
f 5929 5923 5924
f 5926 5928 5927
f 5927 5928 5907
f 5927 5907 5913
f 5913 5907 5906
f 5913 5910 5927
f 5927 5910 5912
f 5901 5902 5918
f 5918 5902 5925
f 5930 5925 5905
f 5905 5925 5902
f 5930 5929 5925
f 5925 5929 5924
f 5928 5930 5900
f 5900 5930 5905
f 5900 5897 5928
f 5928 5897 5907
f 5882 5889 5891
f 5891 5889 5908
f 5908 5889 5914
f 5914 5889 5888
f 5832 5831 5641
f 5641 5831 5639
f 5833 5838 5834
f 5834 5838 5837
f 5842 5841 5849
f 5849 5841 5850
f 5841 5843 5850
f 5850 5843 5848
f 5847 5846 5739
f 5739 5846 5731
f 5842 5849 5833
f 5833 5849 5838
f 5862 5832 5732
f 5732 5832 5641
f 5847 5739 5834
f 5834 5739 5708
f 5862 5846 5851
f 5851 5846 5845
f 5831 5843 5639
f 5639 5843 5724
f 5676 5732 5595
f 5595 5732 5641
f 5676 5461 5660
f 5660 5461 5464
f 5461 5460 5464
f 5464 5460 5465
f 5460 5674 5465
f 5465 5674 5661
f 5931 5932 5934
f 5934 5932 5933
f 5936 5937 5935
f 5935 5937 5938
f 5935 5938 5939
f 5939 5938 5940
f 5942 5943 5941
f 5941 5943 5944
f 5945 5946 5936
f 5936 5946 5937
f 5948 5949 5947
f 5947 5949 5950
f 5951 5952 5519
f 5519 5952 5593
f 5953 5951 5709
f 5709 5951 5519
f 5955 5956 5954
f 5954 5956 5957
f 5958 5942 5946
f 5946 5942 5937
f 5948 5959 5949
f 5949 5959 5933
f 5960 5958 5934
f 5934 5958 5946
f 5961 5955 5940
f 5940 5955 5962
f 5963 5964 5966
f 5966 5964 5965
f 5955 5954 5962
f 5962 5954 5967
f 5968 5939 5962
f 5962 5939 5940
f 5961 5940 5941
f 5941 5940 5938
f 5931 5969 5932
f 5932 5969 5970
f 5945 5971 5931
f 5931 5971 5969
f 5941 5944 5961
f 5961 5944 5972
f 5954 5957 5947
f 5947 5957 5973
f 5945 5931 5946
f 5946 5931 5934
f 5935 5974 5936
f 5936 5974 5975
f 5959 5960 5933
f 5933 5960 5934
f 5937 5942 5938
f 5938 5942 5941
f 5932 5970 5976
f 5976 5970 5977
f 5968 5964 5978
f 5978 5964 5963
f 5965 5964 5950
f 5950 5964 5967
f 5976 5977 5965
f 5965 5977 5966
f 5947 5950 5954
f 5954 5950 5967
f 5939 5968 5979
f 5979 5968 5978
f 5936 5975 5945
f 5945 5975 5971
f 5972 5754 5956
f 5956 5754 5617
f 5974 5935 5979
f 5979 5935 5939
f 5953 5943 5958
f 5958 5943 5942
f 5964 5968 5967
f 5967 5968 5962
f 5965 5950 5976
f 5976 5950 5949
f 5976 5949 5932
f 5932 5949 5933
f 5979 5978 5981
f 5981 5978 5980
f 5979 5981 5974
f 5974 5981 5982
f 5974 5982 5975
f 5975 5982 5983
f 5975 5983 5971
f 5971 5983 5984
f 5978 5963 5980
f 5980 5963 5985
f 5963 5966 5985
f 5985 5966 5986
f 5986 5966 5987
f 5987 5966 5977
f 5988 5989 5985
f 5985 5989 5980
f 5991 5992 5990
f 5990 5992 5993
f 5994 5995 5991
f 5991 5995 5992
f 5992 5995 5997
f 5997 5995 5996
f 5998 5999 5997
f 5997 5999 6000
f 5996 6001 5997
f 5997 6001 5998
f 6000 5993 5997
f 5997 5993 5992
f 6002 6003 5993
f 5993 6003 5990
f 5995 5994 5996
f 5996 5994 6004
f 5994 5982 6004
f 6004 5982 5981
f 5994 6005 5982
f 5982 6005 5983
f 5991 6006 5994
f 5994 6006 6005
f 6006 5991 6007
f 6007 5991 5990
f 5996 6004 6001
f 6001 6004 5989
f 5989 6004 5980
f 5980 6004 5981
f 6003 6008 5990
f 5990 6008 6007
f 6009 6006 6010
f 6010 6006 6007
f 6008 6011 6007
f 6007 6011 6010
f 6012 6009 6013
f 6013 6009 6010
f 6009 6012 6015
f 6015 6012 6014
f 6011 6016 6010
f 6010 6016 6013
f 6006 6009 6005
f 6005 6009 6015
f 6005 6015 5983
f 5983 6015 5984
f 6008 6003 6018
f 6018 6003 6017
f 6003 6002 6017
f 6017 6002 6019
f 5998 6001 6020
f 6020 6001 5989
f 5999 5998 6021
f 6021 5998 6020
f 5989 5988 6020
f 6020 5988 6022
f 6021 6020 6023
f 6023 6020 6022
f 6021 6024 5999
f 5999 6024 6025
f 6019 6025 6017
f 6017 6025 6024
f 5971 5984 5969
f 5969 5984 6026
f 5970 6027 5977
f 5977 6027 5987
f 6027 5970 6026
f 6026 5970 5969
f 6026 6014 6027
f 6027 6014 6028
f 6014 6012 6028
f 6028 6012 6029
f 6027 6028 5987
f 5987 6028 6030
f 6026 5984 6014
f 6014 5984 6015
f 6031 5986 6030
f 6030 5986 5987
f 6031 5988 5986
f 5986 5988 5985
f 6032 6022 6031
f 6031 6022 5988
f 6032 6031 6033
f 6033 6031 6030
f 6034 6032 6035
f 6035 6032 6033
f 6028 6029 6030
f 6030 6029 6033
f 6029 6036 6033
f 6033 6036 6035
f 6032 6034 6022
f 6022 6034 6023
f 6038 6023 6037
f 6037 6023 6034
f 6037 6040 6039
f 6039 6040 6041
f 6037 6034 6040
f 6040 6034 6035
f 6037 6039 6038
f 6038 6039 6018
f 6038 6018 6024
f 6024 6018 6017
f 6024 6021 6038
f 6038 6021 6023
f 6012 6013 6029
f 6029 6013 6036
f 6041 6036 6016
f 6016 6036 6013
f 6041 6040 6036
f 6036 6040 6035
f 6041 6016 6039
f 6039 6016 6011
f 6011 6008 6039
f 6039 6008 6018
f 5993 6000 6002
f 6002 6000 6019
f 6019 6000 6025
f 6025 6000 5999
f 5943 5756 5944
f 5944 5756 5755
f 6042 5948 5973
f 5973 5948 5947
f 5952 5951 5959
f 5959 5951 5960
f 5951 5953 5960
f 5960 5953 5958
f 5616 5957 5617
f 5617 5957 5956
f 6042 5952 5948
f 5948 5952 5959
f 5944 5755 5972
f 5972 5755 5754
f 5957 5616 5973
f 5973 5616 5652
f 5956 5955 5972
f 5972 5955 5961
f 5943 5953 5756
f 5756 5953 5709
f 6044 6045 6043
f 6043 6045 6046
f 6048 6049 6047
f 6047 6049 6050
f 6047 6050 6051
f 6051 6050 6052
f 6054 6055 6053
f 6053 6055 6056
f 6057 6058 6060
f 6060 6058 6059
f 6061 6062 6048
f 6048 6062 6049
f 6063 6064 6066
f 6066 6064 6065
f 6067 6068 6070
f 6070 6068 6069
f 6071 6069 5653
f 5653 6069 6068
f 6072 6073 6075
f 6075 6073 6074
f 6062 6076 6049
f 6049 6076 6054
f 6058 6067 6059
f 6059 6067 6070
f 6064 6077 6065
f 6065 6077 6045
f 6078 6076 6046
f 6046 6076 6062
f 6073 6080 6079
f 6079 6080 6052
f 6082 6083 6081
f 6081 6083 6084
f 6072 6085 6073
f 6073 6085 6080
f 6086 6051 6080
f 6080 6051 6052
f 6079 6052 6053
f 6053 6052 6050
f 6043 6087 6044
f 6044 6087 6088
f 6061 6089 6043
f 6043 6089 6087
f 6053 6056 6079
f 6079 6056 6090
f 6063 6072 6060
f 6060 6072 6075
f 6043 6046 6061
f 6061 6046 6062
f 6047 6091 6048
f 6048 6091 6092
f 6077 6078 6045
f 6045 6078 6046
f 6049 6054 6050
f 6050 6054 6053
f 6044 6088 6093
f 6093 6088 6094
f 6086 6082 6095
f 6095 6082 6081
f 6083 6082 6066
f 6066 6082 6085
f 6093 6094 6083
f 6083 6094 6084
f 6072 6063 6085
f 6085 6063 6066
f 6051 6086 6096
f 6096 6086 6095
f 6048 6092 6061
f 6061 6092 6089
f 5656 5655 6090
f 6090 5655 6074
f 6091 6047 6096
f 6096 6047 6051
f 6071 6055 6076
f 6076 6055 6054
f 6082 6086 6085
f 6085 6086 6080
f 6093 6083 6065
f 6065 6083 6066
f 6044 6093 6045
f 6045 6093 6065
f 6096 6095 6098
f 6098 6095 6097
f 6096 6098 6091
f 6091 6098 6099
f 6091 6099 6092
f 6092 6099 6100
f 6092 6100 6089
f 6089 6100 6101
f 6095 6081 6097
f 6097 6081 6102
f 6081 6084 6102
f 6102 6084 6103
f 6103 6084 6104
f 6104 6084 6094
f 6106 6097 6105
f 6105 6097 6102
f 6107 6108 6110
f 6110 6108 6109
f 6111 6112 6108
f 6108 6112 6109
f 6109 6112 6114
f 6114 6112 6113
f 6114 6115 6117
f 6117 6115 6116
f 6113 6118 6114
f 6114 6118 6115
f 6117 6110 6114
f 6114 6110 6109
f 6110 6119 6107
f 6107 6119 6120
f 6112 6111 6113
f 6113 6111 6121
f 6111 6099 6121
f 6121 6099 6098
f 6111 6122 6099
f 6099 6122 6100
f 6123 6122 6108
f 6108 6122 6111
f 6124 6123 6107
f 6107 6123 6108
f 6113 6121 6118
f 6118 6121 6106
f 6106 6121 6097
f 6097 6121 6098
f 6125 6124 6120
f 6120 6124 6107
f 6126 6123 6127
f 6127 6123 6124
f 6125 6128 6124
f 6124 6128 6127
f 6129 6126 6130
f 6130 6126 6127
f 6126 6129 6132
f 6132 6129 6131
f 6128 6133 6127
f 6127 6133 6130
f 6123 6126 6122
f 6122 6126 6132
f 6122 6132 6100
f 6100 6132 6101
f 6120 6134 6125
f 6125 6134 6135
f 6120 6119 6134
f 6134 6119 6136
f 6115 6118 6137
f 6137 6118 6106
f 6115 6137 6116
f 6116 6137 6138
f 6137 6106 6139
f 6139 6106 6105
f 6138 6137 6140
f 6140 6137 6139
f 6141 6142 6138
f 6138 6142 6116
f 6136 6142 6134
f 6134 6142 6141
f 6089 6101 6087
f 6087 6101 6143
f 6088 6144 6094
f 6094 6144 6104
f 6143 6144 6087
f 6087 6144 6088
f 6131 6145 6143
f 6143 6145 6144
f 6129 6146 6131
f 6131 6146 6145
f 6144 6145 6104
f 6104 6145 6147
f 6143 6101 6131
f 6131 6101 6132
f 6148 6103 6147
f 6147 6103 6104
f 6103 6148 6102
f 6102 6148 6105
f 6148 6149 6105
f 6105 6149 6139
f 6149 6148 6150
f 6150 6148 6147
f 6151 6149 6152
f 6152 6149 6150
f 6145 6146 6147
f 6147 6146 6150
f 6146 6153 6150
f 6150 6153 6152
f 6149 6151 6139
f 6139 6151 6140
f 6155 6140 6154
f 6154 6140 6151
f 6154 6157 6156
f 6156 6157 6158
f 6154 6151 6157
f 6157 6151 6152
f 6154 6156 6155
f 6155 6156 6135
f 6155 6135 6141
f 6141 6135 6134
f 6141 6138 6155
f 6155 6138 6140
f 6146 6129 6153
f 6153 6129 6130
f 6158 6153 6133
f 6133 6153 6130
f 6158 6157 6153
f 6153 6157 6152
f 6156 6158 6128
f 6128 6158 6133
f 6128 6125 6156
f 6156 6125 6135
f 6110 6117 6119
f 6119 6117 6136
f 6136 6117 6142
f 6142 6117 6116
f 6055 5615 6056
f 6056 5615 5752
f 6060 6059 6063
f 6063 6059 6064
f 6077 6070 6078
f 6078 6070 6069
f 6069 6071 6078
f 6078 6071 6076
f 6159 6057 6075
f 6075 6057 6060
f 6059 6070 6064
f 6064 6070 6077
f 6056 5752 6090
f 6090 5752 5656
f 6090 6074 6079
f 6079 6074 6073
f 6055 6071 5615
f 5615 6071 5653
f 5547 5471 6160
f 6160 5471 6161
f 5729 5577 6163
f 6163 5577 6162
f 5577 5576 6162
f 6162 5576 6164
f 5713 6165 5711
f 5711 6165 6166
f 5474 5729 6167
f 6167 5729 6163
f 5750 5547 6168
f 6168 5547 6160
f 5471 5474 6161
f 6161 5474 6167
f 6169 5712 6168
f 6168 5712 5750
f 5711 6166 5576
f 5576 6166 6164
f 6165 5713 6169
f 6169 5713 5712
f 6168 6170 6169
f 6169 6170 6171
f 6169 6171 6165
f 6165 6171 6172
f 6165 6172 6166
f 6166 6172 6173
f 6166 6173 6164
f 6164 6173 6174
f 6168 6160 6170
f 6170 6160 6175
f 6160 6161 6175
f 6175 6161 6176
f 6161 6167 6176
f 6176 6167 6177
f 6179 6170 6178
f 6178 6170 6175
f 6181 6182 6180
f 6180 6182 6183
f 6184 6185 6181
f 6181 6185 6182
f 6186 6187 6185
f 6185 6187 6182
f 6186 6188 6187
f 6187 6188 6189
f 6190 6183 6187
f 6187 6183 6182
f 6183 6190 6191
f 6191 6190 6192
f 6191 6193 6183
f 6183 6193 6180
f 6186 6185 6194
f 6194 6185 6184
f 6184 6172 6194
f 6194 6172 6171
f 6184 6195 6172
f 6172 6195 6173
f 6181 6196 6184
f 6184 6196 6195
f 6196 6181 6197
f 6197 6181 6180
f 6186 6194 6188
f 6188 6194 6179
f 6179 6194 6170
f 6170 6194 6171
f 6193 6198 6180
f 6180 6198 6197
f 6199 6196 6200
f 6200 6196 6197
f 6198 6201 6197
f 6197 6201 6200
f 6202 6199 6203
f 6203 6199 6200
f 6199 6202 6205
f 6205 6202 6204
f 6201 6206 6200
f 6200 6206 6203
f 6196 6199 6195
f 6195 6199 6205
f 6195 6205 6173
f 6173 6205 6174
f 6198 6193 6208
f 6208 6193 6207
f 6193 6191 6207
f 6207 6191 6192
f 6189 6188 6209
f 6209 6188 6179
f 6210 6189 6211
f 6211 6189 6209
f 6209 6179 6212
f 6212 6179 6178
f 6211 6209 6213
f 6213 6209 6212
f 6211 6214 6210
f 6210 6214 6215
f 6192 6215 6207
f 6207 6215 6214
f 6190 6187 6210
f 6210 6187 6189
f 6192 6190 6215
f 6215 6190 6210
f 6162 6164 6216
f 6216 6164 6174
f 6167 6163 6177
f 6177 6163 6217
f 6216 6217 6162
f 6162 6217 6163
f 6204 6218 6216
f 6216 6218 6217
f 6202 6219 6204
f 6204 6219 6218
f 6217 6218 6177
f 6177 6218 6220
f 6216 6174 6204
f 6204 6174 6205
f 6221 6176 6220
f 6220 6176 6177
f 6176 6221 6175
f 6175 6221 6178
f 6221 6222 6178
f 6178 6222 6212
f 6222 6221 6223
f 6223 6221 6220
f 6224 6222 6225
f 6225 6222 6223
f 6218 6219 6220
f 6220 6219 6223
f 6219 6226 6223
f 6223 6226 6225
f 6222 6224 6212
f 6212 6224 6213
f 6228 6213 6227
f 6227 6213 6224
f 6229 6227 6231
f 6231 6227 6230
f 6227 6224 6230
f 6230 6224 6225
f 6227 6229 6228
f 6228 6229 6208
f 6228 6208 6214
f 6214 6208 6207
f 6214 6211 6228
f 6228 6211 6213
f 6219 6202 6226
f 6226 6202 6203
f 6231 6226 6206
f 6206 6226 6203
f 6231 6230 6226
f 6226 6230 6225
f 6229 6231 6201
f 6201 6231 6206
f 6201 6198 6229
f 6229 6198 6208
f 5674 5672 5661
f 5661 5672 5662
f 5662 5672 5663
f 5663 5672 5646
f 5651 6042 5652
f 5652 6042 5973
f 5518 5517 5751
f 5751 5517 5733
f 5738 5660 5753
f 5753 5660 5637
f 5752 5636 5656
f 5656 5636 5526
f 5952 6042 5593
f 5593 6042 5651
f 5593 5651 5594
f 5594 5651 5650
f 5600 5737 5514
f 5514 5737 5515
f 5546 5545 5740
f 5740 5545 6232
f 6232 6058 5740
f 5740 6058 6057
f 6067 6058 6233
f 6233 6058 6232
f 6233 6232 6234
f 6234 6232 5545
f 6234 5545 6235
f 6235 5545 5544
f 5606 6236 5543
f 5543 6236 5544
f 6235 5544 5539
f 5539 5544 6236
f 6237 6235 5542
f 5542 6235 5539
f 6235 6237 6234
f 6234 6237 6238
f 6234 6238 6233
f 6233 6238 6239
f 5653 6068 5650
f 5650 6068 6239
f 5642 5513 6240
f 6240 5513 5516
f 5539 6236 5540
f 5540 6236 5606
f 5636 5614 5637
f 5637 5614 5753
f 6239 5737 5650
f 5650 5737 5594
f 6239 6068 6233
f 6233 6068 6067
f 6075 6074 6159
f 6159 6074 5655
f 6057 6159 5740
f 5740 6159 5655
f 5515 5737 6238
f 6238 5737 6239
f 6238 6237 5515
f 5515 6237 5516
f 5542 6240 6237
f 6237 6240 5516
f 6240 5542 5642
f 5642 5542 5541
f 5702 5699 5541
f 5541 5699 5642
f 5582 5475 5717
f 5470 5443 5537
f 5537 5443 5504
f 5469 5444 5470
f 5470 5444 5443
f 5726 5557 5727
f 5727 5557 5556
f 5537 5504 5511
f 5511 5504 5506
f 5504 5503 5506
f 5506 5503 5507
f 5503 5455 5507
f 5507 5455 5581
f 5455 5454 5581
f 5581 5454 5456
f 5473 5453 5474
f 5474 5453 5729
f 5457 5454 5473
f 5473 5454 5453
f 5473 5472 5457
f 5457 5472 5686
f 5472 5548 5686
f 5686 5548 5687
f 5749 5693 5548
f 5548 5693 5687
f 5715 5532 5749
f 5749 5532 5693
f 5714 5486 5715
f 5715 5486 5532
f 5714 5710 5486
f 5486 5710 5449
f 5728 5578 5729
f 5729 5578 5577
f 5452 5445 5698
f 5698 5445 5558
f 5445 5444 5558
f 5558 5444 5556
f 5444 5469 5556
f 5556 5469 5727
f 5469 5468 5727
f 5727 5468 5555
f 5468 5747 5555
f 5555 5747 5552
f 5747 5700 5552
f 5552 5700 5716
f 5700 5699 5716
f 5716 5699 5717
f 5699 5702 5717
f 5717 5702 5582
f 5702 5701 5582
f 5582 5701 5583
f 5726 5479 5557
f 5557 5479 5483
f 5483 5479 5484
f 5484 5479 5482
f 5534 5533 5482
f 5482 5533 5484
f 5691 5688 5534
f 5534 5688 5533
f 5644 5647 5691
f 5691 5647 5688
f 5719 5746 5701
f 5701 5746 5583
f 5718 5497 5719
f 5719 5497 5746
f 5718 5605 5654
f 5654 5605 5638
f 5498 5654 5657
f 5657 5654 5633
f 5497 5718 5498
f 5498 5718 5654
f 5657 5527 5498
f 5498 5527 5494
f 5528 5570 5495
f 5495 5570 5521
f 5665 5668 5528
f 5528 5668 5570
f 5664 5671 5665
f 5665 5671 5668
f 5645 5741 5664
f 5664 5741 5671
f 5644 5696 5645
f 5645 5696 5741
f 5710 5575 5449
f 5449 5575 5450
f 5575 5578 5450
f 5450 5578 5698
f 5578 5728 5698
f 5698 5728 5452
f 5452 5728 5451
f 5451 5728 5453
f 3619 6241 3620
f 3620 6241 6242
f 6243 6244 3628
f 3628 6244 3629
f 6245 6246 3634
f 3634 6246 3631
f 6247 6248 3636
f 3636 6248 3637
f 6249 6250 3642
f 3642 6250 3639
f 3639 6250 3643
f 3643 6250 6251
f 3743 6252 3744
f 3744 6252 6253
f 6246 6243 3631
f 3631 6243 3628
f 3753 6254 3754
f 3754 6254 6255
f 3857 6256 3619
f 3619 6256 6241
f 6257 6245 3932
f 3932 6245 3634
f 6242 6247 3620
f 3620 6247 3636
f 6258 6259 3946
f 3946 6259 3947
f 6260 6249 3948
f 3948 6249 3642
f 6244 6258 3629
f 3629 6258 3946
f 3947 6259 3753
f 3753 6259 6254
f 6248 6260 3637
f 3637 6260 3948
f 3643 6251 3743
f 3743 6251 6252
f 3744 6253 3932
f 3932 6253 6257
f 6250 6249 6251
f 6251 6249 6252
f 6245 6261 6246
f 6246 6261 6262
f 6263 6264 6247
f 6247 6264 6248
f 6252 6265 6253
f 6253 6265 6266
f 6246 6262 6243
f 6243 6262 6267
f 6268 6261 6257
f 6257 6261 6245
f 6269 6263 6242
f 6242 6263 6247
f 6270 6271 6260
f 6260 6271 6249
f 6264 6270 6248
f 6248 6270 6260
f 6253 6266 6257
f 6257 6266 6268
f 6249 6271 6252
f 6252 6271 6265
f 6254 6259 6272
f 6272 6259 6273
f 6266 6265 6270
f 6270 6265 6271
f 6268 6266 6264
f 6264 6266 6270
f 6261 6268 6263
f 6263 6268 6264
f 6269 6262 6263
f 6263 6262 6261
f 4186 4185 6274
f 6274 4185 6275
f 6241 6276 6242
f 6242 6276 6269
f 6258 6244 6277
f 6277 6244 6278
f 6256 6279 6241
f 6241 6279 6276
f 6259 6258 6273
f 6273 6258 6277
f 6243 6267 6244
f 6244 6267 6278
f 6276 6267 6269
f 6269 6267 6262
f 6254 6272 6255
f 6255 6272 6280
f 3865 3713 3888
f 3888 3713 3685
f 5242 5233 3892
f 3892 5233 3711
f 3900 5243 3892
f 3892 5243 5242
f 3734 3866 3900
f 3900 3866 5243
f 4117 6281 4118
f 4118 6281 6282
f 4118 6282 4278
f 4278 6282 4879
f 4717 4887 4718
f 4718 4887 4280
f 4792 4278 4882
f 4882 4278 4879
f 4795 4792 6283
f 6283 4792 4882
f 4852 4851 5012
f 5012 4851 6284
f 4856 5207 4857
f 4857 5207 4858
f 4860 4279 4857
f 4857 4279 4854
f 4718 4280 4860
f 4860 4280 4279
f 4864 4863 4745
f 4745 4863 4742
f 5366 4867 5011
f 5011 4867 4866
f 4871 4884 4872
f 4872 4884 4883
f 4872 4883 4117
f 4117 4883 6281
f 6284 4851 6283
f 6283 4851 4795
f 4852 4866 4853
f 4853 4866 4865
f 4871 4870 4856
f 4856 4870 5207
f 4717 4716 4864
f 4864 4716 4861
f 4868 4867 4862
f 4862 4867 4863
f 4268 4855 4269
f 4269 4855 4854
f 4281 4274 4282
f 4282 4274 4765
f 4744 4743 4907
f 4907 4743 4904
f 4874 4881 4820
f 4820 4881 4880
f 4885 5013 4886
f 4886 5013 4980
f 4888 4275 4281
f 4281 4275 4274
f 4902 6282 4903
f 4903 6282 6281
f 6283 4979 6284
f 6284 4979 4978
f 4282 4765 4269
f 4269 4765 4266
f 4880 4879 4902
f 4902 4879 6282
f 4903 6281 4886
f 4886 6281 4883
f 4882 4881 6283
f 6283 4881 4979
f 5013 4885 4267
f 4267 4885 4268
f 4888 4887 4744
f 4744 4887 4745
f 4410 6285 4411
f 4411 6285 4812
f 4750 4749 6286
f 6286 4749 6287
f 6289 4695 6288
f 6288 4695 4255
f 4750 4675 4751
f 4751 4675 4965
f 6290 6291 4963
f 4963 6291 4960
f 4807 4806 4411
f 4411 4806 4408
f 6292 6293 4959
f 4959 6293 4956
f 4958 6294 4959
f 4959 6294 4955
f 4962 4964 4963
f 4963 4964 4805
f 4962 4961 4751
f 4751 4961 4748
f 6296 6297 6295
f 6295 6297 6298
f 6299 6300 6288
f 6288 6300 4735
f 6302 4961 6301
f 6301 4961 4960
f 6304 6287 6303
f 6303 6287 4749
f 4968 6305 4969
f 4969 6305 6306
f 4413 6308 6307
f 6307 6308 4900
f 6301 4960 6309
f 6309 4960 6291
f 4412 4408 6310
f 6310 4408 4806
f 4696 6311 4256
f 4256 6311 6312
f 6303 4749 6313
f 6313 4749 4748
f 6313 4748 6302
f 6302 4748 4961
f 6315 6316 6314
f 6314 6316 6317
f 4084 6318 6315
f 6315 6318 6316
f 4083 6319 4084
f 4084 6319 6318
f 4112 6320 4083
f 4083 6320 6319
f 6322 4138 6321
f 6321 4138 4137
f 6324 4128 6323
f 6323 4128 4127
f 4127 4193 6323
f 6323 4193 6325
f 4193 4891 6325
f 6325 4891 6326
f 4891 6327 6326
f 6326 6327 6328
f 6327 4824 5227
f 5227 4824 5228
f 5231 4684 6329
f 6329 4684 4683
f 4683 4099 6329
f 6329 4099 6330
f 4099 4102 6330
f 6330 4102 6331
f 4174 4826 4429
f 4429 4826 4829
f 4173 4741 4174
f 4174 4741 4826
f 4180 4738 4173
f 4173 4738 4741
f 6332 6333 4180
f 4180 6333 4738
f 6274 6334 4186
f 4186 6334 4188
f 4181 4825 4180
f 4180 4825 6332
f 5044 5213 5045
f 5045 5213 5165
f 5046 5087 5047
f 5047 5087 5222
f 5077 5063 5078
f 5078 5063 5198
f 5081 5099 5082
f 5082 5099 5194
f 5095 5074 5096
f 5096 5074 5073
f 5373 5170 5096
f 5096 5170 5093
f 5375 5171 5373
f 5373 5171 5170
f 5047 5222 5375
f 5375 5222 5171
f 5046 5038 5376
f 5376 5038 5067
f 5377 5086 5376
f 5376 5086 5085
f 5045 5165 5377
f 5377 5165 5086
f 5378 5214 5044
f 5044 5214 5213
f 5077 5034 5378
f 5378 5034 5214
f 5082 5194 5078
f 5078 5194 5035
f 5081 5080 5379
f 5379 5080 6335
f 5379 6335 5095
f 5095 6335 5074
f 5032 5080 5033
f 5033 5080 5079
f 5040 5017 5041
f 5041 5017 5016
f 5050 5043 5051
f 5051 5043 5042
f 5065 5023 5066
f 5066 5023 5022
f 5050 5049 5065
f 5065 5049 5023
f 5041 5016 5068
f 5068 5016 5020
f 5071 5374 5072
f 5072 5374 5200
f 5075 5156 5076
f 5076 5156 5155
f 5162 5212 5068
f 5068 5212 5067
f 5075 5074 5192
f 5192 5074 6335
f 5066 5022 5199
f 5199 5022 5196
f 5076 5155 5072
f 5072 5155 5069
f 5040 5039 5071
f 5071 5039 5374
f 5162 5161 5051
f 5051 5161 5048
f 5192 6335 5032
f 5032 6335 5080
f 5199 5196 5033
f 5033 5196 5030
f 5018 5211 5019
f 5019 5211 5408
f 5019 5408 5021
f 5021 5408 5163
f 5024 5057 5025
f 5025 5057 5415
f 5028 5048 5029
f 5029 5048 5161
f 5054 5031 5055
f 5055 5031 5030
f 5024 5023 5058
f 5058 5023 5049
f 5061 5070 5062
f 5062 5070 5069
f 5157 5438 5158
f 5158 5438 5442
f 5160 5191 5054
f 5054 5191 5031
f 5029 5161 5021
f 5021 5161 5020
f 5025 5415 5197
f 5197 5415 5220
f 5158 5442 5062
f 5062 5442 5059
f 5018 5017 5061
f 5061 5017 5070
f 5160 5159 5157
f 5157 5159 5438
f 5028 5027 5058
f 5058 5027 5056
f 5055 5030 5197
f 5197 5030 5196
f 5409 5380 5410
f 5410 5380 6336
f 5026 5413 5027
f 5027 5413 5412
f 5396 5417 5393
f 5393 5417 5416
f 5416 5057 5419
f 5419 5057 5056
f 5417 5396 5426
f 5426 5396 5420
f 5427 5423 5428
f 5428 5423 5422
f 5427 5059 5430
f 5430 5059 5442
f 5409 5408 5433
f 5433 5408 5211
f 5433 5211 5428
f 5428 5211 5060
f 5412 5411 5419
f 5419 5411 5418
f 5436 5053 5437
f 5437 5053 5052
f 5439 5402 5440
f 5440 5402 5401
f 5436 5435 5439
f 5439 5435 5402
f 5410 6336 5413
f 5413 6336 5414
f 5440 5401 5430
f 5430 5401 5429
f 5426 5420 5437
f 5437 5420 5434
f 5382 5432 5383
f 5383 5432 5384
f 5386 6336 5383
f 5383 6336 5380
f 6336 5386 5414
f 5414 5386 5388
f 5391 5418 5392
f 5392 5418 5411
f 5705 5395 5704
f 5704 5395 5394
f 5399 5435 5400
f 5400 5435 5434
f 5403 5441 5404
f 5404 5441 5405
f 5407 5429 5404
f 5404 5429 5401
f 5395 5705 5421
f 5421 5705 5748
f 5424 5706 5425
f 5425 5706 5431
f 5391 5390 5394
f 5394 5390 5704
f 5392 5388 5389
f 5389 5388 5387
f 5382 5381 5425
f 5425 5381 5422
f 5407 5406 5424
f 5424 5406 5706
f 5403 5402 5399
f 5399 5402 5435
f 5421 5748 5400
f 5400 5748 5397
f 4097 4721 4098
f 4098 4721 4231
f 4233 5273 4098
f 4098 5273 4095
f 6337 6338 4785
f 4785 6338 4786
f 4076 4780 4073
f 4073 4780 4781
f 4782 4190 4781
f 4781 4190 4073
f 4783 4901 4782
f 4782 4901 4190
f 4780 4076 4097
f 4097 4076 4721
f 6337 2879 4701
f 4701 2879 2878
f 5280 6339 5272
f 5272 6339 6340
f 5282 5281 6341
f 6341 5281 6342
f 4109 6302 4110
f 4110 6302 6301
f 4283 6304 4284
f 4284 6304 6303
f 6305 4379 6306
f 6306 4379 4378
f 4110 6301 4428
f 4428 6301 6309
f 6310 4688 4412
f 4412 4688 4687
f 4284 6303 4753
f 4753 6303 6313
f 4753 6313 4109
f 4109 6313 6302
f 6343 5226 4428
f 4428 5226 4427
f 4147 4900 4416
f 4416 4900 6308
f 6312 6311 4241
f 4241 6311 4720
f 5223 6344 4702
f 4702 6344 4699
f 4221 4220 6345
f 6345 4220 6346
f 5276 5275 6347
f 6347 5275 6348
f 5275 4728 6348
f 6348 4728 6349
f 4727 6350 5284
f 5284 6350 5285
f 6351 6352 6354
f 6354 6352 6353
f 5313 5312 5292
f 5292 5312 5293
f 5312 5344 5293
f 5293 5344 5337
f 5344 4914 5337
f 5337 4914 4916
f 4914 4913 4916
f 4916 4913 4917
f 4913 6355 4917
f 4917 6355 4978
f 6356 6357 6284
f 6284 6357 5012
f 6357 6358 5012
f 5012 6358 5011
f 5011 6358 5366
f 5366 6358 6359
f 6360 4742 6359
f 6359 4742 5366
f 4743 6361 4904
f 4904 6361 5364
f 5363 4905 5364
f 5364 4905 4904
f 5363 6362 4905
f 4905 6362 4207
f 6362 6363 4207
f 4207 6363 4208
f 6363 5342 4208
f 4208 5342 5330
f 5342 5341 5330
f 5330 5341 4244
f 5341 6364 4244
f 4244 6364 4245
f 6364 6365 4245
f 4245 6365 4246
f 6366 6367 4253
f 4253 6367 4250
f 4214 6368 4211
f 4211 6368 4380
f 4380 4379 4211
f 4211 4379 4283
f 4379 6305 4283
f 4283 6305 6304
f 6305 4968 6304
f 6304 4968 6287
f 4968 4967 6287
f 6287 4967 6286
f 4967 6297 6286
f 6286 6297 4676
f 6296 4376 4288
f 4288 4376 4285
f 4376 4373 4285
f 4285 4373 4290
f 6369 6370 6372
f 6372 6370 6371
f 5245 6373 5246
f 5246 6373 6374
f 4317 6375 4318
f 4318 6375 6376
f 4331 6377 4332
f 4332 6377 6378
f 6379 4333 6376
f 6376 4333 4318
f 4343 6380 4344
f 4344 6380 6381
f 4347 6382 4348
f 4348 6382 6383
f 4374 6371 4331
f 4331 6371 6377
f 4333 6379 4426
f 4426 6379 6384
f 4690 6385 4347
f 4347 6385 6382
f 4332 6378 4317
f 4317 6378 6375
f 4922 6386 4923
f 4923 6386 6387
f 6388 6389 4375
f 4375 6389 6390
f 6355 6356 4978
f 4978 6356 6284
f 4742 6360 4743
f 4743 6360 6361
f 6391 4238 6392
f 6392 4238 4719
f 6392 4719 6393
f 6393 4719 5296
f 6395 6396 6394
f 6394 6396 6397
f 6399 6400 6398
f 6398 6400 6401
f 6402 5302 6403
f 6403 5302 5303
f 5303 5321 6403
f 6403 5321 6404
f 5320 6405 5321
f 5321 6405 6404
f 5319 6406 5350
f 5350 6406 5351
f 5319 5318 6406
f 6406 5318 6407
f 5288 4197 6408
f 6408 4197 6409
f 4217 4216 6410
f 6410 4216 6411
f 5227 6412 6327
f 6327 6412 6328
f 4892 6413 5227
f 5227 6413 6412
f 4228 6414 4892
f 4892 6414 6413
f 4227 6415 4228
f 4228 6415 6414
f 4248 6416 4227
f 4227 6416 6415
f 4247 6417 4248
f 4248 6417 6416
f 6417 4247 6419
f 6419 4247 6418
f 6419 6418 6421
f 6421 6418 6420
f 6422 5301 6423
f 6423 5301 5300
f 6423 5300 6424
f 6424 5300 6399
f 6408 6409 6398
f 6398 6409 6425
f 6426 6427 6397
f 6397 6427 6394
f 6428 4224 6429
f 6429 4224 4223
f 6347 6346 5276
f 5276 6346 4220
f 6346 6347 6341
f 6341 6347 6339
f 5280 5278 5282
f 5282 5278 4236
f 4896 5224 4684
f 4684 5224 4681
f 4132 4135 4896
f 4896 4135 5224
f 4131 4136 4132
f 4132 4136 4135
f 4226 4754 4131
f 4131 4754 4136
f 4251 4213 4226
f 4226 4213 4754
f 4250 4214 4251
f 4251 4214 4213
f 4250 6367 4214
f 4214 6367 6368
f 6367 4910 6368
f 6368 4910 4737
f 4909 5297 4736
f 4736 5297 5296
f 5297 6395 5296
f 5296 6395 6393
f 6427 6430 6394
f 6394 6430 6431
f 6429 4383 6428
f 6428 4383 4382
f 4219 5277 4220
f 4220 5277 5276
f 4222 4697 4383
f 4383 4697 4218
f 6345 4699 4221
f 4221 4699 6344
f 6342 4700 6345
f 6345 4700 4699
f 4235 4786 5281
f 5281 4786 6338
f 4234 4787 4235
f 4235 4787 4786
f 5279 5278 6432
f 6432 5278 5271
f 4237 5279 6433
f 6433 5279 6432
f 4787 4234 6433
f 6433 4234 4237
f 6435 6436 6434
f 6434 6436 6437
f 6359 6438 6360
f 6360 6438 6437
f 6439 6440 6441
f 6441 6440 6438
f 6443 6439 6442
f 6442 6439 6441
f 6357 6356 6442
f 6442 6356 6444
f 6444 6446 6445
f 6445 6446 6447
f 4912 6446 4913
f 4913 6446 6355
f 6361 6436 5364
f 5364 6436 5365
f 5319 5350 5316
f 5316 5350 6448
f 4832 6449 5350
f 5350 6449 6448
f 4831 6450 4832
f 4832 6450 6449
f 5354 6451 5320
f 5320 6451 6405
f 4265 6452 5354
f 5354 6452 6451
f 4264 6453 4265
f 4265 6453 6452
f 6450 4831 6447
f 6447 4831 6445
f 4263 6435 4264
f 4264 6435 6434
f 6454 6453 6439
f 6439 6453 6440
f 6439 6443 6454
f 6454 6443 4834
f 4833 6455 4834
f 4834 6455 6454
f 5351 6456 4833
f 4833 6456 6455
f 6457 6391 6458
f 6458 6391 6392
f 6458 6392 6431
f 6431 6392 6393
f 5298 6396 5297
f 5297 6396 6395
f 6402 6400 5302
f 5302 6400 5299
f 6402 6403 6459
f 6459 6403 6460
f 6460 6403 6461
f 6461 6403 6404
f 6405 6462 6404
f 6404 6462 6461
f 6406 6462 5351
f 5351 6462 6456
f 6406 6407 6462
f 6462 6407 6461
f 6407 6463 6461
f 6461 6463 6460
f 6463 6464 6460
f 6460 6464 6459
f 6464 6465 6459
f 6459 6465 6401
f 6430 6466 6431
f 6431 6466 6458
f 6466 6410 6458
f 6458 6410 6457
f 6410 6411 6457
f 6457 6411 6467
f 6396 6424 6397
f 6397 6424 6425
f 6393 6395 6431
f 6431 6395 6394
f 6451 6456 6405
f 6405 6456 6462
f 6452 6455 6451
f 6451 6455 6456
f 6453 6454 6452
f 6452 6454 6455
f 6443 6445 4834
f 4834 6445 4831
f 6440 6453 6434
f 6434 6453 4264
f 6468 5306 5360
f 5360 5306 5305
f 6469 4124 6468
f 6468 4124 5306
f 6470 4125 6469
f 6469 4125 4124
f 6471 5291 6470
f 6470 5291 4125
f 6353 5292 6471
f 6471 5292 5291
f 5292 6353 5313
f 5313 6353 6352
f 5347 5314 6352
f 6352 5314 5313
f 5353 5318 5346
f 5346 5318 5317
f 5334 6468 5358
f 5358 6468 5360
f 5324 6469 5334
f 5334 6469 6468
f 5323 6470 5324
f 5324 6470 6469
f 5343 6471 5323
f 5323 6471 6470
f 6354 6353 5343
f 5343 6353 6471
f 6348 6349 4270
f 4270 6349 5311
f 5272 6340 5273
f 5273 6340 4272
f 6432 5271 4232
f 4232 5271 4233
f 4294 6432 4295
f 4295 6432 4232
f 6432 4294 6433
f 6433 4294 4301
f 4301 4300 6433
f 6433 4300 4787
f 4704 4784 4300
f 4300 4784 4787
f 4704 3013 4784
f 4784 3013 1307
f 5103 6472 5104
f 5104 6472 5202
f 5108 5116 5105
f 5105 5116 5115
f 5111 5124 5112
f 5112 5124 5123
f 5154 5205 5105
f 5105 5205 5106
f 5167 5180 5168
f 5168 5180 5185
f 5175 5188 5176
f 5176 5188 5187
f 5112 5123 5178
f 5178 5123 5120
f 5167 5090 5183
f 5183 5090 5089
f 5210 5151 5183
f 5183 5151 5181
f 5216 5138 5217
f 5217 5138 5137
f 5218 5119 5219
f 5219 5119 5221
f 5218 5178 5119
f 5119 5178 5120
f 5217 5137 5104
f 5104 5137 5101
f 5116 5108 5221
f 5221 5108 5219
f 5111 5110 5210
f 5210 5110 5151
f 5154 5153 5103
f 5103 5153 6472
f 5216 5215 5176
f 5176 5215 5173
f 5175 5174 5168
f 5168 5174 5166
f 5091 5172 5092
f 5092 5172 5208
f 5117 5037 5118
f 5118 5037 5036
f 5121 5164 5122
f 5122 5164 5133
f 5125 5084 5126
f 5126 5084 5083
f 5129 5174 5130
f 5130 5174 5173
f 5131 5202 5132
f 5132 5202 6472
f 5135 5221 5122
f 5122 5221 5119
f 5125 5124 5136
f 5136 5124 5209
f 5126 5083 5121
f 5121 5083 5164
f 5118 5036 5195
f 5195 5036 5193
f 5131 5097 5203
f 5203 5097 5114
f 5132 6472 5195
f 5195 6472 5153
f 5136 5209 5092
f 5092 5209 5089
f 5135 5134 5117
f 5117 5134 5037
f 5362 5206 5130
f 5130 5206 5127
f 5372 5371 5128
f 5128 5371 5129
f 5371 5372 5091
f 5091 5372 5172
f 5362 5215 5203
f 5203 5215 5201
f 6463 6407 5353
f 5353 6407 5318
f 6464 6463 5352
f 5352 6463 5353
f 6408 6465 5288
f 5288 6465 5289
f 4196 4224 6426
f 6426 4224 6427
f 6430 6427 6428
f 6428 6427 4224
f 6466 6430 4382
f 4382 6430 6428
f 6410 6466 4217
f 4217 6466 4382
f 4240 4239 3015
f 3015 4239 3016
f 4254 4257 3017
f 3017 4257 3018
f 6473 6474 4732
f 4732 6474 6475
f 6474 6374 6475
f 6475 6374 6373
f 5246 6374 3022
f 3022 6374 3023
f 4254 6299 4255
f 4255 6299 6288
f 6473 6300 3024
f 3024 6300 3025
f 6476 4257 6312
f 6312 4257 4256
f 4240 6476 4241
f 4241 6476 6312
f 6477 4239 6391
f 6391 4239 4238
f 6467 6477 6457
f 6457 6477 6391
f 6411 3029 6467
f 6467 3029 3028
f 4216 3030 6411
f 6411 3030 3029
f 6479 6480 6478
f 6478 6480 6481
f 6483 6484 6482
f 6482 6484 6485
f 6486 6487 4102
f 4102 6487 6331
f 6483 6488 6478
f 6478 6488 6489
f 4429 4829 6490
f 6490 4829 6479
f 6491 6486 4101
f 4101 6486 4102
f 4895 6491 4899
f 4899 6491 4101
f 4160 6488 4157
f 4157 6488 6492
f 6489 4087 6490
f 6490 4087 4090
f 4267 4261 5013
f 5013 4261 4260
f 4258 4261 5328
f 5328 4261 4975
f 4261 4267 4975
f 4975 4267 4266
f 5367 3793 3912
f 3912 3793 3575
f 6494 3616 6493
f 6493 3616 3795
f 6496 3589 6495
f 6495 3589 3588
f 6495 3588 5368
f 5368 3588 3794
f 3841 3840 3050
f 3050 3840 3051
f 3912 3911 3052
f 3052 3911 3053
f 3929 3930 3054
f 3054 3930 3055
f 5370 3930 3916
f 3916 3930 3923
f 3938 5369 3807
f 3807 5369 3915
f 3589 6496 3806
f 3806 6496 3937
f 3938 3937 3056
f 3056 3937 3057
f 3051 3840 3058
f 3058 3840 3943
f 3730 4808 3727
f 3727 4808 3943
f 3820 3951 3795
f 3795 3951 6493
f 3951 3841 3059
f 3059 3841 3050
f 3911 3574 6494
f 6494 3574 3616
f 3823 3929 3824
f 3824 3929 3952
f 4061 4060 3060
f 3060 4060 3061
f 6497 6498 4901
f 4901 6498 4790
f 6333 6499 4738
f 4738 6499 4739
f 6500 6501 6314
f 6314 6501 4418
f 6502 6275 4417
f 4417 6275 4185
f 6503 6497 4783
f 4783 6497 4901
f 6498 4060 4790
f 4790 4060 4059
f 4808 4061 3069
f 3069 4061 3060
f 5367 3071 5368
f 5368 3071 3070
f 5369 3073 5370
f 5370 3073 3072
f 6274 6275 3074
f 3074 6275 3075
f 6499 6504 4739
f 4739 6504 6317
f 6333 6332 3077
f 3077 6332 3078
f 6334 6274 3079
f 3079 6274 3074
f 6332 4825 3078
f 3078 4825 3080
f 6334 6503 4188
f 4188 6503 4783
f 4825 4689 3080
f 3080 4689 1330
f 6506 4747 6505
f 6505 4747 4746
f 6505 6507 6506
f 6506 6507 6508
f 4297 6509 4920
f 4920 6509 6510
f 4296 6511 4297
f 4297 6511 6509
f 6506 6508 4319
f 4319 6508 6512
f 4372 4371 6514
f 6514 4371 6513
f 6511 4296 5251
f 5251 4296 4305
f 5251 5250 6511
f 6511 5250 6515
f 6516 6509 6515
f 6515 6509 6511
f 6517 6507 6519
f 6519 6507 6518
f 6512 6520 6513
f 6513 6520 6514
f 6507 6517 6508
f 6508 6517 6521
f 5249 6523 6522
f 6522 6523 6524
f 6525 6370 5253
f 5253 6370 6526
f 4370 4323 4371
f 4371 4323 4326
f 4370 3103 4323
f 4323 3103 1541
f 6521 6517 6527
f 6527 6517 6519
f 6520 6528 6514
f 6514 6528 6529
f 6531 6532 6530
f 6530 6532 6533
f 5250 6534 6515
f 6515 6534 6535
f 6530 6533 6536
f 6536 6533 6537
f 6526 6538 6534
f 6534 6538 6537
f 6515 6535 6516
f 6516 6535 6539
f 4325 4321 4326
f 4326 4321 4320
f 4371 4326 6513
f 6513 4326 4320
f 6531 4731 6541
f 6541 4731 6540
f 4731 4730 6540
f 6540 4730 6542
f 4730 3121 6542
f 6542 3121 3120
f 6530 4328 6531
f 6531 4328 4731
f 4328 6530 4329
f 4329 6530 6536
f 4329 6536 6524
f 6524 6536 6543
f 6544 6545 6522
f 6522 6545 5248
f 6389 6388 5245
f 5245 6388 6373
f 6388 6546 6373
f 6373 6546 6475
f 4733 6546 6295
f 6295 6546 4377
f 4732 6475 4733
f 4733 6475 6546
f 4393 4432 4394
f 4394 4432 4435
f 4434 4672 4842
f 4842 4672 4671
f 4440 4439 4441
f 4441 4439 4438
f 4436 4450 4437
f 4437 4450 4398
f 4447 4444 4448
f 4448 4444 4392
f 4446 4464 4433
f 4433 4464 6547
f 4454 4423 4455
f 4455 4423 4422
f 4452 4481 4453
f 4453 4481 4480
f 4458 4389 4459
f 4459 4389 4388
f 4456 4471 4457
f 4457 4471 4468
f 4391 4460 4392
f 4392 4460 4448
f 4461 4467 4445
f 4445 4467 4465
f 4437 4398 4629
f 4629 4398 4397
f 4438 4628 4441
f 4441 4628 4631
f 4841 4629 4839
f 4839 4629 4397
f 4628 4842 4631
f 4631 4842 4671
f 4930 4989 4452
f 4452 4989 4481
f 4929 4927 4436
f 4436 4927 4450
f 4933 4387 4934
f 4934 4387 4386
f 4931 4475 4932
f 4932 4475 4474
f 4936 4449 4933
f 4933 4449 4387
f 4935 4472 4456
f 4456 4472 4471
f 4389 4458 4391
f 4391 4458 4460
f 4457 4468 4461
f 4461 4468 4467
f 4934 4386 4454
f 4454 4386 4423
f 4453 4480 4931
f 4931 4480 4475
f 4575 4997 4576
f 4576 4997 4639
f 4579 4596 4580
f 4580 4596 4595
f 4583 4582 4572
f 4572 4582 4569
f 4587 4944 4588
f 4588 4944 4562
f 4588 4562 4590
f 4590 4562 4561
f 4576 4639 4642
f 4642 4639 4638
f 4642 4845 4641
f 4641 4845 4846
f 4845 4590 4846
f 4846 4590 4561
f 4941 4938 4595
f 4595 4938 4580
f 4938 4940 4668
f 4668 4940 4669
f 4583 4942 4584
f 4584 4942 4947
f 4582 4587 4569
f 4569 4587 4586
f 5000 5001 4579
f 4579 5001 4596
f 4558 4560 4585
f 4585 4560 4586
f 4565 4639 4566
f 4566 4639 4997
f 4568 4567 4577
f 4577 4567 4578
f 4570 4554 4571
f 4571 4554 4556
f 4640 4565 4637
f 4637 4565 4546
f 4662 4664 4665
f 4665 4664 4844
f 4662 4558 4589
f 4589 4558 4585
f 4554 4570 4557
f 4557 4570 4560
f 4571 4667 4572
f 4572 4667 4943
f 4551 4670 4552
f 4552 4670 4666
f 4640 4664 4638
f 4638 4664 4663
f 4670 4568 4668
f 4668 4568 4577
f 4999 4996 4566
f 4566 4996 4543
f 4608 4564 4603
f 4603 4564 4563
f 4573 4593 4574
f 4574 4593 4592
f 4597 4614 4598
f 4598 4614 4613
f 4601 4600 4584
f 4584 4600 4581
f 4563 4562 4604
f 4604 4562 4944
f 4643 4593 4641
f 4641 4593 4573
f 4643 4847 4644
f 4644 4847 4848
f 4564 4847 4561
f 4561 4847 4846
f 4945 4941 4598
f 4598 4941 4595
f 4941 4945 4939
f 4939 4945 4946
f 4601 4948 4602
f 4602 4948 4620
f 4600 4604 4581
f 4581 4604 4944
f 5002 5003 4597
f 4597 5003 4614
f 4988 4759 4953
f 4953 4759 4402
f 4706 6548 4707
f 4707 6548 6549
f 4311 4928 4419
f 4419 4928 6550
f 4921 4920 6551
f 6551 4920 6552
f 4925 6553 4926
f 4926 6553 6554
f 4928 4921 4802
f 4802 4921 6551
f 6555 4985 6550
f 6550 4985 4419
f 4952 6556 4953
f 4953 6556 4649
f 4971 6557 4706
f 4706 6557 6548
f 4988 4648 4925
f 4925 4648 6553
f 4707 6549 5006
f 5006 6549 4987
f 4920 6510 6552
f 6552 6510 6518
f 6558 6510 6516
f 6516 6510 6509
f 6559 6558 6539
f 6539 6558 6516
f 6531 6541 6532
f 6532 6541 6560
f 6540 6561 6541
f 6541 6561 6529
f 6542 6562 6540
f 6540 6562 6561
f 6542 3120 6562
f 6562 3120 3142
f 4366 6563 4760
f 4760 6563 4970
f 4815 6564 4816
f 4816 6564 6565
f 3147 3146 6565
f 6565 3146 4816
f 6564 6563 6565
f 6565 6563 6566
f 4837 4385 4357
f 4357 4385 4358
f 6565 6566 3147
f 3147 6566 3149
f 4694 1209 3150
f 5247 5249 5248
f 5248 5249 6522
f 6372 6390 6545
f 6545 6390 6389
f 6375 5254 6376
f 6376 5254 5258
f 6377 6525 6378
f 6378 6525 5255
f 5260 6379 5258
f 5258 6379 6376
f 6380 6567 6381
f 6381 6567 6568
f 6382 6569 6383
f 6383 6569 6570
f 6377 6371 6525
f 6525 6371 6370
f 6379 5260 6384
f 6384 5260 6571
f 6385 6572 6382
f 6382 6572 6569
f 6378 5255 6375
f 6375 5255 5254
f 6386 6573 6387
f 6387 6573 6574
f 6545 6389 5248
f 5248 6389 5245
f 4675 4750 4676
f 4676 4750 6286
f 4734 6289 4735
f 4735 6289 6288
f 4804 6290 4805
f 4805 6290 4963
f 4811 4807 4812
f 4812 4807 4411
f 4954 6292 4955
f 4955 6292 4959
f 4964 4962 4965
f 4965 4962 4751
f 6285 4821 4812
f 4812 4821 4809
f 4675 4287 4965
f 4965 4287 4210
f 6294 4145 4955
f 4955 4145 4154
f 4964 4120 4805
f 4805 4120 4119
f 6298 4966 4734
f 4734 4966 6289
f 6300 6473 4735
f 4735 6473 4732
f 6297 6296 4676
f 4676 6296 4288
f 6523 3160 4330
f 4330 3160 3159
f 5253 5252 6525
f 6525 5252 5255
f 5256 5252 4305
f 4305 5252 5251
f 4304 5257 4305
f 4305 5257 5256
f 4424 5259 4304
f 4304 5259 5257
f 5261 6571 5259
f 5259 6571 5260
f 5262 6573 5261
f 5261 6573 6571
f 5264 6567 5265
f 5265 6567 6574
f 5266 6572 5267
f 5267 6572 6568
f 5268 6570 5269
f 5269 6570 6569
f 1807 3161 5268
f 5268 3161 6570
f 6524 6523 4329
f 4329 6523 4330
f 5253 6526 5250
f 5250 6526 6534
f 6543 6538 6544
f 6544 6538 6369
f 6524 6543 6522
f 6522 6543 6544
f 3071 5367 3052
f 3052 5367 3912
f 6493 3163 6494
f 6494 3163 3162
f 3164 445 3771
f 3771 445 3761
f 461 3165 3919
f 3919 3165 3920
f 330 410 3839
f 3839 410 3910
f 332 331 3552
f 3552 331 3551
f 464 304 3918
f 3918 304 3816
f 385 458 3766
f 3766 458 3894
f 412 415 3762
f 3762 415 3763
f 3166 337 3748
f 3748 337 3745
f 3072 3055 5370
f 5370 3055 3930
f 3073 5369 3056
f 3056 5369 3938
f 3167 3057 6496
f 6496 3057 3937
f 3069 3058 4808
f 4808 3058 3943
f 411 3166 3851
f 3851 3166 3748
f 3059 3163 3951
f 3951 3163 6493
f 336 3164 3772
f 3772 3164 3771
f 3053 3911 3162
f 3162 3911 6494
f 3054 3168 3929
f 3929 3168 3952
f 3165 830 3920
f 3920 830 3945
f 3170 3169 6497
f 6497 3169 6498
f 3171 1354 5005
f 5005 1354 4830
f 3172 3170 6503
f 6503 3170 6497
f 3169 3061 6498
f 6498 3061 4060
f 3173 3171 5006
f 5006 3171 5005
f 3079 3172 6334
f 6334 3172 6503
f 3174 3025 6299
f 6299 3025 6300
f 6576 6577 6575
f 6575 6577 6578
f 4612 4611 6579
f 6579 4611 6580
f 6582 6583 6581
f 6581 6583 6584
f 6584 6585 4618
f 4618 6585 4621
f 6586 6587 6589
f 6589 6587 6588
f 6588 6587 6590
f 6590 6587 6591
f 6592 4606 6590
f 6590 4606 4623
f 6594 6576 6593
f 6593 6576 6575
f 6595 6582 6579
f 6579 6582 6581
f 6580 6597 6596
f 6596 6597 6598
f 6577 6576 6599
f 6599 6576 6600
f 6595 6596 6601
f 6601 6596 6602
f 6583 6582 6603
f 6603 6582 6604
f 6586 6606 6605
f 6605 6606 6607
f 6587 6586 6608
f 6608 6586 6605
f 6587 6608 6591
f 6591 6608 6609
f 6576 6594 6600
f 6600 6594 6610
f 6582 6595 6604
f 6604 6595 6601
f 6599 6611 6577
f 6577 6611 6598
f 6613 6614 6612
f 6612 6614 6615
f 6617 6618 6616
f 6616 6618 6619
f 6621 6622 6620
f 6620 6622 6623
f 6625 6626 6624
f 6624 6626 6627
f 6629 6630 6628
f 6628 6630 6631
f 6633 6634 6632
f 6632 6634 6635
f 6637 6638 6636
f 6636 6638 6639
f 6640 6641 6637
f 6637 6641 6638
f 6643 6633 6642
f 6642 6633 6632
f 6645 6646 6644
f 6644 6646 6647
f 6646 6648 6647
f 6647 6648 6649
f 6651 6652 6650
f 6650 6652 6653
f 6653 6652 6654
f 6654 6652 6655
f 6656 6657 6659
f 6659 6657 6658
f 6661 6662 6660
f 6660 6662 6663
f 6662 6661 6664
f 6664 6661 6665
f 6667 6657 6666
f 6666 6657 6656
f 6669 6670 6668
f 6668 6670 6671
f 6672 6673 6670
f 6670 6673 6671
f 6674 6675 6677
f 6677 6675 6676
f 6675 6678 6676
f 6676 6678 6679
f 6681 6682 6680
f 6680 6682 6683
f 6684 6685 6683
f 6683 6685 6680
f 6687 6688 6686
f 6686 6688 6689
f 6687 6690 6688
f 6688 6690 6691
f 6619 6618 6633
f 6633 6618 6634
f 6632 6635 6693
f 6693 6635 6692
f 6617 6694 6636
f 6636 6694 6637
f 6695 6692 6639
f 6639 6692 6635
f 6637 6694 6640
f 6640 6694 6696
f 6698 6638 6697
f 6697 6638 6641
f 6643 6616 6633
f 6633 6616 6619
f 6642 6699 6641
f 6641 6699 6697
f 6646 6645 6700
f 6700 6645 6621
f 6644 6701 6654
f 6654 6701 6702
f 6700 6703 6646
f 6646 6703 6648
f 6693 6704 6649
f 6649 6704 6647
f 6620 6623 6651
f 6651 6623 6652
f 6693 6649 6699
f 6699 6649 6650
f 6652 6623 6655
f 6655 6623 6622
f 6654 6702 6653
f 6653 6702 6697
f 6615 6614 6657
f 6657 6614 6658
f 6705 6656 6704
f 6704 6656 6659
f 6613 6706 6660
f 6660 6706 6661
f 6704 6659 6701
f 6701 6659 6663
f 6661 6706 6665
f 6665 6706 6707
f 6708 6702 6664
f 6664 6702 6662
f 6612 6615 6667
f 6667 6615 6657
f 6666 6709 6664
f 6664 6709 6708
f 6629 6710 6669
f 6669 6710 6670
f 6668 6711 6679
f 6679 6711 6712
f 6713 6672 6710
f 6710 6672 6670
f 6714 6671 6705
f 6705 6671 6673
f 6628 6631 6674
f 6674 6631 6675
f 6705 6673 6709
f 6709 6673 6677
f 6631 6630 6675
f 6675 6630 6678
f 6712 6708 6679
f 6679 6708 6676
f 6625 6715 6682
f 6682 6715 6683
f 6716 6717 6681
f 6681 6717 6691
f 6718 6684 6715
f 6715 6684 6683
f 6719 6680 6714
f 6714 6680 6685
f 6624 6627 6686
f 6686 6627 6687
f 6689 6711 6685
f 6685 6711 6714
f 6627 6626 6687
f 6687 6626 6690
f 6717 6712 6691
f 6691 6712 6688
f 6612 6707 6613
f 6613 6707 6706
f 6616 6696 6617
f 6617 6696 6694
f 6703 6700 6620
f 6620 6700 6621
f 6715 6625 6718
f 6718 6625 6624
f 6710 6629 6713
f 6713 6629 6628
f 6639 6635 6636
f 6636 6635 6634
f 6641 6640 6642
f 6642 6640 6643
f 6654 6655 6644
f 6644 6655 6645
f 6651 6650 6648
f 6648 6650 6649
f 6659 6658 6663
f 6663 6658 6660
f 6665 6667 6664
f 6664 6667 6666
f 6678 6669 6679
f 6679 6669 6668
f 6673 6672 6677
f 6677 6672 6674
f 6690 6682 6691
f 6691 6682 6681
f 6685 6684 6689
f 6689 6684 6686
f 6636 6634 6617
f 6617 6634 6618
f 6638 6698 6639
f 6639 6698 6695
f 6640 6696 6643
f 6643 6696 6616
f 6693 6699 6632
f 6632 6699 6642
f 6655 6622 6645
f 6645 6622 6621
f 6704 6701 6647
f 6647 6701 6644
f 6651 6648 6620
f 6620 6648 6703
f 6650 6653 6699
f 6699 6653 6697
f 6613 6660 6614
f 6614 6660 6658
f 6663 6662 6701
f 6701 6662 6702
f 6665 6707 6667
f 6667 6707 6612
f 6705 6709 6656
f 6656 6709 6666
f 6630 6629 6678
f 6678 6629 6669
f 6714 6711 6671
f 6671 6711 6668
f 6672 6713 6674
f 6674 6713 6628
f 6677 6676 6709
f 6709 6676 6708
f 6626 6625 6690
f 6690 6625 6682
f 6680 6719 6681
f 6681 6719 6716
f 6684 6718 6686
f 6686 6718 6624
f 6711 6689 6712
f 6689 6688 6712
f 6593 6720 6594
f 6594 6720 6721
f 6722 6720 4607
f 4607 6720 4849
f 6592 6723 6722
f 6722 6723 6724
f 4610 4609 6578
f 6578 4609 6575
f 6596 6595 6580
f 6580 6595 6579
f 4618 4617 6584
f 6584 4617 6581
f 6589 6585 6586
f 6586 6585 6606
f 4622 4619 6588
f 6588 4619 6589
f 4622 6588 4623
f 4623 6588 6590
f 4609 4645 6575
f 6575 4645 6593
f 4617 4612 6581
f 6581 4612 6579
f 5004 4610 6597
f 6597 4610 6578
f 4645 4849 6593
f 6593 4849 6720
f 6724 6721 6722
f 6722 6721 6720
f 6722 4607 6592
f 6592 4607 4606
f 6725 6610 6721
f 6721 6610 6594
f 6723 6726 6724
f 6724 6726 6727
f 6727 6725 6724
f 6724 6725 6721
f 6728 6729 6605
f 6605 6729 6608
f 6605 6607 6728
f 6728 6607 6730
f 6731 6732 6604
f 6604 6732 6603
f 6733 6734 6725
f 6725 6734 6610
f 6735 6733 6727
f 6727 6733 6725
f 6735 6727 6736
f 6736 6727 6726
f 6591 6609 6723
f 6723 6609 6726
f 6723 6592 6591
f 6591 6592 6590
f 6738 6739 6737
f 6737 6739 6740
f 6740 6739 6742
f 6742 6739 6741
f 6743 6744 6741
f 6741 6744 6742
f 6745 6746 6743
f 6743 6746 6744
f 6747 6748 6745
f 6745 6748 6746
f 6749 6750 6747
f 6747 6750 6748
f 6752 6738 6751
f 6751 6738 6737
f 6754 6752 6753
f 6753 6752 6751
f 6756 6754 6755
f 6755 6754 6753
f 6758 6750 6757
f 6757 6750 6749
f 6760 6756 6759
f 6759 6756 6755
f 6762 6760 6761
f 6761 6760 6759
f 6764 6762 6763
f 6763 6762 6761
f 6757 6764 6758
f 6758 6764 6763
f 6766 6741 6765
f 6765 6741 6739
f 6767 6743 6766
f 6766 6743 6741
f 6768 6745 6767
f 6767 6745 6743
f 6769 6747 6768
f 6768 6747 6745
f 6770 6749 6769
f 6769 6749 6747
f 6772 6769 6771
f 6771 6769 6768
f 6773 6770 6772
f 6772 6770 6769
f 6774 6775 6772
f 6772 6775 6773
f 6777 6778 6776
f 6776 6778 6779
f 6775 6774 6778
f 6778 6774 6779
f 6771 6780 6772
f 6772 6780 6774
f 6780 6781 6774
f 6774 6781 6779
f 6781 6782 6779
f 6779 6782 6776
f 6784 6785 6783
f 6783 6785 6786
f 6786 6787 6783
f 6783 6787 6788
f 6790 6788 6789
f 6789 6788 6787
f 6786 6785 6791
f 6791 6785 6792
f 6791 6793 6786
f 6786 6793 6787
f 6793 6794 6787
f 6787 6794 6789
f 6795 6796 6794
f 6794 6796 6789
f 6790 6789 6797
f 6797 6789 6796
f 6798 6765 6738
f 6738 6765 6739
f 6799 6798 6752
f 6752 6798 6738
f 6767 6800 6768
f 6768 6800 6771
f 6766 6801 6767
f 6767 6801 6800
f 6802 6801 6765
f 6765 6801 6766
f 6798 6803 6765
f 6765 6803 6802
f 6804 6803 6799
f 6799 6803 6798
f 6805 6806 6804
f 6804 6806 6803
f 6807 6799 6754
f 6754 6799 6752
f 6808 6804 6807
f 6807 6804 6799
f 6809 6805 6808
f 6808 6805 6804
f 6810 6811 6805
f 6805 6811 6806
f 6812 6813 6810
f 6810 6813 6811
f 6814 6815 6796
f 6796 6815 6797
f 6813 6814 6816
f 6816 6814 6817
f 6816 6818 6813
f 6813 6818 6811
f 6819 6806 6818
f 6818 6806 6811
f 6802 6803 6819
f 6819 6803 6806
f 6757 6749 6820
f 6820 6749 6770
f 6820 6770 6821
f 6821 6770 6773
f 6821 6773 6822
f 6822 6773 6775
f 6822 6775 6823
f 6823 6775 6778
f 6824 6823 6777
f 6777 6823 6778
f 6784 6825 6777
f 6777 6825 6824
f 6826 6827 6788
f 6788 6827 6783
f 6828 6826 6790
f 6790 6826 6788
f 6829 6828 6797
f 6797 6828 6790
f 6815 6830 6797
f 6797 6830 6829
f 6832 6812 6831
f 6831 6812 6810
f 6831 6810 6809
f 6809 6810 6805
f 6736 6800 6735
f 6735 6800 6801
f 6733 6735 6802
f 6802 6735 6801
f 6734 6733 6819
f 6819 6733 6802
f 6833 6734 6818
f 6818 6734 6819
f 6834 6833 6816
f 6816 6833 6818
f 6816 6817 6834
f 6834 6817 6835
f 6837 6795 6836
f 6836 6795 6794
f 6836 6794 6731
f 6731 6794 6793
f 6732 6731 6791
f 6791 6731 6793
f 6791 6792 6732
f 6732 6792 6730
f 6729 6728 6781
f 6781 6728 6782
f 6838 6807 6756
f 6756 6807 6754
f 6839 6838 6760
f 6760 6838 6756
f 6840 6839 6762
f 6762 6839 6760
f 6841 6840 6764
f 6764 6840 6762
f 6820 6841 6757
f 6757 6841 6764
f 6841 6820 6842
f 6842 6820 6821
f 6840 6841 6843
f 6843 6841 6842
f 6839 6840 6844
f 6844 6840 6843
f 6838 6839 6845
f 6845 6839 6844
f 6807 6838 6808
f 6808 6838 6845
f 6842 6821 6846
f 6846 6821 6822
f 6843 6842 6847
f 6847 6842 6846
f 6844 6843 6848
f 6848 6843 6847
f 6845 6844 6849
f 6849 6844 6848
f 6808 6845 6809
f 6809 6845 6849
f 6850 6831 6849
f 6849 6831 6809
f 6851 6850 6848
f 6848 6850 6849
f 6847 6852 6848
f 6848 6852 6851
f 6853 6852 6846
f 6846 6852 6847
f 6846 6822 6853
f 6853 6822 6823
f 6853 6823 6854
f 6854 6823 6824
f 6854 6855 6853
f 6853 6855 6852
f 6856 6851 6855
f 6855 6851 6852
f 6856 6857 6851
f 6851 6857 6850
f 6857 6832 6850
f 6850 6832 6831
f 6825 6858 6824
f 6824 6858 6854
f 6860 6827 6859
f 6859 6827 6826
f 6859 6826 6861
f 6861 6826 6828
f 6862 6861 6829
f 6829 6861 6828
f 6830 6863 6829
f 6829 6863 6862
f 6863 6864 6862
f 6862 6864 6865
f 6858 6866 6854
f 6854 6866 6855
f 6867 6865 6866
f 6866 6865 6864
f 6869 6859 6868
f 6868 6859 6861
f 6867 6869 6865
f 6865 6869 6868
f 6861 6862 6868
f 6868 6862 6865
f 6867 6860 6869
f 6869 6860 6859
f 6753 6751 6698
f 6698 6751 6695
f 6697 6755 6698
f 6698 6755 6753
f 6759 6755 6702
f 6702 6755 6697
f 6761 6759 6708
f 6708 6759 6702
f 6763 6761 6712
f 6712 6761 6708
f 6758 6763 6717
f 6717 6763 6712
f 6750 6758 6716
f 6716 6758 6717
f 6719 6748 6716
f 6716 6748 6750
f 6714 6746 6719
f 6719 6746 6748
f 6705 6744 6714
f 6714 6744 6746
f 6704 6742 6705
f 6705 6742 6744
f 6740 6742 6693
f 6693 6742 6704
f 6737 6740 6692
f 6692 6740 6693
f 6751 6737 6695
f 6695 6737 6692
f 6601 6602 6836
f 6836 6602 6837
f 6604 6601 6731
f 6731 6601 6836
f 6599 6600 6834
f 6834 6600 6833
f 6834 6835 6599
f 6599 6835 6611
f 6600 6610 6833
f 6833 6610 6734
f 6780 6771 6870
f 6870 6771 6736
f 6736 6771 6800
f 6870 6729 6780
f 6780 6729 6781
f 6608 6729 6609
f 6609 6729 6870
f 6609 6870 6726
f 6726 6870 6736
f 5014 5015 5229
f 5229 5015 5230
f 4258 5015 4259
f 4259 5015 4878
f 3471 3013 4703
f 4703 3013 4704
f 2879 6337 1306
f 1306 6337 4785
f 829 3471 4316
f 4316 3471 4703
f 4702 3472 5223
f 5223 3472 1756
f 6871 6872 4534
f 4534 6872 4535
f 6871 4665 6872
f 6872 4665 4844
f 6871 6873 4665
f 4665 6873 4559
f 6871 4534 6873
f 6873 4534 4542
f 4153 4152 4822
f 4822 4152 4407
f 4152 4168 4407
f 4407 4168 4342
f 4343 4168 4923
f 4923 4168 4167
f 4363 4362 4972
f 4972 4362 4840
f 4362 4394 4840
f 4840 4394 4839
f 4401 4400 4986
f 4986 4400 4984
f 4435 4434 4841
f 4841 4434 4842
f 4506 4505 4530
f 4530 4505 4531
f 4506 4535 4507
f 4507 4535 4843
f 4661 4660 4516
f 4516 4660 4517
f 4673 4672 4937
f 4937 4672 6547
f 4400 4924 4984
f 4984 4924 5263
f 4673 4660 4674
f 4674 4660 4659
f 4505 4661 4531
f 4531 4661 4516
f 4952 4401 6874
f 6874 4401 4986
f 4954 4153 6875
f 6875 4153 4822
f 4363 4973 4364
f 4364 4973 4974
f 5264 4924 5267
f 5267 4924 4691
f 6293 6292 6876
f 6876 6292 6877
f 6380 4343 6387
f 6387 4343 4923
f 4394 4435 4839
f 4839 4435 4841
f 4672 4434 6547
f 6547 4434 4433
f 4973 6556 4974
f 4974 6556 6878
f 6567 6380 6574
f 6574 6380 6387
f 6292 4954 6877
f 6877 4954 6875
f 6567 5264 6568
f 6568 5264 5267
f 4145 4144 4154
f 4154 4144 4151
f 4194 4144 4425
f 4425 4144 4143
f 4355 4354 5263
f 5263 4354 4984
f 4360 4359 4364
f 4364 4359 4361
f 4444 4359 4392
f 4392 4359 4337
f 4447 4446 4432
f 4432 4446 4433
f 4464 4463 6547
f 6547 4463 4937
f 4519 4518 4654
f 4654 4518 4509
f 4533 4532 4499
f 4499 4532 4498
f 4533 4542 4530
f 4530 4542 4534
f 4519 4532 4516
f 4516 4532 4531
f 4922 4194 4426
f 4426 4194 4425
f 4463 4518 4937
f 4937 4518 4517
f 6555 4951 6874
f 6874 4951 6878
f 4958 4957 6290
f 6290 4957 6291
f 4334 4360 4712
f 4712 4360 4950
f 4985 4354 4419
f 4419 4354 4353
f 5262 4355 5265
f 5265 4355 5263
f 6294 4958 4804
f 4804 4958 6290
f 6386 4922 6384
f 6384 4922 4426
f 4444 4447 4393
f 4393 4447 4432
f 4464 4446 4465
f 4465 4446 4445
f 4985 6555 4986
f 4986 6555 6874
f 6573 6386 6571
f 6571 6386 6384
f 4145 6294 4146
f 4146 6294 4804
f 6573 5262 6574
f 6574 5262 5265
f 4542 4541 6873
f 6873 4541 4559
f 4535 6872 4843
f 4843 6872 4844
f 4104 4103 6879
f 6879 4103 6343
f 4105 6293 6307
f 6307 6293 6876
f 4104 4956 4105
f 4105 4956 6293
f 4956 4104 4957
f 4957 4104 6879
f 4957 6879 6291
f 6291 6879 6309
f 4648 4988 4649
f 4649 4988 4953
f 4802 4803 4928
f 4928 4803 6550
f 6550 4803 6555
f 6555 4803 4951
f 1516 3173 4987
f 4987 3173 5006
f 6519 6518 6558
f 6558 6518 6510
f 6527 6519 6559
f 6559 6519 6558
f 6528 6560 6529
f 6529 6560 6541
f 6548 4625 6549
f 6549 4625 4624
f 6551 6552 4746
f 4746 6552 6505
f 6553 4711 6554
f 6554 4711 4710
f 4802 6551 4713
f 4713 6551 4746
f 6556 4973 4649
f 4649 4973 4646
f 6557 4949 6548
f 6548 4949 4625
f 4648 4647 6553
f 6553 4647 4711
f 6549 4624 4987
f 4987 4624 4838
f 6552 6518 6505
f 6505 6518 6507
f 6561 4372 6529
f 6529 4372 6514
f 6562 4369 6561
f 6561 4369 4372
f 3142 3482 6562
f 6562 3482 4369
f 6556 4952 6878
f 6878 4952 6874
f 4951 4950 6878
f 6878 4950 4974
f 3168 440 3952
f 4204 4203 5341
f 5341 4203 6364
f 4219 4222 6429
f 6429 4222 4383
f 4319 4322 6506
f 6506 4322 4747
f 4340 4714 4341
f 4341 4714 4384
f 4375 4377 6388
f 6388 4377 6546
f 4378 4381 6311
f 6311 4381 4720
f 4449 4341 4387
f 4387 4341 4384
f 4473 4472 4477
f 4477 4472 4474
f 4492 4491 4487
f 4487 4491 4488
f 4523 4491 4522
f 4522 4491 4490
f 4492 4538 4493
f 4493 4538 4555
f 4538 4553 4555
f 4555 4553 4556
f 4620 4615 4621
f 4621 4615 4618
f 4652 4651 4368
f 4368 4651 4365
f 4523 4655 4524
f 4524 4655 4656
f 4553 4667 4556
f 4556 4667 4571
f 4651 1210 4365
f 4365 1210 1209
f 4698 4697 5223
f 5223 4697 6344
f 4340 4339 4322
f 4322 4339 4747
f 4726 4729 5287
f 5287 4729 4198
f 4381 4380 4737
f 4737 4380 6368
f 4836 4835 4451
f 4451 4835 4709
f 4910 6367 4911
f 4911 6367 6366
f 4912 4915 6450
f 6450 4915 6449
f 4927 4836 4450
f 4450 4836 4451
f 4930 4929 4439
f 4439 4929 4436
f 4936 4935 4459
f 4459 4935 4456
f 4473 4655 4470
f 4470 4655 4510
f 4942 4583 4943
f 4943 4583 4572
f 4948 4601 4947
f 4947 4601 4584
f 4949 4835 4625
f 4625 4835 4626
f 4966 4969 6289
f 6289 4969 4695
f 4971 4652 4926
f 4926 4652 4368
f 4203 4977 6364
f 6364 4977 6365
f 4990 4989 4443
f 4443 4989 4440
f 4990 4991 4478
f 4478 4991 4512
f 4992 4991 4528
f 4528 4991 4515
f 4992 4993 4527
f 4527 4993 4485
f 4994 4993 4502
f 4502 4993 4503
f 4994 4995 4482
f 4482 4995 4550
f 4543 4996 4544
f 4544 4996 4995
f 4999 4998 4567
f 4567 4998 4578
f 5000 4998 4575
f 4575 4998 4997
f 5002 5001 4592
f 4592 5001 4574
f 5003 5004 4614
f 4614 5004 4611
f 3483 4215 1755
f 1755 4215 4698
f 5274 5277 4195
f 4195 5277 4223
f 4726 5295 4727
f 4727 5295 6350
f 5309 5342 5310
f 5310 5342 6363
f 5315 5314 5316
f 5316 5314 5317
f 5339 6362 5340
f 5340 6362 5363
f 5310 6363 5339
f 5339 6363 6362
f 4204 5309 4201
f 4201 5309 5308
f 4915 5345 6449
f 6449 5345 6448
f 5345 5315 6448
f 6448 5315 5316
f 5348 5347 6351
f 6351 5347 6352
f 5365 4263 5340
f 5340 4263 4262
f 6295 6298 4733
f 4733 6298 4734
f 4969 6306 4695
f 4695 6306 4696
f 6306 4378 4696
f 4696 4378 6311
f 6369 6372 6544
f 6544 6372 6545
f 4375 6390 4373
f 4373 6390 4374
f 6421 6422 4911
f 4911 6422 4908
f 4910 4909 4737
f 4737 4909 4736
f 5277 4219 4223
f 4223 4219 6429
f 4697 4222 6344
f 6344 4222 4221
f 6436 6361 6437
f 6437 6361 6360
f 6438 6440 6437
f 6437 6440 6434
f 6438 6359 6441
f 6441 6359 6358
f 6442 6441 6357
f 6357 6441 6358
f 6442 6444 6443
f 6443 6444 6445
f 6446 6444 6355
f 6355 6444 6356
f 6446 4912 6447
f 6447 4912 6450
f 6436 6435 5365
f 5365 6435 4263
f 5314 5347 5317
f 5317 5347 5346
f 4319 6512 4320
f 4320 6512 6513
f 6520 6512 6521
f 6521 6512 6508
f 6528 6520 6527
f 6527 6520 6521
f 6532 6539 6533
f 6533 6539 6535
f 6533 6535 6537
f 6537 6535 6534
f 6538 6543 6537
f 6537 6543 6536
f 6295 4377 6296
f 6296 4377 4376
f 4989 4930 4440
f 4440 4930 4439
f 4927 4929 4422
f 4422 4929 4455
f 4449 4936 4388
f 4388 4936 4459
f 4472 4935 4474
f 4474 4935 4932
f 4942 4940 4947
f 4947 4940 4939
f 5001 5000 4574
f 4574 5000 4575
f 4669 4943 4666
f 4666 4943 4667
f 4996 4999 4547
f 4547 4999 4567
f 4948 4946 4620
f 4620 4946 4615
f 5003 5002 4591
f 4591 5002 4592
f 6557 4971 6554
f 6554 4971 4926
f 6532 6560 6539
f 6539 6560 6559
f 6390 6372 4374
f 4374 6372 6371
f 4966 6298 4967
f 4967 6298 6297
f 6538 6526 6369
f 6369 6526 6370
f 6585 6589 4621
f 4621 6589 4619
f 6597 6578 6598
f 6598 6578 6577
f 6606 6583 6607
f 6607 6583 6603
f 6611 6602 6598
f 6598 6602 6596
f 6585 6584 6606
f 6606 6584 6583
f 6597 6580 5004
f 5004 6580 4611
f 6607 6603 6730
f 6730 6603 6732
f 6776 6785 6777
f 6777 6785 6784
f 6785 6776 6792
f 6792 6776 6782
f 6815 6814 6812
f 6812 6814 6813
f 6817 6814 6795
f 6795 6814 6796
f 6825 6784 6827
f 6827 6784 6783
f 6830 6815 6832
f 6832 6815 6812
f 6817 6795 6835
f 6835 6795 6837
f 6792 6782 6730
f 6730 6782 6728
f 6858 6825 6860
f 6860 6825 6827
f 6863 6830 6857
f 6857 6830 6832
f 6864 6863 6856
f 6856 6863 6857
f 6866 6858 6867
f 6867 6858 6860
f 6866 6864 6855
f 6855 6864 6856
f 6835 6837 6611
f 6611 6837 6602
f 6560 6528 6559
f 6559 6528 6527
f 4949 6557 4710
f 4710 6557 6554
f 4430 4090 4175
f 4175 4090 4089
f 4777 4113 4155
f 4155 4113 4086
f 4175 4089 4176
f 4176 4089 4142
f 4199 4271 4200
f 4200 4271 4798
f 4199 4095 4272
f 4272 4095 5273
f 4406 4405 4404
f 4404 4405 4346
f 4410 4409 6877
f 6877 4409 6876
f 4409 4413 6876
f 6876 4413 6307
f 4415 4148 4416
f 4416 4148 4147
f 4690 4405 4344
f 4344 4405 4342
f 4693 4692 4352
f 4352 4692 4349
f 4701 4700 6337
f 6337 4700 6338
f 4778 4777 4081
f 4081 4777 4155
f 4821 4406 4809
f 4809 4406 4404
f 4176 4142 4181
f 4181 4142 4415
f 4760 4970 4399
f 4399 4970 4692
f 4200 5007 4096
f 4096 5007 4078
f 5266 4693 5269
f 5269 4693 4352
f 5270 5007 5361
f 5361 5007 4797
f 4778 5270 4779
f 4779 5270 5361
f 6285 4410 6875
f 6875 4410 6877
f 6308 4413 4687
f 4687 4413 4412
f 6480 6320 6481
f 6481 6320 6880
f 4701 2878 4702
f 4702 2878 3472
f 6339 6347 6340
f 6340 6347 6348
f 6341 6342 6346
f 6346 6342 6345
f 4416 6308 4414
f 4414 6308 4687
f 6385 4690 6381
f 6381 4690 4344
f 5282 6341 5280
f 5280 6341 6339
f 4700 6342 6338
f 6338 6342 5281
f 6340 6348 4272
f 4272 6348 4270
f 6480 6479 4828
f 4828 6479 4829
f 6490 6479 6489
f 6489 6479 6478
f 4090 4430 6490
f 6490 4430 4429
f 6563 6564 4970
f 4970 6564 4815
f 4694 6566 4366
f 4366 6566 6563
f 6572 6385 6568
f 6568 6385 6381
f 4821 6285 4822
f 4822 6285 6875
f 6572 5266 6569
f 6569 5266 5269
f 3482 3103 4369
f 4369 3103 4370
f 3121 4730 3485
f 3485 4730 4327
f 6277 6280 6273
f 6273 6280 6272
f 6267 6276 6278
f 6278 6276 6279
f 6278 6279 6277
f 6277 6279 6280
f 6279 6256 6280
f 6280 6256 6255
f 6256 3857 6255
f 6255 3857 3754
f 3857 3856 3754
f 3754 3856 3755
f 3856 3703 3755
f 3755 3703 3863
f 3703 3702 3863
f 3863 3702 3759
f 3702 3706 3759
f 3759 3706 3670
f 3706 3705 3670
f 3670 3705 3668
f 3705 3773 3668
f 3668 3773 3882
f 3882 3773 3883
f 3883 3773 3707
f 3707 3708 3883
f 3883 3708 3880
f 3708 3710 3880
f 3880 3710 3881
f 3709 5241 3710
f 3710 5241 3881
f 5241 3709 5234
f 5234 3709 3786
f 3693 3712 3786
f 3786 3712 5234
f 4051 4055 4052
f 4052 4055 4056
f 4056 4055 4057
f 4057 4055 4054
f 4066 5238 5236
f 5236 5238 3989
f 4066 4069 5238
f 5238 4069 4035
f 6881 3962 3960
f 3960 3962 3957
f 6883 4070 6882
f 6882 4070 3941
f 4070 6883 4071
f 4071 6883 6884
f 4071 6884 4072
f 4072 6884 6885
f 6885 6886 4072
f 4072 6886 4031
f 3955 6881 3956
f 3956 6881 3960
f 6884 3991 6885
f 6885 3991 3990
f 6883 6887 6884
f 6884 6887 3991
f 6887 6888 3991
f 3991 6888 3992
f 6888 6887 6889
f 6889 6887 6890
f 6887 6883 6890
f 6890 6883 6882
f 4058 5240 3953
f 3953 5240 3954
f 5236 6888 5239
f 5239 6888 6889
f 5237 6886 3990
f 3990 6886 6885
f 4034 4031 5237
f 5237 4031 6886
f 6881 6882 3962
f 3962 6882 3941
f 6881 3955 6882
f 6882 3955 6890
f 3955 3954 6890
f 6890 3954 6889
f 5239 6889 5240
f 5240 6889 3954
f 6888 5236 3992
f 3992 5236 3989
f 3869 3868 3888
f 3888 3868 4015
f 3868 4012 4015
f 4015 4012 4010
f 4012 4022 4010
f 4010 4022 4009
f 4022 4021 4009
f 4009 4021 4018
f 4020 3974 4001
f 4001 3974 3996
f 4021 4020 4029
f 4029 4020 4001
f 4085 4156 4086
f 4086 4156 4155
f 4113 4777 4114
f 4114 4777 4776
f 4130 4129 4094
f 4094 4129 4091
f 4139 4773 4140
f 4140 4773 4772
f 4149 4178 4150
f 4150 4178 5225
f 4160 4159 4087
f 4087 4159 4088
f 4149 4148 4179
f 4179 4148 4141
f 4085 4084 4183
f 4183 4084 6315
f 4179 4141 4159
f 4159 4141 4088
f 4192 4130 4162
f 4162 4130 4094
f 4197 5288 4198
f 4198 5288 5287
f 4229 4766 4230
f 4230 4766 4771
f 4245 4246 4242
f 4242 4246 4249
f 4183 6315 4418
f 4418 6315 6314
f 4679 4178 4680
f 4680 4178 4177
f 4724 4798 4725
f 4725 4798 4271
f 4728 5275 4729
f 4729 5275 5274
f 4230 4771 4249
f 4249 4771 4242
f 4724 4723 4799
f 4799 4723 5355
f 4823 4824 4891
f 4891 4824 6327
f 4823 4192 4161
f 4161 4192 4162
f 4893 4767 4229
f 4229 4767 4766
f 4894 4895 4898
f 4898 4895 4899
f 4106 4150 4103
f 4103 4150 5225
f 4680 4894 4677
f 4677 4894 4898
f 6420 4977 5301
f 5301 4977 4976
f 4679 4678 5226
f 5226 4678 4427
f 5228 5008 4893
f 4893 5008 4767
f 5285 6354 5286
f 5286 6354 5343
f 5289 5352 5290
f 5290 5352 5349
f 5290 5349 5295
f 5295 5349 5348
f 5302 5299 4202
f 4202 5299 4976
f 4725 4271 5311
f 5311 4271 4270
f 5325 4723 5326
f 5326 4723 4722
f 5335 5355 5325
f 5325 5355 4723
f 5326 4722 5286
f 5286 4722 5283
f 4799 5357 4797
f 4797 5357 5361
f 5359 5356 5335
f 5335 5356 5355
f 4775 4774 5356
f 5356 4774 5357
f 5359 5358 4092
f 4092 5358 4093
f 6316 4740 6317
f 6317 4740 4739
f 6318 4827 6316
f 6316 4827 4740
f 6319 4828 6318
f 6318 4828 4827
f 6320 6480 6319
f 6319 6480 4828
f 6484 6322 6485
f 6485 6322 6321
f 6487 6324 6331
f 6331 6324 6323
f 6331 6323 6330
f 6330 6323 6325
f 6325 6326 6330
f 6330 6326 6329
f 6326 6328 6329
f 6329 6328 5231
f 4824 4685 5228
f 5228 4685 5008
f 5226 6343 5225
f 5225 6343 4103
f 4728 4727 6349
f 6349 4727 5284
f 6350 6351 5285
f 5285 6351 6354
f 4247 4246 6418
f 6418 4246 6365
f 6400 6402 6401
f 6401 6402 6459
f 4197 4196 6409
f 6409 4196 6426
f 6412 4897 6328
f 6328 4897 5231
f 6413 4133 6412
f 6412 4133 4897
f 6414 4134 6413
f 6413 4134 4133
f 6415 4225 6414
f 6414 4225 4134
f 6416 4252 6415
f 6415 4252 4225
f 6417 4253 6416
f 6416 4253 4252
f 4253 6417 6366
f 6366 6417 6419
f 6366 6419 4911
f 4911 6419 6421
f 6422 6423 4908
f 4908 6423 5298
f 5298 6423 6396
f 6396 6423 6424
f 6409 6426 6425
f 6425 6426 6397
f 5300 5299 6399
f 6399 5299 6400
f 6465 6408 6401
f 6401 6408 6398
f 6424 6399 6425
f 6425 6399 6398
f 6349 5284 5311
f 5311 5284 5283
f 6465 6464 5289
f 5289 6464 5352
f 6488 6483 6492
f 6492 6483 6482
f 6486 6491 6482
f 6482 6491 6492
f 6491 4895 6492
f 6492 4895 4157
f 6488 4160 6489
f 6489 4160 4087
f 6501 6502 4418
f 4418 6502 4417
f 6504 6500 6317
f 6317 6500 6314
f 3497 3496 6501
f 6501 3496 6502
f 3499 3498 6504
f 6504 3498 6500
f 4729 5274 4198
f 4198 5274 4195
f 6418 6365 6420
f 6420 6365 4977
f 5295 5348 6350
f 6350 5348 6351
f 5301 6422 6420
f 6420 6422 6421
f 4113 4112 4086
f 4086 4112 4083
f 6320 4112 6880
f 6880 4112 4111
f 4091 4772 4092
f 4092 4772 4775
f 4129 4140 4091
f 4091 4140 4772
f 4137 4140 4128
f 4128 4140 4129
f 4128 6324 4137
f 4137 6324 6321
f 6324 6487 6321
f 6321 6487 6485
f 6487 6486 6485
f 6485 6486 6482
f 4774 4773 4779
f 4779 4773 4776
f 4773 4139 4776
f 4776 4139 4114
f 4139 4138 4114
f 4114 4138 4111
f 4138 6322 4111
f 4111 6322 6880
f 6322 6484 6880
f 6880 6484 6481
f 6484 6483 6481
f 6481 6483 6478
f 6879 6343 6309
f 6309 6343 4428
f 4106 4105 4900
f 4900 4105 6307
f 3500 3167 6495
f 6495 3167 6496
f 3500 6495 3070
f 3070 6495 5368
f 3502 5235 3501
f 3501 5235 4813
f 3024 3503 6473
f 6473 3503 6474
f 3503 3023 6474
f 6474 3023 6374
f 3504 1770 4348
f 4348 1770 4345
f 3502 3505 5235
f 5235 3505 4810
f 3498 3497 6500
f 6500 3497 6501
f 3496 3075 6502
f 6502 3075 6275
f 6299 4254 3174
f 3174 4254 3017
f 1769 3501 4814
f 4814 3501 4813
f 3506 3018 6476
f 6476 3018 4257
f 3507 3499 6499
f 6499 3499 6504
f 3030 4216 3483
f 3483 4216 4215
f 3077 3507 6333
f 6333 3507 6499
f 1784 3160 5249
f 5249 3160 6523
f 3015 3506 4240
f 4240 3506 6476
f 3508 3504 6383
f 6383 3504 4348
f 3509 3016 6477
f 6477 3016 4239
f 3028 3509 6467
f 6467 3509 6477
f 3022 1785 5246
f 5246 1785 5247
f 3161 3508 6570
f 6570 3508 6383
f 3150 3149 4694
f 4694 3149 6566
f 1327 4807 3510
f 3510 4807 4811
f 3510 4811 3505
f 3505 4811 4810
f 3146 3511 4816
f 4816 3511 4350
f 3511 1808 4350
f 4350 1808 4351
f 3485 4327 3159
f 3159 4327 4330
f 1326 3512 4806
f 4806 3512 6310
f 3512 1331 6310
f 6310 1331 4688

