# https://github.com/mikedh/trimesh
v -0.00479447 -0.82685065 -0.16247930
v -0.01053950 -0.81485784 -0.17198798
v 0.00103186 -0.81061554 -0.16567414
v 0.00720675 -0.81898773 -0.15615371
v -0.00215746 -0.80263793 -0.17321640
v -0.01303459 -0.80520695 -0.17719698
v 0.01008304 -0.80380857 -0.15963781
v 0.01609684 -0.80940992 -0.14981915
v 0.01865129 -0.76836812 -0.15843305
v 0.02403545 -0.76383317 -0.15102573
v 0.02248333 -0.77547836 -0.14939049
v 0.01692608 -0.77732098 -0.15693901
v 0.01876983 -0.74294770 -0.15875432
v 0.01160309 -0.73560226 -0.16645455
v 0.01535109 -0.72574306 -0.15865202
v 0.02188672 -0.73294955 -0.14980736
v -0.02215078 -0.74941623 -0.18089034
v -0.01698365 -0.74354899 -0.18171628
v -0.01328357 -0.74994069 -0.18018806
v -0.01908395 -0.75522852 -0.17905590
v -0.03152050 -0.75951707 -0.18342611
v -0.02988605 -0.76451516 -0.17946701
v -0.03527100 -0.76850057 -0.18313316
v -0.03649372 -0.76283312 -0.18814170
v -0.02713265 -0.74407071 -0.18159483
v -0.02131686 -0.73780876 -0.18234956
v -0.02676049 -0.75477147 -0.18065481
v -0.02901186 -0.75105488 -0.18304133
v -0.03387465 -0.74600577 -0.19342665
v -0.03248819 -0.75046188 -0.19151360
v -0.03686574 -0.75241989 -0.19724804
v -0.03758423 -0.74705476 -0.19703433
v -0.02946613 -0.74497163 -0.18523739
v -0.02990141 -0.74800295 -0.18724398
v -0.03229507 -0.74451947 -0.18974002
v -0.03254964 -0.74189508 -0.18709604
v -0.03326303 -0.75570524 -0.18664315
v -0.03721311 -0.75815523 -0.19268782
v -0.04209229 -0.75987542 -0.19825701
v -0.04182854 -0.75275123 -0.20272768
v -0.00583122 -0.73067665 -0.17895795
v -0.01126716 -0.73785853 -0.18105938
v -0.01563961 -0.73245025 -0.18252960
v -0.01070372 -0.72704089 -0.18109614
v -0.03051122 -0.73880827 -0.18448451
v -0.02660965 -0.72384167 -0.18624148
v -0.02656223 -0.72769499 -0.18630010
v -0.03280238 -0.72852165 -0.18850730
v -0.03215043 -0.72498155 -0.18865913
v 0.00020990 -0.71609128 -0.17287886
v -0.00537300 -0.71496868 -0.17681079
v -0.00438037 -0.70817816 -0.17464606
v 0.00115771 -0.70753491 -0.17020385
v -0.00560813 -0.70165157 -0.17412873
v 0.00073957 -0.69908690 -0.16785562
v -0.00522603 -0.68503702 -0.16763724
v -0.00212616 -0.69137990 -0.16737877
v -0.00831948 -0.69596243 -0.17461297
v -0.01285721 -0.69103193 -0.17678174
v -0.02503720 -0.69694281 -0.18210800
v -0.03062074 -0.69541156 -0.18393482
v -0.02535035 -0.68357682 -0.18308729
v -0.01903664 -0.68617833 -0.18069655
v -0.02585060 -0.71676934 -0.18308081
v -0.02195442 -0.71679151 -0.18129100
v -0.02208195 -0.71865863 -0.18334976
v -0.02627959 -0.71986181 -0.18554661
v -0.01833264 -0.71662593 -0.18040344
v -0.01678187 -0.71637309 -0.18013272
v -0.01718799 -0.71773398 -0.18113631
v -0.01870162 -0.71781754 -0.18078639
v -0.02050307 -0.71736979 -0.18095450
v -0.02144233 -0.71557307 -0.18106744
v -0.01920918 -0.71588826 -0.18061101
v -0.02493202 -0.71481287 -0.18294291
v -0.03708331 -0.71325815 -0.18802048
v -0.03356795 -0.71314561 -0.18746823
v -0.03495525 -0.71699059 -0.18602262
v -0.03801098 -0.71749043 -0.18636864
v -0.01914314 -0.72061855 -0.18184602
v -0.01690351 -0.72127426 -0.18217507
v -0.02097354 -0.72435921 -0.18425289
v -0.02175429 -0.72133398 -0.18372825
v -0.01454823 -0.72384697 -0.18251340
v -0.01521218 -0.71906686 -0.18098794
v -0.01222258 -0.72034043 -0.18087527
v -0.01723102 -0.71480918 -0.17991529
v -0.01455204 -0.71325517 -0.17922170
v -0.01425747 -0.71586215 -0.18040672
v -0.01619041 -0.71027291 -0.17919862
v -0.01948041 -0.71305972 -0.18039443
v -0.02283411 -0.71138525 -0.18223329
v -0.02735844 -0.71006870 -0.18466784
v -0.02425858 -0.70541072 -0.18254603
v -0.01963615 -0.70757866 -0.18050596
v -0.01906144 -0.72870719 -0.18361633
v -0.01038552 -0.71542299 -0.17910033
v -0.00763272 -0.72165072 -0.17884079
v -0.01016107 -0.71085882 -0.17787595
v -0.01163559 -0.70644772 -0.17747931
v -0.01471701 -0.70157433 -0.17857051
v -0.01979812 -0.69932783 -0.18001328
v -0.02028834 -0.67403394 -0.17306855
v -0.01249475 -0.67816269 -0.17119642
v -0.01380505 -0.79749107 -0.17615871
v -0.00497674 -0.79673952 -0.17503089
v -0.00304153 -0.78843153 -0.17298117
v -0.00162212 -0.79011798 -0.17277452
v -0.00698725 -0.79266798 -0.17427477
v -0.00718915 -0.78960651 -0.17416070
v 0.01112825 -0.78034520 -0.16137090
v 0.00632040 -0.78245139 -0.16517439
v 0.00701595 -0.77834332 -0.16456528
v 0.01276192 -0.77352917 -0.16206391
v -0.00087583 -0.77170366 -0.17065649
v 0.00354581 -0.77248096 -0.16807628
v -0.00032546 -0.77966797 -0.16942215
v -0.00354705 -0.77903229 -0.17129125
v -0.00736602 -0.77873784 -0.17253023
v -0.01131311 -0.77824062 -0.17319295
v -0.01107848 -0.77347392 -0.17331827
v -0.00611604 -0.77253318 -0.17247736
v -0.01352997 -0.79402488 -0.17428553
v -0.02029203 -0.79204071 -0.17319094
v -0.01873426 -0.78958333 -0.17306544
v -0.01300503 -0.79073310 -0.17466502
v -0.02711318 -0.78131312 -0.16767246
v -0.02630595 -0.78398126 -0.16838540
v -0.02979156 -0.78523242 -0.16925211
v -0.03018414 -0.78082782 -0.16898766
v -0.02796419 -0.77816880 -0.16950573
v -0.02586102 -0.77994609 -0.16831736
v -0.01445848 -0.84672302 -0.15599510
v -0.01945100 -0.83277327 -0.16962992
v 0.00153779 -0.84083009 -0.14877287
v 0.01385462 -0.82941180 -0.14323133
v 0.02199880 -0.81413257 -0.13818622
v 0.00736375 -0.71978855 -0.16657408
v 0.00944823 -0.71046394 -0.16174906
v 0.01867564 -0.71612233 -0.15168612
v 0.01814454 -0.70577562 -0.14769320
v 0.00886551 -0.70005912 -0.15909372
v -0.00130898 -0.68233848 -0.15372027
v 0.00529511 -0.69015157 -0.15626977
v 0.01425534 -0.69568336 -0.14192899
v 0.02182539 -0.70666242 -0.12764016
v 0.02437293 -0.71443522 -0.13541783
v 0.02669889 -0.72027671 -0.11540882
v 0.01775714 -0.69935358 -0.11505921
v 0.02572519 -0.71837652 -0.10737164
v 0.00872277 -0.66576385 -0.11127389
v 0.01461844 -0.65502709 -0.10573566
v 0.02509460 -0.66076863 -0.09628589
v 0.02112345 -0.67070562 -0.10296939
v 0.02429773 -0.72321033 -0.14181133
v 0.02470871 -0.78457212 -0.14098158
v 0.01909025 -0.78578031 -0.14989486
v 0.02801870 -0.77249324 -0.14040181
v 0.02808695 -0.83781183 -0.11272508
v 0.02078904 -0.83535564 -0.12867504
v 0.02871298 -0.82008147 -0.12613194
v 0.03507338 -0.82398617 -0.11190661
v 0.00128063 -0.86971939 -0.11063372
v -0.00500720 -0.86214548 -0.13616678
v 0.00774871 -0.85132658 -0.13307814
v 0.01529041 -0.85756546 -0.11257476
v 0.04024600 -0.82287937 -0.09932536
v 0.04319817 -0.82105827 -0.08210237
v 0.03823442 -0.83230656 -0.07181931
v 0.03411832 -0.83875382 -0.09165549
v 0.02808021 -0.84837091 -0.05949398
v 0.02331808 -0.85571176 -0.08511721
v 0.02761512 -0.70610952 -0.09834818
v 0.02868510 -0.72140497 -0.09667847
v 0.01586275 -0.68379736 -0.10940209
v 0.02607681 -0.69026595 -0.09743319
v 0.01244739 -0.85891521 -0.05174714
v 0.00632137 -0.86856270 -0.07987492
v 0.03864698 -0.79246318 -0.04077462
v 0.03977778 -0.80983722 -0.04490082
v 0.04523556 -0.80095863 -0.06290543
v 0.04403888 -0.78655154 -0.05679101
v 0.03024023 -0.79908526 -0.02255361
v 0.03020043 -0.81820190 -0.02718155
v 0.03015122 -0.74188232 -0.04727541
v 0.02358215 -0.72760099 -0.05411193
v 0.01704876 -0.72693777 -0.04245849
v 0.02414093 -0.74145514 -0.03101942
v 0.00591343 -0.79868156 -0.16830567
v 0.00192734 -0.79376519 -0.17212528
v 0.00635252 -0.79013807 -0.16781650
v 0.01099938 -0.79309309 -0.16297847
v 0.01551071 -0.79542255 -0.15403177
v 0.02050044 -0.79777306 -0.14447317
v 0.03214624 -0.80577517 -0.12224704
v 0.03786107 -0.81166208 -0.11028220
v 0.04497057 -0.80861306 -0.08740970
v 0.04136821 -0.81086993 -0.10011949
v 0.04551703 -0.78978008 -0.07356152
v 0.04467857 -0.78104985 -0.06938758
v 0.03009938 -0.72889262 -0.08178134
v 0.02700605 -0.71013302 -0.08358918
v 0.02271115 -0.71205372 -0.07054327
v 0.02634036 -0.72911000 -0.06730117
v 0.01250770 -0.71258211 -0.04841841
v 0.01692493 -0.71284097 -0.05964678
v 0.02574852 -0.67825198 -0.07919408
v 0.02773669 -0.66642499 -0.07117185
v 0.02604778 -0.67042124 -0.05892001
v 0.02229329 -0.68001676 -0.06713803
v 0.02362265 -0.67241073 -0.04601678
v 0.01733251 -0.67318553 -0.03689899
v 0.01332266 -0.68465424 -0.04507616
v 0.01849749 -0.68397236 -0.05444920
v -0.00496611 -0.64579540 -0.11724219
v -0.00151267 -0.63652748 -0.11096008
v 0.00819464 -0.64092171 -0.10622308
v 0.00297792 -0.65022779 -0.11149105
v 0.03344236 -0.65871918 -0.06162636
v 0.03281490 -0.66549218 -0.04897908
v 0.03282297 -0.74264038 -0.06324686
v 0.03438197 -0.74591792 -0.07442406
v 0.03002403 -0.66738117 -0.03647214
v 0.01624548 -0.69698501 -0.05971186
v 0.02141618 -0.69509315 -0.07156940
v 0.00359889 -0.71309847 -0.03894029
v 0.00808491 -0.72573024 -0.03012697
v -0.02443014 -0.76043010 -0.17813985
v -0.02036133 -0.77505469 -0.17160910
v -0.01984723 -0.77896404 -0.17110030
v -0.02334157 -0.77915251 -0.16963136
v -0.02455506 -0.77625120 -0.17063026
v -0.03652232 -0.81495965 -0.17698382
v -0.03650218 -0.79874653 -0.17944962
v -0.02445993 -0.80334336 -0.17960736
v -0.02370098 -0.81628406 -0.17688298
v 0.00608432 -0.74794030 -0.17376652
v -0.00366314 -0.75322628 -0.17792131
v -0.00689698 -0.74384248 -0.18016917
v -0.00050331 -0.73741031 -0.17694135
v 0.00348885 -0.78335559 -0.16734955
v 0.00484472 -0.78483105 -0.16758117
v 0.00211022 -0.78531945 -0.16917193
v -0.00259942 -0.72368729 -0.17638782
v 0.00415037 -0.72857171 -0.17215480
v 0.02912804 -0.75717723 -0.14125116
v 0.01442249 -0.78595167 -0.15878703
v -0.02011209 -0.87900591 -0.10865239
v -0.02571469 -0.86862206 -0.13897535
v -0.00848075 -0.86665046 -0.04739246
v -0.01375571 -0.87661123 -0.07598605
v 0.01711790 -0.82455468 -0.01377950
v 0.02043458 -0.80282003 -0.00732326
v 0.00370332 -0.80899560 0.00362145
v 0.00019309 -0.83020347 -0.00406017
v 0.01369472 -0.74135613 -0.01968135
v 0.00915364 -0.67248237 -0.03092090
v 0.00514042 -0.68482453 -0.03705291
v -0.02996377 -0.85055089 -0.15879674
v -0.03354666 -0.83302677 -0.17149793
v 0.02688156 -0.80075014 -0.13240759
v 0.01816480 -0.76021868 -0.16164035
v 0.01285003 -0.76720107 -0.16492076
v 0.00994517 -0.76345444 -0.16877733
v 0.01497151 -0.75351071 -0.16630799
v 0.02273792 -0.75145626 -0.15417957
v 0.02583021 -0.74346840 -0.14287147
v 0.02954094 -0.73541075 -0.13036272
v 0.02862347 -0.72541404 -0.12282719
v 0.04489151 -0.81390858 -0.06833600
v 0.03947414 -0.82388258 -0.05213838
v 0.03118486 -0.83523071 -0.03983115
v 0.01522816 -0.84311563 -0.02916076
v 0.04566213 -0.80447644 -0.07550801
v -0.00388288 -0.85141349 -0.02347507
v -0.03341721 -0.73267555 -0.18802597
v -0.02613024 -0.73322421 -0.18505192
v -0.03519542 -0.73672301 -0.18753593
v -0.03187532 -0.70884556 -0.18655458
v -0.03580621 -0.70808548 -0.18735106
v -0.03381387 -0.70278943 -0.18493019
v -0.02918401 -0.70381594 -0.18426275
v -0.01714175 -0.67207634 -0.15686284
v -0.00907474 -0.67665875 -0.15476263
v -0.00812308 -0.65491134 -0.12412547
v -0.00083681 -0.65957546 -0.11845785
v -0.03717849 -0.74511540 -0.19140291
v -0.03870966 -0.74527985 -0.19149570
v -0.03835391 -0.74428833 -0.18925783
v -0.03654208 -0.74424922 -0.18946357
v -0.02005522 -0.71797895 -0.18208477
v -0.03693569 -0.72468799 -0.19007295
v -0.03982992 -0.72439039 -0.19036505
v -0.03899560 -0.72090364 -0.18865310
v -0.03595728 -0.72109032 -0.18875010
v 0.00549832 -0.68484843 -0.13343008
v 0.00506376 -0.67640114 -0.11990141
v 0.02888698 -0.66239536 -0.08459475
v 0.02690040 -0.67510104 -0.09170815
v 0.02629626 -0.69399852 -0.08378445
v 0.01143427 -0.69893497 -0.04801725
v 0.00421159 -0.69792545 -0.03926317
v -0.01640657 -0.69801474 -0.02972313
v -0.01761803 -0.71206391 -0.02569426
v -0.00630029 -0.71156830 -0.03122066
v -0.00604676 -0.69748467 -0.03423263
v -0.00649386 -0.67505199 -0.13881479
v -0.01490826 -0.67142487 -0.14160460
v -0.01224388 -0.66603005 -0.13150546
v -0.00433801 -0.66961372 -0.12761261
v -0.04181042 -0.74210513 -0.19144508
v -0.04328624 -0.74102437 -0.19281693
v -0.04201222 -0.73889554 -0.19029297
v -0.04041266 -0.74110806 -0.18971723
v -0.03516788 -0.74225068 -0.18783323
v -0.03717024 -0.74151230 -0.18738979
v -0.03645448 -0.73961544 -0.18749876
v -0.03596734 -0.74502867 -0.19213112
v -0.03495292 -0.74378061 -0.18966007
v -0.04121780 -0.74565762 -0.19591333
v -0.03827105 -0.74507499 -0.19497454
v -0.04210043 -0.74550426 -0.20039129
v -0.04028402 -0.74273419 -0.19047937
v -0.03936170 -0.74161047 -0.18898743
v -0.03639970 -0.74299628 -0.18818036
v -0.03787462 -0.74262285 -0.18799748
v -0.04052828 -0.74518561 -0.19418460
v -0.03856429 -0.74507928 -0.19323355
v -0.04147612 -0.76576996 -0.19264008
v -0.04729148 -0.76634192 -0.19397894
v -0.04823636 -0.75973392 -0.19952045
v -0.04891938 -0.75268209 -0.20410025
v -0.04799545 -0.74521154 -0.20185395
v -0.01822746 -0.66293114 -0.13274427
v -0.01454724 -0.65235931 -0.12618093
v -0.04907599 -0.83140171 -0.17058450
v -0.04868955 -0.81268001 -0.17583215
v -0.01905758 -0.71688044 -0.18064637
v -0.02197548 -0.79625297 -0.17554714
v 0.00359255 -0.76171440 -0.17299303
v -0.01745909 -0.76228416 -0.17642568
v -0.01131941 -0.75785273 -0.17757352
v -0.01094264 -0.76610422 -0.17485012
v -0.01658272 -0.76852942 -0.17424175
v -0.03053856 -0.79264885 -0.17477529
v -0.03941888 -0.78783691 -0.17908815
v -0.03445527 -0.78653568 -0.17336416
v -0.03464609 -0.78002638 -0.17320098
v -0.03903892 -0.77919501 -0.18051727
v -0.03363200 -0.77272141 -0.17778139
v -0.03122550 -0.77520156 -0.17227042
v -0.00026995 -0.78751433 -0.17109205
v 0.00211324 -0.78864396 -0.16962010
v -0.02822192 -0.76878154 -0.17562120
v -0.02287865 -0.76536369 -0.17538418
v -0.02161756 -0.77045131 -0.17297043
v -0.02656712 -0.77240717 -0.17216478
v -0.00419674 -0.76324046 -0.17455077
v 0.00913936 -0.78610778 -0.16380723
v 0.00610003 -0.77499473 -0.16567689
v 0.03800395 -0.74923599 -0.08318922
v 0.03367201 -0.73840493 -0.08807841
v 0.03717351 -0.73055732 -0.10668649
v 0.03405402 -0.72738004 -0.10836327
v 0.02970063 -0.72956860 -0.10404340
v 0.03550600 -0.73225617 -0.10200515
v 0.04435757 -0.77996194 -0.09161254
v 0.04356033 -0.78694999 -0.08718213
v 0.04239048 -0.78915703 -0.09331760
v 0.04338283 -0.78110838 -0.09329786
v 0.04160464 -0.78455877 -0.09873115
v 0.04095240 -0.78850913 -0.10043423
v 0.04149177 -0.77977085 -0.10265443
v 0.04202674 -0.77958560 -0.09949802
v 0.04123132 -0.79901350 -0.10028990
v 0.03741862 -0.79737502 -0.10895504
v 0.03802118 -0.78597689 -0.10737839
v 0.03085249 -0.78432971 -0.12854245
v 0.03501784 -0.77310288 -0.11744784
v 0.03596951 -0.78053975 -0.11270905
v 0.03377264 -0.79180270 -0.11773438
v 0.03389555 -0.73201263 -0.11299907
v 0.03253999 -0.73935854 -0.11633549
v 0.03002265 -0.73222464 -0.09637298
v -0.02061432 -0.81538153 0.00670110
v -0.02166389 -0.83965242 -0.00576726
v 0.03706656 -0.77571356 -0.03954373
v 0.02907867 -0.77848816 -0.02323283
v 0.04183767 -0.77189147 -0.05543761
v 0.04392476 -0.76944607 -0.06903771
v 0.02055362 -0.78350294 -0.00781401
v 0.00799095 -0.78137517 0.00298271
v 0.03296160 -0.76647800 -0.13035724
v 0.03406833 -0.76115036 -0.11867262
v 0.03529556 -0.75798017 -0.04210527
v 0.02756145 -0.76055276 -0.02565289
v 0.03904961 -0.75654566 -0.05686014
v 0.04054189 -0.75762129 -0.07069312
v 0.01708388 -0.76397222 -0.01105096
v 0.00137967 -0.74018264 -0.01134342
v 0.00368268 -0.75915372 -0.00082987
v 0.03755502 -0.74146795 -0.10666148
v 0.03564996 -0.74013436 -0.11054076
v 0.03623687 -0.73413646 -0.10908668
v 0.03913422 -0.73583853 -0.10793290
v 0.03214194 -0.75178432 -0.12923773
v 0.03369728 -0.74997878 -0.11762313
v -0.04028742 -0.77239645 -0.18717508
v -0.04601657 -0.77979016 -0.18309675
v -0.04652966 -0.77333719 -0.18857108
v -0.04654206 -0.78825516 -0.17954692
v -0.03648717 -0.87870103 -0.07850365
v -0.04097988 -0.87870145 -0.10668256
v -0.02624908 -0.85930395 -0.02613268
v -0.03135289 -0.87216079 -0.05108185
v -0.03528223 -0.69441646 -0.18484491
v -0.03173473 -0.68177819 -0.18431380
v -0.03827454 -0.73240435 -0.18952073
v -0.04105654 -0.73156679 -0.18964569
v -0.04043889 -0.72789991 -0.19013335
v -0.03757783 -0.72835016 -0.19000743
v -0.02610775 -0.78949738 -0.17070173
v -0.00249565 -0.72536492 -0.02184792
v -0.00447385 -0.68326044 -0.03252790
v -0.00135146 -0.67103684 -0.02804526
v 0.02280072 -0.66570723 -0.02674042
v 0.01276812 -0.66238272 -0.02206530
v -0.04168572 -0.73493695 -0.18977386
v -0.03911614 -0.73566222 -0.18926594
v -0.04086942 -0.74446374 -0.19261302
v -0.03146555 -0.72069103 -0.18784685
v -0.03944899 -0.73850405 -0.18891694
v -0.03898328 -0.74048305 -0.18875062
v -0.04398811 -0.73782253 -0.19063930
v -0.04317971 -0.73461759 -0.18949725
v -0.01585350 -0.77406025 -0.17293984
v -0.01576725 -0.77801937 -0.17271969
v -0.04354104 -0.74238580 -0.19659142
v -0.04243577 -0.74341273 -0.19435364
v -0.04668946 -0.74110460 -0.19658989
v 0.02044027 -0.64512241 -0.09933127
v 0.02890170 -0.65017855 -0.08868521
v -0.04174106 -0.72416097 -0.19009504
v -0.04103708 -0.72060156 -0.18857934
v -0.04640898 -0.86782670 -0.13653122
v -0.01442655 -0.73751318 -0.00780714
v -0.01275034 -0.75360882 0.00294724
v 0.03743069 -0.76647854 -0.11043769
v 0.04028865 -0.76230133 -0.10662796
v 0.04144667 -0.76878619 -0.10441580
v 0.03842358 -0.77327764 -0.10823307
v -0.01153609 -0.64274669 -0.11983876
v 0.03280109 -0.65385062 -0.07497495
v 0.00223617 -0.65889263 -0.02005048
v 0.00346301 -0.78163850 -0.16705148
v 0.00216588 -0.78021824 -0.16772909
v -0.02323643 -0.78703642 -0.17017129
v -0.01731935 -0.78208208 0.00632714
v -0.02918359 -0.71356976 -0.18561606
v -0.03076021 -0.71728426 -0.18497604
v -0.01482294 -0.68431056 -0.03028793
v -0.02110535 -0.66781580 -0.14365573
v -0.04481128 -0.73989105 -0.19352758
v -0.01665372 -0.72439516 -0.01872357
v 0.04435650 -0.77276194 -0.09719288
v 0.04526432 -0.77209616 -0.10018730
v 0.04486426 -0.76935029 -0.10014531
v 0.04379344 -0.76965177 -0.09869234
v 0.04471666 -0.77559364 -0.10422876
v 0.04629400 -0.77247584 -0.10252312
v 0.04751777 -0.77446711 -0.10210976
v 0.04571415 -0.77843106 -0.10278597
v 0.04039339 -0.77734554 -0.10527523
v 0.04309862 -0.77226186 -0.10463894
v 0.04850863 -0.77628392 -0.10060072
v 0.04771524 -0.77886939 -0.10156886
v 0.04545332 -0.78075701 -0.09981214
v 0.04303636 -0.78092384 -0.09618505
v 0.05006509 -0.77941972 -0.09913918
v 0.04722606 -0.78119314 -0.09646045
v 0.05335971 -0.77883446 -0.09565098
v 0.04925745 -0.78096676 -0.09286678
v 0.05631076 -0.77590811 -0.09156623
v 0.05116310 -0.77705520 -0.08876839
v 0.03491918 -0.74721324 -0.11078035
v 0.03704201 -0.74734366 -0.10483178
v 0.05777423 -0.77052355 -0.08919998
v 0.05223319 -0.77096283 -0.08703950
v 0.05823189 -0.76388407 -0.08758364
v 0.05331034 -0.76447225 -0.08492130
v 0.05714064 -0.75684083 -0.08722274
v 0.05305114 -0.75669718 -0.08429430
v 0.05559184 -0.75004792 -0.08839397
v 0.05160495 -0.74880826 -0.08582547
v 0.05311849 -0.74383622 -0.09141949
v 0.04886397 -0.74074805 -0.08963368
v 0.05111015 -0.77674675 -0.09407140
v 0.05305911 -0.77371538 -0.09135443
v 0.04312111 -0.77559465 -0.09078821
v 0.04925532 -0.77710587 -0.09794523
v 0.04497833 -0.76341528 -0.09465196
v 0.04316222 -0.76617253 -0.09325992
v 0.04325251 -0.76489854 -0.09385255
v 0.04330197 -0.76321971 -0.09182849
v 0.03838260 -0.75386947 -0.10642684
v 0.04017502 -0.75420213 -0.10348257
v 0.04080571 -0.75960851 -0.10395044
v 0.03881452 -0.75010526 -0.10262457
v 0.03846394 -0.75151074 -0.10157764
v 0.03826255 -0.75498235 -0.10184240
v 0.03802616 -0.75974858 -0.10104140
v 0.03955331 -0.74965638 -0.09987196
v 0.04028253 -0.74811172 -0.10017712
v 0.03857639 -0.75147295 -0.09888681
v 0.03820566 -0.75251639 -0.09991392
v 0.03760505 -0.75458968 -0.09890951
v 0.03887280 -0.75742614 -0.09693225
v 0.03590066 -0.75656033 -0.11100218
v 0.04127798 -0.75210464 -0.08996375
v 0.03758030 -0.74358499 -0.09235173
v 0.04937654 -0.73961169 -0.09583094
v 0.04699299 -0.73333728 -0.09497958
v 0.04246546 -0.73219013 -0.10595399
v 0.04554521 -0.72934669 -0.10149868
v 0.04360726 -0.77041221 -0.08891461
v 0.04428631 -0.76463735 -0.08706782
v 0.03559995 -0.73740488 -0.09691413
v 0.04389469 -0.75886178 -0.08739312
v 0.05079631 -0.74784029 -0.09172659
v 0.04743696 -0.74539387 -0.09438959
v 0.05341677 -0.75261199 -0.08964505
v 0.04075394 -0.74451053 -0.10146926
v 0.04173268 -0.73865110 -0.10339171
v 0.04567093 -0.73802096 -0.10011575
v 0.04366190 -0.74397880 -0.09774353
v 0.04894969 -0.75085932 -0.09260982
v 0.04522582 -0.74887288 -0.09463729
v 0.04623400 -0.75354975 -0.09241502
v 0.04282239 -0.75199723 -0.09427202
v 0.04057577 -0.75061333 -0.09665883
v 0.04202975 -0.74773085 -0.09714370
v 0.03978998 -0.75433737 -0.09372658
v 0.04333717 -0.75779444 -0.09171361
v 0.03886134 -0.75251102 -0.09667894
v 0.04853660 -0.75632346 -0.09274033
v 0.05058338 -0.75981814 -0.09306471
v 0.04823918 -0.76251256 -0.09495198
v 0.04615424 -0.76017439 -0.09275520
v 0.05366906 -0.75806433 -0.08825918
v 0.05311424 -0.75844657 -0.09128981
v 0.05139930 -0.75415158 -0.09161691
v 0.05354636 -0.76393789 -0.09073299
v 0.05386705 -0.76422155 -0.08842133
v 0.05170785 -0.76412177 -0.09238541
v 0.05011931 -0.76519561 -0.09396460
v 0.05221666 -0.77228332 -0.09289999
v 0.05300697 -0.76845855 -0.09149409
v 0.05409548 -0.76994073 -0.08955021
v 0.05181825 -0.76756668 -0.09299370
v 0.05101102 -0.77030385 -0.09399969
v 0.04978160 -0.76848894 -0.09459122
v 0.05065229 -0.76730692 -0.09348132
v 0.04725898 -0.77544820 -0.09917967
v 0.04606359 -0.77417171 -0.10023849
v 0.04861501 -0.77588892 -0.09707856
v 0.04684038 -0.77635527 -0.09679259
v 0.04774852 -0.77390242 -0.09654060
v 0.04572871 -0.77550948 -0.09670529
v 0.04694336 -0.77175474 -0.09676109
v 0.04529338 -0.76914477 -0.09689779
v 0.00880772 -0.61227524 -0.09766924
v 0.00377626 -0.62503481 -0.10435253
v -0.00433379 -0.62033075 -0.10650044
v -0.00133538 -0.60842049 -0.09814475
v 0.04857337 -0.77000082 -0.09617657
v 0.04947921 -0.77229393 -0.09539548
v 0.05031885 -0.77416468 -0.09485295
v 0.04683481 -0.76576900 -0.09551986
v 0.04805586 -0.76477778 -0.09569817
v 0.04891456 -0.76638353 -0.09537765
v 0.04741514 -0.76762760 -0.09620120
v 0.04159952 -0.76351911 -0.10304619
v 0.04067879 -0.76086634 -0.09996385
v 0.04175660 -0.75930703 -0.09565873
v 0.04298871 -0.60188866 -0.07613511
v 0.05598632 -0.61241859 -0.06829394
v 0.04846748 -0.62165534 -0.06998476
v 0.03743797 -0.61325729 -0.07901060
v 0.05209972 -0.57755017 -0.08291262
v 0.05278398 -0.55868602 -0.08323279
v 0.07120873 -0.56555456 -0.07948573
v 0.07415520 -0.58866364 -0.07250056
v 0.06820602 -0.54736519 -0.08714627
v 0.05146393 -0.54256666 -0.08922442
v 0.06164907 -0.49995136 -0.10995575
v 0.06373379 -0.51544607 -0.10280043
v 0.04845761 -0.51303089 -0.10504900
v 0.04732171 -0.49687594 -0.11033034
v 0.07452600 -0.42363816 -0.11220844
v 0.06470633 -0.42376387 -0.11626801
v 0.05928079 -0.41010630 -0.10660189
v 0.06922777 -0.40874985 -0.10115071
v 0.12459200 -0.53035897 -0.07648142
v 0.13092656 -0.52403831 -0.07210912
v 0.13682437 -0.54045951 -0.06880884
v 0.12877238 -0.54657930 -0.07167669
v 0.08650016 -0.62905872 -0.04308815
v 0.07741410 -0.63291049 -0.04279474
v 0.07357125 -0.61668205 -0.05577283
v 0.08265582 -0.61211073 -0.05846747
v 0.11376440 -0.44955584 -0.08199809
v 0.11125563 -0.45576611 -0.09140535
v 0.10731006 -0.44225159 -0.09264667
v 0.10830335 -0.43572533 -0.08391939
v 0.08819444 -0.37411940 -0.04236624
v 0.07689261 -0.37027395 -0.05020332
v 0.07803673 -0.35511711 -0.04325944
v 0.09022355 -0.35854641 -0.03471744
v 0.11388054 -0.40428993 -0.01482550
v 0.11137925 -0.39084145 -0.00647236
v 0.11337689 -0.39606184 0.00903253
v 0.11724918 -0.40914306 0.00154626
v 0.08709157 -0.50237244 -0.10396902
v 0.09040201 -0.51781535 -0.09715670
v 0.07724045 -0.51709372 -0.10038154
v 0.07461090 -0.50178790 -0.10759370
v 0.30179200 -0.55089545 -0.05619689
v 0.27623674 -0.55485380 -0.05515531
v 0.27495760 -0.54268873 -0.05169104
v 0.30036592 -0.53818154 -0.05276369
v 0.11379450 -0.30587929 0.02253481
v 0.11452626 -0.28936076 0.02171795
v 0.11533419 -0.29310679 0.03905543
v 0.11413136 -0.31055614 0.03826045
v 0.18101130 -0.59503531 -0.06444395
v 0.18489246 -0.61274946 -0.05674334
v 0.17334279 -0.61702806 -0.05785851
v 0.16984108 -0.59938437 -0.06709430
v 0.11914219 -0.49885800 -0.08110119
v 0.12437465 -0.51091164 -0.07691097
v 0.11944181 -0.51595110 -0.08313808
v 0.11410247 -0.50240743 -0.08827487
v 0.12249035 -0.43802246 -0.00959846
v 0.12520505 -0.45407584 -0.01363949
v 0.12401008 -0.45053118 -0.02564523
v 0.12020879 -0.43371096 -0.02312291
v 0.11759125 -0.41824755 -0.01885331
v 0.12049603 -0.42281014 -0.00414277
v 0.10720424 -0.50302899 -0.09465511
v 0.11233255 -0.51909709 -0.08890618
v 0.10232168 -0.51861608 -0.09342188
v 0.09804275 -0.50293529 -0.09991248
v 0.05286516 -0.39995012 -0.09391194
v 0.06457847 -0.39854139 -0.08747121
v 0.10990260 -0.28499368 0.00359981
v 0.10897887 -0.30159813 0.00515052
v 0.10012381 -0.29756320 -0.01110478
v 0.10078692 -0.28053626 -0.01340548
v 0.06180605 -0.38290769 -0.06169476
v 0.07328181 -0.38598293 -0.05593983
v 0.07288258 -0.39462754 -0.06820994
v 0.06131878 -0.39343560 -0.07246931
v 0.08829036 -0.27687338 -0.02827822
v 0.08853909 -0.29350409 -0.02434668
v 0.07596973 -0.29137155 -0.03423432
v 0.07728566 -0.27409935 -0.03865810
v 0.06520713 -0.53137594 -0.09581314
v 0.04962069 -0.52800041 -0.09787956
v 0.09120065 -0.42708099 -0.10277104
v 0.08356390 -0.42504159 -0.10761113
v 0.07876504 -0.41020030 -0.09594670
v 0.08711091 -0.41314998 -0.09152346
v 0.13397977 -0.50560653 -0.05691747
v 0.14693505 -0.51624423 -0.05231243
v 0.14813669 -0.53050452 -0.06278095
v 0.13562924 -0.51527882 -0.06582457
v 0.11965472 -0.27651495 0.03946796
v 0.11828078 -0.27400261 0.02139070
v 0.09174819 -0.26321441 -0.02849979
v 0.07914536 -0.25943077 -0.03962024
v 0.16949479 -0.52650928 -0.01029349
v 0.16661927 -0.52648759 -0.01715693
v 0.16004898 -0.51580364 -0.01713225
v 0.16326600 -0.51592749 -0.01065443
v 0.03523378 -0.42418754 -0.11387579
v 0.04187200 -0.40810478 -0.10315663
v 0.05110871 -0.41808265 -0.11352478
v 0.04647248 -0.43259567 -0.11956656
v 0.08411917 -0.40325561 -0.07773539
v 0.07529924 -0.40023416 -0.08184333
v 0.08335897 -0.39743552 -0.06440802
v 0.02385460 -0.41665864 -0.10396037
v 0.03179909 -0.39914533 -0.08591120
v 0.03463202 -0.52266145 -0.09829932
v 0.03368233 -0.50863165 -0.10477653
v 0.03515075 -0.53715086 -0.09292500
v 0.03501173 -0.55262244 -0.08772563
v 0.01843180 -0.54743987 -0.09211341
v 0.01913606 -0.53246057 -0.09624664
v 0.03347734 -0.56929517 -0.08847837
v 0.01711115 -0.56358367 -0.09201545
v 0.02784611 -0.59417856 -0.08303972
v 0.02398796 -0.60584599 -0.08502547
v 0.12706383 -0.50365144 -0.06928825
v 0.12150613 -0.49240890 -0.07274046
v 0.10413585 -0.26657325 -0.01401945
v 0.09769360 -0.59224826 0.03979669
v 0.11042443 -0.59458727 0.03058972
v 0.10999131 -0.58195156 0.03851434
v 0.09785485 -0.57893252 0.04713847
v 0.09386261 -0.61073363 -0.05819441
v 0.09528466 -0.62886196 -0.04368256
v 0.15589693 -0.53582901 0.01711338
v 0.15586701 -0.52733898 0.01466428
v 0.14596686 -0.52161998 0.01684416
v 0.14686513 -0.53145295 0.01964463
v 0.17365785 -0.52952129 0.00249630
v 0.17501080 -0.53482985 0.00699837
v 0.18725424 -0.53911215 0.00697538
v 0.18610522 -0.53356004 0.00290854
v 0.11233615 -0.29769006 0.05510052
v 0.10992038 -0.31545383 0.05361646
v 0.10696695 -0.43526113 0.04486841
v 0.11365561 -0.44971579 0.03667198
v 0.11839700 -0.43939489 0.02328717
v 0.11288672 -0.42452118 0.03066408
v 0.00960074 -0.56278765 0.05641095
v 0.02786746 -0.56796259 0.05722377
v 0.02807357 -0.55653226 0.06329997
v 0.01032867 -0.55173779 0.06198763
v 0.06516599 -0.59272879 0.04576823
v 0.04469245 -0.58656943 0.05168150
v 0.04440615 -0.59694695 0.04508902
v 0.06541461 -0.60381597 0.03855179
v 0.08152451 -0.58710897 0.04716650
v 0.08214299 -0.57409126 0.05468844
v 0.12319841 -0.44513309 0.00322479
v 0.12520508 -0.46006706 -0.00252357
v 0.13264674 -0.48101902 -0.00417190
v 0.13830452 -0.48872674 -0.00494241
v 0.13793267 -0.48620781 -0.01316133
v 0.13273098 -0.47796017 -0.01337624
v 0.06805017 -0.63892871 -0.04316770
v 0.07763790 -0.64410734 -0.02652005
v 0.06675109 -0.64876401 -0.02631868
v 0.03686819 -0.63247478 0.01735520
v 0.04585947 -0.63614976 0.01187941
v 0.04995015 -0.63211095 0.01665633
v 0.03769611 -0.62782985 0.02212269
v 0.03650334 -0.50264847 0.08481837
v 0.03989160 -0.48222947 0.08616690
v 0.01658419 -0.48160726 0.09088416
v 0.01513103 -0.50124729 0.08917142
v 0.14542139 -0.50135565 0.00093742
v 0.14581010 -0.50593901 0.00751868
v 0.15506868 -0.51366621 0.00704624
v 0.15505779 -0.50841081 0.00184075
v 0.13825630 -0.49894455 0.00905532
v 0.13867348 -0.49297863 0.00216081
v 0.13307892 -0.48533446 0.00402055
v 0.13324057 -0.49154159 0.01216395
v 0.11950055 -0.46317855 0.02762875
v 0.12423801 -0.47584453 0.02008533
v 0.12540314 -0.46774840 0.00933044
v 0.12225038 -0.45353526 0.01564183
v 0.01882850 -0.41393551 0.09555450
v 0.01852909 -0.43585867 0.09592417
v 0.03840970 -0.43603194 0.09175762
v 0.03706996 -0.41406944 0.09422938
v 0.17394815 -0.53003907 -0.02624002
v 0.18937513 -0.53144860 -0.02600535
v 0.18730514 -0.53436643 -0.03314392
v 0.17463428 -0.53274173 -0.03366738
v 0.19769987 -0.55692548 0.01294451
v 0.19807570 -0.56264114 0.01350746
v 0.20911124 -0.56532586 0.01306449
v 0.20837255 -0.55966151 0.01341361
v 0.21275456 -0.52940214 -0.02049104
v 0.23519158 -0.52579325 -0.02086466
v 0.23024237 -0.52844805 -0.02863573
v 0.20822570 -0.53105867 -0.02709161
v 0.10529701 -0.63794643 -0.02476714
v 0.09685292 -0.64053690 -0.02585337
v 0.10258730 -0.62776530 -0.04440863
v 0.19805646 -0.52988541 -0.00815954
v 0.19953550 -0.53172302 -0.00188977
v 0.21775508 -0.53089726 -0.00008634
v 0.21723297 -0.52845454 -0.00727578
v 0.30468678 -0.56522226 -0.05384920
v 0.27969784 -0.56804717 -0.05214248
v 0.25872836 -0.52125633 -0.01349899
v 0.23604175 -0.52446818 -0.01428698
v 0.23708545 -0.52557337 -0.00654326
v 0.26056144 -0.52284956 -0.00429022
v 0.10679760 -0.40975574 0.03720383
v 0.10040554 -0.41931877 0.05085057
v 0.09481140 -0.30777061 0.08574402
v 0.09072700 -0.32792929 0.08114966
v 0.10158558 -0.32219708 0.06837140
v 0.10567542 -0.30328196 0.07139138
v 0.11616676 -0.28037724 0.05712289
v 0.09831014 -0.28607810 0.08831059
v 0.10915034 -0.28316468 0.07356787
v 0.04853693 -0.65779948 -0.03412737
v 0.05720799 -0.65388155 -0.02923312
v 0.04801812 -0.65310192 -0.01317579
v 0.04156589 -0.65879524 -0.01978530
v 0.15211409 -0.17776614 0.05242048
v 0.15614824 -0.19084401 0.03027878
v 0.16004799 -0.17039406 0.01783701
v 0.15331112 -0.15356989 0.04086711
v 0.02168775 -0.64151961 0.00495198
v 0.01842996 -0.64855272 -0.00459035
v 0.03104668 -0.65389377 -0.00994757
v 0.03561673 -0.64825863 -0.00169533
v 0.14688510 -0.20067635 0.05759712
v 0.15043576 -0.20664062 0.03665996
v 0.04956466 -0.64889264 -0.04848112
v 0.05912665 -0.64412123 -0.04545252
v 0.04715480 -0.63845789 -0.06151604
v 0.05552817 -0.63195574 -0.05789307
v 0.04162646 -0.63095540 -0.07450636
v 0.15413216 -0.19969541 0.00961049
v 0.15928845 -0.18383358 -0.00367703
v 0.03606373 -0.66332972 -0.02745080
v 0.02674809 -0.65978885 -0.01785221
v 0.01541816 -0.65459919 -0.01339485
v 0.00384074 -0.65096331 -0.01133500
v -0.00846086 -0.64865005 -0.01086752
v -0.00900028 -0.65807688 -0.01695070
v 0.12481864 -0.26273021 0.03868495
v 0.12262379 -0.26317489 0.05782820
v 0.10746652 -0.04540502 0.01826139
v 0.11060055 -0.04383679 -0.01164997
v 0.08034433 -0.03163441 0.00386655
v 0.08126141 -0.03395890 0.02975278
v 0.01647473 -0.03530161 0.05301450
v 0.05036782 -0.03011942 0.04270615
v 0.04831499 -0.02735794 0.01966959
v 0.01533543 -0.03464204 0.03378068
v 0.02528463 -0.13768418 0.12799108
v 0.02678794 -0.16580766 0.12940328
v 0.05243403 -0.16489062 0.12704390
v 0.05243851 -0.13714235 0.12610620
v 0.11517654 -0.26545718 0.07560463
v 0.10405857 -0.26611048 0.09092769
v 0.12175512 -0.26238069 0.02150033
v 0.14615951 -0.12940310 -0.11209473
v 0.14084549 -0.11179243 -0.13737157
v 0.14665265 -0.08521995 -0.11742033
v 0.15630646 -0.10307650 -0.09157440
v 0.12527654 -0.04110529 -0.07914862
v 0.09813982 -0.02783774 -0.06221470
v 0.10566507 -0.03743678 -0.03699750
v 0.13271652 -0.05283181 -0.05264269
v 0.06551950 -0.25516835 -0.04993637
v 0.06400652 -0.24182516 -0.04819340
v 0.07883944 -0.24695311 -0.03829354
v 0.01948069 -0.24206854 -0.06702851
v 0.01715206 -0.23064108 -0.06393163
v 0.03278817 -0.23300929 -0.06145267
v 0.03570898 -0.24593537 -0.06355988
v 0.01791697 -0.18941998 -0.06335985
v 0.02205914 -0.19960962 -0.06116013
v 0.01005656 -0.20062742 -0.06334955
v 0.00758009 -0.19066425 -0.06468835
v 0.14392227 -0.20548989 -0.00796134
v 0.13917165 -0.21672690 -0.00084638
v 0.12302286 -0.21957840 -0.01479443
v 0.12692152 -0.21094586 -0.02330425
v 0.04313281 -0.02929738 0.00010905
v 0.01507763 -0.03852920 0.01607198
v 0.12644441 -0.15374044 -0.12355709
v 0.12076677 -0.13488711 -0.15018468
v 0.09222244 -0.15072767 -0.15550880
v 0.09861844 -0.16450378 -0.12906232
v 0.06745725 -0.16606303 -0.12640518
v 0.06221151 -0.15382957 -0.15037923
v 0.00485019 -0.12150536 -0.06484491
v 0.00669953 -0.11353521 -0.06177332
v 0.01805140 -0.13647994 -0.06782879
v 0.01234140 -0.14758167 -0.06858733
v 0.01856721 -0.05299598 0.08752640
v 0.04762978 -0.04842687 0.08190379
v 0.04878337 -0.03713545 0.06355913
v 0.01725582 -0.04220954 0.07159092
v 0.08986664 -0.26522022 0.10325626
v 0.08433077 -0.28735551 0.09968837
v 0.06917287 -0.28984588 0.10748998
v 0.06701526 -0.31499135 0.10448175
v 0.08162228 -0.31038439 0.09723915
v 0.07826556 -0.44140804 0.07501718
v 0.08567446 -0.45942199 0.06899793
v 0.09821962 -0.44620925 0.05764314
v 0.09165230 -0.43002450 0.06356820
v 0.04509305 -0.57523739 0.05872045
v 0.04592176 -0.56266916 0.06529325
v 0.06588691 -0.02257855 -0.04299197
v 0.06825280 -0.01321869 -0.07592398
v 0.04037796 -0.01660699 -0.06562966
v 0.03238383 -0.03028572 -0.02638993
v 0.11728843 -0.02910213 -0.10468224
v 0.14255774 -0.06166412 -0.09617886
v 0.13191506 -0.04618208 -0.12011620
v 0.13385303 -0.09757315 -0.16232809
v 0.13876835 -0.07044572 -0.14216137
v 0.08610021 -0.13702290 -0.18082274
v 0.05673995 -0.14019637 -0.17476857
v 0.00531156 -0.10361241 -0.10460274
v 0.00276001 -0.09141625 -0.12220754
v 0.01269528 -0.11275117 -0.14239655
v 0.01695118 -0.12546322 -0.12302405
v 0.04889763 -0.18798785 -0.06383575
v 0.05558714 -0.17979458 -0.06691773
v 0.08049839 -0.19331956 -0.05773266
v 0.08035879 -0.20045294 -0.05051775
v 0.03756121 -0.26477402 -0.06138049
v 0.02491058 -0.26063865 -0.06539927
v 0.06441867 -0.27150387 -0.04773881
v 0.05062670 -0.26841927 -0.05581550
v 0.05067074 -0.25017276 -0.05799966
v 0.03475398 -0.33388230 -0.05975126
v 0.03565694 -0.31997243 -0.05726625
v 0.05004308 -0.32062978 -0.05161407
v 0.05010295 -0.33452401 -0.05487601
v 0.05026018 -0.34948531 -0.05945157
v 0.03458733 -0.34877872 -0.06469540
v 0.03269202 -0.38445976 -0.06948908
v 0.04827898 -0.38270843 -0.06662819
v 0.04766063 -0.39414021 -0.07774844
v 0.01910258 -0.51722944 -0.09913391
v 0.01915305 -0.50277114 -0.10327073
v 0.15034913 -0.19678773 -0.02427167
v 0.01143792 -0.04414493 -0.04068351
v 0.01789084 -0.02867928 -0.06734788
v 0.00395248 -0.04513773 -0.07920936
v 0.00258170 -0.05843100 -0.05780706
v 0.14776462 -0.21220024 0.01744075
v 0.11343880 -0.27063304 0.00330399
v 0.11625071 -0.25949115 0.00415047
v 0.10475309 -0.40300810 -0.03484139
v 0.10540010 -0.38570747 -0.02150743
v 0.05794156 -0.42700818 -0.11807637
v 0.05740054 -0.43830127 -0.12132695
v 0.15096362 -0.07611661 -0.06864507
v 0.07896914 -0.12188102 -0.20381185
v 0.05020778 -0.12421960 -0.19795492
v 0.04364500 -0.10921665 -0.22082429
v 0.07244845 -0.10781847 -0.22697996
v -0.00177194 -0.06008212 -0.12895605
v -0.00054570 -0.04618913 -0.15491354
v 0.00140618 -0.06347883 -0.16861761
v 0.00163411 -0.07737152 -0.14458951
v -0.00043395 -0.03320006 -0.18326744
v -0.00114981 -0.01911962 -0.20942426
v -0.00402827 -0.03459950 -0.22158366
v -0.00063661 -0.05100393 -0.19575512
v 0.11426829 -0.11875014 -0.17697817
v 0.11662866 -0.07145429 -0.21276084
v 0.12451464 -0.08340541 -0.18786275
v 0.10561025 -0.10573681 -0.20156042
v 0.09803120 -0.09284110 -0.22433800
v 0.09386171 -0.01724823 -0.09044823
v -0.00036598 -0.08639193 -0.08899507
v -0.00171096 -0.07424569 -0.10601515
v 0.01007225 -0.01521677 -0.13732862
v 0.00606656 -0.02914822 -0.10699704
v 0.02127073 -0.01263188 -0.09962568
v 0.02463305 -0.00120947 -0.13163784
v 0.10525559 -0.01197135 -0.15825906
v 0.11148250 -0.02086873 -0.13160309
v 0.12517348 -0.03798407 -0.14760101
v 0.11696239 -0.02979481 -0.17455909
v 0.13081107 -0.06145242 -0.16870189
v 0.12196814 -0.05021036 -0.19417757
v 0.09735686 -0.04811484 -0.26159930
v 0.10729637 -0.05981064 -0.23751760
v 0.08859306 -0.08040750 -0.24803570
v 0.07905531 -0.06701161 -0.27149206
v 0.10492457 -0.02813193 -0.24519557
v 0.11362498 -0.03863701 -0.21984714
v 0.10252060 -0.01193364 -0.22720557
v 0.11038896 -0.02137461 -0.20169443
v 0.09445027 0.00256158 -0.21242645
v 0.10060187 -0.00486869 -0.18566570
v 0.08170709 0.01462990 -0.20020846
v 0.08536553 0.00735995 -0.17344919
v 0.06567321 0.01586908 -0.16371509
v 0.06570417 0.02227026 -0.19188535
v 0.04822491 0.02265604 -0.18817642
v 0.04739663 0.01491229 -0.16013181
v 0.01549126 0.00762974 -0.19321102
v 0.01337848 -0.00395906 -0.16653723
v 0.02803898 0.00801724 -0.16127083
v 0.03060675 0.01720211 -0.18882215
v 0.01911352 0.05651604 -0.28844965
v 0.01707437 0.04457049 -0.26426917
v 0.03268873 0.04587770 -0.26347029
v 0.03376711 0.05665898 -0.28714341
v 0.04706542 0.05718721 -0.28571716
v 0.04629816 0.04465553 -0.26464728
v 0.05926453 0.04229231 -0.26765445
v 0.06070911 0.05570705 -0.28731781
v 0.08090231 0.02897616 -0.28393230
v 0.08120991 0.04108159 -0.30456707
v 0.07242285 0.05007173 -0.29352733
v 0.07184707 0.03775088 -0.27346811
v 0.08975927 0.01812242 -0.29647341
v 0.08894394 0.02854130 -0.31837410
v 0.08756196 0.00205515 -0.31291780
v 0.08452646 0.01439784 -0.33388796
v 0.07458851 -0.01275891 -0.32718349
v 0.06942733 -0.00006166 -0.34683925
v -0.00791635 0.01486352 -0.28903398
v -0.00592342 0.02639380 -0.27802953
v -0.00493520 0.04295267 -0.29901886
v -0.00920683 0.03024442 -0.31012252
v 0.00129278 -0.01766694 -0.31929693
v 0.00390489 0.00237277 -0.33678740
v 0.01096326 -0.01622477 -0.35084417
v 0.01197989 -0.03466278 -0.33232659
v 0.08718588 -0.03762640 -0.28409693
v 0.09642585 -0.01833896 -0.26837057
v 0.09535530 -0.00127047 -0.25054502
v 0.08775887 0.01128154 -0.23648152
v 0.01593076 0.02031156 -0.21674180
v 0.03101833 0.02750501 -0.21373689
v -0.00568710 -0.01902302 -0.24585581
v -0.00307441 -0.00445908 -0.23347706
v 0.03988213 -0.05231057 -0.31806862
v 0.06302889 -0.04176714 -0.31652921
v 0.06986676 -0.05347015 -0.29373088
v 0.04632884 -0.06374747 -0.29527575
v 0.09034280 -0.00671013 -0.28991249
v 0.09099618 0.00833958 -0.27406132
v 0.08333230 0.02031802 -0.26065502
v 0.06093963 0.03551406 -0.24386859
v 0.07394870 0.02919191 -0.25012872
v 0.04714270 0.03813678 -0.24040756
v 0.01649285 0.03335978 -0.24019390
v 0.03155017 0.03855166 -0.23858327
v -0.00583222 -0.00226106 -0.26841822
v -0.00386242 0.01158142 -0.25577304
v 0.03287893 -0.02427620 -0.35963225
v 0.05432319 -0.01678297 -0.35815963
v 0.05768505 -0.02994747 -0.33786082
v 0.03469699 -0.04064459 -0.34187871
v 0.03260089 -0.00518936 -0.37318325
v 0.01417157 0.00227943 -0.36618328
v 0.06240482 0.07249153 -0.30954489
v 0.04910690 0.07420224 -0.30782828
v 0.07364203 0.06724417 -0.31622234
v 0.08126178 0.02678818 -0.35573250
v 0.08849682 0.04371604 -0.34018123
v 0.06654742 0.01129204 -0.36889946
v 0.05167906 -0.00267431 -0.37404543
v 0.00358295 0.07047652 -0.34643415
v -0.00088404 0.05922994 -0.35572270
v -0.00571933 0.04522434 -0.33082539
v -0.00084051 0.05572620 -0.32277453
v 0.02211040 0.08705905 -0.33403721
v 0.02307501 0.06777871 -0.31451583
v 0.03637632 0.07125060 -0.31132957
v 0.03554815 0.09309186 -0.32875183
v 0.06578937 0.09121612 -0.33099684
v 0.05077844 0.09393992 -0.32722753
v 0.07919824 0.08433464 -0.33697930
v 0.08837611 0.05728523 -0.36369556
v 0.08971947 0.07370687 -0.34816027
v 0.08384813 0.05637917 -0.32614976
v 0.07804418 0.03876725 -0.37966645
v 0.05780306 0.04242954 -0.41510677
v 0.07784101 0.05164546 -0.40532842
v 0.05771811 0.02523124 -0.39188403
v 0.03133547 0.09587184 -0.48793596
v 0.02866086 0.11537591 -0.51454163
v 0.04710852 0.11432165 -0.51460820
v 0.05185761 0.09455681 -0.48903286
v 0.00116590 0.08938539 -0.36959490
v 0.00057121 0.07563020 -0.37865195
v 0.03477389 0.11496694 -0.34928322
v 0.01844073 0.10990557 -0.35421506
v 0.08983989 0.08681162 -0.41305619
v 0.09191248 0.10562021 -0.39708939
v 0.09237443 0.08802006 -0.37212825
v 0.08954068 0.06959228 -0.38825652
v -0.00955396 0.12814166 -0.45388803
v -0.00875429 0.11195305 -0.42765769
v -0.00785435 0.12624741 -0.41721526
v -0.00889201 0.14223652 -0.44402090
v 0.03059953 0.13552503 -0.37250227
v 0.02711175 0.15386495 -0.39794263
v 0.01070840 0.14798662 -0.40243855
v 0.01374524 0.13054019 -0.37730566
v 0.08051785 0.12180050 -0.46741793
v 0.08145685 0.13994345 -0.45364007
v 0.08869217 0.12318264 -0.42388868
v 0.08678935 0.10446201 -0.43948853
v 0.05764039 0.05776078 -0.43932670
v 0.05650530 0.07567272 -0.46391845
v 0.07652614 0.08677739 -0.45407793
v 0.07854971 0.06877562 -0.42949358
v 0.03546668 0.06051549 -0.43693918
v 0.03415948 0.07712924 -0.46194172
v -0.00533012 0.17048894 -0.50560701
v -0.00619985 0.16012806 -0.51652771
v -0.00852653 0.14363462 -0.48460990
v -0.00674332 0.15618806 -0.47381935
v 0.02540300 0.16823012 -0.42698401
v 0.02330644 0.17957868 -0.45931605
v 0.00944319 0.17455950 -0.46192804
v 0.00911764 0.16320422 -0.43048751
v 0.06543276 0.15866077 -0.52682614
v 0.06393582 0.17249858 -0.51511741
v 0.07307272 0.15603791 -0.48430991
v 0.07328087 0.13987042 -0.49663141
v 0.04237238 0.13546738 -0.54291046
v 0.05878825 0.14402464 -0.53744745
v 0.06551322 0.12338215 -0.50821018
v 0.02543323 0.13593748 -0.54322833
v 0.02232115 0.15505448 -0.57371002
v 0.03599257 0.15396994 -0.57319123
v -0.00440695 0.18361619 -0.53693902
v -0.00289029 0.17423487 -0.54727519
v 0.00414000 0.19774061 -0.52394927
v 0.00733128 0.18640393 -0.49363941
v 0.02008334 0.19117542 -0.49048406
v 0.01553641 0.20292920 -0.52017045
v 0.04786286 0.19026926 -0.49887428
v 0.04111383 0.20085984 -0.52851665
v 0.02882618 0.20357381 -0.52219862
v 0.03437607 0.19257273 -0.49249858
v 0.05475384 0.18668236 -0.54391444
v 0.04909033 0.19573158 -0.53509986
v 0.05800658 0.18345860 -0.50576019
v 0.05768359 0.17447545 -0.55462420
v 0.05187755 0.16073909 -0.56648099
v 0.00132124 -0.06602490 -0.02581498
v 0.00849820 -0.05986474 -0.02517405
v 0.00055452 -0.06923497 -0.04616544
v -0.00219110 -0.07631692 -0.04284683
v 0.00734448 -0.08260798 -0.18857886
v 0.01104084 -0.09782933 -0.16363783
v -0.00090410 -0.05230314 -0.23739856
v 0.00367285 -0.06829120 -0.21404120
v -0.00356365 -0.03531253 -0.26126283
v -0.00436049 0.00146919 -0.30426440
v -0.00440701 -0.01754513 -0.28371984
v -0.00416664 0.01863274 -0.32289538
v -0.00145178 0.03281489 -0.34494692
v 0.00193953 0.04647329 -0.36879843
v 0.00436252 0.07939944 -0.41430941
v 0.00576216 0.06256545 -0.39100969
v -0.00395946 0.09389050 -0.40285343
v -0.00196966 0.11285439 -0.46677029
v 0.00044610 0.09656286 -0.43939245
v 0.00029100 0.14965463 -0.52832276
v -0.00192419 0.13094002 -0.49708170
v 0.00344643 0.16591322 -0.55871356
v 0.04731375 -0.16476375 -0.09896164
v 0.05197753 -0.17028268 -0.08403830
v 0.03203233 -0.14949520 -0.08192703
v 0.02795473 -0.14383797 -0.09159842
v -0.00181751 -0.10016336 -0.05661294
v -0.00134068 -0.09599642 -0.05145431
v 0.00180812 -0.10247006 -0.05645588
v 0.00066610 -0.10725711 -0.06052648
v 0.08017243 -0.02547722 -0.30530113
v 0.07682823 0.02187249 -0.22526252
v 0.04750829 0.03025702 -0.21448737
v 0.06330742 0.02854787 -0.21846744
v 0.00003676 -0.03603819 -0.29990160
v 0.01624269 -0.04864195 -0.31237310
v 0.02146550 -0.06311774 -0.28933755
v 0.00435767 -0.05150934 -0.27728820
v 0.03612391 0.04537937 -0.41534442
v 0.01752195 0.05192623 -0.40503877
v 0.01806883 0.06926513 -0.42725414
v 0.03650383 0.02978569 -0.39588702
v 0.08417295 0.10214585 -0.35971123
v 0.06950748 0.11089823 -0.35263327
v 0.05080966 0.13557497 -0.37181711
v 0.05251544 0.11445460 -0.34920004
v 0.06967980 0.13122624 -0.37520105
v 0.01615513 -0.08426426 -0.23194307
v 0.00984842 -0.06947172 -0.25384244
v 0.02907369 -0.07864691 -0.26682141
v 0.03684318 -0.09391880 -0.24373911
v 0.08940367 -0.34785825 0.07576662
v 0.09976785 -0.34100115 0.06497483
v 0.10034922 -0.41660553 -0.07218860
v 0.09250298 -0.40852994 -0.07416895
v 0.09300005 -0.40176988 -0.05982884
v 0.10216103 -0.40995386 -0.05612571
v 0.10846465 -0.42139935 -0.05532791
v 0.10739546 -0.42780909 -0.07189729
v 0.11375065 -0.43534458 -0.05535651
v 0.11357882 -0.44172102 -0.07084099
v 0.13475841 -0.50283027 -0.04399610
v 0.14656627 -0.51150429 -0.04102201
v 0.01528685 -0.38249636 -0.07039853
v 0.01675899 -0.36518112 -0.06870225
v 0.03317108 -0.36593235 -0.06724017
v 0.04843647 -0.23628534 -0.05587151
v 0.05463463 -0.20171532 -0.05308841
v 0.03633092 -0.19861804 -0.05823863
v 0.03036664 -0.18755011 -0.06274827
v 0.00142733 -0.14348724 -0.06494468
v -0.00393088 -0.12904012 -0.06287228
v -0.00450122 -0.11161199 -0.06023797
v -0.00551930 -0.10363138 -0.05987784
v 0.05442273 -0.41073480 0.08933222
v 0.05719331 -0.43208066 0.08570048
v 0.00969546 -0.57324284 0.05050012
v 0.02695834 -0.57871294 0.05076731
v 0.02498062 -0.59835279 0.03954766
v 0.00871476 -0.59272951 0.03960995
v 0.00841756 -0.60177773 0.03427833
v 0.02357260 -0.60757077 0.03423194
v 0.00552435 -0.64384419 -0.00033598
v 0.00681339 -0.63653886 0.00775820
v -0.00271805 -0.08835664 -0.04259056
v -0.00251727 -0.08252630 -0.03741378
v -0.00175981 -0.09155393 -0.04756618
v 0.00912850 -0.11401922 -0.09023809
v 0.01341081 -0.12184161 -0.08072115
v 0.00380143 -0.10287353 -0.06870663
v 0.00205922 -0.09608290 -0.07621001
v 0.16206981 -0.12461044 -0.06723593
v 0.15197235 -0.14936303 -0.08932129
v 0.07466254 -0.02832887 -0.02009922
v 0.30821025 -0.51992339 -0.00351205
v 0.28368753 -0.52092916 -0.00350404
v 0.28659207 -0.52785110 0.00475323
v 0.31105387 -0.52648526 0.00426510
v 0.05878764 -0.50442284 0.07937367
v 0.06695754 -0.47874746 0.07838795
v 0.06440899 -0.62485570 -0.05632705
v 0.12373267 -0.62608302 -0.04931331
v 0.11151841 -0.62634110 -0.04658160
v 0.11350482 -0.61040092 -0.06015169
v 0.12289973 -0.61144269 -0.06417471
v 0.12277640 -0.60726595 0.01467097
v 0.11329141 -0.60791177 0.02197669
v 0.11401179 -0.61991721 0.00956886
v 0.12303746 -0.61723733 0.00343173
v 0.05066384 -0.10952534 0.12102275
v 0.02306903 -0.11063080 0.12220853
v 0.03418873 -0.34653535 0.10912622
v 0.03461137 -0.36859873 0.10516399
v 0.05052409 -0.36533859 0.10185406
v 0.05028988 -0.34237090 0.10558525
v 0.08636209 -0.49121165 0.06659312
v 0.09714773 -0.47356492 0.05919951
v 0.02026649 -0.43770587 -0.11361405
v 0.03284799 -0.44361055 -0.11807543
v 0.03252013 -0.46196282 -0.11740799
v 0.01832093 -0.45706308 -0.11490345
v 0.25856358 -0.55291265 0.01233341
v 0.26338789 -0.53854471 0.01011174
v 0.23823276 -0.53866518 0.00836653
v 0.23588875 -0.54721868 0.01190710
v 0.13781199 -0.06278321 -0.02201152
v 0.15802638 -0.09503928 -0.03397945
v 0.11063981 -0.37183478 0.04025247
v 0.10906471 -0.35315910 0.04733441
v 0.10079557 -0.36119753 0.06021693
v 0.10270327 -0.37971726 0.05358292
v 0.11647843 -0.41602820 0.01630167
v 0.11129346 -0.40225518 0.02341970
v 0.12038546 -0.43013912 0.00971687
v 0.17184305 -0.52638930 -0.00262428
v 0.16429633 -0.51759762 -0.00404841
v 0.16485876 -0.52083719 0.00213907
v 0.02272264 -0.13456029 -0.10529752
v 0.03593578 -0.15998682 -0.06964657
v 0.02910117 -0.16752949 -0.07103790
v -0.00341480 -0.09317458 -0.04964259
v -0.00578524 -0.09523863 -0.05448602
v 0.03497234 -0.64051998 -0.08104376
v 0.03940905 -0.64542866 -0.06730102
v 0.21533398 -0.52784145 -0.01445932
v 0.19596857 -0.52952522 -0.01439540
v 0.14514625 -0.49432552 -0.01289582
v 0.15443380 -0.50392342 -0.01133477
v 0.15188491 -0.50434840 -0.02006032
v 0.14258614 -0.49470085 -0.02233708
v 0.14624661 -0.49616992 -0.00519255
v 0.15557438 -0.50527191 -0.00423588
v 0.11696350 -0.53419638 -0.08043459
v 0.12047093 -0.54959965 -0.07441697
v 0.11071657 -0.55129230 -0.07690268
v 0.10745343 -0.53562737 -0.08552963
v 0.09470088 -0.53421867 -0.08905503
v 0.09845836 -0.55147785 -0.08081672
v 0.08390334 -0.55027723 -0.08388506
v 0.08011365 -0.53315449 -0.09251948
v 0.06380817 -0.60437620 -0.07072725
v 0.04858290 -0.59337425 -0.08124512
v 0.03133646 -0.58414614 -0.08715771
v 0.01529201 -0.57687032 -0.09166580
v 0.00721251 -0.62878650 0.01606496
v 0.02597059 -0.63437128 0.01522497
v 0.02306516 -0.62468255 0.02336620
v 0.00688570 -0.61947620 0.02313519
v -0.00690305 -0.61527920 0.02371508
v -0.00669622 -0.62384123 0.01699614
v 0.03150309 -0.62544286 -0.08542737
v 0.01970975 -0.61822128 -0.09260292
v 0.01162968 -0.59954214 -0.09088863
v 0.30912867 -0.57537842 -0.04478863
v 0.28510413 -0.57848454 -0.04309336
v 0.04039560 -0.66112411 -0.04070464
v 0.04079109 -0.65337312 -0.05418478
v 0.31215245 -0.58014619 -0.03070820
v 0.28814766 -0.58419359 -0.03041712
v 0.10395706 -0.59037322 -0.06810728
v 0.11375463 -0.59107131 -0.06834784
v 0.10335311 -0.60999453 -0.05840648
v 0.02567563 -0.63554871 -0.09202670
v 0.01480509 -0.62970328 -0.10022669
v 0.16422570 -0.14658338 -0.04383937
v 0.15392108 -0.16913746 -0.06561550
v 0.11355677 -0.32219133 0.02097837
v 0.10948890 -0.31682840 0.00470788
v 0.00467965 -0.33393025 -0.06133357
v 0.00585859 -0.31998709 -0.05923244
v 0.02149472 -0.31920335 -0.05940991
v 0.01979684 -0.33371353 -0.06141427
v -0.00153064 -0.38142723 -0.06702768
v 0.00025891 -0.36354622 -0.06573580
v -0.00830914 -0.63244492 -0.11367901
v 0.03736561 -0.28731132 -0.05711773
v 0.03689272 -0.30504063 -0.05617587
v 0.02261406 -0.30311060 -0.05700453
v 0.02189057 -0.28321940 -0.05845398
v 0.01519515 -0.25969946 -0.06751061
v 0.01321149 -0.24900778 -0.06932814
v 0.01399005 -0.17835090 -0.06620339
v 0.00662050 -0.17972977 -0.06595058
v 0.21448474 -0.56656969 -0.05447726
v 0.21933667 -0.58283877 -0.05565241
v 0.20406035 -0.58725184 -0.05864868
v 0.20003633 -0.56908029 -0.05582635
v 0.06411019 -0.29087818 -0.04387210
v 0.05103678 -0.28950423 -0.05235111
v 0.12602863 -0.49620670 -0.05923203
v 0.12655348 -0.49240351 -0.04645809
v 0.01440215 -0.39764288 -0.08039872
v 0.04526881 -0.44943497 -0.12118281
v 0.04561244 -0.46563423 -0.11935633
v 0.05763128 -0.45336369 -0.12217698
v 0.05851422 -0.46880338 -0.11960427
v -0.00578120 -0.08764386 -0.04679921
v -0.00368554 -0.08931844 -0.04096811
v 0.20577677 -0.59098971 0.00485429
v 0.20707449 -0.58469212 0.00738641
v 0.19477874 -0.58338320 0.00893206
v 0.19390385 -0.59087706 0.00641904
v -0.00191163 -0.07361767 -0.07424983
v -0.00157583 -0.08188419 -0.06258956
v 0.01390516 -0.04899569 -0.00414374
v 0.00196214 -0.05843785 -0.01265350
v -0.00484055 -0.06045339 -0.00056165
v -0.00442209 -0.05670300 0.01078108
v 0.03047479 -0.13028413 -0.16137028
v 0.03606509 -0.14447024 -0.13946369
v 0.02668404 -0.11465800 -0.18358643
v 0.02155560 -0.09988900 -0.20791695
v 0.00736373 0.01957190 -0.35696775
v 0.01543838 0.03313240 -0.38184160
v 0.01660586 0.08625767 -0.45147735
v 0.01422426 0.10367870 -0.47821122
v 0.01284815 0.12312409 -0.50701517
v 0.01167487 0.16106728 -0.56839395
v 0.01184924 0.14245033 -0.53845298
v 0.31439105 -0.57977062 -0.01694326
v 0.31661502 -0.57464159 -0.00601388
v 0.29032385 -0.58075511 -0.00407911
v 0.28781909 -0.58550531 -0.01605427
v 0.25600269 -0.52257341 -0.02203443
v 0.27859816 -0.51918811 -0.02236779
v 0.27682820 -0.52219230 -0.03073168
v 0.25337559 -0.52560103 -0.02964498
v 0.30203772 -0.51528001 -0.02222531
v 0.28050309 -0.51794082 -0.01320612
v 0.30460301 -0.51584965 -0.01273918
v 0.31270111 -0.53598827 0.00960577
v 0.28815672 -0.53744417 0.00972691
v 0.28788838 -0.55026478 0.01118200
v 0.31465825 -0.54721951 0.01060143
v 0.31706649 -0.56621689 0.00155103
v 0.31659445 -0.55731142 0.00703777
v 0.29054788 -0.56157672 0.00850210
v 0.29224434 -0.57228202 0.00283116
v 0.29916608 -0.52836955 -0.04699187
v 0.27470693 -0.53319883 -0.04507136
v 0.27512327 -0.52653778 -0.03842837
v 0.29910350 -0.52116644 -0.04032616
v 0.22367419 -0.59763074 -0.04891853
v 0.20859374 -0.60390139 -0.05252135
v 0.15833855 -0.52483851 -0.04404490
v 0.16375145 -0.53140408 -0.03619674
v 0.16845855 -0.54101282 -0.04453380
v 0.16066943 -0.53596562 -0.05219756
v 0.25549179 -0.57243705 -0.05245230
v 0.26111737 -0.58345282 -0.04339916
v 0.24067008 -0.59010524 -0.04562878
v 0.23571375 -0.57756919 -0.05382572
v 0.24981670 -0.53665411 -0.04357115
v 0.22619569 -0.53899777 -0.04252888
v 0.22689836 -0.53220206 -0.03606112
v 0.25092721 -0.53029180 -0.03677441
v 0.23784553 -0.52946532 0.00132108
v 0.26147598 -0.52838880 0.00400736
v 0.19525737 -0.55413359 -0.04871925
v 0.21001071 -0.55246854 -0.04869398
v 0.12189501 -0.48530033 -0.06147997
v 0.13530360 -0.48632222 -0.02326724
v 0.13011335 -0.47676200 -0.02448467
v 0.09452764 -0.41770738 -0.08790044
v 0.09801427 -0.42986444 -0.09720088
v 0.11946003 -0.44939983 -0.03946466
v 0.11473463 -0.43256110 -0.03841193
v 0.10278092 -0.43256664 -0.09260745
v 0.10148810 -0.42470607 -0.08534777
v 0.06374662 -0.36813027 -0.05678807
v 0.01338195 -0.58806461 -0.08871177
v 0.22718565 -0.54941791 -0.04896405
v 0.23083182 -0.56282508 -0.05366139
v 0.21795447 -0.54433447 0.01030568
v 0.21839058 -0.53696269 0.00600855
v 0.20041999 -0.53551823 0.00393610
v 0.20161119 -0.54242790 0.00818916
v 0.11388030 -0.50861323 0.04550481
v 0.11823446 -0.49588782 0.03868245
v 0.10729741 -0.48565042 0.04673208
v 0.10011467 -0.50037253 0.05400471
v 0.21091321 -0.60168397 -0.00296157
v 0.19846424 -0.60461527 -0.00278020
v 0.20248415 -0.61002719 -0.01072343
v 0.21649756 -0.60547781 -0.01008376
v 0.20643745 -0.61386812 -0.02268358
v 0.20884956 -0.61336434 -0.03865095
v 0.22523610 -0.60672247 -0.03587152
v 0.22160034 -0.60776567 -0.02126674
v 0.16265126 -0.15006363 0.00164104
v 0.15551378 -0.13423620 0.02611984
v 0.09321837 -0.25155905 -0.02663464
v 0.10651936 -0.25474396 -0.01233420
v 0.07907437 -0.21091662 -0.04300126
v 0.00710743 -0.10920757 -0.06250070
v 0.01851125 -0.13043970 -0.07226934
v -0.00227668 -0.05957034 -0.09249085
v 0.16066723 -0.16443934 -0.01867823
v 0.00296084 -0.03130619 -0.14524484
v -0.00030183 -0.04507540 -0.11736375
v 0.04564841 0.00684939 -0.13124746
v 0.04282971 -0.00346580 -0.09941024
v 0.06754479 -0.00261538 -0.10735589
v 0.06661176 0.00711340 -0.13637376
v 0.09119175 -0.00882359 -0.11787856
v 0.08754165 -0.00053753 -0.14613292
v 0.05423024 -0.07637800 -0.27292544
v 0.04738809 0.15474781 -0.39799601
v 0.06093540 0.16456240 -0.43330544
v 0.04355547 0.16868556 -0.42843592
v 0.06640678 0.14974558 -0.40192559
v 0.08503471 0.12085614 -0.38397142
v 0.08134560 0.13850078 -0.41105518
v 0.07136402 0.10398173 -0.48078138
v 0.03941166 0.18073912 -0.46041214
v 0.05468835 0.17770219 -0.46620134
v 0.07484645 0.15431361 -0.44190121
v 0.06685112 0.16898954 -0.47388875
v -0.00073224 -0.08866076 -0.05674577
v -0.00576991 -0.04995379 0.02328269
v 0.13230327 -0.18502218 -0.07751815
v 0.13079682 -0.16970807 -0.10004035
v 0.05527482 -0.17512937 -0.07355493
v 0.07846510 -0.18910253 -0.06972128
v 0.08962142 -0.30881062 -0.02288880
v 0.07635155 -0.30723199 -0.03200204
v 0.09220648 -0.34081411 -0.02908223
v 0.09197395 -0.32400981 -0.02454907
v 0.10280260 -0.32823998 -0.01270645
v 0.10292747 -0.34522724 -0.01773805
v 0.11571670 -0.35667062 0.00964620
v 0.11438847 -0.33905113 0.01635510
v 0.11371090 -0.34610710 0.03225363
v 0.11465983 -0.36468890 0.02540555
v 0.10852301 -0.33418328 0.05193221
v 0.11294005 -0.32764429 0.03657992
v 0.06750757 -0.38257265 0.09082690
v 0.06979277 -0.40471005 0.08302679
v 0.08234470 -0.39735848 0.07479370
v 0.07997512 -0.37569928 0.08207478
v 0.02166404 -0.17381887 -0.06867547
v 0.00100716 -0.09902506 -0.05450386
v 0.04145171 -0.15659542 -0.11860912
v 0.07317120 -0.17767300 -0.10253683
v 0.10286501 -0.17874168 -0.10473450
v 0.19291925 -0.52996826 -0.02044425
v 0.13758880 -0.51580673 0.01919083
v 0.13746990 -0.52670354 0.02307830
v 0.24154781 -0.59795451 -0.03232196
v 0.23711039 -0.60014707 -0.01851418
v 0.20626009 -0.54105711 -0.04175255
v 0.19165820 -0.59096348 -0.06170133
v 0.17607076 -0.57500428 -0.06260113
v 0.18742727 -0.57175338 -0.05859727
v 0.10438772 -0.20912585 -0.03643171
v 0.10630281 -0.20143576 -0.04863222
v 0.12979080 -0.20233627 -0.03772552
v -0.00139620 -0.06733643 -0.02143879
v -0.00462187 -0.06686392 -0.01518390
v 0.03569680 -0.15450779 -0.07517602
v 0.00425272 -0.00460830 -0.19984245
v 0.00398750 -0.01834776 -0.17408332
v 0.00419869 0.00945982 -0.22346497
v 0.00399949 0.02237529 -0.24696884
v 0.00363996 0.03754550 -0.26970103
v 0.00527555 0.05198608 -0.29165626
v 0.00981857 0.06386048 -0.31604901
v 0.01132113 0.07976937 -0.33948004
v -0.00356527 0.10855894 -0.39260182
v 0.00721257 0.10128637 -0.36086321
v 0.00282663 0.12073244 -0.38369930
v -0.00063499 0.13858365 -0.40883645
v -0.00022345 0.16643061 -0.46700740
v -0.00173056 0.15424177 -0.43622538
v -0.00050113 0.17908224 -0.49792841
v -0.00171176 0.19290265 -0.52859539
v -0.00295837 -0.08296056 -0.03673059
v -0.00221094 -0.07549895 -0.02904414
v 0.09252285 -0.58942598 -0.06837121
v 0.13812946 -0.49860936 -0.03261828
v 0.14837769 -0.50708085 -0.02970512
v 0.19046208 -0.54193074 -0.04114252
v -0.00665867 -0.04642093 0.03770345
v -0.00868341 -0.04572146 0.05356586
v 0.26846063 -0.57559597 0.00556256
v 0.26575413 -0.58539867 -0.00138636
v 0.20453107 -0.53402400 -0.03464229
v 0.15515514 -0.52070624 -0.03395862
v 0.16105804 -0.52770817 -0.02932335
v 0.49833998 -0.55716312 -0.04638157
v 0.51638705 -0.55271596 -0.04970608
v 0.51831698 -0.55589712 -0.04091442
v 0.50002158 -0.56008649 -0.03675181
v 0.49573192 -0.54996854 -0.05356553
v 0.51377314 -0.54535758 -0.05595285
v 0.49124691 -0.50330281 -0.03943043
v 0.51149315 -0.50316656 -0.03821514
v 0.50980890 -0.50956500 -0.04652653
v 0.48927683 -0.51053512 -0.04764378
v 0.52952272 -0.53258896 -0.05988234
v 0.51108432 -0.53655064 -0.05892882
v 0.50933772 -0.52668697 -0.05690626
v 0.52841377 -0.52364790 -0.05662836
v 0.49587736 -0.50179738 -0.01716895
v 0.47579059 -0.50016266 -0.01797013
v 0.47786322 -0.50669956 -0.00874898
v 0.49754468 -0.50878316 -0.00909525
v 0.40648997 -0.51034921 -0.04719739
v 0.39049625 -0.51350081 -0.04917432
v 0.39339650 -0.50465882 -0.04221028
v 0.40950471 -0.50181204 -0.03989919
v 0.46080136 -0.56726009 -0.03899924
v 0.47969618 -0.56196809 -0.04299804
v 0.48092479 -0.56370634 -0.03262369
v 0.46145520 -0.56709975 -0.02818086
v 0.45013350 -0.53741133 -0.05318320
v 0.42879808 -0.54053891 -0.04932144
v 0.42623505 -0.52844572 -0.04940952
v 0.44742674 -0.52471387 -0.05143026
v 0.44180545 -0.56999075 -0.02265607
v 0.44164169 -0.57158005 -0.03445327
v 0.49000069 -0.53020853 -0.05698698
v 0.47035563 -0.53362989 -0.05572043
v 0.46831498 -0.52210057 -0.05302034
v 0.48879063 -0.51958299 -0.05307150
v 0.53436363 -0.50585401 -0.01870672
v 0.51556218 -0.50396192 -0.01720441
v 0.51680332 -0.51077849 -0.01055172
v 0.53550518 -0.51266837 -0.01284068
v 0.52834225 -0.51605815 -0.05158423
v 0.50886965 -0.51788056 -0.05204024
v 0.52931559 -0.50900853 -0.04571824
v 0.53900993 -0.54855609 -0.02510769
v 0.52029550 -0.55068022 -0.01971299
v 0.51930922 -0.55449760 -0.03076905
v 0.53758770 -0.55163985 -0.03572911
v 0.44846228 -0.50499707 -0.04252386
v 0.46977603 -0.50343639 -0.04106341
v 0.46813259 -0.51149076 -0.04846286
v 0.44691792 -0.51343584 -0.04838497
v 0.45789430 -0.56042635 -0.04794831
v 0.47692272 -0.55507100 -0.05106600
v 0.50116700 -0.55180776 -0.01435466
v 0.48142791 -0.55246711 -0.00943374
v 0.48153523 -0.56016886 -0.02066223
v 0.50041592 -0.55758822 -0.02573924
v 0.46139589 -0.53944361 0.00181651
v 0.48126942 -0.54128134 -0.00173954
v 0.47997540 -0.52856231 -0.00042452
v 0.45999426 -0.52611095 0.00144033
v 0.42997822 -0.50013113 -0.03584189
v 0.42675400 -0.50720686 -0.04446828
v 0.45508775 -0.49924856 -0.01981681
v 0.43421748 -0.49816757 -0.02293602
v 0.43699360 -0.50328267 -0.01107776
v 0.45745236 -0.50498056 -0.00947974
v 0.39861554 -0.55793905 -0.04240036
v 0.41356286 -0.55648196 -0.04451510
v 0.41853458 -0.56753147 -0.03917342
v 0.40274057 -0.56851166 -0.03508358
v 0.42133641 -0.57328171 -0.02845274
v 0.40510350 -0.57307374 -0.02326662
v 0.38137335 -0.56734133 -0.00743430
v 0.39220756 -0.56813467 -0.00798460
v 0.39066380 -0.55818808 -0.00132162
v 0.37972817 -0.55863684 -0.00050219
v 0.42306364 -0.53188252 0.00741397
v 0.44189513 -0.53620511 0.00491508
v 0.44045091 -0.52268654 0.00225281
v 0.42089325 -0.51888514 0.00256046
v 0.40157056 -0.50755286 -0.00660983
v 0.41902292 -0.50896060 -0.00449741
v 0.41743097 -0.50166011 -0.01381953
v 0.40101683 -0.50091499 -0.01684044
v 0.34690878 -0.51199889 -0.01121863
v 0.36175746 -0.50946897 -0.01118184
v 0.35928819 -0.50634676 -0.02154818
v 0.34512997 -0.51020694 -0.02068103
v 0.35477954 -0.51236081 -0.04094860
v 0.35460618 -0.51925063 -0.04817480
v 0.34047359 -0.52146506 -0.04795256
v 0.34059322 -0.51488858 -0.04047818
v 0.35402432 -0.56564689 -0.04183015
v 0.36640310 -0.56286752 -0.04088102
v 0.36924982 -0.57083321 -0.02966194
v 0.35644367 -0.57226813 -0.02925457
v 0.40737742 -0.52839518 0.00832023
v 0.40211833 -0.51537389 0.00265539
v 0.36758161 -0.50967246 -0.04161204
v 0.37933013 -0.50679165 -0.04256782
v 0.37740293 -0.51478744 -0.04953131
v 0.36643371 -0.51748961 -0.04833311
v 0.36908901 -0.53855771 -0.05118716
v 0.37929332 -0.53659344 -0.05046923
v 0.38201147 -0.54760087 -0.04597564
v 0.37208706 -0.54915649 -0.04680897
v 0.37578747 -0.56082237 -0.04091126
v 0.38563660 -0.55954236 -0.04138360
v 0.38920850 -0.56925088 -0.03257177
v 0.37874261 -0.56951565 -0.03082462
v 0.39745972 -0.52806830 0.00852457
v 0.38802233 -0.52766448 0.00814227
v 0.38686010 -0.53795487 0.00620207
v 0.39656317 -0.53925586 0.00544180
v 0.38645673 -0.50142533 -0.01964876
v 0.38780501 -0.50731659 -0.00889692
v 0.39230081 -0.53413093 -0.04978317
v 0.37829280 -0.52514774 -0.05337078
v 0.39008290 -0.52314728 -0.05273426
v 0.39173529 -0.57255262 -0.02003239
v 0.34888792 -0.51578301 -0.00254506
v 0.33196330 -0.51771915 -0.00302009
v 0.33360898 -0.52376086 0.00442995
v 0.35059303 -0.52140599 0.00487518
v 0.32994321 -0.51405442 -0.01159618
v 0.32769164 -0.51327068 -0.02102661
v 0.32274917 -0.52458274 -0.04773919
v 0.32267898 -0.51774633 -0.04053779
v 0.32392693 -0.53447604 -0.05286274
v 0.34200463 -0.53143489 -0.05280055
v 0.34469706 -0.54312390 -0.05443533
v 0.32560474 -0.54611760 -0.05581626
v 0.33297434 -0.57036042 -0.04386782
v 0.33591136 -0.57559228 -0.03017011
v 0.35733759 -0.57118863 -0.01741430
v 0.33829466 -0.57403708 -0.01720572
v 0.35689342 -0.50766915 -0.03200030
v 0.36957854 -0.50436473 -0.03235996
v 0.50097072 -0.54197836 -0.00601782
v 0.52051604 -0.54227400 -0.01121342
v 0.51917630 -0.53121543 -0.00741028
v 0.49965951 -0.53011662 -0.00339280
v 0.51780862 -0.52043587 -0.00726920
v 0.53663361 -0.52182364 -0.01076609
v 0.47357023 -0.54493821 -0.05542823
v 0.49276763 -0.54075658 -0.05754566
v 0.53167909 -0.54133022 -0.05870417
v 0.39478284 -0.54529923 -0.04557511
v 0.40927765 -0.54349875 -0.04622903
v 0.37772653 -0.54863274 0.00361416
v 0.36804321 -0.54974252 0.00491279
v 0.36849833 -0.55846334 -0.00069172
v 0.40678447 -0.54270583 0.00366561
v 0.40349162 -0.55661547 -0.00418357
v 0.42237753 -0.56068242 -0.00775556
v 0.42340863 -0.54741335 0.00117979
v 0.37694967 -0.52784580 0.00819822
v 0.36571151 -0.52852589 0.00913180
v 0.36689496 -0.53955966 0.00832042
v 0.37740618 -0.53855872 0.00726417
v 0.34921336 -0.55509496 -0.05112112
v 0.36187956 -0.55178082 -0.04846048
v 0.33954173 -0.56162733 0.00041104
v 0.34026459 -0.56842804 -0.00698089
v 0.35744750 -0.56650960 -0.00773397
v 0.35619855 -0.55927026 -0.00056072
v 0.36999646 -0.56655782 -0.00770014
v 0.33813098 -0.55338734 0.00620991
v 0.35515192 -0.55083656 0.00530711
v 0.32880509 -0.55917710 -0.05372121
v 0.35197422 -0.53016013 0.00939097
v 0.33478227 -0.53296965 0.00931524
v 0.33698356 -0.54364961 0.00967144
v 0.35393494 -0.54117119 0.00902080
v 0.49861079 -0.51876545 -0.00448626
v 0.47901177 -0.51692736 -0.00312414
v 0.39784250 -0.49901187 -0.03018920
v 0.41416723 -0.49749437 -0.02686286
v 0.38308543 -0.50123739 -0.03203019
v 0.49359602 -0.49982226 -0.02833793
v 0.51363117 -0.50095046 -0.02743209
v 0.45146391 -0.49924311 -0.03240601
v 0.47276750 -0.49926385 -0.02998994
v 0.46155834 -0.55227262 -0.00531569
v 0.37600380 -0.51224333 -0.00151616
v 0.38801557 -0.51231623 0.00007633
v 0.37473738 -0.50773656 -0.01056631
v 0.32402349 -0.51441908 -0.03170953
v 0.34290448 -0.51154554 -0.03106531
v 0.39459002 -0.51966250 0.00747693
v 0.30115396 -0.51769853 -0.03106046
v 0.40468588 -0.56923383 -0.01046925
v 0.37052736 -0.57145631 -0.01773957
v 0.38082615 -0.57150114 -0.01843425
v 0.53606677 -0.55258846 -0.04537448
v 0.45371184 -0.54925758 -0.05267230
v 0.40617999 -0.53152454 -0.04881114
v 0.40543419 -0.52042544 -0.04997156
v 0.36305180 -0.51344931 -0.00238804
v 0.36446154 -0.51863128 0.00500270
v 0.37623078 -0.51796699 0.00536307
v 0.35593829 -0.52929568 -0.05269624
v 0.35775468 -0.54068828 -0.05255385
v 0.53278708 -0.50268829 -0.02754273
v 0.36691716 -0.52740669 -0.05285241
v 0.42169413 -0.57021534 -0.01605541
v 0.00890688 -0.58321679 0.04458199
v -0.00640506 -0.57063806 0.05020415
v -0.00642793 -0.58017802 0.04463359
v 0.11038962 -0.41817009 -0.03658045
v 0.08326079 -0.39014065 -0.05047651
v 0.09291512 -0.39510164 -0.04351300
v 0.13055281 -0.48938489 -0.03418104
v 0.12557937 -0.47860211 -0.03616090
v 0.16292647 -0.52501768 -0.02243083
v 0.15678667 -0.51680970 -0.02494928
v 0.11766572 -0.45103765 -0.05470879
v 0.04428930 -0.78245020 -0.08215446
v 0.04444813 -0.77580810 -0.08027291
v 0.04551025 -0.79556090 -0.08169742
v 0.01473029 -0.27268460 -0.06158341
v 0.00439766 -0.24727345 -0.06802145
v 0.00258682 -0.23817761 -0.06613068
v 0.04472251 -0.76691997 -0.09597406
v 0.04397860 -0.76158154 -0.09112666
v 0.04657820 -0.76380479 -0.09504626
v 0.04431584 -0.76873100 -0.09780882
v 0.04408483 -0.76782298 -0.09755263
v 0.04411919 -0.79846036 -0.09133913
v 0.04331101 -0.76834679 -0.07941824
v 0.04161503 -0.75924468 -0.08029968
v 0.04230341 -0.78513420 -0.09654135
v 0.03957904 -0.26584774 0.12105983
v 0.04301210 -0.24183805 0.12477749
v 0.02231014 -0.24336649 0.12636817
v 0.02063831 -0.26720816 0.12275414
v -0.00036797 -0.22412904 0.13067445
v -0.00026685 -0.24571516 0.12706599
v 0.02394821 -0.21775489 0.12867251
v 0.12596251 -0.18220490 0.09350330
v 0.12259134 -0.20607565 0.09676363
v 0.13548042 -0.21415931 0.07912070
v 0.13889793 -0.19167465 0.07653894
v 0.13701890 -0.23571324 0.05943296
v 0.14370181 -0.21864386 0.05927897
v 0.12946352 -0.23299007 0.07866165
v 0.13788401 -0.23784851 0.03953558
v 0.14451422 -0.22233669 0.03948873
v 0.13400334 -0.23826736 0.02244491
v 0.14047891 -0.22479568 0.02120585
v 0.13121964 -0.22710751 0.00500670
v 0.11727593 -0.22715372 -0.01007939
v 0.10176530 -0.21824427 -0.02962526
v 0.09765592 -0.22532411 -0.02571076
v 0.07809355 -0.22001696 -0.03881408
v 0.05841218 -0.21394508 -0.04869404
v 0.04042672 -0.20957400 -0.05584913
v 0.02473894 -0.20822121 -0.06008395
v 0.01105279 -0.20929991 -0.06290355
v -0.00050339 -0.20970385 -0.06307098
v -0.00036090 -0.20067097 -0.06402481
v 0.08799876 -0.56868100 -0.07597330
v 0.06984096 -0.64357567 -0.00807769
v 0.08746335 -0.64169478 -0.02676459
v 0.08012450 -0.64069128 -0.00737993
v 0.10086640 -0.60671180 0.03037092
v 0.08412611 -0.60107332 0.03896215
v 0.08476259 -0.61277658 0.03015428
v 0.10215656 -0.62021601 0.01896179
v 0.06083172 -0.63748330 0.00619844
v 0.05432988 -0.63973892 0.00439556
v 0.06881546 -0.63428223 0.00920782
v 0.05491971 -0.62767971 0.02109969
v 0.03942674 -0.62226450 0.02741565
v 0.12352807 -0.63101655 -0.02988043
v 0.13579497 -0.62945926 -0.03304550
v 0.13281012 -0.62504500 -0.01451407
v 0.12387690 -0.62702626 -0.01109070
v 0.12273180 -0.59590685 0.02288574
v 0.13061254 -0.59509504 0.01663131
v 0.13113897 -0.58360231 0.02220763
v 0.12210716 -0.58367920 0.02926954
v 0.17199549 -0.62464714 -0.04125918
v 0.18440878 -0.62197185 -0.04085833
v 0.17980310 -0.62259138 -0.02464336
v 0.16721450 -0.62383473 -0.02406147
v 0.12784515 -0.60537428 0.00745029
v 0.07789232 -0.51071000 0.07203542
v 0.09383066 -0.51527959 0.06008328
v 0.10806639 -0.52106524 0.05054421
v 0.13652907 -0.53744292 0.02593950
v 0.12981208 -0.52072245 0.02842089
v 0.12887205 -0.53303993 0.03170016
v 0.14544746 -0.54140317 0.02231512
v 0.15342912 -0.54465866 0.01930046
v 0.16517928 -0.57698226 -0.06640127
v 0.16236697 -0.55425686 -0.06142485
v 0.17145529 -0.55604267 -0.05449989
v 0.17224996 -0.54953283 0.01138833
v 0.17350292 -0.54501700 0.01056080
v 0.16469136 -0.53965360 0.01269804
v 0.16432656 -0.54477692 0.01399106
v 0.11317449 -0.63318032 -0.02654661
v 0.17699046 -0.61588216 -0.01081872
v 0.17375116 -0.60823387 -0.00152390
v 0.16150694 -0.60656667 -0.00057762
v 0.16410193 -0.61605090 -0.01022963
v 0.17181849 -0.59829581 0.00545405
v 0.17061748 -0.58873194 0.01050052
v 0.15969799 -0.58674318 0.01203972
v 0.15981670 -0.59685576 0.00656513
v 0.17425109 -0.55540544 0.01292365
v 0.16275194 -0.55065799 0.01549166
v 0.19564790 -0.60876864 -0.05543253
v 0.14916418 -0.62468857 -0.05830072
v 0.13591075 -0.62622774 -0.05484801
v 0.13469167 -0.61169523 -0.06989777
v 0.14505509 -0.60764402 -0.07087375
v 0.17553398 -0.52854156 -0.02001682
v 0.17867501 -0.53072912 -0.01438467
v 0.18161950 -0.52931666 -0.00761378
v 0.16502787 -0.52768117 0.00744483
v 0.18425727 -0.53197950 -0.00254165
v 0.17733146 -0.54186821 -0.04112993
v 0.18274231 -0.55491662 -0.04985363
v 0.13171521 -0.58861947 -0.07337790
v 0.14251141 -0.58491576 -0.07279283
v 0.19590425 -0.61784375 -0.03963164
v 0.19221687 -0.61862981 -0.02309956
v 0.19873172 -0.55225289 0.01218625
v 0.18703243 -0.54826385 0.01074129
v 0.18606150 -0.55268449 0.01218398
v 0.15534943 -0.52023840 0.01178749
v 0.16549850 -0.53316504 0.01152550
v 0.14896800 -0.62807643 -0.03610798
v 0.18684955 -0.60614628 -0.00090102
v 0.18949257 -0.61339134 -0.00996138
v 0.14952573 -0.59494835 0.00890669
v 0.13949138 -0.59481865 0.01252653
v 0.13951559 -0.60507321 0.00487629
v 0.14970882 -0.60508084 0.00113361
v 0.18415073 -0.58047724 0.01252400
v 0.18302205 -0.58948541 0.00929278
v 0.13712335 -0.58262426 0.01724266
v 0.14703543 -0.58368075 0.01365263
v 0.18394201 -0.55764735 0.01218496
v 0.12334956 -0.59208930 -0.07183814
v 0.11310063 -0.57055902 -0.07279366
v 0.12226206 -0.57052159 -0.07300015
v 0.13091812 -0.56684983 -0.07163567
v 0.14006649 -0.56200475 -0.07058432
v 0.15173721 -0.55646622 -0.06774285
v 0.10248289 -0.56982881 -0.07429980
v 0.38631821 -0.51819658 0.00669163
v 0.20106715 -0.54857194 0.01092009
v 0.21079016 -0.55604625 0.01300184
v 0.21483652 -0.55105770 0.01245298
v 0.26657358 -0.56524289 0.01007948
v -0.03885906 -0.70769674 -0.18753508
v -0.03749206 -0.70217228 -0.18501067
v -0.04256545 -0.73077738 -0.18944521
v -0.04217495 -0.72737384 -0.18994828
v 0.38726148 -0.54791820 0.00147685
v 0.39509988 -0.54737806 0.00025699
v 0.44174805 -0.55065173 -0.00133412
v 0.44150838 -0.56253999 -0.01130348
v 0.46130833 -0.56212044 -0.01587308
v 0.43768501 -0.56495798 -0.04379268
v 0.43306580 -0.55330837 -0.04821717
v 0.42554206 -0.51661295 -0.04824462
v 0.43876988 -0.51186526 -0.00286119
v 0.56967604 -0.54163629 -0.06240134
v 0.58783400 -0.53610384 -0.06605554
v 0.58969212 -0.54248482 -0.05962241
v 0.57169986 -0.54636872 -0.05472480
v 0.60566884 -0.53081191 -0.06999917
v 0.58613926 -0.52796221 -0.06755704
v 0.60374957 -0.52258873 -0.06946814
v 0.58443695 -0.52059501 -0.06409035
v 0.60198063 -0.51618671 -0.06491949
v 0.60089999 -0.51127303 -0.05903400
v 0.58376873 -0.51472831 -0.05863811
v 0.58463001 -0.51045990 -0.05262455
v 0.60168487 -0.50814688 -0.05262068
v 0.56721520 -0.50782216 -0.04574835
v 0.56856006 -0.50527501 -0.03783191
v 0.58659506 -0.50716615 -0.03875844
v 0.58571935 -0.50766867 -0.04600636
v 0.60365534 -0.51377279 -0.02748526
v 0.58811152 -0.51169723 -0.02503317
v 0.58885127 -0.51879913 -0.02215830
v 0.60429764 -0.52047449 -0.02507719
v 0.57451516 -0.53395849 -0.02127373
v 0.59172851 -0.53580534 -0.02474353
v 0.59001052 -0.52772319 -0.02250383
v 0.57283562 -0.52488154 -0.01860414
v 0.60754895 -0.53743249 -0.02678338
v 0.59218478 -0.54150689 -0.03129949
v 0.60787660 -0.54237145 -0.03473360
v 0.54956681 -0.53759646 -0.06193341
v 0.55188769 -0.54525286 -0.05775941
v 0.53397173 -0.54872382 -0.05351994
v 0.56547445 -0.51778197 -0.05808585
v 0.56609696 -0.52475566 -0.06307840
v 0.54775709 -0.52884233 -0.06136264
v 0.54689735 -0.52079743 -0.05734171
v 0.53090847 -0.50357437 -0.03759295
v 0.54992163 -0.50449014 -0.03727810
v 0.54814428 -0.50825769 -0.04548613
v 0.56601489 -0.51225209 -0.05247375
v 0.54710186 -0.51416630 -0.05184980
v 0.56982529 -0.50556183 -0.02934647
v 0.58742273 -0.50795436 -0.03107319
v 0.57315689 -0.54629421 -0.04572653
v 0.59077907 -0.54384482 -0.05068329
v 0.59179723 -0.54314774 -0.04118888
v 0.57454079 -0.54482985 -0.03613517
v 0.55147779 -0.50423509 -0.02825166
v 0.55553216 -0.54909265 -0.04082622
v 0.55701184 -0.54669237 -0.03083437
v 0.57510823 -0.54146051 -0.02687079
v 0.55744636 -0.54153293 -0.02192093
v 0.60728842 -0.54194981 -0.05499788
v 0.60683125 -0.53866911 -0.06415583
v 0.55395836 -0.54969501 -0.04991254
v 0.57087588 -0.50932199 -0.02210153
v 0.55284172 -0.50758189 -0.02023168
v 0.55394256 -0.51449543 -0.01523679
v 0.57171655 -0.51629174 -0.01833114
v 0.53827149 -0.53207642 -0.01215851
v 0.55652684 -0.53269744 -0.01675855
v 0.55502200 -0.52318984 -0.01475775
v 0.60566491 -0.52941167 -0.02463798
v 0.53923726 -0.54200399 -0.01661829
v 0.67740244 -0.49932718 -0.04778786
v 0.68252593 -0.49585152 -0.05446056
v 0.67471594 -0.49213517 -0.05528893
v 0.66890723 -0.49671566 -0.04867467
v 0.65551370 -0.48531935 -0.06139345
v 0.66452432 -0.48354471 -0.06811988
v 0.65901011 -0.48571950 -0.07439213
v 0.64873624 -0.48727521 -0.06888932
v 0.68657261 -0.49557391 -0.06170020
v 0.67897278 -0.49127710 -0.06224641
v 0.68662554 -0.49841520 -0.06788523
v 0.69359493 -0.49919677 -0.06205608
v 0.69383413 -0.50403547 -0.06716377
v 0.69997263 -0.50625467 -0.06603726
v 0.69849974 -0.51432943 -0.06549519
v 0.68899232 -0.51397020 -0.06856856
v 0.68150634 -0.52757370 -0.05220541
v 0.69385666 -0.52478462 -0.05066535
v 0.69080377 -0.52768165 -0.04196696
v 0.67819381 -0.53018028 -0.04395740
v 0.68156183 -0.52805090 -0.02635833
v 0.66977680 -0.53049070 -0.02978020
v 0.67430598 -0.53022629 -0.03692209
v 0.68704259 -0.52735937 -0.03420449
v 0.67051154 -0.50564957 -0.03804075
v 0.67273074 -0.50374711 -0.04220803
v 0.66397780 -0.50257277 -0.04285221
v 0.66131735 -0.50506079 -0.03853364
v 0.68553251 -0.49963254 -0.07598379
v 0.68650931 -0.49690521 -0.07411098
v 0.68613523 -0.50434530 -0.07116316
v 0.68129325 -0.50749993 -0.07327321
v 0.63760769 -0.50121659 -0.03110473
v 0.63769937 -0.50067168 -0.03748570
v 0.62872332 -0.50219893 -0.04115468
v 0.62776506 -0.50305128 -0.03407897
v 0.63360739 -0.49404079 -0.05981832
v 0.63115609 -0.50216788 -0.06903915
v 0.62492198 -0.50537384 -0.06594963
v 0.62870932 -0.49925590 -0.05587071
v 0.64007318 -0.48995370 -0.06377255
v 0.64699805 -0.49518847 -0.07511694
v 0.63776475 -0.49826562 -0.07200779
v 0.65788025 -0.49207139 -0.07876587
v 0.62643796 -0.50670898 -0.02660523
v 0.63246042 -0.50552201 -0.02206645
v 0.74105495 -0.49875867 -0.05758547
v 0.73616385 -0.49900806 -0.05810398
v 0.73670173 -0.49917406 -0.05350280
v 0.74167007 -0.49888629 -0.05297650
v 0.63125181 -0.52233446 -0.01974964
v 0.62597793 -0.52114272 -0.02112427
v 0.62772363 -0.52869254 -0.02387847
v 0.63342863 -0.52919620 -0.02405358
v 0.63849521 -0.52317494 -0.01733976
v 0.64144975 -0.52976418 -0.02312965
v 0.74366117 -0.50801337 -0.06207526
v 0.73837733 -0.50908250 -0.06203245
v 0.73741055 -0.50498343 -0.06275108
v 0.74253398 -0.50414169 -0.06258824
v 0.68571770 -0.50047815 -0.04817371
v 0.69024557 -0.49767733 -0.05486559
v 0.70571625 -0.49819487 -0.05241339
v 0.70504743 -0.49834129 -0.05794477
v 0.69802433 -0.49776566 -0.05638776
v 0.69545352 -0.49981984 -0.04869058
v 0.68718231 -0.50555849 -0.03376956
v 0.69153416 -0.50365013 -0.03906258
v 0.68220788 -0.50471634 -0.03984099
v 0.67804837 -0.50655222 -0.03469055
v 0.67397904 -0.50664544 -0.02574727
v 0.67313617 -0.50608689 -0.02041926
v 0.68081224 -0.50629771 -0.01861249
v 0.68276590 -0.50660074 -0.02418461
v 0.70096922 -0.50576591 -0.02636890
v 0.69936085 -0.50689447 -0.02186149
v 0.70726848 -0.50876760 -0.02161149
v 0.70908904 -0.50727212 -0.02573650
v 0.62104779 -0.52144766 -0.02223339
v 0.62234104 -0.52901244 -0.02388751
v 0.67169768 -0.52570558 -0.01202323
v 0.67947131 -0.52450240 -0.00797645
v 0.67519397 -0.51983976 -0.00190105
v 0.66677135 -0.52099860 -0.00636403
v 0.63688987 -0.53386068 -0.03055358
v 0.63069063 -0.53427219 -0.03040784
v 0.74477100 -0.51101017 -0.05860553
v 0.73944360 -0.51235676 -0.05873431
v 0.66073233 -0.50094759 -0.07994220
v 0.64919811 -0.50535339 -0.07610171
v 0.63928157 -0.50912166 -0.07309052
v 0.63222176 -0.51232439 -0.07111485
v 0.62627578 -0.51489383 -0.07050020
v 0.69921237 -0.50074953 -0.04466465
v 0.67994016 -0.50348449 -0.04306376
v 0.66866499 -0.50642341 -0.03512732
v 0.66099024 -0.50551176 -0.01173602
v 0.66419470 -0.50490063 -0.01743076
v 0.65784746 -0.50373471 -0.02026755
v 0.65356964 -0.50540221 -0.01278155
v 0.66530448 -0.51420033 -0.00377430
v 0.67374355 -0.51349145 -0.00049803
v 0.67484844 -0.50882065 -0.00295072
v 0.66709119 -0.50875831 -0.00572607
v 0.68437225 -0.50103992 -0.07893692
v 0.67656362 -0.50756669 -0.07635113
v 0.63069916 -0.51397884 -0.01834436
v 0.62526828 -0.51363939 -0.02161557
v 0.62078720 -0.51376873 -0.02515431
v 0.64923471 -0.50254339 -0.03770695
v 0.65083647 -0.50167698 -0.04042888
v 0.63910937 -0.49753052 -0.04510086
v 0.63797659 -0.49981600 -0.04126217
v 0.65889621 -0.49228224 -0.05010965
v 0.66574210 -0.48775721 -0.05684040
v 0.64755535 -0.48891681 -0.05455163
v 0.62886894 -0.50093859 -0.04718950
v 0.62231040 -0.50417513 -0.05019398
v 0.62217516 -0.50472224 -0.04333854
v 0.62141299 -0.50577712 -0.03610609
v 0.62091464 -0.50888473 -0.02956302
v 0.61465180 -0.50634778 -0.05144321
v 0.61499953 -0.50616658 -0.04455249
v 0.61475384 -0.50720537 -0.03727251
v 0.61441654 -0.50976801 -0.03115699
v 0.61726350 -0.53753769 -0.02892281
v 0.62430197 -0.53550088 -0.03009033
v 0.61608148 -0.52939445 -0.02407663
v 0.61584598 -0.51085514 -0.06595267
v 0.61493230 -0.50812709 -0.05857201
v 0.62279308 -0.50449234 -0.05789701
v 0.61833340 -0.51789719 -0.07048709
v 0.67144322 -0.48393387 -0.07311378
v 0.67656082 -0.48694938 -0.06945799
v 0.68165016 -0.48627296 -0.07324681
v 0.67800182 -0.48370636 -0.07662468
v 0.69970137 -0.50086635 -0.06290135
v 0.70562685 -0.50145733 -0.06298818
v 0.70617902 -0.50697082 -0.06497129
v 0.63927603 -0.50589871 -0.01785371
v 0.64399564 -0.50213182 -0.02588420
v 0.70706850 -0.49938402 -0.04788616
v 0.73204237 -0.51014292 -0.06210830
v 0.72099978 -0.51101834 -0.06263974
v 0.71994013 -0.50601488 -0.06350683
v 0.73121476 -0.50562978 -0.06286241
v 0.71459419 -0.50270903 -0.04521061
v 0.72166705 -0.50418293 -0.04651838
v 0.71948028 -0.50034422 -0.04937722
v 0.71275645 -0.49972737 -0.04909221
v 0.69692057 -0.50740403 -0.01633586
v 0.70349622 -0.50888973 -0.01609774
v 0.70538676 -0.51948178 -0.04844816
v 0.69626212 -0.52188122 -0.05919338
v 0.70556170 -0.51910651 -0.05765836
v 0.68460423 -0.50653702 -0.02881715
v 0.69132715 -0.50636566 -0.02272663
v 0.69290692 -0.50577527 -0.02726418
v 0.70182645 -0.50113034 -0.04258091
v 0.69832903 -0.50276208 -0.03871745
v 0.70497596 -0.50250363 -0.03940146
v 0.70763165 -0.50087857 -0.04409999
v 0.65483189 -0.51334155 -0.00708750
v 0.65673536 -0.52271205 -0.01046426
v 0.73647076 -0.50133598 -0.06136259
v 0.74151140 -0.50087202 -0.06091612
v 0.61492687 -0.52100837 -0.02445500
v 0.61445743 -0.51438010 -0.02691098
v 0.67559797 -0.50703889 -0.03044205
v 0.68471992 -0.52319354 -0.06069629
v 0.66662854 -0.50646067 -0.03172028
v 0.69527149 -0.52165914 -0.01438889
v 0.70198929 -0.52180785 -0.01356144
v 0.70126790 -0.51690394 -0.01042535
v 0.69442797 -0.51702452 -0.00965836
v 0.73232585 -0.50529462 -0.04720160
v 0.73884130 -0.50570422 -0.04757632
v 0.73776722 -0.50172764 -0.04947941
v 0.73098361 -0.50127292 -0.04968877
v 0.71138877 -0.49830481 -0.05344084
v 0.71836942 -0.49844927 -0.05362391
v 0.71812576 -0.49886662 -0.05846836
v 0.71076369 -0.49875522 -0.05853872
v 0.71121550 -0.50180483 -0.06250357
v 0.71877652 -0.50185609 -0.06203330
v 0.73349577 -0.51043308 -0.04823830
v 0.72330159 -0.50975037 -0.04763922
v 0.72249305 -0.51436514 -0.05250075
v 0.73348308 -0.51386082 -0.05330305
v 0.65793043 -0.53264952 -0.03317851
v 0.66555464 -0.52971065 -0.02222454
v 0.65423530 -0.53170401 -0.02618563
v 0.69196457 -0.52593184 -0.02315097
v 0.68643737 -0.52306813 -0.01480293
v 0.67659211 -0.52724147 -0.01852452
v 0.66141373 -0.52781713 -0.01628290
v 0.71285164 -0.51116693 -0.04324248
v 0.71200609 -0.51630235 -0.04383194
v 0.71346116 -0.51442534 -0.04987412
v 0.66422760 -0.50515443 -0.02616061
v 0.73027343 -0.50153136 -0.06164180
v 0.63745862 -0.52930689 -0.06676865
v 0.64523029 -0.52728707 -0.06632012
v 0.64617348 -0.53387159 -0.05663752
v 0.63780767 -0.53529108 -0.05858674
v 0.73009145 -0.49866575 -0.05396983
v 0.72988045 -0.49855894 -0.05841261
v 0.69599211 -0.50832754 -0.01057731
v 0.69673032 -0.51152909 -0.00658252
v 0.70162612 -0.51265830 -0.00848768
v 0.70180434 -0.51021266 -0.01151944
v 0.65085405 -0.52979451 -0.02027507
v 0.68483120 -0.52336699 -0.00429841
v 0.68198228 -0.51828301 0.00168493
v 0.64439070 -0.53366202 -0.02916698
v 0.63991159 -0.53623879 -0.03881428
v 0.64767683 -0.53466731 -0.03651854
v 0.69971591 -0.52303362 -0.03174033
v 0.66186160 -0.53252840 -0.03962403
v 0.65107727 -0.53412980 -0.04300152
v 0.64257705 -0.53577971 -0.04683448
v 0.63578147 -0.53745121 -0.04872710
v 0.63375050 -0.53699416 -0.03983643
v 0.73293561 -0.51342624 -0.05880219
v 0.74000716 -0.51290947 -0.05359117
v 0.61839509 -0.54102504 -0.03849155
v 0.62658674 -0.53872049 -0.03992097
v 0.61917514 -0.54114187 -0.04827530
v 0.62831295 -0.53893912 -0.04934952
v 0.65685970 -0.53187126 -0.05675349
v 0.65412265 -0.53386736 -0.04987939
v 0.66909218 -0.53007305 -0.05396979
v 0.66545737 -0.53220332 -0.04633741
v 0.70200419 -0.52462542 -0.04056986
v 0.75297034 -0.50848180 -0.05034390
v 0.75221193 -0.50542015 -0.04812343
v 0.74460089 -0.50558341 -0.04764301
v 0.74560106 -0.50928342 -0.04982191
v 0.73976547 -0.50999105 -0.04914701
v 0.74553138 -0.51180911 -0.05385814
v 0.67239571 -0.52497476 -0.06245189
v 0.71173298 -0.50366253 -0.04016669
v 0.65813535 -0.52438128 -0.06655801
v 0.66884923 -0.51627505 -0.07356411
v 0.67803484 -0.51749945 -0.07032964
v 0.65274709 -0.51555568 -0.07432730
v 0.64212829 -0.51902544 -0.07143893
v 0.62852949 -0.52315611 -0.07062329
v 0.63451648 -0.52135706 -0.07056417
v 0.61990994 -0.52595013 -0.07129464
v 0.66376030 -0.50974715 -0.07791218
v 0.74849296 -0.49861354 -0.05183795
v 0.74787736 -0.49787357 -0.05654620
v 0.63038534 -0.53132474 -0.06711461
v 0.62093067 -0.53449070 -0.06702906
v 0.67210907 -0.48654342 -0.06382435
v 0.65788120 -0.50524294 -0.03334511
v 0.65555274 -0.50412488 -0.02925504
v 0.65129268 -0.50278616 -0.02282904
v 0.64648926 -0.50541592 -0.01478170
v 0.62032580 -0.54004228 -0.05817086
v 0.60263997 -0.50710094 -0.04594151
v 0.60301030 -0.50810534 -0.03862078
v 0.60751933 -0.54311991 -0.04503870
v 0.74832845 -0.49973929 -0.06013618
v 0.71040034 -0.51360279 -0.02415327
v 0.71204817 -0.51244909 -0.02557085
v 0.66697901 -0.48494446 -0.07773659
v 0.67515630 -0.48466545 -0.08059996
v 0.67911088 -0.49438816 -0.08434297
v 0.66992128 -0.49715364 -0.08257321
v 0.66668141 -0.49002135 -0.08174046
v 0.67598456 -0.48872259 -0.08356227
v 0.64824486 -0.50283742 -0.03513356
v 0.64704460 -0.50247526 -0.03126624
v 0.64714015 -0.52359754 -0.01440685
v 0.64541852 -0.51451743 -0.01091949
v 0.71211833 -0.50658923 -0.06425620
v 0.71261007 -0.51184773 -0.06276128
v 0.70612210 -0.51321697 -0.06384277
v 0.72164643 -0.51486254 -0.05839643
v 0.71625245 -0.50858772 -0.04617209
v 0.71418959 -0.50735462 -0.04266818
v 0.65391308 -0.49829698 -0.04445404
v 0.64220452 -0.49400210 -0.04929213
v 0.68462706 -0.49175161 -0.07200327
v 0.68104661 -0.49160042 -0.06796214
v 0.69496095 -0.50441712 -0.03300919
v 0.71040344 -0.52135801 -0.03289264
v 0.71079838 -0.52210712 -0.03999715
v 0.70222020 -0.50439560 -0.03284513
v 0.74963409 -0.50272983 -0.06184132
v 0.75089329 -0.50660181 -0.06148124
v 0.71292406 -0.51637018 -0.05767397
v 0.68910480 -0.50646353 -0.01693441
v 0.71173364 -0.51741832 -0.02841659
v 0.70550781 -0.52021682 -0.02668025
v 0.67999220 -0.51340973 0.00187194
v 0.63017833 -0.53764284 -0.05920444
v 0.74298447 -0.50131059 -0.04891677
v 0.74998504 -0.50127459 -0.04815623
v 0.75253600 -0.51016533 -0.05373129
v 0.75163770 -0.50970900 -0.05805071
v 0.63766766 -0.51434112 -0.01488205
v 0.65955412 -0.50533587 -0.03592242
v 0.60310185 -0.50983059 -0.03207570
v 0.67282706 -0.50403893 -0.08031104
v 0.68220967 -0.49964046 -0.08225480
v 0.70905250 -0.50485384 -0.03258917
v 0.68953031 -0.52105069 -0.00869253
v 0.70857507 -0.52190340 -0.02483513
v 0.70481163 -0.52466941 -0.01990201
v 0.69915134 -0.52482259 -0.02108579
v 0.71125269 -0.51759762 -0.02456635
v 0.75782615 -0.50881481 -0.05781611
v 0.75853616 -0.50923198 -0.05362345
v 0.75722480 -0.50569665 -0.06120336
v 0.75544590 -0.50201499 -0.06117288
v 0.75364971 -0.49925202 -0.05954146
v 0.75876540 -0.50770319 -0.05040783
v 0.75778419 -0.50494695 -0.04839342
v 0.75506020 -0.50089341 -0.04834006
v 0.76372910 -0.50698674 -0.05008643
v 0.76455957 -0.50816071 -0.05331855
v 0.76877564 -0.50281388 -0.06041260
v 0.77022964 -0.50483334 -0.05939090
v 0.76700121 -0.50560534 -0.05939844
v 0.76395118 -0.50483119 -0.06067191
v 0.77316374 -0.50193471 -0.05946821
v 0.77446133 -0.50433737 -0.05881210
v 0.77066582 -0.50692034 -0.05700177
v 0.76658183 -0.50716799 -0.05741001
v 0.77522016 -0.50660962 -0.05637118
v 0.77485853 -0.50694358 -0.05311149
v 0.77047187 -0.50701207 -0.05381791
v 0.76707649 -0.50739157 -0.05485644
v 0.76327556 -0.50789315 -0.05761043
v 0.77707928 -0.50210613 -0.05772678
v 0.77933294 -0.50368726 -0.05436726
v 0.77890301 -0.50592709 -0.05563401
v 0.77738100 -0.50407958 -0.05801348
v 0.76099104 -0.50148022 -0.06051858
v 0.76703960 -0.50052190 -0.05957044
v 0.77200943 -0.49986511 -0.05837876
v 0.77594328 -0.50012493 -0.05626773
v 0.76608771 -0.49821270 -0.05764658
v 0.77133614 -0.49844071 -0.05626251
v 0.77451056 -0.49902862 -0.05445641
v 0.76584607 -0.49726754 -0.05458753
v 0.77117270 -0.49813202 -0.05371467
v 0.75892639 -0.49884418 -0.05887347
v 0.75811118 -0.49744415 -0.05570185
v 0.77350229 -0.49887267 -0.05312608
v 0.77798152 -0.50190794 -0.05293524
v 0.76960731 -0.50697243 -0.05128821
v 0.77427942 -0.50628281 -0.05057793
v 0.76894855 -0.50594181 -0.04930858
v 0.77371633 -0.50510830 -0.04901366
v 0.77811313 -0.50679696 -0.05284393
v 0.77798986 -0.50550646 -0.05117407
v 0.75274646 -0.49775833 -0.05615928
v 0.75332034 -0.49867257 -0.05149210
v 0.75836486 -0.49837628 -0.05138593
v 0.76608330 -0.49818176 -0.05049167
v 0.76008821 -0.50107807 -0.04852008
v 0.76278698 -0.50457388 -0.04828622
v 0.76825953 -0.50403148 -0.04808246
v 0.76696092 -0.50102997 -0.04800656
v 0.77277780 -0.50324535 -0.04829405
v 0.77185130 -0.50100505 -0.04855073
v 0.77139467 -0.49908072 -0.05064679
v 0.77540714 -0.50218803 -0.04933381
v 0.77689373 -0.50387388 -0.04990044
v 0.77596396 -0.50059843 -0.05179220
v 0.77403980 -0.49981013 -0.05108921
v 0.77408677 -0.50096452 -0.04946032
v 0.74668366 -0.50762939 -0.03204482
v 0.73990899 -0.50786471 -0.03341139
v 0.73947954 -0.50848460 -0.02904155
v 0.74648851 -0.50839210 -0.02762430
v 0.74744838 -0.51636112 -0.03887230
v 0.74124110 -0.51725537 -0.03971922
v 0.74100918 -0.51261550 -0.03943563
v 0.74721557 -0.51172084 -0.03811796
v 0.74698925 -0.51981968 -0.03463294
v 0.74085796 -0.52094996 -0.03558447
v 0.73389572 -0.51780456 -0.04097265
v 0.72136641 -0.51688170 -0.04235316
v 0.72104144 -0.51183546 -0.04136018
v 0.73366177 -0.51286471 -0.04034021
v 0.71947151 -0.51268566 -0.02520927
v 0.71799612 -0.50883830 -0.02714039
v 0.74042439 -0.50945580 -0.03678413
v 0.74699384 -0.50871289 -0.03557306
v 0.73222017 -0.51364112 -0.02404769
v 0.74022985 -0.51402521 -0.02316581
v 0.73967659 -0.51063895 -0.02524674
v 0.73158026 -0.50995177 -0.02612515
v 0.71779519 -0.50634795 -0.03203987
v 0.71894652 -0.50540149 -0.03725676
v 0.72032028 -0.50791526 -0.03999455
v 0.73302096 -0.51803637 -0.02533202
v 0.72069591 -0.51781327 -0.02696736
v 0.72074300 -0.52151114 -0.03189065
v 0.73347026 -0.52135366 -0.03007720
v 0.73289537 -0.50924134 -0.03812783
v 0.73129565 -0.50789881 -0.03039860
v 0.73203367 -0.50722748 -0.03490156
v 0.73345840 -0.52139789 -0.03653736
v 0.74087477 -0.52076751 -0.02910848
v 0.75623226 -0.51710910 -0.02366035
v 0.75622928 -0.51413774 -0.02136539
v 0.74709988 -0.51402098 -0.02220715
v 0.74753052 -0.51746839 -0.02421297
v 0.74081421 -0.51774585 -0.02480315
v 0.74718451 -0.51994008 -0.02866534
v 0.75633448 -0.50842881 -0.02543403
v 0.75617546 -0.50733626 -0.03001020
v 0.75640315 -0.50816166 -0.03354914
v 0.72089195 -0.52182984 -0.03862980
v 0.75633627 -0.51082808 -0.03601778
v 0.75620407 -0.51518267 -0.03697026
v 0.74665070 -0.51061559 -0.02379292
v 0.75607795 -0.51067436 -0.02211487
v 0.75573874 -0.51906323 -0.02769961
v 0.75541502 -0.51880962 -0.03320450
v 0.76285928 -0.51798379 -0.03162751
v 0.76283306 -0.51816863 -0.02658275
v 0.76364201 -0.51475155 -0.03548514
v 0.76296800 -0.51065934 -0.03476306
v 0.76231033 -0.50829327 -0.03243567
v 0.76310605 -0.51681656 -0.02330479
v 0.76275104 -0.51435471 -0.02126421
v 0.76188612 -0.51087141 -0.02160265
v 0.76957792 -0.51654559 -0.02247386
v 0.77045870 -0.51764959 -0.02529298
v 0.78169817 -0.51280171 -0.03057136
v 0.78223544 -0.51534408 -0.03008853
v 0.77757436 -0.51536578 -0.03105192
v 0.77663213 -0.51328057 -0.03238094
v 0.77421677 -0.51591861 -0.03155035
v 0.77129543 -0.51473653 -0.03358993
v 0.77776957 -0.51670539 -0.02803135
v 0.77350330 -0.51714945 -0.02917993
v 0.78272873 -0.51799476 -0.02753243
v 0.78192687 -0.51793468 -0.02422463
v 0.77664441 -0.51745117 -0.02554172
v 0.77335054 -0.51734060 -0.02647016
v 0.78602558 -0.51342314 -0.02849495
v 0.78581131 -0.51552218 -0.02916996
v 0.76961982 -0.51753247 -0.03008565
v 0.76881164 -0.51085639 -0.03341906
v 0.77537000 -0.51046014 -0.03181326
v 0.78116822 -0.51046479 -0.02964361
v 0.78529125 -0.51132441 -0.02713920
v 0.77433354 -0.50809109 -0.02970859
v 0.78027654 -0.50880277 -0.02780130
v 0.78362674 -0.51009232 -0.02553505
v 0.77365816 -0.50717425 -0.02618740
v 0.77953929 -0.50833285 -0.02488292
v 0.76728982 -0.50816691 -0.03126951
v 0.76636195 -0.50736958 -0.02792060
v 0.78228772 -0.50970113 -0.02421705
v 0.78684068 -0.51341152 -0.02405206
v 0.78808779 -0.51553798 -0.02530055
v 0.78750604 -0.51805967 -0.02682315
v 0.77600330 -0.51681381 -0.02351378
v 0.78156006 -0.51664829 -0.02249104
v 0.77575362 -0.51620340 -0.02151556
v 0.78126544 -0.51590353 -0.02098259
v 0.78584069 -0.51825243 -0.02370393
v 0.78597885 -0.51678091 -0.02254919
v 0.76184922 -0.50754660 -0.02890015
v 0.76169038 -0.50848442 -0.02481760
v 0.76612151 -0.50823539 -0.02388031
v 0.77338779 -0.50835478 -0.02211902
v 0.76662451 -0.51091886 -0.02084997
v 0.76845288 -0.51442742 -0.02061546
v 0.77481306 -0.51447737 -0.02000546
v 0.77369231 -0.51144236 -0.01977208
v 0.78032696 -0.51437497 -0.02010830
v 0.77929306 -0.51209295 -0.01994256
v 0.77915001 -0.50964254 -0.02171544
v 0.78365213 -0.51368773 -0.02087532
v 0.78524452 -0.51518947 -0.02141936
v 0.78499693 -0.51194036 -0.02291567
v 0.78248662 -0.51082230 -0.02218644
v 0.78203905 -0.51230538 -0.02071019
v 0.73467970 -0.51349258 -0.01318565
v 0.72936606 -0.51366234 -0.01475156
v 0.72774899 -0.51301789 -0.01057061
v 0.73304969 -0.51273918 -0.00877421
v 0.73544228 -0.52230668 -0.01607780
v 0.72951883 -0.52286577 -0.01853011
v 0.73055559 -0.51934958 -0.01916757
v 0.73595989 -0.51924443 -0.01692488
v 0.73432565 -0.52427721 -0.01238766
v 0.72788614 -0.52503097 -0.01429895
v 0.72345448 -0.52286172 -0.02054698
v 0.71474642 -0.52246618 -0.02285410
v 0.71609873 -0.51791853 -0.02287101
v 0.72487432 -0.51887047 -0.02104574
v 0.73045498 -0.51617318 -0.01769701
v 0.73572010 -0.51619631 -0.01584689
v 0.71948189 -0.51536083 -0.00586286
v 0.72603649 -0.51640439 -0.00468767
v 0.72656733 -0.51408029 -0.00680005
v 0.72001147 -0.51326472 -0.00833521
v 0.71060359 -0.51084757 -0.01474314
v 0.71314752 -0.51134652 -0.01876668
v 0.71524364 -0.51405942 -0.02110875
v 0.71954429 -0.51967692 -0.00600779
v 0.70928371 -0.51821548 -0.00862129
v 0.71015054 -0.52308464 -0.01185749
v 0.71991324 -0.52393806 -0.00984324
v 0.72488648 -0.51538193 -0.01920104
v 0.72144938 -0.51203024 -0.01210968
v 0.72346991 -0.51276106 -0.01625533
v 0.72127199 -0.52503705 -0.01605695
v 0.72645468 -0.52382445 -0.00862742
v 0.74144757 -0.52108735 -0.00192734
v 0.74111575 -0.51784378 -0.00062975
v 0.73178256 -0.51683837 -0.00282910
v 0.73209983 -0.52054834 -0.00372150
v 0.72594607 -0.52016306 -0.00487331
v 0.73305684 -0.52342731 -0.00735156
v 0.74132556 -0.51282835 -0.00606770
v 0.74245906 -0.51316011 -0.01025430
v 0.74347508 -0.51579475 -0.01288366
v 0.71228260 -0.52493161 -0.01827955
v 0.70878905 -0.51376855 -0.00822115
v 0.74393356 -0.51838952 -0.01385949
v 0.74388379 -0.52124900 -0.01324411
v 0.73196340 -0.51410514 -0.00488587
v 0.74062371 -0.51475692 -0.00229902
v 0.74201113 -0.52318639 -0.00540336
v 0.74283010 -0.52371252 -0.01003717
v 0.74894786 -0.52323830 -0.00827704
v 0.74802887 -0.52336812 -0.00377183
v 0.75016063 -0.52089083 -0.01148454
v 0.74974281 -0.51801360 -0.01174487
v 0.74874580 -0.51562297 -0.01087568
v 0.74750376 -0.52124572 -0.00063691
v 0.74713254 -0.51840472 0.00039467
v 0.74588150 -0.51521099 -0.00109040
v 0.75198919 -0.52127719 0.00079110
v 0.75358349 -0.52293462 -0.00222417
v 0.76536608 -0.51904327 -0.00691392
v 0.76546806 -0.52070159 -0.00588629
v 0.76128274 -0.52046603 -0.00693811
v 0.76111609 -0.51914352 -0.00839779
v 0.75821155 -0.52114820 -0.00777875
v 0.75594378 -0.52059585 -0.00962245
v 0.76079506 -0.52279985 -0.00465892
v 0.75706655 -0.52259767 -0.00581090
v 0.76502895 -0.52297199 -0.00326629
v 0.76335824 -0.52284688 0.00008068
v 0.75920677 -0.52250731 -0.00142926
v 0.75642908 -0.52291876 -0.00307282
v 0.76879930 -0.51964408 -0.00470059
v 0.76834762 -0.52119535 -0.00466504
v 0.75381750 -0.52274525 -0.00678858
v 0.75453955 -0.51780117 -0.01028455
v 0.76017916 -0.51702321 -0.00858046
v 0.76479435 -0.51693022 -0.00671137
v 0.76788276 -0.51740932 -0.00413738
v 0.75897580 -0.51492065 -0.00741719
v 0.76371551 -0.51513344 -0.00544171
v 0.76623136 -0.51585865 -0.00322745
v 0.75765800 -0.51336211 -0.00531345
v 0.76260912 -0.51409376 -0.00352580
v 0.75322860 -0.51537395 -0.00925485
v 0.75152683 -0.51370645 -0.00711639
v 0.76478094 -0.51511115 -0.00232876
v 0.76841992 -0.51881218 -0.00021442
v 0.76954734 -0.52127469 -0.00104673
v 0.76880240 -0.52328473 -0.00204545
v 0.75803816 -0.52222532 0.00064838
v 0.76255900 -0.52197123 0.00189240
v 0.75691283 -0.52062976 0.00211931
v 0.76182294 -0.52042037 0.00295427
v 0.76652139 -0.52316022 0.00048562
v 0.76645088 -0.52204341 0.00166260
v 0.74735075 -0.51366633 -0.00862351
v 0.74609166 -0.51339090 -0.00486862
v 0.75021744 -0.51353562 -0.00376368
v 0.75658554 -0.51356447 -0.00178290
v 0.74986494 -0.51547462 -0.00019958
v 0.75101662 -0.51847661 0.00121740
v 0.75609219 -0.51833111 0.00245440
v 0.75570530 -0.51559287 0.00123273
v 0.76119906 -0.51829177 0.00310095
v 0.76088297 -0.51605970 0.00208751
v 0.76159239 -0.51441616 -0.00052369
v 0.76446056 -0.51808298 0.00242002
v 0.76555485 -0.52016389 0.00240989
v 0.76637328 -0.51692182 -0.00008706
v 0.76441973 -0.51562119 -0.00011576
v 0.76349741 -0.51650393 0.00184834
v 0.70901418 -0.51187140 -0.01104893
v 0.71121740 -0.51543587 0.00788176
v 0.70753866 -0.51524955 0.00532573
v 0.70562696 -0.51465243 0.00821481
v 0.70924056 -0.51471525 0.01075405
v 0.71195871 -0.52389687 0.00727846
v 0.70782703 -0.52402812 0.00423525
v 0.70905674 -0.52092546 0.00264525
v 0.71318048 -0.52103108 0.00563440
v 0.70954394 -0.52487445 0.01108248
v 0.70513695 -0.52502900 0.00830227
v 0.70276487 -0.52323627 0.00108780
v 0.69479585 -0.52195650 -0.00432620
v 0.69705379 -0.51825947 -0.00467597
v 0.70409673 -0.52004236 -0.00040612
v 0.68458503 -0.51340872 0.00375318
v 0.69015765 -0.51414192 0.00652566
v 0.69203591 -0.51226437 0.00447517
v 0.68592936 -0.51073223 0.00137194
v 0.70886743 -0.51758677 0.00312568
v 0.71271223 -0.51785076 0.00612171
v 0.69784951 -0.51589441 0.01067483
v 0.70233500 -0.51702255 0.01353882
v 0.70388234 -0.51524764 0.01109586
v 0.69964606 -0.51405627 0.00850122
v 0.68868238 -0.50942868 -0.00133085
v 0.69422609 -0.51160818 0.00191055
v 0.69606972 -0.51244742 -0.00112210
v 0.69221109 -0.50943315 -0.00441256
v 0.69740283 -0.51440740 -0.00293192
v 0.69695520 -0.51899898 0.01112112
v 0.68901664 -0.51712704 0.00675957
v 0.68864185 -0.52101779 0.00496901
v 0.69761074 -0.52253008 0.00941454
v 0.70434010 -0.51667076 0.00057742
v 0.70136422 -0.51356876 0.00575234
v 0.70321530 -0.51439404 0.00278251
v 0.69998580 -0.52431291 0.00483996
v 0.70279336 -0.52328211 0.01239012
v 0.71123052 -0.52072144 0.02065648
v 0.71133935 -0.51786858 0.02005182
v 0.70614511 -0.51743490 0.01646163
v 0.70575976 -0.52062201 0.01723033
v 0.70178437 -0.52012849 0.01427888
v 0.70705599 -0.52365553 0.01525125
v 0.71417964 -0.51490355 0.01416626
v 0.71636057 -0.51559758 0.01145189
v 0.71774948 -0.51789528 0.00970092
v 0.69121832 -0.52378088 -0.00062861
v 0.71845078 -0.52072090 0.00945765
v 0.71757430 -0.52346587 0.01090473
v 0.70752561 -0.51544702 0.01381795
v 0.71247852 -0.51578879 0.01738852
v 0.71254480 -0.52355522 0.01875528
v 0.71497321 -0.52450055 0.01447884
v 0.71951199 -0.52470982 0.01722183
v 0.71718550 -0.52364558 0.02136766
v 0.72185671 -0.52322966 0.01361279
v 0.72219121 -0.52041775 0.01214810
v 0.72124761 -0.51791525 0.01232029
v 0.71548599 -0.52059031 0.02300866
v 0.71550721 -0.51821512 0.02209501
v 0.71636814 -0.51636201 0.01955371
v 0.71973604 -0.52078307 0.02502571
v 0.72198296 -0.52347821 0.02357716
v 0.73313731 -0.52098298 0.01943910
v 0.73256546 -0.52239329 0.02036000
v 0.72995818 -0.52231556 0.01909088
v 0.72992200 -0.52131587 0.01748415
v 0.72707283 -0.52302837 0.01824876
v 0.72583109 -0.52258098 0.01611584
v 0.72832882 -0.52394044 0.02157043
v 0.72543782 -0.52396548 0.02027940
v 0.73153663 -0.52403367 0.02323151
v 0.72979146 -0.52307069 0.02656889
v 0.72666085 -0.52344626 0.02507929
v 0.72452158 -0.52387351 0.02319929
v 0.73553663 -0.52120227 0.02195413
v 0.73472005 -0.52259511 0.02193374
v 0.72308606 -0.52429175 0.01906640
v 0.72569013 -0.52034485 0.01436050
v 0.72977352 -0.51959699 0.01661004
v 0.73376524 -0.51911992 0.01931125
v 0.73566610 -0.51921773 0.02259259
v 0.72870535 -0.51778072 0.01687657
v 0.73257703 -0.51751089 0.01984547
v 0.73442584 -0.51763248 0.02281626
v 0.72682309 -0.51632226 0.01788163
v 0.73072231 -0.51642466 0.02061744
v 0.72427183 -0.51801020 0.01424097
v 0.72235483 -0.51644731 0.01529238
v 0.73261493 -0.51689595 0.02249658
v 0.73476762 -0.51968622 0.02561853
v 0.73515809 -0.52178568 0.02551745
v 0.73428291 -0.52383703 0.02479166
v 0.72537571 -0.52240318 0.02660094
v 0.72916508 -0.52173221 0.02802914
v 0.72399664 -0.52038342 0.02688805
v 0.72883910 -0.51986283 0.02811754
v 0.73236519 -0.52321184 0.02703546
v 0.73256487 -0.52168536 0.02772561
v 0.71958131 -0.51595461 0.01387984
v 0.71776342 -0.51537061 0.01626731
v 0.72043741 -0.51565886 0.01793616
v 0.72484773 -0.51565051 0.02020289
v 0.71916372 -0.51664019 0.02123078
v 0.71888769 -0.51832372 0.02383274
v 0.72346044 -0.51827997 0.02588243
v 0.72364342 -0.51644349 0.02346993
v 0.72835660 -0.51807100 0.02703262
v 0.72844666 -0.51663536 0.02505183
v 0.72931117 -0.51600564 0.02252628
v 0.73179233 -0.51818335 0.02658432
v 0.73237199 -0.51975369 0.02760241
v 0.73359376 -0.51805377 0.02506834
v 0.73204327 -0.51695979 0.02409142
v 0.73109347 -0.51719362 0.02544572
v 0.68443286 -0.51595300 0.00425518
v 0.69377750 -0.49766666 -0.08191557
v 0.69446856 -0.49620074 -0.07851817
v 0.69201499 -0.48796555 -0.07499705
v 0.68923736 -0.48401386 -0.07679118
v 0.68657774 -0.48234665 -0.08058176
v 0.68585747 -0.48364598 -0.08437632
v 0.68693334 -0.48717862 -0.08659907
v 0.69409698 -0.49292806 -0.07583235
v 0.69193876 -0.49678293 -0.08545211
v 0.68921208 -0.49230450 -0.08753104
v 0.69817477 -0.49074402 -0.09107169
v 0.70033288 -0.49551946 -0.08879346
v 0.69555801 -0.48529372 -0.09028668
v 0.69365430 -0.48155266 -0.08707925
v 0.69302505 -0.48063773 -0.08275300
v 0.70151848 -0.49646598 -0.08434050
v 0.70120281 -0.49479377 -0.08016948
v 0.69961774 -0.49090427 -0.07731432
v 0.70896441 -0.49549356 -0.08670945
v 0.71093810 -0.49411690 -0.09185375
v 0.71498877 -0.48018545 -0.09386429
v 0.71593112 -0.48310679 -0.09602945
v 0.71195126 -0.48379880 -0.09493829
v 0.71011430 -0.48075688 -0.09291118
v 0.70950675 -0.48506734 -0.09399871
v 0.70551991 -0.48344815 -0.09245103
v 0.71427524 -0.48831752 -0.09615142
v 0.71150285 -0.48859990 -0.09484142
v 0.71676558 -0.49228209 -0.09485525
v 0.71349764 -0.49203420 -0.09442358
v 0.71811134 -0.48753488 -0.09770636
v 0.71943688 -0.48285139 -0.09710903
v 0.72171104 -0.48623368 -0.09805325
v 0.72004384 -0.48088539 -0.09537183
v 0.70742083 -0.48922509 -0.09360854
v 0.70132565 -0.47991449 -0.08879231
v 0.70848542 -0.47847396 -0.09020708
v 0.71488577 -0.47812101 -0.09130987
v 0.72045463 -0.47977728 -0.09218096
v 0.70802611 -0.47798210 -0.08620676
v 0.71533728 -0.47835675 -0.08789132
v 0.72000492 -0.48026469 -0.08912773
v 0.70915830 -0.48006344 -0.08269729
v 0.71596110 -0.48031932 -0.08545935
v 0.69948983 -0.47907639 -0.08429324
v 0.69979143 -0.48111171 -0.08015295
v 0.71933728 -0.48124945 -0.08724201
v 0.72421354 -0.48372859 -0.09244151
v 0.72438669 -0.48445582 -0.09602520
v 0.71719289 -0.49392933 -0.09218273
v 0.72022432 -0.49137270 -0.09613326
v 0.72149783 -0.49227494 -0.09324586
v 0.71634698 -0.49399114 -0.08835957
v 0.72164947 -0.49158907 -0.08997636
v 0.72291696 -0.48965329 -0.09710810
v 0.72445101 -0.48935515 -0.09476268
v 0.69430870 -0.48233226 -0.07869314
v 0.69689429 -0.48596111 -0.07666516
v 0.70209110 -0.48519510 -0.07822958
v 0.71082807 -0.48421264 -0.08069996
v 0.70548850 -0.49028695 -0.07861412
v 0.70774519 -0.49409175 -0.08228935
v 0.71544355 -0.49233991 -0.08472423
v 0.71352160 -0.48897946 -0.08168039
v 0.72076946 -0.48985508 -0.08710462
v 0.71906072 -0.48725110 -0.08520897
v 0.71735537 -0.48358074 -0.08457568
v 0.72284764 -0.48690155 -0.08881299
v 0.72443038 -0.48816162 -0.09153156
v 0.72263944 -0.48350033 -0.08946763
v 0.72075033 -0.48346922 -0.08723034
v 0.72129059 -0.48591056 -0.08718751
v 0.68096173 -0.50927025 -0.00075196
v 0.68373650 -0.50740588 -0.00440200
v 0.67717606 -0.50702226 -0.00716236
v 0.66911924 -0.50605619 -0.00950846
v 0.66027921 -0.50812972 -0.00763039
v 0.67159075 -0.50555539 -0.01476678
v 0.67943501 -0.50629139 -0.01211800
v 0.68809634 -0.50722361 -0.00961078
v 0.66726100 -0.50544834 -0.02144137
v -0.00734135 -0.78648794 -0.17351955
v -0.00407552 -0.78704721 -0.17214981
v -0.00201940 -0.78214157 -0.16980021
v -0.00475460 -0.78164434 -0.17092630
v -0.00809268 -0.78080899 -0.17205802
v -0.01182263 -0.78062999 -0.17229518
v -0.01762838 -0.78715539 -0.17261989
v -0.01244850 -0.78814280 -0.17358679
v -0.02556639 -0.78124535 -0.16741168
v -0.02391431 -0.78267872 -0.16773391
v -0.02481908 -0.78039372 -0.16782172
v -0.01925880 -0.78048939 -0.17011769
v -0.02259253 -0.78048170 -0.16829711
v 0.00034689 -0.78543830 -0.16919924
v 0.00136964 -0.78442878 -0.16820332
v -0.00157822 -0.78597128 -0.17083642
v -0.01577889 -0.78046644 -0.17159486
v 0.00127506 -0.78338093 -0.16796127
v 0.00007254 -0.78266668 -0.16853729
v -0.02138826 -0.78544068 -0.16982552
v -0.00786484 -0.78298485 -0.17211732
v -0.01175522 -0.78283519 -0.17249398
v -0.01668082 -0.78498089 -0.17266729
v -0.01192228 -0.78555846 -0.17306091
v -0.01933066 -0.78273213 -0.17060983
v -0.02141859 -0.78234577 -0.16914168
v -0.00475730 -0.78354478 -0.17089882
v -0.01589925 -0.78254735 -0.17212965
v -0.00750448 -0.78610694 -0.17229043
v -0.02190217 -0.78267598 -0.16915782
v -0.02022219 -0.78450620 -0.17063938
v 0.00071320 -0.78318131 -0.16877022
v 0.00070823 -0.78337723 -0.16848378
v 0.00349432 -0.54372418 -0.09444161
v 0.00416370 -0.52860034 -0.09814454
v -0.00407965 -0.78513139 -0.17129000
v -0.00035068 -0.78316855 -0.16906756
v -0.00214539 -0.78311872 -0.16996326
v -0.00184990 -0.78460896 -0.17017955
v -0.00018389 -0.78413272 -0.16919896
v 0.25164551 -0.55897158 -0.05398556
v 0.24990866 -0.54641056 -0.04990632
v 0.26267678 -0.59022307 -0.03029063
v 0.25852615 -0.59238827 -0.01371380
v 0.05068611 -0.30670026 -0.05129553
v 0.09076667 -0.36887008 0.07173362
v 0.09279952 -0.38859370 0.06501861
v 0.03555832 -0.39082921 0.09963211
v 0.05251472 -0.38780347 0.09655964
v 0.11114063 -0.35066208 -0.00531679
v 0.11079884 -0.33358687 0.00108640
v 0.07951611 -0.33785164 -0.03809066
v 0.07890157 -0.32225460 -0.03386791
v 0.10133436 -0.31253278 -0.01046188
v 0.06515388 -0.33735794 0.09966690
v 0.06536934 -0.36069775 0.09588370
v 0.07809172 -0.35496077 0.08691379
v 0.07853971 -0.33333731 0.09169698
v 0.01712633 -0.36981541 0.10308417
v 0.01783250 -0.39131957 0.09803522
v 0.11401860 -0.37398762 0.00183146
v 0.11422288 -0.38064569 0.01786523
v 0.10311884 -0.39585903 0.04492684
v 0.09486303 -0.40495986 0.05701492
v 0.07292846 -0.42387155 0.07728808
v 0.08547745 -0.41503784 0.06754882
v 0.06452923 -0.35188538 -0.05119047
v 0.04918986 -0.36647731 -0.06232364
v 0.10946129 -0.36835435 -0.01342767
v 0.01861385 -0.34871271 -0.06556003
v 0.03919804 -0.45922458 0.08901515
v 0.06021410 -0.45342985 0.08327258
v 0.11020964 -0.38782161 0.03209672
v 0.01928659 -0.48893261 -0.10978259
v 0.01909463 -0.47333065 -0.11256757
v 0.03261230 -0.47790250 -0.11416232
v 0.03308716 -0.49355912 -0.11002356
v 0.04623108 -0.48167211 -0.11580004
v 0.05977064 -0.48429149 -0.11538190
v 0.07261450 -0.48616862 -0.11325812
v 0.10361565 -0.48768529 -0.10021080
v 0.09475332 -0.48791915 -0.10591953
v 0.11589304 -0.48625839 -0.08557774
v 0.11075118 -0.48743629 -0.09340647
v 0.11903547 -0.48017752 -0.07594301
v 0.12012933 -0.47276434 -0.06436898
v 0.12050559 -0.46546724 -0.05170442
v 0.12265968 -0.48054594 -0.04866038
v 0.11760460 -0.45784199 -0.06742907
v 0.11704768 -0.46556556 -0.07890618
v 0.11364374 -0.47033584 -0.08915716
v 0.00734231 -0.43257964 -0.10854696
v 0.01085347 -0.41313305 -0.09593150
v 0.00222587 -0.55916762 -0.09225099
v 0.45906392 -0.51482904 -0.00276249
v 0.56752861 -0.53337717 -0.06537723
v 0.02275271 -0.61611080 0.02903998
v 0.00783293 -0.60969627 0.02887544
v -0.00653981 -0.59818310 0.03310007
v -0.00709279 -0.60660553 0.02736515
v 0.08956812 -0.63764966 -0.00485741
v 0.07722783 -0.63049054 0.01368714
v 0.06098526 -0.62216151 0.02665378
v 0.04169018 -0.61483562 0.03334056
v 0.09740328 -0.37939584 -0.03316988
v 0.02667478 -0.58968449 0.04507475
v 0.04358923 -0.60669887 0.03891736
v 0.06470153 -0.61384541 0.03167778
v 0.08381855 -0.62354076 0.02007516
v 0.10145783 -0.63361180 0.00060665
v 0.11446325 -0.62972856 -0.00632458
v 0.13090673 -0.61611515 -0.00132943
v 0.14052139 -0.61437178 -0.00537701
v 0.14467379 -0.62324792 -0.01814554
v 0.15604579 -0.62353849 -0.02116484
v 0.15175284 -0.61517191 -0.00810130
v 0.22999282 -0.60035300 -0.00830455
v 0.24237061 -0.59396839 -0.00377177
v 0.24847862 -0.58648837 0.00247702
v 0.25051805 -0.57753766 0.00771047
v 0.24787726 -0.56911129 0.01104193
v 0.23886961 -0.55997181 0.01211916
v 0.22655855 -0.55418837 0.01237199
v 0.18650803 -0.54547745 0.00923484
v 0.17439371 -0.54124463 0.00941122
v 0.14585136 -0.51299840 0.01249733
v 0.13838118 -0.50641799 0.01471752
v 0.11432647 -0.47325802 0.03843016
v 0.12195882 -0.48505938 0.03039293
v 0.10614619 -0.46048108 0.04875880
v 0.08554721 -0.22028035 0.11696590
v 0.07938047 -0.24250436 0.11448817
v 0.09522863 -0.24498931 0.10563686
v 0.10233833 -0.22303681 0.10861640
v 0.01968281 -0.29364681 0.11604775
v 0.03710888 -0.29271823 0.11590013
v 0.12993251 -0.25113177 0.03794466
v 0.12824696 -0.25079328 0.05819860
v 0.12126151 -0.25001296 0.07661563
v 0.10956287 -0.24836607 0.09259479
v 0.12651923 -0.25107229 0.02228858
v 0.06258482 -0.23347792 -0.04750393
v 0.07815770 -0.23785909 -0.03708153
v 0.01491556 -0.22589786 -0.06382681
v 0.03032870 -0.22668035 -0.06085262
v 0.11991891 -0.24928357 0.00596431
v 0.04640457 -0.22922380 -0.05558610
v 0.09357337 -0.24249372 -0.02452689
v 0.10854284 -0.24581307 -0.00964860
v 0.07374842 -0.26504293 0.11179789
v 0.05658898 -0.26592007 0.11736833
v 0.05370464 -0.29069120 0.11270608
v 0.03278863 -0.51953208 0.08357862
v 0.05192999 -0.52232707 0.08042357
v 0.07095075 -0.52570283 0.07355571
v 0.08361162 -0.54388499 0.06369588
v 0.10080986 -0.54913378 0.05494564
v 0.10311309 -0.53406131 0.05346837
v 0.08723408 -0.52904809 0.06362806
v 0.12308298 -0.55733955 0.03564695
v 0.13352519 -0.56029326 0.02836139
v 0.13422844 -0.54808342 0.02813901
v 0.12669142 -0.54489648 0.03490665
v 0.14413647 -0.55174649 0.02348359
v 0.15311354 -0.55479646 0.01969140
v 0.16214997 -0.55832791 0.01563597
v 0.17384148 -0.56213665 0.01378094
v 0.17129664 -0.57945019 0.01328406
v 0.16000055 -0.57678604 0.01505614
v 0.12288083 -0.57112199 0.03415723
v 0.11184418 -0.56887180 0.04397678
v 0.02947378 -0.54344642 0.06907542
v 0.01139518 -0.53872055 0.06841824
v 0.12282231 -0.46398538 -0.03794045
v 0.12644869 -0.46451759 -0.02471457
v 0.12782365 -0.46718115 -0.01335516
v 0.12816802 -0.47145674 -0.00317180
v 0.12887125 -0.47720438 0.00652304
v 0.12874712 -0.48386386 0.01587720
v 0.12738717 -0.49258438 0.02465866
v 0.13279909 -0.49973151 0.01988811
v 0.12521459 -0.50281346 0.03178914
v 0.13125363 -0.50946164 0.02482745
v 0.12255973 -0.51469958 0.03759550
v 0.11935957 -0.52708495 0.04192027
v 0.11637159 -0.54036105 0.04556411
v 0.11386684 -0.55412692 0.04654572
v 0.08210350 -0.55927026 0.06051874
v 0.09854236 -0.56451637 0.05278246
v 0.06482267 -0.56934011 0.06140654
v 0.06445771 -0.58174676 0.05355253
v 0.06657016 -0.54012167 0.07292528
v 0.06489484 -0.55441642 0.06893791
v 0.05623271 -0.64638823 -0.00659948
v 0.04112729 -0.64147127 0.00497466
v 0.21980558 -0.56649464 0.01291295
v 0.22935843 -0.56428909 0.01288639
v 0.22143380 -0.55921954 0.01340013
v 0.21648359 -0.56189859 0.01348221
v 0.23393562 -0.57073057 0.01148158
v 0.22260106 -0.57899189 0.01008339
v 0.23504481 -0.57833290 0.00903298
v 0.22219209 -0.57235098 0.01200996
v 0.23347889 -0.58601278 0.00511657
v 0.22126861 -0.58525527 0.00744889
v 0.22919051 -0.59274477 0.00097543
v 0.21881814 -0.59116840 0.00439907
v 0.21635598 -0.59519088 0.00182468
v 0.22195643 -0.59776974 -0.00152463
v 0.18410103 -0.59814799 0.00517603
v 0.19632104 -0.59767294 0.00346687
v 0.20812553 -0.59644288 0.00226090
v 0.18603055 -0.56493849 0.01369758
v 0.19879894 -0.56892145 0.01323607
v 0.21085839 -0.57158267 0.01233377
v 0.21046636 -0.57765424 0.01093962
v 0.19798188 -0.57535732 0.01230375
v 0.18511564 -0.57219768 0.01325759
v 0.03106193 -0.53133339 0.07601959
v 0.04892308 -0.53557372 0.07736423
v 0.14264873 -0.56248605 0.02346736
v 0.15101188 -0.56441128 0.01946658
v 0.16074653 -0.56627393 0.01608528
v 0.17239192 -0.56924206 0.01419497
v 0.15028188 -0.57469171 0.01773569
v 0.14130050 -0.57321060 0.02159408
v 0.13210779 -0.57192314 0.02633158
v 0.04743800 -0.54942858 0.07073541
v 0.01285838 -0.52706188 0.07634807
v 0.15358436 -0.58105165 -0.07054097
v 0.15755828 -0.60389882 -0.07011344
v 0.16091807 -0.62043697 -0.05884837
v 0.16083652 -0.62653303 -0.03903361
v -0.00717183 -0.63337594 0.00864533
v 0.37260830 -0.50332892 -0.02085479
v -0.00336201 -0.48249525 0.09332211
v -0.00511863 -0.50178051 0.09210113
v -0.00023735 -0.41305432 0.09339631
v -0.00077859 -0.43489859 0.09874945
v 0.03510274 -0.32138637 0.11412950
v 0.01787380 -0.32368198 0.11236665
v 0.01688049 -0.34888574 0.10746494
v 0.00031899 -0.27024508 0.12264214
v 0.00044187 -0.29593027 0.11342753
v -0.00000937 -0.34872961 0.10460336
v 0.00004145 -0.37040871 0.09933528
v 0.01792711 -0.46042854 0.09423400
v 0.01437743 -0.51777649 0.08619937
v -0.00604027 -0.52562773 0.07611923
v -0.00633552 -0.53758395 0.06797567
v -0.00616459 -0.55046403 0.06202582
v 0.08014740 -0.45613527 -0.11762540
v 0.08241409 -0.47190690 -0.11505200
v 0.07131974 -0.47071797 -0.11795060
v 0.06957716 -0.45515740 -0.12078944
v 0.09804218 -0.45816258 -0.10741718
v 0.10103340 -0.47305140 -0.10476543
v 0.09230056 -0.47280714 -0.11037707
v 0.08917521 -0.45720190 -0.11340437
v 0.10801092 -0.47237700 -0.09750173
v 0.10527555 -0.45795670 -0.10023035
v 0.07771590 -0.44004354 -0.11769890
v 0.08683837 -0.44114423 -0.11299631
v 0.06760401 -0.43938237 -0.12091921
v 0.10163982 -0.44340941 -0.10046646
v 0.09480110 -0.44256353 -0.10738789
v -0.02402429 -0.66979098 -0.15788256
v -0.02735051 -0.67142856 -0.17368974
v -0.03970779 -0.71293342 -0.18820707
v -0.04023564 -0.71717048 -0.18652278
v -0.02296094 -0.66137803 -0.13203941
v -0.02049460 -0.65208733 -0.12619224
v -0.03974393 -0.69405735 -0.18451634
v -0.03775270 -0.68065047 -0.18392642
v -0.04494825 -0.73760223 -0.19056171
v -0.04433957 -0.73436356 -0.18923864
v -0.04331253 -0.72399569 -0.18983237
v -0.04263306 -0.72032762 -0.18848103
v -0.01727157 -0.64117098 -0.12020937
v -0.02563382 -0.66647381 -0.14202133
v -0.01100514 -0.61753803 -0.10601466
v -0.00963938 -0.60590571 -0.09653130
v 0.00068289 -0.59635502 -0.08975482
v 0.00151370 -0.58364129 -0.08636817
v 0.00633679 -0.45080802 -0.11227523
v 0.00545328 -0.49533299 -0.10133947
v 0.00501558 -0.48392460 -0.11028200
v 0.00454188 -0.51187503 -0.09947237
v 0.00193029 -0.57191026 -0.08929903
v -0.01385917 -0.62969881 -0.11343061
v -0.04123859 -0.70829451 -0.18709801
v -0.04051816 -0.70225930 -0.18444507
v -0.04395468 -0.73076254 -0.18900312
v -0.04367369 -0.72748101 -0.18944860
v -0.00989149 -0.54178250 -0.09465245
v -0.00938447 -0.52628577 -0.09826043
v 0.00545214 -0.46804315 -0.11206145
v -0.00532298 -0.43023586 -0.10563657
v -0.00401106 -0.40966335 -0.09099265
v -0.01037043 -0.55632734 -0.09179994
v -0.00265410 -0.39548406 -0.07487218
v 0.14665723 -0.08570229 0.00817594
v 0.13109779 -0.06274551 0.00916557
v 0.12202185 -0.06315456 0.03499348
v 0.13506599 -0.07976794 0.03378136
v 0.14290759 -0.11971428 0.04995663
v 0.14163759 -0.14162371 0.06089991
v 0.14139837 -0.16633904 0.07113598
v 0.10290684 -0.04958881 0.04255593
v 0.07473716 -0.05040205 0.07350087
v 0.07797761 -0.03999156 0.05292720
v 0.12774852 -0.15426743 0.08608364
v 0.12759784 -0.12889151 0.07776945
v 0.12665592 -0.07714917 0.04866947
v 0.12852533 -0.08845496 0.05695240
v 0.14153351 -0.09806007 0.03974447
v 0.09878410 -0.05837080 0.06311828
v 0.11634184 -0.06777105 0.05375673
v 0.04828985 -0.21655457 0.12629807
v 0.05147579 -0.19139193 0.12667254
v 0.02654855 -0.19189166 0.12962064
v 0.11777948 -0.22859912 0.09601772
v 0.10751341 -0.20109534 0.10831642
v -0.00867996 -0.05047791 0.07132316
v 0.11421654 -0.07929724 0.06839650
v 0.07329972 -0.06607753 0.09039135
v 0.09652063 -0.07158574 0.07973805
v 0.07551415 -0.13780040 0.11943652
v 0.09554699 -0.14056766 0.10974087
v 0.09405517 -0.11440788 0.10420883
v 0.07395288 -0.11162335 0.11407784
v 0.11252456 -0.14573157 0.09879150
v 0.11056886 -0.17442538 0.10563271
v 0.07503590 -0.16610253 0.12234510
v 0.09414488 -0.16920575 0.11489728
v 0.09035051 -0.19684446 0.11708316
v 0.11215322 -0.11909701 0.09148403
v 0.07329796 -0.08706069 0.10469246
v 0.04655397 -0.08475235 0.11140412
v 0.02005315 -0.08824521 0.11228070
v -0.00612204 -0.09112173 0.10962921
v -0.00575550 -0.11474444 0.11997575
v 0.07254627 -0.19294140 0.12289187
v 0.06103563 -0.24229693 0.12063548
v 0.06797308 -0.21818313 0.12263472
v 0.05136162 -0.31884497 0.10992135
v 0.06362895 -0.09434973 -0.24936283
v -0.00162723 -0.07432410 -0.03180377
v -0.00251572 -0.08511165 -0.04472432
v 0.15317249 -0.18478312 -0.04172468
v 0.16275209 -0.12529399 -0.01634730
v 0.15395361 -0.11060801 0.01426576
v 0.00540680 -0.10691345 -0.06448306
v 0.01656962 -0.12667032 -0.07452984
v 0.13327891 -0.19626617 -0.05929334
v 0.07615232 -0.18546017 -0.08365384
v -0.00023170 -0.09417747 -0.05445044
v 0.12783466 -0.10697237 0.06813563
v 0.11242341 -0.09737997 0.08119936
v 0.09472360 -0.09077677 0.09374131
v 0.04666845 -0.06422144 0.09800667
v 0.01856589 -0.06745586 0.10176251
v -0.00682027 -0.07355669 0.09867881
v 0.01204247 -0.16239443 -0.06879948
v 0.00491063 -0.17088293 -0.06855457
v 0.01012682 -0.17059194 -0.06781562
v -0.00055870 -0.17887346 -0.06544601
v -0.00128881 -0.16902821 -0.06713557
v 0.00351880 -0.15951994 -0.06823701
v -0.00210151 -0.15683542 -0.06688927
v -0.00312527 -0.14442635 -0.06487089
v 0.06133707 -0.22522968 -0.04808582
v 0.07853659 -0.22917852 -0.03771134
v 0.01296533 -0.21914774 -0.06394780
v 0.02776216 -0.21935388 -0.06088459
v 0.12561490 -0.23772264 0.00634434
v 0.04417457 -0.22158800 -0.05582480
v 0.09561744 -0.23370999 -0.02502656
v 0.11307451 -0.23648877 -0.01016676
v -0.00389692 -0.16814229 0.13038625
v -0.00254018 -0.19635993 0.13172050
v -0.00090976 -0.22031741 -0.06459822
v -0.03446801 -0.67092240 -0.17327058
v -0.02996336 -0.66922879 -0.15619683
v -0.04932205 -0.85011530 -0.15902430
v -0.01176118 -0.67018670 -0.02618358
v -0.04771031 -0.79866642 -0.17862448
v -0.04189381 -0.71686637 -0.18636410
v -0.04575572 -0.73978275 -0.19335063
v -0.00889297 -0.59398061 -0.08702362
v -0.00899541 -0.58091491 -0.08311739
v -0.00528011 -0.08126445 -0.03660277
v -0.00965773 -0.56928462 -0.08707023
v -0.00458338 -0.07415386 -0.02742714
v -0.00004137 -0.39089781 0.09482677
v -0.00251519 0.18537059 -0.57680821
v -0.00414238 0.19389310 -0.56581485
v -0.00460376 0.20174891 -0.59274912
v -0.00534647 0.19507802 -0.60326052
v 0.01006984 0.21236065 -0.54641140
v 0.00058883 0.20741764 -0.55114263
v 0.02292173 0.21256110 -0.54766083
v 0.03421728 0.20985085 -0.55359954
v 0.02636673 0.21735063 -0.57605469
v 0.01665011 0.22135180 -0.56890041
v 0.04122249 0.20479146 -0.56089365
v 0.04034014 0.20853797 -0.59243345
v 0.04626555 0.19862914 -0.56933635
v 0.04937866 0.18743142 -0.58025289
v 0.04117449 0.19890687 -0.60314012
v 0.04186011 0.17592371 -0.59268457
v 0.03572048 0.18874669 -0.61667049
v 0.02925867 0.17049068 -0.60041851
v 0.00172893 0.17785704 -0.58893287
v -0.00345215 0.18782347 -0.61556488
v 0.00446658 0.22087288 -0.56802905
v -0.00200729 0.21416679 -0.57613724
v -0.00339580 0.20721978 -0.58466220
v -0.00288354 0.20083997 -0.55789310
v -0.00973713 0.21256492 -0.61602992
v -0.01481772 0.20547408 -0.62720698
v -0.00092754 0.22942913 -0.58586383
v -0.00321595 0.22244424 -0.59833622
v 0.01880602 0.22547361 -0.59506381
v 0.01172122 0.23112741 -0.58436346
v 0.03734839 0.21931201 -0.61206281
v 0.02827591 0.22185329 -0.60358310
v 0.03377488 0.21269259 -0.58385396
v 0.03820491 0.21247539 -0.62382323
v 0.03164146 0.20267135 -0.63988489
v -0.00981262 0.19837123 -0.64115691
v -0.00544442 0.21725219 -0.60787654
v 0.04521458 0.25141364 -0.80348504
v 0.04535787 0.24775290 -0.80204415
v 0.04156980 0.24629223 -0.80323052
v 0.03935134 0.24973953 -0.80536962
v 0.01249430 0.23773688 -0.81706643
v 0.01359919 0.22931874 -0.81696874
v 0.00587206 0.22880298 -0.81684411
v 0.00186564 0.23776239 -0.81773210
v 0.02729224 0.24488521 -0.81363344
v 0.02690551 0.24820036 -0.81154311
v 0.03097412 0.24980330 -0.81051052
v 0.03373568 0.24697453 -0.81210017
v 0.05960982 0.26209199 -0.77589202
v 0.05815555 0.26633406 -0.77530658
v 0.06166399 0.26776844 -0.77320701
v 0.06409936 0.26472753 -0.77304894
v 0.04950111 0.25593179 -0.79359353
v 0.04798210 0.26030779 -0.79240334
v 0.05155362 0.26154774 -0.79064000
v 0.05435002 0.25879496 -0.79081398
v 0.01340143 0.23325855 -0.79566824
v 0.00204030 0.22939384 -0.79502606
v 0.00347458 0.22985572 -0.80818713
v 0.01438786 0.23046553 -0.80765808
v -0.00400333 0.23582715 -0.80834574
v -0.00644819 0.23715651 -0.79457915
v -0.00213207 0.24504101 -0.79514599
v 0.00087745 0.24147272 -0.80651057
v 0.00868604 0.24760199 -0.79623353
v 0.01040575 0.24406344 -0.80634832
v 0.01623379 0.24296224 -0.79672396
v 0.01930448 0.23913801 -0.80766535
v 0.03288986 0.24816424 -0.79480034
v 0.03050797 0.24127358 -0.79427850
v 0.03344627 0.24159414 -0.80473340
v 0.03676197 0.24843204 -0.80447388
v 0.02178034 0.23775178 -0.79717940
v 0.02675645 0.23935276 -0.80683517
v 0.01629302 0.24471951 -0.79972285
v 0.01889689 0.25102121 -0.79735124
v 0.02357377 0.24880362 -0.80680943
v 0.02054107 0.24291235 -0.80947554
v 0.02691348 0.25316054 -0.79534101
v 0.03078243 0.25183374 -0.80464458
v 0.04450700 0.24690753 -0.78621411
v 0.03595735 0.24469358 -0.78968990
v 0.03910072 0.24631661 -0.79852176
v 0.04564574 0.24802893 -0.79624474
v 0.03347804 0.25054294 -0.80103004
v 0.03075662 0.25122428 -0.79290223
v 0.03383996 0.25644785 -0.79112911
v 0.03720891 0.25452805 -0.79943901
v 0.04177232 0.25836080 -0.78869891
v 0.04307413 0.25662243 -0.79783440
v 0.04766749 0.25301564 -0.78730971
v 0.04833145 0.25349116 -0.79678702
v 0.05753517 0.25980246 -0.77469254
v 0.05597083 0.25329989 -0.77370942
v 0.05578747 0.25494486 -0.78322452
v 0.05693533 0.26016247 -0.78389394
v 0.04988971 0.25122517 -0.77777505
v 0.05116419 0.25231689 -0.78544664
v 0.04598890 0.25404662 -0.78835726
v 0.04640020 0.25406826 -0.78162873
v 0.04572894 0.26199037 -0.78073978
v 0.04562777 0.26099730 -0.78814769
v 0.05222507 0.26499891 -0.77682936
v 0.05197874 0.26353478 -0.78555626
v 0.06661949 0.25948519 -0.75904727
v 0.06642924 0.26070476 -0.76668262
v 0.06645814 0.26597208 -0.76688468
v 0.06552952 0.26610154 -0.75823975
v 0.06142543 0.25663280 -0.76347017
v 0.06179088 0.25758165 -0.76947987
v 0.05698230 0.26057297 -0.77165288
v 0.05778191 0.26067507 -0.76635242
v 0.05517039 0.26823437 -0.76618230
v 0.05548605 0.26764369 -0.77163947
v 0.06029847 0.26981950 -0.76170141
v 0.06149842 0.26978064 -0.76899385
v 0.01461418 0.23701566 -0.78378242
v 0.00083952 0.23019445 -0.78199756
v 0.00383267 0.23970264 -0.81365544
v -0.00814350 0.23953450 -0.78166610
v 0.00914702 0.24089807 -0.81329632
v 0.01026176 0.25170994 -0.78599644
v -0.00362512 0.24858326 -0.78257561
v 0.01470247 0.24407768 -0.79228127
v 0.03366674 0.24240327 -0.81068498
v 0.02668837 0.25732809 -0.78213739
v 0.02940463 0.25095987 -0.78788090
v 0.02946028 0.24111944 -0.81175596
v 0.02992068 0.24268186 -0.78008801
v 0.04318357 0.24982983 -0.77092731
v 0.03949313 0.25380778 -0.80367929
v 0.04274788 0.25522429 -0.80275202
v 0.04132570 0.26318467 -0.77478957
v 0.04655056 0.25392735 -0.77934235
v 0.05491640 0.25522798 -0.78898948
v 0.05217143 0.26825166 -0.76411521
v 0.05770658 0.26005560 -0.76638401
v 0.05203317 0.25341296 -0.79071635
v 0.05606735 0.25464296 -0.75971043
v 0.06438588 0.26103187 -0.77182841
v 0.05897043 0.27126604 -0.75334132
v 0.06497478 0.26611203 -0.74810469
v 0.06209227 0.25936919 -0.77344638
v 0.06499811 0.25844562 -0.74956465
v 0.00404754 0.18306687 -0.62569118
v 0.00831667 0.17269665 -0.59858954
v 0.01734790 0.17053515 -0.60349792
v 0.01343537 0.18253028 -0.63081521
v 0.02422597 0.18315127 -0.62677884
v 0.00020327 0.19494420 -0.65118206
v 0.01042593 0.19501066 -0.65556020
v 0.02040725 0.19741458 -0.65081006
v 0.03881958 0.22758949 -0.63480192
v 0.03579587 0.23253322 -0.62105972
v 0.02400371 0.23444700 -0.61229378
v 0.01618604 0.23755920 -0.60205758
v 0.00757249 0.24101913 -0.59136021
v -0.01166726 0.21146244 -0.65938085
v -0.00300200 0.20433849 -0.67183769
v 0.01013566 0.20322353 -0.67676258
v 0.02211317 0.20737559 -0.67132843
v -0.00413328 0.22809225 -0.76581138
v 0.01185106 0.23050946 -0.76480293
v 0.00750495 0.22461241 -0.74552763
v -0.00739580 0.23173052 -0.74648213
v 0.02539191 0.23821431 -0.76092374
v 0.02204166 0.22932601 -0.74066359
v 0.03828663 0.24476910 -0.75328231
v 0.03395056 0.23693222 -0.73385537
v 0.05058143 0.25070834 -0.74408668
v 0.04485471 0.24431354 -0.72618258
v 0.06135213 0.25640142 -0.73629558
v 0.05420797 0.25360900 -0.71938252
v 0.06423533 0.26594776 -0.73458195
v 0.05899487 0.26443946 -0.71722853
v -0.01368931 0.24144590 -0.76658309
v -0.01463339 0.24486935 -0.74670708
v -0.00762996 0.25410646 -0.76686287
v -0.00992185 0.25962120 -0.74786186
v 0.00611801 0.25853306 -0.76512897
v 0.00336055 0.26364577 -0.74574852
v 0.05341780 0.27488977 -0.72263718
v 0.05677608 0.27429813 -0.74025106
v 0.02132727 0.26327085 -0.75985110
v 0.01848537 0.26660579 -0.74063045
v 0.03490710 0.26884854 -0.75344872
v 0.03160758 0.27153963 -0.73450208
v 0.04653202 0.27294451 -0.74664569
v 0.04320500 0.27486491 -0.72828412
v 0.00041957 0.22004527 -0.72164667
v 0.01737808 0.21864498 -0.71846974
v 0.02852554 0.22703904 -0.71135116
v 0.03974736 0.23637563 -0.70423323
v 0.04772787 0.24983603 -0.69838721
v 0.05347025 0.26260537 -0.69657522
v 0.03810008 0.22991306 -0.67732054
v 0.04123493 0.25144869 -0.67611432
v 0.04489323 0.26481563 -0.67687988
v 0.03792146 0.26820278 -0.65721536
v 0.03680301 0.25573683 -0.65495163
v 0.02687712 0.26518524 -0.62195766
v 0.03242952 0.26019013 -0.63661206
v 0.03421213 0.27288103 -0.63782573
v 0.02880206 0.27893466 -0.62239540
v 0.03472148 0.23731285 -0.65517360
v 0.03263398 0.24297833 -0.63698983
v 0.02722784 0.24697834 -0.62358022
v 0.01307034 0.28242624 -0.60577285
v 0.01489636 0.26928306 -0.60246933
v 0.02190119 0.26817656 -0.61121845
v 0.02253588 0.28201717 -0.61242342
v -0.00124674 0.28274447 -0.60238582
v 0.00068155 0.26978427 -0.59731889
v -0.01254737 0.26693237 -0.60661137
v -0.01499005 0.27964568 -0.61003429
v 0.01520228 0.25235313 -0.60279757
v 0.02067717 0.25043923 -0.61297643
v 0.00418814 0.25345856 -0.59567112
v -0.00733470 0.25146782 -0.60353053
v -0.01786479 0.26233727 -0.62244380
v -0.01062375 0.24657995 -0.61892217
v -0.02160077 0.27483743 -0.62498814
v -0.01160359 0.23423618 -0.72372031
v -0.01385331 0.24721676 -0.72364694
v 0.02593368 0.21607625 -0.68964720
v 0.01285551 0.20981574 -0.69627726
v -0.00588177 0.21477890 -0.69288540
v -0.01626550 0.23562396 -0.69890153
v -0.01386048 0.25128871 -0.69955993
v -0.01903939 0.24261099 -0.67755091
v -0.01454626 0.25632203 -0.67864704
v -0.00840677 0.25900316 -0.72388566
v -0.00664446 0.25953358 -0.69900048
v -0.00834967 0.26376110 -0.67797983
v -0.02010655 0.24922740 -0.65941429
v -0.01774424 0.26182610 -0.66129881
v -0.01881513 0.25438464 -0.64491773
v -0.01984680 0.26633459 -0.64797348
v -0.02171071 0.27039504 -0.63716972
v -0.01802158 0.25834429 -0.63432473
v -0.01461505 0.23985964 -0.63897109
v -0.01256093 0.24319309 -0.62937987
v -0.01743680 0.23477483 -0.65276539
v -0.01642711 0.22505087 -0.67130792
v 0.04890443 0.27414215 -0.70155483
v 0.04210250 0.27401936 -0.68062538
v 0.03477495 0.27612102 -0.66063845
v 0.02970734 0.28253978 -0.64172554
v 0.02280496 0.28769165 -0.62737370
v 0.01678455 0.29003841 -0.61850810
v 0.00894400 0.29009897 -0.61201102
v -0.00263083 0.28872931 -0.61024976
v -0.01286274 0.28670031 -0.61547536
v -0.01710118 0.28398550 -0.62729585
v -0.01734580 0.28096497 -0.63841796
v -0.01226360 0.27039278 -0.66126645
v -0.01567638 0.27667242 -0.64901018
v -0.01668400 0.21975166 -0.64395458
v -0.01432641 0.22547674 -0.63065815
v -0.01002844 0.22961438 -0.62153447
v -0.00363987 0.23933709 -0.59793663
v -0.00589207 0.23359472 -0.61226261
v 0.00272149 0.26496011 -0.72180653
v 0.01674718 0.26816386 -0.71714556
v 0.02914473 0.27290046 -0.71173567
v 0.03984275 0.27559918 -0.70649743
v 0.03524425 0.27667040 -0.68461204
v 0.02563928 0.27465880 -0.68850303
v 0.01370247 0.27112770 -0.69301558
v 0.00228442 0.26540691 -0.69705224
v 0.02834097 0.27948105 -0.66483879
v 0.01984626 0.27855861 -0.66863960
v 0.00894961 0.27555984 -0.67191154
v -0.00059859 0.27024269 -0.67599273
v -0.00576955 0.27736574 -0.65928483
v 0.00257957 0.28170574 -0.65476203
v 0.01271313 0.28376031 -0.65148008
v 0.02094571 0.28456408 -0.64693111
v 0.01482868 0.28854376 -0.63313746
v 0.00711863 0.28711963 -0.63803774
v -0.00205217 0.28532213 -0.64176202
v -0.00910586 0.28220451 -0.64608920
v 0.01031357 0.29021615 -0.62502021
v -0.00223251 0.29011357 -0.61713517
v 0.00507694 0.29083580 -0.61947858
v -0.00896472 0.28910995 -0.62015349
v -0.01105399 0.28725249 -0.62838596
v -0.01065394 0.28502703 -0.63704669
v -0.00528735 0.28830165 -0.62767768
v -0.00406697 0.28706437 -0.63396215
v 0.00395755 0.28869885 -0.63023782
v 0.00100423 0.28942335 -0.62475419
v -0.00540309 0.28896075 -0.62289715
v -0.00221843 0.28958565 -0.62147081
v 0.02875832 0.21871692 -0.65637720
v -0.00788822 -0.64138544 -0.00086477
v -0.00627169 -0.58955890 0.03917607
v 0.02313033 0.01722589 -0.37639040
v 0.03521732 0.01432925 -0.38255876
v 0.04851466 0.01194334 -0.38392690
v 0.10742038 -0.19845496 -0.06809734
v 0.06363257 -0.30711976 -0.04164119
v 0.06534037 -0.33595172 -0.04640809
v 0.06458738 -0.32132018 -0.04262251
v 0.10650086 -0.19082321 -0.08475250
v 0.10092345 -0.36299112 -0.02493300
v -0.00705846 -0.06091660 0.08658457
v -0.00684969 -0.56064558 0.05585333
v 0.08438203 -0.48752731 -0.11022899
v -0.00505867 -0.13983573 0.12724276
v 0.04441801 -0.76931906 -0.10289682
v 0.04277748 -0.76819026 -0.10114406
v 0.04277349 -0.76440537 -0.10070658
v 0.04254173 -0.76256812 -0.09651595
v 0.04281437 -0.76086080 -0.09348483
v 0.04327764 -0.76007962 -0.09177816
v 0.04427061 -0.76555920 -0.09790058
v 0.04333983 -0.76794255 -0.09487500
v 0.04373362 -0.76777565 -0.09829017
v 0.04443107 -0.76741898 -0.09940307
v -0.00896127 -0.50883818 -0.09951736
v -0.00885573 -0.49358085 -0.10316761
v -0.00777864 -0.48145562 -0.11158791
v -0.00766608 -0.46493539 -0.11292227
v -0.04179326 -0.71274263 -0.18810301
v 0.00522031 -0.25919032 -0.06789109
v 0.00577580 -0.27407801 -0.05966598
v 0.00069430 -0.32634881 0.10802721
v 0.00026768 -0.23207910 -0.06370042
v 0.00627437 -0.28837499 -0.05539153
v -0.00192680 -0.46103582 0.09741329
v -0.00604842 -0.44818726 -0.11220755
v -0.00038664 -0.22747710 -0.06449591
v -0.00528982 -0.51723665 0.08816807
v 0.00594630 -0.30549699 -0.05508260
v -0.00041188 -0.19027597 -0.06470686
v 0.00252956 -0.34806734 -0.06326086
v -0.08795682 -0.81930876 -0.14786512
v -0.09562155 -0.81009221 -0.13789579
v -0.09165804 -0.80226487 -0.14857984
v -0.08301505 -0.80868661 -0.15792252
v -0.08781823 -0.79573458 -0.15562047
v -0.07971501 -0.79891479 -0.16286835
v -0.09851642 -0.79918790 -0.12869067
v -0.09610831 -0.79397261 -0.14022630
v -0.09667615 -0.75971115 -0.13538125
v -0.09613851 -0.76891017 -0.13502671
v -0.09877992 -0.76537132 -0.12607536
v -0.09782758 -0.75360411 -0.12666717
v -0.09240844 -0.73370564 -0.13816012
v -0.09129485 -0.72440839 -0.12825090
v -0.08738830 -0.71783310 -0.14016895
v -0.08831736 -0.72759330 -0.14826673
v -0.06449241 -0.74722195 -0.17292951
v -0.06760208 -0.75268644 -0.16997465
v -0.07263642 -0.74673820 -0.16930351
v -0.06864919 -0.74068153 -0.17192891
v -0.05731900 -0.75829196 -0.17765461
v -0.05445571 -0.76187515 -0.18356229
v -0.05450729 -0.76715803 -0.17815694
v -0.05827820 -0.76270461 -0.17330997
v -0.05950842 -0.74292523 -0.17504539
v -0.06362350 -0.73575592 -0.17353994
v -0.05887602 -0.74926579 -0.17744485
v -0.06064327 -0.75315511 -0.17387123
v -0.05752526 -0.74501312 -0.18811384
v -0.05597447 -0.74609768 -0.19294766
v -0.05709043 -0.75128257 -0.19263564
v -0.05846748 -0.74930120 -0.18602230
v -0.05905027 -0.74293804 -0.17942299
v -0.05608533 -0.74043882 -0.18201390
v -0.05777019 -0.74297196 -0.18427780
v -0.05929085 -0.74624908 -0.18157464
v -0.05687857 -0.75351608 -0.18191691
v -0.05551870 -0.75672567 -0.18875656
v -0.05304886 -0.75858104 -0.19523519
v -0.05460458 -0.75192666 -0.19947752
v -0.07557096 -0.72582018 -0.16615883
v -0.07084155 -0.72326612 -0.16920236
v -0.06781603 -0.72960222 -0.17157625
v -0.07260134 -0.73348475 -0.16963269
v -0.05638677 -0.73743951 -0.17939056
v -0.05784123 -0.72184724 -0.18127264
v -0.05362569 -0.72373098 -0.18547814
v -0.05391422 -0.72763538 -0.18498252
v -0.05862321 -0.72574687 -0.18075831
v -0.07745549 -0.71011204 -0.15891501
v -0.07581696 -0.70138729 -0.15616271
v -0.07166927 -0.70312822 -0.16292496
v -0.07299460 -0.70983750 -0.16450143
v -0.06854769 -0.69652140 -0.16324237
v -0.07216372 -0.69253218 -0.15557094
v -0.06240060 -0.67828012 -0.16042396
v -0.06103848 -0.68643004 -0.16992792
v -0.06494414 -0.69122857 -0.16553262
v -0.06784291 -0.68478262 -0.15693116
v -0.05282993 -0.69453883 -0.17785649
v -0.05617915 -0.68250465 -0.17527810
v -0.05029229 -0.68096489 -0.17998227
v -0.04799529 -0.69396156 -0.18123497
v -0.05582251 -0.71521485 -0.17829151
v -0.05678255 -0.71800768 -0.18040386
v -0.05964025 -0.71654147 -0.17672068
v -0.05887346 -0.71444839 -0.17542577
v -0.06204431 -0.71361637 -0.17217815
v -0.06207610 -0.71466005 -0.17281514
v -0.06348576 -0.71528876 -0.17235568
v -0.06342161 -0.71332788 -0.17124104
v -0.06061686 -0.71387589 -0.17360045
v -0.06122795 -0.71266150 -0.17293045
v -0.05964596 -0.71208334 -0.17489910
v -0.05715479 -0.71185535 -0.17815684
v -0.04645096 -0.71222484 -0.18686351
v -0.04565797 -0.71658409 -0.18541333
v -0.04839049 -0.71629715 -0.18405244
v -0.04988707 -0.71181834 -0.18524154
v -0.06254256 -0.71687013 -0.17421070
v -0.06089869 -0.71894038 -0.17722896
v -0.06234722 -0.72211313 -0.17679189
v -0.06455173 -0.71879524 -0.17352200
v -0.06751119 -0.72089303 -0.17208864
v -0.06869576 -0.71633172 -0.16935928
v -0.06567054 -0.71576047 -0.17123891
v -0.06250384 -0.71147716 -0.17144202
v -0.06554680 -0.71273035 -0.16958821
v -0.06456830 -0.70958304 -0.16937600
v -0.06283403 -0.70680279 -0.17114015
v -0.06103077 -0.70989871 -0.17353424
v -0.05866997 -0.70870376 -0.17689471
v -0.06012756 -0.70450139 -0.17412697
v -0.05618658 -0.70292664 -0.17781027
v -0.05504053 -0.70784450 -0.18097110
v -0.06446092 -0.72602010 -0.17490393
v -0.06874875 -0.71167362 -0.16731670
v -0.07261477 -0.71710873 -0.16646095
v -0.06761555 -0.70611191 -0.16691019
v -0.06532273 -0.70222992 -0.16780159
v -0.05787896 -0.69607615 -0.17428820
v -0.06213669 -0.69854039 -0.17056783
v -0.05585938 -0.67317116 -0.16525415
v -0.04846250 -0.67015994 -0.16992728
v -0.08369137 -0.79040837 -0.15741257
v -0.07707123 -0.79173291 -0.16245769
v -0.08318278 -0.78225213 -0.15557210
v -0.08034097 -0.78356427 -0.15835243
v -0.08104204 -0.78600526 -0.15793175
v -0.08457933 -0.78484941 -0.15388237
v -0.09228899 -0.77243549 -0.14084792
v -0.09299058 -0.76580858 -0.14100476
v -0.08901381 -0.77096689 -0.14520550
v -0.08899672 -0.77505803 -0.14582971
v -0.08305398 -0.76461977 -0.15460007
v -0.08147580 -0.77194899 -0.15556552
v -0.08363108 -0.77232981 -0.15235634
v -0.08630808 -0.76527083 -0.15065409
v -0.07847257 -0.77201539 -0.15814130
v -0.07920341 -0.76555413 -0.15775779
v -0.07510860 -0.76716292 -0.16034138
v -0.07487179 -0.77254903 -0.16005816
v -0.07548542 -0.78724992 -0.16135646
v -0.07561475 -0.78471273 -0.16095404
v -0.06969649 -0.78415668 -0.16197364
v -0.06860567 -0.78748882 -0.16241221
v -0.05899949 -0.77756912 -0.16094720
v -0.05650422 -0.77766502 -0.16319935
v -0.05745277 -0.78154200 -0.16281343
v -0.06010137 -0.78012061 -0.16074753
v -0.06036979 -0.77588731 -0.16146103
v -0.05856154 -0.77435255 -0.16313154
v -0.07971273 -0.84049070 -0.14284024
v -0.09193276 -0.82996166 -0.13262592
v -0.07563023 -0.82594818 -0.15765759
v -0.09806506 -0.81714535 -0.12257212
v -0.10090124 -0.80306041 -0.11406670
v -0.08614559 -0.70788014 -0.13343923
v -0.08090036 -0.70290703 -0.14638029
v -0.08263741 -0.71269429 -0.15076795
v -0.08225700 -0.69715631 -0.12959032
v -0.07686553 -0.69266748 -0.14434469
v -0.06134862 -0.67539096 -0.14467388
v -0.07012437 -0.68270326 -0.14370842
v -0.08582843 -0.70499212 -0.11282046
v -0.07987220 -0.69710326 -0.10819577
v -0.07430549 -0.68637478 -0.12613016
v -0.08220043 -0.71010935 -0.09365842
v -0.07695455 -0.70686901 -0.08779238
v -0.06897097 -0.68941462 -0.10066203
v -0.04991058 -0.65742147 -0.10478685
v -0.06057320 -0.65972662 -0.09336846
v -0.05975953 -0.64938265 -0.08648446
v -0.04916870 -0.64658713 -0.09888315
v -0.08932830 -0.71463621 -0.11869460
v -0.10024396 -0.77478087 -0.11708881
v -0.09938186 -0.76131499 -0.11531807
v -0.09894884 -0.77599835 -0.12831028
v -0.09994250 -0.82982230 -0.08682825
v -0.10390998 -0.81257474 -0.08554964
v -0.10353506 -0.80854481 -0.10043982
v -0.09990814 -0.82527518 -0.10585999
v -0.07695735 -0.86351454 -0.09447029
v -0.08983115 -0.84778070 -0.08948266
v -0.09066682 -0.84015441 -0.11297027
v -0.07881083 -0.85406256 -0.12121533
v -0.10242481 -0.81311208 -0.06950263
v -0.09699558 -0.83017135 -0.06640297
v -0.09462475 -0.82374668 -0.04783723
v -0.09996070 -0.80974638 -0.05547624
v -0.08672685 -0.84773171 -0.06446191
v -0.08287935 -0.84056681 -0.04150853
v -0.07647111 -0.70976067 -0.07728958
v -0.07320613 -0.69320577 -0.08194716
v -0.06935319 -0.67739594 -0.08304554
v -0.06221833 -0.67346114 -0.09797952
v -0.06630120 -0.85188770 -0.03927877
v -0.07223632 -0.86210579 -0.06461672
v -0.07961389 -0.78324699 -0.02023224
v -0.08797905 -0.77536958 -0.03268220
v -0.09346728 -0.78961802 -0.03793838
v -0.08465911 -0.80034190 -0.02372524
v -0.06846947 -0.79085696 -0.00773944
v -0.07254611 -0.81057507 -0.01195501
v -0.06650835 -0.73561680 -0.03105373
v -0.05858704 -0.73570532 -0.01709956
v -0.05319591 -0.72322917 -0.03040555
v -0.06124244 -0.72183311 -0.04024801
v -0.09265310 -0.79016340 -0.14847793
v -0.09474467 -0.78405166 -0.14228222
v -0.09025644 -0.78295970 -0.14761660
v -0.08793964 -0.78723687 -0.15207841
v -0.09933114 -0.78795362 -0.12114710
v -0.09819502 -0.78557408 -0.13310829
v -0.10157254 -0.79394472 -0.09588523
v -0.10375182 -0.79718316 -0.08356685
v -0.10138559 -0.79675299 -0.05990760
v -0.10343017 -0.79847723 -0.07135685
v -0.09193549 -0.76920068 -0.04307981
v -0.09508210 -0.77833486 -0.04684573
v -0.07668340 -0.71831506 -0.06414557
v -0.06849226 -0.71930671 -0.05210739
v -0.06502860 -0.70236880 -0.05716474
v -0.07257431 -0.69885814 -0.06770548
v -0.05013827 -0.70732713 -0.03675293
v -0.05717085 -0.70533955 -0.04661469
v -0.06442300 -0.66799152 -0.06604915
v -0.05836022 -0.67121708 -0.05551402
v -0.05683864 -0.65937054 -0.05047954
v -0.06129117 -0.65602136 -0.06001201
v -0.05013765 -0.66247737 -0.03993117
v -0.05013172 -0.67491651 -0.04666503
v -0.04274707 -0.67809761 -0.03871441
v -0.04183224 -0.66575342 -0.03161947
v -0.03074121 -0.64227688 -0.11475453
v -0.03857621 -0.64474523 -0.10760096
v -0.03796493 -0.63390601 -0.10131158
v -0.02868079 -0.63163000 -0.10841022
v -0.06030407 -0.64606762 -0.05345577
v -0.05836423 -0.65209389 -0.04207451
v -0.07438968 -0.73366761 -0.04359445
v -0.08014567 -0.73379302 -0.05311401
v -0.05219281 -0.65580332 -0.03079242
v -0.06208068 -0.68559241 -0.05859839
v -0.05341670 -0.68851066 -0.04827589
v -0.04169413 -0.70749402 -0.03005515
v -0.04424744 -0.72073680 -0.02096850
v -0.06257628 -0.75761122 -0.17062789
v -0.06605046 -0.77033854 -0.16289018
v -0.06198817 -0.77200687 -0.16328421
v -0.06306411 -0.77475536 -0.16204099
v -0.06673074 -0.77382028 -0.16202046
v -0.06023638 -0.81127012 -0.17294459
v -0.07150146 -0.81071591 -0.16490690
v -0.06944279 -0.79860282 -0.16969183
v -0.05745825 -0.79592526 -0.17472637
v -0.08719511 -0.74068427 -0.15648639
v -0.08154830 -0.73084617 -0.16256830
v -0.07766213 -0.73937505 -0.16723140
v -0.08076239 -0.74831188 -0.16334404
v -0.08670440 -0.77649617 -0.14888491
v -0.08602969 -0.77879310 -0.15054840
v -0.08798731 -0.77881235 -0.14781888
v -0.07724513 -0.71817082 -0.16264889
v -0.08293463 -0.72177029 -0.15668336
v -0.09619670 -0.74778110 -0.11572799
v -0.09561601 -0.77730441 -0.13742186
v -0.06004439 -0.87463707 -0.10031723
v -0.06347273 -0.86282480 -0.12912866
v -0.05415481 -0.87326723 -0.06806204
v -0.04830424 -0.86337233 -0.04059333
v -0.05564504 -0.81781399 -0.00597139
v -0.03824902 -0.82866907 -0.00220835
v -0.03513979 -0.80318892 0.00257286
v -0.05124016 -0.79756403 -0.00158125
v -0.04391905 -0.73668182 -0.00945460
v -0.03480091 -0.68025249 -0.03180671
v -0.03296608 -0.66755188 -0.02735454
v -0.06565090 -0.84650540 -0.15049425
v -0.06286484 -0.82925236 -0.16541140
v -0.10042925 -0.78947496 -0.10871678
v -0.09591907 -0.75168580 -0.13918471
v -0.09306380 -0.74509400 -0.14589725
v -0.09104256 -0.75582582 -0.14960876
v -0.09282573 -0.75992870 -0.14404806
v -0.09555507 -0.74242198 -0.13037349
v -0.09340502 -0.73412621 -0.11848873
v -0.09118213 -0.72577822 -0.10502496
v -0.08701175 -0.71568406 -0.09885912
v -0.08780967 -0.81490958 -0.03001694
v -0.09654243 -0.80286044 -0.04343069
v -0.06079160 -0.83780509 -0.01850306
v -0.07759041 -0.82755971 -0.02310951
v -0.09825803 -0.79301167 -0.04918393
v -0.04373173 -0.84881485 -0.01757108
v -0.05403325 -0.73179245 -0.18435124
v -0.05294884 -0.73589677 -0.18412963
v -0.05956526 -0.73130745 -0.17875905
v -0.05089509 -0.70735967 -0.18421124
v -0.05125218 -0.70199680 -0.18074812
v -0.04681701 -0.70196891 -0.18252142
v -0.04678036 -0.70735514 -0.18591416
v -0.04358662 -0.66814530 -0.15409075
v -0.05186671 -0.67056370 -0.14935267
v -0.03319727 -0.65360796 -0.12121734
v -0.04056725 -0.65536940 -0.11398950
v -0.05410071 -0.74399048 -0.18773741
v -0.05407976 -0.74234420 -0.18598750
v -0.05250269 -0.74333924 -0.18654561
v -0.05294040 -0.74430978 -0.18847355
v -0.06121267 -0.71584159 -0.17415543
v -0.04988459 -0.72360933 -0.18848713
v -0.04909641 -0.72038770 -0.18663631
v -0.04639348 -0.72030866 -0.18775198
v -0.04695282 -0.72385442 -0.18923536
v -0.05981330 -0.67628765 -0.12331557
v -0.05264837 -0.66789126 -0.11223795
v -0.06211192 -0.65160930 -0.07384227
v -0.06575378 -0.66384649 -0.07915497
v -0.06877962 -0.68233562 -0.06853691
v -0.04625300 -0.69143277 -0.03863978
v -0.03807763 -0.69433069 -0.03214672
v -0.02711550 -0.69621718 -0.02954854
v -0.03070098 -0.70929861 -0.02537462
v -0.04657401 -0.66964459 -0.13340335
v -0.04273944 -0.66342163 -0.12270573
v -0.03489357 -0.66189849 -0.12904949
v -0.03793866 -0.66715193 -0.13927807
v -0.04943041 -0.74173272 -0.19011936
v -0.04990365 -0.74068546 -0.18798028
v -0.04814576 -0.73854840 -0.18920168
v -0.04831466 -0.74061942 -0.19181028
v -0.05430344 -0.74128377 -0.18389288
v -0.05239827 -0.73908007 -0.18407020
v -0.05226943 -0.74094808 -0.18405400
v -0.05531659 -0.74278533 -0.18519436
v -0.05536886 -0.74404693 -0.18784943
v -0.05224972 -0.74491197 -0.19319575
v -0.05289041 -0.74524975 -0.19781594
v -0.05440006 -0.74437630 -0.19120213
v -0.05083355 -0.74296755 -0.18847091
v -0.05065934 -0.74150944 -0.18665633
v -0.05209370 -0.74213839 -0.18478398
v -0.05358602 -0.74251974 -0.18445215
v -0.05216736 -0.74471867 -0.19126210
v -0.05346645 -0.74454439 -0.18968190
v -0.05160514 -0.76464391 -0.18969382
v -0.02642057 -0.65255320 -0.12454709
v -0.02847659 -0.66090822 -0.13187543
v -0.06153714 -0.71396458 -0.17283121
v -0.06859320 -0.79161584 -0.16642037
v -0.08669235 -0.75514156 -0.15591858
v -0.06931014 -0.75823307 -0.16662507
v -0.07040801 -0.76328486 -0.16440333
v -0.07544085 -0.76050210 -0.16244762
v -0.07465407 -0.75335026 -0.16583814
v -0.05980439 -0.78925157 -0.16763845
v -0.05441074 -0.78371495 -0.16764379
v -0.05157077 -0.78613961 -0.17435482
v -0.05317834 -0.77783924 -0.16770121
v -0.05578863 -0.77267945 -0.16634482
v -0.05474247 -0.77051055 -0.17230126
v -0.05107955 -0.77719343 -0.17643097
v -0.08662601 -0.78214771 -0.15063880
v -0.08495322 -0.78091359 -0.15277007
v -0.05895742 -0.76610696 -0.16904010
v -0.06003177 -0.76939821 -0.16534626
v -0.06496836 -0.76660091 -0.16485035
v -0.06391145 -0.76195204 -0.16736767
v -0.08074322 -0.75742018 -0.16002201
v -0.09150483 -0.77812505 -0.14347960
v -0.08808932 -0.76771605 -0.14679800
v -0.08224041 -0.72961730 -0.06623857
v -0.08482430 -0.73920584 -0.05895661
v -0.08533917 -0.72525799 -0.08213441
v -0.08388488 -0.72625721 -0.07914919
v -0.07918789 -0.72063649 -0.08199064
v -0.08243071 -0.72078353 -0.08553107
v -0.09815416 -0.76971650 -0.06096414
v -0.09863915 -0.77003723 -0.06478541
v -0.09997585 -0.77599704 -0.06501900
v -0.09811936 -0.77493572 -0.05837630
v -0.09997543 -0.77261370 -0.07081874
v -0.09859330 -0.76950455 -0.07130121
v -0.09940645 -0.76906019 -0.07440892
v -0.10096053 -0.77518320 -0.07245162
v -0.10030989 -0.77291143 -0.07930847
v -0.10269173 -0.78385973 -0.08172910
v -0.10260072 -0.78562015 -0.07223399
v -0.09923858 -0.77244788 -0.10180149
v -0.10082613 -0.78064597 -0.09146789
v -0.09761769 -0.76921314 -0.08569279
v -0.09631020 -0.76135015 -0.09114763
v -0.08932556 -0.72988445 -0.09183443
v -0.08734696 -0.72221506 -0.08913867
v -0.07932269 -0.72339582 -0.07550786
v -0.06442209 -0.77107882 -0.00851008
v -0.07620305 -0.76562035 -0.01987914
v -0.08371077 -0.76125765 -0.03179108
v -0.08815318 -0.75792712 -0.04317854
v -0.05102370 -0.77852488 0.00029940
v -0.03677491 -0.78049469 0.00197447
v -0.09700923 -0.75612450 -0.10308000
v -0.09429682 -0.75086397 -0.09290159
v -0.07122517 -0.74889731 -0.02375464
v -0.06007421 -0.75223786 -0.01177913
v -0.07833546 -0.74655479 -0.03571582
v -0.08316135 -0.74676448 -0.04740686
v -0.04689609 -0.75889838 -0.00176785
v -0.03048490 -0.75808001 0.00149514
v -0.02966946 -0.73806620 -0.00542011
v -0.09205751 -0.73149008 -0.08216628
v -0.09184837 -0.72617435 -0.08262116
v -0.08948085 -0.72520304 -0.08451845
v -0.09048969 -0.72980541 -0.08582122
v -0.09142490 -0.74001706 -0.09237437
v -0.09397942 -0.74220586 -0.10304641
v -0.05126021 -0.77096164 -0.18379782
v -0.04410645 -0.68029320 -0.18296123
v -0.04389769 -0.69379735 -0.18368180
v -0.04997372 -0.73107368 -0.18769924
v -0.04993682 -0.72780102 -0.18795390
v -0.04702853 -0.72732288 -0.18894920
v -0.04702825 -0.73096073 -0.18846840
v -0.06177615 -0.78609622 -0.16250058
v -0.03094894 -0.72161329 -0.01599827
v -0.02507491 -0.68203986 -0.02915874
v -0.02272977 -0.66927254 -0.02628223
v -0.04345415 -0.65594947 -0.02220635
v -0.03274941 -0.65552300 -0.01865324
v -0.04726790 -0.73472846 -0.18858719
v -0.04994435 -0.73483980 -0.18751633
v -0.05147668 -0.74376941 -0.19046921
v -0.05285138 -0.71975648 -0.18421341
v -0.05070046 -0.74009043 -0.18642464
v -0.05006762 -0.73808897 -0.18706444
v -0.04609206 -0.73760265 -0.19040060
v -0.04562225 -0.73440695 -0.18906894
v -0.07057837 -0.76908338 -0.16193394
v -0.07078091 -0.77341616 -0.16122788
v -0.05042097 -0.74329334 -0.19248955
v -0.04974680 -0.74234003 -0.19506405
v -0.04916476 -0.63562357 -0.09237806
v -0.05827773 -0.63783455 -0.08001287
v -0.04433428 -0.72045767 -0.18811399
v -0.04497417 -0.72385132 -0.18962701
v -0.09517775 -0.75492990 -0.08404487
v -0.09731532 -0.76137459 -0.08145235
v -0.09709836 -0.75697994 -0.07724221
v -0.09485515 -0.75161171 -0.07897813
v -0.02390966 -0.64120996 -0.11845068
v -0.06004062 -0.64132810 -0.06621899
v -0.02180684 -0.65740442 -0.01697537
v -0.08546287 -0.77288330 -0.15016919
v -0.08643527 -0.77442610 -0.14863361
v -0.06407963 -0.78290939 -0.16105992
v -0.05373103 -0.71230769 -0.18220794
v -0.05197336 -0.71627331 -0.18152417
v -0.03159513 -0.66608590 -0.14206375
v -0.04679314 -0.73966336 -0.19311526
v -0.09556958 -0.76428246 -0.06940512
v -0.09512711 -0.76119685 -0.06990609
v -0.09819277 -0.76051188 -0.07129505
v -0.09868693 -0.76340705 -0.07170818
v -0.10160494 -0.76613468 -0.07571807
v -0.10261679 -0.76910055 -0.07390389
v -0.10308036 -0.76594114 -0.07233533
v -0.10164843 -0.76359618 -0.07328558
v -0.09918062 -0.76641780 -0.07816746
v -0.09939096 -0.76237178 -0.07626009
v -0.10467286 -0.77008402 -0.07152458
v -0.10394573 -0.76775134 -0.07052231
v -0.09921822 -0.76997411 -0.06868793
v -0.10194913 -0.77105433 -0.07060400
v -0.10225448 -0.77256578 -0.06637067
v -0.10640863 -0.77091599 -0.06770863
v -0.10288883 -0.77197194 -0.06025732
v -0.10728952 -0.76972842 -0.06236053
v -0.10177957 -0.76826274 -0.05551998
v -0.10660534 -0.76646137 -0.05759419
v -0.09146179 -0.73790509 -0.08537879
v -0.08931448 -0.73957801 -0.07994477
v -0.10057811 -0.76265877 -0.05351750
v -0.10565739 -0.76136070 -0.05501347
v -0.09871662 -0.75518417 -0.05255835
v -0.10376253 -0.75514543 -0.05400002
v -0.09654605 -0.74701262 -0.05328410
v -0.10126273 -0.74824375 -0.05454773
v -0.09572977 -0.74003392 -0.05612372
v -0.09987621 -0.74183398 -0.05735997
v -0.09399621 -0.73142982 -0.06120431
v -0.09858002 -0.73576146 -0.06257456
v -0.10301346 -0.76531458 -0.05905826
v -0.10336845 -0.76830745 -0.06257105
v -0.09621446 -0.76653063 -0.05979683
v -0.10364425 -0.76910251 -0.06722871
v -0.09279661 -0.75633621 -0.06386243
v -0.09274889 -0.75357842 -0.06526901
v -0.09558548 -0.75394583 -0.06803823
v -0.09337111 -0.75653541 -0.06637959
v -0.09411354 -0.75011754 -0.07582930
v -0.09336977 -0.74540997 -0.07638747
v -0.09327409 -0.74505997 -0.07973716
v -0.09095623 -0.74210101 -0.07620653
v -0.09079961 -0.74607974 -0.07495870
v -0.09071255 -0.74315929 -0.07496584
v -0.09006206 -0.74989784 -0.07441687
v -0.09075767 -0.74147189 -0.07373362
v -0.09133033 -0.74030340 -0.07495623
v -0.08991455 -0.74251044 -0.07329740
v -0.08969866 -0.74334419 -0.07397771
v -0.08865147 -0.74494112 -0.07333767
v -0.08869375 -0.74745917 -0.07088967
v -0.09352941 -0.74652374 -0.08512054
v -0.08699857 -0.73548698 -0.06760651
v -0.08959024 -0.74186146 -0.06236374
v -0.09671709 -0.73140222 -0.06862339
v -0.09306314 -0.72629392 -0.06912409
v -0.09196212 -0.72412443 -0.08045527
v -0.09261446 -0.72358620 -0.07576317
v -0.09464193 -0.76146841 -0.05900447
v -0.09341831 -0.75519526 -0.05785780
v -0.08540515 -0.73096192 -0.07484619
v -0.09178971 -0.74928224 -0.05913804
v -0.09769872 -0.73959553 -0.06370839
v -0.09605816 -0.73693502 -0.06837066
v -0.09936411 -0.74400496 -0.05998219
v -0.09233456 -0.73740244 -0.07705915
v -0.09469580 -0.73596668 -0.07299172
v -0.09566095 -0.73062754 -0.07438486
v -0.09403315 -0.73095119 -0.07873991
v -0.09469374 -0.74124068 -0.06924278
v -0.09734738 -0.74322212 -0.06567335
v -0.09182159 -0.74344224 -0.06857774
v -0.09451948 -0.74621779 -0.06559950
v -0.09109810 -0.74185157 -0.07165211
v -0.09266704 -0.74020582 -0.07244819
v -0.08885075 -0.74492860 -0.06832831
v -0.09111404 -0.74860001 -0.06500314
v -0.08930571 -0.74310720 -0.07159808
v -0.09708805 -0.74825376 -0.06342919
v -0.09450524 -0.75125885 -0.06395379
v -0.09796194 -0.75416136 -0.06436770
v -0.09944070 -0.75134504 -0.06345510
v -0.09938395 -0.74571180 -0.06267484
v -0.10091626 -0.74980503 -0.06084132
v -0.09995081 -0.74945915 -0.05758554
v -0.10152914 -0.75493801 -0.05978503
v -0.10093554 -0.75531912 -0.05688234
v -0.10075711 -0.75479418 -0.06224898
v -0.10000557 -0.75595325 -0.06444322
v -0.10233893 -0.76105440 -0.05711323
v -0.10198803 -0.75953645 -0.05982896
v -0.10247863 -0.76330543 -0.06115616
v -0.10154071 -0.75835121 -0.06233562
v -0.10175459 -0.76132810 -0.06345150
v -0.10092412 -0.75782925 -0.06405455
v -0.10077102 -0.75955403 -0.06526223
v -0.10070226 -0.76741880 -0.06994576
v -0.09968573 -0.76592582 -0.07150579
v -0.10157301 -0.76714516 -0.06701870
v -0.09998393 -0.76508820 -0.06738277
v -0.09939034 -0.76607549 -0.06895347
v -0.09803572 -0.76518291 -0.06963115
v -0.09910149 -0.76306242 -0.06831159
v -0.09687766 -0.76149011 -0.06763451
v -0.02720777 -0.60822278 -0.09470204
v -0.01761843 -0.60674518 -0.09718672
v -0.01849204 -0.61853647 -0.10553940
v -0.02724055 -0.62028641 -0.10142307
v -0.10107768 -0.76357448 -0.06562284
v -0.10018757 -0.76123577 -0.06709381
v -0.10214861 -0.76614583 -0.06385805
v -0.09743577 -0.75791854 -0.06547435
v -0.09872987 -0.75942957 -0.06667831
v -0.09956621 -0.75753450 -0.06583805
v -0.09846066 -0.75660980 -0.06538400
v -0.09427842 -0.75372952 -0.07453281
v -0.09145913 -0.75236648 -0.07156967
v -0.09078633 -0.75005233 -0.06833180
v -0.05711772 -0.59458482 -0.07033513
v -0.05300483 -0.60437119 -0.07305326
v -0.06530638 -0.61110616 -0.06154057
v -0.07126630 -0.60393071 -0.06045532
v -0.06796207 -0.57279885 -0.07633148
v -0.08883554 -0.58303130 -0.06590042
v -0.08662275 -0.55984139 -0.07429563
v -0.06895896 -0.55439454 -0.07822338
v -0.08366890 -0.54184890 -0.08298628
v -0.06811891 -0.53828609 -0.08478934
v -0.07673377 -0.49432877 -0.10438722
v -0.06301562 -0.49301389 -0.10653556
v -0.06479309 -0.50827384 -0.10064042
v -0.07877174 -0.50958407 -0.09791620
v -0.09131379 -0.41948134 -0.09599958
v -0.08465378 -0.40556878 -0.08559824
v -0.07460076 -0.40731388 -0.09352812
v -0.08173614 -0.42042395 -0.10235985
v -0.14011396 -0.52105421 -0.06834118
v -0.14572223 -0.53848624 -0.06623825
v -0.15502401 -0.53223002 -0.06272431
v -0.14654052 -0.51436973 -0.06343418
v -0.10063837 -0.62146592 -0.03936987
v -0.09676670 -0.60544980 -0.05360565
v -0.08761996 -0.60997713 -0.05021219
v -0.09260543 -0.62527931 -0.03835024
v -0.12292516 -0.44361421 -0.06284209
v -0.11909866 -0.43044215 -0.06225862
v -0.11855180 -0.43644100 -0.07306881
v -0.12143299 -0.44933087 -0.07438003
v -0.08882910 -0.37208992 -0.02752209
v -0.09095995 -0.35398462 -0.02383810
v -0.07784037 -0.35169008 -0.03368267
v -0.07723726 -0.36881685 -0.03683057
v -0.12167478 -0.40229085 0.00769225
v -0.12709929 -0.40684941 0.02481398
v -0.12584053 -0.39346525 0.03156412
v -0.12224561 -0.38790262 0.01337087
v -0.10153317 -0.49459809 -0.09525442
v -0.08990766 -0.49489650 -0.10064719
v -0.09221487 -0.50992012 -0.09445810
v -0.10504556 -0.50990605 -0.08988024
v -0.31387725 -0.53242588 -0.03220225
v -0.31039375 -0.51963663 -0.02911777
v -0.28713161 -0.52519786 -0.03195161
v -0.29006043 -0.53733790 -0.03472809
v -0.11280204 -0.30882913 0.02744589
v -0.11223415 -0.31369960 0.04299138
v -0.11273764 -0.29974893 0.04169268
v -0.11197811 -0.29478258 0.02579105
v -0.19437958 -0.58692443 -0.05820362
v -0.18347411 -0.59225655 -0.06247127
v -0.18343662 -0.60940963 -0.05131894
v -0.19490118 -0.60488868 -0.04882434
v -0.12862317 -0.48919511 -0.06699978
v -0.12507509 -0.49255085 -0.07480063
v -0.13280578 -0.50662994 -0.07161795
v -0.13673274 -0.50080132 -0.06536748
v -0.13664714 -0.43361992 0.01071458
v -0.13240968 -0.42977342 -0.00392136
v -0.13639306 -0.44597113 -0.00735251
v -0.13997529 -0.44894546 0.00548972
v -0.12757593 -0.41518119 0.00230552
v -0.13255502 -0.41906953 0.01820933
v -0.11979752 -0.49387145 -0.08153883
v -0.11173831 -0.49400210 -0.08840866
v -0.11651010 -0.50967729 -0.08384040
v -0.12587583 -0.50941044 -0.07752743
v -0.07728246 -0.39536628 -0.07134324
v -0.06563325 -0.39719898 -0.08159213
v -0.10700273 -0.28973475 0.00947584
v -0.09794311 -0.28403315 -0.00635274
v -0.09794894 -0.29891795 -0.00461093
v -0.10767815 -0.30398029 0.01106045
v -0.06437251 -0.38283092 -0.04636434
v -0.06918992 -0.39067134 -0.05640238
v -0.07987292 -0.39136147 -0.04805037
v -0.07580811 -0.38360175 -0.03908955
v -0.08593239 -0.27904108 -0.02108754
v -0.07166266 -0.27562651 -0.03324695
v -0.06967323 -0.29105839 -0.02986013
v -0.08471747 -0.29398733 -0.01873033
v -0.08100433 -0.52525264 -0.09052983
v -0.06642535 -0.52334535 -0.09332195
v -0.10703972 -0.42163670 -0.08166298
v -0.10188589 -0.40896565 -0.07023555
v -0.09395810 -0.40654278 -0.07751189
v -0.09988248 -0.41996068 -0.08871811
v -0.14675155 -0.49722522 -0.04362934
v -0.14966458 -0.50494862 -0.05565909
v -0.16656879 -0.52257621 -0.05499626
v -0.16135374 -0.50636882 -0.04176209
v -0.11543021 -0.28581768 0.04136381
v -0.11586081 -0.28263214 0.02515906
v -0.09119786 -0.26634648 -0.02177257
v -0.07662514 -0.26245350 -0.03485462
v -0.18530673 -0.51264679 0.00116486
v -0.17663607 -0.50456893 0.00092313
v -0.17393714 -0.50349581 -0.00807148
v -0.18195528 -0.51199347 -0.00783367
v -0.04920100 -0.42241356 -0.10766686
v -0.06236910 -0.43007153 -0.11158739
v -0.06668656 -0.41534841 -0.10287875
v -0.05540473 -0.40594462 -0.09428860
v -0.09620936 -0.39937103 -0.05636605
v -0.09026270 -0.39428240 -0.04261173
v -0.08762160 -0.39616281 -0.06313271
v -0.03481795 -0.41587478 -0.09983192
v -0.04024598 -0.39741179 -0.07911361
v -0.05113246 -0.52057910 -0.09580588
v -0.04978967 -0.50640792 -0.10312553
v -0.05226606 -0.53485906 -0.08961013
v -0.03722216 -0.53120691 -0.09373347
v -0.03666995 -0.54609936 -0.08937947
v -0.05195978 -0.54977453 -0.08442520
v -0.03526930 -0.56186992 -0.08917932
v -0.05038143 -0.56576651 -0.08330340
v -0.04202347 -0.58901125 -0.07886150
v -0.03866763 -0.59969765 -0.08123318
v -0.13762464 -0.49377200 -0.05644247
v -0.13060050 -0.48358852 -0.05730360
v -0.10258880 -0.27141938 -0.00694016
v -0.11004146 -0.58921516 0.04311775
v -0.10961758 -0.57627773 0.05202279
v -0.12304714 -0.57885599 0.04397814
v -0.12322441 -0.59212983 0.03649119
v -0.10892271 -0.61992860 -0.04080330
v -0.10736813 -0.60352373 -0.05555411
v -0.16895103 -0.53096497 0.02983073
v -0.16002421 -0.52878559 0.03271053
v -0.16020270 -0.51876664 0.02990234
v -0.16907062 -0.52259922 0.02754434
v -0.18733834 -0.51701230 0.01448824
v -0.19801500 -0.51956105 0.01555623
v -0.19909930 -0.52619255 0.01930281
v -0.18731093 -0.52335835 0.01781227
v -0.10963954 -0.30399755 0.05737328
v -0.10781204 -0.31828043 0.05830165
v -0.11658559 -0.43435329 0.06933685
v -0.12381540 -0.42320925 0.05477462
v -0.13186283 -0.43621162 0.04641289
v -0.12676965 -0.44850603 0.05926130
v -0.02296107 -0.56277084 0.05616378
v -0.02274554 -0.55219418 0.06220277
v -0.04036018 -0.55547351 0.06417450
v -0.04040047 -0.56647909 0.05803865
v -0.07756314 -0.59261125 0.04581871
v -0.07669424 -0.60106409 0.03986336
v -0.05688029 -0.59339970 0.04463168
v -0.05716959 -0.58343458 0.05160291
v -0.09387761 -0.58499432 0.04938047
v -0.09336792 -0.57200944 0.05813060
v -0.14268382 -0.45479012 0.01749969
v -0.13795513 -0.44053674 0.02390212
v -0.15201235 -0.47575080 0.01235993
v -0.15025240 -0.47178155 0.00202970
v -0.15490541 -0.48031333 0.00151376
v -0.15576483 -0.48354846 0.01094757
v -0.08518849 -0.63034379 -0.03801217
v -0.08410984 -0.64012545 -0.02247903
v -0.09302180 -0.63549888 -0.02291693
v -0.05072004 -0.62815011 0.01567516
v -0.05098088 -0.62359262 0.02069797
v -0.06378937 -0.62784362 0.01502736
v -0.06055734 -0.63107741 0.01145030
v -0.04514908 -0.50300229 0.09078610
v -0.02465269 -0.50278091 0.09094808
v -0.02343941 -0.48327771 0.09410921
v -0.04587394 -0.48148578 0.09384577
v -0.16093816 -0.49475923 0.01712440
v -0.16899328 -0.50048482 0.01526901
v -0.16829917 -0.50681585 0.01995009
v -0.16017142 -0.50144541 0.02239772
v -0.15485670 -0.49595863 0.02508965
v -0.15061057 -0.48924792 0.02869037
v -0.15184353 -0.48171464 0.02104750
v -0.15577947 -0.48907256 0.01859998
v -0.13510709 -0.46110159 0.04746774
v -0.13767602 -0.45015949 0.03607193
v -0.14339268 -0.46257198 0.02873947
v -0.14223084 -0.47276372 0.03969316
v -0.01775174 -0.41375956 0.09826843
v -0.03543184 -0.41280010 0.10012223
v -0.03760210 -0.43589845 0.09826441
v -0.01858908 -0.43634954 0.09890245
v -0.19123612 -0.51661533 -0.02276507
v -0.19274268 -0.52040792 -0.03093141
v -0.20384791 -0.52057201 -0.02895904
v -0.20428312 -0.51705533 -0.01921487
v -0.20983063 -0.54399431 0.02757061
v -0.21977498 -0.54568088 0.02893888
v -0.22024021 -0.55119896 0.02922550
v -0.20967649 -0.54998070 0.02816220
v -0.22336625 -0.51313078 -0.00686564
v -0.22010113 -0.51518023 -0.01600354
v -0.23986974 -0.51098514 -0.01310791
v -0.24193221 -0.50828230 -0.00308033
v -0.11638281 -0.62856650 -0.02223729
v -0.11642697 -0.61878437 -0.04206779
v -0.10950995 -0.63088292 -0.02295320
v -0.21006402 -0.51348567 0.00558282
v -0.22496863 -0.51150280 0.00935784
v -0.22530508 -0.51475275 0.01610222
v -0.21000917 -0.51585472 0.01273601
v -0.31669137 -0.54637241 -0.02785576
v -0.29309449 -0.55083930 -0.03076630
v -0.26317236 -0.50402737 0.00879124
v -0.26467055 -0.50566727 0.01720874
v -0.24371471 -0.50967407 0.01327298
v -0.24289803 -0.50775933 0.00594363
v -0.10787587 -0.41982514 0.07497972
v -0.11653208 -0.40930369 0.06138951
v -0.09305655 -0.31186104 0.08642887
v -0.10322294 -0.30767080 0.07249687
v -0.10022297 -0.32323492 0.07266907
v -0.08973115 -0.32867280 0.08613119
v -0.11199308 -0.28954411 0.05753243
v -0.09601171 -0.29375726 0.08644389
v -0.10619254 -0.29121736 0.07294030
v -0.06948993 -0.64685398 -0.02718722
v -0.06110579 -0.64903188 -0.01489044
v -0.06649903 -0.64418054 -0.00957816
v -0.07689380 -0.64462161 -0.02326728
v -0.16099046 -0.18836164 0.04554047
v -0.16431244 -0.16139309 0.03450684
v -0.16808465 -0.17326868 0.01319201
v -0.16336407 -0.19730930 0.02473974
v -0.03715173 -0.63592649 0.00569855
v -0.05313134 -0.63998002 -0.00012852
v -0.04887417 -0.64566183 -0.00609265
v -0.03574255 -0.64201665 -0.00190816
v -0.15752809 -0.21992928 0.03160972
v -0.15539439 -0.21459362 0.05366068
v -0.07103667 -0.63685489 -0.04074519
v -0.07853925 -0.63421285 -0.03866040
v -0.07408214 -0.62190396 -0.04984672
v -0.06677316 -0.62604630 -0.05241037
v -0.06040159 -0.61925250 -0.06579622
v -0.16557568 -0.18677522 -0.00970986
v -0.15978801 -0.20284362 0.00338380
v -0.05719807 -0.65176082 -0.02106514
v -0.04607519 -0.65024465 -0.01284722
v -0.03387183 -0.64860606 -0.00952921
v -0.02113565 -0.64792681 -0.00880012
v -0.11892865 -0.27524129 0.05813015
v -0.12210014 -0.27293581 0.04085262
v -0.12425499 -0.04557355 0.01767474
v -0.09845339 -0.03589088 0.03056450
v -0.09700913 -0.03041501 0.00421369
v -0.12583496 -0.04201385 -0.01022054
v -0.03367346 -0.03724904 0.05409193
v -0.03185860 -0.03470317 0.03544976
v -0.06445049 -0.03040244 0.02052267
v -0.06873000 -0.03199330 0.04288557
v -0.03672077 -0.14142343 0.12708254
v -0.06552190 -0.14231978 0.12549642
v -0.06246110 -0.17102717 0.12674424
v -0.03530778 -0.16914335 0.12943357
v -0.10129497 -0.27703410 0.08860632
v -0.11207888 -0.27547204 0.07423374
v -0.12012056 -0.27053714 0.02460076
v -0.16108412 -0.12877624 -0.11145326
v -0.17123559 -0.10337977 -0.09017038
v -0.16429834 -0.08714783 -0.11497323
v -0.15688542 -0.11064762 -0.13483021
v -0.14163046 -0.04248120 -0.08016387
v -0.14860581 -0.05416247 -0.05365814
v -0.12135236 -0.03439388 -0.03836769
v -0.11508472 -0.02810645 -0.06496331
v -0.06079052 -0.25850129 -0.04554293
v -0.07873941 -0.25177035 -0.03303590
v -0.06365487 -0.24692278 -0.04438255
v -0.01440784 -0.24355222 -0.06532052
v -0.03066392 -0.24913605 -0.06050857
v -0.03214183 -0.23689355 -0.05957233
v -0.01652720 -0.23345141 -0.06348126
v -0.02335771 -0.19162679 -0.06441619
v -0.01093211 -0.18947010 -0.06386466
v -0.01232503 -0.19976786 -0.06254138
v -0.02612969 -0.19904788 -0.05991722
v -0.15009537 -0.20743118 -0.01667248
v -0.13121545 -0.21259366 -0.03018176
v -0.12851714 -0.22115029 -0.02135026
v -0.14462696 -0.22076006 -0.00727094
v -0.02988908 -0.03933534 0.01682085
v -0.05769891 -0.02705717 0.00003657
v -0.13813768 -0.13124228 -0.14917514
v -0.14084204 -0.14917359 -0.12348437
v -0.10809305 -0.14855622 -0.15716922
v -0.07490665 -0.15243834 -0.15514749
v -0.07837646 -0.16525060 -0.13072807
v -0.11068199 -0.16251582 -0.13115779
v -0.01376420 -0.12099829 -0.06554647
v -0.01951053 -0.14681646 -0.06814715
v -0.02499343 -0.13820221 -0.07283726
v -0.01729300 -0.11597969 -0.06630564
v -0.03478933 -0.05697730 0.08879170
v -0.03509593 -0.04530281 0.07373714
v -0.06626794 -0.03858745 0.06544012
v -0.06569757 -0.05275381 0.08340894
v -0.08314963 -0.29584706 0.09765159
v -0.08813123 -0.27657121 0.10014252
v -0.06846982 -0.29681629 0.10592761
v -0.08032364 -0.31565654 0.09764715
v -0.06627413 -0.31862301 0.10588376
v -0.08165219 -0.44322827 0.09167848
v -0.09571631 -0.43147966 0.08553839
v -0.10588032 -0.44703326 0.08128446
v -0.09190278 -0.46084803 0.08923189
v -0.05691539 -0.56204081 0.06658946
v -0.05692861 -0.57348281 0.05908185
v -0.08127686 -0.01845531 -0.04342732
v -0.04643848 -0.02634220 -0.02716568
v -0.05556593 -0.01421098 -0.06883970
v -0.08410366 -0.01131167 -0.07812577
v -0.13367273 -0.02933609 -0.10497969
v -0.14996158 -0.04702051 -0.11930475
v -0.15794535 -0.06098559 -0.09353201
v -0.15703040 -0.07030997 -0.13953775
v -0.15137620 -0.09543292 -0.15921074
v -0.10295270 -0.13379312 -0.18203968
v -0.07126933 -0.13779977 -0.17768350
v -0.01452221 -0.10264775 -0.11411975
v -0.02617921 -0.12281775 -0.13115183
v -0.02451534 -0.10983327 -0.14889392
v -0.01344788 -0.09016126 -0.13099252
v -0.05596178 -0.19284487 -0.06600953
v -0.08600026 -0.20670782 -0.05418200
v -0.08411760 -0.19549271 -0.06082058
v -0.05900683 -0.18125144 -0.06807767
v -0.01561122 -0.26184690 -0.06342056
v -0.02904878 -0.26678169 -0.05909067
v -0.04518092 -0.25369263 -0.05461256
v -0.04260935 -0.26997033 -0.05305910
v -0.05718362 -0.27263132 -0.04393854
v -0.03029932 -0.33188686 -0.05806710
v -0.04712822 -0.33177191 -0.05199818
v -0.04340350 -0.31784338 -0.04905263
v -0.02788420 -0.31856877 -0.05673203
v -0.03361882 -0.34751895 -0.06116781
v -0.04990175 -0.34772119 -0.05401525
v -0.03492467 -0.38491881 -0.06094576
v -0.05622968 -0.39177558 -0.06560420
v -0.05098859 -0.38372186 -0.05357654
v -0.03658244 -0.51670104 -0.09811683
v -0.03529667 -0.50270164 -0.10418862
v -0.15358293 -0.19478823 -0.02887306
v -0.02483682 -0.04199062 -0.04308000
v -0.01393968 -0.05488181 -0.06349626
v -0.01619104 -0.04038936 -0.08403170
v -0.03148726 -0.02428325 -0.07188398
v -0.15399225 -0.21957508 0.01170310
v -0.11073245 -0.27687520 0.00919369
v -0.11497445 -0.26643389 0.00947388
v -0.11111866 -0.40012842 -0.01339184
v -0.11259919 -0.38347024 -0.00362302
v -0.07426997 -0.43527591 -0.11171045
v -0.07477833 -0.42388517 -0.10658870
v -0.16524296 -0.07510330 -0.06719424
v -0.09750710 -0.11919871 -0.20529173
v -0.09186409 -0.10393012 -0.22815290
v -0.06229605 -0.10542530 -0.22335933
v -0.06719810 -0.12081607 -0.20004222
v -0.01330898 -0.05646729 -0.13604358
v -0.01545140 -0.07446818 -0.15136959
v -0.01746565 -0.05849199 -0.17411900
v -0.01722058 -0.04180261 -0.16004121
v -0.01818620 -0.02766392 -0.18615195
v -0.01712175 -0.04492395 -0.19957328
v -0.01555678 -0.02922487 -0.22274038
v -0.01776223 -0.01328474 -0.21053183
v -0.13279524 -0.11948572 -0.17532375
v -0.13594763 -0.07006374 -0.20974791
v -0.11913770 -0.08965088 -0.22339128
v -0.12626034 -0.10475329 -0.19897121
v -0.14388782 -0.08355021 -0.18452834
v -0.11094963 -0.01693013 -0.09171703
v -0.00918433 -0.07162794 -0.11599727
v -0.00921929 -0.08478734 -0.09896332
v -0.02831372 -0.01115957 -0.14232954
v -0.04324569 0.00127171 -0.13574207
v -0.03820628 -0.01034185 -0.10486934
v -0.02207794 -0.02523038 -0.11236241
v -0.12462202 -0.00991681 -0.15882656
v -0.13709737 -0.02888064 -0.17370129
v -0.14267726 -0.03707004 -0.14600912
v -0.12921923 -0.01958831 -0.13147476
v -0.14897762 -0.06084730 -0.16557226
v -0.14116268 -0.05021234 -0.19214383
v -0.11948497 -0.04522341 -0.25834650
v -0.10154084 -0.06354988 -0.26913267
v -0.11067657 -0.07580309 -0.24720468
v -0.12799248 -0.05814965 -0.23508868
v -0.12694257 -0.02697307 -0.24219981
v -0.13366272 -0.03831439 -0.21772879
v -0.13142335 -0.02003381 -0.20005018
v -0.12558669 -0.00888659 -0.22496656
v -0.11572829 0.00633833 -0.21048108
v -0.12066593 -0.00236455 -0.18537396
v -0.10525265 0.01014592 -0.17392296
v -0.10173582 0.01785581 -0.19907138
v -0.08590822 0.01783802 -0.16557959
v -0.06626669 0.01712881 -0.16216451
v -0.06746153 0.02517161 -0.18865502
v -0.08454630 0.02522850 -0.19186297
v -0.03518471 0.01190236 -0.19437462
v -0.05022626 0.02032425 -0.18942091
v -0.04761548 0.01052374 -0.16397455
v -0.03285787 -0.00006995 -0.16989702
v -0.04033313 0.06514309 -0.28421569
v -0.05560194 0.06464353 -0.28274316
v -0.05320197 0.05290492 -0.25956872
v -0.03784128 0.05139820 -0.26144314
v -0.06956676 0.06499724 -0.28244352
v -0.08399403 0.06406862 -0.28381392
v -0.08200262 0.05081519 -0.26328427
v -0.06864831 0.05056994 -0.26195422
v -0.10427675 0.03666504 -0.27884248
v -0.09536752 0.04634398 -0.26881784
v -0.09714857 0.05895701 -0.28943887
v -0.10589615 0.04803175 -0.29982656
v -0.11303838 0.03439562 -0.31256148
v -0.11355413 0.02321044 -0.29164594
v -0.11045619 0.01902480 -0.32633409
v -0.11230526 0.00712718 -0.30689970
v -0.09879245 -0.00827754 -0.32119301
v -0.09625749 0.00385603 -0.33992052
v -0.01386937 0.02401163 -0.28531221
v -0.01391390 0.03982230 -0.30682635
v -0.01634679 0.05180955 -0.29550365
v -0.01433572 0.03650498 -0.27453110
v -0.02518912 -0.00754909 -0.31259280
v -0.03423502 -0.02655776 -0.32654583
v -0.03498197 -0.00855155 -0.34421423
v -0.02855118 0.01257816 -0.33118072
v -0.11990594 -0.01472898 -0.26488781
v -0.11074591 -0.03278148 -0.27951038
v -0.11047837 0.01546314 -0.23430422
v -0.11948311 0.00249963 -0.24821517
v -0.03669324 0.02435735 -0.21732676
v -0.05164333 0.03080934 -0.21372157
v -0.01496792 -0.01286066 -0.24557704
v -0.01713842 0.00220750 -0.23367515
v -0.06170000 -0.04679966 -0.31347403
v -0.06715257 -0.05856195 -0.29225558
v -0.09219238 -0.05002835 -0.28995931
v -0.08570895 -0.03794618 -0.31125546
v -0.11499151 -0.00335072 -0.28621781
v -0.11603560 0.01226072 -0.27056235
v -0.10589064 0.02599306 -0.25719413
v -0.09629627 0.03545672 -0.24716803
v -0.08279757 0.04044487 -0.24158406
v -0.06795570 0.04231118 -0.23819125
v -0.05209931 0.04262380 -0.23652285
v -0.03731195 0.03842871 -0.23931694
v -0.01571338 0.01960531 -0.25422820
v -0.01481314 0.00603248 -0.26627871
v -0.05602570 -0.01900689 -0.35245886
v -0.05667659 -0.03526781 -0.33524612
v -0.08099604 -0.02586792 -0.33163765
v -0.07945970 -0.01278745 -0.35032031
v -0.05717592 -0.00114399 -0.36617330
v -0.03988227 0.00776540 -0.36019659
v -0.07364158 0.07924722 -0.30510658
v -0.08840843 0.07848704 -0.30594033
v -0.10065755 0.07204349 -0.31180573
v -0.11461972 0.04632595 -0.33349493
v -0.10881227 0.02964298 -0.34854585
v -0.09403933 0.01460950 -0.36152932
v -0.07788742 0.00079176 -0.36680740
v -0.02933393 0.07536352 -0.34517267
v -0.02301870 0.06289668 -0.32017159
v -0.02050618 0.05204642 -0.33048898
v -0.02696191 0.06338868 -0.35422042
v -0.04812616 0.09169862 -0.33313483
v -0.06174885 0.09757015 -0.32766369
v -0.05996960 0.07674152 -0.30846575
v -0.04586230 0.07502685 -0.31082654
v -0.07753813 0.09982549 -0.32585016
v -0.09351526 0.09664139 -0.32822341
v -0.10748830 0.08893585 -0.33319595
v -0.11754407 0.05944675 -0.35699835
v -0.11082352 0.06209347 -0.32071418
v -0.11751419 0.07625845 -0.34292462
v -0.10815229 0.03946047 -0.37377438
v -0.08824895 0.03758296 -0.41015407
v -0.08711655 0.02506071 -0.38558328
v -0.10949413 0.05062881 -0.39903891
v -0.06523551 0.08125767 -0.48821250
v -0.08737775 0.07899648 -0.48827866
v -0.08466277 0.09599306 -0.51627183
v -0.06510408 0.09809685 -0.51673430
v -0.02968906 0.07689899 -0.37852430
v -0.02956426 0.09082574 -0.36960518
v -0.04705950 0.11210793 -0.35594916
v -0.06322047 0.11824241 -0.35041714
v -0.12240199 0.08417095 -0.40861237
v -0.11978810 0.07080090 -0.38286400
v -0.12138300 0.08863330 -0.36827552
v -0.12291892 0.10274592 -0.39457211
v -0.02452485 0.11997001 -0.45710722
v -0.02472398 0.13439283 -0.44905540
v -0.02319126 0.12203705 -0.42053497
v -0.02349840 0.10629110 -0.42960379
v -0.06123153 0.13449137 -0.37586275
v -0.04405399 0.12850106 -0.38077047
v -0.04271035 0.14322150 -0.40769097
v -0.05987894 0.14924029 -0.40323517
v -0.11711072 0.11064163 -0.46653855
v -0.12191936 0.09743018 -0.43657306
v -0.12271625 0.11650737 -0.42312604
v -0.11835428 0.13002911 -0.45448372
v -0.08876714 0.04990081 -0.43458655
v -0.11103297 0.06310456 -0.42472208
v -0.11104544 0.07667695 -0.45059770
v -0.08938258 0.06405906 -0.46090820
v -0.06548987 0.05296338 -0.43368101
v -0.06624927 0.06594604 -0.45988953
v -0.03185546 0.15477246 -0.51472932
v -0.03024054 0.14372417 -0.48067388
v -0.02804224 0.13237694 -0.48961353
v -0.03180788 0.14413403 -0.52404726
v -0.06102423 0.15942153 -0.43471950
v -0.04395017 0.15529151 -0.43750447
v -0.04736076 0.16095659 -0.47109604
v -0.06111269 0.16685450 -0.46859726
v -0.10468765 0.13985318 -0.53172183
v -0.11165217 0.12530610 -0.49809998
v -0.11145905 0.14299950 -0.48752856
v -0.10367239 0.15555474 -0.52131367
v -0.08149413 0.11348766 -0.54809517
v -0.10311667 0.10601826 -0.50912571
v -0.09824087 0.12304717 -0.54209971
v -0.07579583 0.12985031 -0.58085614
v -0.06201331 0.12972066 -0.58331048
v -0.06424803 0.11463609 -0.54885966
v -0.03689557 0.15463212 -0.55737054
v -0.03459589 0.16390297 -0.54908764
v -0.04460203 0.17951998 -0.53804231
v -0.05605253 0.18450467 -0.53405321
v -0.05932911 0.17637339 -0.50174028
v -0.04662763 0.17104208 -0.50506765
v -0.08818665 0.17492279 -0.50806010
v -0.07436191 0.17766201 -0.50296283
v -0.06978314 0.18509832 -0.53511226
v -0.08199528 0.18235250 -0.54025036
v -0.09488992 0.16655244 -0.55202973
v -0.09808753 0.16770518 -0.51331639
v -0.09040504 0.17629313 -0.54531282
v -0.09740023 0.15284765 -0.56148797
v -0.09204558 0.13745385 -0.57382756
v -0.01659989 -0.06898336 -0.03000952
v -0.01226005 -0.07814738 -0.05056338
v -0.01446744 -0.06872199 -0.05220705
v -0.02255710 -0.06093164 -0.02791783
v -0.02333844 -0.07838051 -0.19291760
v -0.02491106 -0.09430607 -0.16949140
v -0.01939547 -0.04567164 -0.23911473
v -0.02179912 -0.06271774 -0.21741901
v -0.01786460 -0.02835509 -0.26028842
v -0.01802202 -0.00891273 -0.27996990
v -0.01792933 0.01089828 -0.29913157
v -0.01986490 0.02733092 -0.31965536
v -0.02503207 0.03910536 -0.34255090
v -0.02996305 0.04995485 -0.36657137
v -0.03378374 0.07510802 -0.41385835
v -0.02648879 0.09116159 -0.40361750
v -0.03432253 0.06218621 -0.39009309
v -0.03195803 0.10276127 -0.46875098
v -0.03220761 0.08844073 -0.44033813
v -0.03423737 0.11709525 -0.50124997
v -0.03778827 0.13216324 -0.53474987
v -0.04185157 0.14456600 -0.56764853
v -0.05407326 -0.16405036 -0.10629638
v -0.03395661 -0.14306891 -0.09951116
v -0.03693599 -0.14952400 -0.08861862
v -0.05789942 -0.17160757 -0.09057704
v -0.00979844 -0.10082713 -0.05964224
v -0.01130649 -0.10784341 -0.06212164
v -0.01291886 -0.10524485 -0.06152233
v -0.01060852 -0.09817587 -0.05640674
v -0.10376523 -0.02088515 -0.30027181
v -0.09825704 0.02627291 -0.22358018
v -0.08368302 0.03237014 -0.21718642
v -0.06780284 0.03308178 -0.21393019
v -0.02125128 -0.02855422 -0.29566455
v -0.02577069 -0.04399773 -0.27523291
v -0.04226039 -0.05609755 -0.28698981
v -0.03722546 -0.04167292 -0.30715686
v -0.06434685 0.04106702 -0.41187248
v -0.04791826 0.06341188 -0.42493215
v -0.04581742 0.05021577 -0.40219253
v -0.06332548 0.02921538 -0.39200288
v -0.09847705 0.11264016 -0.35153416
v -0.11291011 0.10330959 -0.35731649
v -0.08117580 0.13447893 -0.37445098
v -0.10008141 0.12932023 -0.37632760
v -0.08128272 0.11759198 -0.34910399
v -0.03548283 -0.07881802 -0.23507647
v -0.05668178 -0.08899584 -0.24567494
v -0.04945379 -0.07172903 -0.26625437
v -0.03039217 -0.06106065 -0.25540212
v -0.09875865 -0.33917505 0.07264815
v -0.08780599 -0.34541810 0.08472461
v -0.11097028 -0.41306573 -0.04889920
v -0.10822824 -0.40796611 -0.03357694
v -0.09970400 -0.39952326 -0.03815679
v -0.10410371 -0.40496287 -0.05146419
v -0.11610394 -0.41816634 -0.03348790
v -0.11714866 -0.42309472 -0.04852953
v -0.12216564 -0.43644512 -0.04891289
v -0.12247904 -0.43114793 -0.03477816
v -0.14808989 -0.49486163 -0.03114784
v -0.15934387 -0.50139570 -0.02907389
v -0.03455249 -0.36514291 -0.06153572
v -0.01732100 -0.36419678 -0.06514594
v -0.01821698 -0.38241094 -0.06595532
v -0.04776464 -0.24151318 -0.05306769
v -0.05994692 -0.20311068 -0.05087499
v -0.03586775 -0.18999206 -0.06333329
v -0.04120023 -0.19966964 -0.05556346
v -0.00728281 -0.14238375 -0.06538482
v -0.05331622 -0.40744445 0.09964993
v -0.05695900 -0.43050370 0.09684585
v -0.03934138 -0.57670069 0.05110569
v -0.02248791 -0.57239044 0.04994077
v -0.03772267 -0.59560770 0.03873559
v -0.03662721 -0.60461813 0.03322214
v -0.02130311 -0.59989613 0.03364335
v -0.02173293 -0.59107119 0.03873150
v -0.02142095 -0.64075923 0.00040936
v -0.02213248 -0.63341570 0.00777900
v -0.00897572 -0.08867835 -0.04758367
v -0.01076422 -0.09311773 -0.05395997
v -0.01029122 -0.08346005 -0.04297592
v -0.01675795 -0.11364931 -0.10004374
v -0.01084807 -0.09509513 -0.08668286
v -0.01316009 -0.10388795 -0.07839684
v -0.01970869 -0.12185226 -0.09018920
v -0.16318403 -0.14636359 -0.08758616
v -0.17471686 -0.12420245 -0.06608826
v -0.09104502 -0.02595241 -0.02096985
v -0.31010455 -0.50182891 0.02457528
v -0.31242722 -0.50822830 0.03267148
v -0.28967917 -0.50986362 0.02974113
v -0.28694871 -0.50381905 0.02128032
v -0.06651644 -0.50538224 0.09125946
v -0.07337261 -0.47914428 0.09288498
v -0.08068683 -0.61652797 -0.04969492
v -0.13400349 -0.61628318 -0.04685521
v -0.13601054 -0.60425997 -0.06282748
v -0.12541065 -0.60271096 -0.05792191
v -0.12423129 -0.61763906 -0.04417215
v -0.13312832 -0.60238636 0.02041132
v -0.13265193 -0.61142200 0.00827662
v -0.12342079 -0.61357027 0.01330397
v -0.12325404 -0.60338020 0.02647362
v -0.03652963 -0.11547527 0.12160984
v -0.06521459 -0.11547843 0.12119088
v -0.03195477 -0.34458497 0.11244204
v -0.04858816 -0.34167674 0.11069164
v -0.04878494 -0.36275449 0.10743172
v -0.03257782 -0.36671391 0.10743680
v -0.09501576 -0.49299771 0.08589595
v -0.10657492 -0.47609255 0.08027836
v -0.03280028 -0.43717116 -0.11149332
v -0.03247757 -0.45583072 -0.11389439
v -0.04699495 -0.45975801 -0.11538661
v -0.04698589 -0.44221038 -0.11457859
v -0.26434872 -0.53612489 0.03413127
v -0.24254259 -0.53214949 0.03009664
v -0.24585870 -0.52256966 0.02742848
v -0.26853368 -0.52236658 0.03231672
v -0.17187791 -0.09395972 -0.03517163
v -0.15379217 -0.06580953 -0.02469097
v -0.11810574 -0.36815855 0.05858712
v -0.10918216 -0.37617919 0.07380380
v -0.10418038 -0.35731646 0.07438858
v -0.11238410 -0.35016972 0.05987593
v -0.12695283 -0.41360274 0.03946515
v -0.12281817 -0.40042031 0.04760442
v -0.13328278 -0.42633384 0.03225520
v -0.17637852 -0.51086926 0.01342563
v -0.17642595 -0.50639468 0.00837712
v -0.18626148 -0.51352519 0.00830996
v -0.03006956 -0.13477677 -0.11342977
v -0.04091532 -0.16085559 -0.07129921
v -0.03569146 -0.16976672 -0.06997937
v -0.00856399 -0.09330945 -0.05280899
v -0.06138429 -0.63262135 -0.05858102
v -0.05848520 -0.62810111 -0.07273218
v -0.20912713 -0.51356822 -0.00233061
v -0.22489111 -0.51119030 0.00176953
v -0.16058144 -0.48744977 0.00130813
v -0.15716614 -0.48757923 -0.00881217
v -0.16556707 -0.49464250 -0.00856939
v -0.16830832 -0.49446875 0.00130130
v -0.16940816 -0.49650472 0.00905967
v -0.16182309 -0.49003971 0.01017446
v -0.13200998 -0.52495939 -0.07234389
v -0.12195385 -0.52634466 -0.07842243
v -0.12596577 -0.54299426 -0.07305613
v -0.13624066 -0.54148853 -0.06896073
v -0.10949657 -0.52627414 -0.08428815
v -0.09558018 -0.52567983 -0.08752404
v -0.09922429 -0.54304379 -0.08039590
v -0.11356702 -0.54395473 -0.07787962
v -0.07854544 -0.59661800 -0.06343765
v -0.06322087 -0.58724499 -0.07470176
v -0.04681146 -0.57956409 -0.08205400
v -0.03340452 -0.57423687 -0.08840571
v -0.02192925 -0.62454987 0.01601899
v -0.02094556 -0.61639327 0.02346288
v -0.03631278 -0.62054658 0.02208813
v -0.04021288 -0.62930620 0.01398253
v -0.05093949 -0.61486733 -0.07834874
v -0.03785038 -0.61118013 -0.08772292
v -0.02781616 -0.59608239 -0.08829380
v -0.31994024 -0.55658770 -0.01659876
v -0.29637295 -0.56146330 -0.01996735
v -0.06324157 -0.64870787 -0.03325163
v -0.06429073 -0.64031333 -0.04628324
v -0.29813895 -0.56757265 -0.00593161
v -0.32163459 -0.56187773 -0.00219627
v -0.11740166 -0.58349103 -0.06613079
v -0.11627414 -0.60273308 -0.05618476
v -0.12693316 -0.58353400 -0.06636123
v -0.04978516 -0.62469769 -0.08472804
v -0.03783504 -0.62228346 -0.09473079
v -0.17377862 -0.14379343 -0.04365867
v -0.16113612 -0.16554210 -0.06460732
v -0.10839171 -0.31676131 0.01161731
v -0.11301976 -0.32258463 0.02760868
v -0.01301806 -0.33235687 -0.06099463
v -0.01076848 -0.31900257 -0.05961832
v -0.02104813 -0.63004208 -0.11237473
v -0.02679251 -0.28761673 -0.05587121
v -0.01023598 -0.28396115 -0.05870424
v -0.00969029 -0.30321914 -0.05780255
v -0.02638216 -0.30441663 -0.05495268
v -0.00509958 -0.25974420 -0.06549310
v -0.00500738 -0.24948698 -0.06735615
v -0.01752341 -0.17801981 -0.06428631
v -0.00885608 -0.17976016 -0.06480484
v -0.23129676 -0.55199486 -0.04352407
v -0.21580021 -0.55661666 -0.04762439
v -0.21808659 -0.57437229 -0.04842255
v -0.23407348 -0.56823891 -0.04280785
v -0.04114611 -0.28972358 -0.04944643
v -0.05507838 -0.29049930 -0.03967905
v -0.13671187 -0.48805749 -0.04427299
v -0.13911553 -0.48544326 -0.03144392
v -0.02031785 -0.39768383 -0.07643352
v -0.06097662 -0.44671685 -0.11559667
v -0.06087090 -0.46279192 -0.11528698
v -0.07455832 -0.46446925 -0.11300218
v -0.07421095 -0.44962150 -0.11427081
v -0.00780081 -0.08895585 -0.04471938
v -0.21632911 -0.57841301 0.02073156
v -0.20454288 -0.57967520 0.02144042
v -0.20574878 -0.57164937 0.02503493
v -0.21810266 -0.57153958 0.02433714
v -0.00995609 -0.08093268 -0.07208295
v -0.01022465 -0.07001100 -0.08284172
v -0.02619351 -0.05032130 -0.00202930
v -0.01478257 -0.05902562 -0.01057333
v -0.04318563 -0.12743096 -0.16641335
v -0.04676572 -0.14226718 -0.14605288
v -0.04194752 -0.11028269 -0.18795773
v -0.03840492 -0.09456860 -0.21157236
v -0.03344526 0.02613808 -0.35216409
v -0.04237653 0.03487450 -0.37826288
v -0.04863799 0.07652526 -0.45117325
v -0.04859199 0.09068574 -0.47982726
v -0.04942478 0.10659310 -0.51095188
v -0.05016633 0.12286228 -0.54447114
v -0.05013447 0.13562177 -0.57788801
v -0.32258278 -0.56158823 0.01218426
v -0.29779559 -0.56900483 0.00971670
v -0.29946759 -0.56324673 0.02221890
v -0.32384127 -0.55611920 0.02371289
v -0.26205540 -0.50477397 0.00060893
v -0.26127279 -0.50786668 -0.00911838
v -0.28332141 -0.50428569 -0.00542614
v -0.28378093 -0.50179714 0.00401126
v -0.30615565 -0.49770600 0.00707085
v -0.30786878 -0.49842161 0.01596389
v -0.28476429 -0.50140047 0.01237591
v -0.31467962 -0.51785403 0.03879345
v -0.31726506 -0.52879465 0.04110349
v -0.29275018 -0.53289461 0.03822098
v -0.29239461 -0.52032506 0.03594431
v -0.32339132 -0.54800129 0.03243141
v -0.30017072 -0.55417591 0.03053386
v -0.29744267 -0.54419035 0.03623075
v -0.32112134 -0.53889602 0.03842058
v -0.30756965 -0.51009458 -0.02152890
v -0.30567071 -0.50339878 -0.01232427
v -0.28314835 -0.50845492 -0.01533660
v -0.28473192 -0.51554114 -0.02438205
v -0.22059064 -0.59192932 -0.04084446
v -0.23664244 -0.58323336 -0.03456474
v -0.17413582 -0.51673961 -0.03759879
v -0.17847526 -0.52838480 -0.04682804
v -0.18588483 -0.53073931 -0.04134475
v -0.18135341 -0.52036852 -0.03375019
v -0.27056679 -0.55553544 -0.03403913
v -0.25103670 -0.56130129 -0.03816868
v -0.25413293 -0.57391214 -0.02868058
v -0.27413127 -0.56655741 -0.02359171
v -0.26184517 -0.52061456 -0.02691249
v -0.26061806 -0.51347029 -0.01850623
v -0.23834093 -0.51573324 -0.02233822
v -0.24017796 -0.52324611 -0.03066725
v -0.26664045 -0.51198936 0.02592903
v -0.24471638 -0.51396358 0.02083605
v -0.21263047 -0.54063535 -0.04260066
v -0.22835410 -0.53759563 -0.03979112
v -0.13163173 -0.47830579 -0.04496330
v -0.14487255 -0.47102776 -0.00932689
v -0.15066707 -0.47984678 -0.00945688
v -0.10827364 -0.41365507 -0.06520075
v -0.11216915 -0.42480549 -0.07559349
v -0.12682702 -0.42846984 -0.01895637
v -0.13199431 -0.44478530 -0.02109145
v -0.11373583 -0.42055082 -0.06245910
v -0.11538401 -0.42730451 -0.07115546
v -0.06517828 -0.36725348 -0.04576812
v -0.02959700 -0.58513135 -0.08559831
v -0.24790309 -0.54701442 -0.04020384
v -0.24385941 -0.53370595 -0.03730193
v -0.22588643 -0.52933216 0.02622116
v -0.21135834 -0.52842426 0.02242194
v -0.21054387 -0.52136862 0.01834417
v -0.22636949 -0.52156812 0.02220332
v -0.12628251 -0.51036900 0.06270445
v -0.11150368 -0.50325888 0.07404020
v -0.12020035 -0.48770624 0.06776510
v -0.13241713 -0.49698529 0.05640488
v -0.21995659 -0.58924139 0.01178815
v -0.22513369 -0.59351283 0.00516566
v -0.21085109 -0.59985960 0.00228045
v -0.20725514 -0.59352696 0.01068389
v -0.21528281 -0.60431707 -0.00966516
v -0.23139566 -0.59577894 -0.00528177
v -0.23589861 -0.59271359 -0.02022440
v -0.21960489 -0.60236984 -0.02514095
v -0.16682789 -0.13675264 0.02353393
v -0.17326765 -0.15419263 -0.00294524
v -0.10628889 -0.26110667 -0.00566117
v -0.09381086 -0.25599408 -0.01967579
v -0.08442453 -0.21178161 -0.04372499
v -0.02413994 -0.13150629 -0.07719186
v -0.01613855 -0.11072229 -0.06876610
v -0.01026435 -0.05513401 -0.09988880
v -0.16781799 -0.16485947 -0.02303536
v -0.01527001 -0.04118846 -0.12366927
v -0.01989037 -0.02719557 -0.15014932
v -0.06398978 0.00873718 -0.13371924
v -0.08623840 0.00912198 -0.13836733
v -0.08616528 -0.00209090 -0.10921016
v -0.06078884 -0.00272447 -0.10361356
v -0.10743134 0.00222336 -0.14713740
v -0.10970561 -0.00786395 -0.11905253
v -0.07540900 -0.07293114 -0.27109563
v -0.08012106 0.14962828 -0.40258178
v -0.09680376 0.15607674 -0.43839979
v -0.09964928 0.14486584 -0.40497157
v -0.07940048 0.16043210 -0.43491456
v -0.11434874 0.13258845 -0.41217661
v -0.11496667 0.11894196 -0.38311422
v -0.10747964 0.09060250 -0.47889161
v -0.07745712 0.16897671 -0.46872997
v -0.09322933 0.16662809 -0.47297156
v -0.11138042 0.14558467 -0.44465673
v -0.10558235 0.15728365 -0.47884551
v -0.01005063 -0.08970770 -0.06633697
v -0.14232560 -0.16619039 -0.10095088
v -0.14020136 -0.18237717 -0.07845592
v -0.08300029 -0.19027963 -0.07262447
v -0.05889934 -0.17506918 -0.07623464
v -0.07073506 -0.30521551 -0.02788017
v -0.08578544 -0.30753168 -0.01763783
v -0.09016485 -0.33859119 -0.02047183
v -0.10193793 -0.34154409 -0.00742983
v -0.10070067 -0.32556602 -0.00460277
v -0.08874504 -0.32251322 -0.01887498
v -0.12005994 -0.35358930 0.02269965
v -0.12235904 -0.36125478 0.04181893
v -0.11625830 -0.34381968 0.04346297
v -0.11557498 -0.33721435 0.02582480
v -0.11295722 -0.32779959 0.04337738
v -0.10771913 -0.33346486 0.05934256
v -0.06617598 -0.37928590 0.10139166
v -0.08079749 -0.37252355 0.09542933
v -0.08387980 -0.39369518 0.09328103
v -0.06927543 -0.40096864 0.09760436
v -0.02707698 -0.17705275 -0.06717290
v -0.01207329 -0.10072933 -0.06168038
v -0.04975533 -0.15492678 -0.12500459
v -0.08075442 -0.17610335 -0.10801698
v -0.11283717 -0.17603451 -0.10782313
v -0.20711023 -0.51502699 -0.01062681
v -0.15213320 -0.52548558 0.03630842
v -0.15271391 -0.51446164 0.03346382
v -0.24843189 -0.58603323 -0.00081158
v -0.25385025 -0.58242023 -0.01459249
v -0.22282022 -0.52566159 -0.03438147
v -0.20511155 -0.58049643 -0.05388948
v -0.20254275 -0.56095129 -0.05237045
v -0.19195855 -0.56592190 -0.05773984
v -0.10958283 -0.20995955 -0.04097596
v -0.13524239 -0.20150493 -0.04363407
v -0.11042758 -0.20170115 -0.05276872
v -0.01094794 -0.06806926 -0.02370411
v -0.03939145 -0.15456492 -0.07993855
v -0.02263321 -0.01343335 -0.17702094
v -0.02398113 0.00046851 -0.20152277
v -0.02422076 0.01554470 -0.22394145
v -0.02436228 0.03070961 -0.24559948
v -0.02408606 0.04636367 -0.26625240
v -0.02708641 0.06063971 -0.28812182
v -0.03287353 0.07163264 -0.31341192
v -0.03732974 0.08498773 -0.33835900
v -0.02594359 0.10685995 -0.39414313
v -0.03242691 0.11902389 -0.38651368
v -0.03554687 0.10233559 -0.36184174
v -0.03041825 0.13426021 -0.41311949
v -0.03166343 0.14532354 -0.44261083
v -0.03732141 0.15288639 -0.47524095
v -0.03764132 0.16340569 -0.50854987
v -0.03765104 0.17301592 -0.54204440
v -0.00865224 -0.08355252 -0.04163310
v -0.00961577 -0.07659526 -0.03355399
v -0.10629915 -0.58312559 -0.06582233
v -0.15174758 -0.49091390 -0.01952347
v -0.16118403 -0.49732256 -0.01816451
v -0.20819654 -0.52806187 -0.03696024
v -0.27769262 -0.55868238 0.02924626
v -0.27610692 -0.56882250 0.02181840
v -0.21880211 -0.51864421 -0.02597691
v -0.17055705 -0.51011670 -0.02851952
v -0.17839096 -0.51603967 -0.02734938
v -0.50242603 -0.52433556 0.00927074
v -0.50202155 -0.52667785 0.02134602
v -0.52061003 -0.52018714 0.01942171
v -0.52024162 -0.51700705 0.00810355
v -0.50034034 -0.51694989 0.00005745
v -0.51828390 -0.50955969 0.00026092
v -0.49027166 -0.46836174 0.01389641
v -0.49007535 -0.47587535 0.00453338
v -0.50959569 -0.47254825 0.00850367
v -0.50988990 -0.46630722 0.01804545
v -0.53305101 -0.49358770 -0.00203244
v -0.53042758 -0.48483258 0.00013546
v -0.51216400 -0.49011311 -0.00276190
v -0.51533127 -0.50037289 -0.00348801
v -0.49192691 -0.46881941 0.03811888
v -0.49266744 -0.47575578 0.04682562
v -0.47354296 -0.47611666 0.04400654
v -0.47301266 -0.46946758 0.03455815
v -0.40926638 -0.48593014 -0.00522626
v -0.41126278 -0.47667837 0.00372414
v -0.39592355 -0.48070091 -0.00061035
v -0.39470872 -0.48930073 -0.00966725
v -0.46531454 -0.53900152 0.01124311
v -0.46361029 -0.53827834 0.02436703
v -0.48295373 -0.53259516 0.02269240
v -0.48387453 -0.53161693 0.00999399
v -0.45517731 -0.50906610 -0.00753869
v -0.45127314 -0.49691239 -0.00575416
v -0.43051100 -0.50355810 -0.00636554
v -0.43434384 -0.51609790 -0.00648938
v -0.44597796 -0.54445922 0.01342033
v -0.44422457 -0.54205143 0.02614139
v -0.49384341 -0.49624223 -0.00522215
v -0.49098858 -0.48549151 -0.00151739
v -0.47160134 -0.49091116 -0.00422709
v -0.47507223 -0.50282806 -0.00690799
v -0.52952123 -0.46792486 0.04171000
v -0.53015935 -0.47519016 0.04864401
v -0.51145285 -0.47561756 0.04816487
v -0.51088494 -0.46849620 0.04034626
v -0.52912927 -0.47670728 0.00527523
v -0.52881813 -0.46960476 0.01212013
v -0.51008612 -0.48102689 0.00196249
v -0.53780258 -0.51096940 0.03875340
v -0.53861994 -0.51426077 0.02865161
v -0.51988727 -0.51951504 0.03073826
v -0.51864040 -0.51519662 0.04113664
v -0.44959289 -0.47585148 0.00515960
v -0.44941038 -0.48539376 -0.00206708
v -0.46994802 -0.47988993 0.00090443
v -0.47020069 -0.47172993 0.00947174
v -0.46397886 -0.53200269 -0.00058137
v -0.48235717 -0.52421534 -0.00028014
v -0.49875557 -0.51946694 0.04350216
v -0.50069559 -0.52431905 0.03281265
v -0.48104349 -0.52887154 0.03430755
v -0.47957343 -0.52163506 0.04460739
v -0.45857382 -0.51105487 0.05217764
v -0.45624766 -0.49783310 0.05168187
v -0.47584295 -0.49795049 0.05281302
v -0.47808272 -0.51076341 0.05177764
v -0.42834157 -0.48080501 0.00034451
v -0.43021932 -0.47308815 0.01039743
v -0.45336816 -0.47040009 0.02982524
v -0.45453474 -0.47645384 0.04029685
v -0.43524444 -0.47701919 0.03578833
v -0.43321827 -0.47130442 0.02394335
v -0.40609840 -0.53691894 -0.00526712
v -0.40820351 -0.54727346 0.00536571
v -0.42347431 -0.54475504 0.00364879
v -0.41927180 -0.53505129 -0.00424719
v -0.42590281 -0.54813766 0.01615524
v -0.40950775 -0.54939699 0.01846283
v -0.38601127 -0.54498637 0.03100380
v -0.38418779 -0.53669447 0.03744936
v -0.39436451 -0.53485417 0.03710336
v -0.39615205 -0.54516596 0.03220367
v -0.42145315 -0.50865680 0.05251547
v -0.41793707 -0.49567705 0.04721188
v -0.43685162 -0.49672994 0.04970286
v -0.43964535 -0.51060981 0.05273647
v -0.40091217 -0.48604211 0.03552004
v -0.40129784 -0.47854745 0.02564707
v -0.41676357 -0.47715920 0.03074719
v -0.41694412 -0.48536801 0.04040591
v -0.34744552 -0.49403384 0.02194893
v -0.34668428 -0.49231371 0.01341684
v -0.36180106 -0.48783407 0.01570460
v -0.36261165 -0.49083683 0.02430473
v -0.35921809 -0.49173528 -0.00493695
v -0.34484032 -0.49520075 -0.00644750
v -0.34688634 -0.50140077 -0.01550969
v -0.36087662 -0.49847579 -0.01376661
v -0.36393496 -0.54669684 -0.00878280
v -0.36516339 -0.55235845 0.00561980
v -0.37703723 -0.55093646 0.00665244
v -0.37600732 -0.54399544 -0.00621780
v -0.40576601 -0.50723839 0.05061303
v -0.39996985 -0.49519730 0.04455772
v -0.37126046 -0.48805046 -0.00378910
v -0.37246644 -0.49496061 -0.01278519
v -0.38291347 -0.49199983 -0.01187416
v -0.38304260 -0.48398161 -0.00305892
v -0.37795603 -0.51677078 -0.01734852
v -0.38185823 -0.52902335 -0.01281467
v -0.39098889 -0.52681518 -0.01062135
v -0.38761839 -0.51430696 -0.01452099
v -0.38555327 -0.54119617 -0.00598951
v -0.38683236 -0.54950285 0.00762464
v -0.39747790 -0.54744959 0.00631290
v -0.39524502 -0.53915477 -0.00545224
v -0.39529780 -0.50768185 0.04884233
v -0.39751175 -0.51758081 0.04609543
v -0.38835156 -0.51729000 0.04596674
v -0.38628730 -0.50779492 0.04736688
v -0.38773254 -0.48644018 0.03079271
v -0.38765112 -0.48030567 0.02154009
v -0.39827010 -0.51193970 -0.01191801
v -0.39581275 -0.49994117 -0.01421203
v -0.38501212 -0.50243521 -0.01707171
v -0.39817658 -0.54932576 0.02014560
v -0.34847504 -0.49693429 0.02993207
v -0.34978056 -0.50209808 0.03775816
v -0.33386162 -0.50487238 0.03534885
v -0.33225265 -0.49929529 0.02761836
v -0.33092541 -0.49637184 0.01974198
v -0.32953262 -0.49487785 0.01093690
v -0.32775044 -0.49884817 -0.00886715
v -0.32947946 -0.50506884 -0.01841291
v -0.33245844 -0.51466084 -0.02547952
v -0.33587340 -0.52686477 -0.02846584
v -0.35419846 -0.52304727 -0.02434407
v -0.35017028 -0.51080561 -0.02253443
v -0.34338129 -0.55120212 -0.01335331
v -0.34500664 -0.55650616 0.00154157
v -0.36453158 -0.55143893 0.01796136
v -0.34623751 -0.55507600 0.01496272
v -0.37239361 -0.48368725 0.00728818
v -0.36006069 -0.48801026 0.00553305
v -0.49752140 -0.50941652 0.05074302
v -0.49521884 -0.49759510 0.05312791
v -0.51458287 -0.49628049 0.05236708
v -0.51735967 -0.50685275 0.04887321
v -0.53141153 -0.48443183 0.05129150
v -0.51261288 -0.48551479 0.05191129
v -0.49732929 -0.50705826 -0.00489497
v -0.47898519 -0.51410514 -0.00592854
v -0.53569943 -0.50256068 0.00014743
v -0.40153745 -0.52441412 -0.00881332
v -0.41533625 -0.52133101 -0.00678175
v -0.38161072 -0.52782804 0.04236410
v -0.37314627 -0.53789723 0.03670043
v -0.37083435 -0.52933449 0.04267101
v -0.40829733 -0.52006441 0.04643723
v -0.42376733 -0.52256167 0.04654559
v -0.42436612 -0.53319061 0.03605672
v -0.40634161 -0.53136986 0.03671636
v -0.37669307 -0.50825727 0.04611404
v -0.37910539 -0.51810974 0.04602227
v -0.36816302 -0.51965529 0.04582909
v -0.36549652 -0.50936276 0.04504603
v -0.35951138 -0.53562021 -0.01969046
v -0.37205821 -0.53219765 -0.01560171
v -0.34463423 -0.54238296 0.03455760
v -0.36037812 -0.53973716 0.03558430
v -0.36290437 -0.54599035 0.02763737
v -0.34683263 -0.54919457 0.02616934
v -0.37528232 -0.54511416 0.02934168
v -0.34180838 -0.53438354 0.04037002
v -0.35778281 -0.53159976 0.04162747
v -0.33968216 -0.54050910 -0.02461332
v -0.35200527 -0.51147735 0.04342335
v -0.35496613 -0.52207595 0.04489555
v -0.33870950 -0.52499980 0.04316810
v -0.33571842 -0.51413661 0.04152215
v -0.49345756 -0.48584372 0.05139945
v -0.47431746 -0.48634481 0.04979549
v -0.39908540 -0.47595254 0.01285854
v -0.41442096 -0.47307065 0.01758925
v -0.38502288 -0.47952256 0.00922677
v -0.49125022 -0.46607333 0.02634290
v -0.51041126 -0.46469551 0.02992519
v -0.45124871 -0.46986002 0.01653096
v -0.47163296 -0.46745723 0.02179490
v -0.45993355 -0.52390522 0.04595957
v -0.37517619 -0.49292928 0.03566017
v -0.37531260 -0.48771888 0.02758307
v -0.38680163 -0.49252695 0.03956360
v -0.32773679 -0.49531722 0.00058321
v -0.34518471 -0.49204174 0.00347919
v -0.39280972 -0.49964824 0.04843421
v -0.30545431 -0.49982786 -0.00217552
v -0.40915293 -0.54399168 0.03090058
v -0.38697648 -0.55007517 0.02050553
v -0.37676358 -0.55044979 0.01950476
v -0.53867561 -0.51385272 0.01734412
v -0.45965958 -0.52155453 -0.00661832
v -0.41139820 -0.50899589 -0.00799993
v -0.40958187 -0.49647281 -0.00946335
v -0.37492657 -0.49885055 0.04303227
v -0.36370695 -0.49997982 0.04034461
v -0.36287808 -0.49466813 0.03235830
v -0.36741439 -0.52009642 -0.02033468
v -0.36387041 -0.50818866 -0.01988599
v -0.52922207 -0.46406594 0.03225904
v -0.37443864 -0.50553703 -0.01800107
v -0.42420486 -0.54548961 0.02893050
v -0.02183314 -0.58179295 0.04469742
v -0.12040342 -0.41411316 -0.01510160
v -0.08689509 -0.38729623 -0.03195186
v -0.09816960 -0.39251822 -0.02449089
v -0.13907625 -0.47255948 -0.02061724
v -0.14458159 -0.48279542 -0.02040762
v -0.17139299 -0.50564432 -0.01805982
v -0.17888562 -0.51310468 -0.01791904
v -0.12724388 -0.44563639 -0.03446577
v -0.09551687 -0.77114379 -0.05422022
v -0.09291344 -0.76446009 -0.05241839
v -0.09852273 -0.78353608 -0.05378852
v -0.00311522 -0.27292240 -0.06131817
v -0.09420007 -0.76014876 -0.06550475
v -0.09164995 -0.75268954 -0.06398225
v -0.09638087 -0.75603235 -0.06438750
v -0.09410554 -0.76128423 -0.06710583
v -0.09428845 -0.76227045 -0.06753244
v -0.10129162 -0.78528446 -0.06310470
v -0.09012060 -0.75668597 -0.05206564
v -0.08787853 -0.74861223 -0.05424225
v -0.09968705 -0.77283669 -0.06875490
v -0.04035177 -0.27096480 0.11771299
v -0.02081541 -0.26893866 0.12249035
v -0.02312074 -0.24536508 0.12520279
v -0.04538314 -0.24741675 0.12155578
v -0.02608485 -0.22065544 0.12874423
v -0.13572975 -0.19506213 0.09011135
v -0.14846221 -0.20511769 0.07365624
v -0.13957436 -0.22804059 0.07675698
v -0.12853834 -0.22036976 0.09301641
v -0.13715348 -0.24834126 0.05881431
v -0.12880784 -0.24698390 0.07697091
v -0.14659415 -0.23343737 0.05706921
v -0.14936979 -0.23632436 0.03613831
v -0.13962790 -0.24950711 0.03894496
v -0.14660621 -0.23545647 0.01703896
v -0.13724774 -0.24872096 0.02028932
v -0.13947268 -0.23440583 -0.00021797
v -0.12588644 -0.23215066 -0.01517900
v -0.10860298 -0.22191733 -0.03696022
v -0.08458681 -0.22474219 -0.03995006
v -0.10558179 -0.23087835 -0.02822279
v -0.04515381 -0.21242329 -0.05394784
v -0.06435121 -0.21933797 -0.04901917
v -0.01408581 -0.20909551 -0.06190502
v -0.02867258 -0.20990236 -0.05904853
v -0.10268794 -0.56173635 -0.07340838
v -0.08467704 -0.63661182 -0.00609130
v -0.09351207 -0.63368011 -0.00570557
v -0.10158734 -0.63243490 -0.02335316
v -0.10976041 -0.60159802 0.03317490
v -0.11079778 -0.61257243 0.02054085
v -0.09439828 -0.60746300 0.03015907
v -0.09360693 -0.59562337 0.03997564
v -0.07579316 -0.63233471 0.00633401
v -0.06983999 -0.63453615 0.00469165
v -0.08200101 -0.62918895 0.00913014
v -0.05234191 -0.61771476 0.02594122
v -0.06759380 -0.62362671 0.01956127
v -0.13318281 -0.62172765 -0.02629305
v -0.13261732 -0.61941212 -0.00725034
v -0.14163072 -0.61720634 -0.01054063
v -0.14419781 -0.62071550 -0.02967209
v -0.13414824 -0.59224778 0.02933288
v -0.13487293 -0.58070046 0.03581177
v -0.14298856 -0.58115512 0.03086249
v -0.14196666 -0.59174007 0.02499419
v -0.18017119 -0.61749899 -0.03443849
v -0.17474020 -0.61522537 -0.01633763
v -0.18720718 -0.61397380 -0.01503113
v -0.19202632 -0.61458993 -0.03213321
v -0.14071125 -0.60082269 0.01610568
v -0.08709128 -0.51152492 0.08772759
v -0.10353722 -0.51812232 0.07699578
v -0.11821801 -0.52288896 0.06670023
v -0.15038854 -0.53620476 0.03815502
v -0.14336455 -0.53272933 0.04440206
v -0.14483908 -0.52095282 0.04253921
v -0.15799472 -0.54016626 0.03477357
v -0.16697079 -0.54056132 0.03181934
v -0.18914527 -0.54655480 -0.05127837
v -0.18115886 -0.54664230 -0.05791713
v -0.18221653 -0.57006204 -0.06255491
v -0.18553522 -0.53880692 0.02430489
v -0.17616370 -0.53784454 0.02682022
v -0.17726676 -0.53138906 0.02484919
v -0.18672204 -0.53407389 0.02268692
v -0.12395242 -0.62432003 -0.02383032
v -0.18423434 -0.60680181 -0.00086997
v -0.17171386 -0.60732102 -0.00196276
v -0.17014082 -0.59892517 0.00865542
v -0.18233851 -0.59880286 0.00885569
v -0.18100631 -0.58989370 0.01678897
v -0.16958076 -0.59051454 0.01738915
v -0.16938838 -0.58135056 0.02392163
v -0.18023865 -0.58143008 0.02300492
v -0.18541726 -0.54547858 0.02664221
v -0.17382601 -0.54449862 0.02773688
v -0.20704216 -0.59911519 -0.04536362
v -0.15770470 -0.61454123 -0.05357168
v -0.15836188 -0.60010123 -0.06794024
v -0.14609607 -0.60195333 -0.06594973
v -0.14520086 -0.61582363 -0.05063194
v -0.19432172 -0.51413161 -0.00542831
v -0.19184154 -0.51491088 -0.01425678
v -0.19634330 -0.51386988 0.00265135
v -0.17697936 -0.51726168 0.01822701
v -0.19741687 -0.51516509 0.00996719
v -0.19577491 -0.52962160 -0.03858585
v -0.19948810 -0.54385543 -0.04565651
v -0.15900275 -0.57786906 -0.06993020
v -0.14717357 -0.58117259 -0.07075624
v -0.20456253 -0.60930789 -0.02907201
v -0.20013626 -0.61004198 -0.01293933
v -0.19806394 -0.54083604 0.02521877
v -0.19871278 -0.53625697 0.02392220
v -0.20983151 -0.53887671 0.02596403
v -0.16888066 -0.51423174 0.02423532
v -0.17775488 -0.52506757 0.02232631
v -0.15452544 -0.61882597 -0.03262658
v -0.19711709 -0.60428423 0.00102696
v -0.19484064 -0.59645909 0.01048331
v -0.15908104 -0.59060121 0.01905790
v -0.15890110 -0.59927791 0.01016933
v -0.14951107 -0.60032904 0.01278108
v -0.15021715 -0.59121299 0.02175852
v -0.19203824 -0.58103663 0.02186138
v -0.19356774 -0.57180607 0.02601262
v -0.15144545 -0.58078295 0.02777896
v -0.16006708 -0.58070302 0.02550566
v -0.19833362 -0.54747277 0.02726117
v -0.13666183 -0.58342439 -0.06869132
v -0.13799791 -0.56252897 -0.06997631
v -0.12730685 -0.56293017 -0.07054771
v -0.15903425 -0.55479079 -0.06732345
v -0.14775810 -0.55934155 -0.06900000
v -0.17094637 -0.54887962 -0.06361917
v -0.11637204 -0.56270534 -0.07238205
v -0.38496685 -0.49898696 0.04619482
v -0.21104863 -0.53458345 0.02507340
v -0.22356151 -0.53586978 0.02794269
v -0.22152774 -0.54160547 0.02894896
v -0.27413794 -0.54814029 0.03368838
v -0.04321216 -0.70217705 -0.18383078
v -0.04367911 -0.70764357 -0.18687443
v -0.04517098 -0.72695732 -0.18943872
v -0.04533020 -0.73038357 -0.18897268
v -0.39086047 -0.52631414 0.04164790
v -0.39805815 -0.52497488 0.04163365
v -0.44132495 -0.52385294 0.04641677
v -0.46158287 -0.53239101 0.03539377
v -0.44213077 -0.53389323 0.03636221
v -0.44422174 -0.53943861 0.00085892
v -0.43980521 -0.52831346 -0.00627119
v -0.42844805 -0.49147418 -0.00491409
v -0.43542978 -0.48536626 0.04387908
v -0.57301319 -0.49714538 0.00245171
v -0.57435137 -0.50194484 0.01176394
v -0.59221739 -0.49571174 0.00873995
v -0.59060037 -0.48939729 0.00062049
v -0.60800642 -0.48206368 -0.00112344
v -0.60561186 -0.47316596 -0.00181740
v -0.58859617 -0.48094183 -0.00164541
v -0.60296911 -0.46645024 0.00254193
v -0.58626574 -0.47332284 0.00129199
v -0.60122228 -0.46200180 0.00907746
v -0.60094476 -0.45918322 0.01598311
v -0.58416259 -0.46380231 0.01318673
v -0.58444864 -0.46786389 0.00661103
v -0.56608605 -0.46398270 0.01777027
v -0.58447492 -0.46091169 0.02046256
v -0.58438510 -0.45990077 0.02830951
v -0.56610835 -0.46111640 0.02636244
v -0.60153526 -0.46630073 0.04337739
v -0.60262114 -0.47308475 0.04594467
v -0.58555979 -0.47360772 0.04701125
v -0.58445871 -0.46641067 0.04343844
v -0.57143998 -0.49160093 0.04719701
v -0.56910837 -0.48273188 0.04906334
v -0.58735555 -0.48200899 0.04728499
v -0.58945769 -0.49054098 0.04547895
v -0.60594195 -0.49088663 0.04493520
v -0.60796469 -0.49588871 0.03765231
v -0.59114897 -0.49658772 0.03988832
v -0.53777480 -0.51019371 0.00715527
v -0.55531198 -0.50377774 0.00514680
v -0.55320877 -0.49571836 -0.00040191
v -0.56687963 -0.47326332 0.00453952
v -0.54885113 -0.47898346 0.00242927
v -0.55070245 -0.48711950 -0.00059806
v -0.56860280 -0.48032409 0.00028378
v -0.52886152 -0.46450749 0.02143320
v -0.54747140 -0.46676779 0.01504990
v -0.54747462 -0.46294269 0.02406713
v -0.56616259 -0.46825361 0.01048451
v -0.54784656 -0.47254020 0.00813274
v -0.56609964 -0.46180767 0.03543075
v -0.58416015 -0.46152592 0.03665419
v -0.57512093 -0.50331783 0.02267233
v -0.57492864 -0.50243419 0.03313512
v -0.59251571 -0.49889049 0.03030694
v -0.59274501 -0.49837878 0.01984679
v -0.54766077 -0.46316102 0.03389806
v -0.55673152 -0.50693005 0.03606167
v -0.55708826 -0.50896442 0.02571148
v -0.57366115 -0.49824232 0.04186441
v -0.55531240 -0.50122356 0.04429720
v -0.60986501 -0.49409914 0.01651276
v -0.60970569 -0.48995024 0.00579045
v -0.55684614 -0.50812256 0.01447044
v -0.56627107 -0.46636847 0.04313632
v -0.56732714 -0.47393477 0.04804446
v -0.54874355 -0.47438276 0.04841163
v -0.54803735 -0.46721736 0.04270253
v -0.53389728 -0.49452218 0.05078660
v -0.55055934 -0.48310795 0.04986335
v -0.55291522 -0.49258032 0.04877574
v -0.60384268 -0.48152807 0.04667802
v -0.53607607 -0.50422049 0.04668052
v -0.67968178 -0.44593638 0.02349053
v -0.67109823 -0.44344813 0.02272063
v -0.67627531 -0.43897206 0.01538927
v -0.68440038 -0.44202507 0.01659867
v -0.65801382 -0.43207771 0.00966907
v -0.65115345 -0.43429804 0.00161089
v -0.66139519 -0.43246442 -0.00349309
v -0.66672987 -0.43086207 0.00269528
v -0.68835205 -0.44095930 0.00935835
v -0.68065530 -0.43722364 0.00864974
v -0.68818015 -0.44350076 0.00359223
v -0.69652319 -0.44857651 0.00378489
v -0.69589609 -0.44381887 0.00886900
v -0.70404184 -0.45084167 0.00437266
v -0.69194818 -0.45910347 0.00234138
v -0.70328617 -0.45961559 0.00533926
v -0.68599576 -0.47497925 0.01953556
v -0.68281901 -0.47836179 0.02801906
v -0.69587457 -0.47545615 0.03036752
v -0.69884604 -0.47117096 0.02152194
v -0.68594760 -0.47680849 0.04623758
v -0.69187665 -0.47637171 0.03852858
v -0.67892253 -0.47955528 0.03521726
v -0.67433172 -0.47988155 0.04246362
v -0.67283529 -0.45249131 0.03394682
v -0.66361898 -0.45165855 0.03392297
v -0.66633481 -0.44880241 0.02932027
v -0.67510182 -0.45025057 0.02968572
v -0.68607807 -0.44352955 -0.00364747
v -0.68301606 -0.45204377 -0.00205958
v -0.68810380 -0.44915062 0.00017198
v -0.68731570 -0.44128606 -0.00175888
v -0.63974082 -0.45047343 0.04190063
v -0.62933540 -0.45259476 0.03838319
v -0.63035321 -0.45120186 0.03105780
v -0.63972843 -0.44958764 0.03521912
v -0.63568807 -0.44058883 0.01092076
v -0.63046217 -0.44628832 0.01531097
v -0.62674379 -0.45274585 0.00437989
v -0.63383216 -0.44905353 0.00131402
v -0.64253581 -0.43692389 0.00651019
v -0.64056534 -0.44550329 -0.00154956
v -0.64967841 -0.44201890 -0.00445291
v -0.66068345 -0.43824032 -0.00779241
v -0.62793761 -0.45700714 0.04649769
v -0.63484454 -0.45517954 0.05128948
v -0.74771917 -0.44147366 0.02112114
v -0.74740815 -0.44151565 0.02630885
v -0.74249452 -0.44215682 0.02436950
v -0.74277246 -0.44201896 0.01918781
v -0.63544387 -0.47229004 0.05415556
v -0.63801980 -0.47984827 0.05018888
v -0.63151085 -0.47913915 0.04983363
v -0.62924343 -0.47108209 0.05224608
v -0.64320898 -0.47313577 0.05702749
v -0.64626390 -0.48027351 0.05102831
v -0.75153250 -0.45070657 0.01759748
v -0.75019681 -0.44666880 0.01627380
v -0.74518913 -0.44807190 0.01488396
v -0.74624705 -0.45229840 0.01645640
v -0.69278300 -0.44305408 0.01640281
v -0.68814963 -0.44655904 0.02340958
v -0.70903260 -0.44385612 0.01974273
v -0.69816536 -0.44582558 0.02295130
v -0.70075464 -0.44294721 0.01474381
v -0.70856690 -0.44341326 0.01348415
v -0.68968713 -0.45254877 0.03880254
v -0.68034840 -0.45364821 0.03755072
v -0.68460566 -0.45130140 0.03202213
v -0.69412601 -0.45020455 0.03304104
v -0.67636871 -0.45382756 0.04805216
v -0.68525851 -0.45355043 0.04969183
v -0.68318039 -0.45329347 0.05558813
v -0.67545223 -0.45331925 0.05353326
v -0.70371938 -0.45280495 0.04824765
v -0.71198237 -0.45385280 0.04993698
v -0.70984161 -0.45566601 0.05434349
v -0.70188373 -0.45380336 0.05286042
v -0.62549955 -0.47965831 0.04968600
v -0.62296677 -0.47118151 0.05031741
v -0.67585438 -0.47460184 0.06163343
v -0.67067075 -0.47026578 0.06757858
v -0.67818946 -0.46889478 0.07218277
v -0.68334651 -0.47357833 0.06608995
v -0.64138293 -0.48508081 0.04319994
v -0.63442743 -0.48586148 0.04335734
v -0.75216806 -0.45394990 0.02159156
v -0.74687999 -0.45555383 0.02045951
v -0.65179932 -0.45162770 -0.00477590
v -0.66309625 -0.44586948 -0.00829998
v -0.64241499 -0.45621896 -0.00220859
v -0.63568115 -0.45955694 -0.00073151
v -0.62856221 -0.46262187 -0.00056443
v -0.70231795 -0.44713092 0.02756445
v -0.68239433 -0.44970965 0.02890682
v -0.67080194 -0.45347446 0.03727115
v -0.66382521 -0.45405722 0.06254731
v -0.65699464 -0.45449775 0.06156015
v -0.66089118 -0.45190787 0.05384745
v -0.66673177 -0.45273346 0.05647010
v -0.66816074 -0.46314493 0.07039361
v -0.66958320 -0.45725691 0.06862545
v -0.67684108 -0.45704806 0.07112607
v -0.67571992 -0.46222490 0.07386889
v -0.68482870 -0.44444591 -0.00680917
v -0.67770737 -0.45159629 -0.00505536
v -0.63381505 -0.46357888 0.05562941
v -0.62772655 -0.46335486 0.05147909
v -0.62171018 -0.46415296 0.04762453
v -0.65128481 -0.45041853 0.03525240
v -0.63982671 -0.44844112 0.03134530
v -0.64093477 -0.44509596 0.02725186
v -0.65287101 -0.44874176 0.03219943
v -0.66116554 -0.43875849 0.02151700
v -0.65000015 -0.43566856 0.01663619
v -0.66775590 -0.43466723 0.01395322
v -0.63037473 -0.44935188 0.02469151
v -0.62266940 -0.45405090 0.02812803
v -0.62303144 -0.45287454 0.02104586
v -0.62200916 -0.45580465 0.03585952
v -0.62158984 -0.45917019 0.04277383
v -0.61438483 -0.45627540 0.02614536
v -0.61431342 -0.45594722 0.01899716
v -0.61413115 -0.45810866 0.03379201
v -0.61390942 -0.46079153 0.04014487
v -0.61806107 -0.49056923 0.04421712
v -0.61611313 -0.48144683 0.04813287
v -0.62721068 -0.48760727 0.04370560
v -0.61698741 -0.45920756 0.00353205
v -0.62367868 -0.45206100 0.01296542
v -0.61509359 -0.45678112 0.01148483
v -0.61932784 -0.46655792 -0.00155569
v -0.67286164 -0.42999277 -0.00127843
v -0.67886138 -0.42851374 -0.00402812
v -0.68292499 -0.43096322 -0.00043484
v -0.67801630 -0.43288195 0.00215146
v -0.71165216 -0.45192504 0.00627810
v -0.71012521 -0.44599453 0.00812738
v -0.70278478 -0.44493431 0.00790394
v -0.64702827 -0.45082593 0.04797968
v -0.64236778 -0.45501065 0.05634698
v -0.71094304 -0.44534156 0.02500622
v -0.73978519 -0.45377773 0.01481321
v -0.73888195 -0.44917506 0.01315779
v -0.72740597 -0.45050418 0.01025634
v -0.72892809 -0.45581168 0.01212564
v -0.71943831 -0.44826001 0.02973905
v -0.71749073 -0.44520739 0.02479608
v -0.72492832 -0.44454569 0.02616941
v -0.72696191 -0.44863236 0.02988961
v -0.70545977 -0.45565644 0.05954235
v -0.69906539 -0.45402843 0.05860541
v -0.71090519 -0.46497238 0.02549121
v -0.71113843 -0.46412784 0.01461610
v -0.70066953 -0.46708310 0.01186025
v -0.68714637 -0.45343432 0.04447819
v -0.69560277 -0.45277789 0.04634679
v -0.69384545 -0.45341313 0.05136687
v -0.70508605 -0.44777784 0.03026888
v -0.71140325 -0.44707167 0.02965601
v -0.70830297 -0.44902539 0.03436982
v -0.70121616 -0.44937864 0.03401420
v -0.66139019 -0.47225675 0.06327614
v -0.65864670 -0.46258885 0.06742442
v -0.74874169 -0.44343418 0.01758314
v -0.74388850 -0.44431138 0.01577746
v -0.61465508 -0.47177020 0.04748606
v -0.61415666 -0.46530753 0.04442139
v -0.67791176 -0.45402765 0.04251802
v -0.68841892 -0.46943930 0.01026627
v -0.66885120 -0.45349932 0.04121195
v -0.69850314 -0.46967474 0.05983510
v -0.69667810 -0.46594852 0.06530111
v -0.70332968 -0.46433863 0.06471960
v -0.70486844 -0.46911511 0.06153060
v -0.73763347 -0.44910491 0.03095567
v -0.73642141 -0.44464758 0.02772715
v -0.74304873 -0.44479325 0.02932310
v -0.74403453 -0.44906667 0.03202987
v -0.71591723 -0.44376162 0.01950684
v -0.71556240 -0.44387808 0.01378658
v -0.72408962 -0.44318554 0.01532894
v -0.72393554 -0.44280222 0.02087449
v -0.71716905 -0.44665763 0.00979420
v -0.72561914 -0.44603667 0.01144156
v -0.73927259 -0.45453674 0.03048048
v -0.74019873 -0.45773250 0.02547903
v -0.72930497 -0.45940125 0.02410194
v -0.72913623 -0.45475438 0.02926619
v -0.66283697 -0.48233306 0.03943220
v -0.65931499 -0.48164797 0.04665677
v -0.67028624 -0.47892272 0.05040924
v -0.68086082 -0.47598320 0.05452853
v -0.69010794 -0.47206488 0.05877218
v -0.69609833 -0.47398680 0.05020404
v -0.66624212 -0.47729567 0.05681255
v -0.71857935 -0.45711541 0.03201148
v -0.71975332 -0.45988208 0.02484019
v -0.71793228 -0.46228540 0.03144837
v -0.66675323 -0.45298308 0.04752604
v -0.73752296 -0.44508806 0.01388953
v -0.64066595 -0.47742879 0.00593043
v -0.64091659 -0.48399138 0.01475510
v -0.65005481 -0.48207021 0.01630206
v -0.64876950 -0.47500014 0.00612066
v -0.73578268 -0.44249272 0.02265321
v -0.73632854 -0.44225162 0.01753755
v -0.69753319 -0.45566174 0.06420840
v -0.70340145 -0.45710850 0.06396031
v -0.70295215 -0.45983127 0.06689876
v -0.69783825 -0.45949274 0.06830324
v -0.65601683 -0.47966164 0.05297864
v -0.68370670 -0.46809700 0.07605737
v -0.68806612 -0.47339252 0.07007174
v -0.64935458 -0.48398513 0.04414665
v -0.65254778 -0.48472071 0.03656292
v -0.64440948 -0.48674732 0.03438903
v -0.70470375 -0.47094050 0.04272811
v -0.66654742 -0.48188558 0.03266365
v -0.65547377 -0.48391747 0.02996889
v -0.64663583 -0.48570722 0.02651425
v -0.63927794 -0.48748863 0.02472297
v -0.63735467 -0.48854333 0.03348964
v -0.74041575 -0.45720053 0.01921094
v -0.74667442 -0.45635229 0.02641170
v -0.62930906 -0.49045533 0.03320925
v -0.62002808 -0.49416286 0.03474700
v -0.62143868 -0.49311036 0.02491280
v -0.63115084 -0.48994130 0.02411277
v -0.65864056 -0.48207414 0.02268904
v -0.66099811 -0.47903931 0.01555513
v -0.66995531 -0.48042983 0.02586625
v -0.67327076 -0.47717750 0.01804318
v -0.70751864 -0.47158003 0.03332969
v -0.75858206 -0.45139405 0.03258684
v -0.75106865 -0.45259851 0.03157659
v -0.74956250 -0.44862509 0.03332378
v -0.75731444 -0.44807762 0.03438698
v -0.74549651 -0.45361519 0.03100372
v -0.75204962 -0.45496035 0.02725330
v -0.67545527 -0.47127044 0.00881616
v -0.71584040 -0.44993806 0.03494747
v -0.66102290 -0.47079796 0.00524061
v -0.68012774 -0.46283054 0.00072714
v -0.67016143 -0.46135777 -0.00221091
v -0.64556861 -0.46618515 -0.00033006
v -0.65427059 -0.46152481 -0.00259221
v -0.63103557 -0.47191542 0.00021586
v -0.63825774 -0.46892935 0.00065817
v -0.62170571 -0.47570977 -0.00066304
v -0.66537160 -0.45451170 -0.00645650
v -0.75450039 -0.44005299 0.02376714
v -0.75413096 -0.44065297 0.02899382
v -0.63294655 -0.48006833 0.00554826
v -0.62355047 -0.48425692 0.00481565
v -0.67388839 -0.43307707 0.00686530
v -0.65828967 -0.45187944 0.04463384
v -0.66011524 -0.45254952 0.03997223
v -0.65024483 -0.45476344 0.05986541
v -0.65481049 -0.45119065 0.05138402
v -0.62315363 -0.49016142 0.01431932
v -0.60144180 -0.45797968 0.02325527
v -0.60131621 -0.45931476 0.03100932
v -0.60908890 -0.49615580 0.02757900
v -0.75579101 -0.44171149 0.02000153
v -0.71523005 -0.45876598 0.05081057
v -0.71377075 -0.46027118 0.05219475
v -0.66896331 -0.43059912 -0.00677973
v -0.67662466 -0.42937511 -0.00899941
v -0.67957306 -0.43773416 -0.01235983
v -0.67736357 -0.43283081 -0.01176051
v -0.66908294 -0.43527937 -0.01033249
v -0.67145050 -0.44147402 -0.01070171
v -0.65050632 -0.45076507 0.03813088
v -0.64973909 -0.45077157 0.04232927
v -0.65194064 -0.47323167 0.06001597
v -0.64958948 -0.46401757 0.06391113
v -0.71875626 -0.45165575 0.00829990
v -0.71224749 -0.45875967 0.00817587
v -0.71981668 -0.45728713 0.01065095
v -0.72922486 -0.45947981 0.01709399
v -0.71939504 -0.45332116 0.03289771
v -0.72204912 -0.45396650 0.02950771
v -0.64441013 -0.44044805 0.02245951
v -0.65611851 -0.44457817 0.02772193
v -0.68287730 -0.43730384 0.00351417
v -0.68592155 -0.43695819 0.00029068
v -0.69757146 -0.45139220 0.04009085
v -0.71529889 -0.46826842 0.04319984
v -0.71646106 -0.46875763 0.03563127
v -0.70518821 -0.45119429 0.04108742
v -0.75888115 -0.44872314 0.01972633
v -0.75752205 -0.44465724 0.01857088
v -0.71990764 -0.46156892 0.01624651
v -0.69127023 -0.45365191 0.05742349
v -0.70994991 -0.46767655 0.04879449
v -0.71569282 -0.46414870 0.04797171
v -0.68097526 -0.46233553 0.07575184
v -0.63289911 -0.48644185 0.01414320
v -0.74802572 -0.44416833 0.03133280
v -0.75499964 -0.44351351 0.03358668
v -0.75907129 -0.45292526 0.02877688
v -0.75916988 -0.45202208 0.02360405
v -0.64133132 -0.46420825 0.06014794
v -0.66176236 -0.45254901 0.03678010
v -0.60111821 -0.46182981 0.03822261
v -0.67407954 -0.44785321 -0.00868962
v -0.68253875 -0.44235778 -0.01035101
v -0.71247077 -0.45119950 0.04255021
v -0.69255930 -0.47068334 0.06583874
v -0.70318770 -0.47256893 0.05343604
v -0.70858341 -0.47201318 0.05579409
v -0.71283090 -0.46887210 0.05125047
v -0.71513361 -0.46431893 0.05174230
v -0.76467294 -0.45178875 0.03003133
v -0.76500922 -0.45084363 0.02506348
v -0.76505965 -0.44763082 0.02126574
v -0.76326650 -0.44363606 0.02029829
v -0.76094246 -0.44092357 0.02183007
v -0.76412767 -0.45038518 0.03344665
v -0.76258755 -0.44729120 0.03505391
v -0.76010817 -0.44305336 0.03429214
v -0.76868808 -0.44922757 0.03457289
v -0.77036482 -0.45050120 0.03134746
v -0.77569813 -0.44387659 0.02405851
v -0.77128756 -0.44649705 0.02298434
v -0.77380633 -0.44711548 0.02533298
v -0.77679658 -0.44595110 0.02592985
v -0.78051287 -0.44511443 0.02714822
v -0.77957779 -0.44258881 0.02598642
v -0.77305984 -0.44905436 0.02740762
v -0.77670836 -0.44840324 0.02861741
v -0.77578479 -0.44896296 0.03192050
v -0.77957493 -0.44822556 0.03307889
v -0.78059065 -0.44767410 0.02987657
v -0.77302361 -0.44964886 0.03029509
v -0.77001113 -0.44993222 0.02637950
v -0.78273618 -0.44248641 0.02845354
v -0.78292507 -0.44466463 0.02837364
v -0.78364950 -0.44638795 0.03096615
v -0.78410023 -0.44407740 0.03209894
v -0.76839113 -0.44296175 0.02186304
v -0.77380836 -0.44150984 0.02409560
v -0.77825058 -0.44038770 0.02671213
v -0.78151453 -0.44041044 0.02958041
v -0.77240080 -0.43942243 0.02602726
v -0.77702230 -0.43908474 0.02875219
v -0.77979463 -0.43938702 0.03123737
v -0.77148038 -0.43828946 0.02928334
v -0.77627683 -0.43861163 0.03125127
v -0.76427704 -0.43900424 0.02680664
v -0.76588601 -0.44043088 0.02338722
v -0.77855104 -0.43916395 0.03236072
v -0.78280866 -0.44213587 0.03322170
v -0.77445811 -0.44898695 0.03420483
v -0.77856648 -0.44766524 0.03538849
v -0.77346587 -0.44775560 0.03606129
v -0.77776033 -0.44623798 0.03690449
v -0.78222352 -0.44617441 0.03518703
v -0.78234243 -0.44744462 0.03356348
v -0.75929248 -0.43944389 0.02549222
v -0.75903463 -0.44046718 0.03043463
v -0.76398814 -0.43979931 0.03155328
v -0.77097309 -0.43901533 0.03363955
v -0.76472968 -0.44260570 0.03505925
v -0.76709306 -0.44636482 0.03593162
v -0.77224874 -0.44539616 0.03686990
v -0.77100909 -0.44207370 0.03661754
v -0.77667654 -0.44413581 0.03741906
v -0.77594203 -0.44169161 0.03682236
v -0.77600908 -0.43955842 0.03438053
v -0.77971113 -0.44264269 0.03662663
v -0.78128308 -0.44442615 0.03628384
v -0.78074497 -0.44091037 0.03404893
v -0.77837932 -0.44146374 0.03621833
v -0.77867460 -0.44022617 0.03435581
v -0.74928933 -0.45050585 0.04954006
v -0.74813616 -0.45096806 0.05419492
v -0.74213260 -0.45221055 0.05121974
v -0.74325246 -0.45145845 0.04683027
v -0.75164086 -0.45905250 0.04391233
v -0.75123745 -0.45424238 0.04377421
v -0.74564892 -0.45560709 0.04111525
v -0.74592233 -0.46041137 0.04151417
v -0.75062358 -0.46271476 0.04785274
v -0.74495256 -0.46428654 0.04569456
v -0.73916137 -0.46148220 0.03853060
v -0.73894936 -0.45647663 0.03821836
v -0.72661972 -0.45689946 0.03494992
v -0.72696936 -0.46198380 0.03446880
v -0.72097725 -0.45396790 0.04996205
v -0.72216016 -0.45808038 0.05193633
v -0.75048804 -0.45143130 0.04599458
v -0.74462473 -0.45258585 0.04337683
v -0.73453826 -0.45794412 0.05467181
v -0.73426729 -0.45426503 0.05270600
v -0.74155283 -0.45405424 0.05506596
v -0.74180412 -0.45742661 0.05697038
v -0.72327799 -0.45112237 0.03952693
v -0.72147077 -0.45165908 0.04476163
v -0.72535777 -0.45342383 0.03674310
v -0.73549664 -0.46244425 0.05396257
v -0.73683453 -0.46571693 0.04985778
v -0.72489667 -0.46735436 0.04563059
v -0.72380513 -0.46350077 0.05034306
v -0.73769945 -0.45321697 0.04055501
v -0.73475498 -0.45221204 0.04841101
v -0.73613852 -0.45158631 0.04402522
v -0.73813373 -0.46556285 0.04303519
v -0.74357307 -0.46429932 0.05245535
v -0.75683337 -0.45938081 0.06023731
v -0.74858242 -0.46039394 0.05799572
v -0.74777347 -0.45667681 0.05957743
v -0.75639534 -0.45586500 0.06214393
v -0.74259180 -0.46110258 0.05613179
v -0.74947262 -0.46313149 0.05407493
v -0.75815237 -0.44904423 0.05338966
v -0.75701022 -0.44977129 0.05801976
v -0.75912136 -0.44991624 0.04976270
v -0.72619575 -0.46745351 0.03857487
v -0.75976861 -0.45713916 0.04739714
v -0.75961584 -0.45253280 0.04760865
v -0.74753404 -0.45291814 0.05808678
v -0.75603420 -0.45205054 0.06154922
v -0.75763154 -0.46179003 0.05644020
v -0.75862241 -0.46112990 0.05074766
v -0.76409841 -0.46026862 0.05875697
v -0.76526076 -0.45957714 0.05366692
v -0.76649797 -0.45598888 0.05028367
v -0.76570147 -0.45170572 0.05030041
v -0.76455790 -0.44944316 0.05230678
v -0.76310760 -0.45838854 0.06208606
v -0.76213586 -0.45553997 0.06371467
v -0.76131564 -0.45189726 0.06312623
v -0.76901329 -0.45752895 0.06431761
v -0.77079135 -0.45919636 0.06157218
v -0.78222519 -0.45245647 0.05803341
v -0.77778310 -0.45328048 0.05538410
v -0.77842820 -0.45551074 0.05728257
v -0.78277832 -0.45510626 0.05873101
v -0.77309388 -0.45536906 0.05342323
v -0.77538186 -0.45647198 0.05624012
v -0.77450901 -0.45807493 0.05830646
v -0.77818829 -0.45803306 0.05990873
v -0.77694267 -0.45828772 0.06317815
v -0.78101230 -0.45814693 0.06497328
v -0.78271997 -0.45802391 0.06153954
v -0.77392024 -0.45859882 0.06114104
v -0.78599387 -0.45505470 0.06041259
v -0.78580421 -0.45296687 0.06127316
v -0.77101195 -0.45873198 0.05645124
v -0.77095485 -0.45142627 0.05254368
v -0.77644169 -0.45057982 0.05548330
v -0.78119057 -0.45017672 0.05894323
v -0.78451455 -0.45086622 0.06269203
v -0.77527595 -0.44842625 0.05751300
v -0.78016853 -0.44852090 0.06082929
v -0.78299767 -0.44968057 0.06388183
v -0.77405447 -0.44739836 0.06080814
v -0.77918839 -0.44802505 0.06338732
v -0.76735276 -0.44822064 0.05756621
v -0.76897198 -0.44915077 0.05436898
v -0.78153294 -0.44923162 0.06476898
v -0.78726840 -0.45513719 0.06488965
v -0.78574079 -0.45286074 0.06605455
v -0.78715342 -0.45758718 0.06305844
v -0.77567875 -0.45757768 0.06489437
v -0.78003699 -0.45709279 0.06677690
v -0.77451879 -0.45684376 0.06666623
v -0.77940971 -0.45624793 0.06845005
v -0.78446519 -0.45685908 0.06738690
v -0.78461885 -0.45813704 0.06590119
v -0.76317984 -0.44867775 0.05558926
v -0.76187378 -0.44950742 0.05981373
v -0.76614487 -0.44885218 0.06177903
v -0.77284127 -0.44814175 0.06495236
v -0.76555973 -0.45148188 0.06471799
v -0.76730776 -0.45499790 0.06547711
v -0.77330828 -0.45450360 0.06766009
v -0.77240783 -0.45114291 0.06747825
v -0.77842528 -0.45408151 0.06894250
v -0.77764553 -0.45127589 0.06861756
v -0.77814919 -0.44887963 0.06649944
v -0.78207517 -0.45304096 0.06884135
v -0.78362715 -0.45512688 0.06863181
v -0.78363335 -0.45114011 0.06668403
v -0.78066421 -0.45134205 0.06851190
v -0.78137887 -0.45006353 0.06683349
v -0.73537004 -0.45742524 0.06769859
v -0.73304570 -0.45680743 0.07185589
v -0.72834015 -0.45799178 0.06918739
v -0.73080057 -0.45837525 0.06513721
v -0.73736084 -0.46635449 0.06495389
v -0.73785263 -0.46348608 0.06431459
v -0.73313344 -0.46407184 0.06118247
v -0.73222810 -0.46751153 0.06141881
v -0.73564655 -0.46864101 0.06826395
v -0.72992206 -0.46996135 0.06515977
v -0.72693735 -0.46819359 0.05834600
v -0.72813874 -0.46411255 0.05825266
v -0.71957600 -0.46401855 0.05463223
v -0.71857089 -0.46863490 0.05430198
v -0.73722154 -0.46024638 0.06535958
v -0.73251468 -0.46080530 0.06255989
v -0.71992737 -0.46075472 0.07195014
v -0.72082770 -0.45853758 0.07009228
v -0.72652429 -0.45888892 0.07270788
v -0.72573692 -0.46094993 0.07433248
v -0.71535414 -0.45766318 0.05842864
v -0.71234101 -0.45694858 0.06220747
v -0.71812993 -0.46022117 0.05613730
v -0.72044671 -0.46509698 0.07141490
v -0.72169262 -0.46956837 0.06805740
v -0.71234274 -0.46953303 0.06430743
v -0.71071845 -0.46461925 0.06726120
v -0.72757989 -0.46061289 0.05987006
v -0.72275817 -0.45756435 0.06653972
v -0.72549307 -0.45816353 0.06250919
v -0.72408080 -0.47065246 0.06238554
v -0.72740406 -0.46895108 0.07047400
v -0.74019253 -0.46385181 0.07977315
v -0.73140591 -0.46435162 0.07610221
v -0.73060679 -0.46041149 0.07743296
v -0.73932582 -0.46032146 0.08117000
v -0.72600561 -0.46482810 0.07385228
v -0.73329902 -0.46801618 0.07297985
v -0.74289584 -0.45621121 0.07210858
v -0.74076247 -0.45584169 0.07615952
v -0.74464089 -0.45883670 0.06980141
v -0.71546006 -0.47141659 0.05854790
v -0.70967901 -0.45992669 0.06822203
v -0.74538124 -0.46463877 0.06948403
v -0.74555683 -0.46188807 0.06883381
v -0.73109108 -0.45783001 0.07568493
v -0.73915005 -0.45726103 0.07988495
v -0.74180764 -0.46690804 0.07688390
v -0.74381751 -0.46717739 0.07230797
v -0.74737513 -0.46627644 0.07967203
v -0.74943888 -0.46628720 0.07523971
v -0.75117767 -0.46382806 0.07239240
v -0.75087631 -0.46077424 0.07184729
v -0.74942243 -0.45800540 0.07286189
v -0.74600852 -0.46337309 0.08247246
v -0.74499846 -0.46022433 0.08319543
v -0.74405849 -0.45706633 0.08187880
v -0.75001460 -0.46289533 0.08468164
v -0.75229251 -0.46526358 0.08209522
v -0.76497149 -0.46064159 0.07964078
v -0.76118672 -0.46116775 0.07736692
v -0.76090086 -0.46250594 0.07892377
v -0.76462686 -0.46239063 0.08056578
v -0.75642073 -0.46307766 0.07532587
v -0.75805867 -0.46351016 0.07761492
v -0.75656217 -0.46500933 0.07937864
v -0.75994855 -0.46480769 0.08115302
v -0.75758064 -0.46442005 0.08399128
v -0.76113665 -0.46419489 0.08579031
v -0.76360232 -0.46447599 0.08294556
v -0.75529456 -0.46524352 0.08197989
v -0.76702148 -0.46252143 0.08203068
v -0.76753396 -0.46087897 0.08217442
v -0.75373828 -0.46549600 0.07770252
v -0.75537330 -0.45981693 0.07423275
v -0.76014888 -0.45866707 0.07686958
v -0.76430523 -0.45821252 0.07979981
v -0.76644683 -0.45849830 0.08271461
v -0.75836843 -0.45629528 0.07800990
v -0.76259595 -0.45597497 0.08084656
v -0.76451409 -0.45643941 0.08343273
v -0.75627816 -0.45471278 0.08008011
v -0.76076734 -0.45477605 0.08262884
v -0.75107872 -0.45559627 0.07724909
v -0.75336778 -0.45722392 0.07521576
v -0.76279432 -0.45556158 0.08401346
v -0.76709902 -0.46204436 0.08554077
v -0.76594055 -0.45952582 0.08636665
v -0.76664209 -0.46404642 0.08445190
v -0.75588030 -0.46375704 0.08547276
v -0.75979120 -0.46309906 0.08724926
v -0.75448591 -0.46187454 0.08668269
v -0.75896895 -0.46132424 0.08821576
v -0.76362330 -0.46285385 0.08768110
v -0.76401073 -0.46407145 0.08656818
v -0.74739069 -0.45610803 0.07498950
v -0.74513537 -0.45571947 0.07835867
v -0.74895817 -0.45530236 0.08027483
v -0.75446123 -0.45445272 0.08323407
v -0.74782878 -0.45664442 0.08346240
v -0.74887252 -0.45970753 0.08492566
v -0.75357431 -0.45925206 0.08708787
v -0.75320637 -0.45630056 0.08609442
v -0.75817162 -0.45905429 0.08849993
v -0.75800586 -0.45652345 0.08776281
v -0.75922048 -0.45483938 0.08529753
v -0.76174098 -0.45862272 0.08847042
v -0.76274872 -0.46078396 0.08844154
v -0.76408595 -0.45745772 0.08644013
v -0.76072377 -0.45697230 0.08789522
v -0.76209486 -0.45601803 0.08605077
v -0.71030951 -0.45792702 0.06580260
v -0.70968151 -0.46358711 0.08557414
v -0.70713580 -0.46294615 0.08790672
v -0.70415390 -0.46298561 0.08492071
v -0.70644677 -0.46364653 0.08274499
v -0.71146762 -0.47234485 0.08491559
v -0.71256554 -0.46909451 0.08356987
v -0.70931047 -0.46916652 0.08011387
v -0.70814848 -0.47276169 0.08132204
v -0.70834845 -0.47376177 0.08827217
v -0.70487660 -0.47417247 0.08488245
v -0.70427012 -0.47228265 0.07740876
v -0.70556569 -0.46845406 0.07634611
v -0.69901949 -0.46726686 0.07075237
v -0.69747257 -0.47153607 0.07092269
v -0.68494451 -0.46236330 0.07748815
v -0.68652111 -0.45942780 0.07514839
v -0.69158465 -0.46064028 0.07902452
v -0.68943524 -0.46279711 0.08120106
v -0.71169996 -0.46588874 0.08408887
v -0.70845419 -0.46580449 0.08088636
v -0.69645488 -0.46414083 0.08644728
v -0.69857240 -0.46223989 0.08434175
v -0.70191735 -0.46342906 0.08733504
v -0.70012510 -0.46508378 0.08944200
v -0.68926895 -0.45791709 0.07241356
v -0.69322264 -0.45748284 0.06992417
v -0.69669574 -0.46049249 0.07375553
v -0.69420290 -0.45996344 0.07644456
v -0.69835377 -0.46312299 0.07234214
v -0.69582117 -0.46752235 0.08697104
v -0.69752640 -0.47147882 0.08504608
v -0.68966222 -0.47067010 0.07959753
v -0.68876374 -0.46638447 0.08149694
v -0.70490414 -0.46499005 0.07762247
v -0.70087278 -0.46191600 0.08177998
v -0.70335174 -0.46262497 0.07937777
v -0.70090717 -0.47378904 0.08096424
v -0.70165598 -0.47198564 0.08852572
v -0.70760041 -0.46812573 0.09756017
v -0.70278513 -0.46845961 0.09330217
v -0.70269495 -0.46518654 0.09285311
v -0.70722598 -0.46512336 0.09714288
v -0.69983619 -0.46826500 0.09011053
v -0.70491004 -0.47185400 0.09167866
v -0.71446216 -0.46335530 0.08953756
v -0.71158189 -0.46260905 0.09190331
v -0.71624953 -0.46557647 0.08825778
v -0.69379181 -0.47403964 0.07444426
v -0.71626312 -0.47156793 0.08928062
v -0.71710855 -0.46842629 0.08809353
v -0.70470577 -0.46345323 0.09050654
v -0.70895827 -0.46335152 0.09477997
v -0.70975763 -0.47136536 0.09595201
v -0.71316957 -0.47299281 0.09235955
v -0.71375793 -0.47108871 0.09931163
v -0.71706533 -0.47279435 0.09573016
v -0.72000706 -0.47103673 0.09248391
v -0.72058678 -0.46807861 0.09102729
v -0.71937996 -0.46543726 0.09103602
v -0.71167886 -0.46784428 0.10072783
v -0.71127707 -0.46511835 0.09984867
v -0.71235389 -0.46345824 0.09733722
v -0.71554857 -0.46762410 0.10269337
v -0.71813256 -0.47076434 0.10164978
v -0.73062593 -0.46784672 0.09979658
v -0.72771740 -0.46848577 0.09746715
v -0.72703832 -0.46972910 0.09893243
v -0.72995675 -0.46942350 0.10056885
v -0.72360015 -0.47024900 0.09553011
v -0.72456264 -0.47054526 0.09761178
v -0.72259146 -0.47136500 0.09925252
v -0.72519457 -0.47137791 0.10091451
v -0.72317475 -0.47035784 0.10342946
v -0.72579104 -0.47015128 0.10539035
v -0.72810984 -0.47119626 0.10278879
v -0.72100317 -0.47135493 0.10159504
v -0.73167717 -0.46961391 0.10213577
v -0.73243248 -0.46808288 0.10232928
v -0.72027475 -0.47208565 0.09794009
v -0.72361815 -0.46770388 0.09379262
v -0.72756904 -0.46676081 0.09664626
v -0.73082924 -0.46614808 0.09973011
v -0.73204708 -0.46603960 0.10278422
v -0.72610444 -0.46495345 0.09659595
v -0.72959721 -0.46451640 0.09994906
v -0.73070580 -0.46453118 0.10284124
v -0.72380251 -0.46340263 0.09753203
v -0.72762233 -0.46329886 0.10067376
v -0.71983039 -0.46353069 0.09464323
v -0.72215390 -0.46545753 0.09366085
v -0.72929734 -0.46370989 0.10268133
v -0.73122174 -0.46857691 0.10546617
v -0.73084950 -0.46633676 0.10550299
v -0.73050028 -0.47078702 0.10459148
v -0.72116411 -0.46939886 0.10461815
v -0.72486281 -0.46860051 0.10672890
v -0.71953219 -0.46712533 0.10486317
v -0.72411281 -0.46646005 0.10682627
v -0.72823781 -0.46850938 0.10711204
v -0.72808790 -0.47009784 0.10637385
v -0.71731019 -0.46344417 0.09218854
v -0.71454751 -0.46271524 0.09452002
v -0.71725720 -0.46267286 0.09672100
v -0.72144222 -0.46260834 0.09945513
v -0.71540922 -0.46330139 0.09946264
v -0.71474469 -0.46503448 0.10172138
v -0.71924031 -0.46479565 0.10419974
v -0.71979237 -0.46296400 0.10216949
v -0.72407413 -0.46462122 0.10593242
v -0.72449297 -0.46317378 0.10434122
v -0.72574890 -0.46275020 0.10224306
v -0.72774589 -0.46473840 0.10602458
v -0.72810245 -0.46639001 0.10696214
v -0.72987348 -0.46467429 0.10486902
v -0.72730058 -0.46375161 0.10498664
v -0.72852671 -0.46363059 0.10393932
v -0.68512481 -0.46535838 0.07839146
v -0.69377398 -0.44072846 -0.00951278
v -0.69500929 -0.44002950 -0.00580112
v -0.68977231 -0.42780325 -0.00284710
v -0.69301146 -0.43211091 -0.00184384
v -0.68679017 -0.42628872 -0.00701011
v -0.68632168 -0.42981741 -0.01423624
v -0.68593937 -0.42716616 -0.01137785
v -0.69503319 -0.43696636 -0.00309508
v -0.69137907 -0.43888015 -0.01330237
v -0.68830669 -0.43434963 -0.01506459
v -0.69959742 -0.43655807 -0.01621743
v -0.69672877 -0.43164787 -0.01820261
v -0.69430792 -0.42659596 -0.01705385
v -0.69292492 -0.42397988 -0.01352256
v -0.69276828 -0.42357832 -0.00870842
v -0.70137835 -0.43859646 -0.01201441
v -0.70173055 -0.43778437 -0.00745655
v -0.70036399 -0.43445408 -0.00395452
v -0.70887655 -0.43609241 -0.01438554
v -0.70976084 -0.43376756 -0.01953425
v -0.71262091 -0.41978961 -0.02215007
v -0.70821750 -0.42145360 -0.02058783
v -0.70996052 -0.42376554 -0.02256431
v -0.71306986 -0.42231905 -0.02462867
v -0.70367372 -0.42403853 -0.01961872
v -0.70785534 -0.42520642 -0.02164804
v -0.70972443 -0.42848188 -0.02251090
v -0.71220309 -0.42773250 -0.02401138
v -0.71198261 -0.43144688 -0.02205177
v -0.71479535 -0.43150455 -0.02296422
v -0.71517211 -0.42645803 -0.02626533
v -0.71635354 -0.42171484 -0.02599273
v -0.71844625 -0.42479077 -0.02681072
v -0.71712983 -0.41981623 -0.02394106
v -0.70584160 -0.42936438 -0.02085570
v -0.69990319 -0.42169973 -0.01553777
v -0.70666659 -0.41996759 -0.01728252
v -0.71284789 -0.41855741 -0.01901122
v -0.71798426 -0.41914052 -0.02029061
v -0.70649314 -0.41983426 -0.01301303
v -0.71350098 -0.41914368 -0.01504327
v -0.71778059 -0.42025504 -0.01681400
v -0.70812154 -0.42197332 -0.00944589
v -0.71454871 -0.42138129 -0.01253529
v -0.69968921 -0.42356741 -0.00595471
v -0.69873667 -0.42149231 -0.01060193
v -0.71743459 -0.42156118 -0.01464658
v -0.72114319 -0.42306215 -0.02472904
v -0.72161466 -0.42267179 -0.02058081
v -0.71571338 -0.43326068 -0.02019721
v -0.71774101 -0.43025661 -0.02444503
v -0.71947306 -0.43126816 -0.02141519
v -0.71547586 -0.43410039 -0.01617599
v -0.72002995 -0.43097556 -0.01781872
v -0.72175777 -0.42817077 -0.02325773
v -0.71983737 -0.42823875 -0.02584244
v -0.69440639 -0.42542899 -0.00450312
v -0.69753623 -0.42956978 -0.00295528
v -0.70288724 -0.42790192 -0.00411308
v -0.71055973 -0.42599702 -0.00749821
v -0.70609927 -0.43289363 -0.00535307
v -0.70809442 -0.43606830 -0.00936243
v -0.71501040 -0.43304428 -0.01191643
v -0.71336782 -0.43026924 -0.00849652
v -0.71948308 -0.42957380 -0.01451931
v -0.71803510 -0.42741191 -0.01217908
v -0.71616232 -0.42434955 -0.01160450
v -0.72110224 -0.42629111 -0.01638712
v -0.72221935 -0.42723936 -0.01956877
v -0.72047013 -0.42294869 -0.01720615
v -0.71968293 -0.42561400 -0.01442991
v -0.71883488 -0.42342699 -0.01454028
v -0.68217319 -0.45784655 0.07309030
v -0.68511075 -0.45564687 0.06934452
v -0.67919439 -0.45484844 0.06694728
v -0.67160082 -0.45411265 0.06467137
v -0.66346925 -0.45711982 0.06686033
v -0.67387563 -0.45315832 0.05909339
v -0.68151098 -0.45396030 0.06187705
v -0.68982118 -0.45484978 0.06465685
v -0.66954494 -0.45274383 0.05240695
v -0.08202364 -0.78069329 -0.15534048
v -0.07974070 -0.78195202 -0.15785654
v -0.08066524 -0.77497303 -0.15560095
v -0.08255151 -0.77518475 -0.15324789
v -0.07464865 -0.77518785 -0.15952647
v -0.07797841 -0.77491450 -0.15771593
v -0.07567053 -0.78275174 -0.16012193
v -0.07054739 -0.78247768 -0.16123497
v -0.06213149 -0.77858615 -0.15989056
v -0.06034271 -0.77776623 -0.16002791
v -0.06116896 -0.77702296 -0.16026668
v -0.06340294 -0.77694935 -0.16013880
v -0.06712504 -0.77641004 -0.16061124
v -0.08517613 -0.77752894 -0.15011486
v -0.08464731 -0.77835429 -0.15126263
v -0.08345357 -0.78008056 -0.15293725
v -0.07090816 -0.77588439 -0.16042988
v -0.08411039 -0.77576256 -0.15135628
v -0.08497826 -0.77648264 -0.15020457
v -0.06568932 -0.78159255 -0.16033454
v -0.07519412 -0.77720642 -0.15982626
v -0.07851189 -0.77726388 -0.15775654
v -0.07563575 -0.78032231 -0.15993306
v -0.07114606 -0.78037775 -0.16095179
v -0.06522851 -0.77747846 -0.16062248
v -0.06774545 -0.77798438 -0.16081302
v -0.08079045 -0.77695948 -0.15537617
v -0.07133777 -0.77795935 -0.16063535
v -0.07919336 -0.77968836 -0.15767440
v -0.06713985 -0.77983093 -0.16094710
v -0.06472471 -0.77861917 -0.16073528
v -0.08452667 -0.77714241 -0.15103363
v -0.08443598 -0.77670336 -0.15108892
v -0.02292723 -0.54297221 -0.09239332
v -0.02271876 -0.52817613 -0.09655635
v -0.08138847 -0.77870136 -0.15554132
v -0.08368622 -0.77663529 -0.15203518
v -0.08251823 -0.77664411 -0.15360563
v -0.08285432 -0.77818990 -0.15340048
v -0.08390711 -0.77764243 -0.15187518
v -0.26397178 -0.53009230 -0.03406028
v -0.26708311 -0.54243487 -0.03713701
v -0.27469456 -0.57419664 -0.00935126
v -0.26965448 -0.57699734 0.00774389
v -0.04145016 -0.30520537 -0.04796797
v -0.09313018 -0.36496675 0.08644745
v -0.09724731 -0.38525677 0.08583784
v -0.03358277 -0.38886642 0.10461462
v -0.05062136 -0.38495162 0.10458637
v -0.11084659 -0.33222196 0.00928452
v -0.11272972 -0.34722406 0.00653009
v -0.07379632 -0.31839898 -0.02895678
v -0.07704808 -0.33454308 -0.03117863
v -0.09916320 -0.31182465 -0.00390516
v -0.06424521 -0.33810985 0.10514175
v -0.07794157 -0.33349797 0.09690236
v -0.07665551 -0.35244247 0.09453951
v -0.06388126 -0.35810155 0.10270006
v -0.01700836 -0.39020923 0.10076958
v -0.01681481 -0.36922315 0.10400049
v -0.12228419 -0.37098730 0.01809904
v -0.12465044 -0.37786135 0.03752768
v -0.11167821 -0.39425495 0.06868817
v -0.10036062 -0.40359679 0.07998770
v -0.08803994 -0.41334197 0.08817076
v -0.07386974 -0.42264581 0.09365725
v -0.06483401 -0.34948099 -0.04443050
v -0.05103594 -0.36597773 -0.05460601
v -0.11435303 -0.36462501 0.00117165
v -0.01594605 -0.34769562 -0.06382440
v -0.06315123 -0.45443439 0.09485095
v -0.04128155 -0.45925409 0.09630642
v -0.12086940 -0.38559523 0.05458566
v -0.03344349 -0.48865041 -0.10985325
v -0.04844291 -0.49148929 -0.10815950
v -0.04713825 -0.47624621 -0.11273164
v -0.03214047 -0.47249717 -0.11261871
v -0.06144089 -0.47814545 -0.11185785
v -0.07536933 -0.47924665 -0.10963721
v -0.08819933 -0.47970504 -0.10558949
v -0.11624251 -0.47923446 -0.08605807
v -0.10871102 -0.47946286 -0.09316242
v -0.12594119 -0.47730714 -0.07050997
v -0.12176359 -0.47894648 -0.07864660
v -0.12818614 -0.47194263 -0.05978475
v -0.12901834 -0.46614823 -0.04679792
v -0.13396022 -0.47408256 -0.03167174
v -0.13098389 -0.46005040 -0.03330675
v -0.12582372 -0.45179617 -0.04853321
v -0.12598523 -0.45871723 -0.06199024
v -0.12390871 -0.46387520 -0.07323612
v -0.01903031 -0.41265228 -0.09385367
v -0.01848716 -0.43274474 -0.10752765
v -0.02196799 -0.55837941 -0.09073566
v -0.45484132 -0.48592845 0.04711084
v -0.57069814 -0.48866740 -0.00125554
v -0.02114100 -0.60815531 0.02882833
v -0.03657712 -0.61217463 0.02912877
v -0.08982409 -0.62762940 0.01235024
v -0.10172773 -0.63009769 -0.00304628
v -0.07190657 -0.61856842 0.02522784
v -0.05416922 -0.61107934 0.03143439
v -0.10056474 -0.37731612 -0.01706356
v -0.03904771 -0.58723956 0.04434290
v -0.05575569 -0.60313690 0.03773995
v -0.07548621 -0.61043417 0.03191562
v -0.09374584 -0.61844289 0.02066588
v -0.11114094 -0.62517399 0.00276554
v -0.12336124 -0.62223577 -0.00328197
v -0.14032590 -0.60957992 0.00433093
v -0.14897491 -0.60763597 0.00088850
v -0.15924470 -0.60668457 -0.00145806
v -0.16268440 -0.61516434 -0.01560462
v -0.15123095 -0.61532205 -0.01366210
v -0.23939905 -0.58639449 0.00880946
v -0.25139365 -0.57922065 0.01536334
v -0.25778762 -0.57144660 0.02326139
v -0.25955907 -0.56252873 0.02901458
v -0.25603989 -0.55330384 0.03234851
v -0.24779442 -0.54499519 0.03219417
v -0.23654017 -0.53898609 0.03070383
v -0.19948310 -0.53284669 0.02222028
v -0.18787688 -0.53067678 0.02071589
v -0.16035102 -0.50983977 0.02602050
v -0.15360327 -0.50423646 0.02993780
v -0.13814779 -0.48441756 0.04867428
v -0.12890761 -0.47392163 0.05904243
v -0.11743076 -0.46158609 0.07122350
v -0.08805419 -0.23224528 0.11422788
v -0.10358538 -0.23773886 0.10521254
v -0.09468823 -0.25575858 0.10255296
v -0.07980257 -0.25374764 0.11106649
v -0.03663256 -0.29509193 0.11490621
v -0.01881733 -0.29439008 0.11675335
v -0.12689041 -0.26310593 0.05778565
v -0.12984787 -0.26159841 0.03934438
v -0.10779243 -0.25876290 0.09064445
v -0.11855199 -0.26260480 0.07564825
v -0.12705109 -0.25971991 0.02273262
v -0.08141153 -0.24368286 -0.03299424
v -0.06525427 -0.23820452 -0.04472835
v -0.03238309 -0.22941230 -0.06037286
v -0.01612532 -0.22744027 -0.06363882
v -0.12159838 -0.25708628 0.00827226
v -0.04868434 -0.23338372 -0.05382264
v -0.11150909 -0.25240380 -0.00601196
v -0.09766126 -0.24844116 -0.01981959
v -0.05301532 -0.29668611 0.11094862
v -0.05777343 -0.27340898 0.11351775
v -0.07304814 -0.27549043 0.10799651
v -0.04273830 -0.52005643 0.08769158
v -0.06110955 -0.52362490 0.08848104
v -0.07956842 -0.52786076 0.08543777
v -0.09391300 -0.54556030 0.07286787
v -0.09651693 -0.53195131 0.07695903
v -0.11347365 -0.53648114 0.06650573
v -0.11082229 -0.55010206 0.06443052
v -0.13740201 -0.55526280 0.04417872
v -0.14026140 -0.54414219 0.04533007
v -0.14772232 -0.54690015 0.03891354
v -0.14595959 -0.55870020 0.03793240
v -0.15545097 -0.55028808 0.03511637
v -0.16381797 -0.55128777 0.03205587
v -0.17264766 -0.55221593 0.02838806
v -0.18423074 -0.55309653 0.02744561
v -0.18050253 -0.57226855 0.02681017
v -0.16985458 -0.57154822 0.02798137
v -0.13592945 -0.56861895 0.04092923
v -0.12379783 -0.56624508 0.05028410
v -0.04015277 -0.54409158 0.07086393
v -0.02349014 -0.53850186 0.06905745
v -0.13503945 -0.45936215 -0.02091056
v -0.13977802 -0.45915672 -0.00835655
v -0.14432934 -0.46139884 0.00362907
v -0.14730996 -0.46559262 0.01494893
v -0.14830348 -0.47222117 0.02483131
v -0.14667511 -0.48137757 0.03365286
v -0.14885013 -0.49838278 0.03522753
v -0.14395258 -0.49192667 0.04123904
v -0.14669695 -0.50932372 0.03975980
v -0.14082439 -0.50345933 0.04739500
v -0.13688107 -0.51552886 0.05170695
v -0.13261989 -0.52778369 0.05489360
v -0.12871906 -0.54101413 0.05578532
v -0.12595373 -0.55378276 0.05500568
v -0.11022187 -0.56358707 0.05924303
v -0.09303384 -0.55907845 0.06599465
v -0.07478479 -0.56791383 0.06419688
v -0.07621053 -0.57919723 0.05518619
v -0.07549407 -0.55539155 0.07355711
v -0.07635336 -0.54207391 0.08048819
v -0.07324732 -0.63993311 -0.00404305
v -0.05666232 -0.63549536 0.00613154
v -0.22901621 -0.55236501 0.03090038
v -0.22666055 -0.54790092 0.03050942
v -0.23087716 -0.54516304 0.03109591
v -0.23791280 -0.54967183 0.03212147
v -0.24253945 -0.55662215 0.03126796
v -0.23126477 -0.56533021 0.02804756
v -0.23139691 -0.55843616 0.03051889
v -0.24434070 -0.56442499 0.02849969
v -0.24251926 -0.57220918 0.02404029
v -0.22990023 -0.57222438 0.02460219
v -0.23815881 -0.57911754 0.01900419
v -0.22737527 -0.57854760 0.02082462
v -0.23055403 -0.58447051 0.01449261
v -0.22456703 -0.58269095 0.01749807
v -0.19273195 -0.58875155 0.01657597
v -0.20443684 -0.58717310 0.01679577
v -0.21588823 -0.58475775 0.01678547
v -0.19676754 -0.55467629 0.02784110
v -0.20874669 -0.55716139 0.02829458
v -0.22032124 -0.55874819 0.02937501
v -0.21911679 -0.56557858 0.02765246
v -0.20740756 -0.56432867 0.02738785
v -0.19510135 -0.56286424 0.02749385
v -0.04105624 -0.53146446 0.07962603
v -0.05823204 -0.53674984 0.08229110
v -0.15372147 -0.56038433 0.03391537
v -0.16126615 -0.56097138 0.03085629
v -0.17106538 -0.56127149 0.02919801
v -0.18244717 -0.56216234 0.02788777
v -0.16079232 -0.57129765 0.02901220
v -0.15251067 -0.57082474 0.03149992
v -0.14428453 -0.57004523 0.03530955
v -0.05768520 -0.54953259 0.07386546
v -0.02329509 -0.52696383 0.07767291
v -0.17085582 -0.57406479 -0.06712719
v -0.17122915 -0.59643489 -0.06621113
v -0.17140698 -0.61262852 -0.05386562
v -0.16822028 -0.61875999 -0.03449359
v -0.37426746 -0.48327988 0.01842791
v -0.01585076 -0.34781009 0.10991232
v -0.01675800 -0.32410115 0.11335516
v -0.03362216 -0.32212132 0.11517352
v -0.02056351 -0.46064922 0.09752435
v -0.02392226 -0.51692444 0.08827724
v -0.09684376 -0.45020670 -0.10453692
v -0.08655971 -0.45013675 -0.11011915
v -0.08719037 -0.46487507 -0.10884713
v -0.09769825 -0.46501896 -0.10333607
v -0.11263321 -0.45110542 -0.09110111
v -0.10543823 -0.45053896 -0.09833186
v -0.10687533 -0.46512693 -0.09687769
v -0.11415069 -0.46529961 -0.08993974
v -0.11814347 -0.45109326 -0.08322713
v -0.11977562 -0.46527135 -0.08198152
v -0.10343932 -0.43528354 -0.09599148
v -0.09506957 -0.43494359 -0.10284859
v -0.08493407 -0.43528667 -0.10847542
v -0.11544224 -0.43738848 -0.08119174
v -0.11024453 -0.43644059 -0.08869661
v -0.03671569 -0.66809857 -0.15635358
v -0.04111981 -0.67046845 -0.17204213
v -0.04388411 -0.71257627 -0.18759267
v -0.04368032 -0.71683908 -0.18598369
v -0.01948945 -0.58289766 -0.08580720
v -0.01824564 -0.59512633 -0.08901641
v -0.01907937 -0.45080525 -0.11235222
v -0.01991287 -0.48363531 -0.11025632
v -0.02171968 -0.49694014 -0.10331586
v -0.02241939 -0.51205111 -0.09925590
v -0.02125587 -0.57169360 -0.08822346
v -0.01949853 -0.46732661 -0.11210515
v -0.16186820 -0.08640251 0.00353304
v -0.14628750 -0.06218503 0.00768360
v -0.15159988 -0.08271746 0.02942209
v -0.13904893 -0.06495520 0.03306600
v -0.15599155 -0.15012211 0.05512047
v -0.15565631 -0.12432267 0.04465874
v -0.15254402 -0.17801976 0.06574600
v -0.12041972 -0.05163381 0.04181935
v -0.09646109 -0.04263672 0.05264811
v -0.09352510 -0.05453280 0.07342136
v -0.14036375 -0.16742086 0.08215067
v -0.14309567 -0.13916288 0.07342657
v -0.14318651 -0.08083183 0.04506126
v -0.15641057 -0.10215846 0.03517388
v -0.14458428 -0.09394246 0.05318618
v -0.11726361 -0.06170392 0.06151776
v -0.13344841 -0.07112555 0.05150986
v -0.05120143 -0.22398239 0.12447843
v -0.03309335 -0.19636595 0.12903096
v -0.05811968 -0.19748172 0.12558664
v -0.11780785 -0.24262072 0.09292226
v -0.11344284 -0.21276811 0.10613947
v -0.13157119 -0.08439949 0.06591456
v -0.11422838 -0.07663324 0.07870893
v -0.09176467 -0.07147568 0.09092670
v -0.08991407 -0.14580107 0.11986146
v -0.09044259 -0.11847365 0.11469398
v -0.11085507 -0.12294193 0.10311577
v -0.10969918 -0.15093888 0.10987983
v -0.12104806 -0.18547367 0.10404937
v -0.12602508 -0.15781504 0.09779083
v -0.08540577 -0.17452247 0.12220357
v -0.10476436 -0.17977311 0.11452051
v -0.09700938 -0.20689878 0.11542907
v -0.12870030 -0.12883884 0.08873338
v -0.06412919 -0.09009556 0.11252970
v -0.09095494 -0.09319229 0.10471332
v -0.03496794 -0.09216991 0.11247221
v -0.07826082 -0.20268250 0.12161829
v -0.07077781 -0.22810225 0.12022226
v -0.06331217 -0.25061959 0.11740637
v -0.05023558 -0.32100019 0.11127736
v -0.08363089 -0.08927466 -0.25017291
v -0.01090447 -0.08715652 -0.05236238
v -0.01283277 -0.07711950 -0.03743164
v -0.15886033 -0.18318971 -0.04375367
v -0.17703713 -0.12735316 -0.01865257
v -0.16997857 -0.11547516 0.00798872
v -0.02262590 -0.12763943 -0.08178647
v -0.01498635 -0.10825521 -0.07313082
v -0.13919835 -0.19453305 -0.06097423
v -0.08380035 -0.18684433 -0.09036620
v -0.01106982 -0.09682620 -0.06331316
v -0.14276266 -0.11430083 0.06324887
v -0.12982298 -0.10481513 0.07798803
v -0.11267090 -0.09778181 0.09232388
v -0.06509965 -0.06936845 0.09867400
v -0.03496836 -0.07303947 0.10089812
v -0.01627232 -0.16414125 -0.06761542
v -0.01421828 -0.17288260 -0.06708092
v -0.00784559 -0.17106228 -0.06663763
v -0.00747018 -0.15828483 -0.06696475
v -0.08370163 -0.23332627 -0.03528493
v -0.06523976 -0.22774607 -0.04575258
v -0.03074748 -0.22053213 -0.06046458
v -0.01498930 -0.21940628 -0.06333631
v -0.13130310 -0.24701810 0.00476810
v -0.04769373 -0.22433081 -0.05479638
v -0.11978850 -0.24368836 -0.00982564
v -0.10310107 -0.23954496 -0.02261112
v -0.04003095 0.16106430 -0.58875430
v -0.03976444 0.16626880 -0.61708319
v -0.04114824 0.17611331 -0.60681200
v -0.03867510 0.17102492 -0.57955033
v -0.05251369 0.19032821 -0.56225514
v -0.04302076 0.18548989 -0.56712312
v -0.06492704 0.19154057 -0.56242794
v -0.06088065 0.19606486 -0.58588547
v -0.07043577 0.19219297 -0.59170091
v -0.07627881 0.18849866 -0.56709778
v -0.08378048 0.18249506 -0.57305586
v -0.08373230 0.18139246 -0.60546851
v -0.08426855 0.17021006 -0.61451167
v -0.09028895 0.16215059 -0.58939826
v -0.08803884 0.17422107 -0.57998902
v -0.08529964 0.14858484 -0.60318160
v -0.08008642 0.15844125 -0.62914789
v -0.07067017 0.14329556 -0.61111158
v -0.04362873 0.15224233 -0.59989077
v -0.04100250 0.15665919 -0.62887347
v -0.04922677 0.19513908 -0.58576322
v -0.04228801 0.18867117 -0.59311301
v -0.03849339 0.17915215 -0.57310462
v -0.04184933 0.18260890 -0.59978676
v -0.03617594 0.18071219 -0.63217402
v -0.03142671 0.17197877 -0.64287066
v -0.04489689 0.20008290 -0.60470778
v -0.04166884 0.19249228 -0.61615729
v -0.06471894 0.19667223 -0.61190152
v -0.05720642 0.20216984 -0.60251778
v -0.08182980 0.19003266 -0.62723726
v -0.07773970 0.18695116 -0.59811980
v -0.07346979 0.19330236 -0.61954337
v -0.08338073 0.18013862 -0.63762593
v -0.07733363 0.16917583 -0.65415621
v -0.03523277 0.16382703 -0.65598321
v -0.03996911 0.18787163 -0.62419987
v -0.08748133 0.21343112 -0.82946980
v -0.08203223 0.20997608 -0.83259797
v -0.08466223 0.20660847 -0.82978034
v -0.08808577 0.20911962 -0.82813299
v -0.06110439 0.19208843 -0.84475446
v -0.04939154 0.19007152 -0.84543884
v -0.05592194 0.18119967 -0.84369493
v -0.06356972 0.18329692 -0.84306073
v -0.07339491 0.20242155 -0.84161961
v -0.07962476 0.20608199 -0.83953953
v -0.07558048 0.20841879 -0.83825779
v -0.07171565 0.20584631 -0.83926094
v -0.09603043 0.22761899 -0.79990834
v -0.09981085 0.22997248 -0.79751039
v -0.09645469 0.23382610 -0.79673874
v -0.09412268 0.23151475 -0.79952598
v -0.08984476 0.21996695 -0.81881642
v -0.09334721 0.22400498 -0.81526649
v -0.09031485 0.22596270 -0.81519890
v -0.08743812 0.22458708 -0.81710565
v -0.06015292 0.18659484 -0.82149011
v -0.06403066 0.18406349 -0.83418608
v -0.05235770 0.18022144 -0.83502805
v -0.04846051 0.17922604 -0.82134897
v -0.04256469 0.18574518 -0.83540976
v -0.04636499 0.19384170 -0.83418548
v -0.04087421 0.19654453 -0.82228822
v -0.03811723 0.18718207 -0.82165158
v -0.05701640 0.19914156 -0.83408397
v -0.05251813 0.20189285 -0.82272911
v -0.06232280 0.19874591 -0.82206774
v -0.06822556 0.19539034 -0.83495533
v -0.07710777 0.20702046 -0.82043839
v -0.08217683 0.20788103 -0.83131015
v -0.08025555 0.19995779 -0.83113092
v -0.07605976 0.19927615 -0.81929928
v -0.07378989 0.19638640 -0.83353817
v -0.06746519 0.19375449 -0.82270414
v -0.06086117 0.20014173 -0.82506680
v -0.06645393 0.19872242 -0.83706582
v -0.06718545 0.20555991 -0.83425969
v -0.06149846 0.20707101 -0.82307613
v -0.06897350 0.21080315 -0.82166773
v -0.07427725 0.21040088 -0.83189815
v -0.08713447 0.20744938 -0.81151152
v -0.08797520 0.20903820 -0.82234418
v -0.08195142 0.20558280 -0.82449305
v -0.07910781 0.20319015 -0.81513715
v -0.07583836 0.20943159 -0.82802141
v -0.07853782 0.21477675 -0.82644731
v -0.07415585 0.21580267 -0.81746423
v -0.07272144 0.20934230 -0.81916738
v -0.08155747 0.21993208 -0.81431162
v -0.08387288 0.21837443 -0.82453233
v -0.08863145 0.21555984 -0.81291801
v -0.08974057 0.21560675 -0.82297337
v -0.09563057 0.22523665 -0.79873312
v -0.09504822 0.22507668 -0.80935574
v -0.09512740 0.21933055 -0.80901825
v -0.09576659 0.21718812 -0.79835284
v -0.09111534 0.21583277 -0.81124896
v -0.09021589 0.21385604 -0.80314481
v -0.08621889 0.21778303 -0.81368721
v -0.08465461 0.22486168 -0.81309140
v -0.08357039 0.22523010 -0.80540705
v -0.08577393 0.21704513 -0.80716032
v -0.08931451 0.22863322 -0.81032538
v -0.08903332 0.22931826 -0.80090463
v -0.10196722 0.22499537 -0.78204107
v -0.10042414 0.23081738 -0.78192937
v -0.10082108 0.23283118 -0.78981048
v -0.10121691 0.22758228 -0.78945619
v -0.09851351 0.22295016 -0.79321659
v -0.09817067 0.22165906 -0.78691602
v -0.09344932 0.22589058 -0.79509234
v -0.09075665 0.23258293 -0.79517460
v -0.09022002 0.23297238 -0.78972495
v -0.09425417 0.22609115 -0.78989053
v -0.09557612 0.23591393 -0.79218996
v -0.09469704 0.23502529 -0.78503835
v -0.04520687 0.18036038 -0.80759728
v -0.05894233 0.19107586 -0.80867541
v -0.05104682 0.19270378 -0.84152001
v -0.03429809 0.18992180 -0.80840367
v -0.05672985 0.19552606 -0.84143746
v -0.05185479 0.20622391 -0.81225848
v -0.03737575 0.20054615 -0.80959201
v -0.05858788 0.20011866 -0.81685305
v -0.08060111 0.20098341 -0.83779383
v -0.07156819 0.20871669 -0.81344914
v -0.06654799 0.21500903 -0.80817717
v -0.07682857 0.19883704 -0.83882415
v -0.07293421 0.19963533 -0.80481106
v -0.08351097 0.21057928 -0.79464650
v -0.08121243 0.21482301 -0.83076221
v -0.08389062 0.21705347 -0.82932597
v -0.07901275 0.22502738 -0.79936922
v -0.08656338 0.21617633 -0.80503279
v -0.09429303 0.21983230 -0.81443685
v -0.09510720 0.22487128 -0.79062903
v -0.08776312 0.23243928 -0.78775263
v -0.09222528 0.21802777 -0.81546998
v -0.09419270 0.21840340 -0.78234017
v -0.09997953 0.22687417 -0.79555094
v -0.10060114 0.22986817 -0.77161407
v -0.09374592 0.23537540 -0.77710354
v -0.09862635 0.22464806 -0.79726374
v -0.10150743 0.22283161 -0.77225327
v -0.04919503 0.14331177 -0.60975766
v -0.04740853 0.15030888 -0.63865680
v -0.05925757 0.14078367 -0.61541176
v -0.06724128 0.15258357 -0.63911235
v -0.05715757 0.14965165 -0.64390963
v -0.04539829 0.15897140 -0.66631407
v -0.06473917 0.16334197 -0.66583967
v -0.05554508 0.15931135 -0.67100042
v -0.08048118 0.20093441 -0.63731712
v -0.08527356 0.19412297 -0.65109593
v -0.06948848 0.20275179 -0.62948471
v -0.05258304 0.20925504 -0.61047852
v -0.06140403 0.20587495 -0.62006140
v -0.04214568 0.16670632 -0.69039828
v -0.03376769 0.17489201 -0.67706442
v -0.05527553 0.16667575 -0.69562811
v -0.06762235 0.17219478 -0.68890256
v -0.03797781 0.17902988 -0.79167223
v -0.03333670 0.18358994 -0.77182412
v -0.04954123 0.17906880 -0.77039766
v -0.05399221 0.18441898 -0.78960550
v -0.06338482 0.18728477 -0.76443958
v -0.06668164 0.19462103 -0.78491211
v -0.07542713 0.19669169 -0.75722277
v -0.07855348 0.20395845 -0.77676183
v -0.08603056 0.20568633 -0.74961352
v -0.08936554 0.21248573 -0.76731837
v -0.09585962 0.21565318 -0.74333227
v -0.09972951 0.21921903 -0.75961351
v -0.10105619 0.22698534 -0.74231917
v -0.10320532 0.22891903 -0.75865692
v -0.02716061 0.19184202 -0.79359972
v -0.02426520 0.19620442 -0.77457517
v -0.03128400 0.20578593 -0.79467565
v -0.02779183 0.21130872 -0.77596349
v -0.04494205 0.21203166 -0.79197061
v -0.04087755 0.21752334 -0.77318525
v -0.09183703 0.23675215 -0.74889004
v -0.09240194 0.23705977 -0.76512063
v -0.05884255 0.22030860 -0.78604031
v -0.05531111 0.22353166 -0.76733685
v -0.07082945 0.22885263 -0.77898359
v -0.06787910 0.23085791 -0.76108718
v -0.08140904 0.23507220 -0.77179581
v -0.07972324 0.23606157 -0.75492191
v -0.04321951 0.17595840 -0.74616057
v -0.06049857 0.17807829 -0.74210441
v -0.07309796 0.18729526 -0.73424393
v -0.08248860 0.19894236 -0.72726524
v -0.09041896 0.21315706 -0.72275484
v -0.09667514 0.22570497 -0.72230899
v -0.08181792 0.19382441 -0.69879282
v -0.08448911 0.21555376 -0.70008183
v -0.08896455 0.22897822 -0.70211470
v -0.08013691 0.22043401 -0.67787498
v -0.08126080 0.23320794 -0.68193644
v -0.06970921 0.23194665 -0.64377207
v -0.07150587 0.24700224 -0.64610964
v -0.07637215 0.23903167 -0.66200376
v -0.07486160 0.22597563 -0.65849411
v -0.07820965 0.20222139 -0.67542696
v -0.07645682 0.20899814 -0.65491450
v -0.07176152 0.21419334 -0.64151347
v -0.05655535 0.25066507 -0.62756062
v -0.06554832 0.25026459 -0.63466382
v -0.06494813 0.23557782 -0.63299429
v -0.05836730 0.23687637 -0.62373823
v -0.04415891 0.23720109 -0.61864638
v -0.04139709 0.24997431 -0.62467337
v -0.02998433 0.23301876 -0.62783396
v -0.02714969 0.24626338 -0.63182873
v -0.05984107 0.22006476 -0.62252110
v -0.06551135 0.21772403 -0.63211119
v -0.04887135 0.22099495 -0.61591572
v -0.03667089 0.21730304 -0.62429416
v -0.03464533 0.21163571 -0.63891613
v -0.02683650 0.22732961 -0.64381444
v -0.02223176 0.24033791 -0.64700902
v -0.03044653 0.18821043 -0.74912292
v -0.02625835 0.20057094 -0.75034833
v -0.07190274 0.17857659 -0.71045339
v -0.05745539 0.17018968 -0.71853745
v -0.03809804 0.17437828 -0.71532583
v -0.02717063 0.19266266 -0.72349072
v -0.02816935 0.20796996 -0.72538102
v -0.02839923 0.21588558 -0.70344597
v -0.02506661 0.20221108 -0.70103216
v -0.02996653 0.21301484 -0.75108159
v -0.03397445 0.21731424 -0.72555387
v -0.03371933 0.22432423 -0.70347989
v -0.02559097 0.22341520 -0.68528771
v -0.02421142 0.21048564 -0.68217802
v -0.02400804 0.22904235 -0.67116249
v -0.02607180 0.21622336 -0.66791642
v -0.02642113 0.22102779 -0.65682006
v -0.02217442 0.23397678 -0.65976679
v -0.03019728 0.20139027 -0.66065228
v -0.03254467 0.20593452 -0.65040451
v -0.02725075 0.19529790 -0.67471600
v -0.02867438 0.18588161 -0.69295168
v -0.08979571 0.23642594 -0.72846383
v -0.08461669 0.23751557 -0.70702434
v -0.07771932 0.24123007 -0.68602753
v -0.07221702 0.24832577 -0.66623628
v -0.06539303 0.25474012 -0.65087819
v -0.05934711 0.25754154 -0.64161962
v -0.03978492 0.25570309 -0.63273156
v -0.05153140 0.25789165 -0.63468051
v -0.02984932 0.25268108 -0.63817322
v -0.02562164 0.24876517 -0.65056872
v -0.02531499 0.24516886 -0.66202283
v -0.02952866 0.23291737 -0.68589413
v -0.02652155 0.24082607 -0.67362022
v -0.02896966 0.18278116 -0.66217625
v -0.03080961 0.18981069 -0.64871091
v -0.03559138 0.19624215 -0.63920009
v -0.04075381 0.20711645 -0.61644071
v -0.03878570 0.20077181 -0.63005483
v -0.04048526 0.22100657 -0.74924767
v -0.05455545 0.22639006 -0.74453205
v -0.06749383 0.23264635 -0.73914701
v -0.07910652 0.23664451 -0.73380041
v -0.07645677 0.23893303 -0.71176386
v -0.06622526 0.23620903 -0.71571940
v -0.05370253 0.23175532 -0.72029209
v -0.04207242 0.22457087 -0.72400606
v -0.07030912 0.24345452 -0.69070005
v -0.06123659 0.24157763 -0.69469309
v -0.05035016 0.23831761 -0.69785976
v -0.04051219 0.23210275 -0.70197821
v -0.03586932 0.24060339 -0.68419707
v -0.04439828 0.24607629 -0.67955637
v -0.05414830 0.24849665 -0.67643201
v -0.06317626 0.24990046 -0.67151713
v -0.05712368 0.25430936 -0.65690917
v -0.04875943 0.25268716 -0.66218603
v -0.03988811 0.25038230 -0.66582769
v -0.03291552 0.24685913 -0.67034727
v -0.05238366 0.25649315 -0.64865673
v -0.04008543 0.25672352 -0.64001411
v -0.04713333 0.25753099 -0.64261013
v -0.03321336 0.25605226 -0.64300919
v -0.03119028 0.25317419 -0.65177006
v -0.03155699 0.25045562 -0.66072088
v -0.03794445 0.25269336 -0.65770072
v -0.03674576 0.25432640 -0.65117991
v -0.04576725 0.25475818 -0.65398312
v -0.04289766 0.25572616 -0.64830554
v -0.03664406 0.25570846 -0.64598620
v -0.03971447 0.25646675 -0.64464033
v -0.07480291 0.18261147 -0.67403805
v -0.06111534 0.01635624 -0.37636197
v -0.04874263 0.02020237 -0.37093055
v -0.07484819 0.01357169 -0.37680107
v -0.11130099 -0.19519655 -0.06735733
v -0.05611469 -0.30514833 -0.03766367
v -0.06280493 -0.33286613 -0.04215791
v -0.05870258 -0.31811926 -0.03886105
v -0.11242633 -0.18797077 -0.08591884
v -0.10340254 -0.35842460 -0.01285402
v -0.09916800 -0.47977799 -0.09987761
v -0.09947759 -0.76066160 -0.07385571
v -0.09747189 -0.75759745 -0.07367866
v -0.09550967 -0.75526488 -0.07195947
v -0.09472241 -0.75279868 -0.06997092
v -0.09359193 -0.75119436 -0.06744713
v -0.09129786 -0.75139087 -0.06485558
v -0.09699212 -0.75620091 -0.06927554
v -0.09400125 -0.75853431 -0.06736425
v -0.09466669 -0.76029146 -0.06845446
v -0.09743269 -0.75831574 -0.07073628
f 2 3 1
f 1 3 4
f 3 2 5
f 5 2 6
f 3 7 4
f 4 7 8
f 10 11 9
f 9 11 12
f 14 15 13
f 13 15 16
f 18 19 17
f 17 19 20
f 22 23 21
f 21 23 24
f 26 18 25
f 25 18 17
f 27 28 17
f 17 28 25
f 30 31 29
f 29 31 32
f 34 35 33
f 33 35 36
f 21 24 37
f 37 24 38
f 40 31 39
f 39 31 38
f 34 33 28
f 28 33 25
f 41 42 44
f 44 42 43
f 36 45 33
f 33 45 25
f 46 47 49
f 49 47 48
f 51 52 50
f 50 52 53
f 55 53 54
f 54 53 52
f 57 58 56
f 56 58 59
f 61 62 60
f 60 62 63
f 65 66 64
f 64 66 67
f 69 70 68
f 68 70 71
f 65 73 72
f 72 73 74
f 64 75 65
f 65 75 73
f 77 78 76
f 76 78 79
f 80 81 83
f 83 81 82
f 81 85 84
f 84 85 86
f 88 89 87
f 87 89 69
f 88 87 90
f 90 87 91
f 93 94 92
f 92 94 95
f 96 84 43
f 43 84 44
f 51 98 97
f 97 98 86
f 97 99 51
f 51 99 52
f 54 52 100
f 100 52 99
f 58 101 59
f 59 101 102
f 62 103 63
f 63 103 104
f 105 106 6
f 6 106 5
f 108 109 107
f 107 109 110
f 112 113 111
f 111 113 114
f 116 117 115
f 115 117 118
f 120 121 119
f 119 121 122
f 124 125 123
f 123 125 126
f 128 129 127
f 127 129 130
f 130 131 127
f 127 131 132
f 134 1 133
f 133 1 135
f 1 4 135
f 135 4 136
f 4 8 136
f 136 8 137
f 138 139 15
f 15 139 140
f 140 139 141
f 141 139 142
f 144 57 143
f 143 57 56
f 145 146 141
f 141 146 147
f 146 149 148
f 148 149 150
f 152 153 151
f 151 153 154
f 141 147 140
f 140 147 155
f 157 11 156
f 156 11 158
f 160 161 159
f 159 161 162
f 164 165 163
f 163 165 166
f 165 160 166
f 166 160 159
f 168 169 167
f 167 169 170
f 169 171 170
f 170 171 172
f 149 173 150
f 150 173 174
f 175 176 149
f 149 176 173
f 178 172 177
f 177 172 171
f 180 181 179
f 179 181 182
f 184 180 183
f 183 180 179
f 186 187 185
f 185 187 188
f 190 191 189
f 189 191 192
f 7 193 8
f 8 193 194
f 196 162 195
f 195 162 161
f 197 168 198
f 198 168 167
f 181 199 182
f 182 199 200
f 202 203 201
f 201 203 204
f 187 186 205
f 205 186 206
f 208 209 207
f 207 209 210
f 212 213 211
f 211 213 214
f 215 216 218
f 218 216 217
f 220 209 219
f 219 209 208
f 204 186 221
f 221 186 185
f 201 204 222
f 222 204 221
f 223 211 220
f 220 211 209
f 224 225 214
f 214 225 210
f 203 206 204
f 204 206 186
f 227 187 226
f 226 187 205
f 27 228 21
f 21 228 22
f 230 231 229
f 229 231 232
f 234 235 233
f 233 235 236
f 238 239 237
f 237 239 240
f 119 122 118
f 118 122 115
f 112 242 241
f 241 242 243
f 98 51 244
f 244 51 50
f 245 138 14
f 14 138 15
f 11 10 158
f 158 10 246
f 89 85 69
f 69 85 70
f 11 157 12
f 12 157 247
f 249 164 248
f 248 164 163
f 177 250 178
f 178 250 251
f 253 254 252
f 252 254 255
f 187 227 188
f 188 227 256
f 212 257 213
f 213 257 258
f 260 134 259
f 259 134 133
f 165 164 135
f 135 164 133
f 160 165 136
f 136 165 135
f 136 137 160
f 160 137 161
f 137 261 161
f 161 261 195
f 263 264 262
f 262 264 265
f 13 16 266
f 266 16 267
f 268 267 155
f 155 267 16
f 147 269 155
f 155 269 268
f 162 196 167
f 167 196 198
f 167 170 162
f 162 170 159
f 170 172 159
f 159 172 166
f 172 178 166
f 166 178 163
f 178 251 163
f 163 251 248
f 168 270 169
f 169 270 271
f 272 273 171
f 171 273 177
f 271 272 169
f 169 272 171
f 168 197 270
f 270 197 274
f 250 177 275
f 275 177 273
f 277 45 276
f 276 45 278
f 280 281 279
f 279 281 282
f 284 104 283
f 283 104 103
f 285 215 286
f 286 215 218
f 288 289 287
f 287 289 290
f 291 80 66
f 66 80 83
f 293 294 292
f 292 294 295
f 73 91 74
f 74 91 87
f 91 73 92
f 92 73 75
f 279 77 280
f 280 77 76
f 80 291 70
f 70 291 71
f 277 47 96
f 96 47 82
f 297 175 296
f 296 175 149
f 299 154 298
f 298 154 153
f 225 300 210
f 210 300 207
f 224 301 206
f 206 301 205
f 210 209 214
f 214 209 211
f 226 205 302
f 302 205 301
f 304 305 303
f 303 305 306
f 308 309 307
f 307 309 310
f 72 291 65
f 65 291 66
f 66 83 67
f 67 83 46
f 312 313 311
f 311 313 314
f 316 317 315
f 315 317 36
f 29 318 35
f 35 318 319
f 321 32 320
f 320 32 322
f 311 314 323
f 323 314 324
f 315 325 316
f 316 325 326
f 318 287 319
f 319 287 290
f 328 321 327
f 327 321 320
f 329 330 39
f 39 330 331
f 332 333 40
f 40 333 322
f 309 334 285
f 285 334 335
f 236 2 134
f 134 2 1
f 260 336 233
f 233 336 337
f 237 14 265
f 265 14 13
f 84 86 44
f 44 86 98
f 189 192 7
f 7 192 193
f 44 98 41
f 41 98 244
f 237 240 14
f 14 240 245
f 7 3 189
f 189 3 5
f 338 71 72
f 72 71 291
f 262 265 266
f 266 265 13
f 124 123 339
f 339 123 105
f 123 109 105
f 105 109 106
f 189 5 190
f 190 5 106
f 111 114 12
f 12 114 9
f 264 340 265
f 265 340 237
f 342 343 341
f 341 343 344
f 6 235 105
f 105 235 339
f 234 346 345
f 345 346 347
f 349 350 348
f 348 350 351
f 107 352 108
f 108 352 353
f 355 356 354
f 354 356 357
f 237 340 238
f 238 340 358
f 12 247 111
f 111 247 359
f 264 263 116
f 116 263 360
f 361 362 222
f 222 362 201
f 364 365 363
f 363 365 366
f 368 369 367
f 367 369 370
f 372 373 371
f 371 373 374
f 375 376 372
f 372 376 377
f 378 379 381
f 381 379 380
f 382 383 269
f 269 383 268
f 150 174 365
f 365 174 384
f 380 377 381
f 381 377 376
f 271 270 180
f 180 270 181
f 273 272 252
f 252 272 184
f 272 271 184
f 184 271 180
f 181 270 274
f 252 255 273
f 273 255 275
f 254 385 255
f 255 385 386
f 387 388 179
f 179 388 183
f 389 387 182
f 182 387 179
f 182 200 389
f 389 200 390
f 388 391 183
f 183 391 253
f 391 392 253
f 253 392 254
f 394 379 393
f 393 379 378
f 185 188 395
f 395 188 396
f 221 185 397
f 397 185 395
f 222 221 398
f 398 221 397
f 188 256 396
f 396 256 399
f 400 401 256
f 256 401 399
f 402 403 405
f 405 403 404
f 148 150 364
f 364 150 365
f 393 406 394
f 394 406 407
f 158 246 393
f 393 246 406
f 342 19 238
f 238 19 239
f 23 22 350
f 350 22 354
f 244 50 245
f 245 50 138
f 55 142 53
f 53 142 139
f 145 144 296
f 296 144 143
f 355 228 341
f 341 228 20
f 41 240 42
f 42 240 239
f 283 308 284
f 284 308 307
f 349 409 408
f 408 409 410
f 244 245 41
f 41 245 240
f 268 383 406
f 406 383 407
f 346 411 349
f 349 411 409
f 251 412 248
f 248 412 413
f 275 414 250
f 250 414 415
f 25 45 26
f 26 45 277
f 43 26 96
f 96 26 277
f 416 417 61
f 61 417 62
f 329 24 408
f 408 24 23
f 31 40 32
f 32 40 322
f 39 38 329
f 329 38 24
f 37 38 30
f 30 38 31
f 418 419 421
f 421 419 420
f 78 295 79
f 79 295 294
f 124 339 422
f 422 339 345
f 232 131 357
f 357 131 351
f 2 236 6
f 6 236 235
f 252 184 253
f 253 184 183
f 227 423 256
f 256 423 400
f 423 227 305
f 305 227 226
f 424 258 425
f 425 258 257
f 426 427 212
f 212 427 257
f 259 133 249
f 249 133 164
f 419 418 428
f 428 418 429
f 327 430 328
f 328 430 288
f 49 431 46
f 46 431 67
f 306 302 424
f 424 302 258
f 313 432 314
f 314 432 433
f 32 321 29
f 29 321 318
f 324 314 433
f 287 318 328
f 328 318 321
f 134 260 236
f 236 260 233
f 345 339 234
f 234 339 235
f 357 351 354
f 354 351 350
f 408 23 349
f 349 23 350
f 317 278 36
f 36 278 45
f 432 313 429
f 429 313 428
f 435 428 434
f 434 428 313
f 42 239 18
f 18 239 19
f 43 42 26
f 26 42 18
f 121 120 436
f 436 120 437
f 302 301 258
f 258 301 213
f 110 109 126
f 126 109 123
f 238 358 342
f 342 358 343
f 341 20 342
f 342 20 19
f 322 438 320
f 320 438 439
f 320 439 327
f 327 439 430
f 333 440 322
f 322 440 438
f 289 288 323
f 323 288 430
f 115 340 116
f 116 340 264
f 146 145 149
f 149 145 296
f 15 140 16
f 16 140 155
f 441 442 152
f 152 442 153
f 225 224 203
f 203 224 206
f 175 297 154
f 154 297 151
f 293 443 294
f 294 443 444
f 248 413 249
f 249 413 445
f 446 447 400
f 400 447 401
f 388 387 396
f 396 387 395
f 387 389 395
f 395 389 397
f 391 388 399
f 399 388 396
f 401 392 399
f 399 392 391
f 255 386 275
f 275 386 414
f 449 450 448
f 448 450 451
f 335 452 285
f 285 452 215
f 453 298 442
f 442 298 153
f 211 223 212
f 212 223 426
f 425 257 454
f 454 257 427
f 266 10 262
f 262 10 9
f 360 113 456
f 456 113 455
f 8 194 137
f 137 194 261
f 10 266 246
f 246 266 267
f 203 202 225
f 225 202 300
f 262 9 263
f 263 9 114
f 108 353 190
f 190 353 191
f 389 390 397
f 397 390 398
f 457 422 128
f 128 422 129
f 156 158 378
f 378 158 393
f 347 346 348
f 348 346 349
f 447 458 401
f 401 458 392
f 364 382 148
f 148 382 269
f 55 54 57
f 57 54 58
f 75 64 459
f 459 64 460
f 100 90 101
f 101 90 95
f 101 58 100
f 100 58 54
f 142 55 144
f 144 55 57
f 147 146 269
f 269 146 148
f 459 93 75
f 75 93 92
f 144 145 142
f 142 145 141
f 228 27 20
f 20 27 17
f 154 299 175
f 175 299 176
f 214 213 224
f 224 213 301
f 424 461 306
f 306 461 303
f 285 286 309
f 309 286 310
f 462 334 308
f 308 334 309
f 302 306 226
f 226 306 305
f 37 28 21
f 21 28 27
f 29 35 30
f 30 35 34
f 30 34 37
f 37 34 28
f 344 436 356
f 356 436 229
f 325 290 326
f 326 290 289
f 311 439 312
f 312 439 438
f 35 319 36
f 36 319 315
f 439 311 430
f 430 311 323
f 315 319 325
f 325 319 290
f 440 463 438
f 438 463 312
f 341 344 355
f 355 344 356
f 360 456 116
f 116 456 117
f 354 22 355
f 355 22 228
f 326 289 324
f 324 289 323
f 74 87 68
f 68 87 69
f 50 53 138
f 138 53 139
f 268 406 267
f 267 406 246
f 190 106 108
f 108 106 109
f 241 455 112
f 112 455 113
f 358 122 343
f 343 122 121
f 129 347 130
f 130 347 348
f 348 351 130
f 130 351 131
f 229 232 356
f 356 232 357
f 340 115 358
f 358 115 122
f 111 359 112
f 112 359 242
f 125 124 457
f 457 124 422
f 231 132 232
f 232 132 131
f 343 121 344
f 344 121 436
f 263 114 360
f 360 114 113
f 347 129 345
f 345 129 422
f 230 229 437
f 437 229 436
f 464 446 423
f 423 446 400
f 465 466 468
f 468 466 467
f 470 471 469
f 469 471 472
f 469 472 373
f 373 472 374
f 474 469 473
f 473 469 373
f 471 475 472
f 472 475 476
f 472 477 374
f 374 477 478
f 477 472 476
f 479 480 476
f 476 480 477
f 473 373 377
f 377 373 372
f 481 482 479
f 479 482 480
f 483 484 481
f 481 484 482
f 403 402 485
f 485 402 486
f 487 488 483
f 483 488 484
f 487 489 488
f 488 489 490
f 489 491 490
f 490 491 492
f 491 493 492
f 492 493 494
f 493 495 494
f 494 495 496
f 497 498 481
f 481 498 483
f 484 499 482
f 482 499 367
f 370 480 367
f 367 480 482
f 480 370 477
f 477 370 478
f 500 497 479
f 479 497 481
f 451 473 380
f 380 473 377
f 448 451 379
f 379 451 380
f 501 502 504
f 504 502 503
f 449 505 507
f 507 505 506
f 486 508 505
f 505 508 506
f 508 509 506
f 506 509 510
f 511 507 510
f 510 507 506
f 509 508 512
f 512 508 513
f 515 509 514
f 514 509 512
f 509 515 510
f 510 515 516
f 510 516 511
f 511 516 517
f 486 505 485
f 485 505 518
f 505 449 518
f 518 449 448
f 383 382 403
f 403 382 404
f 363 404 364
f 364 404 382
f 403 485 383
f 383 485 407
f 519 520 361
f 361 520 362
f 522 496 521
f 521 496 495
f 450 474 451
f 451 474 473
f 363 366 523
f 523 366 524
f 525 499 488
f 488 499 484
f 488 490 525
f 525 490 526
f 496 522 520
f 520 522 527
f 494 496 519
f 519 496 520
f 492 494 528
f 528 494 519
f 529 530 495
f 495 530 521
f 490 492 526
f 526 492 528
f 529 495 531
f 531 495 493
f 533 534 532
f 532 534 535
f 523 524 533
f 533 524 534
f 486 402 532
f 532 402 533
f 529 536 530
f 530 536 537
f 536 538 537
f 537 538 539
f 540 541 539
f 539 541 537
f 530 537 535
f 535 537 541
f 542 539 543
f 543 539 538
f 539 542 540
f 540 542 544
f 541 540 513
f 513 540 512
f 540 544 512
f 512 544 514
f 546 547 545
f 545 547 548
f 549 550 531
f 531 550 551
f 550 549 552
f 552 549 553
f 546 550 554
f 554 550 552
f 547 546 555
f 555 546 554
f 498 556 558
f 558 556 557
f 559 557 560
f 560 557 556
f 561 562 560
f 560 562 559
f 557 559 552
f 552 559 554
f 559 562 554
f 554 562 555
f 558 557 553
f 553 557 552
f 475 471 563
f 563 471 564
f 565 563 567
f 567 563 566
f 471 470 564
f 564 470 466
f 564 466 568
f 568 466 465
f 568 465 569
f 569 465 570
f 572 573 571
f 571 573 574
f 569 575 567
f 567 575 576
f 577 565 576
f 576 565 567
f 578 579 581
f 581 579 580
f 575 561 576
f 576 561 560
f 556 577 560
f 560 577 576
f 577 556 497
f 497 556 498
f 565 577 500
f 500 577 497
f 563 565 475
f 475 565 500
f 553 489 558
f 558 489 487
f 531 493 549
f 549 493 491
f 489 553 491
f 491 553 549
f 394 407 518
f 518 407 485
f 518 448 394
f 394 448 379
f 545 548 538
f 538 548 543
f 551 545 536
f 536 545 538
f 536 529 551
f 551 529 531
f 507 582 449
f 449 582 450
f 511 583 507
f 507 583 582
f 511 517 583
f 583 517 584
f 585 586 588
f 588 586 587
f 590 591 589
f 589 591 592
f 591 590 593
f 593 590 594
f 596 597 595
f 595 597 598
f 599 600 602
f 602 600 601
f 604 605 603
f 603 605 606
f 608 609 607
f 607 609 610
f 612 613 611
f 611 613 614
f 615 616 618
f 618 616 617
f 620 621 619
f 619 621 622
f 624 625 623
f 623 625 626
f 628 629 627
f 627 629 630
f 632 633 631
f 631 633 634
f 635 636 638
f 638 636 637
f 639 640 642
f 642 640 641
f 644 645 643
f 643 645 646
f 619 622 647
f 647 622 648
f 650 651 649
f 649 651 652
f 601 653 602
f 602 653 654
f 656 657 655
f 655 657 658
f 660 661 659
f 659 661 662
f 664 665 663
f 663 665 666
f 593 594 667
f 667 594 668
f 669 670 672
f 672 670 671
f 673 674 676
f 676 674 675
f 633 632 677
f 677 632 678
f 663 666 679
f 679 666 680
f 681 682 684
f 684 682 683
f 686 687 685
f 685 687 688
f 690 661 689
f 689 661 691
f 693 686 692
f 692 686 685
f 695 597 694
f 694 597 668
f 594 696 668
f 668 696 694
f 697 698 696
f 696 698 699
f 700 701 697
f 697 701 698
f 702 585 703
f 703 585 588
f 671 690 672
f 672 690 689
f 640 639 704
f 704 639 705
f 679 706 663
f 663 706 658
f 708 709 707
f 707 709 710
f 711 712 610
f 610 712 607
f 713 714 716
f 716 714 715
f 717 718 720
f 720 718 719
f 722 634 721
f 721 634 633
f 724 725 723
f 723 725 726
f 728 729 727
f 727 729 730
f 732 733 731
f 731 733 734
f 707 710 735
f 735 710 736
f 643 737 644
f 644 737 738
f 740 741 739
f 739 741 742
f 608 744 743
f 743 744 745
f 747 748 746
f 746 748 749
f 751 752 750
f 750 752 753
f 754 755 757
f 757 755 756
f 758 759 761
f 761 759 760
f 763 764 762
f 762 764 765
f 767 768 766
f 766 768 769
f 771 772 770
f 770 772 773
f 775 776 774
f 774 776 777
f 779 780 778
f 778 780 781
f 783 712 782
f 782 712 784
f 785 786 788
f 788 786 787
f 790 628 789
f 789 628 627
f 792 793 791
f 791 793 794
f 795 796 726
f 726 796 723
f 798 799 797
f 797 799 800
f 721 633 801
f 801 633 677
f 797 800 802
f 802 800 803
f 805 806 804
f 804 806 807
f 809 810 808
f 808 810 811
f 813 814 812
f 812 814 815
f 809 808 817
f 817 808 816
f 818 819 804
f 804 819 805
f 820 821 818
f 818 821 819
f 821 820 587
f 587 820 822
f 809 823 810
f 810 823 824
f 814 807 815
f 815 807 806
f 826 426 825
f 825 426 223
f 426 826 427
f 427 826 827
f 828 829 454
f 454 829 830
f 831 832 677
f 677 832 801
f 834 835 833
f 833 835 836
f 838 839 837
f 837 839 840
f 841 842 844
f 844 842 843
f 845 846 803
f 803 846 802
f 847 831 678
f 678 831 677
f 848 849 851
f 851 849 850
f 853 854 852
f 852 854 855
f 857 858 856
f 856 858 680
f 860 861 859
f 859 861 862
f 864 865 863
f 863 865 866
f 868 869 867
f 867 869 870
f 839 871 840
f 840 871 872
f 849 848 874
f 874 848 873
f 876 877 875
f 875 877 878
f 880 881 879
f 879 881 882
f 883 884 886
f 886 884 885
f 846 887 802
f 802 887 888
f 890 891 889
f 889 891 888
f 893 894 892
f 892 894 895
f 896 897 728
f 728 897 729
f 899 900 898
f 898 900 901
f 902 852 904
f 904 852 903
f 849 905 850
f 850 905 906
f 875 878 907
f 907 878 908
f 910 911 909
f 909 911 912
f 914 915 913
f 913 915 916
f 917 918 862
f 862 918 859
f 919 920 856
f 856 920 921
f 923 924 922
f 922 924 925
f 926 927 925
f 925 927 922
f 929 930 928
f 928 930 693
f 932 695 931
f 931 695 694
f 823 867 824
f 824 867 933
f 935 936 934
f 934 936 937
f 938 868 823
f 823 868 867
f 940 847 939
f 939 847 678
f 632 655 678
f 678 655 939
f 941 942 619
f 619 942 620
f 687 943 688
f 688 943 944
f 851 850 945
f 945 850 903
f 850 906 903
f 903 906 904
f 946 947 949
f 949 947 948
f 951 952 950
f 950 952 953
f 955 956 954
f 954 956 957
f 907 958 875
f 875 958 874
f 960 961 959
f 959 961 962
f 963 853 902
f 902 853 852
f 909 964 910
f 910 964 965
f 967 968 966
f 966 968 969
f 971 972 970
f 970 972 973
f 974 960 975
f 975 960 959
f 977 978 976
f 976 978 979
f 981 977 980
f 980 977 976
f 980 982 981
f 981 982 983
f 985 983 984
f 984 983 982
f 984 986 985
f 985 986 987
f 989 990 988
f 988 990 991
f 993 994 992
f 992 994 995
f 997 998 996
f 996 998 999
f 1001 1002 1000
f 1000 1002 1003
f 1005 1006 1004
f 1004 1006 1007
f 1004 1008 1005
f 1005 1008 1009
f 1008 1010 1009
f 1009 1010 1011
f 1013 1011 1012
f 1012 1011 1010
f 1014 1015 1017
f 1017 1015 1016
f 1019 1020 1018
f 1018 1020 1021
f 1022 1023 976
f 976 1023 980
f 1024 1025 982
f 982 1025 984
f 992 995 1026
f 1026 995 1027
f 956 955 1028
f 1028 955 1029
f 1030 1031 1033
f 1033 1031 1032
f 1010 1008 1034
f 1034 1008 1035
f 1008 1004 1035
f 1035 1004 1036
f 1037 1038 1002
f 1002 1038 1007
f 1002 1001 1037
f 1037 1001 1039
f 1040 1041 997
f 997 1041 998
f 1015 1014 1043
f 1043 1014 1042
f 1044 1045 1047
f 1047 1045 1046
f 1044 1020 1048
f 1048 1020 1049
f 1050 1051 1003
f 1003 1051 1000
f 1052 1050 1006
f 1006 1050 1003
f 1053 1054 1011
f 1011 1054 1009
f 1013 1045 1055
f 1055 1045 1056
f 1058 1059 1057
f 1057 1059 1060
f 1062 1063 1061
f 1061 1063 1064
f 1065 1066 1050
f 1050 1066 1051
f 1067 1065 1052
f 1052 1065 1050
f 1068 1069 1054
f 1054 1069 1070
f 1071 1068 1053
f 1053 1068 1054
f 1073 1071 1072
f 1072 1071 1074
f 1074 1071 1055
f 1055 1071 1053
f 1076 1077 1075
f 1075 1077 1078
f 1079 1080 1057
f 1057 1080 1058
f 1081 1082 1064
f 1064 1082 1061
f 1084 1085 1083
f 1083 1085 1086
f 1088 1089 1087
f 1087 1089 1090
f 1092 1093 1091
f 1091 1093 1094
f 1096 1097 1095
f 1095 1097 1098
f 1099 1100 1102
f 1102 1100 1101
f 1103 1104 1099
f 1099 1104 1100
f 1106 1107 1105
f 1105 1107 1108
f 1110 1111 1109
f 1109 1111 1112
f 1114 1115 1113
f 1113 1115 1116
f 1118 1119 1117
f 1117 1119 1077
f 1117 1120 1122
f 1122 1120 1121
f 1105 1123 1106
f 1106 1123 1124
f 1125 1126 1128
f 1128 1126 1127
f 1130 1131 1129
f 1129 1131 1132
f 1134 1135 1133
f 1133 1135 1114
f 1113 1136 1114
f 1114 1136 1133
f 1118 1137 1113
f 1113 1137 1136
f 1118 1117 1137
f 1137 1117 1122
f 1139 1140 1138
f 1138 1140 1141
f 1143 953 1142
f 1142 953 952
f 1145 957 1144
f 1144 957 956
f 1028 1146 956
f 956 1146 1144
f 1014 1147 1042
f 1042 1147 1148
f 1014 1017 1147
f 1147 1017 1149
f 1059 1058 1150
f 1150 1058 1151
f 1153 1080 1152
f 1152 1080 1154
f 1156 1088 1155
f 1155 1088 1087
f 1157 1158 1106
f 1106 1158 1107
f 1106 1124 1157
f 1157 1124 1159
f 1161 1162 1160
f 1160 1162 1163
f 1165 1166 1164
f 1164 1166 1167
f 1168 1031 1012
f 1012 1031 1046
f 1024 1023 1035
f 1035 1023 1034
f 1036 1038 1025
f 1025 1038 1169
f 1170 1171 1039
f 1039 1171 1037
f 1028 1029 1042
f 1042 1029 1043
f 1172 1173 1175
f 1175 1173 1174
f 1055 1053 1013
f 1013 1053 1011
f 1005 1009 1070
f 1070 1009 1054
f 996 999 1062
f 1062 999 1063
f 1016 1060 1017
f 1017 1060 1059
f 1017 1059 1149
f 1149 1059 1150
f 1177 1178 1176
f 1176 1178 1103
f 1176 1072 1179
f 1179 1072 1074
f 1073 1102 1086
f 1086 1102 1083
f 1180 1181 1067
f 1067 1181 1065
f 1182 1183 1184
f 1184 1183 1181
f 1186 1187 1185
f 1185 1187 1188
f 1189 1190 798
f 798 1190 799
f 1192 1193 1191
f 1191 1193 1194
f 1195 1196 1194
f 1194 1196 1191
f 1196 1195 1198
f 1198 1195 1197
f 1200 674 1199
f 1199 674 673
f 928 1201 1203
f 1203 1201 1202
f 861 1204 862
f 862 1204 921
f 1205 1206 913
f 913 1206 1207
f 882 1208 879
f 879 1208 1209
f 1210 1211 1167
f 1167 1211 1164
f 1212 769 1213
f 1213 769 768
f 727 1214 728
f 728 1214 1215
f 1217 1218 1216
f 1216 1218 1219
f 1220 813 1221
f 1221 813 812
f 827 828 427
f 427 828 454
f 1223 1224 1222
f 1222 1224 1165
f 1226 1227 1225
f 1225 1227 1228
f 851 1229 848
f 848 1229 1230
f 834 854 835
f 835 854 1231
f 1233 1234 1232
f 1232 1234 1235
f 1237 751 1236
f 1236 751 750
f 743 819 1238
f 1238 819 821
f 1240 1241 1239
f 1239 1241 1242
f 1244 1245 1243
f 1243 1245 1246
f 844 1247 841
f 841 1247 1248
f 1250 1251 1249
f 1249 1251 1252
f 1254 893 1253
f 1253 893 1237
f 1255 1256 1258
f 1258 1256 1257
f 1260 1261 1259
f 1259 1261 1262
f 945 903 855
f 855 903 852
f 855 1263 945
f 945 1263 1264
f 832 845 801
f 801 845 803
f 800 721 803
f 803 721 801
f 721 800 722
f 722 800 799
f 1266 1267 1265
f 1265 1267 1268
f 1270 795 1269
f 1269 795 726
f 725 1271 726
f 726 1271 1269
f 737 765 738
f 738 765 764
f 759 740 760
f 760 740 739
f 717 1272 1274
f 1274 1272 1273
f 1163 1226 1275
f 1275 1226 1225
f 1277 882 1276
f 1276 882 881
f 1041 1040 1027
f 1027 1040 1026
f 900 935 901
f 901 935 934
f 1164 1278 1165
f 1165 1278 1222
f 1211 1279 1164
f 1164 1279 1278
f 442 1280 453
f 453 1280 1281
f 788 1282 785
f 785 1282 1283
f 1285 1286 1284
f 1284 1286 1287
f 1284 1288 1285
f 1285 1288 1289
f 757 1289 754
f 754 1289 1288
f 605 604 675
f 675 604 676
f 1290 1291 1293
f 1293 1291 1292
f 1295 1296 1294
f 1294 1296 1297
f 696 699 694
f 694 699 931
f 1298 1299 592
f 592 1299 589
f 1299 1300 589
f 589 1300 700
f 1300 1301 700
f 700 1301 701
f 743 745 819
f 819 745 805
f 1303 1304 1302
f 1302 1304 1305
f 1306 1307 1305
f 1305 1307 1302
f 609 1298 610
f 610 1298 592
f 587 822 588
f 588 822 1308
f 703 588 1309
f 1309 588 1308
f 1310 703 571
f 571 703 1309
f 1311 1312 789
f 789 1312 790
f 825 223 1313
f 1313 223 220
f 219 1314 220
f 220 1314 1313
f 1315 1316 1311
f 1311 1316 1312
f 1317 1318 1319
f 1319 1318 1241
f 441 1320 442
f 442 1320 1280
f 1321 217 572
f 572 217 216
f 1323 1230 1322
f 1322 1230 1229
f 1324 1325 631
f 631 1325 656
f 1034 1168 1010
f 1010 1168 1012
f 1327 1328 1326
f 1326 1328 1329
f 1331 1202 1330
f 1330 1202 1201
f 571 1309 572
f 572 1309 1321
f 573 572 1332
f 1332 572 216
f 1334 1335 1333
f 1333 1335 1336
f 1337 1338 918
f 918 1338 859
f 1339 863 1340
f 1340 863 866
f 1341 1342 1344
f 1344 1342 1343
f 1345 1346 919
f 919 1346 920
f 1347 1348 673
f 673 1348 1199
f 693 1349 928
f 928 1349 1201
f 1351 1257 1350
f 1350 1257 1256
f 1350 1352 1351
f 1351 1352 1353
f 653 930 654
f 654 930 662
f 1279 1354 1278
f 1278 1354 1355
f 1357 1358 1356
f 1356 1358 1359
f 937 1360 1140
f 1140 1360 1361
f 1225 1228 909
f 909 1228 964
f 901 934 1362
f 1362 934 1139
f 1364 1365 1363
f 1363 1365 1362
f 1367 912 1366
f 1366 912 911
f 1143 1142 1368
f 1368 1142 1369
f 1144 1186 1145
f 1145 1186 1185
f 1146 1175 1144
f 1144 1175 1186
f 1175 1146 1172
f 1172 1146 1148
f 1147 1018 1148
f 1148 1018 1172
f 1018 1147 1019
f 1019 1147 1149
f 1149 1150 1019
f 1019 1150 1370
f 1150 1151 1370
f 1370 1151 1371
f 1151 1153 1371
f 1371 1153 1177
f 1152 1156 1178
f 1178 1156 1372
f 1155 1158 1373
f 1373 1158 1374
f 1157 1159 1376
f 1376 1159 1375
f 1378 1379 1377
f 1377 1379 1380
f 1382 1383 1381
f 1381 1383 1384
f 1382 1386 1385
f 1385 1386 1387
f 1386 1233 1387
f 1387 1233 1232
f 1389 1390 1388
f 1388 1390 1391
f 1393 1394 1392
f 1392 1394 1395
f 1397 1398 1396
f 1396 1398 1399
f 629 1397 630
f 630 1397 1396
f 1342 1400 1343
f 1343 1400 1401
f 1403 1404 1402
f 1402 1404 1405
f 1407 1408 1406
f 1406 1408 1409
f 1411 1412 1410
f 1410 1412 1413
f 793 1414 794
f 794 1414 1415
f 1417 1341 1416
f 1416 1341 1344
f 704 705 1347
f 1347 705 1418
f 741 1419 742
f 742 1419 1420
f 1422 669 1421
f 1421 669 672
f 645 1423 646
f 646 1423 1424
f 1196 1198 614
f 614 1198 611
f 613 1425 614
f 614 1425 1426
f 1427 616 659
f 659 616 660
f 614 1426 1196
f 1196 1426 1191
f 696 594 697
f 697 594 590
f 697 590 700
f 700 590 589
f 703 1310 702
f 702 1310 1428
f 1421 672 1192
f 1192 672 689
f 1271 648 1269
f 1269 648 622
f 621 1270 622
f 622 1270 1269
f 1429 1430 1417
f 1417 1430 1341
f 1431 1432 1434
f 1434 1432 1433
f 1436 1437 1435
f 1435 1437 1438
f 1440 1441 1439
f 1439 1441 1442
f 1443 1444 1446
f 1446 1444 1445
f 823 809 938
f 938 809 817
f 810 1447 811
f 811 1447 1448
f 1449 1450 679
f 679 1450 706
f 913 916 1205
f 1205 916 1451
f 1275 1225 912
f 912 1225 909
f 1452 1453 880
f 880 1453 881
f 1444 1401 1445
f 1445 1401 1400
f 936 1454 937
f 937 1454 1360
f 824 1455 810
f 810 1455 1447
f 631 656 632
f 632 656 655
f 966 1456 967
f 967 1456 1457
f 1459 1460 1458
f 1458 1460 1461
f 1460 1462 1461
f 1461 1462 1463
f 972 974 973
f 973 974 975
f 990 995 991
f 991 995 994
f 1464 1187 1033
f 1033 1187 1174
f 1018 1021 1172
f 1172 1021 1173
f 1000 999 1001
f 1001 999 998
f 976 979 1022
f 1022 979 1032
f 1023 1024 980
f 980 1024 982
f 989 986 1171
f 1171 986 1169
f 1171 1170 989
f 989 1170 990
f 1170 1027 990
f 990 1027 995
f 1041 1039 998
f 998 1039 1001
f 1051 1063 1000
f 1000 1063 999
f 1066 1064 1051
f 1051 1064 1063
f 1183 1081 1066
f 1066 1081 1064
f 1178 1372 1103
f 1103 1372 1104
f 1092 1091 1465
f 1465 1091 1182
f 1467 1465 1466
f 1466 1465 1468
f 1469 1470 1184
f 1184 1470 1468
f 1095 1098 1471
f 1471 1098 1101
f 1076 1374 1120
f 1120 1374 1376
f 1110 1472 1127
f 1127 1472 1132
f 1472 1473 1132
f 1132 1473 1129
f 1474 1475 1466
f 1466 1475 1473
f 1119 1118 1116
f 1116 1118 1113
f 1375 1121 1376
f 1376 1121 1120
f 1127 1132 1128
f 1128 1132 1131
f 1227 1476 1228
f 1228 1476 1361
f 1365 1477 1362
f 1362 1477 872
f 1478 1479 1323
f 1323 1479 1230
f 1480 1481 914
f 914 1481 915
f 913 1277 914
f 914 1277 1276
f 1168 1034 1022
f 1022 1034 1023
f 1035 1036 1024
f 1024 1036 1025
f 1039 1041 1170
f 1170 1041 1027
f 1042 1148 1028
f 1028 1148 1146
f 968 1459 969
f 969 1459 1458
f 1482 1483 664
f 664 1483 665
f 1485 1486 1484
f 1484 1486 1487
f 1489 1490 1488
f 1488 1490 1491
f 1492 1493 722
f 722 1493 634
f 1495 1496 1494
f 1494 1496 1497
f 1498 1207 1339
f 1339 1207 863
f 1224 1499 1165
f 1165 1499 1166
f 1160 1163 1500
f 1500 1163 1275
f 1500 877 1160
f 1160 877 1501
f 876 873 1502
f 1502 873 1479
f 945 1264 851
f 851 1264 1229
f 835 1231 839
f 839 1231 871
f 1503 1283 778
f 778 1283 1282
f 716 715 1505
f 1505 715 1504
f 1446 1445 1507
f 1507 1445 1506
f 779 792 1381
f 1381 792 791
f 1430 1409 1341
f 1341 1409 1342
f 1411 1429 1508
f 1508 1429 1417
f 635 1510 1509
f 1509 1510 1511
f 1377 1380 1315
f 1315 1380 1316
f 1445 1400 1506
f 1506 1400 1408
f 918 917 1336
f 1336 917 1333
f 1513 1514 1512
f 1512 1514 870
f 1515 1516 1363
f 1363 1516 1364
f 1453 1517 881
f 881 1517 1276
f 992 1518 993
f 993 1518 1519
f 1520 1029 1518
f 1518 1029 955
f 1520 1026 1521
f 1521 1026 1040
f 1522 1015 1521
f 1521 1015 1043
f 996 1523 997
f 997 1523 1522
f 1060 1016 1524
f 1524 1016 1523
f 1061 1525 1062
f 1062 1525 1524
f 1079 1527 1526
f 1526 1527 1528
f 1093 1529 1094
f 1094 1529 1528
f 1111 1530 1112
f 1112 1530 1531
f 1532 1533 1105
f 1105 1533 1123
f 934 937 1139
f 1139 937 1140
f 1138 1363 1139
f 1139 1363 1362
f 1534 1222 1355
f 1355 1222 1278
f 1535 1223 1534
f 1534 1223 1222
f 821 587 1238
f 1238 587 586
f 1319 711 1317
f 1317 711 1536
f 1538 1200 1537
f 1537 1200 1199
f 1508 1417 1539
f 1539 1417 1416
f 1540 1541 840
f 840 1541 837
f 1231 898 871
f 871 898 901
f 1500 1275 1367
f 1367 1275 912
f 1543 1379 1542
f 1542 1379 1395
f 1539 772 1508
f 1508 772 1544
f 1546 1403 1545
f 1545 1403 1402
f 1548 1549 1547
f 1547 1549 1550
f 1552 1548 1551
f 1551 1548 1547
f 1554 1555 1553
f 1553 1555 1556
f 1558 1559 1557
f 1557 1559 1560
f 1562 1563 1561
f 1561 1563 1564
f 1566 1567 1565
f 1565 1567 1568
f 1570 1571 1569
f 1569 1571 1572
f 1574 1575 1573
f 1573 1575 1576
f 1577 1578 1572
f 1572 1578 1569
f 1580 1581 1579
f 1579 1581 1582
f 1584 1585 1583
f 1583 1585 1586
f 1588 1555 1587
f 1587 1555 1589
f 1591 1592 1590
f 1590 1592 1593
f 1595 1596 1594
f 1594 1596 1597
f 1596 1581 1597
f 1597 1581 1576
f 1599 1570 1598
f 1598 1570 1569
f 1601 1602 1600
f 1600 1602 1603
f 1605 1606 1604
f 1604 1606 1607
f 1608 1609 1568
f 1568 1609 1565
f 1611 1612 1610
f 1610 1612 1613
f 1615 1616 1614
f 1614 1616 1617
f 1619 1617 1618
f 1618 1617 1616
f 1621 1622 1620
f 1620 1622 1623
f 1625 1626 1624
f 1624 1626 1627
f 1629 1630 1628
f 1628 1630 1631
f 1633 1634 1632
f 1632 1634 1635
f 1636 1637 1639
f 1639 1637 1638
f 1641 1642 1640
f 1640 1642 1643
f 1624 1627 1644
f 1644 1627 1645
f 1647 1648 1646
f 1646 1648 1649
f 1651 1652 1650
f 1650 1652 1653
f 1655 1656 1654
f 1654 1656 1657
f 1659 1660 1658
f 1658 1660 1661
f 1662 1663 1631
f 1631 1663 1628
f 1651 1665 1664
f 1664 1665 1666
f 1667 1656 1619
f 1619 1656 1617
f 1669 1670 1668
f 1668 1670 1671
f 1632 1635 1672
f 1672 1635 1673
f 1674 1675 1638
f 1638 1675 1639
f 1677 1678 1676
f 1676 1678 1679
f 1680 1640 1681
f 1681 1640 1643
f 1682 1683 1643
f 1643 1683 1681
f 1670 1669 1235
f 1235 1669 1232
f 1396 1399 1674
f 1674 1399 1675
f 627 630 1679
f 1679 630 1676
f 1681 1315 1680
f 1680 1315 1311
f 1683 1377 1681
f 1681 1377 1315
f 1672 1673 1387
f 1387 1673 1385
f 1636 1684 1646
f 1646 1684 1685
f 1687 1688 1686
f 1686 1688 1689
f 1585 1690 1586
f 1586 1690 1691
f 1599 1692 1551
f 1551 1692 1693
f 1552 1558 1694
f 1694 1558 1557
f 1696 1615 1695
f 1695 1615 1614
f 1698 1699 1697
f 1697 1699 1623
f 1700 1701 1703
f 1703 1701 1702
f 1705 1706 1704
f 1704 1706 1707
f 1708 1709 1640
f 1640 1709 1641
f 1710 1711 1713
f 1713 1711 1712
f 1652 1655 1653
f 1653 1655 1654
f 1714 1699 1712
f 1712 1699 1713
f 1715 1710 1716
f 1716 1710 1713
f 1717 1708 1680
f 1680 1708 1640
f 1393 1392 1715
f 1715 1392 1710
f 1719 1720 1718
f 1718 1720 1721
f 1680 1311 1717
f 1717 1311 789
f 1378 1711 1392
f 1392 1711 1710
f 1388 1391 1719
f 1719 1391 1720
f 1723 1606 1722
f 1722 1606 1689
f 1725 1568 1724
f 1724 1568 1567
f 1726 1647 1685
f 1685 1647 1646
f 1728 1554 1727
f 1727 1554 1553
f 1591 1687 1600
f 1600 1687 1686
f 1730 1595 1729
f 1729 1595 1594
f 1601 1605 1731
f 1731 1605 1604
f 1733 1663 1732
f 1732 1663 1734
f 1736 1639 1735
f 1735 1639 1675
f 1658 1644 1737
f 1737 1644 1645
f 1726 1662 1724
f 1724 1662 1631
f 1399 1738 1675
f 1675 1738 1735
f 1621 1667 1739
f 1739 1667 1619
f 1714 1740 1620
f 1620 1740 1741
f 1592 1549 1593
f 1593 1549 1742
f 1602 1571 1603
f 1603 1571 1550
f 1688 1690 1689
f 1689 1690 1722
f 1588 1559 1582
f 1582 1559 1579
f 1673 1735 1385
f 1385 1735 1738
f 1387 1232 1672
f 1672 1232 1669
f 1580 1692 1573
f 1573 1692 1743
f 1377 1683 1378
f 1378 1683 1711
f 1664 1666 1744
f 1744 1666 1745
f 1744 1696 1664
f 1664 1696 1695
f 1746 1747 1732
f 1732 1747 1748
f 1749 1750 1677
f 1677 1750 1678
f 1709 1708 1750
f 1750 1708 1678
f 1668 1632 1669
f 1669 1632 1672
f 1633 1746 1734
f 1734 1746 1732
f 1679 1678 1717
f 1717 1678 1708
f 789 627 1717
f 1717 627 1679
f 1563 1723 1564
f 1564 1723 1722
f 1728 1584 1751
f 1751 1584 1583
f 1674 1676 1396
f 1396 1676 630
f 1666 1566 1745
f 1745 1566 1565
f 1627 1629 1645
f 1645 1629 1628
f 1637 1749 1638
f 1638 1749 1677
f 1648 1665 1649
f 1649 1665 1752
f 1740 1642 1741
f 1741 1642 1657
f 1676 1674 1677
f 1677 1674 1638
f 1683 1682 1711
f 1711 1682 1712
f 1618 1753 1619
f 1619 1753 1739
f 1701 1739 1702
f 1702 1739 1753
f 1754 1214 1756
f 1756 1214 1755
f 647 1757 619
f 619 1757 941
f 1759 1193 1758
f 1758 1193 691
f 1419 1760 1420
f 1420 1760 1761
f 682 1762 683
f 683 1762 1763
f 1412 780 1413
f 1413 780 1384
f 1383 1398 1384
f 1384 1398 1413
f 1197 1424 1764
f 1764 1424 1423
f 1537 1287 1538
f 1538 1287 1286
f 1634 1684 1635
f 1635 1684 1736
f 1724 1631 1725
f 1725 1631 1630
f 1562 1730 1610
f 1610 1730 1729
f 1735 1673 1736
f 1736 1673 1635
f 1757 1195 941
f 941 1195 1194
f 1766 200 1765
f 1765 200 199
f 475 500 476
f 476 500 479
f 498 558 483
f 483 558 487
f 545 551 546
f 546 551 550
f 453 1281 219
f 219 1281 1314
f 298 453 208
f 208 453 219
f 368 1765 1767
f 1767 1765 199
f 523 405 363
f 363 405 404
f 523 533 405
f 405 533 402
f 298 208 299
f 299 208 207
f 299 207 176
f 176 207 300
f 176 300 173
f 173 300 202
f 173 202 174
f 174 202 201
f 1337 918 1768
f 1768 918 1336
f 1769 1770 1338
f 1338 1770 859
f 581 570 578
f 578 570 1771
f 555 562 580
f 580 562 561
f 504 1772 501
f 501 1772 548
f 517 542 584
f 584 542 543
f 515 514 516
f 516 514 544
f 542 517 544
f 544 517 516
f 561 575 580
f 580 575 581
f 575 569 581
f 581 569 570
f 501 548 1773
f 1773 548 547
f 1774 1775 570
f 570 1775 1771
f 369 368 1776
f 1776 368 1767
f 372 369 375
f 375 369 1776
f 822 1280 1308
f 1308 1280 1320
f 820 1281 822
f 822 1281 1280
f 818 1314 820
f 820 1314 1281
f 1314 818 1313
f 1313 818 804
f 807 814 825
f 825 814 826
f 814 813 826
f 826 813 827
f 813 1220 827
f 827 1220 828
f 580 579 555
f 555 579 547
f 1477 1540 872
f 872 1540 840
f 367 499 368
f 368 499 1765
f 1766 1765 525
f 525 1765 499
f 1777 1766 526
f 526 1766 525
f 520 527 362
f 362 527 384
f 361 1778 519
f 519 1778 528
f 371 1779 372
f 372 1779 369
f 369 1779 370
f 370 1779 478
f 1779 371 478
f 478 371 374
f 1778 1777 528
f 528 1777 526
f 1781 1782 1780
f 1780 1782 1783
f 431 460 67
f 67 460 64
f 68 338 74
f 74 338 72
f 1785 1782 1784
f 1784 1782 1786
f 1787 1788 1790
f 1790 1788 1789
f 1792 1789 1791
f 1791 1789 1793
f 1791 1794 1792
f 1792 1794 1795
f 1794 1796 1795
f 1795 1796 1797
f 1797 1798 938
f 938 1798 868
f 1798 1799 868
f 868 1799 869
f 1801 1802 1800
f 1800 1802 1451
f 1803 1804 1205
f 1205 1804 1206
f 1805 1806 864
f 864 1806 865
f 1806 1807 865
f 865 1807 1808
f 68 71 338
f 287 328 288
f 1320 1321 1308
f 1308 1321 1309
f 1320 441 1321
f 1321 441 217
f 441 152 217
f 217 152 218
f 151 286 152
f 152 286 218
f 297 310 151
f 151 310 286
f 296 307 297
f 297 307 310
f 296 143 307
f 307 143 284
f 143 56 284
f 284 56 104
f 56 59 104
f 104 59 63
f 59 102 63
f 63 102 60
f 102 94 60
f 60 94 282
f 93 459 279
f 279 459 77
f 459 460 77
f 77 460 78
f 460 431 78
f 78 431 295
f 431 49 295
f 295 49 292
f 48 421 49
f 49 421 292
f 276 278 418
f 418 278 429
f 317 432 278
f 278 432 429
f 432 317 433
f 433 317 316
f 326 324 316
f 316 324 433
f 1536 592 1809
f 1809 592 591
f 1810 744 1812
f 1812 744 1811
f 1814 1815 1813
f 1813 1815 1816
f 1817 748 1818
f 1818 748 747
f 1812 1819 1810
f 1810 1819 1817
f 1820 1821 748
f 748 1821 749
f 1823 1824 1822
f 1822 1824 1825
f 1827 1828 1826
f 1826 1828 1829
f 1831 1832 1830
f 1830 1832 1833
f 1834 1827 1243
f 1243 1827 1826
f 1313 804 825
f 825 804 807
f 1835 1253 1236
f 1236 1253 1237
f 1836 1837 1438
f 1438 1837 1435
f 1838 1505 1840
f 1840 1505 1839
f 1841 1842 716
f 716 1842 713
f 1843 1844 1510
f 1510 1844 1845
f 1847 1848 1846
f 1846 1848 1849
f 1850 1240 1822
f 1822 1240 1239
f 636 1831 637
f 637 1831 1830
f 1852 1853 1851
f 1851 1853 1854
f 1855 1856 1858
f 1858 1856 1857
f 1846 1849 1859
f 1859 1849 1860
f 1343 1401 1509
f 1509 1401 1861
f 1509 1861 635
f 635 1861 636
f 1863 1864 1862
f 1862 1864 1865
f 1283 1503 1867
f 1867 1503 1866
f 1868 1867 681
f 681 1867 682
f 1286 1285 683
f 683 1285 684
f 757 756 1274
f 1274 756 1869
f 1274 1869 717
f 717 1869 718
f 1434 1433 719
f 719 1433 720
f 1200 1538 1545
f 1545 1538 1763
f 1285 1289 684
f 684 1289 1273
f 684 1273 681
f 681 1273 1272
f 785 1283 1868
f 1868 1283 1867
f 786 785 1870
f 1870 785 1868
f 1289 757 1273
f 1273 757 1274
f 1539 1416 1871
f 1871 1416 1872
f 773 1871 1403
f 1403 1871 1404
f 675 674 1405
f 1405 674 1402
f 1864 1873 1865
f 1865 1873 1874
f 638 1843 635
f 635 1843 1510
f 1344 1343 1511
f 1511 1343 1509
f 772 1539 773
f 773 1539 1871
f 674 1200 1402
f 1402 1200 1545
f 1538 1286 1763
f 1763 1286 683
f 1444 1443 1875
f 1875 1443 1876
f 1875 1876 1831
f 1831 1876 1832
f 1416 1344 1872
f 1872 1344 1511
f 1877 1878 774
f 774 1878 1879
f 1878 1847 1879
f 1879 1847 1846
f 1880 714 1881
f 1881 714 1848
f 1401 1444 1861
f 1861 1444 1875
f 1861 1875 636
f 636 1875 1831
f 1823 1863 1882
f 1882 1863 1862
f 1441 1440 1884
f 1884 1440 1883
f 1883 1852 1884
f 1884 1852 1851
f 1886 1887 1885
f 1885 1887 1888
f 1358 1889 1359
f 1359 1889 1890
f 1891 1886 1892
f 1892 1886 1885
f 774 1879 775
f 775 1879 1893
f 1859 1893 1846
f 1846 1893 1879
f 713 1842 1849
f 1849 1842 1860
f 1318 1895 1894
f 1894 1895 1896
f 1873 1897 1874
f 1874 1897 1898
f 1898 605 1899
f 1899 605 675
f 1405 1844 675
f 675 1844 1899
f 1404 1845 1405
f 1405 1845 1844
f 593 1296 591
f 591 1296 1809
f 1295 1292 1900
f 1900 1292 1895
f 606 1897 1291
f 1291 1897 1896
f 1510 1845 1511
f 1511 1845 1872
f 1871 1872 1404
f 1404 1872 1845
f 1866 770 1762
f 1762 770 1546
f 1762 682 1866
f 1866 682 1867
f 1870 1868 1272
f 1272 1868 681
f 1272 717 1870
f 1870 717 720
f 1870 720 786
f 786 720 1433
f 786 1433 787
f 787 1433 1432
f 1261 1414 1432
f 1432 1414 787
f 1389 1234 1260
f 1260 1234 1415
f 1719 1670 1388
f 1388 1670 1235
f 1718 1671 1719
f 1719 1671 1670
f 1705 1747 1718
f 1718 1747 1671
f 1659 1901 1704
f 1704 1901 1748
f 1877 1903 1902
f 1902 1903 1904
f 1259 1905 1390
f 1390 1905 1394
f 1715 1720 1393
f 1393 1720 1391
f 1716 1721 1715
f 1715 1721 1720
f 1698 1706 1716
f 1716 1706 1721
f 277 276 47
f 47 276 48
f 84 96 81
f 81 96 82
f 80 70 81
f 81 70 85
f 99 97 88
f 88 97 89
f 90 100 88
f 88 100 99
f 101 95 102
f 102 95 94
f 1906 1907 280
f 280 1907 281
f 97 86 89
f 89 86 85
f 60 282 61
f 61 282 281
f 83 82 46
f 46 82 47
f 293 292 420
f 420 292 421
f 419 1908 420
f 420 1908 1909
f 92 95 91
f 91 95 90
f 279 282 93
f 93 282 94
f 276 418 48
f 48 418 421
f 1910 1660 1697
f 1697 1660 1707
f 1703 1624 1700
f 1700 1624 1644
f 1622 1910 1623
f 1623 1910 1697
f 1701 1700 1911
f 1911 1700 1661
f 1700 1644 1661
f 1661 1644 1658
f 1901 1737 1733
f 1733 1737 1645
f 1625 1912 1604
f 1604 1912 1731
f 1912 1913 1731
f 1731 1913 1914
f 1913 1577 1914
f 1914 1577 1572
f 1915 1578 1616
f 1616 1578 1618
f 1915 1916 1598
f 1598 1916 1743
f 1916 1574 1743
f 1743 1574 1573
f 1575 1917 1576
f 1576 1917 1597
f 1917 1609 1597
f 1597 1609 1594
f 1608 1611 1729
f 1729 1611 1610
f 1918 1612 1629
f 1629 1612 1630
f 1626 1918 1627
f 1627 1918 1629
f 1920 1921 1919
f 1919 1921 1922
f 1920 1924 1923
f 1923 1924 1925
f 1926 1927 1924
f 1924 1927 1925
f 1929 1930 1928
f 1928 1930 1931
f 1932 1933 1935
f 1935 1933 1934
f 1937 1938 1936
f 1936 1938 1939
f 1941 1942 1940
f 1940 1942 1943
f 1941 1945 1944
f 1944 1945 1946
f 1947 1948 1694
f 1694 1948 1949
f 1950 1951 1953
f 1953 1951 1952
f 1955 1956 1954
f 1954 1956 1589
f 1958 1956 1957
f 1957 1956 1932
f 1960 1934 1959
f 1959 1934 1933
f 1962 1963 1961
f 1961 1963 1964
f 1965 1955 1751
f 1751 1955 1954
f 1935 1930 1932
f 1932 1930 1957
f 1951 1950 1926
f 1926 1950 1929
f 1966 1967 1593
f 1593 1967 1590
f 1969 1967 1968
f 1968 1967 1964
f 1962 1921 1970
f 1970 1921 1971
f 1963 1945 1964
f 1964 1945 1968
f 1972 1948 1922
f 1922 1948 1919
f 1966 1972 1961
f 1961 1972 1922
f 1958 1953 1587
f 1587 1953 1560
f 1974 1975 1973
f 1973 1975 1976
f 1978 1979 1977
f 1977 1979 1691
f 1979 1975 1691
f 1691 1975 1586
f 1938 1942 1939
f 1939 1942 1980
f 1952 1947 1557
f 1557 1947 1694
f 1969 1978 1981
f 1981 1978 1977
f 1983 1984 1982
f 1982 1984 1985
f 1986 1987 1989
f 1989 1987 1988
f 1990 1991 1983
f 1983 1991 1984
f 1990 1993 1992
f 1992 1993 1994
f 1995 1996 1994
f 1994 1996 1997
f 1999 2000 1998
f 1998 2000 2001
f 2003 2004 2002
f 2002 2004 2005
f 2007 2008 2006
f 2006 2008 2009
f 2011 2012 2010
f 2010 2012 2013
f 2014 2015 2017
f 2017 2015 2016
f 2018 2019 2021
f 2021 2019 2020
f 2022 1989 2024
f 2024 1989 2023
f 1989 1988 2023
f 2023 1988 2025
f 2026 2027 2017
f 2017 2027 2014
f 2029 2030 2028
f 2028 2030 2031
f 2033 2034 2032
f 2032 2034 2035
f 2032 2035 2036
f 2036 2035 2037
f 2039 2040 2038
f 2038 2040 2041
f 1982 2042 1983
f 1983 2042 2043
f 2045 2046 2044
f 2044 2046 2047
f 2049 2050 2048
f 2048 2050 2051
f 2053 2054 2052
f 2052 2054 2055
f 2057 2058 2056
f 2056 2058 2059
f 2060 2061 2033
f 2033 2061 2034
f 2063 2064 2062
f 2062 2064 2065
f 2066 2035 2067
f 2067 2035 2034
f 2069 2039 2068
f 2068 2039 2038
f 2025 2070 2023
f 2023 2070 2071
f 2072 2024 2071
f 2071 2024 2023
f 2074 2020 2073
f 2073 2020 2019
f 2050 2049 2047
f 2047 2049 2075
f 1983 2043 1990
f 1990 2043 1993
f 2006 2050 2007
f 2007 2050 2076
f 2050 2006 2051
f 2051 2006 2077
f 2079 2080 2078
f 2078 2080 2081
f 2082 2083 2085
f 2085 2083 2084
f 2010 2013 2086
f 2086 2013 2087
f 2089 2033 2088
f 2088 2033 2032
f 2090 2060 2089
f 2089 2060 2033
f 2092 2093 2091
f 2091 2093 2094
f 2096 1986 2095
f 2095 1986 2097
f 2097 1986 2022
f 2022 1986 1989
f 2015 2094 2016
f 2016 2094 2098
f 2016 2098 2100
f 2100 2098 2099
f 2017 2016 2101
f 2101 2016 2100
f 2017 2101 2026
f 2026 2101 2102
f 2100 2099 2104
f 2104 2099 2103
f 2104 2105 2100
f 2100 2105 2101
f 2105 2106 2101
f 2101 2106 2102
f 2108 2061 2107
f 2107 2061 2109
f 2111 2112 2110
f 2110 2112 2020
f 2020 2074 2110
f 2110 2074 2113
f 2115 2116 2114
f 2114 2116 2117
f 2118 2119 1995
f 1995 2119 2120
f 2121 2122 2027
f 2027 2122 2014
f 2047 2075 2044
f 2044 2075 2123
f 2124 2125 2127
f 2127 2125 2126
f 2129 2130 2128
f 2128 2130 2131
f 2132 2133 2057
f 2057 2133 2058
f 2134 1999 2136
f 2136 1999 2135
f 2055 2138 2137
f 2137 2138 2139
f 2141 2142 2140
f 2140 2142 2143
f 2083 2082 2064
f 2064 2082 2065
f 2082 2144 2065
f 2065 2144 2145
f 2040 2146 2041
f 2041 2146 2147
f 2060 2090 2148
f 2148 2090 2149
f 2048 2051 2137
f 2137 2051 2150
f 2151 1997 2135
f 2135 1997 1996
f 2152 2150 2077
f 2077 2150 2051
f 2046 2045 2118
f 2118 2045 2119
f 2154 2155 2153
f 2153 2155 2156
f 2158 2159 2157
f 2157 2159 2160
f 2162 2163 2161
f 2161 2163 2164
f 2164 2163 2165
f 2165 2163 2166
f 2168 2169 2167
f 2167 2169 2170
f 2003 2172 2171
f 2171 2172 2173
f 2174 2175 2002
f 2002 2175 2176
f 2145 2177 2065
f 2065 2177 2062
f 2178 2179 2180
f 2180 2179 2134
f 2181 2052 2152
f 2152 2052 2150
f 2040 2127 2146
f 2146 2127 2182
f 2130 2162 2131
f 2131 2162 2161
f 2052 2055 2150
f 2150 2055 2137
f 2184 2185 2183
f 2183 2185 2186
f 2159 2030 2160
f 2160 2030 2187
f 2146 2182 2029
f 2029 2182 2188
f 2189 2190 2192
f 2192 2190 2191
f 2172 2003 2176
f 2176 2003 2002
f 1998 2151 1999
f 1999 2151 2135
f 2177 2172 2062
f 2062 2172 2176
f 2172 2177 2173
f 2173 2177 2193
f 2063 2194 2064
f 2064 2194 2195
f 2066 2197 2196
f 2196 2197 2198
f 2002 2005 2174
f 2174 2005 2199
f 2004 2003 2200
f 2200 2003 2171
f 2198 2201 2171
f 2171 2201 2200
f 2197 2202 2198
f 2198 2202 2201
f 2202 2197 2203
f 2203 2197 2204
f 2196 2198 2173
f 2173 2198 2171
f 2205 2069 2170
f 2170 2069 2206
f 2197 2066 2204
f 2204 2066 2067
f 2107 2207 2108
f 2108 2207 2208
f 2210 2208 2209
f 2209 2208 2207
f 2185 2211 2212
f 2213 2214 2211
f 2211 2214 2212
f 1998 2001 2213
f 2213 2001 2214
f 2134 2215 1999
f 1999 2215 2000
f 2216 2217 2219
f 2219 2217 2218
f 2206 2220 2170
f 2170 2220 2167
f 2069 2068 2206
f 2206 2068 2221
f 2151 1998 2222
f 2222 1998 2213
f 2124 2039 2205
f 2205 2039 2069
f 2142 2223 2143
f 2143 2223 2128
f 2203 2186 2202
f 2202 2186 2185
f 2185 2184 2211
f 2211 2184 2224
f 2224 2225 2222
f 2222 2225 2226
f 2071 2227 2072
f 2072 2227 2228
f 2229 2074 2230
f 2230 2074 2073
f 2074 2229 2113
f 2113 2229 2231
f 2232 2225 2227
f 2227 2225 2224
f 2233 2234 2031
f 2031 2234 2028
f 2236 2231 2235
f 2235 2231 2229
f 2230 2183 2229
f 2229 2183 2235
f 2237 1987 2096
f 2096 1987 1986
f 2152 2238 2181
f 2181 2238 2239
f 2080 2240 2081
f 2081 2240 2241
f 2236 2242 1971
f 1971 2242 1970
f 1925 2113 1923
f 1923 2113 2231
f 2110 1927 2111
f 2111 1927 1928
f 2103 2111 1931
f 1931 2111 1928
f 1931 2243 2103
f 2103 2243 2104
f 2105 2104 2244
f 2244 2104 2243
f 1939 1980 2148
f 2148 1980 2109
f 1980 1944 2109
f 2109 1944 2107
f 1946 2245 2207
f 2207 2245 2209
f 2245 1970 2209
f 2209 1970 2242
f 2231 2236 1923
f 1923 2236 1971
f 2113 1925 2110
f 2110 1925 1927
f 2234 2246 2028
f 2028 2246 2147
f 2247 2248 2058
f 2058 2248 2059
f 2114 2117 2249
f 2249 2117 2250
f 2252 2253 2251
f 2251 2253 2254
f 2094 2015 2091
f 2091 2015 2255
f 2256 2255 2014
f 2014 2255 2015
f 2257 2145 2258
f 2258 2145 2144
f 2131 2161 2123
f 2123 2161 2044
f 2045 2044 2164
f 2164 2044 2161
f 2045 2164 2119
f 2119 2164 2165
f 2259 2120 2165
f 2165 2120 2119
f 2260 2261 2259
f 2259 2261 2120
f 2205 2262 2124
f 2124 2262 2125
f 2180 2263 2178
f 2178 2263 2264
f 2265 2266 2092
f 2092 2266 2093
f 1992 2267 2268
f 2184 2228 2224
f 2224 2228 2227
f 2048 2269 2049
f 2049 2269 2141
f 2129 2168 2157
f 2157 2168 2167
f 2049 2141 2075
f 2075 2141 2140
f 2199 2215 2270
f 2270 2215 2271
f 2142 2141 2272
f 2272 2141 2269
f 2089 2026 2090
f 2090 2026 2102
f 2146 2029 2147
f 2147 2029 2028
f 2111 2103 2112
f 2112 2103 2099
f 2061 2060 2109
f 2109 2060 2148
f 2273 2274 2041
f 2041 2274 2038
f 2260 2275 2261
f 2261 2275 2136
f 2057 2138 2132
f 2132 2138 2276
f 2272 2269 2056
f 2056 2269 2139
f 2277 2278 2270
f 2270 2278 2199
f 2029 2188 2030
f 2030 2188 2187
f 2040 2039 2127
f 2127 2039 2124
f 2064 2195 2083
f 2083 2195 2279
f 2056 2139 2057
f 2057 2139 2138
f 2278 2277 2247
f 2247 2277 2248
f 2062 2176 2063
f 2063 2176 2175
f 2280 2210 2242
f 2242 2210 2209
f 2282 2233 2281
f 2281 2233 2031
f 2216 2219 2283
f 2283 2219 2221
f 2158 2220 2218
f 2218 2220 2219
f 2217 2282 2218
f 2218 2282 2281
f 2220 2158 2167
f 2167 2158 2157
f 2223 2264 2128
f 2128 2264 2263
f 2261 1996 2120
f 2120 1996 1995
f 2213 2211 2222
f 2222 2211 2224
f 2283 2221 2284
f 2284 2221 2068
f 2135 1996 2136
f 2136 1996 2261
f 2144 2081 2258
f 2258 2081 2241
f 2235 2280 2236
f 2236 2280 2242
f 2246 2273 2147
f 2147 2273 2041
f 2036 2285 2032
f 2032 2285 2088
f 2077 2286 2152
f 2152 2286 2238
f 1937 1960 1973
f 1973 1960 1959
f 2070 2232 2071
f 2071 2232 2227
f 2244 2287 2105
f 2105 2287 2106
f 1936 1939 2149
f 2149 1939 2148
f 1944 1946 2107
f 2107 1946 2207
f 2285 2121 2088
f 2088 2121 2027
f 2253 2249 2254
f 2254 2249 2250
f 2006 2009 2077
f 2077 2009 2286
f 2289 2086 2288
f 2288 2086 2087
f 2223 2142 2290
f 2290 2142 2272
f 2128 2131 2143
f 2143 2131 2123
f 2156 2291 2153
f 2153 2291 2175
f 2292 2293 2278
f 2278 2293 2294
f 2075 2140 2123
f 2123 2140 2143
f 2262 2169 2275
f 2275 2169 2180
f 2275 2180 2136
f 2136 2180 2134
f 2274 2284 2038
f 2038 2284 2068
f 2127 2126 2182
f 2182 2126 2166
f 2094 2093 2098
f 2098 2093 2021
f 2098 2021 2099
f 2099 2021 2112
f 2018 2021 2266
f 2266 2021 2093
f 2251 2289 2252
f 2252 2289 2288
f 1997 2151 2226
f 2226 2151 2222
f 2206 2221 2220
f 2220 2221 2219
f 2269 2048 2139
f 2139 2048 2137
f 2159 2158 2281
f 2281 2158 2218
f 2156 2155 2190
f 2190 2155 2191
f 1974 1965 1583
f 1583 1965 1751
f 2088 2027 2089
f 2089 2027 2026
f 2030 2159 2031
f 2031 2159 2281
f 2106 2149 2102
f 2102 2149 2090
f 2287 1936 2106
f 2106 1936 2149
f 2293 2154 2294
f 2294 2154 2153
f 2021 2020 2112
f 2247 2295 2278
f 2278 2295 2292
f 2284 2296 2283
f 2283 2296 2297
f 2298 2296 2274
f 2274 2296 2284
f 2273 2299 2274
f 2274 2299 2298
f 2246 2300 2273
f 2273 2300 2299
f 2283 2297 2216
f 2216 2297 2301
f 2216 2301 2217
f 2217 2301 2302
f 2302 2303 2217
f 2217 2303 2282
f 2304 2301 2305
f 2305 2301 2297
f 2307 2308 2306
f 2306 2308 2309
f 2306 2310 2307
f 2307 2310 2311
f 2307 2312 2308
f 2308 2312 2313
f 2314 2315 2312
f 2312 2315 2316
f 2316 2317 2312
f 2312 2317 2313
f 2317 2305 2313
f 2313 2305 2318
f 2314 2312 2311
f 2311 2312 2307
f 2319 2320 2322
f 2322 2320 2321
f 2322 2311 2319
f 2319 2311 2310
f 2313 2318 2308
f 2308 2318 2309
f 2296 2298 2318
f 2318 2298 2309
f 2309 2298 2323
f 2323 2298 2299
f 2306 2309 2324
f 2324 2309 2323
f 2310 2306 2325
f 2325 2306 2324
f 2296 2318 2297
f 2297 2318 2305
f 2319 2310 2326
f 2326 2310 2325
f 2328 2325 2327
f 2327 2325 2324
f 2325 2328 2326
f 2326 2328 2329
f 2331 2328 2330
f 2330 2328 2327
f 2332 2333 2327
f 2327 2333 2330
f 2328 2331 2329
f 2329 2331 2334
f 2324 2323 2327
f 2327 2323 2332
f 2300 2332 2299
f 2299 2332 2323
f 2326 2335 2319
f 2319 2335 2320
f 2305 2317 2336
f 2336 2317 2316
f 2336 2316 2337
f 2337 2316 2315
f 2338 2304 2336
f 2336 2304 2305
f 2337 2339 2336
f 2336 2339 2338
f 2337 2315 2341
f 2341 2315 2340
f 2342 2300 2234
f 2234 2300 2246
f 2303 2343 2282
f 2282 2343 2233
f 2234 2233 2342
f 2342 2233 2343
f 2342 2343 2333
f 2333 2343 2344
f 2333 2344 2330
f 2330 2344 2345
f 2346 2344 2303
f 2303 2344 2343
f 2332 2300 2333
f 2333 2300 2342
f 2347 2346 2302
f 2302 2346 2303
f 2301 2304 2302
f 2302 2304 2347
f 2304 2338 2347
f 2347 2338 2348
f 2348 2349 2347
f 2347 2349 2346
f 2350 2351 2348
f 2348 2351 2349
f 2349 2345 2346
f 2346 2345 2344
f 2345 2349 2352
f 2352 2349 2351
f 2338 2339 2348
f 2348 2339 2350
f 2350 2339 2353
f 2353 2339 2354
f 2356 2357 2355
f 2355 2357 2353
f 2351 2350 2357
f 2357 2350 2353
f 2353 2354 2355
f 2355 2354 2335
f 2320 2335 2341
f 2341 2335 2354
f 2339 2337 2354
f 2354 2337 2341
f 2352 2331 2345
f 2345 2331 2330
f 2356 2334 2352
f 2352 2334 2331
f 2356 2352 2357
f 2357 2352 2351
f 2355 2329 2356
f 2356 2329 2334
f 2335 2326 2355
f 2355 2326 2329
f 2321 2314 2322
f 2322 2314 2311
f 2321 2320 2340
f 2340 2320 2341
f 2315 2314 2340
f 2340 2314 2321
f 2125 2260 2126
f 2126 2260 2259
f 2157 2160 2129
f 2129 2160 2130
f 2188 2163 2187
f 2187 2163 2162
f 2182 2166 2188
f 2188 2166 2163
f 2180 2169 2263
f 2263 2169 2168
f 2160 2187 2130
f 2130 2187 2162
f 2275 2260 2262
f 2262 2260 2125
f 2128 2263 2129
f 2129 2263 2168
f 2262 2205 2169
f 2169 2205 2170
f 2165 2166 2259
f 2259 2166 2126
f 2359 2360 2358
f 2358 2360 2361
f 2363 2364 2362
f 2362 2364 2365
f 2367 2363 2366
f 2366 2363 2362
f 2368 2369 2371
f 2371 2369 2370
f 2372 2373 2248
f 2248 2373 2059
f 2364 2374 2365
f 2365 2374 2375
f 2377 2378 2376
f 2376 2378 2379
f 2290 2380 2223
f 2223 2380 2381
f 2223 2381 2264
f 2264 2381 2382
f 2384 2385 2383
f 2383 2385 2386
f 2364 2371 2374
f 2374 2371 2387
f 2059 2373 2290
f 2290 2373 2380
f 2378 2360 2379
f 2379 2360 2388
f 2374 2387 2359
f 2359 2387 2389
f 2390 2367 2386
f 2386 2367 2391
f 2393 2394 2392
f 2392 2394 2395
f 2386 2391 2383
f 2383 2391 2396
f 2367 2366 2391
f 2391 2366 2397
f 2363 2367 2368
f 2368 2367 2390
f 2398 2399 2361
f 2361 2399 2358
f 2399 2400 2358
f 2358 2400 2375
f 2390 2401 2368
f 2368 2401 2369
f 2372 2384 2376
f 2376 2384 2383
f 2374 2359 2375
f 2375 2359 2358
f 2402 2403 2365
f 2365 2403 2362
f 2359 2389 2360
f 2360 2389 2388
f 2364 2363 2371
f 2371 2363 2368
f 2405 2398 2404
f 2404 2398 2361
f 2392 2395 2406
f 2406 2395 2397
f 2377 2396 2394
f 2394 2396 2395
f 2394 2393 2404
f 2404 2393 2405
f 2396 2377 2383
f 2383 2377 2376
f 2406 2397 2407
f 2407 2397 2366
f 2400 2402 2375
f 2375 2402 2365
f 2385 2270 2401
f 2401 2270 2271
f 2403 2407 2362
f 2362 2407 2366
f 2371 2370 2387
f 2387 2370 2382
f 2391 2397 2396
f 2396 2397 2395
f 2378 2377 2404
f 2404 2377 2394
f 2360 2378 2361
f 2361 2378 2404
f 2407 2408 2406
f 2406 2408 2409
f 2410 2408 2403
f 2403 2408 2407
f 2411 2410 2402
f 2402 2410 2403
f 2412 2411 2400
f 2400 2411 2402
f 2406 2409 2392
f 2392 2409 2413
f 2392 2413 2393
f 2393 2413 2414
f 2415 2405 2414
f 2414 2405 2393
f 2416 2413 2417
f 2417 2413 2409
f 2419 2420 2418
f 2418 2420 2421
f 2420 2422 2421
f 2421 2422 2423
f 2420 2424 2422
f 2422 2424 2425
f 2426 2427 2424
f 2424 2427 2428
f 2428 2429 2424
f 2424 2429 2425
f 2426 2424 2419
f 2419 2424 2420
f 2419 2418 2431
f 2431 2418 2430
f 2425 2432 2422
f 2422 2432 2423
f 2408 2410 2432
f 2432 2410 2423
f 2423 2410 2433
f 2433 2410 2411
f 2421 2423 2434
f 2434 2423 2433
f 2435 2418 2434
f 2434 2418 2421
f 2429 2417 2425
f 2425 2417 2432
f 2408 2432 2409
f 2409 2432 2417
f 2418 2435 2430
f 2430 2435 2436
f 2438 2435 2437
f 2437 2435 2434
f 2435 2438 2436
f 2436 2438 2439
f 2441 2438 2440
f 2440 2438 2437
f 2442 2443 2437
f 2437 2443 2440
f 2439 2438 2444
f 2444 2438 2441
f 2433 2442 2434
f 2434 2442 2437
f 2412 2442 2411
f 2411 2442 2433
f 2436 2445 2430
f 2430 2445 2446
f 2430 2446 2431
f 2431 2446 2447
f 2417 2429 2448
f 2448 2429 2428
f 2427 2449 2428
f 2428 2449 2448
f 2450 2416 2448
f 2448 2416 2417
f 2451 2450 2449
f 2449 2450 2448
f 2427 2452 2449
f 2449 2452 2453
f 2447 2446 2452
f 2452 2446 2453
f 2454 2412 2399
f 2399 2412 2400
f 2415 2455 2405
f 2405 2455 2398
f 2399 2398 2454
f 2454 2398 2455
f 2454 2455 2443
f 2443 2455 2456
f 2443 2456 2440
f 2440 2456 2457
f 2458 2456 2415
f 2415 2456 2455
f 2443 2442 2454
f 2454 2442 2412
f 2459 2458 2414
f 2414 2458 2415
f 2413 2416 2414
f 2414 2416 2459
f 2459 2416 2460
f 2460 2416 2450
f 2460 2461 2459
f 2459 2461 2458
f 2462 2463 2460
f 2460 2463 2461
f 2461 2457 2458
f 2458 2457 2456
f 2457 2461 2464
f 2464 2461 2463
f 2451 2462 2450
f 2450 2462 2460
f 2462 2451 2465
f 2465 2451 2466
f 2468 2469 2467
f 2467 2469 2465
f 2463 2462 2469
f 2469 2462 2465
f 2465 2466 2467
f 2467 2466 2445
f 2446 2445 2453
f 2453 2445 2466
f 2451 2449 2466
f 2466 2449 2453
f 2464 2441 2457
f 2457 2441 2440
f 2468 2444 2464
f 2464 2444 2441
f 2468 2464 2469
f 2469 2464 2463
f 2467 2439 2468
f 2468 2439 2444
f 2445 2436 2467
f 2467 2436 2439
f 2447 2426 2431
f 2431 2426 2419
f 2427 2426 2452
f 2452 2426 2447
f 2369 2179 2370
f 2370 2179 2178
f 2376 2379 2372
f 2372 2379 2373
f 2389 2381 2388
f 2388 2381 2380
f 2387 2382 2389
f 2389 2382 2381
f 2270 2385 2277
f 2277 2385 2384
f 2379 2388 2373
f 2373 2388 2380
f 2401 2271 2369
f 2369 2271 2179
f 2248 2277 2372
f 2372 2277 2384
f 2401 2390 2385
f 2385 2390 2386
f 2264 2382 2178
f 2178 2382 2370
f 2215 2134 2271
f 2271 2134 2179
f 2005 2000 2199
f 2199 2000 2215
f 2004 2001 2005
f 2005 2001 2000
f 2200 2214 2004
f 2004 2214 2001
f 2470 2471 2473
f 2473 2471 2472
f 2475 2476 2474
f 2474 2476 2477
f 2479 2475 2478
f 2478 2475 2474
f 2481 2482 2480
f 2480 2482 2483
f 2476 2484 2477
f 2477 2484 2485
f 2487 2488 2486
f 2486 2488 2489
f 2133 2490 2058
f 2058 2490 2491
f 2058 2491 2247
f 2247 2491 2492
f 2494 2495 2493
f 2493 2495 2496
f 2476 2483 2484
f 2484 2483 2497
f 2472 2498 2488
f 2488 2498 2489
f 2484 2497 2471
f 2471 2497 2499
f 2500 2479 2496
f 2496 2479 2501
f 2502 2503 2505
f 2505 2503 2504
f 2496 2501 2493
f 2493 2501 2506
f 2479 2478 2501
f 2501 2478 2507
f 2475 2479 2480
f 2480 2479 2500
f 2508 2509 2473
f 2473 2509 2470
f 2509 2510 2470
f 2470 2510 2485
f 2511 2481 2500
f 2500 2481 2480
f 2512 2494 2486
f 2486 2494 2493
f 2485 2484 2470
f 2470 2484 2471
f 2513 2514 2477
f 2477 2514 2474
f 2471 2499 2472
f 2472 2499 2498
f 2476 2475 2483
f 2483 2475 2480
f 2516 2508 2515
f 2515 2508 2473
f 2502 2505 2517
f 2517 2505 2507
f 2504 2487 2505
f 2505 2487 2506
f 2503 2516 2504
f 2504 2516 2515
f 2506 2487 2493
f 2493 2487 2486
f 2517 2507 2518
f 2518 2507 2478
f 2510 2513 2485
f 2485 2513 2477
f 2511 2495 2293
f 2293 2495 2154
f 2514 2518 2474
f 2474 2518 2478
f 2483 2482 2497
f 2497 2482 2492
f 2501 2507 2506
f 2506 2507 2505
f 2488 2487 2515
f 2515 2487 2504
f 2472 2488 2473
f 2473 2488 2515
f 2518 2519 2517
f 2517 2519 2520
f 2521 2519 2514
f 2514 2519 2518
f 2522 2521 2513
f 2513 2521 2514
f 2523 2522 2510
f 2510 2522 2513
f 2517 2520 2502
f 2502 2520 2524
f 2502 2524 2503
f 2503 2524 2525
f 2525 2526 2503
f 2503 2526 2516
f 2527 2524 2528
f 2528 2524 2520
f 2530 2531 2529
f 2529 2531 2532
f 2531 2533 2532
f 2532 2533 2534
f 2531 2535 2533
f 2533 2535 2536
f 2537 2538 2535
f 2535 2538 2539
f 2539 2540 2535
f 2535 2540 2536
f 2537 2535 2530
f 2530 2535 2531
f 2529 2541 2530
f 2530 2541 2542
f 2543 2534 2536
f 2536 2534 2533
f 2519 2521 2543
f 2543 2521 2534
f 2534 2521 2544
f 2544 2521 2522
f 2532 2534 2545
f 2545 2534 2544
f 2529 2532 2546
f 2546 2532 2545
f 2536 2540 2543
f 2543 2540 2528
f 2519 2543 2520
f 2520 2543 2528
f 2541 2529 2547
f 2547 2529 2546
f 2548 2549 2545
f 2545 2549 2546
f 2549 2550 2546
f 2546 2550 2547
f 2551 2552 2548
f 2548 2552 2549
f 2548 2553 2551
f 2551 2553 2554
f 2550 2549 2555
f 2555 2549 2552
f 2545 2544 2548
f 2548 2544 2553
f 2523 2553 2522
f 2522 2553 2544
f 2547 2556 2541
f 2541 2556 2557
f 2541 2557 2542
f 2542 2557 2558
f 2528 2540 2559
f 2559 2540 2539
f 2538 2560 2539
f 2539 2560 2559
f 2561 2527 2559
f 2559 2527 2528
f 2560 2562 2559
f 2559 2562 2561
f 2560 2538 2564
f 2564 2538 2563
f 2558 2557 2563
f 2563 2557 2564
f 2565 2523 2509
f 2509 2523 2510
f 2526 2566 2516
f 2516 2566 2508
f 2509 2508 2565
f 2565 2508 2566
f 2565 2566 2554
f 2554 2566 2567
f 2554 2567 2551
f 2551 2567 2568
f 2569 2567 2526
f 2526 2567 2566
f 2553 2523 2554
f 2554 2523 2565
f 2570 2569 2525
f 2525 2569 2526
f 2524 2527 2525
f 2525 2527 2570
f 2527 2561 2570
f 2570 2561 2571
f 2571 2572 2570
f 2570 2572 2569
f 2573 2574 2571
f 2571 2574 2572
f 2572 2568 2569
f 2569 2568 2567
f 2568 2572 2575
f 2575 2572 2574
f 2562 2573 2561
f 2561 2573 2571
f 2573 2562 2576
f 2576 2562 2577
f 2579 2580 2578
f 2578 2580 2576
f 2574 2573 2580
f 2580 2573 2576
f 2576 2577 2578
f 2578 2577 2556
f 2557 2556 2564
f 2564 2556 2577
f 2562 2560 2577
f 2577 2560 2564
f 2575 2552 2568
f 2568 2552 2551
f 2579 2555 2575
f 2575 2555 2552
f 2579 2575 2580
f 2580 2575 2574
f 2550 2555 2578
f 2578 2555 2579
f 2556 2547 2578
f 2578 2547 2550
f 2558 2537 2542
f 2542 2537 2530
f 2538 2537 2563
f 2563 2537 2558
f 2292 2295 2481
f 2481 2295 2482
f 2486 2489 2512
f 2512 2489 2581
f 2499 2491 2498
f 2498 2491 2490
f 2497 2492 2499
f 2499 2492 2491
f 2155 2154 2494
f 2494 2154 2495
f 2581 2489 2490
f 2490 2489 2498
f 2293 2292 2511
f 2511 2292 2481
f 2191 2155 2512
f 2512 2155 2494
f 2500 2496 2511
f 2511 2496 2495
f 2247 2492 2295
f 2295 2492 2482
f 2583 2584 2582
f 2582 2584 2585
f 2587 2588 2586
f 2586 2588 2589
f 2591 2587 2590
f 2590 2587 2586
f 2593 2594 2592
f 2592 2594 2595
f 2596 2597 2599
f 2599 2597 2598
f 2588 2600 2589
f 2589 2600 2601
f 2602 2603 2605
f 2605 2603 2604
f 2606 2607 2609
f 2609 2607 2608
f 2609 2608 2190
f 2190 2608 2610
f 2611 2612 2614
f 2614 2612 2613
f 2600 2588 2615
f 2615 2588 2595
f 2599 2598 2606
f 2606 2598 2607
f 2584 2616 2604
f 2604 2616 2605
f 2600 2615 2583
f 2583 2615 2617
f 2591 2619 2618
f 2618 2619 2614
f 2621 2622 2620
f 2620 2622 2623
f 2619 2624 2614
f 2614 2624 2611
f 2591 2590 2619
f 2619 2590 2625
f 2587 2591 2592
f 2592 2591 2618
f 2626 2627 2585
f 2585 2627 2582
f 2627 2628 2582
f 2582 2628 2601
f 2629 2593 2618
f 2618 2593 2592
f 2602 2597 2611
f 2611 2597 2612
f 2600 2583 2601
f 2601 2583 2582
f 2630 2631 2589
f 2589 2631 2586
f 2583 2617 2584
f 2584 2617 2616
f 2588 2587 2595
f 2595 2587 2592
f 2633 2626 2632
f 2632 2626 2585
f 2620 2623 2634
f 2634 2623 2625
f 2622 2603 2623
f 2623 2603 2624
f 2621 2633 2622
f 2622 2633 2632
f 2611 2624 2602
f 2602 2624 2603
f 2634 2625 2635
f 2635 2625 2590
f 2628 2630 2601
f 2601 2630 2589
f 2613 2195 2629
f 2629 2195 2194
f 2631 2635 2586
f 2586 2635 2590
f 2595 2594 2615
f 2615 2594 2610
f 2619 2625 2624
f 2624 2625 2623
f 2632 2604 2622
f 2622 2604 2603
f 2585 2584 2632
f 2632 2584 2604
f 2635 2636 2634
f 2634 2636 2637
f 2638 2636 2631
f 2631 2636 2635
f 2639 2638 2630
f 2630 2638 2631
f 2640 2639 2628
f 2628 2639 2630
f 2634 2637 2620
f 2620 2637 2641
f 2620 2641 2621
f 2621 2641 2642
f 2642 2643 2621
f 2621 2643 2633
f 2641 2637 2644
f 2644 2637 2645
f 2646 2647 2649
f 2649 2647 2648
f 2648 2650 2649
f 2649 2650 2651
f 2648 2652 2650
f 2650 2652 2653
f 2652 2654 2656
f 2656 2654 2655
f 2656 2657 2652
f 2652 2657 2653
f 2654 2652 2647
f 2647 2652 2648
f 2647 2646 2659
f 2659 2646 2658
f 2660 2651 2653
f 2653 2651 2650
f 2636 2638 2660
f 2660 2638 2651
f 2651 2638 2661
f 2661 2638 2639
f 2651 2661 2649
f 2649 2661 2662
f 2663 2646 2662
f 2662 2646 2649
f 2653 2657 2660
f 2660 2657 2645
f 2636 2660 2637
f 2637 2660 2645
f 2646 2663 2658
f 2658 2663 2664
f 2665 2666 2662
f 2662 2666 2663
f 2666 2667 2663
f 2663 2667 2664
f 2668 2669 2665
f 2665 2669 2666
f 2665 2670 2668
f 2668 2670 2671
f 2667 2666 2672
f 2672 2666 2669
f 2662 2661 2665
f 2665 2661 2670
f 2640 2670 2639
f 2639 2670 2661
f 2673 2674 2664
f 2664 2674 2658
f 2658 2674 2659
f 2659 2674 2675
f 2645 2657 2676
f 2676 2657 2656
f 2677 2676 2655
f 2655 2676 2656
f 2676 2678 2645
f 2645 2678 2644
f 2677 2679 2676
f 2676 2679 2678
f 2655 2680 2677
f 2677 2680 2681
f 2675 2674 2680
f 2680 2674 2681
f 2682 2640 2627
f 2627 2640 2628
f 2643 2683 2633
f 2633 2683 2626
f 2682 2627 2683
f 2683 2627 2626
f 2683 2684 2682
f 2682 2684 2671
f 2684 2685 2671
f 2671 2685 2668
f 2686 2684 2643
f 2643 2684 2683
f 2670 2640 2671
f 2671 2640 2682
f 2687 2686 2642
f 2642 2686 2643
f 2642 2641 2687
f 2687 2641 2644
f 2687 2644 2688
f 2688 2644 2678
f 2688 2689 2687
f 2687 2689 2686
f 2690 2691 2688
f 2688 2691 2689
f 2689 2685 2686
f 2686 2685 2684
f 2685 2689 2692
f 2692 2689 2691
f 2679 2690 2678
f 2678 2690 2688
f 2690 2679 2693
f 2693 2679 2694
f 2696 2697 2695
f 2695 2697 2693
f 2691 2690 2697
f 2697 2690 2693
f 2693 2694 2695
f 2695 2694 2673
f 2674 2673 2681
f 2681 2673 2694
f 2679 2677 2694
f 2694 2677 2681
f 2685 2692 2668
f 2668 2692 2669
f 2696 2672 2692
f 2692 2672 2669
f 2696 2692 2697
f 2697 2692 2691
f 2695 2667 2696
f 2696 2667 2672
f 2673 2664 2695
f 2695 2664 2667
f 2675 2654 2659
f 2659 2654 2647
f 2655 2654 2680
f 2680 2654 2675
f 2291 2156 2593
f 2593 2156 2594
f 2597 2602 2598
f 2598 2602 2605
f 2616 2617 2607
f 2607 2617 2608
f 2615 2610 2617
f 2617 2610 2608
f 2597 2596 2612
f 2612 2596 2698
f 2598 2605 2607
f 2607 2605 2616
f 2194 2291 2629
f 2629 2291 2593
f 2629 2618 2613
f 2613 2618 2614
f 2190 2610 2156
f 2156 2610 2594
f 2700 2010 2699
f 2699 2010 2086
f 2267 2701 2116
f 2116 2701 2702
f 2116 2702 2117
f 2117 2702 2703
f 2704 2705 2250
f 2250 2705 2254
f 2011 2706 2267
f 2267 2706 2701
f 2699 2086 2707
f 2707 2086 2289
f 2010 2700 2011
f 2011 2700 2706
f 2708 2707 2251
f 2251 2707 2289
f 2703 2704 2117
f 2117 2704 2250
f 2705 2708 2254
f 2254 2708 2251
f 2709 2710 2708
f 2708 2710 2707
f 2711 2709 2705
f 2705 2709 2708
f 2712 2711 2704
f 2704 2711 2705
f 2713 2712 2703
f 2703 2712 2704
f 2707 2710 2699
f 2699 2710 2714
f 2699 2714 2700
f 2700 2714 2715
f 2716 2706 2715
f 2715 2706 2700
f 2714 2710 2717
f 2717 2710 2718
f 2720 2721 2719
f 2719 2721 2722
f 2721 2723 2722
f 2722 2723 2724
f 2721 2725 2723
f 2723 2725 2726
f 2727 2728 2725
f 2725 2728 2726
f 2729 2725 2720
f 2720 2725 2721
f 2731 2729 2730
f 2730 2729 2720
f 2719 2732 2720
f 2720 2732 2730
f 2726 2733 2723
f 2723 2733 2724
f 2709 2711 2733
f 2733 2711 2724
f 2724 2711 2734
f 2734 2711 2712
f 2722 2724 2735
f 2735 2724 2734
f 2719 2722 2736
f 2736 2722 2735
f 2726 2728 2733
f 2733 2728 2718
f 2709 2733 2710
f 2710 2733 2718
f 2732 2719 2737
f 2737 2719 2736
f 2738 2739 2735
f 2735 2739 2736
f 2739 2740 2736
f 2736 2740 2737
f 2741 2742 2738
f 2738 2742 2739
f 2738 2743 2741
f 2741 2743 2744
f 2740 2739 2745
f 2745 2739 2742
f 2735 2734 2738
f 2738 2734 2743
f 2713 2743 2712
f 2712 2743 2734
f 2737 2746 2732
f 2732 2746 2747
f 2732 2747 2730
f 2730 2747 2731
f 2718 2728 2748
f 2748 2728 2727
f 2749 2750 2727
f 2727 2750 2748
f 2748 2751 2718
f 2718 2751 2717
f 2750 2752 2748
f 2748 2752 2751
f 2750 2749 2754
f 2754 2749 2753
f 2731 2747 2753
f 2753 2747 2754
f 2727 2725 2749
f 2749 2725 2729
f 2749 2729 2753
f 2753 2729 2731
f 2702 2755 2703
f 2703 2755 2713
f 2706 2716 2701
f 2701 2716 2756
f 2755 2702 2756
f 2756 2702 2701
f 2756 2757 2755
f 2755 2757 2744
f 2757 2758 2744
f 2744 2758 2741
f 2759 2757 2716
f 2716 2757 2756
f 2743 2713 2744
f 2744 2713 2755
f 2760 2759 2715
f 2715 2759 2716
f 2715 2714 2760
f 2760 2714 2717
f 2760 2717 2761
f 2761 2717 2751
f 2761 2762 2760
f 2760 2762 2759
f 2763 2764 2761
f 2761 2764 2762
f 2762 2758 2759
f 2759 2758 2757
f 2758 2762 2765
f 2765 2762 2764
f 2752 2763 2751
f 2751 2763 2761
f 2763 2752 2766
f 2766 2752 2767
f 2768 2769 2766
f 2766 2769 2770
f 2764 2763 2770
f 2770 2763 2766
f 2766 2767 2768
f 2768 2767 2746
f 2747 2746 2754
f 2754 2746 2767
f 2752 2750 2767
f 2767 2750 2754
f 2758 2765 2741
f 2741 2765 2742
f 2769 2745 2765
f 2765 2745 2742
f 2769 2765 2770
f 2770 2765 2764
f 2768 2740 2769
f 2769 2740 2745
f 2746 2737 2768
f 2768 2737 2740
f 2201 2212 2200
f 2200 2212 2214
f 2201 2202 2212
f 2212 2202 2185
f 2512 2581 2191
f 2191 2581 2192
f 2059 2290 2056
f 2056 2290 2272
f 2174 2199 2294
f 2294 2199 2278
f 2063 2175 2194
f 2194 2175 2291
f 2192 2581 2133
f 2133 2581 2490
f 2133 2132 2192
f 2192 2132 2189
f 2054 2276 2055
f 2055 2276 2138
f 2083 2279 2084
f 2084 2279 2771
f 2771 2279 2599
f 2599 2279 2596
f 2606 2772 2599
f 2599 2772 2771
f 2772 2773 2771
f 2771 2773 2084
f 2773 2774 2084
f 2084 2774 2085
f 2085 2775 2082
f 2082 2775 2144
f 2774 2078 2085
f 2085 2078 2775
f 2078 2774 2079
f 2079 2774 2776
f 2774 2773 2776
f 2776 2773 2777
f 2773 2772 2777
f 2777 2772 2778
f 2190 2189 2609
f 2609 2189 2778
f 2053 2052 2779
f 2779 2052 2181
f 2144 2775 2081
f 2081 2775 2078
f 2294 2153 2174
f 2174 2153 2175
f 2132 2276 2189
f 2189 2276 2778
f 2606 2609 2772
f 2772 2609 2778
f 2195 2613 2698
f 2698 2613 2612
f 2596 2279 2698
f 2698 2279 2195
f 2054 2777 2276
f 2276 2777 2778
f 2777 2054 2776
f 2776 2054 2053
f 2053 2779 2776
f 2776 2779 2079
f 2779 2181 2079
f 2079 2181 2080
f 2181 2239 2080
f 2080 2239 2240
f 2122 2256 2014
f 2042 1982 2076
f 2076 1982 2007
f 1982 1985 2007
f 2007 1985 2008
f 2095 2097 2265
f 2265 2097 2266
f 2076 2050 2042
f 2042 2050 2047
f 2046 2043 2047
f 2047 2043 2042
f 2118 1993 2046
f 2046 1993 2043
f 1995 1994 2118
f 2118 1994 1993
f 2267 1992 2011
f 2011 1992 2012
f 1997 2012 1994
f 1994 2012 1992
f 2226 2013 1997
f 1997 2013 2012
f 2225 2087 2226
f 2226 2087 2013
f 2225 2232 2087
f 2087 2232 2288
f 2232 2070 2288
f 2288 2070 2252
f 2070 2025 2252
f 2252 2025 2253
f 1988 2249 2025
f 2025 2249 2253
f 2116 2115 2267
f 2267 2115 2268
f 2096 1984 2237
f 2237 1984 1991
f 2095 1985 2096
f 2096 1985 1984
f 2265 2008 2095
f 2095 2008 1985
f 2092 2009 2265
f 2265 2009 2008
f 2091 2286 2092
f 2092 2286 2009
f 2255 2238 2091
f 2091 2238 2286
f 2256 2239 2255
f 2255 2239 2238
f 2122 2240 2256
f 2256 2240 2239
f 2121 2241 2122
f 2122 2241 2240
f 2022 2018 2097
f 2097 2018 2266
f 2022 2024 2018
f 2018 2024 2019
f 2024 2072 2019
f 2019 2072 2073
f 2072 2228 2073
f 2073 2228 2230
f 2228 2184 2230
f 2230 2184 2183
f 2121 2285 2241
f 2241 2285 2258
f 2285 2036 2258
f 2258 2036 2257
f 2177 2145 2193
f 2193 2145 2257
f 2173 2193 2196
f 2196 2193 2037
f 2036 2037 2257
f 2257 2037 2193
f 2196 2037 2066
f 2066 2037 2035
f 2061 2108 2034
f 2034 2108 2067
f 2108 2208 2067
f 2067 2208 2204
f 2208 2210 2204
f 2204 2210 2203
f 2210 2280 2203
f 2203 2280 2186
f 2183 2186 2235
f 2235 2186 2280
f 1987 2114 1988
f 1988 2114 2249
f 2237 2115 1987
f 1987 2115 2114
f 1991 2268 2237
f 2237 2268 2115
f 1991 1990 2268
f 2268 1990 1992
f 107 110 2781
f 2781 110 2780
f 117 2782 118
f 118 2782 2783
f 119 2784 120
f 120 2784 2785
f 125 2786 126
f 126 2786 2787
f 127 2788 128
f 128 2788 2789
f 127 132 2788
f 2788 132 2790
f 231 230 2792
f 2792 230 2791
f 118 2783 119
f 119 2783 2784
f 241 243 2794
f 2794 243 2793
f 2781 2795 107
f 107 2795 352
f 120 2785 437
f 437 2785 2796
f 126 2787 110
f 110 2787 2780
f 455 2797 456
f 456 2797 2798
f 128 2789 457
f 457 2789 2799
f 456 2798 117
f 117 2798 2782
f 2794 2797 241
f 241 2797 455
f 457 2799 125
f 125 2799 2786
f 132 231 2790
f 2790 231 2792
f 230 437 2791
f 2791 437 2796
f 2792 2789 2790
f 2790 2789 2788
f 2785 2784 2801
f 2801 2784 2800
f 2786 2802 2787
f 2787 2802 2803
f 2792 2791 2805
f 2805 2791 2804
f 2784 2783 2800
f 2800 2783 2806
f 2785 2801 2796
f 2796 2801 2807
f 2787 2803 2780
f 2780 2803 2808
f 2789 2809 2799
f 2799 2809 2810
f 2799 2810 2786
f 2786 2810 2802
f 2791 2796 2804
f 2804 2796 2807
f 2789 2792 2809
f 2809 2792 2805
f 2812 2797 2811
f 2811 2797 2794
f 2809 2805 2810
f 2810 2805 2804
f 2810 2804 2802
f 2802 2804 2807
f 2802 2807 2803
f 2803 2807 2801
f 2808 2803 2800
f 2800 2803 2801
f 2814 699 2813
f 2813 699 698
f 2808 2815 2780
f 2780 2815 2781
f 2817 2782 2816
f 2816 2782 2798
f 2815 2818 2781
f 2781 2818 2795
f 2797 2812 2798
f 2798 2812 2816
f 2783 2782 2806
f 2806 2782 2817
f 2800 2806 2808
f 2808 2806 2815
f 2794 2793 2811
f 2811 2793 2819
f 174 201 384
f 384 201 362
f 200 1766 390
f 390 1766 1777
f 1777 1778 390
f 390 1778 398
f 1778 361 398
f 398 361 222
f 2820 2821 628
f 628 2821 629
f 1406 2820 790
f 790 2820 628
f 794 1415 1233
f 1233 1415 1234
f 1406 790 1407
f 1407 790 1312
f 1407 1312 2822
f 2822 1312 1316
f 2823 1380 1543
f 1543 1380 1379
f 1385 1738 1382
f 1382 1738 1383
f 1381 791 1382
f 1382 791 1386
f 791 794 1386
f 1386 794 1233
f 1259 1390 1260
f 1260 1390 1389
f 1905 1542 1394
f 1394 1542 1395
f 1410 1413 1397
f 1397 1413 1398
f 2821 1410 629
f 629 1410 1397
f 2823 2822 1380
f 1380 2822 1316
f 1392 1395 1378
f 1378 1395 1379
f 1738 1399 1383
f 1383 1399 1398
f 1388 1235 1389
f 1389 1235 1234
f 1393 1391 1394
f 1394 1391 1390
f 1381 1384 779
f 779 1384 780
f 1282 788 792
f 792 788 793
f 1431 1262 1432
f 1432 1262 1261
f 1400 1342 1408
f 1408 1342 1409
f 1508 1544 1411
f 1411 1544 1412
f 788 787 793
f 793 787 1414
f 2821 2820 1429
f 1429 2820 1430
f 2822 2823 1506
f 1506 2823 1507
f 778 1282 779
f 779 1282 792
f 2820 1406 1430
f 1430 1406 1409
f 1410 2821 1411
f 1411 2821 1429
f 1407 2822 1408
f 1408 2822 1506
f 1544 781 1412
f 1412 781 780
f 1260 1415 1261
f 1261 1415 1414
f 1334 2824 923
f 923 2824 924
f 2826 1268 2825
f 2825 1268 1267
f 769 1212 2827
f 2827 1212 2828
f 1492 1190 1266
f 1266 1190 1267
f 1488 2829 1489
f 1489 2829 2830
f 922 1329 923
f 923 1329 1328
f 1484 2831 1485
f 1485 2831 2832
f 1482 2833 1485
f 1485 2833 1486
f 1324 1493 1489
f 1489 1493 1490
f 1265 1491 1266
f 1266 1491 1490
f 2835 2836 2834
f 2834 2836 2837
f 1250 2838 2827
f 2827 2838 2839
f 1488 1491 2840
f 2840 1491 2841
f 1268 2826 2842
f 2842 2826 2843
f 2844 2845 1495
f 1495 2845 1496
f 1427 2847 2846
f 2846 2847 926
f 2829 1488 2848
f 2848 1488 2840
f 1329 922 2849
f 2849 922 927
f 2850 2851 768
f 768 2851 1213
f 1265 1268 2852
f 2852 1268 2842
f 1491 1265 2841
f 2841 1265 2852
f 2854 2855 2853
f 2853 2855 2856
f 2855 2857 2856
f 2856 2857 598
f 2857 2858 598
f 598 2858 595
f 2858 2859 595
f 595 2859 626
f 649 652 2860
f 2860 652 2861
f 639 642 2862
f 2862 642 2863
f 2864 705 2862
f 2862 705 639
f 2865 1418 2864
f 2864 1418 705
f 2866 2867 2865
f 2865 2867 1418
f 1760 1348 1761
f 1761 1348 2867
f 1764 2868 1197
f 1197 2868 1198
f 2869 611 2868
f 2868 611 1198
f 2870 612 2869
f 2869 612 611
f 1352 1350 944
f 944 1350 688
f 1350 1256 688
f 688 1256 685
f 1256 1255 685
f 685 1255 692
f 1255 2871 692
f 692 2871 2872
f 701 2873 698
f 698 2873 2813
f 2872 1349 692
f 692 1349 693
f 1696 1744 1574
f 1574 1744 1575
f 1753 1618 1577
f 1577 1618 1578
f 1729 1594 1608
f 1608 1594 1609
f 1725 1630 1611
f 1611 1630 1612
f 1604 1607 1625
f 1625 1607 1626
f 1624 1703 1625
f 1625 1703 1912
f 1703 1702 1912
f 1912 1702 1913
f 1702 1753 1913
f 1913 1753 1577
f 1598 1569 1915
f 1915 1569 1578
f 1616 1615 1915
f 1915 1615 1916
f 1615 1696 1916
f 1916 1696 1574
f 1744 1745 1575
f 1575 1745 1917
f 1745 1565 1917
f 1917 1565 1609
f 1568 1725 1608
f 1608 1725 1611
f 2874 1613 1918
f 1918 1613 1612
f 1607 2874 1626
f 1626 2874 1918
f 1610 1613 1562
f 1562 1613 1563
f 1547 1550 1570
f 1570 1550 1571
f 1573 1576 1580
f 1580 1576 1581
f 1553 1556 1595
f 1595 1556 1596
f 1556 1582 1596
f 1596 1582 1581
f 1551 1547 1599
f 1599 1547 1570
f 1731 1914 1601
f 1601 1914 1602
f 1686 1689 1605
f 1605 1689 1606
f 1598 1743 1599
f 1599 1743 1692
f 2874 1607 1723
f 1723 1607 1606
f 1727 1553 1730
f 1730 1553 1595
f 1600 1686 1601
f 1601 1686 1605
f 1914 1572 1602
f 1602 1572 1571
f 1579 1693 1580
f 1580 1693 1692
f 1613 2874 1563
f 1563 2874 1723
f 1561 1727 1562
f 1562 1727 1730
f 1949 1742 1548
f 1548 1742 1549
f 1694 1949 1552
f 1552 1949 1548
f 1954 1589 1554
f 1554 1589 1555
f 1693 1579 1558
f 1558 1579 1559
f 1561 1564 1584
f 1584 1564 1585
f 1582 1556 1588
f 1588 1556 1555
f 1600 1603 1591
f 1591 1603 1592
f 1981 1977 1687
f 1687 1977 1688
f 1564 1722 1585
f 1585 1722 1690
f 1551 1693 1552
f 1552 1693 1558
f 1751 1954 1728
f 1728 1954 1554
f 1590 1981 1591
f 1591 1981 1687
f 1603 1550 1592
f 1592 1550 1549
f 1977 1691 1688
f 1688 1691 1690
f 1587 1560 1588
f 1588 1560 1559
f 1727 1561 1728
f 1728 1561 1584
f 2875 1919 1947
f 1947 1919 1948
f 1557 1560 1952
f 1952 1560 1953
f 1933 1932 1955
f 1955 1932 1956
f 1587 1589 1958
f 1958 1589 1956
f 1959 1933 1965
f 1965 1933 1955
f 1961 1964 1966
f 1966 1964 1967
f 1981 1590 1969
f 1969 1590 1967
f 1742 1949 1972
f 1972 1949 1948
f 1593 1742 1966
f 1966 1742 1972
f 1957 1950 1958
f 1958 1950 1953
f 1583 1586 1974
f 1974 1586 1975
f 1940 1943 1978
f 1978 1943 1979
f 1943 1976 1979
f 1979 1976 1975
f 1951 2875 1952
f 1952 2875 1947
f 1968 1940 1969
f 1969 1940 1978
f 1973 1959 1974
f 1974 1959 1965
f 1923 1971 1920
f 1920 1971 1921
f 1919 2875 1920
f 1920 2875 1924
f 2875 1951 1924
f 1924 1951 1926
f 1950 1957 1929
f 1929 1957 1930
f 2244 2243 1934
f 1934 2243 1935
f 1973 1976 1937
f 1937 1976 1938
f 1944 1980 1941
f 1941 1980 1942
f 1940 1968 1941
f 1941 1968 1945
f 2287 2244 1960
f 1960 2244 1934
f 1970 2245 1962
f 1962 2245 1963
f 2243 1931 1935
f 1935 1931 1930
f 1927 1926 1928
f 1928 1926 1929
f 1961 1922 1962
f 1962 1922 1921
f 2245 1946 1963
f 1963 1946 1945
f 1976 1943 1938
f 1938 1943 1942
f 1936 2287 1937
f 1937 2287 1960
f 743 1238 608
f 608 1238 609
f 607 1811 608
f 608 1811 744
f 1304 2876 1305
f 1305 2876 2877
f 586 585 1298
f 1298 585 1299
f 585 702 1299
f 1299 702 1300
f 702 1428 1300
f 1300 1428 1301
f 1238 586 609
f 609 586 1298
f 2878 2879 1218
f 1218 2879 2877
f 2880 2881 1812
f 1812 2881 1819
f 2883 1821 2882
f 2882 1821 1820
f 2840 2841 620
f 620 2841 621
f 2842 2843 795
f 795 2843 796
f 892 895 2844
f 2844 895 2845
f 2848 2840 942
f 942 2840 620
f 2849 927 1202
f 1202 927 1203
f 2852 2842 1270
f 1270 2842 795
f 2841 2852 621
f 621 2852 1270
f 941 1759 942
f 942 1759 2884
f 659 929 1427
f 1427 929 2847
f 1237 2851 751
f 751 2851 2850
f 1216 2885 1217
f 1217 2885 1754
f 2887 734 2886
f 2886 734 733
f 2889 1816 2888
f 2888 1816 1815
f 2890 1245 2889
f 2889 1245 1816
f 1824 2891 1825
f 1825 2891 1246
f 2892 2893 2895
f 2895 2893 2894
f 1854 1833 1851
f 1851 1833 1832
f 1851 1832 1884
f 1884 1832 1876
f 1884 1876 1441
f 1441 1876 1443
f 1441 1443 1442
f 1442 1443 1446
f 1442 1446 2896
f 2896 1446 1507
f 2897 2823 2898
f 2898 2823 1543
f 1542 2899 1543
f 1543 2899 2898
f 1542 1905 2899
f 2899 1905 2900
f 1905 1259 2900
f 2900 1259 2901
f 1262 1431 2902
f 2902 1431 1904
f 1431 1434 1904
f 1904 1434 1902
f 1902 1434 2903
f 2903 1434 719
f 2903 719 2904
f 2904 719 718
f 1869 1881 718
f 718 1881 2904
f 1881 1869 1880
f 1880 1869 756
f 1880 756 2905
f 2905 756 755
f 2905 755 2906
f 2906 755 758
f 762 2907 763
f 763 2907 2908
f 724 723 2909
f 2909 723 894
f 796 895 723
f 723 895 894
f 2843 2845 796
f 796 2845 895
f 2826 1496 2843
f 2843 1496 2845
f 2825 1497 2826
f 2826 1497 1496
f 1189 2836 2825
f 2825 2836 1497
f 797 891 798
f 798 891 2837
f 802 888 797
f 797 888 891
f 2910 2911 2913
f 2913 2911 2912
f 1780 1783 2915
f 2915 1783 2914
f 2916 2917 831
f 831 2917 832
f 2918 2919 845
f 845 2919 846
f 2920 2916 847
f 847 2916 831
f 2921 2922 857
f 857 2922 858
f 2923 2924 860
f 860 2924 861
f 2919 2912 846
f 846 2912 887
f 2925 2920 940
f 940 2920 847
f 2924 2926 861
f 861 2926 1204
f 2917 2918 832
f 832 2918 845
f 2927 2928 1449
f 1449 2928 1450
f 2929 2930 889
f 889 2930 2931
f 2896 1507 2897
f 2897 1507 2823
f 2902 2901 1262
f 1262 2901 1259
f 2932 2933 750
f 750 2933 1236
f 2933 2934 1236
f 1236 2934 1835
f 2936 2937 2935
f 2935 2937 2938
f 2940 2941 2939
f 2939 2941 2942
f 2943 2944 1841
f 1841 2944 1842
f 2945 1860 2944
f 2944 1860 1842
f 2945 2946 1860
f 1860 2946 1859
f 1889 2947 1890
f 1890 2947 1856
f 1856 2947 1857
f 1857 2947 2948
f 2950 709 2949
f 2949 709 1829
f 2952 730 2951
f 2951 730 729
f 2866 2953 2867
f 2867 2953 1761
f 2953 2954 1761
f 1761 2954 1420
f 2954 2955 1420
f 1420 2955 742
f 2955 2956 742
f 742 2956 739
f 2956 2957 739
f 739 2957 760
f 2957 2958 760
f 760 2958 761
f 2958 2959 761
f 761 2959 2960
f 2959 2961 2960
f 2960 2961 2962
f 2963 2964 1839
f 1839 2964 1840
f 2964 2965 1840
f 1840 2965 2942
f 2966 2950 2939
f 2939 2950 2949
f 2935 2967 2936
f 2936 2967 2968
f 2969 2970 736
f 736 2970 735
f 734 2887 1815
f 1815 2887 2888
f 2887 2882 2888
f 2888 2882 2881
f 1819 1820 1817
f 1817 1820 748
f 1195 1757 1197
f 1197 1757 1424
f 1757 647 1424
f 1424 647 646
f 647 648 646
f 646 648 643
f 648 1271 643
f 643 1271 737
f 1271 725 737
f 737 725 765
f 725 724 765
f 765 724 762
f 762 724 2907
f 2907 724 2909
f 1254 1437 2909
f 2909 1437 2907
f 1438 1253 1836
f 1836 1253 1835
f 1836 1835 2938
f 2938 1835 2934
f 2971 2972 2935
f 2935 2972 2967
f 897 896 2969
f 2969 896 2970
f 1815 1814 734
f 734 1814 731
f 728 1215 896
f 896 1215 732
f 2885 1216 733
f 733 1216 2886
f 1216 1219 2886
f 2886 1219 2883
f 2876 1304 1821
f 1821 1304 749
f 1304 1303 749
f 749 1303 746
f 1818 2973 1817
f 1817 2973 1810
f 747 2974 1818
f 1818 2974 2973
f 747 746 2974
f 2974 746 1303
f 2976 2977 2975
f 2975 2977 2978
f 2976 2979 2901
f 2901 2979 2900
f 2980 2981 2982
f 2982 2981 2979
f 2981 2980 2983
f 2983 2980 2984
f 2985 2897 2983
f 2983 2897 2898
f 2987 2988 2986
f 2986 2988 2985
f 2896 2988 1442
f 1442 2988 1439
f 1903 2977 1904
f 1904 2977 2902
f 1856 1855 1890
f 1890 1855 2989
f 2989 2990 1890
f 1890 2990 1359
f 2990 2991 1359
f 1359 2991 1356
f 2946 2992 1859
f 1859 2992 1893
f 2992 2993 1893
f 1893 2993 775
f 2993 2994 775
f 775 2994 776
f 2986 1356 2987
f 2987 1356 2991
f 2975 2978 776
f 776 2978 777
f 2982 2994 2980
f 2980 2994 2995
f 1357 2984 2995
f 2995 2984 2980
f 2995 2996 1357
f 1357 2996 1358
f 2996 2997 1358
f 1358 2997 1889
f 2998 2999 2932
f 2932 2999 2933
f 2999 2971 2933
f 2933 2971 2934
f 1837 1836 2937
f 2937 1836 2938
f 2943 1841 2941
f 2941 1841 1838
f 3001 2944 3000
f 3000 2944 2943
f 3001 3002 2944
f 2944 3002 2945
f 3002 3003 2945
f 2945 3003 2946
f 2997 3003 1889
f 1889 3003 2947
f 2947 3003 2948
f 2948 3003 3002
f 3001 3004 3002
f 3002 3004 2948
f 3000 3005 3001
f 3001 3005 3004
f 2940 3006 3000
f 3000 3006 3005
f 2999 3007 2971
f 2971 3007 2972
f 2998 2951 2999
f 2999 2951 3007
f 3008 2952 2998
f 2998 2952 2951
f 2966 2965 2936
f 2936 2965 2937
f 2935 2938 2971
f 2971 2938 2934
f 3003 2997 2946
f 2946 2997 2992
f 2997 2996 2992
f 2992 2996 2993
f 2996 2995 2993
f 2993 2995 2994
f 1356 2986 1357
f 1357 2986 2984
f 2982 2975 2994
f 2994 2975 776
f 1844 1843 1899
f 1899 1843 3009
f 1843 638 3009
f 3009 638 3010
f 638 637 3010
f 3010 637 3011
f 637 1830 3011
f 3011 1830 3012
f 1830 1833 3012
f 3012 1833 2894
f 1833 1854 2894
f 2894 1854 2895
f 1854 1853 2895
f 2895 1853 1888
f 1858 1857 1885
f 1885 1857 1892
f 1899 3009 1898
f 1898 3009 1874
f 3009 3010 1874
f 1874 3010 1865
f 3010 3011 1865
f 1865 3011 1862
f 3011 3012 1862
f 1862 3012 1882
f 3012 2894 1882
f 1882 2894 2893
f 1850 2890 782
f 782 2890 2889
f 783 2880 1811
f 1811 2880 1812
f 744 1810 745
f 745 1810 2973
f 745 2973 805
f 805 2973 806
f 2973 2974 806
f 806 2974 815
f 1303 812 2974
f 2974 812 815
f 1303 1302 812
f 812 1302 1221
f 1307 3013 1302
f 1302 3013 1221
f 1734 3014 1633
f 1633 3014 1634
f 1646 1649 1636
f 1636 1649 1637
f 1654 1657 1641
f 1641 1657 1642
f 1639 1736 1636
f 1636 1736 1684
f 1716 1713 1698
f 1698 1713 1699
f 1718 1721 1705
f 1705 1721 1706
f 1653 1654 1709
f 1709 1654 1641
f 1620 1623 1714
f 1714 1623 1699
f 1712 1682 1714
f 1714 1682 1740
f 1668 1671 1746
f 1746 1671 1747
f 1752 1650 1749
f 1749 1650 1750
f 1750 1650 1709
f 1709 1650 1653
f 1632 1668 1633
f 1633 1668 1746
f 1649 1752 1637
f 1637 1752 1749
f 1682 1643 1740
f 1740 1643 1642
f 3014 1685 1634
f 1634 1685 1684
f 1704 1748 1705
f 1705 1748 1747
f 1697 1707 1698
f 1698 1707 1706
f 1739 1701 1621
f 1621 1701 1622
f 1567 1566 1647
f 1647 1566 1648
f 1664 1695 1651
f 1651 1695 1652
f 1614 1617 1655
f 1655 1617 1656
f 1704 1707 1659
f 1659 1707 1660
f 3014 1734 1662
f 1662 1734 1663
f 1650 1752 1651
f 1651 1752 1665
f 1741 1657 1667
f 1667 1657 1656
f 1695 1614 1652
f 1652 1614 1655
f 1724 1567 1726
f 1726 1567 1647
f 1645 1628 1733
f 1733 1628 1663
f 1685 3014 1726
f 1726 3014 1662
f 1620 1741 1621
f 1621 1741 1667
f 1566 1666 1648
f 1648 1666 1665
f 1658 1737 1659
f 1659 1737 1901
f 1911 1661 1910
f 1910 1661 1660
f 1701 1911 1622
f 1622 1911 1910
f 1732 1748 1733
f 1733 1748 1901
f 1857 2948 1892
f 1892 2948 3004
f 1892 3004 1891
f 1891 3004 3005
f 1828 3006 1829
f 1829 3006 2949
f 2967 736 2968
f 2968 736 710
f 2972 2969 2967
f 2967 2969 736
f 2969 2972 897
f 897 2972 3007
f 897 3007 729
f 729 3007 2951
f 3016 753 3015
f 3015 753 752
f 3018 767 3017
f 3017 767 766
f 3019 3020 1249
f 1249 3020 3021
f 2915 2914 3019
f 3019 2914 3020
f 3023 2914 3022
f 3022 2914 1783
f 2827 2839 769
f 769 2839 766
f 3025 2838 3024
f 3024 2838 3021
f 768 767 2850
f 2850 767 3026
f 2850 3026 751
f 751 3026 752
f 750 753 2932
f 2932 753 3027
f 3008 2998 3027
f 3027 2998 2932
f 3028 3029 3008
f 3008 3029 2952
f 3029 3030 2952
f 2952 3030 730
f 3032 3033 3031
f 3031 3033 3034
f 3036 3037 3035
f 3035 3037 3038
f 2870 3039 612
f 612 3039 3040
f 3041 3042 3031
f 3031 3042 3038
f 3034 1352 3043
f 3043 1352 944
f 612 3040 613
f 613 3040 3044
f 613 3044 1425
f 1425 3044 1422
f 3045 3042 669
f 669 3042 670
f 3041 3043 599
f 599 3043 600
f 772 771 1544
f 1544 771 781
f 1503 771 1866
f 1866 771 770
f 771 1503 781
f 781 1503 778
f 61 281 416
f 416 281 1907
f 283 103 3046
f 3046 103 3047
f 76 79 3048
f 3048 79 3049
f 280 76 1906
f 1906 76 3048
f 3051 335 3050
f 3050 335 334
f 3053 417 3052
f 3052 417 416
f 3055 435 3054
f 3054 435 434
f 428 435 419
f 419 435 1908
f 420 1909 293
f 293 1909 443
f 79 294 3049
f 3049 294 444
f 3057 444 3056
f 3056 444 443
f 3051 3058 335
f 335 3058 452
f 216 215 1332
f 1332 215 452
f 308 283 462
f 462 283 3046
f 3050 334 3059
f 3059 334 462
f 103 62 3047
f 3047 62 417
f 313 312 434
f 434 312 463
f 3061 574 3060
f 3060 574 573
f 1310 3062 1428
f 1428 3062 3063
f 1258 3064 1255
f 1255 3064 2871
f 932 3065 2853
f 2853 3065 3066
f 699 2814 931
f 931 2814 3067
f 3068 1301 3063
f 3063 1301 1428
f 571 574 1310
f 1310 574 3062
f 3060 573 3069
f 3069 573 1332
f 3070 3071 1906
f 1906 3071 1907
f 3072 3073 1908
f 1908 3073 1909
f 3075 2814 3074
f 3074 2814 2813
f 2854 3076 1258
f 1258 3076 3064
f 2871 3077 2872
f 2872 3077 3078
f 3074 2813 3079
f 3079 2813 2873
f 2872 3078 1349
f 1349 3078 3080
f 2873 701 3068
f 3068 701 1301
f 1330 1201 3080
f 3080 1201 1349
f 1264 1263 3081
f 3081 1263 3082
f 3083 3084 3082
f 3082 3084 3081
f 811 1448 3086
f 3086 1448 3085
f 808 811 3087
f 3087 811 3086
f 3088 3083 833
f 833 3083 3082
f 884 3089 885
f 885 3089 3090
f 3087 1790 808
f 808 1790 816
f 1790 3087 1787
f 1787 3087 3091
f 3092 3091 3086
f 3086 3091 3087
f 3093 3094 3084
f 3084 3094 3095
f 3089 3096 3090
f 3090 3096 3088
f 3097 3093 3083
f 3083 3093 3084
f 3099 3100 3098
f 3098 3100 1786
f 3101 1788 2913
f 2913 1788 3102
f 838 837 885
f 885 837 886
f 886 837 3103
f 3103 837 1541
f 3094 3093 3104
f 3104 3093 3097
f 3105 3106 3089
f 3089 3106 3096
f 3108 3109 3107
f 3107 3109 3110
f 3111 3112 3091
f 3091 3112 1787
f 3114 3108 3113
f 3113 3108 3107
f 3114 3115 3112
f 3112 3115 3102
f 3091 3092 3111
f 3111 3092 3116
f 839 838 835
f 835 838 836
f 885 3090 838
f 838 3090 836
f 3110 3117 1247
f 1247 3117 3118
f 1247 3118 1248
f 1248 3118 3119
f 3120 3121 3119
f 3119 3121 1248
f 1247 844 3110
f 3110 844 3107
f 844 843 3107
f 3107 843 3113
f 843 3099 3113
f 3113 3099 3122
f 1781 3123 3098
f 3098 3123 3124
f 2915 2931 1780
f 1780 2931 2930
f 3019 3125 2915
f 2915 3125 2931
f 890 3125 2834
f 2834 3125 1252
f 3125 3019 1252
f 1252 3019 1249
f 907 908 946
f 946 908 947
f 1185 1188 1369
f 1369 1188 948
f 954 957 951
f 951 957 952
f 910 965 953
f 953 965 950
f 905 958 960
f 960 958 961
f 3126 978 949
f 949 978 962
f 936 935 967
f 967 935 968
f 994 993 969
f 969 993 966
f 902 904 971
f 971 904 972
f 983 985 973
f 973 985 970
f 906 905 974
f 974 905 960
f 977 981 959
f 959 981 975
f 911 910 1143
f 1143 910 953
f 952 957 1142
f 1142 957 1145
f 911 1143 1366
f 1366 1143 1368
f 1185 1369 1145
f 1145 1369 1142
f 993 1519 966
f 966 1519 1456
f 965 1454 950
f 950 1454 1457
f 900 899 1459
f 1459 899 1460
f 988 991 1461
f 1461 991 1458
f 899 963 1460
f 1460 963 1462
f 985 987 970
f 970 987 1463
f 904 906 972
f 972 906 974
f 981 983 975
f 975 983 973
f 935 900 968
f 968 900 1459
f 991 994 1458
f 1458 994 969
f 1154 1526 1088
f 1088 1526 1089
f 1109 1112 1092
f 1092 1112 1093
f 1083 1098 1084
f 1084 1098 1097
f 1078 1471 1100
f 1100 1471 1101
f 1075 1078 1104
f 1104 1078 1100
f 1152 1154 1156
f 1156 1154 1088
f 1156 1155 1372
f 1372 1155 1373
f 1372 1373 1104
f 1104 1373 1075
f 1467 1109 1465
f 1465 1109 1092
f 1465 1182 1468
f 1468 1182 1184
f 1474 1470 1096
f 1096 1470 1097
f 1102 1101 1083
f 1083 1101 1098
f 1112 1531 1093
f 1093 1531 1529
f 1102 1073 1099
f 1099 1073 1072
f 1526 1154 1079
f 1079 1154 1080
f 1081 1091 1082
f 1082 1091 1094
f 1069 1068 1085
f 1085 1068 1086
f 1153 1151 1080
f 1080 1151 1058
f 1371 1177 1179
f 1179 1177 1176
f 1099 1072 1103
f 1103 1072 1176
f 1068 1071 1086
f 1086 1071 1073
f 1085 1084 1180
f 1180 1084 1469
f 1066 1065 1183
f 1183 1065 1181
f 1153 1152 1177
f 1177 1152 1178
f 1091 1081 1182
f 1182 1081 1183
f 1057 1525 1079
f 1079 1525 1527
f 1120 1117 1076
f 1076 1117 1077
f 1087 1090 1107
f 1107 1090 1108
f 1127 1126 1110
f 1110 1126 1111
f 1095 1116 1096
f 1096 1116 1115
f 1471 1078 1119
f 1119 1078 1077
f 1087 1107 1155
f 1155 1107 1158
f 1376 1374 1157
f 1157 1374 1158
f 1076 1075 1374
f 1374 1075 1373
f 1109 1467 1110
f 1110 1467 1472
f 1467 1466 1472
f 1472 1466 1473
f 1135 1475 1114
f 1114 1475 1115
f 1471 1119 1095
f 1095 1119 1116
f 1126 1532 1111
f 1111 1532 1530
f 914 1276 1480
f 1480 1276 1517
f 3127 3128 1223
f 1223 3128 1224
f 824 933 1455
f 1455 933 3129
f 3131 1448 3130
f 3130 1448 1447
f 3132 3133 1452
f 1452 3133 1453
f 3130 1447 1322
f 1322 1447 1455
f 933 1514 3129
f 3129 1514 3134
f 1161 3135 1480
f 1480 3135 1481
f 3128 3136 1224
f 1224 3136 1499
f 3133 1162 1453
f 1453 1162 1517
f 1515 3127 1535
f 1535 3127 1223
f 3095 3085 3131
f 3131 3085 1448
f 3137 3092 3085
f 3085 3092 3086
f 3138 3116 3137
f 3137 3116 3092
f 3110 3109 3117
f 3117 3109 3139
f 3105 3140 3117
f 3117 3140 3118
f 3140 3141 3118
f 3118 3141 3119
f 3142 3120 3141
f 3141 3120 3119
f 1498 3143 1277
f 1277 3143 882
f 3144 3145 1340
f 1340 3145 1339
f 1340 3146 3144
f 3144 3146 3147
f 3145 3144 3143
f 3143 3144 3148
f 871 901 872
f 872 901 1362
f 3149 3148 3147
f 3147 3148 3144
f 1208 3150 1209
f 3098 1786 1781
f 1781 1786 1782
f 2930 2929 3123
f 3123 2929 2911
f 1794 1791 2916
f 2916 1791 2917
f 1793 3101 2918
f 2918 3101 2919
f 1796 1794 2920
f 2920 1794 2916
f 3151 3152 2921
f 2921 3152 2922
f 3153 3154 2923
f 2923 3154 2924
f 2919 3101 2912
f 2912 3101 2913
f 3155 1796 2925
f 2925 1796 2920
f 3154 3156 2924
f 2924 3156 2926
f 1791 1793 2917
f 2917 1793 2918
f 3157 3158 2927
f 2927 3158 2928
f 1780 2930 1781
f 1781 2930 3123
f 2825 1267 1189
f 1189 1267 1190
f 2827 2828 1250
f 1250 2828 1251
f 1489 2830 1324
f 1324 2830 1325
f 923 1328 1334
f 1334 1328 1335
f 1485 2832 1482
f 1482 2832 1483
f 1266 1490 1492
f 1492 1490 1493
f 1333 1346 1334
f 1334 1346 2824
f 722 799 1492
f 1492 799 1190
f 664 657 1482
f 1482 657 2833
f 631 634 1324
f 1324 634 1493
f 2828 1494 1251
f 1251 1494 2835
f 1249 3021 1250
f 1250 3021 2838
f 798 2837 1189
f 1189 2837 2836
f 3100 842 3160
f 3160 842 3159
f 1788 3101 1789
f 1789 3101 1793
f 1792 816 1789
f 1789 816 1790
f 817 816 1795
f 1795 816 1792
f 938 817 1797
f 1797 817 1795
f 1796 3155 1797
f 1797 3155 1798
f 3155 3158 1798
f 1798 3158 1799
f 3157 3152 1801
f 1801 3152 1802
f 3151 3156 1803
f 1803 3156 1804
f 3154 3153 1805
f 1805 3153 1806
f 3153 3161 1806
f 1806 3161 1807
f 3099 843 3100
f 3100 843 842
f 1788 1787 3102
f 3102 1787 3112
f 2910 3115 3124
f 3124 3115 3122
f 3099 3098 3122
f 3122 3098 3124
f 416 1907 3052
f 3052 1907 3071
f 3046 3047 3163
f 3163 3047 3162
f 249 445 259
f 259 445 3164
f 425 3165 424
f 424 3165 461
f 408 410 329
f 329 410 330
f 39 331 40
f 40 331 332
f 305 304 423
f 423 304 464
f 385 254 458
f 458 254 392
f 250 415 251
f 251 415 412
f 233 337 234
f 234 337 3166
f 435 3055 1908
f 1908 3055 3072
f 443 1909 3056
f 3056 1909 3073
f 3167 3049 3057
f 3057 3049 444
f 452 3058 1332
f 1332 3058 3069
f 234 3166 346
f 346 3166 411
f 3046 3163 462
f 462 3163 3059
f 259 3164 260
f 260 3164 336
f 3047 417 3162
f 3162 417 3053
f 463 3168 434
f 434 3168 3054
f 454 830 425
f 425 830 3165
f 3062 3169 3063
f 3063 3169 3170
f 1355 1354 1534
f 1534 1354 3171
f 3063 3170 3068
f 3068 3170 3172
f 574 3061 3062
f 3062 3061 3169
f 1534 3171 1535
f 1535 3171 3173
f 3079 2873 3172
f 3172 2873 3068
f 2838 3025 2839
f 2839 3025 3174
f 3176 3177 3175
f 3175 3177 3178
f 3180 1125 3179
f 3179 1125 1128
f 3182 3183 3181
f 3181 3183 3184
f 1134 3185 1130
f 1130 3185 3182
f 3186 3187 3189
f 3189 3187 3188
f 3191 3189 3190
f 3190 3189 3188
f 1137 1122 3190
f 3190 1122 3192
f 3175 3178 3193
f 3193 3178 3194
f 3181 3184 3179
f 3179 3184 3195
f 3197 3198 3196
f 3196 3198 3180
f 3200 3178 3199
f 3199 3178 3177
f 3202 3196 3201
f 3201 3196 3195
f 3204 3184 3203
f 3203 3184 3183
f 3206 3207 3205
f 3205 3207 3186
f 3205 3186 3208
f 3208 3186 3189
f 3209 3208 3191
f 3191 3208 3189
f 3210 3194 3200
f 3200 3194 3178
f 3201 3195 3204
f 3204 3195 3184
f 3197 3211 3177
f 3177 3211 3199
f 3213 3214 3212
f 3212 3214 3215
f 3217 3218 3216
f 3216 3218 3219
f 3221 3222 3220
f 3220 3222 3223
f 3225 3226 3224
f 3224 3226 3227
f 3229 3230 3228
f 3228 3230 3231
f 3233 3234 3232
f 3232 3234 3235
f 3237 3238 3236
f 3236 3238 3239
f 3238 3240 3239
f 3239 3240 3241
f 3232 3235 3242
f 3242 3235 3243
f 3245 3246 3244
f 3244 3246 3247
f 3248 3249 3245
f 3245 3249 3246
f 3251 3252 3250
f 3250 3252 3253
f 3255 3252 3254
f 3254 3252 3251
f 3256 3257 3259
f 3259 3257 3258
f 3261 3262 3260
f 3260 3262 3263
f 3265 3263 3264
f 3264 3263 3262
f 3256 3259 3266
f 3266 3259 3267
f 3269 3270 3268
f 3268 3270 3271
f 3269 3272 3270
f 3270 3272 3273
f 3274 3275 3277
f 3277 3275 3276
f 3278 3279 3276
f 3276 3279 3277
f 3281 3282 3280
f 3280 3282 3283
f 3280 3284 3281
f 3281 3284 3285
f 3287 3288 3286
f 3286 3288 3289
f 3290 3291 3288
f 3288 3291 3289
f 3234 3218 3235
f 3235 3218 3217
f 3232 3292 3233
f 3233 3292 3293
f 3239 3294 3236
f 3236 3294 3219
f 3233 3293 3237
f 3237 3293 3295
f 3296 3294 3241
f 3241 3294 3239
f 3240 3238 3297
f 3297 3238 3298
f 3217 3216 3235
f 3235 3216 3243
f 3297 3299 3240
f 3240 3299 3242
f 3246 3300 3247
f 3247 3300 3223
f 3301 3302 3254
f 3254 3302 3244
f 3249 3303 3246
f 3246 3303 3300
f 3245 3304 3248
f 3248 3304 3292
f 3252 3221 3253
f 3253 3221 3220
f 3250 3248 3299
f 3299 3248 3292
f 3222 3221 3255
f 3255 3221 3252
f 3297 3301 3251
f 3251 3301 3254
f 3258 3214 3259
f 3259 3214 3213
f 3257 3256 3304
f 3304 3256 3305
f 3263 3306 3260
f 3260 3306 3215
f 3261 3257 3302
f 3302 3257 3304
f 3307 3306 3265
f 3265 3306 3263
f 3262 3301 3264
f 3264 3301 3308
f 3259 3213 3267
f 3267 3213 3212
f 3308 3309 3264
f 3264 3309 3266
f 3270 3310 3271
f 3271 3310 3231
f 3311 3312 3278
f 3278 3312 3268
f 3270 3273 3310
f 3310 3273 3313
f 3272 3269 3305
f 3305 3269 3314
f 3277 3229 3274
f 3274 3229 3228
f 3275 3272 3309
f 3309 3272 3305
f 3279 3230 3277
f 3277 3230 3229
f 3276 3308 3278
f 3278 3308 3311
f 3281 3315 3282
f 3282 3315 3227
f 3290 3316 3283
f 3283 3316 3317
f 3281 3285 3315
f 3315 3285 3318
f 3284 3280 3314
f 3314 3280 3319
f 3289 3225 3286
f 3286 3225 3224
f 3287 3284 3312
f 3284 3314 3312
f 3291 3226 3289
f 3289 3226 3225
f 3288 3311 3290
f 3290 3311 3316
f 3212 3215 3307
f 3307 3215 3306
f 3294 3296 3219
f 3219 3296 3216
f 3303 3220 3300
f 3300 3220 3223
f 3224 3227 3318
f 3318 3227 3315
f 3228 3231 3313
f 3313 3231 3310
f 3234 3233 3236
f 3236 3233 3237
f 3243 3241 3242
f 3242 3241 3240
f 3247 3255 3244
f 3244 3255 3254
f 3253 3249 3250
f 3250 3249 3248
f 3260 3258 3261
f 3261 3258 3257
f 3266 3267 3264
f 3264 3267 3265
f 3268 3271 3278
f 3278 3271 3279
f 3274 3273 3275
f 3275 3273 3272
f 3283 3282 3290
f 3290 3282 3291
f 3286 3285 3287
f 3287 3285 3284
f 3218 3234 3219
f 3219 3234 3236
f 3295 3298 3237
f 3237 3298 3238
f 3216 3296 3243
f 3243 3296 3241
f 3242 3299 3232
f 3232 3299 3292
f 3223 3222 3247
f 3247 3222 3255
f 3244 3302 3245
f 3245 3302 3304
f 3303 3249 3220
f 3220 3249 3253
f 3297 3251 3299
f 3299 3251 3250
f 3215 3214 3260
f 3260 3214 3258
f 3301 3262 3302
f 3302 3262 3261
f 3212 3307 3267
f 3267 3307 3265
f 3266 3309 3256
f 3256 3309 3305
f 3271 3231 3279
f 3279 3231 3230
f 3268 3312 3269
f 3269 3312 3314
f 3228 3313 3274
f 3274 3313 3273
f 3308 3276 3309
f 3309 3276 3275
f 3282 3227 3291
f 3291 3227 3226
f 3317 3319 3283
f 3283 3319 3280
f 3224 3318 3286
f 3286 3318 3285
f 3312 3311 3287
f 3311 3288 3287
f 3320 3321 3194
f 3194 3321 3193
f 1375 3321 1121
f 1121 3321 3322
f 3323 3324 3322
f 3322 3324 3192
f 3175 1124 3176
f 3176 1124 1123
f 3179 3195 3180
f 3180 3195 3196
f 3181 1131 3182
f 3182 1131 1130
f 3207 3185 3186
f 3186 3185 3187
f 1136 3188 1133
f 1133 3188 3187
f 3190 3188 1137
f 1137 3188 1136
f 3193 1159 3175
f 3175 1159 1124
f 3179 1128 3181
f 3181 1128 1131
f 1533 3198 1123
f 1123 3198 3176
f 3321 1375 3193
f 3193 1375 1159
f 3321 3320 3322
f 3322 3320 3323
f 1122 1121 3192
f 3192 1121 3322
f 3194 3210 3320
f 3320 3210 3325
f 3324 3323 3327
f 3327 3323 3326
f 3320 3325 3323
f 3323 3325 3326
f 3208 3328 3205
f 3205 3328 3329
f 3330 3206 3329
f 3329 3206 3205
f 3203 3331 3204
f 3204 3331 3332
f 3210 3333 3325
f 3325 3333 3334
f 3325 3334 3326
f 3326 3334 3335
f 3327 3326 3336
f 3336 3326 3335
f 3327 3209 3324
f 3324 3209 3191
f 3190 3192 3191
f 3191 3192 3324
f 3338 3339 3337
f 3337 3339 3340
f 3338 3341 3339
f 3339 3341 3342
f 3341 3343 3342
f 3342 3343 3344
f 3343 3345 3344
f 3344 3345 3346
f 3345 3347 3346
f 3346 3347 3348
f 3347 3349 3348
f 3348 3349 3350
f 3337 3340 3351
f 3351 3340 3352
f 3351 3352 3353
f 3353 3352 3354
f 3353 3354 3355
f 3355 3354 3356
f 3350 3349 3357
f 3357 3349 3358
f 3355 3356 3359
f 3359 3356 3360
f 3359 3360 3361
f 3361 3360 3362
f 3361 3362 3363
f 3363 3362 3364
f 3363 3364 3358
f 3358 3364 3357
f 3339 3342 3365
f 3365 3342 3366
f 3342 3344 3366
f 3366 3344 3367
f 3344 3346 3367
f 3367 3346 3368
f 3346 3348 3368
f 3368 3348 3369
f 3348 3350 3369
f 3369 3350 3370
f 3368 3369 3371
f 3371 3369 3372
f 3369 3370 3372
f 3372 3370 3373
f 3373 3374 3372
f 3372 3374 3375
f 3377 3378 3376
f 3376 3378 3379
f 3377 3375 3378
f 3378 3375 3374
f 3375 3380 3372
f 3372 3380 3371
f 3377 3381 3375
f 3375 3381 3380
f 3376 3382 3377
f 3377 3382 3381
f 3384 3385 3383
f 3383 3385 3386
f 3384 3383 3388
f 3388 3383 3387
f 3388 3387 3389
f 3389 3387 3390
f 3392 3385 3391
f 3391 3385 3384
f 3388 3393 3384
f 3384 3393 3391
f 3389 3394 3388
f 3388 3394 3393
f 3389 3395 3394
f 3394 3395 3396
f 3395 3389 3397
f 3397 3389 3390
f 3339 3365 3340
f 3340 3365 3398
f 3340 3398 3352
f 3352 3398 3399
f 3371 3400 3368
f 3368 3400 3367
f 3400 3401 3367
f 3367 3401 3366
f 3366 3401 3365
f 3365 3401 3402
f 3398 3365 3403
f 3403 3365 3402
f 3398 3403 3399
f 3399 3403 3404
f 3403 3405 3404
f 3404 3405 3406
f 3352 3399 3354
f 3354 3399 3407
f 3399 3404 3407
f 3407 3404 3408
f 3404 3406 3408
f 3408 3406 3409
f 3405 3410 3406
f 3406 3410 3411
f 3410 3412 3411
f 3411 3412 3413
f 3397 3414 3395
f 3395 3414 3415
f 3417 3415 3416
f 3416 3415 3412
f 3410 3418 3412
f 3412 3418 3416
f 3410 3405 3418
f 3418 3405 3419
f 3405 3403 3419
f 3419 3403 3402
f 3370 3350 3420
f 3420 3350 3357
f 3373 3370 3421
f 3421 3370 3420
f 3374 3373 3422
f 3422 3373 3421
f 3378 3374 3423
f 3423 3374 3422
f 3378 3423 3379
f 3379 3423 3424
f 3424 3425 3379
f 3379 3425 3386
f 3383 3426 3387
f 3387 3426 3427
f 3387 3427 3390
f 3390 3427 3428
f 3390 3428 3397
f 3397 3428 3429
f 3429 3430 3397
f 3397 3430 3414
f 3411 3413 3431
f 3431 3413 3432
f 3406 3411 3409
f 3409 3411 3431
f 3401 3400 3335
f 3335 3400 3336
f 3401 3335 3402
f 3402 3335 3334
f 3402 3334 3419
f 3419 3334 3333
f 3419 3333 3418
f 3418 3333 3433
f 3418 3433 3416
f 3416 3433 3434
f 3435 3417 3434
f 3434 3417 3416
f 3394 3396 3436
f 3436 3396 3437
f 3393 3394 3332
f 3332 3394 3436
f 3393 3332 3391
f 3391 3332 3331
f 3330 3392 3331
f 3331 3392 3391
f 3382 3329 3381
f 3381 3329 3328
f 3354 3407 3356
f 3356 3407 3438
f 3356 3438 3360
f 3360 3438 3439
f 3360 3439 3362
f 3362 3439 3440
f 3362 3440 3364
f 3364 3440 3441
f 3364 3441 3357
f 3357 3441 3420
f 3421 3420 3442
f 3442 3420 3441
f 3442 3441 3443
f 3443 3441 3440
f 3443 3440 3444
f 3444 3440 3439
f 3444 3439 3445
f 3445 3439 3438
f 3445 3438 3408
f 3408 3438 3407
f 3422 3421 3446
f 3446 3421 3442
f 3446 3442 3447
f 3447 3442 3443
f 3447 3443 3448
f 3448 3443 3444
f 3448 3444 3449
f 3449 3444 3445
f 3449 3445 3409
f 3409 3445 3408
f 3409 3431 3449
f 3449 3431 3450
f 3449 3450 3448
f 3448 3450 3451
f 3451 3452 3448
f 3448 3452 3447
f 3447 3452 3446
f 3446 3452 3453
f 3446 3453 3422
f 3422 3453 3423
f 3424 3423 3454
f 3454 3423 3453
f 3452 3455 3453
f 3453 3455 3454
f 3452 3451 3455
f 3455 3451 3456
f 3450 3457 3451
f 3451 3457 3456
f 3431 3432 3450
f 3450 3432 3457
f 3454 3458 3424
f 3424 3458 3425
f 3427 3426 3459
f 3459 3426 3460
f 3428 3427 3461
f 3461 3427 3459
f 3428 3461 3429
f 3429 3461 3462
f 3462 3463 3429
f 3429 3463 3430
f 3464 3465 3462
f 3462 3465 3463
f 3455 3466 3454
f 3454 3466 3458
f 3465 3464 3466
f 3466 3464 3467
f 3461 3459 3468
f 3468 3459 3469
f 3468 3469 3464
f 3464 3469 3467
f 3464 3462 3468
f 3468 3462 3461
f 3459 3460 3469
f 3469 3460 3467
f 3295 3351 3298
f 3298 3351 3353
f 3353 3355 3298
f 3298 3355 3297
f 3297 3355 3301
f 3301 3355 3359
f 3301 3359 3308
f 3308 3359 3361
f 3308 3361 3311
f 3311 3361 3363
f 3311 3363 3316
f 3316 3363 3358
f 3316 3358 3317
f 3317 3358 3349
f 3349 3347 3317
f 3317 3347 3319
f 3347 3345 3319
f 3319 3345 3314
f 3345 3343 3314
f 3314 3343 3305
f 3343 3341 3305
f 3305 3341 3304
f 3304 3341 3292
f 3292 3341 3338
f 3292 3338 3293
f 3293 3338 3337
f 3293 3337 3295
f 3295 3337 3351
f 3437 3202 3436
f 3436 3202 3201
f 3436 3201 3332
f 3332 3201 3204
f 3433 3200 3434
f 3434 3200 3199
f 3211 3435 3199
f 3199 3435 3434
f 3333 3210 3433
f 3433 3210 3200
f 3380 3470 3371
f 3400 3371 3336
f 3336 3371 3470
f 3381 3328 3380
f 3380 3328 3470
f 3470 3328 3209
f 3209 3328 3208
f 3336 3470 3327
f 3327 3470 3209
f 1545 1763 1546
f 1546 1763 1762
f 1403 1546 773
f 773 1546 770
f 1221 3013 1220
f 1220 3013 3471
f 1305 2877 1306
f 1306 2877 2879
f 1220 3471 828
f 828 3471 829
f 1217 1754 3472
f 3472 1754 1756
f 1049 3473 1048
f 1048 3473 3474
f 1371 1179 3473
f 3473 1179 3474
f 1074 3475 1179
f 1179 3475 3474
f 3474 3475 1048
f 1048 3475 1056
f 919 666 1345
f 1345 666 665
f 856 680 919
f 919 680 666
f 679 680 1449
f 1449 680 858
f 1367 878 1500
f 1500 878 877
f 1366 908 1367
f 1367 908 878
f 1512 916 1513
f 1513 916 915
f 947 1368 948
f 948 1368 1369
f 1047 1021 1044
f 1044 1021 1020
f 1370 1049 1019
f 1019 1049 1020
f 1173 1030 1174
f 1174 1030 1033
f 3126 1188 1464
f 1464 1188 1187
f 1800 1451 1512
f 1512 1451 916
f 1175 1174 1186
f 1186 1174 1187
f 1030 1173 1047
f 1047 1173 1021
f 1513 915 3476
f 3476 915 1481
f 1345 665 3477
f 3477 665 1483
f 1502 1501 876
f 876 1501 877
f 1205 1451 1803
f 1803 1451 1802
f 3479 2832 3478
f 3478 2832 2831
f 1449 858 2927
f 2927 858 2922
f 908 1366 947
f 947 1366 1368
f 949 948 3126
f 3126 948 1188
f 3480 3135 1502
f 1502 3135 1501
f 2927 2922 3157
f 3157 2922 3152
f 3477 1483 3479
f 3479 1483 2832
f 1803 1802 3151
f 3151 1802 3152
f 663 658 664
f 664 658 657
f 655 658 939
f 939 658 706
f 1512 870 1800
f 1800 870 869
f 875 874 876
f 876 874 873
f 849 874 905
f 905 874 958
f 949 962 946
f 946 962 961
f 978 3126 979
f 979 3126 1464
f 1031 1168 1032
f 1032 1168 1022
f 1045 1013 1046
f 1046 1013 1012
f 1045 1044 1056
f 1056 1044 1048
f 1047 1046 1030
f 1030 1046 1031
f 939 706 940
f 940 706 1450
f 979 1464 1032
f 1032 1464 1033
f 3480 1478 3476
f 3476 1478 3134
f 2829 1487 2830
f 2830 1487 1486
f 848 1230 873
f 873 1230 1479
f 867 870 933
f 933 870 1514
f 1800 869 1801
f 1801 869 1799
f 2830 1486 1325
f 1325 1486 2833
f 940 1450 2925
f 2925 1450 2928
f 946 961 907
f 907 961 958
f 959 962 977
f 977 962 978
f 3476 3134 1513
f 1513 3134 1514
f 2925 2928 3155
f 3155 2928 3158
f 1325 2833 656
f 656 2833 657
f 1801 1799 3157
f 3157 1799 3158
f 1074 1055 3475
f 3475 1055 1056
f 1371 3473 1370
f 1370 3473 1049
f 2884 615 3481
f 3481 615 618
f 3478 2831 2846
f 2846 2831 617
f 2831 1484 617
f 617 1484 618
f 1484 1487 618
f 618 1487 3481
f 2848 3481 2829
f 2829 3481 1487
f 1480 1517 1161
f 1161 1517 1162
f 3129 1323 1455
f 1455 1323 1322
f 3129 3134 1323
f 1323 3134 1478
f 1535 3173 1515
f 1515 3173 1516
f 3085 3095 3137
f 3137 3095 3094
f 3137 3094 3138
f 3138 3094 3104
f 3117 3139 3105
f 3105 3139 3106
f 1138 1141 3127
f 3127 1141 3128
f 3081 3131 1264
f 1264 3131 3130
f 1227 1226 3132
f 3132 1226 3133
f 1264 3130 1229
f 1229 3130 1322
f 1160 1501 1161
f 1161 1501 3135
f 1141 1476 3128
f 3128 1476 3136
f 1226 1163 3133
f 3133 1163 1162
f 1363 1138 1515
f 1515 1138 3127
f 3084 3095 3081
f 3081 3095 3131
f 3089 884 3105
f 3105 884 3140
f 884 883 3140
f 3140 883 3141
f 883 3482 3141
f 3141 3482 3142
f 3476 1481 3480
f 3480 1481 3135
f 1502 1479 3480
f 3480 1479 1478
f 3168 463 440
f 714 1880 715
f 715 1880 2905
f 896 732 2970
f 2970 732 731
f 1263 834 3082
f 3082 834 833
f 898 1231 853
f 853 1231 854
f 3125 890 2931
f 2931 890 889
f 1237 893 2851
f 2851 893 892
f 898 853 899
f 899 853 963
f 988 987 989
f 989 987 986
f 1002 1007 1003
f 1003 1007 1006
f 1038 1036 1007
f 1007 1036 1004
f 1070 1052 1005
f 1005 1052 1006
f 1069 1067 1070
f 1070 1067 1052
f 1130 1129 1134
f 1134 1129 1135
f 879 1167 880
f 880 1167 1166
f 1171 1169 1037
f 1037 1169 1038
f 1085 1180 1069
f 1069 1180 1067
f 1209 1210 879
f 879 1210 1167
f 2885 1215 1754
f 1754 1215 1214
f 1263 855 834
f 834 855 854
f 708 1244 1826
f 1826 1244 1243
f 2909 894 1254
f 1254 894 893
f 1228 1361 964
f 964 1361 1360
f 2908 2907 1436
f 1436 2907 1437
f 2990 1440 2991
f 2991 1440 1439
f 964 1360 965
f 965 1360 1454
f 950 1457 951
f 951 1457 1456
f 970 1463 971
f 971 1463 1462
f 1025 1169 984
f 984 1169 986
f 1084 1097 1469
f 1469 1097 1470
f 1096 1115 1474
f 1474 1115 1475
f 1140 1361 1141
f 1141 1361 1476
f 1212 1495 2828
f 2828 1495 1494
f 880 1166 1452
f 1452 1166 1499
f 715 2905 1504
f 1504 2905 2906
f 954 1519 955
f 955 1519 1518
f 1026 1520 992
f 992 1520 1518
f 1029 1520 1043
f 1043 1520 1521
f 997 1522 1040
f 1040 1522 1521
f 1015 1522 1016
f 1016 1522 1523
f 1523 996 1524
f 1524 996 1062
f 1057 1060 1525
f 1525 1060 1524
f 1094 1528 1082
f 1082 1528 1527
f 1526 1528 1089
f 1089 1528 1529
f 1090 1531 1108
f 1108 1531 1530
f 1125 1533 1126
f 1126 1533 1532
f 3483 1755 727
f 727 1755 1214
f 735 1814 707
f 707 1814 1813
f 2891 1834 1246
f 1246 1834 1243
f 2904 1881 1847
f 1847 1881 1848
f 1852 1855 1853
f 1853 1855 1858
f 1902 2903 1877
f 1877 2903 1878
f 2903 2904 1878
f 1878 2904 1847
f 714 713 1848
f 1848 713 1849
f 1440 2990 1883
f 1883 2990 2989
f 1883 2989 1852
f 1852 2989 1855
f 2895 1888 2892
f 2892 1888 1887
f 774 777 1877
f 1877 777 1903
f 1251 2835 1252
f 1252 2835 2834
f 1213 2844 1212
f 1212 2844 1495
f 2851 892 1213
f 1213 892 2844
f 3123 2911 3124
f 3124 2911 2910
f 887 2929 888
f 888 2929 889
f 1435 2963 1436
f 1436 2963 2961
f 1253 1438 1254
f 1254 1438 1437
f 2970 731 735
f 735 731 1814
f 733 732 2885
f 2885 732 1215
f 2901 2902 2976
f 2976 2902 2977
f 2975 2982 2976
f 2976 2982 2979
f 2899 2900 2981
f 2981 2900 2979
f 2899 2981 2898
f 2898 2981 2983
f 2986 2985 2984
f 2984 2985 2983
f 2897 2985 2896
f 2896 2985 2988
f 2991 1439 2987
f 2987 1439 2988
f 777 2978 1903
f 1903 2978 2977
f 1885 1888 1858
f 1858 1888 1853
f 3090 3088 836
f 836 3088 833
f 3083 3088 3097
f 3097 3088 3096
f 3097 3096 3104
f 3104 3096 3106
f 3111 3116 3108
f 3108 3116 3109
f 3112 3111 3114
f 3114 3111 3108
f 3113 3122 3114
f 3114 3122 3115
f 891 890 2837
f 2837 890 2834
f 951 1456 954
f 954 1456 1519
f 967 1457 936
f 936 1457 1454
f 971 1462 902
f 902 1462 963
f 1461 1463 988
f 988 1463 987
f 1466 1468 1474
f 1474 1468 1470
f 1089 1529 1090
f 1090 1529 1531
f 1184 1181 1469
f 1469 1181 1180
f 1082 1527 1061
f 1061 1527 1525
f 1129 1473 1135
f 1135 1473 1475
f 1108 1530 1105
f 1105 1530 1532
f 1452 1499 3132
f 3132 1499 3136
f 3109 3116 3139
f 3139 3116 3138
f 2912 2911 887
f 887 2911 2929
f 2836 2835 1497
f 1497 2835 1494
f 2913 3102 2910
f 2910 3102 3115
f 1133 3187 1134
f 1134 3187 3185
f 3177 3176 3197
f 3197 3176 3198
f 3203 3183 3206
f 3206 3183 3207
f 3196 3202 3197
f 3197 3202 3211
f 3183 3182 3207
f 3207 3182 3185
f 1125 3180 1533
f 1533 3180 3198
f 3331 3203 3330
f 3330 3203 3206
f 3376 3379 3385
f 3385 3379 3386
f 3382 3376 3392
f 3392 3376 3385
f 3412 3415 3413
f 3413 3415 3414
f 3417 3396 3415
f 3415 3396 3395
f 3383 3386 3426
f 3426 3386 3425
f 3413 3414 3432
f 3432 3414 3430
f 3437 3396 3435
f 3435 3396 3417
f 3329 3382 3330
f 3330 3382 3392
f 3426 3425 3460
f 3460 3425 3458
f 3432 3430 3457
f 3457 3430 3463
f 3457 3463 3456
f 3456 3463 3465
f 3460 3458 3467
f 3467 3458 3466
f 3466 3455 3465
f 3465 3455 3456
f 3202 3437 3211
f 3211 3437 3435
f 3104 3106 3138
f 3138 3106 3139
f 3132 3136 1227
f 1227 3136 1476
f 943 687 600
f 600 687 601
f 596 625 667
f 667 625 1297
f 687 686 601
f 601 686 653
f 1319 784 711
f 711 784 712
f 1811 607 783
f 783 607 712
f 862 921 917
f 917 921 920
f 3478 925 3479
f 3479 925 924
f 2846 926 3478
f 3478 926 925
f 659 662 929
f 929 662 930
f 856 921 857
f 857 921 1204
f 1206 864 1207
f 1207 864 863
f 2876 1219 2877
f 2877 1219 1218
f 667 1297 593
f 593 1297 1296
f 917 920 1333
f 1333 920 1346
f 686 693 653
f 653 693 930
f 1277 913 1498
f 1498 913 1207
f 592 1536 610
f 610 1536 711
f 864 1206 1805
f 1805 1206 1804
f 1317 1536 1900
f 1900 1536 1809
f 1900 1809 1295
f 1295 1809 1296
f 3479 924 3477
f 3477 924 2824
f 927 926 1203
f 1203 926 2847
f 3484 2859 3032
f 3032 2859 3033
f 3472 2878 1217
f 1217 2878 1218
f 2889 2888 2880
f 2880 2888 2881
f 2886 2883 2887
f 2887 2883 2882
f 929 928 2847
f 2847 928 1203
f 857 1204 2921
f 2921 1204 2926
f 1820 1819 2882
f 2882 1819 2881
f 1821 2883 2876
f 2876 2883 1219
f 782 2889 783
f 783 2889 2880
f 1352 3034 1353
f 1353 3034 3033
f 3031 3034 3041
f 3041 3034 3043
f 944 943 3043
f 3043 943 600
f 1339 3145 1498
f 1498 3145 3143
f 1208 882 3148
f 3148 882 3143
f 2921 2926 3151
f 3151 2926 3156
f 3477 2824 1345
f 1345 2824 1346
f 1805 1804 3154
f 3154 1804 3156
f 886 3103 883
f 883 3103 3482
f 841 1248 3485
f 3485 1248 3121
f 2811 2819 2812
f 2812 2819 2816
f 2818 2815 2817
f 2817 2815 2806
f 2817 2816 2818
f 2818 2816 2819
f 2793 2795 2819
f 2819 2795 2818
f 243 352 2793
f 2793 352 2795
f 242 353 243
f 243 353 352
f 359 191 242
f 242 191 353
f 247 192 359
f 359 192 191
f 157 193 247
f 247 193 192
f 156 194 157
f 157 194 193
f 378 261 156
f 156 261 194
f 378 381 261
f 261 381 195
f 195 381 196
f 196 381 376
f 196 376 198
f 198 376 375
f 375 1776 198
f 198 1776 197
f 1776 1767 197
f 197 1767 274
f 181 274 199
f 199 274 1767
f 568 566 564
f 564 566 563
f 568 569 566
f 566 569 567
f 501 1773 1771
f 1771 1773 578
f 547 579 1773
f 1773 579 578
f 3486 470 474
f 474 470 469
f 450 582 3487
f 3487 582 3488
f 582 583 3488
f 3488 583 3489
f 583 584 3489
f 3489 584 3490
f 3490 584 3491
f 3491 584 543
f 470 3486 466
f 466 3486 467
f 3489 3490 503
f 503 3490 504
f 503 3492 3489
f 3489 3492 3488
f 3492 503 3493
f 3493 503 502
f 3495 3492 3494
f 3494 3492 3493
f 3487 3488 3495
f 3495 3488 3492
f 468 1774 465
f 465 1774 570
f 3494 3493 1775
f 1775 3493 1771
f 3490 3491 504
f 504 3491 1772
f 3491 543 1772
f 1772 543 548
f 450 3487 474
f 474 3487 3486
f 3495 467 3487
f 3487 467 3486
f 3494 468 3495
f 3495 468 467
f 468 3494 1774
f 1774 3494 1775
f 501 1771 502
f 502 1771 3493
f 527 366 384
f 384 366 365
f 522 524 527
f 527 524 366
f 521 534 522
f 522 534 524
f 530 535 521
f 521 535 534
f 508 486 513
f 513 486 532
f 513 532 541
f 541 532 535
f 667 668 596
f 596 668 597
f 1294 1297 624
f 624 1297 625
f 603 641 604
f 604 641 640
f 1290 1293 650
f 650 1293 651
f 1758 691 660
f 660 691 661
f 602 671 599
f 599 671 670
f 654 662 690
f 690 662 661
f 2856 598 695
f 695 598 597
f 602 654 671
f 671 654 690
f 604 640 676
f 676 640 704
f 1826 1829 708
f 708 1829 709
f 1288 1284 740
f 740 1284 741
f 755 754 758
f 758 754 759
f 2853 2856 932
f 932 2856 695
f 689 691 1192
f 1192 691 1193
f 784 1319 1240
f 1240 1319 1241
f 1813 1816 1244
f 1244 1816 1245
f 754 1288 759
f 759 1288 740
f 1894 1242 1318
f 1318 1242 1241
f 2867 1348 1418
f 1418 1348 1347
f 676 704 673
f 673 704 1347
f 1284 1287 741
f 741 1287 1419
f 1421 1426 1422
f 1422 1426 1425
f 1758 660 615
f 615 660 616
f 1192 1191 1421
f 1421 1191 1426
f 2962 1839 1504
f 1504 1839 1505
f 941 1194 1759
f 1759 1194 1193
f 1287 1537 1419
f 1419 1537 1760
f 1882 2893 1823
f 1823 2893 1824
f 1886 1891 1827
f 1827 1891 1828
f 1887 1886 1834
f 1834 1886 1827
f 1841 716 1838
f 1838 716 1505
f 782 784 1850
f 1850 784 1240
f 1239 1242 1863
f 1863 1242 1864
f 1242 1894 1864
f 1864 1894 1873
f 1822 1239 1823
f 1823 1239 1863
f 1318 1317 1895
f 1895 1317 1900
f 1894 1896 1873
f 1873 1896 1897
f 1291 1896 1292
f 1292 1896 1895
f 605 1898 606
f 606 1898 1897
f 1258 1257 2854
f 2854 1257 2855
f 1257 1351 2855
f 2855 1351 2857
f 1351 1353 2857
f 2857 1353 2858
f 1353 3033 2858
f 2858 3033 2859
f 2860 2861 3036
f 3036 2861 3037
f 2862 2863 2870
f 2870 2863 3039
f 2870 2869 2862
f 2862 2869 2864
f 2868 2865 2869
f 2869 2865 2864
f 1764 2866 2868
f 2868 2866 2865
f 1537 1199 1760
f 1760 1199 1348
f 615 2884 1758
f 1758 2884 1759
f 1825 1246 2890
f 2890 1246 1245
f 2893 2892 1824
f 1824 2892 2891
f 761 2960 758
f 758 2960 2906
f 3000 2943 2940
f 2940 2943 2941
f 2968 710 2950
f 2950 710 709
f 1764 1423 2866
f 2866 1423 2953
f 1423 645 2953
f 2953 645 2954
f 645 644 2954
f 2954 644 2955
f 644 738 2955
f 2955 738 2956
f 738 764 2956
f 2956 764 2957
f 764 763 2957
f 2957 763 2958
f 763 2908 2958
f 2958 2908 2959
f 2908 1436 2959
f 2959 1436 2961
f 1837 2964 1435
f 1435 2964 2963
f 1837 2937 2964
f 2964 2937 2965
f 2936 2968 2966
f 2966 2968 2950
f 1840 2942 1838
f 1838 2942 2941
f 2939 2949 2940
f 2940 2949 3006
f 2939 2942 2966
f 2966 2942 2965
f 1822 1825 1850
f 1850 1825 2890
f 1891 3005 1828
f 1828 3005 3006
f 3035 3038 3045
f 3045 3038 3042
f 3045 3044 3035
f 3035 3044 3040
f 669 1422 3045
f 3045 1422 3044
f 599 670 3041
f 3041 670 3042
f 931 3067 932
f 932 3067 3065
f 2853 3066 2854
f 2854 3066 3076
f 3067 3496 3065
f 3065 3496 3497
f 3066 3498 3076
f 3076 3498 3499
f 707 1813 708
f 708 1813 1244
f 2960 2962 2906
f 2906 2962 1504
f 2892 1887 2891
f 2891 1887 1834
f 1839 2962 2963
f 2963 2962 2961
f 595 626 596
f 596 626 625
f 623 626 3484
f 3484 626 2859
f 1291 1290 606
f 606 1290 603
f 1290 650 603
f 603 650 641
f 641 650 642
f 642 650 649
f 2860 2863 649
f 649 2863 642
f 3036 3039 2860
f 2860 3039 2863
f 3035 3040 3036
f 3036 3040 3039
f 1294 1293 1295
f 1295 1293 1292
f 624 651 1294
f 1294 651 1293
f 623 652 624
f 624 652 651
f 3484 2861 623
f 623 2861 652
f 3032 3037 3484
f 3484 3037 2861
f 3031 3038 3032
f 3032 3038 3037
f 3481 2848 2884
f 2884 2848 942
f 2846 617 1427
f 1427 617 616
f 3049 3167 3048
f 3048 3167 3500
f 1906 3048 3070
f 3070 3048 3500
f 1337 1768 3501
f 3501 1768 3502
f 3020 3503 3021
f 3021 3503 3024
f 2914 3023 3020
f 3020 3023 3503
f 859 1770 860
f 860 1770 3504
f 1336 3505 1768
f 1768 3505 3502
f 3065 3497 3066
f 3066 3497 3498
f 2814 3075 3067
f 3067 3075 3496
f 2839 3174 766
f 766 3174 3017
f 1337 3501 1338
f 1338 3501 1769
f 767 3018 3026
f 3026 3018 3506
f 3076 3499 3064
f 3064 3499 3507
f 727 730 3483
f 3483 730 3030
f 3064 3507 2871
f 2871 3507 3077
f 3100 3160 1786
f 1786 3160 1784
f 3026 3506 752
f 752 3506 3015
f 860 3504 2923
f 2923 3504 3508
f 753 3016 3027
f 3027 3016 3509
f 3027 3509 3008
f 3008 3509 3028
f 1782 1785 1783
f 1783 1785 3022
f 2923 3508 3153
f 3153 3508 3161
f 3148 3149 1208
f 1208 3149 3150
f 1335 1328 3510
f 3510 1328 1327
f 1336 1335 3505
f 3505 1335 3510
f 866 3511 1340
f 1340 3511 3146
f 865 1808 866
f 866 1808 3511
f 842 841 3159
f 3159 841 3485
f 2849 3512 1329
f 1329 3512 1326
f 1202 1331 2849
f 2849 1331 3512
f 3514 3515 3513
f 3513 3515 3516
f 3518 3516 3517
f 3517 3516 3515
f 3519 3520 3514
f 3514 3520 3515
f 3522 3523 3521
f 3521 3523 3524
f 3526 3527 3525
f 3525 3527 3528
f 3530 3531 3529
f 3529 3531 3532
f 3534 3535 3533
f 3533 3535 3536
f 3529 3532 3537
f 3537 3532 3538
f 3537 3539 3529
f 3529 3539 3540
f 3542 3543 3541
f 3541 3543 3544
f 3546 3547 3545
f 3545 3547 3548
f 3550 3534 3549
f 3549 3534 3533
f 3550 3543 3551
f 3551 3543 3552
f 3537 3545 3539
f 3539 3545 3548
f 3553 3554 3556
f 3556 3554 3555
f 3537 3557 3545
f 3545 3557 3546
f 3558 3559 3561
f 3561 3559 3560
f 3563 3564 3562
f 3562 3564 3565
f 3564 3563 3566
f 3566 3563 3567
f 3569 3570 3568
f 3568 3570 3571
f 3573 3574 3572
f 3572 3574 3575
f 3577 3578 3576
f 3576 3578 3579
f 3581 3582 3580
f 3580 3582 3583
f 3585 3586 3584
f 3584 3586 3579
f 3586 3587 3579
f 3579 3587 3576
f 3589 3590 3588
f 3588 3590 3591
f 3592 3593 3595
f 3595 3593 3594
f 3597 3598 3596
f 3596 3598 3595
f 3583 3600 3599
f 3599 3600 3601
f 3603 3599 3602
f 3602 3599 3601
f 3605 3606 3604
f 3604 3606 3607
f 3608 3555 3596
f 3596 3555 3554
f 3597 3610 3609
f 3609 3610 3565
f 3564 3611 3565
f 3565 3611 3609
f 3611 3564 3612
f 3612 3564 3566
f 3613 3614 3569
f 3569 3614 3570
f 3615 3616 3573
f 3573 3616 3574
f 3517 3617 3518
f 3518 3617 3618
f 3620 3621 3619
f 3619 3621 3622
f 3624 3625 3623
f 3623 3625 3626
f 3628 3629 3627
f 3627 3629 3630
f 3632 3633 3631
f 3631 3633 3634
f 3636 3637 3635
f 3635 3637 3638
f 3640 3641 3639
f 3639 3641 3642
f 3643 3644 3639
f 3639 3644 3640
f 3646 3513 3645
f 3645 3513 3647
f 3648 3514 3646
f 3646 3514 3513
f 3649 3519 3648
f 3648 3519 3514
f 3650 3651 3527
f 3527 3651 3652
f 3654 3651 3653
f 3653 3651 3650
f 3568 3571 3655
f 3655 3571 3656
f 3657 3658 3653
f 3653 3658 3659
f 3661 3662 3660
f 3660 3662 3658
f 3664 3665 3663
f 3663 3665 3666
f 3667 3657 3650
f 3650 3657 3653
f 3669 3523 3668
f 3668 3523 3670
f 3672 3673 3671
f 3671 3673 3674
f 3676 3677 3675
f 3675 3677 3678
f 3671 3674 3676
f 3676 3674 3677
f 3680 3681 3679
f 3679 3681 3682
f 3683 3684 3680
f 3680 3684 3681
f 3685 3686 3661
f 3661 3686 3662
f 3686 3687 3662
f 3662 3687 3688
f 3684 3683 3689
f 3689 3683 3690
f 3692 3693 3691
f 3691 3693 3694
f 3691 3694 3695
f 3695 3694 3696
f 3698 3699 3697
f 3697 3699 3700
f 3702 3703 3701
f 3701 3703 3704
f 3705 3706 3519
f 3519 3706 3520
f 3673 3672 3707
f 3707 3672 3708
f 3709 3710 3682
f 3682 3710 3679
f 3711 3712 3692
f 3692 3712 3693
f 3714 3715 3713
f 3713 3715 3716
f 3718 3700 3717
f 3717 3700 3699
f 3720 3721 3719
f 3719 3721 3722
f 3724 3725 3723
f 3723 3725 3726
f 3727 3728 3730
f 3730 3728 3729
f 3722 3721 3731
f 3731 3721 3732
f 3697 3700 3733
f 3733 3700 3714
f 3733 3714 3734
f 3734 3714 3713
f 3721 3723 3732
f 3732 3723 3735
f 3720 3736 3724
f 3724 3736 3737
f 3700 3718 3714
f 3714 3718 3715
f 3717 3699 3738
f 3738 3699 3739
f 3536 3740 3533
f 3533 3740 3540
f 3742 3743 3741
f 3741 3743 3744
f 3746 3747 3745
f 3745 3747 3748
f 3750 3751 3749
f 3749 3751 3752
f 3627 3632 3628
f 3628 3632 3631
f 3754 3755 3753
f 3753 3755 3626
f 3562 3565 3756
f 3756 3565 3610
f 3527 3652 3528
f 3528 3652 3757
f 3758 3524 3669
f 3669 3524 3523
f 3582 3598 3583
f 3583 3598 3600
f 3759 3670 3522
f 3522 3670 3523
f 3675 3678 3760
f 3760 3678 3761
f 3762 3763 3690
f 3690 3763 3689
f 3765 3766 3764
f 3764 3766 3767
f 3768 3739 3698
f 3698 3739 3699
f 3726 3725 3770
f 3770 3725 3769
f 3645 3647 3771
f 3771 3647 3772
f 3645 3678 3646
f 3646 3678 3677
f 3646 3677 3648
f 3648 3677 3674
f 3673 3649 3674
f 3674 3649 3648
f 3707 3773 3673
f 3673 3773 3649
f 3775 3776 3774
f 3774 3776 3777
f 3779 3526 3778
f 3778 3526 3525
f 3526 3779 3667
f 3667 3779 3780
f 3780 3781 3667
f 3667 3781 3657
f 3672 3679 3708
f 3708 3679 3710
f 3671 3680 3672
f 3672 3680 3679
f 3676 3683 3671
f 3671 3683 3680
f 3675 3690 3676
f 3676 3690 3683
f 3760 3762 3675
f 3675 3762 3690
f 3682 3681 3783
f 3783 3681 3782
f 3689 3784 3684
f 3684 3784 3785
f 3684 3785 3681
f 3681 3785 3782
f 3786 3709 3783
f 3783 3709 3682
f 3784 3689 3787
f 3787 3689 3763
f 3789 3557 3788
f 3788 3557 3790
f 3792 3793 3791
f 3791 3793 3794
f 3616 3615 3795
f 3795 3615 3796
f 3797 3798 3727
f 3727 3798 3728
f 3800 3801 3799
f 3799 3801 3802
f 3803 3578 3592
f 3592 3578 3593
f 3805 3806 3804
f 3804 3806 3807
f 3599 3603 3585
f 3585 3603 3586
f 3587 3586 3604
f 3604 3586 3603
f 3588 3591 3794
f 3794 3591 3791
f 3581 3803 3582
f 3582 3803 3592
f 3594 3561 3608
f 3608 3561 3790
f 3662 3688 3808
f 3808 3688 3809
f 3665 3664 3810
f 3810 3664 3811
f 3719 3812 3720
f 3720 3812 3736
f 3717 3813 3718
f 3718 3813 3737
f 3723 3721 3724
f 3724 3721 3720
f 3813 3717 3814
f 3814 3717 3738
f 3815 3816 303
f 303 3816 304
f 3818 3819 3817
f 3817 3819 3820
f 3578 3803 3579
f 3579 3803 3584
f 3558 3593 3577
f 3577 3593 3578
f 3822 3823 3821
f 3821 3823 3824
f 3546 3826 3825
f 3825 3826 3827
f 3828 3829 3547
f 3547 3829 3541
f 3831 3542 3830
f 3830 3542 3832
f 3834 3822 3833
f 3833 3822 3821
f 3835 3836 3827
f 3827 3836 3825
f 3800 3799 3828
f 3828 3799 3829
f 3830 3832 3837
f 3837 3832 3838
f 331 330 3551
f 3551 330 3839
f 3831 333 3552
f 3552 333 332
f 3819 3797 3841
f 3841 3797 3840
f 3513 3516 3647
f 3647 3516 3746
f 337 336 3745
f 3745 336 3772
f 3525 3528 3775
f 3775 3528 3749
f 3610 3597 3554
f 3554 3597 3596
f 3706 3702 3520
f 3520 3702 3701
f 3756 3610 3553
f 3553 3610 3554
f 3757 3750 3528
f 3528 3750 3749
f 3517 3515 3701
f 3701 3515 3520
f 3842 3584 3581
f 3581 3584 3803
f 3525 3775 3778
f 3778 3775 3774
f 3638 3843 3635
f 3635 3843 3618
f 3617 3621 3618
f 3618 3621 3635
f 3617 3517 3704
f 3704 3517 3701
f 3521 3624 3522
f 3522 3624 3623
f 3749 3844 3775
f 3775 3844 3776
f 3846 3847 3845
f 3845 3847 3848
f 3843 3747 3618
f 3618 3747 3518
f 3850 3851 3849
f 3849 3851 3748
f 3853 3854 3852
f 3852 3854 3855
f 3856 3857 3622
f 3622 3857 3619
f 3859 3860 3858
f 3858 3860 3861
f 3862 3844 3752
f 3752 3844 3749
f 3863 3759 3623
f 3623 3759 3522
f 3864 3777 3630
f 3630 3777 3776
f 3713 3865 3734
f 3734 3865 3866
f 3868 3869 3867
f 3867 3869 3870
f 3872 3873 3871
f 3871 3873 3874
f 3876 3877 3875
f 3875 3877 3878
f 3879 3880 3878
f 3878 3880 3881
f 3882 3883 3885
f 3885 3883 3884
f 3780 3886 3781
f 3781 3886 3887
f 3888 3685 3869
f 3869 3685 3661
f 3880 3879 3883
f 3883 3879 3884
f 3693 3783 3694
f 3694 3783 3782
f 3696 3785 3764
f 3764 3785 3784
f 3694 3782 3696
f 3696 3782 3785
f 3693 3786 3783
f 3787 3765 3784
f 3784 3765 3764
f 386 385 3765
f 3765 385 3766
f 3695 3889 3691
f 3691 3889 3890
f 3691 3890 3692
f 3692 3890 3891
f 3892 3711 3891
f 3891 3711 3692
f 3767 3893 3695
f 3695 3893 3889
f 3766 3894 3767
f 3767 3894 3893
f 3882 3885 3895
f 3895 3885 3896
f 3898 3698 3897
f 3897 3698 3697
f 3897 3697 3899
f 3899 3697 3733
f 3899 3733 3900
f 3900 3733 3734
f 3901 3768 3898
f 3898 3768 3698
f 3901 3902 3768
f 3768 3902 3903
f 3904 3905 3907
f 3907 3905 3906
f 3869 3661 3870
f 3870 3661 3660
f 3908 3909 3896
f 3896 3909 3895
f 3909 3758 3895
f 3895 3758 3669
f 3751 3531 3752
f 3752 3531 3848
f 3858 3536 3854
f 3854 3536 3535
f 3652 3562 3757
f 3757 3562 3756
f 3651 3654 3563
f 3563 3654 3567
f 3655 3656 3808
f 3808 3656 3659
f 3530 3740 3845
f 3845 3740 3861
f 3751 3750 3556
f 3556 3750 3553
f 3817 3820 3796
f 3796 3820 3795
f 410 409 3910
f 3910 409 3855
f 3750 3757 3553
f 3553 3757 3756
f 3908 3886 3909
f 3909 3886 3780
f 409 411 3855
f 3855 411 3851
f 413 412 3760
f 3760 412 3762
f 415 414 3763
f 3763 414 3787
f 3790 3557 3538
f 3538 3557 3537
f 3555 3608 3538
f 3538 3608 3790
f 3574 3911 3575
f 3575 3911 3912
f 3535 3534 3910
f 3910 3534 3839
f 3831 3552 3542
f 3542 3552 3543
f 3534 3550 3839
f 3839 3550 3551
f 3543 3550 3544
f 3544 3550 3549
f 3913 3914 3916
f 3916 3914 3915
f 3806 3805 3589
f 3589 3805 3590
f 3849 3843 3917
f 3917 3843 3638
f 3853 3644 3859
f 3859 3644 3742
f 3747 3746 3518
f 3518 3746 3516
f 3695 3696 3767
f 3767 3696 3764
f 3903 3918 3768
f 3768 3918 3739
f 3738 3739 3816
f 3816 3739 3918
f 3919 3920 3769
f 3769 3920 3770
f 3921 3726 3922
f 3922 3726 3770
f 3678 3645 3761
f 3761 3645 3771
f 3924 3913 3923
f 3923 3913 3916
f 3802 3925 3838
f 3838 3925 3837
f 3577 3926 3558
f 3558 3926 3559
f 3815 3919 3814
f 3814 3919 3769
f 3927 3928 3822
f 3822 3928 3823
f 3829 3832 3541
f 3541 3832 3542
f 3834 3927 3822
f 3832 3829 3838
f 3838 3829 3799
f 3745 3772 3746
f 3746 3772 3647
f 3849 3748 3843
f 3843 3748 3747
f 3854 3853 3858
f 3858 3853 3859
f 3854 3535 3855
f 3855 3535 3910
f 3557 3789 3546
f 3546 3789 3826
f 3923 3823 3924
f 3924 3823 3928
f 3823 3923 3929
f 3929 3923 3930
f 3531 3751 3532
f 3532 3751 3556
f 3532 3556 3538
f 3538 3556 3555
f 3932 3634 3931
f 3931 3634 3633
f 3814 3769 3813
f 3813 3769 3725
f 3620 3636 3621
f 3621 3636 3635
f 3847 3862 3848
f 3848 3862 3752
f 3531 3530 3848
f 3848 3530 3845
f 3933 3934 3830
f 3830 3934 3831
f 3925 3933 3837
f 3837 3933 3830
f 3934 440 3831
f 3831 440 333
f 3925 3802 3833
f 3833 3802 3801
f 3776 3844 3630
f 3630 3844 3627
f 3808 3659 3662
f 3662 3659 3658
f 3667 3650 3526
f 3526 3650 3527
f 3935 3666 3936
f 3936 3666 3665
f 3718 3737 3715
f 3715 3737 3736
f 3663 3809 3664
f 3664 3809 3688
f 3807 3806 3938
f 3938 3806 3937
f 445 413 3761
f 3761 413 3760
f 3902 447 3903
f 3903 447 446
f 3897 3890 3898
f 3898 3890 3889
f 3899 3891 3897
f 3897 3891 3890
f 3898 3889 3901
f 3901 3889 3893
f 3893 3894 3901
f 3901 3894 3902
f 414 386 3787
f 3787 386 3765
f 3940 3941 3939
f 3939 3941 3942
f 3840 3797 3943
f 3943 3797 3727
f 3665 3810 3936
f 3936 3810 3944
f 3921 3735 3726
f 3726 3735 3723
f 3920 3945 3770
f 3770 3945 3922
f 3521 3524 3774
f 3774 3524 3778
f 3864 3946 3625
f 3625 3946 3947
f 3773 3705 3649
f 3649 3705 3519
f 3779 3778 3758
f 3758 3778 3524
f 3812 3716 3736
f 3736 3716 3715
f 3624 3521 3777
f 3777 3521 3774
f 3703 3856 3704
f 3704 3856 3622
f 3900 3892 3899
f 3899 3892 3891
f 3641 3917 3642
f 3642 3917 3948
f 3895 3669 3882
f 3882 3669 3668
f 3855 3851 3852
f 3852 3851 3850
f 3894 458 3902
f 3902 458 447
f 3781 3887 3660
f 3660 3887 3870
f 3570 3566 3571
f 3571 3566 3567
f 3950 3576 3949
f 3949 3576 3587
f 3605 3602 3614
f 3614 3602 3612
f 3614 3612 3570
f 3570 3612 3566
f 3571 3567 3656
f 3656 3567 3654
f 3660 3658 3781
f 3781 3658 3657
f 3604 3607 3587
f 3587 3607 3949
f 3653 3659 3654
f 3654 3659 3656
f 3529 3540 3530
f 3530 3540 3740
f 3687 3811 3688
f 3688 3811 3664
f 3813 3725 3737
f 3737 3725 3724
f 3919 3815 461
f 461 3815 303
f 3818 3798 3819
f 3819 3798 3797
f 3819 3841 3820
f 3820 3841 3951
f 3816 3815 3738
f 3738 3815 3814
f 3540 3539 3533
f 3533 3539 3549
f 3548 3547 3544
f 3544 3547 3541
f 3539 3548 3549
f 3549 3548 3544
f 3741 3931 3860
f 3860 3931 3846
f 3801 3800 3835
f 3835 3800 3836
f 3934 3933 3824
f 3824 3933 3821
f 3825 3828 3546
f 3546 3828 3547
f 3833 3821 3925
f 3925 3821 3933
f 3800 3828 3836
f 3836 3828 3825
f 3824 3952 3934
f 3934 3952 440
f 3860 3846 3861
f 3861 3846 3845
f 3629 3946 3630
f 3630 3946 3864
f 3740 3536 3861
f 3861 3536 3858
f 3833 3801 3834
f 3834 3801 3835
f 3583 3599 3580
f 3580 3599 3585
f 3651 3563 3652
f 3652 3563 3562
f 3758 3909 3779
f 3779 3909 3780
f 3621 3617 3622
f 3622 3617 3704
f 3625 3947 3626
f 3626 3947 3753
f 3633 3632 3847
f 3847 3632 3862
f 3852 3850 3640
f 3640 3850 3641
f 3644 3853 3640
f 3640 3853 3852
f 3859 3742 3860
f 3860 3742 3741
f 3632 3627 3862
f 3862 3627 3844
f 3755 3863 3626
f 3626 3863 3623
f 3917 3638 3948
f 3948 3638 3637
f 3644 3643 3742
f 3742 3643 3743
f 3931 3633 3846
f 3846 3633 3847
f 3625 3624 3864
f 3864 3624 3777
f 3917 3641 3849
f 3849 3641 3850
f 3744 3932 3741
f 3741 3932 3931
f 3903 446 3918
f 3918 446 464
f 3953 3954 3956
f 3956 3954 3955
f 3958 3959 3957
f 3957 3959 3960
f 3876 3958 3877
f 3877 3958 3957
f 3877 3957 3961
f 3961 3957 3962
f 3963 3964 3958
f 3958 3964 3959
f 3965 3966 3876
f 3876 3966 3958
f 3966 3963 3958
f 3966 3967 3963
f 3963 3967 3968
f 3878 3877 3879
f 3879 3877 3961
f 3967 3969 3968
f 3968 3969 3970
f 3969 3971 3970
f 3970 3971 3972
f 3974 3904 3973
f 3973 3904 3907
f 3971 3975 3972
f 3972 3975 3976
f 3976 3975 3978
f 3978 3975 3977
f 3979 3980 3977
f 3977 3980 3978
f 3981 3982 3979
f 3979 3982 3980
f 3983 3984 3981
f 3981 3984 3982
f 3972 3985 3970
f 3970 3985 3986
f 3871 3987 3969
f 3969 3987 3971
f 3872 3871 3967
f 3967 3871 3969
f 3965 3872 3966
f 3966 3872 3967
f 3970 3986 3968
f 3968 3986 3988
f 3879 3961 3884
f 3884 3961 3940
f 3884 3940 3885
f 3885 3940 3939
f 3989 3990 3992
f 3992 3990 3991
f 3942 3993 3995
f 3995 3993 3994
f 3994 3996 3995
f 3995 3996 3974
f 3997 3998 3994
f 3994 3998 3996
f 3999 3997 3993
f 3993 3997 3994
f 4001 3996 4000
f 4000 3996 3998
f 4000 3998 4002
f 4002 3998 4003
f 4004 4003 3997
f 3997 4003 3998
f 3997 3999 4004
f 4004 3999 4005
f 4006 3995 3973
f 3973 3995 3974
f 3939 3942 4006
f 4006 3942 3995
f 3906 3887 3907
f 3907 3887 3886
f 3887 3906 3870
f 3870 3906 3867
f 3908 3973 3886
f 3886 3973 3907
f 3865 4007 3866
f 3866 4007 4008
f 3984 3983 4009
f 4009 3983 4010
f 3961 3962 3940
f 3940 3962 3941
f 4012 3868 4011
f 4011 3868 3867
f 4013 3975 3987
f 3987 3975 3971
f 4014 3977 4013
f 4013 3977 3975
f 4015 4010 4007
f 4007 4010 3983
f 4007 3983 4008
f 4008 3983 3981
f 4008 3981 4016
f 4016 3981 3979
f 4017 3984 4018
f 4018 3984 4009
f 3977 4014 3979
f 3979 4014 4016
f 3982 3984 4019
f 4019 3984 4017
f 4021 4022 4020
f 4020 4022 4023
f 4022 4012 4023
f 4023 4012 4011
f 4023 3904 4020
f 4020 3904 3974
f 4024 4025 4018
f 4018 4025 4017
f 4026 4027 4024
f 4024 4027 4025
f 4028 4026 4029
f 4029 4026 4024
f 4018 4021 4024
f 4024 4021 4029
f 4030 4031 4026
f 4026 4031 4027
f 4032 4030 4028
f 4028 4030 4026
f 4029 4001 4028
f 4028 4001 4000
f 4028 4000 4032
f 4032 4000 4002
f 4034 4035 4033
f 4033 4035 4036
f 4037 4038 4019
f 4019 4038 4039
f 4041 4039 4040
f 4040 4039 4038
f 4040 4038 4042
f 4042 4038 4036
f 4042 4036 4043
f 4043 4036 4035
f 3985 4044 4046
f 4046 4044 4045
f 4047 4048 4045
f 4045 4048 4046
f 4047 4049 4048
f 4048 4049 4050
f 4042 4047 4040
f 4040 4047 4045
f 4043 4049 4042
f 4042 4049 4047
f 4040 4045 4041
f 4041 4045 4044
f 4052 3959 4051
f 4051 3959 3964
f 4053 4054 4051
f 4051 4054 4055
f 3956 3960 4052
f 4052 3960 3959
f 3953 3956 4056
f 4056 3956 4052
f 4058 3953 4057
f 4057 3953 4056
f 4060 4061 4059
f 4059 4061 4062
f 4063 4064 4054
f 4054 4064 4057
f 4054 4053 4063
f 4063 4053 4065
f 4066 4067 4069
f 4069 4067 4068
f 4048 4050 4063
f 4063 4050 4064
f 4063 4065 4048
f 4048 4065 4046
f 3985 4046 3986
f 3986 4046 4065
f 3986 4065 3988
f 3988 4065 4053
f 3988 4053 3964
f 3964 4053 4051
f 3976 3978 4044
f 4044 3978 4041
f 3980 3982 4039
f 4039 3982 4019
f 4039 4041 3980
f 3980 4041 3978
f 3973 3908 4006
f 4006 3908 3896
f 3885 3939 3896
f 3896 3939 4006
f 4031 4034 4027
f 4027 4034 4033
f 4027 4033 4025
f 4025 4033 4037
f 4019 4017 4037
f 4037 4017 4025
f 3993 3942 4070
f 4070 3942 3941
f 3999 3993 4071
f 4071 3993 4070
f 3999 4071 4005
f 4005 4071 4072
f 4073 4074 4076
f 4076 4074 4075
f 4078 4079 4077
f 4077 4079 4080
f 4082 4080 4081
f 4081 4080 4079
f 4084 4085 4083
f 4083 4085 4086
f 4087 4088 4090
f 4090 4088 4089
f 4092 4093 4091
f 4091 4093 4094
f 4096 4097 4095
f 4095 4097 4098
f 4100 4101 4099
f 4099 4101 4102
f 4103 4104 4106
f 4106 4104 4105
f 4108 4109 4107
f 4107 4109 4110
f 4112 4113 4111
f 4111 4113 4114
f 4116 4117 4115
f 4115 4117 4118
f 4120 4121 4119
f 4119 4121 4122
f 4123 4124 4126
f 4126 4124 4125
f 4127 4128 4130
f 4130 4128 4129
f 4132 4133 4131
f 4131 4133 4134
f 4136 4108 4135
f 4135 4108 4107
f 4138 4139 4137
f 4137 4139 4140
f 4141 4142 4088
f 4088 4142 4089
f 4144 4145 4143
f 4143 4145 4146
f 4148 4149 4147
f 4147 4149 4150
f 4152 4153 4151
f 4151 4153 4154
f 4156 4082 4155
f 4155 4082 4081
f 4157 4158 4160
f 4160 4158 4159
f 4161 4162 4164
f 4164 4162 4163
f 4166 4122 4165
f 4165 4122 4121
f 4168 4152 4167
f 4167 4152 4151
f 4169 4170 4172
f 4172 4170 4171
f 4174 4175 4173
f 4173 4175 4176
f 4178 4149 4177
f 4177 4149 4179
f 4173 4176 4180
f 4180 4176 4181
f 4156 4085 4182
f 4182 4085 4183
f 4182 4184 4156
f 4156 4184 4082
f 4185 4186 4184
f 4184 4186 4187
f 4186 4188 4187
f 4187 4188 4189
f 4190 4191 4073
f 4073 4191 4074
f 4177 4179 4158
f 4158 4179 4159
f 4193 4127 4192
f 4192 4127 4130
f 4144 4194 4151
f 4151 4194 4167
f 4196 4197 4195
f 4195 4197 4198
f 4095 4199 4096
f 4096 4199 4200
f 4201 4202 4204
f 4204 4202 4203
f 4205 4206 4208
f 4208 4206 4207
f 4121 4120 4209
f 4209 4120 4210
f 4212 4213 4211
f 4211 4213 4214
f 4216 4217 4215
f 4215 4217 4218
f 4220 4221 4219
f 4219 4221 4222
f 4224 4196 4223
f 4223 4196 4195
f 4225 4226 4134
f 4134 4226 4131
f 4228 4229 4227
f 4227 4229 4230
f 4232 4233 4231
f 4231 4233 4098
f 4235 4236 4234
f 4234 4236 4237
f 4239 4240 4238
f 4238 4240 4241
f 4242 4243 4245
f 4245 4243 4244
f 4246 4247 4249
f 4249 4247 4248
f 4251 4252 4250
f 4250 4252 4253
f 4255 4256 4254
f 4254 4256 4257
f 4259 4260 4258
f 4258 4260 4261
f 4263 4264 4262
f 4262 4264 4265
f 4267 4268 4266
f 4266 4268 4269
f 4271 4199 4270
f 4270 4199 4272
f 4273 4274 4276
f 4276 4274 4275
f 4115 4118 4277
f 4277 4118 4278
f 4280 4281 4279
f 4279 4281 4282
f 4211 4283 4212
f 4212 4283 4284
f 4286 4287 4285
f 4285 4287 4288
f 4165 4121 4289
f 4289 4121 4209
f 4291 4286 4290
f 4290 4286 4285
f 4293 4294 4292
f 4292 4294 4295
f 4297 4298 4296
f 4296 4298 4299
f 4301 4302 4300
f 4300 4302 4303
f 4299 4304 4296
f 4296 4304 4305
f 4306 4292 4307
f 4307 4292 4295
f 4307 4308 4306
f 4306 4308 4309
f 4310 4309 4075
f 4075 4309 4308
f 4299 4298 4312
f 4312 4298 4311
f 4302 4301 4293
f 4293 4301 4294
f 3735 3921 4313
f 4313 3921 4314
f 4315 4314 3922
f 3922 4314 3921
f 4316 3945 829
f 829 3945 830
f 4289 4317 4165
f 4165 4317 4318
f 4320 4321 4319
f 4319 4321 4322
f 4324 4325 4323
f 4323 4325 4326
f 4327 4328 4330
f 4330 4328 4329
f 4290 4331 4291
f 4291 4331 4332
f 4165 4318 4166
f 4166 4318 4333
f 4334 4335 4337
f 4337 4335 4336
f 4339 4340 4338
f 4338 4340 4341
f 4168 4343 4342
f 4342 4343 4344
f 4346 4347 4345
f 4345 4347 4348
f 4350 4351 4349
f 4349 4351 4352
f 4354 4355 4353
f 4353 4355 4356
f 4357 4358 4324
f 4324 4358 4325
f 4337 4359 4334
f 4334 4359 4360
f 4362 4363 4361
f 4361 4363 4364
f 4366 4367 4365
f 4365 4367 4368
f 4369 4370 4372
f 4372 4370 4371
f 4331 4290 4374
f 4374 4290 4373
f 4373 4376 4375
f 4375 4376 4377
f 4379 4380 4378
f 4378 4380 4381
f 4217 4382 4218
f 4218 4382 4383
f 4385 4386 4384
f 4384 4386 4387
f 4388 4389 4338
f 4338 4389 4390
f 4337 4336 4392
f 4392 4336 4391
f 4394 4362 4393
f 4393 4362 4361
f 4396 4397 4395
f 4395 4397 4398
f 4400 4401 4399
f 4399 4401 4402
f 4345 4403 4346
f 4346 4403 4404
f 4405 4406 4342
f 4342 4406 4407
f 4409 4410 4408
f 4408 4410 4411
f 4408 4412 4409
f 4409 4412 4413
f 4181 4415 4414
f 4414 4415 4416
f 4182 4183 4417
f 4417 4183 4418
f 4419 4353 4311
f 4311 4353 4312
f 4421 4422 4420
f 4420 4422 4423
f 4353 4356 4312
f 4312 4356 4424
f 4166 4333 4425
f 4425 4333 4426
f 4425 4143 4166
f 4166 4143 4122
f 4427 4107 4428
f 4428 4107 4110
f 4429 4430 4174
f 4174 4430 4175
f 4335 4431 4336
f 4336 4431 4390
f 4336 4390 4391
f 4391 4390 4389
f 4432 4433 4435
f 4435 4433 4434
f 4437 4438 4436
f 4436 4438 4439
f 4441 4442 4440
f 4440 4442 4443
f 4359 4444 4361
f 4361 4444 4393
f 4446 4447 4445
f 4445 4447 4448
f 4338 4341 4388
f 4388 4341 4449
f 4450 4451 4398
f 4398 4451 4395
f 4453 4454 4452
f 4452 4454 4455
f 4457 4458 4456
f 4456 4458 4459
f 4460 4461 4448
f 4448 4461 4445
f 4463 4464 4462
f 4462 4464 4465
f 4462 4465 4466
f 4466 4465 4467
f 4468 4469 4467
f 4467 4469 4466
f 4469 4468 4470
f 4470 4468 4471
f 4472 4473 4471
f 4471 4473 4470
f 4475 4476 4474
f 4474 4476 4477
f 4479 4480 4478
f 4478 4480 4481
f 4483 4484 4482
f 4482 4484 4485
f 4487 4488 4486
f 4486 4488 4489
f 4491 4492 4490
f 4490 4492 4493
f 4494 4495 4493
f 4493 4495 4490
f 4496 4497 4494
f 4494 4497 4495
f 4497 4496 4498
f 4498 4496 4499
f 4500 4501 4503
f 4503 4501 4502
f 4505 4506 4504
f 4504 4506 4507
f 4466 4508 4462
f 4462 4508 4509
f 4470 4510 4469
f 4469 4510 4511
f 4513 4479 4512
f 4512 4479 4478
f 4515 4443 4514
f 4514 4443 4442
f 4516 4517 4519
f 4519 4517 4518
f 4521 4495 4520
f 4520 4495 4497
f 4522 4490 4521
f 4521 4490 4495
f 4491 4523 4488
f 4488 4523 4524
f 4525 4489 4524
f 4524 4489 4488
f 4484 4526 4485
f 4485 4526 4527
f 4503 4528 4500
f 4500 4528 4529
f 4530 4531 4533
f 4533 4531 4532
f 4535 4506 4534
f 4534 4506 4530
f 4486 4536 4487
f 4487 4536 4537
f 4487 4537 4492
f 4492 4537 4538
f 4494 4539 4496
f 4496 4539 4540
f 4542 4533 4541
f 4541 4533 4499
f 4544 4545 4543
f 4543 4545 4546
f 4548 4549 4547
f 4547 4549 4550
f 4536 4551 4537
f 4537 4551 4552
f 4537 4552 4538
f 4538 4552 4553
f 4554 4539 4556
f 4556 4539 4555
f 4557 4540 4554
f 4554 4540 4539
f 4559 4557 4558
f 4558 4557 4560
f 4540 4557 4541
f 4541 4557 4559
f 4562 4563 4561
f 4561 4563 4564
f 4546 4565 4543
f 4543 4565 4566
f 4547 4567 4548
f 4548 4567 4568
f 4570 4571 4569
f 4569 4571 4572
f 4574 4575 4573
f 4573 4575 4576
f 4578 4579 4577
f 4577 4579 4580
f 4582 4583 4581
f 4581 4583 4584
f 4585 4586 4588
f 4588 4586 4587
f 4589 4585 4590
f 4590 4585 4588
f 4592 4593 4591
f 4591 4593 4594
f 4596 4597 4595
f 4595 4597 4598
f 4600 4601 4599
f 4599 4601 4602
f 4563 4604 4603
f 4603 4604 4605
f 4603 4606 4608
f 4608 4606 4607
f 4609 4610 4594
f 4594 4610 4591
f 4611 4612 4614
f 4614 4612 4613
f 4616 4617 4615
f 4615 4617 4618
f 4602 4620 4619
f 4619 4620 4621
f 4619 4622 4602
f 4602 4622 4599
f 4605 4599 4623
f 4623 4599 4622
f 4605 4623 4603
f 4603 4623 4606
f 4625 4626 4624
f 4624 4626 4627
f 4438 4437 4628
f 4628 4437 4629
f 4442 4441 4630
f 4630 4441 4631
f 4630 4632 4442
f 4442 4632 4514
f 4633 4634 4529
f 4529 4634 4500
f 4500 4634 4501
f 4501 4634 4635
f 4637 4546 4636
f 4636 4546 4545
f 4639 4565 4638
f 4638 4565 4640
f 4573 4576 4641
f 4641 4576 4642
f 4593 4643 4594
f 4594 4643 4644
f 4645 4609 4644
f 4644 4609 4594
f 4647 4648 4646
f 4646 4648 4649
f 4651 4652 4650
f 4650 4652 4653
f 4654 4498 4519
f 4519 4498 4532
f 4520 4508 4521
f 4521 4508 4511
f 4522 4510 4523
f 4523 4510 4655
f 4524 4656 4525
f 4525 4656 4657
f 4514 4529 4515
f 4515 4529 4528
f 4658 4659 4661
f 4661 4659 4660
f 4496 4540 4499
f 4499 4540 4541
f 4493 4555 4494
f 4494 4555 4539
f 4549 4483 4550
f 4550 4483 4482
f 4545 4544 4501
f 4501 4544 4502
f 4636 4545 4635
f 4635 4545 4501
f 4589 4663 4662
f 4662 4663 4664
f 4662 4665 4558
f 4558 4665 4559
f 4569 4586 4570
f 4570 4586 4560
f 4552 4666 4553
f 4553 4666 4667
f 4668 4669 4670
f 4670 4669 4666
f 4672 4673 4671
f 4671 4673 4674
f 4287 4675 4288
f 4288 4675 4676
f 4678 4679 4677
f 4677 4679 4680
f 4681 4678 4682
f 4682 4678 4677
f 4682 4683 4681
f 4681 4683 4684
f 4161 4164 4685
f 4685 4164 4686
f 4414 4687 4689
f 4689 4687 4688
f 4405 4690 4346
f 4346 4690 4347
f 4691 4399 4693
f 4693 4399 4692
f 1209 4694 4365
f 4365 4694 4366
f 4650 1211 4651
f 4651 1211 1210
f 4695 4696 4255
f 4255 4696 4256
f 4697 4698 4218
f 4218 4698 4215
f 4700 4701 4699
f 4699 4701 4702
f 4703 4704 4303
f 4303 4704 4300
f 4315 3922 4316
f 4316 3922 3945
f 4653 4706 4705
f 4705 4706 4707
f 4709 4710 4708
f 4708 4710 4711
f 4335 4334 4713
f 4713 4334 4712
f 4714 4340 4321
f 4321 4340 4322
f 4716 4717 4715
f 4715 4717 4718
f 4238 4241 4719
f 4719 4241 4720
f 4231 4721 4307
f 4307 4721 4308
f 4723 4724 4722
f 4722 4724 4725
f 4727 4728 4726
f 4726 4728 4729
f 4730 4731 4327
f 4327 4731 4328
f 4733 4734 4732
f 4732 4734 4735
f 4720 4381 4736
f 4736 4381 4737
f 4738 4739 4741
f 4741 4739 4740
f 4743 4744 4742
f 4742 4744 4745
f 4338 4390 4339
f 4339 4390 4431
f 4746 4747 4431
f 4431 4747 4339
f 4291 4332 4289
f 4289 4332 4317
f 4289 4209 4291
f 4291 4209 4286
f 4287 4286 4210
f 4210 4286 4209
f 4749 4750 4748
f 4748 4750 4751
f 4212 4284 4752
f 4752 4284 4753
f 4752 4754 4212
f 4212 4754 4213
f 4252 4251 4225
f 4225 4251 4226
f 4227 4230 4248
f 4248 4230 4249
f 4205 4755 4757
f 4757 4755 4756
f 4708 4711 4758
f 4758 4711 4647
f 4367 4366 4759
f 4759 4366 4760
f 4526 4513 4527
f 4527 4513 4512
f 4420 4423 4385
f 4385 4423 4386
f 4705 4761 4653
f 4653 4761 4650
f 4761 1279 4650
f 4650 1279 1211
f 4762 4763 3944
f 3944 4763 3936
f 4274 4273 4765
f 4765 4273 4764
f 4767 4768 4766
f 4766 4768 4769
f 4770 4771 4769
f 4769 4771 4766
f 4771 4770 4242
f 4242 4770 4243
f 4093 4163 4094
f 4094 4163 4162
f 4772 4773 4775
f 4775 4773 4774
f 4777 4778 4776
f 4776 4778 4779
f 4417 4185 4182
f 4182 4185 4184
f 4780 4078 4781
f 4781 4078 4077
f 4781 4077 4782
f 4782 4077 4189
f 4188 4783 4189
f 4189 4783 4782
f 4295 4232 4307
f 4307 4232 4231
f 4785 4786 4784
f 4784 4786 4787
f 4784 1307 4785
f 4785 1307 1306
f 4078 4780 4096
f 4096 4780 4097
f 4075 4074 4310
f 4310 4074 4788
f 4788 4074 4789
f 4789 4074 4191
f 4789 4191 4059
f 4059 4191 4790
f 4791 4277 4792
f 4792 4277 4278
f 3732 3735 4793
f 4793 3735 4313
f 4793 4794 3732
f 3732 4794 3731
f 4792 4795 4791
f 4791 4795 4796
f 4797 4798 4799
f 4799 4798 4724
f 4763 4800 3936
f 3936 4800 3935
f 4801 4062 3729
f 3729 4062 3730
f 4713 4712 4802
f 4802 4712 4803
f 4146 4804 4119
f 4119 4804 4805
f 4498 4654 4497
f 4497 4654 4520
f 4806 4807 1326
f 1326 4807 1327
f 4689 4688 1330
f 1330 4688 1331
f 4801 4789 4062
f 4062 4789 4059
f 3730 4062 4808
f 4808 4062 4061
f 4810 4811 4809
f 4809 4811 4812
f 4813 4403 4814
f 4814 4403 4345
f 4815 4816 4349
f 4349 4816 4350
f 4817 4818 4820
f 4820 4818 4819
f 4406 4821 4407
f 4407 4821 4822
f 4823 4161 4824
f 4824 4161 4685
f 4181 4414 4825
f 4825 4414 4689
f 4741 4740 4826
f 4826 4740 4827
f 4828 4829 4827
f 4827 4829 4826
f 4142 4141 4415
f 4415 4141 4148
f 4830 1354 4761
f 4761 1354 1279
f 4832 4833 4831
f 4831 4833 4834
f 4835 4836 4626
f 4626 4836 4421
f 4451 4709 4395
f 4395 4709 4708
f 4627 4420 4837
f 4837 4420 4385
f 4837 1365 4838
f 4838 1365 1364
f 4397 4396 4839
f 4839 4396 4840
f 4842 4628 4841
f 4841 4628 4629
f 4671 4674 4631
f 4631 4674 4630
f 4674 4659 4630
f 4630 4659 4632
f 4633 4632 4658
f 4658 4632 4659
f 4658 4504 4633
f 4633 4504 4634
f 4635 4634 4507
f 4507 4634 4504
f 4843 4636 4507
f 4507 4636 4635
f 4844 4637 4843
f 4843 4637 4636
f 4637 4844 4640
f 4640 4844 4664
f 4638 4663 4642
f 4642 4663 4845
f 4847 4643 4846
f 4846 4643 4641
f 4644 4848 4645
f 4645 4848 4849
f 4851 4852 4850
f 4850 4852 4853
f 4855 4856 4854
f 4854 4856 4857
f 4859 4860 4858
f 4858 4860 4857
f 4715 4718 4859
f 4859 4718 4860
f 4862 4863 4861
f 4861 4863 4864
f 4866 4867 4865
f 4865 4867 4868
f 4870 4871 4869
f 4869 4871 4872
f 4869 4872 4116
f 4116 4872 4117
f 4820 4819 4874
f 4874 4819 4873
f 4876 4877 4875
f 4875 4877 4878
f 4880 4881 4879
f 4879 4881 4882
f 4884 4885 4883
f 4883 4885 4886
f 4887 4888 4280
f 4280 4888 4281
f 4818 4817 4889
f 4889 4817 4890
f 4891 4193 4823
f 4823 4193 4192
f 4892 4893 4228
f 4228 4893 4229
f 4158 4157 4894
f 4894 4157 4895
f 4896 4897 4132
f 4132 4897 4133
f 4099 4683 4100
f 4100 4683 4682
f 4101 4100 4899
f 4899 4100 4898
f 4150 4106 4147
f 4147 4106 4900
f 4100 4682 4898
f 4898 4682 4677
f 4080 4082 4187
f 4187 4082 4184
f 4077 4080 4189
f 4189 4080 4187
f 4191 4190 4790
f 4790 4190 4901
f 4177 4158 4680
f 4680 4158 4894
f 4108 4136 4752
f 4752 4136 4754
f 4752 4753 4108
f 4108 4753 4109
f 4817 4902 4890
f 4890 4902 4903
f 4904 4905 4907
f 4907 4905 4906
f 4909 4910 4908
f 4908 4910 4911
f 4913 4914 4912
f 4912 4914 4915
f 4916 4917 4919
f 4919 4917 4918
f 4312 4424 4299
f 4299 4424 4304
f 4920 4921 4297
f 4297 4921 4298
f 4194 4922 4167
f 4167 4922 4923
f 4924 4400 4691
f 4691 4400 4399
f 4395 4708 4396
f 4396 4708 4758
f 4367 4925 4368
f 4368 4925 4926
f 4919 4918 4873
f 4873 4918 4874
f 4836 4927 4421
f 4421 4927 4422
f 4921 4928 4298
f 4298 4928 4311
f 4143 4146 4122
f 4122 4146 4119
f 4929 4930 4455
f 4455 4930 4452
f 4932 4933 4931
f 4931 4933 4934
f 4935 4936 4932
f 4932 4936 4933
f 4461 4460 4457
f 4457 4460 4458
f 4480 4479 4475
f 4475 4479 4476
f 4660 4673 4517
f 4517 4673 4937
f 4661 4505 4658
f 4658 4505 4504
f 4484 4483 4489
f 4489 4483 4486
f 4462 4509 4463
f 4463 4509 4518
f 4469 4511 4466
f 4466 4511 4508
f 4655 4473 4656
f 4656 4473 4477
f 4476 4657 4477
f 4477 4657 4656
f 4479 4513 4476
f 4476 4513 4657
f 4489 4525 4484
f 4484 4525 4526
f 4483 4549 4486
f 4486 4549 4536
f 4549 4548 4536
f 4536 4548 4551
f 4548 4568 4551
f 4551 4568 4670
f 4663 4589 4845
f 4845 4589 4590
f 4668 4577 4938
f 4938 4577 4580
f 4940 4938 4939
f 4939 4938 4941
f 4940 4942 4669
f 4669 4942 4943
f 4587 4582 4944
f 4944 4582 4581
f 4848 4847 4608
f 4608 4847 4564
f 4616 4945 4613
f 4613 4945 4598
f 4615 4946 4616
f 4616 4946 4945
f 4947 4939 4948
f 4948 4939 4946
f 4599 4605 4600
f 4600 4605 4604
f 4608 4607 4848
f 4848 4607 4849
f 4613 4612 4616
f 4616 4612 4617
f 4835 4949 4709
f 4709 4949 4710
f 4357 1477 4837
f 4837 1477 1365
f 4712 4950 4803
f 4803 4950 4951
f 4401 4952 4402
f 4402 4952 4953
f 4759 4760 4402
f 4402 4760 4399
f 4508 4520 4509
f 4509 4520 4654
f 4510 4522 4511
f 4511 4522 4521
f 4513 4526 4657
f 4657 4526 4525
f 4632 4633 4514
f 4514 4633 4529
f 4931 4934 4453
f 4453 4934 4454
f 4153 4954 4154
f 4154 4954 4955
f 4957 4958 4956
f 4956 4958 4959
f 4961 4962 4960
f 4960 4962 4963
f 4120 4964 4210
f 4210 4964 4965
f 4967 4968 4966
f 4966 4968 4969
f 4349 4692 4815
f 4815 4692 4970
f 4652 4971 4653
f 4653 4971 4706
f 4758 4647 4972
f 4972 4647 4646
f 4973 4363 4646
f 4646 4363 4972
f 4950 4360 4974
f 4974 4360 4364
f 4431 4335 4746
f 4746 4335 4713
f 4358 4714 4325
f 4325 4714 4321
f 4765 4764 4266
f 4266 4764 4975
f 4202 4976 4203
f 4203 4976 4977
f 4917 4978 4918
f 4918 4978 4979
f 4279 4282 4854
f 4854 4282 4269
f 4820 4880 4817
f 4817 4880 4902
f 4890 4903 4980
f 4980 4903 4886
f 4982 4983 4981
f 4981 4983 4123
f 4795 4851 4796
f 4796 4851 4850
f 4918 4979 4874
f 4874 4979 4881
f 4809 4404 4810
f 4810 4404 4403
f 4354 4985 4984
f 4984 4985 4986
f 1364 1516 4838
f 4838 1516 4987
f 4759 4988 4367
f 4367 4988 4925
f 4989 4990 4481
f 4481 4990 4478
f 4443 4515 4990
f 4990 4515 4991
f 4527 4512 4992
f 4992 4512 4991
f 4528 4503 4992
f 4992 4503 4993
f 4993 4994 4485
f 4485 4994 4482
f 4544 4995 4502
f 4502 4995 4994
f 4995 4996 4550
f 4550 4996 4547
f 4998 4999 4997
f 4997 4999 4566
f 4998 5000 4578
f 4578 5000 4579
f 5001 5002 4596
f 4596 5002 4597
f 5003 4591 5004
f 5004 4591 4610
f 4626 4421 4627
f 4627 4421 4420
f 4837 4838 4627
f 4627 4838 4624
f 4761 4705 4830
f 4830 4705 5005
f 4705 4707 5005
f 5005 4707 5006
f 4308 4721 4075
f 4075 4721 4076
f 5007 4200 4797
f 4797 4200 4798
f 4685 4686 5008
f 5008 4686 5009
f 4889 4890 5010
f 5010 4890 4980
f 4323 1541 4324
f 4324 1541 1540
f 4385 4384 4358
f 4358 4384 4714
f 4396 4758 4840
f 4840 4758 4972
f 4866 4852 5011
f 5011 4852 5012
f 5013 4260 4980
f 4980 4260 5010
f 4875 4878 5014
f 5014 4878 5015
f 5017 5018 5016
f 5016 5018 5019
f 5016 5019 5020
f 5020 5019 5021
f 5023 5024 5022
f 5022 5024 5025
f 5027 5028 5026
f 5026 5028 5029
f 5031 5032 5030
f 5030 5032 5033
f 5035 5036 5034
f 5034 5036 5037
f 5039 5040 5038
f 5038 5040 5041
f 5043 5044 5042
f 5042 5044 5045
f 5038 5046 5039
f 5039 5046 5047
f 5049 5050 5048
f 5048 5050 5051
f 5053 5054 5052
f 5052 5054 5055
f 5057 5024 5056
f 5056 5024 5058
f 5060 5061 5059
f 5059 5061 5062
f 5064 5065 5063
f 5063 5065 5066
f 5043 5050 5064
f 5064 5050 5065
f 5038 5041 5067
f 5067 5041 5068
f 5070 5071 5069
f 5069 5071 5072
f 5074 5075 5073
f 5073 5075 5076
f 5034 5077 5035
f 5035 5077 5078
f 5080 5081 5079
f 5079 5081 5082
f 5084 5085 5083
f 5083 5085 5086
f 5085 5084 5087
f 5087 5084 5088
f 5090 5091 5089
f 5089 5091 5092
f 5094 5095 5093
f 5093 5095 5096
f 5098 5099 5097
f 5097 5099 5100
f 5102 5103 5101
f 5101 5103 5104
f 5105 5106 5108
f 5108 5106 5107
f 5110 5111 5109
f 5109 5111 5112
f 5114 5094 5113
f 5113 5094 5093
f 5116 5117 5115
f 5115 5117 5118
f 5120 5121 5119
f 5119 5121 5122
f 5124 5125 5123
f 5123 5125 5126
f 5128 5129 5127
f 5127 5129 5130
f 5097 5131 5098
f 5098 5131 5132
f 5134 5135 5133
f 5133 5135 5122
f 5084 5125 5088
f 5088 5125 5136
f 5138 5139 5137
f 5137 5139 5140
f 5142 5102 5141
f 5141 5102 5101
f 5106 5143 5107
f 5107 5143 5144
f 5146 5147 5145
f 5145 5147 5148
f 5149 5150 5109
f 5109 5150 5110
f 5151 5110 5152
f 5152 5110 5150
f 4715 5140 4716
f 4716 5140 5139
f 5143 4870 5144
f 5144 4870 4869
f 4115 5146 4116
f 4116 5146 5145
f 4791 4796 5149
f 5149 4796 5150
f 4796 4850 5150
f 5150 4850 5152
f 4858 5142 4859
f 4859 5142 5141
f 5153 5154 5115
f 5115 5154 5105
f 5156 5157 5155
f 5155 5157 5158
f 5159 5160 5053
f 5053 5160 5054
f 5161 5162 5020
f 5020 5162 5068
f 5026 5029 5163
f 5163 5029 5021
f 5083 5086 5164
f 5164 5086 5165
f 5090 5167 5166
f 5166 5167 5168
f 5169 5170 5172
f 5172 5170 5171
f 5174 5175 5173
f 5173 5175 5176
f 5177 5109 5178
f 5178 5109 5112
f 5179 5180 5182
f 5182 5180 5181
f 5123 5126 5120
f 5120 5126 5121
f 5180 5167 5181
f 5181 5167 5183
f 5184 5185 5179
f 5179 5185 5180
f 5186 5149 5177
f 5177 5149 5109
f 4868 5184 4865
f 4865 5184 5179
f 5188 5189 5187
f 5187 5189 5190
f 4277 4791 5186
f 5186 4791 5149
f 5179 5182 4865
f 4865 5182 4853
f 5189 4862 5190
f 5190 4862 4861
f 5156 5075 5191
f 5191 5075 5192
f 5036 5035 5193
f 5193 5035 5194
f 5115 5118 5153
f 5153 5118 5195
f 5022 5025 5196
f 5196 5025 5197
f 5155 5158 5069
f 5069 5158 5062
f 5063 5066 5198
f 5198 5066 5199
f 5073 5076 5200
f 5200 5076 5072
f 5202 5131 5201
f 5201 5131 5203
f 5143 5106 5204
f 5204 5106 5205
f 5114 5113 5206
f 5206 5113 5127
f 5098 5132 5193
f 5193 5132 5195
f 5204 5207 5143
f 5143 5207 4870
f 5088 5136 5208
f 5208 5136 5092
f 5209 5210 5089
f 5089 5210 5183
f 5211 5018 5060
f 5060 5018 5061
f 5017 5040 5070
f 5070 5040 5071
f 5191 5160 5156
f 5156 5160 5157
f 5048 5028 5049
f 5049 5028 5058
f 5207 5204 4858
f 4858 5204 5142
f 4859 5141 4715
f 4715 5141 5140
f 5212 5162 5042
f 5042 5162 5051
f 5182 5152 4853
f 4853 5152 4850
f 5214 5134 5213
f 5213 5134 5133
f 5164 5165 5133
f 5133 5165 5213
f 5215 5216 5201
f 5201 5216 5217
f 5147 5218 5148
f 5148 5218 5219
f 5147 5177 5218
f 5218 5177 5178
f 5141 5101 5140
f 5140 5101 5137
f 5201 5217 5202
f 5202 5217 5104
f 5146 5186 5147
f 5147 5186 5177
f 4277 5186 4115
f 4115 5186 5146
f 5191 5192 5031
f 5031 5192 5032
f 5052 5055 5220
f 5220 5055 5197
f 4116 5145 4869
f 4869 5145 5144
f 5034 5037 5214
f 5214 5037 5134
f 5097 5100 5114
f 5114 5100 5094
f 5108 5107 5219
f 5219 5107 5148
f 5221 5135 5116
f 5116 5135 5117
f 5124 5111 5209
f 5209 5111 5210
f 5107 5144 5148
f 5148 5144 5145
f 5152 5182 5151
f 5151 5182 5181
f 5208 5222 5088
f 5088 5222 5087
f 5222 5208 5171
f 5171 5208 5172
f 5223 1756 4698
f 4698 1756 1755
f 4427 5224 4107
f 4107 5224 4135
f 4178 4679 5225
f 5225 4679 5226
f 5227 5228 4892
f 4892 5228 4893
f 5229 5230 4171
f 4171 5230 4172
f 4855 4268 4884
f 4884 4268 4885
f 4884 4871 4855
f 4855 4871 4856
f 4684 5231 4896
f 4896 5231 4897
f 4768 4767 5009
f 5009 4767 5008
f 5205 5154 5102
f 5102 5154 5103
f 5099 5098 5194
f 5194 5098 5193
f 5198 5199 5079
f 5079 5199 5033
f 5102 5142 5205
f 5205 5142 5204
f 5224 4427 4681
f 4681 4427 4678
f 3712 3711 5232
f 5232 3711 5233
f 3968 3988 3963
f 3963 3988 3964
f 3976 4044 3972
f 3972 4044 3985
f 4038 4037 4036
f 4036 4037 4033
f 4794 4762 3731
f 3731 4762 3944
f 3731 3944 3722
f 3722 3944 3810
f 3874 5234 5232
f 5232 5234 3712
f 3906 3905 3867
f 3867 3905 4011
f 3904 4023 3905
f 3905 4023 4011
f 3719 3722 3811
f 3811 3722 3810
f 3812 3719 3687
f 3687 3719 3811
f 3716 3812 3686
f 3686 3812 3687
f 3713 3716 3685
f 3685 3716 3686
f 4810 4403 5235
f 5235 4403 4813
f 4345 1770 4814
f 4814 1770 1769
f 4067 4066 4058
f 4058 4066 5236
f 4043 4068 4049
f 4049 4068 4050
f 4034 5237 3989
f 3989 5237 3990
f 4031 4030 4072
f 4072 4030 4005
f 4003 4004 4002
f 4002 4004 4032
f 4004 4005 4032
f 4032 4005 4030
f 4067 4064 4068
f 4068 4064 4050
f 4058 4057 4067
f 4067 4057 4064
f 4035 4034 5238
f 5238 4034 3989
f 5236 5239 4058
f 4058 5239 5240
f 5234 3874 5241
f 5241 3874 3873
f 5241 3873 3881
f 3881 3873 3878
f 4800 4763 4788
f 4788 4763 4310
f 4763 4762 4310
f 4310 4762 4309
f 4762 4794 4309
f 4309 4794 4306
f 4794 4793 4306
f 4306 4793 4292
f 4293 4313 4302
f 4302 4313 4314
f 4302 4314 4303
f 4303 4314 4315
f 4303 4315 4703
f 4703 4315 4316
f 4035 4069 4043
f 4043 4069 4068
f 4324 1540 4357
f 4357 1540 1477
f 5232 3987 3874
f 3874 3987 3871
f 3987 5232 4013
f 4013 5232 5233
f 4013 5233 4014
f 4014 5233 5242
f 3888 4015 3865
f 3865 4015 4007
f 3866 4008 5243
f 5243 4008 4016
f 3873 5244 3878
f 3878 5244 3875
f 3965 5244 3872
f 3872 5244 3873
f 3876 3875 3965
f 3965 3875 5244
f 5243 4016 5242
f 5242 4016 4014
f 5246 5247 5245
f 5245 5247 5248
f 3576 3950 3577
f 3577 3950 3926
f 3584 3842 3585
f 3585 3842 3580
f 5249 5247 1784
f 1784 5247 1785
f 5250 5251 5253
f 5253 5251 5252
f 5255 5252 5254
f 5254 5252 5256
f 5254 5256 5258
f 5258 5256 5257
f 5258 5257 5260
f 5260 5257 5259
f 4356 5261 4424
f 4424 5261 5259
f 4355 5262 4356
f 4356 5262 5261
f 4924 5264 5263
f 5263 5264 5265
f 4693 5266 4691
f 4691 5266 5267
f 4351 5268 4352
f 4352 5268 5269
f 1808 1807 4351
f 4351 1807 5268
f 3580 3842 3581
f 3799 3802 3838
f 4800 4788 4801
f 4801 4788 4789
f 3729 3935 4801
f 4801 3935 4800
f 3728 3666 3729
f 3729 3666 3935
f 3728 3798 3666
f 3666 3798 3663
f 3798 3818 3663
f 3663 3818 3809
f 3818 3817 3809
f 3809 3817 3808
f 3796 3655 3817
f 3817 3655 3808
f 3615 3568 3796
f 3796 3568 3655
f 3573 3569 3615
f 3615 3569 3568
f 3572 3613 3573
f 3573 3613 3569
f 3792 3606 3572
f 3572 3606 3613
f 3607 3791 3949
f 3949 3791 3591
f 3590 3950 3591
f 3591 3950 3949
f 3805 3926 3590
f 3590 3926 3950
f 3804 3559 3805
f 3805 3559 3926
f 3804 3914 3559
f 3559 3914 3560
f 3924 3789 3913
f 3913 3789 3788
f 3924 3928 3789
f 3789 3928 3826
f 3928 3927 3826
f 3826 3927 3827
f 3927 3834 3827
f 3827 3834 3835
f 4079 4078 5270
f 5270 4078 5007
f 5271 5272 4233
f 4233 5272 5273
f 5275 5276 5274
f 5274 5276 5277
f 5278 5279 4236
f 4236 5279 4237
f 5278 5280 5271
f 5271 5280 5272
f 4235 5281 4236
f 4236 5281 5282
f 5284 5285 5283
f 5283 5285 5286
f 5288 5289 5287
f 5287 5289 5290
f 5292 5293 5291
f 5291 5293 5294
f 5287 5290 4726
f 4726 5290 5295
f 4293 4292 4313
f 4313 4292 4793
f 4720 4736 4719
f 4719 4736 5296
f 5297 4909 5298
f 5298 4909 4908
f 5299 5300 4976
f 4976 5300 5301
f 5302 4202 5303
f 5303 4202 4201
f 5304 5305 4983
f 4983 5305 5306
f 5308 5309 5307
f 5307 5309 5310
f 4722 4725 5283
f 5283 4725 5311
f 5291 5294 4125
f 4125 5294 4126
f 5313 5314 5312
f 5312 5314 5315
f 5316 5317 5319
f 5319 5317 5318
f 5321 5308 5320
f 5320 5308 5307
f 4819 4981 4873
f 4873 4981 5322
f 4981 4123 5322
f 5322 4123 4126
f 5324 5325 5323
f 5323 5325 5326
f 4764 5327 4975
f 4975 5327 5328
f 4172 5327 4169
f 4169 5327 5329
f 4768 4171 4769
f 4769 4171 4170
f 4243 4755 4244
f 4244 4755 5330
f 4755 4205 5330
f 5330 4205 4208
f 4206 4906 4207
f 4207 4906 4905
f 4686 5014 5009
f 5009 5014 5229
f 4756 4770 4170
f 4170 4770 4769
f 4170 4169 4756
f 4756 4169 4757
f 4273 5329 4764
f 4764 5329 5327
f 4276 5331 4273
f 4273 5331 5329
f 4770 4756 4243
f 4243 4756 4755
f 5333 4889 5332
f 5332 4889 5010
f 4877 5332 4878
f 4878 5332 4259
f 4875 4164 4876
f 4876 4164 4163
f 5334 5335 5324
f 5324 5335 5325
f 4983 5306 4123
f 4123 5306 4124
f 4818 4982 4819
f 4819 4982 4981
f 5332 5010 4259
f 4259 5010 4260
f 5014 4686 4875
f 4875 4686 4164
f 4171 4768 5229
f 5229 4768 5009
f 5337 4916 5336
f 5336 4916 4919
f 5293 5337 5294
f 5294 5337 5336
f 4982 4818 5333
f 5333 4818 4889
f 5338 5339 4262
f 4262 5339 5340
f 5307 5310 5338
f 5338 5310 5339
f 5341 5342 4204
f 4204 5342 5309
f 5336 4919 5322
f 5322 4919 4873
f 5294 5336 4126
f 4126 5336 5322
f 5323 5326 5343
f 5343 5326 5286
f 4914 5344 4915
f 4915 5344 5345
f 5312 5315 5344
f 5344 5315 5345
f 5347 5348 5346
f 5346 5348 5349
f 5350 5351 4832
f 4832 5351 4833
f 5352 5353 5349
f 5349 5353 5346
f 5354 5338 4265
f 4265 5338 4262
f 5320 5307 5354
f 5354 5307 5338
f 4201 5308 5303
f 5303 5308 5321
f 5356 5357 5355
f 5355 5357 4799
f 5358 5359 5334
f 5334 5359 5335
f 5358 5360 4093
f 4093 5360 4163
f 5360 5305 4163
f 4163 5305 4876
f 5305 5304 4876
f 4876 5304 4877
f 5270 4778 4079
f 4079 4778 4081
f 4779 5361 4774
f 4774 5361 5357
f 5356 5359 4775
f 4775 5359 4092
f 5333 5304 4982
f 4982 5304 4983
f 5332 4877 5333
f 5333 4877 5304
f 5015 4258 5230
f 5230 4258 5328
f 5327 4172 5328
f 5328 4172 5230
f 4169 5329 4757
f 4757 5329 5331
f 4757 5331 4205
f 4205 5331 4206
f 5331 4276 4206
f 4206 4276 4906
f 4276 4275 4906
f 4906 4275 4907
f 4275 4888 4907
f 4907 4888 4744
f 4887 4717 4745
f 4745 4717 4864
f 4716 5139 4861
f 4861 5139 5190
f 5139 5138 5190
f 5190 5138 5187
f 5138 5216 5187
f 5187 5216 5176
f 5215 5362 5173
f 5173 5362 5130
f 5364 5365 5363
f 5363 5365 5340
f 4742 4863 5366
f 5366 4863 4867
f 4862 5189 4868
f 4868 5189 5184
f 5189 5188 5184
f 5184 5188 5185
f 5188 5175 5185
f 5185 5175 5168
f 3560 3788 3561
f 3561 3788 3790
f 3596 3595 3608
f 3608 3595 3594
f 3598 3582 3595
f 3595 3582 3592
f 3600 3609 3601
f 3601 3609 3611
f 3602 3601 3612
f 3612 3601 3611
f 3606 3605 3613
f 3613 3605 3614
f 3793 5367 3794
f 3794 5367 5368
f 3598 3597 3600
f 3600 3597 3609
f 3793 3792 3575
f 3575 3792 3572
f 3561 3594 3558
f 3558 3594 3593
f 3807 3915 3804
f 3804 3915 3914
f 3916 3915 5370
f 5370 3915 5369
f 3602 3605 3603
f 3603 3605 3604
f 3606 3792 3607
f 3607 3792 3791
f 3914 3913 3560
f 3560 3913 3788
f 5174 5129 5166
f 5166 5129 5371
f 5170 5169 5093
f 5093 5169 5113
f 5166 5371 5090
f 5090 5371 5091
f 5128 5169 5372
f 5372 5169 5172
f 5127 5113 5128
f 5128 5113 5169
f 5114 5206 5203
f 5203 5206 5362
f 5200 5373 5073
f 5073 5373 5096
f 5374 5375 5200
f 5200 5375 5373
f 5039 5047 5374
f 5374 5047 5375
f 5087 5046 5085
f 5085 5046 5376
f 5212 5377 5067
f 5067 5377 5376
f 5042 5045 5212
f 5212 5045 5377
f 5064 5378 5043
f 5043 5378 5044
f 5063 5077 5064
f 5064 5077 5378
f 5079 5082 5198
f 5198 5082 5078
f 5099 5081 5100
f 5100 5081 5379
f 5100 5379 5094
f 5094 5379 5095
f 5381 5382 5380
f 5380 5382 5383
f 5385 5386 5384
f 5384 5386 5383
f 5385 5387 5386
f 5386 5387 5388
f 5390 5391 5389
f 5389 5391 5392
f 5393 5394 5396
f 5396 5394 5395
f 5398 5399 5397
f 5397 5399 5400
f 5402 5403 5401
f 5401 5403 5404
f 5406 5407 5405
f 5405 5407 5404
f 5408 5409 5163
f 5163 5409 5410
f 5411 5412 5414
f 5414 5412 5413
f 5057 5416 5415
f 5415 5416 5417
f 5393 5416 5418
f 5418 5416 5419
f 5396 5395 5420
f 5420 5395 5421
f 5423 5424 5422
f 5422 5424 5425
f 5415 5417 5220
f 5220 5417 5426
f 5418 5391 5393
f 5393 5391 5394
f 5414 5388 5411
f 5411 5388 5392
f 5059 5427 5060
f 5060 5427 5428
f 5423 5427 5429
f 5429 5427 5430
f 5432 5382 5431
f 5431 5382 5425
f 5429 5407 5423
f 5423 5407 5424
f 5380 5409 5381
f 5381 5409 5433
f 5381 5433 5422
f 5422 5433 5428
f 5027 5412 5056
f 5056 5412 5419
f 5435 5436 5434
f 5434 5436 5437
f 5159 5439 5438
f 5438 5439 5440
f 5053 5436 5159
f 5159 5436 5439
f 5441 5403 5398
f 5398 5403 5399
f 5163 5410 5026
f 5026 5410 5413
f 5438 5440 5442
f 5442 5440 5430
f 5444 5445 5443
f 5443 5445 5446
f 5447 5448 5450
f 5450 5448 5449
f 5451 5446 5452
f 5452 5446 5445
f 5454 5455 5453
f 5453 5455 5451
f 5456 5454 5458
f 5458 5454 5457
f 5460 5461 5459
f 5459 5461 5462
f 5464 5465 5463
f 5463 5465 5466
f 5468 5469 5467
f 5467 5469 5470
f 5472 5473 5471
f 5471 5473 5474
f 5475 5476 5478
f 5478 5476 5477
f 5479 5480 5482
f 5482 5480 5481
f 5483 5484 5448
f 5448 5484 5485
f 5448 5485 5449
f 5449 5485 5486
f 5487 5476 5488
f 5488 5476 5475
f 5490 5491 5489
f 5489 5491 5492
f 5494 5495 5493
f 5493 5495 5496
f 5498 5494 5497
f 5497 5494 5493
f 5500 5501 5499
f 5499 5501 5502
f 5503 5504 5446
f 5446 5504 5443
f 5506 5507 5505
f 5505 5507 5508
f 5510 5511 5509
f 5509 5511 5512
f 5514 5515 5513
f 5513 5515 5516
f 5518 5519 5517
f 5517 5519 5520
f 5495 5521 5496
f 5496 5521 5522
f 5524 5525 5523
f 5523 5525 5526
f 5527 5528 5494
f 5494 5528 5495
f 5499 5502 5529
f 5529 5502 5530
f 5531 5532 5485
f 5485 5532 5486
f 5485 5484 5531
f 5531 5484 5533
f 5482 5481 5534
f 5534 5481 5535
f 5536 5512 5506
f 5506 5512 5511
f 5455 5503 5451
f 5451 5503 5446
f 5467 5470 5511
f 5511 5470 5537
f 5538 5467 5510
f 5510 5467 5511
f 5540 5541 5539
f 5539 5541 5542
f 5543 5544 5546
f 5546 5544 5545
f 5548 5472 5547
f 5547 5472 5471
f 5493 5496 5549
f 5549 5496 5550
f 5496 5522 5550
f 5550 5522 5551
f 5553 5554 5552
f 5552 5554 5555
f 5557 5447 5556
f 5556 5447 5558
f 5557 5483 5447
f 5447 5483 5448
f 5478 5477 5553
f 5553 5477 5559
f 5477 5560 5559
f 5559 5560 5561
f 5476 5562 5477
f 5477 5562 5560
f 5476 5487 5562
f 5562 5487 5563
f 5560 5564 5561
f 5561 5564 5565
f 5564 5560 5566
f 5566 5560 5562
f 5563 5567 5562
f 5562 5567 5566
f 5569 5521 5568
f 5568 5521 5570
f 5481 5572 5571
f 5571 5572 5573
f 5574 5535 5571
f 5571 5535 5481
f 5576 5577 5575
f 5575 5577 5578
f 5579 5580 5456
f 5456 5580 5581
f 5475 5582 5488
f 5488 5582 5583
f 5584 5536 5505
f 5505 5536 5506
f 5585 5586 5588
f 5588 5586 5587
f 5590 5591 5589
f 5589 5591 5592
f 5519 5593 5520
f 5520 5593 5594
f 5595 5596 5462
f 5462 5596 5597
f 5599 5600 5598
f 5598 5600 5514
f 5602 5603 5601
f 5601 5603 5604
f 5524 5543 5525
f 5525 5543 5546
f 5543 5524 5606
f 5606 5524 5605
f 5607 5608 5500
f 5500 5608 5501
f 5610 5551 5609
f 5609 5551 5522
f 5611 5510 5598
f 5598 5510 5509
f 5612 5597 5457
f 5457 5597 5458
f 5510 5611 5538
f 5538 5611 5613
f 5580 5508 5581
f 5581 5508 5507
f 5615 5616 5614
f 5614 5616 5617
f 5619 5620 5618
f 5618 5620 5621
f 5623 5624 5622
f 5622 5624 5625
f 5627 5624 5626
f 5626 5624 5623
f 5629 5630 5628
f 5628 5630 5631
f 5633 5634 5632
f 5632 5634 5466
f 5635 5636 5463
f 5463 5636 5637
f 5523 5638 5524
f 5524 5638 5605
f 5639 5640 5641
f 5641 5640 5595
f 5611 5513 5613
f 5613 5513 5642
f 5643 5586 5608
f 5608 5586 5501
f 5622 5625 5590
f 5590 5625 5591
f 5598 5514 5611
f 5611 5514 5513
f 5645 5646 5644
f 5644 5646 5647
f 5620 5619 5491
f 5491 5619 5648
f 5649 5643 5492
f 5492 5643 5608
f 5650 5651 5653
f 5653 5651 5652
f 5463 5466 5635
f 5635 5466 5634
f 5597 5612 5462
f 5462 5612 5459
f 5635 5634 5523
f 5523 5634 5638
f 5654 5638 5633
f 5633 5638 5634
f 5655 5656 5525
f 5525 5656 5526
f 5658 5659 5657
f 5657 5659 5527
f 5660 5464 5637
f 5637 5464 5463
f 5632 5466 5661
f 5661 5466 5465
f 5661 5662 5632
f 5632 5662 5658
f 5662 5663 5658
f 5658 5663 5659
f 5665 5659 5664
f 5664 5659 5663
f 5632 5658 5633
f 5633 5658 5657
f 5666 5629 5530
f 5530 5629 5667
f 5528 5527 5665
f 5665 5527 5659
f 5668 5669 5570
f 5570 5669 5568
f 5669 5668 5670
f 5670 5668 5671
f 5646 5672 5673
f 5672 5674 5673
f 5673 5674 5675
f 5674 5460 5675
f 5675 5460 5459
f 5461 5676 5462
f 5462 5676 5595
f 5677 5678 5680
f 5680 5678 5679
f 5628 5681 5629
f 5629 5681 5667
f 5682 5529 5667
f 5667 5529 5530
f 5675 5459 5683
f 5683 5459 5612
f 5585 5666 5502
f 5502 5666 5530
f 5589 5684 5602
f 5602 5684 5603
f 5646 5645 5663
f 5663 5645 5664
f 5685 5647 5673
f 5673 5647 5646
f 5686 5687 5683
f 5683 5687 5685
f 5688 5689 5533
f 5533 5689 5531
f 5690 5691 5535
f 5535 5691 5534
f 5692 5690 5574
f 5574 5690 5535
f 5685 5687 5689
f 5689 5687 5693
f 5489 5694 5490
f 5490 5694 5695
f 5690 5692 5696
f 5696 5692 5697
f 5696 5644 5690
f 5690 5644 5691
f 5447 5450 5558
f 5558 5450 5698
f 5699 5700 5642
f 5642 5700 5613
f 5701 5702 5540
f 5540 5702 5541
f 5431 5703 5432
f 5432 5703 5697
f 5385 5384 5574
f 5574 5384 5692
f 5389 5387 5573
f 5573 5387 5571
f 5565 5390 5573
f 5573 5390 5389
f 5390 5565 5704
f 5704 5565 5564
f 5566 5705 5564
f 5564 5705 5704
f 5569 5441 5609
f 5609 5441 5398
f 5568 5405 5569
f 5569 5405 5441
f 5670 5706 5669
f 5669 5706 5406
f 5703 5431 5670
f 5670 5431 5706
f 5432 5697 5384
f 5384 5697 5692
f 5574 5571 5385
f 5385 5571 5387
f 5607 5707 5489
f 5489 5707 5694
f 5518 5708 5519
f 5519 5708 5709
f 5711 5576 5710
f 5710 5576 5575
f 5713 5714 5712
f 5712 5714 5715
f 5553 5552 5478
f 5478 5552 5716
f 5717 5475 5716
f 5716 5475 5478
f 5718 5719 5605
f 5605 5719 5606
f 5505 5622 5584
f 5584 5622 5590
f 5508 5623 5505
f 5505 5623 5622
f 5626 5623 5580
f 5580 5623 5508
f 5580 5579 5626
f 5626 5579 5720
f 5579 5721 5720
f 5720 5721 5722
f 5666 5585 5723
f 5723 5585 5588
f 5724 5725 5639
f 5639 5725 5640
f 5554 5726 5555
f 5555 5726 5727
f 5453 5728 5729
f 5689 5688 5685
f 5685 5688 5647
f 5604 5730 5512
f 5512 5730 5509
f 5628 5631 5618
f 5618 5631 5592
f 5601 5604 5536
f 5536 5604 5512
f 5732 5676 5731
f 5731 5676 5660
f 5730 5604 5733
f 5733 5604 5603
f 5563 5487 5551
f 5551 5487 5550
f 5489 5492 5607
f 5607 5492 5608
f 5573 5572 5565
f 5565 5572 5561
f 5609 5522 5569
f 5569 5522 5521
f 5499 5734 5500
f 5500 5734 5735
f 5596 5736 5721
f 5721 5736 5722
f 5737 5600 5594
f 5594 5600 5520
f 5599 5730 5517
f 5517 5730 5733
f 5660 5738 5731
f 5731 5738 5739
f 5648 5649 5491
f 5491 5649 5492
f 5501 5586 5502
f 5502 5586 5585
f 5525 5546 5655
f 5655 5546 5740
f 5600 5599 5520
f 5520 5599 5517
f 5708 5739 5709
f 5709 5739 5738
f 5636 5635 5526
f 5526 5635 5523
f 5670 5671 5703
f 5703 5671 5741
f 5490 5695 5742
f 5742 5695 5743
f 5682 5678 5744
f 5744 5678 5677
f 5678 5681 5679
f 5679 5681 5621
f 5742 5743 5679
f 5679 5743 5680
f 5618 5621 5628
f 5628 5621 5681
f 5725 5724 5589
f 5589 5724 5684
f 5456 5458 5579
f 5579 5458 5721
f 5675 5683 5673
f 5673 5683 5685
f 5529 5682 5745
f 5745 5682 5744
f 5721 5458 5596
f 5596 5458 5597
f 5701 5540 5719
f 5719 5540 5606
f 5703 5741 5697
f 5697 5741 5696
f 5500 5735 5607
f 5607 5735 5707
f 5549 5746 5493
f 5493 5746 5497
f 5700 5747 5613
f 5613 5747 5538
f 5420 5421 5434
f 5434 5421 5400
f 5689 5693 5531
f 5531 5693 5532
f 5705 5566 5748
f 5748 5566 5567
f 5609 5398 5610
f 5610 5398 5397
f 5669 5406 5568
f 5568 5406 5405
f 5488 5583 5549
f 5549 5583 5746
f 5714 5713 5710
f 5710 5713 5711
f 5747 5468 5538
f 5538 5468 5467
f 5548 5547 5749
f 5749 5547 5750
f 5733 5603 5751
f 5751 5603 5684
f 5589 5602 5590
f 5590 5602 5584
f 5636 5752 5614
f 5614 5752 5615
f 5753 5754 5738
f 5738 5754 5755
f 5602 5601 5584
f 5584 5601 5536
f 5723 5736 5630
f 5630 5736 5640
f 5595 5640 5596
f 5596 5640 5736
f 5734 5499 5745
f 5745 5499 5529
f 5627 5587 5643
f 5643 5587 5586
f 5553 5559 5554
f 5554 5559 5480
f 5559 5561 5480
f 5480 5561 5572
f 5554 5480 5726
f 5726 5480 5479
f 5749 5750 5715
f 5715 5750 5712
f 5683 5612 5686
f 5686 5612 5457
f 5678 5682 5681
f 5681 5682 5667
f 5598 5509 5599
f 5599 5509 5730
f 5679 5621 5742
f 5742 5621 5620
f 5652 5616 5653
f 5653 5616 5615
f 5220 5426 5052
f 5052 5426 5437
f 5487 5488 5550
f 5550 5488 5549
f 5742 5620 5490
f 5490 5620 5491
f 5551 5610 5563
f 5563 5610 5567
f 5610 5397 5567
f 5567 5397 5748
f 5614 5617 5753
f 5753 5617 5754
f 5480 5572 5481
f 5755 5756 5738
f 5738 5756 5709
f 5745 5744 5758
f 5758 5744 5757
f 5745 5758 5734
f 5734 5758 5759
f 5735 5734 5760
f 5760 5734 5759
f 5707 5735 5761
f 5761 5735 5760
f 5744 5677 5757
f 5757 5677 5762
f 5677 5680 5762
f 5762 5680 5763
f 5763 5680 5764
f 5764 5680 5743
f 5765 5766 5762
f 5762 5766 5757
f 5768 5769 5767
f 5767 5769 5770
f 5771 5772 5770
f 5770 5772 5767
f 5770 5769 5774
f 5774 5769 5773
f 5775 5776 5774
f 5774 5776 5777
f 5773 5778 5774
f 5774 5778 5775
f 5779 5766 5773
f 5773 5766 5778
f 5777 5771 5774
f 5774 5771 5770
f 5780 5781 5783
f 5783 5781 5782
f 5781 5780 5771
f 5771 5780 5772
f 5773 5769 5779
f 5779 5769 5768
f 5768 5759 5779
f 5779 5759 5758
f 5768 5784 5759
f 5759 5784 5760
f 5767 5785 5768
f 5768 5785 5784
f 5785 5767 5786
f 5786 5767 5772
f 5766 5779 5757
f 5757 5779 5758
f 5780 5787 5772
f 5772 5787 5786
f 5785 5786 5788
f 5788 5786 5789
f 5786 5787 5789
f 5789 5787 5790
f 5788 5789 5791
f 5791 5789 5792
f 5791 5793 5788
f 5788 5793 5794
f 5795 5792 5790
f 5790 5792 5789
f 5785 5788 5784
f 5784 5788 5794
f 5784 5794 5760
f 5760 5794 5761
f 5787 5780 5796
f 5796 5780 5783
f 5775 5778 5797
f 5797 5778 5766
f 5797 5798 5775
f 5775 5798 5776
f 5766 5765 5797
f 5797 5765 5799
f 5798 5797 5800
f 5800 5797 5799
f 5798 5801 5776
f 5776 5801 5802
f 5707 5761 5694
f 5694 5761 5803
f 5695 5804 5743
f 5743 5804 5764
f 5804 5695 5803
f 5803 5695 5694
f 5803 5793 5804
f 5804 5793 5805
f 5793 5791 5805
f 5805 5791 5806
f 5804 5805 5764
f 5764 5805 5807
f 5803 5761 5793
f 5793 5761 5794
f 5808 5763 5807
f 5807 5763 5764
f 5808 5765 5763
f 5763 5765 5762
f 5809 5799 5808
f 5808 5799 5765
f 5809 5808 5810
f 5810 5808 5807
f 5811 5809 5812
f 5812 5809 5810
f 5805 5806 5807
f 5807 5806 5810
f 5806 5813 5810
f 5810 5813 5812
f 5799 5809 5800
f 5800 5809 5811
f 5815 5800 5814
f 5814 5800 5811
f 5814 5817 5816
f 5816 5817 5818
f 5814 5811 5817
f 5817 5811 5812
f 5814 5816 5815
f 5815 5816 5796
f 5815 5796 5801
f 5801 5796 5783
f 5801 5798 5815
f 5815 5798 5800
f 5791 5792 5806
f 5806 5792 5813
f 5818 5813 5795
f 5795 5813 5792
f 5818 5817 5813
f 5813 5817 5812
f 5816 5818 5790
f 5790 5818 5795
f 5790 5787 5816
f 5816 5787 5796
f 5771 5777 5781
f 5781 5777 5782
f 5782 5802 5783
f 5783 5802 5801
f 5782 5777 5802
f 5802 5777 5776
f 5588 5587 5722
f 5722 5587 5720
f 5591 5619 5592
f 5592 5619 5618
f 5625 5624 5648
f 5648 5624 5649
f 5624 5627 5649
f 5649 5627 5643
f 5631 5630 5725
f 5725 5630 5640
f 5625 5648 5591
f 5591 5648 5619
f 5588 5722 5723
f 5723 5722 5736
f 5631 5725 5592
f 5592 5725 5589
f 5723 5630 5666
f 5666 5630 5629
f 5587 5627 5720
f 5720 5627 5626
f 5820 5821 5819
f 5819 5821 5822
f 5824 5825 5823
f 5823 5825 5826
f 5823 5826 5827
f 5827 5826 5828
f 5829 5830 5832
f 5832 5830 5831
f 5518 5833 5708
f 5708 5833 5834
f 5835 5836 5824
f 5824 5836 5825
f 5838 5839 5837
f 5837 5839 5840
f 5751 5684 5842
f 5842 5684 5841
f 5843 5841 5724
f 5724 5841 5684
f 5845 5846 5844
f 5844 5846 5847
f 5848 5830 5836
f 5836 5830 5825
f 5518 5751 5833
f 5833 5751 5842
f 5839 5838 5821
f 5821 5838 5849
f 5850 5848 5822
f 5822 5848 5836
f 5851 5845 5828
f 5828 5845 5852
f 5854 5855 5853
f 5853 5855 5856
f 5845 5844 5852
f 5852 5844 5857
f 5858 5827 5852
f 5852 5827 5828
f 5851 5828 5829
f 5829 5828 5826
f 5819 5859 5820
f 5820 5859 5860
f 5835 5861 5819
f 5819 5861 5859
f 5851 5829 5862
f 5862 5829 5832
f 5844 5847 5837
f 5837 5847 5834
f 5819 5822 5835
f 5835 5822 5836
f 5823 5863 5824
f 5824 5863 5864
f 5849 5850 5821
f 5821 5850 5822
f 5825 5830 5826
f 5826 5830 5829
f 5820 5860 5865
f 5865 5860 5866
f 5858 5854 5867
f 5867 5854 5853
f 5854 5857 5855
f 5855 5857 5840
f 5855 5865 5856
f 5856 5865 5866
f 5837 5840 5844
f 5844 5840 5857
f 5827 5858 5868
f 5868 5858 5867
f 5824 5864 5835
f 5835 5864 5861
f 5732 5731 5862
f 5862 5731 5846
f 5863 5823 5868
f 5868 5823 5827
f 5843 5831 5848
f 5848 5831 5830
f 5854 5858 5857
f 5857 5858 5852
f 5855 5840 5865
f 5865 5840 5839
f 5865 5839 5820
f 5820 5839 5821
f 5868 5867 5870
f 5870 5867 5869
f 5868 5870 5863
f 5863 5870 5871
f 5863 5871 5864
f 5864 5871 5872
f 5864 5872 5861
f 5861 5872 5873
f 5867 5853 5869
f 5869 5853 5874
f 5853 5856 5874
f 5874 5856 5875
f 5856 5866 5875
f 5875 5866 5876
f 5877 5878 5874
f 5874 5878 5869
f 5880 5881 5879
f 5879 5881 5882
f 5883 5884 5880
f 5880 5884 5881
f 5881 5884 5886
f 5886 5884 5885
f 5887 5888 5886
f 5886 5888 5889
f 5885 5890 5886
f 5886 5890 5887
f 5889 5882 5886
f 5886 5882 5881
f 5882 5891 5879
f 5879 5891 5892
f 5885 5884 5893
f 5893 5884 5883
f 5883 5871 5893
f 5893 5871 5870
f 5883 5894 5871
f 5871 5894 5872
f 5880 5895 5883
f 5883 5895 5894
f 5896 5895 5879
f 5879 5895 5880
f 5893 5878 5885
f 5885 5878 5890
f 5878 5893 5869
f 5869 5893 5870
f 5897 5896 5892
f 5892 5896 5879
f 5895 5896 5898
f 5898 5896 5899
f 5896 5897 5899
f 5899 5897 5900
f 5898 5899 5901
f 5901 5899 5902
f 5901 5903 5898
f 5898 5903 5904
f 5900 5905 5899
f 5899 5905 5902
f 5898 5904 5895
f 5895 5904 5894
f 5894 5904 5872
f 5872 5904 5873
f 5897 5892 5907
f 5907 5892 5906
f 5892 5891 5906
f 5906 5891 5908
f 5887 5890 5909
f 5909 5890 5878
f 5888 5887 5910
f 5910 5887 5909
f 5878 5877 5909
f 5909 5877 5911
f 5909 5911 5910
f 5910 5911 5912
f 5913 5914 5910
f 5910 5914 5888
f 5908 5914 5906
f 5906 5914 5913
f 5861 5873 5859
f 5859 5873 5915
f 5860 5916 5866
f 5866 5916 5876
f 5916 5860 5915
f 5915 5860 5859
f 5915 5903 5916
f 5916 5903 5917
f 5903 5901 5917
f 5917 5901 5918
f 5916 5917 5876
f 5876 5917 5919
f 5903 5915 5904
f 5904 5915 5873
f 5920 5875 5919
f 5919 5875 5876
f 5920 5877 5875
f 5875 5877 5874
f 5920 5921 5877
f 5877 5921 5911
f 5921 5920 5922
f 5922 5920 5919
f 5923 5921 5924
f 5924 5921 5922
f 5917 5918 5919
f 5919 5918 5922
f 5918 5925 5922
f 5922 5925 5924
f 5921 5923 5911
f 5911 5923 5912
f 5927 5912 5926
f 5926 5912 5923
f 5926 5929 5928
f 5928 5929 5930
f 5926 5923 5929
f 5929 5923 5924
f 5926 5928 5927
f 5927 5928 5907
f 5927 5907 5913
f 5913 5907 5906
f 5913 5910 5927
f 5927 5910 5912
f 5901 5902 5918
f 5918 5902 5925
f 5930 5925 5905
f 5905 5925 5902
f 5930 5929 5925
f 5925 5929 5924
f 5928 5930 5900
f 5900 5930 5905
f 5900 5897 5928
f 5928 5897 5907
f 5882 5889 5891
f 5891 5889 5908
f 5908 5889 5914
f 5914 5889 5888
f 5832 5831 5641
f 5641 5831 5639
f 5833 5838 5834
f 5834 5838 5837
f 5842 5841 5849
f 5849 5841 5850
f 5841 5843 5850
f 5850 5843 5848
f 5847 5846 5739
f 5739 5846 5731
f 5842 5849 5833
f 5833 5849 5838
f 5862 5832 5732
f 5732 5832 5641
f 5847 5739 5834
f 5834 5739 5708
f 5862 5846 5851
f 5851 5846 5845
f 5831 5843 5639
f 5639 5843 5724
f 5676 5732 5595
f 5595 5732 5641
f 5676 5461 5660
f 5660 5461 5464
f 5461 5460 5464
f 5464 5460 5465
f 5460 5674 5465
f 5465 5674 5661
f 5931 5932 5934
f 5934 5932 5933
f 5936 5937 5935
f 5935 5937 5938
f 5935 5938 5939
f 5939 5938 5940
f 5942 5943 5941
f 5941 5943 5944
f 5945 5946 5936
f 5936 5946 5937
f 5948 5949 5947
f 5947 5949 5950
f 5951 5952 5519
f 5519 5952 5593
f 5953 5951 5709
f 5709 5951 5519
f 5955 5956 5954
f 5954 5956 5957
f 5958 5942 5946
f 5946 5942 5937
f 5948 5959 5949
f 5949 5959 5933
f 5960 5958 5934
f 5934 5958 5946
f 5961 5955 5940
f 5940 5955 5962
f 5963 5964 5966
f 5966 5964 5965
f 5955 5954 5962
f 5962 5954 5967
f 5968 5939 5962
f 5962 5939 5940
f 5961 5940 5941
f 5941 5940 5938
f 5931 5969 5932
f 5932 5969 5970
f 5945 5971 5931
f 5931 5971 5969
f 5941 5944 5961
f 5961 5944 5972
f 5954 5957 5947
f 5947 5957 5973
f 5945 5931 5946
f 5946 5931 5934
f 5935 5974 5936
f 5936 5974 5975
f 5959 5960 5933
f 5933 5960 5934
f 5937 5942 5938
f 5938 5942 5941
f 5932 5970 5976
f 5976 5970 5977
f 5968 5964 5978
f 5978 5964 5963
f 5965 5964 5950
f 5950 5964 5967
f 5976 5977 5965
f 5965 5977 5966
f 5947 5950 5954
f 5954 5950 5967
f 5939 5968 5979
f 5979 5968 5978
f 5936 5975 5945
f 5945 5975 5971
f 5972 5754 5956
f 5956 5754 5617
f 5974 5935 5979
f 5979 5935 5939
f 5953 5943 5958
f 5958 5943 5942
f 5964 5968 5967
f 5967 5968 5962
f 5965 5950 5976
f 5976 5950 5949
f 5976 5949 5932
f 5932 5949 5933
f 5979 5978 5981
f 5981 5978 5980
f 5979 5981 5974
f 5974 5981 5982
f 5974 5982 5975
f 5975 5982 5983
f 5975 5983 5971
f 5971 5983 5984
f 5978 5963 5980
f 5980 5963 5985
f 5963 5966 5985
f 5985 5966 5986
f 5986 5966 5987
f 5987 5966 5977
f 5988 5989 5985
f 5985 5989 5980
f 5991 5992 5990
f 5990 5992 5993
f 5994 5995 5991
f 5991 5995 5992
f 5992 5995 5997
f 5997 5995 5996
f 5998 5999 5997
f 5997 5999 6000
f 5996 6001 5997
f 5997 6001 5998
f 6000 5993 5997
f 5997 5993 5992
f 6002 6003 5993
f 5993 6003 5990
f 5995 5994 5996
f 5996 5994 6004
f 5994 5982 6004
f 6004 5982 5981
f 5994 6005 5982
f 5982 6005 5983
f 5991 6006 5994
f 5994 6006 6005
f 6006 5991 6007
f 6007 5991 5990
f 5996 6004 6001
f 6001 6004 5989
f 5989 6004 5980
f 5980 6004 5981
f 6003 6008 5990
f 5990 6008 6007
f 6009 6006 6010
f 6010 6006 6007
f 6008 6011 6007
f 6007 6011 6010
f 6012 6009 6013
f 6013 6009 6010
f 6009 6012 6015
f 6015 6012 6014
f 6011 6016 6010
f 6010 6016 6013
f 6006 6009 6005
f 6005 6009 6015
f 6005 6015 5983
f 5983 6015 5984
f 6008 6003 6018
f 6018 6003 6017
f 6003 6002 6017
f 6017 6002 6019
f 5998 6001 6020
f 6020 6001 5989
f 5999 5998 6021
f 6021 5998 6020
f 5989 5988 6020
f 6020 5988 6022
f 6021 6020 6023
f 6023 6020 6022
f 6021 6024 5999
f 5999 6024 6025
f 6019 6025 6017
f 6017 6025 6024
f 5971 5984 5969
f 5969 5984 6026
f 5970 6027 5977
f 5977 6027 5987
f 6027 5970 6026
f 6026 5970 5969
f 6026 6014 6027
f 6027 6014 6028
f 6014 6012 6028
f 6028 6012 6029
f 6027 6028 5987
f 5987 6028 6030
f 6026 5984 6014
f 6014 5984 6015
f 6031 5986 6030
f 6030 5986 5987
f 6031 5988 5986
f 5986 5988 5985
f 6032 6022 6031
f 6031 6022 5988
f 6032 6031 6033
f 6033 6031 6030
f 6034 6032 6035
f 6035 6032 6033
f 6028 6029 6030
f 6030 6029 6033
f 6029 6036 6033
f 6033 6036 6035
f 6032 6034 6022
f 6022 6034 6023
f 6038 6023 6037
f 6037 6023 6034
f 6037 6040 6039
f 6039 6040 6041
f 6037 6034 6040
f 6040 6034 6035
f 6037 6039 6038
f 6038 6039 6018
f 6038 6018 6024
f 6024 6018 6017
f 6024 6021 6038
f 6038 6021 6023
f 6012 6013 6029
f 6029 6013 6036
f 6041 6036 6016
f 6016 6036 6013
f 6041 6040 6036
f 6036 6040 6035
f 6041 6016 6039
f 6039 6016 6011
f 6011 6008 6039
f 6039 6008 6018
f 5993 6000 6002
f 6002 6000 6019
f 6019 6000 6025
f 6025 6000 5999
f 5943 5756 5944
f 5944 5756 5755
f 6042 5948 5973
f 5973 5948 5947
f 5952 5951 5959
f 5959 5951 5960
f 5951 5953 5960
f 5960 5953 5958
f 5616 5957 5617
f 5617 5957 5956
f 6042 5952 5948
f 5948 5952 5959
f 5944 5755 5972
f 5972 5755 5754
f 5957 5616 5973
f 5973 5616 5652
f 5956 5955 5972
f 5972 5955 5961
f 5943 5953 5756
f 5756 5953 5709
f 6044 6045 6043
f 6043 6045 6046
f 6048 6049 6047
f 6047 6049 6050
f 6047 6050 6051
f 6051 6050 6052
f 6054 6055 6053
f 6053 6055 6056
f 6057 6058 6060
f 6060 6058 6059
f 6061 6062 6048
f 6048 6062 6049
f 6063 6064 6066
f 6066 6064 6065
f 6067 6068 6070
f 6070 6068 6069
f 6071 6069 5653
f 5653 6069 6068
f 6072 6073 6075
f 6075 6073 6074
f 6062 6076 6049
f 6049 6076 6054
f 6058 6067 6059
f 6059 6067 6070
f 6064 6077 6065
f 6065 6077 6045
f 6078 6076 6046
f 6046 6076 6062
f 6073 6080 6079
f 6079 6080 6052
f 6082 6083 6081
f 6081 6083 6084
f 6072 6085 6073
f 6073 6085 6080
f 6086 6051 6080
f 6080 6051 6052
f 6079 6052 6053
f 6053 6052 6050
f 6043 6087 6044
f 6044 6087 6088
f 6061 6089 6043
f 6043 6089 6087
f 6053 6056 6079
f 6079 6056 6090
f 6063 6072 6060
f 6060 6072 6075
f 6043 6046 6061
f 6061 6046 6062
f 6047 6091 6048
f 6048 6091 6092
f 6077 6078 6045
f 6045 6078 6046
f 6049 6054 6050
f 6050 6054 6053
f 6044 6088 6093
f 6093 6088 6094
f 6086 6082 6095
f 6095 6082 6081
f 6083 6082 6066
f 6066 6082 6085
f 6093 6094 6083
f 6083 6094 6084
f 6072 6063 6085
f 6085 6063 6066
f 6051 6086 6096
f 6096 6086 6095
f 6048 6092 6061
f 6061 6092 6089
f 5656 5655 6090
f 6090 5655 6074
f 6091 6047 6096
f 6096 6047 6051
f 6071 6055 6076
f 6076 6055 6054
f 6082 6086 6085
f 6085 6086 6080
f 6093 6083 6065
f 6065 6083 6066
f 6044 6093 6045
f 6045 6093 6065
f 6096 6095 6098
f 6098 6095 6097
f 6096 6098 6091
f 6091 6098 6099
f 6091 6099 6092
f 6092 6099 6100
f 6092 6100 6089
f 6089 6100 6101
f 6095 6081 6097
f 6097 6081 6102
f 6081 6084 6102
f 6102 6084 6103
f 6103 6084 6104
f 6104 6084 6094
f 6106 6097 6105
f 6105 6097 6102
f 6107 6108 6110
f 6110 6108 6109
f 6111 6112 6108
f 6108 6112 6109
f 6109 6112 6114
f 6114 6112 6113
f 6114 6115 6117
f 6117 6115 6116
f 6113 6118 6114
f 6114 6118 6115
f 6117 6110 6114
f 6114 6110 6109
f 6110 6119 6107
f 6107 6119 6120
f 6112 6111 6113
f 6113 6111 6121
f 6111 6099 6121
f 6121 6099 6098
f 6111 6122 6099
f 6099 6122 6100
f 6123 6122 6108
f 6108 6122 6111
f 6124 6123 6107
f 6107 6123 6108
f 6113 6121 6118
f 6118 6121 6106
f 6106 6121 6097
f 6097 6121 6098
f 6125 6124 6120
f 6120 6124 6107
f 6126 6123 6127
f 6127 6123 6124
f 6125 6128 6124
f 6124 6128 6127
f 6129 6126 6130
f 6130 6126 6127
f 6126 6129 6132
f 6132 6129 6131
f 6128 6133 6127
f 6127 6133 6130
f 6123 6126 6122
f 6122 6126 6132
f 6122 6132 6100
f 6100 6132 6101
f 6120 6134 6125
f 6125 6134 6135
f 6120 6119 6134
f 6134 6119 6136
f 6115 6118 6137
f 6137 6118 6106
f 6115 6137 6116
f 6116 6137 6138
f 6137 6106 6139
f 6139 6106 6105
f 6138 6137 6140
f 6140 6137 6139
f 6141 6142 6138
f 6138 6142 6116
f 6136 6142 6134
f 6134 6142 6141
f 6089 6101 6087
f 6087 6101 6143
f 6088 6144 6094
f 6094 6144 6104
f 6143 6144 6087
f 6087 6144 6088
f 6131 6145 6143
f 6143 6145 6144
f 6129 6146 6131
f 6131 6146 6145
f 6144 6145 6104
f 6104 6145 6147
f 6143 6101 6131
f 6131 6101 6132
f 6148 6103 6147
f 6147 6103 6104
f 6103 6148 6102
f 6102 6148 6105
f 6148 6149 6105
f 6105 6149 6139
f 6149 6148 6150
f 6150 6148 6147
f 6151 6149 6152
f 6152 6149 6150
f 6145 6146 6147
f 6147 6146 6150
f 6146 6153 6150
f 6150 6153 6152
f 6149 6151 6139
f 6139 6151 6140
f 6155 6140 6154
f 6154 6140 6151
f 6154 6157 6156
f 6156 6157 6158
f 6154 6151 6157
f 6157 6151 6152
f 6154 6156 6155
f 6155 6156 6135
f 6155 6135 6141
f 6141 6135 6134
f 6141 6138 6155
f 6155 6138 6140
f 6146 6129 6153
f 6153 6129 6130
f 6158 6153 6133
f 6133 6153 6130
f 6158 6157 6153
f 6153 6157 6152
f 6156 6158 6128
f 6128 6158 6133
f 6128 6125 6156
f 6156 6125 6135
f 6110 6117 6119
f 6119 6117 6136
f 6136 6117 6142
f 6142 6117 6116
f 6055 5615 6056
f 6056 5615 5752
f 6060 6059 6063
f 6063 6059 6064
f 6077 6070 6078
f 6078 6070 6069
f 6069 6071 6078
f 6078 6071 6076
f 6159 6057 6075
f 6075 6057 6060
f 6059 6070 6064
f 6064 6070 6077
f 6056 5752 6090
f 6090 5752 5656
f 6090 6074 6079
f 6079 6074 6073
f 6055 6071 5615
f 5615 6071 5653
f 5547 5471 6160
f 6160 5471 6161
f 5729 5577 6163
f 6163 5577 6162
f 5577 5576 6162
f 6162 5576 6164
f 5713 6165 5711
f 5711 6165 6166
f 5474 5729 6167
f 6167 5729 6163
f 5750 5547 6168
f 6168 5547 6160
f 5471 5474 6161
f 6161 5474 6167
f 6169 5712 6168
f 6168 5712 5750
f 5711 6166 5576
f 5576 6166 6164
f 6165 5713 6169
f 6169 5713 5712
f 6168 6170 6169
f 6169 6170 6171
f 6169 6171 6165
f 6165 6171 6172
f 6165 6172 6166
f 6166 6172 6173
f 6166 6173 6164
f 6164 6173 6174
f 6168 6160 6170
f 6170 6160 6175
f 6160 6161 6175
f 6175 6161 6176
f 6161 6167 6176
f 6176 6167 6177
f 6179 6170 6178
f 6178 6170 6175
f 6181 6182 6180
f 6180 6182 6183
f 6184 6185 6181
f 6181 6185 6182
f 6186 6187 6185
f 6185 6187 6182
f 6186 6188 6187
f 6187 6188 6189
f 6190 6183 6187
f 6187 6183 6182
f 6183 6190 6191
f 6191 6190 6192
f 6191 6193 6183
f 6183 6193 6180
f 6186 6185 6194
f 6194 6185 6184
f 6184 6172 6194
f 6194 6172 6171
f 6184 6195 6172
f 6172 6195 6173
f 6181 6196 6184
f 6184 6196 6195
f 6196 6181 6197
f 6197 6181 6180
f 6186 6194 6188
f 6188 6194 6179
f 6179 6194 6170
f 6170 6194 6171
f 6193 6198 6180
f 6180 6198 6197
f 6199 6196 6200
f 6200 6196 6197
f 6198 6201 6197
f 6197 6201 6200
f 6202 6199 6203
f 6203 6199 6200
f 6199 6202 6205
f 6205 6202 6204
f 6201 6206 6200
f 6200 6206 6203
f 6196 6199 6195
f 6195 6199 6205
f 6195 6205 6173
f 6173 6205 6174
f 6198 6193 6208
f 6208 6193 6207
f 6193 6191 6207
f 6207 6191 6192
f 6189 6188 6209
f 6209 6188 6179
f 6210 6189 6211
f 6211 6189 6209
f 6209 6179 6212
f 6212 6179 6178
f 6211 6209 6213
f 6213 6209 6212
f 6211 6214 6210
f 6210 6214 6215
f 6192 6215 6207
f 6207 6215 6214
f 6190 6187 6210
f 6210 6187 6189
f 6192 6190 6215
f 6215 6190 6210
f 6162 6164 6216
f 6216 6164 6174
f 6167 6163 6177
f 6177 6163 6217
f 6216 6217 6162
f 6162 6217 6163
f 6204 6218 6216
f 6216 6218 6217
f 6202 6219 6204
f 6204 6219 6218
f 6217 6218 6177
f 6177 6218 6220
f 6216 6174 6204
f 6204 6174 6205
f 6221 6176 6220
f 6220 6176 6177
f 6176 6221 6175
f 6175 6221 6178
f 6221 6222 6178
f 6178 6222 6212
f 6222 6221 6223
f 6223 6221 6220
f 6224 6222 6225
f 6225 6222 6223
f 6218 6219 6220
f 6220 6219 6223
f 6219 6226 6223
f 6223 6226 6225
f 6222 6224 6212
f 6212 6224 6213
f 6228 6213 6227
f 6227 6213 6224
f 6229 6227 6231
f 6231 6227 6230
f 6227 6224 6230
f 6230 6224 6225
f 6227 6229 6228
f 6228 6229 6208
f 6228 6208 6214
f 6214 6208 6207
f 6214 6211 6228
f 6228 6211 6213
f 6219 6202 6226
f 6226 6202 6203
f 6231 6226 6206
f 6206 6226 6203
f 6231 6230 6226
f 6226 6230 6225
f 6229 6231 6201
f 6201 6231 6206
f 6201 6198 6229
f 6229 6198 6208
f 5674 5672 5661
f 5661 5672 5662
f 5662 5672 5663
f 5663 5672 5646
f 5651 6042 5652
f 5652 6042 5973
f 5518 5517 5751
f 5751 5517 5733
f 5738 5660 5753
f 5753 5660 5637
f 5752 5636 5656
f 5656 5636 5526
f 5952 6042 5593
f 5593 6042 5651
f 5593 5651 5594
f 5594 5651 5650
f 5600 5737 5514
f 5514 5737 5515
f 5546 5545 5740
f 5740 5545 6232
f 6232 6058 5740
f 5740 6058 6057
f 6067 6058 6233
f 6233 6058 6232
f 6233 6232 6234
f 6234 6232 5545
f 6234 5545 6235
f 6235 5545 5544
f 5606 6236 5543
f 5543 6236 5544
f 6235 5544 5539
f 5539 5544 6236
f 6237 6235 5542
f 5542 6235 5539
f 6235 6237 6234
f 6234 6237 6238
f 6234 6238 6233
f 6233 6238 6239
f 5653 6068 5650
f 5650 6068 6239
f 5642 5513 6240
f 6240 5513 5516
f 5539 6236 5540
f 5540 6236 5606
f 5636 5614 5637
f 5637 5614 5753
f 6239 5737 5650
f 5650 5737 5594
f 6239 6068 6233
f 6233 6068 6067
f 6075 6074 6159
f 6159 6074 5655
f 6057 6159 5740
f 5740 6159 5655
f 5515 5737 6238
f 6238 5737 6239
f 6238 6237 5515
f 5515 6237 5516
f 5542 6240 6237
f 6237 6240 5516
f 6240 5542 5642
f 5642 5542 5541
f 5702 5699 5541
f 5541 5699 5642
f 5582 5475 5717
f 5470 5443 5537
f 5537 5443 5504
f 5469 5444 5470
f 5470 5444 5443
f 5726 5557 5727
f 5727 5557 5556
f 5537 5504 5511
f 5511 5504 5506
f 5504 5503 5506
f 5506 5503 5507
f 5503 5455 5507
f 5507 5455 5581
f 5455 5454 5581
f 5581 5454 5456
f 5473 5453 5474
f 5474 5453 5729
f 5457 5454 5473
f 5473 5454 5453
f 5473 5472 5457
f 5457 5472 5686
f 5472 5548 5686
f 5686 5548 5687
f 5749 5693 5548
f 5548 5693 5687
f 5715 5532 5749
f 5749 5532 5693
f 5714 5486 5715
f 5715 5486 5532
f 5714 5710 5486
f 5486 5710 5449
f 5728 5578 5729
f 5729 5578 5577
f 5452 5445 5698
f 5698 5445 5558
f 5445 5444 5558
f 5558 5444 5556
f 5444 5469 5556
f 5556 5469 5727
f 5469 5468 5727
f 5727 5468 5555
f 5468 5747 5555
f 5555 5747 5552
f 5747 5700 5552
f 5552 5700 5716
f 5700 5699 5716
f 5716 5699 5717
f 5699 5702 5717
f 5717 5702 5582
f 5702 5701 5582
f 5582 5701 5583
f 5726 5479 5557
f 5557 5479 5483
f 5483 5479 5484
f 5484 5479 5482
f 5534 5533 5482
f 5482 5533 5484
f 5691 5688 5534
f 5534 5688 5533
f 5644 5647 5691
f 5691 5647 5688
f 5719 5746 5701
f 5701 5746 5583
f 5718 5497 5719
f 5719 5497 5746
f 5718 5605 5654
f 5654 5605 5638
f 5498 5654 5657
f 5657 5654 5633
f 5497 5718 5498
f 5498 5718 5654
f 5657 5527 5498
f 5498 5527 5494
f 5528 5570 5495
f 5495 5570 5521
f 5665 5668 5528
f 5528 5668 5570
f 5664 5671 5665
f 5665 5671 5668
f 5645 5741 5664
f 5664 5741 5671
f 5644 5696 5645
f 5645 5696 5741
f 5710 5575 5449
f 5449 5575 5450
f 5575 5578 5450
f 5450 5578 5698
f 5578 5728 5698
f 5698 5728 5452
f 5452 5728 5451
f 5451 5728 5453
f 3619 6241 3620
f 3620 6241 6242
f 6243 6244 3628
f 3628 6244 3629
f 6245 6246 3634
f 3634 6246 3631
f 6247 6248 3636
f 3636 6248 3637
f 6249 6250 3642
f 3642 6250 3639
f 3639 6250 3643
f 3643 6250 6251
f 3743 6252 3744
f 3744 6252 6253
f 6246 6243 3631
f 3631 6243 3628
f 3753 6254 3754
f 3754 6254 6255
f 3857 6256 3619
f 3619 6256 6241
f 6257 6245 3932
f 3932 6245 3634
f 6242 6247 3620
f 3620 6247 3636
f 6258 6259 3946
f 3946 6259 3947
f 6260 6249 3948
f 3948 6249 3642
f 6244 6258 3629
f 3629 6258 3946
f 3947 6259 3753
f 3753 6259 6254
f 6248 6260 3637
f 3637 6260 3948
f 3643 6251 3743
f 3743 6251 6252
f 3744 6253 3932
f 3932 6253 6257
f 6250 6249 6251
f 6251 6249 6252
f 6245 6261 6246
f 6246 6261 6262
f 6263 6264 6247
f 6247 6264 6248
f 6252 6265 6253
f 6253 6265 6266
f 6246 6262 6243
f 6243 6262 6267
f 6268 6261 6257
f 6257 6261 6245
f 6269 6263 6242
f 6242 6263 6247
f 6270 6271 6260
f 6260 6271 6249
f 6264 6270 6248
f 6248 6270 6260
f 6253 6266 6257
f 6257 6266 6268
f 6249 6271 6252
f 6252 6271 6265
f 6254 6259 6272
f 6272 6259 6273
f 6266 6265 6270
f 6270 6265 6271
f 6268 6266 6264
f 6264 6266 6270
f 6261 6268 6263
f 6263 6268 6264
f 6269 6262 6263
f 6263 6262 6261
f 4186 4185 6274
f 6274 4185 6275
f 6241 6276 6242
f 6242 6276 6269
f 6258 6244 6277
f 6277 6244 6278
f 6256 6279 6241
f 6241 6279 6276
f 6259 6258 6273
f 6273 6258 6277
f 6243 6267 6244
f 6244 6267 6278
f 6276 6267 6269
f 6269 6267 6262
f 6254 6272 6255
f 6255 6272 6280
f 3865 3713 3888
f 3888 3713 3685
f 5242 5233 3892
f 3892 5233 3711
f 3900 5243 3892
f 3892 5243 5242
f 3734 3866 3900
f 3900 3866 5243
f 4117 6281 4118
f 4118 6281 6282
f 4118 6282 4278
f 4278 6282 4879
f 4717 4887 4718
f 4718 4887 4280
f 4792 4278 4882
f 4882 4278 4879
f 4795 4792 6283
f 6283 4792 4882
f 4852 4851 5012
f 5012 4851 6284
f 4856 5207 4857
f 4857 5207 4858
f 4860 4279 4857
f 4857 4279 4854
f 4718 4280 4860
f 4860 4280 4279
f 4864 4863 4745
f 4745 4863 4742
f 5366 4867 5011
f 5011 4867 4866
f 4871 4884 4872
f 4872 4884 4883
f 4872 4883 4117
f 4117 4883 6281
f 6284 4851 6283
f 6283 4851 4795
f 4852 4866 4853
f 4853 4866 4865
f 4871 4870 4856
f 4856 4870 5207
f 4717 4716 4864
f 4864 4716 4861
f 4868 4867 4862
f 4862 4867 4863
f 4268 4855 4269
f 4269 4855 4854
f 4281 4274 4282
f 4282 4274 4765
f 4744 4743 4907
f 4907 4743 4904
f 4874 4881 4820
f 4820 4881 4880
f 4885 5013 4886
f 4886 5013 4980
f 4888 4275 4281
f 4281 4275 4274
f 4902 6282 4903
f 4903 6282 6281
f 6283 4979 6284
f 6284 4979 4978
f 4282 4765 4269
f 4269 4765 4266
f 4880 4879 4902
f 4902 4879 6282
f 4903 6281 4886
f 4886 6281 4883
f 4882 4881 6283
f 6283 4881 4979
f 5013 4885 4267
f 4267 4885 4268
f 4888 4887 4744
f 4744 4887 4745
f 4410 6285 4411
f 4411 6285 4812
f 4750 4749 6286
f 6286 4749 6287
f 6289 4695 6288
f 6288 4695 4255
f 4750 4675 4751
f 4751 4675 4965
f 6290 6291 4963
f 4963 6291 4960
f 4807 4806 4411
f 4411 4806 4408
f 6292 6293 4959
f 4959 6293 4956
f 4958 6294 4959
f 4959 6294 4955
f 4962 4964 4963
f 4963 4964 4805
f 4962 4961 4751
f 4751 4961 4748
f 6296 6297 6295
f 6295 6297 6298
f 6299 6300 6288
f 6288 6300 4735
f 6302 4961 6301
f 6301 4961 4960
f 6304 6287 6303
f 6303 6287 4749
f 4968 6305 4969
f 4969 6305 6306
f 4413 6308 6307
f 6307 6308 4900
f 6301 4960 6309
f 6309 4960 6291
f 4412 4408 6310
f 6310 4408 4806
f 4696 6311 4256
f 4256 6311 6312
f 6303 4749 6313
f 6313 4749 4748
f 6313 4748 6302
f 6302 4748 4961
f 6315 6316 6314
f 6314 6316 6317
f 4084 6318 6315
f 6315 6318 6316
f 4083 6319 4084
f 4084 6319 6318
f 4112 6320 4083
f 4083 6320 6319
f 6322 4138 6321
f 6321 4138 4137
f 6324 4128 6323
f 6323 4128 4127
f 4127 4193 6323
f 6323 4193 6325
f 4193 4891 6325
f 6325 4891 6326
f 4891 6327 6326
f 6326 6327 6328
f 6327 4824 5227
f 5227 4824 5228
f 5231 4684 6329
f 6329 4684 4683
f 4683 4099 6329
f 6329 4099 6330
f 4099 4102 6330
f 6330 4102 6331
f 4174 4826 4429
f 4429 4826 4829
f 4173 4741 4174
f 4174 4741 4826
f 4180 4738 4173
f 4173 4738 4741
f 6332 6333 4180
f 4180 6333 4738
f 6274 6334 4186
f 4186 6334 4188
f 4181 4825 4180
f 4180 4825 6332
f 5044 5213 5045
f 5045 5213 5165
f 5046 5087 5047
f 5047 5087 5222
f 5077 5063 5078
f 5078 5063 5198
f 5081 5099 5082
f 5082 5099 5194
f 5095 5074 5096
f 5096 5074 5073
f 5373 5170 5096
f 5096 5170 5093
f 5375 5171 5373
f 5373 5171 5170
f 5047 5222 5375
f 5375 5222 5171
f 5046 5038 5376
f 5376 5038 5067
f 5377 5086 5376
f 5376 5086 5085
f 5045 5165 5377
f 5377 5165 5086
f 5378 5214 5044
f 5044 5214 5213
f 5077 5034 5378
f 5378 5034 5214
f 5082 5194 5078
f 5078 5194 5035
f 5081 5080 5379
f 5379 5080 6335
f 5379 6335 5095
f 5095 6335 5074
f 5032 5080 5033
f 5033 5080 5079
f 5040 5017 5041
f 5041 5017 5016
f 5050 5043 5051
f 5051 5043 5042
f 5065 5023 5066
f 5066 5023 5022
f 5050 5049 5065
f 5065 5049 5023
f 5041 5016 5068
f 5068 5016 5020
f 5071 5374 5072
f 5072 5374 5200
f 5075 5156 5076
f 5076 5156 5155
f 5162 5212 5068
f 5068 5212 5067
f 5075 5074 5192
f 5192 5074 6335
f 5066 5022 5199
f 5199 5022 5196
f 5076 5155 5072
f 5072 5155 5069
f 5040 5039 5071
f 5071 5039 5374
f 5162 5161 5051
f 5051 5161 5048
f 5192 6335 5032
f 5032 6335 5080
f 5199 5196 5033
f 5033 5196 5030
f 5018 5211 5019
f 5019 5211 5408
f 5019 5408 5021
f 5021 5408 5163
f 5024 5057 5025
f 5025 5057 5415
f 5028 5048 5029
f 5029 5048 5161
f 5054 5031 5055
f 5055 5031 5030
f 5024 5023 5058
f 5058 5023 5049
f 5061 5070 5062
f 5062 5070 5069
f 5157 5438 5158
f 5158 5438 5442
f 5160 5191 5054
f 5054 5191 5031
f 5029 5161 5021
f 5021 5161 5020
f 5025 5415 5197
f 5197 5415 5220
f 5158 5442 5062
f 5062 5442 5059
f 5018 5017 5061
f 5061 5017 5070
f 5160 5159 5157
f 5157 5159 5438
f 5028 5027 5058
f 5058 5027 5056
f 5055 5030 5197
f 5197 5030 5196
f 5409 5380 5410
f 5410 5380 6336
f 5026 5413 5027
f 5027 5413 5412
f 5396 5417 5393
f 5393 5417 5416
f 5416 5057 5419
f 5419 5057 5056
f 5417 5396 5426
f 5426 5396 5420
f 5427 5423 5428
f 5428 5423 5422
f 5427 5059 5430
f 5430 5059 5442
f 5409 5408 5433
f 5433 5408 5211
f 5433 5211 5428
f 5428 5211 5060
f 5412 5411 5419
f 5419 5411 5418
f 5436 5053 5437
f 5437 5053 5052
f 5439 5402 5440
f 5440 5402 5401
f 5436 5435 5439
f 5439 5435 5402
f 5410 6336 5413
f 5413 6336 5414
f 5440 5401 5430
f 5430 5401 5429
f 5426 5420 5437
f 5437 5420 5434
f 5382 5432 5383
f 5383 5432 5384
f 5386 6336 5383
f 5383 6336 5380
f 6336 5386 5414
f 5414 5386 5388
f 5391 5418 5392
f 5392 5418 5411
f 5705 5395 5704
f 5704 5395 5394
f 5399 5435 5400
f 5400 5435 5434
f 5403 5441 5404
f 5404 5441 5405
f 5407 5429 5404
f 5404 5429 5401
f 5395 5705 5421
f 5421 5705 5748
f 5424 5706 5425
f 5425 5706 5431
f 5391 5390 5394
f 5394 5390 5704
f 5392 5388 5389
f 5389 5388 5387
f 5382 5381 5425
f 5425 5381 5422
f 5407 5406 5424
f 5424 5406 5706
f 5403 5402 5399
f 5399 5402 5435
f 5421 5748 5400
f 5400 5748 5397
f 4097 4721 4098
f 4098 4721 4231
f 4233 5273 4098
f 4098 5273 4095
f 6337 6338 4785
f 4785 6338 4786
f 4076 4780 4073
f 4073 4780 4781
f 4782 4190 4781
f 4781 4190 4073
f 4783 4901 4782
f 4782 4901 4190
f 4780 4076 4097
f 4097 4076 4721
f 6337 2879 4701
f 4701 2879 2878
f 5280 6339 5272
f 5272 6339 6340
f 5282 5281 6341
f 6341 5281 6342
f 4109 6302 4110
f 4110 6302 6301
f 4283 6304 4284
f 4284 6304 6303
f 6305 4379 6306
f 6306 4379 4378
f 4110 6301 4428
f 4428 6301 6309
f 6310 4688 4412
f 4412 4688 4687
f 4284 6303 4753
f 4753 6303 6313
f 4753 6313 4109
f 4109 6313 6302
f 6343 5226 4428
f 4428 5226 4427
f 4147 4900 4416
f 4416 4900 6308
f 6312 6311 4241
f 4241 6311 4720
f 5223 6344 4702
f 4702 6344 4699
f 4221 4220 6345
f 6345 4220 6346
f 5276 5275 6347
f 6347 5275 6348
f 5275 4728 6348
f 6348 4728 6349
f 4727 6350 5284
f 5284 6350 5285
f 6351 6352 6354
f 6354 6352 6353
f 5313 5312 5292
f 5292 5312 5293
f 5312 5344 5293
f 5293 5344 5337
f 5344 4914 5337
f 5337 4914 4916
f 4914 4913 4916
f 4916 4913 4917
f 4913 6355 4917
f 4917 6355 4978
f 6356 6357 6284
f 6284 6357 5012
f 6357 6358 5012
f 5012 6358 5011
f 5011 6358 5366
f 5366 6358 6359
f 6360 4742 6359
f 6359 4742 5366
f 4743 6361 4904
f 4904 6361 5364
f 5363 4905 5364
f 5364 4905 4904
f 5363 6362 4905
f 4905 6362 4207
f 6362 6363 4207
f 4207 6363 4208
f 6363 5342 4208
f 4208 5342 5330
f 5342 5341 5330
f 5330 5341 4244
f 5341 6364 4244
f 4244 6364 4245
f 6364 6365 4245
f 4245 6365 4246
f 6366 6367 4253
f 4253 6367 4250
f 4214 6368 4211
f 4211 6368 4380
f 4380 4379 4211
f 4211 4379 4283
f 4379 6305 4283
f 4283 6305 6304
f 6305 4968 6304
f 6304 4968 6287
f 4968 4967 6287
f 6287 4967 6286
f 4967 6297 6286
f 6286 6297 4676
f 6296 4376 4288
f 4288 4376 4285
f 4376 4373 4285
f 4285 4373 4290
f 6369 6370 6372
f 6372 6370 6371
f 5245 6373 5246
f 5246 6373 6374
f 4317 6375 4318
f 4318 6375 6376
f 4331 6377 4332
f 4332 6377 6378
f 6379 4333 6376
f 6376 4333 4318
f 4343 6380 4344
f 4344 6380 6381
f 4347 6382 4348
f 4348 6382 6383
f 4374 6371 4331
f 4331 6371 6377
f 4333 6379 4426
f 4426 6379 6384
f 4690 6385 4347
f 4347 6385 6382
f 4332 6378 4317
f 4317 6378 6375
f 4922 6386 4923
f 4923 6386 6387
f 6388 6389 4375
f 4375 6389 6390
f 6355 6356 4978
f 4978 6356 6284
f 4742 6360 4743
f 4743 6360 6361
f 6391 4238 6392
f 6392 4238 4719
f 6392 4719 6393
f 6393 4719 5296
f 6395 6396 6394
f 6394 6396 6397
f 6399 6400 6398
f 6398 6400 6401
f 6402 5302 6403
f 6403 5302 5303
f 5303 5321 6403
f 6403 5321 6404
f 5320 6405 5321
f 5321 6405 6404
f 5319 6406 5350
f 5350 6406 5351
f 5319 5318 6406
f 6406 5318 6407
f 5288 4197 6408
f 6408 4197 6409
f 4217 4216 6410
f 6410 4216 6411
f 5227 6412 6327
f 6327 6412 6328
f 4892 6413 5227
f 5227 6413 6412
f 4228 6414 4892
f 4892 6414 6413
f 4227 6415 4228
f 4228 6415 6414
f 4248 6416 4227
f 4227 6416 6415
f 4247 6417 4248
f 4248 6417 6416
f 6417 4247 6419
f 6419 4247 6418
f 6419 6418 6421
f 6421 6418 6420
f 6422 5301 6423
f 6423 5301 5300
f 6423 5300 6424
f 6424 5300 6399
f 6408 6409 6398
f 6398 6409 6425
f 6426 6427 6397
f 6397 6427 6394
f 6428 4224 6429
f 6429 4224 4223
f 6347 6346 5276
f 5276 6346 4220
f 6346 6347 6341
f 6341 6347 6339
f 5280 5278 5282
f 5282 5278 4236
f 4896 5224 4684
f 4684 5224 4681
f 4132 4135 4896
f 4896 4135 5224
f 4131 4136 4132
f 4132 4136 4135
f 4226 4754 4131
f 4131 4754 4136
f 4251 4213 4226
f 4226 4213 4754
f 4250 4214 4251
f 4251 4214 4213
f 4250 6367 4214
f 4214 6367 6368
f 6367 4910 6368
f 6368 4910 4737
f 4909 5297 4736
f 4736 5297 5296
f 5297 6395 5296
f 5296 6395 6393
f 6427 6430 6394
f 6394 6430 6431
f 6429 4383 6428
f 6428 4383 4382
f 4219 5277 4220
f 4220 5277 5276
f 4222 4697 4383
f 4383 4697 4218
f 6345 4699 4221
f 4221 4699 6344
f 6342 4700 6345
f 6345 4700 4699
f 4235 4786 5281
f 5281 4786 6338
f 4234 4787 4235
f 4235 4787 4786
f 5279 5278 6432
f 6432 5278 5271
f 4237 5279 6433
f 6433 5279 6432
f 4787 4234 6433
f 6433 4234 4237
f 6435 6436 6434
f 6434 6436 6437
f 6359 6438 6360
f 6360 6438 6437
f 6439 6440 6441
f 6441 6440 6438
f 6443 6439 6442
f 6442 6439 6441
f 6357 6356 6442
f 6442 6356 6444
f 6444 6446 6445
f 6445 6446 6447
f 4912 6446 4913
f 4913 6446 6355
f 6361 6436 5364
f 5364 6436 5365
f 5319 5350 5316
f 5316 5350 6448
f 4832 6449 5350
f 5350 6449 6448
f 4831 6450 4832
f 4832 6450 6449
f 5354 6451 5320
f 5320 6451 6405
f 4265 6452 5354
f 5354 6452 6451
f 4264 6453 4265
f 4265 6453 6452
f 6450 4831 6447
f 6447 4831 6445
f 4263 6435 4264
f 4264 6435 6434
f 6454 6453 6439
f 6439 6453 6440
f 6439 6443 6454
f 6454 6443 4834
f 4833 6455 4834
f 4834 6455 6454
f 5351 6456 4833
f 4833 6456 6455
f 6457 6391 6458
f 6458 6391 6392
f 6458 6392 6431
f 6431 6392 6393
f 5298 6396 5297
f 5297 6396 6395
f 6402 6400 5302
f 5302 6400 5299
f 6402 6403 6459
f 6459 6403 6460
f 6460 6403 6461
f 6461 6403 6404
f 6405 6462 6404
f 6404 6462 6461
f 6406 6462 5351
f 5351 6462 6456
f 6406 6407 6462
f 6462 6407 6461
f 6407 6463 6461
f 6461 6463 6460
f 6463 6464 6460
f 6460 6464 6459
f 6464 6465 6459
f 6459 6465 6401
f 6430 6466 6431
f 6431 6466 6458
f 6466 6410 6458
f 6458 6410 6457
f 6410 6411 6457
f 6457 6411 6467
f 6396 6424 6397
f 6397 6424 6425
f 6393 6395 6431
f 6431 6395 6394
f 6451 6456 6405
f 6405 6456 6462
f 6452 6455 6451
f 6451 6455 6456
f 6453 6454 6452
f 6452 6454 6455
f 6443 6445 4834
f 4834 6445 4831
f 6440 6453 6434
f 6434 6453 4264
f 6468 5306 5360
f 5360 5306 5305
f 6469 4124 6468
f 6468 4124 5306
f 6470 4125 6469
f 6469 4125 4124
f 6471 5291 6470
f 6470 5291 4125
f 6353 5292 6471
f 6471 5292 5291
f 5292 6353 5313
f 5313 6353 6352
f 5347 5314 6352
f 6352 5314 5313
f 5353 5318 5346
f 5346 5318 5317
f 5334 6468 5358
f 5358 6468 5360
f 5324 6469 5334
f 5334 6469 6468
f 5323 6470 5324
f 5324 6470 6469
f 5343 6471 5323
f 5323 6471 6470
f 6354 6353 5343
f 5343 6353 6471
f 6348 6349 4270
f 4270 6349 5311
f 5272 6340 5273
f 5273 6340 4272
f 6432 5271 4232
f 4232 5271 4233
f 4294 6432 4295
f 4295 6432 4232
f 6432 4294 6433
f 6433 4294 4301
f 4301 4300 6433
f 6433 4300 4787
f 4704 4784 4300
f 4300 4784 4787
f 4704 3013 4784
f 4784 3013 1307
f 5103 6472 5104
f 5104 6472 5202
f 5108 5116 5105
f 5105 5116 5115
f 5111 5124 5112
f 5112 5124 5123
f 5154 5205 5105
f 5105 5205 5106
f 5167 5180 5168
f 5168 5180 5185
f 5175 5188 5176
f 5176 5188 5187
f 5112 5123 5178
f 5178 5123 5120
f 5167 5090 5183
f 5183 5090 5089
f 5210 5151 5183
f 5183 5151 5181
f 5216 5138 5217
f 5217 5138 5137
f 5218 5119 5219
f 5219 5119 5221
f 5218 5178 5119
f 5119 5178 5120
f 5217 5137 5104
f 5104 5137 5101
f 5116 5108 5221
f 5221 5108 5219
f 5111 5110 5210
f 5210 5110 5151
f 5154 5153 5103
f 5103 5153 6472
f 5216 5215 5176
f 5176 5215 5173
f 5175 5174 5168
f 5168 5174 5166
f 5091 5172 5092
f 5092 5172 5208
f 5117 5037 5118
f 5118 5037 5036
f 5121 5164 5122
f 5122 5164 5133
f 5125 5084 5126
f 5126 5084 5083
f 5129 5174 5130
f 5130 5174 5173
f 5131 5202 5132
f 5132 5202 6472
f 5135 5221 5122
f 5122 5221 5119
f 5125 5124 5136
f 5136 5124 5209
f 5126 5083 5121
f 5121 5083 5164
f 5118 5036 5195
f 5195 5036 5193
f 5131 5097 5203
f 5203 5097 5114
f 5132 6472 5195
f 5195 6472 5153
f 5136 5209 5092
f 5092 5209 5089
f 5135 5134 5117
f 5117 5134 5037
f 5362 5206 5130
f 5130 5206 5127
f 5372 5371 5128
f 5128 5371 5129
f 5371 5372 5091
f 5091 5372 5172
f 5362 5215 5203
f 5203 5215 5201
f 6463 6407 5353
f 5353 6407 5318
f 6464 6463 5352
f 5352 6463 5353
f 6408 6465 5288
f 5288 6465 5289
f 4196 4224 6426
f 6426 4224 6427
f 6430 6427 6428
f 6428 6427 4224
f 6466 6430 4382
f 4382 6430 6428
f 6410 6466 4217
f 4217 6466 4382
f 4240 4239 3015
f 3015 4239 3016
f 4254 4257 3017
f 3017 4257 3018
f 6473 6474 4732
f 4732 6474 6475
f 6474 6374 6475
f 6475 6374 6373
f 5246 6374 3022
f 3022 6374 3023
f 4254 6299 4255
f 4255 6299 6288
f 6473 6300 3024
f 3024 6300 3025
f 6476 4257 6312
f 6312 4257 4256
f 4240 6476 4241
f 4241 6476 6312
f 6477 4239 6391
f 6391 4239 4238
f 6467 6477 6457
f 6457 6477 6391
f 6411 3029 6467
f 6467 3029 3028
f 4216 3030 6411
f 6411 3030 3029
f 6479 6480 6478
f 6478 6480 6481
f 6483 6484 6482
f 6482 6484 6485
f 6486 6487 4102
f 4102 6487 6331
f 6483 6488 6478
f 6478 6488 6489
f 4429 4829 6490
f 6490 4829 6479
f 6491 6486 4101
f 4101 6486 4102
f 4895 6491 4899
f 4899 6491 4101
f 4160 6488 4157
f 4157 6488 6492
f 6489 4087 6490
f 6490 4087 4090
f 4267 4261 5013
f 5013 4261 4260
f 4258 4261 5328
f 5328 4261 4975
f 4261 4267 4975
f 4975 4267 4266
f 5367 3793 3912
f 3912 3793 3575
f 6494 3616 6493
f 6493 3616 3795
f 6496 3589 6495
f 6495 3589 3588
f 6495 3588 5368
f 5368 3588 3794
f 3841 3840 3050
f 3050 3840 3051
f 3912 3911 3052
f 3052 3911 3053
f 3929 3930 3054
f 3054 3930 3055
f 5370 3930 3916
f 3916 3930 3923
f 3938 5369 3807
f 3807 5369 3915
f 3589 6496 3806
f 3806 6496 3937
f 3938 3937 3056
f 3056 3937 3057
f 3051 3840 3058
f 3058 3840 3943
f 3730 4808 3727
f 3727 4808 3943
f 3820 3951 3795
f 3795 3951 6493
f 3951 3841 3059
f 3059 3841 3050
f 3911 3574 6494
f 6494 3574 3616
f 3823 3929 3824
f 3824 3929 3952
f 4061 4060 3060
f 3060 4060 3061
f 6497 6498 4901
f 4901 6498 4790
f 6333 6499 4738
f 4738 6499 4739
f 6500 6501 6314
f 6314 6501 4418
f 6502 6275 4417
f 4417 6275 4185
f 6503 6497 4783
f 4783 6497 4901
f 6498 4060 4790
f 4790 4060 4059
f 4808 4061 3069
f 3069 4061 3060
f 5367 3071 5368
f 5368 3071 3070
f 5369 3073 5370
f 5370 3073 3072
f 6274 6275 3074
f 3074 6275 3075
f 6499 6504 4739
f 4739 6504 6317
f 6333 6332 3077
f 3077 6332 3078
f 6334 6274 3079
f 3079 6274 3074
f 6332 4825 3078
f 3078 4825 3080
f 6334 6503 4188
f 4188 6503 4783
f 4825 4689 3080
f 3080 4689 1330
f 6506 4747 6505
f 6505 4747 4746
f 6505 6507 6506
f 6506 6507 6508
f 4297 6509 4920
f 4920 6509 6510
f 4296 6511 4297
f 4297 6511 6509
f 6506 6508 4319
f 4319 6508 6512
f 4372 4371 6514
f 6514 4371 6513
f 6511 4296 5251
f 5251 4296 4305
f 5251 5250 6511
f 6511 5250 6515
f 6516 6509 6515
f 6515 6509 6511
f 6517 6507 6519
f 6519 6507 6518
f 6512 6520 6513
f 6513 6520 6514
f 6507 6517 6508
f 6508 6517 6521
f 5249 6523 6522
f 6522 6523 6524
f 6525 6370 5253
f 5253 6370 6526
f 4370 4323 4371
f 4371 4323 4326
f 4370 3103 4323
f 4323 3103 1541
f 6521 6517 6527
f 6527 6517 6519
f 6520 6528 6514
f 6514 6528 6529
f 6531 6532 6530
f 6530 6532 6533
f 5250 6534 6515
f 6515 6534 6535
f 6530 6533 6536
f 6536 6533 6537
f 6526 6538 6534
f 6534 6538 6537
f 6515 6535 6516
f 6516 6535 6539
f 4325 4321 4326
f 4326 4321 4320
f 4371 4326 6513
f 6513 4326 4320
f 6531 4731 6541
f 6541 4731 6540
f 4731 4730 6540
f 6540 4730 6542
f 4730 3121 6542
f 6542 3121 3120
f 6530 4328 6531
f 6531 4328 4731
f 4328 6530 4329
f 4329 6530 6536
f 4329 6536 6524
f 6524 6536 6543
f 6544 6545 6522
f 6522 6545 5248
f 6389 6388 5245
f 5245 6388 6373
f 6388 6546 6373
f 6373 6546 6475
f 4733 6546 6295
f 6295 6546 4377
f 4732 6475 4733
f 4733 6475 6546
f 4393 4432 4394
f 4394 4432 4435
f 4434 4672 4842
f 4842 4672 4671
f 4440 4439 4441
f 4441 4439 4438
f 4436 4450 4437
f 4437 4450 4398
f 4447 4444 4448
f 4448 4444 4392
f 4446 4464 4433
f 4433 4464 6547
f 4454 4423 4455
f 4455 4423 4422
f 4452 4481 4453
f 4453 4481 4480
f 4458 4389 4459
f 4459 4389 4388
f 4456 4471 4457
f 4457 4471 4468
f 4391 4460 4392
f 4392 4460 4448
f 4461 4467 4445
f 4445 4467 4465
f 4437 4398 4629
f 4629 4398 4397
f 4438 4628 4441
f 4441 4628 4631
f 4841 4629 4839
f 4839 4629 4397
f 4628 4842 4631
f 4631 4842 4671
f 4930 4989 4452
f 4452 4989 4481
f 4929 4927 4436
f 4436 4927 4450
f 4933 4387 4934
f 4934 4387 4386
f 4931 4475 4932
f 4932 4475 4474
f 4936 4449 4933
f 4933 4449 4387
f 4935 4472 4456
f 4456 4472 4471
f 4389 4458 4391
f 4391 4458 4460
f 4457 4468 4461
f 4461 4468 4467
f 4934 4386 4454
f 4454 4386 4423
f 4453 4480 4931
f 4931 4480 4475
f 4575 4997 4576
f 4576 4997 4639
f 4579 4596 4580
f 4580 4596 4595
f 4583 4582 4572
f 4572 4582 4569
f 4587 4944 4588
f 4588 4944 4562
f 4588 4562 4590
f 4590 4562 4561
f 4576 4639 4642
f 4642 4639 4638
f 4642 4845 4641
f 4641 4845 4846
f 4845 4590 4846
f 4846 4590 4561
f 4941 4938 4595
f 4595 4938 4580
f 4938 4940 4668
f 4668 4940 4669
f 4583 4942 4584
f 4584 4942 4947
f 4582 4587 4569
f 4569 4587 4586
f 5000 5001 4579
f 4579 5001 4596
f 4558 4560 4585
f 4585 4560 4586
f 4565 4639 4566
f 4566 4639 4997
f 4568 4567 4577
f 4577 4567 4578
f 4570 4554 4571
f 4571 4554 4556
f 4640 4565 4637
f 4637 4565 4546
f 4662 4664 4665
f 4665 4664 4844
f 4662 4558 4589
f 4589 4558 4585
f 4554 4570 4557
f 4557 4570 4560
f 4571 4667 4572
f 4572 4667 4943
f 4551 4670 4552
f 4552 4670 4666
f 4640 4664 4638
f 4638 4664 4663
f 4670 4568 4668
f 4668 4568 4577
f 4999 4996 4566
f 4566 4996 4543
f 4608 4564 4603
f 4603 4564 4563
f 4573 4593 4574
f 4574 4593 4592
f 4597 4614 4598
f 4598 4614 4613
f 4601 4600 4584
f 4584 4600 4581
f 4563 4562 4604
f 4604 4562 4944
f 4643 4593 4641
f 4641 4593 4573
f 4643 4847 4644
f 4644 4847 4848
f 4564 4847 4561
f 4561 4847 4846
f 4945 4941 4598
f 4598 4941 4595
f 4941 4945 4939
f 4939 4945 4946
f 4601 4948 4602
f 4602 4948 4620
f 4600 4604 4581
f 4581 4604 4944
f 5002 5003 4597
f 4597 5003 4614
f 4988 4759 4953
f 4953 4759 4402
f 4706 6548 4707
f 4707 6548 6549
f 4311 4928 4419
f 4419 4928 6550
f 4921 4920 6551
f 6551 4920 6552
f 4925 6553 4926
f 4926 6553 6554
f 4928 4921 4802
f 4802 4921 6551
f 6555 4985 6550
f 6550 4985 4419
f 4952 6556 4953
f 4953 6556 4649
f 4971 6557 4706
f 4706 6557 6548
f 4988 4648 4925
f 4925 4648 6553
f 4707 6549 5006
f 5006 6549 4987
f 4920 6510 6552
f 6552 6510 6518
f 6558 6510 6516
f 6516 6510 6509
f 6559 6558 6539
f 6539 6558 6516
f 6531 6541 6532
f 6532 6541 6560
f 6540 6561 6541
f 6541 6561 6529
f 6542 6562 6540
f 6540 6562 6561
f 6542 3120 6562
f 6562 3120 3142
f 4366 6563 4760
f 4760 6563 4970
f 4815 6564 4816
f 4816 6564 6565
f 3147 3146 6565
f 6565 3146 4816
f 6564 6563 6565
f 6565 6563 6566
f 4837 4385 4357
f 4357 4385 4358
f 6565 6566 3147
f 3147 6566 3149
f 4694 1209 3150
f 5247 5249 5248
f 5248 5249 6522
f 6372 6390 6545
f 6545 6390 6389
f 6375 5254 6376
f 6376 5254 5258
f 6377 6525 6378
f 6378 6525 5255
f 5260 6379 5258
f 5258 6379 6376
f 6380 6567 6381
f 6381 6567 6568
f 6382 6569 6383
f 6383 6569 6570
f 6377 6371 6525
f 6525 6371 6370
f 6379 5260 6384
f 6384 5260 6571
f 6385 6572 6382
f 6382 6572 6569
f 6378 5255 6375
f 6375 5255 5254
f 6386 6573 6387
f 6387 6573 6574
f 6545 6389 5248
f 5248 6389 5245
f 4675 4750 4676
f 4676 4750 6286
f 4734 6289 4735
f 4735 6289 6288
f 4804 6290 4805
f 4805 6290 4963
f 4811 4807 4812
f 4812 4807 4411
f 4954 6292 4955
f 4955 6292 4959
f 4964 4962 4965
f 4965 4962 4751
f 6285 4821 4812
f 4812 4821 4809
f 4675 4287 4965
f 4965 4287 4210
f 6294 4145 4955
f 4955 4145 4154
f 4964 4120 4805
f 4805 4120 4119
f 6298 4966 4734
f 4734 4966 6289
f 6300 6473 4735
f 4735 6473 4732
f 6297 6296 4676
f 4676 6296 4288
f 6523 3160 4330
f 4330 3160 3159
f 5253 5252 6525
f 6525 5252 5255
f 5256 5252 4305
f 4305 5252 5251
f 4304 5257 4305
f 4305 5257 5256
f 4424 5259 4304
f 4304 5259 5257
f 5261 6571 5259
f 5259 6571 5260
f 5262 6573 5261
f 5261 6573 6571
f 5264 6567 5265
f 5265 6567 6574
f 5266 6572 5267
f 5267 6572 6568
f 5268 6570 5269
f 5269 6570 6569
f 1807 3161 5268
f 5268 3161 6570
f 6524 6523 4329
f 4329 6523 4330
f 5253 6526 5250
f 5250 6526 6534
f 6543 6538 6544
f 6544 6538 6369
f 6524 6543 6522
f 6522 6543 6544
f 3071 5367 3052
f 3052 5367 3912
f 6493 3163 6494
f 6494 3163 3162
f 3164 445 3771
f 3771 445 3761
f 461 3165 3919
f 3919 3165 3920
f 330 410 3839
f 3839 410 3910
f 332 331 3552
f 3552 331 3551
f 464 304 3918
f 3918 304 3816
f 385 458 3766
f 3766 458 3894
f 412 415 3762
f 3762 415 3763
f 3166 337 3748
f 3748 337 3745
f 3072 3055 5370
f 5370 3055 3930
f 3073 5369 3056
f 3056 5369 3938
f 3167 3057 6496
f 6496 3057 3937
f 3069 3058 4808
f 4808 3058 3943
f 411 3166 3851
f 3851 3166 3748
f 3059 3163 3951
f 3951 3163 6493
f 336 3164 3772
f 3772 3164 3771
f 3053 3911 3162
f 3162 3911 6494
f 3054 3168 3929
f 3929 3168 3952
f 3165 830 3920
f 3920 830 3945
f 3170 3169 6497
f 6497 3169 6498
f 3171 1354 5005
f 5005 1354 4830
f 3172 3170 6503
f 6503 3170 6497
f 3169 3061 6498
f 6498 3061 4060
f 3173 3171 5006
f 5006 3171 5005
f 3079 3172 6334
f 6334 3172 6503
f 3174 3025 6299
f 6299 3025 6300
f 6576 6577 6575
f 6575 6577 6578
f 4612 4611 6579
f 6579 4611 6580
f 6582 6583 6581
f 6581 6583 6584
f 6584 6585 4618
f 4618 6585 4621
f 6586 6587 6589
f 6589 6587 6588
f 6588 6587 6590
f 6590 6587 6591
f 6592 4606 6590
f 6590 4606 4623
f 6594 6576 6593
f 6593 6576 6575
f 6595 6582 6579
f 6579 6582 6581
f 6580 6597 6596
f 6596 6597 6598
f 6577 6576 6599
f 6599 6576 6600
f 6595 6596 6601
f 6601 6596 6602
f 6583 6582 6603
f 6603 6582 6604
f 6586 6606 6605
f 6605 6606 6607
f 6587 6586 6608
f 6608 6586 6605
f 6587 6608 6591
f 6591 6608 6609
f 6576 6594 6600
f 6600 6594 6610
f 6582 6595 6604
f 6604 6595 6601
f 6599 6611 6577
f 6577 6611 6598
f 6613 6614 6612
f 6612 6614 6615
f 6617 6618 6616
f 6616 6618 6619
f 6621 6622 6620
f 6620 6622 6623
f 6625 6626 6624
f 6624 6626 6627
f 6629 6630 6628
f 6628 6630 6631
f 6633 6634 6632
f 6632 6634 6635
f 6637 6638 6636
f 6636 6638 6639
f 6640 6641 6637
f 6637 6641 6638
f 6643 6633 6642
f 6642 6633 6632
f 6645 6646 6644
f 6644 6646 6647
f 6646 6648 6647
f 6647 6648 6649
f 6651 6652 6650
f 6650 6652 6653
f 6653 6652 6654
f 6654 6652 6655
f 6656 6657 6659
f 6659 6657 6658
f 6661 6662 6660
f 6660 6662 6663
f 6662 6661 6664
f 6664 6661 6665
f 6667 6657 6666
f 6666 6657 6656
f 6669 6670 6668
f 6668 6670 6671
f 6672 6673 6670
f 6670 6673 6671
f 6674 6675 6677
f 6677 6675 6676
f 6675 6678 6676
f 6676 6678 6679
f 6681 6682 6680
f 6680 6682 6683
f 6684 6685 6683
f 6683 6685 6680
f 6687 6688 6686
f 6686 6688 6689
f 6687 6690 6688
f 6688 6690 6691
f 6619 6618 6633
f 6633 6618 6634
f 6632 6635 6693
f 6693 6635 6692
f 6617 6694 6636
f 6636 6694 6637
f 6695 6692 6639
f 6639 6692 6635
f 6637 6694 6640
f 6640 6694 6696
f 6698 6638 6697
f 6697 6638 6641
f 6643 6616 6633
f 6633 6616 6619
f 6642 6699 6641
f 6641 6699 6697
f 6646 6645 6700
f 6700 6645 6621
f 6644 6701 6654
f 6654 6701 6702
f 6700 6703 6646
f 6646 6703 6648
f 6693 6704 6649
f 6649 6704 6647
f 6620 6623 6651
f 6651 6623 6652
f 6693 6649 6699
f 6699 6649 6650
f 6652 6623 6655
f 6655 6623 6622
f 6654 6702 6653
f 6653 6702 6697
f 6615 6614 6657
f 6657 6614 6658
f 6705 6656 6704
f 6704 6656 6659
f 6613 6706 6660
f 6660 6706 6661
f 6704 6659 6701
f 6701 6659 6663
f 6661 6706 6665
f 6665 6706 6707
f 6708 6702 6664
f 6664 6702 6662
f 6612 6615 6667
f 6667 6615 6657
f 6666 6709 6664
f 6664 6709 6708
f 6629 6710 6669
f 6669 6710 6670
f 6668 6711 6679
f 6679 6711 6712
f 6713 6672 6710
f 6710 6672 6670
f 6714 6671 6705
f 6705 6671 6673
f 6628 6631 6674
f 6674 6631 6675
f 6705 6673 6709
f 6709 6673 6677
f 6631 6630 6675
f 6675 6630 6678
f 6712 6708 6679
f 6679 6708 6676
f 6625 6715 6682
f 6682 6715 6683
f 6716 6717 6681
f 6681 6717 6691
f 6718 6684 6715
f 6715 6684 6683
f 6719 6680 6714
f 6714 6680 6685
f 6624 6627 6686
f 6686 6627 6687
f 6689 6711 6685
f 6685 6711 6714
f 6627 6626 6687
f 6687 6626 6690
f 6717 6712 6691
f 6691 6712 6688
f 6612 6707 6613
f 6613 6707 6706
f 6616 6696 6617
f 6617 6696 6694
f 6703 6700 6620
f 6620 6700 6621
f 6715 6625 6718
f 6718 6625 6624
f 6710 6629 6713
f 6713 6629 6628
f 6639 6635 6636
f 6636 6635 6634
f 6641 6640 6642
f 6642 6640 6643
f 6654 6655 6644
f 6644 6655 6645
f 6651 6650 6648
f 6648 6650 6649
f 6659 6658 6663
f 6663 6658 6660
f 6665 6667 6664
f 6664 6667 6666
f 6678 6669 6679
f 6679 6669 6668
f 6673 6672 6677
f 6677 6672 6674
f 6690 6682 6691
f 6691 6682 6681
f 6685 6684 6689
f 6689 6684 6686
f 6636 6634 6617
f 6617 6634 6618
f 6638 6698 6639
f 6639 6698 6695
f 6640 6696 6643
f 6643 6696 6616
f 6693 6699 6632
f 6632 6699 6642
f 6655 6622 6645
f 6645 6622 6621
f 6704 6701 6647
f 6647 6701 6644
f 6651 6648 6620
f 6620 6648 6703
f 6650 6653 6699
f 6699 6653 6697
f 6613 6660 6614
f 6614 6660 6658
f 6663 6662 6701
f 6701 6662 6702
f 6665 6707 6667
f 6667 6707 6612
f 6705 6709 6656
f 6656 6709 6666
f 6630 6629 6678
f 6678 6629 6669
f 6714 6711 6671
f 6671 6711 6668
f 6672 6713 6674
f 6674 6713 6628
f 6677 6676 6709
f 6709 6676 6708
f 6626 6625 6690
f 6690 6625 6682
f 6680 6719 6681
f 6681 6719 6716
f 6684 6718 6686
f 6686 6718 6624
f 6711 6689 6712
f 6689 6688 6712
f 6593 6720 6594
f 6594 6720 6721
f 6722 6720 4607
f 4607 6720 4849
f 6592 6723 6722
f 6722 6723 6724
f 4610 4609 6578
f 6578 4609 6575
f 6596 6595 6580
f 6580 6595 6579
f 4618 4617 6584
f 6584 4617 6581
f 6589 6585 6586
f 6586 6585 6606
f 4622 4619 6588
f 6588 4619 6589
f 4622 6588 4623
f 4623 6588 6590
f 4609 4645 6575
f 6575 4645 6593
f 4617 4612 6581
f 6581 4612 6579
f 5004 4610 6597
f 6597 4610 6578
f 4645 4849 6593
f 6593 4849 6720
f 6724 6721 6722
f 6722 6721 6720
f 6722 4607 6592
f 6592 4607 4606
f 6725 6610 6721
f 6721 6610 6594
f 6723 6726 6724
f 6724 6726 6727
f 6727 6725 6724
f 6724 6725 6721
f 6728 6729 6605
f 6605 6729 6608
f 6605 6607 6728
f 6728 6607 6730
f 6731 6732 6604
f 6604 6732 6603
f 6733 6734 6725
f 6725 6734 6610
f 6735 6733 6727
f 6727 6733 6725
f 6735 6727 6736
f 6736 6727 6726
f 6591 6609 6723
f 6723 6609 6726
f 6723 6592 6591
f 6591 6592 6590
f 6738 6739 6737
f 6737 6739 6740
f 6740 6739 6742
f 6742 6739 6741
f 6743 6744 6741
f 6741 6744 6742
f 6745 6746 6743
f 6743 6746 6744
f 6747 6748 6745
f 6745 6748 6746
f 6749 6750 6747
f 6747 6750 6748
f 6752 6738 6751
f 6751 6738 6737
f 6754 6752 6753
f 6753 6752 6751
f 6756 6754 6755
f 6755 6754 6753
f 6758 6750 6757
f 6757 6750 6749
f 6760 6756 6759
f 6759 6756 6755
f 6762 6760 6761
f 6761 6760 6759
f 6764 6762 6763
f 6763 6762 6761
f 6757 6764 6758
f 6758 6764 6763
f 6766 6741 6765
f 6765 6741 6739
f 6767 6743 6766
f 6766 6743 6741
f 6768 6745 6767
f 6767 6745 6743
f 6769 6747 6768
f 6768 6747 6745
f 6770 6749 6769
f 6769 6749 6747
f 6772 6769 6771
f 6771 6769 6768
f 6773 6770 6772
f 6772 6770 6769
f 6774 6775 6772
f 6772 6775 6773
f 6777 6778 6776
f 6776 6778 6779
f 6775 6774 6778
f 6778 6774 6779
f 6771 6780 6772
f 6772 6780 6774
f 6780 6781 6774
f 6774 6781 6779
f 6781 6782 6779
f 6779 6782 6776
f 6784 6785 6783
f 6783 6785 6786
f 6786 6787 6783
f 6783 6787 6788
f 6790 6788 6789
f 6789 6788 6787
f 6786 6785 6791
f 6791 6785 6792
f 6791 6793 6786
f 6786 6793 6787
f 6793 6794 6787
f 6787 6794 6789
f 6795 6796 6794
f 6794 6796 6789
f 6790 6789 6797
f 6797 6789 6796
f 6798 6765 6738
f 6738 6765 6739
f 6799 6798 6752
f 6752 6798 6738
f 6767 6800 6768
f 6768 6800 6771
f 6766 6801 6767
f 6767 6801 6800
f 6802 6801 6765
f 6765 6801 6766
f 6798 6803 6765
f 6765 6803 6802
f 6804 6803 6799
f 6799 6803 6798
f 6805 6806 6804
f 6804 6806 6803
f 6807 6799 6754
f 6754 6799 6752
f 6808 6804 6807
f 6807 6804 6799
f 6809 6805 6808
f 6808 6805 6804
f 6810 6811 6805
f 6805 6811 6806
f 6812 6813 6810
f 6810 6813 6811
f 6814 6815 6796
f 6796 6815 6797
f 6813 6814 6816
f 6816 6814 6817
f 6816 6818 6813
f 6813 6818 6811
f 6819 6806 6818
f 6818 6806 6811
f 6802 6803 6819
f 6819 6803 6806
f 6757 6749 6820
f 6820 6749 6770
f 6820 6770 6821
f 6821 6770 6773
f 6821 6773 6822
f 6822 6773 6775
f 6822 6775 6823
f 6823 6775 6778
f 6824 6823 6777
f 6777 6823 6778
f 6784 6825 6777
f 6777 6825 6824
f 6826 6827 6788
f 6788 6827 6783
f 6828 6826 6790
f 6790 6826 6788
f 6829 6828 6797
f 6797 6828 6790
f 6815 6830 6797
f 6797 6830 6829
f 6832 6812 6831
f 6831 6812 6810
f 6831 6810 6809
f 6809 6810 6805
f 6736 6800 6735
f 6735 6800 6801
f 6733 6735 6802
f 6802 6735 6801
f 6734 6733 6819
f 6819 6733 6802
f 6833 6734 6818
f 6818 6734 6819
f 6834 6833 6816
f 6816 6833 6818
f 6816 6817 6834
f 6834 6817 6835
f 6837 6795 6836
f 6836 6795 6794
f 6836 6794 6731
f 6731 6794 6793
f 6732 6731 6791
f 6791 6731 6793
f 6791 6792 6732
f 6732 6792 6730
f 6729 6728 6781
f 6781 6728 6782
f 6838 6807 6756
f 6756 6807 6754
f 6839 6838 6760
f 6760 6838 6756
f 6840 6839 6762
f 6762 6839 6760
f 6841 6840 6764
f 6764 6840 6762
f 6820 6841 6757
f 6757 6841 6764
f 6841 6820 6842
f 6842 6820 6821
f 6840 6841 6843
f 6843 6841 6842
f 6839 6840 6844
f 6844 6840 6843
f 6838 6839 6845
f 6845 6839 6844
f 6807 6838 6808
f 6808 6838 6845
f 6842 6821 6846
f 6846 6821 6822
f 6843 6842 6847
f 6847 6842 6846
f 6844 6843 6848
f 6848 6843 6847
f 6845 6844 6849
f 6849 6844 6848
f 6808 6845 6809
f 6809 6845 6849
f 6850 6831 6849
f 6849 6831 6809
f 6851 6850 6848
f 6848 6850 6849
f 6847 6852 6848
f 6848 6852 6851
f 6853 6852 6846
f 6846 6852 6847
f 6846 6822 6853
f 6853 6822 6823
f 6853 6823 6854
f 6854 6823 6824
f 6854 6855 6853
f 6853 6855 6852
f 6856 6851 6855
f 6855 6851 6852
f 6856 6857 6851
f 6851 6857 6850
f 6857 6832 6850
f 6850 6832 6831
f 6825 6858 6824
f 6824 6858 6854
f 6860 6827 6859
f 6859 6827 6826
f 6859 6826 6861
f 6861 6826 6828
f 6862 6861 6829
f 6829 6861 6828
f 6830 6863 6829
f 6829 6863 6862
f 6863 6864 6862
f 6862 6864 6865
f 6858 6866 6854
f 6854 6866 6855
f 6867 6865 6866
f 6866 6865 6864
f 6869 6859 6868
f 6868 6859 6861
f 6867 6869 6865
f 6865 6869 6868
f 6861 6862 6868
f 6868 6862 6865
f 6867 6860 6869
f 6869 6860 6859
f 6753 6751 6698
f 6698 6751 6695
f 6697 6755 6698
f 6698 6755 6753
f 6759 6755 6702
f 6702 6755 6697
f 6761 6759 6708
f 6708 6759 6702
f 6763 6761 6712
f 6712 6761 6708
f 6758 6763 6717
f 6717 6763 6712
f 6750 6758 6716
f 6716 6758 6717
f 6719 6748 6716
f 6716 6748 6750
f 6714 6746 6719
f 6719 6746 6748
f 6705 6744 6714
f 6714 6744 6746
f 6704 6742 6705
f 6705 6742 6744
f 6740 6742 6693
f 6693 6742 6704
f 6737 6740 6692
f 6692 6740 6693
f 6751 6737 6695
f 6695 6737 6692
f 6601 6602 6836
f 6836 6602 6837
f 6604 6601 6731
f 6731 6601 6836
f 6599 6600 6834
f 6834 6600 6833
f 6834 6835 6599
f 6599 6835 6611
f 6600 6610 6833
f 6833 6610 6734
f 6780 6771 6870
f 6870 6771 6736
f 6736 6771 6800
f 6870 6729 6780
f 6780 6729 6781
f 6608 6729 6609
f 6609 6729 6870
f 6609 6870 6726
f 6726 6870 6736
f 5014 5015 5229
f 5229 5015 5230
f 4258 5015 4259
f 4259 5015 4878
f 3471 3013 4703
f 4703 3013 4704
f 2879 6337 1306
f 1306 6337 4785
f 829 3471 4316
f 4316 3471 4703
f 4702 3472 5223
f 5223 3472 1756
f 6871 6872 4534
f 4534 6872 4535
f 6871 4665 6872
f 6872 4665 4844
f 6871 6873 4665
f 4665 6873 4559
f 6871 4534 6873
f 6873 4534 4542
f 4153 4152 4822
f 4822 4152 4407
f 4152 4168 4407
f 4407 4168 4342
f 4343 4168 4923
f 4923 4168 4167
f 4363 4362 4972
f 4972 4362 4840
f 4362 4394 4840
f 4840 4394 4839
f 4401 4400 4986
f 4986 4400 4984
f 4435 4434 4841
f 4841 4434 4842
f 4506 4505 4530
f 4530 4505 4531
f 4506 4535 4507
f 4507 4535 4843
f 4661 4660 4516
f 4516 4660 4517
f 4673 4672 4937
f 4937 4672 6547
f 4400 4924 4984
f 4984 4924 5263
f 4673 4660 4674
f 4674 4660 4659
f 4505 4661 4531
f 4531 4661 4516
f 4952 4401 6874
f 6874 4401 4986
f 4954 4153 6875
f 6875 4153 4822
f 4363 4973 4364
f 4364 4973 4974
f 5264 4924 5267
f 5267 4924 4691
f 6293 6292 6876
f 6876 6292 6877
f 6380 4343 6387
f 6387 4343 4923
f 4394 4435 4839
f 4839 4435 4841
f 4672 4434 6547
f 6547 4434 4433
f 4973 6556 4974
f 4974 6556 6878
f 6567 6380 6574
f 6574 6380 6387
f 6292 4954 6877
f 6877 4954 6875
f 6567 5264 6568
f 6568 5264 5267
f 4145 4144 4154
f 4154 4144 4151
f 4194 4144 4425
f 4425 4144 4143
f 4355 4354 5263
f 5263 4354 4984
f 4360 4359 4364
f 4364 4359 4361
f 4444 4359 4392
f 4392 4359 4337
f 4447 4446 4432
f 4432 4446 4433
f 4464 4463 6547
f 6547 4463 4937
f 4519 4518 4654
f 4654 4518 4509
f 4533 4532 4499
f 4499 4532 4498
f 4533 4542 4530
f 4530 4542 4534
f 4519 4532 4516
f 4516 4532 4531
f 4922 4194 4426
f 4426 4194 4425
f 4463 4518 4937
f 4937 4518 4517
f 6555 4951 6874
f 6874 4951 6878
f 4958 4957 6290
f 6290 4957 6291
f 4334 4360 4712
f 4712 4360 4950
f 4985 4354 4419
f 4419 4354 4353
f 5262 4355 5265
f 5265 4355 5263
f 6294 4958 4804
f 4804 4958 6290
f 6386 4922 6384
f 6384 4922 4426
f 4444 4447 4393
f 4393 4447 4432
f 4464 4446 4465
f 4465 4446 4445
f 4985 6555 4986
f 4986 6555 6874
f 6573 6386 6571
f 6571 6386 6384
f 4145 6294 4146
f 4146 6294 4804
f 6573 5262 6574
f 6574 5262 5265
f 4542 4541 6873
f 6873 4541 4559
f 4535 6872 4843
f 4843 6872 4844
f 4104 4103 6879
f 6879 4103 6343
f 4105 6293 6307
f 6307 6293 6876
f 4104 4956 4105
f 4105 4956 6293
f 4956 4104 4957
f 4957 4104 6879
f 4957 6879 6291
f 6291 6879 6309
f 4648 4988 4649
f 4649 4988 4953
f 4802 4803 4928
f 4928 4803 6550
f 6550 4803 6555
f 6555 4803 4951
f 1516 3173 4987
f 4987 3173 5006
f 6519 6518 6558
f 6558 6518 6510
f 6527 6519 6559
f 6559 6519 6558
f 6528 6560 6529
f 6529 6560 6541
f 6548 4625 6549
f 6549 4625 4624
f 6551 6552 4746
f 4746 6552 6505
f 6553 4711 6554
f 6554 4711 4710
f 4802 6551 4713
f 4713 6551 4746
f 6556 4973 4649
f 4649 4973 4646
f 6557 4949 6548
f 6548 4949 4625
f 4648 4647 6553
f 6553 4647 4711
f 6549 4624 4987
f 4987 4624 4838
f 6552 6518 6505
f 6505 6518 6507
f 6561 4372 6529
f 6529 4372 6514
f 6562 4369 6561
f 6561 4369 4372
f 3142 3482 6562
f 6562 3482 4369
f 6556 4952 6878
f 6878 4952 6874
f 4951 4950 6878
f 6878 4950 4974
f 3168 440 3952
f 4204 4203 5341
f 5341 4203 6364
f 4219 4222 6429
f 6429 4222 4383
f 4319 4322 6506
f 6506 4322 4747
f 4340 4714 4341
f 4341 4714 4384
f 4375 4377 6388
f 6388 4377 6546
f 4378 4381 6311
f 6311 4381 4720
f 4449 4341 4387
f 4387 4341 4384
f 4473 4472 4477
f 4477 4472 4474
f 4492 4491 4487
f 4487 4491 4488
f 4523 4491 4522
f 4522 4491 4490
f 4492 4538 4493
f 4493 4538 4555
f 4538 4553 4555
f 4555 4553 4556
f 4620 4615 4621
f 4621 4615 4618
f 4652 4651 4368
f 4368 4651 4365
f 4523 4655 4524
f 4524 4655 4656
f 4553 4667 4556
f 4556 4667 4571
f 4651 1210 4365
f 4365 1210 1209
f 4698 4697 5223
f 5223 4697 6344
f 4340 4339 4322
f 4322 4339 4747
f 4726 4729 5287
f 5287 4729 4198
f 4381 4380 4737
f 4737 4380 6368
f 4836 4835 4451
f 4451 4835 4709
f 4910 6367 4911
f 4911 6367 6366
f 4912 4915 6450
f 6450 4915 6449
f 4927 4836 4450
f 4450 4836 4451
f 4930 4929 4439
f 4439 4929 4436
f 4936 4935 4459
f 4459 4935 4456
f 4473 4655 4470
f 4470 4655 4510
f 4942 4583 4943
f 4943 4583 4572
f 4948 4601 4947
f 4947 4601 4584
f 4949 4835 4625
f 4625 4835 4626
f 4966 4969 6289
f 6289 4969 4695
f 4971 4652 4926
f 4926 4652 4368
f 4203 4977 6364
f 6364 4977 6365
f 4990 4989 4443
f 4443 4989 4440
f 4990 4991 4478
f 4478 4991 4512
f 4992 4991 4528
f 4528 4991 4515
f 4992 4993 4527
f 4527 4993 4485
f 4994 4993 4502
f 4502 4993 4503
f 4994 4995 4482
f 4482 4995 4550
f 4543 4996 4544
f 4544 4996 4995
f 4999 4998 4567
f 4567 4998 4578
f 5000 4998 4575
f 4575 4998 4997
f 5002 5001 4592
f 4592 5001 4574
f 5003 5004 4614
f 4614 5004 4611
f 3483 4215 1755
f 1755 4215 4698
f 5274 5277 4195
f 4195 5277 4223
f 4726 5295 4727
f 4727 5295 6350
f 5309 5342 5310
f 5310 5342 6363
f 5315 5314 5316
f 5316 5314 5317
f 5339 6362 5340
f 5340 6362 5363
f 5310 6363 5339
f 5339 6363 6362
f 4204 5309 4201
f 4201 5309 5308
f 4915 5345 6449
f 6449 5345 6448
f 5345 5315 6448
f 6448 5315 5316
f 5348 5347 6351
f 6351 5347 6352
f 5365 4263 5340
f 5340 4263 4262
f 6295 6298 4733
f 4733 6298 4734
f 4969 6306 4695
f 4695 6306 4696
f 6306 4378 4696
f 4696 4378 6311
f 6369 6372 6544
f 6544 6372 6545
f 4375 6390 4373
f 4373 6390 4374
f 6421 6422 4911
f 4911 6422 4908
f 4910 4909 4737
f 4737 4909 4736
f 5277 4219 4223
f 4223 4219 6429
f 4697 4222 6344
f 6344 4222 4221
f 6436 6361 6437
f 6437 6361 6360
f 6438 6440 6437
f 6437 6440 6434
f 6438 6359 6441
f 6441 6359 6358
f 6442 6441 6357
f 6357 6441 6358
f 6442 6444 6443
f 6443 6444 6445
f 6446 6444 6355
f 6355 6444 6356
f 6446 4912 6447
f 6447 4912 6450
f 6436 6435 5365
f 5365 6435 4263
f 5314 5347 5317
f 5317 5347 5346
f 4319 6512 4320
f 4320 6512 6513
f 6520 6512 6521
f 6521 6512 6508
f 6528 6520 6527
f 6527 6520 6521
f 6532 6539 6533
f 6533 6539 6535
f 6533 6535 6537
f 6537 6535 6534
f 6538 6543 6537
f 6537 6543 6536
f 6295 4377 6296
f 6296 4377 4376
f 4989 4930 4440
f 4440 4930 4439
f 4927 4929 4422
f 4422 4929 4455
f 4449 4936 4388
f 4388 4936 4459
f 4472 4935 4474
f 4474 4935 4932
f 4942 4940 4947
f 4947 4940 4939
f 5001 5000 4574
f 4574 5000 4575
f 4669 4943 4666
f 4666 4943 4667
f 4996 4999 4547
f 4547 4999 4567
f 4948 4946 4620
f 4620 4946 4615
f 5003 5002 4591
f 4591 5002 4592
f 6557 4971 6554
f 6554 4971 4926
f 6532 6560 6539
f 6539 6560 6559
f 6390 6372 4374
f 4374 6372 6371
f 4966 6298 4967
f 4967 6298 6297
f 6538 6526 6369
f 6369 6526 6370
f 6585 6589 4621
f 4621 6589 4619
f 6597 6578 6598
f 6598 6578 6577
f 6606 6583 6607
f 6607 6583 6603
f 6611 6602 6598
f 6598 6602 6596
f 6585 6584 6606
f 6606 6584 6583
f 6597 6580 5004
f 5004 6580 4611
f 6607 6603 6730
f 6730 6603 6732
f 6776 6785 6777
f 6777 6785 6784
f 6785 6776 6792
f 6792 6776 6782
f 6815 6814 6812
f 6812 6814 6813
f 6817 6814 6795
f 6795 6814 6796
f 6825 6784 6827
f 6827 6784 6783
f 6830 6815 6832
f 6832 6815 6812
f 6817 6795 6835
f 6835 6795 6837
f 6792 6782 6730
f 6730 6782 6728
f 6858 6825 6860
f 6860 6825 6827
f 6863 6830 6857
f 6857 6830 6832
f 6864 6863 6856
f 6856 6863 6857
f 6866 6858 6867
f 6867 6858 6860
f 6866 6864 6855
f 6855 6864 6856
f 6835 6837 6611
f 6611 6837 6602
f 6560 6528 6559
f 6559 6528 6527
f 4949 6557 4710
f 4710 6557 6554
f 4430 4090 4175
f 4175 4090 4089
f 4777 4113 4155
f 4155 4113 4086
f 4175 4089 4176
f 4176 4089 4142
f 4199 4271 4200
f 4200 4271 4798
f 4199 4095 4272
f 4272 4095 5273
f 4406 4405 4404
f 4404 4405 4346
f 4410 4409 6877
f 6877 4409 6876
f 4409 4413 6876
f 6876 4413 6307
f 4415 4148 4416
f 4416 4148 4147
f 4690 4405 4344
f 4344 4405 4342
f 4693 4692 4352
f 4352 4692 4349
f 4701 4700 6337
f 6337 4700 6338
f 4778 4777 4081
f 4081 4777 4155
f 4821 4406 4809
f 4809 4406 4404
f 4176 4142 4181
f 4181 4142 4415
f 4760 4970 4399
f 4399 4970 4692
f 4200 5007 4096
f 4096 5007 4078
f 5266 4693 5269
f 5269 4693 4352
f 5270 5007 5361
f 5361 5007 4797
f 4778 5270 4779
f 4779 5270 5361
f 6285 4410 6875
f 6875 4410 6877
f 6308 4413 4687
f 4687 4413 4412
f 6480 6320 6481
f 6481 6320 6880
f 4701 2878 4702
f 4702 2878 3472
f 6339 6347 6340
f 6340 6347 6348
f 6341 6342 6346
f 6346 6342 6345
f 4416 6308 4414
f 4414 6308 4687
f 6385 4690 6381
f 6381 4690 4344
f 5282 6341 5280
f 5280 6341 6339
f 4700 6342 6338
f 6338 6342 5281
f 6340 6348 4272
f 4272 6348 4270
f 6480 6479 4828
f 4828 6479 4829
f 6490 6479 6489
f 6489 6479 6478
f 4090 4430 6490
f 6490 4430 4429
f 6563 6564 4970
f 4970 6564 4815
f 4694 6566 4366
f 4366 6566 6563
f 6572 6385 6568
f 6568 6385 6381
f 4821 6285 4822
f 4822 6285 6875
f 6572 5266 6569
f 6569 5266 5269
f 3482 3103 4369
f 4369 3103 4370
f 3121 4730 3485
f 3485 4730 4327
f 6277 6280 6273
f 6273 6280 6272
f 6267 6276 6278
f 6278 6276 6279
f 6278 6279 6277
f 6277 6279 6280
f 6279 6256 6280
f 6280 6256 6255
f 6256 3857 6255
f 6255 3857 3754
f 3857 3856 3754
f 3754 3856 3755
f 3856 3703 3755
f 3755 3703 3863
f 3703 3702 3863
f 3863 3702 3759
f 3702 3706 3759
f 3759 3706 3670
f 3706 3705 3670
f 3670 3705 3668
f 3705 3773 3668
f 3668 3773 3882
f 3882 3773 3883
f 3883 3773 3707
f 3707 3708 3883
f 3883 3708 3880
f 3708 3710 3880
f 3880 3710 3881
f 3709 5241 3710
f 3710 5241 3881
f 5241 3709 5234
f 5234 3709 3786
f 3693 3712 3786
f 3786 3712 5234
f 4051 4055 4052
f 4052 4055 4056
f 4056 4055 4057
f 4057 4055 4054
f 4066 5238 5236
f 5236 5238 3989
f 4066 4069 5238
f 5238 4069 4035
f 6881 3962 3960
f 3960 3962 3957
f 6883 4070 6882
f 6882 4070 3941
f 4070 6883 4071
f 4071 6883 6884
f 4071 6884 4072
f 4072 6884 6885
f 6885 6886 4072
f 4072 6886 4031
f 3955 6881 3956
f 3956 6881 3960
f 6884 3991 6885
f 6885 3991 3990
f 6883 6887 6884
f 6884 6887 3991
f 6887 6888 3991
f 3991 6888 3992
f 6888 6887 6889
f 6889 6887 6890
f 6887 6883 6890
f 6890 6883 6882
f 4058 5240 3953
f 3953 5240 3954
f 5236 6888 5239
f 5239 6888 6889
f 5237 6886 3990
f 3990 6886 6885
f 4034 4031 5237
f 5237 4031 6886
f 6881 6882 3962
f 3962 6882 3941
f 6881 3955 6882
f 6882 3955 6890
f 3955 3954 6890
f 6890 3954 6889
f 5239 6889 5240
f 5240 6889 3954
f 6888 5236 3992
f 3992 5236 3989
f 3869 3868 3888
f 3888 3868 4015
f 3868 4012 4015
f 4015 4012 4010
f 4012 4022 4010
f 4010 4022 4009
f 4022 4021 4009
f 4009 4021 4018
f 4020 3974 4001
f 4001 3974 3996
f 4021 4020 4029
f 4029 4020 4001
f 4085 4156 4086
f 4086 4156 4155
f 4113 4777 4114
f 4114 4777 4776
f 4130 4129 4094
f 4094 4129 4091
f 4139 4773 4140
f 4140 4773 4772
f 4149 4178 4150
f 4150 4178 5225
f 4160 4159 4087
f 4087 4159 4088
f 4149 4148 4179
f 4179 4148 4141
f 4085 4084 4183
f 4183 4084 6315
f 4179 4141 4159
f 4159 4141 4088
f 4192 4130 4162
f 4162 4130 4094
f 4197 5288 4198
f 4198 5288 5287
f 4229 4766 4230
f 4230 4766 4771
f 4245 4246 4242
f 4242 4246 4249
f 4183 6315 4418
f 4418 6315 6314
f 4679 4178 4680
f 4680 4178 4177
f 4724 4798 4725
f 4725 4798 4271
f 4728 5275 4729
f 4729 5275 5274
f 4230 4771 4249
f 4249 4771 4242
f 4724 4723 4799
f 4799 4723 5355
f 4823 4824 4891
f 4891 4824 6327
f 4823 4192 4161
f 4161 4192 4162
f 4893 4767 4229
f 4229 4767 4766
f 4894 4895 4898
f 4898 4895 4899
f 4106 4150 4103
f 4103 4150 5225
f 4680 4894 4677
f 4677 4894 4898
f 6420 4977 5301
f 5301 4977 4976
f 4679 4678 5226
f 5226 4678 4427
f 5228 5008 4893
f 4893 5008 4767
f 5285 6354 5286
f 5286 6354 5343
f 5289 5352 5290
f 5290 5352 5349
f 5290 5349 5295
f 5295 5349 5348
f 5302 5299 4202
f 4202 5299 4976
f 4725 4271 5311
f 5311 4271 4270
f 5325 4723 5326
f 5326 4723 4722
f 5335 5355 5325
f 5325 5355 4723
f 5326 4722 5286
f 5286 4722 5283
f 4799 5357 4797
f 4797 5357 5361
f 5359 5356 5335
f 5335 5356 5355
f 4775 4774 5356
f 5356 4774 5357
f 5359 5358 4092
f 4092 5358 4093
f 6316 4740 6317
f 6317 4740 4739
f 6318 4827 6316
f 6316 4827 4740
f 6319 4828 6318
f 6318 4828 4827
f 6320 6480 6319
f 6319 6480 4828
f 6484 6322 6485
f 6485 6322 6321
f 6487 6324 6331
f 6331 6324 6323
f 6331 6323 6330
f 6330 6323 6325
f 6325 6326 6330
f 6330 6326 6329
f 6326 6328 6329
f 6329 6328 5231
f 4824 4685 5228
f 5228 4685 5008
f 5226 6343 5225
f 5225 6343 4103
f 4728 4727 6349
f 6349 4727 5284
f 6350 6351 5285
f 5285 6351 6354
f 4247 4246 6418
f 6418 4246 6365
f 6400 6402 6401
f 6401 6402 6459
f 4197 4196 6409
f 6409 4196 6426
f 6412 4897 6328
f 6328 4897 5231
f 6413 4133 6412
f 6412 4133 4897
f 6414 4134 6413
f 6413 4134 4133
f 6415 4225 6414
f 6414 4225 4134
f 6416 4252 6415
f 6415 4252 4225
f 6417 4253 6416
f 6416 4253 4252
f 4253 6417 6366
f 6366 6417 6419
f 6366 6419 4911
f 4911 6419 6421
f 6422 6423 4908
f 4908 6423 5298
f 5298 6423 6396
f 6396 6423 6424
f 6409 6426 6425
f 6425 6426 6397
f 5300 5299 6399
f 6399 5299 6400
f 6465 6408 6401
f 6401 6408 6398
f 6424 6399 6425
f 6425 6399 6398
f 6349 5284 5311
f 5311 5284 5283
f 6465 6464 5289
f 5289 6464 5352
f 6488 6483 6492
f 6492 6483 6482
f 6486 6491 6482
f 6482 6491 6492
f 6491 4895 6492
f 6492 4895 4157
f 6488 4160 6489
f 6489 4160 4087
f 6501 6502 4418
f 4418 6502 4417
f 6504 6500 6317
f 6317 6500 6314
f 3497 3496 6501
f 6501 3496 6502
f 3499 3498 6504
f 6504 3498 6500
f 4729 5274 4198
f 4198 5274 4195
f 6418 6365 6420
f 6420 6365 4977
f 5295 5348 6350
f 6350 5348 6351
f 5301 6422 6420
f 6420 6422 6421
f 4113 4112 4086
f 4086 4112 4083
f 6320 4112 6880
f 6880 4112 4111
f 4091 4772 4092
f 4092 4772 4775
f 4129 4140 4091
f 4091 4140 4772
f 4137 4140 4128
f 4128 4140 4129
f 4128 6324 4137
f 4137 6324 6321
f 6324 6487 6321
f 6321 6487 6485
f 6487 6486 6485
f 6485 6486 6482
f 4774 4773 4779
f 4779 4773 4776
f 4773 4139 4776
f 4776 4139 4114
f 4139 4138 4114
f 4114 4138 4111
f 4138 6322 4111
f 4111 6322 6880
f 6322 6484 6880
f 6880 6484 6481
f 6484 6483 6481
f 6481 6483 6478
f 6879 6343 6309
f 6309 6343 4428
f 4106 4105 4900
f 4900 4105 6307
f 3500 3167 6495
f 6495 3167 6496
f 3500 6495 3070
f 3070 6495 5368
f 3502 5235 3501
f 3501 5235 4813
f 3024 3503 6473
f 6473 3503 6474
f 3503 3023 6474
f 6474 3023 6374
f 3504 1770 4348
f 4348 1770 4345
f 3502 3505 5235
f 5235 3505 4810
f 3498 3497 6500
f 6500 3497 6501
f 3496 3075 6502
f 6502 3075 6275
f 6299 4254 3174
f 3174 4254 3017
f 1769 3501 4814
f 4814 3501 4813
f 3506 3018 6476
f 6476 3018 4257
f 3507 3499 6499
f 6499 3499 6504
f 3030 4216 3483
f 3483 4216 4215
f 3077 3507 6333
f 6333 3507 6499
f 1784 3160 5249
f 5249 3160 6523
f 3015 3506 4240
f 4240 3506 6476
f 3508 3504 6383
f 6383 3504 4348
f 3509 3016 6477
f 6477 3016 4239
f 3028 3509 6467
f 6467 3509 6477
f 3022 1785 5246
f 5246 1785 5247
f 3161 3508 6570
f 6570 3508 6383
f 3150 3149 4694
f 4694 3149 6566
f 1327 4807 3510
f 3510 4807 4811
f 3510 4811 3505
f 3505 4811 4810
f 3146 3511 4816
f 4816 3511 4350
f 3511 1808 4350
f 4350 1808 4351
f 3485 4327 3159
f 3159 4327 4330
f 1326 3512 4806
f 4806 3512 6310
f 3512 1331 6310
f 6310 1331 4688

