# https://github.com/mikedh/trimesh
v 0.04892930 -0.90546209 -0.08580789
v 0.03822394 -0.89728391 -0.09467318
v 0.05064895 -0.89013052 -0.09460323
v 0.06134444 -0.89431155 -0.08567342
v 0.04327547 -0.88502455 -0.10127806
v 0.03206106 -0.88955450 -0.10113963
v 0.05927420 -0.88020474 -0.09292056
v 0.06921004 -0.88168889 -0.08373492
v 0.06014597 -0.84527123 -0.10186692
v 0.06666227 -0.83663070 -0.09782061
v 0.06845072 -0.84685940 -0.09431242
v 0.06095403 -0.85261434 -0.09851025
v 0.05473324 -0.82036459 -0.10956138
v 0.04416954 -0.81634498 -0.11647809
v 0.04804552 -0.80371761 -0.11338641
v 0.05815992 -0.80720234 -0.10512482
v 0.01031386 -0.83933234 -0.11440782
v 0.01394178 -0.83303326 -0.11829361
v 0.01922836 -0.83828259 -0.11665756
v 0.01499474 -0.84391057 -0.11247339
v 0.00257227 -0.85075122 -0.11169297
v 0.00613891 -0.85391378 -0.10715049
v 0.00081583 -0.85980165 -0.10746788
v -0.00294684 -0.85622424 -0.11326252
v 0.00426911 -0.83505988 -0.11496841
v 0.00820854 -0.82834834 -0.11911505
v 0.00693750 -0.84521544 -0.11159871
v 0.00355164 -0.84210348 -0.11452950
v -0.00522219 -0.84138960 -0.12373430
v -0.00235234 -0.84497738 -0.12122683
v -0.00775573 -0.84931588 -0.12471433
v -0.00964524 -0.84391320 -0.12567417
v 0.00107306 -0.83700716 -0.11804909
v 0.00076409 -0.84079999 -0.11915060
v -0.00303680 -0.83847749 -0.12148872
v -0.00323836 -0.83521438 -0.11943847
v -0.00066701 -0.84844071 -0.11538267
v -0.00570834 -0.85336006 -0.11872394
v -0.01153208 -0.85776889 -0.12181365
v -0.01397896 -0.85198104 -0.12829947
v 0.02240144 -0.81799781 -0.12318825
v 0.01815054 -0.82661617 -0.12141731
v 0.01246200 -0.82218683 -0.12266288
v 0.01634110 -0.81573963 -0.12465336
v -0.00118622 -0.83073676 -0.11882563
v -0.00156935 -0.81628180 -0.12636296
v -0.00062643 -0.81990898 -0.12520523
v -0.00711780 -0.82250965 -0.12501165
v -0.00744499 -0.81908548 -0.12638530
v 0.02723522 -0.80092764 -0.12378408
v 0.02024455 -0.80200714 -0.12584941
v 0.02041312 -0.79452270 -0.12605199
v 0.02718440 -0.79154658 -0.12378062
v 0.01786713 -0.78858614 -0.12658149
v 0.02570392 -0.78270721 -0.12366693
v 0.01591326 -0.77003783 -0.12504324
v 0.02096166 -0.77535880 -0.12438144
v 0.01354371 -0.78361285 -0.12798262
v 0.00719111 -0.78039646 -0.13026133
v -0.00535870 -0.78916562 -0.13059130
v -0.01195532 -0.78940058 -0.13084149
v -0.00905436 -0.77688086 -0.13481253
v -0.00132912 -0.77810371 -0.13331079
v -0.00160660 -0.80910861 -0.12515754
v 0.00277830 -0.80788505 -0.12455735
v 0.00240583 -0.81036443 -0.12585324
v -0.00211855 -0.81286806 -0.12633055
v 0.00661448 -0.80674374 -0.12454340
v 0.00821418 -0.80617154 -0.12476364
v 0.00778929 -0.80798125 -0.12522861
v 0.00627716 -0.80826497 -0.12460087
v 0.00441027 -0.80807519 -0.12438171
v 0.00302628 -0.80649710 -0.12502193
v 0.00552657 -0.80619073 -0.12475754
v -0.00116315 -0.80694079 -0.12602794
v -0.01518959 -0.80835652 -0.12791122
v -0.01151400 -0.80821300 -0.12814185
v -0.01156775 -0.81183767 -0.12526768
v -0.01451680 -0.81216443 -0.12482025
v 0.00622501 -0.81073391 -0.12510072
v 0.00852378 -0.81182325 -0.12537152
v 0.00459787 -0.81597722 -0.12539473
v 0.00326684 -0.81308877 -0.12539482
v 0.01128466 -0.81395525 -0.12551087
v 0.01013582 -0.80878973 -0.12530771
v 0.01349866 -0.80890489 -0.12585971
v 0.00742019 -0.80453408 -0.12506220
v 0.00996951 -0.80234122 -0.12564880
v 0.01055800 -0.80528963 -0.12583017
v 0.00755105 -0.79966593 -0.12624209
v 0.00463590 -0.80335510 -0.12574109
v 0.00034957 -0.80287129 -0.12695932
v -0.00515825 -0.80310202 -0.12835458
v -0.00259049 -0.79732740 -0.12857476
v 0.00312889 -0.79802144 -0.12746271
v 0.00778478 -0.81886089 -0.12440258
v 0.01466077 -0.80386972 -0.12622270
v 0.01874705 -0.80946344 -0.12517533
v 0.01414859 -0.79898238 -0.12652242
v 0.01176096 -0.79468000 -0.12699896
v 0.00723954 -0.79144692 -0.12795103
v 0.00117683 -0.78995270 -0.12942857
v -0.00337649 -0.76418543 -0.12842271
v 0.00581142 -0.76655251 -0.12744349
v 0.02954044 -0.88229918 -0.10189570
v 0.03821801 -0.87980616 -0.10373009
v 0.03882418 -0.87084687 -0.10393114
v 0.04069798 -0.87309647 -0.10328043
v 0.03557678 -0.87577415 -0.10289761
v 0.03467815 -0.87306392 -0.10339529
v 0.05441324 -0.85773659 -0.10015467
v 0.04909085 -0.86146009 -0.10143708
v 0.04906426 -0.85703832 -0.10207711
v 0.05439425 -0.85101533 -0.10280170
v 0.03829088 -0.85369581 -0.10760842
v 0.04335748 -0.85310113 -0.10613902
v 0.04057204 -0.86102831 -0.10400404
v 0.03681105 -0.86148232 -0.10500015
v 0.03269884 -0.86218184 -0.10517073
v 0.02867481 -0.86245215 -0.10456315
v 0.02778104 -0.85777265 -0.10635455
v 0.03268553 -0.85594237 -0.10742258
v 0.02930688 -0.87828767 -0.10071331
v 0.02297544 -0.87700951 -0.09768656
v 0.02389711 -0.87444109 -0.09879800
v 0.02911054 -0.87516820 -0.10200728
v 0.01573130 -0.86606956 -0.09353767
v 0.01696625 -0.86863077 -0.09367787
v 0.01362744 -0.87059772 -0.09280253
v 0.01226605 -0.86640561 -0.09359767
v 0.01362547 -0.86368167 -0.09587987
v 0.01636241 -0.86474705 -0.09507756
v 0.04587296 -0.92442000 -0.07168418
v 0.03540680 -0.91317666 -0.08451630
v 0.06266416 -0.91275334 -0.07279342
v 0.07369624 -0.89863157 -0.07377467
v 0.07971707 -0.88188636 -0.07379311
v 0.03693470 -0.80153060 -0.11955922
v 0.03844672 -0.79047847 -0.11823794
v 0.05134927 -0.79178846 -0.11009767
v 0.04961240 -0.78036588 -0.10855774
v 0.03645241 -0.77944791 -0.11777557
v 0.02308135 -0.76283789 -0.11270896
v 0.03100160 -0.76949823 -0.11589886
v 0.04475264 -0.76953316 -0.10322294
v 0.05851371 -0.77441978 -0.09020121
v 0.06114985 -0.78384805 -0.09714229
v 0.06902675 -0.78292382 -0.07740045
v 0.05678085 -0.76441306 -0.07794655
v 0.06988974 -0.77834022 -0.07018684
v 0.04256420 -0.72964960 -0.07746218
v 0.04800381 -0.71464026 -0.07523937
v 0.06226372 -0.71780705 -0.06760202
v 0.05845322 -0.73127151 -0.07212715
v 0.06124961 -0.79464936 -0.10109224
v 0.07454009 -0.85330158 -0.08402027
v 0.06714961 -0.85808873 -0.09094593
v 0.07526004 -0.84012622 -0.08813030
v 0.09854646 -0.89590561 -0.04834513
v 0.08541039 -0.89962816 -0.06077214
v 0.09084680 -0.88213956 -0.06498753
v 0.10176989 -0.88052738 -0.05270731
v 0.07963421 -0.93016839 -0.02960961
v 0.06425682 -0.93070203 -0.05161704
v 0.07502095 -0.91635704 -0.05657046
v 0.09023962 -0.91593778 -0.03891722
v 0.10925052 -0.87543130 -0.04266164
v 0.11748959 -0.86742067 -0.02803065
v 0.11952311 -0.87750536 -0.01472768
v 0.11040630 -0.88932949 -0.03055317
v 0.11747091 -0.89161336 0.00361329
v 0.10538993 -0.90598363 -0.01607651
v 0.07267828 -0.76361763 -0.06401978
v 0.07746892 -0.77710360 -0.06004731
v 0.05424161 -0.74770832 -0.07487758
v 0.06928916 -0.74831641 -0.06499854
v 0.10659931 -0.90183687 0.01977478
v 0.09375076 -0.92047697 -0.00281563
v 0.12100891 -0.82698870 0.00613118
v 0.12423024 -0.84512901 0.00471883
v 0.12072930 -0.84165084 -0.01520329
v 0.11905042 -0.82580519 -0.01236459
v 0.12070385 -0.82934868 0.02615352
v 0.12367611 -0.84998024 0.02593254
v 0.09893961 -0.78136325 -0.01088994
v 0.08643300 -0.77092469 -0.01920213
v 0.08535681 -0.76688576 -0.00545051
v 0.09858672 -0.77598858 0.00581356
v 0.05154908 -0.87854254 -0.10047916
v 0.04540495 -0.87522376 -0.10363365
v 0.05014634 -0.86973929 -0.10225988
v 0.05684233 -0.87070715 -0.09864341
v 0.06440221 -0.86933398 -0.09099813
v 0.07275368 -0.86758167 -0.08331463
v 0.09149298 -0.86704123 -0.06457962
v 0.10226935 -0.86751527 -0.05450553
v 0.11481833 -0.85687006 -0.03634180
v 0.10847950 -0.86296070 -0.04696116
v 0.11608773 -0.83419120 -0.02727584
v 0.11476706 -0.82462215 -0.02534365
v 0.08444012 -0.77987152 -0.04497801
v 0.07718677 -0.76292849 -0.04920691
v 0.07746884 -0.76120734 -0.03506988
v 0.08644930 -0.77543926 -0.03102310
v 0.07420348 -0.75695300 -0.01171871
v 0.07559737 -0.75989318 -0.02335714
v 0.07217366 -0.73294258 -0.04808345
v 0.07362692 -0.71880853 -0.04148745
v 0.07579155 -0.72053778 -0.02720977
v 0.07342127 -0.73272425 -0.03396734
v 0.07495417 -0.72026610 -0.01332195
v 0.06934990 -0.71947306 -0.00247205
v 0.06804879 -0.73222041 -0.00936665
v 0.07199048 -0.73366112 -0.02031660
v 0.02269290 -0.71102297 -0.08324209
v 0.02620367 -0.69831634 -0.07881833
v 0.03829092 -0.69994450 -0.07609379
v 0.03369140 -0.71264219 -0.07899325
v 0.07823553 -0.70760238 -0.03337238
v 0.08085245 -0.71207774 -0.01866043
v 0.09719275 -0.78686136 -0.02570812
v 0.09532209 -0.79379654 -0.03564907
v 0.08019701 -0.71177322 -0.00470103
v 0.07200967 -0.74585152 -0.02416214
v 0.07389198 -0.74611682 -0.03717066
v 0.06890884 -0.75479901 -0.00014184
v 0.07843337 -0.76400149 0.00796804
v 0.01107272 -0.84857297 -0.10900249
v 0.01959368 -0.86041570 -0.10127625
v 0.02097948 -0.86388135 -0.10002600
v 0.01817699 -0.86417508 -0.09730149
v 0.01609825 -0.86184418 -0.09859363
v 0.01173731 -0.90258133 -0.09014559
v 0.00735461 -0.88801664 -0.09615965
v 0.01971848 -0.89059544 -0.09966020
v 0.02468257 -0.90220070 -0.09342389
v 0.03896046 -0.83146870 -0.11818259
v 0.02961972 -0.83925688 -0.11703818
v 0.02391513 -0.83211887 -0.12000109
v 0.02962977 -0.82334095 -0.12142373
v 0.04591584 -0.86326176 -0.10207663
v 0.04751080 -0.86546510 -0.10178395
v 0.04438488 -0.86580062 -0.10293229
v 0.02496041 -0.80999076 -0.12369700
v 0.03384583 -0.81242073 -0.12082638
v 0.07224048 -0.82661438 -0.09230337
v 0.05980900 -0.86171281 -0.09726957
v 0.06151104 -0.94080961 -0.01790360
v 0.04517243 -0.93962348 -0.04551564
v 0.09152143 -0.91129243 0.03331712
v 0.07771145 -0.92940545 0.00977671
v 0.11802414 -0.85272944 0.04539970
v 0.11773752 -0.82967657 0.04586902
v 0.11034398 -0.83217776 0.06391011
v 0.10497048 -0.85836828 0.06152677
v 0.09169096 -0.77315009 0.02038627
v 0.06220531 -0.71861875 0.00390459
v 0.06145930 -0.73145247 -0.00032622
v 0.03239138 -0.93003154 -0.06664591
v 0.02043699 -0.91648579 -0.08054261
v 0.08292989 -0.86678153 -0.07292692
v 0.05698426 -0.83708727 -0.10759660
v 0.05230815 -0.84585655 -0.10710390
v 0.04736977 -0.84468853 -0.11064216
v 0.05104326 -0.83307040 -0.11247396
v 0.06130701 -0.82635450 -0.10419992
v 0.06615208 -0.81465828 -0.09688341
v 0.07144853 -0.80200309 -0.08875424
v 0.07036071 -0.78999931 -0.08376322
v 0.12196623 -0.85612571 -0.01788673
v 0.12447448 -0.86273336 0.00058142
v 0.12293941 -0.87127101 0.01850165
v 0.11279107 -0.87836540 0.03635286
v 0.11821549 -0.84882379 -0.02669424
v 0.09863003 -0.88670230 0.05012079
v -0.00661575 -0.82655096 -0.12262779
v 0.00153533 -0.82468879 -0.12205669
v -0.00716373 -0.83046496 -0.12056644
v -0.01055866 -0.80333698 -0.12892437
v -0.01497275 -0.80354488 -0.12856969
v -0.01350319 -0.79722875 -0.12830293
v -0.00845453 -0.79718429 -0.12900126
v 0.00361683 -0.75735748 -0.11307908
v 0.01325337 -0.75959587 -0.11235055
v 0.01908305 -0.72410482 -0.08789542
v 0.02938615 -0.72610855 -0.08329310
v -0.00805362 -0.83993757 -0.12114912
v -0.00956114 -0.84023833 -0.12071221
v -0.00884420 -0.83849108 -0.11910608
v -0.00704935 -0.83840442 -0.11977089
v 0.00473453 -0.80896592 -0.12510470
v -0.01261630 -0.82008225 -0.12589814
v -0.01561950 -0.82018757 -0.12506883
v -0.01526629 -0.81628549 -0.12508878
v -0.01218536 -0.81603980 -0.12609237
v 0.03586640 -0.75845051 -0.09375040
v 0.03809182 -0.74511290 -0.08225711
v 0.06992304 -0.71699035 -0.05664962
v 0.06850466 -0.73215473 -0.06213001
v 0.07402012 -0.74797499 -0.05096550
v 0.07020047 -0.74549305 -0.01225763
v 0.06433976 -0.74267745 -0.00187153
v 0.04676399 -0.74267805 0.01297045
v 0.05140655 -0.75195432 0.01820500
v 0.06208960 -0.75233674 0.01064321
v 0.05574655 -0.74219316 0.00591526
v 0.02031128 -0.75205332 -0.09758636
v 0.01013361 -0.75069106 -0.09922418
v 0.01472128 -0.74006212 -0.09149265
v 0.02480422 -0.74129844 -0.08842243
v -0.01338051 -0.83753884 -0.12069853
v -0.01546122 -0.83731163 -0.12152497
v -0.01407360 -0.83424401 -0.12020398
v -0.01183711 -0.83581722 -0.11985227
v -0.00583179 -0.83595669 -0.11929529
v -0.00784452 -0.83508253 -0.11879130
v -0.00765702 -0.83327585 -0.11945295
v -0.00708387 -0.83992422 -0.12234254
v -0.00568275 -0.83783662 -0.12072926
v -0.01308281 -0.84228569 -0.12391789
v -0.01014471 -0.84151399 -0.12381345
v -0.01531285 -0.84418774 -0.12762320
v -0.01151925 -0.83794338 -0.11990480
v -0.01049317 -0.83628494 -0.11907475
v -0.00695106 -0.83700192 -0.11892591
v -0.00846917 -0.83674359 -0.11837299
v -0.01206367 -0.84155083 -0.12234138
v -0.00999752 -0.84085989 -0.12211912
v -0.00833176 -0.86152709 -0.11511839
v -0.01429083 -0.86362410 -0.11436252
v -0.01793969 -0.85908073 -0.12102441
v -0.02155624 -0.85356027 -0.12733066
v -0.02174621 -0.84517246 -0.12725881
v 0.00777650 -0.73788452 -0.09167553
v 0.01124244 -0.72275054 -0.08888845
v 0.00499268 -0.91733503 -0.07504511
v 0.00005718 -0.90130460 -0.08499108
v 0.00591083 -0.80720246 -0.12438834
v 0.02188229 -0.88169152 -0.09834195
v 0.03964575 -0.84510630 -0.11290298
v 0.01864950 -0.84894603 -0.10964186
v 0.02331929 -0.84488332 -0.11327684
v 0.02612957 -0.85125887 -0.10975187
v 0.02115651 -0.85426676 -0.10683736
v 0.01301428 -0.87976956 -0.09545358
v 0.00240722 -0.87764049 -0.09710613
v 0.00827489 -0.87359005 -0.09419902
v 0.00665750 -0.86747235 -0.09584692
v 0.00031254 -0.86999285 -0.10121764
v 0.00460395 -0.86171627 -0.10207799
v 0.00904758 -0.86217934 -0.09761203
v 0.04179028 -0.86902082 -0.10360541
v 0.04486938 -0.86916524 -0.10303853
v 0.00958049 -0.85642838 -0.10331703
v 0.01420027 -0.85224915 -0.10603980
v 0.01699191 -0.85629255 -0.10345007
v 0.01290088 -0.85884523 -0.10026923
v 0.03224459 -0.84732270 -0.11217113
v 0.05305311 -0.86383730 -0.10088308
v 0.04712691 -0.85425854 -0.10402291
v 0.09612592 -0.79970276 -0.04385164
v 0.08826414 -0.79131705 -0.05077506
v 0.08326899 -0.78767425 -0.07157291
v 0.07931276 -0.78528005 -0.07303469
v 0.07671541 -0.78746271 -0.06650034
v 0.08350570 -0.78837049 -0.06638874
v 0.10792796 -0.82974565 -0.04643369
v 0.10997322 -0.83571458 -0.04070704
v 0.10750407 -0.83908951 -0.04604479
v 0.10628001 -0.83131433 -0.04764414
v 0.10389978 -0.83714432 -0.05175627
v 0.10358180 -0.84162021 -0.05242668
v 0.10111019 -0.83399689 -0.05603886
v 0.10270973 -0.83269930 -0.05339215
v 0.10577005 -0.85136890 -0.05010831
v 0.09949487 -0.85357308 -0.05755533
v 0.09787343 -0.84104538 -0.05877546
v 0.08327357 -0.84702444 -0.07526606
v 0.08828489 -0.83205473 -0.06974236
v 0.09265986 -0.83780903 -0.06393861
v 0.09202015 -0.85117340 -0.06487604
v 0.07905935 -0.79154986 -0.07503447
v 0.07881608 -0.80037713 -0.07587846
v 0.08105442 -0.78710616 -0.05870848
v 0.08414599 -0.84124786 0.07620140
v 0.08473341 -0.86845398 0.07030255
v 0.11675972 -0.81059527 0.00249672
v 0.11649785 -0.80831367 0.02185190
v 0.11496052 -0.81063008 -0.01405053
v 0.11234075 -0.81215531 -0.02787545
v 0.11247805 -0.81007069 0.03989519
v 0.10735977 -0.80423087 0.05536068
v 0.08120546 -0.83166850 -0.08104541
v 0.08426143 -0.82158136 -0.07218282
v 0.10971805 -0.79378676 -0.00324965
v 0.10864692 -0.79134238 0.01468661
v 0.10910867 -0.79637384 -0.01921364
v 0.10657054 -0.80190521 -0.03118367
v 0.10286851 -0.79143971 0.03397726
v 0.08138940 -0.77020836 0.03305323
v 0.09281480 -0.78579259 0.04654420
v 0.08689038 -0.79832608 -0.06807113
v 0.08325334 -0.79851401 -0.07088550
v 0.08281995 -0.79223979 -0.07196154
v 0.08651924 -0.79335755 -0.07155847
v 0.07730672 -0.81727886 -0.08372598
v 0.08166506 -0.81089723 -0.07446644
v -0.00421924 -0.86548066 -0.10884632
v -0.00727196 -0.87262964 -0.10099968
v -0.01045220 -0.86796498 -0.10787188
v -0.00444971 -0.87904823 -0.09549233
v 0.05631528 -0.93546736 0.01767623
v 0.04185406 -0.94400913 -0.00885986
v 0.07872772 -0.89630711 0.06097651
v 0.06955850 -0.91944146 0.04193857
v -0.01701751 -0.78919822 -0.13033345
v -0.01649188 -0.77657920 -0.13421969
v -0.01182988 -0.82735181 -0.12260826
v -0.01478311 -0.82700938 -0.12190501
v -0.01525900 -0.82355237 -0.12374607
v -0.01228964 -0.82373381 -0.12441389
v 0.01763424 -0.87453902 -0.09434228
v 0.07081931 -0.76069766 0.02016309
v 0.05291505 -0.73009878 0.00599598
v 0.05257648 -0.71783543 0.00936595
v 0.07364719 -0.70941526 0.00637804
v 0.06455960 -0.70692706 0.01309177
v -0.01458557 -0.83058083 -0.12061045
v -0.01174553 -0.83072639 -0.12081211
v -0.01216955 -0.84043986 -0.12099458
v -0.00769821 -0.81531161 -0.12649602
v -0.01130726 -0.83335173 -0.11976729
v -0.01031408 -0.83510756 -0.11926027
v -0.01631990 -0.83398890 -0.11984280
v -0.01603366 -0.83033973 -0.11994726
v 0.02334491 -0.85911518 -0.10432558
v 0.02425886 -0.86370134 -0.10243608
v -0.01638877 -0.84023243 -0.12427703
v -0.01441445 -0.84019965 -0.12235743
v -0.01965285 -0.83972430 -0.12334765
v 0.05313056 -0.70146102 -0.07165851
v 0.06572523 -0.70383394 -0.06195218
v -0.01751426 -0.82014203 -0.12424865
v -0.01733162 -0.81623340 -0.12432500
v 0.02574286 -0.94314116 -0.03706054
v 0.06695171 -0.76917255 0.04114372
v 0.07532345 -0.78406578 0.05235854
v 0.09088055 -0.82268202 -0.06518406
v 0.09327005 -0.81752712 -0.06285086
v 0.09725773 -0.82287842 -0.06000692
v 0.09476197 -0.82880998 -0.06225258
v 0.01403991 -0.71004200 -0.08474117
v 0.07394718 -0.70508480 -0.04824943
v 0.05413165 -0.70553023 0.01708918
v 0.04562238 -0.86149448 -0.10213645
v 0.04383032 -0.86049449 -0.10284834
v 0.01982265 -0.87176991 -0.09572612
v 0.07986443 -0.80851340 0.06858055
v -0.00640843 -0.80729222 -0.12754011
v -0.00696087 -0.81078351 -0.12551922
v 0.04331877 -0.73169029 0.01018279
v 0.00301265 -0.74843848 -0.09989357
v -0.01738004 -0.83722270 -0.12152029
v 0.05818794 -0.76079804 0.02714324
v 0.10363378 -0.82561374 -0.05318458
v 0.10355770 -0.82492399 -0.05674051
v 0.10251760 -0.82210076 -0.05726320
v 0.10185267 -0.82224548 -0.05551035
v 0.10284314 -0.82964027 -0.05955967
v 0.10406011 -0.82569754 -0.05926028
v 0.10590583 -0.82806611 -0.05871940
v 0.10507588 -0.83195615 -0.05814625
v 0.09869376 -0.83210707 -0.05915592
v 0.10019952 -0.82661951 -0.06039388
v 0.10795778 -0.82869345 -0.05741521
v 0.10762515 -0.83157700 -0.05735491
v 0.10637141 -0.83299154 -0.05476085
v 0.10502742 -0.83232170 -0.05036817
v 0.11089712 -0.83106494 -0.05587714
v 0.10936981 -0.83240581 -0.05188841
v 0.11493911 -0.82910174 -0.05366787
v 0.11248957 -0.83073640 -0.04894990
v 0.11823416 -0.82500714 -0.05163637
v 0.11430700 -0.82564372 -0.04680526
v 0.08468862 -0.80596817 -0.06906923
v 0.08813506 -0.80378318 -0.06441790
v 0.11888319 -0.81949461 -0.05122243
v 0.11431189 -0.81932282 -0.04680875
v 0.11832470 -0.81260443 -0.05135960
v 0.11425421 -0.81232405 -0.04757094
v 0.11590805 -0.80622035 -0.05281706
v 0.11287943 -0.80558425 -0.04990879
v 0.11195864 -0.80044246 -0.05499118
v 0.10857652 -0.79876947 -0.05209093
v 0.10712747 -0.79531586 -0.05841515
v 0.10324071 -0.79221064 -0.05626439
v 0.11277684 -0.82695192 -0.05207459
v 0.11475980 -0.82322919 -0.05085222
v 0.10616429 -0.82564461 -0.04579598
v 0.10980713 -0.82925355 -0.05468702
v 0.10230348 -0.81593406 -0.05318273
v 0.10160045 -0.81817400 -0.05075049
v 0.10145858 -0.81702673 -0.05184077
v 0.10138208 -0.81502199 -0.05026796
v 0.08961876 -0.81099713 -0.06402140
v 0.09251251 -0.80996919 -0.06265789
v 0.09438010 -0.81515002 -0.06148060
v 0.09074836 -0.80585206 -0.06237452
v 0.09084172 -0.80690753 -0.06092436
v 0.09138431 -0.81043530 -0.06015468
v 0.09266867 -0.81409287 -0.05835918
v 0.09234688 -0.80452120 -0.05975176
v 0.09251459 -0.80266535 -0.06131413
v 0.09195387 -0.80545837 -0.05858111
v 0.09138830 -0.80667728 -0.05910177
v 0.09159912 -0.80847514 -0.05730719
v 0.09400742 -0.81087339 -0.05496235
v 0.08704793 -0.81483996 -0.06684006
v 0.09823584 -0.80381095 -0.05089895
v 0.09248886 -0.79651874 -0.05411576
v 0.10109799 -0.79278105 -0.06219342
v 0.09765141 -0.78637338 -0.06206632
v 0.08938232 -0.78878534 -0.07163299
v 0.09266285 -0.78417963 -0.06818851
v 0.10541097 -0.82015026 -0.04564249
v 0.10534561 -0.81441438 -0.04591870
v 0.08637592 -0.79160583 -0.06077935
v 0.10345286 -0.80899239 -0.04735819
v 0.10587912 -0.79954743 -0.05715166
v 0.10106566 -0.79752737 -0.05912809
v 0.11024648 -0.80267853 -0.05508623
v 0.09176733 -0.79968661 -0.06356676
v 0.09125638 -0.79481584 -0.06735209
v 0.09585419 -0.79259813 -0.06541475
v 0.09587803 -0.79795742 -0.06115627
v 0.10423454 -0.80335510 -0.05718637
v 0.09974194 -0.80213189 -0.05771708
v 0.10212009 -0.80629253 -0.05506816
v 0.09783805 -0.80548394 -0.05562532
v 0.09462301 -0.80429685 -0.05783513
v 0.09522305 -0.80200309 -0.05922480
v 0.09523554 -0.80784535 -0.05288349
v 0.10018726 -0.80893385 -0.05258886
v 0.09300888 -0.80604851 -0.05648505
v 0.10515769 -0.80845398 -0.05528569
v 0.10822667 -0.81133723 -0.05483425
v 0.10602824 -0.81414115 -0.05523042
v 0.10325046 -0.81135815 -0.05378859
v 0.11248386 -0.80738592 -0.05246306
v 0.11116053 -0.80922174 -0.05472495
v 0.10790221 -0.80574286 -0.05600675
v 0.11346105 -0.81359339 -0.05340178
v 0.11431274 -0.81341016 -0.05056623
v 0.11075473 -0.81438851 -0.05415583
v 0.10872779 -0.81607485 -0.05457046
v 0.11317693 -0.82213891 -0.05289432
v 0.11369688 -0.81831253 -0.05266317
v 0.11545475 -0.81884855 -0.05057194
v 0.11170571 -0.81787586 -0.05408056
v 0.11103518 -0.82092029 -0.05379187
v 0.10894948 -0.82006437 -0.05401950
v 0.10999449 -0.81794834 -0.05403239
v 0.10675980 -0.82830322 -0.05551450
v 0.10484558 -0.82747650 -0.05640534
v 0.10894490 -0.82721865 -0.05435067
v 0.10705225 -0.82858086 -0.05294269
v 0.10752888 -0.82539165 -0.05393577
v 0.10565677 -0.82788002 -0.05274016
v 0.10606153 -0.82421362 -0.05411303
v 0.10381453 -0.82188535 -0.05427276
v 0.03425090 -0.66982722 -0.07174292
v 0.03074175 -0.68391955 -0.07502867
v 0.02098031 -0.68128592 -0.07464145
v 0.02344495 -0.66764426 -0.06935247
v 0.10750944 -0.82213843 -0.05426903
v 0.10937200 -0.82342243 -0.05366068
v 0.11097214 -0.82562757 -0.05277764
v 0.10487720 -0.81809378 -0.05429648
v 0.10598231 -0.81715131 -0.05476801
v 0.10733228 -0.81842399 -0.05463825
v 0.10578682 -0.82018292 -0.05452253
v 0.09648228 -0.81775880 -0.05976034
v 0.09588110 -0.81577188 -0.05670890
v 0.09794717 -0.81193620 -0.05424526
v 0.06850023 -0.65375829 -0.05632440
v 0.08367565 -0.66260213 -0.04850465
v 0.07921030 -0.67233217 -0.04818550
v 0.06503163 -0.66585928 -0.05712672
v 0.07233864 -0.63123631 -0.06945385
v 0.07146543 -0.61273205 -0.07380780
v 0.09084062 -0.61926699 -0.07086826
v 0.09519136 -0.64131999 -0.05915006
v 0.08507588 -0.60095209 -0.07952330
v 0.06726968 -0.59616864 -0.08009230
v 0.06765904 -0.55236757 -0.10299244
v 0.07359691 -0.56766820 -0.09514204
v 0.05757568 -0.56542861 -0.09460929
v 0.05238245 -0.54975706 -0.10164827
v 0.07303199 -0.47619519 -0.12207709
v 0.06194191 -0.47762090 -0.12357005
v 0.05589214 -0.46226886 -0.11874937
v 0.06814486 -0.45934728 -0.11623953
v 0.14201778 -0.58768523 -0.08042293
v 0.15025318 -0.58072549 -0.07904777
v 0.15732649 -0.60102326 -0.07547121
v 0.14829627 -0.60631633 -0.07588286
v 0.11108035 -0.67620480 -0.01960587
v 0.10653869 -0.67932874 -0.01923130
v 0.10001675 -0.66514790 -0.03624303
v 0.10461870 -0.66160661 -0.03893305
v 0.12221417 -0.49305597 -0.09426542
v 0.11766672 -0.50038248 -0.10171543
v 0.11182649 -0.48811010 -0.10537399
v 0.11523460 -0.48041186 -0.09881345
v 0.09384590 -0.40394434 -0.07640449
v 0.07877538 -0.40162414 -0.08514483
v 0.07681020 -0.38406441 -0.08178709
v 0.09277242 -0.38618600 -0.07225400
v 0.13350753 -0.43401518 -0.03833282
v 0.13110779 -0.41692007 -0.03351806
v 0.13698006 -0.42114240 -0.01337006
v 0.14013183 -0.43674058 -0.01810514
v 0.09575428 -0.55409843 -0.10104227
v 0.10254155 -0.57108444 -0.09349553
v 0.08826146 -0.56959331 -0.09483825
v 0.08194809 -0.55374694 -0.10243587
v 0.31466773 -0.70427370 -0.08582447
v 0.29068723 -0.69222146 -0.07911596
v 0.29559791 -0.67927998 -0.08252925
v 0.31993800 -0.69108772 -0.08975315
v 0.12468478 -0.32569578 -0.02436676
v 0.12295714 -0.30764362 -0.02448175
v 0.13041550 -0.31317359 -0.00444585
v 0.13117291 -0.33160558 -0.00518400
v 0.19109300 -0.67610312 -0.05965094
v 0.19247007 -0.69205368 -0.04298841
v 0.18182792 -0.69151801 -0.04143606
v 0.17909521 -0.67632288 -0.05984428
v 0.13411276 -0.54842865 -0.08709066
v 0.14206675 -0.56376421 -0.08321901
v 0.13515607 -0.57090539 -0.08659989
v 0.12739164 -0.55408508 -0.09202003
v 0.14872277 -0.46636564 -0.02443716
v 0.15327248 -0.48354274 -0.02665803
v 0.14869970 -0.48240840 -0.04004542
v 0.14360602 -0.46491355 -0.04023164
v 0.13893054 -0.44883987 -0.03954426
v 0.14498505 -0.45089105 -0.02169431
v 0.11896513 -0.55479920 -0.09617631
v 0.12650765 -0.57469136 -0.08978377
v 0.11541256 -0.57289422 -0.09213033
v 0.10796890 -0.55463135 -0.09934936
v 0.04964760 -0.44896320 -0.11023908
v 0.06431255 -0.44542059 -0.10742275
v 0.11121877 -0.30137628 -0.04366154
v 0.11300556 -0.31990165 -0.04311026
v 0.09728558 -0.31408867 -0.05834035
v 0.09579930 -0.29567987 -0.05937839
v 0.06275688 -0.41826451 -0.09278341
v 0.07822566 -0.41894007 -0.08769298
v 0.07715578 -0.43327242 -0.09507397
v 0.06251355 -0.43347546 -0.09843756
v 0.07799726 -0.29092240 -0.07264921
v 0.07998817 -0.30990517 -0.07017095
v 0.06244326 -0.30794388 -0.07966240
v 0.06118409 -0.28772950 -0.08255561
v 0.07919487 -0.58377349 -0.08740832
v 0.06224962 -0.58096141 -0.08771495
v 0.09302646 -0.47688487 -0.11542794
v 0.08363484 -0.47614270 -0.11911455
v 0.07963042 -0.45929870 -0.11307006
v 0.09022973 -0.46094346 -0.10948130
v 0.15848435 -0.55479735 -0.06666294
v 0.17261994 -0.56952435 -0.06397298
v 0.16998163 -0.59035754 -0.07283965
v 0.15694027 -0.56897545 -0.07539944
v 0.13353330 -0.29629835 -0.00394699
v 0.12527318 -0.29154560 -0.02469519
v 0.07931551 -0.27498043 -0.07117379
v 0.06142052 -0.27032548 -0.08118556
v 0.21561694 -0.57109481 -0.02453269
v 0.21063846 -0.57317173 -0.03251819
v 0.20139343 -0.56039917 -0.03340316
v 0.20721784 -0.55897623 -0.02640261
v 0.02942086 -0.47896236 -0.11694206
v 0.03689947 -0.45966738 -0.11367844
v 0.04668858 -0.47159851 -0.12093216
v 0.04205019 -0.48734418 -0.12155243
v 0.08951755 -0.44719285 -0.10014905
v 0.07784104 -0.44515082 -0.10392267
v 0.09068109 -0.43533516 -0.09063288
v 0.01667089 -0.47046062 -0.10799295
v 0.02616888 -0.44529435 -0.10099062
v 0.04537421 -0.57748538 -0.08699708
v 0.04105267 -0.56284124 -0.09333929
v 0.04943638 -0.59240168 -0.08122543
v 0.05195402 -0.60817319 -0.07645465
v 0.03423016 -0.60512483 -0.07735398
v 0.03153473 -0.58967364 -0.08148048
v 0.05257688 -0.62483186 -0.07397895
v 0.03518572 -0.62089825 -0.07533121
v 0.05145506 -0.64799935 -0.06254748
v 0.04974002 -0.66021073 -0.06281783
v 0.14700130 -0.55307490 -0.07772316
v 0.13798922 -0.53908807 -0.08034922
v 0.09719639 -0.28017801 -0.05821391
v 0.14003178 -0.61991853 0.05747105
v 0.15203553 -0.62567818 0.04749127
v 0.15325406 -0.61027479 0.05109394
v 0.14195071 -0.60405529 0.06138854
v 0.11329654 -0.66249347 -0.03989438
v 0.11666255 -0.67727554 -0.01975504
v 0.20490986 -0.57410741 0.01069851
v 0.20466498 -0.56464690 0.00615101
v 0.19308224 -0.55553043 0.01007966
v 0.19382776 -0.56656593 0.01440275
v 0.22402677 -0.57370400 -0.01025860
v 0.22586021 -0.58011717 -0.00429298
v 0.23828954 -0.59370351 -0.00607863
v 0.23759177 -0.58760786 -0.01198428
v 0.13236733 -0.31880558 0.01561174
v 0.13160849 -0.33738509 0.01522029
v 0.13830911 -0.45808068 0.03520593
v 0.14481424 -0.47296345 0.02745892
v 0.14777744 -0.46422961 0.01208262
v 0.14184435 -0.44862261 0.01831338
v 0.05101949 -0.59215051 0.07854249
v 0.07014398 -0.59452331 0.07782838
v 0.07054701 -0.58220768 0.08150899
v 0.05116795 -0.58015925 0.08167128
v 0.10866948 -0.61833477 0.06814826
v 0.08894040 -0.61155951 0.07465369
v 0.08770110 -0.62330472 0.06974867
v 0.10780612 -0.63088942 0.06245198
v 0.12508035 -0.61179084 0.06686333
v 0.12684643 -0.59680265 0.07076080
v 0.15208901 -0.47162968 -0.00921093
v 0.15643579 -0.48760754 -0.01361965
v 0.17166786 -0.51241952 -0.01634305
v 0.17911130 -0.52257919 -0.01762913
v 0.17531325 -0.52143681 -0.02736615
v 0.16759135 -0.51092654 -0.02708935
v 0.10142936 -0.68521202 -0.01887443
v 0.11078064 -0.68845904 -0.00007126
v 0.10461350 -0.69238091 0.00151148
v 0.08289301 -0.66640872 0.04484606
v 0.09113172 -0.67041886 0.03885431
v 0.09409508 -0.66459304 0.04268754
v 0.08344725 -0.66033125 0.04925788
v 0.07341861 -0.52404004 0.09297028
v 0.07471924 -0.50356215 0.09128881
v 0.05161668 -0.50494254 0.09720495
v 0.05264864 -0.52424544 0.09790821
v 0.19000240 -0.53559291 -0.01024232
v 0.19241542 -0.54001534 -0.00217108
v 0.20332384 -0.55046904 -0.00466886
v 0.20209891 -0.54613602 -0.01154022
v 0.18334682 -0.53009731 0.00033505
v 0.18162075 -0.52558750 -0.00848005
v 0.17470400 -0.51539481 -0.00631784
v 0.17630726 -0.52048421 0.00375879
v 0.15346220 -0.48609686 0.02001770
v 0.16401157 -0.50034916 0.01307738
v 0.16194662 -0.49366039 0.00010798
v 0.15356228 -0.47826758 0.00560539
v 0.04604109 -0.43636161 0.09464241
v 0.04816947 -0.45937961 0.09724014
v 0.06821419 -0.45790395 0.09237973
v 0.06532151 -0.43416938 0.09237164
v 0.21641029 -0.59020144 -0.04435780
v 0.23248217 -0.60260201 -0.04697654
v 0.22629602 -0.60969406 -0.05356931
v 0.21284573 -0.59908038 -0.05138168
v 0.24410635 -0.61738318 0.00467098
v 0.24229893 -0.62343538 0.00738210
v 0.25124136 -0.63234460 0.00532775
v 0.25314760 -0.62644416 0.00338071
v 0.25871813 -0.61085302 -0.04637135
v 0.28049016 -0.62157840 -0.05299802
v 0.27194193 -0.62680352 -0.05873767
v 0.25071812 -0.61474824 -0.05205816
v 0.12811200 -0.68260628 0.00299303
v 0.12212364 -0.68510556 0.00157700
v 0.12188986 -0.67788160 -0.01940687
v 0.24899536 -0.59503090 -0.02865689
v 0.25160167 -0.59634751 -0.02144742
v 0.27060157 -0.60774308 -0.02458199
v 0.26829708 -0.60673285 -0.03303216
v 0.31325102 -0.71665299 -0.07670927
v 0.28943557 -0.70497584 -0.06970102
v 0.30769745 -0.63038111 -0.05144780
v 0.28590459 -0.61873937 -0.04615590
v 0.28989926 -0.61762601 -0.03758041
v 0.31220514 -0.62992942 -0.04147129
v 0.13576432 -0.43299767 0.02407568
v 0.13041973 -0.44176006 0.04064878
v 0.12185028 -0.33002540 0.05514544
v 0.11857340 -0.34937221 0.05358331
v 0.12709165 -0.34435385 0.03582776
v 0.12936381 -0.32542822 0.03645723
v 0.13464268 -0.30177450 0.01765789
v 0.12439816 -0.30961320 0.05651800
v 0.13154796 -0.30583423 0.03790480
v 0.09284014 -0.70076978 -0.00409566
v 0.09842092 -0.69676054 -0.00001097
v 0.09327012 -0.69318032 0.01736994
v 0.08929840 -0.69973236 0.01175814
v 0.16848162 -0.20666124 0.01523715
v 0.16402945 -0.21287140 -0.01186165
v 0.16842854 -0.19236764 -0.01780717
v 0.17062083 -0.18292701 0.01058725
v 0.07020341 -0.68042517 0.03731130
v 0.06796864 -0.69038749 0.03014871
v 0.07974866 -0.69496912 0.02299421
v 0.08334891 -0.68671858 0.02878806
v 0.16383816 -0.22797625 0.01639713
v 0.15953174 -0.23047574 -0.00807025
v 0.09024154 -0.69458747 -0.02174693
v 0.09570521 -0.68962157 -0.01946768
v 0.08446425 -0.68646979 -0.03674372
v 0.08955550 -0.67974365 -0.03463255
v 0.07523438 -0.68174684 -0.05065862
v 0.15272294 -0.21572688 -0.03460748
v 0.15696137 -0.20005505 -0.04352900
v 0.08548987 -0.70533484 0.00393787
v 0.07736710 -0.70174050 0.01496096
v 0.06644511 -0.69787097 0.02163593
v 0.05503207 -0.69569141 0.02537769
v 0.04270279 -0.69547796 0.02821784
v 0.04320017 -0.70521677 0.02074592
v 0.13667420 -0.28235707 -0.00463512
v 0.14009917 -0.28559914 0.01755481
v 0.14072549 -0.07365781 0.02310719
v 0.13924463 -0.06953399 -0.00550401
v 0.11257782 -0.05377419 0.01895548
v 0.11815277 -0.06026608 0.04345298
v 0.05573831 -0.06138945 0.09071590
v 0.09060275 -0.05433744 0.06782874
v 0.08215544 -0.04834454 0.04645328
v 0.04648779 -0.05756162 0.07037078
v 0.07026430 -0.18097572 0.13655034
v 0.06754132 -0.20697540 0.13145290
v 0.09322777 -0.20549271 0.12150030
v 0.09674247 -0.17964929 0.12580778
v 0.13687335 -0.28923175 0.03870622
v 0.12945536 -0.29114959 0.05787512
v 0.12721843 -0.27953303 -0.02406278
v 0.15043782 -0.15552185 -0.13577560
v 0.14950475 -0.14217681 -0.15965173
v 0.16153620 -0.11653835 -0.13291037
v 0.16744550 -0.12922542 -0.11128378
v 0.15011638 -0.06636733 -0.08035871
v 0.12616718 -0.04826061 -0.05663013
v 0.13297659 -0.05929078 -0.03120382
v 0.15990327 -0.07689026 -0.05454406
v 0.04219028 -0.26551339 -0.08833485
v 0.04133472 -0.24964666 -0.08374843
v 0.06020583 -0.25589088 -0.07706961
v -0.01155742 -0.25240442 -0.09123219
v -0.01290845 -0.23657574 -0.08734293
v 0.00467012 -0.23962264 -0.08862936
v 0.00630554 -0.25640732 -0.09356446
v -0.01356743 -0.16670123 -0.07981537
v -0.00972350 -0.18391328 -0.07867069
v -0.02199115 -0.18174981 -0.07657208
v -0.02536300 -0.16575781 -0.07595298
v 0.13333915 -0.21960434 -0.05197838
v 0.13180304 -0.22877772 -0.04792463
v 0.10912440 -0.22595760 -0.06057094
v 0.11016727 -0.21818642 -0.06777509
v 0.07017468 -0.04751757 0.02309661
v 0.03757728 -0.06062470 0.04839763
v 0.12448551 -0.17751132 -0.15192977
v 0.12578045 -0.16315255 -0.17785650
v 0.09037115 -0.17431928 -0.18489978
v 0.09094901 -0.18587077 -0.15792961
v 0.05649206 -0.17813891 -0.15410528
v 0.05605705 -0.16850919 -0.17920119
v -0.01485114 -0.09099647 -0.06046103
v -0.01267440 -0.09171796 -0.06352532
v -0.00846177 -0.11597669 -0.08109277
v -0.01665982 -0.11869818 -0.07736935
v 0.06341785 -0.08826447 0.12024032
v 0.09355853 -0.08352077 0.10453907
v 0.09209040 -0.06795001 0.08893257
v 0.06058341 -0.07233751 0.10681425
v 0.11804940 -0.29124555 0.07422739
v 0.11288626 -0.31132469 0.07185163
v 0.09846840 -0.31338477 0.08349051
v 0.09594556 -0.33581871 0.08129955
v 0.11004825 -0.33251315 0.07029514
v 0.10891178 -0.46312374 0.07055946
v 0.11816324 -0.48049799 0.06580483
v 0.13010955 -0.46810681 0.05109865
v 0.12217232 -0.45220649 0.05631454
v 0.08973913 -0.59904838 0.07869600
v 0.09131398 -0.58606547 0.08180556
v 0.09423347 -0.04037708 -0.03018385
v 0.09810074 -0.02740353 -0.06936160
v 0.06580105 -0.02457814 -0.05628148
v 0.05355816 -0.04313907 -0.00758977
v 0.14383294 -0.05499996 -0.10876223
v 0.16311544 -0.08938931 -0.10507810
v 0.15556656 -0.07851896 -0.13026676
v 0.14647384 -0.13087755 -0.18685678
v 0.15733540 -0.10391612 -0.15978801
v 0.08718571 -0.16141488 -0.21186411
v 0.05373865 -0.15602128 -0.20475274
v 0.00244623 -0.10307372 -0.11935896
v 0.00663354 -0.09093338 -0.14125651
v 0.01481416 -0.11468254 -0.16425267
v 0.01200646 -0.12609217 -0.14169949
v 0.01807562 -0.17093256 -0.08974092
v 0.02565846 -0.16869740 -0.09739526
v 0.05291611 -0.18899475 -0.09297076
v 0.05197830 -0.19418521 -0.08645456
v 0.00812412 -0.27748400 -0.09702863
v -0.00692002 -0.27325812 -0.09599452
v 0.04306286 -0.28463012 -0.08984933
v 0.02460587 -0.28113699 -0.09509179
v 0.02347061 -0.26054010 -0.09241533
v 0.01679009 -0.36339894 -0.09494167
v 0.01348789 -0.34509572 -0.09524145
v 0.03230085 -0.34535483 -0.09195510
v 0.03663707 -0.36305147 -0.09307803
v 0.04102428 -0.38242358 -0.09507544
v 0.02090921 -0.38313359 -0.09603828
v 0.02595234 -0.42228407 -0.09368853
v 0.04528238 -0.41969705 -0.09491588
v 0.04592506 -0.43650448 -0.10034262
v 0.02807830 -0.57435501 -0.08573341
v 0.02473177 -0.55922467 -0.09044869
v 0.14123604 -0.20631707 -0.06741133
v 0.02431266 -0.04897758 -0.02533244
v 0.03511012 -0.03081164 -0.06055900
v 0.01508398 -0.04288077 -0.07799613
v 0.00912387 -0.05685654 -0.04974949
v 0.14828821 -0.23033825 -0.02944943
v 0.11287266 -0.28633741 -0.04292602
v 0.11478068 -0.27442148 -0.04157019
v 0.12172455 -0.43442768 -0.06085105
v 0.12105139 -0.41370329 -0.05203649
v 0.05457908 -0.48077330 -0.12353215
v 0.05432390 -0.49232599 -0.12351588
v 0.17111005 -0.10034034 -0.08046904
v 0.08393489 -0.14606908 -0.23863052
v 0.05192670 -0.14117786 -0.23281552
v 0.04921497 -0.12501013 -0.26079750
v 0.08032541 -0.12980273 -0.26695201
v 0.00867387 -0.05916940 -0.14697930
v 0.01422628 -0.04604751 -0.17731132
v 0.01359409 -0.06534579 -0.19449307
v 0.00977810 -0.07805482 -0.16699828
v 0.01853390 -0.03446884 -0.20849842
v 0.02226932 -0.02069271 -0.23889311
v 0.01747655 -0.03707813 -0.25665978
v 0.01566595 -0.05305806 -0.22660027
v 0.12277433 -0.14907950 -0.20550981
v 0.13655819 -0.10509029 -0.24379086
v 0.14109427 -0.11836232 -0.21574369
v 0.11728641 -0.13608983 -0.23247172
v 0.11254936 -0.12107776 -0.26046050
v 0.12260324 -0.03818141 -0.08900532
v -0.00140216 -0.08326562 -0.09697661
v 0.00309725 -0.07205705 -0.11913857
v 0.03206274 -0.01603459 -0.14732331
v 0.02396208 -0.02776128 -0.11220828
v 0.04507829 -0.01508945 -0.09860805
v 0.05297386 -0.00556837 -0.13745821
v 0.13934427 -0.04244812 -0.17244950
v 0.14090542 -0.04904547 -0.14056209
v 0.15171522 -0.07227796 -0.16314813
v 0.14831284 -0.06416231 -0.19424811
v 0.15301198 -0.09588484 -0.19070375
v 0.14810257 -0.08519083 -0.22033095
v 0.12522064 -0.07474013 -0.30072436
v 0.13067016 -0.09096318 -0.27232546
v 0.10717137 -0.10527802 -0.28883037
v 0.10177828 -0.08723253 -0.31683508
v 0.13848323 -0.05911160 -0.27874082
v 0.14326070 -0.07213521 -0.24961871
v 0.14109401 -0.04270288 -0.25461602
v 0.14528015 -0.05405372 -0.22540517
v 0.13357902 -0.02576452 -0.23483910
v 0.13720185 -0.03472991 -0.20414534
v 0.12271106 -0.01210129 -0.21970007
v 0.12322426 -0.01835103 -0.18840921
v 0.10364833 -0.00518161 -0.17551282
v 0.10653318 0.00007322 -0.20882630
v 0.08636186 0.00671850 -0.20383814
v 0.08312333 0.00187874 -0.17084929
v 0.04631938 0.00293250 -0.21187511
v 0.03990319 -0.00668152 -0.18150344
v 0.05954544 0.00160471 -0.17260572
v 0.06530720 0.00807418 -0.20482479
v 0.05991376 0.02737668 -0.28968224
v 0.06132030 0.02670908 -0.27969813
v 0.08000053 0.02125087 -0.27874491
v 0.07687578 0.02218613 -0.28764454
v 0.09388391 0.01709345 -0.28872937
v 0.09672628 0.01488498 -0.28110400
v 0.11096099 0.00916377 -0.28459793
v 0.10994599 0.01307753 -0.29334021
v 0.13414130 0.00039119 -0.30455434
v 0.13442725 0.00960746 -0.31205985
v 0.12349889 0.01059356 -0.30018553
v 0.12546584 0.00476310 -0.29221061
v 0.13790597 -0.00479069 -0.32213250
v 0.13659608 0.00973201 -0.33013582
v 0.13122579 -0.00866225 -0.34447545
v 0.12678850 0.01279232 -0.35068870
v 0.11397465 -0.01043674 -0.36691770
v 0.10974935 0.01601726 -0.37032813
v 0.03093559 0.01148385 -0.31855652
v 0.03367725 0.01833874 -0.30140218
v 0.03591686 0.02737534 -0.30779967
v 0.03215393 0.02379131 -0.32391086
v 0.02748933 -0.00137404 -0.36261004
v 0.03571971 0.02221707 -0.35901427
v 0.03928730 0.01851982 -0.38082206
v 0.03420428 -0.00811535 -0.38490862
v 0.12081452 -0.05811922 -0.32894027
v 0.13456804 -0.04455386 -0.30505449
v 0.13818069 -0.03064249 -0.28091744
v 0.13256279 -0.01822583 -0.26217732
v 0.05195123 0.01239765 -0.23788431
v 0.07130209 0.01412486 -0.23276120
v 0.02104413 -0.02057227 -0.28403300
v 0.02579216 -0.00680384 -0.26517701
v 0.06444322 -0.04437065 -0.37901601
v 0.09370700 -0.04212570 -0.37191755
v 0.09774151 -0.06622343 -0.34669021
v 0.06821633 -0.06906930 -0.35246050
v 0.13329554 -0.02670884 -0.32766500
v 0.13739304 -0.01796821 -0.30465457
v 0.13386028 -0.00824836 -0.28709877
v 0.11225184 0.00807527 -0.26543906
v 0.12618491 -0.00027186 -0.27411652
v 0.09587118 0.01491538 -0.26018378
v 0.05762737 0.02243286 -0.26082408
v 0.07727347 0.02011344 -0.25733143
v 0.02689658 -0.00375968 -0.30550486
v 0.03035027 0.00723881 -0.28651080
v 0.06290434 0.01687673 -0.39357549
v 0.08972832 0.01711515 -0.38953161
v 0.09220757 -0.01272947 -0.38752693
v 0.06238337 -0.01352116 -0.39507866
v 0.06395588 0.04201284 -0.38025555
v 0.04573140 0.04070547 -0.36985561
v 0.11044988 0.01541594 -0.28650570
v 0.09238923 0.01625609 -0.28215876
v 0.12489274 0.01646277 -0.29508224
v 0.12125789 0.03624475 -0.34778613
v 0.13526455 0.02773660 -0.32795399
v 0.10436895 0.04321969 -0.36667308
v 0.08444551 0.04159230 -0.37988830
v 0.03446878 0.04316682 -0.29254508
v 0.03214261 0.04873216 -0.30849946
v 0.03258583 0.03402746 -0.31918311
v 0.03473156 0.03307575 -0.30476665
v 0.05598149 0.02894938 -0.27077591
v 0.05631597 0.02558517 -0.28615099
v 0.07328743 0.02048928 -0.28225607
v 0.07349098 0.02271050 -0.26374170
v 0.11348140 0.02147019 -0.26780704
v 0.09378202 0.02053571 -0.26313084
v 0.12932852 0.02600628 -0.27861696
v 0.13221723 0.05006558 -0.31528306
v 0.13836592 0.03680593 -0.29512802
v 0.13547197 0.02013585 -0.30887187
v 0.11631775 0.06184086 -0.33591729
v 0.08970217 0.09420615 -0.32718092
v 0.11448240 0.08973461 -0.31735411
v 0.09271548 0.06991136 -0.35153124
v 0.05884208 0.16167742 -0.24524790
v 0.05417097 0.18423527 -0.21638292
v 0.07322095 0.18666321 -0.21998614
v 0.08041050 0.16535759 -0.24837068
v 0.02985325 0.05494207 -0.27271199
v 0.02883964 0.06486183 -0.29022929
v 0.07379318 0.03151554 -0.24060202
v 0.05347577 0.03719908 -0.24748039
v 0.13006787 0.09755838 -0.27160305
v 0.13756484 0.08097851 -0.25098646
v 0.13907154 0.05901086 -0.27504343
v 0.13096118 0.07431591 -0.29613155
v 0.01544619 0.12468636 -0.21405944
v 0.01719347 0.10296130 -0.24026459
v 0.02067524 0.09076613 -0.22334734
v 0.01867910 0.11293072 -0.19838229
v 0.07003121 0.04852563 -0.21638685
v 0.06621607 0.06920421 -0.19295532
v 0.04623200 0.07344460 -0.19982985
v 0.04963704 0.05303955 -0.22338662
v 0.11733448 0.14476424 -0.22026998
v 0.12260166 0.12935823 -0.20150194
v 0.13220765 0.10429364 -0.22582719
v 0.12543856 0.12087035 -0.24615160
v 0.08935899 0.11987287 -0.30288121
v 0.08649791 0.14346468 -0.27617764
v 0.10898711 0.13524222 -0.26599512
v 0.11368638 0.11319107 -0.29191369
v 0.06535811 0.11563385 -0.29996532
v 0.06303056 0.13927734 -0.27358168
v 0.02295779 0.16429216 -0.15274197
v 0.01965747 0.17599827 -0.16234499
v 0.01723216 0.14928454 -0.18810481
v 0.02028690 0.13737309 -0.17561609
v 0.06314529 0.09366554 -0.17102271
v 0.06013178 0.12200820 -0.15187240
v 0.04286885 0.12392622 -0.15640074
v 0.04368316 0.09661907 -0.17666826
v 0.09706363 0.19246769 -0.16702735
v 0.09956926 0.17975980 -0.15168631
v 0.11176245 0.15461475 -0.17706886
v 0.10795176 0.16758174 -0.19343477
v 0.06724051 0.20901400 -0.19000006
v 0.08624006 0.20427942 -0.18206787
v 0.09451696 0.18100756 -0.21146816
v 0.04959162 0.20712852 -0.18756151
v 0.04531630 0.23185855 -0.16179311
v 0.05952994 0.23386496 -0.16367614
v 0.02250443 0.19202775 -0.12963575
v 0.02161767 0.20263624 -0.13912594
v 0.03679387 0.18015599 -0.11625218
v 0.04142343 0.15289938 -0.13632834
v 0.05576381 0.15071815 -0.13271946
v 0.04967828 0.17748797 -0.11234951
v 0.08503236 0.16091496 -0.13324261
v 0.07599749 0.18702292 -0.11342841
v 0.06384735 0.18025506 -0.11123967
v 0.07092774 0.15397179 -0.13099784
v 0.08767198 0.20461464 -0.12934864
v 0.08356938 0.19460160 -0.11925811
v 0.09495623 0.16984588 -0.13980663
v 0.08646931 0.21644831 -0.14405894
v 0.07681167 0.22906423 -0.15762222
v 0.00661364 -0.06236516 -0.00034869
v 0.01551223 -0.06204441 -0.00345261
v 0.00426640 -0.06467454 -0.03248654
v -0.00160174 -0.06690739 -0.02725032
v 0.01829826 -0.08779693 -0.22095551
v 0.01737956 -0.10141997 -0.19121458
v 0.01723482 -0.05505769 -0.27904880
v 0.01738785 -0.07310258 -0.25109175
v 0.01948765 -0.03495881 -0.30628061
v 0.03189102 0.00592464 -0.33917820
v 0.02525207 -0.01416725 -0.32769987
v 0.03525526 0.02262366 -0.33994311
v 0.03569188 0.03817487 -0.33474666
v 0.03598763 0.05593047 -0.32294291
v 0.03028902 0.09443754 -0.28387621
v 0.03503933 0.07415795 -0.30554387
v 0.02207852 0.08293635 -0.26639223
v 0.02314010 0.13948935 -0.22923371
v 0.02555137 0.11650670 -0.25718579
v 0.02453379 0.18916166 -0.17215538
v 0.02330295 0.16390133 -0.20009953
v 0.02652269 0.21413189 -0.14821130
v 0.03075751 -0.16514044 -0.12318769
v 0.02861329 -0.16930905 -0.10875058
v 0.00985671 -0.14300506 -0.10000533
v 0.01168498 -0.14125870 -0.10877764
v -0.01222110 -0.07533766 -0.03594135
v -0.01048351 -0.07608092 -0.03683634
v -0.01216473 -0.08142897 -0.04965791
v -0.01400484 -0.07985526 -0.04676490
v 0.11707658 -0.03605908 -0.35296461
v 0.12344828 -0.00718828 -0.24796152
v 0.09055100 0.01015122 -0.23331004
v 0.10883294 0.00426833 -0.23912789
v 0.02240828 -0.02664366 -0.35291684
v 0.03575467 -0.03812322 -0.37342337
v 0.03810042 -0.06389511 -0.34647089
v 0.02259989 -0.04921815 -0.32945275
v 0.06749725 0.09535331 -0.32335192
v 0.04841252 0.08549166 -0.31734237
v 0.04679053 0.10603744 -0.29321948
v 0.06868414 0.07681799 -0.34631264
v 0.13351561 0.04384738 -0.25725526
v 0.11744063 0.03417087 -0.24532831
v 0.09405734 0.04784220 -0.21572796
v 0.09646461 0.03050196 -0.23977163
v 0.11693040 0.05320793 -0.22090548
v 0.02638131 -0.09244144 -0.27531475
v 0.02366478 -0.07288891 -0.30236739
v 0.04214409 -0.08730645 -0.31889907
v 0.04636025 -0.10829934 -0.29007584
v 0.11652525 -0.36744764 0.05120782
v 0.12478215 -0.36163467 0.03496587
v 0.10998216 -0.45934156 -0.09277210
v 0.10015820 -0.45139503 -0.09642333
v 0.10316993 -0.43950373 -0.08552317
v 0.11573163 -0.44723186 -0.08017917
v 0.12435207 -0.45954788 -0.07637981
v 0.11825481 -0.47045186 -0.08954579
v 0.13024451 -0.47327641 -0.07233605
v 0.12545866 -0.48347569 -0.08506753
v 0.16394684 -0.54834032 -0.05585779
v 0.17713518 -0.56048095 -0.05459008
v 0.00544676 -0.42216149 -0.09073386
v 0.00364504 -0.40311065 -0.09238973
v 0.02358273 -0.40229249 -0.09514474
v 0.02257016 -0.24365570 -0.08765246
v 0.02460710 -0.19305396 -0.07950413
v 0.00512999 -0.18639538 -0.07960841
v -0.00227459 -0.16825058 -0.08222212
v -0.02717668 -0.10760301 -0.06651168
v -0.02851785 -0.09100074 -0.05222048
v -0.02204725 -0.07697538 -0.03885931
v -0.01729010 -0.07161450 -0.03057264
v 0.08326688 -0.42977336 0.08515134
v 0.08673699 -0.45293057 0.08386564
v 0.05099435 -0.60288686 0.07483022
v 0.06979303 -0.60587353 0.07411414
v 0.06841153 -0.62758088 0.06694440
v 0.05162037 -0.62433594 0.06782150
v 0.05136995 -0.63451546 0.06427300
v 0.06755940 -0.63796854 0.06291432
v 0.05623274 -0.68671155 0.03471768
v 0.05603334 -0.67838383 0.04318886
v -0.00762159 -0.07207428 -0.02046730
v -0.00495852 -0.06972340 -0.01473191
v -0.00996260 -0.07525542 -0.03495373
v 0.00018738 -0.11083616 -0.10271549
v -0.00159160 -0.11680222 -0.09114750
v -0.00666173 -0.09449083 -0.07252146
v -0.00429770 -0.09111406 -0.08166373
v 0.17097187 -0.14566597 -0.09072249
v 0.15150914 -0.16980045 -0.11634153
v 0.10403459 -0.04805467 -0.00599708
v 0.35620016 -0.65684843 -0.05203355
v 0.33399197 -0.64276463 -0.04624780
v 0.33656478 -0.64800429 -0.03525248
v 0.35837147 -0.66194761 -0.04150662
v 0.09666789 -0.52455854 0.08535635
v 0.10108374 -0.49962136 0.07976145
v 0.09504566 -0.67276180 -0.03483684
v 0.13808048 -0.68210775 -0.02449496
v 0.12911043 -0.67859882 -0.02076835
v 0.12886956 -0.66851676 -0.04156311
v 0.13613607 -0.67302418 -0.04538995
v 0.15941845 -0.64463508 0.03528216
v 0.15040532 -0.64149106 0.04199480
v 0.14719337 -0.65645027 0.03315082
v 0.15497786 -0.65800315 0.02715012
v 0.09695460 -0.15371600 0.12688795
v 0.07005650 -0.15577024 0.13804217
v 0.06090832 -0.36514491 0.09439073
v 0.06171836 -0.38661963 0.09430981
v 0.07891238 -0.38298234 0.08848566
v 0.07845952 -0.36115974 0.08920868
v 0.12306809 -0.51057357 0.06903064
v 0.13203715 -0.49488342 0.05677435
v 0.01350800 -0.49413621 -0.10989106
v 0.02787545 -0.49942976 -0.11537571
v 0.02948712 -0.51753139 -0.11150139
v 0.01367989 -0.51383686 -0.10705460
v 0.30300647 -0.65136391 -0.01057451
v 0.31286359 -0.64195383 -0.01987107
v 0.29076403 -0.62730700 -0.01693903
v 0.28448796 -0.63225251 -0.00913012
v 0.16603908 -0.08741450 -0.02690835
v 0.17872514 -0.11690821 -0.05099447
v 0.13453822 -0.39201787 0.01385736
v 0.13169143 -0.37317717 0.01575402
v 0.12590802 -0.38056594 0.03476292
v 0.12979607 -0.39912966 0.03345969
v 0.14235575 -0.44175917 0.00033731
v 0.13834743 -0.42659265 0.00586625
v 0.14780204 -0.45645413 -0.00445769
v 0.22085789 -0.57039320 -0.01649440
v 0.21094678 -0.55804223 -0.01841608
v 0.21324384 -0.56012899 -0.01090761
v 0.01151645 -0.13482992 -0.12332499
v 0.00668288 -0.14346118 -0.09538265
v -0.00186317 -0.14366014 -0.09127351
v -0.00962968 -0.07251094 -0.02333516
v -0.01219151 -0.06946433 -0.02045046
v 0.07072252 -0.69177294 -0.05565250
v 0.07916366 -0.69416648 -0.04152066
v 0.26446152 -0.60745674 -0.04031668
v 0.24441761 -0.59558678 -0.03523427
v 0.18456748 -0.53196299 -0.02756327
v 0.19647880 -0.54468614 -0.02718476
v 0.19035703 -0.54745996 -0.03588640
v 0.17869829 -0.53431499 -0.03740234
v 0.18865176 -0.53237408 -0.01863783
v 0.20026264 -0.54436553 -0.01920590
v 0.13333841 -0.59150726 -0.08177928
v 0.13903400 -0.60856032 -0.07679170
v 0.12866050 -0.60909975 -0.07698767
v 0.12306252 -0.59243965 -0.08411842
v 0.10978999 -0.58868700 -0.08485433
v 0.11607129 -0.60723603 -0.07698885
v 0.10113391 -0.60462689 -0.07776421
v 0.09463532 -0.58648640 -0.08633581
v 0.08784272 -0.65480632 -0.05239348
v 0.07068321 -0.64565670 -0.06245733
v 0.05232059 -0.63883537 -0.06828459
v 0.03569965 -0.63419145 -0.07192762
v 0.05491076 -0.66698891 0.04965998
v 0.07295608 -0.67028588 0.04501935
v 0.06893925 -0.65835357 0.05288849
v 0.05296662 -0.65578336 0.05504312
v 0.03942812 -0.65465754 0.05834334
v 0.04054595 -0.66490477 0.05279550
v 0.06174706 -0.67847359 -0.06138135
v 0.04707101 -0.67375565 -0.06845987
v 0.03580676 -0.65664709 -0.06865058
v 0.31654376 -0.72468233 -0.06307010
v 0.29356521 -0.71362776 -0.05622646
v 0.08740985 -0.70496720 -0.01105113
v 0.08469839 -0.69977975 -0.02686912
v 0.32185012 -0.72672093 -0.04705080
v 0.29889703 -0.71557081 -0.04154272
v 0.12213105 -0.64694029 -0.05756228
v 0.13052721 -0.65126497 -0.05820666
v 0.12087151 -0.66463161 -0.04014746
v 0.05782062 -0.68929493 -0.06623547
v 0.04371736 -0.68633240 -0.07325056
v 0.16955148 -0.16431192 -0.07466087
v 0.14935321 -0.18357542 -0.09865168
v 0.12638277 -0.34366834 -0.02406747
v 0.11546285 -0.33751941 -0.04221917
v -0.02030424 -0.36433232 -0.08976875
v -0.02260246 -0.34658918 -0.09008098
v -0.00471071 -0.34534016 -0.09446836
v -0.00221744 -0.36394373 -0.09370414
v -0.01417492 -0.42163885 -0.08388996
v -0.01610193 -0.40292263 -0.08664035
v 0.01723479 -0.69632280 -0.08002730
v 0.00916280 -0.30316666 -0.09567858
v 0.01112953 -0.32569239 -0.09577967
v -0.00660750 -0.32473099 -0.09519990
v -0.00911650 -0.29892528 -0.09369054
v -0.01837012 -0.27205271 -0.09375103
v -0.02009719 -0.26032782 -0.09204028
v -0.01928179 -0.15107414 -0.08153612
v -0.02665385 -0.15051883 -0.07738969
v 0.23198827 -0.66559070 -0.06600859
v 0.22983027 -0.68381774 -0.05942895
v 0.21447036 -0.67961633 -0.05904758
v 0.21804158 -0.65965080 -0.06506132
v 0.04487718 -0.30721235 -0.08771858
v 0.02650676 -0.30587560 -0.09343490
v 0.14814842 -0.54182619 -0.06804813
v 0.15266068 -0.53499758 -0.05637199
v 0.00576880 -0.44285125 -0.09335361
v 0.04128417 -0.50421607 -0.11889754
v 0.04394547 -0.52006423 -0.11437432
v 0.05544268 -0.50729936 -0.12041938
v 0.05811489 -0.52189493 -0.11556919
v -0.00788537 -0.06917012 -0.00883048
v -0.00892113 -0.07292703 -0.01331702
v 0.23943406 -0.66022480 0.00919881
v 0.24339619 -0.65334678 0.00866260
v 0.23365203 -0.64491141 0.01190375
v 0.22963746 -0.65349543 0.01326046
v -0.00003755 -0.07052572 -0.07420033
v -0.00279630 -0.07583974 -0.05877009
v 0.02758753 -0.06472507 0.02618946
v 0.01266891 -0.06324062 0.02258703
v 0.00976875 -0.07031879 0.03929632
v 0.01334197 -0.07346883 0.05063683
v 0.02977303 -0.13750611 -0.18865684
v 0.02956270 -0.14929327 -0.16440392
v 0.02971583 -0.12452927 -0.21637112
v 0.02851183 -0.10932124 -0.24584812
v 0.04130014 0.04157335 -0.35122398
v 0.04862881 0.06342945 -0.34010321
v 0.04484258 0.12841868 -0.26581988
v 0.04233960 0.15056050 -0.23717079
v 0.03925841 0.17455173 -0.20788664
v 0.03408348 0.22397834 -0.15576887
v 0.03640268 0.19992435 -0.17976803
v 0.32963476 -0.72139305 -0.03485676
v 0.33778676 -0.71409190 -0.02667091
v 0.31360245 -0.70289385 -0.01913906
v 0.30441758 -0.71002412 -0.02782500
v 0.30131018 -0.63294494 -0.05916735
v 0.32272175 -0.64438266 -0.06518829
v 0.31577533 -0.65036523 -0.07184155
v 0.29372320 -0.63867855 -0.06499240
v 0.34529579 -0.65593553 -0.07113128
v 0.32905424 -0.64083123 -0.05677681
v 0.35151646 -0.65397573 -0.06213149
v 0.35785890 -0.66963357 -0.03184596
v 0.33573374 -0.65587091 -0.02577638
v 0.33028153 -0.66711593 -0.01834518
v 0.35420716 -0.68068165 -0.02536218
v 0.34467581 -0.70350271 -0.02379639
v 0.35022378 -0.69250548 -0.02337428
v 0.32662272 -0.68076104 -0.01557235
v 0.32211849 -0.69280267 -0.01652915
v 0.32542971 -0.67946935 -0.08853877
v 0.30181450 -0.66783285 -0.08074838
v 0.30839512 -0.65862250 -0.07675804
v 0.33173871 -0.66993678 -0.08469743
v 0.23071136 -0.69734442 -0.04561026
v 0.21477857 -0.69486219 -0.04543635
v 0.18632928 -0.58218247 -0.05887631
v 0.19826992 -0.59072137 -0.05257487
v 0.19739172 -0.60737169 -0.05978439
v 0.18545477 -0.59882718 -0.06598648
v 0.26668996 -0.69443285 -0.06476788
v 0.27085462 -0.70459437 -0.05098259
v 0.24922557 -0.69951332 -0.04738643
v 0.24669933 -0.68786687 -0.06130134
v 0.27882802 -0.65509820 -0.07389308
v 0.25699463 -0.64309692 -0.06844078
v 0.26340020 -0.63392311 -0.06351614
v 0.28570974 -0.64685810 -0.06933361
v 0.29178205 -0.61955643 -0.02772797
v 0.31431311 -0.63302839 -0.03040072
v 0.22146298 -0.63964909 -0.06346249
v 0.23513472 -0.64757061 -0.06671837
v 0.14085202 -0.52847803 -0.07015368
v 0.16921543 -0.52322185 -0.03773731
v 0.16023436 -0.51198328 -0.03765394
v 0.09967507 -0.46438274 -0.10578829
v 0.10124828 -0.47814155 -0.11090650
v 0.14123996 -0.48500180 -0.05394222
v 0.13623150 -0.46682554 -0.05611119
v 0.10706818 -0.47926998 -0.10697700
v 0.10757188 -0.47064027 -0.10229483
v 0.06215780 -0.40154505 -0.09132244
v 0.03595797 -0.64472401 -0.06786321
v 0.25161278 -0.65622079 -0.07051754
v 0.24793667 -0.67237806 -0.06865170
v 0.26852614 -0.61837381 -0.00820396
v 0.27100304 -0.61261708 -0.01578891
v 0.25298065 -0.59952116 -0.01404500
v 0.25274241 -0.60635412 -0.00719250
v 0.15702417 -0.53113711 0.04663934
v 0.16137731 -0.51872855 0.03752236
v 0.14590633 -0.50706387 0.04639998
v 0.14015363 -0.52176237 0.05748914
v 0.23523097 -0.67713732 0.00578941
v 0.22389041 -0.67321169 0.00967751
v 0.22169602 -0.68294269 0.00220032
v 0.23531377 -0.68615884 -0.00128523
v 0.21975596 -0.69256252 -0.00936022
v 0.21718785 -0.69926238 -0.02557171
v 0.23369485 -0.70117342 -0.02796193
v 0.23531207 -0.69491291 -0.01243091
v 0.17466162 -0.17173357 -0.02872471
v 0.17409582 -0.16026878 0.00117508
v 0.07976452 -0.26156223 -0.06747612
v 0.09896293 -0.26703495 -0.05571349
v 0.05382460 -0.20654011 -0.07829294
v -0.01099693 -0.09394906 -0.06551452
v -0.00568353 -0.11693268 -0.08437547
v 0.00486174 -0.05628943 -0.09869143
v 0.16156627 -0.18564832 -0.05411395
v 0.02020593 -0.03023237 -0.16205773
v 0.01277907 -0.04247506 -0.12911460
v 0.07903956 -0.00364110 -0.13526031
v 0.07340270 -0.01171120 -0.09740594
v 0.09961100 -0.01753792 -0.10689873
v 0.10193662 -0.01039720 -0.14187798
v 0.12164012 -0.03114370 -0.12118542
v 0.12221234 -0.02434410 -0.15571305
v 0.07040337 -0.09113039 -0.32316715
v 0.08953100 0.06997722 -0.19112888
v 0.10332202 0.10298574 -0.17461634
v 0.08402233 0.09612107 -0.17011350
v 0.11195722 0.07635272 -0.19652677
v 0.13306186 0.06535929 -0.23345315
v 0.12705034 0.08799750 -0.20925000
v 0.10201806 0.15828896 -0.23988327
v 0.07792625 0.12471360 -0.15087777
v 0.09401578 0.13249069 -0.15431684
v 0.11721012 0.11431712 -0.18606541
v 0.10646472 0.14217955 -0.16323042
v -0.00588547 -0.07897557 -0.05102102
v 0.01554563 -0.07187663 0.06704808
v 0.11411792 -0.20065466 -0.11058894
v 0.12077039 -0.18922080 -0.12952428
v 0.02725434 -0.16889574 -0.10027429
v 0.05431832 -0.18865867 -0.10215287
v 0.08345588 -0.32760879 -0.06859875
v 0.06553122 -0.32648146 -0.07737201
v 0.09086605 -0.36590034 -0.06971518
v 0.08744887 -0.34618554 -0.06835510
v 0.10404171 -0.35057798 -0.05721731
v 0.10641192 -0.36946964 -0.05805684
v 0.13030824 -0.37908587 -0.02682432
v 0.12817134 -0.36090171 -0.02494523
v 0.13282907 -0.36683506 -0.00480257
v 0.13477612 -0.38572493 -0.00668315
v 0.13098505 -0.35550204 0.01642773
v 0.13215199 -0.34913468 -0.00454331
v 0.09610952 -0.40026015 0.07795248
v 0.09898829 -0.42279956 0.07578896
v 0.11186250 -0.41535559 0.06452488
v 0.10809633 -0.39401191 0.06524491
v -0.01107832 -0.14770809 -0.08669581
v -0.01193531 -0.08240364 -0.05017546
v 0.03027853 -0.16013187 -0.14217208
v 0.05484869 -0.18625726 -0.13141137
v 0.08797595 -0.19667152 -0.13452578
v 0.23871073 -0.59799850 -0.04148324
v 0.18316382 -0.54685128 0.01396849
v 0.18319687 -0.55819482 0.01936986
v 0.25233760 -0.70251667 -0.03078299
v 0.25340039 -0.69683588 -0.01548332
v 0.23838776 -0.63188422 -0.06410132
v 0.20213059 -0.67694807 -0.05940691
v 0.19288278 -0.65315354 -0.06677156
v 0.20548812 -0.65523016 -0.06526653
v 0.08078976 -0.20993769 -0.07717226
v 0.08047196 -0.20406780 -0.08773942
v 0.11095111 -0.21042845 -0.08030330
v 0.00509518 -0.06474559 0.01262790
v 0.00614519 -0.06858069 0.02539413
v 0.00855048 -0.14458890 -0.09605893
v 0.03109878 -0.00723737 -0.22344714
v 0.02581599 -0.01965538 -0.19404557
v 0.03588893 0.00508714 -0.24882410
v 0.04052192 0.01588309 -0.27115631
v 0.04457115 0.02525410 -0.28757229
v 0.04587375 0.02994049 -0.29610488
v 0.04431613 0.03030828 -0.29467303
v 0.04299586 0.03586438 -0.28084564
v 0.02503264 0.07120901 -0.24868727
v 0.03875002 0.04544443 -0.25942329
v 0.03483539 0.06093806 -0.23491338
v 0.03136207 0.08059698 -0.20998225
v 0.02966718 0.12892812 -0.16437751
v 0.02900586 0.10327029 -0.18531656
v 0.03059564 0.15731996 -0.14343148
v 0.02794389 0.18446362 -0.12183380
v -0.00514186 -0.06981190 -0.00619715
v -0.00069680 -0.06738788 0.00317460
v 0.11269757 -0.64292055 -0.05696766
v 0.17165005 -0.54060495 -0.04687989
v 0.18398766 -0.55248594 -0.04491818
v 0.22326747 -0.62237060 -0.06019642
v 0.02096369 -0.07381013 0.08582842
v 0.02599225 -0.07810903 0.10376200
v 0.30025902 -0.68195671 -0.00891640
v 0.29109919 -0.69194323 -0.01089512
v 0.24264294 -0.62082577 -0.05797837
v 0.18915969 -0.57105035 -0.04864009
v 0.20069452 -0.58025503 -0.04529290
v 0.51741600 -0.79789805 -0.07862147
v 0.53682542 -0.80151641 -0.08443652
v 0.53960824 -0.79822588 -0.07464197
v 0.52031249 -0.79355097 -0.06835801
v 0.51522195 -0.79684103 -0.08992406
v 0.53478098 -0.80011868 -0.09529355
v 0.52470839 -0.74819696 -0.11477518
v 0.54557294 -0.75356293 -0.11372507
v 0.54070443 -0.76441693 -0.11596305
v 0.51930135 -0.75984561 -0.11599137
v 0.55324233 -0.79765409 -0.10846050
v 0.53383332 -0.79461402 -0.10466018
v 0.53437155 -0.78549194 -0.11136759
v 0.55444515 -0.78873050 -0.11367705
v 0.53395396 -0.73240358 -0.09650077
v 0.51352274 -0.72581375 -0.09832132
v 0.51590258 -0.72486210 -0.08559485
v 0.53561324 -0.73221123 -0.08436573
v 0.43420804 -0.73160684 -0.11441355
v 0.41666433 -0.72796851 -0.11241526
v 0.42367309 -0.71735620 -0.11306441
v 0.44127771 -0.72090924 -0.11418281
v 0.47707540 -0.78986108 -0.06567102
v 0.49744594 -0.79381460 -0.07251824
v 0.50045884 -0.78820169 -0.06225900
v 0.48014596 -0.78221816 -0.05597296
v 0.47106740 -0.77342033 -0.10038503
v 0.44885588 -0.76630700 -0.09435261
v 0.44936788 -0.75560236 -0.10370059
v 0.47187254 -0.76121366 -0.10855607
v 0.45971680 -0.77504677 -0.04979777
v 0.45669496 -0.78395718 -0.05855828
v 0.51388150 -0.78224850 -0.10859711
v 0.49277392 -0.77831960 -0.10522621
v 0.49390700 -0.76673007 -0.11187615
v 0.51554072 -0.77113295 -0.11369321
v 0.57233787 -0.74750984 -0.09511799
v 0.55356306 -0.73957211 -0.09535579
v 0.55461115 -0.74036169 -0.08401628
v 0.57310081 -0.74904227 -0.08465444
v 0.55727595 -0.77910769 -0.11568194
v 0.53668809 -0.77509928 -0.11461425
v 0.56112802 -0.76902497 -0.11609470
v 0.56545025 -0.78749889 -0.06735511
v 0.54660845 -0.77977622 -0.06152981
v 0.54275978 -0.79024500 -0.06725978
v 0.56155097 -0.79677963 -0.07297534
v 0.47968835 -0.73909134 -0.11532269
v 0.50223291 -0.74347425 -0.11536350
v 0.49716222 -0.75490975 -0.11578383
v 0.47473252 -0.74984074 -0.11405197
v 0.47399312 -0.79001039 -0.07851275
v 0.49479902 -0.79353279 -0.08463033
v 0.52761883 -0.77153146 -0.05642232
v 0.50818694 -0.76294720 -0.05224338
v 0.50413030 -0.77714384 -0.05540998
v 0.52356201 -0.78382337 -0.06121726
v 0.49240595 -0.73967779 -0.05284824
v 0.51194966 -0.74876583 -0.05430443
v 0.51430321 -0.73712051 -0.06263067
v 0.49441904 -0.72868645 -0.06242894
v 0.46327788 -0.72423899 -0.11282113
v 0.45658100 -0.73523599 -0.11487752
v 0.49231037 -0.72031051 -0.10038324
v 0.47065467 -0.71500987 -0.10341176
v 0.47446337 -0.71183163 -0.08970717
v 0.49530995 -0.71837783 -0.08737290
v 0.41204435 -0.76344717 -0.07524441
v 0.42834058 -0.77025342 -0.07873132
v 0.43120524 -0.77691799 -0.06578766
v 0.41463175 -0.76904082 -0.06157093
v 0.43566641 -0.77526802 -0.05267911
v 0.41869527 -0.76637745 -0.04834883
v 0.39892718 -0.74331176 -0.03804603
v 0.41022089 -0.74846816 -0.03877668
v 0.41373128 -0.73562121 -0.04024676
v 0.40282869 -0.73106241 -0.03843611
v 0.45622864 -0.72021163 -0.05291540
v 0.47382268 -0.72979581 -0.05199540
v 0.47543982 -0.72021151 -0.06391777
v 0.45663768 -0.71198189 -0.06581454
v 0.43946826 -0.70150727 -0.08064917
v 0.45601612 -0.70725006 -0.07906972
v 0.45483825 -0.70638955 -0.09250427
v 0.43849552 -0.70189542 -0.09434355
v 0.38896179 -0.67817783 -0.07216021
v 0.40238035 -0.68600309 -0.07733066
v 0.39818946 -0.68701982 -0.08781093
v 0.38473833 -0.67962348 -0.08165351
v 0.38494635 -0.69939077 -0.10121855
v 0.37949175 -0.70930022 -0.10358335
v 0.36549383 -0.70074040 -0.09990881
v 0.37139598 -0.69138610 -0.09640046
v 0.36214131 -0.74406183 -0.06938669
v 0.37606978 -0.74877572 -0.07022369
v 0.37911940 -0.75138056 -0.05537476
v 0.36595285 -0.74536037 -0.05401946
v 0.44150746 -0.71298099 -0.05368341
v 0.43911898 -0.70388889 -0.06694241
v 0.39667833 -0.70671433 -0.10523870
v 0.40949684 -0.71249747 -0.10978069
v 0.40310565 -0.72244394 -0.10986760
v 0.39069539 -0.71662277 -0.10634245
v 0.38454795 -0.73731947 -0.09584409
v 0.39765763 -0.74241638 -0.09705561
v 0.39789748 -0.74980712 -0.08518232
v 0.38621742 -0.74557197 -0.08474229
v 0.38733733 -0.75293124 -0.07183576
v 0.39868477 -0.75801575 -0.07337587
v 0.40124011 -0.76235938 -0.05932449
v 0.38995111 -0.75619721 -0.05749071
v 0.43155980 -0.70986921 -0.05324888
v 0.42323178 -0.70572358 -0.05238714
v 0.41846114 -0.71427310 -0.04708479
v 0.42696849 -0.71929657 -0.04810014
v 0.42437944 -0.69785923 -0.09470809
v 0.42616481 -0.69786525 -0.08163309
v 0.41112891 -0.74609327 -0.09753688
v 0.39856362 -0.73322004 -0.10567619
v 0.41273069 -0.73783761 -0.10789920
v 0.40514985 -0.75906634 -0.04606774
v 0.39217997 -0.67938292 -0.06226144
v 0.37737507 -0.67028737 -0.05766150
v 0.37892592 -0.67427260 -0.04771635
v 0.39376283 -0.68239462 -0.05237531
v 0.37403032 -0.66886449 -0.06757695
v 0.36853391 -0.67056668 -0.07649390
v 0.34831896 -0.69143105 -0.09530734
v 0.35421041 -0.68194717 -0.09143537
v 0.34300762 -0.70325696 -0.09542041
v 0.36078775 -0.71268463 -0.09931262
v 0.35725069 -0.72457719 -0.09425478
v 0.33840147 -0.71543336 -0.09147501
v 0.33927828 -0.73612595 -0.06677847
v 0.34535444 -0.73692727 -0.05136031
v 0.37145364 -0.73994476 -0.04337456
v 0.35297725 -0.73139000 -0.04010392
v 0.39194879 -0.69179976 -0.09587295
v 0.40437075 -0.69810450 -0.10077959
v 0.53119636 -0.75777137 -0.05731858
v 0.55024725 -0.76704407 -0.06121849
v 0.55241859 -0.75524461 -0.06624933
v 0.53348476 -0.74613976 -0.06393319
v 0.55390739 -0.74603093 -0.07405226
v 0.57216436 -0.75524080 -0.07594208
v 0.49313062 -0.78799200 -0.09610863
v 0.51395071 -0.79162240 -0.10048634
v 0.55374068 -0.80379820 -0.10028786
v 0.41142735 -0.75372922 -0.08628821
v 0.42725927 -0.75932014 -0.08925489
v 0.40580380 -0.72001052 -0.04153050
v 0.39675492 -0.71543533 -0.03842711
v 0.39243680 -0.72625482 -0.03696270
v 0.43635267 -0.72650141 -0.04792057
v 0.42771146 -0.74008107 -0.04397376
v 0.44494322 -0.75150132 -0.04447739
v 0.45083347 -0.73598683 -0.04691744
v 0.41434938 -0.70068908 -0.05046888
v 0.40501177 -0.69497824 -0.04737703
v 0.40121186 -0.70493424 -0.04156161
v 0.41027105 -0.71007609 -0.04465728
v 0.35787281 -0.73632967 -0.08406505
v 0.37362176 -0.74139673 -0.08425482
v 0.36618233 -0.71325392 -0.03060038
v 0.36086386 -0.72314298 -0.03352871
v 0.37680805 -0.73148203 -0.03700780
v 0.38113165 -0.72065318 -0.03497704
v 0.38852432 -0.73770046 -0.03793760
v 0.37100950 -0.70240188 -0.03023539
v 0.38560879 -0.70992416 -0.03534941
v 0.33665726 -0.72754908 -0.08222887
v 0.39303958 -0.68895316 -0.04345492
v 0.37810153 -0.68152869 -0.03817820
v 0.37528354 -0.69136143 -0.03252873
v 0.39013529 -0.69909048 -0.03764620
v 0.53502274 -0.73726940 -0.07307000
v 0.51576591 -0.72921544 -0.07306796
v 0.43276626 -0.70696443 -0.10723200
v 0.44985801 -0.71043253 -0.10654268
v 0.41781056 -0.70319819 -0.10499344
v 0.53005010 -0.73807335 -0.10768368
v 0.55033660 -0.74419844 -0.10625745
v 0.48608100 -0.72830135 -0.11119422
v 0.50845778 -0.73289096 -0.10937954
v 0.48830944 -0.75459075 -0.04905359
v 0.41588336 -0.69261426 -0.06972525
v 0.42617932 -0.69784194 -0.07027377
v 0.41408429 -0.69236833 -0.08055912
v 0.36080542 -0.67490423 -0.08509512
v 0.37824789 -0.68458259 -0.08994277
v 0.43121892 -0.70294273 -0.05958007
v 0.33877891 -0.66279382 -0.07850865
v 0.42343882 -0.75534296 -0.04063192
v 0.38364956 -0.74701893 -0.04420679
v 0.39445043 -0.75264156 -0.04519926
v 0.55805552 -0.80381089 -0.08054984
v 0.47169268 -0.78360754 -0.09084106
v 0.42739686 -0.74971533 -0.10017713
v 0.42977858 -0.74131709 -0.10930523
v 0.40489095 -0.68634433 -0.06701869
v 0.40620309 -0.68823195 -0.05703609
v 0.41599596 -0.69388545 -0.05974379
v 0.37463188 -0.72104144 -0.10184710
v 0.37194723 -0.73164171 -0.09522337
v 0.56962240 -0.75115049 -0.10513780
v 0.38710740 -0.72767037 -0.10428397
v 0.43989411 -0.76511151 -0.04443658
v 0.05107031 -0.61382687 0.07123476
v 0.03518710 -0.60320055 0.07580576
v 0.03555245 -0.61345118 0.07257030
v 0.13049367 -0.45199901 -0.05823886
v 0.09242760 -0.42131168 -0.08128680
v 0.10620036 -0.42639980 -0.07288498
v 0.16047819 -0.52892286 -0.04683252
v 0.15119337 -0.51612484 -0.04788605
v 0.20578572 -0.57472837 -0.03920356
v 0.19505855 -0.56379831 -0.04116679
v 0.13551730 -0.48972276 -0.06814334
v 0.11080565 -0.82979023 -0.03725417
v 0.11037302 -0.82248408 -0.03662611
v 0.11410681 -0.84220183 -0.03388198
v -0.01811827 -0.28612563 -0.09217252
v -0.02944282 -0.25890091 -0.08774252
v -0.03001772 -0.24772651 -0.08563194
v 0.10283785 -0.81887603 -0.05394129
v 0.10186386 -0.81246054 -0.05059097
v 0.10416339 -0.81610990 -0.05427044
v 0.10239722 -0.82114434 -0.05492314
v 0.10199025 -0.82018244 -0.05485892
v 0.11118488 -0.84797066 -0.04230922
v 0.10799745 -0.81485194 -0.03778845
v 0.10331130 -0.80761015 -0.03984726
v 0.10532457 -0.83678460 -0.04955839
v 0.06908262 -0.29192641 0.10302618
v 0.07525560 -0.27236336 0.10828231
v 0.05371349 -0.27265161 0.11507895
v 0.04900943 -0.29243529 0.10856643
v 0.03285259 -0.25614423 0.12881158
v 0.02933730 -0.27381128 0.12120027
v 0.05857854 -0.25117129 0.12120070
v 0.15505731 -0.21745732 0.06300357
v 0.15076835 -0.23916101 0.06317288
v 0.15784419 -0.24289514 0.04069568
v 0.16235417 -0.22250780 0.04022998
v 0.15307109 -0.25990015 0.01664134
v 0.15949163 -0.24438250 0.01596772
v 0.15150732 -0.26042521 0.04049853
v 0.14766958 -0.25856978 -0.00562930
v 0.15403213 -0.24448577 -0.00607899
v 0.13771565 -0.25600260 -0.02501922
v 0.14292336 -0.24321845 -0.02611898
v 0.12758596 -0.24085259 -0.04246127
v 0.10628944 -0.23581016 -0.05533772
v 0.08089656 -0.21885267 -0.07067268
v 0.08116227 -0.22847159 -0.06617422
v 0.05602799 -0.21860088 -0.07403610
v 0.03217600 -0.20878555 -0.07875703
v 0.01199802 -0.20160115 -0.08061589
v -0.00562694 -0.19795960 -0.07971980
v -0.01979997 -0.19650382 -0.07809320
v -0.03179435 -0.19539754 -0.07407526
v -0.03242984 -0.17936487 -0.07306764
v 0.10716156 -0.62325656 -0.06881428
v 0.10732032 -0.68292391 0.01973490
v 0.11579797 -0.68619549 0.00004214
v 0.11357051 -0.67998338 0.01991630
v 0.13907912 -0.63658357 0.05126592
v 0.12497399 -0.62770033 0.06100139
v 0.12407463 -0.64157462 0.05322273
v 0.13720948 -0.65276015 0.04197469
v 0.10204713 -0.67230225 0.03315825
v 0.09775295 -0.67527544 0.03206802
v 0.10732491 -0.66845590 0.03568599
v 0.09731092 -0.65872109 0.04705757
v 0.08349618 -0.65289354 0.05469051
v 0.14336845 -0.68024004 -0.00274629
v 0.15350325 -0.68231165 -0.00715623
v 0.15767069 -0.67214960 0.01058306
v 0.14979225 -0.67144191 0.01565246
v 0.16257802 -0.63105339 0.03989682
v 0.17043510 -0.63339287 0.03347142
v 0.17349759 -0.62035459 0.03500801
v 0.16418914 -0.61607236 0.04234813
v 0.18436772 -0.69323671 -0.02031570
v 0.19466287 -0.69536364 -0.02260007
v 0.19627205 -0.68872368 -0.00389783
v 0.18598689 -0.68499798 -0.00143971
v 0.16569044 -0.64517051 0.02818774
v 0.11834460 -0.53016001 0.07669285
v 0.13505274 -0.53695983 0.06446314
v 0.15220541 -0.54416215 0.05441632
v 0.18188205 -0.56941193 0.02351021
v 0.17491794 -0.54881799 0.02620909
v 0.17371078 -0.56084341 0.03097724
v 0.19243602 -0.57748139 0.01859747
v 0.20155734 -0.58325779 0.01521417
v 0.17990226 -0.65208453 -0.06901380
v 0.18296620 -0.62460637 -0.07177074
v 0.19573516 -0.62832779 -0.06587325
v 0.22186765 -0.59670079 0.00671003
v 0.22387575 -0.59118795 0.00370678
v 0.21462503 -0.58072889 0.00548205
v 0.21285895 -0.58699435 0.00852403
v 0.13431858 -0.67964840 0.00080053
v 0.19995940 -0.67721975 0.00804940
v 0.20199665 -0.66518188 0.01609477
v 0.19238806 -0.65968847 0.01746137
v 0.18911788 -0.67265838 0.01019993
v 0.20597863 -0.65296620 0.01965160
v 0.20906937 -0.64091510 0.02106869
v 0.19996968 -0.63467395 0.02327888
v 0.19593896 -0.64652765 0.02202279
v 0.22090992 -0.60428452 0.00958615
v 0.20993209 -0.59382123 0.01230060
v 0.20238632 -0.69330227 -0.04369456
v 0.15922025 -0.68832386 -0.03598991
v 0.14852154 -0.68508744 -0.03070463
v 0.14524296 -0.67555600 -0.05257780
v 0.15486109 -0.67636120 -0.05567745
v 0.22088361 -0.58490562 -0.03755520
v 0.22499384 -0.58377880 -0.03044547
v 0.23107266 -0.58212262 -0.02395292
v 0.21409768 -0.56558704 -0.00338235
v 0.23452152 -0.58388191 -0.01787597
v 0.20958492 -0.61322391 -0.05751985
v 0.20856869 -0.63274395 -0.06344875
v 0.14519089 -0.65444100 -0.06582334
v 0.15539949 -0.65357888 -0.06885324
v 0.20469871 -0.69691253 -0.02342586
v 0.20698950 -0.68986642 -0.00556164
v 0.24681237 -0.61349422 0.00170769
v 0.23599911 -0.60247219 0.00172398
v 0.23369071 -0.60656232 0.00514384
v 0.20408218 -0.55666125 0.00173255
v 0.21541145 -0.57305938 0.00217566
v 0.16394079 -0.68539286 -0.01173233
v 0.21308228 -0.66838568 0.01350914
v 0.21015918 -0.67942041 0.00658062
v 0.18745425 -0.64093345 0.02427554
v 0.17849116 -0.63672173 0.02850901
v 0.17416778 -0.64911091 0.02426372
v 0.18290994 -0.65396571 0.01996571
v 0.22374338 -0.63656896 0.01715002
v 0.21963289 -0.64713514 0.01824963
v 0.18107656 -0.62271571 0.02996763
v 0.19035792 -0.62754464 0.02583189
v 0.23153976 -0.61191440 0.00778587
v 0.13788481 -0.65424585 -0.06231088
v 0.13083579 -0.63035619 -0.07020228
v 0.13944228 -0.63262182 -0.07166900
v 0.14773662 -0.63076729 -0.07334230
v 0.15783323 -0.62756932 -0.07436781
v 0.17050669 -0.62402606 -0.07473359
v 0.12091646 -0.62678707 -0.06944218
v 0.42459804 -0.69907236 -0.06017183
v 0.25033730 -0.61156261 -0.00194384
v 0.25717700 -0.62475920 0.00095423
v 0.26287413 -0.62225354 -0.00260731
v 0.30443797 -0.66905230 -0.00877250
v -0.01828349 -0.80369335 -0.12769878
v -0.01745098 -0.79738128 -0.12727048
v -0.01639697 -0.82656205 -0.12124163
v -0.01705842 -0.82336873 -0.12289696
v 0.41469669 -0.72463560 -0.04479657
v 0.42243564 -0.72807348 -0.04688194
v 0.46883577 -0.74543345 -0.04711422
v 0.46390334 -0.76145738 -0.04611165
v 0.48381698 -0.76983786 -0.05030203
v 0.45240569 -0.78462648 -0.07194597
v 0.44964686 -0.77756655 -0.08448303
v 0.45184702 -0.74540043 -0.11141948
v 0.47544992 -0.71445382 -0.07642843
v 0.59189093 -0.81685627 -0.10258016
v 0.61087072 -0.82065630 -0.10925408
v 0.61259747 -0.82150710 -0.09968618
v 0.59429634 -0.81578648 -0.09273834
v 0.62906867 -0.82489681 -0.11616835
v 0.61087519 -0.81518489 -0.11669245
v 0.62947422 -0.81804961 -0.12200788
v 0.61160594 -0.80746317 -0.12028486
v 0.63026541 -0.81024313 -0.12396540
v 0.63149893 -0.80222934 -0.12367863
v 0.61329919 -0.79908180 -0.12111814
v 0.61622488 -0.79125696 -0.11998984
v 0.63440621 -0.79490268 -0.12113927
v 0.60032880 -0.77892101 -0.11649483
v 0.60399681 -0.77142525 -0.11170451
v 0.62218469 -0.77852952 -0.11113755
v 0.61947119 -0.78414476 -0.11681605
v 0.64120924 -0.78155440 -0.09591089
v 0.62588662 -0.77304113 -0.09553249
v 0.62537545 -0.77704072 -0.08797070
v 0.64041412 -0.78578204 -0.08918130
v 0.60661489 -0.78355873 -0.07539040
v 0.62325889 -0.79304689 -0.07747115
v 0.62423366 -0.78477263 -0.08193226
v 0.60763085 -0.77428007 -0.08027041
v 0.63828415 -0.80096924 -0.07848674
v 0.62095159 -0.80238307 -0.07822780
v 0.63570780 -0.81056261 -0.08032540
v 0.57238305 -0.80808353 -0.10562483
v 0.57376873 -0.81145823 -0.09607831
v 0.55535257 -0.80622619 -0.09025689
v 0.59385490 -0.79554081 -0.11889329
v 0.59187901 -0.80416477 -0.11674084
v 0.57249844 -0.80095851 -0.11258228
v 0.57432383 -0.79197562 -0.11624995
v 0.56549662 -0.75901353 -0.11278093
v 0.58506745 -0.76498485 -0.11204954
v 0.58074099 -0.77378905 -0.11619184
v 0.59667295 -0.78717095 -0.11882098
v 0.57707155 -0.78280866 -0.11724193
v 0.60701036 -0.76569247 -0.10437250
v 0.62457818 -0.77379227 -0.10389556
v 0.59775418 -0.81015348 -0.08510824
v 0.61524183 -0.81686294 -0.09111866
v 0.61832386 -0.81025964 -0.08424939
v 0.60121453 -0.80286694 -0.07878217
v 0.58852100 -0.75842422 -0.10477442
v 0.57980299 -0.80377871 -0.07892255
v 0.58360481 -0.79519063 -0.07305928
v 0.60420221 -0.79381382 -0.07461244
v 0.58688062 -0.78510821 -0.07021789
v 0.63132030 -0.82385671 -0.09620768
v 0.62972426 -0.82716322 -0.10599744
v 0.57632673 -0.80987173 -0.08620388
v 0.60884833 -0.76396054 -0.09508106
v 0.59076941 -0.75582111 -0.09488672
v 0.59118962 -0.75796413 -0.08532978
v 0.60871994 -0.76699173 -0.08650690
v 0.57099694 -0.76463091 -0.06962907
v 0.58904475 -0.77395654 -0.07287569
v 0.59016842 -0.76465911 -0.07828650
v 0.63935137 -0.79296494 -0.08272170
v 0.56871653 -0.77622628 -0.06583614
v 0.71319264 -0.81727648 -0.12228145
v 0.71741116 -0.82117975 -0.13041098
v 0.71077055 -0.81557590 -0.13385503
v 0.70562464 -0.81214058 -0.12500279
v 0.69289911 -0.80579734 -0.14389578
v 0.70009023 -0.81283885 -0.15081002
v 0.69186532 -0.81621337 -0.15471634
v 0.68335915 -0.80924737 -0.14890116
v 0.71933585 -0.82731891 -0.13673171
v 0.71355247 -0.82102025 -0.14043355
v 0.71638018 -0.83366215 -0.13972664
v 0.72415113 -0.83316040 -0.13412124
v 0.72088289 -0.84031236 -0.13463823
v 0.72537255 -0.84383249 -0.13196383
v 0.72150409 -0.84875453 -0.12559880
v 0.71277517 -0.84685040 -0.12859517
v 0.70576686 -0.84319329 -0.10491782
v 0.71830487 -0.84535861 -0.10592005
v 0.71729761 -0.84060138 -0.09676025
v 0.70417565 -0.83834016 -0.09626357
v 0.71352965 -0.82673520 -0.08372106
v 0.70056939 -0.82556236 -0.08478640
v 0.70270699 -0.83202434 -0.09056377
v 0.71635050 -0.83378768 -0.09052786
v 0.70724720 -0.81227887 -0.10955408
v 0.70893490 -0.81464088 -0.11449727
v 0.70089853 -0.81013191 -0.11603534
v 0.69873375 -0.80782449 -0.11058556
v 0.71226639 -0.83978653 -0.14555481
v 0.71479374 -0.83667815 -0.14588057
v 0.71289784 -0.84023213 -0.13799140
v 0.70637029 -0.84225523 -0.13761134
v 0.67865163 -0.78977853 -0.10676189
v 0.67743087 -0.79328275 -0.11261635
v 0.66708130 -0.79316342 -0.11453456
v 0.66760337 -0.78878504 -0.10806955
v 0.66939884 -0.80205774 -0.13584714
v 0.66193295 -0.81314546 -0.13710204
v 0.65604645 -0.81119692 -0.13221386
v 0.66425395 -0.80114698 -0.12896770
v 0.67570162 -0.80432880 -0.14223939
v 0.67699832 -0.81879556 -0.14810845
v 0.66844070 -0.81503570 -0.14265609
v 0.68707246 -0.82385170 -0.15388265
v 0.66697514 -0.78541636 -0.09950712
v 0.67469990 -0.78500336 -0.09660253
v 0.76502228 -0.85131043 -0.13634351
v 0.76027757 -0.84958690 -0.13549288
v 0.76256013 -0.84717536 -0.13163814
v 0.76731867 -0.84903908 -0.13265061
v 0.66865158 -0.79565430 -0.08266723
v 0.66338331 -0.79316986 -0.08504266
v 0.66189396 -0.80149531 -0.08172867
v 0.66731453 -0.80468410 -0.08106825
v 0.67626214 -0.79811645 -0.07965589
v 0.67515224 -0.80820215 -0.07961906
v 0.76310909 -0.86234605 -0.13377650
v 0.75802130 -0.86070085 -0.13193674
v 0.75779140 -0.85758209 -0.13544646
v 0.76282382 -0.85910481 -0.13688022
v 0.72041631 -0.82201242 -0.12159240
v 0.72388232 -0.82585466 -0.12938902
v 0.73743314 -0.83126307 -0.12664005
v 0.73509836 -0.83448303 -0.13114350
v 0.72997648 -0.83015859 -0.13034920
v 0.72913516 -0.82613289 -0.12219697
v 0.72365105 -0.81732702 -0.10531814
v 0.72679579 -0.82111955 -0.11132331
v 0.71789259 -0.81818461 -0.11145131
v 0.71471673 -0.81431735 -0.10560520
v 0.71332890 -0.80645609 -0.09778649
v 0.71424580 -0.80220509 -0.09370452
v 0.72198606 -0.80478251 -0.09194113
v 0.72207487 -0.80960000 -0.09639254
v 0.73853314 -0.81892598 -0.09990081
v 0.73827797 -0.81602502 -0.09522160
v 0.74490035 -0.82168019 -0.09428754
v 0.74543321 -0.82417524 -0.09905162
v 0.65804720 -0.79198015 -0.08645210
v 0.65647137 -0.79911089 -0.08191393
v 0.70927566 -0.81170511 -0.07342610
v 0.71858490 -0.81208330 -0.07062373
v 0.71768844 -0.80261791 -0.06873954
v 0.70776409 -0.80214453 -0.07225448
v 0.66737813 -0.81421888 -0.08296667
v 0.66135865 -0.81153929 -0.08271866
v 0.76468194 -0.86323404 -0.12895779
v 0.75937653 -0.86183202 -0.12712756
v 0.68667680 -0.83249980 -0.14824279
v 0.67562032 -0.82817113 -0.14129168
v 0.66639668 -0.82463193 -0.13538978
v 0.65952724 -0.82264268 -0.13118173
v 0.65337169 -0.82179892 -0.12872159
v 0.73308289 -0.82568783 -0.11820204
v 0.71550310 -0.81834102 -0.11525472
v 0.70593297 -0.81005591 -0.10636955
v 0.70570171 -0.79075301 -0.08721802
v 0.70719892 -0.79532731 -0.09240943
v 0.70077431 -0.79353845 -0.09580152
v 0.69807589 -0.78820646 -0.08851153
v 0.70939356 -0.79449952 -0.07446320
v 0.71883672 -0.79599297 -0.07198575
v 0.72078955 -0.79391980 -0.07742351
v 0.71229815 -0.79211259 -0.07979690
v 0.70945406 -0.84261805 -0.14736049
v 0.70077515 -0.84233749 -0.14045630
v 0.67144316 -0.78843629 -0.08761877
v 0.66514915 -0.78772497 -0.09091593
v 0.65943122 -0.78763723 -0.09378318
v 0.68805552 -0.79981136 -0.11143978
v 0.68932885 -0.80159932 -0.11449568
v 0.67807287 -0.79633981 -0.12130642
v 0.67698705 -0.79513466 -0.11631525
v 0.69727814 -0.80526578 -0.12943882
v 0.70332295 -0.80938578 -0.13833931
v 0.68620163 -0.80069476 -0.13544028
v 0.66612786 -0.79625404 -0.12051548
v 0.65772957 -0.79804599 -0.12099542
v 0.65917003 -0.79358840 -0.11482383
v 0.65990382 -0.78932738 -0.10813548
v 0.66009730 -0.78673071 -0.10073386
v 0.64862841 -0.79737484 -0.12094852
v 0.65068763 -0.79234326 -0.11542720
v 0.65206003 -0.78805959 -0.10853678
v 0.65262550 -0.78568566 -0.10165055
v 0.64782608 -0.80639696 -0.07971800
v 0.65487331 -0.80914581 -0.08176259
v 0.64999074 -0.79642898 -0.08202642
v 0.64541090 -0.81167799 -0.12832963
v 0.64679682 -0.80421495 -0.12512779
v 0.65629077 -0.80419815 -0.12680770
v 0.64471394 -0.82033134 -0.12634212
v 0.70467728 -0.81949830 -0.15484543
v 0.71010256 -0.82149196 -0.14958508
v 0.71389312 -0.82577217 -0.15322052
v 0.70987743 -0.82438445 -0.15808895
v 0.72831601 -0.83737248 -0.13329297
v 0.73241168 -0.84031355 -0.13297758
v 0.73019546 -0.84631324 -0.13099685
v 0.68255699 -0.78570253 -0.09271772
v 0.68607616 -0.79013133 -0.10170697
v 0.73917902 -0.82984698 -0.12223381
v 0.75203437 -0.85848510 -0.13003600
v 0.74164826 -0.85434735 -0.12812243
v 0.74189454 -0.85052389 -0.13202581
v 0.75202143 -0.85523599 -0.13391511
v 0.74480617 -0.83491200 -0.11887062
v 0.75007081 -0.84010327 -0.12015297
v 0.74835509 -0.83769476 -0.12467092
v 0.74290890 -0.83382535 -0.12368046
v 0.73791623 -0.81151605 -0.09038362
v 0.74341351 -0.81628716 -0.08940683
v 0.73067600 -0.84529710 -0.10835916
v 0.71899807 -0.84993404 -0.11491498
v 0.72807717 -0.85105979 -0.11607211
v 0.72240716 -0.81352335 -0.10043088
v 0.73069632 -0.81236839 -0.09574237
v 0.73084617 -0.81576478 -0.09995777
v 0.73556650 -0.82569355 -0.11637987
v 0.73322338 -0.82307786 -0.11180992
v 0.73884284 -0.82624972 -0.11312714
v 0.73990399 -0.82899463 -0.11833990
v 0.69852889 -0.79118192 -0.07787183
v 0.69626874 -0.80160725 -0.07435547
v 0.75853372 -0.85347003 -0.13672996
v 0.76347262 -0.85510504 -0.13772593
v 0.65142024 -0.79014838 -0.08837907
v 0.65234268 -0.78647751 -0.09503084
v 0.71343786 -0.81068182 -0.10159019
v 0.70795995 -0.84673369 -0.11521332
v 0.70491159 -0.80684662 -0.10341446
v 0.73230261 -0.82179761 -0.07862194
v 0.73904830 -0.82474005 -0.07839753
v 0.74096400 -0.81869376 -0.07926136
v 0.73473972 -0.81505334 -0.07791010
v 0.75909376 -0.84650385 -0.12179430
v 0.76480496 -0.85000998 -0.12297259
v 0.76420885 -0.84750205 -0.12707727
v 0.75821137 -0.84399730 -0.12616697
v 0.74099159 -0.83468568 -0.12778237
v 0.74668467 -0.83808589 -0.12896505
v 0.74467856 -0.84119439 -0.13236293
v 0.73896182 -0.83780074 -0.13144504
v 0.73655373 -0.84278023 -0.13264690
v 0.74282140 -0.84595931 -0.13335088
v 0.75844371 -0.85156238 -0.11910670
v 0.74949175 -0.84603083 -0.11737771
v 0.74594182 -0.85210001 -0.11767984
v 0.75560850 -0.85702443 -0.12069680
v 0.68742108 -0.82453215 -0.08595000
v 0.69902819 -0.81840897 -0.07926655
v 0.68619299 -0.81773078 -0.08099018
v 0.72480690 -0.82837641 -0.08272475
v 0.72346205 -0.81867111 -0.07736845
v 0.71158284 -0.81908321 -0.07773659
v 0.69744116 -0.81140554 -0.07572739
v 0.74137378 -0.83968717 -0.11083385
v 0.73909986 -0.84318143 -0.10732953
v 0.73887902 -0.84644848 -0.11404288
v 0.70456916 -0.80113792 -0.09949888
v 0.75303406 -0.85071194 -0.13537064
v 0.66025990 -0.83462757 -0.11512384
v 0.66796929 -0.83633947 -0.11644788
v 0.66936731 -0.83540154 -0.10378240
v 0.66073668 -0.83365208 -0.10418917
v 0.75695407 -0.84382784 -0.13061938
v 0.75494409 -0.84632522 -0.13438980
v 0.73870516 -0.80849361 -0.08493617
v 0.73984754 -0.80953902 -0.07961980
v 0.74333411 -0.81411964 -0.08075913
v 0.74308187 -0.81381404 -0.08476464
v 0.68526435 -0.81077188 -0.07756731
v 0.72504592 -0.81197464 -0.06779710
v 0.72581542 -0.80286860 -0.06595938
v 0.67508268 -0.81665552 -0.08220756
v 0.66730672 -0.82293171 -0.08805722
v 0.67581636 -0.82374394 -0.08722754
v 0.73009229 -0.83517075 -0.09216202
v 0.68936467 -0.83024043 -0.09125663
v 0.67739725 -0.82908297 -0.09254116
v 0.66778505 -0.82887536 -0.09451534
v 0.66056830 -0.82814920 -0.09472466
v 0.66097420 -0.82113945 -0.08805607
v 0.75330031 -0.85955894 -0.12509343
v 0.76164299 -0.85951352 -0.12276520
v 0.64571530 -0.81618810 -0.08420019
v 0.65367818 -0.81907928 -0.08702231
v 0.64432633 -0.82336009 -0.09177209
v 0.65304023 -0.82635272 -0.09391010
v 0.67999899 -0.83899087 -0.10578158
v 0.67864376 -0.83480716 -0.09866697
v 0.69290924 -0.84088367 -0.10481280
v 0.69103312 -0.83597887 -0.09701222
v 0.72872257 -0.84288371 -0.09823146
v 0.77624261 -0.86026859 -0.12536642
v 0.77723438 -0.85624546 -0.12576334
v 0.77014923 -0.85263693 -0.12419331
v 0.76927519 -0.85717332 -0.12337875
v 0.76395106 -0.85463917 -0.12126245
v 0.76700294 -0.86136365 -0.12472034
v 0.69538128 -0.84393191 -0.11569256
v 0.74374092 -0.83134371 -0.11350516
v 0.68106878 -0.83997059 -0.11938532
v 0.69170529 -0.84298229 -0.13136695
v 0.70085061 -0.84609246 -0.12766649
v 0.67647642 -0.83585417 -0.13225190
v 0.66636354 -0.83225244 -0.12705995
v 0.65294772 -0.82904285 -0.12276080
v 0.65902287 -0.83003986 -0.12418737
v 0.64364874 -0.82804191 -0.12097991
v 0.68748653 -0.83890676 -0.13996086
v 0.77420658 -0.85123301 -0.13315666
v 0.77203238 -0.85311389 -0.13731462
v 0.65314770 -0.83322847 -0.11394607
v 0.64347595 -0.83128369 -0.11128519
v 0.70785123 -0.81548554 -0.14517622
v 0.69651347 -0.80302739 -0.10579059
v 0.69585186 -0.79851627 -0.10317817
v 0.69395190 -0.79171085 -0.09867881
v 0.69068158 -0.78660309 -0.09014980
v 0.64362639 -0.82971156 -0.10027828
v 0.63723928 -0.78914857 -0.11686105
v 0.63916481 -0.78470737 -0.10992961
v 0.63326979 -0.81796110 -0.08770932
v 0.77056926 -0.85687327 -0.13895908
v 0.74545401 -0.82870960 -0.09340724
v 0.74664211 -0.82966292 -0.09569377
v 0.69845259 -0.82157719 -0.15821989
v 0.70547736 -0.82678992 -0.16098425
v 0.70466876 -0.83876884 -0.15729544
v 0.69547069 -0.83583701 -0.15380548
v 0.69506574 -0.82829255 -0.15820248
v 0.70381331 -0.83246577 -0.16076306
v 0.68761277 -0.79813594 -0.10913585
v 0.68750960 -0.79500961 -0.10602941
v 0.68541205 -0.80052781 -0.07693841
v 0.68778342 -0.79041088 -0.08034994
v 0.73505664 -0.84789026 -0.13088402
v 0.73412448 -0.85126734 -0.12618071
v 0.72813767 -0.85020471 -0.12519354
v 0.74287915 -0.85525364 -0.12196119
v 0.74414700 -0.84104431 -0.11575530
v 0.74387282 -0.83704638 -0.11323801
v 0.69218063 -0.80351532 -0.12049751
v 0.68106300 -0.79827046 -0.12762766
v 0.71554029 -0.83049256 -0.14802751
v 0.71357489 -0.82606500 -0.14489606
v 0.73133683 -0.81939721 -0.10568251
v 0.73997986 -0.83999830 -0.09528320
v 0.73765504 -0.84478939 -0.10008782
v 0.73806363 -0.82235229 -0.10624854
v 0.77026296 -0.86084217 -0.13839114
v 0.77051336 -0.86425304 -0.13547242
v 0.73507398 -0.85221040 -0.11887585
v 0.73056555 -0.80756789 -0.09092914
v 0.74380672 -0.83511710 -0.09462626
v 0.73797554 -0.83308387 -0.09040336
v 0.72582734 -0.79729402 -0.06994462
v 0.65296870 -0.83255732 -0.10307644
v 0.76939327 -0.84917217 -0.12788782
v 0.77623689 -0.85199392 -0.12855355
v 0.77407116 -0.86332929 -0.12678966
v 0.77168167 -0.86504102 -0.13054706
v 0.67895925 -0.78937733 -0.08396457
v 0.69746226 -0.80556250 -0.10791399
v 0.64055389 -0.78169334 -0.10294770
v 0.69694316 -0.84080398 -0.14668170
v 0.70653391 -0.84302795 -0.15189099
v 0.74371415 -0.82636786 -0.10630912
v 0.72909373 -0.81506824 -0.07355893
v 0.74125022 -0.83437246 -0.08786636
v 0.73861444 -0.83205247 -0.08156998
v 0.73262841 -0.83008599 -0.08201951
v 0.74503171 -0.83225453 -0.09099466
v 0.77787739 -0.86705798 -0.13189882
v 0.78004110 -0.86528409 -0.12824720
v 0.77690136 -0.86633700 -0.13685620
v 0.77622306 -0.86257076 -0.13929987
v 0.77596271 -0.85858798 -0.13962123
v 0.78195637 -0.86231458 -0.12673064
v 0.78253466 -0.85853809 -0.12705252
v 0.78113198 -0.85418761 -0.12958099
v 0.78701597 -0.86387134 -0.12759973
v 0.78621805 -0.86704737 -0.12952425
v 0.78901863 -0.86894637 -0.13976300
v 0.79024196 -0.87055618 -0.13763818
v 0.78692806 -0.86969757 -0.13667537
v 0.78374934 -0.86846906 -0.13791367
v 0.79384083 -0.86964357 -0.14015114
v 0.79460686 -0.87171018 -0.13805264
v 0.79095501 -0.87100554 -0.13416433
v 0.78681427 -0.86957324 -0.13383913
v 0.79561478 -0.87237817 -0.13447841
v 0.79644096 -0.87060392 -0.13145442
v 0.79197431 -0.86912715 -0.13140689
v 0.78822231 -0.86850274 -0.13156632
v 0.78337973 -0.86874819 -0.13309649
v 0.79815978 -0.87046403 -0.13913155
v 0.80112737 -0.87076509 -0.13553147
v 0.79955286 -0.87301224 -0.13489541
v 0.79775864 -0.87235075 -0.13795201
v 0.78191924 -0.86434901 -0.13999701
v 0.78827757 -0.86576617 -0.14063405
v 0.79369569 -0.86671376 -0.14066660
v 0.79822302 -0.86750305 -0.13921046
v 0.78881216 -0.86237001 -0.14052819
v 0.79429436 -0.86402428 -0.13987473
v 0.79788500 -0.86490226 -0.13832490
v 0.79009807 -0.85968637 -0.13866295
v 0.79522330 -0.86220133 -0.13800478
v 0.78136975 -0.86028838 -0.14020075
v 0.78214455 -0.85689175 -0.13844486
v 0.79750270 -0.86349595 -0.13727996
v 0.80098629 -0.86788583 -0.13551338
v 0.79212743 -0.86724490 -0.12931111
v 0.79705101 -0.86836779 -0.12980530
v 0.79254770 -0.86494708 -0.12840304
v 0.79743063 -0.86621732 -0.12938575
v 0.79961073 -0.87172878 -0.13181503
v 0.80059302 -0.86969501 -0.13136844
v 0.77686137 -0.85498905 -0.13786824
v 0.77891952 -0.85330707 -0.13354690
v 0.78392208 -0.85525143 -0.13437730
v 0.79163164 -0.85810769 -0.13477102
v 0.78582448 -0.85657942 -0.13033167
v 0.78747833 -0.86037600 -0.12790020
v 0.79294741 -0.86234325 -0.12886640
v 0.79258192 -0.85931456 -0.13081288
v 0.79735589 -0.86380029 -0.13012317
v 0.79708064 -0.86180443 -0.13184936
v 0.79638433 -0.86130524 -0.13489774
v 0.79987955 -0.86483324 -0.13205542
v 0.80054218 -0.86716378 -0.13141675
v 0.79989660 -0.86530185 -0.13526690
v 0.79856008 -0.86333460 -0.13505977
v 0.79889017 -0.86333191 -0.13289474
v 0.77787423 -0.84607619 -0.10893126
v 0.77092481 -0.84391928 -0.10888375
v 0.77198297 -0.84176755 -0.10490732
v 0.77907121 -0.84415185 -0.10488810
v 0.77368432 -0.85669214 -0.10835651
v 0.76730067 -0.85488307 -0.10748863
v 0.76837391 -0.85122395 -0.11049259
v 0.77500081 -0.85276222 -0.11101906
v 0.77385914 -0.85683024 -0.10256095
v 0.76742250 -0.85526001 -0.10157540
v 0.75991786 -0.85244977 -0.10694014
v 0.74801242 -0.84685940 -0.10680193
v 0.74945277 -0.84262359 -0.10967948
v 0.76122355 -0.84846818 -0.10989501
v 0.75344604 -0.83345628 -0.09642617
v 0.75260049 -0.83085650 -0.10023487
v 0.76974720 -0.84716916 -0.11041103
v 0.77656740 -0.84902287 -0.11090292
v 0.76545733 -0.83951592 -0.09671962
v 0.77322304 -0.84302491 -0.09701556
v 0.77291191 -0.84141040 -0.10067278
v 0.76518852 -0.83764434 -0.10051929
v 0.75144088 -0.83159375 -0.10570075
v 0.75069749 -0.83463550 -0.11069670
v 0.75026381 -0.83872736 -0.11129709
v 0.76451242 -0.84380406 -0.09490418
v 0.75247157 -0.83884943 -0.09455107
v 0.74975073 -0.84439242 -0.09581068
v 0.76231396 -0.84908348 -0.09619302
v 0.76230115 -0.84429431 -0.11054763
v 0.76408458 -0.83825696 -0.10504917
v 0.76322216 -0.84066141 -0.10930522
v 0.76007062 -0.85256004 -0.10090788
v 0.76978046 -0.85154319 -0.09701242
v 0.78728640 -0.85289729 -0.09747845
v 0.78895563 -0.84944415 -0.09765096
v 0.78011906 -0.84556592 -0.09723395
v 0.77879786 -0.84942955 -0.09654889
v 0.77215123 -0.84688509 -0.09591901
v 0.77614325 -0.85369724 -0.09810600
v 0.78920096 -0.84737074 -0.10458790
v 0.78769952 -0.84899712 -0.10893105
v 0.78638941 -0.85165310 -0.11113828
v 0.74752998 -0.84835327 -0.10053229
v 0.78467637 -0.85500753 -0.11110561
v 0.78298473 -0.85874832 -0.10878689
v 0.78005183 -0.84373367 -0.10060342
v 0.78954321 -0.84711146 -0.10046871
v 0.78482604 -0.85642433 -0.09909120
v 0.78259581 -0.85923314 -0.10324702
v 0.79049230 -0.86105931 -0.10357942
v 0.79221761 -0.85842574 -0.09961112
v 0.79073071 -0.86103845 -0.10888918
v 0.79152113 -0.85725880 -0.11115333
v 0.79242265 -0.85385942 -0.11094496
v 0.79403931 -0.85561538 -0.09809440
v 0.79517400 -0.85241133 -0.09807269
v 0.79521507 -0.84962285 -0.10062779
v 0.80063188 -0.85782462 -0.09830865
v 0.80009210 -0.86080933 -0.09973259
v 0.81024534 -0.86505806 -0.10879245
v 0.81022489 -0.86710548 -0.10670435
v 0.80538863 -0.86554360 -0.10681126
v 0.80459487 -0.86409855 -0.10917249
v 0.80184513 -0.86461079 -0.10632846
v 0.79866570 -0.86344719 -0.10838360
v 0.80624980 -0.86478448 -0.10300890
v 0.80170536 -0.86398101 -0.10348845
v 0.81088805 -0.86789954 -0.10278162
v 0.81136060 -0.86566091 -0.09997191
v 0.80600661 -0.86357903 -0.10077846
v 0.80251205 -0.86253130 -0.10121083
v 0.81503302 -0.86637491 -0.10723053
v 0.81394839 -0.86828959 -0.10626628
v 0.79755282 -0.86304128 -0.10344589
v 0.79751199 -0.85927796 -0.11070158
v 0.80444473 -0.86102581 -0.11053114
v 0.81082040 -0.86249280 -0.10959540
v 0.81549495 -0.86359072 -0.10753500
v 0.80499279 -0.85759705 -0.11043713
v 0.81122547 -0.85972679 -0.10923319
v 0.81495261 -0.86090750 -0.10696445
v 0.80595988 -0.85463750 -0.10823354
v 0.81178594 -0.85736859 -0.10713661
v 0.79764986 -0.85539806 -0.11067736
v 0.79826719 -0.85247374 -0.10858859
v 0.81429279 -0.85919106 -0.10601760
v 0.81752664 -0.86413193 -0.10376352
v 0.81757629 -0.86713338 -0.10340564
v 0.81569070 -0.86967069 -0.10279606
v 0.80632907 -0.86164117 -0.09954166
v 0.81205183 -0.86344361 -0.09946631
v 0.80702913 -0.85977954 -0.09840271
v 0.81263018 -0.86171293 -0.09880435
v 0.81523556 -0.86735862 -0.09987968
v 0.81626177 -0.86558962 -0.09997138
v 0.79347497 -0.85111260 -0.10868363
v 0.79453969 -0.84946465 -0.10476565
v 0.79927653 -0.85076827 -0.10476060
v 0.80687481 -0.85309899 -0.10419564
v 0.80007190 -0.85126185 -0.10060271
v 0.80088580 -0.85458243 -0.09820288
v 0.80719197 -0.85709465 -0.09847334
v 0.80711377 -0.85415518 -0.10025561
v 0.81246805 -0.85948169 -0.09917864
v 0.81230861 -0.85715806 -0.10061928
v 0.81228209 -0.85619646 -0.10373066
v 0.81570208 -0.86092281 -0.10066819
v 0.81654376 -0.86324918 -0.10015687
v 0.81659424 -0.86135590 -0.10369319
v 0.81496841 -0.85889745 -0.10365954
v 0.81465346 -0.85898447 -0.10137296
v 0.77290714 -0.83256233 -0.08737643
v 0.76721454 -0.83145142 -0.08778527
v 0.76742715 -0.82764971 -0.08481103
v 0.77338398 -0.82874078 -0.08430488
v 0.77016950 -0.84170568 -0.08373742
v 0.76333940 -0.84100360 -0.08458224
v 0.76509154 -0.83903837 -0.08758208
v 0.77122790 -0.83999693 -0.08649537
v 0.76992440 -0.84073973 -0.07928808
v 0.76275933 -0.83957183 -0.07946063
v 0.75674385 -0.83944738 -0.08542559
v 0.74771726 -0.83638477 -0.08653107
v 0.75023377 -0.83361882 -0.08991340
v 0.75903249 -0.83726692 -0.08880088
v 0.76647758 -0.83558238 -0.08861020
v 0.77229571 -0.83682829 -0.08769467
v 0.76055700 -0.82322395 -0.07867821
v 0.76718354 -0.82612801 -0.07773219
v 0.76743954 -0.82580978 -0.08098471
v 0.76073587 -0.82300615 -0.08194816
v 0.75004798 -0.82058740 -0.08758196
v 0.75077724 -0.82473481 -0.09072454
v 0.75114983 -0.82921612 -0.09105341
v 0.75942624 -0.82669246 -0.07590231
v 0.74893713 -0.82242787 -0.07779261
v 0.74716723 -0.82857752 -0.07704081
v 0.75711179 -0.83252144 -0.07589817
v 0.76070958 -0.83339000 -0.08968751
v 0.76103783 -0.82496417 -0.08587141
v 0.76117605 -0.82899112 -0.08885367
v 0.75572938 -0.83761698 -0.08001512
v 0.76394153 -0.83467734 -0.07571842
v 0.78178835 -0.83504963 -0.07441764
v 0.78291625 -0.83154249 -0.07554097
v 0.77341199 -0.82782179 -0.07673790
v 0.77230060 -0.83152980 -0.07499722
v 0.76598859 -0.82919836 -0.07532430
v 0.77090317 -0.83660269 -0.07575846
v 0.78244448 -0.83089966 -0.08313303
v 0.78180683 -0.83421314 -0.08630110
v 0.78102791 -0.83826536 -0.08665258
v 0.74630916 -0.83473897 -0.08084715
v 0.74991906 -0.81831396 -0.08042800
v 0.78036410 -0.84109652 -0.08564450
v 0.77971429 -0.84294236 -0.08322596
v 0.77351451 -0.82698190 -0.08021094
v 0.78275299 -0.82973623 -0.07884523
v 0.78035080 -0.83915275 -0.07561126
v 0.77920020 -0.84260440 -0.07890320
v 0.78595233 -0.84389478 -0.07862094
v 0.78678960 -0.84091848 -0.07495625
v 0.78658241 -0.84447503 -0.08288416
v 0.78692180 -0.84218770 -0.08500974
v 0.78699940 -0.83931875 -0.08589136
v 0.78812718 -0.83705890 -0.07388503
v 0.78897947 -0.83404398 -0.07502107
v 0.78816497 -0.83183956 -0.07819837
v 0.79302377 -0.83821714 -0.07329245
v 0.79287797 -0.84212208 -0.07459152
v 0.80353433 -0.84697449 -0.08237931
v 0.80357116 -0.84773743 -0.08045507
v 0.79919738 -0.84629071 -0.08094604
v 0.79881495 -0.84610200 -0.08296414
v 0.79571581 -0.84594959 -0.08076058
v 0.79294419 -0.84563112 -0.08231097
v 0.79894549 -0.84653449 -0.07744781
v 0.79494452 -0.84545320 -0.07803833
v 0.80349767 -0.84773481 -0.07675826
v 0.80326688 -0.84494162 -0.07398403
v 0.79875910 -0.84375548 -0.07491657
v 0.79530609 -0.84378284 -0.07559301
v 0.80751222 -0.84768957 -0.08063380
v 0.80662817 -0.84863973 -0.07949834
v 0.79136980 -0.84474623 -0.07833825
v 0.79214740 -0.84320366 -0.08458662
v 0.79841238 -0.84408712 -0.08444154
v 0.80364454 -0.84493065 -0.08356308
v 0.80752754 -0.84514630 -0.08160045
v 0.79831588 -0.84118760 -0.08483091
v 0.80357593 -0.84228289 -0.08364818
v 0.80673635 -0.84256899 -0.08176345
v 0.79833013 -0.83814484 -0.08405909
v 0.80357289 -0.83981919 -0.08275779
v 0.79199028 -0.84008026 -0.08527872
v 0.79169166 -0.83675432 -0.08454530
v 0.80589771 -0.84081161 -0.08140831
v 0.80922121 -0.84413218 -0.07758631
v 0.80917299 -0.84709197 -0.07667205
v 0.80741221 -0.84888637 -0.07605624
v 0.79846978 -0.84174591 -0.07333626
v 0.80340713 -0.84276831 -0.07303983
v 0.79845864 -0.83912987 -0.07318403
v 0.80359423 -0.84061134 -0.07319383
v 0.80639702 -0.84636819 -0.07379692
v 0.80713391 -0.84474468 -0.07361212
v 0.78707260 -0.83583426 -0.08529033
v 0.78740889 -0.83279783 -0.08239058
v 0.79182601 -0.83411795 -0.08189110
v 0.79868752 -0.83575785 -0.08106428
v 0.79232115 -0.83328325 -0.07777406
v 0.79308814 -0.83531213 -0.07474060
v 0.79856557 -0.83671463 -0.07442084
v 0.79846120 -0.83513236 -0.07721989
v 0.80365062 -0.83857274 -0.07450488
v 0.80363351 -0.83725739 -0.07682702
v 0.80374473 -0.83779126 -0.08010006
v 0.80667394 -0.84022969 -0.07556005
v 0.80710489 -0.84239686 -0.07423799
v 0.80788255 -0.84165657 -0.07858452
v 0.80635357 -0.83976078 -0.07930344
v 0.80594659 -0.83890402 -0.07700580
v 0.74967784 -0.81829423 -0.08391478
v 0.75853485 -0.81036758 -0.06646635
v 0.75399876 -0.81003338 -0.06826612
v 0.75351912 -0.80690682 -0.06625136
v 0.75801396 -0.80714774 -0.06453850
v 0.75651515 -0.81792426 -0.06113822
v 0.75122350 -0.81798863 -0.06287108
v 0.75274557 -0.81689560 -0.06655733
v 0.75788814 -0.81709069 -0.06468065
v 0.75530690 -0.81540722 -0.05695910
v 0.74977392 -0.81512052 -0.05844630
v 0.74522620 -0.81687105 -0.06533806
v 0.73574960 -0.81556237 -0.06977191
v 0.73904526 -0.81399477 -0.07310531
v 0.74704880 -0.81578755 -0.06907099
v 0.73099941 -0.79881704 -0.06837460
v 0.73750812 -0.80030233 -0.06604553
v 0.73925710 -0.80091977 -0.06943025
v 0.73228192 -0.79852998 -0.07254082
v 0.75374782 -0.81384104 -0.06848507
v 0.75855571 -0.81403244 -0.06641199
v 0.74633211 -0.80268943 -0.06233363
v 0.75164753 -0.80405968 -0.05989378
v 0.75277972 -0.80480105 -0.06330214
v 0.74787146 -0.80333471 -0.06571718
v 0.73469889 -0.80050087 -0.07608979
v 0.74076211 -0.80305016 -0.07233987
v 0.74120080 -0.80632448 -0.07445487
v 0.73704898 -0.80408382 -0.07900891
v 0.74114120 -0.80996692 -0.07461249
v 0.74455774 -0.80457032 -0.05951898
v 0.73553133 -0.80222595 -0.06345999
v 0.73318613 -0.80629754 -0.06195960
v 0.74344790 -0.80890226 -0.05837994
v 0.74859160 -0.81262374 -0.07074460
v 0.74871910 -0.80551553 -0.06852376
v 0.74901927 -0.80882359 -0.07050424
v 0.74340177 -0.81419295 -0.06100934
v 0.74963105 -0.81011188 -0.05623563
v 0.76196092 -0.80690598 -0.05290351
v 0.76265740 -0.80503255 -0.05530003
v 0.75643075 -0.80445564 -0.05780368
v 0.75539446 -0.80634701 -0.05492478
v 0.75036764 -0.80585217 -0.05695055
v 0.75493610 -0.81059563 -0.05446703
v 0.76395977 -0.80748618 -0.06222617
v 0.76480752 -0.81068820 -0.06418638
v 0.76476908 -0.81415606 -0.06411768
v 0.73275548 -0.81311131 -0.06482713
v 0.76450545 -0.81690592 -0.06252903
v 0.76343185 -0.81779408 -0.05936705
v 0.75731927 -0.80509686 -0.06138621
v 0.76334178 -0.80545652 -0.05889409
v 0.76165724 -0.81089050 -0.05257302
v 0.76200044 -0.81544459 -0.05534181
v 0.76736099 -0.81591493 -0.05372494
v 0.76706558 -0.81149328 -0.05100292
v 0.76859766 -0.81789672 -0.05790709
v 0.76921922 -0.81671810 -0.06091235
v 0.76906621 -0.81411636 -0.06242944
v 0.76698816 -0.80733633 -0.05159252
v 0.76729226 -0.80593872 -0.05391289
v 0.76753211 -0.80631411 -0.05728923
v 0.77176470 -0.80815578 -0.05034694
v 0.77248216 -0.81223780 -0.04988083
v 0.78226149 -0.81791210 -0.05610385
v 0.78161573 -0.81821418 -0.05427037
v 0.77856237 -0.81767935 -0.05499040
v 0.77833450 -0.81785125 -0.05706918
v 0.77538663 -0.81747973 -0.05490216
v 0.77349341 -0.81781888 -0.05677285
v 0.77760828 -0.81681573 -0.05173335
v 0.77436447 -0.81626540 -0.05244233
v 0.78127223 -0.81729472 -0.05069314
v 0.78122604 -0.81368935 -0.04858241
v 0.77755737 -0.81347167 -0.04919382
v 0.77466869 -0.81398261 -0.05014279
v 0.78544408 -0.81765485 -0.05417661
v 0.78421497 -0.81840265 -0.05311061
v 0.77155530 -0.81608868 -0.05295186
v 0.77337968 -0.81699479 -0.05972447
v 0.77832472 -0.81698596 -0.05893397
v 0.78329480 -0.81681275 -0.05756454
v 0.78627777 -0.81567842 -0.05502320
v 0.77795726 -0.81473941 -0.05975782
v 0.78277493 -0.81449640 -0.05804830
v 0.78551579 -0.81359196 -0.05588103
v 0.77700138 -0.81203949 -0.05979239
v 0.78175306 -0.81229252 -0.05798955
v 0.77272999 -0.81452096 -0.06115215
v 0.77176952 -0.81168795 -0.06121759
v 0.78414297 -0.81239784 -0.05638745
v 0.78658921 -0.81381762 -0.05218879
v 0.78624535 -0.81574547 -0.05085106
v 0.78454089 -0.81748044 -0.04987139
v 0.77725285 -0.81108439 -0.04861066
v 0.78164625 -0.81140816 -0.04824779
v 0.77665728 -0.80863672 -0.04960525
v 0.78191978 -0.80965877 -0.04944708
v 0.78381193 -0.81467491 -0.04832396
v 0.78479838 -0.81308752 -0.04881350
v 0.76872194 -0.81097460 -0.06238031
v 0.76806992 -0.80823016 -0.06066098
v 0.77123731 -0.80859369 -0.05951348
v 0.77631342 -0.80919373 -0.05827637
v 0.77103341 -0.80678332 -0.05615104
v 0.77119416 -0.80655289 -0.05286428
v 0.77644134 -0.80728340 -0.05182025
v 0.77623987 -0.80726981 -0.05504496
v 0.78159577 -0.80866659 -0.05154422
v 0.78133404 -0.80873841 -0.05413109
v 0.78134865 -0.81011558 -0.05669286
v 0.78467309 -0.81059825 -0.05216937
v 0.78515053 -0.81153071 -0.05029427
v 0.78576607 -0.81229407 -0.05367370
v 0.78424621 -0.81127095 -0.05504914
v 0.78383076 -0.81017697 -0.05369660
v 0.73007870 -0.80060792 -0.06584787
v 0.71887076 -0.84567147 -0.15231320
v 0.72120905 -0.84259486 -0.14992957
v 0.72263801 -0.83293748 -0.15338784
v 0.72058129 -0.82975161 -0.15766124
v 0.71729583 -0.82969034 -0.16207352
v 0.71477342 -0.83302915 -0.16452222
v 0.71392876 -0.83774483 -0.16432106
v 0.72283304 -0.83817220 -0.15025711
v 0.71601051 -0.84654427 -0.15639436
v 0.71409714 -0.84306145 -0.16128966
v 0.72241098 -0.84759772 -0.16535473
v 0.72371894 -0.85093462 -0.16009597
v 0.72186977 -0.84197855 -0.16871992
v 0.72210997 -0.83652210 -0.16831915
v 0.72328758 -0.83263677 -0.16519059
v 0.72593987 -0.84951317 -0.15524182
v 0.72760451 -0.84558517 -0.15237993
v 0.72832614 -0.84009224 -0.15303275
v 0.73264962 -0.85346520 -0.15825568
v 0.73307151 -0.85643518 -0.16403247
v 0.74030674 -0.84925532 -0.17670549
v 0.73944640 -0.85329485 -0.17668355
v 0.73592263 -0.85130119 -0.17472446
v 0.73590267 -0.84699583 -0.17508192
v 0.73376918 -0.85045445 -0.17245764
v 0.73104250 -0.84643865 -0.17200382
v 0.73631752 -0.85646188 -0.17246750
v 0.73439139 -0.85451567 -0.17050734
v 0.73801088 -0.85961401 -0.16844535
v 0.73524600 -0.85770679 -0.16798601
v 0.73960662 -0.85863006 -0.17480609
v 0.74250156 -0.85528195 -0.17774880
v 0.74325424 -0.85928571 -0.17605056
v 0.74426037 -0.85286474 -0.17754728
v 0.73093241 -0.85213590 -0.16877858
v 0.72939759 -0.83975077 -0.17106165
v 0.73615849 -0.84257191 -0.17413020
v 0.74181461 -0.84595311 -0.17572327
v 0.74613374 -0.85015184 -0.17545700
v 0.73757565 -0.83913004 -0.17073660
v 0.74344438 -0.84391189 -0.17222291
v 0.74664545 -0.84828764 -0.17218564
v 0.73902404 -0.83876038 -0.16605873
v 0.74421501 -0.84404564 -0.16850960
v 0.72949433 -0.83508009 -0.16779625
v 0.73072141 -0.83388257 -0.16269256
v 0.74648839 -0.84748530 -0.16961056
v 0.74824578 -0.85487628 -0.17292605
v 0.74693745 -0.85775113 -0.17558271
v 0.73883808 -0.85933179 -0.16483091
v 0.74097353 -0.86128676 -0.17060867
v 0.74293149 -0.86062604 -0.16728167
v 0.73935056 -0.85656106 -0.16123736
v 0.74440855 -0.85808247 -0.16472900
v 0.74362719 -0.86171365 -0.17283817
v 0.74597770 -0.86064351 -0.17094964
v 0.72539330 -0.83189511 -0.16039005
v 0.72745347 -0.83473563 -0.15614522
v 0.73234600 -0.83715099 -0.15799035
v 0.73984832 -0.84189188 -0.16134393
v 0.73367006 -0.84298372 -0.15490225
v 0.73350263 -0.84917641 -0.15507802
v 0.74024570 -0.85266590 -0.15912206
v 0.74068201 -0.84719229 -0.15869017
v 0.74507171 -0.85453337 -0.16341813
v 0.74505991 -0.85061431 -0.16340148
v 0.74491781 -0.84667897 -0.16531423
v 0.74732524 -0.85432363 -0.16721548
v 0.74744940 -0.85769010 -0.16887081
v 0.74788910 -0.85209531 -0.17034619
v 0.74703938 -0.84982026 -0.16810721
v 0.74676728 -0.85187674 -0.16634342
v 0.72735727 -0.79569101 -0.07533179
v 0.72948581 -0.79813492 -0.07988330
v 0.72212982 -0.79628718 -0.08212586
v 0.71401960 -0.79331404 -0.08478156
v 0.70543140 -0.78981435 -0.08185907
v 0.71472985 -0.79751843 -0.08938666
v 0.72281396 -0.80009842 -0.08659773
v 0.73195451 -0.80314004 -0.08440690
v 0.70868361 -0.79969496 -0.09529614
v 0.03397386 -0.87133801 -0.10293926
v 0.03757189 -0.87042719 -0.10301338
v 0.03933089 -0.86379600 -0.10320861
v 0.03625519 -0.86416674 -0.10355344
v 0.03249586 -0.86504054 -0.10332388
v 0.02874916 -0.86561912 -0.10242937
v 0.02462565 -0.87280405 -0.09868310
v 0.02946121 -0.87321800 -0.10124075
v 0.01727026 -0.86578715 -0.09388152
v 0.01913330 -0.86709487 -0.09418156
v 0.01764052 -0.86503720 -0.09479834
v 0.02229141 -0.86506671 -0.09862652
v 0.01963968 -0.86501455 -0.09592194
v 0.04253651 -0.86636710 -0.10254645
v 0.04363076 -0.86492753 -0.10225556
v 0.04016353 -0.86852127 -0.10281940
v 0.02505507 -0.86595309 -0.10059779
v 0.04337780 -0.86389035 -0.10222525
v 0.04185221 -0.86354947 -0.10257659
v 0.02156643 -0.86989963 -0.09602879
v 0.03316759 -0.86711705 -0.10276400
v 0.02924104 -0.86774611 -0.10185167
v 0.02514518 -0.87059784 -0.09950794
v 0.02953858 -0.87047607 -0.10156447
v 0.02267765 -0.86734962 -0.09818964
v 0.02092613 -0.86688590 -0.09643850
v 0.03666940 -0.86588395 -0.10308933
v 0.02540141 -0.86806506 -0.10011602
v 0.03415337 -0.86913335 -0.10285378
v 0.02067615 -0.86720502 -0.09608866
v 0.02222164 -0.86920488 -0.09739809
v 0.04259756 -0.86470699 -0.10215069
v 0.04276513 -0.86397433 -0.10230374
v 0.01865875 -0.60282868 -0.07580560
v 0.01542232 -0.58734971 -0.08014047
v 0.03760834 -0.86732733 -0.10297099
v 0.04151015 -0.86408103 -0.10258626
v 0.03950747 -0.86463004 -0.10287920
v 0.04000959 -0.86609495 -0.10277542
v 0.04183812 -0.86505771 -0.10250606
v 0.26749781 -0.68130612 -0.07328759
v 0.27241799 -0.66704440 -0.07601338
v 0.27478394 -0.70671487 -0.03509928
v 0.27724475 -0.69936317 -0.01774233
v 0.02914934 -0.32693118 -0.09305135
v 0.11778769 -0.38728014 0.05098034
v 0.12210853 -0.40701929 0.05049389
v 0.06322891 -0.40989125 0.09391844
v 0.08093721 -0.40570709 0.08775074
v 0.12048713 -0.37441283 -0.04446412
v 0.11814285 -0.35574263 -0.04275053
v 0.07415529 -0.36427641 -0.07921383
v 0.07030807 -0.34450853 -0.07710838
v 0.10062328 -0.33218729 -0.05718209
v 0.09372188 -0.35708770 0.08000038
v 0.09423998 -0.37823251 0.07914510
v 0.10619766 -0.37322110 0.06662618
v 0.10731417 -0.35392791 0.06830525
v 0.04251776 -0.38984549 0.09455310
v 0.04389517 -0.41293421 0.09446697
v 0.13138378 -0.39775255 -0.02958092
v 0.13682255 -0.40333146 -0.00927517
v 0.13224511 -0.41699409 0.02971354
v 0.12465950 -0.42584312 0.04636926
v 0.10217249 -0.44420758 0.07261585
v 0.11514297 -0.43545806 0.06018576
v 0.05976374 -0.38296479 -0.08940933
v 0.04377399 -0.40170482 -0.09455933
v 0.12131874 -0.39367178 -0.04751004
v 0.00103278 -0.38343537 -0.09363528
v 0.07112215 -0.48141119 0.09181441
v 0.09229839 -0.47501963 0.08273749
v 0.13703062 -0.40942618 0.01098698
v 0.02093925 -0.54519331 -0.09714694
v 0.01760836 -0.52895218 -0.10220535
v 0.03283091 -0.53265727 -0.10598754
v 0.03668109 -0.54792124 -0.09981664
v 0.04751208 -0.53543568 -0.10870813
v 0.06221506 -0.53695357 -0.10965758
v 0.07629380 -0.53775668 -0.10912972
v 0.11167880 -0.53710413 -0.10243052
v 0.10134708 -0.53803915 -0.10590334
v 0.12805274 -0.53347093 -0.09197333
v 0.12084772 -0.53614092 -0.09797807
v 0.13291734 -0.52491164 -0.08435801
v 0.13642512 -0.51455182 -0.07429487
v 0.13975914 -0.50418299 -0.06281763
v 0.14435457 -0.52069598 -0.05782464
v 0.13163044 -0.49945354 -0.07919491
v 0.12829804 -0.50896549 -0.08907177
v 0.12281004 -0.51592147 -0.09753833
v 0.00034292 -0.48942068 -0.10251910
v 0.00251628 -0.46604794 -0.09869421
v 0.02035825 -0.61816728 -0.07252111
v 0.49585018 -0.72164518 -0.07424717
v 0.59103155 -0.81224710 -0.11132436
v 0.06766219 -0.64823210 0.05863341
v 0.05169760 -0.64486200 0.05992576
v 0.03693144 -0.63363481 0.06547856
v 0.03732096 -0.64400899 0.06111935
v 0.12103885 -0.67606080 0.02237513
v 0.11480856 -0.66315246 0.03937561
v 0.10174417 -0.65156883 0.05166888
v 0.08494085 -0.64376557 0.06008187
v 0.10803861 -0.40787831 -0.06607428
v 0.06912373 -0.61755109 0.07096003
v 0.08669326 -0.63408411 0.06472100
v 0.10583597 -0.64194548 0.05644006
v 0.12068190 -0.65444517 0.04438447
v 0.13148454 -0.67080462 0.02727704
v 0.14192617 -0.67075992 0.01992684
v 0.16204238 -0.65943265 0.02187061
v 0.17027548 -0.66114694 0.01616377
v 0.16729224 -0.67472005 0.00554051
v 0.17668083 -0.67988378 0.00200676
v 0.17929119 -0.66694576 0.01299286
v 0.25011718 -0.68848836 -0.00368021
v 0.26478496 -0.68753374 -0.00468615
v 0.27535090 -0.68153048 -0.00376906
v 0.28290012 -0.67205966 -0.00321962
v 0.28568184 -0.66096574 -0.00324657
v 0.28282285 -0.64645004 -0.00378620
v 0.27387205 -0.63328385 -0.00343401
v 0.23732512 -0.60038561 -0.00097651
v 0.22530010 -0.58765304 0.00090769
v 0.19286495 -0.54677165 0.00426322
v 0.18378244 -0.53748393 0.00791772
v 0.15089747 -0.49492955 0.03378437
v 0.16388798 -0.50880623 0.02556968
v 0.13974231 -0.48236421 0.04286152
v 0.11839823 -0.25355607 0.09355508
v 0.11049914 -0.27305654 0.08985857
v 0.12440842 -0.27459413 0.07674603
v 0.13311782 -0.25583440 0.07953177
v 0.04461217 -0.31595594 0.10005610
v 0.06407082 -0.31526497 0.09742182
v 0.14026608 -0.27088183 -0.00567353
v 0.14472525 -0.27323020 0.01743645
v 0.14262846 -0.27518654 0.03937624
v 0.13556263 -0.27556789 0.05929625
v 0.13077529 -0.26839060 -0.02407179
v 0.03967359 -0.23684640 -0.08146316
v 0.05959604 -0.24367701 -0.07474621
v -0.01532303 -0.22502813 -0.08471926
v 0.00156087 -0.22690302 -0.08601325
v 0.11816706 -0.26343125 -0.04049281
v 0.02002404 -0.23073675 -0.08515631
v 0.08028921 -0.25091207 -0.06512760
v 0.10120299 -0.25730035 -0.05383151
v 0.10356745 -0.29117918 0.08690260
v 0.08695038 -0.29214147 0.09619349
v 0.08177286 -0.31422549 0.09186927
v 0.07212831 -0.54104531 0.09299643
v 0.09242795 -0.54279238 0.08850376
v 0.11315525 -0.54644513 0.07967909
v 0.12927316 -0.56533968 0.07298915
v 0.14607303 -0.57114851 0.06270269
v 0.14804718 -0.55709112 0.05939494
v 0.13138719 -0.55088925 0.07027654
v 0.16793384 -0.58665478 0.03986916
v 0.17795488 -0.59389621 0.03176082
v 0.17991647 -0.58073252 0.02807499
v 0.17094108 -0.57291323 0.03588965
v 0.18988727 -0.58806920 0.02335501
v 0.19911113 -0.59467852 0.01905971
v 0.20799112 -0.60255009 0.01551453
v 0.21930870 -0.61190331 0.01325449
v 0.21262014 -0.63053060 0.01996037
v 0.20302044 -0.62310922 0.02218763
v 0.16600047 -0.60142893 0.04198053
v 0.15527880 -0.59504122 0.05246249
v 0.07105879 -0.56897491 0.08473139
v 0.05141930 -0.56705821 0.08553630
v 0.14538459 -0.50011557 -0.05044998
v 0.15319748 -0.49739987 -0.03822735
v 0.15936773 -0.49786785 -0.02626804
v 0.16436327 -0.50035423 -0.01479321
v 0.16872782 -0.50507486 -0.00341579
v 0.17065802 -0.51093000 0.00793355
v 0.17044547 -0.51855576 0.01902686
v 0.17717262 -0.52819538 0.01321202
v 0.16932544 -0.52819192 0.02839820
v 0.17604290 -0.53755504 0.02036814
v 0.16732836 -0.53958642 0.03660272
v 0.16380541 -0.55187780 0.04333805
v 0.16070895 -0.56452870 0.04796527
v 0.15804079 -0.57886642 0.05164872
v 0.12812912 -0.58041751 0.07265878
v 0.14316410 -0.58678591 0.06382483
v 0.11012767 -0.59077156 0.07650276
v 0.10903434 -0.60530061 0.07282196
v 0.11108836 -0.56172323 0.08107592
v 0.11120714 -0.57569009 0.08024752
v 0.09830192 -0.68558908 0.02252628
v 0.08667341 -0.67776334 0.03377272
v 0.26064351 -0.63975447 0.00340997
v 0.27081513 -0.64378542 0.00034998
v 0.26574528 -0.63406163 0.00035440
v 0.25985345 -0.63362277 0.00249751
v 0.27167925 -0.65334237 0.00072006
v 0.25741109 -0.65601504 0.00580353
v 0.26881382 -0.66322881 0.00143642
v 0.25997016 -0.64776862 0.00454168
v 0.26313555 -0.67153454 0.00190411
v 0.25339893 -0.66295505 0.00654673
v 0.25573629 -0.67740935 0.00226133
v 0.24819651 -0.66903913 0.00660184
v 0.24379142 -0.67245424 0.00639166
v 0.24619997 -0.67926741 0.00319000
v 0.21642268 -0.65764761 0.01721413
v 0.22670148 -0.66361904 0.01302760
v 0.23673213 -0.66868806 0.00904755
v 0.23007992 -0.61987424 0.01128304
v 0.24021095 -0.63047630 0.00965415
v 0.24985963 -0.64008105 0.00721911
v 0.24731344 -0.64717686 0.00873056
v 0.23749949 -0.63794082 0.01193550
v 0.22701487 -0.62760448 0.01424788
v 0.07141186 -0.55560344 0.08864336
v 0.09097430 -0.55803388 0.08761819
v 0.18765457 -0.60031062 0.02711502
v 0.19568084 -0.60501069 0.02267741
v 0.20574950 -0.61099422 0.01845356
v 0.21628273 -0.61946380 0.01661528
v 0.19380531 -0.61710560 0.02521243
v 0.18474211 -0.61188519 0.02927349
v 0.17542559 -0.60658967 0.03405161
v 0.09127298 -0.57228500 0.08376454
v 0.05181035 -0.55387044 0.09059668
v 0.16752589 -0.65239853 -0.06960268
v 0.16709952 -0.67645162 -0.05849349
v 0.17052758 -0.69036275 -0.03892736
v 0.17425868 -0.68926966 -0.01633282
v 0.04163540 -0.67633438 0.04590102
v 0.41102815 -0.69262743 -0.09191605
v 0.03163683 -0.50766629 0.10178225
v 0.03279965 -0.52659065 0.10162682
v 0.02665121 -0.43912446 0.09449276
v 0.02874878 -0.46086979 0.10071602
v 0.06176391 -0.34183824 0.09518765
v 0.04210848 -0.34419835 0.09647448
v 0.04193360 -0.36844948 0.09529269
v 0.02641876 -0.29378182 0.11248978
v 0.02299810 -0.31716585 0.10168836
v 0.02290043 -0.37059551 0.09472318
v 0.02395620 -0.39319780 0.09277876
v 0.05031371 -0.48360473 0.09797062
v 0.05326178 -0.54142594 0.09652144
v 0.03334365 -0.55504674 0.09306321
v 0.03360376 -0.56813556 0.08750951
v 0.03398914 -0.58125210 0.08357599
v 0.08031885 -0.50798011 -0.11942373
v 0.08447062 -0.52278656 -0.11454062
v 0.07204114 -0.52267402 -0.11549175
v 0.06882206 -0.50812638 -0.12063033
v 0.10103057 -0.50698435 -0.11296627
v 0.10607576 -0.52150166 -0.10820355
v 0.09578638 -0.52239686 -0.11183861
v 0.09055898 -0.50766629 -0.11677536
v 0.11510924 -0.51952618 -0.10358032
v 0.10989119 -0.50492877 -0.10796618
v 0.07685493 -0.49276927 -0.12260165
v 0.08714831 -0.49268758 -0.11968541
v 0.06564751 -0.49305397 -0.12390658
v 0.10487639 -0.49139345 -0.11096051
v 0.09650575 -0.49253690 -0.11594082
v -0.00370264 -0.75582075 -0.11315921
v -0.01134935 -0.76321924 -0.12734026
v -0.01796827 -0.80841911 -0.12703538
v -0.01679680 -0.81225133 -0.12393094
v 0.00285367 -0.73665881 -0.08961210
v 0.00472303 -0.72393608 -0.08687168
v -0.02169136 -0.78985119 -0.12816276
v -0.02269046 -0.77619863 -0.13161324
v -0.01728744 -0.83393276 -0.11947021
v -0.01716536 -0.83017862 -0.11937433
v -0.01905146 -0.82013983 -0.12347976
v -0.01893902 -0.81607139 -0.12357261
v 0.00748112 -0.70936209 -0.08323845
v -0.00138365 -0.74684560 -0.09691696
v 0.01364532 -0.67966759 -0.07205583
v 0.01522612 -0.66645771 -0.06575763
v 0.02482972 -0.65472507 -0.06488983
v 0.02432844 -0.64168918 -0.06422105
v 0.00092601 -0.50826347 -0.10149539
v 0.00930039 -0.55504954 -0.08745756
v 0.00543129 -0.54274678 -0.09460940
v 0.01220174 -0.57095063 -0.08328067
v 0.02227939 -0.62999624 -0.06828912
v 0.01086899 -0.69430846 -0.07782134
v -0.02040837 -0.80351603 -0.12669563
v -0.02043993 -0.79760826 -0.12565285
v -0.01763321 -0.82648838 -0.12042523
v -0.01834609 -0.82335925 -0.12192076
v 0.00496909 -0.60231042 -0.07253081
v 0.00173680 -0.58661199 -0.07664880
v 0.00312341 -0.52456462 -0.09767684
v -0.01244466 -0.48792034 -0.09607129
v -0.01295396 -0.46385777 -0.09125601
v 0.00766300 -0.61711347 -0.06927308
v -0.01289936 -0.44156393 -0.08577862
v 0.17369977 -0.11218876 -0.00508417
v 0.16225922 -0.09018336 0.00452481
v 0.15518522 -0.09393550 0.03152555
v 0.16501883 -0.10983948 0.02344762
v 0.16890094 -0.15017191 0.02904391
v 0.16693603 -0.17431790 0.03510923
v 0.16619831 -0.19850741 0.03923972
v 0.14026818 -0.08047229 0.04645377
v 0.11796850 -0.08635250 0.08552387
v 0.11975761 -0.06977123 0.06671244
v 0.15849815 -0.18995529 0.06081354
v 0.15967289 -0.16422234 0.05721523
v 0.15963246 -0.10875669 0.03925455
v 0.16115172 -0.12057710 0.04418407
v 0.16928187 -0.12789999 0.02400887
v 0.13892528 -0.09193242 0.06550647
v 0.15215942 -0.10040590 0.04889351
v 0.08282387 -0.25082016 0.11251511
v 0.08914458 -0.22953184 0.11662987
v 0.06450099 -0.23030524 0.12623541
v 0.14466515 -0.25872916 0.06186930
v 0.13945451 -0.23589754 0.08083123
v 0.03070151 -0.08685204 0.11862613
v 0.15126584 -0.11359879 0.06076868
v 0.11880413 -0.10547110 0.09892688
v 0.13708177 -0.10924378 0.07889689
v 0.11772015 -0.17931212 0.11245508
v 0.13442314 -0.18072546 0.09620862
v 0.13566610 -0.15492447 0.09505983
v 0.11855973 -0.15413454 0.11197124
v 0.14826493 -0.18381013 0.07952479
v 0.14446038 -0.21129066 0.08154003
v 0.11410081 -0.20614997 0.11040749
v 0.13105458 -0.20795248 0.09670550
v 0.12540945 -0.23340364 0.09567825
v 0.14898692 -0.15689012 0.07616995
v 0.11878522 -0.12907484 0.10823363
v 0.09451270 -0.12853658 0.12518086
v 0.06719240 -0.13101676 0.13615896
v 0.04011784 -0.13513228 0.14483264
v 0.04026002 -0.16007483 0.14755525
v 0.10905771 -0.23033696 0.10696287
v 0.09337860 -0.27304009 0.10020620
v 0.10217287 -0.25232309 0.10356174
v 0.07967500 -0.33898661 0.08927242
v 0.07527024 -0.11341394 -0.29522711
v -0.00049743 -0.06571153 -0.00718352
v -0.00725205 -0.07151672 -0.03073980
v 0.14260340 -0.19798014 -0.07958947
v 0.17576222 -0.14866559 -0.03958739
v 0.17501898 -0.13671549 -0.00438035
v -0.00906387 -0.09474972 -0.06739594
v -0.00329638 -0.11736856 -0.08535026
v 0.11598722 -0.20445265 -0.09760648
v 0.05577730 -0.18895690 -0.11479218
v -0.00962574 -0.07966667 -0.04999995
v 0.16014715 -0.14179419 0.05201288
v 0.14934620 -0.13409612 0.07006621
v 0.13673352 -0.13040805 0.08946808
v 0.09392658 -0.10429943 0.11708911
v 0.06511391 -0.10789019 0.13048464
v 0.03747621 -0.11561221 0.13781710
v -0.02027642 -0.13267046 -0.08151298
v -0.03041376 -0.13870460 -0.07706969
v -0.02374144 -0.14119577 -0.08022068
v -0.03473305 -0.14748293 -0.07229824
v -0.03580578 -0.13395572 -0.07160564
v -0.02973192 -0.12551033 -0.07469848
v -0.03510237 -0.11915863 -0.06745660
v -0.03298612 -0.10550478 -0.06107292
v 0.03654429 -0.22381830 -0.07956424
v 0.05817092 -0.23193973 -0.07342516
v -0.01786460 -0.21220104 -0.08160314
v -0.00198664 -0.21380730 -0.08311124
v 0.12378681 -0.25226235 -0.04132274
v 0.01607949 -0.21731840 -0.08244303
v 0.08050781 -0.23954292 -0.06481920
v 0.10410911 -0.24615195 -0.05456152
v 0.03777614 -0.20980975 0.14262579
v 0.03536100 -0.23506241 0.13617016
v -0.03214901 -0.21160649 -0.07746309
v -0.01808115 -0.76337361 -0.12423424
v -0.00921800 -0.75558954 -0.10922828
v 0.01292674 -0.93185997 -0.05844365
v 0.04252819 -0.71809787 0.01291494
v -0.00299063 -0.88894534 -0.09151351
v -0.01862121 -0.81200397 -0.12310740
v -0.01815931 -0.83708471 -0.12102708
v 0.01550981 -0.65337634 -0.06018652
v 0.01393514 -0.63990688 -0.05859202
v -0.00433190 -0.06934908 0.00183133
v 0.01092331 -0.62861967 -0.06364194
v 0.00035615 -0.06839186 0.01235866
v 0.02530857 -0.41589379 0.09317894
v 0.02103264 0.22664177 -0.12033260
v 0.02164034 0.21667910 -0.11077809
v 0.01892576 0.23948413 -0.09561366
v 0.01654558 0.24785101 -0.10576594
v 0.04313372 0.20136797 -0.09412789
v 0.03125045 0.20443410 -0.09801447
v 0.05613098 0.20309466 -0.09323519
v 0.06686614 0.20942354 -0.09590060
v 0.05735348 0.23012346 -0.07926935
v 0.04825588 0.22354716 -0.07558835
v 0.07333186 0.21736407 -0.10184813
v 0.06876833 0.24534631 -0.09160525
v 0.07677317 0.22561371 -0.10954797
v 0.07583035 0.23690039 -0.12356544
v 0.06724904 0.25504369 -0.10567260
v 0.06650591 0.24911201 -0.13592255
v 0.05969315 0.26676697 -0.11852700
v 0.05241562 0.25512069 -0.14280665
v 0.02354732 0.23782915 -0.13083184
v 0.01739860 0.25897920 -0.11756349
v 0.03651643 0.22221810 -0.07676345
v 0.02726451 0.22691673 -0.08194661
v 0.02250419 0.23357308 -0.08904999
v 0.02512679 0.20972735 -0.10364997
v 0.01210770 0.26029092 -0.08276331
v 0.00730471 0.26879638 -0.09496802
v 0.02978592 0.24106544 -0.05935919
v 0.02248824 0.24857515 -0.06786197
v 0.04891865 0.24871820 -0.06320655
v 0.04199000 0.24103957 -0.05735320
v 0.06553293 0.26434040 -0.07556057
v 0.05756838 0.25647956 -0.06926656
v 0.06344347 0.23765886 -0.08459759
v 0.06337809 0.27394748 -0.08836257
v 0.05516044 0.28609389 -0.10459566
v 0.01206104 0.28083843 -0.10890949
v 0.01707534 0.25481731 -0.07492900
v 0.05871621 0.45435631 -0.14810652
v 0.05904691 0.45091033 -0.15085191
v 0.05530351 0.45088291 -0.15315962
v 0.05273895 0.45489973 -0.15101558
v 0.02622022 0.45693740 -0.16937983
v 0.02820723 0.45153373 -0.17790794
v 0.01961955 0.45035237 -0.17851651
v 0.01464605 0.45660108 -0.17017680
v 0.04022463 0.45920861 -0.16145480
v 0.03968646 0.45925468 -0.15665859
v 0.04387321 0.45923454 -0.15446609
v 0.04721230 0.45929259 -0.15804470
v 0.07247935 0.43445718 -0.12393761
v 0.07063025 0.43603796 -0.11965173
v 0.07420099 0.43510729 -0.11718225
v 0.07688029 0.43343145 -0.11996931
v 0.06302193 0.44765601 -0.13795853
v 0.06114069 0.44886494 -0.13329977
v 0.06482437 0.44778186 -0.13119209
v 0.06781596 0.44666982 -0.13359088
v 0.02727935 0.43436432 -0.16266203
v 0.01507026 0.43065590 -0.16638714
v 0.01674791 0.44274348 -0.17332882
v 0.02900088 0.44393939 -0.17179704
v 0.00803839 0.44577032 -0.16757613
v 0.00473945 0.43398827 -0.15903831
v 0.00932227 0.43940198 -0.15115350
v 0.01284713 0.44840038 -0.16015714
v 0.02083997 0.44293281 -0.14841485
v 0.02297959 0.45084533 -0.15686107
v 0.02966899 0.44137084 -0.15300208
v 0.03348671 0.44973516 -0.16230255
v 0.04642859 0.44378603 -0.14748538
v 0.04455443 0.43902597 -0.15419507
v 0.04734497 0.44938236 -0.15930200
v 0.05042648 0.45301694 -0.15239942
v 0.03524266 0.43916714 -0.15935862
v 0.04021898 0.44955885 -0.16307408
v 0.02887917 0.44516653 -0.15385193
v 0.03121215 0.44663882 -0.14642513
v 0.03609000 0.45495865 -0.15345114
v 0.03344990 0.45367897 -0.16099745
v 0.03953840 0.44652483 -0.14320809
v 0.04366708 0.45484391 -0.14929932
v 0.05872618 0.43569583 -0.14376831
v 0.04965852 0.43706566 -0.14818370
v 0.05284409 0.44622070 -0.15098268
v 0.05939031 0.44541827 -0.14794260
v 0.04642917 0.45094126 -0.14817977
v 0.04362321 0.44333130 -0.14351279
v 0.04656154 0.44476342 -0.13724911
v 0.04991674 0.45206586 -0.14317602
v 0.05471887 0.44421709 -0.13361770
v 0.05618773 0.45200518 -0.14006346
v 0.06139958 0.44043875 -0.13783121
v 0.06176044 0.44914067 -0.14280772
v 0.07157564 0.43287545 -0.12408423
v 0.07040791 0.42820251 -0.13021439
v 0.06976786 0.43722522 -0.13423347
v 0.07060908 0.44141942 -0.12847680
v 0.06414787 0.43053246 -0.13465512
v 0.06504068 0.43776488 -0.13798028
v 0.05957232 0.44147962 -0.13716620
v 0.06001391 0.43549043 -0.13378638
v 0.05867895 0.43888572 -0.12561733
v 0.05861908 0.44522235 -0.13042957
v 0.06525695 0.43688703 -0.12096494
v 0.06509301 0.44432223 -0.12647444
v 0.08031468 0.41890875 -0.11596483
v 0.07965723 0.42570674 -0.12009478
v 0.07904398 0.42871743 -0.11523497
v 0.07820812 0.42095613 -0.11023510
v 0.07540706 0.42115411 -0.12121689
v 0.07542925 0.42717469 -0.12347537
v 0.07019199 0.43019113 -0.12185538
v 0.07130106 0.42522377 -0.11981201
v 0.06790473 0.42873636 -0.11263561
v 0.06790036 0.43328005 -0.11636263
v 0.07288153 0.42580268 -0.10859275
v 0.07395020 0.43232960 -0.11259127
v 0.02812247 0.42511421 -0.15273666
v 0.01344848 0.41832018 -0.15882045
v 0.01640156 0.45420054 -0.16575712
v 0.00318086 0.42315948 -0.14994895
v 0.02202938 0.45522264 -0.16411144
v 0.02229093 0.43576720 -0.13943678
v 0.00801682 0.42959100 -0.14145535
v 0.02751844 0.43777931 -0.15001434
v 0.04750891 0.45514947 -0.16187650
v 0.03909056 0.43675065 -0.13165891
v 0.04252857 0.43842125 -0.14120615
v 0.04305044 0.45500523 -0.16409868
v 0.04380374 0.42663810 -0.14469963
v 0.05733240 0.42314759 -0.13293320
v 0.05248608 0.45538658 -0.14642942
v 0.05587205 0.45564547 -0.14448512
v 0.05399886 0.43399918 -0.12141126
v 0.06031199 0.43347198 -0.13284165
v 0.06854588 0.44261810 -0.13692355
v 0.06501064 0.42744830 -0.11050147
v 0.07175519 0.42551613 -0.11944836
v 0.06591205 0.44350213 -0.13860875
v 0.07043140 0.41620347 -0.12176031
v 0.07760130 0.43119422 -0.12132567
v 0.07201278 0.41980445 -0.10147059
v 0.07847136 0.41277438 -0.10347754
v 0.07539254 0.43176302 -0.12389994
v 0.07879825 0.40981746 -0.11153615
v 0.02524477 0.26911455 -0.12626868
v 0.02966225 0.24787599 -0.13847768
v 0.03971209 0.25481081 -0.14255279
v 0.03559323 0.27625358 -0.12951547
v 0.04786303 0.27538574 -0.12632924
v 0.02152228 0.29026830 -0.11888266
v 0.03332143 0.29631913 -0.12172318
v 0.04396980 0.29391962 -0.11548388
v 0.06209254 0.28892827 -0.07310212
v 0.06296045 0.27741212 -0.06040120
v 0.05256216 0.26951325 -0.05406618
v 0.04453702 0.26155120 -0.04719627
v 0.03626095 0.25315034 -0.04115385
v 0.00851330 0.30122346 -0.10015190
v 0.01803057 0.31055027 -0.11490297
v 0.03168429 0.31514844 -0.11940700
v 0.04470365 0.31354669 -0.11138278
v 0.00872387 0.40271336 -0.15159470
v 0.02565229 0.40420514 -0.14879662
v 0.02204047 0.38295537 -0.14266837
v 0.00591299 0.38620934 -0.13712752
v 0.03955889 0.40555742 -0.13860732
v 0.03713559 0.38303876 -0.13493544
v 0.05274083 0.40324461 -0.12747389
v 0.04984139 0.38230586 -0.12288612
v 0.06535113 0.39920625 -0.11601758
v 0.06117357 0.38066974 -0.11055297
v 0.07626289 0.39649975 -0.10568750
v 0.07141504 0.38054764 -0.09826046
v 0.07951014 0.40064159 -0.09592658
v 0.07651183 0.38548169 -0.08690959
v -0.00174890 0.40954620 -0.13951033
v -0.00113204 0.39346638 -0.12502199
v 0.00429800 0.41784447 -0.12818336
v 0.00395542 0.40349844 -0.11283731
v 0.01811576 0.42058709 -0.12192774
v 0.01680295 0.40563288 -0.10684401
v 0.06962451 0.39562955 -0.08066827
v 0.07114233 0.41008890 -0.09136409
v 0.03364949 0.41995040 -0.11355871
v 0.03188074 0.40425220 -0.09968835
v 0.04764971 0.41818768 -0.10393071
v 0.04546158 0.40277728 -0.09043854
v 0.05985533 0.41469377 -0.09599441
v 0.05808552 0.40001836 -0.08343506
v 0.01696469 0.36039889 -0.13070852
v 0.03497103 0.35829759 -0.13025898
v 0.04691933 0.35803911 -0.11786455
v 0.05852216 0.35794675 -0.10401237
v 0.06740041 0.36106253 -0.08810818
v 0.07333487 0.36771077 -0.07559156
v 0.05982704 0.33166286 -0.09336603
v 0.06406507 0.34262693 -0.07268763
v 0.06733350 0.35114652 -0.06096816
v 0.06243539 0.33457604 -0.04573506
v 0.06162097 0.32487684 -0.05637848
v 0.05446553 0.29805923 -0.02766961
v 0.05846341 0.30957085 -0.04081059
v 0.05982065 0.31894168 -0.03005564
v 0.05546574 0.30769455 -0.01547754
v 0.06066449 0.31487116 -0.07278717
v 0.05854392 0.29937351 -0.05686164
v 0.05409251 0.28789800 -0.04590082
v 0.04021968 0.29204828 -0.00062186
v 0.04323298 0.28018415 -0.01136136
v 0.05014510 0.28910267 -0.01839697
v 0.04974081 0.29931659 -0.00616771
v 0.02417661 0.28784317 0.00192082
v 0.02762683 0.27402192 -0.00723946
v 0.01192829 0.28067017 -0.01543486
v 0.00840047 0.29235989 -0.00542945
v 0.04359967 0.27057332 -0.03002787
v 0.04875788 0.27924716 -0.03750366
v 0.03238918 0.26327962 -0.02480233
v 0.01834220 0.26828301 -0.03146392
v 0.00652128 0.29296839 -0.02894479
v 0.01310180 0.27974695 -0.04276800
v 0.00178240 0.30318046 -0.01917624
v 0.00465423 0.36840519 -0.11974877
v 0.00210178 0.37494892 -0.10861039
v 0.04656672 0.33414575 -0.11413777
v 0.03249612 0.33485144 -0.12444484
v 0.01347709 0.33339438 -0.11677039
v 0.00182974 0.34779739 -0.10213542
v 0.00331098 0.35678664 -0.08899981
v 0.00049125 0.33272272 -0.08196771
v 0.00389466 0.34147537 -0.07083327
v 0.00727947 0.38196117 -0.09833688
v 0.01064393 0.36134797 -0.08117187
v 0.01071250 0.34637704 -0.06368518
v -0.00003405 0.32001004 -0.06473720
v 0.00213766 0.32945645 -0.05449831
v 0.00290428 0.30978069 -0.05131489
v 0.00153647 0.31960851 -0.04171920
v 0.00122996 0.31179428 -0.03077418
v 0.00538486 0.30180788 -0.04055387
v 0.00639467 0.29535192 -0.06187105
v 0.00974020 0.28750068 -0.05254370
v 0.00360720 0.30614662 -0.07545292
v 0.00397621 0.31876370 -0.09380966
v 0.06726015 0.37738395 -0.06847525
v 0.06325909 0.35907793 -0.05482346
v 0.05810763 0.34204713 -0.04048324
v 0.05403869 0.32808974 -0.02368367
v 0.04813565 0.31729364 -0.01036000
v 0.04242235 0.30973357 -0.00270647
v 0.03433737 0.30297917 0.00213033
v 0.02153380 0.29943073 0.00216645
v 0.01022191 0.30236113 -0.00285703
v 0.00515723 0.31159616 -0.01294720
v 0.00452437 0.31989604 -0.02257711
v 0.00772591 0.33518031 -0.04685521
v 0.00549935 0.32729679 -0.03326839
v 0.00364532 0.28944397 -0.08495170
v 0.00721687 0.27892506 -0.07179606
v 0.01215078 0.27217776 -0.06321204
v 0.02429070 0.25669938 -0.04549909
v 0.01818626 0.26569700 -0.05544198
v 0.01846637 0.38473597 -0.09112340
v 0.03251757 0.38450775 -0.08415443
v 0.04516955 0.38400668 -0.07537389
v 0.05692135 0.38195610 -0.06958497
v 0.05472128 0.36337680 -0.05517775
v 0.04387727 0.36499426 -0.05935150
v 0.03153105 0.36480242 -0.06593388
v 0.01964407 0.36379579 -0.07414961
v 0.04990922 0.34706441 -0.04035568
v 0.04009359 0.34910691 -0.04383248
v 0.02854207 0.34949267 -0.04863000
v 0.01869304 0.34901965 -0.05628002
v 0.01460414 0.33787572 -0.03928107
v 0.02342752 0.33716002 -0.03232861
v 0.03425284 0.33622506 -0.02858853
v 0.04378000 0.33332977 -0.02491522
v 0.03861922 0.32257652 -0.01312530
v 0.02954777 0.32578588 -0.01734030
v 0.01958457 0.32735518 -0.02103359
v 0.01197533 0.32868445 -0.02648759
v 0.03450015 0.31577516 -0.00644070
v 0.02159160 0.30727297 -0.00101459
v 0.02927156 0.31057239 -0.00215459
v 0.01407970 0.30895275 -0.00384378
v 0.01128425 0.31541330 -0.01081413
v 0.01109502 0.32200927 -0.01824611
v 0.01740272 0.31596857 -0.00953096
v 0.01814266 0.32111073 -0.01460302
v 0.02691920 0.31936640 -0.01089031
v 0.02430891 0.31451285 -0.00668311
v 0.01764855 0.31192183 -0.00577092
v 0.02118675 0.31127417 -0.00435960
v 0.05418704 0.30568001 -0.09289998
v 0.04276278 -0.68612498 0.03647832
v 0.03657480 -0.62400794 0.06913418
v 0.05444495 0.05551824 -0.35908559
v 0.06620880 0.06039321 -0.36376554
v 0.08074465 0.05962911 -0.36680090
v 0.08536465 -0.20099612 -0.10340355
v 0.04782356 -0.32706445 -0.08578678
v 0.05657661 -0.36341551 -0.08734220
v 0.05157332 -0.34473425 -0.08495289
v 0.08768193 -0.19990508 -0.11800295
v 0.10775387 -0.38943499 -0.06086187
v 0.03498051 -0.09992695 0.12875389
v 0.03471193 -0.59203386 0.07999218
v 0.08948945 -0.53827715 -0.10795274
v 0.03908379 -0.18537824 0.14684860
v 0.10127142 -0.82385421 -0.05937072
v 0.09970100 -0.82197976 -0.05745093
v 0.09883858 -0.81839621 -0.05760776
v 0.09952953 -0.81581795 -0.05432943
v 0.10014806 -0.81344748 -0.05211549
v 0.10062532 -0.81202286 -0.05045978
v 0.10156975 -0.81785578 -0.05596386
v 0.10188542 -0.81950545 -0.05215203
v 0.10141763 -0.82024205 -0.05560035
v 0.10167450 -0.81997871 -0.05692752
v -0.00118489 -0.56897247 -0.07892454
v -0.00408921 -0.55307615 -0.08284487
v -0.00637324 -0.53988659 -0.09009907
v -0.00980028 -0.52251631 -0.09322942
v -0.02009292 -0.80835640 -0.12602355
v -0.02944762 -0.27175468 -0.08951699
v -0.02729877 -0.28834113 -0.08671418
v 0.02229038 -0.34684330 0.09596986
v -0.03041193 -0.23658401 -0.08243233
v -0.02571159 -0.30528682 -0.08745372
v 0.03080305 -0.48604417 0.10257643
v -0.01056491 -0.50632888 -0.09649365
v -0.03124284 -0.22483614 -0.08021363
v 0.03413612 -0.54257190 0.10012890
v -0.02388383 -0.32684559 -0.08859305
v -0.03370167 -0.16300133 -0.07245171
v -0.01850307 -0.38353685 -0.08840852
v -0.02588005 -0.90407109 -0.04324213
v -0.03181652 -0.89258057 -0.03333679
v -0.03367291 -0.88910043 -0.04704306
v -0.02762569 -0.89664781 -0.05682763
v -0.03432846 -0.88453901 -0.05654399
v -0.02798754 -0.88879752 -0.06523088
v -0.03463855 -0.87914014 -0.02665597
v -0.03677993 -0.87885356 -0.03892590
v -0.04563006 -0.84430921 -0.04284303
v -0.04282758 -0.85274541 -0.04062983
v -0.04324509 -0.84661663 -0.03224134
v -0.04574728 -0.83561540 -0.03575493
v -0.04853138 -0.81992906 -0.05287170
v -0.04631305 -0.80765301 -0.04662959
v -0.04814248 -0.80448174 -0.06044342
v -0.04878497 -0.81679356 -0.06515144
v -0.02895084 -0.83961582 -0.09265880
v -0.02973443 -0.84430856 -0.08756918
v -0.03539056 -0.83882511 -0.08625689
v -0.03401468 -0.83336878 -0.09179361
v -0.02134393 -0.85135359 -0.09737638
v -0.01962487 -0.85645181 -0.10296810
v -0.01687868 -0.85983741 -0.09670232
v -0.02000883 -0.85444105 -0.09199472
v -0.02593687 -0.83529067 -0.09829689
v -0.03095965 -0.82843220 -0.09688673
v -0.02498971 -0.84260046 -0.09879781
v -0.02454188 -0.84537423 -0.09390293
v -0.02744352 -0.84197056 -0.11053274
v -0.02672976 -0.84451818 -0.11533219
v -0.02678536 -0.84956014 -0.11312129
v -0.02683908 -0.84561551 -0.10693835
v -0.02678820 -0.83712518 -0.10237845
v -0.02539635 -0.83509529 -0.10671250
v -0.02702417 -0.83869529 -0.10739799
v -0.02706551 -0.84118748 -0.10326591
v -0.02340431 -0.84818202 -0.10257198
v -0.02303631 -0.85334122 -0.10852320
v -0.02193223 -0.85716218 -0.11533472
v -0.02582170 -0.85201001 -0.12060236
v -0.04239924 -0.81867093 -0.08742714
v -0.03977658 -0.81631440 -0.09327725
v -0.03595786 -0.82248318 -0.09521993
v -0.03875197 -0.82627511 -0.09007880
v -0.02557030 -0.83111233 -0.10502393
v -0.03140904 -0.81694865 -0.11066099
v -0.02790822 -0.81950641 -0.11554223
v -0.02708171 -0.82313699 -0.11391950
v -0.03102253 -0.82076603 -0.10857522
v -0.04571532 -0.80188406 -0.08350623
v -0.04589006 -0.79232383 -0.08366499
v -0.04320646 -0.79562593 -0.09140812
v -0.04331660 -0.80292892 -0.09073082
v -0.04223125 -0.78895915 -0.09434537
v -0.04448448 -0.78296000 -0.08660698
v -0.04005487 -0.76980686 -0.09839879
v -0.03933369 -0.78059512 -0.10627614
v -0.04067875 -0.78418112 -0.09931548
v -0.04260850 -0.77541268 -0.09142517
v -0.03234009 -0.78975326 -0.11607156
v -0.03721877 -0.77816153 -0.11445354
v -0.03376163 -0.77696705 -0.12237293
v -0.02889372 -0.78965712 -0.12156399
v -0.03032794 -0.81001717 -0.11004085
v -0.03118134 -0.81362599 -0.11088131
v -0.03329308 -0.81134474 -0.10676647
v -0.03261423 -0.80873787 -0.10633540
v -0.03484487 -0.80734599 -0.10223926
v -0.03480107 -0.80835569 -0.10268840
v -0.03576362 -0.80899489 -0.10143112
v -0.03584647 -0.80693102 -0.10072415
v -0.03387425 -0.80791187 -0.10402786
v -0.03448299 -0.80659330 -0.10338609
v -0.03358597 -0.80641592 -0.10594278
v -0.03218922 -0.80692923 -0.11007024
v -0.02454448 -0.80828339 -0.12275746
v -0.02224774 -0.81206816 -0.12053334
v -0.02461240 -0.81168830 -0.11823104
v -0.02745195 -0.80829453 -0.11977190
v -0.03521153 -0.81124854 -0.10316663
v -0.03400128 -0.81401849 -0.10603791
v -0.03444650 -0.81706595 -0.10413378
v -0.03645423 -0.81311005 -0.10111638
v -0.03801469 -0.81495941 -0.09786275
v -0.03955295 -0.80987400 -0.09606718
v -0.03733665 -0.80957562 -0.09926156
v -0.03551854 -0.80503917 -0.10180710
v -0.03755945 -0.80598807 -0.09856202
v -0.03722122 -0.80274397 -0.09945282
v -0.03666513 -0.80034566 -0.10237536
v -0.03495971 -0.80398041 -0.10470757
v -0.03383001 -0.80361068 -0.10911229
v -0.03536740 -0.79880303 -0.10687485
v -0.03314488 -0.79802680 -0.11242053
v -0.03184154 -0.80360043 -0.11468434
v -0.03473950 -0.81976235 -0.10069704
v -0.04011229 -0.80462581 -0.09536297
v -0.04205307 -0.81015813 -0.09151143
v -0.04021114 -0.79944777 -0.09628731
v -0.03909941 -0.79490358 -0.09927311
v -0.03532495 -0.79023123 -0.11005075
v -0.03760838 -0.79185164 -0.10406671
v -0.03635390 -0.76596773 -0.10691753
v -0.03107433 -0.76386291 -0.11503970
v -0.03239798 -0.87934840 -0.06125534
v -0.02708786 -0.88135159 -0.06792237
v -0.03326105 -0.87127686 -0.06130853
v -0.03116174 -0.87297976 -0.06483670
v -0.03116648 -0.87553835 -0.06354707
v -0.03345525 -0.87278640 -0.05898418
v -0.04012350 -0.85777867 -0.04656728
v -0.04256322 -0.85174656 -0.04799706
v -0.03852200 -0.85756850 -0.05199662
v -0.03759584 -0.86153972 -0.05172867
v -0.03730305 -0.85374928 -0.06480919
v -0.03441031 -0.86107498 -0.06448178
v -0.03543827 -0.86000979 -0.06083421
v -0.03906137 -0.85334408 -0.05968642
v -0.03212804 -0.86100602 -0.06831756
v -0.03422368 -0.85472530 -0.06937350
v -0.03066651 -0.85660446 -0.07288007
v -0.02913582 -0.86179090 -0.07127838
v -0.02636090 -0.87693322 -0.06811395
v -0.02713392 -0.87395865 -0.06862882
v -0.02200570 -0.87353742 -0.07144107
v -0.02039737 -0.87662435 -0.07182786
v -0.01348333 -0.86592996 -0.07625100
v -0.01200199 -0.86641920 -0.07944836
v -0.01166923 -0.87009823 -0.07774389
v -0.01381642 -0.86820471 -0.07532187
v -0.01541836 -0.86458647 -0.07694545
v -0.01480023 -0.86361325 -0.07957476
v -0.01314658 -0.92184079 -0.03654142
v -0.02228710 -0.91034341 -0.02490957
v -0.01737487 -0.91294962 -0.05397272
v -0.02913258 -0.89606440 -0.01622385
v -0.03463067 -0.87995249 -0.01205330
v -0.04743293 -0.79276639 -0.05725345
v -0.04749086 -0.79134238 -0.07195201
v -0.04756611 -0.80240595 -0.07318008
v -0.04459185 -0.78036284 -0.05803421
v -0.04559219 -0.77955616 -0.07427371
v -0.03440718 -0.76222789 -0.08432785
v -0.04119396 -0.76931626 -0.07843725
v -0.04101865 -0.78379428 -0.03972769
v -0.03528908 -0.77417886 -0.03942181
v -0.03799837 -0.76879632 -0.05966675
v -0.03045828 -0.78187442 -0.02221772
v -0.02517297 -0.77637142 -0.01828251
v -0.02502458 -0.76366806 -0.03688215
v -0.01640074 -0.73092759 -0.05318756
v -0.02379766 -0.73297930 -0.03840009
v -0.02531934 -0.72063875 -0.03404498
v -0.01713319 -0.71732998 -0.04945152
v -0.04407874 -0.79527009 -0.04113641
v -0.03927439 -0.85280544 -0.02168050
v -0.04151399 -0.83935457 -0.02276643
v -0.04085505 -0.85748613 -0.03162859
v -0.01974632 -0.89716810 0.02021001
v -0.02613402 -0.87979966 0.01862942
v -0.03196928 -0.88053572 0.00373940
v -0.02608603 -0.89840406 0.00171749
v 0.00752257 -0.92991686 0.01182339
v -0.00723942 -0.91422558 0.01725061
v -0.01688033 -0.91509700 -0.00474305
v -0.00422213 -0.92887771 -0.01410604
v -0.01929067 -0.87607384 0.03320482
v -0.01007568 -0.89036810 0.03764097
v -0.00334471 -0.87872320 0.05337358
v -0.01390936 -0.86835206 0.04552849
v 0.00377326 -0.90619648 0.03943415
v 0.01329008 -0.89178014 0.05888391
v -0.02202327 -0.77555156 -0.00718006
v -0.02436456 -0.76175898 -0.01671764
v -0.02554232 -0.74789917 -0.02215616
v -0.02221280 -0.74768937 -0.03995880
v 0.03135296 -0.90121329 0.05975903
v 0.02090932 -0.91825604 0.03759012
v 0.00987657 -0.82923007 0.06451175
v -0.00407984 -0.82658625 0.05474643
v -0.00671304 -0.84298468 0.05436616
v 0.00821381 -0.84738481 0.06737217
v 0.02634570 -0.83052242 0.07367751
v 0.02502135 -0.85182655 0.07604422
v 0.00661058 -0.78338683 0.03802777
v 0.02038612 -0.77993917 0.04629063
v 0.01681305 -0.76978540 0.03041388
v 0.00521231 -0.77295488 0.02366398
v -0.03819316 -0.87739694 -0.04932784
v -0.03952951 -0.86936057 -0.04414372
v -0.03784563 -0.86953461 -0.05144940
v -0.03557851 -0.87475336 -0.05567059
v -0.03682242 -0.86585838 -0.02287875
v -0.03881753 -0.86777955 -0.03424151
v -0.03207708 -0.86497390 0.00381829
v -0.02788246 -0.86495554 0.01676048
v -0.01870957 -0.85786581 0.03879355
v -0.02380215 -0.86277443 0.02833053
v -0.01137768 -0.82432133 0.04425866
v -0.01313369 -0.83487654 0.04403519
v -0.01688566 -0.77836967 0.00754732
v -0.00567374 -0.77407682 0.01665532
v -0.00889963 -0.76016200 0.00696109
v -0.01901617 -0.76149786 -0.00154211
v 0.01158387 -0.75641239 0.02081089
v 0.00296845 -0.75936985 0.01385104
v -0.02004715 -0.73397398 -0.00892183
v -0.00999866 -0.73375034 0.00033007
v -0.01060126 -0.72159445 0.00387243
v -0.01891723 -0.72107190 -0.00645352
v -0.00109496 -0.72122449 0.01244579
v 0.00082185 -0.73359132 0.00768025
v 0.01057511 -0.73266757 0.01305175
v 0.00966171 -0.72053790 0.01750708
v -0.00415901 -0.71253419 -0.07265857
v -0.00951663 -0.71493673 -0.06202332
v -0.00954547 -0.70178616 -0.05742956
v -0.00242045 -0.69892609 -0.06797025
v -0.01865457 -0.71023548 -0.00135759
v -0.01167837 -0.71360475 0.01013017
v -0.00430507 -0.78714907 0.02920266
v -0.01321253 -0.79094505 0.02259660
v -0.00255984 -0.71416295 0.01993822
v -0.00975103 -0.74691021 0.00080705
v 0.00130317 -0.74582410 0.00813034
v 0.02376041 -0.75423062 0.02285507
v 0.02810710 -0.76551181 0.03383985
v -0.02434841 -0.84904611 -0.08900794
v -0.02234514 -0.86043781 -0.07745044
v -0.01836257 -0.86179078 -0.07878250
v -0.01825592 -0.86415642 -0.07648604
v -0.02187620 -0.86364233 -0.07548238
v -0.01029106 -0.90198529 -0.07806648
v -0.01893980 -0.90045071 -0.06669867
v -0.02060528 -0.88990080 -0.07511424
v -0.01148277 -0.88719970 -0.08466540
v -0.04702774 -0.83112633 -0.07045363
v -0.04535362 -0.82353413 -0.08000253
v -0.04112881 -0.83224148 -0.08393253
v -0.04094771 -0.83926719 -0.07756418
v -0.03622187 -0.86361766 -0.05522054
v -0.03555151 -0.86587942 -0.05679524
v -0.03657386 -0.86507273 -0.05366401
v -0.04479446 -0.81090724 -0.08513178
v -0.04716372 -0.81314778 -0.07628106
v -0.04263394 -0.82644528 -0.02709316
v -0.04043185 -0.86144531 -0.04102242
v 0.02459985 -0.94032210 0.00305378
v 0.00978916 -0.93994027 -0.02507342
v 0.03978160 -0.92950195 0.03119099
v 0.05245850 -0.91154385 0.05525009
v 0.04524334 -0.85576141 0.07858595
v 0.06605717 -0.86081183 0.07694565
v 0.06618680 -0.83343112 0.07382360
v 0.04657921 -0.83262157 0.07575491
v 0.03637200 -0.77718532 0.04960074
v 0.02044248 -0.73164457 0.01560424
v 0.01968209 -0.71918184 0.01822028
v -0.00103500 -0.93021095 -0.04811098
v -0.00611401 -0.91627944 -0.06489298
v -0.03505128 -0.86454999 -0.00972944
v -0.04781121 -0.83748001 -0.04858415
v -0.04872014 -0.83289993 -0.05756463
v -0.04518568 -0.84425288 -0.05911420
v -0.04462726 -0.84674060 -0.05241257
v -0.04713134 -0.82617682 -0.04256828
v -0.04361245 -0.81398463 -0.03464267
v -0.03911429 -0.80155516 -0.02513070
v -0.03541538 -0.78919208 -0.02382803
v 0.00539747 -0.86460918 0.06506541
v -0.00786085 -0.85793114 0.05337551
v 0.03971595 -0.88082153 0.07568254
v 0.02091835 -0.87357116 0.07299550
v -0.01375731 -0.85029244 0.04644473
v 0.06039173 -0.88752687 0.07300243
v -0.02583973 -0.82698333 -0.11188333
v -0.02378030 -0.83085334 -0.11094382
v -0.02967241 -0.82529318 -0.10470323
v -0.02893897 -0.80363023 -0.11938889
v -0.02958680 -0.79717273 -0.11757889
v -0.02602966 -0.79746979 -0.12112363
v -0.02573039 -0.80370939 -0.12281381
v -0.02184643 -0.75633121 -0.10161916
v -0.02789792 -0.75830734 -0.09328261
v -0.00626327 -0.72721183 -0.07698168
v -0.01083371 -0.72875285 -0.06652488
v -0.02387789 -0.84014952 -0.11183628
v -0.02374227 -0.83902788 -0.11003373
v -0.02202486 -0.83929121 -0.11128049
v -0.02280721 -0.84060490 -0.11277882
v -0.03413570 -0.80941117 -0.10418658
v -0.02504385 -0.82072604 -0.11915862
v -0.02477760 -0.81622320 -0.11923690
v -0.02238610 -0.81623268 -0.12130177
v -0.02235400 -0.82020605 -0.12133615
v -0.02566778 -0.75684607 -0.06411064
v -0.01754336 -0.74444014 -0.05770367
v -0.02545553 -0.72031689 -0.01945087
v -0.02626468 -0.73416936 -0.02183899
v -0.02027783 -0.74757338 -0.00733000
v 0.01052461 -0.74425435 0.01429603
v 0.02148131 -0.74425101 0.01647254
v 0.03432989 -0.74361038 0.01614509
v 0.03752752 -0.75278187 0.02315658
v -0.01814041 -0.75102466 -0.07995562
v -0.01297597 -0.74026012 -0.07219175
v -0.00784269 -0.73943716 -0.08177470
v -0.01245206 -0.74913943 -0.08953372
v -0.02033477 -0.83803970 -0.11653490
v -0.02040980 -0.83634543 -0.11471767
v -0.01951900 -0.83448148 -0.11695487
v -0.01983795 -0.83753115 -0.11865757
v -0.02378595 -0.83641922 -0.10896864
v -0.02259178 -0.83368528 -0.11067326
v -0.02182446 -0.83561707 -0.11023869
v -0.02479688 -0.83816051 -0.10958831
v -0.02527005 -0.84031057 -0.11164422
v -0.02342635 -0.84234858 -0.11759863
v -0.02512326 -0.84473312 -0.12142970
v -0.02512424 -0.84190011 -0.11482181
v -0.02106109 -0.83894336 -0.11407290
v -0.02070028 -0.83720708 -0.11275787
v -0.02149584 -0.83744502 -0.11030165
v -0.02280619 -0.83760190 -0.10945642
v -0.02278630 -0.84172356 -0.11568867
v -0.02368459 -0.84116811 -0.11379443
v -0.01789927 -0.86101431 -0.10915852
v -0.00079825 -0.72510445 -0.08321276
v -0.00248473 -0.73791987 -0.08740760
v -0.03449715 -0.80782419 -0.10292447
v -0.02050309 -0.88178593 -0.07443969
v -0.04314070 -0.84446168 -0.06706314
v -0.02918718 -0.84896374 -0.08276978
v -0.02828508 -0.85408074 -0.07883106
v -0.03297377 -0.85056663 -0.07615782
v -0.03483502 -0.84455526 -0.08079201
v -0.01325132 -0.87857294 -0.07940015
v -0.00962912 -0.87315315 -0.08259881
v -0.00823036 -0.87646133 -0.08912010
v -0.01004912 -0.86681938 -0.08493097
v -0.01353387 -0.86192727 -0.08412413
v -0.01454932 -0.86129928 -0.09029594
v -0.01100365 -0.86857784 -0.09367514
v -0.03532615 -0.86917996 -0.05597821
v -0.03455694 -0.86854547 -0.05882792
v -0.01854181 -0.85635996 -0.08704421
v -0.01780530 -0.85876077 -0.08259380
v -0.02267516 -0.85628295 -0.08086887
v -0.02361162 -0.85248554 -0.08461431
v -0.03808688 -0.84735739 -0.07246554
v -0.03860794 -0.86375260 -0.04820932
v -0.03908953 -0.85420692 -0.05523802
v -0.02015981 -0.79073989 0.00958508
v -0.01855214 -0.79809177 0.01999600
v -0.02862026 -0.79022521 -0.00637357
v -0.02656196 -0.79009819 -0.00290854
v -0.02382173 -0.78572857 -0.00890717
v -0.02734751 -0.78739274 -0.01192670
v -0.02289793 -0.83057296 0.02984917
v -0.02429754 -0.83226049 0.02645217
v -0.02361264 -0.83845395 0.02789225
v -0.02036764 -0.83520293 0.03368841
v -0.02709755 -0.83653766 0.02197692
v -0.02724488 -0.83332157 0.02059141
v -0.02906289 -0.83367455 0.01780592
v -0.02727410 -0.83996159 0.02114691
v -0.02983595 -0.83971202 0.01394235
v -0.02916026 -0.85183525 0.01460356
v -0.02552946 -0.85032910 0.02429555
v -0.03618366 -0.84571266 -0.00848858
v -0.03161044 -0.84989417 0.00445257
v -0.03083418 -0.83695090 0.00621018
v -0.03385158 -0.83074403 -0.00082040
v -0.03315810 -0.79979992 -0.01251665
v -0.03199532 -0.79139364 -0.01283595
v -0.02189588 -0.78629845 -0.00104676
v 0.02652237 -0.81110358 0.06689750
v 0.00959261 -0.81230825 0.05894554
v -0.00203904 -0.81227350 0.04999667
v -0.01014527 -0.81309295 0.03974544
v 0.04369478 -0.81169391 0.07228293
v 0.06181819 -0.81229484 0.06766719
v -0.03805525 -0.82975411 -0.01344360
v -0.03394622 -0.82106531 -0.00577340
v 0.00952786 -0.79703808 0.04921889
v 0.02553105 -0.79455602 0.05629620
v -0.00183557 -0.79928809 0.04021773
v -0.01093390 -0.80184811 0.03252488
v 0.04189996 -0.79367328 0.06387404
v 0.05801135 -0.79025644 0.06073879
v 0.05281359 -0.77340281 0.04875389
v -0.03242736 -0.79812443 -0.00139150
v -0.03402544 -0.79286826 -0.00357628
v -0.03244944 -0.79197526 -0.00712462
v -0.03245000 -0.79791373 -0.00619181
v -0.03407889 -0.81041795 -0.00919408
v -0.03825812 -0.81644976 -0.01804297
v -0.01450966 -0.86476195 -0.10216753
v -0.02864180 -0.77646184 -0.12794986
v -0.02553653 -0.78988439 -0.12554026
v -0.02309899 -0.82786608 -0.11623207
v -0.02390051 -0.82394892 -0.11790010
v -0.02151385 -0.82353598 -0.12012687
v -0.02039369 -0.82693350 -0.11857183
v -0.01434396 -0.87387413 -0.07484531
v 0.04429588 -0.76296884 0.03383696
v 0.03157709 -0.73129505 0.01468021
v 0.03063296 -0.71874046 0.01614468
v 0.00798965 -0.71119493 0.02572712
v 0.01951343 -0.70786405 0.02619686
v -0.01960895 -0.83072376 -0.11745282
v -0.02189183 -0.83136046 -0.11499052
v -0.02210446 -0.84074473 -0.11514583
v -0.02798789 -0.81529605 -0.11578574
v -0.02105340 -0.83574486 -0.11281437
v -0.02100164 -0.83379412 -0.11411311
v -0.01823166 -0.83413464 -0.11875667
v -0.01830276 -0.83038509 -0.11868724
v -0.02645607 -0.85853374 -0.07566243
v -0.02540703 -0.86262268 -0.07377571
v -0.02171300 -0.84049881 -0.11782248
v -0.02193091 -0.84048033 -0.12066054
v -0.01873370 -0.70438999 -0.04502782
v -0.02503024 -0.70641029 -0.02980210
v -0.02051122 -0.81617641 -0.12263388
v -0.02060293 -0.82003480 -0.12263943
v -0.03025908 -0.82195222 0.00368482
v -0.03004719 -0.82804400 0.00822832
v -0.03018221 -0.82181215 0.01163034
v -0.02908719 -0.81706071 0.00759713
v 0.00135776 -0.71076703 -0.07937234
v -0.02394075 -0.70798743 -0.01456980
v 0.03058800 -0.70645237 0.02368439
v -0.03650084 -0.86061084 -0.05757922
v -0.03642735 -0.86168492 -0.05545227
v -0.01677237 -0.87133199 -0.07320552
v -0.02985410 -0.80741858 -0.11557840
v -0.02738876 -0.81095672 -0.11481587
v -0.00714801 -0.74815607 -0.09509905
v -0.01909059 -0.83725297 -0.12033697
v -0.02594143 -0.82638699 0.02060327
v -0.02640428 -0.82329851 0.01901335
v -0.02984594 -0.82306904 0.01853815
v -0.02973074 -0.82627964 0.01901710
v -0.03246643 -0.83098871 0.01694523
v -0.03206107 -0.83373475 0.01952264
v -0.03317666 -0.82995212 0.02044585
v -0.03262996 -0.82738602 0.01858020
v -0.03046072 -0.83195055 0.01361446
v -0.03090591 -0.82731289 0.01448135
v -0.03302575 -0.83468598 0.02241479
v -0.03271542 -0.83167326 0.02265064
v -0.02644037 -0.83324599 0.02302842
v -0.02958740 -0.83514643 0.02258648
v -0.02825757 -0.83528924 0.02707288
v -0.03288556 -0.83430088 0.02682048
v -0.02728174 -0.83274043 0.03249902
v -0.03258601 -0.83157933 0.03173114
v -0.02589505 -0.82762539 0.03563388
v -0.03126191 -0.82698059 0.03530869
v -0.03199854 -0.80559987 -0.00296842
v -0.02813057 -0.80465758 0.00178528
v -0.02559135 -0.82116264 0.03583056
v -0.03116925 -0.82121426 0.03636715
v -0.02537250 -0.81352794 0.03433394
v -0.03061099 -0.81436443 0.03492826
v -0.02614292 -0.80597472 0.03109519
v -0.03038296 -0.80737102 0.03203972
v -0.02731508 -0.79941237 0.02672288
v -0.03156761 -0.80185211 0.02742372
v -0.02886401 -0.79225600 0.01913427
v -0.03239125 -0.79686427 0.02093332
v -0.02840595 -0.82577312 0.03269586
v -0.02945518 -0.82971710 0.03021912
v -0.02179938 -0.82665861 0.02948749
v -0.03125843 -0.83193964 0.02611002
v -0.02307721 -0.81648767 0.02255355
v -0.02350296 -0.81448615 0.02064739
v -0.02700764 -0.81580937 0.01978801
v -0.02407512 -0.81760079 0.02063335
v -0.02887030 -0.81450617 0.01025173
v -0.02915195 -0.80986929 0.00839405
v -0.02966613 -0.81077158 0.00466022
v -0.02786392 -0.80625057 0.00661618
v -0.02644202 -0.80967444 0.00890316
v -0.02683210 -0.80685389 0.00796895
v -0.02517242 -0.81294537 0.00996637
v -0.02682519 -0.80505812 0.00886635
v -0.02819717 -0.80408275 0.00745274
v -0.02571354 -0.80563724 0.00910364
v -0.02563282 -0.80666953 0.00868273
v -0.02425981 -0.80786532 0.00932270
v -0.02313456 -0.80975592 0.01209593
v -0.03110422 -0.81427914 -0.00009099
v -0.02357887 -0.79662263 0.01160511
v -0.02334960 -0.80286032 0.01903246
v -0.03363093 -0.79422545 0.01351647
v -0.03174885 -0.78826189 0.01046118
v -0.03463031 -0.78980100 -0.00205193
v -0.03386893 -0.78774679 0.00297731
v -0.02149200 -0.82160306 0.02820422
v -0.02183620 -0.81529844 0.02692927
v -0.02531468 -0.79313254 0.00345062
v -0.02251755 -0.80939955 0.02384382
v -0.03100294 -0.80099297 0.02033563
v -0.03136471 -0.79922462 0.01460592
v -0.03069522 -0.80437398 0.02542818
v -0.03038055 -0.80176926 0.00496450
v -0.03174336 -0.79960597 0.00950329
v -0.03456532 -0.79481602 0.00715114
v -0.03431377 -0.79651749 0.00225925
v -0.02968769 -0.80324936 0.01422137
v -0.03080989 -0.80465531 0.01878667
v -0.02615401 -0.80471539 0.01435970
v -0.02733537 -0.80678022 0.01837897
v -0.02655765 -0.80456412 0.01091017
v -0.02879503 -0.80311209 0.01027977
v -0.02265559 -0.80609488 0.01382014
v -0.02328204 -0.80898368 0.01855858
v -0.02448099 -0.80546027 0.01052509
v -0.02891470 -0.80919552 0.02132659
v -0.02591771 -0.81181949 0.02128161
v -0.02911422 -0.81532311 0.02242205
v -0.03080395 -0.81248450 0.02348049
v -0.03130408 -0.80681586 0.02326453
v -0.03154284 -0.81044000 0.02641232
v -0.02968360 -0.80895448 0.02934930
v -0.03070658 -0.81507301 0.02904990
v -0.02846955 -0.81476414 0.03202398
v -0.03088257 -0.81575686 0.02614914
v -0.03060346 -0.81750560 0.02401640
v -0.02839466 -0.82085371 0.03341353
v -0.02988362 -0.82006353 0.03046080
v -0.02970576 -0.82428741 0.03015186
v -0.03092485 -0.81943154 0.02735870
v -0.03037418 -0.82274514 0.02713047
v -0.03088108 -0.81935066 0.02529012
v -0.03058507 -0.82138509 0.02450208
v -0.03010940 -0.83029616 0.02209923
v -0.03006629 -0.82893777 0.02003860
v -0.03017054 -0.82953238 0.02510314
v -0.02943725 -0.82729965 0.02356856
v -0.02896063 -0.82861793 0.02236691
v -0.02812517 -0.82763386 0.02116537
v -0.02928641 -0.82535803 0.02198529
v -0.02716464 -0.82315898 0.02166162
v -0.00234475 -0.67262924 -0.05836935
v 0.00661299 -0.66933680 -0.06376395
v 0.00603034 -0.68213379 -0.06950535
v -0.00167815 -0.68520582 -0.06278609
v -0.03013052 -0.82537848 0.02531354
v -0.03043552 -0.82337797 0.02296108
v -0.02980758 -0.82752478 0.02796054
v -0.02775674 -0.81913275 0.02280115
v -0.02923665 -0.82115257 0.02239807
v -0.03021711 -0.81941855 0.02293275
v -0.02915797 -0.81807280 0.02280590
v -0.02808315 -0.81727594 0.01241004
v -0.02491658 -0.81492430 0.01380600
v -0.02364301 -0.81165993 0.01597874
v -0.02547990 -0.66364646 -0.02949086
v -0.02193435 -0.67256731 -0.03074791
v -0.02922284 -0.68057942 -0.01575875
v -0.03345789 -0.67459309 -0.01510347
v -0.03874853 -0.64611536 -0.03961436
v -0.04985793 -0.66076279 -0.02345824
v -0.05657635 -0.63851202 -0.03604071
v -0.04497270 -0.62794501 -0.04412635
v -0.06106639 -0.61924106 -0.04464194
v -0.04968427 -0.61078358 -0.05025832
v -0.07005733 -0.56704545 -0.06796593
v -0.05807340 -0.56185788 -0.07346385
v -0.05555819 -0.57795274 -0.06566905
v -0.06728306 -0.58399111 -0.05997154
v -0.10096569 -0.48680004 -0.07505934
v -0.09562695 -0.46791360 -0.07038768
v -0.08582907 -0.47019258 -0.07933010
v -0.09155531 -0.48732033 -0.08221330
v -0.11208926 -0.62103808 -0.03283359
v -0.10851695 -0.64463687 -0.03225020
v -0.11784738 -0.64356697 -0.02986005
v -0.11996894 -0.61695468 -0.02899484
v -0.04133014 -0.69425625 0.01696878
v -0.04412965 -0.68090296 -0.00222340
v -0.03959952 -0.68206590 0.00003767
v -0.03708009 -0.69593191 0.01693504
v -0.12531140 -0.51551932 -0.03056737
v -0.12486345 -0.49936512 -0.03543867
v -0.12260599 -0.50841999 -0.04427301
v -0.12260818 -0.52372444 -0.04059669
v -0.10401752 -0.41525087 -0.02160194
v -0.10634558 -0.39605734 -0.01808029
v -0.09624350 -0.39282459 -0.03353253
v -0.09460051 -0.41145286 -0.03599442
v -0.12639509 -0.45224804 0.03064128
v -0.12739556 -0.45672983 0.05089704
v -0.12495360 -0.43887922 0.05522379
v -0.12583099 -0.43431512 0.03458765
v -0.09120947 -0.57449222 -0.05470529
v -0.08129390 -0.57128310 -0.06127010
v -0.07854959 -0.58862466 -0.05388330
v -0.08899416 -0.59290975 -0.04788212
v -0.22820967 -0.77760792 -0.04816005
v -0.23489180 -0.76567590 -0.05355216
v -0.21471384 -0.74916250 -0.04692025
v -0.20814788 -0.76059842 -0.04158975
v -0.12467057 -0.34199485 0.04038268
v -0.11907319 -0.34794259 0.05803879
v -0.12252323 -0.33155718 0.05831599
v -0.12682211 -0.32496524 0.03931170
v -0.11278610 -0.72300833 -0.01478661
v -0.10240810 -0.71941465 -0.01501191
v -0.09861153 -0.72893089 0.00383064
v -0.10861888 -0.73355770 0.00407553
v -0.11606352 -0.57662368 -0.02866573
v -0.11148481 -0.57976735 -0.03570022
v -0.11289077 -0.60034913 -0.03426107
v -0.11864373 -0.59474844 -0.02821864
v -0.13479602 -0.49447101 0.04516408
v -0.13406153 -0.49122310 0.02849511
v -0.13478628 -0.51468039 0.02801171
v -0.13668080 -0.51679718 0.04263897
v -0.13142976 -0.47074449 0.02954816
v -0.13209590 -0.47428793 0.04836193
v -0.10684203 -0.57923162 -0.04137161
v -0.09978360 -0.57688338 -0.04761240
v -0.09793196 -0.59723914 -0.04278634
v -0.10539058 -0.60109454 -0.03851411
v -0.08937514 -0.45265803 -0.06258406
v -0.07773970 -0.45511565 -0.07345591
v -0.12617679 -0.31756076 0.01987860
v -0.12096016 -0.30950534 0.00038104
v -0.11939709 -0.32861429 0.00170776
v -0.12445597 -0.33552021 0.02085632
v -0.08198477 -0.42542574 -0.04918614
v -0.08342144 -0.44035426 -0.05395085
v -0.09365297 -0.44172502 -0.04270379
v -0.09235427 -0.42751643 -0.03739864
v -0.11204607 -0.30206484 -0.01764807
v -0.10186348 -0.29632533 -0.03536471
v -0.09905638 -0.31702578 -0.03366852
v -0.11010738 -0.32181323 -0.01645717
v -0.06437798 -0.60104346 -0.05206426
v -0.05306620 -0.59419549 -0.05765497
v -0.11487532 -0.48988187 -0.05909387
v -0.11165047 -0.47175035 -0.05291001
v -0.10428911 -0.46890271 -0.06150566
v -0.10879795 -0.48774129 -0.06702792
v -0.12837361 -0.59490961 -0.00816688
v -0.12664182 -0.60730916 -0.02120790
v -0.13016362 -0.63898909 -0.02461685
v -0.13447702 -0.61606765 -0.01050490
v -0.12592569 -0.31412107 0.06003388
v -0.13118878 -0.30826026 0.04033777
v -0.11561392 -0.28314936 -0.01649401
v -0.10494477 -0.27656043 -0.03423250
v -0.16463199 -0.62391406 0.01976155
v -0.15814643 -0.61021352 0.02413071
v -0.15369369 -0.61089742 0.01613943
v -0.16020821 -0.62475467 0.01131182
v -0.05837379 -0.48488820 -0.09309910
v -0.07107693 -0.49578562 -0.09186957
v -0.07718614 -0.47938010 -0.08723415
v -0.06639583 -0.46552816 -0.08457595
v -0.10711302 -0.45686811 -0.04351605
v -0.10288013 -0.44559169 -0.03327496
v -0.09939791 -0.45341453 -0.05257738
v -0.04414530 -0.47449774 -0.09090060
v -0.05277596 -0.44931078 -0.07783292
v -0.04015955 -0.58768696 -0.06398992
v -0.04288882 -0.57240438 -0.07110408
v -0.03710856 -0.60331368 -0.05872230
v -0.02421428 -0.59643197 -0.06610170
v -0.02015873 -0.61175030 -0.06239052
v -0.03251621 -0.61891890 -0.05407855
v -0.01582667 -0.62759316 -0.06131088
v -0.02752669 -0.63495773 -0.05187062
v -0.01516271 -0.65504563 -0.04281618
v -0.01135472 -0.66514689 -0.04331461
v -0.12241440 -0.58613116 -0.01932945
v -0.11944832 -0.56922030 -0.01915451
v -0.12450145 -0.29157960 0.00144799
v -0.06530294 -0.64944267 0.09310135
v -0.06870653 -0.63502669 0.09868951
v -0.08299091 -0.64445007 0.09177849
v -0.07854732 -0.65860814 0.08805753
v -0.04563684 -0.69537145 0.01707570
v -0.04958485 -0.68252742 -0.00294478
v -0.14667945 -0.62349975 0.05975862
v -0.13553551 -0.61546749 0.06627393
v -0.13865739 -0.60612094 0.06392957
v -0.14837797 -0.61553377 0.05683407
v -0.16834125 -0.62623477 0.03246291
v -0.17890587 -0.64067084 0.02649871
v -0.17879051 -0.64600241 0.03125790
v -0.16747890 -0.63114792 0.03644431
v -0.11358292 -0.33674344 0.07582616
v -0.10918345 -0.35277131 0.07403453
v -0.10213605 -0.48146904 0.09879245
v -0.11439988 -0.47103879 0.08418256
v -0.12162964 -0.49079162 0.07933495
v -0.11187196 -0.50194603 0.09235346
v 0.01846284 -0.59826475 0.08542454
v 0.01813288 -0.58665061 0.08915846
v 0.00048697 -0.59438246 0.09611585
v 0.00172063 -0.60615742 0.09244072
v -0.03052313 -0.64124984 0.09433781
v -0.02581336 -0.65200692 0.09017059
v -0.00941489 -0.63930792 0.08952474
v -0.01168112 -0.62783062 0.09442344
v -0.04922299 -0.63887751 0.09760597
v -0.05286153 -0.62491387 0.10299052
v -0.13592148 -0.52195585 0.05646893
v -0.13243563 -0.50076991 0.06043132
v -0.14263132 -0.55588454 0.05135302
v -0.14149089 -0.55247533 0.03967709
v -0.14419429 -0.56662148 0.03776411
v -0.14431645 -0.56925160 0.04851312
v -0.03255138 -0.69931877 0.01655262
v -0.02706635 -0.70622027 0.03435493
v -0.03284192 -0.70373881 0.03498758
v 0.00084667 -0.67875183 0.06384271
v 0.00028202 -0.67321360 0.06856108
v -0.01061926 -0.68184543 0.06666397
v -0.00805785 -0.68475306 0.06219233
v -0.00829315 -0.53646398 0.11361632
v 0.01342909 -0.53135425 0.10825405
v 0.01206020 -0.51169443 0.10876112
v -0.01203672 -0.51446676 0.11445362
v -0.14732505 -0.58563483 0.05191243
v -0.15394273 -0.59817559 0.04382990
v -0.15220141 -0.60235822 0.04923129
v -0.14459367 -0.59104991 0.05733361
v -0.14018802 -0.57991379 0.06350125
v -0.13656452 -0.56796706 0.06904350
v -0.14059901 -0.56129295 0.06088175
v -0.14352675 -0.57402301 0.05677775
v -0.12044615 -0.52049297 0.08546492
v -0.12778315 -0.50997102 0.07357571
v -0.13321680 -0.52972388 0.06902926
v -0.12865935 -0.53946465 0.08110845
v 0.01043898 -0.43995067 0.10496140
v -0.00822181 -0.44083017 0.11173460
v -0.00879686 -0.46550202 0.11276313
v 0.01101848 -0.46352243 0.10759293
v -0.16159423 -0.64763677 -0.00567903
v -0.15698618 -0.65761554 -0.01406632
v -0.16551179 -0.66916454 -0.01831891
v -0.17281255 -0.66132987 -0.01004628
v -0.18339288 -0.66922659 0.04080871
v -0.19168645 -0.67913008 0.03868822
v -0.18910006 -0.68375164 0.04149741
v -0.18037403 -0.67404211 0.04399222
v -0.19542399 -0.67120618 -0.01005697
v -0.18686861 -0.67489183 -0.01582191
v -0.20398828 -0.68964601 -0.02321624
v -0.21340865 -0.68517596 -0.01707251
v -0.04873556 -0.70310199 0.03899007
v -0.04972064 -0.69738030 0.01703682
v -0.04358729 -0.70331216 0.03744693
v -0.19001457 -0.65168345 0.00856598
v -0.20598263 -0.66620123 0.00233069
v -0.20825019 -0.66702747 0.00892616
v -0.19207251 -0.65226454 0.01488330
v -0.22522050 -0.78746378 -0.03592613
v -0.20536423 -0.77088249 -0.03001997
v -0.23827916 -0.69881511 -0.01764912
v -0.24387434 -0.69878423 -0.00949518
v -0.22411460 -0.68299651 -0.00486184
v -0.21997631 -0.68318945 -0.01153190
v -0.09289826 -0.46086287 0.10226894
v -0.10672854 -0.45211568 0.08827905
v -0.08555423 -0.34370655 0.10238363
v -0.10100377 -0.34043375 0.09042539
v -0.09559292 -0.35736102 0.08751947
v -0.08056092 -0.36163807 0.09921902
v -0.11710043 -0.31957006 0.07797011
v -0.08907434 -0.32356760 0.10507540
v -0.10477085 -0.32161748 0.09350707
v -0.01803337 -0.70910156 0.02647647
v -0.00774632 -0.70802957 0.03735530
v -0.01161024 -0.70418346 0.04413222
v -0.02245699 -0.70779490 0.03206136
v -0.14879075 -0.21060379 0.10703275
v -0.14931710 -0.18182719 0.11361814
v -0.16407764 -0.18040650 0.08816484
v -0.16023748 -0.20942761 0.08140835
v 0.01438488 -0.68567830 0.05083435
v 0.00051534 -0.69465220 0.04941807
v 0.00446417 -0.70031619 0.04239128
v 0.01685924 -0.69231343 0.04203659
v -0.15668491 -0.23476331 0.07642584
v -0.14626448 -0.23750357 0.10131017
v -0.02511072 -0.70179319 0.01196999
v -0.02901682 -0.70111758 0.01493978
v -0.03141736 -0.69084656 -0.00034261
v -0.02757126 -0.69342279 -0.00322360
v -0.02637338 -0.68745673 -0.01904461
v -0.17357174 -0.17602199 0.06269294
v -0.16555986 -0.20179780 0.05726453
v -0.00593216 -0.71041131 0.02911612
v 0.00612423 -0.70510525 0.03460899
v 0.01822755 -0.69996607 0.03451251
v 0.03074238 -0.69680929 0.03178700
v -0.12168010 -0.30283242 0.08168959
v -0.13034061 -0.29826134 0.06218549
v -0.08391590 -0.07641143 0.16589567
v -0.05443535 -0.07287639 0.16237719
v -0.05908310 -0.05960941 0.14998800
v -0.09140220 -0.06160152 0.15623111
v 0.00762191 -0.07715246 0.12916890
v 0.00320825 -0.07007095 0.11385670
v -0.02641199 -0.06442621 0.13443212
v -0.02470733 -0.07309934 0.14889839
v 0.01000493 -0.19048917 0.15749995
v -0.01742214 -0.19424622 0.16848463
v -0.01956655 -0.21838604 0.16009189
v 0.00721190 -0.21417294 0.15223245
v -0.09276269 -0.30614203 0.11028188
v -0.10879218 -0.30489811 0.09797420
v -0.13321005 -0.29303020 0.04200746
v -0.18147758 -0.04373163 0.06655628
v -0.17695606 -0.04943901 0.10306422
v -0.17274100 -0.01832625 0.10621030
v -0.17823350 -0.01164401 0.07279503
v -0.12654297 -0.02257982 0.14558834
v -0.12866163 -0.04816580 0.14765728
v -0.09389769 -0.04381314 0.15103760
v -0.09348442 -0.02306032 0.14791022
v -0.09300594 -0.27048472 -0.05006274
v -0.10636652 -0.25940412 -0.03073813
v -0.09415055 -0.25191313 -0.04586834
v -0.04856027 -0.25396279 -0.08039406
v -0.06537333 -0.25958717 -0.07271231
v -0.06448172 -0.24138391 -0.06957520
v -0.04842015 -0.23796728 -0.07707561
v -0.05583183 -0.15994290 -0.06111176
v -0.04295292 -0.16140902 -0.06669974
v -0.04313370 -0.17762344 -0.06704073
v -0.05633636 -0.17621420 -0.05940542
v -0.16502443 -0.19298892 0.03286822
v -0.15467115 -0.18673533 0.00893173
v -0.14858699 -0.20795093 0.01021373
v -0.15816079 -0.21483772 0.03154241
v -0.00338816 -0.06622496 0.09475611
v -0.02906749 -0.05426234 0.11857586
v -0.17272317 -0.00492468 0.03740268
v -0.17439787 -0.03851634 0.03143257
v -0.15731473 -0.00108162 0.00518869
v -0.13048835 -0.00162661 -0.01471859
v -0.13112587 -0.03273076 -0.01906139
v -0.15737978 -0.03342518 0.00120971
v -0.03380449 -0.07795259 -0.03667836
v -0.05057001 -0.09959903 -0.04727117
v -0.05444827 -0.08425608 -0.03854880
v -0.03604168 -0.07083908 -0.02655412
v 0.01259989 -0.10422662 0.14937826
v 0.01013684 -0.08971494 0.14207524
v -0.01827434 -0.08564508 0.15985319
v -0.01559515 -0.10325390 0.16617279
v -0.07140890 -0.32450721 0.11233072
v -0.07457045 -0.30539441 0.11852945
v -0.05316985 -0.32452959 0.11574192
v -0.06828907 -0.34568802 0.10997692
v -0.05052068 -0.34665287 0.11317941
v -0.05665299 -0.48026034 0.11566719
v -0.07545224 -0.46992978 0.11165742
v -0.08528676 -0.49093676 0.10965659
v -0.06536153 -0.50220305 0.11610939
v -0.01642988 -0.60422403 0.10245971
v -0.01409669 -0.61661643 0.09873956
v -0.05497784 -0.02608559 0.13652183
v -0.02008837 -0.03674164 0.10687055
v -0.03318981 -0.00546229 0.12105145
v -0.06188536 -0.00125608 0.14098665
v -0.12273683 0.00354660 0.14584559
v -0.14842670 0.00601324 0.13377333
v -0.15359680 -0.02257428 0.13235517
v -0.16700877 0.01153612 0.10914202
v -0.17405576 0.01890826 0.07545469
v -0.15462798 0.03082895 0.00894117
v -0.12840645 0.03017679 -0.01040016
v -0.04586436 -0.00881910 -0.00480859
v -0.07004263 -0.00561389 -0.01527544
v -0.06804661 0.02064314 -0.00683597
v -0.04407423 0.01526687 0.00622039
v -0.09192672 -0.14882031 -0.04332534
v -0.11904904 -0.16229290 -0.02615636
v -0.12142850 -0.13840574 -0.02514435
v -0.09731457 -0.12325549 -0.03701753
v -0.05130407 -0.27640128 -0.08183242
v -0.06474587 -0.28216130 -0.07505757
v -0.07914152 -0.26462889 -0.06342153
v -0.07761474 -0.28682694 -0.06558239
v -0.09058309 -0.29138333 -0.05191542
v -0.05682945 -0.36694643 -0.07487354
v -0.07304085 -0.36852235 -0.06317277
v -0.07220160 -0.34994295 -0.06318203
v -0.05780141 -0.34821504 -0.07615214
v -0.05685754 -0.38659018 -0.07436065
v -0.07336254 -0.38800585 -0.06345514
v -0.05147499 -0.42587540 -0.07014935
v -0.07016796 -0.44165540 -0.06511483
v -0.06857219 -0.42533755 -0.05999748
v -0.02726217 -0.58062810 -0.07004328
v -0.02951270 -0.56537956 -0.07591589
v -0.17271037 -0.16760311 0.03589167
v -0.00559058 -0.03428930 0.07444495
v -0.00403359 -0.02584931 0.04889096
v -0.00961858 -0.00101289 0.06525053
v -0.01386996 -0.00490749 0.09285464
v -0.16048147 -0.22498100 0.05342975
v -0.13002285 -0.30016097 0.02035232
v -0.13216701 -0.28515244 0.02221427
v -0.12127949 -0.45075485 0.00597051
v -0.12052880 -0.42934054 0.01312039
v -0.08201558 -0.50350565 -0.08829548
v -0.08422492 -0.49063098 -0.08659875
v -0.15704818 -0.05204302 0.13165697
v -0.15166520 0.06191751 0.01400659
v -0.14760412 0.09226352 0.01964830
v -0.12090603 0.09188703 0.00425055
v -0.12463649 0.06109273 -0.00308227
v -0.02942538 0.03723636 0.03656698
v -0.04420355 0.04214042 0.01840506
v -0.04616191 0.07011098 0.03120365
v -0.03329775 0.06559345 0.04964788
v -0.03679833 0.09417105 0.06048092
v -0.04828732 0.09909859 0.04083554
v -0.04692297 0.12739545 0.05137541
v -0.03808884 0.12113684 0.07048618
v -0.17095144 0.02602267 0.03981790
v -0.16583398 0.07895309 0.07826374
v -0.16296090 0.08838871 0.04744204
v -0.16679892 0.05698466 0.04321225
v -0.16971752 0.04863319 0.07696192
v -0.09331929 0.00187284 0.14773677
v -0.02664883 0.01099944 0.02281696
v -0.02686764 -0.01234362 0.00978683
v -0.02731550 0.05869111 0.09068857
v -0.03510329 0.05583084 0.11349054
v -0.02514322 0.02593049 0.10536847
v -0.01820335 0.02863294 0.07907234
v -0.12390825 0.05683279 0.14584644
v -0.14590895 0.06106445 0.13161148
v -0.14626950 0.03331178 0.13222018
v -0.12331852 0.02994916 0.14525737
v -0.16342130 0.04038027 0.10775425
v -0.15984334 0.06921819 0.10781532
v -0.15936741 0.13660419 0.08125889
v -0.15415432 0.14505422 0.05258404
v -0.15859064 0.11762261 0.05045860
v -0.16260333 0.10860670 0.07973295
v -0.15502113 0.12576699 0.10959167
v -0.15698183 0.09781122 0.10829132
v -0.14517251 0.08871394 0.13144839
v -0.14397874 0.11612350 0.13141391
v -0.12555106 0.10957125 0.14505360
v -0.12532130 0.08324233 0.14585888
v -0.10189676 0.08117324 0.15178162
v -0.10450712 0.10669452 0.15158053
v -0.07804906 0.08046800 0.14830378
v -0.05771049 0.08111739 0.13677490
v -0.06357573 0.10678786 0.13992724
v -0.08260623 0.10619247 0.14897136
v -0.03965528 0.11208507 0.10847560
v -0.04912464 0.10857284 0.12602784
v -0.04285294 0.08304295 0.12035964
v -0.03452497 0.08682781 0.10007659
v -0.05184039 0.21353689 0.14846990
v -0.06726368 0.20938170 0.15589966
v -0.06114578 0.18170089 0.14880739
v -0.04605133 0.18506056 0.13935822
v -0.08194126 0.20574349 0.16300547
v -0.09809294 0.20276719 0.16723344
v -0.09301084 0.17735910 0.15931356
v -0.07852120 0.17790541 0.15492260
v -0.12701710 0.18294773 0.14949498
v -0.11046316 0.17820966 0.15869065
v -0.11516190 0.20306423 0.16500382
v -0.13130328 0.20786181 0.15580952
v -0.14744326 0.21587417 0.14300606
v -0.14518109 0.19080633 0.13770655
v -0.15186010 0.22648707 0.12250491
v -0.15358193 0.20181102 0.11760524
v -0.14761144 0.21359369 0.09145455
v -0.14711864 0.23807514 0.09699766
v -0.04074549 0.20609236 0.09149563
v -0.04341774 0.23381388 0.10430122
v -0.03764342 0.22608823 0.12035309
v -0.03354292 0.19907257 0.10777199
v -0.07386494 0.21844399 0.05983543
v -0.09473152 0.22613519 0.04053631
v -0.09223310 0.24916959 0.05765407
v -0.07479591 0.24350286 0.07702507
v -0.15350449 0.15176389 0.11086921
v -0.15640202 0.16346520 0.08303187
v -0.12510160 0.13473782 0.14339440
v -0.14290270 0.14168033 0.13108076
v -0.04226879 0.13623470 0.11757135
v -0.05357862 0.13261518 0.13257498
v -0.04516637 0.15394795 0.06252407
v -0.03678080 0.14712396 0.08090523
v -0.12647001 0.20353064 0.03617468
v -0.13115971 0.17628312 0.03322528
v -0.14960822 0.17228603 0.05467460
v -0.14374851 0.19847411 0.05717331
v -0.15409920 0.17739826 0.11319681
v -0.14355412 0.16565138 0.13333662
v -0.12513253 0.15871847 0.14481117
v -0.10850680 0.15426454 0.15400063
v -0.09080025 0.15354878 0.15344241
v -0.07385794 0.15443206 0.14773127
v -0.05686264 0.15668660 0.14016156
v -0.04400858 0.16005886 0.12800139
v -0.03430815 0.17286649 0.09388335
v -0.04254782 0.18040246 0.07681383
v -0.11824268 0.24977770 0.05653211
v -0.12249337 0.22847950 0.04298739
v -0.14134902 0.22279412 0.06331290
v -0.13958961 0.24618420 0.07223447
v -0.11493275 0.26947385 0.07338360
v -0.09364267 0.26893958 0.07618612
v -0.08747380 0.22801229 0.17117925
v -0.10381254 0.22481906 0.17407674
v -0.12051266 0.22559470 0.17209089
v -0.15051487 0.23845559 0.14915824
v -0.15125407 0.25141162 0.12682816
v -0.14494210 0.26279345 0.10306270
v -0.13481204 0.26670134 0.08277102
v -0.05254324 0.27260485 0.14139909
v -0.04633320 0.24987167 0.12934104
v -0.05104818 0.25659803 0.11506645
v -0.05774092 0.27951062 0.12691325
v -0.06351946 0.25989202 0.16739772
v -0.07478111 0.25297692 0.17893153
v -0.07343277 0.23321137 0.16298437
v -0.06046505 0.23814934 0.15393195
v -0.08979258 0.24869329 0.18735978
v -0.10777621 0.24651977 0.18912011
v -0.12611836 0.24633613 0.18614230
v -0.15334712 0.26335940 0.15789492
v -0.13716589 0.22921237 0.16494521
v -0.14400606 0.25195962 0.17618719
v -0.15385933 0.27788338 0.13212982
v -0.14061418 0.31763124 0.12148520
v -0.13940124 0.29075223 0.10827324
v -0.15721963 0.30517015 0.14204419
v -0.11622162 0.40690494 0.15994027
v -0.13962023 0.40328342 0.16450480
v -0.13614453 0.43303284 0.18110999
v -0.11592095 0.43665555 0.17697956
v -0.05945527 0.30419308 0.14106081
v -0.05299423 0.29765409 0.15707478
v -0.06151547 0.28308228 0.18572171
v -0.07478756 0.27569088 0.19774473
v -0.16111094 0.31678045 0.18219045
v -0.15801272 0.28999466 0.16783042
v -0.14880723 0.27797630 0.18780686
v -0.15102673 0.30515125 0.20170352
v -0.05653756 0.38942698 0.18513964
v -0.05083248 0.38266435 0.20111737
v -0.04838293 0.35244098 0.18676999
v -0.05447581 0.36017102 0.16995901
v -0.07407356 0.30206746 0.21300641
v -0.05978651 0.30954883 0.20131424
v -0.05951155 0.33802339 0.21594927
v -0.07432412 0.33113909 0.22737324
v -0.15746658 0.37900239 0.20774928
v -0.16097745 0.34651521 0.19541761
v -0.15178330 0.33516449 0.21528529
v -0.14935975 0.36869860 0.22747976
v -0.14201733 0.34465975 0.13469540
v -0.15903321 0.33213714 0.15564732
v -0.15850168 0.36063576 0.17002952
v -0.14243209 0.37347165 0.14938295
v -0.11644236 0.34827289 0.12937225
v -0.11703214 0.37663710 0.14406513
v -0.06602477 0.44842136 0.22707798
v -0.05891627 0.41481382 0.21366805
v -0.06320293 0.42213547 0.20041096
v -0.07040896 0.45580813 0.21623595
v -0.07745174 0.36374563 0.23916027
v -0.06199489 0.36958474 0.22878394
v -0.06917409 0.40356773 0.23831087
v -0.08183374 0.39894781 0.24772832
v -0.14694981 0.44907093 0.23353337
v -0.15261415 0.41313219 0.22077064
v -0.14463362 0.40455991 0.23858526
v -0.13923892 0.44078788 0.24982221
v -0.13357756 0.46544468 0.19840990
v -0.15121768 0.42389753 0.19786903
v -0.14687806 0.45806083 0.21349350
v -0.12964585 0.49915209 0.21305585
v -0.11541352 0.50217748 0.20928663
v -0.11579625 0.46871504 0.19397447
v -0.07732266 0.48768237 0.23043878
v -0.07153358 0.48167318 0.24051550
v -0.07590833 0.47235346 0.25946108
v -0.08549719 0.46746191 0.26707527
v -0.08433536 0.43368527 0.25699258
v -0.07369011 0.43832907 0.24862918
v -0.11482526 0.43332064 0.26490042
v -0.09911215 0.43192887 0.26294845
v -0.09919325 0.46593347 0.27236241
v -0.11323729 0.46770811 0.27348334
v -0.13317478 0.47438738 0.25928941
v -0.12835054 0.43578848 0.26027751
v -0.12433637 0.46980017 0.26872396
v -0.14112628 0.48119172 0.24426556
v -0.14161837 0.49147528 0.22627272
v -0.00419268 -0.05891815 0.03643443
v -0.00923807 -0.05053905 0.01940592
v -0.00671888 -0.04255074 0.03284240
v -0.00485988 -0.05352578 0.05348367
v -0.06662613 0.07837814 0.01374603
v -0.06761698 0.04775384 0.00294401
v -0.06326842 0.13549340 0.03392451
v -0.06619237 0.10875821 0.02321460
v -0.06051162 0.16189733 0.04589662
v -0.05808485 0.18744478 0.06018634
v -0.05561979 0.21396804 0.07621872
v -0.05733784 0.24010333 0.09079937
v -0.06296788 0.26348174 0.10249604
v -0.06895798 0.28707236 0.11366053
v -0.07219665 0.33762994 0.14022496
v -0.05729108 0.33147559 0.15552825
v -0.07269458 0.31138027 0.12686798
v -0.07189716 0.39764476 0.16948548
v -0.07061584 0.36675161 0.15413797
v -0.07623206 0.43026426 0.18693587
v -0.08124534 0.46331894 0.20498641
v -0.08736642 0.49474257 0.22047281
v -0.10301188 -0.05891982 -0.02794625
v -0.07513596 -0.05316120 -0.02687550
v -0.07685482 -0.07170016 -0.03085783
v -0.10308023 -0.08202714 -0.03034380
v -0.01927422 -0.06752667 -0.02011590
v -0.02495875 -0.06997523 -0.02706027
v -0.02645461 -0.06633997 -0.01772243
v -0.01988791 -0.06530762 -0.01013624
v -0.15236734 0.18912181 0.08605350
v -0.10635349 0.13106713 0.15096277
v -0.08708756 0.13009316 0.14940552
v -0.06919269 0.13074774 0.14256433
v -0.07626995 0.19624394 0.04249578
v -0.08068398 0.16985026 0.03156142
v -0.10469647 0.17528889 0.02523453
v -0.09947900 0.20160112 0.03084535
v -0.11512021 0.32398841 0.11645520
v -0.09344868 0.34403229 0.13322391
v -0.09202009 0.31885895 0.11883079
v -0.11469372 0.30257106 0.10275434
v -0.11337696 0.26882702 0.20503883
v -0.13288821 0.27039877 0.20049497
v -0.09378523 0.29661182 0.21994017
v -0.11542215 0.29475045 0.22114342
v -0.09309286 0.27077460 0.20378992
v -0.09010671 0.11757299 0.01193506
v -0.11642824 0.12122110 0.01170551
v -0.11074207 0.14817357 0.01915040
v -0.08500151 0.14387760 0.02118132
v -0.09366407 -0.37477851 0.08900026
v -0.07764420 -0.37997106 0.09955299
v -0.12045343 -0.47354144 -0.02887477
v -0.11935431 -0.46381250 -0.01437050
v -0.11138173 -0.45272791 -0.02390239
v -0.11444101 -0.46336684 -0.03542341
v -0.12523240 -0.47868145 -0.00914847
v -0.12510258 -0.48731732 -0.02405429
v -0.12645501 -0.50453395 -0.01903210
v -0.12846002 -0.49634913 -0.00515235
v -0.13106829 -0.59078598 0.00313105
v -0.13659015 -0.60694093 0.00144965
v -0.05445633 -0.40636897 -0.07284440
v -0.03588416 -0.40484703 -0.08060970
v -0.03365384 -0.42340913 -0.07862836
v -0.07971777 -0.24584138 -0.05899555
v -0.09001958 -0.17749220 -0.03871208
v -0.06895369 -0.15547362 -0.05409587
v -0.07152557 -0.17531034 -0.05051851
v -0.03625495 -0.10105893 -0.05591822
v -0.02800752 -0.43755156 0.11489695
v -0.02997963 -0.46261451 0.11525758
v 0.00390206 -0.61717230 0.08848135
v 0.01962213 -0.60880578 0.08153827
v 0.00854686 -0.63834703 0.07893532
v 0.01107199 -0.64830828 0.07488985
v 0.02391921 -0.63976181 0.06965528
v 0.02251178 -0.62960792 0.07405099
v 0.02995292 -0.68790209 0.04066260
v 0.02813765 -0.67891443 0.04809117
v -0.01291034 -0.06525245 -0.00073206
v -0.01670019 -0.06123972 -0.00231100
v -0.00976606 -0.06329253 0.00899771
v -0.04859924 -0.03127727 -0.01354226
v -0.02947255 -0.03201681 -0.00117358
v -0.03201953 -0.04674998 -0.00983682
v -0.05014832 -0.05003157 -0.02123244
v -0.18382376 -0.07520035 0.05795404
v -0.18102393 -0.08160296 0.09481476
v -0.05980178 -0.04665968 0.14143853
v -0.28111720 -0.73627734 -0.02024153
v -0.28352216 -0.74106401 -0.01034457
v -0.26579285 -0.72169870 -0.00462587
v -0.26270157 -0.71729648 -0.01474584
v -0.03224060 -0.54292333 0.11766493
v -0.04159321 -0.51718426 0.11805665
v -0.03542744 -0.68658841 0.00048723
v -0.06163071 -0.70405447 0.01324876
v -0.06574063 -0.69731218 -0.00810991
v -0.05962592 -0.69094932 -0.00380690
v -0.05534764 -0.70003217 0.01595211
v -0.08331676 -0.67723286 0.07594952
v -0.07648644 -0.68799084 0.06643382
v -0.06747061 -0.68428171 0.07153720
v -0.07361734 -0.67211396 0.08173870
v 0.01293546 -0.16604160 0.16017061
v -0.01361328 -0.16891427 0.17355360
v -0.01091079 -0.36978549 0.11124052
v -0.02915151 -0.36952633 0.11395619
v -0.02681362 -0.39013261 0.11413844
v -0.00896914 -0.39162490 0.11075450
v -0.06484126 -0.53663141 0.11706490
v -0.08138088 -0.52206933 0.11195415
v -0.03892340 -0.49834794 -0.09583489
v -0.03513132 -0.51806885 -0.09359249
v -0.04986522 -0.52484816 -0.09132522
v -0.05318591 -0.50632811 -0.09432072
v -0.23519486 -0.71426892 0.02258721
v -0.21991360 -0.69157910 0.02346223
v -0.22655518 -0.68917781 0.01442662
v -0.24557278 -0.70942485 0.01117299
v -0.15978020 -0.08438677 0.13046107
v -0.12836954 -0.07129100 0.15248713
v -0.11266883 -0.40712723 0.07929292
v -0.09861879 -0.41373667 0.09450298
v -0.09596145 -0.39353272 0.09325416
v -0.10951976 -0.38724092 0.07832275
v -0.12245855 -0.46265742 0.06834658
v -0.11791562 -0.44477156 0.07294379
v -0.12798123 -0.48110992 0.06475820
v -0.15940569 -0.61121625 0.03759208
v -0.15958633 -0.60916764 0.03234217
v -0.16714826 -0.62325859 0.02630168
v -0.07285152 -0.03043088 -0.02215827
v -0.07621423 -0.10406339 -0.04178336
v -0.07110111 -0.12074435 -0.04966899
v -0.01359748 -0.06753907 -0.01140876
v -0.02484493 -0.69863588 -0.00859585
v -0.02540175 -0.69543940 -0.02393847
v -0.18587656 -0.65379858 0.00247839
v -0.20214468 -0.66780871 -0.00404207
v -0.14774720 -0.58028394 0.03498084
v -0.14342703 -0.58095592 0.02408674
v -0.14787631 -0.59694088 0.02039882
v -0.15230842 -0.59563160 0.02940546
v -0.15430778 -0.59622306 0.03700771
v -0.14921728 -0.58202672 0.04446812
v -0.10369816 -0.62210095 -0.03544760
v -0.09492362 -0.61904651 -0.03891577
v -0.09110253 -0.63813651 -0.03647114
v -0.10004269 -0.64217460 -0.03448819
v -0.08623174 -0.61241233 -0.04177520
v -0.07579733 -0.60647863 -0.04660127
v -0.07196849 -0.62559772 -0.03921331
v -0.08208014 -0.63278246 -0.03710126
v -0.03905965 -0.66920733 -0.01834518
v -0.03153877 -0.65801090 -0.03479915
v -0.02140114 -0.64721775 -0.04761477
v -0.01168943 -0.63939202 -0.05861588
v 0.02716772 -0.66937184 0.05597763
v 0.02711450 -0.65919018 0.06235851
v 0.01301871 -0.66639459 0.06618086
v 0.01072589 -0.67790353 0.05959977
v -0.02077636 -0.68237913 -0.03438237
v -0.01090658 -0.67700601 -0.04797575
v -0.00360861 -0.66016215 -0.05475938
v -0.22724143 -0.79401803 -0.02028876
v -0.20862398 -0.77827907 -0.01485613
v -0.01491174 -0.70973098 0.01848017
v -0.02155848 -0.70408958 0.00517467
v -0.21535528 -0.77999038 0.00054317
v -0.23473340 -0.79556340 -0.00505637
v -0.06468935 -0.67135108 -0.01990213
v -0.05426466 -0.68581033 -0.00260764
v -0.07006928 -0.67671692 -0.02024021
v -0.01990779 -0.69211513 -0.03904272
v -0.01069789 -0.68861043 -0.05276433
v -0.18157955 -0.11244753 0.08274993
v -0.18330136 -0.10574323 0.04886825
v -0.12254160 -0.35199368 0.02212581
v -0.12269162 -0.35858476 0.04087833
v -0.03917930 -0.36520532 -0.08335941
v -0.04069027 -0.34684828 -0.08506486
v 0.00381991 -0.69638598 -0.07473683
v -0.06117256 -0.30693415 -0.07566328
v -0.04475995 -0.30099443 -0.08351327
v -0.04200829 -0.32611281 -0.08465163
v -0.05921807 -0.32896322 -0.07644404
v -0.04039277 -0.27313393 -0.08578113
v -0.03983109 -0.26110923 -0.08528491
v -0.05134727 -0.14345491 -0.06159326
v -0.04268079 -0.14654553 -0.06716718
v -0.15853661 -0.72374237 -0.02830299
v -0.14523256 -0.71550310 -0.02630038
v -0.13633874 -0.73103905 -0.01684789
v -0.15163031 -0.73848009 -0.01809191
v -0.07528932 -0.31093735 -0.06506070
v -0.08817129 -0.31408590 -0.05055300
v -0.12321851 -0.57761192 -0.00674903
v -0.12628007 -0.57354158 0.00541878
v -0.03242874 -0.44505748 -0.08147891
v -0.06683969 -0.51354611 -0.09133545
v -0.06359600 -0.53032917 -0.08724325
v -0.07637689 -0.53475976 -0.08178631
v -0.07941114 -0.51873755 -0.08649972
v -0.01071219 -0.06898025 -0.00443746
v -0.16841704 -0.70760000 0.05092410
v -0.15915179 -0.69898236 0.05535271
v -0.16593316 -0.69198889 0.05381820
v -0.17500415 -0.70214033 0.04957445
v -0.01537367 -0.03491601 0.01397773
v -0.01426611 -0.01850617 0.02724574
v -0.00545654 -0.06416917 0.07198776
v 0.00286080 -0.06410035 0.04620822
v -0.09774879 0.02771974 -0.01404584
v -0.10031702 -0.00303105 -0.02031440
v -0.09574974 0.05736387 -0.00619286
v -0.09277578 0.08839083 0.00304096
v -0.07868157 0.26666147 0.09168123
v -0.08931667 0.29290828 0.10243577
v -0.09418177 0.37253550 0.14830008
v -0.09447912 0.40277162 0.16412263
v -0.09617051 0.43494424 0.18131748
v -0.09815235 0.46797067 0.19918719
v -0.10014737 0.50061095 0.21272576
v -0.24464625 -0.79237854 0.00669409
v -0.22417712 -0.77590448 0.01454414
v -0.23584667 -0.76971877 0.02054662
v -0.25696701 -0.78675771 0.01259314
v -0.23159425 -0.70110750 -0.02424552
v -0.22272177 -0.70603150 -0.03027710
v -0.24154556 -0.72218740 -0.03663392
v -0.24986352 -0.71758544 -0.03011995
v -0.26878601 -0.73492432 -0.03635749
v -0.27577364 -0.73419189 -0.02879309
v -0.25678465 -0.71578997 -0.02296082
v -0.28207615 -0.74802935 0.00045714
v -0.27828854 -0.75681382 0.00859852
v -0.25743487 -0.73763484 0.01519870
v -0.26494604 -0.72965169 0.00565296
v -0.26575831 -0.77787614 0.01417891
v -0.24533011 -0.76153177 0.02144573
v -0.25261003 -0.75041300 0.01947278
v -0.27336290 -0.76789701 0.01260833
v -0.24315611 -0.75470269 -0.05317681
v -0.25168836 -0.74550414 -0.04930115
v -0.23227888 -0.72891831 -0.04169806
v -0.22343770 -0.73821855 -0.04598221
v -0.13281322 -0.74213922 0.00114477
v -0.15004641 -0.74850702 -0.00106118
v -0.14050093 -0.63673967 -0.01161017
v -0.13656437 -0.65361696 -0.02164970
v -0.14218009 -0.66285706 -0.02074094
v -0.14677380 -0.64719081 -0.01176414
v -0.18609187 -0.75654310 -0.02516257
v -0.16814882 -0.74619085 -0.02120823
v -0.16853975 -0.75542319 -0.00512408
v -0.18862954 -0.76526868 -0.00997002
v -0.20393923 -0.72260767 -0.04024969
v -0.21273552 -0.71365547 -0.03558537
v -0.19459820 -0.69676465 -0.02902764
v -0.18663833 -0.70623529 -0.03503173
v -0.24668550 -0.70283538 0.00023509
v -0.22691017 -0.68462539 0.00379813
v -0.15466842 -0.69830406 -0.02904398
v -0.16673312 -0.70868069 -0.03224532
v -0.12139279 -0.56129408 -0.00718067
v -0.13656807 -0.55158424 0.02736628
v -0.13973293 -0.56671655 0.02590588
v -0.11723769 -0.47745892 -0.04591246
v -0.11903902 -0.49343014 -0.05175472
v -0.13172026 -0.49159956 0.01182860
v -0.13217337 -0.51414210 0.01354215
v -0.12164225 -0.48635471 -0.03988836
v -0.12165113 -0.49665442 -0.04607851
v -0.08404846 -0.40894538 -0.04932445
v -0.00613261 -0.64918852 -0.05417944
v -0.17311409 -0.73291808 -0.03140631
v -0.17956647 -0.71849453 -0.03589087
v -0.20598881 -0.67415148 0.02497523
v -0.19193023 -0.65999281 0.02736072
v -0.19262838 -0.65536678 0.02135647
v -0.20876925 -0.67058516 0.01736320
v -0.10094883 -0.57077289 0.10143006
v -0.08328177 -0.55443835 0.11017168
v -0.09694892 -0.54103583 0.10552815
v -0.11106281 -0.55979151 0.09645291
v -0.15939841 -0.72152299 0.04838428
v -0.15731663 -0.73155624 0.04318488
v -0.14298035 -0.72504526 0.04770562
v -0.14786649 -0.71494001 0.05260789
v -0.13825884 -0.73558879 0.03857889
v -0.15505332 -0.74259460 0.03372187
v -0.15243322 -0.74946630 0.01806223
v -0.13438228 -0.74311996 0.02209823
v -0.14903358 -0.15367338 0.12366311
v -0.16840838 -0.15309057 0.09809755
v -0.12685935 -0.27601156 0.00368923
v -0.11721259 -0.26720682 -0.01354440
v -0.11133651 -0.18731515 -0.02368572
v -0.05322461 -0.07371321 -0.03184017
v -0.03353733 -0.06447184 -0.02123341
v -0.01583632 0.00510424 0.04183025
v -0.17626126 -0.14514247 0.06991705
v -0.02115026 0.03238979 0.05577540
v -0.02696811 0.06164643 0.06824470
v -0.05147642 0.05455384 0.13344106
v -0.07366639 0.05418015 0.14716697
v -0.06857289 0.02678001 0.14461729
v -0.04352080 0.02572402 0.12922184
v -0.09895729 0.05515045 0.15090799
v -0.09628891 0.02804908 0.14942709
v -0.13625042 0.14829499 0.03023445
v -0.09416957 0.32660714 0.23442851
v -0.11552917 0.35982192 0.24706677
v -0.11554129 0.32458648 0.23577408
v -0.09591487 0.36043015 0.24585113
v -0.13595471 0.32794231 0.22862609
v -0.13513860 0.29722127 0.21537316
v -0.15526900 0.39146948 0.18305513
v -0.09829333 0.39610532 0.25416592
v -0.11507073 0.39631581 0.25609636
v -0.13438685 0.36199746 0.24072045
v -0.13167381 0.39882880 0.25045368
v -0.01812948 -0.04603046 0.00345819
v -0.17528290 -0.07111084 0.02446169
v -0.17305227 -0.10120866 0.01694661
v -0.12589434 -0.11432925 -0.02456306
v -0.10071255 -0.10276434 -0.03292378
v -0.09756356 -0.33570960 -0.03194179
v -0.10931583 -0.34023407 -0.01570727
v -0.10713819 -0.37721154 -0.01558907
v -0.11557747 -0.38214749 0.00167655
v -0.11669556 -0.36362645 0.00303207
v -0.10910299 -0.35828084 -0.01541679
v -0.12489652 -0.39440364 0.03996107
v -0.12141382 -0.40094781 0.06114287
v -0.11866311 -0.38188329 0.06082758
v -0.12299336 -0.37574312 0.04087417
v -0.11695964 -0.36415645 0.05890916
v -0.10731024 -0.36976632 0.07549873
v -0.04540687 -0.40966949 0.11521493
v -0.06371973 -0.40534610 0.11171607
v -0.06476993 -0.42755297 0.11227820
v -0.04683302 -0.43303066 0.11507286
v -0.06228434 -0.13623023 -0.05721478
v -0.02331301 -0.06123811 -0.01165196
v -0.10221852 -0.03214952 -0.02499238
v -0.13063854 -0.06246737 -0.02101368
v -0.15655598 -0.06501278 -0.00282779
v -0.18008688 -0.65696281 -0.00362164
v -0.12704706 -0.60648477 0.07283663
v -0.13118629 -0.59607309 0.07092842
v -0.17501225 -0.74872875 0.02786670
v -0.17242247 -0.75584966 0.01269500
v -0.17228165 -0.69311583 -0.03084073
v -0.12364303 -0.72597355 -0.01582722
v -0.13359085 -0.70911938 -0.02531251
v -0.12257877 -0.70500696 -0.02538285
v -0.13792413 -0.17543411 -0.00915651
v -0.16165435 -0.15909016 0.00981559
v -0.14435312 -0.14905742 -0.01041755
v 0.00046855 -0.06465366 0.02858889
v -0.07693686 -0.08740652 -0.03659092
v -0.03203485 0.08982939 0.07883603
v -0.03548172 0.11632457 0.08885293
v -0.03574954 0.14155215 0.09946792
v -0.03610449 0.16581520 0.11153621
v -0.03680848 0.19153827 0.12462825
v -0.04177470 0.21819142 0.13628882
v -0.05044805 0.24335843 0.14376244
v -0.05552921 0.26648867 0.15575817
v -0.05005789 0.32427776 0.17242119
v -0.05202175 0.31691509 0.18761070
v -0.05431747 0.29040289 0.17206571
v -0.05071201 0.34541431 0.20251022
v -0.05426062 0.37590224 0.21504450
v -0.06185736 0.40859485 0.22665828
v -0.06783433 0.44246885 0.23809291
v -0.07129039 0.47646385 0.25007921
v -0.00718156 -0.06749997 0.00344392
v -0.00390388 -0.06640735 0.01487329
v -0.05992240 -0.66632867 -0.02039847
v -0.13657549 -0.58511639 0.01344332
v -0.14167516 -0.59986132 0.01138229
v -0.16044693 -0.68234754 -0.02653992
v -0.22809379 -0.74453372 0.02853863
v -0.21683381 -0.75231707 0.02880547
v -0.17799672 -0.68153059 -0.02297339
v -0.14326617 -0.62455255 -0.00199179
v -0.14938949 -0.63663089 -0.00495187
v -0.40813375 -0.90147841 -0.05055846
v -0.41262791 -0.89738214 -0.03847773
v -0.43036792 -0.90547359 -0.04695147
v -0.42639527 -0.90824771 -0.05867028
v -0.40561461 -0.89973795 -0.06304241
v -0.42450619 -0.90561014 -0.06998975
v -0.42574599 -0.85199761 -0.08531241
v -0.41789249 -0.86190593 -0.08795501
v -0.43772078 -0.87010378 -0.08919683
v -0.44512030 -0.86099589 -0.08561733
v -0.44341582 -0.90534621 -0.08467086
v -0.44604626 -0.89663196 -0.08948891
v -0.42677295 -0.89028096 -0.08624697
v -0.42442051 -0.89979374 -0.07950464
v -0.43872494 -0.84071279 -0.06402968
v -0.44022048 -0.84181082 -0.05167941
v -0.42268571 -0.83129293 -0.05131617
v -0.42095253 -0.83073056 -0.06417419
v -0.34036237 -0.82176328 -0.07773681
v -0.35094053 -0.81222510 -0.07739177
v -0.33402783 -0.80704653 -0.07548168
v -0.32437193 -0.81555343 -0.07542749
v -0.37071115 -0.88759291 -0.03352199
v -0.37614515 -0.88004816 -0.02211400
v -0.39455873 -0.88886136 -0.03025447
v -0.38933784 -0.89460099 -0.04247457
v -0.36760822 -0.86888057 -0.06887902
v -0.37054867 -0.85739446 -0.07598312
v -0.34957725 -0.84840286 -0.06857149
v -0.34708357 -0.85970086 -0.05985839
v -0.35315907 -0.87812215 -0.02424479
v -0.35917932 -0.86903870 -0.01489117
v -0.40717623 -0.88417530 -0.08183526
v -0.41140822 -0.87281692 -0.08620826
v -0.39108908 -0.86547172 -0.08209918
v -0.38738418 -0.87732905 -0.07598019
v -0.47285986 -0.86226064 -0.06594221
v -0.47319874 -0.86475289 -0.05505149
v -0.45681363 -0.85317528 -0.05277468
v -0.45602283 -0.85132289 -0.06453041
v -0.45081681 -0.88748550 -0.09135753
v -0.45709783 -0.87860990 -0.09043881
v -0.43136647 -0.87998772 -0.08899063
v -0.45809066 -0.90015304 -0.03862803
v -0.45267519 -0.90832245 -0.04517261
v -0.43542627 -0.89879835 -0.03708653
v -0.44118524 -0.88953185 -0.03139561
v -0.38378379 -0.83598506 -0.08246052
v -0.37591785 -0.84629321 -0.08144595
v -0.39726222 -0.85397530 -0.08558711
v -0.40525556 -0.84382451 -0.08425973
v -0.36720660 -0.88668764 -0.04772411
v -0.38652608 -0.89312595 -0.05575572
v -0.42369258 -0.87938809 -0.02444835
v -0.41812578 -0.88930362 -0.02947558
v -0.40021169 -0.87919575 -0.02259160
v -0.40717989 -0.86725700 -0.01923859
v -0.39794177 -0.84283245 -0.01743055
v -0.40166590 -0.83251649 -0.02716941
v -0.41881365 -0.84392929 -0.02846479
v -0.41409469 -0.85500562 -0.02072904
v -0.36153090 -0.82814020 -0.08000385
v -0.37190968 -0.81865722 -0.07735941
v -0.40174210 -0.82164526 -0.06481315
v -0.40490505 -0.82130378 -0.05163651
v -0.38651350 -0.81190372 -0.05252470
v -0.38158199 -0.81294578 -0.06657644
v -0.31435159 -0.85186088 -0.03804671
v -0.31610265 -0.85878706 -0.02363312
v -0.32938448 -0.86872154 -0.02962090
v -0.32685161 -0.86221671 -0.04243887
v -0.33585182 -0.86637843 -0.01621769
v -0.32266903 -0.85497606 -0.01045755
v -0.31122282 -0.83066672 -0.00082192
v -0.31789276 -0.82119113 -0.00165290
v -0.32682750 -0.82742488 -0.00424154
v -0.32037365 -0.83801383 -0.00105833
v -0.36771366 -0.81883341 -0.01439936
v -0.36885241 -0.81012833 -0.02737194
v -0.38500530 -0.82088482 -0.02686423
v -0.38222879 -0.83086962 -0.01510339
v -0.35524806 -0.79702699 -0.04204202
v -0.35389882 -0.79659563 -0.05619532
v -0.36903280 -0.80319315 -0.05442790
v -0.36985344 -0.80489588 -0.04035379
v -0.30686146 -0.76670969 -0.03810652
v -0.30156177 -0.76716876 -0.04610103
v -0.31509390 -0.77764767 -0.05143370
v -0.31959507 -0.77773511 -0.04243438
v -0.29848921 -0.78580475 -0.06449820
v -0.28583711 -0.77435029 -0.05978663
v -0.27801767 -0.78351480 -0.06380863
v -0.29056656 -0.79472637 -0.06728447
v -0.27025577 -0.82458407 -0.02902621
v -0.27609232 -0.82587838 -0.01348389
v -0.28721499 -0.83480239 -0.01536715
v -0.28293827 -0.83334702 -0.03046505
v -0.35521922 -0.80944538 -0.01507759
v -0.35388234 -0.80001265 -0.02767843
v -0.30937797 -0.79444683 -0.06852647
v -0.30162850 -0.80265361 -0.07061616
v -0.31240985 -0.80957580 -0.07309151
v -0.32106960 -0.80087435 -0.07253345
v -0.29249495 -0.82229173 -0.05928352
v -0.29208654 -0.83084255 -0.04636512
v -0.30272707 -0.83627719 -0.04729927
v -0.30393618 -0.82813102 -0.05969147
v -0.29298973 -0.83864242 -0.03285121
v -0.29631224 -0.84267688 -0.01706095
v -0.30648413 -0.84896886 -0.02009539
v -0.30292752 -0.84496033 -0.03478372
v -0.34623978 -0.80430090 -0.01510692
v -0.34196919 -0.81306517 -0.01036680
v -0.33547199 -0.80727822 -0.00955980
v -0.33928695 -0.79931676 -0.01531486
v -0.34303939 -0.79163265 -0.04428172
v -0.34062833 -0.79153466 -0.05688896
v -0.31652910 -0.83298624 -0.06013045
v -0.31833249 -0.82510066 -0.07091703
v -0.30639109 -0.81961477 -0.07009435
v -0.31320590 -0.84577394 -0.00718145
v -0.31074476 -0.76763141 -0.02965345
v -0.31339651 -0.76993620 -0.01994470
v -0.30059105 -0.75793266 -0.01591113
v -0.29828909 -0.75470245 -0.02547028
v -0.29410920 -0.75337660 -0.03381205
v -0.28780532 -0.75380027 -0.04185491
v -0.26989120 -0.76165950 -0.05517302
v -0.26162228 -0.77063811 -0.05938847
v -0.25468731 -0.78189278 -0.05959229
v -0.24825713 -0.79299170 -0.05412411
v -0.26597884 -0.80620575 -0.05730866
v -0.27117440 -0.79456270 -0.06353195
v -0.24844848 -0.81038725 -0.02594624
v -0.25618637 -0.81185937 -0.01023548
v -0.28342128 -0.82186037 -0.00358024
v -0.26689979 -0.80863154 0.00023174
v -0.31924143 -0.78783405 -0.06344900
v -0.30756396 -0.78021097 -0.05913615
v -0.43055212 -0.86680222 -0.02475252
v -0.43529221 -0.85595012 -0.03083644
v -0.45186317 -0.86764467 -0.03479083
v -0.44744912 -0.87808335 -0.03030580
v -0.47120509 -0.87097645 -0.04609510
v -0.45493984 -0.85924625 -0.04268778
v -0.40512958 -0.89377695 -0.07381716
v -0.38597772 -0.88725591 -0.06735443
v -0.44274202 -0.91187662 -0.07648994
v -0.31510794 -0.84186715 -0.04901130
v -0.32876742 -0.84963441 -0.05274827
v -0.32325184 -0.81119400 -0.00416048
v -0.30869335 -0.81386614 0.00006660
v -0.31489611 -0.80414343 -0.00129758
v -0.34925333 -0.82157648 -0.00987912
v -0.36050677 -0.83263326 -0.00989680
v -0.35105371 -0.84491706 -0.01013333
v -0.33799514 -0.83296990 -0.00827404
v -0.33233148 -0.79343879 -0.01476730
v -0.32879117 -0.80150676 -0.00770688
v -0.32053369 -0.79424822 -0.00509778
v -0.32392067 -0.78576487 -0.01251720
v -0.26597807 -0.81705976 -0.04474603
v -0.28032815 -0.82570994 -0.04535295
v -0.28545433 -0.79300344 0.00731049
v -0.29750282 -0.80454016 0.00289267
v -0.29124030 -0.81400800 0.00100117
v -0.27785361 -0.80212736 0.00528385
v -0.30176410 -0.82284594 -0.00051193
v -0.29103523 -0.78305972 0.00641518
v -0.30417907 -0.79492855 0.00173441
v -0.24477747 -0.80347580 -0.04232397
v -0.31251076 -0.77613211 -0.00960532
v -0.30910283 -0.78506702 -0.00185768
v -0.29609489 -0.77280140 0.00240665
v -0.29969174 -0.76378477 -0.00523171
v -0.43845606 -0.84746557 -0.04037834
v -0.42135528 -0.83626527 -0.03904097
v -0.34618464 -0.79941356 -0.06929136
v -0.36241645 -0.80506700 -0.06879275
v -0.33183756 -0.79445624 -0.06736526
v -0.43374094 -0.84431601 -0.07625068
v -0.45204335 -0.85418504 -0.07640935
v -0.39359599 -0.82679093 -0.07685208
v -0.41426343 -0.83519721 -0.07666107
v -0.39042971 -0.85645723 -0.01440842
v -0.33313984 -0.78621423 -0.03395000
v -0.33127636 -0.78568196 -0.04455788
v -0.34327966 -0.79233015 -0.03248150
v -0.27928865 -0.75572592 -0.04938400
v -0.29421517 -0.76917803 -0.05379485
v -0.34766006 -0.79784882 -0.02122143
v -0.25920823 -0.73886335 -0.04336134
v -0.33109495 -0.84522021 -0.00353605
v -0.30318102 -0.83898270 -0.00571707
v -0.29376370 -0.83091396 -0.00505692
v -0.44779587 -0.91346788 -0.05524708
v -0.36578941 -0.88009143 -0.05993719
v -0.33006704 -0.83992219 -0.06241462
v -0.33357489 -0.83076978 -0.07285902
v -0.33422172 -0.78735697 -0.02355784
v -0.32502919 -0.77986455 -0.02261293
v -0.32259986 -0.77828258 -0.03299055
v -0.28011605 -0.81612802 -0.05831411
v -0.28410980 -0.80556476 -0.06615475
v -0.46950260 -0.86425984 -0.07703328
v -0.29503399 -0.81375784 -0.06824665
v -0.34213036 -0.85839438 -0.00813985
v 0.02100176 -0.61931205 0.07790050
v -0.12843916 -0.47144371 0.00992305
v -0.10151898 -0.43274784 -0.02456332
v -0.11064284 -0.43983912 -0.01128421
v -0.12999228 -0.55320424 0.01614750
v -0.13266452 -0.56978458 0.01493382
v -0.14869705 -0.61598337 0.00668825
v -0.15486497 -0.62820441 0.00250761
v -0.12797531 -0.51570296 -0.00082067
v -0.01797054 -0.83001614 0.03565024
v -0.01702555 -0.82248223 0.03509524
v -0.01711860 -0.84251177 0.04012917
v -0.03754193 -0.28773654 -0.08519284
v -0.02415845 -0.82084608 0.02241814
v -0.02242280 -0.81283581 0.02104217
v -0.02692667 -0.81682062 0.02296227
v -0.02444690 -0.82227439 0.02108526
v -0.02466907 -0.82338715 0.02099402
v -0.02189094 -0.84756756 0.03297614
v -0.01677651 -0.81451082 0.03205762
v -0.01742098 -0.80644107 0.02780116
v -0.02592952 -0.83629930 0.02377895
v -0.01796594 -0.29690272 0.12077470
v 0.00349612 -0.29432547 0.11811087
v 0.00474905 -0.27435982 0.12627359
v -0.01921909 -0.27724963 0.12931384
v 0.00595699 -0.25571501 0.13549921
v -0.10962601 -0.23084778 0.14233136
v -0.13047257 -0.23438901 0.12440239
v -0.12542829 -0.25590801 0.11798996
v -0.10655135 -0.25321931 0.13483649
v -0.13465199 -0.27272770 0.09287080
v -0.11913389 -0.27375686 0.11075392
v -0.14051533 -0.25709695 0.09631694
v -0.15059429 -0.25319588 0.07270971
v -0.14403550 -0.26894391 0.07014645
v -0.15427354 -0.24550053 0.05010976
v -0.14745992 -0.26217389 0.04770761
v -0.15281092 -0.23612995 0.02972351
v -0.14412379 -0.22694552 0.00999891
v -0.13446467 -0.19783381 -0.00793935
v -0.11172570 -0.20990683 -0.02529225
v -0.12952191 -0.21826629 -0.00846851
v -0.07411327 -0.19678618 -0.05069784
v -0.09345488 -0.20257805 -0.03946158
v -0.04427587 -0.19451301 -0.06843193
v -0.05812234 -0.19532406 -0.06072389
v -0.06698436 -0.64593101 -0.03191829
v -0.02569532 -0.69981128 0.05089030
v -0.03236902 -0.69836223 0.05224483
v -0.03801854 -0.70284367 0.03555568
v -0.06058810 -0.66311812 0.08664568
v -0.05588367 -0.67639887 0.07712112
v -0.04257903 -0.66432905 0.08448921
v -0.04594728 -0.65128434 0.09163960
v -0.01972296 -0.69080472 0.06118743
v -0.01528075 -0.69152969 0.05872686
v -0.02484971 -0.68771219 0.06436383
v -0.00139969 -0.66622818 0.07389513
v -0.01399354 -0.67699999 0.07164274
v -0.06356537 -0.70452636 0.03500653
v -0.06889807 -0.69857883 0.05374638
v -0.07694612 -0.70177841 0.04946507
v -0.07219741 -0.70900321 0.03128276
v -0.08980548 -0.66533923 0.08133525
v -0.09534198 -0.65241534 0.08365907
v -0.10356502 -0.65893179 0.07838801
v -0.09757802 -0.67057705 0.07640488
v -0.09883736 -0.72828436 0.02435148
v -0.10243173 -0.71896827 0.04190557
v -0.11249591 -0.72474635 0.04207844
v -0.10863726 -0.73317492 0.02528212
v -0.09108669 -0.68080819 0.07077521
v -0.05348857 -0.55477571 0.11763728
v -0.07272342 -0.56819153 0.11165756
v -0.08988258 -0.58129370 0.10469574
v -0.12266758 -0.61608917 0.07466645
v -0.11554690 -0.60669035 0.08222238
v -0.12005116 -0.59635162 0.08114731
v -0.13040864 -0.62503219 0.06923711
v -0.14129426 -0.63111639 0.06383362
v -0.13391098 -0.68400562 -0.02682033
v -0.12651509 -0.67767286 -0.02931877
v -0.11280553 -0.70064056 -0.02616396
v -0.16278943 -0.64410281 0.04783503
v -0.15253767 -0.63432866 0.05464257
v -0.15523088 -0.62833023 0.05083684
v -0.16507933 -0.63967991 0.04444098
v -0.05588197 -0.70242357 0.03756592
v -0.11902769 -0.71361709 0.05244154
v -0.10878023 -0.70751500 0.05259955
v -0.11542179 -0.69624376 0.05998060
v -0.12551713 -0.70251524 0.05816809
v -0.13223164 -0.69239420 0.06155165
v -0.12269811 -0.68643588 0.06476545
v -0.12902242 -0.67620194 0.06704784
v -0.13854633 -0.68296123 0.06328604
v -0.15968141 -0.65046734 0.05160962
v -0.14940110 -0.64070815 0.05824269
v -0.11913567 -0.73700798 0.00368321
v -0.07839692 -0.71659613 0.00573931
v -0.08159278 -0.70846605 -0.01479713
v -0.07299569 -0.70227659 -0.01148847
v -0.06954170 -0.70995891 0.00933931
v -0.17099360 -0.63832492 0.00906506
v -0.16622081 -0.64084977 0.00180219
v -0.17517844 -0.63683510 0.01533633
v -0.15868288 -0.61640090 0.04274783
v -0.17807120 -0.63736796 0.02099177
v -0.15072581 -0.67178380 -0.02233837
v -0.14399096 -0.68950444 -0.02658517
v -0.09278768 -0.69107074 -0.02732315
v -0.08346160 -0.68666661 -0.02574780
v -0.12037860 -0.73708761 0.02573885
v -0.12478353 -0.72922063 0.04204395
v -0.17371863 -0.65665591 0.04328620
v -0.17589372 -0.65306896 0.03983110
v -0.18651542 -0.66573489 0.03683653
v -0.15054977 -0.60842049 0.05327326
v -0.15748531 -0.62298113 0.04685406
v -0.08098756 -0.71388626 0.02783218
v -0.13086197 -0.71847224 0.05185162
v -0.13744645 -0.70776486 0.05646856
v -0.11379915 -0.68029428 0.06836494
v -0.10654631 -0.69014466 0.06283833
v -0.09858622 -0.68538547 0.06641374
v -0.10572426 -0.67538166 0.07228560
v -0.14873666 -0.69124317 0.05957025
v -0.15573412 -0.68245196 0.05804701
v -0.11219775 -0.66438556 0.07413875
v -0.12078553 -0.66978800 0.07050093
v -0.17033218 -0.66226542 0.04731104
v -0.07557015 -0.68219984 -0.02224477
v -0.08837105 -0.66510117 -0.03249612
v -0.08151488 -0.65903866 -0.03261934
v -0.10672040 -0.67078578 -0.03263163
v -0.09694556 -0.66818261 -0.03257161
v -0.11778322 -0.67274928 -0.03163348
v -0.07541038 -0.65303892 -0.03226338
v -0.34199914 -0.79346859 -0.02279256
v -0.18980317 -0.66361964 0.03261751
v -0.20096838 -0.67611790 0.03102129
v -0.19543251 -0.67758346 0.03554246
v -0.23421794 -0.73213696 0.02642038
v -0.02287269 -0.79715943 -0.12393513
v -0.02294487 -0.80340457 -0.12513219
v -0.01996846 -0.82337058 -0.12119515
v -0.01904973 -0.82657695 -0.11963722
v -0.33047077 -0.81679034 -0.00696473
v -0.33651426 -0.82067704 -0.00872496
v -0.37470508 -0.84416968 -0.01160775
v -0.38277620 -0.86858475 -0.01674488
v -0.36601499 -0.85699159 -0.01224632
v -0.34783423 -0.87858522 -0.03849669
v -0.34615278 -0.87103158 -0.05125612
v -0.35414356 -0.83822811 -0.07653505
v -0.38658643 -0.81443626 -0.03953578
v -0.47806418 -0.93112487 -0.08279860
v -0.48122770 -0.93098861 -0.07200416
v -0.49828070 -0.93950641 -0.08122747
v -0.49583614 -0.93795776 -0.09187562
v -0.51318657 -0.94498956 -0.10048512
v -0.51449192 -0.93762577 -0.10666115
v -0.49653456 -0.93195337 -0.09946108
v -0.51710647 -0.92922378 -0.10759063
v -0.49898094 -0.92379332 -0.10222248
v -0.52045906 -0.92171156 -0.10522015
v -0.52495104 -0.91565156 -0.10152850
v -0.50735778 -0.90924257 -0.09965558
v -0.50247359 -0.91596675 -0.10197739
v -0.49415451 -0.89546311 -0.09374198
v -0.51242858 -0.90363097 -0.09522421
v -0.51685029 -0.89907473 -0.08917110
v -0.49978942 -0.88919842 -0.08807486
v -0.53623778 -0.90769434 -0.07364421
v -0.53511548 -0.91217494 -0.06729913
v -0.52100182 -0.90058470 -0.06378198
v -0.52176112 -0.89624333 -0.07145788
v -0.49968031 -0.90447718 -0.05060382
v -0.50300390 -0.89549971 -0.05466142
v -0.51846182 -0.90797520 -0.05861979
v -0.51534688 -0.91652274 -0.05492717
v -0.52926821 -0.92798233 -0.05771095
v -0.52545643 -0.93653214 -0.06039183
v -0.51137567 -0.92492092 -0.05536234
v -0.44412097 -0.91523761 -0.06613005
v -0.46111000 -0.92302543 -0.07405218
v -0.46050030 -0.91862667 -0.08381039
v -0.48410669 -0.90950489 -0.09809352
v -0.46537575 -0.90301609 -0.09396325
v -0.46209940 -0.91130179 -0.09040099
v -0.48062524 -0.91760302 -0.09648381
v -0.46380416 -0.87007582 -0.08619083
v -0.47579908 -0.88683432 -0.09203020
v -0.48184809 -0.87969077 -0.08687453
v -0.48875383 -0.90223467 -0.09690801
v -0.47006181 -0.89486992 -0.09381638
v -0.50371891 -0.88523090 -0.07972427
v -0.52018541 -0.89595485 -0.08080119
v -0.48604438 -0.92723763 -0.06211552
v -0.49113262 -0.92124093 -0.05412299
v -0.50683212 -0.93211818 -0.06192882
v -0.50234330 -0.93687260 -0.07050698
v -0.48673701 -0.87480223 -0.07824302
v -0.47490650 -0.91078168 -0.04616177
v -0.46958175 -0.91766644 -0.05348562
v -0.49612403 -0.91287577 -0.04986407
v -0.48002276 -0.90153873 -0.04351389
v -0.51774174 -0.94619632 -0.07859506
v -0.51454258 -0.94837266 -0.08991232
v -0.46468180 -0.92225409 -0.06324232
v -0.50587296 -0.88477170 -0.06977442
v -0.50546080 -0.88873065 -0.06088454
v -0.48943070 -0.87654716 -0.05790482
v -0.48937035 -0.87361205 -0.06790513
v -0.46812949 -0.87949675 -0.03992468
v -0.48748729 -0.88268399 -0.05059740
v -0.48413756 -0.89166307 -0.04555429
v -0.53256124 -0.91867208 -0.06204292
v -0.46351418 -0.89019597 -0.03680802
v -0.60153222 -0.95087922 -0.11449298
v -0.59449357 -0.94430912 -0.11555570
v -0.59709936 -0.94773477 -0.12550715
v -0.60355002 -0.95441121 -0.12369515
v -0.58130795 -0.93368649 -0.13216220
v -0.57078463 -0.93424928 -0.13692594
v -0.57730716 -0.94156891 -0.14506364
v -0.58573765 -0.94113034 -0.14088969
v -0.60374415 -0.95944273 -0.13132323
v -0.59807205 -0.95225132 -0.13325210
v -0.59967995 -0.96401823 -0.13519821
v -0.60510415 -0.97212595 -0.13230313
v -0.60893387 -0.96609867 -0.13083278
v -0.61079729 -0.97748530 -0.13136987
v -0.59630352 -0.97760189 -0.12607032
v -0.60703874 -0.98284304 -0.12481287
v -0.59262484 -0.97844362 -0.10019222
v -0.59246385 -0.97545779 -0.09008553
v -0.60589558 -0.98037267 -0.09217213
v -0.60601246 -0.98253918 -0.10307829
v -0.60417598 -0.96887946 -0.07551148
v -0.60591710 -0.97536409 -0.08381637
v -0.59203672 -0.97103429 -0.08225887
v -0.59133208 -0.96525854 -0.07493152
v -0.59794724 -0.94675750 -0.10009630
v -0.59033173 -0.94046772 -0.09938466
v -0.59162533 -0.94221514 -0.10568256
v -0.59884846 -0.94845808 -0.10567302
v -0.59428442 -0.96657872 -0.14220391
v -0.58910835 -0.96972811 -0.13397935
v -0.59581155 -0.96964073 -0.13456596
v -0.59706420 -0.96478492 -0.14218500
v -0.57440454 -0.92087138 -0.08938448
v -0.56292540 -0.91816950 -0.08936863
v -0.56095755 -0.92111754 -0.09677212
v -0.57163966 -0.92330265 -0.09581188
v -0.55994332 -0.92568052 -0.12143546
v -0.55548757 -0.92506051 -0.11330713
v -0.54431057 -0.93257916 -0.11794911
v -0.54997981 -0.93496048 -0.12416013
v -0.56483310 -0.92865223 -0.12893793
v -0.55570495 -0.93720543 -0.13016742
v -0.56323963 -0.94167560 -0.13708012
v -0.57203078 -0.94750035 -0.14494732
v -0.56384915 -0.91715848 -0.07982533
v -0.57260323 -0.91770333 -0.07765892
v -0.65973550 -0.98550618 -0.13159610
v -0.66166306 -0.98335624 -0.12703006
v -0.65618461 -0.98234320 -0.12690809
v -0.65427411 -0.98429120 -0.13158467
v -0.56690431 -0.92966342 -0.06426138
v -0.56396461 -0.93870568 -0.06336991
v -0.55863094 -0.93425143 -0.06347300
v -0.56135708 -0.92586255 -0.06618744
v -0.57455164 -0.93400705 -0.06212915
v -0.57119459 -0.94400525 -0.06333384
v -0.65797335 -0.99638903 -0.13033545
v -0.65781784 -0.99288583 -0.13347152
v -0.65222085 -0.99195790 -0.13264896
v -0.65213370 -0.99550444 -0.12908320
v -0.61007309 -0.96019185 -0.12412880
v -0.60830903 -0.95663118 -0.11530635
v -0.62509704 -0.96818477 -0.12266815
v -0.61683297 -0.96209168 -0.11725071
v -0.61622930 -0.96536851 -0.12643996
v -0.62200469 -0.97045416 -0.12827665
v -0.61427045 -0.95504862 -0.09794134
v -0.60554117 -0.95063269 -0.09710877
v -0.60746449 -0.95403790 -0.10411568
v -0.61628479 -0.95836884 -0.10506427
v -0.60697001 -0.94381028 -0.08698052
v -0.61508828 -0.94859725 -0.08689611
v -0.61604410 -0.94482553 -0.08131415
v -0.60882491 -0.94068974 -0.08203710
v -0.63016725 -0.95973545 -0.09191119
v -0.63717669 -0.96527338 -0.09120966
v -0.63694131 -0.96342796 -0.08569899
v -0.63037467 -0.95757449 -0.08674814
v -0.55309641 -0.93091804 -0.06299341
v -0.55510008 -0.92287731 -0.06732161
v -0.60380358 -0.95452678 -0.06144832
v -0.60424352 -0.94517368 -0.05853291
v -0.61308563 -0.94740832 -0.05630072
v -0.61263615 -0.95688391 -0.05931798
v -0.56129259 -0.94786990 -0.06639542
v -0.55516779 -0.94403398 -0.06515895
v -0.65897715 -0.99787450 -0.12522064
v -0.65311515 -0.99709570 -0.12390283
v -0.56104165 -0.95066452 -0.13136566
v -0.57088482 -0.95522732 -0.14041230
v -0.55279422 -0.94699913 -0.12406462
v -0.54648507 -0.94484937 -0.11918104
v -0.53925323 -0.94320750 -0.11601430
v -0.62172061 -0.96329045 -0.11287461
v -0.60484928 -0.95293653 -0.10772043
v -0.59748149 -0.94464642 -0.09620772
v -0.60311532 -0.92995149 -0.07213045
v -0.59669447 -0.92626452 -0.07198323
v -0.59751153 -0.93005830 -0.08087818
v -0.60328847 -0.93335259 -0.07865153
v -0.60641205 -0.93689311 -0.06021391
v -0.60919285 -0.93391043 -0.06546950
v -0.61642563 -0.93745023 -0.06419248
v -0.61460936 -0.93988317 -0.05854639
v -0.59086478 -0.96786863 -0.14432892
v -0.58299506 -0.96773505 -0.13617602
v -0.57004666 -0.92163897 -0.06847791
v -0.56307340 -0.91963255 -0.07154401
v -0.55602628 -0.91821539 -0.07370755
v -0.58119649 -0.93103057 -0.09720707
v -0.57038808 -0.92431307 -0.09999467
v -0.57057273 -0.92473328 -0.10584881
v -0.58169079 -0.93230575 -0.10116830
v -0.58712506 -0.93530202 -0.11806142
v -0.57673597 -0.92807591 -0.12236592
v -0.59070379 -0.93976724 -0.12822399
v -0.55871296 -0.92255723 -0.10355902
v -0.55189979 -0.92020404 -0.09646609
v -0.54926932 -0.92260528 -0.10356185
v -0.55425656 -0.91776049 -0.08866377
v -0.55593729 -0.91680276 -0.08079419
v -0.54271132 -0.91751033 -0.09602034
v -0.53920889 -0.92061621 -0.10257530
v -0.54551697 -0.91517079 -0.08829963
v -0.54731750 -0.91416764 -0.08103684
v -0.53964776 -0.93665016 -0.05984728
v -0.54366612 -0.92674845 -0.06266694
v -0.54838687 -0.94069445 -0.06301456
v -0.53279483 -0.93226779 -0.11283146
v -0.54627711 -0.92678094 -0.11078072
v -0.53601849 -0.92567396 -0.10811787
v -0.52935266 -0.94141138 -0.11268044
v -0.58893394 -0.94655538 -0.14669326
v -0.59276754 -0.95115471 -0.15141922
v -0.59720069 -0.95402104 -0.14724225
v -0.59399194 -0.95064241 -0.14233202
v -0.61759329 -0.98124969 -0.13028049
v -0.61962765 -0.97538173 -0.13174924
v -0.61385602 -0.97115743 -0.13138960
v -0.58339947 -0.92291892 -0.08502574
v -0.58159196 -0.91980731 -0.07457530
v -0.62844121 -0.96761954 -0.11752672
v -0.64513612 -0.99395144 -0.12800433
v -0.64547348 -0.99022311 -0.13183305
v -0.63368344 -0.98635948 -0.13079260
v -0.63376856 -0.99044704 -0.12665512
v -0.63625538 -0.97290540 -0.11368036
v -0.63362485 -0.97131729 -0.11910199
v -0.64073968 -0.97430664 -0.11998353
v -0.64246339 -0.97730559 -0.11514083
v -0.63562196 -0.95861256 -0.08015750
v -0.63058692 -0.95363593 -0.08097079
v -0.62039852 -0.98323280 -0.10585763
v -0.61601377 -0.98726553 -0.11561023
v -0.60486799 -0.98454404 -0.11396217
v -0.61433953 -0.95184946 -0.09194806
v -0.62240642 -0.95579082 -0.09198973
v -0.62308949 -0.95302403 -0.08695659
v -0.62502444 -0.96386564 -0.11061754
v -0.63021368 -0.96701396 -0.11275819
v -0.62909645 -0.96496964 -0.10701272
v -0.62288052 -0.96141326 -0.10579015
v -0.59345031 -0.94228387 -0.05979533
v -0.59724897 -0.93131149 -0.06207277
v -0.65834701 -0.98900175 -0.13382632
v -0.65291101 -0.98793936 -0.13360065
v -0.54655391 -0.91892755 -0.06860980
v -0.54773790 -0.91531414 -0.07474510
v -0.60559541 -0.94733226 -0.09201711
v -0.59281319 -0.97969759 -0.11206288
v -0.59771609 -0.94168723 -0.09234392
v -0.62385309 -0.96581721 -0.07042472
v -0.62640876 -0.95939481 -0.06713104
v -0.63238972 -0.96244240 -0.07009067
v -0.63032109 -0.96849322 -0.07041760
v -0.65196931 -0.98290604 -0.11645967
v -0.65123445 -0.98003078 -0.12121131
v -0.65770447 -0.98284996 -0.12153050
v -0.65810215 -0.98568028 -0.11719507
v -0.63048834 -0.97183609 -0.12396292
v -0.62766099 -0.97428334 -0.12871008
v -0.63581020 -0.97746575 -0.12950230
v -0.63825297 -0.97475457 -0.12503846
v -0.62606317 -0.97860628 -0.13095389
v -0.63436097 -0.98169947 -0.13171929
v -0.65112311 -0.98821253 -0.11413608
v -0.64849454 -0.99334538 -0.11678810
v -0.63780314 -0.98938060 -0.11449865
v -0.64171785 -0.98348284 -0.11270540
v -0.57899672 -0.96115154 -0.07410943
v -0.57961541 -0.95532298 -0.06767990
v -0.59191674 -0.95877564 -0.06778787
v -0.60404235 -0.96190286 -0.06759938
v -0.61546779 -0.96284878 -0.06813957
v -0.61558676 -0.97176921 -0.07557416
v -0.59221029 -0.95220923 -0.06255770
v -0.63308489 -0.97872275 -0.10646951
v -0.62969834 -0.98447096 -0.11127429
v -0.63032103 -0.98268718 -0.10368445
v -0.59905773 -0.93729210 -0.08667155
v -0.64617562 -0.98612100 -0.13305485
v -0.54621333 -0.95871198 -0.10272380
v -0.54783690 -0.95982945 -0.09104987
v -0.55738342 -0.96294022 -0.09235216
v -0.55451500 -0.96105295 -0.10562301
v -0.64937240 -0.98012084 -0.12630525
v -0.64775759 -0.98208892 -0.13100323
v -0.63120532 -0.95172226 -0.07446733
v -0.63521528 -0.95681757 -0.07495081
v -0.63492686 -0.95763665 -0.07060088
v -0.63147277 -0.95369506 -0.06825534
v -0.58068830 -0.94889003 -0.06299109
v -0.61942053 -0.94911563 -0.05402784
v -0.61828589 -0.95820355 -0.05661529
v -0.56898350 -0.95164180 -0.06717043
v -0.56778896 -0.95771182 -0.07351924
v -0.55902439 -0.95494312 -0.07309953
v -0.62073803 -0.97736204 -0.08617797
v -0.57921141 -0.96608853 -0.08091579
v -0.56774181 -0.96178597 -0.08024593
v -0.55755192 -0.95923805 -0.08067127
v -0.54962057 -0.95681429 -0.08006918
v -0.55179125 -0.95220470 -0.07190071
v -0.64617938 -0.99559176 -0.12243226
v -0.65518183 -0.99511695 -0.11843500
v -0.54404545 -0.94861060 -0.06986427
v -0.53532481 -0.94464278 -0.06519892
v -0.53213811 -0.94963098 -0.07419363
v -0.54133046 -0.95398617 -0.07806224
v -0.56763959 -0.96548665 -0.08822212
v -0.56750721 -0.96791244 -0.09671114
v -0.57958448 -0.96988547 -0.08842874
v -0.58005762 -0.97307467 -0.09783565
v -0.61857414 -0.98333377 -0.09437291
v -0.67037433 -0.99448442 -0.11899135
v -0.66283858 -0.99200881 -0.11738741
v -0.66379046 -0.98749286 -0.11773045
v -0.67136115 -0.99052441 -0.11884791
v -0.65721190 -0.99034464 -0.11582975
v -0.66088563 -0.99625492 -0.11994007
v -0.58022410 -0.97390234 -0.11020234
v -0.63497293 -0.97035110 -0.10733236
v -0.56648487 -0.96590686 -0.11126518
v -0.58371389 -0.97421032 -0.12363574
v -0.57429183 -0.96833158 -0.12566122
v -0.55225950 -0.95559871 -0.11650226
v -0.56052345 -0.95854557 -0.12326228
v -0.53783619 -0.95128322 -0.10951452
v -0.54530752 -0.95307654 -0.11234225
v -0.52782977 -0.94900227 -0.10630503
v -0.57051837 -0.96227109 -0.13336416
v -0.66740853 -0.98669887 -0.13176520
v -0.66914052 -0.98494673 -0.12677431
v -0.53828526 -0.95638108 -0.10006426
v -0.52822930 -0.95402575 -0.09657709
v -0.59300625 -0.94567883 -0.13654675
v -0.59087765 -0.93236983 -0.08880860
v -0.59005255 -0.93600893 -0.09289377
v -0.59011996 -0.92276311 -0.07261705
v -0.59142745 -0.92665660 -0.08278397
v -0.52984113 -0.95342815 -0.08481421
v -0.52950370 -0.91132164 -0.09631954
v -0.53283381 -0.90838695 -0.08894225
v -0.52134132 -0.94227052 -0.06861891
v -0.66626936 -0.99034995 -0.13436414
v -0.63830239 -0.97099346 -0.08837596
v -0.63743603 -0.97039187 -0.08565253
v -0.58243948 -0.94685829 -0.15079905
v -0.58808196 -0.95225233 -0.15490876
v -0.58562279 -0.96198595 -0.15293545
v -0.58578235 -0.95658064 -0.15533686
v -0.57857418 -0.95222169 -0.15120819
v -0.57829440 -0.95860946 -0.14735451
v -0.58173668 -0.92942691 -0.09428199
v -0.58297575 -0.92707658 -0.09034784
v -0.58346421 -0.93841738 -0.06082655
v -0.58728492 -0.92801607 -0.06294747
v -0.62481427 -0.98366636 -0.12987168
v -0.61629003 -0.98557782 -0.12463028
v -0.62458283 -0.98731983 -0.12504612
v -0.63469625 -0.99188441 -0.12032358
v -0.63566029 -0.97583526 -0.10795441
v -0.63604492 -0.97911727 -0.11123399
v -0.57292426 -0.92580140 -0.11331228
v -0.58366936 -0.93355870 -0.10824144
v -0.59723908 -0.95624316 -0.13863577
v -0.59836841 -0.95984119 -0.14290155
v -0.62179965 -0.95846796 -0.09867088
v -0.63112718 -0.98134530 -0.08970094
v -0.62843645 -0.98536098 -0.09603447
v -0.62876517 -0.96220636 -0.09935435
v -0.66612661 -0.99777555 -0.13131359
v -0.66600800 -0.99420893 -0.13429058
v -0.62532371 -0.98897851 -0.11781874
v -0.62370044 -0.94908231 -0.08091359
v -0.62950653 -0.97532761 -0.08373100
v -0.63532972 -0.97647732 -0.08796361
v -0.61953121 -0.94271529 -0.05732479
v -0.53961468 -0.95700884 -0.08872177
v -0.66332918 -0.98384881 -0.12140871
v -0.67077267 -0.98594916 -0.12143032
v -0.66855752 -0.99756634 -0.12141622
v -0.66677713 -0.99903351 -0.12620306
v -0.57829863 -0.92459631 -0.06504392
v -0.58987719 -0.93855262 -0.09599884
v -0.53537858 -0.90674281 -0.08088704
v -0.57911783 -0.96444792 -0.14171864
v -0.58751792 -0.96661067 -0.14853510
v -0.63518173 -0.96629989 -0.09937952
v -0.62132108 -0.96041745 -0.06291325
v -0.62372577 -0.97365826 -0.07520813
v -0.62988907 -0.97530913 -0.07450575
v -0.63297278 -0.97680408 -0.08104588
v -0.63697720 -0.97435534 -0.08369108
v -0.67455989 -0.99910134 -0.12217844
v -0.67306888 -1.00057292 -0.12696558
v -0.67270565 -0.99950004 -0.13205805
v -0.67226088 -0.99568874 -0.13473567
v -0.67195791 -0.99162155 -0.13444969
v -0.67613989 -0.99622989 -0.11988319
v -0.67669958 -0.99232507 -0.11975048
v -0.67582011 -0.98790711 -0.12216786
v -0.68118703 -0.99729544 -0.12036133
v -0.68074793 -1.00054920 -0.12288179
v -0.68491137 -1.00121117 -0.13405661
v -0.67946798 -1.00120926 -0.13258299
v -0.68248695 -1.00224733 -0.13074932
v -0.68588465 -1.00278354 -0.13149917
v -0.69006014 -1.00340736 -0.13171245
v -0.68969756 -1.00132132 -0.13394901
v -0.68198961 -1.00226164 -0.12782770
v -0.68600142 -1.00330067 -0.12783360
v -0.68647277 -1.00197136 -0.12433493
v -0.69061911 -1.00296855 -0.12440581
v -0.69031602 -1.00430977 -0.12784214
v -0.68299645 -1.00155234 -0.12490954
v -0.67847455 -1.00169206 -0.12763134
v -0.69365156 -1.00194788 -0.13231653
v -0.69297427 -1.00387943 -0.13129503
v -0.69411284 -1.00462866 -0.12816413
v -0.69591111 -1.00259078 -0.12841235
v -0.67779034 -0.99694246 -0.13507065
v -0.68415987 -0.99791408 -0.13497791
v -0.68967944 -0.99849164 -0.13414085
v -0.69390929 -0.99916089 -0.13223089
v -0.68455034 -0.99468344 -0.13408387
v -0.69000185 -0.99590552 -0.13276494
v -0.69346946 -0.99670184 -0.13090684
v -0.68563223 -0.99215245 -0.13144813
v -0.69062072 -0.99422944 -0.13047695
v -0.67788535 -0.98974574 -0.13185138
v -0.67723876 -0.99297184 -0.13456404
v -0.69294304 -0.99545658 -0.12966438
v -0.69600856 -0.99974936 -0.12821344
v -0.68629408 -1.00031841 -0.12199512
v -0.69104588 -1.00109971 -0.12243646
v -0.68669617 -0.99804914 -0.12072250
v -0.69156766 -0.99886823 -0.12162413
v -0.69486678 -1.00216889 -0.12404539
v -0.69373190 -1.00389373 -0.12488136
v -0.67263687 -0.98799765 -0.13169584
v -0.67423201 -0.98664135 -0.12671918
v -0.67938334 -0.98833787 -0.12708785
v -0.68676823 -0.99065208 -0.12704639
v -0.68047708 -0.98964214 -0.12263721
v -0.68150693 -0.99360162 -0.12027715
v -0.68692940 -0.99523062 -0.12090655
v -0.68695796 -0.99202406 -0.12274715
v -0.69164479 -0.99634182 -0.12207097
v -0.69162220 -0.99426407 -0.12380612
v -0.69144511 -0.99352825 -0.12717089
v -0.69457597 -0.99717295 -0.12423515
v -0.69518083 -0.99959087 -0.12391563
v -0.69503444 -0.99735314 -0.12774134
v -0.69366390 -0.99563718 -0.12498020
v -0.69360125 -0.99551260 -0.12740918
v -0.67068589 -0.98379761 -0.10102291
v -0.67153710 -0.98159933 -0.09654987
v -0.66437489 -0.98057425 -0.09701468
v -0.66369903 -0.98239195 -0.10144162
v -0.66706669 -0.99410427 -0.10207176
v -0.66848135 -0.99021339 -0.10477590
v -0.66180015 -0.98924315 -0.10496849
v -0.66036463 -0.99302268 -0.10197211
v -0.66641468 -0.99494433 -0.09624675
v -0.65977401 -0.99392092 -0.09588099
v -0.65258986 -0.99132121 -0.10229999
v -0.65416533 -0.98739958 -0.10531747
v -0.64165336 -0.98201692 -0.10534320
v -0.63985401 -0.98643082 -0.10296413
v -0.64465326 -0.97091663 -0.09298809
v -0.64491975 -0.97406900 -0.08933226
v -0.66984499 -0.98660487 -0.10395900
v -0.66298157 -0.98540217 -0.10422569
v -0.65693599 -0.97959578 -0.08948356
v -0.65721875 -0.97746372 -0.09307636
v -0.66485059 -0.98017031 -0.09271497
v -0.66461730 -0.98215640 -0.08928217
v -0.64299005 -0.97390831 -0.10382131
v -0.64365655 -0.97120929 -0.09871695
v -0.64264596 -0.97788793 -0.10550867
v -0.65577924 -0.98379815 -0.08777378
v -0.65384680 -0.98884434 -0.08983000
v -0.64093482 -0.98514354 -0.09022711
v -0.64360327 -0.97961885 -0.08799518
v -0.65526867 -0.98321390 -0.10470530
v -0.65656173 -0.97771484 -0.09774615
v -0.65602475 -0.97971904 -0.10214299
v -0.65203410 -0.99220753 -0.09590526
v -0.66152650 -0.99046957 -0.08984515
v -0.67861676 -0.99061406 -0.08893578
v -0.66996855 -0.98775566 -0.08841711
v -0.67133844 -0.98382366 -0.08887772
v -0.68039280 -0.98687464 -0.08887304
v -0.66353440 -0.98582935 -0.08813308
v -0.66796547 -0.99209511 -0.09047729
v -0.68074167 -0.98592061 -0.10043927
v -0.68148881 -0.98403883 -0.09579515
v -0.67966831 -0.98867369 -0.10332993
v -0.63891000 -0.98868352 -0.09624726
v -0.67648077 -0.99573231 -0.10191120
v -0.67819041 -0.99193537 -0.10412271
v -0.67192423 -0.98130572 -0.09207648
v -0.68129396 -0.98384166 -0.09136052
v -0.67672575 -0.99442840 -0.09110835
v -0.67539012 -0.99676621 -0.09649609
v -0.68405384 -0.99602413 -0.09126145
v -0.68313164 -0.99820536 -0.09627991
v -0.68407750 -0.99745953 -0.10147683
v -0.68502080 -0.99351156 -0.10349227
v -0.68577194 -0.99020255 -0.10267027
v -0.68538773 -0.99264795 -0.08912699
v -0.68633604 -0.98916823 -0.08895910
v -0.68677479 -0.98595291 -0.09117082
v -0.69198543 -0.99436659 -0.08880492
v -0.69168472 -0.99780518 -0.09076454
v -0.70304954 -1.00034761 -0.10018703
v -0.69755882 -0.99967217 -0.10112730
v -0.69801706 -1.00106800 -0.09836012
v -0.70274800 -1.00251436 -0.09816825
v -0.69160116 -0.99938488 -0.10056324
v -0.69446421 -1.00052428 -0.09804043
v -0.69399399 -1.00044608 -0.09506066
v -0.69801396 -1.00178814 -0.09449823
v -0.69821638 -1.00003815 -0.09111218
v -0.70277143 -1.00149703 -0.09045967
v -0.70280331 -1.00367677 -0.09401491
v -0.69451272 -0.99936491 -0.09210807
v -0.70639700 -1.00346363 -0.09732007
v -0.70743883 -1.00130844 -0.09770959
v -0.68979454 -0.99969411 -0.09556966
v -0.69086903 -0.99524069 -0.10302098
v -0.69744897 -0.99647760 -0.10222632
v -0.70342880 -0.99736130 -0.10038761
v -0.70780510 -0.99821103 -0.09734306
v -0.69810450 -0.99311972 -0.10119118
v -0.70394897 -0.99458236 -0.09924844
v -0.70740384 -0.99583685 -0.09651659
v -0.69883919 -0.99028623 -0.09838961
v -0.70440221 -0.99256730 -0.09693766
v -0.69111133 -0.98857915 -0.09931946
v -0.69079494 -0.99153197 -0.10210830
v -0.70669401 -0.99428105 -0.09562541
v -0.70946705 -1.00239730 -0.09356116
v -0.70958239 -0.99920422 -0.09344392
v -0.70759392 -1.00506687 -0.09383026
v -0.69813013 -0.99796367 -0.08971758
v -0.70312989 -0.99930978 -0.08918235
v -0.69822669 -0.99595106 -0.08829905
v -0.70367205 -0.99748349 -0.08807259
v -0.70747918 -1.00126719 -0.08976593
v -0.70642120 -1.00305688 -0.09046980
v -0.68631959 -0.98750353 -0.09984149
v -0.68673313 -0.98575616 -0.09545378
v -0.69164741 -0.98665667 -0.09500989
v -0.69933677 -0.98843825 -0.09405923
v -0.69148397 -0.98721123 -0.09089269
v -0.69197541 -0.99083948 -0.08871076
v -0.69848841 -0.99288690 -0.08840732
v -0.69891495 -0.98963356 -0.09011135
v -0.70385253 -0.99487340 -0.08859779
v -0.70410556 -0.99219334 -0.09018137
v -0.70449817 -0.99135256 -0.09345582
v -0.70749849 -0.99612701 -0.09002869
v -0.70798838 -0.99883056 -0.08943145
v -0.70863813 -0.99628806 -0.09333800
v -0.70673019 -0.99402761 -0.09090425
v -0.70712876 -0.99401176 -0.09327431
v -0.66500777 -0.97332567 -0.07677098
v -0.66503483 -0.96962106 -0.07327592
v -0.65909129 -0.96915174 -0.07405414
v -0.65933788 -0.97265059 -0.07765786
v -0.66202265 -0.98279250 -0.07487769
v -0.66332871 -0.98099124 -0.07708063
v -0.65745252 -0.98014557 -0.07861895
v -0.65535837 -0.98239124 -0.07635967
v -0.66105014 -0.98249096 -0.07033888
v -0.65396684 -0.98161030 -0.07128336
v -0.64896327 -0.98121804 -0.07770741
v -0.65161049 -0.97864151 -0.08028643
v -0.64241534 -0.97532535 -0.08204581
v -0.63955194 -0.97859585 -0.07948503
v -0.66451442 -0.97761214 -0.07776898
v -0.65882373 -0.97661948 -0.07905738
v -0.65159756 -0.96586424 -0.06873784
v -0.65244454 -0.96528673 -0.07169038
v -0.65864396 -0.96748340 -0.07022945
v -0.65782744 -0.96821988 -0.06753433
v -0.64277905 -0.96653920 -0.08147372
v -0.64214587 -0.96262550 -0.07806273
v -0.64324045 -0.97096086 -0.08260883
v -0.65005529 -0.96992540 -0.06682140
v -0.64788598 -0.97562754 -0.06738255
v -0.63800669 -0.97190320 -0.06911222
v -0.63984728 -0.96584964 -0.06912877
v -0.65317219 -0.97486359 -0.08058000
v -0.65306461 -0.96679747 -0.07566939
v -0.65339369 -0.97067022 -0.07918134
v -0.64715362 -0.98011100 -0.07222423
v -0.65444636 -0.97724783 -0.06664562
v -0.67212051 -0.97636080 -0.06358472
v -0.66245478 -0.97343349 -0.06480998
v -0.66386151 -0.96926987 -0.06599414
v -0.67336661 -0.97244704 -0.06424533
v -0.65631914 -0.97179043 -0.06567317
v -0.66130853 -0.97867787 -0.06602445
v -0.67409056 -0.97454876 -0.07519197
v -0.67417330 -0.97127122 -0.07158145
v -0.67353952 -0.97877395 -0.07606581
v -0.63749623 -0.97760475 -0.07355981
v -0.64125067 -0.96121168 -0.07073431
v -0.67178184 -0.98413205 -0.07342979
v -0.67273831 -0.98219466 -0.07549700
v -0.66456366 -0.96785045 -0.06904520
v -0.67383599 -0.97018838 -0.06715250
v -0.67104167 -0.98081625 -0.06498663
v -0.67064410 -0.98411399 -0.06922664
v -0.67756677 -0.98231864 -0.06391101
v -0.67737907 -0.98528123 -0.06827775
v -0.67858034 -0.98561049 -0.07246374
v -0.67925948 -0.98304754 -0.07443721
v -0.67949945 -0.97949040 -0.07478154
v -0.67874259 -0.97811604 -0.06267910
v -0.67944980 -0.97468311 -0.06350027
v -0.67923373 -0.97203994 -0.06634755
v -0.68358684 -0.97912496 -0.06168422
v -0.68352646 -0.98334420 -0.06318993
v -0.69568759 -0.98779243 -0.07054905
v -0.69099313 -0.98701692 -0.07152231
v -0.69093162 -0.98737252 -0.06935999
v -0.69511449 -0.98868728 -0.06868015
v -0.68498665 -0.98672873 -0.07135113
v -0.68737745 -0.98709810 -0.06939729
v -0.68621576 -0.98661059 -0.06669554
v -0.69020891 -0.98768538 -0.06589225
v -0.68951207 -0.98493409 -0.06297777
v -0.69363916 -0.98602474 -0.06220250
v -0.69446951 -0.98880136 -0.06514858
v -0.68619418 -0.98508608 -0.06395507
v -0.69790930 -0.98943633 -0.06770855
v -0.69909549 -0.98835385 -0.06859151
v -0.68270689 -0.98611224 -0.06734954
v -0.68474865 -0.98384035 -0.07385135
v -0.69074392 -0.98455691 -0.07309642
v -0.69608009 -0.98534578 -0.07159782
v -0.69931203 -0.98557603 -0.06918962
v -0.69055051 -0.98113984 -0.07297410
v -0.69577849 -0.98214233 -0.07142089
v -0.69861472 -0.98253095 -0.06926936
v -0.69021446 -0.97780645 -0.07161759
v -0.69538611 -0.97941220 -0.07014689
v -0.68396574 -0.97664040 -0.07265987
v -0.68441814 -0.98014766 -0.07400363
v -0.69760269 -0.98061264 -0.06884132
v -0.69981754 -0.98770785 -0.06479548
v -0.70014334 -0.98464519 -0.06514382
v -0.69803214 -0.98945421 -0.06463553
v -0.68891335 -0.98282242 -0.06155814
v -0.69354707 -0.98377955 -0.06108415
v -0.68894655 -0.97995931 -0.06117093
v -0.69394404 -0.98139381 -0.06090374
v -0.69734418 -0.98555219 -0.06165528
v -0.69663620 -0.98722017 -0.06218090
v -0.67941654 -0.97579908 -0.07366060
v -0.67913336 -0.97279811 -0.07050584
v -0.68360692 -0.97392368 -0.06971793
v -0.69015533 -0.97531235 -0.06853772
v -0.68353868 -0.97318888 -0.06579775
v -0.68391967 -0.97579181 -0.06295703
v -0.68929720 -0.97720051 -0.06215752
v -0.68963319 -0.97497624 -0.06467320
v -0.69419652 -0.97898811 -0.06184539
v -0.69462997 -0.97715217 -0.06395418
v -0.69523656 -0.97745365 -0.06737127
v -0.69757795 -0.98066562 -0.06284441
v -0.69768989 -0.98303330 -0.06185069
v -0.69922572 -0.98186994 -0.06585234
v -0.69699460 -0.97897452 -0.06410913
v -0.69774795 -0.97975034 -0.06658059
v -0.64161879 -0.96077329 -0.07400166
v -0.64810306 -0.95575505 -0.05105486
v -0.64715457 -0.95282888 -0.04895679
v -0.64322484 -0.95248717 -0.05128565
v -0.64402223 -0.95522690 -0.05320882
v -0.64592540 -0.96430331 -0.04727172
v -0.64757085 -0.96268725 -0.05028835
v -0.64313626 -0.96233726 -0.05299710
v -0.64120352 -0.96420771 -0.04992048
v -0.64410961 -0.96224988 -0.04310381
v -0.63931531 -0.96212590 -0.04543535
v -0.63619214 -0.96328795 -0.05337038
v -0.63839990 -0.96138346 -0.05651807
v -0.63062811 -0.95932406 -0.06147757
v -0.62760383 -0.96169180 -0.05867012
v -0.62351459 -0.94462007 -0.05574425
v -0.62518185 -0.94385648 -0.05978897
v -0.63070840 -0.94618642 -0.05622930
v -0.62886131 -0.94603598 -0.05283007
v -0.64831454 -0.95933872 -0.05142571
v -0.64406902 -0.95882761 -0.05388773
v -0.63666469 -0.94870692 -0.04830430
v -0.63834769 -0.94913900 -0.05152528
v -0.64212418 -0.95063323 -0.04851839
v -0.64077669 -0.95028824 -0.04544195
v -0.62693578 -0.94524586 -0.06340737
v -0.62912983 -0.94858819 -0.06670036
v -0.63271785 -0.95125473 -0.06196577
v -0.63209271 -0.94815910 -0.05926742
v -0.63245219 -0.95493662 -0.06215140
v -0.63494927 -0.95096844 -0.04593791
v -0.63392889 -0.95596856 -0.04575254
v -0.62504852 -0.95317233 -0.05003752
v -0.62690407 -0.94848228 -0.05055818
v -0.63974667 -0.95767057 -0.05696480
v -0.63937688 -0.95107639 -0.05436402
v -0.64013714 -0.95419472 -0.05659407
v -0.63416374 -0.96132493 -0.04867934
v -0.63893789 -0.95715070 -0.04287547
v -0.64961678 -0.95357823 -0.03742937
v -0.64346653 -0.95297122 -0.04041765
v -0.64451295 -0.95037794 -0.04255547
v -0.65032208 -0.95105118 -0.03935589
v -0.63953996 -0.95252049 -0.04316100
v -0.64329791 -0.95748758 -0.04045427
v -0.65410256 -0.95644438 -0.04834303
v -0.65285963 -0.95331526 -0.04629923
v -0.65424180 -0.95982504 -0.04848660
v -0.62500608 -0.96012199 -0.05339846
v -0.65232652 -0.96453464 -0.04446441
v -0.65381312 -0.96276718 -0.04723135
v -0.64595038 -0.95083702 -0.04599495
v -0.65154690 -0.95131433 -0.04287133
v -0.64957023 -0.95799059 -0.03754078
v -0.65039277 -0.96258914 -0.04049665
v -0.65470290 -0.95853585 -0.03508338
v -0.65541732 -0.96315241 -0.03803851
v -0.65727001 -0.96475321 -0.04233792
v -0.65826946 -0.96314943 -0.04527891
v -0.65824586 -0.96011508 -0.04642320
v -0.65472579 -0.95416164 -0.03521857
v -0.65507030 -0.95205915 -0.03748589
v -0.65561551 -0.95221829 -0.04091383
v -0.65906674 -0.95528567 -0.03397601
v -0.65965182 -0.95974982 -0.03353874
v -0.67099208 -0.96477091 -0.03911889
v -0.66719723 -0.96474046 -0.04036958
v -0.66677970 -0.96482015 -0.03821229
v -0.67006779 -0.96540970 -0.03740516
v -0.66211015 -0.96474731 -0.04045070
v -0.66366947 -0.96471047 -0.03848491
v -0.66232169 -0.96356905 -0.03614901
v -0.66531378 -0.96439373 -0.03515428
v -0.66505164 -0.96116245 -0.03290436
v -0.66830045 -0.96178854 -0.03181089
v -0.66879815 -0.96496689 -0.03408133
v -0.66196561 -0.96180022 -0.03378489
v -0.67226291 -0.96588373 -0.03622025
v -0.67360771 -0.96495461 -0.03703124
v -0.65946174 -0.96347499 -0.03672742
v -0.66232711 -0.96330047 -0.04345242
v -0.66738790 -0.96347868 -0.04206325
v -0.67184377 -0.96345973 -0.04020521
v -0.67427075 -0.96287495 -0.03769430
v -0.66675127 -0.96118796 -0.04283990
v -0.67145300 -0.96133310 -0.04071372
v -0.67368495 -0.96080041 -0.03826162
v -0.66575778 -0.95836890 -0.04249577
v -0.67048371 -0.95900297 -0.04041209
v -0.66102463 -0.95740873 -0.04430867
v -0.66191280 -0.96058416 -0.04451657
v -0.67272401 -0.95937657 -0.03865200
v -0.67380190 -0.96341658 -0.03365552
v -0.67428666 -0.96136570 -0.03480643
v -0.67184734 -0.96510947 -0.03314522
v -0.66416705 -0.95900238 -0.03206583
v -0.66868228 -0.95946509 -0.03124536
v -0.66376805 -0.95610023 -0.03286523
v -0.66899097 -0.95718992 -0.03222706
v -0.67192024 -0.96106791 -0.03161742
v -0.67080480 -0.96258515 -0.03143150
v -0.65772605 -0.95690691 -0.04621905
v -0.65662187 -0.95394170 -0.04424325
v -0.65995270 -0.95450777 -0.04261849
v -0.66478598 -0.95558220 -0.04088834
v -0.65925717 -0.95285022 -0.03947217
v -0.65891629 -0.95308894 -0.03624861
v -0.66407168 -0.95431125 -0.03483540
v -0.66440386 -0.95387137 -0.03789114
v -0.66914696 -0.95606422 -0.03415044
v -0.66940683 -0.95574898 -0.03658142
v -0.66975904 -0.95694494 -0.03901464
v -0.67238992 -0.95815063 -0.03466007
v -0.67253011 -0.95929593 -0.03289821
v -0.67375952 -0.95974648 -0.03616816
v -0.67189735 -0.95750862 -0.03613539
v -0.67254078 -0.95851588 -0.03739581
v -0.62278277 -0.94686270 -0.05350471
v -0.59845066 -0.97166651 -0.15129915
v -0.60165119 -0.97038603 -0.14873894
v -0.60269719 -0.95753050 -0.15294512
v -0.60443002 -0.96201062 -0.15000337
v -0.59864193 -0.95631671 -0.15677792
v -0.59338212 -0.96122420 -0.16104586
v -0.59557962 -0.95794165 -0.15995130
v -0.60399884 -0.96716708 -0.14837059
v -0.59511042 -0.97067267 -0.15529361
v -0.59295243 -0.96630162 -0.15920785
v -0.60119331 -0.97570705 -0.16111533
v -0.59943801 -0.97123718 -0.16543044
v -0.59995228 -0.96540499 -0.16724114
v -0.60171700 -0.96109104 -0.16515806
v -0.60411990 -0.95865828 -0.16132346
v -0.60414892 -0.97633791 -0.15643007
v -0.60698432 -0.97402239 -0.15284540
v -0.60867929 -0.96929693 -0.15178892
v -0.60983133 -0.98056662 -0.16130401
v -0.60861349 -0.98196399 -0.16774368
v -0.61596066 -0.97406948 -0.17939334
v -0.61216825 -0.97175086 -0.17650758
v -0.61148918 -0.97558397 -0.17719558
v -0.61388433 -0.97741801 -0.18011017
v -0.60752976 -0.97043306 -0.17334910
v -0.60943216 -0.97490942 -0.17514412
v -0.60927093 -0.97913921 -0.17391866
v -0.61075431 -0.98082030 -0.17614764
v -0.61007017 -0.98261654 -0.17194474
v -0.61175615 -0.98499703 -0.17316204
v -0.61285251 -0.98267269 -0.17927803
v -0.61625165 -0.97965860 -0.18221775
v -0.61613190 -0.98377073 -0.18141989
v -0.61883801 -0.97780931 -0.18170260
v -0.60670060 -0.97649622 -0.17110518
v -0.60756743 -0.96458191 -0.17028539
v -0.61330849 -0.96816534 -0.17429166
v -0.61846519 -0.97175598 -0.17764357
v -0.62179613 -0.97624087 -0.17911869
v -0.61576205 -0.96598673 -0.17055383
v -0.62096876 -0.97079384 -0.17396712
v -0.62301326 -0.97533178 -0.17537263
v -0.61809886 -0.96706092 -0.16606197
v -0.62220055 -0.97201920 -0.17036884
v -0.61160147 -0.96177638 -0.16041802
v -0.60926259 -0.96152872 -0.16561198
v -0.62342715 -0.97500825 -0.17256659
v -0.62024683 -0.98323095 -0.18104175
v -0.62296462 -0.98137677 -0.17771186
v -0.61332738 -0.98559928 -0.16960913
v -0.61404401 -0.98660767 -0.17583916
v -0.61674756 -0.98708034 -0.17268087
v -0.61497998 -0.98430371 -0.16536397
v -0.61929619 -0.98554218 -0.16970097
v -0.61919320 -0.98689687 -0.17668994
v -0.61610800 -0.98694432 -0.17865062
v -0.60669899 -0.95954394 -0.15683375
v -0.60861021 -0.96373725 -0.15349969
v -0.61360461 -0.96599579 -0.15661974
v -0.61920756 -0.97090411 -0.16218483
v -0.61335540 -0.97234052 -0.15503719
v -0.61192942 -0.97795129 -0.15675434
v -0.61747372 -0.98124969 -0.16221289
v -0.61897480 -0.97640026 -0.16087972
v -0.62118638 -0.98255229 -0.16767646
v -0.62219542 -0.97887874 -0.16672125
v -0.62252945 -0.97504932 -0.16784447
v -0.62304735 -0.98194659 -0.17166102
v -0.62188780 -0.98482060 -0.17405397
v -0.62366444 -0.97935426 -0.17436180
v -0.62316012 -0.97962391 -0.17015141
v -0.62350154 -0.97743833 -0.17148408
v -0.62149006 -0.94046414 -0.06248681
v -0.62310731 -0.94217288 -0.06755398
v -0.61730111 -0.93895417 -0.06952047
v -0.61037105 -0.93434584 -0.07108162
v -0.60345173 -0.93037826 -0.06646562
v -0.60999060 -0.93742490 -0.07676557
v -0.61720395 -0.94173717 -0.07493114
v -0.62525135 -0.94618571 -0.07316293
v -0.60373253 -0.93689287 -0.08262584
v -0.03251116 -0.86951852 -0.06189243
v -0.03088325 -0.87141919 -0.06485526
v -0.03283329 -0.86399204 -0.06399044
v -0.03391108 -0.86295843 -0.06136957
v -0.02799310 -0.86448354 -0.06987454
v -0.03097254 -0.86394513 -0.06715375
v -0.02748046 -0.87246013 -0.06804971
v -0.02287722 -0.87197709 -0.07074590
v -0.01556689 -0.86682928 -0.07355642
v -0.01430570 -0.86532629 -0.07512781
v -0.01537546 -0.86465561 -0.07548994
v -0.01734509 -0.86471379 -0.07448401
v -0.02103304 -0.86474985 -0.07362501
v -0.03488305 -0.86435878 -0.05694544
v -0.03455254 -0.86615598 -0.05768257
v -0.03337986 -0.86772084 -0.05958159
v -0.02460606 -0.86467552 -0.07217483
v -0.03472949 -0.86297059 -0.05890580
v -0.03502721 -0.86334038 -0.05734894
v -0.01828417 -0.86945850 -0.07236283
v -0.02804608 -0.86681545 -0.06916396
v -0.03069029 -0.86600626 -0.06634989
v -0.02787952 -0.86928642 -0.06866713
v -0.02380613 -0.86926103 -0.07102460
v -0.01899599 -0.86631191 -0.07358454
v -0.02119530 -0.86646962 -0.07296214
v -0.03237934 -0.86523879 -0.06351508
v -0.02448137 -0.86680532 -0.07140771
v -0.03083017 -0.86839008 -0.06562813
v -0.02019322 -0.86826265 -0.07267813
v -0.01816277 -0.86724710 -0.07330906
v -0.03457585 -0.86444712 -0.05782379
v -0.03464653 -0.86405778 -0.05800827
v -0.00778772 -0.60581565 -0.06804977
v -0.01108264 -0.59034646 -0.07199562
v -0.03228431 -0.86720574 -0.06269889
v -0.03424316 -0.86429477 -0.05917867
v -0.03346441 -0.86469460 -0.06102747
v -0.03339225 -0.86617744 -0.06037337
v -0.03411820 -0.86520910 -0.05871157
v -0.19575796 -0.73324764 -0.04106776
v -0.18921371 -0.74549007 -0.03607812
v -0.19400778 -0.76624048 0.00663998
v -0.19978318 -0.75778961 0.02417742
v -0.07356866 -0.33190468 -0.06410441
v -0.08016788 -0.39942762 0.10432782
v -0.08207473 -0.42096394 0.10596341
v -0.00796059 -0.41539407 0.11250784
v -0.02690699 -0.41299927 0.11560983
v -0.12295625 -0.37024349 0.02121467
v -0.12200203 -0.38817108 0.02025574
v -0.09757419 -0.35382873 -0.03148719
v -0.09727968 -0.37298629 -0.03171787
v -0.11798298 -0.34572881 0.00287712
v -0.04680035 -0.36711112 0.11226170
v -0.06451089 -0.36482024 0.10741678
v -0.06225388 -0.38467312 0.10782038
v -0.04543686 -0.38794386 0.11302361
v 0.00907743 -0.41555941 0.10406837
v 0.00764136 -0.39313811 0.10266671
v -0.12584104 -0.41439247 0.03753864
v -0.12315582 -0.42046237 0.05883800
v -0.10118755 -0.43333986 0.09259456
v -0.08548225 -0.44090849 0.10448139
v -0.06863612 -0.44921336 0.11170839
v -0.05013425 -0.45663884 0.11486179
v -0.08665472 -0.39023635 -0.04952580
v -0.07170011 -0.40737504 -0.06237393
v -0.12262376 -0.40778017 0.01641721
v -0.03834594 -0.38504276 -0.08268684
v -0.03398940 -0.48931655 0.11642380
v -0.01016356 -0.49014950 0.11398336
v -0.11431085 -0.42666021 0.07707214
v -0.03145851 -0.54994214 -0.08268061
v -0.04524188 -0.55644071 -0.07789976
v -0.04762116 -0.54104352 -0.08522107
v -0.03346105 -0.53352690 -0.08817949
v -0.06058679 -0.54649019 -0.08126232
v -0.07305531 -0.55073822 -0.07556753
v -0.08425918 -0.55428529 -0.06882458
v -0.10884269 -0.56029654 -0.04699543
v -0.10224640 -0.55887187 -0.05430287
v -0.11730191 -0.55988985 -0.03193668
v -0.11370395 -0.56107908 -0.03970361
v -0.12057600 -0.55314893 -0.02182381
v -0.12260787 -0.54408979 -0.00950363
v -0.12475286 -0.55478412 0.00607103
v -0.12623300 -0.53529161 0.00325658
v -0.12518542 -0.52453673 -0.01420219
v -0.12323982 -0.53513616 -0.02585723
v -0.12017103 -0.54202974 -0.03617237
v -0.02899751 -0.46807989 -0.08945691
v -0.02536758 -0.49125692 -0.09417704
v -0.00399794 -0.62111169 -0.06577119
v -0.40400106 -0.82517618 -0.03897954
v -0.47818384 -0.92528510 -0.09163302
v 0.02570920 -0.64927161 0.06611632
v 0.01283658 -0.65680790 0.07179959
v -0.03227498 -0.68498844 0.06786593
v -0.03924216 -0.69575632 0.05569112
v -0.01791595 -0.67064124 0.07666639
v -0.00324873 -0.65869480 0.07824641
v -0.11304583 -0.42133588 -0.00581991
v 0.00569664 -0.62868029 0.08346336
v -0.00663209 -0.64969504 0.08363812
v -0.02313037 -0.66214532 0.08315977
v -0.03748860 -0.67620230 0.07575395
v -0.04941104 -0.69187129 0.06199928
v -0.06090132 -0.69575357 0.05729492
v -0.08369147 -0.69091058 0.06171225
v -0.09149227 -0.69433707 0.05716540
v -0.09963702 -0.69990420 0.05407087
v -0.09369782 -0.71212745 0.04293678
v -0.08518483 -0.70550418 0.04540031
v -0.17309484 -0.73719490 0.03865333
v -0.18934014 -0.74004257 0.03574161
v -0.20265859 -0.73693943 0.03559696
v -0.21262825 -0.73022157 0.03451028
v -0.21756072 -0.71920800 0.03272283
v -0.21739931 -0.70564198 0.03045217
v -0.21021356 -0.68995976 0.03048440
v -0.17775622 -0.65097612 0.03553798
v -0.16661017 -0.63717467 0.04004733
v -0.14195587 -0.59838319 0.06055681
v -0.13575462 -0.58708996 0.06814643
v -0.12104841 -0.55024934 0.08947710
v -0.10947599 -0.53047574 0.09746200
v -0.09723942 -0.51066500 0.10388357
v -0.06149236 -0.26578325 0.14047411
v -0.08160305 -0.26947883 0.13473342
v -0.07758212 -0.28599125 0.12650549
v -0.05876416 -0.28374577 0.13092697
v -0.01637851 -0.32000586 0.11399795
v 0.00277871 -0.31836995 0.10926966
v -0.12780343 -0.28741911 0.08657178
v -0.13654092 -0.28340119 0.06583195
v -0.09630667 -0.28816128 0.11750002
v -0.11350351 -0.28992978 0.10412751
v -0.13929623 -0.27778792 0.04477176
v -0.10816893 -0.24482821 -0.02834959
v -0.09445976 -0.23694979 -0.04319384
v -0.06301171 -0.22684473 -0.06665295
v -0.04695810 -0.22474506 -0.07454121
v -0.13803971 -0.27025786 0.02527429
v -0.07895155 -0.23095848 -0.05616831
v -0.13197204 -0.26142514 0.00656416
v -0.12098677 -0.25285164 -0.01112428
v -0.03499688 -0.32268974 0.11575649
v -0.03733005 -0.30084312 0.12233915
v -0.05591725 -0.30377084 0.12230855
v -0.00384787 -0.55384773 0.11135390
v -0.02345574 -0.56140482 0.11575816
v -0.04489159 -0.57027829 0.11636353
v -0.05881613 -0.59545195 0.11046836
v -0.06352388 -0.58177328 0.11139737
v -0.08186080 -0.59337401 0.10508550
v -0.07625999 -0.60692322 0.10446054
v -0.10538200 -0.62648124 0.08460806
v -0.10953927 -0.61607975 0.08366967
v -0.11803723 -0.62543124 0.07683761
v -0.11315086 -0.63617063 0.07816855
v -0.12575498 -0.63384801 0.07186546
v -0.13559030 -0.64045751 0.06703410
v -0.14582410 -0.64819282 0.06072721
v -0.15637517 -0.65775776 0.05539053
v -0.14431931 -0.67377651 0.06252068
v -0.13506204 -0.66623533 0.06685470
v -0.09989830 -0.63963622 0.08473869
v -0.08682486 -0.63051659 0.09423762
v -0.00027803 -0.58162463 0.09986433
v 0.01684820 -0.57270098 0.09369549
v -0.12983744 -0.53433073 0.01561194
v -0.13424227 -0.53381443 0.02845458
v -0.13760483 -0.53557289 0.04154174
v -0.13906771 -0.53954649 0.05378110
v -0.13777308 -0.54636306 0.06527126
v -0.13312845 -0.55481315 0.07458023
v -0.13131742 -0.57591844 0.07535569
v -0.12684409 -0.56390858 0.08195804
v -0.12548687 -0.58570600 0.07913765
v -0.12003098 -0.57417595 0.08750021
v -0.11288318 -0.58445096 0.09147979
v -0.10433485 -0.59430134 0.09393595
v -0.09662832 -0.60552561 0.09502015
v -0.09145442 -0.61784542 0.09531946
v -0.07234322 -0.62098658 0.10253466
v -0.05539588 -0.61027658 0.10687024
v -0.03430073 -0.61460960 0.10479369
v -0.03220394 -0.62737685 0.10000588
v -0.03680100 -0.60050541 0.10895773
v -0.03887492 -0.58560622 0.11273712
v -0.01674530 -0.69981825 0.05039068
v -0.00380327 -0.68949896 0.05652530
v -0.19635597 -0.69276953 0.03877790
v -0.19686189 -0.68681097 0.03739057
v -0.20209512 -0.68873745 0.03472595
v -0.20526889 -0.69893003 0.03561961
v -0.20458409 -0.70945561 0.03752608
v -0.18970472 -0.70739615 0.04362458
v -0.19461396 -0.70036554 0.04097383
v -0.19992623 -0.71811593 0.03946975
v -0.19183713 -0.72419924 0.04129851
v -0.18308792 -0.71309084 0.04573031
v -0.18192995 -0.72750413 0.04292448
v -0.17576692 -0.71719730 0.04719434
v -0.17077263 -0.72630882 0.04491166
v -0.16946551 -0.71885407 0.04779331
v -0.14291763 -0.69935703 0.05867204
v -0.15270333 -0.70685887 0.05534752
v -0.16235936 -0.71397877 0.05103305
v -0.16707864 -0.66829723 0.05074841
v -0.17650560 -0.67989624 0.04742623
v -0.18529785 -0.69088769 0.04426915
v -0.18020892 -0.69713211 0.04738119
v -0.17166062 -0.68585092 0.05083505
v -0.16225952 -0.67513567 0.05463580
v -0.00074538 -0.56771839 0.10582449
v -0.01880262 -0.57670867 0.11196518
v -0.12192437 -0.64356649 0.07324367
v -0.13060087 -0.64957416 0.06932873
v -0.14076030 -0.65655863 0.06505825
v -0.15092953 -0.66556787 0.05962362
v -0.12623149 -0.65997308 0.07074151
v -0.11737353 -0.65391135 0.07429820
v -0.10847389 -0.64736736 0.07879311
v -0.01786882 -0.59062213 0.10658366
v 0.01652493 -0.56010693 0.09973567
v -0.10264380 -0.69612420 -0.02714617
v -0.09195583 -0.71411717 -0.01604252
v -0.08846702 -0.72375381 0.00346968
v -0.08972462 -0.72189307 0.02509531
v -0.32746786 -0.78512478 -0.05502108
v 0.00617522 -0.37087256 0.10404768
v 0.00400493 -0.34665859 0.10503088
v -0.01362543 -0.34713048 0.11134836
v 0.01161162 -0.48833528 0.10885602
v 0.01595975 -0.54670173 0.10604006
v -0.10004313 -0.52325600 -0.07325761
v -0.09058563 -0.52177858 -0.08043028
v -0.08757035 -0.53791004 -0.07532439
v -0.09712879 -0.54000610 -0.06831804
v -0.11417086 -0.52602959 -0.05808552
v -0.10818189 -0.52463275 -0.06595574
v -0.10514103 -0.54158634 -0.06063138
v -0.11153670 -0.54269999 -0.05297999
v -0.11903774 -0.52629352 -0.04959847
v -0.11650617 -0.54346007 -0.04482896
v -0.10982957 -0.50676870 -0.06866363
v -0.10226509 -0.50563210 -0.07630234
v -0.09251451 -0.50472283 -0.08300832
v -0.11965500 -0.50969404 -0.05251122
v -0.11541075 -0.50842088 -0.06044536
v -0.01588433 -0.75533342 -0.10742730
v -0.02453841 -0.76333666 -0.12053838
v -0.02218170 -0.80833393 -0.12480512
v -0.02040059 -0.81199992 -0.12220888
v 0.00331805 -0.64482963 -0.05851106
v 0.00564749 -0.65710115 -0.05921522
v -0.02328132 -0.51002985 -0.09362771
v -0.01862097 -0.54277897 -0.08568765
v -0.01699725 -0.55703986 -0.07837963
v -0.01437867 -0.57374603 -0.07493662
v -0.00063476 -0.63390803 -0.06179651
v -0.02155509 -0.52587628 -0.08993907
v -0.13619344 -0.10139954 0.14889485
v -0.11300740 -0.08579296 0.16069861
v -0.11791557 -0.11164019 0.16060278
v -0.09986193 -0.09913287 0.16852218
v -0.13198270 -0.17925651 0.13501504
v -0.12939480 -0.15318245 0.14327273
v -0.13205667 -0.20885319 0.12934333
v -0.07591742 -0.09140626 0.17257719
v -0.04935610 -0.08707774 0.16891035
v -0.04420995 -0.10409212 0.17469604
v -0.11221129 -0.20459931 0.14722420
v -0.11118841 -0.17680082 0.15310508
v -0.10513450 -0.11772960 0.16598451
v -0.12665147 -0.13012052 0.15254641
v -0.10760880 -0.13161695 0.16344471
v -0.06994417 -0.10769695 0.17539696
v -0.09094620 -0.11267209 0.17180663
v -0.02015054 -0.25869516 0.13988003
v 0.00391921 -0.23619899 0.14501747
v -0.02063428 -0.23912905 0.15021656
v -0.10143615 -0.27274019 0.12522976
v -0.08427225 -0.24856602 0.14661241
v -0.08868627 -0.12912580 0.17187239
v -0.06623158 -0.12590367 0.17791861
v -0.04033453 -0.12367141 0.17751263
v -0.04306899 -0.19650483 0.17350812
v -0.03999775 -0.17115487 0.17833486
v -0.06440990 -0.17310724 0.17582022
v -0.06732015 -0.19906247 0.17083037
v -0.08816484 -0.22601420 0.15577935
v -0.08944653 -0.20108572 0.16225228
v -0.04356829 -0.22169536 0.16425312
v -0.06639403 -0.22425225 0.16225083
v -0.06373034 -0.24541940 0.15202156
v -0.08882241 -0.17418545 0.16690642
v -0.01078365 -0.14359611 0.17389590
v -0.03965364 -0.14621270 0.17893721
v 0.01444366 -0.14198998 0.15874697
v -0.04283920 -0.24318622 0.15250313
v -0.04103420 -0.26235271 0.14151439
v -0.03832459 -0.28071153 0.13149029
v -0.03221589 -0.34752452 0.11327784
v -0.14299470 0.12071425 0.02510528
v -0.01316749 -0.05689883 0.00665528
v -0.00680767 -0.06146726 0.02115182
v -0.18022189 -0.13923994 0.04121495
v -0.16860682 -0.12116989 0.11344635
v -0.14949822 -0.12630799 0.13585949
v -0.05280390 -0.06320879 -0.02584827
v -0.03333478 -0.05694091 -0.01625635
v -0.17041647 -0.13099673 0.01233138
v -0.12994564 -0.09032300 -0.02362151
v -0.02097770 -0.05496106 -0.00578409
v -0.10854739 -0.15239233 0.15793245
v -0.08771832 -0.14934069 0.17032005
v -0.06481948 -0.14745796 0.17700133
v -0.01331562 -0.12239417 0.16996323
v 0.01398885 -0.12232456 0.15426052
v -0.05107781 -0.12214306 -0.05885513
v -0.04936276 -0.13421759 -0.06306950
v -0.04233085 -0.13361412 -0.06613654
v -0.04120367 -0.11796901 -0.06217854
v -0.10949567 -0.22786838 -0.02599896
v -0.09312493 -0.22036354 -0.04050384
v -0.06077100 -0.21216367 -0.06413560
v -0.04564911 -0.21114179 -0.07160673
v -0.14552912 -0.25458908 0.02757176
v -0.07685229 -0.21512581 -0.05381981
v -0.13900433 -0.24557914 0.00852599
v -0.12489831 -0.23689663 -0.00904944
v -0.08386023 0.51703548 0.24067172
v -0.08661953 0.54407316 0.24658580
v -0.08310497 0.53816843 0.26011670
v -0.07832958 0.51139247 0.25174692
v -0.08600613 0.49781817 0.27701840
v -0.07747056 0.50277865 0.26913851
v -0.09800407 0.49585676 0.28166795
v -0.09754185 0.52430916 0.29085499
v -0.10902345 0.52644688 0.28861809
v -0.11099528 0.49721712 0.28161058
v -0.12133347 0.50022674 0.27611440
v -0.12738498 0.53306997 0.27545279
v -0.13251495 0.53807825 0.25972405
v -0.13575029 0.51080871 0.25219363
v -0.12893252 0.50439763 0.26701429
v -0.13755170 0.52182668 0.23576301
v -0.13480678 0.54789007 0.24307153
v -0.12626827 0.52869463 0.22454926
v -0.09163190 0.52375460 0.23007241
v -0.09325568 0.55036974 0.23317258
v -0.08593068 0.52567291 0.28640276
v -0.07983079 0.53093761 0.27670807
v -0.07496013 0.50782126 0.26013002
v -0.08130731 0.53455889 0.26864430
v -0.08216343 0.56559759 0.26229453
v -0.08163556 0.56965542 0.24750304
v -0.08417353 0.55273819 0.29521635
v -0.08352917 0.55822504 0.28298163
v -0.10623921 0.55418313 0.29459050
v -0.09537804 0.55077934 0.30111510
v -0.12878376 0.56009984 0.28427923
v -0.11896968 0.52946788 0.28319556
v -0.11788318 0.55705076 0.29003009
v -0.13407584 0.56391263 0.26807219
v -0.13557437 0.57193351 0.24779254
v -0.09041823 0.57449234 0.23288004
v -0.08274764 0.56183493 0.27415824
v -0.17597763 0.69784766 0.13145044
v -0.17117794 0.69793105 0.12603188
v -0.17369142 0.69302100 0.12683094
v -0.17698520 0.69387758 0.12989143
v -0.15149356 0.69102007 0.10360453
v -0.13977274 0.69071305 0.10019607
v -0.14590541 0.68073153 0.09703241
v -0.15388000 0.68170881 0.09971127
v -0.16362269 0.69678026 0.11286776
v -0.16969322 0.69838625 0.11764420
v -0.16545972 0.70049655 0.11939219
v -0.16169925 0.69915378 0.11644171
v -0.18102500 0.69198722 0.16595264
v -0.18513548 0.69349527 0.17011946
v -0.18093742 0.69545239 0.17209984
v -0.17922802 0.69549298 0.16862714
v -0.17794396 0.69731975 0.14429682
v -0.18101785 0.69831491 0.14977002
v -0.17780828 0.70053124 0.15089601
v -0.17509758 0.70040476 0.14810228
v -0.14746654 0.67187124 0.11944698
v -0.15302077 0.67720127 0.10775277
v -0.14083272 0.67504799 0.10358398
v -0.13452376 0.66646558 0.11370808
v -0.13080138 0.68110943 0.10533958
v -0.13442171 0.68754697 0.11177992
v -0.12674575 0.68324679 0.12274021
v -0.12322922 0.67469484 0.11682979
v -0.14541283 0.69156528 0.11616839
v -0.13908418 0.68781060 0.12694836
v -0.14931546 0.68355429 0.12646797
v -0.15751301 0.68775594 0.11447813
v -0.16458076 0.68861461 0.13419899
v -0.17126684 0.69548297 0.12593611
v -0.16920961 0.68825173 0.12128018
v -0.16315597 0.68028563 0.13035841
v -0.16290385 0.68665212 0.11613658
v -0.15481770 0.67861402 0.12300804
v -0.14829762 0.68642759 0.12432469
v -0.15583128 0.69157898 0.11370788
v -0.15628974 0.69631565 0.12023219
v -0.14880770 0.69156164 0.13019897
v -0.15641947 0.69361061 0.13454038
v -0.16302526 0.69849074 0.12612820
v -0.17381492 0.68311334 0.14350325
v -0.17594250 0.69064307 0.13508937
v -0.17018798 0.68942142 0.13069053
v -0.16600506 0.68202603 0.13687833
v -0.16420557 0.69524640 0.12903208
v -0.16656795 0.69897193 0.13372070
v -0.16077487 0.69461739 0.14170790
v -0.15970255 0.69031763 0.13627636
v -0.16784781 0.69562638 0.14744499
v -0.17186028 0.70078444 0.13810696
v -0.17500415 0.68993592 0.14686048
v -0.17766342 0.69661140 0.13855168
v -0.18056054 0.68934691 0.16522020
v -0.18218131 0.69620466 0.15652660
v -0.18243007 0.69088989 0.15304339
v -0.18143018 0.68298662 0.16119924
v -0.17858742 0.68952012 0.14873385
v -0.17649414 0.68301427 0.15433139
v -0.17356418 0.69265121 0.14706737
v -0.17161961 0.69845605 0.15153231
v -0.16929962 0.69453299 0.15819824
v -0.17231882 0.68830812 0.15251909
v -0.17598075 0.69967377 0.15648863
v -0.17399311 0.69474256 0.16486800
v -0.18508604 0.68053508 0.18121356
v -0.18337946 0.68564183 0.18490538
v -0.18430324 0.69009876 0.17789368
v -0.18486735 0.68530244 0.17525700
v -0.18317212 0.68504393 0.16954720
v -0.18195802 0.68023849 0.17436685
v -0.17782842 0.68810284 0.16881603
v -0.17485119 0.69398570 0.17223343
v -0.17360063 0.69133246 0.17720667
v -0.17786442 0.68521869 0.17333478
v -0.17933179 0.69458127 0.17706129
v -0.17753932 0.69029033 0.18325271
v -0.12926538 0.66037118 0.12526447
v -0.14409490 0.66907275 0.13243407
v -0.14042275 0.69058144 0.10521100
v -0.11755255 0.67023790 0.12918761
v -0.14638586 0.69275618 0.10777140
v -0.13675828 0.68526435 0.13852584
v -0.12119928 0.67977870 0.13529828
v -0.14472452 0.68175411 0.13100104
v -0.17045739 0.69306660 0.11628997
v -0.15777674 0.68650377 0.14061034
v -0.15172358 0.68969321 0.14857584
v -0.16662826 0.69190812 0.11352534
v -0.15798254 0.67359710 0.14283687
v -0.16773213 0.67542571 0.15920213
v -0.16984057 0.70074534 0.13018599
v -0.17231999 0.70150983 0.13288003
v -0.16318600 0.69135857 0.16305709
v -0.17269067 0.68692243 0.15371408
v -0.18234661 0.69479245 0.14861530
v -0.17924146 0.68540901 0.17264760
v -0.17085828 0.69034314 0.17860037
v -0.17999940 0.69330633 0.14637068
v -0.17700285 0.67456800 0.17568699
v -0.18500052 0.68965650 0.17002997
v -0.18227176 0.67949998 0.19443677
v -0.17603955 0.68766594 0.19131017
v -0.18381877 0.68889809 0.16717383
v -0.18303666 0.67348921 0.18925704
v -0.10267554 0.52967691 0.22068274
v -0.10375620 0.55460960 0.22443330
v -0.11526406 0.53204036 0.21931612
v -0.12560146 0.55417770 0.23097754
v -0.11599585 0.55680853 0.22425707
v -0.10459583 0.57742798 0.22328460
v -0.12750354 0.57777441 0.23248442
v -0.11760668 0.57872736 0.22335403
v -0.12884220 0.57977325 0.29324305
v -0.13623302 0.58470803 0.27727133
v -0.11513776 0.57702076 0.29710639
v -0.09301779 0.57096219 0.31044325
v -0.10396786 0.57366002 0.30389506
v -0.10557242 0.59638035 0.21669658
v -0.09120253 0.59479117 0.23182778
v -0.12025569 0.59700274 0.21592575
v -0.13256843 0.59681010 0.22761847
v -0.11871168 0.65166485 0.13731404
v -0.11026762 0.64705133 0.15691431
v -0.12706795 0.64031518 0.15839012
v -0.13601071 0.65357739 0.14444910
v -0.14140943 0.64351362 0.17081694
v -0.14858590 0.65916067 0.15696919
v -0.15326703 0.64674366 0.18482617
v -0.16011730 0.66156471 0.17130217
v -0.16317785 0.64994448 0.19907555
v -0.16999561 0.66305667 0.18648511
v -0.17156789 0.65487111 0.21262085
v -0.17890286 0.66453546 0.19948848
v -0.17593834 0.66415095 0.22121212
v -0.18195286 0.67252624 0.20682001
v -0.10731278 0.66545510 0.14239663
v -0.10081418 0.66041863 0.16167404
v -0.11226214 0.67706144 0.15075873
v -0.10596921 0.67310673 0.16990525
v -0.12634586 0.67967093 0.15871115
v -0.11899029 0.67495346 0.17816210
v -0.16807938 0.67610055 0.21967375
v -0.17260076 0.68365574 0.20412487
v -0.14016882 0.68266249 0.17052165
v -0.13311388 0.67621398 0.18907225
v -0.15199506 0.68538034 0.18328694
v -0.14551665 0.67813164 0.20098263
v -0.16223148 0.68614089 0.19502531
v -0.15682481 0.67895931 0.21170071
v -0.11635518 0.62861711 0.17767154
v -0.13405892 0.62635106 0.18541880
v -0.14622335 0.62957263 0.20004690
v -0.15493137 0.63538915 0.21551691
v -0.16134647 0.64452243 0.22980401
v -0.16747227 0.65426290 0.23880494
v -0.14828348 0.61753976 0.23796426
v -0.15028973 0.63565296 0.25072774
v -0.15450549 0.64734852 0.25743204
v -0.14032227 0.62745202 0.27310857
v -0.14228158 0.64086384 0.27690685
v -0.12081744 0.61690402 0.30873537
v -0.12351048 0.63207912 0.31505257
v -0.13230520 0.63444442 0.29736993
v -0.12975031 0.62050414 0.29319257
v -0.13959277 0.61067295 0.26302761
v -0.13088134 0.60230184 0.28571191
v -0.12134776 0.59764707 0.29930723
v -0.10249616 0.62609875 0.33237639
v -0.11435630 0.62943602 0.32616603
v -0.11292675 0.61378467 0.31963968
v -0.10302582 0.60957593 0.32823619
v -0.08605887 0.60810494 0.33090484
v -0.08564796 0.62586462 0.33144861
v -0.07384306 0.61198962 0.31683636
v -0.07234457 0.62848425 0.31962115
v -0.10339217 0.59091556 0.31616849
v -0.11199889 0.59486639 0.30782899
v -0.09015422 0.58835626 0.32127431
v -0.07920533 0.59210712 0.30896008
v -0.08122927 0.59779066 0.29237148
v -0.07548858 0.61745727 0.29818028
v -0.07095857 0.63234967 0.30135417
v -0.10298283 0.64126515 0.18076000
v -0.09903859 0.65280378 0.18603444
v -0.14045894 0.61217880 0.21509200
v -0.12627420 0.61016411 0.20087594
v -0.10602617 0.61498314 0.20321554
v -0.09474108 0.63407636 0.20597750
v -0.09527420 0.64698648 0.21332708
v -0.09024781 0.64241838 0.23735413
v -0.08682150 0.63070560 0.23116219
v -0.10341130 0.66248590 0.19360715
v -0.10108261 0.65376949 0.21965343
v -0.09575720 0.64863157 0.24292147
v -0.08365814 0.63904428 0.25739762
v -0.08153173 0.62709665 0.25207463
v -0.07888876 0.63640535 0.27315193
v -0.07993540 0.62330008 0.26909915
v -0.07847682 0.62050176 0.28281948
v -0.07467131 0.63427532 0.28637427
v -0.08203667 0.60504115 0.26622990
v -0.08157658 0.60128945 0.27859309
v -0.08334991 0.60962033 0.24924234
v -0.08982137 0.61289442 0.22804119
v -0.16130102 0.66675782 0.23849835
v -0.15123329 0.65805495 0.25782102
v -0.13945359 0.65063530 0.27711448
v -0.12901190 0.64579725 0.29739261
v -0.11821470 0.64351767 0.31292278
v -0.10953309 0.64132845 0.32192934
v -0.08632275 0.63677788 0.32562453
v -0.09938101 0.63833082 0.32729810
v -0.07697247 0.63823658 0.31721511
v -0.07559550 0.64221895 0.30288050
v -0.07817835 0.64518023 0.29053912
v -0.08821112 0.64703000 0.26262105
v -0.08232525 0.64681423 0.27768117
v -0.08110689 0.59111106 0.24861962
v -0.07965389 0.58625025 0.26516503
v -0.08019671 0.58215928 0.27778861
v -0.08145234 0.57278931 0.30330294
v -0.08178803 0.57805777 0.28854039
v -0.11384158 0.66701871 0.20159829
v -0.12744401 0.66792762 0.21151558
v -0.13999745 0.66934735 0.22222140
v -0.15107234 0.66975754 0.23162307
v -0.14312817 0.66177195 0.25264898
v -0.13293892 0.66164637 0.24528238
v -0.12082481 0.66092056 0.23626274
v -0.10943128 0.65795588 0.22677389
v -0.13219360 0.65542698 0.27250239
v -0.12321995 0.65636331 0.26594102
v -0.11232147 0.65596640 0.25879523
v -0.10295965 0.65345836 0.24988571
v -0.09443752 0.65207756 0.26945245
v -0.10230243 0.65300405 0.27800691
v -0.11200444 0.65268970 0.28434807
v -0.12045065 0.65084082 0.29134166
v -0.11088444 0.64750957 0.30548415
v -0.10327564 0.64911675 0.29812717
v -0.09471039 0.64989096 0.29166406
v -0.08827080 0.64990437 0.28463358
v -0.10391311 0.64524794 0.31341916
v -0.08872603 0.64194244 0.31922597
v -0.09681909 0.64297324 0.31857151
v -0.08220710 0.64305353 0.31454027
v -0.08213513 0.64563543 0.30469924
v -0.08462393 0.64795852 0.29504436
v -0.09079419 0.64767379 0.30008057
v -0.08806778 0.64571714 0.30679765
v -0.09826320 0.64674807 0.30604583
v -0.09385674 0.64474249 0.31141940
v -0.08673289 0.64397848 0.31212521
v -0.08967657 0.64356786 0.31436995
v -0.13723290 0.59466708 0.24937133
v -0.11402212 0.28421435 0.08945803
v -0.09935589 0.28131372 0.08982375
v -0.12902363 0.28148571 0.09255697
v -0.14941990 -0.12078288 -0.00989212
v -0.08614389 -0.33380482 -0.04831596
v -0.08654554 -0.37048009 -0.04819266
v -0.08560907 -0.35151646 -0.04761197
v -0.15366411 -0.09342727 -0.00774894
v -0.11588804 -0.40129498 -0.00236132
v -0.09398869 -0.55709898 -0.06170224
v -0.03158217 -0.82431781 0.01642513
v -0.02990505 -0.82113361 0.01528111
v -0.02861447 -0.81800044 0.01554574
v -0.02722623 -0.81511271 0.01683974
v -0.02541775 -0.81283712 0.01831791
v -0.02246113 -0.81185639 0.01972666
v -0.02893982 -0.81830841 0.01874900
v -0.02473396 -0.81988406 0.02030474
v -0.02564480 -0.82172650 0.01970397
v -0.02943020 -0.82075185 0.01825438
f 2 3 1
f 1 3 4
f 3 2 5
f 5 2 6
f 3 7 4
f 4 7 8
f 10 11 9
f 9 11 12
f 14 15 13
f 13 15 16
f 18 19 17
f 17 19 20
f 22 23 21
f 21 23 24
f 26 18 25
f 25 18 17
f 27 28 17
f 17 28 25
f 30 31 29
f 29 31 32
f 34 35 33
f 33 35 36
f 21 24 37
f 37 24 38
f 40 31 39
f 39 31 38
f 34 33 28
f 28 33 25
f 41 42 44
f 44 42 43
f 36 45 33
f 33 45 25
f 46 47 49
f 49 47 48
f 51 52 50
f 50 52 53
f 55 53 54
f 54 53 52
f 57 58 56
f 56 58 59
f 61 62 60
f 60 62 63
f 65 66 64
f 64 66 67
f 69 70 68
f 68 70 71
f 65 73 72
f 72 73 74
f 64 75 65
f 65 75 73
f 77 78 76
f 76 78 79
f 80 81 83
f 83 81 82
f 81 85 84
f 84 85 86
f 88 89 87
f 87 89 69
f 88 87 90
f 90 87 91
f 93 94 92
f 92 94 95
f 96 84 43
f 43 84 44
f 51 98 97
f 97 98 86
f 97 99 51
f 51 99 52
f 54 52 100
f 100 52 99
f 58 101 59
f 59 101 102
f 62 103 63
f 63 103 104
f 105 106 6
f 6 106 5
f 108 109 107
f 107 109 110
f 112 113 111
f 111 113 114
f 116 117 115
f 115 117 118
f 120 121 119
f 119 121 122
f 124 125 123
f 123 125 126
f 128 129 127
f 127 129 130
f 130 131 127
f 127 131 132
f 134 1 133
f 133 1 135
f 1 4 135
f 135 4 136
f 4 8 136
f 136 8 137
f 138 139 15
f 15 139 140
f 140 139 141
f 141 139 142
f 144 57 143
f 143 57 56
f 145 146 141
f 141 146 147
f 146 149 148
f 148 149 150
f 152 153 151
f 151 153 154
f 141 147 140
f 140 147 155
f 157 11 156
f 156 11 158
f 160 161 159
f 159 161 162
f 164 165 163
f 163 165 166
f 165 160 166
f 166 160 159
f 168 169 167
f 167 169 170
f 169 171 170
f 170 171 172
f 149 173 150
f 150 173 174
f 175 176 149
f 149 176 173
f 178 172 177
f 177 172 171
f 180 181 179
f 179 181 182
f 184 180 183
f 183 180 179
f 186 187 185
f 185 187 188
f 190 191 189
f 189 191 192
f 7 193 8
f 8 193 194
f 196 162 195
f 195 162 161
f 197 168 198
f 198 168 167
f 181 199 182
f 182 199 200
f 202 203 201
f 201 203 204
f 187 186 205
f 205 186 206
f 208 209 207
f 207 209 210
f 212 213 211
f 211 213 214
f 215 216 218
f 218 216 217
f 220 209 219
f 219 209 208
f 204 186 221
f 221 186 185
f 201 204 222
f 222 204 221
f 223 211 220
f 220 211 209
f 224 225 214
f 214 225 210
f 203 206 204
f 204 206 186
f 227 187 226
f 226 187 205
f 27 228 21
f 21 228 22
f 230 231 229
f 229 231 232
f 234 235 233
f 233 235 236
f 238 239 237
f 237 239 240
f 119 122 118
f 118 122 115
f 112 242 241
f 241 242 243
f 98 51 244
f 244 51 50
f 245 138 14
f 14 138 15
f 11 10 158
f 158 10 246
f 89 85 69
f 69 85 70
f 11 157 12
f 12 157 247
f 249 164 248
f 248 164 163
f 177 250 178
f 178 250 251
f 253 254 252
f 252 254 255
f 187 227 188
f 188 227 256
f 212 257 213
f 213 257 258
f 260 134 259
f 259 134 133
f 165 164 135
f 135 164 133
f 160 165 136
f 136 165 135
f 136 137 160
f 160 137 161
f 137 261 161
f 161 261 195
f 263 264 262
f 262 264 265
f 13 16 266
f 266 16 267
f 268 267 155
f 155 267 16
f 147 269 155
f 155 269 268
f 162 196 167
f 167 196 198
f 167 170 162
f 162 170 159
f 170 172 159
f 159 172 166
f 172 178 166
f 166 178 163
f 178 251 163
f 163 251 248
f 168 270 169
f 169 270 271
f 272 273 171
f 171 273 177
f 271 272 169
f 169 272 171
f 168 197 270
f 270 197 274
f 250 177 275
f 275 177 273
f 277 45 276
f 276 45 278
f 280 281 279
f 279 281 282
f 284 104 283
f 283 104 103
f 285 215 286
f 286 215 218
f 288 289 287
f 287 289 290
f 291 80 66
f 66 80 83
f 293 294 292
f 292 294 295
f 73 91 74
f 74 91 87
f 91 73 92
f 92 73 75
f 279 77 280
f 280 77 76
f 80 291 70
f 70 291 71
f 277 47 96
f 96 47 82
f 297 175 296
f 296 175 149
f 299 154 298
f 298 154 153
f 225 300 210
f 210 300 207
f 224 301 206
f 206 301 205
f 210 209 214
f 214 209 211
f 226 205 302
f 302 205 301
f 304 305 303
f 303 305 306
f 308 309 307
f 307 309 310
f 72 291 65
f 65 291 66
f 66 83 67
f 67 83 46
f 312 313 311
f 311 313 314
f 316 317 315
f 315 317 36
f 29 318 35
f 35 318 319
f 321 32 320
f 320 32 322
f 311 314 323
f 323 314 324
f 315 325 316
f 316 325 326
f 318 287 319
f 319 287 290
f 328 321 327
f 327 321 320
f 329 330 39
f 39 330 331
f 332 333 40
f 40 333 322
f 309 334 285
f 285 334 335
f 236 2 134
f 134 2 1
f 260 336 233
f 233 336 337
f 237 14 265
f 265 14 13
f 84 86 44
f 44 86 98
f 189 192 7
f 7 192 193
f 44 98 41
f 41 98 244
f 237 240 14
f 14 240 245
f 7 3 189
f 189 3 5
f 338 71 72
f 72 71 291
f 262 265 266
f 266 265 13
f 124 123 339
f 339 123 105
f 123 109 105
f 105 109 106
f 189 5 190
f 190 5 106
f 111 114 12
f 12 114 9
f 264 340 265
f 265 340 237
f 342 343 341
f 341 343 344
f 6 235 105
f 105 235 339
f 234 346 345
f 345 346 347
f 349 350 348
f 348 350 351
f 107 352 108
f 108 352 353
f 355 356 354
f 354 356 357
f 237 340 238
f 238 340 358
f 12 247 111
f 111 247 359
f 264 263 116
f 116 263 360
f 361 362 222
f 222 362 201
f 364 365 363
f 363 365 366
f 368 369 367
f 367 369 370
f 372 373 371
f 371 373 374
f 375 376 372
f 372 376 377
f 378 379 381
f 381 379 380
f 382 383 269
f 269 383 268
f 150 174 365
f 365 174 384
f 380 377 381
f 381 377 376
f 271 270 180
f 180 270 181
f 273 272 252
f 252 272 184
f 272 271 184
f 184 271 180
f 181 270 274
f 252 255 273
f 273 255 275
f 254 385 255
f 255 385 386
f 387 388 179
f 179 388 183
f 389 387 182
f 182 387 179
f 182 200 389
f 389 200 390
f 388 391 183
f 183 391 253
f 391 392 253
f 253 392 254
f 394 379 393
f 393 379 378
f 185 188 395
f 395 188 396
f 221 185 397
f 397 185 395
f 222 221 398
f 398 221 397
f 188 256 396
f 396 256 399
f 400 401 256
f 256 401 399
f 402 403 405
f 405 403 404
f 148 150 364
f 364 150 365
f 393 406 394
f 394 406 407
f 158 246 393
f 393 246 406
f 342 19 238
f 238 19 239
f 23 22 350
f 350 22 354
f 244 50 245
f 245 50 138
f 55 142 53
f 53 142 139
f 145 144 296
f 296 144 143
f 355 228 341
f 341 228 20
f 41 240 42
f 42 240 239
f 283 308 284
f 284 308 307
f 349 409 408
f 408 409 410
f 244 245 41
f 41 245 240
f 268 383 406
f 406 383 407
f 346 411 349
f 349 411 409
f 251 412 248
f 248 412 413
f 275 414 250
f 250 414 415
f 25 45 26
f 26 45 277
f 43 26 96
f 96 26 277
f 416 417 61
f 61 417 62
f 329 24 408
f 408 24 23
f 31 40 32
f 32 40 322
f 39 38 329
f 329 38 24
f 37 38 30
f 30 38 31
f 418 419 421
f 421 419 420
f 78 295 79
f 79 295 294
f 124 339 422
f 422 339 345
f 232 131 357
f 357 131 351
f 2 236 6
f 6 236 235
f 252 184 253
f 253 184 183
f 227 423 256
f 256 423 400
f 423 227 305
f 305 227 226
f 424 258 425
f 425 258 257
f 426 427 212
f 212 427 257
f 259 133 249
f 249 133 164
f 419 418 428
f 428 418 429
f 327 430 328
f 328 430 288
f 49 431 46
f 46 431 67
f 306 302 424
f 424 302 258
f 313 432 314
f 314 432 433
f 32 321 29
f 29 321 318
f 324 314 433
f 287 318 328
f 328 318 321
f 134 260 236
f 236 260 233
f 345 339 234
f 234 339 235
f 357 351 354
f 354 351 350
f 408 23 349
f 349 23 350
f 317 278 36
f 36 278 45
f 432 313 429
f 429 313 428
f 435 428 434
f 434 428 313
f 42 239 18
f 18 239 19
f 43 42 26
f 26 42 18
f 121 120 436
f 436 120 437
f 302 301 258
f 258 301 213
f 110 109 126
f 126 109 123
f 238 358 342
f 342 358 343
f 341 20 342
f 342 20 19
f 322 438 320
f 320 438 439
f 320 439 327
f 327 439 430
f 333 440 322
f 322 440 438
f 289 288 323
f 323 288 430
f 115 340 116
f 116 340 264
f 146 145 149
f 149 145 296
f 15 140 16
f 16 140 155
f 441 442 152
f 152 442 153
f 225 224 203
f 203 224 206
f 175 297 154
f 154 297 151
f 293 443 294
f 294 443 444
f 248 413 249
f 249 413 445
f 446 447 400
f 400 447 401
f 388 387 396
f 396 387 395
f 387 389 395
f 395 389 397
f 391 388 399
f 399 388 396
f 401 392 399
f 399 392 391
f 255 386 275
f 275 386 414
f 449 450 448
f 448 450 451
f 335 452 285
f 285 452 215
f 453 298 442
f 442 298 153
f 211 223 212
f 212 223 426
f 425 257 454
f 454 257 427
f 266 10 262
f 262 10 9
f 360 113 456
f 456 113 455
f 8 194 137
f 137 194 261
f 10 266 246
f 246 266 267
f 203 202 225
f 225 202 300
f 262 9 263
f 263 9 114
f 108 353 190
f 190 353 191
f 389 390 397
f 397 390 398
f 457 422 128
f 128 422 129
f 156 158 378
f 378 158 393
f 347 346 348
f 348 346 349
f 447 458 401
f 401 458 392
f 364 382 148
f 148 382 269
f 55 54 57
f 57 54 58
f 75 64 459
f 459 64 460
f 100 90 101
f 101 90 95
f 101 58 100
f 100 58 54
f 142 55 144
f 144 55 57
f 147 146 269
f 269 146 148
f 459 93 75
f 75 93 92
f 144 145 142
f 142 145 141
f 228 27 20
f 20 27 17
f 154 299 175
f 175 299 176
f 214 213 224
f 224 213 301
f 424 461 306
f 306 461 303
f 285 286 309
f 309 286 310
f 462 334 308
f 308 334 309
f 302 306 226
f 226 306 305
f 37 28 21
f 21 28 27
f 29 35 30
f 30 35 34
f 30 34 37
f 37 34 28
f 344 436 356
f 356 436 229
f 325 290 326
f 326 290 289
f 311 439 312
f 312 439 438
f 35 319 36
f 36 319 315
f 439 311 430
f 430 311 323
f 315 319 325
f 325 319 290
f 440 463 438
f 438 463 312
f 341 344 355
f 355 344 356
f 360 456 116
f 116 456 117
f 354 22 355
f 355 22 228
f 326 289 324
f 324 289 323
f 74 87 68
f 68 87 69
f 50 53 138
f 138 53 139
f 268 406 267
f 267 406 246
f 190 106 108
f 108 106 109
f 241 455 112
f 112 455 113
f 358 122 343
f 343 122 121
f 129 347 130
f 130 347 348
f 348 351 130
f 130 351 131
f 229 232 356
f 356 232 357
f 340 115 358
f 358 115 122
f 111 359 112
f 112 359 242
f 125 124 457
f 457 124 422
f 231 132 232
f 232 132 131
f 343 121 344
f 344 121 436
f 263 114 360
f 360 114 113
f 347 129 345
f 345 129 422
f 230 229 437
f 437 229 436
f 464 446 423
f 423 446 400
f 465 466 468
f 468 466 467
f 470 471 469
f 469 471 472
f 469 472 373
f 373 472 374
f 474 469 473
f 473 469 373
f 471 475 472
f 472 475 476
f 472 477 374
f 374 477 478
f 477 472 476
f 479 480 476
f 476 480 477
f 473 373 377
f 377 373 372
f 481 482 479
f 479 482 480
f 483 484 481
f 481 484 482
f 403 402 485
f 485 402 486
f 487 488 483
f 483 488 484
f 487 489 488
f 488 489 490
f 489 491 490
f 490 491 492
f 491 493 492
f 492 493 494
f 493 495 494
f 494 495 496
f 497 498 481
f 481 498 483
f 484 499 482
f 482 499 367
f 370 480 367
f 367 480 482
f 480 370 477
f 477 370 478
f 500 497 479
f 479 497 481
f 451 473 380
f 380 473 377
f 448 451 379
f 379 451 380
f 501 502 504
f 504 502 503
f 449 505 507
f 507 505 506
f 486 508 505
f 505 508 506
f 508 509 506
f 506 509 510
f 511 507 510
f 510 507 506
f 509 508 512
f 512 508 513
f 515 509 514
f 514 509 512
f 509 515 510
f 510 515 516
f 510 516 511
f 511 516 517
f 486 505 485
f 485 505 518
f 505 449 518
f 518 449 448
f 383 382 403
f 403 382 404
f 363 404 364
f 364 404 382
f 403 485 383
f 383 485 407
f 519 520 361
f 361 520 362
f 522 496 521
f 521 496 495
f 450 474 451
f 451 474 473
f 363 366 523
f 523 366 524
f 525 499 488
f 488 499 484
f 488 490 525
f 525 490 526
f 496 522 520
f 520 522 527
f 494 496 519
f 519 496 520
f 492 494 528
f 528 494 519
f 529 530 495
f 495 530 521
f 490 492 526
f 526 492 528
f 529 495 531
f 531 495 493
f 533 534 532
f 532 534 535
f 523 524 533
f 533 524 534
f 486 402 532
f 532 402 533
f 529 536 530
f 530 536 537
f 536 538 537
f 537 538 539
f 540 541 539
f 539 541 537
f 530 537 535
f 535 537 541
f 542 539 543
f 543 539 538
f 539 542 540
f 540 542 544
f 541 540 513
f 513 540 512
f 540 544 512
f 512 544 514
f 546 547 545
f 545 547 548
f 549 550 531
f 531 550 551
f 550 549 552
f 552 549 553
f 546 550 554
f 554 550 552
f 547 546 555
f 555 546 554
f 498 556 558
f 558 556 557
f 559 557 560
f 560 557 556
f 561 562 560
f 560 562 559
f 557 559 552
f 552 559 554
f 559 562 554
f 554 562 555
f 558 557 553
f 553 557 552
f 475 471 563
f 563 471 564
f 565 563 567
f 567 563 566
f 471 470 564
f 564 470 466
f 564 466 568
f 568 466 465
f 568 465 569
f 569 465 570
f 572 573 571
f 571 573 574
f 569 575 567
f 567 575 576
f 577 565 576
f 576 565 567
f 578 579 581
f 581 579 580
f 575 561 576
f 576 561 560
f 556 577 560
f 560 577 576
f 577 556 497
f 497 556 498
f 565 577 500
f 500 577 497
f 563 565 475
f 475 565 500
f 553 489 558
f 558 489 487
f 531 493 549
f 549 493 491
f 489 553 491
f 491 553 549
f 394 407 518
f 518 407 485
f 518 448 394
f 394 448 379
f 545 548 538
f 538 548 543
f 551 545 536
f 536 545 538
f 536 529 551
f 551 529 531
f 507 582 449
f 449 582 450
f 511 583 507
f 507 583 582
f 511 517 583
f 583 517 584
f 585 586 588
f 588 586 587
f 590 591 589
f 589 591 592
f 591 590 593
f 593 590 594
f 596 597 595
f 595 597 598
f 599 600 602
f 602 600 601
f 604 605 603
f 603 605 606
f 608 609 607
f 607 609 610
f 612 613 611
f 611 613 614
f 615 616 618
f 618 616 617
f 620 621 619
f 619 621 622
f 624 625 623
f 623 625 626
f 628 629 627
f 627 629 630
f 632 633 631
f 631 633 634
f 635 636 638
f 638 636 637
f 639 640 642
f 642 640 641
f 644 645 643
f 643 645 646
f 619 622 647
f 647 622 648
f 650 651 649
f 649 651 652
f 601 653 602
f 602 653 654
f 656 657 655
f 655 657 658
f 660 661 659
f 659 661 662
f 664 665 663
f 663 665 666
f 593 594 667
f 667 594 668
f 669 670 672
f 672 670 671
f 673 674 676
f 676 674 675
f 633 632 677
f 677 632 678
f 663 666 679
f 679 666 680
f 681 682 684
f 684 682 683
f 686 687 685
f 685 687 688
f 690 661 689
f 689 661 691
f 693 686 692
f 692 686 685
f 695 597 694
f 694 597 668
f 594 696 668
f 668 696 694
f 697 698 696
f 696 698 699
f 700 701 697
f 697 701 698
f 702 585 703
f 703 585 588
f 671 690 672
f 672 690 689
f 640 639 704
f 704 639 705
f 679 706 663
f 663 706 658
f 708 709 707
f 707 709 710
f 711 712 610
f 610 712 607
f 713 714 716
f 716 714 715
f 717 718 720
f 720 718 719
f 722 634 721
f 721 634 633
f 724 725 723
f 723 725 726
f 728 729 727
f 727 729 730
f 732 733 731
f 731 733 734
f 707 710 735
f 735 710 736
f 643 737 644
f 644 737 738
f 740 741 739
f 739 741 742
f 608 744 743
f 743 744 745
f 747 748 746
f 746 748 749
f 751 752 750
f 750 752 753
f 754 755 757
f 757 755 756
f 758 759 761
f 761 759 760
f 763 764 762
f 762 764 765
f 767 768 766
f 766 768 769
f 771 772 770
f 770 772 773
f 775 776 774
f 774 776 777
f 779 780 778
f 778 780 781
f 783 712 782
f 782 712 784
f 785 786 788
f 788 786 787
f 790 628 789
f 789 628 627
f 792 793 791
f 791 793 794
f 795 796 726
f 726 796 723
f 798 799 797
f 797 799 800
f 721 633 801
f 801 633 677
f 797 800 802
f 802 800 803
f 805 806 804
f 804 806 807
f 809 810 808
f 808 810 811
f 813 814 812
f 812 814 815
f 809 808 817
f 817 808 816
f 818 819 804
f 804 819 805
f 820 821 818
f 818 821 819
f 821 820 587
f 587 820 822
f 809 823 810
f 810 823 824
f 814 807 815
f 815 807 806
f 826 426 825
f 825 426 223
f 426 826 427
f 427 826 827
f 828 829 454
f 454 829 830
f 831 832 677
f 677 832 801
f 834 835 833
f 833 835 836
f 838 839 837
f 837 839 840
f 841 842 844
f 844 842 843
f 845 846 803
f 803 846 802
f 847 831 678
f 678 831 677
f 848 849 851
f 851 849 850
f 853 854 852
f 852 854 855
f 857 858 856
f 856 858 680
f 860 861 859
f 859 861 862
f 864 865 863
f 863 865 866
f 868 869 867
f 867 869 870
f 839 871 840
f 840 871 872
f 849 848 874
f 874 848 873
f 876 877 875
f 875 877 878
f 880 881 879
f 879 881 882
f 883 884 886
f 886 884 885
f 846 887 802
f 802 887 888
f 890 891 889
f 889 891 888
f 893 894 892
f 892 894 895
f 896 897 728
f 728 897 729
f 899 900 898
f 898 900 901
f 902 852 904
f 904 852 903
f 849 905 850
f 850 905 906
f 875 878 907
f 907 878 908
f 910 911 909
f 909 911 912
f 914 915 913
f 913 915 916
f 917 918 862
f 862 918 859
f 919 920 856
f 856 920 921
f 923 924 922
f 922 924 925
f 926 927 925
f 925 927 922
f 929 930 928
f 928 930 693
f 932 695 931
f 931 695 694
f 823 867 824
f 824 867 933
f 935 936 934
f 934 936 937
f 938 868 823
f 823 868 867
f 940 847 939
f 939 847 678
f 632 655 678
f 678 655 939
f 941 942 619
f 619 942 620
f 687 943 688
f 688 943 944
f 851 850 945
f 945 850 903
f 850 906 903
f 903 906 904
f 946 947 949
f 949 947 948
f 951 952 950
f 950 952 953
f 955 956 954
f 954 956 957
f 907 958 875
f 875 958 874
f 960 961 959
f 959 961 962
f 963 853 902
f 902 853 852
f 909 964 910
f 910 964 965
f 967 968 966
f 966 968 969
f 971 972 970
f 970 972 973
f 974 960 975
f 975 960 959
f 977 978 976
f 976 978 979
f 981 977 980
f 980 977 976
f 980 982 981
f 981 982 983
f 985 983 984
f 984 983 982
f 984 986 985
f 985 986 987
f 989 990 988
f 988 990 991
f 993 994 992
f 992 994 995
f 997 998 996
f 996 998 999
f 1001 1002 1000
f 1000 1002 1003
f 1005 1006 1004
f 1004 1006 1007
f 1004 1008 1005
f 1005 1008 1009
f 1008 1010 1009
f 1009 1010 1011
f 1013 1011 1012
f 1012 1011 1010
f 1014 1015 1017
f 1017 1015 1016
f 1019 1020 1018
f 1018 1020 1021
f 1022 1023 976
f 976 1023 980
f 1024 1025 982
f 982 1025 984
f 992 995 1026
f 1026 995 1027
f 956 955 1028
f 1028 955 1029
f 1030 1031 1033
f 1033 1031 1032
f 1010 1008 1034
f 1034 1008 1035
f 1008 1004 1035
f 1035 1004 1036
f 1037 1038 1002
f 1002 1038 1007
f 1002 1001 1037
f 1037 1001 1039
f 1040 1041 997
f 997 1041 998
f 1015 1014 1043
f 1043 1014 1042
f 1044 1045 1047
f 1047 1045 1046
f 1044 1020 1048
f 1048 1020 1049
f 1050 1051 1003
f 1003 1051 1000
f 1052 1050 1006
f 1006 1050 1003
f 1053 1054 1011
f 1011 1054 1009
f 1013 1045 1055
f 1055 1045 1056
f 1058 1059 1057
f 1057 1059 1060
f 1062 1063 1061
f 1061 1063 1064
f 1065 1066 1050
f 1050 1066 1051
f 1067 1065 1052
f 1052 1065 1050
f 1068 1069 1054
f 1054 1069 1070
f 1071 1068 1053
f 1053 1068 1054
f 1073 1071 1072
f 1072 1071 1074
f 1074 1071 1055
f 1055 1071 1053
f 1076 1077 1075
f 1075 1077 1078
f 1079 1080 1057
f 1057 1080 1058
f 1081 1082 1064
f 1064 1082 1061
f 1084 1085 1083
f 1083 1085 1086
f 1088 1089 1087
f 1087 1089 1090
f 1092 1093 1091
f 1091 1093 1094
f 1096 1097 1095
f 1095 1097 1098
f 1099 1100 1102
f 1102 1100 1101
f 1103 1104 1099
f 1099 1104 1100
f 1106 1107 1105
f 1105 1107 1108
f 1110 1111 1109
f 1109 1111 1112
f 1114 1115 1113
f 1113 1115 1116
f 1118 1119 1117
f 1117 1119 1077
f 1117 1120 1122
f 1122 1120 1121
f 1105 1123 1106
f 1106 1123 1124
f 1125 1126 1128
f 1128 1126 1127
f 1130 1131 1129
f 1129 1131 1132
f 1134 1135 1133
f 1133 1135 1114
f 1113 1136 1114
f 1114 1136 1133
f 1118 1137 1113
f 1113 1137 1136
f 1118 1117 1137
f 1137 1117 1122
f 1139 1140 1138
f 1138 1140 1141
f 1143 953 1142
f 1142 953 952
f 1145 957 1144
f 1144 957 956
f 1028 1146 956
f 956 1146 1144
f 1014 1147 1042
f 1042 1147 1148
f 1014 1017 1147
f 1147 1017 1149
f 1059 1058 1150
f 1150 1058 1151
f 1153 1080 1152
f 1152 1080 1154
f 1156 1088 1155
f 1155 1088 1087
f 1157 1158 1106
f 1106 1158 1107
f 1106 1124 1157
f 1157 1124 1159
f 1161 1162 1160
f 1160 1162 1163
f 1165 1166 1164
f 1164 1166 1167
f 1168 1031 1012
f 1012 1031 1046
f 1024 1023 1035
f 1035 1023 1034
f 1036 1038 1025
f 1025 1038 1169
f 1170 1171 1039
f 1039 1171 1037
f 1028 1029 1042
f 1042 1029 1043
f 1172 1173 1175
f 1175 1173 1174
f 1055 1053 1013
f 1013 1053 1011
f 1005 1009 1070
f 1070 1009 1054
f 996 999 1062
f 1062 999 1063
f 1016 1060 1017
f 1017 1060 1059
f 1017 1059 1149
f 1149 1059 1150
f 1177 1178 1176
f 1176 1178 1103
f 1176 1072 1179
f 1179 1072 1074
f 1073 1102 1086
f 1086 1102 1083
f 1180 1181 1067
f 1067 1181 1065
f 1182 1183 1184
f 1184 1183 1181
f 1186 1187 1185
f 1185 1187 1188
f 1189 1190 798
f 798 1190 799
f 1192 1193 1191
f 1191 1193 1194
f 1195 1196 1194
f 1194 1196 1191
f 1196 1195 1198
f 1198 1195 1197
f 1200 674 1199
f 1199 674 673
f 928 1201 1203
f 1203 1201 1202
f 861 1204 862
f 862 1204 921
f 1205 1206 913
f 913 1206 1207
f 882 1208 879
f 879 1208 1209
f 1210 1211 1167
f 1167 1211 1164
f 1212 769 1213
f 1213 769 768
f 727 1214 728
f 728 1214 1215
f 1217 1218 1216
f 1216 1218 1219
f 1220 813 1221
f 1221 813 812
f 827 828 427
f 427 828 454
f 1223 1224 1222
f 1222 1224 1165
f 1226 1227 1225
f 1225 1227 1228
f 851 1229 848
f 848 1229 1230
f 834 854 835
f 835 854 1231
f 1233 1234 1232
f 1232 1234 1235
f 1237 751 1236
f 1236 751 750
f 743 819 1238
f 1238 819 821
f 1240 1241 1239
f 1239 1241 1242
f 1244 1245 1243
f 1243 1245 1246
f 844 1247 841
f 841 1247 1248
f 1250 1251 1249
f 1249 1251 1252
f 1254 893 1253
f 1253 893 1237
f 1255 1256 1258
f 1258 1256 1257
f 1260 1261 1259
f 1259 1261 1262
f 945 903 855
f 855 903 852
f 855 1263 945
f 945 1263 1264
f 832 845 801
f 801 845 803
f 800 721 803
f 803 721 801
f 721 800 722
f 722 800 799
f 1266 1267 1265
f 1265 1267 1268
f 1270 795 1269
f 1269 795 726
f 725 1271 726
f 726 1271 1269
f 737 765 738
f 738 765 764
f 759 740 760
f 760 740 739
f 717 1272 1274
f 1274 1272 1273
f 1163 1226 1275
f 1275 1226 1225
f 1277 882 1276
f 1276 882 881
f 1041 1040 1027
f 1027 1040 1026
f 900 935 901
f 901 935 934
f 1164 1278 1165
f 1165 1278 1222
f 1211 1279 1164
f 1164 1279 1278
f 442 1280 453
f 453 1280 1281
f 788 1282 785
f 785 1282 1283
f 1285 1286 1284
f 1284 1286 1287
f 1284 1288 1285
f 1285 1288 1289
f 757 1289 754
f 754 1289 1288
f 605 604 675
f 675 604 676
f 1290 1291 1293
f 1293 1291 1292
f 1295 1296 1294
f 1294 1296 1297
f 696 699 694
f 694 699 931
f 1298 1299 592
f 592 1299 589
f 1299 1300 589
f 589 1300 700
f 1300 1301 700
f 700 1301 701
f 743 745 819
f 819 745 805
f 1303 1304 1302
f 1302 1304 1305
f 1306 1307 1305
f 1305 1307 1302
f 609 1298 610
f 610 1298 592
f 587 822 588
f 588 822 1308
f 703 588 1309
f 1309 588 1308
f 1310 703 571
f 571 703 1309
f 1311 1312 789
f 789 1312 790
f 825 223 1313
f 1313 223 220
f 219 1314 220
f 220 1314 1313
f 1315 1316 1311
f 1311 1316 1312
f 1317 1318 1319
f 1319 1318 1241
f 441 1320 442
f 442 1320 1280
f 1321 217 572
f 572 217 216
f 1323 1230 1322
f 1322 1230 1229
f 1324 1325 631
f 631 1325 656
f 1034 1168 1010
f 1010 1168 1012
f 1327 1328 1326
f 1326 1328 1329
f 1331 1202 1330
f 1330 1202 1201
f 571 1309 572
f 572 1309 1321
f 573 572 1332
f 1332 572 216
f 1334 1335 1333
f 1333 1335 1336
f 1337 1338 918
f 918 1338 859
f 1339 863 1340
f 1340 863 866
f 1341 1342 1344
f 1344 1342 1343
f 1345 1346 919
f 919 1346 920
f 1347 1348 673
f 673 1348 1199
f 693 1349 928
f 928 1349 1201
f 1351 1257 1350
f 1350 1257 1256
f 1350 1352 1351
f 1351 1352 1353
f 653 930 654
f 654 930 662
f 1279 1354 1278
f 1278 1354 1355
f 1357 1358 1356
f 1356 1358 1359
f 937 1360 1140
f 1140 1360 1361
f 1225 1228 909
f 909 1228 964
f 901 934 1362
f 1362 934 1139
f 1364 1365 1363
f 1363 1365 1362
f 1367 912 1366
f 1366 912 911
f 1143 1142 1368
f 1368 1142 1369
f 1144 1186 1145
f 1145 1186 1185
f 1146 1175 1144
f 1144 1175 1186
f 1175 1146 1172
f 1172 1146 1148
f 1147 1018 1148
f 1148 1018 1172
f 1018 1147 1019
f 1019 1147 1149
f 1149 1150 1019
f 1019 1150 1370
f 1150 1151 1370
f 1370 1151 1371
f 1151 1153 1371
f 1371 1153 1177
f 1152 1156 1178
f 1178 1156 1372
f 1155 1158 1373
f 1373 1158 1374
f 1157 1159 1376
f 1376 1159 1375
f 1378 1379 1377
f 1377 1379 1380
f 1382 1383 1381
f 1381 1383 1384
f 1382 1386 1385
f 1385 1386 1387
f 1386 1233 1387
f 1387 1233 1232
f 1389 1390 1388
f 1388 1390 1391
f 1393 1394 1392
f 1392 1394 1395
f 1397 1398 1396
f 1396 1398 1399
f 629 1397 630
f 630 1397 1396
f 1342 1400 1343
f 1343 1400 1401
f 1403 1404 1402
f 1402 1404 1405
f 1407 1408 1406
f 1406 1408 1409
f 1411 1412 1410
f 1410 1412 1413
f 793 1414 794
f 794 1414 1415
f 1417 1341 1416
f 1416 1341 1344
f 704 705 1347
f 1347 705 1418
f 741 1419 742
f 742 1419 1420
f 1422 669 1421
f 1421 669 672
f 645 1423 646
f 646 1423 1424
f 1196 1198 614
f 614 1198 611
f 613 1425 614
f 614 1425 1426
f 1427 616 659
f 659 616 660
f 614 1426 1196
f 1196 1426 1191
f 696 594 697
f 697 594 590
f 697 590 700
f 700 590 589
f 703 1310 702
f 702 1310 1428
f 1421 672 1192
f 1192 672 689
f 1271 648 1269
f 1269 648 622
f 621 1270 622
f 622 1270 1269
f 1429 1430 1417
f 1417 1430 1341
f 1431 1432 1434
f 1434 1432 1433
f 1436 1437 1435
f 1435 1437 1438
f 1440 1441 1439
f 1439 1441 1442
f 1443 1444 1446
f 1446 1444 1445
f 823 809 938
f 938 809 817
f 810 1447 811
f 811 1447 1448
f 1449 1450 679
f 679 1450 706
f 913 916 1205
f 1205 916 1451
f 1275 1225 912
f 912 1225 909
f 1452 1453 880
f 880 1453 881
f 1444 1401 1445
f 1445 1401 1400
f 936 1454 937
f 937 1454 1360
f 824 1455 810
f 810 1455 1447
f 631 656 632
f 632 656 655
f 966 1456 967
f 967 1456 1457
f 1459 1460 1458
f 1458 1460 1461
f 1460 1462 1461
f 1461 1462 1463
f 972 974 973
f 973 974 975
f 990 995 991
f 991 995 994
f 1464 1187 1033
f 1033 1187 1174
f 1018 1021 1172
f 1172 1021 1173
f 1000 999 1001
f 1001 999 998
f 976 979 1022
f 1022 979 1032
f 1023 1024 980
f 980 1024 982
f 989 986 1171
f 1171 986 1169
f 1171 1170 989
f 989 1170 990
f 1170 1027 990
f 990 1027 995
f 1041 1039 998
f 998 1039 1001
f 1051 1063 1000
f 1000 1063 999
f 1066 1064 1051
f 1051 1064 1063
f 1183 1081 1066
f 1066 1081 1064
f 1178 1372 1103
f 1103 1372 1104
f 1092 1091 1465
f 1465 1091 1182
f 1467 1465 1466
f 1466 1465 1468
f 1469 1470 1184
f 1184 1470 1468
f 1095 1098 1471
f 1471 1098 1101
f 1076 1374 1120
f 1120 1374 1376
f 1110 1472 1127
f 1127 1472 1132
f 1472 1473 1132
f 1132 1473 1129
f 1474 1475 1466
f 1466 1475 1473
f 1119 1118 1116
f 1116 1118 1113
f 1375 1121 1376
f 1376 1121 1120
f 1127 1132 1128
f 1128 1132 1131
f 1227 1476 1228
f 1228 1476 1361
f 1365 1477 1362
f 1362 1477 872
f 1478 1479 1323
f 1323 1479 1230
f 1480 1481 914
f 914 1481 915
f 913 1277 914
f 914 1277 1276
f 1168 1034 1022
f 1022 1034 1023
f 1035 1036 1024
f 1024 1036 1025
f 1039 1041 1170
f 1170 1041 1027
f 1042 1148 1028
f 1028 1148 1146
f 968 1459 969
f 969 1459 1458
f 1482 1483 664
f 664 1483 665
f 1485 1486 1484
f 1484 1486 1487
f 1489 1490 1488
f 1488 1490 1491
f 1492 1493 722
f 722 1493 634
f 1495 1496 1494
f 1494 1496 1497
f 1498 1207 1339
f 1339 1207 863
f 1224 1499 1165
f 1165 1499 1166
f 1160 1163 1500
f 1500 1163 1275
f 1500 877 1160
f 1160 877 1501
f 876 873 1502
f 1502 873 1479
f 945 1264 851
f 851 1264 1229
f 835 1231 839
f 839 1231 871
f 1503 1283 778
f 778 1283 1282
f 716 715 1505
f 1505 715 1504
f 1446 1445 1507
f 1507 1445 1506
f 779 792 1381
f 1381 792 791
f 1430 1409 1341
f 1341 1409 1342
f 1411 1429 1508
f 1508 1429 1417
f 635 1510 1509
f 1509 1510 1511
f 1377 1380 1315
f 1315 1380 1316
f 1445 1400 1506
f 1506 1400 1408
f 918 917 1336
f 1336 917 1333
f 1513 1514 1512
f 1512 1514 870
f 1515 1516 1363
f 1363 1516 1364
f 1453 1517 881
f 881 1517 1276
f 992 1518 993
f 993 1518 1519
f 1520 1029 1518
f 1518 1029 955
f 1520 1026 1521
f 1521 1026 1040
f 1522 1015 1521
f 1521 1015 1043
f 996 1523 997
f 997 1523 1522
f 1060 1016 1524
f 1524 1016 1523
f 1061 1525 1062
f 1062 1525 1524
f 1079 1527 1526
f 1526 1527 1528
f 1093 1529 1094
f 1094 1529 1528
f 1111 1530 1112
f 1112 1530 1531
f 1532 1533 1105
f 1105 1533 1123
f 934 937 1139
f 1139 937 1140
f 1138 1363 1139
f 1139 1363 1362
f 1534 1222 1355
f 1355 1222 1278
f 1535 1223 1534
f 1534 1223 1222
f 821 587 1238
f 1238 587 586
f 1319 711 1317
f 1317 711 1536
f 1538 1200 1537
f 1537 1200 1199
f 1508 1417 1539
f 1539 1417 1416
f 1540 1541 840
f 840 1541 837
f 1231 898 871
f 871 898 901
f 1500 1275 1367
f 1367 1275 912
f 1543 1379 1542
f 1542 1379 1395
f 1539 772 1508
f 1508 772 1544
f 1546 1403 1545
f 1545 1403 1402
f 1548 1549 1547
f 1547 1549 1550
f 1552 1548 1551
f 1551 1548 1547
f 1554 1555 1553
f 1553 1555 1556
f 1558 1559 1557
f 1557 1559 1560
f 1562 1563 1561
f 1561 1563 1564
f 1566 1567 1565
f 1565 1567 1568
f 1570 1571 1569
f 1569 1571 1572
f 1574 1575 1573
f 1573 1575 1576
f 1577 1578 1572
f 1572 1578 1569
f 1580 1581 1579
f 1579 1581 1582
f 1584 1585 1583
f 1583 1585 1586
f 1588 1555 1587
f 1587 1555 1589
f 1591 1592 1590
f 1590 1592 1593
f 1595 1596 1594
f 1594 1596 1597
f 1596 1581 1597
f 1597 1581 1576
f 1599 1570 1598
f 1598 1570 1569
f 1601 1602 1600
f 1600 1602 1603
f 1605 1606 1604
f 1604 1606 1607
f 1608 1609 1568
f 1568 1609 1565
f 1611 1612 1610
f 1610 1612 1613
f 1615 1616 1614
f 1614 1616 1617
f 1619 1617 1618
f 1618 1617 1616
f 1621 1622 1620
f 1620 1622 1623
f 1625 1626 1624
f 1624 1626 1627
f 1629 1630 1628
f 1628 1630 1631
f 1633 1634 1632
f 1632 1634 1635
f 1636 1637 1639
f 1639 1637 1638
f 1641 1642 1640
f 1640 1642 1643
f 1624 1627 1644
f 1644 1627 1645
f 1647 1648 1646
f 1646 1648 1649
f 1651 1652 1650
f 1650 1652 1653
f 1655 1656 1654
f 1654 1656 1657
f 1659 1660 1658
f 1658 1660 1661
f 1662 1663 1631
f 1631 1663 1628
f 1651 1665 1664
f 1664 1665 1666
f 1667 1656 1619
f 1619 1656 1617
f 1669 1670 1668
f 1668 1670 1671
f 1632 1635 1672
f 1672 1635 1673
f 1674 1675 1638
f 1638 1675 1639
f 1677 1678 1676
f 1676 1678 1679
f 1680 1640 1681
f 1681 1640 1643
f 1682 1683 1643
f 1643 1683 1681
f 1670 1669 1235
f 1235 1669 1232
f 1396 1399 1674
f 1674 1399 1675
f 627 630 1679
f 1679 630 1676
f 1681 1315 1680
f 1680 1315 1311
f 1683 1377 1681
f 1681 1377 1315
f 1672 1673 1387
f 1387 1673 1385
f 1636 1684 1646
f 1646 1684 1685
f 1687 1688 1686
f 1686 1688 1689
f 1585 1690 1586
f 1586 1690 1691
f 1599 1692 1551
f 1551 1692 1693
f 1552 1558 1694
f 1694 1558 1557
f 1696 1615 1695
f 1695 1615 1614
f 1698 1699 1697
f 1697 1699 1623
f 1700 1701 1703
f 1703 1701 1702
f 1705 1706 1704
f 1704 1706 1707
f 1708 1709 1640
f 1640 1709 1641
f 1710 1711 1713
f 1713 1711 1712
f 1652 1655 1653
f 1653 1655 1654
f 1714 1699 1712
f 1712 1699 1713
f 1715 1710 1716
f 1716 1710 1713
f 1717 1708 1680
f 1680 1708 1640
f 1393 1392 1715
f 1715 1392 1710
f 1719 1720 1718
f 1718 1720 1721
f 1680 1311 1717
f 1717 1311 789
f 1378 1711 1392
f 1392 1711 1710
f 1388 1391 1719
f 1719 1391 1720
f 1723 1606 1722
f 1722 1606 1689
f 1725 1568 1724
f 1724 1568 1567
f 1726 1647 1685
f 1685 1647 1646
f 1728 1554 1727
f 1727 1554 1553
f 1591 1687 1600
f 1600 1687 1686
f 1730 1595 1729
f 1729 1595 1594
f 1601 1605 1731
f 1731 1605 1604
f 1733 1663 1732
f 1732 1663 1734
f 1736 1639 1735
f 1735 1639 1675
f 1658 1644 1737
f 1737 1644 1645
f 1726 1662 1724
f 1724 1662 1631
f 1399 1738 1675
f 1675 1738 1735
f 1621 1667 1739
f 1739 1667 1619
f 1714 1740 1620
f 1620 1740 1741
f 1592 1549 1593
f 1593 1549 1742
f 1602 1571 1603
f 1603 1571 1550
f 1688 1690 1689
f 1689 1690 1722
f 1588 1559 1582
f 1582 1559 1579
f 1673 1735 1385
f 1385 1735 1738
f 1387 1232 1672
f 1672 1232 1669
f 1580 1692 1573
f 1573 1692 1743
f 1377 1683 1378
f 1378 1683 1711
f 1664 1666 1744
f 1744 1666 1745
f 1744 1696 1664
f 1664 1696 1695
f 1746 1747 1732
f 1732 1747 1748
f 1749 1750 1677
f 1677 1750 1678
f 1709 1708 1750
f 1750 1708 1678
f 1668 1632 1669
f 1669 1632 1672
f 1633 1746 1734
f 1734 1746 1732
f 1679 1678 1717
f 1717 1678 1708
f 789 627 1717
f 1717 627 1679
f 1563 1723 1564
f 1564 1723 1722
f 1728 1584 1751
f 1751 1584 1583
f 1674 1676 1396
f 1396 1676 630
f 1666 1566 1745
f 1745 1566 1565
f 1627 1629 1645
f 1645 1629 1628
f 1637 1749 1638
f 1638 1749 1677
f 1648 1665 1649
f 1649 1665 1752
f 1740 1642 1741
f 1741 1642 1657
f 1676 1674 1677
f 1677 1674 1638
f 1683 1682 1711
f 1711 1682 1712
f 1618 1753 1619
f 1619 1753 1739
f 1701 1739 1702
f 1702 1739 1753
f 1754 1214 1756
f 1756 1214 1755
f 647 1757 619
f 619 1757 941
f 1759 1193 1758
f 1758 1193 691
f 1419 1760 1420
f 1420 1760 1761
f 682 1762 683
f 683 1762 1763
f 1412 780 1413
f 1413 780 1384
f 1383 1398 1384
f 1384 1398 1413
f 1197 1424 1764
f 1764 1424 1423
f 1537 1287 1538
f 1538 1287 1286
f 1634 1684 1635
f 1635 1684 1736
f 1724 1631 1725
f 1725 1631 1630
f 1562 1730 1610
f 1610 1730 1729
f 1735 1673 1736
f 1736 1673 1635
f 1757 1195 941
f 941 1195 1194
f 1766 200 1765
f 1765 200 199
f 475 500 476
f 476 500 479
f 498 558 483
f 483 558 487
f 545 551 546
f 546 551 550
f 453 1281 219
f 219 1281 1314
f 298 453 208
f 208 453 219
f 368 1765 1767
f 1767 1765 199
f 523 405 363
f 363 405 404
f 523 533 405
f 405 533 402
f 298 208 299
f 299 208 207
f 299 207 176
f 176 207 300
f 176 300 173
f 173 300 202
f 173 202 174
f 174 202 201
f 1337 918 1768
f 1768 918 1336
f 1769 1770 1338
f 1338 1770 859
f 581 570 578
f 578 570 1771
f 555 562 580
f 580 562 561
f 504 1772 501
f 501 1772 548
f 517 542 584
f 584 542 543
f 515 514 516
f 516 514 544
f 542 517 544
f 544 517 516
f 561 575 580
f 580 575 581
f 575 569 581
f 581 569 570
f 501 548 1773
f 1773 548 547
f 1774 1775 570
f 570 1775 1771
f 369 368 1776
f 1776 368 1767
f 372 369 375
f 375 369 1776
f 822 1280 1308
f 1308 1280 1320
f 820 1281 822
f 822 1281 1280
f 818 1314 820
f 820 1314 1281
f 1314 818 1313
f 1313 818 804
f 807 814 825
f 825 814 826
f 814 813 826
f 826 813 827
f 813 1220 827
f 827 1220 828
f 580 579 555
f 555 579 547
f 1477 1540 872
f 872 1540 840
f 367 499 368
f 368 499 1765
f 1766 1765 525
f 525 1765 499
f 1777 1766 526
f 526 1766 525
f 520 527 362
f 362 527 384
f 361 1778 519
f 519 1778 528
f 371 1779 372
f 372 1779 369
f 369 1779 370
f 370 1779 478
f 1779 371 478
f 478 371 374
f 1778 1777 528
f 528 1777 526
f 1781 1782 1780
f 1780 1782 1783
f 431 460 67
f 67 460 64
f 68 338 74
f 74 338 72
f 1785 1782 1784
f 1784 1782 1786
f 1787 1788 1790
f 1790 1788 1789
f 1792 1789 1791
f 1791 1789 1793
f 1791 1794 1792
f 1792 1794 1795
f 1794 1796 1795
f 1795 1796 1797
f 1797 1798 938
f 938 1798 868
f 1798 1799 868
f 868 1799 869
f 1801 1802 1800
f 1800 1802 1451
f 1803 1804 1205
f 1205 1804 1206
f 1805 1806 864
f 864 1806 865
f 1806 1807 865
f 865 1807 1808
f 68 71 338
f 287 328 288
f 1320 1321 1308
f 1308 1321 1309
f 1320 441 1321
f 1321 441 217
f 441 152 217
f 217 152 218
f 151 286 152
f 152 286 218
f 297 310 151
f 151 310 286
f 296 307 297
f 297 307 310
f 296 143 307
f 307 143 284
f 143 56 284
f 284 56 104
f 56 59 104
f 104 59 63
f 59 102 63
f 63 102 60
f 102 94 60
f 60 94 282
f 93 459 279
f 279 459 77
f 459 460 77
f 77 460 78
f 460 431 78
f 78 431 295
f 431 49 295
f 295 49 292
f 48 421 49
f 49 421 292
f 276 278 418
f 418 278 429
f 317 432 278
f 278 432 429
f 432 317 433
f 433 317 316
f 326 324 316
f 316 324 433
f 1536 592 1809
f 1809 592 591
f 1810 744 1812
f 1812 744 1811
f 1814 1815 1813
f 1813 1815 1816
f 1817 748 1818
f 1818 748 747
f 1812 1819 1810
f 1810 1819 1817
f 1820 1821 748
f 748 1821 749
f 1823 1824 1822
f 1822 1824 1825
f 1827 1828 1826
f 1826 1828 1829
f 1831 1832 1830
f 1830 1832 1833
f 1834 1827 1243
f 1243 1827 1826
f 1313 804 825
f 825 804 807
f 1835 1253 1236
f 1236 1253 1237
f 1836 1837 1438
f 1438 1837 1435
f 1838 1505 1840
f 1840 1505 1839
f 1841 1842 716
f 716 1842 713
f 1843 1844 1510
f 1510 1844 1845
f 1847 1848 1846
f 1846 1848 1849
f 1850 1240 1822
f 1822 1240 1239
f 636 1831 637
f 637 1831 1830
f 1852 1853 1851
f 1851 1853 1854
f 1855 1856 1858
f 1858 1856 1857
f 1846 1849 1859
f 1859 1849 1860
f 1343 1401 1509
f 1509 1401 1861
f 1509 1861 635
f 635 1861 636
f 1863 1864 1862
f 1862 1864 1865
f 1283 1503 1867
f 1867 1503 1866
f 1868 1867 681
f 681 1867 682
f 1286 1285 683
f 683 1285 684
f 757 756 1274
f 1274 756 1869
f 1274 1869 717
f 717 1869 718
f 1434 1433 719
f 719 1433 720
f 1200 1538 1545
f 1545 1538 1763
f 1285 1289 684
f 684 1289 1273
f 684 1273 681
f 681 1273 1272
f 785 1283 1868
f 1868 1283 1867
f 786 785 1870
f 1870 785 1868
f 1289 757 1273
f 1273 757 1274
f 1539 1416 1871
f 1871 1416 1872
f 773 1871 1403
f 1403 1871 1404
f 675 674 1405
f 1405 674 1402
f 1864 1873 1865
f 1865 1873 1874
f 638 1843 635
f 635 1843 1510
f 1344 1343 1511
f 1511 1343 1509
f 772 1539 773
f 773 1539 1871
f 674 1200 1402
f 1402 1200 1545
f 1538 1286 1763
f 1763 1286 683
f 1444 1443 1875
f 1875 1443 1876
f 1875 1876 1831
f 1831 1876 1832
f 1416 1344 1872
f 1872 1344 1511
f 1877 1878 774
f 774 1878 1879
f 1878 1847 1879
f 1879 1847 1846
f 1880 714 1881
f 1881 714 1848
f 1401 1444 1861
f 1861 1444 1875
f 1861 1875 636
f 636 1875 1831
f 1823 1863 1882
f 1882 1863 1862
f 1441 1440 1884
f 1884 1440 1883
f 1883 1852 1884
f 1884 1852 1851
f 1886 1887 1885
f 1885 1887 1888
f 1358 1889 1359
f 1359 1889 1890
f 1891 1886 1892
f 1892 1886 1885
f 774 1879 775
f 775 1879 1893
f 1859 1893 1846
f 1846 1893 1879
f 713 1842 1849
f 1849 1842 1860
f 1318 1895 1894
f 1894 1895 1896
f 1873 1897 1874
f 1874 1897 1898
f 1898 605 1899
f 1899 605 675
f 1405 1844 675
f 675 1844 1899
f 1404 1845 1405
f 1405 1845 1844
f 593 1296 591
f 591 1296 1809
f 1295 1292 1900
f 1900 1292 1895
f 606 1897 1291
f 1291 1897 1896
f 1510 1845 1511
f 1511 1845 1872
f 1871 1872 1404
f 1404 1872 1845
f 1866 770 1762
f 1762 770 1546
f 1762 682 1866
f 1866 682 1867
f 1870 1868 1272
f 1272 1868 681
f 1272 717 1870
f 1870 717 720
f 1870 720 786
f 786 720 1433
f 786 1433 787
f 787 1433 1432
f 1261 1414 1432
f 1432 1414 787
f 1389 1234 1260
f 1260 1234 1415
f 1719 1670 1388
f 1388 1670 1235
f 1718 1671 1719
f 1719 1671 1670
f 1705 1747 1718
f 1718 1747 1671
f 1659 1901 1704
f 1704 1901 1748
f 1877 1903 1902
f 1902 1903 1904
f 1259 1905 1390
f 1390 1905 1394
f 1715 1720 1393
f 1393 1720 1391
f 1716 1721 1715
f 1715 1721 1720
f 1698 1706 1716
f 1716 1706 1721
f 277 276 47
f 47 276 48
f 84 96 81
f 81 96 82
f 80 70 81
f 81 70 85
f 99 97 88
f 88 97 89
f 90 100 88
f 88 100 99
f 101 95 102
f 102 95 94
f 1906 1907 280
f 280 1907 281
f 97 86 89
f 89 86 85
f 60 282 61
f 61 282 281
f 83 82 46
f 46 82 47
f 293 292 420
f 420 292 421
f 419 1908 420
f 420 1908 1909
f 92 95 91
f 91 95 90
f 279 282 93
f 93 282 94
f 276 418 48
f 48 418 421
f 1910 1660 1697
f 1697 1660 1707
f 1703 1624 1700
f 1700 1624 1644
f 1622 1910 1623
f 1623 1910 1697
f 1701 1700 1911
f 1911 1700 1661
f 1700 1644 1661
f 1661 1644 1658
f 1901 1737 1733
f 1733 1737 1645
f 1625 1912 1604
f 1604 1912 1731
f 1912 1913 1731
f 1731 1913 1914
f 1913 1577 1914
f 1914 1577 1572
f 1915 1578 1616
f 1616 1578 1618
f 1915 1916 1598
f 1598 1916 1743
f 1916 1574 1743
f 1743 1574 1573
f 1575 1917 1576
f 1576 1917 1597
f 1917 1609 1597
f 1597 1609 1594
f 1608 1611 1729
f 1729 1611 1610
f 1918 1612 1629
f 1629 1612 1630
f 1626 1918 1627
f 1627 1918 1629
f 1920 1921 1919
f 1919 1921 1922
f 1920 1924 1923
f 1923 1924 1925
f 1926 1927 1924
f 1924 1927 1925
f 1929 1930 1928
f 1928 1930 1931
f 1932 1933 1935
f 1935 1933 1934
f 1937 1938 1936
f 1936 1938 1939
f 1941 1942 1940
f 1940 1942 1943
f 1941 1945 1944
f 1944 1945 1946
f 1947 1948 1694
f 1694 1948 1949
f 1950 1951 1953
f 1953 1951 1952
f 1955 1956 1954
f 1954 1956 1589
f 1958 1956 1957
f 1957 1956 1932
f 1960 1934 1959
f 1959 1934 1933
f 1962 1963 1961
f 1961 1963 1964
f 1965 1955 1751
f 1751 1955 1954
f 1935 1930 1932
f 1932 1930 1957
f 1951 1950 1926
f 1926 1950 1929
f 1966 1967 1593
f 1593 1967 1590
f 1969 1967 1968
f 1968 1967 1964
f 1962 1921 1970
f 1970 1921 1971
f 1963 1945 1964
f 1964 1945 1968
f 1972 1948 1922
f 1922 1948 1919
f 1966 1972 1961
f 1961 1972 1922
f 1958 1953 1587
f 1587 1953 1560
f 1974 1975 1973
f 1973 1975 1976
f 1978 1979 1977
f 1977 1979 1691
f 1979 1975 1691
f 1691 1975 1586
f 1938 1942 1939
f 1939 1942 1980
f 1952 1947 1557
f 1557 1947 1694
f 1969 1978 1981
f 1981 1978 1977
f 1983 1984 1982
f 1982 1984 1985
f 1986 1987 1989
f 1989 1987 1988
f 1990 1991 1983
f 1983 1991 1984
f 1990 1993 1992
f 1992 1993 1994
f 1995 1996 1994
f 1994 1996 1997
f 1999 2000 1998
f 1998 2000 2001
f 2003 2004 2002
f 2002 2004 2005
f 2007 2008 2006
f 2006 2008 2009
f 2011 2012 2010
f 2010 2012 2013
f 2014 2015 2017
f 2017 2015 2016
f 2018 2019 2021
f 2021 2019 2020
f 2022 1989 2024
f 2024 1989 2023
f 1989 1988 2023
f 2023 1988 2025
f 2026 2027 2017
f 2017 2027 2014
f 2029 2030 2028
f 2028 2030 2031
f 2033 2034 2032
f 2032 2034 2035
f 2032 2035 2036
f 2036 2035 2037
f 2039 2040 2038
f 2038 2040 2041
f 1982 2042 1983
f 1983 2042 2043
f 2045 2046 2044
f 2044 2046 2047
f 2049 2050 2048
f 2048 2050 2051
f 2053 2054 2052
f 2052 2054 2055
f 2057 2058 2056
f 2056 2058 2059
f 2060 2061 2033
f 2033 2061 2034
f 2063 2064 2062
f 2062 2064 2065
f 2066 2035 2067
f 2067 2035 2034
f 2069 2039 2068
f 2068 2039 2038
f 2025 2070 2023
f 2023 2070 2071
f 2072 2024 2071
f 2071 2024 2023
f 2074 2020 2073
f 2073 2020 2019
f 2050 2049 2047
f 2047 2049 2075
f 1983 2043 1990
f 1990 2043 1993
f 2006 2050 2007
f 2007 2050 2076
f 2050 2006 2051
f 2051 2006 2077
f 2079 2080 2078
f 2078 2080 2081
f 2082 2083 2085
f 2085 2083 2084
f 2010 2013 2086
f 2086 2013 2087
f 2089 2033 2088
f 2088 2033 2032
f 2090 2060 2089
f 2089 2060 2033
f 2092 2093 2091
f 2091 2093 2094
f 2096 1986 2095
f 2095 1986 2097
f 2097 1986 2022
f 2022 1986 1989
f 2015 2094 2016
f 2016 2094 2098
f 2016 2098 2100
f 2100 2098 2099
f 2017 2016 2101
f 2101 2016 2100
f 2017 2101 2026
f 2026 2101 2102
f 2100 2099 2104
f 2104 2099 2103
f 2104 2105 2100
f 2100 2105 2101
f 2105 2106 2101
f 2101 2106 2102
f 2108 2061 2107
f 2107 2061 2109
f 2111 2112 2110
f 2110 2112 2020
f 2020 2074 2110
f 2110 2074 2113
f 2115 2116 2114
f 2114 2116 2117
f 2118 2119 1995
f 1995 2119 2120
f 2121 2122 2027
f 2027 2122 2014
f 2047 2075 2044
f 2044 2075 2123
f 2124 2125 2127
f 2127 2125 2126
f 2129 2130 2128
f 2128 2130 2131
f 2132 2133 2057
f 2057 2133 2058
f 2134 1999 2136
f 2136 1999 2135
f 2055 2138 2137
f 2137 2138 2139
f 2141 2142 2140
f 2140 2142 2143
f 2083 2082 2064
f 2064 2082 2065
f 2082 2144 2065
f 2065 2144 2145
f 2040 2146 2041
f 2041 2146 2147
f 2060 2090 2148
f 2148 2090 2149
f 2048 2051 2137
f 2137 2051 2150
f 2151 1997 2135
f 2135 1997 1996
f 2152 2150 2077
f 2077 2150 2051
f 2046 2045 2118
f 2118 2045 2119
f 2154 2155 2153
f 2153 2155 2156
f 2158 2159 2157
f 2157 2159 2160
f 2162 2163 2161
f 2161 2163 2164
f 2164 2163 2165
f 2165 2163 2166
f 2168 2169 2167
f 2167 2169 2170
f 2003 2172 2171
f 2171 2172 2173
f 2174 2175 2002
f 2002 2175 2176
f 2145 2177 2065
f 2065 2177 2062
f 2178 2179 2180
f 2180 2179 2134
f 2181 2052 2152
f 2152 2052 2150
f 2040 2127 2146
f 2146 2127 2182
f 2130 2162 2131
f 2131 2162 2161
f 2052 2055 2150
f 2150 2055 2137
f 2184 2185 2183
f 2183 2185 2186
f 2159 2030 2160
f 2160 2030 2187
f 2146 2182 2029
f 2029 2182 2188
f 2189 2190 2192
f 2192 2190 2191
f 2172 2003 2176
f 2176 2003 2002
f 1998 2151 1999
f 1999 2151 2135
f 2177 2172 2062
f 2062 2172 2176
f 2172 2177 2173
f 2173 2177 2193
f 2063 2194 2064
f 2064 2194 2195
f 2066 2197 2196
f 2196 2197 2198
f 2002 2005 2174
f 2174 2005 2199
f 2004 2003 2200
f 2200 2003 2171
f 2198 2201 2171
f 2171 2201 2200
f 2197 2202 2198
f 2198 2202 2201
f 2202 2197 2203
f 2203 2197 2204
f 2196 2198 2173
f 2173 2198 2171
f 2205 2069 2170
f 2170 2069 2206
f 2197 2066 2204
f 2204 2066 2067
f 2107 2207 2108
f 2108 2207 2208
f 2210 2208 2209
f 2209 2208 2207
f 2185 2211 2212
f 2213 2214 2211
f 2211 2214 2212
f 1998 2001 2213
f 2213 2001 2214
f 2134 2215 1999
f 1999 2215 2000
f 2216 2217 2219
f 2219 2217 2218
f 2206 2220 2170
f 2170 2220 2167
f 2069 2068 2206
f 2206 2068 2221
f 2151 1998 2222
f 2222 1998 2213
f 2124 2039 2205
f 2205 2039 2069
f 2142 2223 2143
f 2143 2223 2128
f 2203 2186 2202
f 2202 2186 2185
f 2185 2184 2211
f 2211 2184 2224
f 2224 2225 2222
f 2222 2225 2226
f 2071 2227 2072
f 2072 2227 2228
f 2229 2074 2230
f 2230 2074 2073
f 2074 2229 2113
f 2113 2229 2231
f 2232 2225 2227
f 2227 2225 2224
f 2233 2234 2031
f 2031 2234 2028
f 2236 2231 2235
f 2235 2231 2229
f 2230 2183 2229
f 2229 2183 2235
f 2237 1987 2096
f 2096 1987 1986
f 2152 2238 2181
f 2181 2238 2239
f 2080 2240 2081
f 2081 2240 2241
f 2236 2242 1971
f 1971 2242 1970
f 1925 2113 1923
f 1923 2113 2231
f 2110 1927 2111
f 2111 1927 1928
f 2103 2111 1931
f 1931 2111 1928
f 1931 2243 2103
f 2103 2243 2104
f 2105 2104 2244
f 2244 2104 2243
f 1939 1980 2148
f 2148 1980 2109
f 1980 1944 2109
f 2109 1944 2107
f 1946 2245 2207
f 2207 2245 2209
f 2245 1970 2209
f 2209 1970 2242
f 2231 2236 1923
f 1923 2236 1971
f 2113 1925 2110
f 2110 1925 1927
f 2234 2246 2028
f 2028 2246 2147
f 2247 2248 2058
f 2058 2248 2059
f 2114 2117 2249
f 2249 2117 2250
f 2252 2253 2251
f 2251 2253 2254
f 2094 2015 2091
f 2091 2015 2255
f 2256 2255 2014
f 2014 2255 2015
f 2257 2145 2258
f 2258 2145 2144
f 2131 2161 2123
f 2123 2161 2044
f 2045 2044 2164
f 2164 2044 2161
f 2045 2164 2119
f 2119 2164 2165
f 2259 2120 2165
f 2165 2120 2119
f 2260 2261 2259
f 2259 2261 2120
f 2205 2262 2124
f 2124 2262 2125
f 2180 2263 2178
f 2178 2263 2264
f 2265 2266 2092
f 2092 2266 2093
f 1992 2267 2268
f 2184 2228 2224
f 2224 2228 2227
f 2048 2269 2049
f 2049 2269 2141
f 2129 2168 2157
f 2157 2168 2167
f 2049 2141 2075
f 2075 2141 2140
f 2199 2215 2270
f 2270 2215 2271
f 2142 2141 2272
f 2272 2141 2269
f 2089 2026 2090
f 2090 2026 2102
f 2146 2029 2147
f 2147 2029 2028
f 2111 2103 2112
f 2112 2103 2099
f 2061 2060 2109
f 2109 2060 2148
f 2273 2274 2041
f 2041 2274 2038
f 2260 2275 2261
f 2261 2275 2136
f 2057 2138 2132
f 2132 2138 2276
f 2272 2269 2056
f 2056 2269 2139
f 2277 2278 2270
f 2270 2278 2199
f 2029 2188 2030
f 2030 2188 2187
f 2040 2039 2127
f 2127 2039 2124
f 2064 2195 2083
f 2083 2195 2279
f 2056 2139 2057
f 2057 2139 2138
f 2278 2277 2247
f 2247 2277 2248
f 2062 2176 2063
f 2063 2176 2175
f 2280 2210 2242
f 2242 2210 2209
f 2282 2233 2281
f 2281 2233 2031
f 2216 2219 2283
f 2283 2219 2221
f 2158 2220 2218
f 2218 2220 2219
f 2217 2282 2218
f 2218 2282 2281
f 2220 2158 2167
f 2167 2158 2157
f 2223 2264 2128
f 2128 2264 2263
f 2261 1996 2120
f 2120 1996 1995
f 2213 2211 2222
f 2222 2211 2224
f 2283 2221 2284
f 2284 2221 2068
f 2135 1996 2136
f 2136 1996 2261
f 2144 2081 2258
f 2258 2081 2241
f 2235 2280 2236
f 2236 2280 2242
f 2246 2273 2147
f 2147 2273 2041
f 2036 2285 2032
f 2032 2285 2088
f 2077 2286 2152
f 2152 2286 2238
f 1937 1960 1973
f 1973 1960 1959
f 2070 2232 2071
f 2071 2232 2227
f 2244 2287 2105
f 2105 2287 2106
f 1936 1939 2149
f 2149 1939 2148
f 1944 1946 2107
f 2107 1946 2207
f 2285 2121 2088
f 2088 2121 2027
f 2253 2249 2254
f 2254 2249 2250
f 2006 2009 2077
f 2077 2009 2286
f 2289 2086 2288
f 2288 2086 2087
f 2223 2142 2290
f 2290 2142 2272
f 2128 2131 2143
f 2143 2131 2123
f 2156 2291 2153
f 2153 2291 2175
f 2292 2293 2278
f 2278 2293 2294
f 2075 2140 2123
f 2123 2140 2143
f 2262 2169 2275
f 2275 2169 2180
f 2275 2180 2136
f 2136 2180 2134
f 2274 2284 2038
f 2038 2284 2068
f 2127 2126 2182
f 2182 2126 2166
f 2094 2093 2098
f 2098 2093 2021
f 2098 2021 2099
f 2099 2021 2112
f 2018 2021 2266
f 2266 2021 2093
f 2251 2289 2252
f 2252 2289 2288
f 1997 2151 2226
f 2226 2151 2222
f 2206 2221 2220
f 2220 2221 2219
f 2269 2048 2139
f 2139 2048 2137
f 2159 2158 2281
f 2281 2158 2218
f 2156 2155 2190
f 2190 2155 2191
f 1974 1965 1583
f 1583 1965 1751
f 2088 2027 2089
f 2089 2027 2026
f 2030 2159 2031
f 2031 2159 2281
f 2106 2149 2102
f 2102 2149 2090
f 2287 1936 2106
f 2106 1936 2149
f 2293 2154 2294
f 2294 2154 2153
f 2021 2020 2112
f 2247 2295 2278
f 2278 2295 2292
f 2284 2296 2283
f 2283 2296 2297
f 2298 2296 2274
f 2274 2296 2284
f 2273 2299 2274
f 2274 2299 2298
f 2246 2300 2273
f 2273 2300 2299
f 2283 2297 2216
f 2216 2297 2301
f 2216 2301 2217
f 2217 2301 2302
f 2302 2303 2217
f 2217 2303 2282
f 2304 2301 2305
f 2305 2301 2297
f 2307 2308 2306
f 2306 2308 2309
f 2306 2310 2307
f 2307 2310 2311
f 2307 2312 2308
f 2308 2312 2313
f 2314 2315 2312
f 2312 2315 2316
f 2316 2317 2312
f 2312 2317 2313
f 2317 2305 2313
f 2313 2305 2318
f 2314 2312 2311
f 2311 2312 2307
f 2319 2320 2322
f 2322 2320 2321
f 2322 2311 2319
f 2319 2311 2310
f 2313 2318 2308
f 2308 2318 2309
f 2296 2298 2318
f 2318 2298 2309
f 2309 2298 2323
f 2323 2298 2299
f 2306 2309 2324
f 2324 2309 2323
f 2310 2306 2325
f 2325 2306 2324
f 2296 2318 2297
f 2297 2318 2305
f 2319 2310 2326
f 2326 2310 2325
f 2328 2325 2327
f 2327 2325 2324
f 2325 2328 2326
f 2326 2328 2329
f 2331 2328 2330
f 2330 2328 2327
f 2332 2333 2327
f 2327 2333 2330
f 2328 2331 2329
f 2329 2331 2334
f 2324 2323 2327
f 2327 2323 2332
f 2300 2332 2299
f 2299 2332 2323
f 2326 2335 2319
f 2319 2335 2320
f 2305 2317 2336
f 2336 2317 2316
f 2336 2316 2337
f 2337 2316 2315
f 2338 2304 2336
f 2336 2304 2305
f 2337 2339 2336
f 2336 2339 2338
f 2337 2315 2341
f 2341 2315 2340
f 2342 2300 2234
f 2234 2300 2246
f 2303 2343 2282
f 2282 2343 2233
f 2234 2233 2342
f 2342 2233 2343
f 2342 2343 2333
f 2333 2343 2344
f 2333 2344 2330
f 2330 2344 2345
f 2346 2344 2303
f 2303 2344 2343
f 2332 2300 2333
f 2333 2300 2342
f 2347 2346 2302
f 2302 2346 2303
f 2301 2304 2302
f 2302 2304 2347
f 2304 2338 2347
f 2347 2338 2348
f 2348 2349 2347
f 2347 2349 2346
f 2350 2351 2348
f 2348 2351 2349
f 2349 2345 2346
f 2346 2345 2344
f 2345 2349 2352
f 2352 2349 2351
f 2338 2339 2348
f 2348 2339 2350
f 2350 2339 2353
f 2353 2339 2354
f 2356 2357 2355
f 2355 2357 2353
f 2351 2350 2357
f 2357 2350 2353
f 2353 2354 2355
f 2355 2354 2335
f 2320 2335 2341
f 2341 2335 2354
f 2339 2337 2354
f 2354 2337 2341
f 2352 2331 2345
f 2345 2331 2330
f 2356 2334 2352
f 2352 2334 2331
f 2356 2352 2357
f 2357 2352 2351
f 2355 2329 2356
f 2356 2329 2334
f 2335 2326 2355
f 2355 2326 2329
f 2321 2314 2322
f 2322 2314 2311
f 2321 2320 2340
f 2340 2320 2341
f 2315 2314 2340
f 2340 2314 2321
f 2125 2260 2126
f 2126 2260 2259
f 2157 2160 2129
f 2129 2160 2130
f 2188 2163 2187
f 2187 2163 2162
f 2182 2166 2188
f 2188 2166 2163
f 2180 2169 2263
f 2263 2169 2168
f 2160 2187 2130
f 2130 2187 2162
f 2275 2260 2262
f 2262 2260 2125
f 2128 2263 2129
f 2129 2263 2168
f 2262 2205 2169
f 2169 2205 2170
f 2165 2166 2259
f 2259 2166 2126
f 2359 2360 2358
f 2358 2360 2361
f 2363 2364 2362
f 2362 2364 2365
f 2367 2363 2366
f 2366 2363 2362
f 2368 2369 2371
f 2371 2369 2370
f 2372 2373 2248
f 2248 2373 2059
f 2364 2374 2365
f 2365 2374 2375
f 2377 2378 2376
f 2376 2378 2379
f 2290 2380 2223
f 2223 2380 2381
f 2223 2381 2264
f 2264 2381 2382
f 2384 2385 2383
f 2383 2385 2386
f 2364 2371 2374
f 2374 2371 2387
f 2059 2373 2290
f 2290 2373 2380
f 2378 2360 2379
f 2379 2360 2388
f 2374 2387 2359
f 2359 2387 2389
f 2390 2367 2386
f 2386 2367 2391
f 2393 2394 2392
f 2392 2394 2395
f 2386 2391 2383
f 2383 2391 2396
f 2367 2366 2391
f 2391 2366 2397
f 2363 2367 2368
f 2368 2367 2390
f 2398 2399 2361
f 2361 2399 2358
f 2399 2400 2358
f 2358 2400 2375
f 2390 2401 2368
f 2368 2401 2369
f 2372 2384 2376
f 2376 2384 2383
f 2374 2359 2375
f 2375 2359 2358
f 2402 2403 2365
f 2365 2403 2362
f 2359 2389 2360
f 2360 2389 2388
f 2364 2363 2371
f 2371 2363 2368
f 2405 2398 2404
f 2404 2398 2361
f 2392 2395 2406
f 2406 2395 2397
f 2377 2396 2394
f 2394 2396 2395
f 2394 2393 2404
f 2404 2393 2405
f 2396 2377 2383
f 2383 2377 2376
f 2406 2397 2407
f 2407 2397 2366
f 2400 2402 2375
f 2375 2402 2365
f 2385 2270 2401
f 2401 2270 2271
f 2403 2407 2362
f 2362 2407 2366
f 2371 2370 2387
f 2387 2370 2382
f 2391 2397 2396
f 2396 2397 2395
f 2378 2377 2404
f 2404 2377 2394
f 2360 2378 2361
f 2361 2378 2404
f 2407 2408 2406
f 2406 2408 2409
f 2410 2408 2403
f 2403 2408 2407
f 2411 2410 2402
f 2402 2410 2403
f 2412 2411 2400
f 2400 2411 2402
f 2406 2409 2392
f 2392 2409 2413
f 2392 2413 2393
f 2393 2413 2414
f 2415 2405 2414
f 2414 2405 2393
f 2416 2413 2417
f 2417 2413 2409
f 2419 2420 2418
f 2418 2420 2421
f 2420 2422 2421
f 2421 2422 2423
f 2420 2424 2422
f 2422 2424 2425
f 2426 2427 2424
f 2424 2427 2428
f 2428 2429 2424
f 2424 2429 2425
f 2426 2424 2419
f 2419 2424 2420
f 2419 2418 2431
f 2431 2418 2430
f 2425 2432 2422
f 2422 2432 2423
f 2408 2410 2432
f 2432 2410 2423
f 2423 2410 2433
f 2433 2410 2411
f 2421 2423 2434
f 2434 2423 2433
f 2435 2418 2434
f 2434 2418 2421
f 2429 2417 2425
f 2425 2417 2432
f 2408 2432 2409
f 2409 2432 2417
f 2418 2435 2430
f 2430 2435 2436
f 2438 2435 2437
f 2437 2435 2434
f 2435 2438 2436
f 2436 2438 2439
f 2441 2438 2440
f 2440 2438 2437
f 2442 2443 2437
f 2437 2443 2440
f 2439 2438 2444
f 2444 2438 2441
f 2433 2442 2434
f 2434 2442 2437
f 2412 2442 2411
f 2411 2442 2433
f 2436 2445 2430
f 2430 2445 2446
f 2430 2446 2431
f 2431 2446 2447
f 2417 2429 2448
f 2448 2429 2428
f 2427 2449 2428
f 2428 2449 2448
f 2450 2416 2448
f 2448 2416 2417
f 2451 2450 2449
f 2449 2450 2448
f 2427 2452 2449
f 2449 2452 2453
f 2447 2446 2452
f 2452 2446 2453
f 2454 2412 2399
f 2399 2412 2400
f 2415 2455 2405
f 2405 2455 2398
f 2399 2398 2454
f 2454 2398 2455
f 2454 2455 2443
f 2443 2455 2456
f 2443 2456 2440
f 2440 2456 2457
f 2458 2456 2415
f 2415 2456 2455
f 2443 2442 2454
f 2454 2442 2412
f 2459 2458 2414
f 2414 2458 2415
f 2413 2416 2414
f 2414 2416 2459
f 2459 2416 2460
f 2460 2416 2450
f 2460 2461 2459
f 2459 2461 2458
f 2462 2463 2460
f 2460 2463 2461
f 2461 2457 2458
f 2458 2457 2456
f 2457 2461 2464
f 2464 2461 2463
f 2451 2462 2450
f 2450 2462 2460
f 2462 2451 2465
f 2465 2451 2466
f 2468 2469 2467
f 2467 2469 2465
f 2463 2462 2469
f 2469 2462 2465
f 2465 2466 2467
f 2467 2466 2445
f 2446 2445 2453
f 2453 2445 2466
f 2451 2449 2466
f 2466 2449 2453
f 2464 2441 2457
f 2457 2441 2440
f 2468 2444 2464
f 2464 2444 2441
f 2468 2464 2469
f 2469 2464 2463
f 2467 2439 2468
f 2468 2439 2444
f 2445 2436 2467
f 2467 2436 2439
f 2447 2426 2431
f 2431 2426 2419
f 2427 2426 2452
f 2452 2426 2447
f 2369 2179 2370
f 2370 2179 2178
f 2376 2379 2372
f 2372 2379 2373
f 2389 2381 2388
f 2388 2381 2380
f 2387 2382 2389
f 2389 2382 2381
f 2270 2385 2277
f 2277 2385 2384
f 2379 2388 2373
f 2373 2388 2380
f 2401 2271 2369
f 2369 2271 2179
f 2248 2277 2372
f 2372 2277 2384
f 2401 2390 2385
f 2385 2390 2386
f 2264 2382 2178
f 2178 2382 2370
f 2215 2134 2271
f 2271 2134 2179
f 2005 2000 2199
f 2199 2000 2215
f 2004 2001 2005
f 2005 2001 2000
f 2200 2214 2004
f 2004 2214 2001
f 2470 2471 2473
f 2473 2471 2472
f 2475 2476 2474
f 2474 2476 2477
f 2479 2475 2478
f 2478 2475 2474
f 2481 2482 2480
f 2480 2482 2483
f 2476 2484 2477
f 2477 2484 2485
f 2487 2488 2486
f 2486 2488 2489
f 2133 2490 2058
f 2058 2490 2491
f 2058 2491 2247
f 2247 2491 2492
f 2494 2495 2493
f 2493 2495 2496
f 2476 2483 2484
f 2484 2483 2497
f 2472 2498 2488
f 2488 2498 2489
f 2484 2497 2471
f 2471 2497 2499
f 2500 2479 2496
f 2496 2479 2501
f 2502 2503 2505
f 2505 2503 2504
f 2496 2501 2493
f 2493 2501 2506
f 2479 2478 2501
f 2501 2478 2507
f 2475 2479 2480
f 2480 2479 2500
f 2508 2509 2473
f 2473 2509 2470
f 2509 2510 2470
f 2470 2510 2485
f 2511 2481 2500
f 2500 2481 2480
f 2512 2494 2486
f 2486 2494 2493
f 2485 2484 2470
f 2470 2484 2471
f 2513 2514 2477
f 2477 2514 2474
f 2471 2499 2472
f 2472 2499 2498
f 2476 2475 2483
f 2483 2475 2480
f 2516 2508 2515
f 2515 2508 2473
f 2502 2505 2517
f 2517 2505 2507
f 2504 2487 2505
f 2505 2487 2506
f 2503 2516 2504
f 2504 2516 2515
f 2506 2487 2493
f 2493 2487 2486
f 2517 2507 2518
f 2518 2507 2478
f 2510 2513 2485
f 2485 2513 2477
f 2511 2495 2293
f 2293 2495 2154
f 2514 2518 2474
f 2474 2518 2478
f 2483 2482 2497
f 2497 2482 2492
f 2501 2507 2506
f 2506 2507 2505
f 2488 2487 2515
f 2515 2487 2504
f 2472 2488 2473
f 2473 2488 2515
f 2518 2519 2517
f 2517 2519 2520
f 2521 2519 2514
f 2514 2519 2518
f 2522 2521 2513
f 2513 2521 2514
f 2523 2522 2510
f 2510 2522 2513
f 2517 2520 2502
f 2502 2520 2524
f 2502 2524 2503
f 2503 2524 2525
f 2525 2526 2503
f 2503 2526 2516
f 2527 2524 2528
f 2528 2524 2520
f 2530 2531 2529
f 2529 2531 2532
f 2531 2533 2532
f 2532 2533 2534
f 2531 2535 2533
f 2533 2535 2536
f 2537 2538 2535
f 2535 2538 2539
f 2539 2540 2535
f 2535 2540 2536
f 2537 2535 2530
f 2530 2535 2531
f 2529 2541 2530
f 2530 2541 2542
f 2543 2534 2536
f 2536 2534 2533
f 2519 2521 2543
f 2543 2521 2534
f 2534 2521 2544
f 2544 2521 2522
f 2532 2534 2545
f 2545 2534 2544
f 2529 2532 2546
f 2546 2532 2545
f 2536 2540 2543
f 2543 2540 2528
f 2519 2543 2520
f 2520 2543 2528
f 2541 2529 2547
f 2547 2529 2546
f 2548 2549 2545
f 2545 2549 2546
f 2549 2550 2546
f 2546 2550 2547
f 2551 2552 2548
f 2548 2552 2549
f 2548 2553 2551
f 2551 2553 2554
f 2550 2549 2555
f 2555 2549 2552
f 2545 2544 2548
f 2548 2544 2553
f 2523 2553 2522
f 2522 2553 2544
f 2547 2556 2541
f 2541 2556 2557
f 2541 2557 2542
f 2542 2557 2558
f 2528 2540 2559
f 2559 2540 2539
f 2538 2560 2539
f 2539 2560 2559
f 2561 2527 2559
f 2559 2527 2528
f 2560 2562 2559
f 2559 2562 2561
f 2560 2538 2564
f 2564 2538 2563
f 2558 2557 2563
f 2563 2557 2564
f 2565 2523 2509
f 2509 2523 2510
f 2526 2566 2516
f 2516 2566 2508
f 2509 2508 2565
f 2565 2508 2566
f 2565 2566 2554
f 2554 2566 2567
f 2554 2567 2551
f 2551 2567 2568
f 2569 2567 2526
f 2526 2567 2566
f 2553 2523 2554
f 2554 2523 2565
f 2570 2569 2525
f 2525 2569 2526
f 2524 2527 2525
f 2525 2527 2570
f 2527 2561 2570
f 2570 2561 2571
f 2571 2572 2570
f 2570 2572 2569
f 2573 2574 2571
f 2571 2574 2572
f 2572 2568 2569
f 2569 2568 2567
f 2568 2572 2575
f 2575 2572 2574
f 2562 2573 2561
f 2561 2573 2571
f 2573 2562 2576
f 2576 2562 2577
f 2579 2580 2578
f 2578 2580 2576
f 2574 2573 2580
f 2580 2573 2576
f 2576 2577 2578
f 2578 2577 2556
f 2557 2556 2564
f 2564 2556 2577
f 2562 2560 2577
f 2577 2560 2564
f 2575 2552 2568
f 2568 2552 2551
f 2579 2555 2575
f 2575 2555 2552
f 2579 2575 2580
f 2580 2575 2574
f 2550 2555 2578
f 2578 2555 2579
f 2556 2547 2578
f 2578 2547 2550
f 2558 2537 2542
f 2542 2537 2530
f 2538 2537 2563
f 2563 2537 2558
f 2292 2295 2481
f 2481 2295 2482
f 2486 2489 2512
f 2512 2489 2581
f 2499 2491 2498
f 2498 2491 2490
f 2497 2492 2499
f 2499 2492 2491
f 2155 2154 2494
f 2494 2154 2495
f 2581 2489 2490
f 2490 2489 2498
f 2293 2292 2511
f 2511 2292 2481
f 2191 2155 2512
f 2512 2155 2494
f 2500 2496 2511
f 2511 2496 2495
f 2247 2492 2295
f 2295 2492 2482
f 2583 2584 2582
f 2582 2584 2585
f 2587 2588 2586
f 2586 2588 2589
f 2591 2587 2590
f 2590 2587 2586
f 2593 2594 2592
f 2592 2594 2595
f 2596 2597 2599
f 2599 2597 2598
f 2588 2600 2589
f 2589 2600 2601
f 2602 2603 2605
f 2605 2603 2604
f 2606 2607 2609
f 2609 2607 2608
f 2609 2608 2190
f 2190 2608 2610
f 2611 2612 2614
f 2614 2612 2613
f 2600 2588 2615
f 2615 2588 2595
f 2599 2598 2606
f 2606 2598 2607
f 2584 2616 2604
f 2604 2616 2605
f 2600 2615 2583
f 2583 2615 2617
f 2591 2619 2618
f 2618 2619 2614
f 2621 2622 2620
f 2620 2622 2623
f 2619 2624 2614
f 2614 2624 2611
f 2591 2590 2619
f 2619 2590 2625
f 2587 2591 2592
f 2592 2591 2618
f 2626 2627 2585
f 2585 2627 2582
f 2627 2628 2582
f 2582 2628 2601
f 2629 2593 2618
f 2618 2593 2592
f 2602 2597 2611
f 2611 2597 2612
f 2600 2583 2601
f 2601 2583 2582
f 2630 2631 2589
f 2589 2631 2586
f 2583 2617 2584
f 2584 2617 2616
f 2588 2587 2595
f 2595 2587 2592
f 2633 2626 2632
f 2632 2626 2585
f 2620 2623 2634
f 2634 2623 2625
f 2622 2603 2623
f 2623 2603 2624
f 2621 2633 2622
f 2622 2633 2632
f 2611 2624 2602
f 2602 2624 2603
f 2634 2625 2635
f 2635 2625 2590
f 2628 2630 2601
f 2601 2630 2589
f 2613 2195 2629
f 2629 2195 2194
f 2631 2635 2586
f 2586 2635 2590
f 2595 2594 2615
f 2615 2594 2610
f 2619 2625 2624
f 2624 2625 2623
f 2632 2604 2622
f 2622 2604 2603
f 2585 2584 2632
f 2632 2584 2604
f 2635 2636 2634
f 2634 2636 2637
f 2638 2636 2631
f 2631 2636 2635
f 2639 2638 2630
f 2630 2638 2631
f 2640 2639 2628
f 2628 2639 2630
f 2634 2637 2620
f 2620 2637 2641
f 2620 2641 2621
f 2621 2641 2642
f 2642 2643 2621
f 2621 2643 2633
f 2641 2637 2644
f 2644 2637 2645
f 2646 2647 2649
f 2649 2647 2648
f 2648 2650 2649
f 2649 2650 2651
f 2648 2652 2650
f 2650 2652 2653
f 2652 2654 2656
f 2656 2654 2655
f 2656 2657 2652
f 2652 2657 2653
f 2654 2652 2647
f 2647 2652 2648
f 2647 2646 2659
f 2659 2646 2658
f 2660 2651 2653
f 2653 2651 2650
f 2636 2638 2660
f 2660 2638 2651
f 2651 2638 2661
f 2661 2638 2639
f 2651 2661 2649
f 2649 2661 2662
f 2663 2646 2662
f 2662 2646 2649
f 2653 2657 2660
f 2660 2657 2645
f 2636 2660 2637
f 2637 2660 2645
f 2646 2663 2658
f 2658 2663 2664
f 2665 2666 2662
f 2662 2666 2663
f 2666 2667 2663
f 2663 2667 2664
f 2668 2669 2665
f 2665 2669 2666
f 2665 2670 2668
f 2668 2670 2671
f 2667 2666 2672
f 2672 2666 2669
f 2662 2661 2665
f 2665 2661 2670
f 2640 2670 2639
f 2639 2670 2661
f 2673 2674 2664
f 2664 2674 2658
f 2658 2674 2659
f 2659 2674 2675
f 2645 2657 2676
f 2676 2657 2656
f 2677 2676 2655
f 2655 2676 2656
f 2676 2678 2645
f 2645 2678 2644
f 2677 2679 2676
f 2676 2679 2678
f 2655 2680 2677
f 2677 2680 2681
f 2675 2674 2680
f 2680 2674 2681
f 2682 2640 2627
f 2627 2640 2628
f 2643 2683 2633
f 2633 2683 2626
f 2682 2627 2683
f 2683 2627 2626
f 2683 2684 2682
f 2682 2684 2671
f 2684 2685 2671
f 2671 2685 2668
f 2686 2684 2643
f 2643 2684 2683
f 2670 2640 2671
f 2671 2640 2682
f 2687 2686 2642
f 2642 2686 2643
f 2642 2641 2687
f 2687 2641 2644
f 2687 2644 2688
f 2688 2644 2678
f 2688 2689 2687
f 2687 2689 2686
f 2690 2691 2688
f 2688 2691 2689
f 2689 2685 2686
f 2686 2685 2684
f 2685 2689 2692
f 2692 2689 2691
f 2679 2690 2678
f 2678 2690 2688
f 2690 2679 2693
f 2693 2679 2694
f 2696 2697 2695
f 2695 2697 2693
f 2691 2690 2697
f 2697 2690 2693
f 2693 2694 2695
f 2695 2694 2673
f 2674 2673 2681
f 2681 2673 2694
f 2679 2677 2694
f 2694 2677 2681
f 2685 2692 2668
f 2668 2692 2669
f 2696 2672 2692
f 2692 2672 2669
f 2696 2692 2697
f 2697 2692 2691
f 2695 2667 2696
f 2696 2667 2672
f 2673 2664 2695
f 2695 2664 2667
f 2675 2654 2659
f 2659 2654 2647
f 2655 2654 2680
f 2680 2654 2675
f 2291 2156 2593
f 2593 2156 2594
f 2597 2602 2598
f 2598 2602 2605
f 2616 2617 2607
f 2607 2617 2608
f 2615 2610 2617
f 2617 2610 2608
f 2597 2596 2612
f 2612 2596 2698
f 2598 2605 2607
f 2607 2605 2616
f 2194 2291 2629
f 2629 2291 2593
f 2629 2618 2613
f 2613 2618 2614
f 2190 2610 2156
f 2156 2610 2594
f 2700 2010 2699
f 2699 2010 2086
f 2267 2701 2116
f 2116 2701 2702
f 2116 2702 2117
f 2117 2702 2703
f 2704 2705 2250
f 2250 2705 2254
f 2011 2706 2267
f 2267 2706 2701
f 2699 2086 2707
f 2707 2086 2289
f 2010 2700 2011
f 2011 2700 2706
f 2708 2707 2251
f 2251 2707 2289
f 2703 2704 2117
f 2117 2704 2250
f 2705 2708 2254
f 2254 2708 2251
f 2709 2710 2708
f 2708 2710 2707
f 2711 2709 2705
f 2705 2709 2708
f 2712 2711 2704
f 2704 2711 2705
f 2713 2712 2703
f 2703 2712 2704
f 2707 2710 2699
f 2699 2710 2714
f 2699 2714 2700
f 2700 2714 2715
f 2716 2706 2715
f 2715 2706 2700
f 2714 2710 2717
f 2717 2710 2718
f 2720 2721 2719
f 2719 2721 2722
f 2721 2723 2722
f 2722 2723 2724
f 2721 2725 2723
f 2723 2725 2726
f 2727 2728 2725
f 2725 2728 2726
f 2729 2725 2720
f 2720 2725 2721
f 2731 2729 2730
f 2730 2729 2720
f 2719 2732 2720
f 2720 2732 2730
f 2726 2733 2723
f 2723 2733 2724
f 2709 2711 2733
f 2733 2711 2724
f 2724 2711 2734
f 2734 2711 2712
f 2722 2724 2735
f 2735 2724 2734
f 2719 2722 2736
f 2736 2722 2735
f 2726 2728 2733
f 2733 2728 2718
f 2709 2733 2710
f 2710 2733 2718
f 2732 2719 2737
f 2737 2719 2736
f 2738 2739 2735
f 2735 2739 2736
f 2739 2740 2736
f 2736 2740 2737
f 2741 2742 2738
f 2738 2742 2739
f 2738 2743 2741
f 2741 2743 2744
f 2740 2739 2745
f 2745 2739 2742
f 2735 2734 2738
f 2738 2734 2743
f 2713 2743 2712
f 2712 2743 2734
f 2737 2746 2732
f 2732 2746 2747
f 2732 2747 2730
f 2730 2747 2731
f 2718 2728 2748
f 2748 2728 2727
f 2749 2750 2727
f 2727 2750 2748
f 2748 2751 2718
f 2718 2751 2717
f 2750 2752 2748
f 2748 2752 2751
f 2750 2749 2754
f 2754 2749 2753
f 2731 2747 2753
f 2753 2747 2754
f 2727 2725 2749
f 2749 2725 2729
f 2749 2729 2753
f 2753 2729 2731
f 2702 2755 2703
f 2703 2755 2713
f 2706 2716 2701
f 2701 2716 2756
f 2755 2702 2756
f 2756 2702 2701
f 2756 2757 2755
f 2755 2757 2744
f 2757 2758 2744
f 2744 2758 2741
f 2759 2757 2716
f 2716 2757 2756
f 2743 2713 2744
f 2744 2713 2755
f 2760 2759 2715
f 2715 2759 2716
f 2715 2714 2760
f 2760 2714 2717
f 2760 2717 2761
f 2761 2717 2751
f 2761 2762 2760
f 2760 2762 2759
f 2763 2764 2761
f 2761 2764 2762
f 2762 2758 2759
f 2759 2758 2757
f 2758 2762 2765
f 2765 2762 2764
f 2752 2763 2751
f 2751 2763 2761
f 2763 2752 2766
f 2766 2752 2767
f 2768 2769 2766
f 2766 2769 2770
f 2764 2763 2770
f 2770 2763 2766
f 2766 2767 2768
f 2768 2767 2746
f 2747 2746 2754
f 2754 2746 2767
f 2752 2750 2767
f 2767 2750 2754
f 2758 2765 2741
f 2741 2765 2742
f 2769 2745 2765
f 2765 2745 2742
f 2769 2765 2770
f 2770 2765 2764
f 2768 2740 2769
f 2769 2740 2745
f 2746 2737 2768
f 2768 2737 2740
f 2201 2212 2200
f 2200 2212 2214
f 2201 2202 2212
f 2212 2202 2185
f 2512 2581 2191
f 2191 2581 2192
f 2059 2290 2056
f 2056 2290 2272
f 2174 2199 2294
f 2294 2199 2278
f 2063 2175 2194
f 2194 2175 2291
f 2192 2581 2133
f 2133 2581 2490
f 2133 2132 2192
f 2192 2132 2189
f 2054 2276 2055
f 2055 2276 2138
f 2083 2279 2084
f 2084 2279 2771
f 2771 2279 2599
f 2599 2279 2596
f 2606 2772 2599
f 2599 2772 2771
f 2772 2773 2771
f 2771 2773 2084
f 2773 2774 2084
f 2084 2774 2085
f 2085 2775 2082
f 2082 2775 2144
f 2774 2078 2085
f 2085 2078 2775
f 2078 2774 2079
f 2079 2774 2776
f 2774 2773 2776
f 2776 2773 2777
f 2773 2772 2777
f 2777 2772 2778
f 2190 2189 2609
f 2609 2189 2778
f 2053 2052 2779
f 2779 2052 2181
f 2144 2775 2081
f 2081 2775 2078
f 2294 2153 2174
f 2174 2153 2175
f 2132 2276 2189
f 2189 2276 2778
f 2606 2609 2772
f 2772 2609 2778
f 2195 2613 2698
f 2698 2613 2612
f 2596 2279 2698
f 2698 2279 2195
f 2054 2777 2276
f 2276 2777 2778
f 2777 2054 2776
f 2776 2054 2053
f 2053 2779 2776
f 2776 2779 2079
f 2779 2181 2079
f 2079 2181 2080
f 2181 2239 2080
f 2080 2239 2240
f 2122 2256 2014
f 2042 1982 2076
f 2076 1982 2007
f 1982 1985 2007
f 2007 1985 2008
f 2095 2097 2265
f 2265 2097 2266
f 2076 2050 2042
f 2042 2050 2047
f 2046 2043 2047
f 2047 2043 2042
f 2118 1993 2046
f 2046 1993 2043
f 1995 1994 2118
f 2118 1994 1993
f 2267 1992 2011
f 2011 1992 2012
f 1997 2012 1994
f 1994 2012 1992
f 2226 2013 1997
f 1997 2013 2012
f 2225 2087 2226
f 2226 2087 2013
f 2225 2232 2087
f 2087 2232 2288
f 2232 2070 2288
f 2288 2070 2252
f 2070 2025 2252
f 2252 2025 2253
f 1988 2249 2025
f 2025 2249 2253
f 2116 2115 2267
f 2267 2115 2268
f 2096 1984 2237
f 2237 1984 1991
f 2095 1985 2096
f 2096 1985 1984
f 2265 2008 2095
f 2095 2008 1985
f 2092 2009 2265
f 2265 2009 2008
f 2091 2286 2092
f 2092 2286 2009
f 2255 2238 2091
f 2091 2238 2286
f 2256 2239 2255
f 2255 2239 2238
f 2122 2240 2256
f 2256 2240 2239
f 2121 2241 2122
f 2122 2241 2240
f 2022 2018 2097
f 2097 2018 2266
f 2022 2024 2018
f 2018 2024 2019
f 2024 2072 2019
f 2019 2072 2073
f 2072 2228 2073
f 2073 2228 2230
f 2228 2184 2230
f 2230 2184 2183
f 2121 2285 2241
f 2241 2285 2258
f 2285 2036 2258
f 2258 2036 2257
f 2177 2145 2193
f 2193 2145 2257
f 2173 2193 2196
f 2196 2193 2037
f 2036 2037 2257
f 2257 2037 2193
f 2196 2037 2066
f 2066 2037 2035
f 2061 2108 2034
f 2034 2108 2067
f 2108 2208 2067
f 2067 2208 2204
f 2208 2210 2204
f 2204 2210 2203
f 2210 2280 2203
f 2203 2280 2186
f 2183 2186 2235
f 2235 2186 2280
f 1987 2114 1988
f 1988 2114 2249
f 2237 2115 1987
f 1987 2115 2114
f 1991 2268 2237
f 2237 2268 2115
f 1991 1990 2268
f 2268 1990 1992
f 107 110 2781
f 2781 110 2780
f 117 2782 118
f 118 2782 2783
f 119 2784 120
f 120 2784 2785
f 125 2786 126
f 126 2786 2787
f 127 2788 128
f 128 2788 2789
f 127 132 2788
f 2788 132 2790
f 231 230 2792
f 2792 230 2791
f 118 2783 119
f 119 2783 2784
f 241 243 2794
f 2794 243 2793
f 2781 2795 107
f 107 2795 352
f 120 2785 437
f 437 2785 2796
f 126 2787 110
f 110 2787 2780
f 455 2797 456
f 456 2797 2798
f 128 2789 457
f 457 2789 2799
f 456 2798 117
f 117 2798 2782
f 2794 2797 241
f 241 2797 455
f 457 2799 125
f 125 2799 2786
f 132 231 2790
f 2790 231 2792
f 230 437 2791
f 2791 437 2796
f 2792 2789 2790
f 2790 2789 2788
f 2785 2784 2801
f 2801 2784 2800
f 2786 2802 2787
f 2787 2802 2803
f 2792 2791 2805
f 2805 2791 2804
f 2784 2783 2800
f 2800 2783 2806
f 2785 2801 2796
f 2796 2801 2807
f 2787 2803 2780
f 2780 2803 2808
f 2789 2809 2799
f 2799 2809 2810
f 2799 2810 2786
f 2786 2810 2802
f 2791 2796 2804
f 2804 2796 2807
f 2789 2792 2809
f 2809 2792 2805
f 2812 2797 2811
f 2811 2797 2794
f 2809 2805 2810
f 2810 2805 2804
f 2810 2804 2802
f 2802 2804 2807
f 2802 2807 2803
f 2803 2807 2801
f 2808 2803 2800
f 2800 2803 2801
f 2814 699 2813
f 2813 699 698
f 2808 2815 2780
f 2780 2815 2781
f 2817 2782 2816
f 2816 2782 2798
f 2815 2818 2781
f 2781 2818 2795
f 2797 2812 2798
f 2798 2812 2816
f 2783 2782 2806
f 2806 2782 2817
f 2800 2806 2808
f 2808 2806 2815
f 2794 2793 2811
f 2811 2793 2819
f 174 201 384
f 384 201 362
f 200 1766 390
f 390 1766 1777
f 1777 1778 390
f 390 1778 398
f 1778 361 398
f 398 361 222
f 2820 2821 628
f 628 2821 629
f 1406 2820 790
f 790 2820 628
f 794 1415 1233
f 1233 1415 1234
f 1406 790 1407
f 1407 790 1312
f 1407 1312 2822
f 2822 1312 1316
f 2823 1380 1543
f 1543 1380 1379
f 1385 1738 1382
f 1382 1738 1383
f 1381 791 1382
f 1382 791 1386
f 791 794 1386
f 1386 794 1233
f 1259 1390 1260
f 1260 1390 1389
f 1905 1542 1394
f 1394 1542 1395
f 1410 1413 1397
f 1397 1413 1398
f 2821 1410 629
f 629 1410 1397
f 2823 2822 1380
f 1380 2822 1316
f 1392 1395 1378
f 1378 1395 1379
f 1738 1399 1383
f 1383 1399 1398
f 1388 1235 1389
f 1389 1235 1234
f 1393 1391 1394
f 1394 1391 1390
f 1381 1384 779
f 779 1384 780
f 1282 788 792
f 792 788 793
f 1431 1262 1432
f 1432 1262 1261
f 1400 1342 1408
f 1408 1342 1409
f 1508 1544 1411
f 1411 1544 1412
f 788 787 793
f 793 787 1414
f 2821 2820 1429
f 1429 2820 1430
f 2822 2823 1506
f 1506 2823 1507
f 778 1282 779
f 779 1282 792
f 2820 1406 1430
f 1430 1406 1409
f 1410 2821 1411
f 1411 2821 1429
f 1407 2822 1408
f 1408 2822 1506
f 1544 781 1412
f 1412 781 780
f 1260 1415 1261
f 1261 1415 1414
f 1334 2824 923
f 923 2824 924
f 2826 1268 2825
f 2825 1268 1267
f 769 1212 2827
f 2827 1212 2828
f 1492 1190 1266
f 1266 1190 1267
f 1488 2829 1489
f 1489 2829 2830
f 922 1329 923
f 923 1329 1328
f 1484 2831 1485
f 1485 2831 2832
f 1482 2833 1485
f 1485 2833 1486
f 1324 1493 1489
f 1489 1493 1490
f 1265 1491 1266
f 1266 1491 1490
f 2835 2836 2834
f 2834 2836 2837
f 1250 2838 2827
f 2827 2838 2839
f 1488 1491 2840
f 2840 1491 2841
f 1268 2826 2842
f 2842 2826 2843
f 2844 2845 1495
f 1495 2845 1496
f 1427 2847 2846
f 2846 2847 926
f 2829 1488 2848
f 2848 1488 2840
f 1329 922 2849
f 2849 922 927
f 2850 2851 768
f 768 2851 1213
f 1265 1268 2852
f 2852 1268 2842
f 1491 1265 2841
f 2841 1265 2852
f 2854 2855 2853
f 2853 2855 2856
f 2855 2857 2856
f 2856 2857 598
f 2857 2858 598
f 598 2858 595
f 2858 2859 595
f 595 2859 626
f 649 652 2860
f 2860 652 2861
f 639 642 2862
f 2862 642 2863
f 2864 705 2862
f 2862 705 639
f 2865 1418 2864
f 2864 1418 705
f 2866 2867 2865
f 2865 2867 1418
f 1760 1348 1761
f 1761 1348 2867
f 1764 2868 1197
f 1197 2868 1198
f 2869 611 2868
f 2868 611 1198
f 2870 612 2869
f 2869 612 611
f 1352 1350 944
f 944 1350 688
f 1350 1256 688
f 688 1256 685
f 1256 1255 685
f 685 1255 692
f 1255 2871 692
f 692 2871 2872
f 701 2873 698
f 698 2873 2813
f 2872 1349 692
f 692 1349 693
f 1696 1744 1574
f 1574 1744 1575
f 1753 1618 1577
f 1577 1618 1578
f 1729 1594 1608
f 1608 1594 1609
f 1725 1630 1611
f 1611 1630 1612
f 1604 1607 1625
f 1625 1607 1626
f 1624 1703 1625
f 1625 1703 1912
f 1703 1702 1912
f 1912 1702 1913
f 1702 1753 1913
f 1913 1753 1577
f 1598 1569 1915
f 1915 1569 1578
f 1616 1615 1915
f 1915 1615 1916
f 1615 1696 1916
f 1916 1696 1574
f 1744 1745 1575
f 1575 1745 1917
f 1745 1565 1917
f 1917 1565 1609
f 1568 1725 1608
f 1608 1725 1611
f 2874 1613 1918
f 1918 1613 1612
f 1607 2874 1626
f 1626 2874 1918
f 1610 1613 1562
f 1562 1613 1563
f 1547 1550 1570
f 1570 1550 1571
f 1573 1576 1580
f 1580 1576 1581
f 1553 1556 1595
f 1595 1556 1596
f 1556 1582 1596
f 1596 1582 1581
f 1551 1547 1599
f 1599 1547 1570
f 1731 1914 1601
f 1601 1914 1602
f 1686 1689 1605
f 1605 1689 1606
f 1598 1743 1599
f 1599 1743 1692
f 2874 1607 1723
f 1723 1607 1606
f 1727 1553 1730
f 1730 1553 1595
f 1600 1686 1601
f 1601 1686 1605
f 1914 1572 1602
f 1602 1572 1571
f 1579 1693 1580
f 1580 1693 1692
f 1613 2874 1563
f 1563 2874 1723
f 1561 1727 1562
f 1562 1727 1730
f 1949 1742 1548
f 1548 1742 1549
f 1694 1949 1552
f 1552 1949 1548
f 1954 1589 1554
f 1554 1589 1555
f 1693 1579 1558
f 1558 1579 1559
f 1561 1564 1584
f 1584 1564 1585
f 1582 1556 1588
f 1588 1556 1555
f 1600 1603 1591
f 1591 1603 1592
f 1981 1977 1687
f 1687 1977 1688
f 1564 1722 1585
f 1585 1722 1690
f 1551 1693 1552
f 1552 1693 1558
f 1751 1954 1728
f 1728 1954 1554
f 1590 1981 1591
f 1591 1981 1687
f 1603 1550 1592
f 1592 1550 1549
f 1977 1691 1688
f 1688 1691 1690
f 1587 1560 1588
f 1588 1560 1559
f 1727 1561 1728
f 1728 1561 1584
f 2875 1919 1947
f 1947 1919 1948
f 1557 1560 1952
f 1952 1560 1953
f 1933 1932 1955
f 1955 1932 1956
f 1587 1589 1958
f 1958 1589 1956
f 1959 1933 1965
f 1965 1933 1955
f 1961 1964 1966
f 1966 1964 1967
f 1981 1590 1969
f 1969 1590 1967
f 1742 1949 1972
f 1972 1949 1948
f 1593 1742 1966
f 1966 1742 1972
f 1957 1950 1958
f 1958 1950 1953
f 1583 1586 1974
f 1974 1586 1975
f 1940 1943 1978
f 1978 1943 1979
f 1943 1976 1979
f 1979 1976 1975
f 1951 2875 1952
f 1952 2875 1947
f 1968 1940 1969
f 1969 1940 1978
f 1973 1959 1974
f 1974 1959 1965
f 1923 1971 1920
f 1920 1971 1921
f 1919 2875 1920
f 1920 2875 1924
f 2875 1951 1924
f 1924 1951 1926
f 1950 1957 1929
f 1929 1957 1930
f 2244 2243 1934
f 1934 2243 1935
f 1973 1976 1937
f 1937 1976 1938
f 1944 1980 1941
f 1941 1980 1942
f 1940 1968 1941
f 1941 1968 1945
f 2287 2244 1960
f 1960 2244 1934
f 1970 2245 1962
f 1962 2245 1963
f 2243 1931 1935
f 1935 1931 1930
f 1927 1926 1928
f 1928 1926 1929
f 1961 1922 1962
f 1962 1922 1921
f 2245 1946 1963
f 1963 1946 1945
f 1976 1943 1938
f 1938 1943 1942
f 1936 2287 1937
f 1937 2287 1960
f 743 1238 608
f 608 1238 609
f 607 1811 608
f 608 1811 744
f 1304 2876 1305
f 1305 2876 2877
f 586 585 1298
f 1298 585 1299
f 585 702 1299
f 1299 702 1300
f 702 1428 1300
f 1300 1428 1301
f 1238 586 609
f 609 586 1298
f 2878 2879 1218
f 1218 2879 2877
f 2880 2881 1812
f 1812 2881 1819
f 2883 1821 2882
f 2882 1821 1820
f 2840 2841 620
f 620 2841 621
f 2842 2843 795
f 795 2843 796
f 892 895 2844
f 2844 895 2845
f 2848 2840 942
f 942 2840 620
f 2849 927 1202
f 1202 927 1203
f 2852 2842 1270
f 1270 2842 795
f 2841 2852 621
f 621 2852 1270
f 941 1759 942
f 942 1759 2884
f 659 929 1427
f 1427 929 2847
f 1237 2851 751
f 751 2851 2850
f 1216 2885 1217
f 1217 2885 1754
f 2887 734 2886
f 2886 734 733
f 2889 1816 2888
f 2888 1816 1815
f 2890 1245 2889
f 2889 1245 1816
f 1824 2891 1825
f 1825 2891 1246
f 2892 2893 2895
f 2895 2893 2894
f 1854 1833 1851
f 1851 1833 1832
f 1851 1832 1884
f 1884 1832 1876
f 1884 1876 1441
f 1441 1876 1443
f 1441 1443 1442
f 1442 1443 1446
f 1442 1446 2896
f 2896 1446 1507
f 2897 2823 2898
f 2898 2823 1543
f 1542 2899 1543
f 1543 2899 2898
f 1542 1905 2899
f 2899 1905 2900
f 1905 1259 2900
f 2900 1259 2901
f 1262 1431 2902
f 2902 1431 1904
f 1431 1434 1904
f 1904 1434 1902
f 1902 1434 2903
f 2903 1434 719
f 2903 719 2904
f 2904 719 718
f 1869 1881 718
f 718 1881 2904
f 1881 1869 1880
f 1880 1869 756
f 1880 756 2905
f 2905 756 755
f 2905 755 2906
f 2906 755 758
f 762 2907 763
f 763 2907 2908
f 724 723 2909
f 2909 723 894
f 796 895 723
f 723 895 894
f 2843 2845 796
f 796 2845 895
f 2826 1496 2843
f 2843 1496 2845
f 2825 1497 2826
f 2826 1497 1496
f 1189 2836 2825
f 2825 2836 1497
f 797 891 798
f 798 891 2837
f 802 888 797
f 797 888 891
f 2910 2911 2913
f 2913 2911 2912
f 1780 1783 2915
f 2915 1783 2914
f 2916 2917 831
f 831 2917 832
f 2918 2919 845
f 845 2919 846
f 2920 2916 847
f 847 2916 831
f 2921 2922 857
f 857 2922 858
f 2923 2924 860
f 860 2924 861
f 2919 2912 846
f 846 2912 887
f 2925 2920 940
f 940 2920 847
f 2924 2926 861
f 861 2926 1204
f 2917 2918 832
f 832 2918 845
f 2927 2928 1449
f 1449 2928 1450
f 2929 2930 889
f 889 2930 2931
f 2896 1507 2897
f 2897 1507 2823
f 2902 2901 1262
f 1262 2901 1259
f 2932 2933 750
f 750 2933 1236
f 2933 2934 1236
f 1236 2934 1835
f 2936 2937 2935
f 2935 2937 2938
f 2940 2941 2939
f 2939 2941 2942
f 2943 2944 1841
f 1841 2944 1842
f 2945 1860 2944
f 2944 1860 1842
f 2945 2946 1860
f 1860 2946 1859
f 1889 2947 1890
f 1890 2947 1856
f 1856 2947 1857
f 1857 2947 2948
f 2950 709 2949
f 2949 709 1829
f 2952 730 2951
f 2951 730 729
f 2866 2953 2867
f 2867 2953 1761
f 2953 2954 1761
f 1761 2954 1420
f 2954 2955 1420
f 1420 2955 742
f 2955 2956 742
f 742 2956 739
f 2956 2957 739
f 739 2957 760
f 2957 2958 760
f 760 2958 761
f 2958 2959 761
f 761 2959 2960
f 2959 2961 2960
f 2960 2961 2962
f 2963 2964 1839
f 1839 2964 1840
f 2964 2965 1840
f 1840 2965 2942
f 2966 2950 2939
f 2939 2950 2949
f 2935 2967 2936
f 2936 2967 2968
f 2969 2970 736
f 736 2970 735
f 734 2887 1815
f 1815 2887 2888
f 2887 2882 2888
f 2888 2882 2881
f 1819 1820 1817
f 1817 1820 748
f 1195 1757 1197
f 1197 1757 1424
f 1757 647 1424
f 1424 647 646
f 647 648 646
f 646 648 643
f 648 1271 643
f 643 1271 737
f 1271 725 737
f 737 725 765
f 725 724 765
f 765 724 762
f 762 724 2907
f 2907 724 2909
f 1254 1437 2909
f 2909 1437 2907
f 1438 1253 1836
f 1836 1253 1835
f 1836 1835 2938
f 2938 1835 2934
f 2971 2972 2935
f 2935 2972 2967
f 897 896 2969
f 2969 896 2970
f 1815 1814 734
f 734 1814 731
f 728 1215 896
f 896 1215 732
f 2885 1216 733
f 733 1216 2886
f 1216 1219 2886
f 2886 1219 2883
f 2876 1304 1821
f 1821 1304 749
f 1304 1303 749
f 749 1303 746
f 1818 2973 1817
f 1817 2973 1810
f 747 2974 1818
f 1818 2974 2973
f 747 746 2974
f 2974 746 1303
f 2976 2977 2975
f 2975 2977 2978
f 2976 2979 2901
f 2901 2979 2900
f 2980 2981 2982
f 2982 2981 2979
f 2981 2980 2983
f 2983 2980 2984
f 2985 2897 2983
f 2983 2897 2898
f 2987 2988 2986
f 2986 2988 2985
f 2896 2988 1442
f 1442 2988 1439
f 1903 2977 1904
f 1904 2977 2902
f 1856 1855 1890
f 1890 1855 2989
f 2989 2990 1890
f 1890 2990 1359
f 2990 2991 1359
f 1359 2991 1356
f 2946 2992 1859
f 1859 2992 1893
f 2992 2993 1893
f 1893 2993 775
f 2993 2994 775
f 775 2994 776
f 2986 1356 2987
f 2987 1356 2991
f 2975 2978 776
f 776 2978 777
f 2982 2994 2980
f 2980 2994 2995
f 1357 2984 2995
f 2995 2984 2980
f 2995 2996 1357
f 1357 2996 1358
f 2996 2997 1358
f 1358 2997 1889
f 2998 2999 2932
f 2932 2999 2933
f 2999 2971 2933
f 2933 2971 2934
f 1837 1836 2937
f 2937 1836 2938
f 2943 1841 2941
f 2941 1841 1838
f 3001 2944 3000
f 3000 2944 2943
f 3001 3002 2944
f 2944 3002 2945
f 3002 3003 2945
f 2945 3003 2946
f 2997 3003 1889
f 1889 3003 2947
f 2947 3003 2948
f 2948 3003 3002
f 3001 3004 3002
f 3002 3004 2948
f 3000 3005 3001
f 3001 3005 3004
f 2940 3006 3000
f 3000 3006 3005
f 2999 3007 2971
f 2971 3007 2972
f 2998 2951 2999
f 2999 2951 3007
f 3008 2952 2998
f 2998 2952 2951
f 2966 2965 2936
f 2936 2965 2937
f 2935 2938 2971
f 2971 2938 2934
f 3003 2997 2946
f 2946 2997 2992
f 2997 2996 2992
f 2992 2996 2993
f 2996 2995 2993
f 2993 2995 2994
f 1356 2986 1357
f 1357 2986 2984
f 2982 2975 2994
f 2994 2975 776
f 1844 1843 1899
f 1899 1843 3009
f 1843 638 3009
f 3009 638 3010
f 638 637 3010
f 3010 637 3011
f 637 1830 3011
f 3011 1830 3012
f 1830 1833 3012
f 3012 1833 2894
f 1833 1854 2894
f 2894 1854 2895
f 1854 1853 2895
f 2895 1853 1888
f 1858 1857 1885
f 1885 1857 1892
f 1899 3009 1898
f 1898 3009 1874
f 3009 3010 1874
f 1874 3010 1865
f 3010 3011 1865
f 1865 3011 1862
f 3011 3012 1862
f 1862 3012 1882
f 3012 2894 1882
f 1882 2894 2893
f 1850 2890 782
f 782 2890 2889
f 783 2880 1811
f 1811 2880 1812
f 744 1810 745
f 745 1810 2973
f 745 2973 805
f 805 2973 806
f 2973 2974 806
f 806 2974 815
f 1303 812 2974
f 2974 812 815
f 1303 1302 812
f 812 1302 1221
f 1307 3013 1302
f 1302 3013 1221
f 1734 3014 1633
f 1633 3014 1634
f 1646 1649 1636
f 1636 1649 1637
f 1654 1657 1641
f 1641 1657 1642
f 1639 1736 1636
f 1636 1736 1684
f 1716 1713 1698
f 1698 1713 1699
f 1718 1721 1705
f 1705 1721 1706
f 1653 1654 1709
f 1709 1654 1641
f 1620 1623 1714
f 1714 1623 1699
f 1712 1682 1714
f 1714 1682 1740
f 1668 1671 1746
f 1746 1671 1747
f 1752 1650 1749
f 1749 1650 1750
f 1750 1650 1709
f 1709 1650 1653
f 1632 1668 1633
f 1633 1668 1746
f 1649 1752 1637
f 1637 1752 1749
f 1682 1643 1740
f 1740 1643 1642
f 3014 1685 1634
f 1634 1685 1684
f 1704 1748 1705
f 1705 1748 1747
f 1697 1707 1698
f 1698 1707 1706
f 1739 1701 1621
f 1621 1701 1622
f 1567 1566 1647
f 1647 1566 1648
f 1664 1695 1651
f 1651 1695 1652
f 1614 1617 1655
f 1655 1617 1656
f 1704 1707 1659
f 1659 1707 1660
f 3014 1734 1662
f 1662 1734 1663
f 1650 1752 1651
f 1651 1752 1665
f 1741 1657 1667
f 1667 1657 1656
f 1695 1614 1652
f 1652 1614 1655
f 1724 1567 1726
f 1726 1567 1647
f 1645 1628 1733
f 1733 1628 1663
f 1685 3014 1726
f 1726 3014 1662
f 1620 1741 1621
f 1621 1741 1667
f 1566 1666 1648
f 1648 1666 1665
f 1658 1737 1659
f 1659 1737 1901
f 1911 1661 1910
f 1910 1661 1660
f 1701 1911 1622
f 1622 1911 1910
f 1732 1748 1733
f 1733 1748 1901
f 1857 2948 1892
f 1892 2948 3004
f 1892 3004 1891
f 1891 3004 3005
f 1828 3006 1829
f 1829 3006 2949
f 2967 736 2968
f 2968 736 710
f 2972 2969 2967
f 2967 2969 736
f 2969 2972 897
f 897 2972 3007
f 897 3007 729
f 729 3007 2951
f 3016 753 3015
f 3015 753 752
f 3018 767 3017
f 3017 767 766
f 3019 3020 1249
f 1249 3020 3021
f 2915 2914 3019
f 3019 2914 3020
f 3023 2914 3022
f 3022 2914 1783
f 2827 2839 769
f 769 2839 766
f 3025 2838 3024
f 3024 2838 3021
f 768 767 2850
f 2850 767 3026
f 2850 3026 751
f 751 3026 752
f 750 753 2932
f 2932 753 3027
f 3008 2998 3027
f 3027 2998 2932
f 3028 3029 3008
f 3008 3029 2952
f 3029 3030 2952
f 2952 3030 730
f 3032 3033 3031
f 3031 3033 3034
f 3036 3037 3035
f 3035 3037 3038
f 2870 3039 612
f 612 3039 3040
f 3041 3042 3031
f 3031 3042 3038
f 3034 1352 3043
f 3043 1352 944
f 612 3040 613
f 613 3040 3044
f 613 3044 1425
f 1425 3044 1422
f 3045 3042 669
f 669 3042 670
f 3041 3043 599
f 599 3043 600
f 772 771 1544
f 1544 771 781
f 1503 771 1866
f 1866 771 770
f 771 1503 781
f 781 1503 778
f 61 281 416
f 416 281 1907
f 283 103 3046
f 3046 103 3047
f 76 79 3048
f 3048 79 3049
f 280 76 1906
f 1906 76 3048
f 3051 335 3050
f 3050 335 334
f 3053 417 3052
f 3052 417 416
f 3055 435 3054
f 3054 435 434
f 428 435 419
f 419 435 1908
f 420 1909 293
f 293 1909 443
f 79 294 3049
f 3049 294 444
f 3057 444 3056
f 3056 444 443
f 3051 3058 335
f 335 3058 452
f 216 215 1332
f 1332 215 452
f 308 283 462
f 462 283 3046
f 3050 334 3059
f 3059 334 462
f 103 62 3047
f 3047 62 417
f 313 312 434
f 434 312 463
f 3061 574 3060
f 3060 574 573
f 1310 3062 1428
f 1428 3062 3063
f 1258 3064 1255
f 1255 3064 2871
f 932 3065 2853
f 2853 3065 3066
f 699 2814 931
f 931 2814 3067
f 3068 1301 3063
f 3063 1301 1428
f 571 574 1310
f 1310 574 3062
f 3060 573 3069
f 3069 573 1332
f 3070 3071 1906
f 1906 3071 1907
f 3072 3073 1908
f 1908 3073 1909
f 3075 2814 3074
f 3074 2814 2813
f 2854 3076 1258
f 1258 3076 3064
f 2871 3077 2872
f 2872 3077 3078
f 3074 2813 3079
f 3079 2813 2873
f 2872 3078 1349
f 1349 3078 3080
f 2873 701 3068
f 3068 701 1301
f 1330 1201 3080
f 3080 1201 1349
f 1264 1263 3081
f 3081 1263 3082
f 3083 3084 3082
f 3082 3084 3081
f 811 1448 3086
f 3086 1448 3085
f 808 811 3087
f 3087 811 3086
f 3088 3083 833
f 833 3083 3082
f 884 3089 885
f 885 3089 3090
f 3087 1790 808
f 808 1790 816
f 1790 3087 1787
f 1787 3087 3091
f 3092 3091 3086
f 3086 3091 3087
f 3093 3094 3084
f 3084 3094 3095
f 3089 3096 3090
f 3090 3096 3088
f 3097 3093 3083
f 3083 3093 3084
f 3099 3100 3098
f 3098 3100 1786
f 3101 1788 2913
f 2913 1788 3102
f 838 837 885
f 885 837 886
f 886 837 3103
f 3103 837 1541
f 3094 3093 3104
f 3104 3093 3097
f 3105 3106 3089
f 3089 3106 3096
f 3108 3109 3107
f 3107 3109 3110
f 3111 3112 3091
f 3091 3112 1787
f 3114 3108 3113
f 3113 3108 3107
f 3114 3115 3112
f 3112 3115 3102
f 3091 3092 3111
f 3111 3092 3116
f 839 838 835
f 835 838 836
f 885 3090 838
f 838 3090 836
f 3110 3117 1247
f 1247 3117 3118
f 1247 3118 1248
f 1248 3118 3119
f 3120 3121 3119
f 3119 3121 1248
f 1247 844 3110
f 3110 844 3107
f 844 843 3107
f 3107 843 3113
f 843 3099 3113
f 3113 3099 3122
f 1781 3123 3098
f 3098 3123 3124
f 2915 2931 1780
f 1780 2931 2930
f 3019 3125 2915
f 2915 3125 2931
f 890 3125 2834
f 2834 3125 1252
f 3125 3019 1252
f 1252 3019 1249
f 907 908 946
f 946 908 947
f 1185 1188 1369
f 1369 1188 948
f 954 957 951
f 951 957 952
f 910 965 953
f 953 965 950
f 905 958 960
f 960 958 961
f 3126 978 949
f 949 978 962
f 936 935 967
f 967 935 968
f 994 993 969
f 969 993 966
f 902 904 971
f 971 904 972
f 983 985 973
f 973 985 970
f 906 905 974
f 974 905 960
f 977 981 959
f 959 981 975
f 911 910 1143
f 1143 910 953
f 952 957 1142
f 1142 957 1145
f 911 1143 1366
f 1366 1143 1368
f 1185 1369 1145
f 1145 1369 1142
f 993 1519 966
f 966 1519 1456
f 965 1454 950
f 950 1454 1457
f 900 899 1459
f 1459 899 1460
f 988 991 1461
f 1461 991 1458
f 899 963 1460
f 1460 963 1462
f 985 987 970
f 970 987 1463
f 904 906 972
f 972 906 974
f 981 983 975
f 975 983 973
f 935 900 968
f 968 900 1459
f 991 994 1458
f 1458 994 969
f 1154 1526 1088
f 1088 1526 1089
f 1109 1112 1092
f 1092 1112 1093
f 1083 1098 1084
f 1084 1098 1097
f 1078 1471 1100
f 1100 1471 1101
f 1075 1078 1104
f 1104 1078 1100
f 1152 1154 1156
f 1156 1154 1088
f 1156 1155 1372
f 1372 1155 1373
f 1372 1373 1104
f 1104 1373 1075
f 1467 1109 1465
f 1465 1109 1092
f 1465 1182 1468
f 1468 1182 1184
f 1474 1470 1096
f 1096 1470 1097
f 1102 1101 1083
f 1083 1101 1098
f 1112 1531 1093
f 1093 1531 1529
f 1102 1073 1099
f 1099 1073 1072
f 1526 1154 1079
f 1079 1154 1080
f 1081 1091 1082
f 1082 1091 1094
f 1069 1068 1085
f 1085 1068 1086
f 1153 1151 1080
f 1080 1151 1058
f 1371 1177 1179
f 1179 1177 1176
f 1099 1072 1103
f 1103 1072 1176
f 1068 1071 1086
f 1086 1071 1073
f 1085 1084 1180
f 1180 1084 1469
f 1066 1065 1183
f 1183 1065 1181
f 1153 1152 1177
f 1177 1152 1178
f 1091 1081 1182
f 1182 1081 1183
f 1057 1525 1079
f 1079 1525 1527
f 1120 1117 1076
f 1076 1117 1077
f 1087 1090 1107
f 1107 1090 1108
f 1127 1126 1110
f 1110 1126 1111
f 1095 1116 1096
f 1096 1116 1115
f 1471 1078 1119
f 1119 1078 1077
f 1087 1107 1155
f 1155 1107 1158
f 1376 1374 1157
f 1157 1374 1158
f 1076 1075 1374
f 1374 1075 1373
f 1109 1467 1110
f 1110 1467 1472
f 1467 1466 1472
f 1472 1466 1473
f 1135 1475 1114
f 1114 1475 1115
f 1471 1119 1095
f 1095 1119 1116
f 1126 1532 1111
f 1111 1532 1530
f 914 1276 1480
f 1480 1276 1517
f 3127 3128 1223
f 1223 3128 1224
f 824 933 1455
f 1455 933 3129
f 3131 1448 3130
f 3130 1448 1447
f 3132 3133 1452
f 1452 3133 1453
f 3130 1447 1322
f 1322 1447 1455
f 933 1514 3129
f 3129 1514 3134
f 1161 3135 1480
f 1480 3135 1481
f 3128 3136 1224
f 1224 3136 1499
f 3133 1162 1453
f 1453 1162 1517
f 1515 3127 1535
f 1535 3127 1223
f 3095 3085 3131
f 3131 3085 1448
f 3137 3092 3085
f 3085 3092 3086
f 3138 3116 3137
f 3137 3116 3092
f 3110 3109 3117
f 3117 3109 3139
f 3105 3140 3117
f 3117 3140 3118
f 3140 3141 3118
f 3118 3141 3119
f 3142 3120 3141
f 3141 3120 3119
f 1498 3143 1277
f 1277 3143 882
f 3144 3145 1340
f 1340 3145 1339
f 1340 3146 3144
f 3144 3146 3147
f 3145 3144 3143
f 3143 3144 3148
f 871 901 872
f 872 901 1362
f 3149 3148 3147
f 3147 3148 3144
f 1208 3150 1209
f 3098 1786 1781
f 1781 1786 1782
f 2930 2929 3123
f 3123 2929 2911
f 1794 1791 2916
f 2916 1791 2917
f 1793 3101 2918
f 2918 3101 2919
f 1796 1794 2920
f 2920 1794 2916
f 3151 3152 2921
f 2921 3152 2922
f 3153 3154 2923
f 2923 3154 2924
f 2919 3101 2912
f 2912 3101 2913
f 3155 1796 2925
f 2925 1796 2920
f 3154 3156 2924
f 2924 3156 2926
f 1791 1793 2917
f 2917 1793 2918
f 3157 3158 2927
f 2927 3158 2928
f 1780 2930 1781
f 1781 2930 3123
f 2825 1267 1189
f 1189 1267 1190
f 2827 2828 1250
f 1250 2828 1251
f 1489 2830 1324
f 1324 2830 1325
f 923 1328 1334
f 1334 1328 1335
f 1485 2832 1482
f 1482 2832 1483
f 1266 1490 1492
f 1492 1490 1493
f 1333 1346 1334
f 1334 1346 2824
f 722 799 1492
f 1492 799 1190
f 664 657 1482
f 1482 657 2833
f 631 634 1324
f 1324 634 1493
f 2828 1494 1251
f 1251 1494 2835
f 1249 3021 1250
f 1250 3021 2838
f 798 2837 1189
f 1189 2837 2836
f 3100 842 3160
f 3160 842 3159
f 1788 3101 1789
f 1789 3101 1793
f 1792 816 1789
f 1789 816 1790
f 817 816 1795
f 1795 816 1792
f 938 817 1797
f 1797 817 1795
f 1796 3155 1797
f 1797 3155 1798
f 3155 3158 1798
f 1798 3158 1799
f 3157 3152 1801
f 1801 3152 1802
f 3151 3156 1803
f 1803 3156 1804
f 3154 3153 1805
f 1805 3153 1806
f 3153 3161 1806
f 1806 3161 1807
f 3099 843 3100
f 3100 843 842
f 1788 1787 3102
f 3102 1787 3112
f 2910 3115 3124
f 3124 3115 3122
f 3099 3098 3122
f 3122 3098 3124
f 416 1907 3052
f 3052 1907 3071
f 3046 3047 3163
f 3163 3047 3162
f 249 445 259
f 259 445 3164
f 425 3165 424
f 424 3165 461
f 408 410 329
f 329 410 330
f 39 331 40
f 40 331 332
f 305 304 423
f 423 304 464
f 385 254 458
f 458 254 392
f 250 415 251
f 251 415 412
f 233 337 234
f 234 337 3166
f 435 3055 1908
f 1908 3055 3072
f 443 1909 3056
f 3056 1909 3073
f 3167 3049 3057
f 3057 3049 444
f 452 3058 1332
f 1332 3058 3069
f 234 3166 346
f 346 3166 411
f 3046 3163 462
f 462 3163 3059
f 259 3164 260
f 260 3164 336
f 3047 417 3162
f 3162 417 3053
f 463 3168 434
f 434 3168 3054
f 454 830 425
f 425 830 3165
f 3062 3169 3063
f 3063 3169 3170
f 1355 1354 1534
f 1534 1354 3171
f 3063 3170 3068
f 3068 3170 3172
f 574 3061 3062
f 3062 3061 3169
f 1534 3171 1535
f 1535 3171 3173
f 3079 2873 3172
f 3172 2873 3068
f 2838 3025 2839
f 2839 3025 3174
f 3176 3177 3175
f 3175 3177 3178
f 3180 1125 3179
f 3179 1125 1128
f 3182 3183 3181
f 3181 3183 3184
f 1134 3185 1130
f 1130 3185 3182
f 3186 3187 3189
f 3189 3187 3188
f 3191 3189 3190
f 3190 3189 3188
f 1137 1122 3190
f 3190 1122 3192
f 3175 3178 3193
f 3193 3178 3194
f 3181 3184 3179
f 3179 3184 3195
f 3197 3198 3196
f 3196 3198 3180
f 3200 3178 3199
f 3199 3178 3177
f 3202 3196 3201
f 3201 3196 3195
f 3204 3184 3203
f 3203 3184 3183
f 3206 3207 3205
f 3205 3207 3186
f 3205 3186 3208
f 3208 3186 3189
f 3209 3208 3191
f 3191 3208 3189
f 3210 3194 3200
f 3200 3194 3178
f 3201 3195 3204
f 3204 3195 3184
f 3197 3211 3177
f 3177 3211 3199
f 3213 3214 3212
f 3212 3214 3215
f 3217 3218 3216
f 3216 3218 3219
f 3221 3222 3220
f 3220 3222 3223
f 3225 3226 3224
f 3224 3226 3227
f 3229 3230 3228
f 3228 3230 3231
f 3233 3234 3232
f 3232 3234 3235
f 3237 3238 3236
f 3236 3238 3239
f 3238 3240 3239
f 3239 3240 3241
f 3232 3235 3242
f 3242 3235 3243
f 3245 3246 3244
f 3244 3246 3247
f 3248 3249 3245
f 3245 3249 3246
f 3251 3252 3250
f 3250 3252 3253
f 3255 3252 3254
f 3254 3252 3251
f 3256 3257 3259
f 3259 3257 3258
f 3261 3262 3260
f 3260 3262 3263
f 3265 3263 3264
f 3264 3263 3262
f 3256 3259 3266
f 3266 3259 3267
f 3269 3270 3268
f 3268 3270 3271
f 3269 3272 3270
f 3270 3272 3273
f 3274 3275 3277
f 3277 3275 3276
f 3278 3279 3276
f 3276 3279 3277
f 3281 3282 3280
f 3280 3282 3283
f 3280 3284 3281
f 3281 3284 3285
f 3287 3288 3286
f 3286 3288 3289
f 3290 3291 3288
f 3288 3291 3289
f 3234 3218 3235
f 3235 3218 3217
f 3232 3292 3233
f 3233 3292 3293
f 3239 3294 3236
f 3236 3294 3219
f 3233 3293 3237
f 3237 3293 3295
f 3296 3294 3241
f 3241 3294 3239
f 3240 3238 3297
f 3297 3238 3298
f 3217 3216 3235
f 3235 3216 3243
f 3297 3299 3240
f 3240 3299 3242
f 3246 3300 3247
f 3247 3300 3223
f 3301 3302 3254
f 3254 3302 3244
f 3249 3303 3246
f 3246 3303 3300
f 3245 3304 3248
f 3248 3304 3292
f 3252 3221 3253
f 3253 3221 3220
f 3250 3248 3299
f 3299 3248 3292
f 3222 3221 3255
f 3255 3221 3252
f 3297 3301 3251
f 3251 3301 3254
f 3258 3214 3259
f 3259 3214 3213
f 3257 3256 3304
f 3304 3256 3305
f 3263 3306 3260
f 3260 3306 3215
f 3261 3257 3302
f 3302 3257 3304
f 3307 3306 3265
f 3265 3306 3263
f 3262 3301 3264
f 3264 3301 3308
f 3259 3213 3267
f 3267 3213 3212
f 3308 3309 3264
f 3264 3309 3266
f 3270 3310 3271
f 3271 3310 3231
f 3311 3312 3278
f 3278 3312 3268
f 3270 3273 3310
f 3310 3273 3313
f 3272 3269 3305
f 3305 3269 3314
f 3277 3229 3274
f 3274 3229 3228
f 3275 3272 3309
f 3309 3272 3305
f 3279 3230 3277
f 3277 3230 3229
f 3276 3308 3278
f 3278 3308 3311
f 3281 3315 3282
f 3282 3315 3227
f 3290 3316 3283
f 3283 3316 3317
f 3281 3285 3315
f 3315 3285 3318
f 3284 3280 3314
f 3314 3280 3319
f 3289 3225 3286
f 3286 3225 3224
f 3287 3284 3312
f 3284 3314 3312
f 3291 3226 3289
f 3289 3226 3225
f 3288 3311 3290
f 3290 3311 3316
f 3212 3215 3307
f 3307 3215 3306
f 3294 3296 3219
f 3219 3296 3216
f 3303 3220 3300
f 3300 3220 3223
f 3224 3227 3318
f 3318 3227 3315
f 3228 3231 3313
f 3313 3231 3310
f 3234 3233 3236
f 3236 3233 3237
f 3243 3241 3242
f 3242 3241 3240
f 3247 3255 3244
f 3244 3255 3254
f 3253 3249 3250
f 3250 3249 3248
f 3260 3258 3261
f 3261 3258 3257
f 3266 3267 3264
f 3264 3267 3265
f 3268 3271 3278
f 3278 3271 3279
f 3274 3273 3275
f 3275 3273 3272
f 3283 3282 3290
f 3290 3282 3291
f 3286 3285 3287
f 3287 3285 3284
f 3218 3234 3219
f 3219 3234 3236
f 3295 3298 3237
f 3237 3298 3238
f 3216 3296 3243
f 3243 3296 3241
f 3242 3299 3232
f 3232 3299 3292
f 3223 3222 3247
f 3247 3222 3255
f 3244 3302 3245
f 3245 3302 3304
f 3303 3249 3220
f 3220 3249 3253
f 3297 3251 3299
f 3299 3251 3250
f 3215 3214 3260
f 3260 3214 3258
f 3301 3262 3302
f 3302 3262 3261
f 3212 3307 3267
f 3267 3307 3265
f 3266 3309 3256
f 3256 3309 3305
f 3271 3231 3279
f 3279 3231 3230
f 3268 3312 3269
f 3269 3312 3314
f 3228 3313 3274
f 3274 3313 3273
f 3308 3276 3309
f 3309 3276 3275
f 3282 3227 3291
f 3291 3227 3226
f 3317 3319 3283
f 3283 3319 3280
f 3224 3318 3286
f 3286 3318 3285
f 3312 3311 3287
f 3311 3288 3287
f 3320 3321 3194
f 3194 3321 3193
f 1375 3321 1121
f 1121 3321 3322
f 3323 3324 3322
f 3322 3324 3192
f 3175 1124 3176
f 3176 1124 1123
f 3179 3195 3180
f 3180 3195 3196
f 3181 1131 3182
f 3182 1131 1130
f 3207 3185 3186
f 3186 3185 3187
f 1136 3188 1133
f 1133 3188 3187
f 3190 3188 1137
f 1137 3188 1136
f 3193 1159 3175
f 3175 1159 1124
f 3179 1128 3181
f 3181 1128 1131
f 1533 3198 1123
f 1123 3198 3176
f 3321 1375 3193
f 3193 1375 1159
f 3321 3320 3322
f 3322 3320 3323
f 1122 1121 3192
f 3192 1121 3322
f 3194 3210 3320
f 3320 3210 3325
f 3324 3323 3327
f 3327 3323 3326
f 3320 3325 3323
f 3323 3325 3326
f 3208 3328 3205
f 3205 3328 3329
f 3330 3206 3329
f 3329 3206 3205
f 3203 3331 3204
f 3204 3331 3332
f 3210 3333 3325
f 3325 3333 3334
f 3325 3334 3326
f 3326 3334 3335
f 3327 3326 3336
f 3336 3326 3335
f 3327 3209 3324
f 3324 3209 3191
f 3190 3192 3191
f 3191 3192 3324
f 3338 3339 3337
f 3337 3339 3340
f 3338 3341 3339
f 3339 3341 3342
f 3341 3343 3342
f 3342 3343 3344
f 3343 3345 3344
f 3344 3345 3346
f 3345 3347 3346
f 3346 3347 3348
f 3347 3349 3348
f 3348 3349 3350
f 3337 3340 3351
f 3351 3340 3352
f 3351 3352 3353
f 3353 3352 3354
f 3353 3354 3355
f 3355 3354 3356
f 3350 3349 3357
f 3357 3349 3358
f 3355 3356 3359
f 3359 3356 3360
f 3359 3360 3361
f 3361 3360 3362
f 3361 3362 3363
f 3363 3362 3364
f 3363 3364 3358
f 3358 3364 3357
f 3339 3342 3365
f 3365 3342 3366
f 3342 3344 3366
f 3366 3344 3367
f 3344 3346 3367
f 3367 3346 3368
f 3346 3348 3368
f 3368 3348 3369
f 3348 3350 3369
f 3369 3350 3370
f 3368 3369 3371
f 3371 3369 3372
f 3369 3370 3372
f 3372 3370 3373
f 3373 3374 3372
f 3372 3374 3375
f 3377 3378 3376
f 3376 3378 3379
f 3377 3375 3378
f 3378 3375 3374
f 3375 3380 3372
f 3372 3380 3371
f 3377 3381 3375
f 3375 3381 3380
f 3376 3382 3377
f 3377 3382 3381
f 3384 3385 3383
f 3383 3385 3386
f 3384 3383 3388
f 3388 3383 3387
f 3388 3387 3389
f 3389 3387 3390
f 3392 3385 3391
f 3391 3385 3384
f 3388 3393 3384
f 3384 3393 3391
f 3389 3394 3388
f 3388 3394 3393
f 3389 3395 3394
f 3394 3395 3396
f 3395 3389 3397
f 3397 3389 3390
f 3339 3365 3340
f 3340 3365 3398
f 3340 3398 3352
f 3352 3398 3399
f 3371 3400 3368
f 3368 3400 3367
f 3400 3401 3367
f 3367 3401 3366
f 3366 3401 3365
f 3365 3401 3402
f 3398 3365 3403
f 3403 3365 3402
f 3398 3403 3399
f 3399 3403 3404
f 3403 3405 3404
f 3404 3405 3406
f 3352 3399 3354
f 3354 3399 3407
f 3399 3404 3407
f 3407 3404 3408
f 3404 3406 3408
f 3408 3406 3409
f 3405 3410 3406
f 3406 3410 3411
f 3410 3412 3411
f 3411 3412 3413
f 3397 3414 3395
f 3395 3414 3415
f 3417 3415 3416
f 3416 3415 3412
f 3410 3418 3412
f 3412 3418 3416
f 3410 3405 3418
f 3418 3405 3419
f 3405 3403 3419
f 3419 3403 3402
f 3370 3350 3420
f 3420 3350 3357
f 3373 3370 3421
f 3421 3370 3420
f 3374 3373 3422
f 3422 3373 3421
f 3378 3374 3423
f 3423 3374 3422
f 3378 3423 3379
f 3379 3423 3424
f 3424 3425 3379
f 3379 3425 3386
f 3383 3426 3387
f 3387 3426 3427
f 3387 3427 3390
f 3390 3427 3428
f 3390 3428 3397
f 3397 3428 3429
f 3429 3430 3397
f 3397 3430 3414
f 3411 3413 3431
f 3431 3413 3432
f 3406 3411 3409
f 3409 3411 3431
f 3401 3400 3335
f 3335 3400 3336
f 3401 3335 3402
f 3402 3335 3334
f 3402 3334 3419
f 3419 3334 3333
f 3419 3333 3418
f 3418 3333 3433
f 3418 3433 3416
f 3416 3433 3434
f 3435 3417 3434
f 3434 3417 3416
f 3394 3396 3436
f 3436 3396 3437
f 3393 3394 3332
f 3332 3394 3436
f 3393 3332 3391
f 3391 3332 3331
f 3330 3392 3331
f 3331 3392 3391
f 3382 3329 3381
f 3381 3329 3328
f 3354 3407 3356
f 3356 3407 3438
f 3356 3438 3360
f 3360 3438 3439
f 3360 3439 3362
f 3362 3439 3440
f 3362 3440 3364
f 3364 3440 3441
f 3364 3441 3357
f 3357 3441 3420
f 3421 3420 3442
f 3442 3420 3441
f 3442 3441 3443
f 3443 3441 3440
f 3443 3440 3444
f 3444 3440 3439
f 3444 3439 3445
f 3445 3439 3438
f 3445 3438 3408
f 3408 3438 3407
f 3422 3421 3446
f 3446 3421 3442
f 3446 3442 3447
f 3447 3442 3443
f 3447 3443 3448
f 3448 3443 3444
f 3448 3444 3449
f 3449 3444 3445
f 3449 3445 3409
f 3409 3445 3408
f 3409 3431 3449
f 3449 3431 3450
f 3449 3450 3448
f 3448 3450 3451
f 3451 3452 3448
f 3448 3452 3447
f 3447 3452 3446
f 3446 3452 3453
f 3446 3453 3422
f 3422 3453 3423
f 3424 3423 3454
f 3454 3423 3453
f 3452 3455 3453
f 3453 3455 3454
f 3452 3451 3455
f 3455 3451 3456
f 3450 3457 3451
f 3451 3457 3456
f 3431 3432 3450
f 3450 3432 3457
f 3454 3458 3424
f 3424 3458 3425
f 3427 3426 3459
f 3459 3426 3460
f 3428 3427 3461
f 3461 3427 3459
f 3428 3461 3429
f 3429 3461 3462
f 3462 3463 3429
f 3429 3463 3430
f 3464 3465 3462
f 3462 3465 3463
f 3455 3466 3454
f 3454 3466 3458
f 3465 3464 3466
f 3466 3464 3467
f 3461 3459 3468
f 3468 3459 3469
f 3468 3469 3464
f 3464 3469 3467
f 3464 3462 3468
f 3468 3462 3461
f 3459 3460 3469
f 3469 3460 3467
f 3295 3351 3298
f 3298 3351 3353
f 3353 3355 3298
f 3298 3355 3297
f 3297 3355 3301
f 3301 3355 3359
f 3301 3359 3308
f 3308 3359 3361
f 3308 3361 3311
f 3311 3361 3363
f 3311 3363 3316
f 3316 3363 3358
f 3316 3358 3317
f 3317 3358 3349
f 3349 3347 3317
f 3317 3347 3319
f 3347 3345 3319
f 3319 3345 3314
f 3345 3343 3314
f 3314 3343 3305
f 3343 3341 3305
f 3305 3341 3304
f 3304 3341 3292
f 3292 3341 3338
f 3292 3338 3293
f 3293 3338 3337
f 3293 3337 3295
f 3295 3337 3351
f 3437 3202 3436
f 3436 3202 3201
f 3436 3201 3332
f 3332 3201 3204
f 3433 3200 3434
f 3434 3200 3199
f 3211 3435 3199
f 3199 3435 3434
f 3333 3210 3433
f 3433 3210 3200
f 3380 3470 3371
f 3400 3371 3336
f 3336 3371 3470
f 3381 3328 3380
f 3380 3328 3470
f 3470 3328 3209
f 3209 3328 3208
f 3336 3470 3327
f 3327 3470 3209
f 1545 1763 1546
f 1546 1763 1762
f 1403 1546 773
f 773 1546 770
f 1221 3013 1220
f 1220 3013 3471
f 1305 2877 1306
f 1306 2877 2879
f 1220 3471 828
f 828 3471 829
f 1217 1754 3472
f 3472 1754 1756
f 1049 3473 1048
f 1048 3473 3474
f 1371 1179 3473
f 3473 1179 3474
f 1074 3475 1179
f 1179 3475 3474
f 3474 3475 1048
f 1048 3475 1056
f 919 666 1345
f 1345 666 665
f 856 680 919
f 919 680 666
f 679 680 1449
f 1449 680 858
f 1367 878 1500
f 1500 878 877
f 1366 908 1367
f 1367 908 878
f 1512 916 1513
f 1513 916 915
f 947 1368 948
f 948 1368 1369
f 1047 1021 1044
f 1044 1021 1020
f 1370 1049 1019
f 1019 1049 1020
f 1173 1030 1174
f 1174 1030 1033
f 3126 1188 1464
f 1464 1188 1187
f 1800 1451 1512
f 1512 1451 916
f 1175 1174 1186
f 1186 1174 1187
f 1030 1173 1047
f 1047 1173 1021
f 1513 915 3476
f 3476 915 1481
f 1345 665 3477
f 3477 665 1483
f 1502 1501 876
f 876 1501 877
f 1205 1451 1803
f 1803 1451 1802
f 3479 2832 3478
f 3478 2832 2831
f 1449 858 2927
f 2927 858 2922
f 908 1366 947
f 947 1366 1368
f 949 948 3126
f 3126 948 1188
f 3480 3135 1502
f 1502 3135 1501
f 2927 2922 3157
f 3157 2922 3152
f 3477 1483 3479
f 3479 1483 2832
f 1803 1802 3151
f 3151 1802 3152
f 663 658 664
f 664 658 657
f 655 658 939
f 939 658 706
f 1512 870 1800
f 1800 870 869
f 875 874 876
f 876 874 873
f 849 874 905
f 905 874 958
f 949 962 946
f 946 962 961
f 978 3126 979
f 979 3126 1464
f 1031 1168 1032
f 1032 1168 1022
f 1045 1013 1046
f 1046 1013 1012
f 1045 1044 1056
f 1056 1044 1048
f 1047 1046 1030
f 1030 1046 1031
f 939 706 940
f 940 706 1450
f 979 1464 1032
f 1032 1464 1033
f 3480 1478 3476
f 3476 1478 3134
f 2829 1487 2830
f 2830 1487 1486
f 848 1230 873
f 873 1230 1479
f 867 870 933
f 933 870 1514
f 1800 869 1801
f 1801 869 1799
f 2830 1486 1325
f 1325 1486 2833
f 940 1450 2925
f 2925 1450 2928
f 946 961 907
f 907 961 958
f 959 962 977
f 977 962 978
f 3476 3134 1513
f 1513 3134 1514
f 2925 2928 3155
f 3155 2928 3158
f 1325 2833 656
f 656 2833 657
f 1801 1799 3157
f 3157 1799 3158
f 1074 1055 3475
f 3475 1055 1056
f 1371 3473 1370
f 1370 3473 1049
f 2884 615 3481
f 3481 615 618
f 3478 2831 2846
f 2846 2831 617
f 2831 1484 617
f 617 1484 618
f 1484 1487 618
f 618 1487 3481
f 2848 3481 2829
f 2829 3481 1487
f 1480 1517 1161
f 1161 1517 1162
f 3129 1323 1455
f 1455 1323 1322
f 3129 3134 1323
f 1323 3134 1478
f 1535 3173 1515
f 1515 3173 1516
f 3085 3095 3137
f 3137 3095 3094
f 3137 3094 3138
f 3138 3094 3104
f 3117 3139 3105
f 3105 3139 3106
f 1138 1141 3127
f 3127 1141 3128
f 3081 3131 1264
f 1264 3131 3130
f 1227 1226 3132
f 3132 1226 3133
f 1264 3130 1229
f 1229 3130 1322
f 1160 1501 1161
f 1161 1501 3135
f 1141 1476 3128
f 3128 1476 3136
f 1226 1163 3133
f 3133 1163 1162
f 1363 1138 1515
f 1515 1138 3127
f 3084 3095 3081
f 3081 3095 3131
f 3089 884 3105
f 3105 884 3140
f 884 883 3140
f 3140 883 3141
f 883 3482 3141
f 3141 3482 3142
f 3476 1481 3480
f 3480 1481 3135
f 1502 1479 3480
f 3480 1479 1478
f 3168 463 440
f 714 1880 715
f 715 1880 2905
f 896 732 2970
f 2970 732 731
f 1263 834 3082
f 3082 834 833
f 898 1231 853
f 853 1231 854
f 3125 890 2931
f 2931 890 889
f 1237 893 2851
f 2851 893 892
f 898 853 899
f 899 853 963
f 988 987 989
f 989 987 986
f 1002 1007 1003
f 1003 1007 1006
f 1038 1036 1007
f 1007 1036 1004
f 1070 1052 1005
f 1005 1052 1006
f 1069 1067 1070
f 1070 1067 1052
f 1130 1129 1134
f 1134 1129 1135
f 879 1167 880
f 880 1167 1166
f 1171 1169 1037
f 1037 1169 1038
f 1085 1180 1069
f 1069 1180 1067
f 1209 1210 879
f 879 1210 1167
f 2885 1215 1754
f 1754 1215 1214
f 1263 855 834
f 834 855 854
f 708 1244 1826
f 1826 1244 1243
f 2909 894 1254
f 1254 894 893
f 1228 1361 964
f 964 1361 1360
f 2908 2907 1436
f 1436 2907 1437
f 2990 1440 2991
f 2991 1440 1439
f 964 1360 965
f 965 1360 1454
f 950 1457 951
f 951 1457 1456
f 970 1463 971
f 971 1463 1462
f 1025 1169 984
f 984 1169 986
f 1084 1097 1469
f 1469 1097 1470
f 1096 1115 1474
f 1474 1115 1475
f 1140 1361 1141
f 1141 1361 1476
f 1212 1495 2828
f 2828 1495 1494
f 880 1166 1452
f 1452 1166 1499
f 715 2905 1504
f 1504 2905 2906
f 954 1519 955
f 955 1519 1518
f 1026 1520 992
f 992 1520 1518
f 1029 1520 1043
f 1043 1520 1521
f 997 1522 1040
f 1040 1522 1521
f 1015 1522 1016
f 1016 1522 1523
f 1523 996 1524
f 1524 996 1062
f 1057 1060 1525
f 1525 1060 1524
f 1094 1528 1082
f 1082 1528 1527
f 1526 1528 1089
f 1089 1528 1529
f 1090 1531 1108
f 1108 1531 1530
f 1125 1533 1126
f 1126 1533 1532
f 3483 1755 727
f 727 1755 1214
f 735 1814 707
f 707 1814 1813
f 2891 1834 1246
f 1246 1834 1243
f 2904 1881 1847
f 1847 1881 1848
f 1852 1855 1853
f 1853 1855 1858
f 1902 2903 1877
f 1877 2903 1878
f 2903 2904 1878
f 1878 2904 1847
f 714 713 1848
f 1848 713 1849
f 1440 2990 1883
f 1883 2990 2989
f 1883 2989 1852
f 1852 2989 1855
f 2895 1888 2892
f 2892 1888 1887
f 774 777 1877
f 1877 777 1903
f 1251 2835 1252
f 1252 2835 2834
f 1213 2844 1212
f 1212 2844 1495
f 2851 892 1213
f 1213 892 2844
f 3123 2911 3124
f 3124 2911 2910
f 887 2929 888
f 888 2929 889
f 1435 2963 1436
f 1436 2963 2961
f 1253 1438 1254
f 1254 1438 1437
f 2970 731 735
f 735 731 1814
f 733 732 2885
f 2885 732 1215
f 2901 2902 2976
f 2976 2902 2977
f 2975 2982 2976
f 2976 2982 2979
f 2899 2900 2981
f 2981 2900 2979
f 2899 2981 2898
f 2898 2981 2983
f 2986 2985 2984
f 2984 2985 2983
f 2897 2985 2896
f 2896 2985 2988
f 2991 1439 2987
f 2987 1439 2988
f 777 2978 1903
f 1903 2978 2977
f 1885 1888 1858
f 1858 1888 1853
f 3090 3088 836
f 836 3088 833
f 3083 3088 3097
f 3097 3088 3096
f 3097 3096 3104
f 3104 3096 3106
f 3111 3116 3108
f 3108 3116 3109
f 3112 3111 3114
f 3114 3111 3108
f 3113 3122 3114
f 3114 3122 3115
f 891 890 2837
f 2837 890 2834
f 951 1456 954
f 954 1456 1519
f 967 1457 936
f 936 1457 1454
f 971 1462 902
f 902 1462 963
f 1461 1463 988
f 988 1463 987
f 1466 1468 1474
f 1474 1468 1470
f 1089 1529 1090
f 1090 1529 1531
f 1184 1181 1469
f 1469 1181 1180
f 1082 1527 1061
f 1061 1527 1525
f 1129 1473 1135
f 1135 1473 1475
f 1108 1530 1105
f 1105 1530 1532
f 1452 1499 3132
f 3132 1499 3136
f 3109 3116 3139
f 3139 3116 3138
f 2912 2911 887
f 887 2911 2929
f 2836 2835 1497
f 1497 2835 1494
f 2913 3102 2910
f 2910 3102 3115
f 1133 3187 1134
f 1134 3187 3185
f 3177 3176 3197
f 3197 3176 3198
f 3203 3183 3206
f 3206 3183 3207
f 3196 3202 3197
f 3197 3202 3211
f 3183 3182 3207
f 3207 3182 3185
f 1125 3180 1533
f 1533 3180 3198
f 3331 3203 3330
f 3330 3203 3206
f 3376 3379 3385
f 3385 3379 3386
f 3382 3376 3392
f 3392 3376 3385
f 3412 3415 3413
f 3413 3415 3414
f 3417 3396 3415
f 3415 3396 3395
f 3383 3386 3426
f 3426 3386 3425
f 3413 3414 3432
f 3432 3414 3430
f 3437 3396 3435
f 3435 3396 3417
f 3329 3382 3330
f 3330 3382 3392
f 3426 3425 3460
f 3460 3425 3458
f 3432 3430 3457
f 3457 3430 3463
f 3457 3463 3456
f 3456 3463 3465
f 3460 3458 3467
f 3467 3458 3466
f 3466 3455 3465
f 3465 3455 3456
f 3202 3437 3211
f 3211 3437 3435
f 3104 3106 3138
f 3138 3106 3139
f 3132 3136 1227
f 1227 3136 1476
f 943 687 600
f 600 687 601
f 596 625 667
f 667 625 1297
f 687 686 601
f 601 686 653
f 1319 784 711
f 711 784 712
f 1811 607 783
f 783 607 712
f 862 921 917
f 917 921 920
f 3478 925 3479
f 3479 925 924
f 2846 926 3478
f 3478 926 925
f 659 662 929
f 929 662 930
f 856 921 857
f 857 921 1204
f 1206 864 1207
f 1207 864 863
f 2876 1219 2877
f 2877 1219 1218
f 667 1297 593
f 593 1297 1296
f 917 920 1333
f 1333 920 1346
f 686 693 653
f 653 693 930
f 1277 913 1498
f 1498 913 1207
f 592 1536 610
f 610 1536 711
f 864 1206 1805
f 1805 1206 1804
f 1317 1536 1900
f 1900 1536 1809
f 1900 1809 1295
f 1295 1809 1296
f 3479 924 3477
f 3477 924 2824
f 927 926 1203
f 1203 926 2847
f 3484 2859 3032
f 3032 2859 3033
f 3472 2878 1217
f 1217 2878 1218
f 2889 2888 2880
f 2880 2888 2881
f 2886 2883 2887
f 2887 2883 2882
f 929 928 2847
f 2847 928 1203
f 857 1204 2921
f 2921 1204 2926
f 1820 1819 2882
f 2882 1819 2881
f 1821 2883 2876
f 2876 2883 1219
f 782 2889 783
f 783 2889 2880
f 1352 3034 1353
f 1353 3034 3033
f 3031 3034 3041
f 3041 3034 3043
f 944 943 3043
f 3043 943 600
f 1339 3145 1498
f 1498 3145 3143
f 1208 882 3148
f 3148 882 3143
f 2921 2926 3151
f 3151 2926 3156
f 3477 2824 1345
f 1345 2824 1346
f 1805 1804 3154
f 3154 1804 3156
f 886 3103 883
f 883 3103 3482
f 841 1248 3485
f 3485 1248 3121
f 2811 2819 2812
f 2812 2819 2816
f 2818 2815 2817
f 2817 2815 2806
f 2817 2816 2818
f 2818 2816 2819
f 2793 2795 2819
f 2819 2795 2818
f 243 352 2793
f 2793 352 2795
f 242 353 243
f 243 353 352
f 359 191 242
f 242 191 353
f 247 192 359
f 359 192 191
f 157 193 247
f 247 193 192
f 156 194 157
f 157 194 193
f 378 261 156
f 156 261 194
f 378 381 261
f 261 381 195
f 195 381 196
f 196 381 376
f 196 376 198
f 198 376 375
f 375 1776 198
f 198 1776 197
f 1776 1767 197
f 197 1767 274
f 181 274 199
f 199 274 1767
f 568 566 564
f 564 566 563
f 568 569 566
f 566 569 567
f 501 1773 1771
f 1771 1773 578
f 547 579 1773
f 1773 579 578
f 3486 470 474
f 474 470 469
f 450 582 3487
f 3487 582 3488
f 582 583 3488
f 3488 583 3489
f 583 584 3489
f 3489 584 3490
f 3490 584 3491
f 3491 584 543
f 470 3486 466
f 466 3486 467
f 3489 3490 503
f 503 3490 504
f 503 3492 3489
f 3489 3492 3488
f 3492 503 3493
f 3493 503 502
f 3495 3492 3494
f 3494 3492 3493
f 3487 3488 3495
f 3495 3488 3492
f 468 1774 465
f 465 1774 570
f 3494 3493 1775
f 1775 3493 1771
f 3490 3491 504
f 504 3491 1772
f 3491 543 1772
f 1772 543 548
f 450 3487 474
f 474 3487 3486
f 3495 467 3487
f 3487 467 3486
f 3494 468 3495
f 3495 468 467
f 468 3494 1774
f 1774 3494 1775
f 501 1771 502
f 502 1771 3493
f 527 366 384
f 384 366 365
f 522 524 527
f 527 524 366
f 521 534 522
f 522 534 524
f 530 535 521
f 521 535 534
f 508 486 513
f 513 486 532
f 513 532 541
f 541 532 535
f 667 668 596
f 596 668 597
f 1294 1297 624
f 624 1297 625
f 603 641 604
f 604 641 640
f 1290 1293 650
f 650 1293 651
f 1758 691 660
f 660 691 661
f 602 671 599
f 599 671 670
f 654 662 690
f 690 662 661
f 2856 598 695
f 695 598 597
f 602 654 671
f 671 654 690
f 604 640 676
f 676 640 704
f 1826 1829 708
f 708 1829 709
f 1288 1284 740
f 740 1284 741
f 755 754 758
f 758 754 759
f 2853 2856 932
f 932 2856 695
f 689 691 1192
f 1192 691 1193
f 784 1319 1240
f 1240 1319 1241
f 1813 1816 1244
f 1244 1816 1245
f 754 1288 759
f 759 1288 740
f 1894 1242 1318
f 1318 1242 1241
f 2867 1348 1418
f 1418 1348 1347
f 676 704 673
f 673 704 1347
f 1284 1287 741
f 741 1287 1419
f 1421 1426 1422
f 1422 1426 1425
f 1758 660 615
f 615 660 616
f 1192 1191 1421
f 1421 1191 1426
f 2962 1839 1504
f 1504 1839 1505
f 941 1194 1759
f 1759 1194 1193
f 1287 1537 1419
f 1419 1537 1760
f 1882 2893 1823
f 1823 2893 1824
f 1886 1891 1827
f 1827 1891 1828
f 1887 1886 1834
f 1834 1886 1827
f 1841 716 1838
f 1838 716 1505
f 782 784 1850
f 1850 784 1240
f 1239 1242 1863
f 1863 1242 1864
f 1242 1894 1864
f 1864 1894 1873
f 1822 1239 1823
f 1823 1239 1863
f 1318 1317 1895
f 1895 1317 1900
f 1894 1896 1873
f 1873 1896 1897
f 1291 1896 1292
f 1292 1896 1895
f 605 1898 606
f 606 1898 1897
f 1258 1257 2854
f 2854 1257 2855
f 1257 1351 2855
f 2855 1351 2857
f 1351 1353 2857
f 2857 1353 2858
f 1353 3033 2858
f 2858 3033 2859
f 2860 2861 3036
f 3036 2861 3037
f 2862 2863 2870
f 2870 2863 3039
f 2870 2869 2862
f 2862 2869 2864
f 2868 2865 2869
f 2869 2865 2864
f 1764 2866 2868
f 2868 2866 2865
f 1537 1199 1760
f 1760 1199 1348
f 615 2884 1758
f 1758 2884 1759
f 1825 1246 2890
f 2890 1246 1245
f 2893 2892 1824
f 1824 2892 2891
f 761 2960 758
f 758 2960 2906
f 3000 2943 2940
f 2940 2943 2941
f 2968 710 2950
f 2950 710 709
f 1764 1423 2866
f 2866 1423 2953
f 1423 645 2953
f 2953 645 2954
f 645 644 2954
f 2954 644 2955
f 644 738 2955
f 2955 738 2956
f 738 764 2956
f 2956 764 2957
f 764 763 2957
f 2957 763 2958
f 763 2908 2958
f 2958 2908 2959
f 2908 1436 2959
f 2959 1436 2961
f 1837 2964 1435
f 1435 2964 2963
f 1837 2937 2964
f 2964 2937 2965
f 2936 2968 2966
f 2966 2968 2950
f 1840 2942 1838
f 1838 2942 2941
f 2939 2949 2940
f 2940 2949 3006
f 2939 2942 2966
f 2966 2942 2965
f 1822 1825 1850
f 1850 1825 2890
f 1891 3005 1828
f 1828 3005 3006
f 3035 3038 3045
f 3045 3038 3042
f 3045 3044 3035
f 3035 3044 3040
f 669 1422 3045
f 3045 1422 3044
f 599 670 3041
f 3041 670 3042
f 931 3067 932
f 932 3067 3065
f 2853 3066 2854
f 2854 3066 3076
f 3067 3496 3065
f 3065 3496 3497
f 3066 3498 3076
f 3076 3498 3499
f 707 1813 708
f 708 1813 1244
f 2960 2962 2906
f 2906 2962 1504
f 2892 1887 2891
f 2891 1887 1834
f 1839 2962 2963
f 2963 2962 2961
f 595 626 596
f 596 626 625
f 623 626 3484
f 3484 626 2859
f 1291 1290 606
f 606 1290 603
f 1290 650 603
f 603 650 641
f 641 650 642
f 642 650 649
f 2860 2863 649
f 649 2863 642
f 3036 3039 2860
f 2860 3039 2863
f 3035 3040 3036
f 3036 3040 3039
f 1294 1293 1295
f 1295 1293 1292
f 624 651 1294
f 1294 651 1293
f 623 652 624
f 624 652 651
f 3484 2861 623
f 623 2861 652
f 3032 3037 3484
f 3484 3037 2861
f 3031 3038 3032
f 3032 3038 3037
f 3481 2848 2884
f 2884 2848 942
f 2846 617 1427
f 1427 617 616
f 3049 3167 3048
f 3048 3167 3500
f 1906 3048 3070
f 3070 3048 3500
f 1337 1768 3501
f 3501 1768 3502
f 3020 3503 3021
f 3021 3503 3024
f 2914 3023 3020
f 3020 3023 3503
f 859 1770 860
f 860 1770 3504
f 1336 3505 1768
f 1768 3505 3502
f 3065 3497 3066
f 3066 3497 3498
f 2814 3075 3067
f 3067 3075 3496
f 2839 3174 766
f 766 3174 3017
f 1337 3501 1338
f 1338 3501 1769
f 767 3018 3026
f 3026 3018 3506
f 3076 3499 3064
f 3064 3499 3507
f 727 730 3483
f 3483 730 3030
f 3064 3507 2871
f 2871 3507 3077
f 3100 3160 1786
f 1786 3160 1784
f 3026 3506 752
f 752 3506 3015
f 860 3504 2923
f 2923 3504 3508
f 753 3016 3027
f 3027 3016 3509
f 3027 3509 3008
f 3008 3509 3028
f 1782 1785 1783
f 1783 1785 3022
f 2923 3508 3153
f 3153 3508 3161
f 3148 3149 1208
f 1208 3149 3150
f 1335 1328 3510
f 3510 1328 1327
f 1336 1335 3505
f 3505 1335 3510
f 866 3511 1340
f 1340 3511 3146
f 865 1808 866
f 866 1808 3511
f 842 841 3159
f 3159 841 3485
f 2849 3512 1329
f 1329 3512 1326
f 1202 1331 2849
f 2849 1331 3512
f 3514 3515 3513
f 3513 3515 3516
f 3518 3516 3517
f 3517 3516 3515
f 3519 3520 3514
f 3514 3520 3515
f 3522 3523 3521
f 3521 3523 3524
f 3526 3527 3525
f 3525 3527 3528
f 3530 3531 3529
f 3529 3531 3532
f 3534 3535 3533
f 3533 3535 3536
f 3529 3532 3537
f 3537 3532 3538
f 3537 3539 3529
f 3529 3539 3540
f 3542 3543 3541
f 3541 3543 3544
f 3546 3547 3545
f 3545 3547 3548
f 3550 3534 3549
f 3549 3534 3533
f 3550 3543 3551
f 3551 3543 3552
f 3537 3545 3539
f 3539 3545 3548
f 3553 3554 3556
f 3556 3554 3555
f 3537 3557 3545
f 3545 3557 3546
f 3558 3559 3561
f 3561 3559 3560
f 3563 3564 3562
f 3562 3564 3565
f 3564 3563 3566
f 3566 3563 3567
f 3569 3570 3568
f 3568 3570 3571
f 3573 3574 3572
f 3572 3574 3575
f 3577 3578 3576
f 3576 3578 3579
f 3581 3582 3580
f 3580 3582 3583
f 3585 3586 3584
f 3584 3586 3579
f 3586 3587 3579
f 3579 3587 3576
f 3589 3590 3588
f 3588 3590 3591
f 3592 3593 3595
f 3595 3593 3594
f 3597 3598 3596
f 3596 3598 3595
f 3583 3600 3599
f 3599 3600 3601
f 3603 3599 3602
f 3602 3599 3601
f 3605 3606 3604
f 3604 3606 3607
f 3608 3555 3596
f 3596 3555 3554
f 3597 3610 3609
f 3609 3610 3565
f 3564 3611 3565
f 3565 3611 3609
f 3611 3564 3612
f 3612 3564 3566
f 3613 3614 3569
f 3569 3614 3570
f 3615 3616 3573
f 3573 3616 3574
f 3517 3617 3518
f 3518 3617 3618
f 3620 3621 3619
f 3619 3621 3622
f 3624 3625 3623
f 3623 3625 3626
f 3628 3629 3627
f 3627 3629 3630
f 3632 3633 3631
f 3631 3633 3634
f 3636 3637 3635
f 3635 3637 3638
f 3640 3641 3639
f 3639 3641 3642
f 3643 3644 3639
f 3639 3644 3640
f 3646 3513 3645
f 3645 3513 3647
f 3648 3514 3646
f 3646 3514 3513
f 3649 3519 3648
f 3648 3519 3514
f 3650 3651 3527
f 3527 3651 3652
f 3654 3651 3653
f 3653 3651 3650
f 3568 3571 3655
f 3655 3571 3656
f 3657 3658 3653
f 3653 3658 3659
f 3661 3662 3660
f 3660 3662 3658
f 3664 3665 3663
f 3663 3665 3666
f 3667 3657 3650
f 3650 3657 3653
f 3669 3523 3668
f 3668 3523 3670
f 3672 3673 3671
f 3671 3673 3674
f 3676 3677 3675
f 3675 3677 3678
f 3671 3674 3676
f 3676 3674 3677
f 3680 3681 3679
f 3679 3681 3682
f 3683 3684 3680
f 3680 3684 3681
f 3685 3686 3661
f 3661 3686 3662
f 3686 3687 3662
f 3662 3687 3688
f 3684 3683 3689
f 3689 3683 3690
f 3692 3693 3691
f 3691 3693 3694
f 3691 3694 3695
f 3695 3694 3696
f 3698 3699 3697
f 3697 3699 3700
f 3702 3703 3701
f 3701 3703 3704
f 3705 3706 3519
f 3519 3706 3520
f 3673 3672 3707
f 3707 3672 3708
f 3709 3710 3682
f 3682 3710 3679
f 3711 3712 3692
f 3692 3712 3693
f 3714 3715 3713
f 3713 3715 3716
f 3718 3700 3717
f 3717 3700 3699
f 3720 3721 3719
f 3719 3721 3722
f 3724 3725 3723
f 3723 3725 3726
f 3727 3728 3730
f 3730 3728 3729
f 3722 3721 3731
f 3731 3721 3732
f 3697 3700 3733
f 3733 3700 3714
f 3733 3714 3734
f 3734 3714 3713
f 3721 3723 3732
f 3732 3723 3735
f 3720 3736 3724
f 3724 3736 3737
f 3700 3718 3714
f 3714 3718 3715
f 3717 3699 3738
f 3738 3699 3739
f 3536 3740 3533
f 3533 3740 3540
f 3742 3743 3741
f 3741 3743 3744
f 3746 3747 3745
f 3745 3747 3748
f 3750 3751 3749
f 3749 3751 3752
f 3627 3632 3628
f 3628 3632 3631
f 3754 3755 3753
f 3753 3755 3626
f 3562 3565 3756
f 3756 3565 3610
f 3527 3652 3528
f 3528 3652 3757
f 3758 3524 3669
f 3669 3524 3523
f 3582 3598 3583
f 3583 3598 3600
f 3759 3670 3522
f 3522 3670 3523
f 3675 3678 3760
f 3760 3678 3761
f 3762 3763 3690
f 3690 3763 3689
f 3765 3766 3764
f 3764 3766 3767
f 3768 3739 3698
f 3698 3739 3699
f 3726 3725 3770
f 3770 3725 3769
f 3645 3647 3771
f 3771 3647 3772
f 3645 3678 3646
f 3646 3678 3677
f 3646 3677 3648
f 3648 3677 3674
f 3673 3649 3674
f 3674 3649 3648
f 3707 3773 3673
f 3673 3773 3649
f 3775 3776 3774
f 3774 3776 3777
f 3779 3526 3778
f 3778 3526 3525
f 3526 3779 3667
f 3667 3779 3780
f 3780 3781 3667
f 3667 3781 3657
f 3672 3679 3708
f 3708 3679 3710
f 3671 3680 3672
f 3672 3680 3679
f 3676 3683 3671
f 3671 3683 3680
f 3675 3690 3676
f 3676 3690 3683
f 3760 3762 3675
f 3675 3762 3690
f 3682 3681 3783
f 3783 3681 3782
f 3689 3784 3684
f 3684 3784 3785
f 3684 3785 3681
f 3681 3785 3782
f 3786 3709 3783
f 3783 3709 3682
f 3784 3689 3787
f 3787 3689 3763
f 3789 3557 3788
f 3788 3557 3790
f 3792 3793 3791
f 3791 3793 3794
f 3616 3615 3795
f 3795 3615 3796
f 3797 3798 3727
f 3727 3798 3728
f 3800 3801 3799
f 3799 3801 3802
f 3803 3578 3592
f 3592 3578 3593
f 3805 3806 3804
f 3804 3806 3807
f 3599 3603 3585
f 3585 3603 3586
f 3587 3586 3604
f 3604 3586 3603
f 3588 3591 3794
f 3794 3591 3791
f 3581 3803 3582
f 3582 3803 3592
f 3594 3561 3608
f 3608 3561 3790
f 3662 3688 3808
f 3808 3688 3809
f 3665 3664 3810
f 3810 3664 3811
f 3719 3812 3720
f 3720 3812 3736
f 3717 3813 3718
f 3718 3813 3737
f 3723 3721 3724
f 3724 3721 3720
f 3813 3717 3814
f 3814 3717 3738
f 3815 3816 303
f 303 3816 304
f 3818 3819 3817
f 3817 3819 3820
f 3578 3803 3579
f 3579 3803 3584
f 3558 3593 3577
f 3577 3593 3578
f 3822 3823 3821
f 3821 3823 3824
f 3546 3826 3825
f 3825 3826 3827
f 3828 3829 3547
f 3547 3829 3541
f 3831 3542 3830
f 3830 3542 3832
f 3834 3822 3833
f 3833 3822 3821
f 3835 3836 3827
f 3827 3836 3825
f 3800 3799 3828
f 3828 3799 3829
f 3830 3832 3837
f 3837 3832 3838
f 331 330 3551
f 3551 330 3839
f 3831 333 3552
f 3552 333 332
f 3819 3797 3841
f 3841 3797 3840
f 3513 3516 3647
f 3647 3516 3746
f 337 336 3745
f 3745 336 3772
f 3525 3528 3775
f 3775 3528 3749
f 3610 3597 3554
f 3554 3597 3596
f 3706 3702 3520
f 3520 3702 3701
f 3756 3610 3553
f 3553 3610 3554
f 3757 3750 3528
f 3528 3750 3749
f 3517 3515 3701
f 3701 3515 3520
f 3842 3584 3581
f 3581 3584 3803
f 3525 3775 3778
f 3778 3775 3774
f 3638 3843 3635
f 3635 3843 3618
f 3617 3621 3618
f 3618 3621 3635
f 3617 3517 3704
f 3704 3517 3701
f 3521 3624 3522
f 3522 3624 3623
f 3749 3844 3775
f 3775 3844 3776
f 3846 3847 3845
f 3845 3847 3848
f 3843 3747 3618
f 3618 3747 3518
f 3850 3851 3849
f 3849 3851 3748
f 3853 3854 3852
f 3852 3854 3855
f 3856 3857 3622
f 3622 3857 3619
f 3859 3860 3858
f 3858 3860 3861
f 3862 3844 3752
f 3752 3844 3749
f 3863 3759 3623
f 3623 3759 3522
f 3864 3777 3630
f 3630 3777 3776
f 3713 3865 3734
f 3734 3865 3866
f 3868 3869 3867
f 3867 3869 3870
f 3872 3873 3871
f 3871 3873 3874
f 3876 3877 3875
f 3875 3877 3878
f 3879 3880 3878
f 3878 3880 3881
f 3882 3883 3885
f 3885 3883 3884
f 3780 3886 3781
f 3781 3886 3887
f 3888 3685 3869
f 3869 3685 3661
f 3880 3879 3883
f 3883 3879 3884
f 3693 3783 3694
f 3694 3783 3782
f 3696 3785 3764
f 3764 3785 3784
f 3694 3782 3696
f 3696 3782 3785
f 3693 3786 3783
f 3787 3765 3784
f 3784 3765 3764
f 386 385 3765
f 3765 385 3766
f 3695 3889 3691
f 3691 3889 3890
f 3691 3890 3692
f 3692 3890 3891
f 3892 3711 3891
f 3891 3711 3692
f 3767 3893 3695
f 3695 3893 3889
f 3766 3894 3767
f 3767 3894 3893
f 3882 3885 3895
f 3895 3885 3896
f 3898 3698 3897
f 3897 3698 3697
f 3897 3697 3899
f 3899 3697 3733
f 3899 3733 3900
f 3900 3733 3734
f 3901 3768 3898
f 3898 3768 3698
f 3901 3902 3768
f 3768 3902 3903
f 3904 3905 3907
f 3907 3905 3906
f 3869 3661 3870
f 3870 3661 3660
f 3908 3909 3896
f 3896 3909 3895
f 3909 3758 3895
f 3895 3758 3669
f 3751 3531 3752
f 3752 3531 3848
f 3858 3536 3854
f 3854 3536 3535
f 3652 3562 3757
f 3757 3562 3756
f 3651 3654 3563
f 3563 3654 3567
f 3655 3656 3808
f 3808 3656 3659
f 3530 3740 3845
f 3845 3740 3861
f 3751 3750 3556
f 3556 3750 3553
f 3817 3820 3796
f 3796 3820 3795
f 410 409 3910
f 3910 409 3855
f 3750 3757 3553
f 3553 3757 3756
f 3908 3886 3909
f 3909 3886 3780
f 409 411 3855
f 3855 411 3851
f 413 412 3760
f 3760 412 3762
f 415 414 3763
f 3763 414 3787
f 3790 3557 3538
f 3538 3557 3537
f 3555 3608 3538
f 3538 3608 3790
f 3574 3911 3575
f 3575 3911 3912
f 3535 3534 3910
f 3910 3534 3839
f 3831 3552 3542
f 3542 3552 3543
f 3534 3550 3839
f 3839 3550 3551
f 3543 3550 3544
f 3544 3550 3549
f 3913 3914 3916
f 3916 3914 3915
f 3806 3805 3589
f 3589 3805 3590
f 3849 3843 3917
f 3917 3843 3638
f 3853 3644 3859
f 3859 3644 3742
f 3747 3746 3518
f 3518 3746 3516
f 3695 3696 3767
f 3767 3696 3764
f 3903 3918 3768
f 3768 3918 3739
f 3738 3739 3816
f 3816 3739 3918
f 3919 3920 3769
f 3769 3920 3770
f 3921 3726 3922
f 3922 3726 3770
f 3678 3645 3761
f 3761 3645 3771
f 3924 3913 3923
f 3923 3913 3916
f 3802 3925 3838
f 3838 3925 3837
f 3577 3926 3558
f 3558 3926 3559
f 3815 3919 3814
f 3814 3919 3769
f 3927 3928 3822
f 3822 3928 3823
f 3829 3832 3541
f 3541 3832 3542
f 3834 3927 3822
f 3832 3829 3838
f 3838 3829 3799
f 3745 3772 3746
f 3746 3772 3647
f 3849 3748 3843
f 3843 3748 3747
f 3854 3853 3858
f 3858 3853 3859
f 3854 3535 3855
f 3855 3535 3910
f 3557 3789 3546
f 3546 3789 3826
f 3923 3823 3924
f 3924 3823 3928
f 3823 3923 3929
f 3929 3923 3930
f 3531 3751 3532
f 3532 3751 3556
f 3532 3556 3538
f 3538 3556 3555
f 3932 3634 3931
f 3931 3634 3633
f 3814 3769 3813
f 3813 3769 3725
f 3620 3636 3621
f 3621 3636 3635
f 3847 3862 3848
f 3848 3862 3752
f 3531 3530 3848
f 3848 3530 3845
f 3933 3934 3830
f 3830 3934 3831
f 3925 3933 3837
f 3837 3933 3830
f 3934 440 3831
f 3831 440 333
f 3925 3802 3833
f 3833 3802 3801
f 3776 3844 3630
f 3630 3844 3627
f 3808 3659 3662
f 3662 3659 3658
f 3667 3650 3526
f 3526 3650 3527
f 3935 3666 3936
f 3936 3666 3665
f 3718 3737 3715
f 3715 3737 3736
f 3663 3809 3664
f 3664 3809 3688
f 3807 3806 3938
f 3938 3806 3937
f 445 413 3761
f 3761 413 3760
f 3902 447 3903
f 3903 447 446
f 3897 3890 3898
f 3898 3890 3889
f 3899 3891 3897
f 3897 3891 3890
f 3898 3889 3901
f 3901 3889 3893
f 3893 3894 3901
f 3901 3894 3902
f 414 386 3787
f 3787 386 3765
f 3940 3941 3939
f 3939 3941 3942
f 3840 3797 3943
f 3943 3797 3727
f 3665 3810 3936
f 3936 3810 3944
f 3921 3735 3726
f 3726 3735 3723
f 3920 3945 3770
f 3770 3945 3922
f 3521 3524 3774
f 3774 3524 3778
f 3864 3946 3625
f 3625 3946 3947
f 3773 3705 3649
f 3649 3705 3519
f 3779 3778 3758
f 3758 3778 3524
f 3812 3716 3736
f 3736 3716 3715
f 3624 3521 3777
f 3777 3521 3774
f 3703 3856 3704
f 3704 3856 3622
f 3900 3892 3899
f 3899 3892 3891
f 3641 3917 3642
f 3642 3917 3948
f 3895 3669 3882
f 3882 3669 3668
f 3855 3851 3852
f 3852 3851 3850
f 3894 458 3902
f 3902 458 447
f 3781 3887 3660
f 3660 3887 3870
f 3570 3566 3571
f 3571 3566 3567
f 3950 3576 3949
f 3949 3576 3587
f 3605 3602 3614
f 3614 3602 3612
f 3614 3612 3570
f 3570 3612 3566
f 3571 3567 3656
f 3656 3567 3654
f 3660 3658 3781
f 3781 3658 3657
f 3604 3607 3587
f 3587 3607 3949
f 3653 3659 3654
f 3654 3659 3656
f 3529 3540 3530
f 3530 3540 3740
f 3687 3811 3688
f 3688 3811 3664
f 3813 3725 3737
f 3737 3725 3724
f 3919 3815 461
f 461 3815 303
f 3818 3798 3819
f 3819 3798 3797
f 3819 3841 3820
f 3820 3841 3951
f 3816 3815 3738
f 3738 3815 3814
f 3540 3539 3533
f 3533 3539 3549
f 3548 3547 3544
f 3544 3547 3541
f 3539 3548 3549
f 3549 3548 3544
f 3741 3931 3860
f 3860 3931 3846
f 3801 3800 3835
f 3835 3800 3836
f 3934 3933 3824
f 3824 3933 3821
f 3825 3828 3546
f 3546 3828 3547
f 3833 3821 3925
f 3925 3821 3933
f 3800 3828 3836
f 3836 3828 3825
f 3824 3952 3934
f 3934 3952 440
f 3860 3846 3861
f 3861 3846 3845
f 3629 3946 3630
f 3630 3946 3864
f 3740 3536 3861
f 3861 3536 3858
f 3833 3801 3834
f 3834 3801 3835
f 3583 3599 3580
f 3580 3599 3585
f 3651 3563 3652
f 3652 3563 3562
f 3758 3909 3779
f 3779 3909 3780
f 3621 3617 3622
f 3622 3617 3704
f 3625 3947 3626
f 3626 3947 3753
f 3633 3632 3847
f 3847 3632 3862
f 3852 3850 3640
f 3640 3850 3641
f 3644 3853 3640
f 3640 3853 3852
f 3859 3742 3860
f 3860 3742 3741
f 3632 3627 3862
f 3862 3627 3844
f 3755 3863 3626
f 3626 3863 3623
f 3917 3638 3948
f 3948 3638 3637
f 3644 3643 3742
f 3742 3643 3743
f 3931 3633 3846
f 3846 3633 3847
f 3625 3624 3864
f 3864 3624 3777
f 3917 3641 3849
f 3849 3641 3850
f 3744 3932 3741
f 3741 3932 3931
f 3903 446 3918
f 3918 446 464
f 3953 3954 3956
f 3956 3954 3955
f 3958 3959 3957
f 3957 3959 3960
f 3876 3958 3877
f 3877 3958 3957
f 3877 3957 3961
f 3961 3957 3962
f 3963 3964 3958
f 3958 3964 3959
f 3965 3966 3876
f 3876 3966 3958
f 3966 3963 3958
f 3966 3967 3963
f 3963 3967 3968
f 3878 3877 3879
f 3879 3877 3961
f 3967 3969 3968
f 3968 3969 3970
f 3969 3971 3970
f 3970 3971 3972
f 3974 3904 3973
f 3973 3904 3907
f 3971 3975 3972
f 3972 3975 3976
f 3976 3975 3978
f 3978 3975 3977
f 3979 3980 3977
f 3977 3980 3978
f 3981 3982 3979
f 3979 3982 3980
f 3983 3984 3981
f 3981 3984 3982
f 3972 3985 3970
f 3970 3985 3986
f 3871 3987 3969
f 3969 3987 3971
f 3872 3871 3967
f 3967 3871 3969
f 3965 3872 3966
f 3966 3872 3967
f 3970 3986 3968
f 3968 3986 3988
f 3879 3961 3884
f 3884 3961 3940
f 3884 3940 3885
f 3885 3940 3939
f 3989 3990 3992
f 3992 3990 3991
f 3942 3993 3995
f 3995 3993 3994
f 3994 3996 3995
f 3995 3996 3974
f 3997 3998 3994
f 3994 3998 3996
f 3999 3997 3993
f 3993 3997 3994
f 4001 3996 4000
f 4000 3996 3998
f 4000 3998 4002
f 4002 3998 4003
f 4004 4003 3997
f 3997 4003 3998
f 3997 3999 4004
f 4004 3999 4005
f 4006 3995 3973
f 3973 3995 3974
f 3939 3942 4006
f 4006 3942 3995
f 3906 3887 3907
f 3907 3887 3886
f 3887 3906 3870
f 3870 3906 3867
f 3908 3973 3886
f 3886 3973 3907
f 3865 4007 3866
f 3866 4007 4008
f 3984 3983 4009
f 4009 3983 4010
f 3961 3962 3940
f 3940 3962 3941
f 4012 3868 4011
f 4011 3868 3867
f 4013 3975 3987
f 3987 3975 3971
f 4014 3977 4013
f 4013 3977 3975
f 4015 4010 4007
f 4007 4010 3983
f 4007 3983 4008
f 4008 3983 3981
f 4008 3981 4016
f 4016 3981 3979
f 4017 3984 4018
f 4018 3984 4009
f 3977 4014 3979
f 3979 4014 4016
f 3982 3984 4019
f 4019 3984 4017
f 4021 4022 4020
f 4020 4022 4023
f 4022 4012 4023
f 4023 4012 4011
f 4023 3904 4020
f 4020 3904 3974
f 4024 4025 4018
f 4018 4025 4017
f 4026 4027 4024
f 4024 4027 4025
f 4028 4026 4029
f 4029 4026 4024
f 4018 4021 4024
f 4024 4021 4029
f 4030 4031 4026
f 4026 4031 4027
f 4032 4030 4028
f 4028 4030 4026
f 4029 4001 4028
f 4028 4001 4000
f 4028 4000 4032
f 4032 4000 4002
f 4034 4035 4033
f 4033 4035 4036
f 4037 4038 4019
f 4019 4038 4039
f 4041 4039 4040
f 4040 4039 4038
f 4040 4038 4042
f 4042 4038 4036
f 4042 4036 4043
f 4043 4036 4035
f 3985 4044 4046
f 4046 4044 4045
f 4047 4048 4045
f 4045 4048 4046
f 4047 4049 4048
f 4048 4049 4050
f 4042 4047 4040
f 4040 4047 4045
f 4043 4049 4042
f 4042 4049 4047
f 4040 4045 4041
f 4041 4045 4044
f 4052 3959 4051
f 4051 3959 3964
f 4053 4054 4051
f 4051 4054 4055
f 3956 3960 4052
f 4052 3960 3959
f 3953 3956 4056
f 4056 3956 4052
f 4058 3953 4057
f 4057 3953 4056
f 4060 4061 4059
f 4059 4061 4062
f 4063 4064 4054
f 4054 4064 4057
f 4054 4053 4063
f 4063 4053 4065
f 4066 4067 4069
f 4069 4067 4068
f 4048 4050 4063
f 4063 4050 4064
f 4063 4065 4048
f 4048 4065 4046
f 3985 4046 3986
f 3986 4046 4065
f 3986 4065 3988
f 3988 4065 4053
f 3988 4053 3964
f 3964 4053 4051
f 3976 3978 4044
f 4044 3978 4041
f 3980 3982 4039
f 4039 3982 4019
f 4039 4041 3980
f 3980 4041 3978
f 3973 3908 4006
f 4006 3908 3896
f 3885 3939 3896
f 3896 3939 4006
f 4031 4034 4027
f 4027 4034 4033
f 4027 4033 4025
f 4025 4033 4037
f 4019 4017 4037
f 4037 4017 4025
f 3993 3942 4070
f 4070 3942 3941
f 3999 3993 4071
f 4071 3993 4070
f 3999 4071 4005
f 4005 4071 4072
f 4073 4074 4076
f 4076 4074 4075
f 4078 4079 4077
f 4077 4079 4080
f 4082 4080 4081
f 4081 4080 4079
f 4084 4085 4083
f 4083 4085 4086
f 4087 4088 4090
f 4090 4088 4089
f 4092 4093 4091
f 4091 4093 4094
f 4096 4097 4095
f 4095 4097 4098
f 4100 4101 4099
f 4099 4101 4102
f 4103 4104 4106
f 4106 4104 4105
f 4108 4109 4107
f 4107 4109 4110
f 4112 4113 4111
f 4111 4113 4114
f 4116 4117 4115
f 4115 4117 4118
f 4120 4121 4119
f 4119 4121 4122
f 4123 4124 4126
f 4126 4124 4125
f 4127 4128 4130
f 4130 4128 4129
f 4132 4133 4131
f 4131 4133 4134
f 4136 4108 4135
f 4135 4108 4107
f 4138 4139 4137
f 4137 4139 4140
f 4141 4142 4088
f 4088 4142 4089
f 4144 4145 4143
f 4143 4145 4146
f 4148 4149 4147
f 4147 4149 4150
f 4152 4153 4151
f 4151 4153 4154
f 4156 4082 4155
f 4155 4082 4081
f 4157 4158 4160
f 4160 4158 4159
f 4161 4162 4164
f 4164 4162 4163
f 4166 4122 4165
f 4165 4122 4121
f 4168 4152 4167
f 4167 4152 4151
f 4169 4170 4172
f 4172 4170 4171
f 4174 4175 4173
f 4173 4175 4176
f 4178 4149 4177
f 4177 4149 4179
f 4173 4176 4180
f 4180 4176 4181
f 4156 4085 4182
f 4182 4085 4183
f 4182 4184 4156
f 4156 4184 4082
f 4185 4186 4184
f 4184 4186 4187
f 4186 4188 4187
f 4187 4188 4189
f 4190 4191 4073
f 4073 4191 4074
f 4177 4179 4158
f 4158 4179 4159
f 4193 4127 4192
f 4192 4127 4130
f 4144 4194 4151
f 4151 4194 4167
f 4196 4197 4195
f 4195 4197 4198
f 4095 4199 4096
f 4096 4199 4200
f 4201 4202 4204
f 4204 4202 4203
f 4205 4206 4208
f 4208 4206 4207
f 4121 4120 4209
f 4209 4120 4210
f 4212 4213 4211
f 4211 4213 4214
f 4216 4217 4215
f 4215 4217 4218
f 4220 4221 4219
f 4219 4221 4222
f 4224 4196 4223
f 4223 4196 4195
f 4225 4226 4134
f 4134 4226 4131
f 4228 4229 4227
f 4227 4229 4230
f 4232 4233 4231
f 4231 4233 4098
f 4235 4236 4234
f 4234 4236 4237
f 4239 4240 4238
f 4238 4240 4241
f 4242 4243 4245
f 4245 4243 4244
f 4246 4247 4249
f 4249 4247 4248
f 4251 4252 4250
f 4250 4252 4253
f 4255 4256 4254
f 4254 4256 4257
f 4259 4260 4258
f 4258 4260 4261
f 4263 4264 4262
f 4262 4264 4265
f 4267 4268 4266
f 4266 4268 4269
f 4271 4199 4270
f 4270 4199 4272
f 4273 4274 4276
f 4276 4274 4275
f 4115 4118 4277
f 4277 4118 4278
f 4280 4281 4279
f 4279 4281 4282
f 4211 4283 4212
f 4212 4283 4284
f 4286 4287 4285
f 4285 4287 4288
f 4165 4121 4289
f 4289 4121 4209
f 4291 4286 4290
f 4290 4286 4285
f 4293 4294 4292
f 4292 4294 4295
f 4297 4298 4296
f 4296 4298 4299
f 4301 4302 4300
f 4300 4302 4303
f 4299 4304 4296
f 4296 4304 4305
f 4306 4292 4307
f 4307 4292 4295
f 4307 4308 4306
f 4306 4308 4309
f 4310 4309 4075
f 4075 4309 4308
f 4299 4298 4312
f 4312 4298 4311
f 4302 4301 4293
f 4293 4301 4294
f 3735 3921 4313
f 4313 3921 4314
f 4315 4314 3922
f 3922 4314 3921
f 4316 3945 829
f 829 3945 830
f 4289 4317 4165
f 4165 4317 4318
f 4320 4321 4319
f 4319 4321 4322
f 4324 4325 4323
f 4323 4325 4326
f 4327 4328 4330
f 4330 4328 4329
f 4290 4331 4291
f 4291 4331 4332
f 4165 4318 4166
f 4166 4318 4333
f 4334 4335 4337
f 4337 4335 4336
f 4339 4340 4338
f 4338 4340 4341
f 4168 4343 4342
f 4342 4343 4344
f 4346 4347 4345
f 4345 4347 4348
f 4350 4351 4349
f 4349 4351 4352
f 4354 4355 4353
f 4353 4355 4356
f 4357 4358 4324
f 4324 4358 4325
f 4337 4359 4334
f 4334 4359 4360
f 4362 4363 4361
f 4361 4363 4364
f 4366 4367 4365
f 4365 4367 4368
f 4369 4370 4372
f 4372 4370 4371
f 4331 4290 4374
f 4374 4290 4373
f 4373 4376 4375
f 4375 4376 4377
f 4379 4380 4378
f 4378 4380 4381
f 4217 4382 4218
f 4218 4382 4383
f 4385 4386 4384
f 4384 4386 4387
f 4388 4389 4338
f 4338 4389 4390
f 4337 4336 4392
f 4392 4336 4391
f 4394 4362 4393
f 4393 4362 4361
f 4396 4397 4395
f 4395 4397 4398
f 4400 4401 4399
f 4399 4401 4402
f 4345 4403 4346
f 4346 4403 4404
f 4405 4406 4342
f 4342 4406 4407
f 4409 4410 4408
f 4408 4410 4411
f 4408 4412 4409
f 4409 4412 4413
f 4181 4415 4414
f 4414 4415 4416
f 4182 4183 4417
f 4417 4183 4418
f 4419 4353 4311
f 4311 4353 4312
f 4421 4422 4420
f 4420 4422 4423
f 4353 4356 4312
f 4312 4356 4424
f 4166 4333 4425
f 4425 4333 4426
f 4425 4143 4166
f 4166 4143 4122
f 4427 4107 4428
f 4428 4107 4110
f 4429 4430 4174
f 4174 4430 4175
f 4335 4431 4336
f 4336 4431 4390
f 4336 4390 4391
f 4391 4390 4389
f 4432 4433 4435
f 4435 4433 4434
f 4437 4438 4436
f 4436 4438 4439
f 4441 4442 4440
f 4440 4442 4443
f 4359 4444 4361
f 4361 4444 4393
f 4446 4447 4445
f 4445 4447 4448
f 4338 4341 4388
f 4388 4341 4449
f 4450 4451 4398
f 4398 4451 4395
f 4453 4454 4452
f 4452 4454 4455
f 4457 4458 4456
f 4456 4458 4459
f 4460 4461 4448
f 4448 4461 4445
f 4463 4464 4462
f 4462 4464 4465
f 4462 4465 4466
f 4466 4465 4467
f 4468 4469 4467
f 4467 4469 4466
f 4469 4468 4470
f 4470 4468 4471
f 4472 4473 4471
f 4471 4473 4470
f 4475 4476 4474
f 4474 4476 4477
f 4479 4480 4478
f 4478 4480 4481
f 4483 4484 4482
f 4482 4484 4485
f 4487 4488 4486
f 4486 4488 4489
f 4491 4492 4490
f 4490 4492 4493
f 4494 4495 4493
f 4493 4495 4490
f 4496 4497 4494
f 4494 4497 4495
f 4497 4496 4498
f 4498 4496 4499
f 4500 4501 4503
f 4503 4501 4502
f 4505 4506 4504
f 4504 4506 4507
f 4466 4508 4462
f 4462 4508 4509
f 4470 4510 4469
f 4469 4510 4511
f 4513 4479 4512
f 4512 4479 4478
f 4515 4443 4514
f 4514 4443 4442
f 4516 4517 4519
f 4519 4517 4518
f 4521 4495 4520
f 4520 4495 4497
f 4522 4490 4521
f 4521 4490 4495
f 4491 4523 4488
f 4488 4523 4524
f 4525 4489 4524
f 4524 4489 4488
f 4484 4526 4485
f 4485 4526 4527
f 4503 4528 4500
f 4500 4528 4529
f 4530 4531 4533
f 4533 4531 4532
f 4535 4506 4534
f 4534 4506 4530
f 4486 4536 4487
f 4487 4536 4537
f 4487 4537 4492
f 4492 4537 4538
f 4494 4539 4496
f 4496 4539 4540
f 4542 4533 4541
f 4541 4533 4499
f 4544 4545 4543
f 4543 4545 4546
f 4548 4549 4547
f 4547 4549 4550
f 4536 4551 4537
f 4537 4551 4552
f 4537 4552 4538
f 4538 4552 4553
f 4554 4539 4556
f 4556 4539 4555
f 4557 4540 4554
f 4554 4540 4539
f 4559 4557 4558
f 4558 4557 4560
f 4540 4557 4541
f 4541 4557 4559
f 4562 4563 4561
f 4561 4563 4564
f 4546 4565 4543
f 4543 4565 4566
f 4547 4567 4548
f 4548 4567 4568
f 4570 4571 4569
f 4569 4571 4572
f 4574 4575 4573
f 4573 4575 4576
f 4578 4579 4577
f 4577 4579 4580
f 4582 4583 4581
f 4581 4583 4584
f 4585 4586 4588
f 4588 4586 4587
f 4589 4585 4590
f 4590 4585 4588
f 4592 4593 4591
f 4591 4593 4594
f 4596 4597 4595
f 4595 4597 4598
f 4600 4601 4599
f 4599 4601 4602
f 4563 4604 4603
f 4603 4604 4605
f 4603 4606 4608
f 4608 4606 4607
f 4609 4610 4594
f 4594 4610 4591
f 4611 4612 4614
f 4614 4612 4613
f 4616 4617 4615
f 4615 4617 4618
f 4602 4620 4619
f 4619 4620 4621
f 4619 4622 4602
f 4602 4622 4599
f 4605 4599 4623
f 4623 4599 4622
f 4605 4623 4603
f 4603 4623 4606
f 4625 4626 4624
f 4624 4626 4627
f 4438 4437 4628
f 4628 4437 4629
f 4442 4441 4630
f 4630 4441 4631
f 4630 4632 4442
f 4442 4632 4514
f 4633 4634 4529
f 4529 4634 4500
f 4500 4634 4501
f 4501 4634 4635
f 4637 4546 4636
f 4636 4546 4545
f 4639 4565 4638
f 4638 4565 4640
f 4573 4576 4641
f 4641 4576 4642
f 4593 4643 4594
f 4594 4643 4644
f 4645 4609 4644
f 4644 4609 4594
f 4647 4648 4646
f 4646 4648 4649
f 4651 4652 4650
f 4650 4652 4653
f 4654 4498 4519
f 4519 4498 4532
f 4520 4508 4521
f 4521 4508 4511
f 4522 4510 4523
f 4523 4510 4655
f 4524 4656 4525
f 4525 4656 4657
f 4514 4529 4515
f 4515 4529 4528
f 4658 4659 4661
f 4661 4659 4660
f 4496 4540 4499
f 4499 4540 4541
f 4493 4555 4494
f 4494 4555 4539
f 4549 4483 4550
f 4550 4483 4482
f 4545 4544 4501
f 4501 4544 4502
f 4636 4545 4635
f 4635 4545 4501
f 4589 4663 4662
f 4662 4663 4664
f 4662 4665 4558
f 4558 4665 4559
f 4569 4586 4570
f 4570 4586 4560
f 4552 4666 4553
f 4553 4666 4667
f 4668 4669 4670
f 4670 4669 4666
f 4672 4673 4671
f 4671 4673 4674
f 4287 4675 4288
f 4288 4675 4676
f 4678 4679 4677
f 4677 4679 4680
f 4681 4678 4682
f 4682 4678 4677
f 4682 4683 4681
f 4681 4683 4684
f 4161 4164 4685
f 4685 4164 4686
f 4414 4687 4689
f 4689 4687 4688
f 4405 4690 4346
f 4346 4690 4347
f 4691 4399 4693
f 4693 4399 4692
f 1209 4694 4365
f 4365 4694 4366
f 4650 1211 4651
f 4651 1211 1210
f 4695 4696 4255
f 4255 4696 4256
f 4697 4698 4218
f 4218 4698 4215
f 4700 4701 4699
f 4699 4701 4702
f 4703 4704 4303
f 4303 4704 4300
f 4315 3922 4316
f 4316 3922 3945
f 4653 4706 4705
f 4705 4706 4707
f 4709 4710 4708
f 4708 4710 4711
f 4335 4334 4713
f 4713 4334 4712
f 4714 4340 4321
f 4321 4340 4322
f 4716 4717 4715
f 4715 4717 4718
f 4238 4241 4719
f 4719 4241 4720
f 4231 4721 4307
f 4307 4721 4308
f 4723 4724 4722
f 4722 4724 4725
f 4727 4728 4726
f 4726 4728 4729
f 4730 4731 4327
f 4327 4731 4328
f 4733 4734 4732
f 4732 4734 4735
f 4720 4381 4736
f 4736 4381 4737
f 4738 4739 4741
f 4741 4739 4740
f 4743 4744 4742
f 4742 4744 4745
f 4338 4390 4339
f 4339 4390 4431
f 4746 4747 4431
f 4431 4747 4339
f 4291 4332 4289
f 4289 4332 4317
f 4289 4209 4291
f 4291 4209 4286
f 4287 4286 4210
f 4210 4286 4209
f 4749 4750 4748
f 4748 4750 4751
f 4212 4284 4752
f 4752 4284 4753
f 4752 4754 4212
f 4212 4754 4213
f 4252 4251 4225
f 4225 4251 4226
f 4227 4230 4248
f 4248 4230 4249
f 4205 4755 4757
f 4757 4755 4756
f 4708 4711 4758
f 4758 4711 4647
f 4367 4366 4759
f 4759 4366 4760
f 4526 4513 4527
f 4527 4513 4512
f 4420 4423 4385
f 4385 4423 4386
f 4705 4761 4653
f 4653 4761 4650
f 4761 1279 4650
f 4650 1279 1211
f 4762 4763 3944
f 3944 4763 3936
f 4274 4273 4765
f 4765 4273 4764
f 4767 4768 4766
f 4766 4768 4769
f 4770 4771 4769
f 4769 4771 4766
f 4771 4770 4242
f 4242 4770 4243
f 4093 4163 4094
f 4094 4163 4162
f 4772 4773 4775
f 4775 4773 4774
f 4777 4778 4776
f 4776 4778 4779
f 4417 4185 4182
f 4182 4185 4184
f 4780 4078 4781
f 4781 4078 4077
f 4781 4077 4782
f 4782 4077 4189
f 4188 4783 4189
f 4189 4783 4782
f 4295 4232 4307
f 4307 4232 4231
f 4785 4786 4784
f 4784 4786 4787
f 4784 1307 4785
f 4785 1307 1306
f 4078 4780 4096
f 4096 4780 4097
f 4075 4074 4310
f 4310 4074 4788
f 4788 4074 4789
f 4789 4074 4191
f 4789 4191 4059
f 4059 4191 4790
f 4791 4277 4792
f 4792 4277 4278
f 3732 3735 4793
f 4793 3735 4313
f 4793 4794 3732
f 3732 4794 3731
f 4792 4795 4791
f 4791 4795 4796
f 4797 4798 4799
f 4799 4798 4724
f 4763 4800 3936
f 3936 4800 3935
f 4801 4062 3729
f 3729 4062 3730
f 4713 4712 4802
f 4802 4712 4803
f 4146 4804 4119
f 4119 4804 4805
f 4498 4654 4497
f 4497 4654 4520
f 4806 4807 1326
f 1326 4807 1327
f 4689 4688 1330
f 1330 4688 1331
f 4801 4789 4062
f 4062 4789 4059
f 3730 4062 4808
f 4808 4062 4061
f 4810 4811 4809
f 4809 4811 4812
f 4813 4403 4814
f 4814 4403 4345
f 4815 4816 4349
f 4349 4816 4350
f 4817 4818 4820
f 4820 4818 4819
f 4406 4821 4407
f 4407 4821 4822
f 4823 4161 4824
f 4824 4161 4685
f 4181 4414 4825
f 4825 4414 4689
f 4741 4740 4826
f 4826 4740 4827
f 4828 4829 4827
f 4827 4829 4826
f 4142 4141 4415
f 4415 4141 4148
f 4830 1354 4761
f 4761 1354 1279
f 4832 4833 4831
f 4831 4833 4834
f 4835 4836 4626
f 4626 4836 4421
f 4451 4709 4395
f 4395 4709 4708
f 4627 4420 4837
f 4837 4420 4385
f 4837 1365 4838
f 4838 1365 1364
f 4397 4396 4839
f 4839 4396 4840
f 4842 4628 4841
f 4841 4628 4629
f 4671 4674 4631
f 4631 4674 4630
f 4674 4659 4630
f 4630 4659 4632
f 4633 4632 4658
f 4658 4632 4659
f 4658 4504 4633
f 4633 4504 4634
f 4635 4634 4507
f 4507 4634 4504
f 4843 4636 4507
f 4507 4636 4635
f 4844 4637 4843
f 4843 4637 4636
f 4637 4844 4640
f 4640 4844 4664
f 4638 4663 4642
f 4642 4663 4845
f 4847 4643 4846
f 4846 4643 4641
f 4644 4848 4645
f 4645 4848 4849
f 4851 4852 4850
f 4850 4852 4853
f 4855 4856 4854
f 4854 4856 4857
f 4859 4860 4858
f 4858 4860 4857
f 4715 4718 4859
f 4859 4718 4860
f 4862 4863 4861
f 4861 4863 4864
f 4866 4867 4865
f 4865 4867 4868
f 4870 4871 4869
f 4869 4871 4872
f 4869 4872 4116
f 4116 4872 4117
f 4820 4819 4874
f 4874 4819 4873
f 4876 4877 4875
f 4875 4877 4878
f 4880 4881 4879
f 4879 4881 4882
f 4884 4885 4883
f 4883 4885 4886
f 4887 4888 4280
f 4280 4888 4281
f 4818 4817 4889
f 4889 4817 4890
f 4891 4193 4823
f 4823 4193 4192
f 4892 4893 4228
f 4228 4893 4229
f 4158 4157 4894
f 4894 4157 4895
f 4896 4897 4132
f 4132 4897 4133
f 4099 4683 4100
f 4100 4683 4682
f 4101 4100 4899
f 4899 4100 4898
f 4150 4106 4147
f 4147 4106 4900
f 4100 4682 4898
f 4898 4682 4677
f 4080 4082 4187
f 4187 4082 4184
f 4077 4080 4189
f 4189 4080 4187
f 4191 4190 4790
f 4790 4190 4901
f 4177 4158 4680
f 4680 4158 4894
f 4108 4136 4752
f 4752 4136 4754
f 4752 4753 4108
f 4108 4753 4109
f 4817 4902 4890
f 4890 4902 4903
f 4904 4905 4907
f 4907 4905 4906
f 4909 4910 4908
f 4908 4910 4911
f 4913 4914 4912
f 4912 4914 4915
f 4916 4917 4919
f 4919 4917 4918
f 4312 4424 4299
f 4299 4424 4304
f 4920 4921 4297
f 4297 4921 4298
f 4194 4922 4167
f 4167 4922 4923
f 4924 4400 4691
f 4691 4400 4399
f 4395 4708 4396
f 4396 4708 4758
f 4367 4925 4368
f 4368 4925 4926
f 4919 4918 4873
f 4873 4918 4874
f 4836 4927 4421
f 4421 4927 4422
f 4921 4928 4298
f 4298 4928 4311
f 4143 4146 4122
f 4122 4146 4119
f 4929 4930 4455
f 4455 4930 4452
f 4932 4933 4931
f 4931 4933 4934
f 4935 4936 4932
f 4932 4936 4933
f 4461 4460 4457
f 4457 4460 4458
f 4480 4479 4475
f 4475 4479 4476
f 4660 4673 4517
f 4517 4673 4937
f 4661 4505 4658
f 4658 4505 4504
f 4484 4483 4489
f 4489 4483 4486
f 4462 4509 4463
f 4463 4509 4518
f 4469 4511 4466
f 4466 4511 4508
f 4655 4473 4656
f 4656 4473 4477
f 4476 4657 4477
f 4477 4657 4656
f 4479 4513 4476
f 4476 4513 4657
f 4489 4525 4484
f 4484 4525 4526
f 4483 4549 4486
f 4486 4549 4536
f 4549 4548 4536
f 4536 4548 4551
f 4548 4568 4551
f 4551 4568 4670
f 4663 4589 4845
f 4845 4589 4590
f 4668 4577 4938
f 4938 4577 4580
f 4940 4938 4939
f 4939 4938 4941
f 4940 4942 4669
f 4669 4942 4943
f 4587 4582 4944
f 4944 4582 4581
f 4848 4847 4608
f 4608 4847 4564
f 4616 4945 4613
f 4613 4945 4598
f 4615 4946 4616
f 4616 4946 4945
f 4947 4939 4948
f 4948 4939 4946
f 4599 4605 4600
f 4600 4605 4604
f 4608 4607 4848
f 4848 4607 4849
f 4613 4612 4616
f 4616 4612 4617
f 4835 4949 4709
f 4709 4949 4710
f 4357 1477 4837
f 4837 1477 1365
f 4712 4950 4803
f 4803 4950 4951
f 4401 4952 4402
f 4402 4952 4953
f 4759 4760 4402
f 4402 4760 4399
f 4508 4520 4509
f 4509 4520 4654
f 4510 4522 4511
f 4511 4522 4521
f 4513 4526 4657
f 4657 4526 4525
f 4632 4633 4514
f 4514 4633 4529
f 4931 4934 4453
f 4453 4934 4454
f 4153 4954 4154
f 4154 4954 4955
f 4957 4958 4956
f 4956 4958 4959
f 4961 4962 4960
f 4960 4962 4963
f 4120 4964 4210
f 4210 4964 4965
f 4967 4968 4966
f 4966 4968 4969
f 4349 4692 4815
f 4815 4692 4970
f 4652 4971 4653
f 4653 4971 4706
f 4758 4647 4972
f 4972 4647 4646
f 4973 4363 4646
f 4646 4363 4972
f 4950 4360 4974
f 4974 4360 4364
f 4431 4335 4746
f 4746 4335 4713
f 4358 4714 4325
f 4325 4714 4321
f 4765 4764 4266
f 4266 4764 4975
f 4202 4976 4203
f 4203 4976 4977
f 4917 4978 4918
f 4918 4978 4979
f 4279 4282 4854
f 4854 4282 4269
f 4820 4880 4817
f 4817 4880 4902
f 4890 4903 4980
f 4980 4903 4886
f 4982 4983 4981
f 4981 4983 4123
f 4795 4851 4796
f 4796 4851 4850
f 4918 4979 4874
f 4874 4979 4881
f 4809 4404 4810
f 4810 4404 4403
f 4354 4985 4984
f 4984 4985 4986
f 1364 1516 4838
f 4838 1516 4987
f 4759 4988 4367
f 4367 4988 4925
f 4989 4990 4481
f 4481 4990 4478
f 4443 4515 4990
f 4990 4515 4991
f 4527 4512 4992
f 4992 4512 4991
f 4528 4503 4992
f 4992 4503 4993
f 4993 4994 4485
f 4485 4994 4482
f 4544 4995 4502
f 4502 4995 4994
f 4995 4996 4550
f 4550 4996 4547
f 4998 4999 4997
f 4997 4999 4566
f 4998 5000 4578
f 4578 5000 4579
f 5001 5002 4596
f 4596 5002 4597
f 5003 4591 5004
f 5004 4591 4610
f 4626 4421 4627
f 4627 4421 4420
f 4837 4838 4627
f 4627 4838 4624
f 4761 4705 4830
f 4830 4705 5005
f 4705 4707 5005
f 5005 4707 5006
f 4308 4721 4075
f 4075 4721 4076
f 5007 4200 4797
f 4797 4200 4798
f 4685 4686 5008
f 5008 4686 5009
f 4889 4890 5010
f 5010 4890 4980
f 4323 1541 4324
f 4324 1541 1540
f 4385 4384 4358
f 4358 4384 4714
f 4396 4758 4840
f 4840 4758 4972
f 4866 4852 5011
f 5011 4852 5012
f 5013 4260 4980
f 4980 4260 5010
f 4875 4878 5014
f 5014 4878 5015
f 5017 5018 5016
f 5016 5018 5019
f 5016 5019 5020
f 5020 5019 5021
f 5023 5024 5022
f 5022 5024 5025
f 5027 5028 5026
f 5026 5028 5029
f 5031 5032 5030
f 5030 5032 5033
f 5035 5036 5034
f 5034 5036 5037
f 5039 5040 5038
f 5038 5040 5041
f 5043 5044 5042
f 5042 5044 5045
f 5038 5046 5039
f 5039 5046 5047
f 5049 5050 5048
f 5048 5050 5051
f 5053 5054 5052
f 5052 5054 5055
f 5057 5024 5056
f 5056 5024 5058
f 5060 5061 5059
f 5059 5061 5062
f 5064 5065 5063
f 5063 5065 5066
f 5043 5050 5064
f 5064 5050 5065
f 5038 5041 5067
f 5067 5041 5068
f 5070 5071 5069
f 5069 5071 5072
f 5074 5075 5073
f 5073 5075 5076
f 5034 5077 5035
f 5035 5077 5078
f 5080 5081 5079
f 5079 5081 5082
f 5084 5085 5083
f 5083 5085 5086
f 5085 5084 5087
f 5087 5084 5088
f 5090 5091 5089
f 5089 5091 5092
f 5094 5095 5093
f 5093 5095 5096
f 5098 5099 5097
f 5097 5099 5100
f 5102 5103 5101
f 5101 5103 5104
f 5105 5106 5108
f 5108 5106 5107
f 5110 5111 5109
f 5109 5111 5112
f 5114 5094 5113
f 5113 5094 5093
f 5116 5117 5115
f 5115 5117 5118
f 5120 5121 5119
f 5119 5121 5122
f 5124 5125 5123
f 5123 5125 5126
f 5128 5129 5127
f 5127 5129 5130
f 5097 5131 5098
f 5098 5131 5132
f 5134 5135 5133
f 5133 5135 5122
f 5084 5125 5088
f 5088 5125 5136
f 5138 5139 5137
f 5137 5139 5140
f 5142 5102 5141
f 5141 5102 5101
f 5106 5143 5107
f 5107 5143 5144
f 5146 5147 5145
f 5145 5147 5148
f 5149 5150 5109
f 5109 5150 5110
f 5151 5110 5152
f 5152 5110 5150
f 4715 5140 4716
f 4716 5140 5139
f 5143 4870 5144
f 5144 4870 4869
f 4115 5146 4116
f 4116 5146 5145
f 4791 4796 5149
f 5149 4796 5150
f 4796 4850 5150
f 5150 4850 5152
f 4858 5142 4859
f 4859 5142 5141
f 5153 5154 5115
f 5115 5154 5105
f 5156 5157 5155
f 5155 5157 5158
f 5159 5160 5053
f 5053 5160 5054
f 5161 5162 5020
f 5020 5162 5068
f 5026 5029 5163
f 5163 5029 5021
f 5083 5086 5164
f 5164 5086 5165
f 5090 5167 5166
f 5166 5167 5168
f 5169 5170 5172
f 5172 5170 5171
f 5174 5175 5173
f 5173 5175 5176
f 5177 5109 5178
f 5178 5109 5112
f 5179 5180 5182
f 5182 5180 5181
f 5123 5126 5120
f 5120 5126 5121
f 5180 5167 5181
f 5181 5167 5183
f 5184 5185 5179
f 5179 5185 5180
f 5186 5149 5177
f 5177 5149 5109
f 4868 5184 4865
f 4865 5184 5179
f 5188 5189 5187
f 5187 5189 5190
f 4277 4791 5186
f 5186 4791 5149
f 5179 5182 4865
f 4865 5182 4853
f 5189 4862 5190
f 5190 4862 4861
f 5156 5075 5191
f 5191 5075 5192
f 5036 5035 5193
f 5193 5035 5194
f 5115 5118 5153
f 5153 5118 5195
f 5022 5025 5196
f 5196 5025 5197
f 5155 5158 5069
f 5069 5158 5062
f 5063 5066 5198
f 5198 5066 5199
f 5073 5076 5200
f 5200 5076 5072
f 5202 5131 5201
f 5201 5131 5203
f 5143 5106 5204
f 5204 5106 5205
f 5114 5113 5206
f 5206 5113 5127
f 5098 5132 5193
f 5193 5132 5195
f 5204 5207 5143
f 5143 5207 4870
f 5088 5136 5208
f 5208 5136 5092
f 5209 5210 5089
f 5089 5210 5183
f 5211 5018 5060
f 5060 5018 5061
f 5017 5040 5070
f 5070 5040 5071
f 5191 5160 5156
f 5156 5160 5157
f 5048 5028 5049
f 5049 5028 5058
f 5207 5204 4858
f 4858 5204 5142
f 4859 5141 4715
f 4715 5141 5140
f 5212 5162 5042
f 5042 5162 5051
f 5182 5152 4853
f 4853 5152 4850
f 5214 5134 5213
f 5213 5134 5133
f 5164 5165 5133
f 5133 5165 5213
f 5215 5216 5201
f 5201 5216 5217
f 5147 5218 5148
f 5148 5218 5219
f 5147 5177 5218
f 5218 5177 5178
f 5141 5101 5140
f 5140 5101 5137
f 5201 5217 5202
f 5202 5217 5104
f 5146 5186 5147
f 5147 5186 5177
f 4277 5186 4115
f 4115 5186 5146
f 5191 5192 5031
f 5031 5192 5032
f 5052 5055 5220
f 5220 5055 5197
f 4116 5145 4869
f 4869 5145 5144
f 5034 5037 5214
f 5214 5037 5134
f 5097 5100 5114
f 5114 5100 5094
f 5108 5107 5219
f 5219 5107 5148
f 5221 5135 5116
f 5116 5135 5117
f 5124 5111 5209
f 5209 5111 5210
f 5107 5144 5148
f 5148 5144 5145
f 5152 5182 5151
f 5151 5182 5181
f 5208 5222 5088
f 5088 5222 5087
f 5222 5208 5171
f 5171 5208 5172
f 5223 1756 4698
f 4698 1756 1755
f 4427 5224 4107
f 4107 5224 4135
f 4178 4679 5225
f 5225 4679 5226
f 5227 5228 4892
f 4892 5228 4893
f 5229 5230 4171
f 4171 5230 4172
f 4855 4268 4884
f 4884 4268 4885
f 4884 4871 4855
f 4855 4871 4856
f 4684 5231 4896
f 4896 5231 4897
f 4768 4767 5009
f 5009 4767 5008
f 5205 5154 5102
f 5102 5154 5103
f 5099 5098 5194
f 5194 5098 5193
f 5198 5199 5079
f 5079 5199 5033
f 5102 5142 5205
f 5205 5142 5204
f 5224 4427 4681
f 4681 4427 4678
f 3712 3711 5232
f 5232 3711 5233
f 3968 3988 3963
f 3963 3988 3964
f 3976 4044 3972
f 3972 4044 3985
f 4038 4037 4036
f 4036 4037 4033
f 4794 4762 3731
f 3731 4762 3944
f 3731 3944 3722
f 3722 3944 3810
f 3874 5234 5232
f 5232 5234 3712
f 3906 3905 3867
f 3867 3905 4011
f 3904 4023 3905
f 3905 4023 4011
f 3719 3722 3811
f 3811 3722 3810
f 3812 3719 3687
f 3687 3719 3811
f 3716 3812 3686
f 3686 3812 3687
f 3713 3716 3685
f 3685 3716 3686
f 4810 4403 5235
f 5235 4403 4813
f 4345 1770 4814
f 4814 1770 1769
f 4067 4066 4058
f 4058 4066 5236
f 4043 4068 4049
f 4049 4068 4050
f 4034 5237 3989
f 3989 5237 3990
f 4031 4030 4072
f 4072 4030 4005
f 4003 4004 4002
f 4002 4004 4032
f 4004 4005 4032
f 4032 4005 4030
f 4067 4064 4068
f 4068 4064 4050
f 4058 4057 4067
f 4067 4057 4064
f 4035 4034 5238
f 5238 4034 3989
f 5236 5239 4058
f 4058 5239 5240
f 5234 3874 5241
f 5241 3874 3873
f 5241 3873 3881
f 3881 3873 3878
f 4800 4763 4788
f 4788 4763 4310
f 4763 4762 4310
f 4310 4762 4309
f 4762 4794 4309
f 4309 4794 4306
f 4794 4793 4306
f 4306 4793 4292
f 4293 4313 4302
f 4302 4313 4314
f 4302 4314 4303
f 4303 4314 4315
f 4303 4315 4703
f 4703 4315 4316
f 4035 4069 4043
f 4043 4069 4068
f 4324 1540 4357
f 4357 1540 1477
f 5232 3987 3874
f 3874 3987 3871
f 3987 5232 4013
f 4013 5232 5233
f 4013 5233 4014
f 4014 5233 5242
f 3888 4015 3865
f 3865 4015 4007
f 3866 4008 5243
f 5243 4008 4016
f 3873 5244 3878
f 3878 5244 3875
f 3965 5244 3872
f 3872 5244 3873
f 3876 3875 3965
f 3965 3875 5244
f 5243 4016 5242
f 5242 4016 4014
f 5246 5247 5245
f 5245 5247 5248
f 3576 3950 3577
f 3577 3950 3926
f 3584 3842 3585
f 3585 3842 3580
f 5249 5247 1784
f 1784 5247 1785
f 5250 5251 5253
f 5253 5251 5252
f 5255 5252 5254
f 5254 5252 5256
f 5254 5256 5258
f 5258 5256 5257
f 5258 5257 5260
f 5260 5257 5259
f 4356 5261 4424
f 4424 5261 5259
f 4355 5262 4356
f 4356 5262 5261
f 4924 5264 5263
f 5263 5264 5265
f 4693 5266 4691
f 4691 5266 5267
f 4351 5268 4352
f 4352 5268 5269
f 1808 1807 4351
f 4351 1807 5268
f 3580 3842 3581
f 3799 3802 3838
f 4800 4788 4801
f 4801 4788 4789
f 3729 3935 4801
f 4801 3935 4800
f 3728 3666 3729
f 3729 3666 3935
f 3728 3798 3666
f 3666 3798 3663
f 3798 3818 3663
f 3663 3818 3809
f 3818 3817 3809
f 3809 3817 3808
f 3796 3655 3817
f 3817 3655 3808
f 3615 3568 3796
f 3796 3568 3655
f 3573 3569 3615
f 3615 3569 3568
f 3572 3613 3573
f 3573 3613 3569
f 3792 3606 3572
f 3572 3606 3613
f 3607 3791 3949
f 3949 3791 3591
f 3590 3950 3591
f 3591 3950 3949
f 3805 3926 3590
f 3590 3926 3950
f 3804 3559 3805
f 3805 3559 3926
f 3804 3914 3559
f 3559 3914 3560
f 3924 3789 3913
f 3913 3789 3788
f 3924 3928 3789
f 3789 3928 3826
f 3928 3927 3826
f 3826 3927 3827
f 3927 3834 3827
f 3827 3834 3835
f 4079 4078 5270
f 5270 4078 5007
f 5271 5272 4233
f 4233 5272 5273
f 5275 5276 5274
f 5274 5276 5277
f 5278 5279 4236
f 4236 5279 4237
f 5278 5280 5271
f 5271 5280 5272
f 4235 5281 4236
f 4236 5281 5282
f 5284 5285 5283
f 5283 5285 5286
f 5288 5289 5287
f 5287 5289 5290
f 5292 5293 5291
f 5291 5293 5294
f 5287 5290 4726
f 4726 5290 5295
f 4293 4292 4313
f 4313 4292 4793
f 4720 4736 4719
f 4719 4736 5296
f 5297 4909 5298
f 5298 4909 4908
f 5299 5300 4976
f 4976 5300 5301
f 5302 4202 5303
f 5303 4202 4201
f 5304 5305 4983
f 4983 5305 5306
f 5308 5309 5307
f 5307 5309 5310
f 4722 4725 5283
f 5283 4725 5311
f 5291 5294 4125
f 4125 5294 4126
f 5313 5314 5312
f 5312 5314 5315
f 5316 5317 5319
f 5319 5317 5318
f 5321 5308 5320
f 5320 5308 5307
f 4819 4981 4873
f 4873 4981 5322
f 4981 4123 5322
f 5322 4123 4126
f 5324 5325 5323
f 5323 5325 5326
f 4764 5327 4975
f 4975 5327 5328
f 4172 5327 4169
f 4169 5327 5329
f 4768 4171 4769
f 4769 4171 4170
f 4243 4755 4244
f 4244 4755 5330
f 4755 4205 5330
f 5330 4205 4208
f 4206 4906 4207
f 4207 4906 4905
f 4686 5014 5009
f 5009 5014 5229
f 4756 4770 4170
f 4170 4770 4769
f 4170 4169 4756
f 4756 4169 4757
f 4273 5329 4764
f 4764 5329 5327
f 4276 5331 4273
f 4273 5331 5329
f 4770 4756 4243
f 4243 4756 4755
f 5333 4889 5332
f 5332 4889 5010
f 4877 5332 4878
f 4878 5332 4259
f 4875 4164 4876
f 4876 4164 4163
f 5334 5335 5324
f 5324 5335 5325
f 4983 5306 4123
f 4123 5306 4124
f 4818 4982 4819
f 4819 4982 4981
f 5332 5010 4259
f 4259 5010 4260
f 5014 4686 4875
f 4875 4686 4164
f 4171 4768 5229
f 5229 4768 5009
f 5337 4916 5336
f 5336 4916 4919
f 5293 5337 5294
f 5294 5337 5336
f 4982 4818 5333
f 5333 4818 4889
f 5338 5339 4262
f 4262 5339 5340
f 5307 5310 5338
f 5338 5310 5339
f 5341 5342 4204
f 4204 5342 5309
f 5336 4919 5322
f 5322 4919 4873
f 5294 5336 4126
f 4126 5336 5322
f 5323 5326 5343
f 5343 5326 5286
f 4914 5344 4915
f 4915 5344 5345
f 5312 5315 5344
f 5344 5315 5345
f 5347 5348 5346
f 5346 5348 5349
f 5350 5351 4832
f 4832 5351 4833
f 5352 5353 5349
f 5349 5353 5346
f 5354 5338 4265
f 4265 5338 4262
f 5320 5307 5354
f 5354 5307 5338
f 4201 5308 5303
f 5303 5308 5321
f 5356 5357 5355
f 5355 5357 4799
f 5358 5359 5334
f 5334 5359 5335
f 5358 5360 4093
f 4093 5360 4163
f 5360 5305 4163
f 4163 5305 4876
f 5305 5304 4876
f 4876 5304 4877
f 5270 4778 4079
f 4079 4778 4081
f 4779 5361 4774
f 4774 5361 5357
f 5356 5359 4775
f 4775 5359 4092
f 5333 5304 4982
f 4982 5304 4983
f 5332 4877 5333
f 5333 4877 5304
f 5015 4258 5230
f 5230 4258 5328
f 5327 4172 5328
f 5328 4172 5230
f 4169 5329 4757
f 4757 5329 5331
f 4757 5331 4205
f 4205 5331 4206
f 5331 4276 4206
f 4206 4276 4906
f 4276 4275 4906
f 4906 4275 4907
f 4275 4888 4907
f 4907 4888 4744
f 4887 4717 4745
f 4745 4717 4864
f 4716 5139 4861
f 4861 5139 5190
f 5139 5138 5190
f 5190 5138 5187
f 5138 5216 5187
f 5187 5216 5176
f 5215 5362 5173
f 5173 5362 5130
f 5364 5365 5363
f 5363 5365 5340
f 4742 4863 5366
f 5366 4863 4867
f 4862 5189 4868
f 4868 5189 5184
f 5189 5188 5184
f 5184 5188 5185
f 5188 5175 5185
f 5185 5175 5168
f 3560 3788 3561
f 3561 3788 3790
f 3596 3595 3608
f 3608 3595 3594
f 3598 3582 3595
f 3595 3582 3592
f 3600 3609 3601
f 3601 3609 3611
f 3602 3601 3612
f 3612 3601 3611
f 3606 3605 3613
f 3613 3605 3614
f 3793 5367 3794
f 3794 5367 5368
f 3598 3597 3600
f 3600 3597 3609
f 3793 3792 3575
f 3575 3792 3572
f 3561 3594 3558
f 3558 3594 3593
f 3807 3915 3804
f 3804 3915 3914
f 3916 3915 5370
f 5370 3915 5369
f 3602 3605 3603
f 3603 3605 3604
f 3606 3792 3607
f 3607 3792 3791
f 3914 3913 3560
f 3560 3913 3788
f 5174 5129 5166
f 5166 5129 5371
f 5170 5169 5093
f 5093 5169 5113
f 5166 5371 5090
f 5090 5371 5091
f 5128 5169 5372
f 5372 5169 5172
f 5127 5113 5128
f 5128 5113 5169
f 5114 5206 5203
f 5203 5206 5362
f 5200 5373 5073
f 5073 5373 5096
f 5374 5375 5200
f 5200 5375 5373
f 5039 5047 5374
f 5374 5047 5375
f 5087 5046 5085
f 5085 5046 5376
f 5212 5377 5067
f 5067 5377 5376
f 5042 5045 5212
f 5212 5045 5377
f 5064 5378 5043
f 5043 5378 5044
f 5063 5077 5064
f 5064 5077 5378
f 5079 5082 5198
f 5198 5082 5078
f 5099 5081 5100
f 5100 5081 5379
f 5100 5379 5094
f 5094 5379 5095
f 5381 5382 5380
f 5380 5382 5383
f 5385 5386 5384
f 5384 5386 5383
f 5385 5387 5386
f 5386 5387 5388
f 5390 5391 5389
f 5389 5391 5392
f 5393 5394 5396
f 5396 5394 5395
f 5398 5399 5397
f 5397 5399 5400
f 5402 5403 5401
f 5401 5403 5404
f 5406 5407 5405
f 5405 5407 5404
f 5408 5409 5163
f 5163 5409 5410
f 5411 5412 5414
f 5414 5412 5413
f 5057 5416 5415
f 5415 5416 5417
f 5393 5416 5418
f 5418 5416 5419
f 5396 5395 5420
f 5420 5395 5421
f 5423 5424 5422
f 5422 5424 5425
f 5415 5417 5220
f 5220 5417 5426
f 5418 5391 5393
f 5393 5391 5394
f 5414 5388 5411
f 5411 5388 5392
f 5059 5427 5060
f 5060 5427 5428
f 5423 5427 5429
f 5429 5427 5430
f 5432 5382 5431
f 5431 5382 5425
f 5429 5407 5423
f 5423 5407 5424
f 5380 5409 5381
f 5381 5409 5433
f 5381 5433 5422
f 5422 5433 5428
f 5027 5412 5056
f 5056 5412 5419
f 5435 5436 5434
f 5434 5436 5437
f 5159 5439 5438
f 5438 5439 5440
f 5053 5436 5159
f 5159 5436 5439
f 5441 5403 5398
f 5398 5403 5399
f 5163 5410 5026
f 5026 5410 5413
f 5438 5440 5442
f 5442 5440 5430
f 5444 5445 5443
f 5443 5445 5446
f 5447 5448 5450
f 5450 5448 5449
f 5451 5446 5452
f 5452 5446 5445
f 5454 5455 5453
f 5453 5455 5451
f 5456 5454 5458
f 5458 5454 5457
f 5460 5461 5459
f 5459 5461 5462
f 5464 5465 5463
f 5463 5465 5466
f 5468 5469 5467
f 5467 5469 5470
f 5472 5473 5471
f 5471 5473 5474
f 5475 5476 5478
f 5478 5476 5477
f 5479 5480 5482
f 5482 5480 5481
f 5483 5484 5448
f 5448 5484 5485
f 5448 5485 5449
f 5449 5485 5486
f 5487 5476 5488
f 5488 5476 5475
f 5490 5491 5489
f 5489 5491 5492
f 5494 5495 5493
f 5493 5495 5496
f 5498 5494 5497
f 5497 5494 5493
f 5500 5501 5499
f 5499 5501 5502
f 5503 5504 5446
f 5446 5504 5443
f 5506 5507 5505
f 5505 5507 5508
f 5510 5511 5509
f 5509 5511 5512
f 5514 5515 5513
f 5513 5515 5516
f 5518 5519 5517
f 5517 5519 5520
f 5495 5521 5496
f 5496 5521 5522
f 5524 5525 5523
f 5523 5525 5526
f 5527 5528 5494
f 5494 5528 5495
f 5499 5502 5529
f 5529 5502 5530
f 5531 5532 5485
f 5485 5532 5486
f 5485 5484 5531
f 5531 5484 5533
f 5482 5481 5534
f 5534 5481 5535
f 5536 5512 5506
f 5506 5512 5511
f 5455 5503 5451
f 5451 5503 5446
f 5467 5470 5511
f 5511 5470 5537
f 5538 5467 5510
f 5510 5467 5511
f 5540 5541 5539
f 5539 5541 5542
f 5543 5544 5546
f 5546 5544 5545
f 5548 5472 5547
f 5547 5472 5471
f 5493 5496 5549
f 5549 5496 5550
f 5496 5522 5550
f 5550 5522 5551
f 5553 5554 5552
f 5552 5554 5555
f 5557 5447 5556
f 5556 5447 5558
f 5557 5483 5447
f 5447 5483 5448
f 5478 5477 5553
f 5553 5477 5559
f 5477 5560 5559
f 5559 5560 5561
f 5476 5562 5477
f 5477 5562 5560
f 5476 5487 5562
f 5562 5487 5563
f 5560 5564 5561
f 5561 5564 5565
f 5564 5560 5566
f 5566 5560 5562
f 5563 5567 5562
f 5562 5567 5566
f 5569 5521 5568
f 5568 5521 5570
f 5481 5572 5571
f 5571 5572 5573
f 5574 5535 5571
f 5571 5535 5481
f 5576 5577 5575
f 5575 5577 5578
f 5579 5580 5456
f 5456 5580 5581
f 5475 5582 5488
f 5488 5582 5583
f 5584 5536 5505
f 5505 5536 5506
f 5585 5586 5588
f 5588 5586 5587
f 5590 5591 5589
f 5589 5591 5592
f 5519 5593 5520
f 5520 5593 5594
f 5595 5596 5462
f 5462 5596 5597
f 5599 5600 5598
f 5598 5600 5514
f 5602 5603 5601
f 5601 5603 5604
f 5524 5543 5525
f 5525 5543 5546
f 5543 5524 5606
f 5606 5524 5605
f 5607 5608 5500
f 5500 5608 5501
f 5610 5551 5609
f 5609 5551 5522
f 5611 5510 5598
f 5598 5510 5509
f 5612 5597 5457
f 5457 5597 5458
f 5510 5611 5538
f 5538 5611 5613
f 5580 5508 5581
f 5581 5508 5507
f 5615 5616 5614
f 5614 5616 5617
f 5619 5620 5618
f 5618 5620 5621
f 5623 5624 5622
f 5622 5624 5625
f 5627 5624 5626
f 5626 5624 5623
f 5629 5630 5628
f 5628 5630 5631
f 5633 5634 5632
f 5632 5634 5466
f 5635 5636 5463
f 5463 5636 5637
f 5523 5638 5524
f 5524 5638 5605
f 5639 5640 5641
f 5641 5640 5595
f 5611 5513 5613
f 5613 5513 5642
f 5643 5586 5608
f 5608 5586 5501
f 5622 5625 5590
f 5590 5625 5591
f 5598 5514 5611
f 5611 5514 5513
f 5645 5646 5644
f 5644 5646 5647
f 5620 5619 5491
f 5491 5619 5648
f 5649 5643 5492
f 5492 5643 5608
f 5650 5651 5653
f 5653 5651 5652
f 5463 5466 5635
f 5635 5466 5634
f 5597 5612 5462
f 5462 5612 5459
f 5635 5634 5523
f 5523 5634 5638
f 5654 5638 5633
f 5633 5638 5634
f 5655 5656 5525
f 5525 5656 5526
f 5658 5659 5657
f 5657 5659 5527
f 5660 5464 5637
f 5637 5464 5463
f 5632 5466 5661
f 5661 5466 5465
f 5661 5662 5632
f 5632 5662 5658
f 5662 5663 5658
f 5658 5663 5659
f 5665 5659 5664
f 5664 5659 5663
f 5632 5658 5633
f 5633 5658 5657
f 5666 5629 5530
f 5530 5629 5667
f 5528 5527 5665
f 5665 5527 5659
f 5668 5669 5570
f 5570 5669 5568
f 5669 5668 5670
f 5670 5668 5671
f 5646 5672 5673
f 5672 5674 5673
f 5673 5674 5675
f 5674 5460 5675
f 5675 5460 5459
f 5461 5676 5462
f 5462 5676 5595
f 5677 5678 5680
f 5680 5678 5679
f 5628 5681 5629
f 5629 5681 5667
f 5682 5529 5667
f 5667 5529 5530
f 5675 5459 5683
f 5683 5459 5612
f 5585 5666 5502
f 5502 5666 5530
f 5589 5684 5602
f 5602 5684 5603
f 5646 5645 5663
f 5663 5645 5664
f 5685 5647 5673
f 5673 5647 5646
f 5686 5687 5683
f 5683 5687 5685
f 5688 5689 5533
f 5533 5689 5531
f 5690 5691 5535
f 5535 5691 5534
f 5692 5690 5574
f 5574 5690 5535
f 5685 5687 5689
f 5689 5687 5693
f 5489 5694 5490
f 5490 5694 5695
f 5690 5692 5696
f 5696 5692 5697
f 5696 5644 5690
f 5690 5644 5691
f 5447 5450 5558
f 5558 5450 5698
f 5699 5700 5642
f 5642 5700 5613
f 5701 5702 5540
f 5540 5702 5541
f 5431 5703 5432
f 5432 5703 5697
f 5385 5384 5574
f 5574 5384 5692
f 5389 5387 5573
f 5573 5387 5571
f 5565 5390 5573
f 5573 5390 5389
f 5390 5565 5704
f 5704 5565 5564
f 5566 5705 5564
f 5564 5705 5704
f 5569 5441 5609
f 5609 5441 5398
f 5568 5405 5569
f 5569 5405 5441
f 5670 5706 5669
f 5669 5706 5406
f 5703 5431 5670
f 5670 5431 5706
f 5432 5697 5384
f 5384 5697 5692
f 5574 5571 5385
f 5385 5571 5387
f 5607 5707 5489
f 5489 5707 5694
f 5518 5708 5519
f 5519 5708 5709
f 5711 5576 5710
f 5710 5576 5575
f 5713 5714 5712
f 5712 5714 5715
f 5553 5552 5478
f 5478 5552 5716
f 5717 5475 5716
f 5716 5475 5478
f 5718 5719 5605
f 5605 5719 5606
f 5505 5622 5584
f 5584 5622 5590
f 5508 5623 5505
f 5505 5623 5622
f 5626 5623 5580
f 5580 5623 5508
f 5580 5579 5626
f 5626 5579 5720
f 5579 5721 5720
f 5720 5721 5722
f 5666 5585 5723
f 5723 5585 5588
f 5724 5725 5639
f 5639 5725 5640
f 5554 5726 5555
f 5555 5726 5727
f 5453 5728 5729
f 5689 5688 5685
f 5685 5688 5647
f 5604 5730 5512
f 5512 5730 5509
f 5628 5631 5618
f 5618 5631 5592
f 5601 5604 5536
f 5536 5604 5512
f 5732 5676 5731
f 5731 5676 5660
f 5730 5604 5733
f 5733 5604 5603
f 5563 5487 5551
f 5551 5487 5550
f 5489 5492 5607
f 5607 5492 5608
f 5573 5572 5565
f 5565 5572 5561
f 5609 5522 5569
f 5569 5522 5521
f 5499 5734 5500
f 5500 5734 5735
f 5596 5736 5721
f 5721 5736 5722
f 5737 5600 5594
f 5594 5600 5520
f 5599 5730 5517
f 5517 5730 5733
f 5660 5738 5731
f 5731 5738 5739
f 5648 5649 5491
f 5491 5649 5492
f 5501 5586 5502
f 5502 5586 5585
f 5525 5546 5655
f 5655 5546 5740
f 5600 5599 5520
f 5520 5599 5517
f 5708 5739 5709
f 5709 5739 5738
f 5636 5635 5526
f 5526 5635 5523
f 5670 5671 5703
f 5703 5671 5741
f 5490 5695 5742
f 5742 5695 5743
f 5682 5678 5744
f 5744 5678 5677
f 5678 5681 5679
f 5679 5681 5621
f 5742 5743 5679
f 5679 5743 5680
f 5618 5621 5628
f 5628 5621 5681
f 5725 5724 5589
f 5589 5724 5684
f 5456 5458 5579
f 5579 5458 5721
f 5675 5683 5673
f 5673 5683 5685
f 5529 5682 5745
f 5745 5682 5744
f 5721 5458 5596
f 5596 5458 5597
f 5701 5540 5719
f 5719 5540 5606
f 5703 5741 5697
f 5697 5741 5696
f 5500 5735 5607
f 5607 5735 5707
f 5549 5746 5493
f 5493 5746 5497
f 5700 5747 5613
f 5613 5747 5538
f 5420 5421 5434
f 5434 5421 5400
f 5689 5693 5531
f 5531 5693 5532
f 5705 5566 5748
f 5748 5566 5567
f 5609 5398 5610
f 5610 5398 5397
f 5669 5406 5568
f 5568 5406 5405
f 5488 5583 5549
f 5549 5583 5746
f 5714 5713 5710
f 5710 5713 5711
f 5747 5468 5538
f 5538 5468 5467
f 5548 5547 5749
f 5749 5547 5750
f 5733 5603 5751
f 5751 5603 5684
f 5589 5602 5590
f 5590 5602 5584
f 5636 5752 5614
f 5614 5752 5615
f 5753 5754 5738
f 5738 5754 5755
f 5602 5601 5584
f 5584 5601 5536
f 5723 5736 5630
f 5630 5736 5640
f 5595 5640 5596
f 5596 5640 5736
f 5734 5499 5745
f 5745 5499 5529
f 5627 5587 5643
f 5643 5587 5586
f 5553 5559 5554
f 5554 5559 5480
f 5559 5561 5480
f 5480 5561 5572
f 5554 5480 5726
f 5726 5480 5479
f 5749 5750 5715
f 5715 5750 5712
f 5683 5612 5686
f 5686 5612 5457
f 5678 5682 5681
f 5681 5682 5667
f 5598 5509 5599
f 5599 5509 5730
f 5679 5621 5742
f 5742 5621 5620
f 5652 5616 5653
f 5653 5616 5615
f 5220 5426 5052
f 5052 5426 5437
f 5487 5488 5550
f 5550 5488 5549
f 5742 5620 5490
f 5490 5620 5491
f 5551 5610 5563
f 5563 5610 5567
f 5610 5397 5567
f 5567 5397 5748
f 5614 5617 5753
f 5753 5617 5754
f 5480 5572 5481
f 5755 5756 5738
f 5738 5756 5709
f 5745 5744 5758
f 5758 5744 5757
f 5745 5758 5734
f 5734 5758 5759
f 5735 5734 5760
f 5760 5734 5759
f 5707 5735 5761
f 5761 5735 5760
f 5744 5677 5757
f 5757 5677 5762
f 5677 5680 5762
f 5762 5680 5763
f 5763 5680 5764
f 5764 5680 5743
f 5765 5766 5762
f 5762 5766 5757
f 5768 5769 5767
f 5767 5769 5770
f 5771 5772 5770
f 5770 5772 5767
f 5770 5769 5774
f 5774 5769 5773
f 5775 5776 5774
f 5774 5776 5777
f 5773 5778 5774
f 5774 5778 5775
f 5779 5766 5773
f 5773 5766 5778
f 5777 5771 5774
f 5774 5771 5770
f 5780 5781 5783
f 5783 5781 5782
f 5781 5780 5771
f 5771 5780 5772
f 5773 5769 5779
f 5779 5769 5768
f 5768 5759 5779
f 5779 5759 5758
f 5768 5784 5759
f 5759 5784 5760
f 5767 5785 5768
f 5768 5785 5784
f 5785 5767 5786
f 5786 5767 5772
f 5766 5779 5757
f 5757 5779 5758
f 5780 5787 5772
f 5772 5787 5786
f 5785 5786 5788
f 5788 5786 5789
f 5786 5787 5789
f 5789 5787 5790
f 5788 5789 5791
f 5791 5789 5792
f 5791 5793 5788
f 5788 5793 5794
f 5795 5792 5790
f 5790 5792 5789
f 5785 5788 5784
f 5784 5788 5794
f 5784 5794 5760
f 5760 5794 5761
f 5787 5780 5796
f 5796 5780 5783
f 5775 5778 5797
f 5797 5778 5766
f 5797 5798 5775
f 5775 5798 5776
f 5766 5765 5797
f 5797 5765 5799
f 5798 5797 5800
f 5800 5797 5799
f 5798 5801 5776
f 5776 5801 5802
f 5707 5761 5694
f 5694 5761 5803
f 5695 5804 5743
f 5743 5804 5764
f 5804 5695 5803
f 5803 5695 5694
f 5803 5793 5804
f 5804 5793 5805
f 5793 5791 5805
f 5805 5791 5806
f 5804 5805 5764
f 5764 5805 5807
f 5803 5761 5793
f 5793 5761 5794
f 5808 5763 5807
f 5807 5763 5764
f 5808 5765 5763
f 5763 5765 5762
f 5809 5799 5808
f 5808 5799 5765
f 5809 5808 5810
f 5810 5808 5807
f 5811 5809 5812
f 5812 5809 5810
f 5805 5806 5807
f 5807 5806 5810
f 5806 5813 5810
f 5810 5813 5812
f 5799 5809 5800
f 5800 5809 5811
f 5815 5800 5814
f 5814 5800 5811
f 5814 5817 5816
f 5816 5817 5818
f 5814 5811 5817
f 5817 5811 5812
f 5814 5816 5815
f 5815 5816 5796
f 5815 5796 5801
f 5801 5796 5783
f 5801 5798 5815
f 5815 5798 5800
f 5791 5792 5806
f 5806 5792 5813
f 5818 5813 5795
f 5795 5813 5792
f 5818 5817 5813
f 5813 5817 5812
f 5816 5818 5790
f 5790 5818 5795
f 5790 5787 5816
f 5816 5787 5796
f 5771 5777 5781
f 5781 5777 5782
f 5782 5802 5783
f 5783 5802 5801
f 5782 5777 5802
f 5802 5777 5776
f 5588 5587 5722
f 5722 5587 5720
f 5591 5619 5592
f 5592 5619 5618
f 5625 5624 5648
f 5648 5624 5649
f 5624 5627 5649
f 5649 5627 5643
f 5631 5630 5725
f 5725 5630 5640
f 5625 5648 5591
f 5591 5648 5619
f 5588 5722 5723
f 5723 5722 5736
f 5631 5725 5592
f 5592 5725 5589
f 5723 5630 5666
f 5666 5630 5629
f 5587 5627 5720
f 5720 5627 5626
f 5820 5821 5819
f 5819 5821 5822
f 5824 5825 5823
f 5823 5825 5826
f 5823 5826 5827
f 5827 5826 5828
f 5829 5830 5832
f 5832 5830 5831
f 5518 5833 5708
f 5708 5833 5834
f 5835 5836 5824
f 5824 5836 5825
f 5838 5839 5837
f 5837 5839 5840
f 5751 5684 5842
f 5842 5684 5841
f 5843 5841 5724
f 5724 5841 5684
f 5845 5846 5844
f 5844 5846 5847
f 5848 5830 5836
f 5836 5830 5825
f 5518 5751 5833
f 5833 5751 5842
f 5839 5838 5821
f 5821 5838 5849
f 5850 5848 5822
f 5822 5848 5836
f 5851 5845 5828
f 5828 5845 5852
f 5854 5855 5853
f 5853 5855 5856
f 5845 5844 5852
f 5852 5844 5857
f 5858 5827 5852
f 5852 5827 5828
f 5851 5828 5829
f 5829 5828 5826
f 5819 5859 5820
f 5820 5859 5860
f 5835 5861 5819
f 5819 5861 5859
f 5851 5829 5862
f 5862 5829 5832
f 5844 5847 5837
f 5837 5847 5834
f 5819 5822 5835
f 5835 5822 5836
f 5823 5863 5824
f 5824 5863 5864
f 5849 5850 5821
f 5821 5850 5822
f 5825 5830 5826
f 5826 5830 5829
f 5820 5860 5865
f 5865 5860 5866
f 5858 5854 5867
f 5867 5854 5853
f 5854 5857 5855
f 5855 5857 5840
f 5855 5865 5856
f 5856 5865 5866
f 5837 5840 5844
f 5844 5840 5857
f 5827 5858 5868
f 5868 5858 5867
f 5824 5864 5835
f 5835 5864 5861
f 5732 5731 5862
f 5862 5731 5846
f 5863 5823 5868
f 5868 5823 5827
f 5843 5831 5848
f 5848 5831 5830
f 5854 5858 5857
f 5857 5858 5852
f 5855 5840 5865
f 5865 5840 5839
f 5865 5839 5820
f 5820 5839 5821
f 5868 5867 5870
f 5870 5867 5869
f 5868 5870 5863
f 5863 5870 5871
f 5863 5871 5864
f 5864 5871 5872
f 5864 5872 5861
f 5861 5872 5873
f 5867 5853 5869
f 5869 5853 5874
f 5853 5856 5874
f 5874 5856 5875
f 5856 5866 5875
f 5875 5866 5876
f 5877 5878 5874
f 5874 5878 5869
f 5880 5881 5879
f 5879 5881 5882
f 5883 5884 5880
f 5880 5884 5881
f 5881 5884 5886
f 5886 5884 5885
f 5887 5888 5886
f 5886 5888 5889
f 5885 5890 5886
f 5886 5890 5887
f 5889 5882 5886
f 5886 5882 5881
f 5882 5891 5879
f 5879 5891 5892
f 5885 5884 5893
f 5893 5884 5883
f 5883 5871 5893
f 5893 5871 5870
f 5883 5894 5871
f 5871 5894 5872
f 5880 5895 5883
f 5883 5895 5894
f 5896 5895 5879
f 5879 5895 5880
f 5893 5878 5885
f 5885 5878 5890
f 5878 5893 5869
f 5869 5893 5870
f 5897 5896 5892
f 5892 5896 5879
f 5895 5896 5898
f 5898 5896 5899
f 5896 5897 5899
f 5899 5897 5900
f 5898 5899 5901
f 5901 5899 5902
f 5901 5903 5898
f 5898 5903 5904
f 5900 5905 5899
f 5899 5905 5902
f 5898 5904 5895
f 5895 5904 5894
f 5894 5904 5872
f 5872 5904 5873
f 5897 5892 5907
f 5907 5892 5906
f 5892 5891 5906
f 5906 5891 5908
f 5887 5890 5909
f 5909 5890 5878
f 5888 5887 5910
f 5910 5887 5909
f 5878 5877 5909
f 5909 5877 5911
f 5909 5911 5910
f 5910 5911 5912
f 5913 5914 5910
f 5910 5914 5888
f 5908 5914 5906
f 5906 5914 5913
f 5861 5873 5859
f 5859 5873 5915
f 5860 5916 5866
f 5866 5916 5876
f 5916 5860 5915
f 5915 5860 5859
f 5915 5903 5916
f 5916 5903 5917
f 5903 5901 5917
f 5917 5901 5918
f 5916 5917 5876
f 5876 5917 5919
f 5903 5915 5904
f 5904 5915 5873
f 5920 5875 5919
f 5919 5875 5876
f 5920 5877 5875
f 5875 5877 5874
f 5920 5921 5877
f 5877 5921 5911
f 5921 5920 5922
f 5922 5920 5919
f 5923 5921 5924
f 5924 5921 5922
f 5917 5918 5919
f 5919 5918 5922
f 5918 5925 5922
f 5922 5925 5924
f 5921 5923 5911
f 5911 5923 5912
f 5927 5912 5926
f 5926 5912 5923
f 5926 5929 5928
f 5928 5929 5930
f 5926 5923 5929
f 5929 5923 5924
f 5926 5928 5927
f 5927 5928 5907
f 5927 5907 5913
f 5913 5907 5906
f 5913 5910 5927
f 5927 5910 5912
f 5901 5902 5918
f 5918 5902 5925
f 5930 5925 5905
f 5905 5925 5902
f 5930 5929 5925
f 5925 5929 5924
f 5928 5930 5900
f 5900 5930 5905
f 5900 5897 5928
f 5928 5897 5907
f 5882 5889 5891
f 5891 5889 5908
f 5908 5889 5914
f 5914 5889 5888
f 5832 5831 5641
f 5641 5831 5639
f 5833 5838 5834
f 5834 5838 5837
f 5842 5841 5849
f 5849 5841 5850
f 5841 5843 5850
f 5850 5843 5848
f 5847 5846 5739
f 5739 5846 5731
f 5842 5849 5833
f 5833 5849 5838
f 5862 5832 5732
f 5732 5832 5641
f 5847 5739 5834
f 5834 5739 5708
f 5862 5846 5851
f 5851 5846 5845
f 5831 5843 5639
f 5639 5843 5724
f 5676 5732 5595
f 5595 5732 5641
f 5676 5461 5660
f 5660 5461 5464
f 5461 5460 5464
f 5464 5460 5465
f 5460 5674 5465
f 5465 5674 5661
f 5931 5932 5934
f 5934 5932 5933
f 5936 5937 5935
f 5935 5937 5938
f 5935 5938 5939
f 5939 5938 5940
f 5942 5943 5941
f 5941 5943 5944
f 5945 5946 5936
f 5936 5946 5937
f 5948 5949 5947
f 5947 5949 5950
f 5951 5952 5519
f 5519 5952 5593
f 5953 5951 5709
f 5709 5951 5519
f 5955 5956 5954
f 5954 5956 5957
f 5958 5942 5946
f 5946 5942 5937
f 5948 5959 5949
f 5949 5959 5933
f 5960 5958 5934
f 5934 5958 5946
f 5961 5955 5940
f 5940 5955 5962
f 5963 5964 5966
f 5966 5964 5965
f 5955 5954 5962
f 5962 5954 5967
f 5968 5939 5962
f 5962 5939 5940
f 5961 5940 5941
f 5941 5940 5938
f 5931 5969 5932
f 5932 5969 5970
f 5945 5971 5931
f 5931 5971 5969
f 5941 5944 5961
f 5961 5944 5972
f 5954 5957 5947
f 5947 5957 5973
f 5945 5931 5946
f 5946 5931 5934
f 5935 5974 5936
f 5936 5974 5975
f 5959 5960 5933
f 5933 5960 5934
f 5937 5942 5938
f 5938 5942 5941
f 5932 5970 5976
f 5976 5970 5977
f 5968 5964 5978
f 5978 5964 5963
f 5965 5964 5950
f 5950 5964 5967
f 5976 5977 5965
f 5965 5977 5966
f 5947 5950 5954
f 5954 5950 5967
f 5939 5968 5979
f 5979 5968 5978
f 5936 5975 5945
f 5945 5975 5971
f 5972 5754 5956
f 5956 5754 5617
f 5974 5935 5979
f 5979 5935 5939
f 5953 5943 5958
f 5958 5943 5942
f 5964 5968 5967
f 5967 5968 5962
f 5965 5950 5976
f 5976 5950 5949
f 5976 5949 5932
f 5932 5949 5933
f 5979 5978 5981
f 5981 5978 5980
f 5979 5981 5974
f 5974 5981 5982
f 5974 5982 5975
f 5975 5982 5983
f 5975 5983 5971
f 5971 5983 5984
f 5978 5963 5980
f 5980 5963 5985
f 5963 5966 5985
f 5985 5966 5986
f 5986 5966 5987
f 5987 5966 5977
f 5988 5989 5985
f 5985 5989 5980
f 5991 5992 5990
f 5990 5992 5993
f 5994 5995 5991
f 5991 5995 5992
f 5992 5995 5997
f 5997 5995 5996
f 5998 5999 5997
f 5997 5999 6000
f 5996 6001 5997
f 5997 6001 5998
f 6000 5993 5997
f 5997 5993 5992
f 6002 6003 5993
f 5993 6003 5990
f 5995 5994 5996
f 5996 5994 6004
f 5994 5982 6004
f 6004 5982 5981
f 5994 6005 5982
f 5982 6005 5983
f 5991 6006 5994
f 5994 6006 6005
f 6006 5991 6007
f 6007 5991 5990
f 5996 6004 6001
f 6001 6004 5989
f 5989 6004 5980
f 5980 6004 5981
f 6003 6008 5990
f 5990 6008 6007
f 6009 6006 6010
f 6010 6006 6007
f 6008 6011 6007
f 6007 6011 6010
f 6012 6009 6013
f 6013 6009 6010
f 6009 6012 6015
f 6015 6012 6014
f 6011 6016 6010
f 6010 6016 6013
f 6006 6009 6005
f 6005 6009 6015
f 6005 6015 5983
f 5983 6015 5984
f 6008 6003 6018
f 6018 6003 6017
f 6003 6002 6017
f 6017 6002 6019
f 5998 6001 6020
f 6020 6001 5989
f 5999 5998 6021
f 6021 5998 6020
f 5989 5988 6020
f 6020 5988 6022
f 6021 6020 6023
f 6023 6020 6022
f 6021 6024 5999
f 5999 6024 6025
f 6019 6025 6017
f 6017 6025 6024
f 5971 5984 5969
f 5969 5984 6026
f 5970 6027 5977
f 5977 6027 5987
f 6027 5970 6026
f 6026 5970 5969
f 6026 6014 6027
f 6027 6014 6028
f 6014 6012 6028
f 6028 6012 6029
f 6027 6028 5987
f 5987 6028 6030
f 6026 5984 6014
f 6014 5984 6015
f 6031 5986 6030
f 6030 5986 5987
f 6031 5988 5986
f 5986 5988 5985
f 6032 6022 6031
f 6031 6022 5988
f 6032 6031 6033
f 6033 6031 6030
f 6034 6032 6035
f 6035 6032 6033
f 6028 6029 6030
f 6030 6029 6033
f 6029 6036 6033
f 6033 6036 6035
f 6032 6034 6022
f 6022 6034 6023
f 6038 6023 6037
f 6037 6023 6034
f 6037 6040 6039
f 6039 6040 6041
f 6037 6034 6040
f 6040 6034 6035
f 6037 6039 6038
f 6038 6039 6018
f 6038 6018 6024
f 6024 6018 6017
f 6024 6021 6038
f 6038 6021 6023
f 6012 6013 6029
f 6029 6013 6036
f 6041 6036 6016
f 6016 6036 6013
f 6041 6040 6036
f 6036 6040 6035
f 6041 6016 6039
f 6039 6016 6011
f 6011 6008 6039
f 6039 6008 6018
f 5993 6000 6002
f 6002 6000 6019
f 6019 6000 6025
f 6025 6000 5999
f 5943 5756 5944
f 5944 5756 5755
f 6042 5948 5973
f 5973 5948 5947
f 5952 5951 5959
f 5959 5951 5960
f 5951 5953 5960
f 5960 5953 5958
f 5616 5957 5617
f 5617 5957 5956
f 6042 5952 5948
f 5948 5952 5959
f 5944 5755 5972
f 5972 5755 5754
f 5957 5616 5973
f 5973 5616 5652
f 5956 5955 5972
f 5972 5955 5961
f 5943 5953 5756
f 5756 5953 5709
f 6044 6045 6043
f 6043 6045 6046
f 6048 6049 6047
f 6047 6049 6050
f 6047 6050 6051
f 6051 6050 6052
f 6054 6055 6053
f 6053 6055 6056
f 6057 6058 6060
f 6060 6058 6059
f 6061 6062 6048
f 6048 6062 6049
f 6063 6064 6066
f 6066 6064 6065
f 6067 6068 6070
f 6070 6068 6069
f 6071 6069 5653
f 5653 6069 6068
f 6072 6073 6075
f 6075 6073 6074
f 6062 6076 6049
f 6049 6076 6054
f 6058 6067 6059
f 6059 6067 6070
f 6064 6077 6065
f 6065 6077 6045
f 6078 6076 6046
f 6046 6076 6062
f 6073 6080 6079
f 6079 6080 6052
f 6082 6083 6081
f 6081 6083 6084
f 6072 6085 6073
f 6073 6085 6080
f 6086 6051 6080
f 6080 6051 6052
f 6079 6052 6053
f 6053 6052 6050
f 6043 6087 6044
f 6044 6087 6088
f 6061 6089 6043
f 6043 6089 6087
f 6053 6056 6079
f 6079 6056 6090
f 6063 6072 6060
f 6060 6072 6075
f 6043 6046 6061
f 6061 6046 6062
f 6047 6091 6048
f 6048 6091 6092
f 6077 6078 6045
f 6045 6078 6046
f 6049 6054 6050
f 6050 6054 6053
f 6044 6088 6093
f 6093 6088 6094
f 6086 6082 6095
f 6095 6082 6081
f 6083 6082 6066
f 6066 6082 6085
f 6093 6094 6083
f 6083 6094 6084
f 6072 6063 6085
f 6085 6063 6066
f 6051 6086 6096
f 6096 6086 6095
f 6048 6092 6061
f 6061 6092 6089
f 5656 5655 6090
f 6090 5655 6074
f 6091 6047 6096
f 6096 6047 6051
f 6071 6055 6076
f 6076 6055 6054
f 6082 6086 6085
f 6085 6086 6080
f 6093 6083 6065
f 6065 6083 6066
f 6044 6093 6045
f 6045 6093 6065
f 6096 6095 6098
f 6098 6095 6097
f 6096 6098 6091
f 6091 6098 6099
f 6091 6099 6092
f 6092 6099 6100
f 6092 6100 6089
f 6089 6100 6101
f 6095 6081 6097
f 6097 6081 6102
f 6081 6084 6102
f 6102 6084 6103
f 6103 6084 6104
f 6104 6084 6094
f 6106 6097 6105
f 6105 6097 6102
f 6107 6108 6110
f 6110 6108 6109
f 6111 6112 6108
f 6108 6112 6109
f 6109 6112 6114
f 6114 6112 6113
f 6114 6115 6117
f 6117 6115 6116
f 6113 6118 6114
f 6114 6118 6115
f 6117 6110 6114
f 6114 6110 6109
f 6110 6119 6107
f 6107 6119 6120
f 6112 6111 6113
f 6113 6111 6121
f 6111 6099 6121
f 6121 6099 6098
f 6111 6122 6099
f 6099 6122 6100
f 6123 6122 6108
f 6108 6122 6111
f 6124 6123 6107
f 6107 6123 6108
f 6113 6121 6118
f 6118 6121 6106
f 6106 6121 6097
f 6097 6121 6098
f 6125 6124 6120
f 6120 6124 6107
f 6126 6123 6127
f 6127 6123 6124
f 6125 6128 6124
f 6124 6128 6127
f 6129 6126 6130
f 6130 6126 6127
f 6126 6129 6132
f 6132 6129 6131
f 6128 6133 6127
f 6127 6133 6130
f 6123 6126 6122
f 6122 6126 6132
f 6122 6132 6100
f 6100 6132 6101
f 6120 6134 6125
f 6125 6134 6135
f 6120 6119 6134
f 6134 6119 6136
f 6115 6118 6137
f 6137 6118 6106
f 6115 6137 6116
f 6116 6137 6138
f 6137 6106 6139
f 6139 6106 6105
f 6138 6137 6140
f 6140 6137 6139
f 6141 6142 6138
f 6138 6142 6116
f 6136 6142 6134
f 6134 6142 6141
f 6089 6101 6087
f 6087 6101 6143
f 6088 6144 6094
f 6094 6144 6104
f 6143 6144 6087
f 6087 6144 6088
f 6131 6145 6143
f 6143 6145 6144
f 6129 6146 6131
f 6131 6146 6145
f 6144 6145 6104
f 6104 6145 6147
f 6143 6101 6131
f 6131 6101 6132
f 6148 6103 6147
f 6147 6103 6104
f 6103 6148 6102
f 6102 6148 6105
f 6148 6149 6105
f 6105 6149 6139
f 6149 6148 6150
f 6150 6148 6147
f 6151 6149 6152
f 6152 6149 6150
f 6145 6146 6147
f 6147 6146 6150
f 6146 6153 6150
f 6150 6153 6152
f 6149 6151 6139
f 6139 6151 6140
f 6155 6140 6154
f 6154 6140 6151
f 6154 6157 6156
f 6156 6157 6158
f 6154 6151 6157
f 6157 6151 6152
f 6154 6156 6155
f 6155 6156 6135
f 6155 6135 6141
f 6141 6135 6134
f 6141 6138 6155
f 6155 6138 6140
f 6146 6129 6153
f 6153 6129 6130
f 6158 6153 6133
f 6133 6153 6130
f 6158 6157 6153
f 6153 6157 6152
f 6156 6158 6128
f 6128 6158 6133
f 6128 6125 6156
f 6156 6125 6135
f 6110 6117 6119
f 6119 6117 6136
f 6136 6117 6142
f 6142 6117 6116
f 6055 5615 6056
f 6056 5615 5752
f 6060 6059 6063
f 6063 6059 6064
f 6077 6070 6078
f 6078 6070 6069
f 6069 6071 6078
f 6078 6071 6076
f 6159 6057 6075
f 6075 6057 6060
f 6059 6070 6064
f 6064 6070 6077
f 6056 5752 6090
f 6090 5752 5656
f 6090 6074 6079
f 6079 6074 6073
f 6055 6071 5615
f 5615 6071 5653
f 5547 5471 6160
f 6160 5471 6161
f 5729 5577 6163
f 6163 5577 6162
f 5577 5576 6162
f 6162 5576 6164
f 5713 6165 5711
f 5711 6165 6166
f 5474 5729 6167
f 6167 5729 6163
f 5750 5547 6168
f 6168 5547 6160
f 5471 5474 6161
f 6161 5474 6167
f 6169 5712 6168
f 6168 5712 5750
f 5711 6166 5576
f 5576 6166 6164
f 6165 5713 6169
f 6169 5713 5712
f 6168 6170 6169
f 6169 6170 6171
f 6169 6171 6165
f 6165 6171 6172
f 6165 6172 6166
f 6166 6172 6173
f 6166 6173 6164
f 6164 6173 6174
f 6168 6160 6170
f 6170 6160 6175
f 6160 6161 6175
f 6175 6161 6176
f 6161 6167 6176
f 6176 6167 6177
f 6179 6170 6178
f 6178 6170 6175
f 6181 6182 6180
f 6180 6182 6183
f 6184 6185 6181
f 6181 6185 6182
f 6186 6187 6185
f 6185 6187 6182
f 6186 6188 6187
f 6187 6188 6189
f 6190 6183 6187
f 6187 6183 6182
f 6183 6190 6191
f 6191 6190 6192
f 6191 6193 6183
f 6183 6193 6180
f 6186 6185 6194
f 6194 6185 6184
f 6184 6172 6194
f 6194 6172 6171
f 6184 6195 6172
f 6172 6195 6173
f 6181 6196 6184
f 6184 6196 6195
f 6196 6181 6197
f 6197 6181 6180
f 6186 6194 6188
f 6188 6194 6179
f 6179 6194 6170
f 6170 6194 6171
f 6193 6198 6180
f 6180 6198 6197
f 6199 6196 6200
f 6200 6196 6197
f 6198 6201 6197
f 6197 6201 6200
f 6202 6199 6203
f 6203 6199 6200
f 6199 6202 6205
f 6205 6202 6204
f 6201 6206 6200
f 6200 6206 6203
f 6196 6199 6195
f 6195 6199 6205
f 6195 6205 6173
f 6173 6205 6174
f 6198 6193 6208
f 6208 6193 6207
f 6193 6191 6207
f 6207 6191 6192
f 6189 6188 6209
f 6209 6188 6179
f 6210 6189 6211
f 6211 6189 6209
f 6209 6179 6212
f 6212 6179 6178
f 6211 6209 6213
f 6213 6209 6212
f 6211 6214 6210
f 6210 6214 6215
f 6192 6215 6207
f 6207 6215 6214
f 6190 6187 6210
f 6210 6187 6189
f 6192 6190 6215
f 6215 6190 6210
f 6162 6164 6216
f 6216 6164 6174
f 6167 6163 6177
f 6177 6163 6217
f 6216 6217 6162
f 6162 6217 6163
f 6204 6218 6216
f 6216 6218 6217
f 6202 6219 6204
f 6204 6219 6218
f 6217 6218 6177
f 6177 6218 6220
f 6216 6174 6204
f 6204 6174 6205
f 6221 6176 6220
f 6220 6176 6177
f 6176 6221 6175
f 6175 6221 6178
f 6221 6222 6178
f 6178 6222 6212
f 6222 6221 6223
f 6223 6221 6220
f 6224 6222 6225
f 6225 6222 6223
f 6218 6219 6220
f 6220 6219 6223
f 6219 6226 6223
f 6223 6226 6225
f 6222 6224 6212
f 6212 6224 6213
f 6228 6213 6227
f 6227 6213 6224
f 6229 6227 6231
f 6231 6227 6230
f 6227 6224 6230
f 6230 6224 6225
f 6227 6229 6228
f 6228 6229 6208
f 6228 6208 6214
f 6214 6208 6207
f 6214 6211 6228
f 6228 6211 6213
f 6219 6202 6226
f 6226 6202 6203
f 6231 6226 6206
f 6206 6226 6203
f 6231 6230 6226
f 6226 6230 6225
f 6229 6231 6201
f 6201 6231 6206
f 6201 6198 6229
f 6229 6198 6208
f 5674 5672 5661
f 5661 5672 5662
f 5662 5672 5663
f 5663 5672 5646
f 5651 6042 5652
f 5652 6042 5973
f 5518 5517 5751
f 5751 5517 5733
f 5738 5660 5753
f 5753 5660 5637
f 5752 5636 5656
f 5656 5636 5526
f 5952 6042 5593
f 5593 6042 5651
f 5593 5651 5594
f 5594 5651 5650
f 5600 5737 5514
f 5514 5737 5515
f 5546 5545 5740
f 5740 5545 6232
f 6232 6058 5740
f 5740 6058 6057
f 6067 6058 6233
f 6233 6058 6232
f 6233 6232 6234
f 6234 6232 5545
f 6234 5545 6235
f 6235 5545 5544
f 5606 6236 5543
f 5543 6236 5544
f 6235 5544 5539
f 5539 5544 6236
f 6237 6235 5542
f 5542 6235 5539
f 6235 6237 6234
f 6234 6237 6238
f 6234 6238 6233
f 6233 6238 6239
f 5653 6068 5650
f 5650 6068 6239
f 5642 5513 6240
f 6240 5513 5516
f 5539 6236 5540
f 5540 6236 5606
f 5636 5614 5637
f 5637 5614 5753
f 6239 5737 5650
f 5650 5737 5594
f 6239 6068 6233
f 6233 6068 6067
f 6075 6074 6159
f 6159 6074 5655
f 6057 6159 5740
f 5740 6159 5655
f 5515 5737 6238
f 6238 5737 6239
f 6238 6237 5515
f 5515 6237 5516
f 5542 6240 6237
f 6237 6240 5516
f 6240 5542 5642
f 5642 5542 5541
f 5702 5699 5541
f 5541 5699 5642
f 5582 5475 5717
f 5470 5443 5537
f 5537 5443 5504
f 5469 5444 5470
f 5470 5444 5443
f 5726 5557 5727
f 5727 5557 5556
f 5537 5504 5511
f 5511 5504 5506
f 5504 5503 5506
f 5506 5503 5507
f 5503 5455 5507
f 5507 5455 5581
f 5455 5454 5581
f 5581 5454 5456
f 5473 5453 5474
f 5474 5453 5729
f 5457 5454 5473
f 5473 5454 5453
f 5473 5472 5457
f 5457 5472 5686
f 5472 5548 5686
f 5686 5548 5687
f 5749 5693 5548
f 5548 5693 5687
f 5715 5532 5749
f 5749 5532 5693
f 5714 5486 5715
f 5715 5486 5532
f 5714 5710 5486
f 5486 5710 5449
f 5728 5578 5729
f 5729 5578 5577
f 5452 5445 5698
f 5698 5445 5558
f 5445 5444 5558
f 5558 5444 5556
f 5444 5469 5556
f 5556 5469 5727
f 5469 5468 5727
f 5727 5468 5555
f 5468 5747 5555
f 5555 5747 5552
f 5747 5700 5552
f 5552 5700 5716
f 5700 5699 5716
f 5716 5699 5717
f 5699 5702 5717
f 5717 5702 5582
f 5702 5701 5582
f 5582 5701 5583
f 5726 5479 5557
f 5557 5479 5483
f 5483 5479 5484
f 5484 5479 5482
f 5534 5533 5482
f 5482 5533 5484
f 5691 5688 5534
f 5534 5688 5533
f 5644 5647 5691
f 5691 5647 5688
f 5719 5746 5701
f 5701 5746 5583
f 5718 5497 5719
f 5719 5497 5746
f 5718 5605 5654
f 5654 5605 5638
f 5498 5654 5657
f 5657 5654 5633
f 5497 5718 5498
f 5498 5718 5654
f 5657 5527 5498
f 5498 5527 5494
f 5528 5570 5495
f 5495 5570 5521
f 5665 5668 5528
f 5528 5668 5570
f 5664 5671 5665
f 5665 5671 5668
f 5645 5741 5664
f 5664 5741 5671
f 5644 5696 5645
f 5645 5696 5741
f 5710 5575 5449
f 5449 5575 5450
f 5575 5578 5450
f 5450 5578 5698
f 5578 5728 5698
f 5698 5728 5452
f 5452 5728 5451
f 5451 5728 5453
f 3619 6241 3620
f 3620 6241 6242
f 6243 6244 3628
f 3628 6244 3629
f 6245 6246 3634
f 3634 6246 3631
f 6247 6248 3636
f 3636 6248 3637
f 6249 6250 3642
f 3642 6250 3639
f 3639 6250 3643
f 3643 6250 6251
f 3743 6252 3744
f 3744 6252 6253
f 6246 6243 3631
f 3631 6243 3628
f 3753 6254 3754
f 3754 6254 6255
f 3857 6256 3619
f 3619 6256 6241
f 6257 6245 3932
f 3932 6245 3634
f 6242 6247 3620
f 3620 6247 3636
f 6258 6259 3946
f 3946 6259 3947
f 6260 6249 3948
f 3948 6249 3642
f 6244 6258 3629
f 3629 6258 3946
f 3947 6259 3753
f 3753 6259 6254
f 6248 6260 3637
f 3637 6260 3948
f 3643 6251 3743
f 3743 6251 6252
f 3744 6253 3932
f 3932 6253 6257
f 6250 6249 6251
f 6251 6249 6252
f 6245 6261 6246
f 6246 6261 6262
f 6263 6264 6247
f 6247 6264 6248
f 6252 6265 6253
f 6253 6265 6266
f 6246 6262 6243
f 6243 6262 6267
f 6268 6261 6257
f 6257 6261 6245
f 6269 6263 6242
f 6242 6263 6247
f 6270 6271 6260
f 6260 6271 6249
f 6264 6270 6248
f 6248 6270 6260
f 6253 6266 6257
f 6257 6266 6268
f 6249 6271 6252
f 6252 6271 6265
f 6254 6259 6272
f 6272 6259 6273
f 6266 6265 6270
f 6270 6265 6271
f 6268 6266 6264
f 6264 6266 6270
f 6261 6268 6263
f 6263 6268 6264
f 6269 6262 6263
f 6263 6262 6261
f 4186 4185 6274
f 6274 4185 6275
f 6241 6276 6242
f 6242 6276 6269
f 6258 6244 6277
f 6277 6244 6278
f 6256 6279 6241
f 6241 6279 6276
f 6259 6258 6273
f 6273 6258 6277
f 6243 6267 6244
f 6244 6267 6278
f 6276 6267 6269
f 6269 6267 6262
f 6254 6272 6255
f 6255 6272 6280
f 3865 3713 3888
f 3888 3713 3685
f 5242 5233 3892
f 3892 5233 3711
f 3900 5243 3892
f 3892 5243 5242
f 3734 3866 3900
f 3900 3866 5243
f 4117 6281 4118
f 4118 6281 6282
f 4118 6282 4278
f 4278 6282 4879
f 4717 4887 4718
f 4718 4887 4280
f 4792 4278 4882
f 4882 4278 4879
f 4795 4792 6283
f 6283 4792 4882
f 4852 4851 5012
f 5012 4851 6284
f 4856 5207 4857
f 4857 5207 4858
f 4860 4279 4857
f 4857 4279 4854
f 4718 4280 4860
f 4860 4280 4279
f 4864 4863 4745
f 4745 4863 4742
f 5366 4867 5011
f 5011 4867 4866
f 4871 4884 4872
f 4872 4884 4883
f 4872 4883 4117
f 4117 4883 6281
f 6284 4851 6283
f 6283 4851 4795
f 4852 4866 4853
f 4853 4866 4865
f 4871 4870 4856
f 4856 4870 5207
f 4717 4716 4864
f 4864 4716 4861
f 4868 4867 4862
f 4862 4867 4863
f 4268 4855 4269
f 4269 4855 4854
f 4281 4274 4282
f 4282 4274 4765
f 4744 4743 4907
f 4907 4743 4904
f 4874 4881 4820
f 4820 4881 4880
f 4885 5013 4886
f 4886 5013 4980
f 4888 4275 4281
f 4281 4275 4274
f 4902 6282 4903
f 4903 6282 6281
f 6283 4979 6284
f 6284 4979 4978
f 4282 4765 4269
f 4269 4765 4266
f 4880 4879 4902
f 4902 4879 6282
f 4903 6281 4886
f 4886 6281 4883
f 4882 4881 6283
f 6283 4881 4979
f 5013 4885 4267
f 4267 4885 4268
f 4888 4887 4744
f 4744 4887 4745
f 4410 6285 4411
f 4411 6285 4812
f 4750 4749 6286
f 6286 4749 6287
f 6289 4695 6288
f 6288 4695 4255
f 4750 4675 4751
f 4751 4675 4965
f 6290 6291 4963
f 4963 6291 4960
f 4807 4806 4411
f 4411 4806 4408
f 6292 6293 4959
f 4959 6293 4956
f 4958 6294 4959
f 4959 6294 4955
f 4962 4964 4963
f 4963 4964 4805
f 4962 4961 4751
f 4751 4961 4748
f 6296 6297 6295
f 6295 6297 6298
f 6299 6300 6288
f 6288 6300 4735
f 6302 4961 6301
f 6301 4961 4960
f 6304 6287 6303
f 6303 6287 4749
f 4968 6305 4969
f 4969 6305 6306
f 4413 6308 6307
f 6307 6308 4900
f 6301 4960 6309
f 6309 4960 6291
f 4412 4408 6310
f 6310 4408 4806
f 4696 6311 4256
f 4256 6311 6312
f 6303 4749 6313
f 6313 4749 4748
f 6313 4748 6302
f 6302 4748 4961
f 6315 6316 6314
f 6314 6316 6317
f 4084 6318 6315
f 6315 6318 6316
f 4083 6319 4084
f 4084 6319 6318
f 4112 6320 4083
f 4083 6320 6319
f 6322 4138 6321
f 6321 4138 4137
f 6324 4128 6323
f 6323 4128 4127
f 4127 4193 6323
f 6323 4193 6325
f 4193 4891 6325
f 6325 4891 6326
f 4891 6327 6326
f 6326 6327 6328
f 6327 4824 5227
f 5227 4824 5228
f 5231 4684 6329
f 6329 4684 4683
f 4683 4099 6329
f 6329 4099 6330
f 4099 4102 6330
f 6330 4102 6331
f 4174 4826 4429
f 4429 4826 4829
f 4173 4741 4174
f 4174 4741 4826
f 4180 4738 4173
f 4173 4738 4741
f 6332 6333 4180
f 4180 6333 4738
f 6274 6334 4186
f 4186 6334 4188
f 4181 4825 4180
f 4180 4825 6332
f 5044 5213 5045
f 5045 5213 5165
f 5046 5087 5047
f 5047 5087 5222
f 5077 5063 5078
f 5078 5063 5198
f 5081 5099 5082
f 5082 5099 5194
f 5095 5074 5096
f 5096 5074 5073
f 5373 5170 5096
f 5096 5170 5093
f 5375 5171 5373
f 5373 5171 5170
f 5047 5222 5375
f 5375 5222 5171
f 5046 5038 5376
f 5376 5038 5067
f 5377 5086 5376
f 5376 5086 5085
f 5045 5165 5377
f 5377 5165 5086
f 5378 5214 5044
f 5044 5214 5213
f 5077 5034 5378
f 5378 5034 5214
f 5082 5194 5078
f 5078 5194 5035
f 5081 5080 5379
f 5379 5080 6335
f 5379 6335 5095
f 5095 6335 5074
f 5032 5080 5033
f 5033 5080 5079
f 5040 5017 5041
f 5041 5017 5016
f 5050 5043 5051
f 5051 5043 5042
f 5065 5023 5066
f 5066 5023 5022
f 5050 5049 5065
f 5065 5049 5023
f 5041 5016 5068
f 5068 5016 5020
f 5071 5374 5072
f 5072 5374 5200
f 5075 5156 5076
f 5076 5156 5155
f 5162 5212 5068
f 5068 5212 5067
f 5075 5074 5192
f 5192 5074 6335
f 5066 5022 5199
f 5199 5022 5196
f 5076 5155 5072
f 5072 5155 5069
f 5040 5039 5071
f 5071 5039 5374
f 5162 5161 5051
f 5051 5161 5048
f 5192 6335 5032
f 5032 6335 5080
f 5199 5196 5033
f 5033 5196 5030
f 5018 5211 5019
f 5019 5211 5408
f 5019 5408 5021
f 5021 5408 5163
f 5024 5057 5025
f 5025 5057 5415
f 5028 5048 5029
f 5029 5048 5161
f 5054 5031 5055
f 5055 5031 5030
f 5024 5023 5058
f 5058 5023 5049
f 5061 5070 5062
f 5062 5070 5069
f 5157 5438 5158
f 5158 5438 5442
f 5160 5191 5054
f 5054 5191 5031
f 5029 5161 5021
f 5021 5161 5020
f 5025 5415 5197
f 5197 5415 5220
f 5158 5442 5062
f 5062 5442 5059
f 5018 5017 5061
f 5061 5017 5070
f 5160 5159 5157
f 5157 5159 5438
f 5028 5027 5058
f 5058 5027 5056
f 5055 5030 5197
f 5197 5030 5196
f 5409 5380 5410
f 5410 5380 6336
f 5026 5413 5027
f 5027 5413 5412
f 5396 5417 5393
f 5393 5417 5416
f 5416 5057 5419
f 5419 5057 5056
f 5417 5396 5426
f 5426 5396 5420
f 5427 5423 5428
f 5428 5423 5422
f 5427 5059 5430
f 5430 5059 5442
f 5409 5408 5433
f 5433 5408 5211
f 5433 5211 5428
f 5428 5211 5060
f 5412 5411 5419
f 5419 5411 5418
f 5436 5053 5437
f 5437 5053 5052
f 5439 5402 5440
f 5440 5402 5401
f 5436 5435 5439
f 5439 5435 5402
f 5410 6336 5413
f 5413 6336 5414
f 5440 5401 5430
f 5430 5401 5429
f 5426 5420 5437
f 5437 5420 5434
f 5382 5432 5383
f 5383 5432 5384
f 5386 6336 5383
f 5383 6336 5380
f 6336 5386 5414
f 5414 5386 5388
f 5391 5418 5392
f 5392 5418 5411
f 5705 5395 5704
f 5704 5395 5394
f 5399 5435 5400
f 5400 5435 5434
f 5403 5441 5404
f 5404 5441 5405
f 5407 5429 5404
f 5404 5429 5401
f 5395 5705 5421
f 5421 5705 5748
f 5424 5706 5425
f 5425 5706 5431
f 5391 5390 5394
f 5394 5390 5704
f 5392 5388 5389
f 5389 5388 5387
f 5382 5381 5425
f 5425 5381 5422
f 5407 5406 5424
f 5424 5406 5706
f 5403 5402 5399
f 5399 5402 5435
f 5421 5748 5400
f 5400 5748 5397
f 4097 4721 4098
f 4098 4721 4231
f 4233 5273 4098
f 4098 5273 4095
f 6337 6338 4785
f 4785 6338 4786
f 4076 4780 4073
f 4073 4780 4781
f 4782 4190 4781
f 4781 4190 4073
f 4783 4901 4782
f 4782 4901 4190
f 4780 4076 4097
f 4097 4076 4721
f 6337 2879 4701
f 4701 2879 2878
f 5280 6339 5272
f 5272 6339 6340
f 5282 5281 6341
f 6341 5281 6342
f 4109 6302 4110
f 4110 6302 6301
f 4283 6304 4284
f 4284 6304 6303
f 6305 4379 6306
f 6306 4379 4378
f 4110 6301 4428
f 4428 6301 6309
f 6310 4688 4412
f 4412 4688 4687
f 4284 6303 4753
f 4753 6303 6313
f 4753 6313 4109
f 4109 6313 6302
f 6343 5226 4428
f 4428 5226 4427
f 4147 4900 4416
f 4416 4900 6308
f 6312 6311 4241
f 4241 6311 4720
f 5223 6344 4702
f 4702 6344 4699
f 4221 4220 6345
f 6345 4220 6346
f 5276 5275 6347
f 6347 5275 6348
f 5275 4728 6348
f 6348 4728 6349
f 4727 6350 5284
f 5284 6350 5285
f 6351 6352 6354
f 6354 6352 6353
f 5313 5312 5292
f 5292 5312 5293
f 5312 5344 5293
f 5293 5344 5337
f 5344 4914 5337
f 5337 4914 4916
f 4914 4913 4916
f 4916 4913 4917
f 4913 6355 4917
f 4917 6355 4978
f 6356 6357 6284
f 6284 6357 5012
f 6357 6358 5012
f 5012 6358 5011
f 5011 6358 5366
f 5366 6358 6359
f 6360 4742 6359
f 6359 4742 5366
f 4743 6361 4904
f 4904 6361 5364
f 5363 4905 5364
f 5364 4905 4904
f 5363 6362 4905
f 4905 6362 4207
f 6362 6363 4207
f 4207 6363 4208
f 6363 5342 4208
f 4208 5342 5330
f 5342 5341 5330
f 5330 5341 4244
f 5341 6364 4244
f 4244 6364 4245
f 6364 6365 4245
f 4245 6365 4246
f 6366 6367 4253
f 4253 6367 4250
f 4214 6368 4211
f 4211 6368 4380
f 4380 4379 4211
f 4211 4379 4283
f 4379 6305 4283
f 4283 6305 6304
f 6305 4968 6304
f 6304 4968 6287
f 4968 4967 6287
f 6287 4967 6286
f 4967 6297 6286
f 6286 6297 4676
f 6296 4376 4288
f 4288 4376 4285
f 4376 4373 4285
f 4285 4373 4290
f 6369 6370 6372
f 6372 6370 6371
f 5245 6373 5246
f 5246 6373 6374
f 4317 6375 4318
f 4318 6375 6376
f 4331 6377 4332
f 4332 6377 6378
f 6379 4333 6376
f 6376 4333 4318
f 4343 6380 4344
f 4344 6380 6381
f 4347 6382 4348
f 4348 6382 6383
f 4374 6371 4331
f 4331 6371 6377
f 4333 6379 4426
f 4426 6379 6384
f 4690 6385 4347
f 4347 6385 6382
f 4332 6378 4317
f 4317 6378 6375
f 4922 6386 4923
f 4923 6386 6387
f 6388 6389 4375
f 4375 6389 6390
f 6355 6356 4978
f 4978 6356 6284
f 4742 6360 4743
f 4743 6360 6361
f 6391 4238 6392
f 6392 4238 4719
f 6392 4719 6393
f 6393 4719 5296
f 6395 6396 6394
f 6394 6396 6397
f 6399 6400 6398
f 6398 6400 6401
f 6402 5302 6403
f 6403 5302 5303
f 5303 5321 6403
f 6403 5321 6404
f 5320 6405 5321
f 5321 6405 6404
f 5319 6406 5350
f 5350 6406 5351
f 5319 5318 6406
f 6406 5318 6407
f 5288 4197 6408
f 6408 4197 6409
f 4217 4216 6410
f 6410 4216 6411
f 5227 6412 6327
f 6327 6412 6328
f 4892 6413 5227
f 5227 6413 6412
f 4228 6414 4892
f 4892 6414 6413
f 4227 6415 4228
f 4228 6415 6414
f 4248 6416 4227
f 4227 6416 6415
f 4247 6417 4248
f 4248 6417 6416
f 6417 4247 6419
f 6419 4247 6418
f 6419 6418 6421
f 6421 6418 6420
f 6422 5301 6423
f 6423 5301 5300
f 6423 5300 6424
f 6424 5300 6399
f 6408 6409 6398
f 6398 6409 6425
f 6426 6427 6397
f 6397 6427 6394
f 6428 4224 6429
f 6429 4224 4223
f 6347 6346 5276
f 5276 6346 4220
f 6346 6347 6341
f 6341 6347 6339
f 5280 5278 5282
f 5282 5278 4236
f 4896 5224 4684
f 4684 5224 4681
f 4132 4135 4896
f 4896 4135 5224
f 4131 4136 4132
f 4132 4136 4135
f 4226 4754 4131
f 4131 4754 4136
f 4251 4213 4226
f 4226 4213 4754
f 4250 4214 4251
f 4251 4214 4213
f 4250 6367 4214
f 4214 6367 6368
f 6367 4910 6368
f 6368 4910 4737
f 4909 5297 4736
f 4736 5297 5296
f 5297 6395 5296
f 5296 6395 6393
f 6427 6430 6394
f 6394 6430 6431
f 6429 4383 6428
f 6428 4383 4382
f 4219 5277 4220
f 4220 5277 5276
f 4222 4697 4383
f 4383 4697 4218
f 6345 4699 4221
f 4221 4699 6344
f 6342 4700 6345
f 6345 4700 4699
f 4235 4786 5281
f 5281 4786 6338
f 4234 4787 4235
f 4235 4787 4786
f 5279 5278 6432
f 6432 5278 5271
f 4237 5279 6433
f 6433 5279 6432
f 4787 4234 6433
f 6433 4234 4237
f 6435 6436 6434
f 6434 6436 6437
f 6359 6438 6360
f 6360 6438 6437
f 6439 6440 6441
f 6441 6440 6438
f 6443 6439 6442
f 6442 6439 6441
f 6357 6356 6442
f 6442 6356 6444
f 6444 6446 6445
f 6445 6446 6447
f 4912 6446 4913
f 4913 6446 6355
f 6361 6436 5364
f 5364 6436 5365
f 5319 5350 5316
f 5316 5350 6448
f 4832 6449 5350
f 5350 6449 6448
f 4831 6450 4832
f 4832 6450 6449
f 5354 6451 5320
f 5320 6451 6405
f 4265 6452 5354
f 5354 6452 6451
f 4264 6453 4265
f 4265 6453 6452
f 6450 4831 6447
f 6447 4831 6445
f 4263 6435 4264
f 4264 6435 6434
f 6454 6453 6439
f 6439 6453 6440
f 6439 6443 6454
f 6454 6443 4834
f 4833 6455 4834
f 4834 6455 6454
f 5351 6456 4833
f 4833 6456 6455
f 6457 6391 6458
f 6458 6391 6392
f 6458 6392 6431
f 6431 6392 6393
f 5298 6396 5297
f 5297 6396 6395
f 6402 6400 5302
f 5302 6400 5299
f 6402 6403 6459
f 6459 6403 6460
f 6460 6403 6461
f 6461 6403 6404
f 6405 6462 6404
f 6404 6462 6461
f 6406 6462 5351
f 5351 6462 6456
f 6406 6407 6462
f 6462 6407 6461
f 6407 6463 6461
f 6461 6463 6460
f 6463 6464 6460
f 6460 6464 6459
f 6464 6465 6459
f 6459 6465 6401
f 6430 6466 6431
f 6431 6466 6458
f 6466 6410 6458
f 6458 6410 6457
f 6410 6411 6457
f 6457 6411 6467
f 6396 6424 6397
f 6397 6424 6425
f 6393 6395 6431
f 6431 6395 6394
f 6451 6456 6405
f 6405 6456 6462
f 6452 6455 6451
f 6451 6455 6456
f 6453 6454 6452
f 6452 6454 6455
f 6443 6445 4834
f 4834 6445 4831
f 6440 6453 6434
f 6434 6453 4264
f 6468 5306 5360
f 5360 5306 5305
f 6469 4124 6468
f 6468 4124 5306
f 6470 4125 6469
f 6469 4125 4124
f 6471 5291 6470
f 6470 5291 4125
f 6353 5292 6471
f 6471 5292 5291
f 5292 6353 5313
f 5313 6353 6352
f 5347 5314 6352
f 6352 5314 5313
f 5353 5318 5346
f 5346 5318 5317
f 5334 6468 5358
f 5358 6468 5360
f 5324 6469 5334
f 5334 6469 6468
f 5323 6470 5324
f 5324 6470 6469
f 5343 6471 5323
f 5323 6471 6470
f 6354 6353 5343
f 5343 6353 6471
f 6348 6349 4270
f 4270 6349 5311
f 5272 6340 5273
f 5273 6340 4272
f 6432 5271 4232
f 4232 5271 4233
f 4294 6432 4295
f 4295 6432 4232
f 6432 4294 6433
f 6433 4294 4301
f 4301 4300 6433
f 6433 4300 4787
f 4704 4784 4300
f 4300 4784 4787
f 4704 3013 4784
f 4784 3013 1307
f 5103 6472 5104
f 5104 6472 5202
f 5108 5116 5105
f 5105 5116 5115
f 5111 5124 5112
f 5112 5124 5123
f 5154 5205 5105
f 5105 5205 5106
f 5167 5180 5168
f 5168 5180 5185
f 5175 5188 5176
f 5176 5188 5187
f 5112 5123 5178
f 5178 5123 5120
f 5167 5090 5183
f 5183 5090 5089
f 5210 5151 5183
f 5183 5151 5181
f 5216 5138 5217
f 5217 5138 5137
f 5218 5119 5219
f 5219 5119 5221
f 5218 5178 5119
f 5119 5178 5120
f 5217 5137 5104
f 5104 5137 5101
f 5116 5108 5221
f 5221 5108 5219
f 5111 5110 5210
f 5210 5110 5151
f 5154 5153 5103
f 5103 5153 6472
f 5216 5215 5176
f 5176 5215 5173
f 5175 5174 5168
f 5168 5174 5166
f 5091 5172 5092
f 5092 5172 5208
f 5117 5037 5118
f 5118 5037 5036
f 5121 5164 5122
f 5122 5164 5133
f 5125 5084 5126
f 5126 5084 5083
f 5129 5174 5130
f 5130 5174 5173
f 5131 5202 5132
f 5132 5202 6472
f 5135 5221 5122
f 5122 5221 5119
f 5125 5124 5136
f 5136 5124 5209
f 5126 5083 5121
f 5121 5083 5164
f 5118 5036 5195
f 5195 5036 5193
f 5131 5097 5203
f 5203 5097 5114
f 5132 6472 5195
f 5195 6472 5153
f 5136 5209 5092
f 5092 5209 5089
f 5135 5134 5117
f 5117 5134 5037
f 5362 5206 5130
f 5130 5206 5127
f 5372 5371 5128
f 5128 5371 5129
f 5371 5372 5091
f 5091 5372 5172
f 5362 5215 5203
f 5203 5215 5201
f 6463 6407 5353
f 5353 6407 5318
f 6464 6463 5352
f 5352 6463 5353
f 6408 6465 5288
f 5288 6465 5289
f 4196 4224 6426
f 6426 4224 6427
f 6430 6427 6428
f 6428 6427 4224
f 6466 6430 4382
f 4382 6430 6428
f 6410 6466 4217
f 4217 6466 4382
f 4240 4239 3015
f 3015 4239 3016
f 4254 4257 3017
f 3017 4257 3018
f 6473 6474 4732
f 4732 6474 6475
f 6474 6374 6475
f 6475 6374 6373
f 5246 6374 3022
f 3022 6374 3023
f 4254 6299 4255
f 4255 6299 6288
f 6473 6300 3024
f 3024 6300 3025
f 6476 4257 6312
f 6312 4257 4256
f 4240 6476 4241
f 4241 6476 6312
f 6477 4239 6391
f 6391 4239 4238
f 6467 6477 6457
f 6457 6477 6391
f 6411 3029 6467
f 6467 3029 3028
f 4216 3030 6411
f 6411 3030 3029
f 6479 6480 6478
f 6478 6480 6481
f 6483 6484 6482
f 6482 6484 6485
f 6486 6487 4102
f 4102 6487 6331
f 6483 6488 6478
f 6478 6488 6489
f 4429 4829 6490
f 6490 4829 6479
f 6491 6486 4101
f 4101 6486 4102
f 4895 6491 4899
f 4899 6491 4101
f 4160 6488 4157
f 4157 6488 6492
f 6489 4087 6490
f 6490 4087 4090
f 4267 4261 5013
f 5013 4261 4260
f 4258 4261 5328
f 5328 4261 4975
f 4261 4267 4975
f 4975 4267 4266
f 5367 3793 3912
f 3912 3793 3575
f 6494 3616 6493
f 6493 3616 3795
f 6496 3589 6495
f 6495 3589 3588
f 6495 3588 5368
f 5368 3588 3794
f 3841 3840 3050
f 3050 3840 3051
f 3912 3911 3052
f 3052 3911 3053
f 3929 3930 3054
f 3054 3930 3055
f 5370 3930 3916
f 3916 3930 3923
f 3938 5369 3807
f 3807 5369 3915
f 3589 6496 3806
f 3806 6496 3937
f 3938 3937 3056
f 3056 3937 3057
f 3051 3840 3058
f 3058 3840 3943
f 3730 4808 3727
f 3727 4808 3943
f 3820 3951 3795
f 3795 3951 6493
f 3951 3841 3059
f 3059 3841 3050
f 3911 3574 6494
f 6494 3574 3616
f 3823 3929 3824
f 3824 3929 3952
f 4061 4060 3060
f 3060 4060 3061
f 6497 6498 4901
f 4901 6498 4790
f 6333 6499 4738
f 4738 6499 4739
f 6500 6501 6314
f 6314 6501 4418
f 6502 6275 4417
f 4417 6275 4185
f 6503 6497 4783
f 4783 6497 4901
f 6498 4060 4790
f 4790 4060 4059
f 4808 4061 3069
f 3069 4061 3060
f 5367 3071 5368
f 5368 3071 3070
f 5369 3073 5370
f 5370 3073 3072
f 6274 6275 3074
f 3074 6275 3075
f 6499 6504 4739
f 4739 6504 6317
f 6333 6332 3077
f 3077 6332 3078
f 6334 6274 3079
f 3079 6274 3074
f 6332 4825 3078
f 3078 4825 3080
f 6334 6503 4188
f 4188 6503 4783
f 4825 4689 3080
f 3080 4689 1330
f 6506 4747 6505
f 6505 4747 4746
f 6505 6507 6506
f 6506 6507 6508
f 4297 6509 4920
f 4920 6509 6510
f 4296 6511 4297
f 4297 6511 6509
f 6506 6508 4319
f 4319 6508 6512
f 4372 4371 6514
f 6514 4371 6513
f 6511 4296 5251
f 5251 4296 4305
f 5251 5250 6511
f 6511 5250 6515
f 6516 6509 6515
f 6515 6509 6511
f 6517 6507 6519
f 6519 6507 6518
f 6512 6520 6513
f 6513 6520 6514
f 6507 6517 6508
f 6508 6517 6521
f 5249 6523 6522
f 6522 6523 6524
f 6525 6370 5253
f 5253 6370 6526
f 4370 4323 4371
f 4371 4323 4326
f 4370 3103 4323
f 4323 3103 1541
f 6521 6517 6527
f 6527 6517 6519
f 6520 6528 6514
f 6514 6528 6529
f 6531 6532 6530
f 6530 6532 6533
f 5250 6534 6515
f 6515 6534 6535
f 6530 6533 6536
f 6536 6533 6537
f 6526 6538 6534
f 6534 6538 6537
f 6515 6535 6516
f 6516 6535 6539
f 4325 4321 4326
f 4326 4321 4320
f 4371 4326 6513
f 6513 4326 4320
f 6531 4731 6541
f 6541 4731 6540
f 4731 4730 6540
f 6540 4730 6542
f 4730 3121 6542
f 6542 3121 3120
f 6530 4328 6531
f 6531 4328 4731
f 4328 6530 4329
f 4329 6530 6536
f 4329 6536 6524
f 6524 6536 6543
f 6544 6545 6522
f 6522 6545 5248
f 6389 6388 5245
f 5245 6388 6373
f 6388 6546 6373
f 6373 6546 6475
f 4733 6546 6295
f 6295 6546 4377
f 4732 6475 4733
f 4733 6475 6546
f 4393 4432 4394
f 4394 4432 4435
f 4434 4672 4842
f 4842 4672 4671
f 4440 4439 4441
f 4441 4439 4438
f 4436 4450 4437
f 4437 4450 4398
f 4447 4444 4448
f 4448 4444 4392
f 4446 4464 4433
f 4433 4464 6547
f 4454 4423 4455
f 4455 4423 4422
f 4452 4481 4453
f 4453 4481 4480
f 4458 4389 4459
f 4459 4389 4388
f 4456 4471 4457
f 4457 4471 4468
f 4391 4460 4392
f 4392 4460 4448
f 4461 4467 4445
f 4445 4467 4465
f 4437 4398 4629
f 4629 4398 4397
f 4438 4628 4441
f 4441 4628 4631
f 4841 4629 4839
f 4839 4629 4397
f 4628 4842 4631
f 4631 4842 4671
f 4930 4989 4452
f 4452 4989 4481
f 4929 4927 4436
f 4436 4927 4450
f 4933 4387 4934
f 4934 4387 4386
f 4931 4475 4932
f 4932 4475 4474
f 4936 4449 4933
f 4933 4449 4387
f 4935 4472 4456
f 4456 4472 4471
f 4389 4458 4391
f 4391 4458 4460
f 4457 4468 4461
f 4461 4468 4467
f 4934 4386 4454
f 4454 4386 4423
f 4453 4480 4931
f 4931 4480 4475
f 4575 4997 4576
f 4576 4997 4639
f 4579 4596 4580
f 4580 4596 4595
f 4583 4582 4572
f 4572 4582 4569
f 4587 4944 4588
f 4588 4944 4562
f 4588 4562 4590
f 4590 4562 4561
f 4576 4639 4642
f 4642 4639 4638
f 4642 4845 4641
f 4641 4845 4846
f 4845 4590 4846
f 4846 4590 4561
f 4941 4938 4595
f 4595 4938 4580
f 4938 4940 4668
f 4668 4940 4669
f 4583 4942 4584
f 4584 4942 4947
f 4582 4587 4569
f 4569 4587 4586
f 5000 5001 4579
f 4579 5001 4596
f 4558 4560 4585
f 4585 4560 4586
f 4565 4639 4566
f 4566 4639 4997
f 4568 4567 4577
f 4577 4567 4578
f 4570 4554 4571
f 4571 4554 4556
f 4640 4565 4637
f 4637 4565 4546
f 4662 4664 4665
f 4665 4664 4844
f 4662 4558 4589
f 4589 4558 4585
f 4554 4570 4557
f 4557 4570 4560
f 4571 4667 4572
f 4572 4667 4943
f 4551 4670 4552
f 4552 4670 4666
f 4640 4664 4638
f 4638 4664 4663
f 4670 4568 4668
f 4668 4568 4577
f 4999 4996 4566
f 4566 4996 4543
f 4608 4564 4603
f 4603 4564 4563
f 4573 4593 4574
f 4574 4593 4592
f 4597 4614 4598
f 4598 4614 4613
f 4601 4600 4584
f 4584 4600 4581
f 4563 4562 4604
f 4604 4562 4944
f 4643 4593 4641
f 4641 4593 4573
f 4643 4847 4644
f 4644 4847 4848
f 4564 4847 4561
f 4561 4847 4846
f 4945 4941 4598
f 4598 4941 4595
f 4941 4945 4939
f 4939 4945 4946
f 4601 4948 4602
f 4602 4948 4620
f 4600 4604 4581
f 4581 4604 4944
f 5002 5003 4597
f 4597 5003 4614
f 4988 4759 4953
f 4953 4759 4402
f 4706 6548 4707
f 4707 6548 6549
f 4311 4928 4419
f 4419 4928 6550
f 4921 4920 6551
f 6551 4920 6552
f 4925 6553 4926
f 4926 6553 6554
f 4928 4921 4802
f 4802 4921 6551
f 6555 4985 6550
f 6550 4985 4419
f 4952 6556 4953
f 4953 6556 4649
f 4971 6557 4706
f 4706 6557 6548
f 4988 4648 4925
f 4925 4648 6553
f 4707 6549 5006
f 5006 6549 4987
f 4920 6510 6552
f 6552 6510 6518
f 6558 6510 6516
f 6516 6510 6509
f 6559 6558 6539
f 6539 6558 6516
f 6531 6541 6532
f 6532 6541 6560
f 6540 6561 6541
f 6541 6561 6529
f 6542 6562 6540
f 6540 6562 6561
f 6542 3120 6562
f 6562 3120 3142
f 4366 6563 4760
f 4760 6563 4970
f 4815 6564 4816
f 4816 6564 6565
f 3147 3146 6565
f 6565 3146 4816
f 6564 6563 6565
f 6565 6563 6566
f 4837 4385 4357
f 4357 4385 4358
f 6565 6566 3147
f 3147 6566 3149
f 4694 1209 3150
f 5247 5249 5248
f 5248 5249 6522
f 6372 6390 6545
f 6545 6390 6389
f 6375 5254 6376
f 6376 5254 5258
f 6377 6525 6378
f 6378 6525 5255
f 5260 6379 5258
f 5258 6379 6376
f 6380 6567 6381
f 6381 6567 6568
f 6382 6569 6383
f 6383 6569 6570
f 6377 6371 6525
f 6525 6371 6370
f 6379 5260 6384
f 6384 5260 6571
f 6385 6572 6382
f 6382 6572 6569
f 6378 5255 6375
f 6375 5255 5254
f 6386 6573 6387
f 6387 6573 6574
f 6545 6389 5248
f 5248 6389 5245
f 4675 4750 4676
f 4676 4750 6286
f 4734 6289 4735
f 4735 6289 6288
f 4804 6290 4805
f 4805 6290 4963
f 4811 4807 4812
f 4812 4807 4411
f 4954 6292 4955
f 4955 6292 4959
f 4964 4962 4965
f 4965 4962 4751
f 6285 4821 4812
f 4812 4821 4809
f 4675 4287 4965
f 4965 4287 4210
f 6294 4145 4955
f 4955 4145 4154
f 4964 4120 4805
f 4805 4120 4119
f 6298 4966 4734
f 4734 4966 6289
f 6300 6473 4735
f 4735 6473 4732
f 6297 6296 4676
f 4676 6296 4288
f 6523 3160 4330
f 4330 3160 3159
f 5253 5252 6525
f 6525 5252 5255
f 5256 5252 4305
f 4305 5252 5251
f 4304 5257 4305
f 4305 5257 5256
f 4424 5259 4304
f 4304 5259 5257
f 5261 6571 5259
f 5259 6571 5260
f 5262 6573 5261
f 5261 6573 6571
f 5264 6567 5265
f 5265 6567 6574
f 5266 6572 5267
f 5267 6572 6568
f 5268 6570 5269
f 5269 6570 6569
f 1807 3161 5268
f 5268 3161 6570
f 6524 6523 4329
f 4329 6523 4330
f 5253 6526 5250
f 5250 6526 6534
f 6543 6538 6544
f 6544 6538 6369
f 6524 6543 6522
f 6522 6543 6544
f 3071 5367 3052
f 3052 5367 3912
f 6493 3163 6494
f 6494 3163 3162
f 3164 445 3771
f 3771 445 3761
f 461 3165 3919
f 3919 3165 3920
f 330 410 3839
f 3839 410 3910
f 332 331 3552
f 3552 331 3551
f 464 304 3918
f 3918 304 3816
f 385 458 3766
f 3766 458 3894
f 412 415 3762
f 3762 415 3763
f 3166 337 3748
f 3748 337 3745
f 3072 3055 5370
f 5370 3055 3930
f 3073 5369 3056
f 3056 5369 3938
f 3167 3057 6496
f 6496 3057 3937
f 3069 3058 4808
f 4808 3058 3943
f 411 3166 3851
f 3851 3166 3748
f 3059 3163 3951
f 3951 3163 6493
f 336 3164 3772
f 3772 3164 3771
f 3053 3911 3162
f 3162 3911 6494
f 3054 3168 3929
f 3929 3168 3952
f 3165 830 3920
f 3920 830 3945
f 3170 3169 6497
f 6497 3169 6498
f 3171 1354 5005
f 5005 1354 4830
f 3172 3170 6503
f 6503 3170 6497
f 3169 3061 6498
f 6498 3061 4060
f 3173 3171 5006
f 5006 3171 5005
f 3079 3172 6334
f 6334 3172 6503
f 3174 3025 6299
f 6299 3025 6300
f 6576 6577 6575
f 6575 6577 6578
f 4612 4611 6579
f 6579 4611 6580
f 6582 6583 6581
f 6581 6583 6584
f 6584 6585 4618
f 4618 6585 4621
f 6586 6587 6589
f 6589 6587 6588
f 6588 6587 6590
f 6590 6587 6591
f 6592 4606 6590
f 6590 4606 4623
f 6594 6576 6593
f 6593 6576 6575
f 6595 6582 6579
f 6579 6582 6581
f 6580 6597 6596
f 6596 6597 6598
f 6577 6576 6599
f 6599 6576 6600
f 6595 6596 6601
f 6601 6596 6602
f 6583 6582 6603
f 6603 6582 6604
f 6586 6606 6605
f 6605 6606 6607
f 6587 6586 6608
f 6608 6586 6605
f 6587 6608 6591
f 6591 6608 6609
f 6576 6594 6600
f 6600 6594 6610
f 6582 6595 6604
f 6604 6595 6601
f 6599 6611 6577
f 6577 6611 6598
f 6613 6614 6612
f 6612 6614 6615
f 6617 6618 6616
f 6616 6618 6619
f 6621 6622 6620
f 6620 6622 6623
f 6625 6626 6624
f 6624 6626 6627
f 6629 6630 6628
f 6628 6630 6631
f 6633 6634 6632
f 6632 6634 6635
f 6637 6638 6636
f 6636 6638 6639
f 6640 6641 6637
f 6637 6641 6638
f 6643 6633 6642
f 6642 6633 6632
f 6645 6646 6644
f 6644 6646 6647
f 6646 6648 6647
f 6647 6648 6649
f 6651 6652 6650
f 6650 6652 6653
f 6653 6652 6654
f 6654 6652 6655
f 6656 6657 6659
f 6659 6657 6658
f 6661 6662 6660
f 6660 6662 6663
f 6662 6661 6664
f 6664 6661 6665
f 6667 6657 6666
f 6666 6657 6656
f 6669 6670 6668
f 6668 6670 6671
f 6672 6673 6670
f 6670 6673 6671
f 6674 6675 6677
f 6677 6675 6676
f 6675 6678 6676
f 6676 6678 6679
f 6681 6682 6680
f 6680 6682 6683
f 6684 6685 6683
f 6683 6685 6680
f 6687 6688 6686
f 6686 6688 6689
f 6687 6690 6688
f 6688 6690 6691
f 6619 6618 6633
f 6633 6618 6634
f 6632 6635 6693
f 6693 6635 6692
f 6617 6694 6636
f 6636 6694 6637
f 6695 6692 6639
f 6639 6692 6635
f 6637 6694 6640
f 6640 6694 6696
f 6698 6638 6697
f 6697 6638 6641
f 6643 6616 6633
f 6633 6616 6619
f 6642 6699 6641
f 6641 6699 6697
f 6646 6645 6700
f 6700 6645 6621
f 6644 6701 6654
f 6654 6701 6702
f 6700 6703 6646
f 6646 6703 6648
f 6693 6704 6649
f 6649 6704 6647
f 6620 6623 6651
f 6651 6623 6652
f 6693 6649 6699
f 6699 6649 6650
f 6652 6623 6655
f 6655 6623 6622
f 6654 6702 6653
f 6653 6702 6697
f 6615 6614 6657
f 6657 6614 6658
f 6705 6656 6704
f 6704 6656 6659
f 6613 6706 6660
f 6660 6706 6661
f 6704 6659 6701
f 6701 6659 6663
f 6661 6706 6665
f 6665 6706 6707
f 6708 6702 6664
f 6664 6702 6662
f 6612 6615 6667
f 6667 6615 6657
f 6666 6709 6664
f 6664 6709 6708
f 6629 6710 6669
f 6669 6710 6670
f 6668 6711 6679
f 6679 6711 6712
f 6713 6672 6710
f 6710 6672 6670
f 6714 6671 6705
f 6705 6671 6673
f 6628 6631 6674
f 6674 6631 6675
f 6705 6673 6709
f 6709 6673 6677
f 6631 6630 6675
f 6675 6630 6678
f 6712 6708 6679
f 6679 6708 6676
f 6625 6715 6682
f 6682 6715 6683
f 6716 6717 6681
f 6681 6717 6691
f 6718 6684 6715
f 6715 6684 6683
f 6719 6680 6714
f 6714 6680 6685
f 6624 6627 6686
f 6686 6627 6687
f 6689 6711 6685
f 6685 6711 6714
f 6627 6626 6687
f 6687 6626 6690
f 6717 6712 6691
f 6691 6712 6688
f 6612 6707 6613
f 6613 6707 6706
f 6616 6696 6617
f 6617 6696 6694
f 6703 6700 6620
f 6620 6700 6621
f 6715 6625 6718
f 6718 6625 6624
f 6710 6629 6713
f 6713 6629 6628
f 6639 6635 6636
f 6636 6635 6634
f 6641 6640 6642
f 6642 6640 6643
f 6654 6655 6644
f 6644 6655 6645
f 6651 6650 6648
f 6648 6650 6649
f 6659 6658 6663
f 6663 6658 6660
f 6665 6667 6664
f 6664 6667 6666
f 6678 6669 6679
f 6679 6669 6668
f 6673 6672 6677
f 6677 6672 6674
f 6690 6682 6691
f 6691 6682 6681
f 6685 6684 6689
f 6689 6684 6686
f 6636 6634 6617
f 6617 6634 6618
f 6638 6698 6639
f 6639 6698 6695
f 6640 6696 6643
f 6643 6696 6616
f 6693 6699 6632
f 6632 6699 6642
f 6655 6622 6645
f 6645 6622 6621
f 6704 6701 6647
f 6647 6701 6644
f 6651 6648 6620
f 6620 6648 6703
f 6650 6653 6699
f 6699 6653 6697
f 6613 6660 6614
f 6614 6660 6658
f 6663 6662 6701
f 6701 6662 6702
f 6665 6707 6667
f 6667 6707 6612
f 6705 6709 6656
f 6656 6709 6666
f 6630 6629 6678
f 6678 6629 6669
f 6714 6711 6671
f 6671 6711 6668
f 6672 6713 6674
f 6674 6713 6628
f 6677 6676 6709
f 6709 6676 6708
f 6626 6625 6690
f 6690 6625 6682
f 6680 6719 6681
f 6681 6719 6716
f 6684 6718 6686
f 6686 6718 6624
f 6711 6689 6712
f 6689 6688 6712
f 6593 6720 6594
f 6594 6720 6721
f 6722 6720 4607
f 4607 6720 4849
f 6592 6723 6722
f 6722 6723 6724
f 4610 4609 6578
f 6578 4609 6575
f 6596 6595 6580
f 6580 6595 6579
f 4618 4617 6584
f 6584 4617 6581
f 6589 6585 6586
f 6586 6585 6606
f 4622 4619 6588
f 6588 4619 6589
f 4622 6588 4623
f 4623 6588 6590
f 4609 4645 6575
f 6575 4645 6593
f 4617 4612 6581
f 6581 4612 6579
f 5004 4610 6597
f 6597 4610 6578
f 4645 4849 6593
f 6593 4849 6720
f 6724 6721 6722
f 6722 6721 6720
f 6722 4607 6592
f 6592 4607 4606
f 6725 6610 6721
f 6721 6610 6594
f 6723 6726 6724
f 6724 6726 6727
f 6727 6725 6724
f 6724 6725 6721
f 6728 6729 6605
f 6605 6729 6608
f 6605 6607 6728
f 6728 6607 6730
f 6731 6732 6604
f 6604 6732 6603
f 6733 6734 6725
f 6725 6734 6610
f 6735 6733 6727
f 6727 6733 6725
f 6735 6727 6736
f 6736 6727 6726
f 6591 6609 6723
f 6723 6609 6726
f 6723 6592 6591
f 6591 6592 6590
f 6738 6739 6737
f 6737 6739 6740
f 6740 6739 6742
f 6742 6739 6741
f 6743 6744 6741
f 6741 6744 6742
f 6745 6746 6743
f 6743 6746 6744
f 6747 6748 6745
f 6745 6748 6746
f 6749 6750 6747
f 6747 6750 6748
f 6752 6738 6751
f 6751 6738 6737
f 6754 6752 6753
f 6753 6752 6751
f 6756 6754 6755
f 6755 6754 6753
f 6758 6750 6757
f 6757 6750 6749
f 6760 6756 6759
f 6759 6756 6755
f 6762 6760 6761
f 6761 6760 6759
f 6764 6762 6763
f 6763 6762 6761
f 6757 6764 6758
f 6758 6764 6763
f 6766 6741 6765
f 6765 6741 6739
f 6767 6743 6766
f 6766 6743 6741
f 6768 6745 6767
f 6767 6745 6743
f 6769 6747 6768
f 6768 6747 6745
f 6770 6749 6769
f 6769 6749 6747
f 6772 6769 6771
f 6771 6769 6768
f 6773 6770 6772
f 6772 6770 6769
f 6774 6775 6772
f 6772 6775 6773
f 6777 6778 6776
f 6776 6778 6779
f 6775 6774 6778
f 6778 6774 6779
f 6771 6780 6772
f 6772 6780 6774
f 6780 6781 6774
f 6774 6781 6779
f 6781 6782 6779
f 6779 6782 6776
f 6784 6785 6783
f 6783 6785 6786
f 6786 6787 6783
f 6783 6787 6788
f 6790 6788 6789
f 6789 6788 6787
f 6786 6785 6791
f 6791 6785 6792
f 6791 6793 6786
f 6786 6793 6787
f 6793 6794 6787
f 6787 6794 6789
f 6795 6796 6794
f 6794 6796 6789
f 6790 6789 6797
f 6797 6789 6796
f 6798 6765 6738
f 6738 6765 6739
f 6799 6798 6752
f 6752 6798 6738
f 6767 6800 6768
f 6768 6800 6771
f 6766 6801 6767
f 6767 6801 6800
f 6802 6801 6765
f 6765 6801 6766
f 6798 6803 6765
f 6765 6803 6802
f 6804 6803 6799
f 6799 6803 6798
f 6805 6806 6804
f 6804 6806 6803
f 6807 6799 6754
f 6754 6799 6752
f 6808 6804 6807
f 6807 6804 6799
f 6809 6805 6808
f 6808 6805 6804
f 6810 6811 6805
f 6805 6811 6806
f 6812 6813 6810
f 6810 6813 6811
f 6814 6815 6796
f 6796 6815 6797
f 6813 6814 6816
f 6816 6814 6817
f 6816 6818 6813
f 6813 6818 6811
f 6819 6806 6818
f 6818 6806 6811
f 6802 6803 6819
f 6819 6803 6806
f 6757 6749 6820
f 6820 6749 6770
f 6820 6770 6821
f 6821 6770 6773
f 6821 6773 6822
f 6822 6773 6775
f 6822 6775 6823
f 6823 6775 6778
f 6824 6823 6777
f 6777 6823 6778
f 6784 6825 6777
f 6777 6825 6824
f 6826 6827 6788
f 6788 6827 6783
f 6828 6826 6790
f 6790 6826 6788
f 6829 6828 6797
f 6797 6828 6790
f 6815 6830 6797
f 6797 6830 6829
f 6832 6812 6831
f 6831 6812 6810
f 6831 6810 6809
f 6809 6810 6805
f 6736 6800 6735
f 6735 6800 6801
f 6733 6735 6802
f 6802 6735 6801
f 6734 6733 6819
f 6819 6733 6802
f 6833 6734 6818
f 6818 6734 6819
f 6834 6833 6816
f 6816 6833 6818
f 6816 6817 6834
f 6834 6817 6835
f 6837 6795 6836
f 6836 6795 6794
f 6836 6794 6731
f 6731 6794 6793
f 6732 6731 6791
f 6791 6731 6793
f 6791 6792 6732
f 6732 6792 6730
f 6729 6728 6781
f 6781 6728 6782
f 6838 6807 6756
f 6756 6807 6754
f 6839 6838 6760
f 6760 6838 6756
f 6840 6839 6762
f 6762 6839 6760
f 6841 6840 6764
f 6764 6840 6762
f 6820 6841 6757
f 6757 6841 6764
f 6841 6820 6842
f 6842 6820 6821
f 6840 6841 6843
f 6843 6841 6842
f 6839 6840 6844
f 6844 6840 6843
f 6838 6839 6845
f 6845 6839 6844
f 6807 6838 6808
f 6808 6838 6845
f 6842 6821 6846
f 6846 6821 6822
f 6843 6842 6847
f 6847 6842 6846
f 6844 6843 6848
f 6848 6843 6847
f 6845 6844 6849
f 6849 6844 6848
f 6808 6845 6809
f 6809 6845 6849
f 6850 6831 6849
f 6849 6831 6809
f 6851 6850 6848
f 6848 6850 6849
f 6847 6852 6848
f 6848 6852 6851
f 6853 6852 6846
f 6846 6852 6847
f 6846 6822 6853
f 6853 6822 6823
f 6853 6823 6854
f 6854 6823 6824
f 6854 6855 6853
f 6853 6855 6852
f 6856 6851 6855
f 6855 6851 6852
f 6856 6857 6851
f 6851 6857 6850
f 6857 6832 6850
f 6850 6832 6831
f 6825 6858 6824
f 6824 6858 6854
f 6860 6827 6859
f 6859 6827 6826
f 6859 6826 6861
f 6861 6826 6828
f 6862 6861 6829
f 6829 6861 6828
f 6830 6863 6829
f 6829 6863 6862
f 6863 6864 6862
f 6862 6864 6865
f 6858 6866 6854
f 6854 6866 6855
f 6867 6865 6866
f 6866 6865 6864
f 6869 6859 6868
f 6868 6859 6861
f 6867 6869 6865
f 6865 6869 6868
f 6861 6862 6868
f 6868 6862 6865
f 6867 6860 6869
f 6869 6860 6859
f 6753 6751 6698
f 6698 6751 6695
f 6697 6755 6698
f 6698 6755 6753
f 6759 6755 6702
f 6702 6755 6697
f 6761 6759 6708
f 6708 6759 6702
f 6763 6761 6712
f 6712 6761 6708
f 6758 6763 6717
f 6717 6763 6712
f 6750 6758 6716
f 6716 6758 6717
f 6719 6748 6716
f 6716 6748 6750
f 6714 6746 6719
f 6719 6746 6748
f 6705 6744 6714
f 6714 6744 6746
f 6704 6742 6705
f 6705 6742 6744
f 6740 6742 6693
f 6693 6742 6704
f 6737 6740 6692
f 6692 6740 6693
f 6751 6737 6695
f 6695 6737 6692
f 6601 6602 6836
f 6836 6602 6837
f 6604 6601 6731
f 6731 6601 6836
f 6599 6600 6834
f 6834 6600 6833
f 6834 6835 6599
f 6599 6835 6611
f 6600 6610 6833
f 6833 6610 6734
f 6780 6771 6870
f 6870 6771 6736
f 6736 6771 6800
f 6870 6729 6780
f 6780 6729 6781
f 6608 6729 6609
f 6609 6729 6870
f 6609 6870 6726
f 6726 6870 6736
f 5014 5015 5229
f 5229 5015 5230
f 4258 5015 4259
f 4259 5015 4878
f 3471 3013 4703
f 4703 3013 4704
f 2879 6337 1306
f 1306 6337 4785
f 829 3471 4316
f 4316 3471 4703
f 4702 3472 5223
f 5223 3472 1756
f 6871 6872 4534
f 4534 6872 4535
f 6871 4665 6872
f 6872 4665 4844
f 6871 6873 4665
f 4665 6873 4559
f 6871 4534 6873
f 6873 4534 4542
f 4153 4152 4822
f 4822 4152 4407
f 4152 4168 4407
f 4407 4168 4342
f 4343 4168 4923
f 4923 4168 4167
f 4363 4362 4972
f 4972 4362 4840
f 4362 4394 4840
f 4840 4394 4839
f 4401 4400 4986
f 4986 4400 4984
f 4435 4434 4841
f 4841 4434 4842
f 4506 4505 4530
f 4530 4505 4531
f 4506 4535 4507
f 4507 4535 4843
f 4661 4660 4516
f 4516 4660 4517
f 4673 4672 4937
f 4937 4672 6547
f 4400 4924 4984
f 4984 4924 5263
f 4673 4660 4674
f 4674 4660 4659
f 4505 4661 4531
f 4531 4661 4516
f 4952 4401 6874
f 6874 4401 4986
f 4954 4153 6875
f 6875 4153 4822
f 4363 4973 4364
f 4364 4973 4974
f 5264 4924 5267
f 5267 4924 4691
f 6293 6292 6876
f 6876 6292 6877
f 6380 4343 6387
f 6387 4343 4923
f 4394 4435 4839
f 4839 4435 4841
f 4672 4434 6547
f 6547 4434 4433
f 4973 6556 4974
f 4974 6556 6878
f 6567 6380 6574
f 6574 6380 6387
f 6292 4954 6877
f 6877 4954 6875
f 6567 5264 6568
f 6568 5264 5267
f 4145 4144 4154
f 4154 4144 4151
f 4194 4144 4425
f 4425 4144 4143
f 4355 4354 5263
f 5263 4354 4984
f 4360 4359 4364
f 4364 4359 4361
f 4444 4359 4392
f 4392 4359 4337
f 4447 4446 4432
f 4432 4446 4433
f 4464 4463 6547
f 6547 4463 4937
f 4519 4518 4654
f 4654 4518 4509
f 4533 4532 4499
f 4499 4532 4498
f 4533 4542 4530
f 4530 4542 4534
f 4519 4532 4516
f 4516 4532 4531
f 4922 4194 4426
f 4426 4194 4425
f 4463 4518 4937
f 4937 4518 4517
f 6555 4951 6874
f 6874 4951 6878
f 4958 4957 6290
f 6290 4957 6291
f 4334 4360 4712
f 4712 4360 4950
f 4985 4354 4419
f 4419 4354 4353
f 5262 4355 5265
f 5265 4355 5263
f 6294 4958 4804
f 4804 4958 6290
f 6386 4922 6384
f 6384 4922 4426
f 4444 4447 4393
f 4393 4447 4432
f 4464 4446 4465
f 4465 4446 4445
f 4985 6555 4986
f 4986 6555 6874
f 6573 6386 6571
f 6571 6386 6384
f 4145 6294 4146
f 4146 6294 4804
f 6573 5262 6574
f 6574 5262 5265
f 4542 4541 6873
f 6873 4541 4559
f 4535 6872 4843
f 4843 6872 4844
f 4104 4103 6879
f 6879 4103 6343
f 4105 6293 6307
f 6307 6293 6876
f 4104 4956 4105
f 4105 4956 6293
f 4956 4104 4957
f 4957 4104 6879
f 4957 6879 6291
f 6291 6879 6309
f 4648 4988 4649
f 4649 4988 4953
f 4802 4803 4928
f 4928 4803 6550
f 6550 4803 6555
f 6555 4803 4951
f 1516 3173 4987
f 4987 3173 5006
f 6519 6518 6558
f 6558 6518 6510
f 6527 6519 6559
f 6559 6519 6558
f 6528 6560 6529
f 6529 6560 6541
f 6548 4625 6549
f 6549 4625 4624
f 6551 6552 4746
f 4746 6552 6505
f 6553 4711 6554
f 6554 4711 4710
f 4802 6551 4713
f 4713 6551 4746
f 6556 4973 4649
f 4649 4973 4646
f 6557 4949 6548
f 6548 4949 4625
f 4648 4647 6553
f 6553 4647 4711
f 6549 4624 4987
f 4987 4624 4838
f 6552 6518 6505
f 6505 6518 6507
f 6561 4372 6529
f 6529 4372 6514
f 6562 4369 6561
f 6561 4369 4372
f 3142 3482 6562
f 6562 3482 4369
f 6556 4952 6878
f 6878 4952 6874
f 4951 4950 6878
f 6878 4950 4974
f 3168 440 3952
f 4204 4203 5341
f 5341 4203 6364
f 4219 4222 6429
f 6429 4222 4383
f 4319 4322 6506
f 6506 4322 4747
f 4340 4714 4341
f 4341 4714 4384
f 4375 4377 6388
f 6388 4377 6546
f 4378 4381 6311
f 6311 4381 4720
f 4449 4341 4387
f 4387 4341 4384
f 4473 4472 4477
f 4477 4472 4474
f 4492 4491 4487
f 4487 4491 4488
f 4523 4491 4522
f 4522 4491 4490
f 4492 4538 4493
f 4493 4538 4555
f 4538 4553 4555
f 4555 4553 4556
f 4620 4615 4621
f 4621 4615 4618
f 4652 4651 4368
f 4368 4651 4365
f 4523 4655 4524
f 4524 4655 4656
f 4553 4667 4556
f 4556 4667 4571
f 4651 1210 4365
f 4365 1210 1209
f 4698 4697 5223
f 5223 4697 6344
f 4340 4339 4322
f 4322 4339 4747
f 4726 4729 5287
f 5287 4729 4198
f 4381 4380 4737
f 4737 4380 6368
f 4836 4835 4451
f 4451 4835 4709
f 4910 6367 4911
f 4911 6367 6366
f 4912 4915 6450
f 6450 4915 6449
f 4927 4836 4450
f 4450 4836 4451
f 4930 4929 4439
f 4439 4929 4436
f 4936 4935 4459
f 4459 4935 4456
f 4473 4655 4470
f 4470 4655 4510
f 4942 4583 4943
f 4943 4583 4572
f 4948 4601 4947
f 4947 4601 4584
f 4949 4835 4625
f 4625 4835 4626
f 4966 4969 6289
f 6289 4969 4695
f 4971 4652 4926
f 4926 4652 4368
f 4203 4977 6364
f 6364 4977 6365
f 4990 4989 4443
f 4443 4989 4440
f 4990 4991 4478
f 4478 4991 4512
f 4992 4991 4528
f 4528 4991 4515
f 4992 4993 4527
f 4527 4993 4485
f 4994 4993 4502
f 4502 4993 4503
f 4994 4995 4482
f 4482 4995 4550
f 4543 4996 4544
f 4544 4996 4995
f 4999 4998 4567
f 4567 4998 4578
f 5000 4998 4575
f 4575 4998 4997
f 5002 5001 4592
f 4592 5001 4574
f 5003 5004 4614
f 4614 5004 4611
f 3483 4215 1755
f 1755 4215 4698
f 5274 5277 4195
f 4195 5277 4223
f 4726 5295 4727
f 4727 5295 6350
f 5309 5342 5310
f 5310 5342 6363
f 5315 5314 5316
f 5316 5314 5317
f 5339 6362 5340
f 5340 6362 5363
f 5310 6363 5339
f 5339 6363 6362
f 4204 5309 4201
f 4201 5309 5308
f 4915 5345 6449
f 6449 5345 6448
f 5345 5315 6448
f 6448 5315 5316
f 5348 5347 6351
f 6351 5347 6352
f 5365 4263 5340
f 5340 4263 4262
f 6295 6298 4733
f 4733 6298 4734
f 4969 6306 4695
f 4695 6306 4696
f 6306 4378 4696
f 4696 4378 6311
f 6369 6372 6544
f 6544 6372 6545
f 4375 6390 4373
f 4373 6390 4374
f 6421 6422 4911
f 4911 6422 4908
f 4910 4909 4737
f 4737 4909 4736
f 5277 4219 4223
f 4223 4219 6429
f 4697 4222 6344
f 6344 4222 4221
f 6436 6361 6437
f 6437 6361 6360
f 6438 6440 6437
f 6437 6440 6434
f 6438 6359 6441
f 6441 6359 6358
f 6442 6441 6357
f 6357 6441 6358
f 6442 6444 6443
f 6443 6444 6445
f 6446 6444 6355
f 6355 6444 6356
f 6446 4912 6447
f 6447 4912 6450
f 6436 6435 5365
f 5365 6435 4263
f 5314 5347 5317
f 5317 5347 5346
f 4319 6512 4320
f 4320 6512 6513
f 6520 6512 6521
f 6521 6512 6508
f 6528 6520 6527
f 6527 6520 6521
f 6532 6539 6533
f 6533 6539 6535
f 6533 6535 6537
f 6537 6535 6534
f 6538 6543 6537
f 6537 6543 6536
f 6295 4377 6296
f 6296 4377 4376
f 4989 4930 4440
f 4440 4930 4439
f 4927 4929 4422
f 4422 4929 4455
f 4449 4936 4388
f 4388 4936 4459
f 4472 4935 4474
f 4474 4935 4932
f 4942 4940 4947
f 4947 4940 4939
f 5001 5000 4574
f 4574 5000 4575
f 4669 4943 4666
f 4666 4943 4667
f 4996 4999 4547
f 4547 4999 4567
f 4948 4946 4620
f 4620 4946 4615
f 5003 5002 4591
f 4591 5002 4592
f 6557 4971 6554
f 6554 4971 4926
f 6532 6560 6539
f 6539 6560 6559
f 6390 6372 4374
f 4374 6372 6371
f 4966 6298 4967
f 4967 6298 6297
f 6538 6526 6369
f 6369 6526 6370
f 6585 6589 4621
f 4621 6589 4619
f 6597 6578 6598
f 6598 6578 6577
f 6606 6583 6607
f 6607 6583 6603
f 6611 6602 6598
f 6598 6602 6596
f 6585 6584 6606
f 6606 6584 6583
f 6597 6580 5004
f 5004 6580 4611
f 6607 6603 6730
f 6730 6603 6732
f 6776 6785 6777
f 6777 6785 6784
f 6785 6776 6792
f 6792 6776 6782
f 6815 6814 6812
f 6812 6814 6813
f 6817 6814 6795
f 6795 6814 6796
f 6825 6784 6827
f 6827 6784 6783
f 6830 6815 6832
f 6832 6815 6812
f 6817 6795 6835
f 6835 6795 6837
f 6792 6782 6730
f 6730 6782 6728
f 6858 6825 6860
f 6860 6825 6827
f 6863 6830 6857
f 6857 6830 6832
f 6864 6863 6856
f 6856 6863 6857
f 6866 6858 6867
f 6867 6858 6860
f 6866 6864 6855
f 6855 6864 6856
f 6835 6837 6611
f 6611 6837 6602
f 6560 6528 6559
f 6559 6528 6527
f 4949 6557 4710
f 4710 6557 6554
f 4430 4090 4175
f 4175 4090 4089
f 4777 4113 4155
f 4155 4113 4086
f 4175 4089 4176
f 4176 4089 4142
f 4199 4271 4200
f 4200 4271 4798
f 4199 4095 4272
f 4272 4095 5273
f 4406 4405 4404
f 4404 4405 4346
f 4410 4409 6877
f 6877 4409 6876
f 4409 4413 6876
f 6876 4413 6307
f 4415 4148 4416
f 4416 4148 4147
f 4690 4405 4344
f 4344 4405 4342
f 4693 4692 4352
f 4352 4692 4349
f 4701 4700 6337
f 6337 4700 6338
f 4778 4777 4081
f 4081 4777 4155
f 4821 4406 4809
f 4809 4406 4404
f 4176 4142 4181
f 4181 4142 4415
f 4760 4970 4399
f 4399 4970 4692
f 4200 5007 4096
f 4096 5007 4078
f 5266 4693 5269
f 5269 4693 4352
f 5270 5007 5361
f 5361 5007 4797
f 4778 5270 4779
f 4779 5270 5361
f 6285 4410 6875
f 6875 4410 6877
f 6308 4413 4687
f 4687 4413 4412
f 6480 6320 6481
f 6481 6320 6880
f 4701 2878 4702
f 4702 2878 3472
f 6339 6347 6340
f 6340 6347 6348
f 6341 6342 6346
f 6346 6342 6345
f 4416 6308 4414
f 4414 6308 4687
f 6385 4690 6381
f 6381 4690 4344
f 5282 6341 5280
f 5280 6341 6339
f 4700 6342 6338
f 6338 6342 5281
f 6340 6348 4272
f 4272 6348 4270
f 6480 6479 4828
f 4828 6479 4829
f 6490 6479 6489
f 6489 6479 6478
f 4090 4430 6490
f 6490 4430 4429
f 6563 6564 4970
f 4970 6564 4815
f 4694 6566 4366
f 4366 6566 6563
f 6572 6385 6568
f 6568 6385 6381
f 4821 6285 4822
f 4822 6285 6875
f 6572 5266 6569
f 6569 5266 5269
f 3482 3103 4369
f 4369 3103 4370
f 3121 4730 3485
f 3485 4730 4327
f 6277 6280 6273
f 6273 6280 6272
f 6267 6276 6278
f 6278 6276 6279
f 6278 6279 6277
f 6277 6279 6280
f 6279 6256 6280
f 6280 6256 6255
f 6256 3857 6255
f 6255 3857 3754
f 3857 3856 3754
f 3754 3856 3755
f 3856 3703 3755
f 3755 3703 3863
f 3703 3702 3863
f 3863 3702 3759
f 3702 3706 3759
f 3759 3706 3670
f 3706 3705 3670
f 3670 3705 3668
f 3705 3773 3668
f 3668 3773 3882
f 3882 3773 3883
f 3883 3773 3707
f 3707 3708 3883
f 3883 3708 3880
f 3708 3710 3880
f 3880 3710 3881
f 3709 5241 3710
f 3710 5241 3881
f 5241 3709 5234
f 5234 3709 3786
f 3693 3712 3786
f 3786 3712 5234
f 4051 4055 4052
f 4052 4055 4056
f 4056 4055 4057
f 4057 4055 4054
f 4066 5238 5236
f 5236 5238 3989
f 4066 4069 5238
f 5238 4069 4035
f 6881 3962 3960
f 3960 3962 3957
f 6883 4070 6882
f 6882 4070 3941
f 4070 6883 4071
f 4071 6883 6884
f 4071 6884 4072
f 4072 6884 6885
f 6885 6886 4072
f 4072 6886 4031
f 3955 6881 3956
f 3956 6881 3960
f 6884 3991 6885
f 6885 3991 3990
f 6883 6887 6884
f 6884 6887 3991
f 6887 6888 3991
f 3991 6888 3992
f 6888 6887 6889
f 6889 6887 6890
f 6887 6883 6890
f 6890 6883 6882
f 4058 5240 3953
f 3953 5240 3954
f 5236 6888 5239
f 5239 6888 6889
f 5237 6886 3990
f 3990 6886 6885
f 4034 4031 5237
f 5237 4031 6886
f 6881 6882 3962
f 3962 6882 3941
f 6881 3955 6882
f 6882 3955 6890
f 3955 3954 6890
f 6890 3954 6889
f 5239 6889 5240
f 5240 6889 3954
f 6888 5236 3992
f 3992 5236 3989
f 3869 3868 3888
f 3888 3868 4015
f 3868 4012 4015
f 4015 4012 4010
f 4012 4022 4010
f 4010 4022 4009
f 4022 4021 4009
f 4009 4021 4018
f 4020 3974 4001
f 4001 3974 3996
f 4021 4020 4029
f 4029 4020 4001
f 4085 4156 4086
f 4086 4156 4155
f 4113 4777 4114
f 4114 4777 4776
f 4130 4129 4094
f 4094 4129 4091
f 4139 4773 4140
f 4140 4773 4772
f 4149 4178 4150
f 4150 4178 5225
f 4160 4159 4087
f 4087 4159 4088
f 4149 4148 4179
f 4179 4148 4141
f 4085 4084 4183
f 4183 4084 6315
f 4179 4141 4159
f 4159 4141 4088
f 4192 4130 4162
f 4162 4130 4094
f 4197 5288 4198
f 4198 5288 5287
f 4229 4766 4230
f 4230 4766 4771
f 4245 4246 4242
f 4242 4246 4249
f 4183 6315 4418
f 4418 6315 6314
f 4679 4178 4680
f 4680 4178 4177
f 4724 4798 4725
f 4725 4798 4271
f 4728 5275 4729
f 4729 5275 5274
f 4230 4771 4249
f 4249 4771 4242
f 4724 4723 4799
f 4799 4723 5355
f 4823 4824 4891
f 4891 4824 6327
f 4823 4192 4161
f 4161 4192 4162
f 4893 4767 4229
f 4229 4767 4766
f 4894 4895 4898
f 4898 4895 4899
f 4106 4150 4103
f 4103 4150 5225
f 4680 4894 4677
f 4677 4894 4898
f 6420 4977 5301
f 5301 4977 4976
f 4679 4678 5226
f 5226 4678 4427
f 5228 5008 4893
f 4893 5008 4767
f 5285 6354 5286
f 5286 6354 5343
f 5289 5352 5290
f 5290 5352 5349
f 5290 5349 5295
f 5295 5349 5348
f 5302 5299 4202
f 4202 5299 4976
f 4725 4271 5311
f 5311 4271 4270
f 5325 4723 5326
f 5326 4723 4722
f 5335 5355 5325
f 5325 5355 4723
f 5326 4722 5286
f 5286 4722 5283
f 4799 5357 4797
f 4797 5357 5361
f 5359 5356 5335
f 5335 5356 5355
f 4775 4774 5356
f 5356 4774 5357
f 5359 5358 4092
f 4092 5358 4093
f 6316 4740 6317
f 6317 4740 4739
f 6318 4827 6316
f 6316 4827 4740
f 6319 4828 6318
f 6318 4828 4827
f 6320 6480 6319
f 6319 6480 4828
f 6484 6322 6485
f 6485 6322 6321
f 6487 6324 6331
f 6331 6324 6323
f 6331 6323 6330
f 6330 6323 6325
f 6325 6326 6330
f 6330 6326 6329
f 6326 6328 6329
f 6329 6328 5231
f 4824 4685 5228
f 5228 4685 5008
f 5226 6343 5225
f 5225 6343 4103
f 4728 4727 6349
f 6349 4727 5284
f 6350 6351 5285
f 5285 6351 6354
f 4247 4246 6418
f 6418 4246 6365
f 6400 6402 6401
f 6401 6402 6459
f 4197 4196 6409
f 6409 4196 6426
f 6412 4897 6328
f 6328 4897 5231
f 6413 4133 6412
f 6412 4133 4897
f 6414 4134 6413
f 6413 4134 4133
f 6415 4225 6414
f 6414 4225 4134
f 6416 4252 6415
f 6415 4252 4225
f 6417 4253 6416
f 6416 4253 4252
f 4253 6417 6366
f 6366 6417 6419
f 6366 6419 4911
f 4911 6419 6421
f 6422 6423 4908
f 4908 6423 5298
f 5298 6423 6396
f 6396 6423 6424
f 6409 6426 6425
f 6425 6426 6397
f 5300 5299 6399
f 6399 5299 6400
f 6465 6408 6401
f 6401 6408 6398
f 6424 6399 6425
f 6425 6399 6398
f 6349 5284 5311
f 5311 5284 5283
f 6465 6464 5289
f 5289 6464 5352
f 6488 6483 6492
f 6492 6483 6482
f 6486 6491 6482
f 6482 6491 6492
f 6491 4895 6492
f 6492 4895 4157
f 6488 4160 6489
f 6489 4160 4087
f 6501 6502 4418
f 4418 6502 4417
f 6504 6500 6317
f 6317 6500 6314
f 3497 3496 6501
f 6501 3496 6502
f 3499 3498 6504
f 6504 3498 6500
f 4729 5274 4198
f 4198 5274 4195
f 6418 6365 6420
f 6420 6365 4977
f 5295 5348 6350
f 6350 5348 6351
f 5301 6422 6420
f 6420 6422 6421
f 4113 4112 4086
f 4086 4112 4083
f 6320 4112 6880
f 6880 4112 4111
f 4091 4772 4092
f 4092 4772 4775
f 4129 4140 4091
f 4091 4140 4772
f 4137 4140 4128
f 4128 4140 4129
f 4128 6324 4137
f 4137 6324 6321
f 6324 6487 6321
f 6321 6487 6485
f 6487 6486 6485
f 6485 6486 6482
f 4774 4773 4779
f 4779 4773 4776
f 4773 4139 4776
f 4776 4139 4114
f 4139 4138 4114
f 4114 4138 4111
f 4138 6322 4111
f 4111 6322 6880
f 6322 6484 6880
f 6880 6484 6481
f 6484 6483 6481
f 6481 6483 6478
f 6879 6343 6309
f 6309 6343 4428
f 4106 4105 4900
f 4900 4105 6307
f 3500 3167 6495
f 6495 3167 6496
f 3500 6495 3070
f 3070 6495 5368
f 3502 5235 3501
f 3501 5235 4813
f 3024 3503 6473
f 6473 3503 6474
f 3503 3023 6474
f 6474 3023 6374
f 3504 1770 4348
f 4348 1770 4345
f 3502 3505 5235
f 5235 3505 4810
f 3498 3497 6500
f 6500 3497 6501
f 3496 3075 6502
f 6502 3075 6275
f 6299 4254 3174
f 3174 4254 3017
f 1769 3501 4814
f 4814 3501 4813
f 3506 3018 6476
f 6476 3018 4257
f 3507 3499 6499
f 6499 3499 6504
f 3030 4216 3483
f 3483 4216 4215
f 3077 3507 6333
f 6333 3507 6499
f 1784 3160 5249
f 5249 3160 6523
f 3015 3506 4240
f 4240 3506 6476
f 3508 3504 6383
f 6383 3504 4348
f 3509 3016 6477
f 6477 3016 4239
f 3028 3509 6467
f 6467 3509 6477
f 3022 1785 5246
f 5246 1785 5247
f 3161 3508 6570
f 6570 3508 6383
f 3150 3149 4694
f 4694 3149 6566
f 1327 4807 3510
f 3510 4807 4811
f 3510 4811 3505
f 3505 4811 4810
f 3146 3511 4816
f 4816 3511 4350
f 3511 1808 4350
f 4350 1808 4351
f 3485 4327 3159
f 3159 4327 4330
f 1326 3512 4806
f 4806 3512 6310
f 3512 1331 6310
f 6310 1331 4688

