# https://github.com/mikedh/trimesh
v -0.31079507 -0.68225026 -0.37450165
v -0.30971694 -0.66773671 -0.36715555
v -0.29743695 -0.66909575 -0.37472332
v -0.29432631 -0.68263924 -0.38054657
v -0.29805467 -0.65885139 -0.36964834
v -0.30685702 -0.65725458 -0.36161992
v -0.28408286 -0.66933000 -0.37764698
v -0.27904767 -0.68152958 -0.38176215
v -0.25525430 -0.64799088 -0.36930910
v -0.24431337 -0.65011978 -0.37019455
v -0.25137311 -0.65914536 -0.37432212
v -0.26024672 -0.65521753 -0.37156761
v -0.23704667 -0.63096488 -0.35990721
v -0.24000479 -0.61917913 -0.35297453
v -0.22674280 -0.61787176 -0.35057777
v -0.22317623 -0.62973738 -0.35647440
v -0.27606094 -0.61906856 -0.33165872
v -0.26979655 -0.61400998 -0.33468270
v -0.27158910 -0.61931252 -0.33996487
v -0.27735820 -0.62413144 -0.33596283
v -0.28896591 -0.62426102 -0.32748425
v -0.28903463 -0.63062656 -0.32932240
v -0.29676244 -0.63089097 -0.32714942
v -0.29669163 -0.62323880 -0.32589078
v -0.27507755 -0.61521608 -0.32514191
v -0.26838434 -0.60984004 -0.32860309
v -0.28185418 -0.62322128 -0.32914051
v -0.28162181 -0.61873972 -0.32685345
v -0.28722262 -0.60765892 -0.32404083
v -0.28827327 -0.61220330 -0.32659727
v -0.29545999 -0.60910386 -0.32508433
v -0.29191309 -0.60543406 -0.32213596
v -0.27922440 -0.61263859 -0.32472378
v -0.28284144 -0.61321366 -0.32647255
v -0.28326508 -0.60896534 -0.32360947
v -0.28018209 -0.60936898 -0.32124585
v -0.28936476 -0.61918533 -0.32593292
v -0.29666281 -0.61654317 -0.32519674
v -0.30407983 -0.61370027 -0.32346994
v -0.30137992 -0.60504699 -0.32261384
v -0.25329870 -0.60639060 -0.33923364
v -0.26280078 -0.60962987 -0.33747375
v -0.26156014 -0.60547066 -0.33183730
v -0.25455734 -0.60241443 -0.33394599
v -0.27485204 -0.60891092 -0.32103649
v -0.26425323 -0.59647971 -0.31984475
v -0.26670387 -0.59908164 -0.32132864
v -0.27214652 -0.59813470 -0.31678206
v -0.26959813 -0.59569287 -0.31603324
v -0.23671374 -0.60017681 -0.33766103
v -0.24152890 -0.59672880 -0.33340174
v -0.23509368 -0.59329355 -0.33113617
v -0.22893761 -0.59612811 -0.33440909
v -0.23174331 -0.58948255 -0.32750884
v -0.22219366 -0.59208763 -0.33029494
v -0.21671283 -0.58189535 -0.31795511
v -0.21865986 -0.58645356 -0.32390112
v -0.22987026 -0.58497363 -0.32249787
v -0.23101801 -0.57969278 -0.31674081
v -0.24414462 -0.57968104 -0.30849802
v -0.24768500 -0.57764661 -0.30346692
v -0.23709342 -0.56917441 -0.30379128
v -0.23413074 -0.57335490 -0.31011432
v -0.25792006 -0.59433687 -0.31676942
v -0.25446904 -0.59570676 -0.31973308
v -0.25694758 -0.59527946 -0.32090342
v -0.26143828 -0.59454846 -0.31817001
v -0.25177675 -0.59606266 -0.32254434
v -0.25056577 -0.59615147 -0.32377470
v -0.25226501 -0.59631222 -0.32424706
v -0.25330889 -0.59626532 -0.32255501
v -0.25415978 -0.59592283 -0.32084334
v -0.25362661 -0.59444970 -0.31943089
v -0.25198966 -0.59535468 -0.32162541
v -0.25635344 -0.59253478 -0.31656322
v -0.26471543 -0.58761907 -0.30676398
v -0.26271614 -0.58823037 -0.30974340
v -0.26521453 -0.59225631 -0.30949807
v -0.26693982 -0.59214938 -0.30705756
v -0.25559452 -0.59721696 -0.32367146
v -0.25506297 -0.59798861 -0.32637024
v -0.26060677 -0.59841162 -0.32444036
v -0.25880852 -0.59695077 -0.32242298
v -0.25568685 -0.59916127 -0.32929504
v -0.25188848 -0.59731126 -0.32655704
v -0.25069693 -0.59809017 -0.32977253
v -0.24968478 -0.59497684 -0.32274684
v -0.24680498 -0.59424019 -0.32442674
v -0.24894401 -0.59543300 -0.32597029
v -0.24572326 -0.59192264 -0.32160079
v -0.25013942 -0.59326708 -0.32006496
v -0.25222164 -0.59066188 -0.31686440
v -0.25539380 -0.58791107 -0.31294519
v -0.24937268 -0.58590764 -0.31299490
v -0.24679035 -0.58894622 -0.31758976
v -0.26142693 -0.60178161 -0.32762134
v -0.24580702 -0.59566200 -0.32924870
v -0.24837998 -0.60029769 -0.33422154
v -0.24209134 -0.59300917 -0.32740182
v -0.23970793 -0.59011018 -0.32404554
v -0.23963153 -0.58669645 -0.31962895
v -0.24138699 -0.58296031 -0.31384453
v -0.22258438 -0.56948662 -0.30091804
v -0.21984953 -0.57439208 -0.30936772
v -0.30120483 -0.65331364 -0.35662195
v -0.29566997 -0.65368438 -0.36411560
v -0.28747192 -0.65050077 -0.36096448
v -0.28847879 -0.65182954 -0.36307651
v -0.29312071 -0.65187073 -0.35957941
v -0.29112607 -0.65017354 -0.35799718
v -0.26821709 -0.65333450 -0.36756921
v -0.27406833 -0.65206438 -0.36475855
v -0.27020481 -0.65021867 -0.36354351
v -0.26265496 -0.64869946 -0.36666006
v -0.27313760 -0.64104354 -0.35553417
v -0.27013487 -0.64360058 -0.35919967
v -0.27801803 -0.64718914 -0.35833886
v -0.28021884 -0.64536649 -0.35576901
v -0.28268528 -0.64424622 -0.35262737
v -0.28454903 -0.64385498 -0.34936354
v -0.28127325 -0.64028609 -0.34748471
v -0.27768534 -0.64020121 -0.35133541
v -0.29776478 -0.65278411 -0.35388017
v -0.29889768 -0.65313005 -0.34716982
v -0.29675582 -0.65118170 -0.34709460
v -0.29545984 -0.65050483 -0.35304898
v -0.29199767 -0.65055799 -0.33478940
v -0.29381651 -0.65162402 -0.33691382
v -0.29671830 -0.65208375 -0.33434859
v -0.29387730 -0.64945793 -0.33194870
v -0.29121423 -0.64694619 -0.33313173
v -0.29079100 -0.64889979 -0.33544528
v -0.32487500 -0.70044023 -0.37186772
v -0.32348728 -0.68289673 -0.36535800
v -0.30623591 -0.70205653 -0.38162085
v -0.28956658 -0.70022827 -0.38522545
v -0.27315438 -0.69487143 -0.38583034
v -0.23154861 -0.60749459 -0.34384817
v -0.22130327 -0.60457450 -0.34062541
v -0.21420631 -0.61717463 -0.34756106
v -0.20476073 -0.61256117 -0.34114438
v -0.21271816 -0.59947777 -0.33476746
v -0.20424336 -0.58918649 -0.31631833
v -0.20659101 -0.59382272 -0.32622981
v -0.19623597 -0.60933429 -0.33171362
v -0.18993956 -0.62764323 -0.33885437
v -0.19956782 -0.62774080 -0.34749109
v -0.18806437 -0.64658737 -0.34487545
v -0.17738912 -0.63016891 -0.32934517
v -0.18166053 -0.65129870 -0.34049445
v -0.15986133 -0.60077447 -0.30186123
v -0.14669153 -0.59450448 -0.29681993
v -0.13666826 -0.60766214 -0.30317935
v -0.14932448 -0.61288893 -0.31022498
v -0.21010329 -0.62843096 -0.35290775
v -0.25109005 -0.67061269 -0.37787473
v -0.26096264 -0.66451168 -0.37612414
v -0.24032834 -0.66361344 -0.37555939
v -0.27034608 -0.72747302 -0.39393765
v -0.28237748 -0.71391439 -0.39117402
v -0.26624832 -0.70664006 -0.39096671
v -0.25700623 -0.71995109 -0.39410323
v -0.30622289 -0.75045002 -0.38144711
v -0.31812403 -0.72581244 -0.38003772
v -0.30142683 -0.72109789 -0.38556892
v -0.29068765 -0.74041188 -0.38868997
v -0.24723786 -0.72887319 -0.39370766
v -0.23445939 -0.74145544 -0.39079866
v -0.24030754 -0.75809908 -0.39072162
v -0.25697955 -0.74445975 -0.39413196
v -0.25074857 -0.77889168 -0.38580048
v -0.27205610 -0.76251841 -0.38865757
v -0.16542387 -0.64838958 -0.33143061
v -0.17506391 -0.66322088 -0.33963156
v -0.16472697 -0.62050098 -0.31768426
v -0.15453097 -0.63576579 -0.32208270
v -0.26236320 -0.79526269 -0.37244630
v -0.28783154 -0.77677929 -0.37812591
v -0.18986918 -0.75784957 -0.36467615
v -0.20495409 -0.76461661 -0.37358260
v -0.20701867 -0.74469429 -0.37867081
v -0.19219390 -0.74113691 -0.36970317
v -0.18932903 -0.77565813 -0.35529625
v -0.20702866 -0.78451192 -0.36533749
v -0.15893386 -0.71873784 -0.33319193
v -0.15806447 -0.70170945 -0.32016030
v -0.15052193 -0.71192634 -0.31188601
v -0.15077232 -0.73060852 -0.32353848
v -0.28782910 -0.66029698 -0.37353811
v -0.28869522 -0.65380943 -0.36843532
v -0.28119463 -0.65467250 -0.36981153
v -0.27810079 -0.66024131 -0.37433469
v -0.27210438 -0.66807413 -0.37773287
v -0.26507056 -0.67762864 -0.38037708
v -0.25241464 -0.70041704 -0.38703886
v -0.24552245 -0.71330404 -0.39117244
v -0.22741205 -0.72952855 -0.38850480
v -0.23724195 -0.72036684 -0.39133960
v -0.20439371 -0.72989500 -0.37795061
v -0.19541588 -0.72775626 -0.37162018
v -0.16987495 -0.68036699 -0.33894789
v -0.15897158 -0.66441631 -0.32595935
v -0.15573499 -0.67756057 -0.31567436
v -0.16344798 -0.69273192 -0.32919440
v -0.15038919 -0.69467950 -0.29840821
v -0.15398559 -0.68654579 -0.30660617
v -0.13541745 -0.63919300 -0.30641106
v -0.12215077 -0.63243508 -0.29736480
v -0.11821971 -0.64577961 -0.29032838
v -0.13131246 -0.65085471 -0.29848650
v -0.11547922 -0.65563905 -0.28025091
v -0.11614693 -0.66348714 -0.26883575
v -0.12825066 -0.67103493 -0.27798000
v -0.12984237 -0.66321576 -0.28801110
v -0.16488154 -0.57844639 -0.28127375
v -0.15460004 -0.57509702 -0.27562374
v -0.14561144 -0.58093274 -0.28344047
v -0.15661454 -0.58564180 -0.28792408
v -0.10832480 -0.62973547 -0.29063427
v -0.10537090 -0.64440501 -0.28418535
v -0.16807282 -0.70658779 -0.34206697
v -0.17511515 -0.69976258 -0.34789771
v -0.10204007 -0.65424764 -0.27344465
v -0.14246777 -0.67226708 -0.29644457
v -0.14373875 -0.66120815 -0.30641764
v -0.14891282 -0.70212400 -0.28896299
v -0.14850412 -0.72019446 -0.29999840
v -0.28224435 -0.62852395 -0.33242559
v -0.28651613 -0.64294815 -0.33963597
v -0.28876197 -0.64576948 -0.34131852
v -0.29003641 -0.64740044 -0.33797145
v -0.28912100 -0.64487082 -0.33601555
v -0.32560620 -0.66441798 -0.34476066
v -0.31570554 -0.65262049 -0.33777165
v -0.31319410 -0.65476668 -0.35110477
v -0.32029018 -0.66546315 -0.35688770
v -0.25617555 -0.62259054 -0.35450542
v -0.26753831 -0.62336487 -0.34904110
v -0.26476258 -0.61524594 -0.34375727
v -0.25455618 -0.61285436 -0.34611607
v -0.27713460 -0.65137064 -0.36318946
v -0.27829772 -0.65223277 -0.36529812
v -0.28025126 -0.65109175 -0.36335665
v -0.24557424 -0.60334438 -0.33895236
v -0.24258211 -0.60995734 -0.34554833
v -0.23103845 -0.65386087 -0.36986077
v -0.26868835 -0.65909147 -0.37328905
v -0.32324800 -0.75866157 -0.36487526
v -0.33477822 -0.72903484 -0.36447775
v -0.27457488 -0.80731225 -0.35639966
v -0.30090943 -0.78613126 -0.36219758
v -0.20915312 -0.80153430 -0.35266325
v -0.18860883 -0.79204535 -0.34040990
v -0.19065541 -0.80557579 -0.32627195
v -0.21811922 -0.81384897 -0.33332700
v -0.15113541 -0.73969746 -0.31049228
v -0.11908758 -0.66872948 -0.25849694
v -0.12996347 -0.67841095 -0.26763856
v -0.33592969 -0.70208168 -0.36052305
v -0.33191854 -0.68062633 -0.35235348
v -0.25795105 -0.68966073 -0.38341105
v -0.25053653 -0.63970649 -0.36629140
v -0.26000470 -0.64215267 -0.36517489
v -0.26198545 -0.63641930 -0.36185044
v -0.25024971 -0.63222039 -0.36190927
v -0.23835826 -0.63923585 -0.36504543
v -0.22419068 -0.64210671 -0.36226442
v -0.20812236 -0.64591062 -0.35914230
v -0.19622344 -0.64466321 -0.35171553
v -0.22012991 -0.74808073 -0.38555598
v -0.22276641 -0.76726449 -0.38244328
v -0.22777262 -0.78724581 -0.37619555
v -0.23502731 -0.80294883 -0.36250168
v -0.21646863 -0.73663962 -0.38453132
v -0.24514233 -0.81444019 -0.34422100
v -0.27492481 -0.60194951 -0.31734520
v -0.26903066 -0.60419905 -0.32317927
v -0.27809596 -0.60509795 -0.31709912
v -0.25825366 -0.58586192 -0.30900592
v -0.26051685 -0.58479524 -0.30533996
v -0.25434250 -0.58293325 -0.30377996
v -0.25200087 -0.58384675 -0.30820864
v -0.21041194 -0.57751727 -0.29744685
v -0.20685694 -0.58316302 -0.30625451
v -0.17501283 -0.58117300 -0.28641689
v -0.16803674 -0.58962339 -0.29298264
v -0.28672159 -0.60801744 -0.32002023
v -0.28770244 -0.60808551 -0.31861439
v -0.28552085 -0.60889876 -0.31783044
v -0.28465608 -0.60894680 -0.31965244
v -0.25461936 -0.59582472 -0.32199854
v -0.27280417 -0.59467685 -0.31189704
v -0.27421871 -0.59442294 -0.30911595
v -0.27072844 -0.59311038 -0.30809835
v -0.26923257 -0.59329391 -0.31093544
v -0.18814532 -0.60519505 -0.31709263
v -0.17357597 -0.60579109 -0.30811065
v -0.12811889 -0.61751252 -0.30183408
v -0.14152090 -0.62544119 -0.31154636
v -0.14792383 -0.65046793 -0.31603581
v -0.13986892 -0.68340766 -0.28778771
v -0.13895430 -0.68845260 -0.27832869
v -0.14838092 -0.69790155 -0.25953829
v -0.15499166 -0.71236092 -0.26742914
v -0.14931469 -0.70860952 -0.27783313
v -0.14413416 -0.69488901 -0.26838192
v -0.19259571 -0.59120661 -0.30350858
v -0.19829264 -0.58437979 -0.29440260
v -0.18717685 -0.58490133 -0.29097325
v -0.18076970 -0.59279722 -0.29896837
v -0.28724548 -0.60578674 -0.31442726
v -0.28824657 -0.60420930 -0.31304413
v -0.28472832 -0.60466945 -0.31249195
v -0.28486753 -0.60635066 -0.31471601
v -0.28196830 -0.60902482 -0.31950182
v -0.28198832 -0.60832894 -0.31724367
v -0.28053275 -0.60718769 -0.31705230
v -0.28643748 -0.60745007 -0.32125694
v -0.28364322 -0.60837340 -0.32096529
v -0.29185098 -0.60513973 -0.31781352
v -0.28989324 -0.60589159 -0.32005841
v -0.29537007 -0.60190582 -0.31852227
v -0.28675103 -0.60722113 -0.31580245
v -0.28463235 -0.60749996 -0.31581903
v -0.28340542 -0.60929191 -0.31881142
v -0.28389513 -0.60899007 -0.31724900
v -0.29071152 -0.60659695 -0.31774819
v -0.28900915 -0.60706139 -0.31921798
v -0.30428377 -0.62209356 -0.32413897
v -0.30875784 -0.62155652 -0.31946152
v -0.30796212 -0.61285126 -0.31807631
v -0.30600363 -0.60382080 -0.31607035
v -0.29897165 -0.60025358 -0.31318179
v -0.19126874 -0.58083153 -0.28396094
v -0.18054496 -0.57691163 -0.27995664
v -0.33855468 -0.68138796 -0.33740455
v -0.32839662 -0.66481072 -0.33180338
v -0.25243518 -0.59609348 -0.32204294
v -0.30350086 -0.65304953 -0.34819847
v -0.26653802 -0.63205111 -0.35658449
v -0.27915177 -0.63047028 -0.33884716
v -0.27440962 -0.62645656 -0.34328747
v -0.27743098 -0.63400418 -0.34564301
v -0.28156975 -0.63629627 -0.34116516
v -0.30556133 -0.65216404 -0.33866957
v -0.30906084 -0.64693534 -0.32990119
v -0.30219293 -0.64995110 -0.33168221
v -0.29804668 -0.64606696 -0.32888299
v -0.30470306 -0.64000040 -0.32703954
v -0.29547548 -0.63768649 -0.32834017
v -0.29269803 -0.64323723 -0.32990658
v -0.28457683 -0.65088928 -0.36228317
v -0.28321743 -0.65269011 -0.36506489
v -0.28864038 -0.63614541 -0.33108604
v -0.28320363 -0.63381898 -0.33464235
v -0.28458980 -0.63882238 -0.33689654
v -0.28824109 -0.64108396 -0.33304602
v -0.27163947 -0.63229984 -0.35091525
v -0.27418000 -0.65532875 -0.36914676
v -0.26903018 -0.64701581 -0.36177957
v -0.18358241 -0.69554746 -0.35602263
v -0.18110631 -0.68339461 -0.35012382
v -0.18530750 -0.66095793 -0.35585397
v -0.18482360 -0.65656161 -0.35220233
v -0.18677577 -0.66216362 -0.34771362
v -0.18513307 -0.66599667 -0.35400188
v -0.20694652 -0.70868468 -0.37939960
v -0.20994133 -0.71647155 -0.38077611
v -0.21518148 -0.71180165 -0.38235915
v -0.20936948 -0.70746303 -0.37923136
v -0.21641278 -0.70531595 -0.38041657
v -0.22053982 -0.70557249 -0.38213494
v -0.21597151 -0.69912165 -0.37858418
v -0.21345125 -0.70164055 -0.37842605
v -0.22824223 -0.71271193 -0.38671768
v -0.23431382 -0.70416397 -0.38547674
v -0.22495180 -0.69845271 -0.37992063
v -0.23982894 -0.68018842 -0.37910023
v -0.22380625 -0.68166816 -0.37391961
v -0.22549634 -0.69083166 -0.37765899
v -0.23842482 -0.69398344 -0.38198280
v -0.19185641 -0.65761364 -0.35458857
v -0.19992135 -0.65967774 -0.35833341
v -0.18319045 -0.67143941 -0.34692714
v -0.20439914 -0.81059468 -0.30346170
v -0.22947021 -0.82232267 -0.31584442
v -0.17599967 -0.74762964 -0.35554728
v -0.17356160 -0.76262885 -0.34588358
v -0.18084127 -0.73306692 -0.36110091
v -0.18585268 -0.72072232 -0.36517292
v -0.17457616 -0.77744126 -0.33182758
v -0.17156041 -0.78767139 -0.31683698
v -0.22845611 -0.66795909 -0.37407267
v -0.21694012 -0.67364335 -0.36870077
v -0.16488267 -0.73455143 -0.34530830
v -0.15989369 -0.74674511 -0.33526027
v -0.17106104 -0.72139251 -0.35229421
v -0.17870060 -0.71171898 -0.35798305
v -0.16171950 -0.75992358 -0.32065147
v -0.15459013 -0.74633557 -0.29486555
v -0.16368908 -0.76689655 -0.30344135
v -0.19248706 -0.66963172 -0.36026701
v -0.19541237 -0.66572928 -0.35871872
v -0.19005041 -0.66272366 -0.35608596
v -0.18929134 -0.66456258 -0.36013055
v -0.21787775 -0.65858185 -0.36664093
v -0.20758788 -0.66619056 -0.36348805
v -0.30437979 -0.63030040 -0.32559517
v -0.31081915 -0.63865393 -0.32206273
v -0.30968037 -0.62999344 -0.32086712
v -0.31346956 -0.64652663 -0.32415622
v -0.31349283 -0.78855956 -0.34179574
v -0.33361137 -0.76146245 -0.34512985
v -0.25879535 -0.82213235 -0.32521623
v -0.28764015 -0.81022310 -0.33491647
v -0.25032839 -0.57724869 -0.29981476
v -0.24014887 -0.56754607 -0.29733321
v -0.27827409 -0.60060197 -0.31331044
v -0.27920896 -0.60008144 -0.31046763
v -0.27671015 -0.59700739 -0.30987534
v -0.27565923 -0.59735584 -0.31275213
v -0.29863170 -0.65304142 -0.34000349
v -0.15137421 -0.72678757 -0.28600526
v -0.13479248 -0.68215042 -0.25811332
v -0.12498670 -0.67244053 -0.24826723
v -0.10290079 -0.66110528 -0.26068032
v -0.10717842 -0.66543555 -0.24941906
v -0.28200254 -0.60262561 -0.31115568
v -0.28085759 -0.60349387 -0.31362632
v -0.28955638 -0.60724568 -0.31656635
v -0.26642042 -0.59362721 -0.31453815
v -0.28268766 -0.60565686 -0.31428909
v -0.28362322 -0.60700727 -0.31559539
v -0.28565222 -0.60397303 -0.31046504
v -0.28233412 -0.60257876 -0.30960715
v -0.28407463 -0.64121950 -0.34360495
v -0.28724620 -0.64418435 -0.34507379
v -0.29189709 -0.60276008 -0.31465489
v -0.29060182 -0.60512102 -0.31528801
v -0.29273206 -0.60210955 -0.31138867
v -0.13412529 -0.58952349 -0.29096964
v -0.12377028 -0.60217041 -0.29494953
v -0.27489355 -0.59451270 -0.30718392
v -0.27140957 -0.59305596 -0.30603528
v -0.34545749 -0.73120701 -0.34524876
v -0.15927246 -0.74821603 -0.27581725
v -0.16730462 -0.76741350 -0.28542349
v -0.21243513 -0.68211579 -0.37118068
v -0.20538145 -0.68264997 -0.37070820
v -0.20842406 -0.68872786 -0.37387437
v -0.21584463 -0.68835843 -0.37447608
v -0.17112803 -0.57397157 -0.27492821
v -0.11472311 -0.61530560 -0.29358032
v -0.11428179 -0.66717249 -0.23853467
v -0.27574891 -0.65058172 -0.36225551
v -0.27579886 -0.64909732 -0.36067879
v -0.29558027 -0.65168822 -0.34144533
v -0.18328461 -0.79059601 -0.28908437
v -0.25925094 -0.58981347 -0.31331182
v -0.26186430 -0.59287602 -0.31313848
v -0.14157541 -0.68497288 -0.24998726
v -0.20065203 -0.58014208 -0.28761810
v -0.28921980 -0.60342991 -0.31150863
v -0.15744837 -0.72895056 -0.27221859
v -0.20615236 -0.69761539 -0.37739179
v -0.20646784 -0.69449484 -0.37858728
v -0.20451491 -0.69222903 -0.37684888
v -0.20440470 -0.69373667 -0.37557349
v -0.21187466 -0.69403046 -0.38057449
v -0.20740628 -0.69264662 -0.38026837
v -0.20820427 -0.69528186 -0.38222560
v -0.21215554 -0.69750440 -0.38267028
v -0.21637483 -0.69390100 -0.37805128
v -0.21053442 -0.69094384 -0.37787414
v -0.20798439 -0.69813162 -0.38386083
v -0.21052404 -0.69925177 -0.38472855
v -0.21197185 -0.70162010 -0.38293242
v -0.21131065 -0.70499212 -0.37921035
v -0.20793541 -0.70187712 -0.38677803
v -0.20937538 -0.70521021 -0.38432020
v -0.20384131 -0.70461476 -0.38880911
v -0.20553945 -0.70828748 -0.38479596
v -0.19799000 -0.70650721 -0.38841963
v -0.19960994 -0.70966834 -0.38346222
v -0.20025328 -0.66980362 -0.36297721
v -0.19546588 -0.67425382 -0.36270368
v -0.19242282 -0.70513177 -0.38663870
v -0.19381410 -0.70771736 -0.38071656
v -0.18656316 -0.70192623 -0.38368446
v -0.18729129 -0.70427680 -0.37809655
v -0.18264273 -0.69700074 -0.37995544
v -0.18143947 -0.69838500 -0.37503454
v -0.18006840 -0.69092774 -0.37636274
v -0.17953017 -0.69182968 -0.37147987
v -0.17878895 -0.68398815 -0.37288019
v -0.17777818 -0.68354237 -0.36753201
v -0.20300272 -0.70464581 -0.38481775
v -0.19824538 -0.70485783 -0.38444498
v -0.20400152 -0.70769334 -0.37605792
v -0.20695752 -0.70161170 -0.38437843
v -0.19792779 -0.69311905 -0.37370557
v -0.19988059 -0.69670111 -0.37238479
v -0.19911082 -0.69558388 -0.37196743
v -0.19681336 -0.69594383 -0.37098995
v -0.20103404 -0.67789614 -0.36695948
v -0.19777866 -0.67994988 -0.36805326
v -0.20162655 -0.68307686 -0.37058446
v -0.19538388 -0.67783487 -0.36495030
v -0.19595830 -0.67951638 -0.36461157
v -0.19859725 -0.68154216 -0.36579442
v -0.20100422 -0.68487108 -0.36764199
v -0.19388077 -0.67959690 -0.36469394
v -0.19210559 -0.67856205 -0.36459893
v -0.19429386 -0.68148434 -0.36403233
v -0.19558559 -0.68111616 -0.36412719
v -0.19677970 -0.68347180 -0.36410993
v -0.19716698 -0.68713832 -0.36597583
v -0.20706025 -0.67569047 -0.36655921
v -0.18904242 -0.69168341 -0.36358622
v -0.18628138 -0.68344164 -0.35847297
v -0.18025336 -0.67765141 -0.36877215
v -0.17639734 -0.67392921 -0.36397195
v -0.18393794 -0.66320324 -0.36202681
v -0.17762038 -0.66546452 -0.36234602
v -0.19950807 -0.70578647 -0.37274876
v -0.19388509 -0.70297086 -0.37020844
v -0.18499047 -0.67423546 -0.35469127
v -0.18984157 -0.69871032 -0.36753792
v -0.18272568 -0.68606460 -0.37211230
v -0.18378967 -0.68211865 -0.36859238
v -0.18297860 -0.69113135 -0.37569657
v -0.19041699 -0.67537224 -0.36399287
v -0.18733960 -0.67027348 -0.36337924
v -0.18307972 -0.67286396 -0.36612523
v -0.18683697 -0.67855966 -0.36547357
v -0.18666379 -0.68624455 -0.37246865
v -0.18755034 -0.68402481 -0.36836922
v -0.18963048 -0.68823767 -0.37080508
v -0.19080886 -0.68615103 -0.36718959
v -0.19161552 -0.68307501 -0.36508024
v -0.18963414 -0.68113041 -0.36537391
v -0.19337077 -0.68845332 -0.36475259
v -0.19250304 -0.69110316 -0.36921006
v -0.19368164 -0.68430644 -0.36386535
v -0.19032866 -0.68985915 -0.37409583
v -0.19126818 -0.69305146 -0.37718058
v -0.19512926 -0.69296551 -0.37693617
v -0.19390336 -0.69180113 -0.37318903
v -0.18546379 -0.69635487 -0.37799633
v -0.18805192 -0.69399178 -0.37833184
v -0.18673663 -0.69005084 -0.37528694
v -0.19056641 -0.69841957 -0.38104421
v -0.18937443 -0.70114976 -0.38043213
v -0.19263390 -0.69714111 -0.37950587
v -0.19514138 -0.69614816 -0.37896085
v -0.19836847 -0.70248973 -0.38354030
v -0.19445455 -0.70117015 -0.38279307
v -0.19383472 -0.70392001 -0.38326645
v -0.19529060 -0.69892347 -0.38165683
v -0.19830847 -0.70002735 -0.38216835
v -0.19837432 -0.69817269 -0.38010305
v -0.19610175 -0.69823086 -0.38026249
v -0.20741101 -0.69865894 -0.38203880
v -0.20759732 -0.69660646 -0.38049817
v -0.20537834 -0.70065981 -0.38288891
v -0.20699303 -0.70126486 -0.38134742
v -0.20425078 -0.69965053 -0.38095841
v -0.20713446 -0.70036578 -0.37968698
v -0.20376804 -0.69789022 -0.37921101
v -0.20281342 -0.69538289 -0.37670553
v -0.13241008 -0.56448448 -0.26419979
v -0.14327493 -0.57040709 -0.27020669
v -0.15079238 -0.56669784 -0.26264265
v -0.14072905 -0.56290984 -0.25526088
v -0.20115528 -0.69763553 -0.37987888
v -0.20144501 -0.69984853 -0.38171685
v -0.20235834 -0.70221722 -0.38326523
v -0.19899860 -0.69429731 -0.37645572
v -0.19754416 -0.69425577 -0.37742710
v -0.19802122 -0.69579375 -0.37861383
v -0.20035021 -0.69569767 -0.37788647
v -0.20333453 -0.68665993 -0.37242502
v -0.20090331 -0.68759418 -0.37016377
v -0.19649875 -0.68935674 -0.36934137
v -0.08671673 -0.56654763 -0.26898533
v -0.07220212 -0.57880199 -0.27651295
v -0.08442473 -0.58732694 -0.27821955
v -0.09726986 -0.57495892 -0.27229196
v -0.07536375 -0.53809446 -0.27022225
v -0.07156157 -0.51942199 -0.26228535
v -0.05399397 -0.52342486 -0.27329054
v -0.05002388 -0.54912579 -0.28097907
v -0.05535155 -0.50222325 -0.26701432
v -0.06968594 -0.50047278 -0.25624603
v -0.05219609 -0.44776097 -0.24930117
v -0.05348723 -0.46463898 -0.25438809
v -0.06653760 -0.46336436 -0.24541298
v -0.06452763 -0.44602779 -0.24025077
v -0.01437472 -0.38455626 -0.22926608
v -0.02609423 -0.38323995 -0.22686779
v -0.02576235 -0.37426871 -0.21326494
v -0.01198937 -0.37544379 -0.21448052
v 0.00438207 -0.47337604 -0.27381766
v 0.01514861 -0.46801412 -0.26941940
v 0.01430760 -0.47721753 -0.27462506
v 0.00384924 -0.48550197 -0.27886191
v -0.02198169 -0.59864712 -0.29129058
v -0.03599684 -0.60614216 -0.28794837
v -0.04600812 -0.58564484 -0.28349030
v -0.03278455 -0.57565808 -0.28817263
v 0.03277758 -0.42215016 -0.23220384
v 0.02198150 -0.42102787 -0.24058685
v 0.02189816 -0.40952438 -0.23473643
v 0.03111676 -0.40915430 -0.22677100
v 0.04513647 -0.35740024 -0.16637817
v 0.02775450 -0.34770510 -0.16836068
v 0.03404302 -0.33242854 -0.15628783
v 0.05272471 -0.34200138 -0.15384850
v 0.08997360 -0.41275510 -0.15789744
v 0.09561339 -0.39915460 -0.14547798
v 0.10611410 -0.41634080 -0.13084500
v 0.10138669 -0.42974597 -0.14362864
v -0.02732119 -0.44991988 -0.26126212
v -0.02860370 -0.46564484 -0.26789582
v -0.04101356 -0.46541548 -0.26187912
v -0.03961565 -0.44910425 -0.25608733
v 0.13288608 -0.37449649 -0.25060511
v 0.11801174 -0.39523810 -0.25646925
v 0.11403722 -0.39269757 -0.24090105
v 0.12940964 -0.37259138 -0.23515439
v 0.12110252 -0.32401511 -0.09265065
v 0.12437563 -0.30745688 -0.08564614
v 0.13748077 -0.32301998 -0.07004112
v 0.13233076 -0.34026811 -0.07812129
v 0.05715547 -0.48562264 -0.30441886
v 0.07149789 -0.50020361 -0.31463104
v 0.06214143 -0.51305449 -0.31794721
v 0.04801764 -0.49559829 -0.30932367
v 0.01713651 -0.45157784 -0.26049542
v 0.01591285 -0.46046323 -0.26530385
v 0.00467404 -0.46224928 -0.27049312
v 0.00571801 -0.45176736 -0.26494092
v 0.09626180 -0.45664260 -0.16957529
v 0.09168401 -0.46924886 -0.18230797
v 0.08384436 -0.45636657 -0.19155687
v 0.08666220 -0.44234431 -0.18066044
v 0.08876093 -0.42738375 -0.16933042
v 0.09910847 -0.44306856 -0.15654744
v -0.00482096 -0.45106295 -0.26564753
v -0.00600422 -0.46461082 -0.27275097
v -0.01703954 -0.46500462 -0.27130824
v -0.01571955 -0.45043904 -0.26465708
v -0.02559025 -0.36821085 -0.19828050
v -0.00902893 -0.36968237 -0.19968769
v 0.10740526 -0.29178339 -0.09872694
v 0.10576919 -0.30764908 -0.10548999
v 0.08673677 -0.29334977 -0.11306687
v 0.08761869 -0.27820829 -0.10716702
v 0.00280057 -0.35681927 -0.17612037
v 0.01958165 -0.36258569 -0.17710659
v 0.01104454 -0.36957484 -0.18863809
v -0.00445133 -0.36534882 -0.18696457
v 0.06581388 -0.26725942 -0.11154854
v 0.06600985 -0.28214109 -0.11652064
v 0.04491501 -0.27381617 -0.11813167
v 0.04519340 -0.25791156 -0.11367534
v -0.05441879 -0.48286840 -0.26065019
v -0.06843100 -0.48164648 -0.25136876
v 0.00630254 -0.39263678 -0.23117888
v -0.00340791 -0.38805220 -0.23083133
v 0.00017120 -0.37890315 -0.21633634
v 0.01074756 -0.38394368 -0.21811023
v 0.03951826 -0.46663013 -0.24788490
v 0.04162855 -0.47149414 -0.24889582
v 0.02932113 -0.47057471 -0.26424614
v 0.02769491 -0.46460134 -0.26115340
v 0.14232816 -0.30567208 -0.06282347
v 0.12775753 -0.29239291 -0.07959041
v 0.06720805 -0.25584179 -0.10473720
v 0.04628504 -0.24621190 -0.10744728
v 0.08386945 -0.50149220 -0.21937674
v 0.07649655 -0.49614510 -0.22485922
v 0.07440780 -0.49552441 -0.22290742
v 0.08250074 -0.50105202 -0.21878703
v -0.05788586 -0.38333437 -0.20894840
v -0.04298022 -0.37197635 -0.20088643
v -0.03905263 -0.37817487 -0.21558292
v -0.04936558 -0.38831142 -0.22136426
v 0.01663450 -0.37893227 -0.20340867
v 0.00505449 -0.37350643 -0.20161574
v 0.02481370 -0.37561011 -0.19081706
v -0.06486365 -0.38019964 -0.19369143
v -0.04579856 -0.36629644 -0.18173046
v -0.08181833 -0.47889364 -0.24003877
v -0.07990426 -0.46129769 -0.23518874
v -0.08478021 -0.49667859 -0.24532083
v -0.08809005 -0.51432896 -0.25071341
v -0.10349342 -0.50988925 -0.24033058
v -0.09891399 -0.49254200 -0.23476899
v -0.09335059 -0.53097600 -0.25764972
v -0.10866172 -0.52562076 -0.24633077
v -0.10321093 -0.55773813 -0.26084656
v -0.11127169 -0.56593108 -0.26467997
v 0.02811977 -0.45908195 -0.25718176
v 0.02917133 -0.45196187 -0.25192124
v 0.08881672 -0.26657715 -0.09978149
v 0.04466672 -0.62327445 -0.20863566
v 0.05413740 -0.61340934 -0.22318013
v 0.05693381 -0.60833645 -0.20636532
v 0.04896567 -0.61699021 -0.19198520
v -0.01855320 -0.56886673 -0.29507616
v -0.00972691 -0.59371394 -0.29673409
v 0.09238864 -0.54001695 -0.20330469
v 0.09290862 -0.53387433 -0.20139118
v 0.09073381 -0.53831071 -0.19679299
v 0.08972009 -0.54606861 -0.19778994
v 0.09562031 -0.51184148 -0.21203996
v 0.09937997 -0.51569331 -0.21040992
v 0.10744014 -0.50695223 -0.20794907
v 0.10381853 -0.50303721 -0.20817637
v 0.14380774 -0.33845586 -0.05255710
v 0.13620192 -0.35637069 -0.06039049
v 0.10549391 -0.48650897 -0.10880589
v 0.10354242 -0.49895266 -0.12813926
v 0.10665028 -0.47950545 -0.13578489
v 0.10915493 -0.46648374 -0.11869401
v -0.03994708 -0.62218893 -0.13122591
v -0.02099386 -0.62717664 -0.14529178
v -0.01453344 -0.61886823 -0.13295406
v -0.03295682 -0.61443776 -0.11966901
v 0.01224711 -0.63993061 -0.18974635
v -0.00645276 -0.63926291 -0.17177443
v -0.01240643 -0.64463359 -0.18390507
v 0.00692947 -0.64449745 -0.20363294
v 0.03180678 -0.63021767 -0.19161665
v 0.03732485 -0.62326473 -0.17704920
v 0.10131428 -0.47319382 -0.16049153
v 0.09605688 -0.48349291 -0.17434518
v 0.09115027 -0.49626470 -0.19362953
v 0.08977033 -0.49998885 -0.20121306
v 0.08363545 -0.49023449 -0.20617706
v 0.08521959 -0.48541874 -0.19970180
v -0.05007596 -0.61438012 -0.28599912
v -0.02787638 -0.62615556 -0.28329647
v -0.04354534 -0.63426435 -0.27943474
v -0.04790042 -0.65717870 -0.22157753
v -0.04198634 -0.65549093 -0.23351967
v -0.03201796 -0.65428931 -0.23006284
v -0.04222306 -0.65642023 -0.21590748
v 0.02512536 -0.57416713 -0.08013830
v 0.03656570 -0.55371940 -0.06593525
v 0.01549145 -0.55505544 -0.05345903
v 0.00512405 -0.57475770 -0.06865843
v 0.09133637 -0.51223582 -0.20259491
v 0.09243755 -0.52112752 -0.19928727
v 0.09235431 -0.52116430 -0.20278624
v 0.09112287 -0.51312125 -0.20528641
v 0.09374581 -0.52065164 -0.19359986
v 0.09288389 -0.50992513 -0.19696644
v 0.09484167 -0.50702006 -0.18888141
v 0.09552881 -0.51853025 -0.18535933
v 0.10017066 -0.50761682 -0.14604270
v 0.09708969 -0.51296395 -0.16317847
v 0.09699581 -0.49862266 -0.16867821
v 0.10232687 -0.49016893 -0.15300259
v 0.03761457 -0.48563796 -0.01181912
v 0.03219854 -0.50863189 -0.02475369
v 0.05114118 -0.50704151 -0.03427902
v 0.05633447 -0.48413637 -0.01940540
v 0.07022449 -0.48184857 -0.23391339
v 0.07825904 -0.47125497 -0.22808436
v 0.06897604 -0.46496597 -0.23598143
v 0.06269409 -0.47375003 -0.24120158
v 0.12077206 -0.51065445 -0.21804360
v 0.12200569 -0.51294219 -0.22329882
v 0.13051839 -0.50538194 -0.22561793
v 0.12901092 -0.50366640 -0.22042559
v 0.09768198 -0.45936215 -0.21311529
v 0.11127752 -0.44226140 -0.20645067
v 0.10009202 -0.43864775 -0.21513170
v 0.08781082 -0.45613068 -0.22113356
v 0.01413153 -0.60904300 -0.29413667
v 0.00059140 -0.61487806 -0.29077041
v 0.00207635 -0.58796650 -0.30203405
v 0.10126386 -0.48303366 -0.20810628
v 0.10799512 -0.48805454 -0.20451558
v 0.12095122 -0.47561419 -0.19960940
v 0.11396465 -0.46887976 -0.20107384
v 0.14200395 -0.38037604 -0.26450628
v 0.12763953 -0.40059981 -0.26988757
v 0.13493234 -0.43086195 -0.19546258
v 0.11936001 -0.44740483 -0.19939646
v 0.12803939 -0.45404410 -0.19606298
v 0.14578877 -0.43767256 -0.19386543
v 0.11135770 -0.45226109 -0.10283841
v 0.10644542 -0.47104698 -0.09075310
v 0.13880941 -0.36596107 -0.01497438
v 0.12896773 -0.38564557 -0.02489823
v 0.13474059 -0.37245238 -0.04191747
v 0.14409178 -0.35359088 -0.03343111
v 0.14938083 -0.32036546 -0.04337307
v 0.14686975 -0.34394753 -0.00426093
v 0.15105301 -0.33298859 -0.02358655
v -0.07431997 -0.64182830 -0.27742854
v -0.05891145 -0.63875043 -0.27740330
v -0.05983698 -0.65117598 -0.26134118
v -0.07415600 -0.65340090 -0.26381588
v 0.17488453 -0.21737395 -0.01496088
v 0.16184473 -0.21753266 -0.04136567
v 0.16107304 -0.19589673 -0.04067823
v 0.17300615 -0.19257176 -0.01057265
v -0.07619292 -0.66186142 -0.22485492
v -0.08714812 -0.66296917 -0.23229879
v -0.07941858 -0.65986824 -0.24793234
v -0.06663577 -0.65817571 -0.24320599
v 0.17215672 -0.23918624 -0.01977341
v 0.16002788 -0.23496503 -0.04372664
v -0.08023877 -0.62508309 -0.28472900
v -0.06460294 -0.62038255 -0.28445503
v -0.08709814 -0.60768533 -0.28384548
v -0.07362352 -0.60257649 -0.28246230
v -0.09745551 -0.59334362 -0.28185371
v 0.14275382 -0.21445832 -0.06305733
v 0.14259924 -0.19770545 -0.06625555
v -0.08857411 -0.65497136 -0.26789892
v -0.09178246 -0.66117519 -0.25372094
v -0.09718341 -0.66415107 -0.24025315
v -0.10569935 -0.66599977 -0.22871713
v -0.11620592 -0.66577977 -0.21725047
v -0.12236673 -0.66933894 -0.22692189
v 0.14419407 -0.29083055 -0.05718420
v 0.15443403 -0.30227351 -0.03724196
v 0.14696330 -0.08880374 0.04685495
v 0.14164230 -0.07688516 0.02261733
v 0.11931522 -0.06652287 0.05353644
v 0.12840876 -0.08207440 0.07272162
v 0.07185436 -0.08864227 0.12206560
v 0.10301312 -0.08113649 0.09848298
v 0.09149542 -0.06742853 0.08170854
v 0.05732217 -0.07685623 0.10540257
v 0.10753510 -0.22898357 0.13366109
v 0.10628863 -0.25471088 0.12340663
v 0.13061231 -0.25029695 0.10810696
v 0.13221541 -0.22510599 0.11826399
v 0.15621063 -0.31389412 -0.01610909
v 0.15325776 -0.32251811 0.00422219
v 0.12769575 -0.28031605 -0.07272285
v 0.13267228 -0.12485909 -0.13141198
v 0.13525568 -0.10254061 -0.14608110
v 0.15184796 -0.08614361 -0.11219390
v 0.15292189 -0.10914248 -0.09851921
v 0.15044558 -0.05429319 -0.04338248
v 0.13111444 -0.04158533 -0.01309757
v 0.13469568 -0.05947968 0.00452048
v 0.15632322 -0.07453194 -0.02609825
v 0.02508643 -0.23721248 -0.10785073
v 0.02452702 -0.22770011 -0.09955619
v 0.04539642 -0.23686478 -0.10021728
v -0.03417493 -0.22349788 -0.09035337
v -0.03493939 -0.21473806 -0.08223625
v -0.01631497 -0.21610472 -0.09050474
v -0.01504649 -0.22510785 -0.09942460
v -0.04289663 -0.15860587 -0.06619930
v -0.03695416 -0.17423397 -0.06937636
v -0.04878389 -0.17467546 -0.06285786
v -0.05340230 -0.16018853 -0.05956127
v 0.11789585 -0.21166538 -0.08097337
v 0.11917869 -0.22408153 -0.07787955
v 0.09160104 -0.21781705 -0.08615224
v 0.08791182 -0.20781761 -0.09242733
v 0.07653133 -0.05595183 0.06370457
v 0.04344354 -0.07136214 0.08446673
v 0.10320351 -0.13846211 -0.15139563
v 0.10711272 -0.11644107 -0.16952358
v 0.07106483 -0.12199712 -0.17567812
v 0.06900054 -0.14456409 -0.15601605
v 0.03611998 -0.13639387 -0.14609437
v 0.03712738 -0.11544782 -0.16512315
v -0.04995297 -0.08425376 -0.03475776
v -0.03811155 -0.08229870 -0.03537984
v -0.03793677 -0.10064539 -0.06166960
v -0.04999918 -0.10639223 -0.06010617
v 0.09069820 -0.12934366 0.14285304
v 0.11760548 -0.12152302 0.12493933
v 0.11112635 -0.09886479 0.11454377
v 0.08310535 -0.10828632 0.13494985
v 0.14581251 -0.32882601 0.02346693
v 0.13806823 -0.35197049 0.01337760
v 0.12544523 -0.35908398 0.02838024
v 0.11650597 -0.38333359 0.01553081
v 0.12892777 -0.37614137 0.00098467
v 0.08267200 -0.50681621 -0.07110849
v 0.08365460 -0.52419680 -0.08961505
v 0.09752802 -0.50463980 -0.09826817
v 0.09708624 -0.48974201 -0.08080897
v -0.00073095 -0.63275194 -0.15941486
v 0.00538913 -0.62493092 -0.14609687
v 0.10006711 -0.03736672 0.01538134
v 0.10759178 -0.01516408 -0.01236832
v 0.07323992 -0.01400122 0.00094843
v 0.05697635 -0.04348311 0.03764029
v 0.14798234 -0.03223410 -0.06248412
v 0.15808049 -0.07041049 -0.07606260
v 0.15518798 -0.04826689 -0.09286942
v 0.13526842 -0.07999739 -0.16481566
v 0.15024041 -0.06354403 -0.12965791
v 0.06999376 -0.09743586 -0.19543825
v 0.03665925 -0.09166116 -0.18418232
v -0.00879768 -0.06557402 -0.08291188
v -0.00320603 -0.04528901 -0.09810270
v 0.00263004 -0.06084111 -0.12891944
v -0.00158472 -0.08120176 -0.11250849
v -0.01425345 -0.15549603 -0.08824364
v -0.00544156 -0.14908347 -0.09518798
v 0.02291622 -0.17095003 -0.09993844
v 0.02231072 -0.18012081 -0.09532949
v -0.01488327 -0.23781843 -0.10869680
v -0.03085764 -0.23566476 -0.10115375
v 0.02435834 -0.24959499 -0.11456724
v 0.00358955 -0.24242181 -0.11352088
v 0.00404499 -0.22968403 -0.10544143
v -0.02511264 -0.29793152 -0.14226115
v -0.02184649 -0.28388521 -0.13206370
v -0.00096986 -0.28771779 -0.13638963
v -0.00330666 -0.30159965 -0.14681524
v -0.00682029 -0.31860998 -0.15682627
v -0.02838895 -0.31517649 -0.15151730
v -0.03601172 -0.35500550 -0.16665141
v -0.01570525 -0.35454240 -0.17301938
v -0.02294572 -0.36354220 -0.18431658
v -0.09496408 -0.47534207 -0.22862652
v -0.09187441 -0.45920521 -0.22328049
v 0.11876032 -0.19859418 -0.08904511
v 0.02442713 -0.04275084 0.02195717
v 0.03868733 -0.01591721 -0.00287925
v 0.01497018 -0.01974979 -0.02033794
v 0.00679699 -0.04288864 -0.00160865
v 0.14224021 -0.22910982 -0.06288211
v 0.10909580 -0.27894193 -0.09182747
v 0.10942498 -0.26871938 -0.08487165
v 0.06959170 -0.39774865 -0.17462006
v 0.07955289 -0.38423011 -0.15774301
v -0.03523490 -0.38418424 -0.22488323
v -0.03997448 -0.39228642 -0.22995475
v 0.16253456 -0.09119168 -0.06003870
v 0.06803754 -0.07263362 -0.21455219
v 0.03614688 -0.06695238 -0.20401169
v 0.03509559 -0.04049501 -0.22272339
v 0.06545439 -0.04656318 -0.23345453
v 0.00355563 -0.01207188 -0.08974987
v 0.01053204 0.01112393 -0.11188549
v 0.00575702 -0.00171039 -0.13595143
v 0.00111937 -0.02336991 -0.11629963
v 0.01582417 0.03381965 -0.13568059
v 0.02051379 0.05725661 -0.15746051
v 0.01232448 0.04723114 -0.18072022
v 0.00932799 0.02250370 -0.15978438
v 0.10726490 -0.09307486 -0.18839917
v 0.12683055 -0.03478411 -0.20684519
v 0.13097921 -0.05863568 -0.18655892
v 0.10308458 -0.06842953 -0.20763654
v 0.09926285 -0.04349655 -0.22706200
v 0.13139182 -0.02113447 -0.03522587
v -0.01007114 -0.05360749 -0.05513206
v -0.00394760 -0.03395098 -0.07043864
v 0.03610347 0.02871537 -0.07288256
v 0.02643980 0.00538254 -0.04517850
v 0.05167691 0.01077801 -0.03008765
v 0.06052972 0.03371975 -0.06097296
v 0.14429569 0.00494573 -0.11330095
v 0.14583400 -0.01320094 -0.08779523
v 0.15128495 -0.02905965 -0.11822203
v 0.14829634 -0.00929776 -0.14283630
v 0.14696729 -0.04357091 -0.15334804
v 0.14252089 -0.02242187 -0.17646971
v 0.11653845 0.01468545 -0.24730358
v 0.12156207 -0.01043281 -0.22723778
v 0.09453318 -0.01717597 -0.24606103
v 0.08954005 0.00910249 -0.26556230
v 0.13340050 0.02314848 -0.22045901
v 0.13781613 -0.00032586 -0.19880912
v 0.14026442 0.03143123 -0.19039334
v 0.14435205 0.01081461 -0.16752991
v 0.13704962 0.04151931 -0.16376269
v 0.14077654 0.02306896 -0.13907400
v 0.12826715 0.05064252 -0.14243869
v 0.12985037 0.03488573 -0.11636081
v 0.11265820 0.04512599 -0.09839770
v 0.11341530 0.06016296 -0.12588467
v 0.09373811 0.06623822 -0.11760123
v 0.09133962 0.05101314 -0.08950913
v 0.05039034 0.06837210 -0.12417985
v 0.04397430 0.04942226 -0.09992726
v 0.06641638 0.05268490 -0.08967838
v 0.07127320 0.06945765 -0.11654022
v 0.07044850 0.13407049 -0.18481886
v 0.06672401 0.11984199 -0.17263101
v 0.08517064 0.11272281 -0.17471603
v 0.08701220 0.12695247 -0.18625458
v 0.10286452 0.11918765 -0.19042554
v 0.10141100 0.10545653 -0.18028575
v 0.11492424 0.09884006 -0.18812549
v 0.11836210 0.11394808 -0.19913958
v 0.13378748 0.09172276 -0.21896189
v 0.13736939 0.10919356 -0.22840473
v 0.12944244 0.11027339 -0.21109360
v 0.12703949 0.09448266 -0.20118934
v 0.13618480 0.08974671 -0.24188671
v 0.13800336 0.11000353 -0.25131086
v 0.12719578 0.09042448 -0.26893088
v 0.12627205 0.11618572 -0.27494359
v 0.10796814 0.09578773 -0.29365101
v 0.10732044 0.12286103 -0.29619575
v 0.02918680 0.11891600 -0.21695435
v 0.03468427 0.12110645 -0.19580929
v 0.04202471 0.13971007 -0.20125264
v 0.03488902 0.13895306 -0.22037533
v 0.02533430 0.11354071 -0.27056390
v 0.03625606 0.13827541 -0.26554826
v 0.03877801 0.13481861 -0.29335228
v 0.03132074 0.10936150 -0.30080348
v 0.11288305 0.04172349 -0.26742482
v 0.12959298 0.04594243 -0.23942016
v 0.13710584 0.05112299 -0.21043970
v 0.13438451 0.05757996 -0.18610792
v 0.05606329 0.08629596 -0.14346364
v 0.07708154 0.08469856 -0.13919760
v 0.01673547 0.07282230 -0.19820374
v 0.02396621 0.07944620 -0.17530715
v 0.05432446 0.07193682 -0.30949530
v 0.08303858 0.06827945 -0.30505636
v 0.08560163 0.03833169 -0.28659981
v 0.05640117 0.04036462 -0.29081285
v 0.12774675 0.06757280 -0.25644717
v 0.13548711 0.07016465 -0.22807415
v 0.13371448 0.07482922 -0.20491426
v 0.11598453 0.08666018 -0.17207181
v 0.12767510 0.07974023 -0.18637259
v 0.10089327 0.09344015 -0.16271251
v 0.06226676 0.10422429 -0.15841499
v 0.08272494 0.09917298 -0.15760672
v 0.02284228 0.09651184 -0.21032588
v 0.02940203 0.10113984 -0.18771702
v 0.05916706 0.13084212 -0.31404582
v 0.08562393 0.12770346 -0.31477791
v 0.08476211 0.09886348 -0.31545010
v 0.05528103 0.10336772 -0.31949389
v 0.06528436 0.15500423 -0.29955322
v 0.04980104 0.15680963 -0.28338367
v 0.12379213 0.12379956 -0.20093781
v 0.10769338 0.12772465 -0.19092211
v 0.13619834 0.12402871 -0.21341810
v 0.12675175 0.14240754 -0.27593994
v 0.14246893 0.13197848 -0.25488982
v 0.10714459 0.15131924 -0.29466918
v 0.08552535 0.15243831 -0.30435920
v 0.05319672 0.16645062 -0.19716001
v 0.04770279 0.17193940 -0.21443686
v 0.04160770 0.15324235 -0.22126745
v 0.04727924 0.15174803 -0.20399572
v 0.07931590 0.15123314 -0.17773528
v 0.07326421 0.14202505 -0.18915017
v 0.08955725 0.13437596 -0.18731976
v 0.09754547 0.14317536 -0.17409422
v 0.13448730 0.13742056 -0.18882158
v 0.11657265 0.13833421 -0.17835282
v 0.14765686 0.13870475 -0.20444803
v 0.14767553 0.15803394 -0.24889532
v 0.15486550 0.14613307 -0.22590670
v 0.14408366 0.12480250 -0.23218909
v 0.13009408 0.17053503 -0.27058163
v 0.10901539 0.20965797 -0.26342544
v 0.13661498 0.20099208 -0.25878343
v 0.10333940 0.18173411 -0.28178144
v 0.10576781 0.29278001 -0.19038779
v 0.11151522 0.32016873 -0.16680068
v 0.13037530 0.31950033 -0.17594364
v 0.12745738 0.29291391 -0.20058498
v 0.05704262 0.18402815 -0.18050721
v 0.05183414 0.19198954 -0.20012942
v 0.10624972 0.15814847 -0.15564314
v 0.08583547 0.16618913 -0.15871620
v 0.16531947 0.21220946 -0.21939102
v 0.17431952 0.19709009 -0.19607967
v 0.16577458 0.17128015 -0.21391325
v 0.15649436 0.18492305 -0.23735374
v 0.06632411 0.26652139 -0.13759145
v 0.05877090 0.24035335 -0.15808386
v 0.06605481 0.22983962 -0.13898847
v 0.07322000 0.25630933 -0.12006739
v 0.11169409 0.17953295 -0.13522431
v 0.11721911 0.20504516 -0.11657158
v 0.09628026 0.21169215 -0.11851954
v 0.09109524 0.18708867 -0.13836244
v 0.17194299 0.26972410 -0.17754844
v 0.17965308 0.25563169 -0.15563247
v 0.17918906 0.22479063 -0.17582795
v 0.17062262 0.24041581 -0.19912240
v 0.11744483 0.23778811 -0.24520099
v 0.12426037 0.26540956 -0.22380319
v 0.15018359 0.25503871 -0.21818185
v 0.14488095 0.22812366 -0.23952600
v 0.09307293 0.23815924 -0.23501411
v 0.09997974 0.26563418 -0.21402052
v 0.09634274 0.31539953 -0.08923590
v 0.09045523 0.32604289 -0.10093775
v 0.07795595 0.29551566 -0.11914760
v 0.08448090 0.28478646 -0.10467029
v 0.12351341 0.23417634 -0.10072368
v 0.12958993 0.26671445 -0.08814085
v 0.11123680 0.27053273 -0.08852050
v 0.10265937 0.23931170 -0.10109293
v 0.17115144 0.33050245 -0.13166815
v 0.17562018 0.31975591 -0.11405030
v 0.17816707 0.28760976 -0.13513675
v 0.17206848 0.29915237 -0.15442845
v 0.13440180 0.34761754 -0.15051749
v 0.15658808 0.34145606 -0.14684412
v 0.15482582 0.31196746 -0.17216474
v 0.11689748 0.34859759 -0.14297393
v 0.12137944 0.37720743 -0.12196252
v 0.13638370 0.37690431 -0.12816778
v 0.10536711 0.34598136 -0.07298842
v 0.10125609 0.35525596 -0.08465406
v 0.12345544 0.33477253 -0.06082761
v 0.11886083 0.30341816 -0.07579464
v 0.13397008 0.29937953 -0.07485712
v 0.13744830 0.33100343 -0.05985039
v 0.16464825 0.30567753 -0.08687022
v 0.16429748 0.33710814 -0.07204071
v 0.15227029 0.33202845 -0.06378880
v 0.15084367 0.30061865 -0.07876647
v 0.17274028 0.34997427 -0.09541509
v 0.17033875 0.34247899 -0.08204389
v 0.17320257 0.31150138 -0.09866011
v 0.16920885 0.35960835 -0.11226955
v 0.15593526 0.37033767 -0.12548995
v 0.00096982 -0.06278554 0.03775054
v 0.01262193 -0.06109926 0.03563511
v -0.00043000 -0.05674824 0.00884958
v -0.00770561 -0.06203958 0.01182994
v 0.00739456 -0.01536372 -0.16956161
v 0.00522174 -0.03896889 -0.14870964
v 0.01018834 0.03726643 -0.20880002
v 0.00851518 0.01064962 -0.19054815
v 0.01397027 0.06482953 -0.22568496
v 0.02809301 0.11628318 -0.24244028
v 0.02061111 0.09144020 -0.23734814
v 0.03546564 0.13796434 -0.24343374
v 0.04222837 0.15758717 -0.24104708
v 0.04939041 0.17781675 -0.23336048
v 0.05917403 0.22387663 -0.20278966
v 0.05575490 0.19926181 -0.22042835
v 0.05453032 0.21542332 -0.17993134
v 0.07087349 0.27818367 -0.15860736
v 0.06386656 0.25044063 -0.18089366
v 0.09301810 0.33649194 -0.11556083
v 0.08168589 0.30720204 -0.13669747
v 0.10415580 0.36470878 -0.09823123
v 0.01034068 -0.13135540 -0.11105186
v 0.00550855 -0.13997042 -0.10071026
v -0.01170278 -0.11752111 -0.08318739
v -0.00647857 -0.11081004 -0.08859760
v -0.04100705 -0.07314718 -0.00253008
v -0.03078769 -0.07186627 -0.00251903
v -0.03482423 -0.07481891 -0.01785828
v -0.04560305 -0.07602492 -0.01619971
v 0.10921950 0.06836078 -0.28397626
v 0.12761182 0.06478950 -0.16635928
v 0.09690329 0.07957587 -0.14254022
v 0.11442632 0.07364142 -0.15111621
v 0.01818147 0.08610880 -0.26873985
v 0.02866083 0.07887098 -0.29695529
v 0.02905279 0.04700029 -0.27942896
v 0.01602289 0.05730417 -0.25485253
v 0.08717234 0.21430930 -0.25349653
v 0.06822480 0.20737842 -0.23874831
v 0.07487990 0.23188156 -0.21990925
v 0.08083291 0.19286984 -0.27165991
v 0.16147012 0.15964091 -0.19091919
v 0.14740044 0.15429044 -0.17285660
v 0.13554657 0.17563081 -0.14124042
v 0.12794214 0.15410119 -0.16091250
v 0.15681800 0.17687023 -0.15364230
v 0.01534263 -0.00037834 -0.22070035
v 0.01554343 0.02862161 -0.23776731
v 0.03152057 0.01707098 -0.26138628
v 0.03371980 -0.01239648 -0.24229342
v 0.11875786 -0.40250906 -0.03650254
v 0.12480101 -0.38885072 -0.05153711
v 0.03577682 -0.39645809 -0.20939484
v 0.02718419 -0.38656271 -0.20581049
v 0.03817323 -0.38403612 -0.19198027
v 0.04949794 -0.39654776 -0.19424683
v 0.05576952 -0.40992454 -0.20002291
v 0.04156966 -0.40825260 -0.21471906
v 0.05808619 -0.42433560 -0.20705062
v 0.04434574 -0.42212319 -0.22073354
v 0.04925857 -0.47375220 -0.23478889
v 0.05090237 -0.47753307 -0.23637930
v -0.05526180 -0.35338286 -0.15661804
v -0.05221977 -0.33276019 -0.15008013
v -0.03220237 -0.33411872 -0.15954624
v 0.00283969 -0.21995242 -0.09639671
v -0.00231645 -0.18112198 -0.08247687
v -0.02289917 -0.17522255 -0.07613739
v -0.03275647 -0.15670434 -0.07420487
v -0.06337667 -0.10191637 -0.04379735
v -0.06908412 -0.09078065 -0.02545398
v -0.06163308 -0.07847443 -0.00807650
v -0.05435143 -0.07406622 0.00425170
v 0.07355309 -0.47749561 -0.02904203
v 0.06887698 -0.49948061 -0.04474236
v -0.04678736 -0.62874550 -0.14274061
v -0.02639452 -0.63368648 -0.15738909
v -0.03824882 -0.64459801 -0.17777556
v -0.05916566 -0.63938373 -0.16259958
v -0.06494277 -0.64431512 -0.17137711
v -0.04472261 -0.64907467 -0.18627748
v -0.09804442 -0.66554213 -0.21884227
v -0.08999963 -0.66119337 -0.20941831
v -0.02546025 -0.07087448 0.01518154
v -0.01784593 -0.06878579 0.02174725
v -0.02344256 -0.07003108 0.00048329
v -0.01239912 -0.08078024 -0.07113415
v -0.01662643 -0.09179166 -0.06432176
v -0.01807926 -0.07660195 -0.03903937
v -0.01385499 -0.06794474 -0.04494116
v 0.15248130 -0.13293207 -0.08768968
v 0.12859744 -0.14739294 -0.12031235
v 0.10884652 -0.05278006 0.03491744
v 0.18167600 -0.40154555 -0.19395652
v 0.16339505 -0.42050508 -0.19369775
v 0.17517543 -0.42686608 -0.19806784
v 0.19324586 -0.40691841 -0.19914746
v 0.04463768 -0.57357585 -0.09487322
v 0.06077172 -0.54766029 -0.08349538
v -0.06013234 -0.59538817 -0.28252789
v 0.02428267 -0.56932414 -0.31467175
v 0.01280032 -0.58005494 -0.30845112
v 0.00370941 -0.55535996 -0.30757529
v 0.01121383 -0.54691488 -0.31330872
v 0.06298676 -0.60499990 -0.25139803
v 0.05366309 -0.61601502 -0.24098845
v 0.04880422 -0.61640906 -0.26028740
v 0.05785948 -0.60518408 -0.26942790
v 0.13092700 -0.19929221 0.12664996
v 0.10610893 -0.20381963 0.14121760
v 0.07483819 -0.41976663 0.02358491
v 0.06820839 -0.44071344 0.00996443
v 0.08555940 -0.43509918 0.00148544
v 0.09255245 -0.41346383 0.01438089
v 0.07247874 -0.55416089 -0.10940765
v 0.08635533 -0.53374755 -0.11171482
v -0.07677181 -0.39628321 -0.20365459
v -0.06743963 -0.39826888 -0.21631484
v -0.07306162 -0.41348952 -0.22190757
v -0.08449940 -0.41223437 -0.20985675
v 0.16690595 -0.46275103 -0.21942207
v 0.16524276 -0.45245039 -0.20594606
v 0.14437692 -0.46911311 -0.20324925
v 0.14730173 -0.47663891 -0.21078649
v 0.16140147 -0.09246802 -0.00622661
v 0.16713840 -0.11584899 -0.04176050
v 0.11905509 -0.40477884 -0.08994304
v 0.12233453 -0.38859299 -0.07794254
v 0.11931726 -0.40595236 -0.06195023
v 0.11686882 -0.42241684 -0.07414623
v 0.10768537 -0.44762138 -0.13053545
v 0.11082517 -0.43432599 -0.11661842
v 0.10492353 -0.46092451 -0.14547110
v 0.09065393 -0.50746322 -0.21433783
v 0.08803888 -0.50838423 -0.21461886
v 0.09168998 -0.51508677 -0.21151717
v -0.00502370 -0.09993258 -0.09893858
v -0.02426938 -0.12505046 -0.08352254
v -0.03559753 -0.12827536 -0.07997464
v -0.03567457 -0.07184845 0.01115387
v -0.04649563 -0.07219049 0.01522061
v -0.11076584 -0.59837097 -0.28783834
v -0.10082283 -0.61197174 -0.28751457
v 0.10601383 -0.46342936 -0.20590311
v 0.09437920 -0.47829247 -0.21284305
v 0.08263542 -0.49421290 -0.21146125
v 0.08282478 -0.49774739 -0.21415566
v 0.07347789 -0.49074540 -0.21968012
v 0.07285543 -0.48603389 -0.21711572
v 0.08861490 -0.50289255 -0.20667031
v 0.08854309 -0.50532264 -0.20918280
v -0.00622756 -0.47759187 -0.27583039
v -0.00518590 -0.49150103 -0.28075749
v -0.01466668 -0.49632770 -0.28054410
v -0.01675469 -0.48044151 -0.27666825
v -0.02854020 -0.48214054 -0.27333379
v -0.02730139 -0.49971214 -0.27885821
v -0.04106003 -0.50208563 -0.27458200
v -0.04159471 -0.48311040 -0.26834375
v -0.06265794 -0.56719011 -0.28004462
v -0.08117031 -0.55417746 -0.27203035
v -0.09902062 -0.54576480 -0.26094589
v -0.11376639 -0.53936851 -0.25024074
v -0.08100753 -0.65858018 -0.20012078
v -0.06222960 -0.65908933 -0.21725522
v -0.05760740 -0.65605825 -0.20365639
v -0.07505367 -0.65364718 -0.18981510
v -0.09367568 -0.65114105 -0.17519763
v -0.09980737 -0.65578532 -0.18518108
v -0.10992330 -0.58120990 -0.27851129
v -0.12174197 -0.57116628 -0.27166405
v -0.12369264 -0.55834585 -0.25764471
v 0.15531603 -0.38691488 -0.27315426
v 0.14190254 -0.40730375 -0.27826285
v -0.09065137 -0.64376587 -0.27968395
v -0.09446823 -0.62809312 -0.28646731
v 0.17090887 -0.39540508 -0.27603650
v 0.15679018 -0.41681841 -0.28097326
v -0.01408204 -0.53920013 -0.29279995
v -0.00372448 -0.53352690 -0.29870349
v -0.00627974 -0.56258899 -0.30072913
v -0.12202723 -0.58584946 -0.28493005
v -0.13344869 -0.57565928 -0.27869278
v 0.14945868 -0.15553898 -0.08173231
v 0.12347420 -0.16684738 -0.11089332
v 0.11647918 -0.33913600 -0.09981644
v 0.10292707 -0.32269156 -0.11214893
v -0.06352466 -0.29892620 -0.12210663
v -0.05966795 -0.28454715 -0.11324619
v -0.04124986 -0.28299206 -0.12398687
v -0.04499650 -0.29761681 -0.13349611
v -0.07364543 -0.35338926 -0.14405480
v -0.07062332 -0.33371389 -0.13731706
v -0.16129369 -0.57053882 -0.26912218
v -0.01670385 -0.25468469 -0.11621580
v -0.01893575 -0.27009696 -0.12353834
v -0.03825650 -0.26886213 -0.11558394
v -0.03653707 -0.25220317 -0.10690473
v -0.04163219 -0.23516631 -0.09343454
v -0.04289052 -0.22837436 -0.08911805
v -0.05050033 -0.14286944 -0.06500050
v -0.05736373 -0.14456385 -0.05855560
v 0.07919808 -0.44601601 -0.27453649
v 0.08809379 -0.45119971 -0.29045206
v 0.07635698 -0.46410486 -0.29580805
v 0.06898171 -0.45715415 -0.27961075
v 0.02377967 -0.26602548 -0.12045893
v 0.00262705 -0.25931317 -0.12067214
v 0.04002455 -0.46100017 -0.24411690
v 0.05082376 -0.46798092 -0.23092426
v -0.06180602 -0.36646548 -0.16703644
v -0.05596080 -0.40138119 -0.22656527
v -0.06048486 -0.41538444 -0.23177525
v -0.04437124 -0.40453947 -0.23519328
v -0.04758509 -0.41762382 -0.23970768
v -0.03839093 -0.07122493 0.02570951
v -0.02998309 -0.07370579 0.02206084
v 0.13086358 -0.51236844 -0.26058525
v 0.13140070 -0.51062733 -0.25139773
v 0.12303057 -0.52114344 -0.24904206
v 0.12349962 -0.52317071 -0.25880477
v -0.00667074 -0.04746962 -0.02955136
v -0.01004461 -0.05975595 -0.01864214
v 0.02632085 -0.06779322 0.06091749
v 0.00590374 -0.06632659 0.05890133
v 0.00269084 -0.07379380 0.07513617
v 0.00956891 -0.07718620 0.08517127
v 0.01499177 -0.07619503 -0.16015095
v 0.01329110 -0.09865037 -0.14140406
v 0.01579624 -0.05255434 -0.18019436
v 0.01629545 -0.02627215 -0.20037109
v 0.04695145 0.15892139 -0.26186249
v 0.05991483 0.18236661 -0.25697422
v 0.08170009 0.25852841 -0.19827455
v 0.08852071 0.28592995 -0.17563647
v 0.09645451 0.31490517 -0.15212226
v 0.11129964 0.37240130 -0.11210975
v 0.10404693 0.34454498 -0.12975368
v 0.18472806 -0.40218902 -0.27205789
v 0.19685212 -0.40723220 -0.26289582
v 0.18147892 -0.43200022 -0.26555890
v 0.16917151 -0.42663974 -0.27679434
v 0.12479091 -0.42543873 -0.20249356
v 0.14057642 -0.40885204 -0.19963688
v 0.13048941 -0.40310195 -0.20676976
v 0.11489622 -0.42059606 -0.21059811
v 0.15763247 -0.39153925 -0.19636264
v 0.15148434 -0.41478109 -0.19464676
v 0.16971558 -0.39713740 -0.19345030
v 0.20209679 -0.41246247 -0.20934720
v 0.18425493 -0.43271786 -0.20768899
v 0.18883261 -0.43769854 -0.22143653
v 0.20731746 -0.41434237 -0.22266147
v 0.20485407 -0.41130936 -0.25021002
v 0.20852655 -0.41402838 -0.23638053
v 0.19144955 -0.43708408 -0.23674580
v 0.18888327 -0.43448004 -0.25206891
v 0.13122177 -0.37452427 -0.22127727
v 0.11533775 -0.39355558 -0.22642975
v 0.12129728 -0.39739990 -0.21536121
v 0.13740058 -0.37940365 -0.21076816
v 0.10120287 -0.46048573 -0.30069545
v 0.09007382 -0.47405756 -0.30703175
v 0.04727263 -0.47582567 -0.24669909
v 0.05397788 -0.48022255 -0.24458131
v 0.04906200 -0.47038168 -0.25596729
v 0.04053243 -0.47162625 -0.25955096
v 0.11232980 -0.42071444 -0.27603951
v 0.12711060 -0.42754686 -0.28500843
v 0.11308946 -0.44516063 -0.29268238
v 0.09931145 -0.43736595 -0.28314829
v 0.10039306 -0.41265133 -0.23136249
v 0.08555017 -0.43057334 -0.23625427
v 0.09122907 -0.43365794 -0.22443098
v 0.10617908 -0.41574645 -0.21961558
v 0.13711141 -0.46171683 -0.19773465
v 0.15576075 -0.44531888 -0.19716084
v 0.06428540 -0.45635116 -0.26122335
v 0.07430454 -0.44429761 -0.25703329
v 0.04156274 -0.45428395 -0.23884878
v 0.07384331 -0.48139858 -0.21278010
v 0.07641394 -0.47567061 -0.20700268
v 0.01958695 -0.39034787 -0.21966890
v 0.01462617 -0.39717749 -0.23093596
v 0.07156989 -0.44585711 -0.20251784
v 0.07300939 -0.43114787 -0.19327939
v 0.02080178 -0.40140012 -0.23001683
v 0.02651084 -0.39843112 -0.22229293
v 0.00924902 -0.34103703 -0.16874725
v -0.11762486 -0.55040777 -0.25235000
v 0.08442830 -0.43055823 -0.25181788
v 0.08966655 -0.43241644 -0.26851487
v 0.13179731 -0.48819616 -0.20771338
v 0.12768500 -0.48192334 -0.20226645
v 0.11385661 -0.49354988 -0.20431706
v 0.11826817 -0.49805611 -0.20658723
v 0.08461101 -0.55842763 -0.15281194
v 0.09053171 -0.54295903 -0.15488647
v 0.08846597 -0.53900641 -0.13370880
v 0.08006914 -0.55621928 -0.13103482
v 0.13106331 -0.50757205 -0.27699786
v 0.12300172 -0.52057600 -0.27889353
v 0.12051951 -0.51340413 -0.28976887
v 0.12984630 -0.49914378 -0.28624785
v 0.11441898 -0.50270921 -0.30064562
v 0.10343371 -0.48919147 -0.30864942
v 0.11484703 -0.47364932 -0.30219337
v 0.12448396 -0.48787737 -0.29544309
v 0.16307271 -0.17385148 -0.04239307
v 0.17195469 -0.16959092 -0.01029138
v 0.06681010 -0.24678352 -0.09773343
v 0.08912373 -0.25681353 -0.09268504
v 0.02840229 -0.19556582 -0.08813634
v -0.02882682 -0.08113930 -0.03543974
v -0.02884722 -0.09826466 -0.06186143
v 0.00153707 -0.02539858 -0.04467323
v 0.14381027 -0.17637394 -0.07311870
v 0.02028007 0.02082720 -0.09122725
v 0.01160026 -0.00222111 -0.06617780
v 0.08875144 0.03323039 -0.05965617
v 0.08285056 0.01167724 -0.02900049
v 0.10984069 0.00776848 -0.04074666
v 0.11185518 0.02823710 -0.06969821
v 0.13108519 -0.00115773 -0.06105065
v 0.13069534 0.01813582 -0.08922935
v 0.05737601 0.00749412 -0.27036551
v 0.14129995 0.20291114 -0.12194890
v 0.16395503 0.23693073 -0.11759275
v 0.14512521 0.23348069 -0.10625052
v 0.16226342 0.20502102 -0.13456848
v 0.17113963 0.18459314 -0.17328048
v 0.17558035 0.21208280 -0.15379730
v 0.15233511 0.28361720 -0.19642970
v 0.14838424 0.26671398 -0.09279317
v 0.16447501 0.27145159 -0.10249731
v 0.17632625 0.24424368 -0.13530654
v 0.17516999 0.27780753 -0.11706340
v -0.01493199 -0.06703806 -0.01414971
v 0.01931562 -0.08123863 0.09969893
v 0.08826847 -0.17486763 -0.12338538
v 0.09627631 -0.15740122 -0.13681954
v 0.00110827 -0.14488113 -0.09554290
v 0.02709959 -0.16624106 -0.10628528
v 0.06546909 -0.29621020 -0.12298875
v 0.04432575 -0.28807920 -0.12445153
v 0.05932837 -0.32595259 -0.14221174
v 0.06380641 -0.31043357 -0.13193516
v 0.08255474 -0.32281971 -0.12863328
v 0.07775308 -0.33778861 -0.13810095
v 0.10785199 -0.36834762 -0.12053534
v 0.11150169 -0.35370106 -0.10859921
v 0.11974120 -0.37073547 -0.09415743
v 0.11625499 -0.38672647 -0.10611601
v 0.12764682 -0.37309414 -0.06797645
v 0.12591879 -0.35606626 -0.08496679
v 0.09345169 -0.44653440 -0.02368734
v 0.08861753 -0.46684963 -0.03904404
v 0.10070843 -0.45411646 -0.04923386
v 0.10473160 -0.43458223 -0.03521600
v -0.04317230 -0.13595465 -0.07213034
v -0.02655673 -0.07369354 -0.01597990
v 0.01268829 -0.11784762 -0.12555745
v 0.03232162 -0.14991802 -0.12706071
v 0.06496140 -0.15924028 -0.13865954
v 0.08686593 -0.47462419 -0.22012246
v 0.09051508 -0.54065245 -0.19045821
v 0.08739307 -0.55062705 -0.19133684
v 0.12695850 -0.45737666 -0.29519418
v 0.13606599 -0.47224629 -0.28934819
v 0.07266685 -0.44539487 -0.24149469
v 0.06637280 -0.47514972 -0.29997772
v 0.04809023 -0.47597292 -0.28851956
v 0.05850107 -0.46745571 -0.28385526
v 0.05432349 -0.19807990 -0.09541105
v 0.05184411 -0.18709035 -0.10309001
v 0.08510172 -0.19661963 -0.10169563
v -0.00521430 -0.06713614 0.04977848
v -0.00783547 -0.07071131 0.06110151
v -0.01755082 -0.12184277 -0.08263086
v 0.03249261 0.06422028 -0.13816412
v 0.02622505 0.04299483 -0.11616383
v 0.03736423 0.08444414 -0.15556632
v 0.04217241 0.10334110 -0.16909331
v 0.04872108 0.12244362 -0.17923220
v 0.05428209 0.13789606 -0.18836878
v 0.05909375 0.14794290 -0.19294904
v 0.06420233 0.15911153 -0.18498433
v 0.06094341 0.20547512 -0.15993690
v 0.06905042 0.17479888 -0.16769575
v 0.07416137 0.19580632 -0.14690316
v 0.07931370 0.22002089 -0.12610304
v 0.09635423 0.27665728 -0.09419990
v 0.08610810 0.24663794 -0.10776311
v 0.10623759 0.30776578 -0.08090511
v 0.11314826 0.33971423 -0.06632915
v -0.02482653 -0.07045138 0.02848838
v -0.01526862 -0.06880313 0.03895009
v -0.02774761 -0.54481357 -0.28664255
v 0.06069067 -0.48022640 -0.22475824
v 0.06206454 -0.48443636 -0.22641119
v 0.06335049 -0.45684054 -0.24666299
v 0.03041234 -0.09078130 0.11588638
v 0.04237882 -0.10265800 0.13112098
v 0.17291074 -0.45582545 -0.25052196
v 0.16675268 -0.45504946 -0.26539892
v 0.07821200 -0.45101815 -0.22966295
v 0.05533261 -0.48525992 -0.23553057
v 0.06004154 -0.48948213 -0.23564015
v 0.16357374 -0.22991771 -0.24543051
v 0.15567043 -0.21218967 -0.24002475
v 0.16470182 -0.20825428 -0.24605034
v 0.17398377 -0.22618878 -0.25117055
v 0.15661412 -0.23348033 -0.23580082
v 0.14987467 -0.21570659 -0.23030046
v 0.17903741 -0.23217249 -0.18151927
v 0.17519003 -0.21175098 -0.18158641
v 0.16431227 -0.21613622 -0.18797457
v 0.16812275 -0.23652488 -0.18904041
v 0.14251976 -0.20063418 -0.21473832
v 0.14793700 -0.21844155 -0.21927500
v 0.15068114 -0.21962404 -0.20777968
v 0.14600591 -0.20106691 -0.20412540
v 0.20576002 -0.22190058 -0.18548629
v 0.21002422 -0.24223807 -0.18320599
v 0.22030550 -0.23904318 -0.19309768
v 0.21422628 -0.21912342 -0.19573060
v 0.18629980 -0.30929089 -0.19298790
v 0.18447915 -0.32066730 -0.19823757
v 0.19317675 -0.31920746 -0.18773568
v 0.19589543 -0.30666170 -0.18356352
v 0.17972277 -0.26698613 -0.25648668
v 0.17166348 -0.24817002 -0.25076053
v 0.18352349 -0.24520308 -0.25555491
v 0.19330852 -0.26491353 -0.25952801
v 0.16425762 -0.27684647 -0.21945104
v 0.17036620 -0.29553363 -0.22486359
v 0.17356312 -0.29639173 -0.21045189
v 0.16870034 -0.27782381 -0.20506552
v 0.20346420 -0.28473938 -0.26174733
v 0.18872616 -0.28618580 -0.26146266
v 0.15493183 -0.23891473 -0.21123818
v 0.15914397 -0.25789192 -0.21506082
v 0.16420241 -0.25868148 -0.20172854
v 0.16051635 -0.23881388 -0.19937727
v 0.19278181 -0.18346238 -0.19004208
v 0.19998302 -0.20230126 -0.18776369
v 0.20706651 -0.19992787 -0.19805478
v 0.19857532 -0.18120122 -0.20003828
v 0.15215155 -0.19948202 -0.19510517
v 0.15647215 -0.21887195 -0.19726373
v 0.16045974 -0.19637579 -0.18718958
v 0.17735159 -0.18305701 -0.24026176
v 0.18901588 -0.20142585 -0.24343058
v 0.17652255 -0.20468467 -0.24691515
v 0.16599786 -0.18683565 -0.24283886
v 0.18448313 -0.27383554 -0.18310346
v 0.18163446 -0.25344455 -0.18151316
v 0.17168289 -0.25717476 -0.19035146
v 0.17531361 -0.27675444 -0.19253804
v 0.16980611 -0.27073658 -0.24688897
v 0.16314922 -0.25208110 -0.24113823
v 0.20108901 -0.22011858 -0.24598256
v 0.21252458 -0.23988503 -0.24731594
v 0.19804417 -0.24218458 -0.25406373
v 0.18709782 -0.22333443 -0.25072324
v 0.23269075 -0.25889900 -0.23349488
v 0.22258797 -0.23856276 -0.23517069
v 0.22643879 -0.23832950 -0.22039875
v 0.23505858 -0.25890669 -0.21759798
v 0.19755878 -0.28956234 -0.17998543
v 0.18632495 -0.29292026 -0.18725830
v 0.21295319 -0.26355129 -0.18106857
v 0.21381824 -0.28466290 -0.17942286
v 0.22797848 -0.28147730 -0.18732798
v 0.22496966 -0.26016659 -0.19025835
v 0.17978859 -0.32157350 -0.24982625
v 0.17635463 -0.30941698 -0.24567141
v 0.18438733 -0.30709437 -0.25799948
v 0.19031861 -0.32084090 -0.26101476
v 0.19834971 -0.30485865 -0.26478094
v 0.20516704 -0.32084098 -0.26544604
v 0.22401768 -0.34674731 -0.25812149
v 0.22423701 -0.33595994 -0.25959444
v 0.23552302 -0.33968151 -0.24946266
v 0.23404646 -0.35043913 -0.24839869
v 0.25195616 -0.30098385 -0.22480005
v 0.24323560 -0.27957457 -0.22982645
v 0.24303845 -0.27979979 -0.21303736
v 0.24945733 -0.30204436 -0.20749380
v 0.24043319 -0.32020709 -0.19021139
v 0.24077985 -0.30206943 -0.19427371
v 0.22783963 -0.30176020 -0.18440476
v 0.22539571 -0.31750888 -0.18284513
v 0.20441869 -0.36639544 -0.18947555
v 0.21614432 -0.35487986 -0.18744795
v 0.20155224 -0.35071507 -0.18537417
v 0.19141471 -0.36107433 -0.18877226
v 0.17564826 -0.34287855 -0.19765200
v 0.16852449 -0.33994058 -0.20801914
v 0.15943280 -0.34708515 -0.21155322
v 0.16635662 -0.35154986 -0.20101681
v 0.17933011 -0.35117760 -0.26252276
v 0.18194136 -0.34379768 -0.25904229
v 0.19611107 -0.34855840 -0.26563567
v 0.19433862 -0.35860771 -0.26732427
v 0.25830483 -0.31955972 -0.21968558
v 0.25332034 -0.32348502 -0.20111279
v 0.18244126 -0.33565003 -0.19437897
v 0.18852000 -0.32847279 -0.19128381
v 0.18000275 -0.32909635 -0.20187742
v 0.17452647 -0.33448485 -0.20482245
v 0.17122282 -0.33420172 -0.23029953
v 0.17479295 -0.32939345 -0.22673751
v 0.17596269 -0.32990444 -0.24005698
v 0.17474476 -0.33521053 -0.24324055
v 0.18258610 -0.33750585 -0.25635964
v 0.18207003 -0.33049440 -0.25410324
v 0.19399324 -0.33161440 -0.26355588
v 0.19563909 -0.34047040 -0.26442325
v 0.25981602 -0.33160457 -0.21783316
v 0.25620753 -0.34225368 -0.21521980
v 0.25247678 -0.34352249 -0.22824410
v 0.25483140 -0.33308128 -0.23183535
v 0.21986800 -0.32985666 -0.18239203
v 0.23528214 -0.33345547 -0.18775903
v 0.17683817 -0.32212126 -0.22167598
v 0.17546900 -0.32909876 -0.21386644
v 0.17925787 -0.32190436 -0.20980969
v 0.20913084 -0.33304808 -0.26531342
v 0.21579726 -0.37022674 -0.19319528
v 0.20130855 -0.38327235 -0.19378243
v 0.21166568 -0.38789338 -0.19969258
v 0.22547604 -0.37405545 -0.19951853
v 0.18934065 -0.37819377 -0.19122979
v 0.17686367 -0.37349162 -0.19275451
v 0.14680085 -0.35810366 -0.21640445
v 0.15355775 -0.36264673 -0.20607042
v 0.14472225 -0.35561177 -0.22973824
v 0.15720117 -0.34417048 -0.22489043
v 0.15890115 -0.34331426 -0.23878798
v 0.14698961 -0.35602242 -0.24420962
v 0.16898954 -0.36738163 -0.26721269
v 0.18416478 -0.37544221 -0.27087212
v 0.20741405 -0.36407909 -0.26397645
v 0.19809949 -0.38077486 -0.26670721
v 0.18716237 -0.34618056 -0.18968195
v 0.19521877 -0.33752784 -0.18662821
v 0.21193257 -0.21838439 -0.23547956
v 0.20016231 -0.19914383 -0.23492153
v 0.20647733 -0.19898355 -0.22294995
v 0.21702662 -0.21836782 -0.22216371
v 0.20902558 -0.19919044 -0.21035123
v 0.19909537 -0.18076295 -0.21162346
v 0.15881829 -0.25506136 -0.22906348
v 0.15320957 -0.23658723 -0.22401176
v 0.14273193 -0.19872034 -0.22537985
v 0.17604858 -0.32214430 -0.23521195
v 0.17502028 -0.31104124 -0.23044004
v 0.24233878 -0.35305393 -0.23805569
v 0.23872656 -0.36316368 -0.23714301
v 0.23105925 -0.36078387 -0.24777150
v 0.25150418 -0.32048589 -0.23781784
v 0.23697785 -0.32636136 -0.25026417
v 0.22829984 -0.30442128 -0.25460890
v 0.24404690 -0.30188397 -0.24291292
v 0.24997568 -0.35314882 -0.21261601
v 0.24204165 -0.36449921 -0.21079691
v 0.24272600 -0.36506388 -0.22421184
v 0.24853826 -0.35382375 -0.22583936
v 0.16661030 -0.34556529 -0.25175026
v 0.17179631 -0.33965093 -0.24716851
v 0.21855870 -0.38983229 -0.24805525
v 0.21030043 -0.38456410 -0.25843781
v 0.21811852 -0.36830187 -0.25686222
v 0.22624207 -0.37268183 -0.24788243
v 0.22198771 -0.35694832 -0.25714695
v 0.22266477 -0.39329198 -0.23569822
v 0.23238926 -0.37634438 -0.23656461
v 0.15502410 -0.36003655 -0.25765106
v 0.23164947 -0.37754056 -0.20991221
v 0.21880651 -0.39260095 -0.20954910
v 0.22297719 -0.39449266 -0.22255945
v 0.23430778 -0.37827924 -0.22310624
v 0.21784936 -0.21845752 -0.20863712
v 0.22560810 -0.23834613 -0.20624956
v 0.20815045 -0.31737930 -0.18104199
v 0.21195030 -0.30337846 -0.17928322
v 0.20263986 -0.32818201 -0.18393910
v 0.19297665 -0.22681254 -0.17969351
v 0.18856575 -0.20655060 -0.18128479
v 0.19769144 -0.26881382 -0.17825720
v 0.19579701 -0.24765170 -0.17864966
v 0.22352844 -0.26022908 -0.24744226
v 0.23808229 -0.34736061 -0.19287129
v 0.24661748 -0.33731136 -0.19497363
v 0.22681189 -0.34421986 -0.18652090
v 0.16355485 -0.36870375 -0.19797452
v 0.17800227 -0.35569385 -0.19312392
v 0.25798118 -0.33381507 -0.20647955
v 0.14696950 -0.38521039 -0.20280734
v 0.22171089 -0.32280895 -0.26115161
v 0.21014911 -0.35261241 -0.26378265
v 0.21055382 -0.34332514 -0.26447770
v 0.15536383 -0.19097298 -0.24147394
v 0.16451749 -0.27383873 -0.23413637
v 0.17745666 -0.31180173 -0.21675083
v 0.18059164 -0.31078529 -0.20432550
v 0.22769198 -0.35831124 -0.19230069
v 0.23656356 -0.36154723 -0.19957069
v 0.24567991 -0.35058957 -0.20110500
v 0.16533202 -0.33787596 -0.22095561
v 0.16619609 -0.33725968 -0.23418304
v 0.18318471 -0.18730229 -0.18342486
v 0.17139132 -0.33396193 -0.21741208
v 0.21367978 -0.30429229 -0.26232597
v -0.05273388 -0.63409770 -0.15324610
v -0.06572263 -0.62638408 -0.12871365
v -0.07232960 -0.63212287 -0.13844119
v 0.07206857 -0.41602880 -0.18408000
v 0.03527738 -0.37051398 -0.17699766
v 0.05151481 -0.38110304 -0.17619386
v 0.06178148 -0.47480696 -0.22085375
v 0.06519397 -0.46754801 -0.21590862
v 0.06836750 -0.49276507 -0.22926658
v 0.06502435 -0.49046573 -0.22787197
v 0.05803374 -0.43824887 -0.21378452
v -0.20403489 -0.71857524 -0.37680256
v -0.19774018 -0.71634060 -0.37300211
v -0.21307594 -0.72658306 -0.38261151
v -0.04345040 -0.24431844 -0.09714472
v -0.05249547 -0.22918350 -0.08169167
v -0.05297830 -0.22297446 -0.07761450
v -0.20052162 -0.69395792 -0.37501580
v -0.19476491 -0.69455731 -0.37096202
v -0.19735728 -0.69317257 -0.37549242
v -0.20289890 -0.69367367 -0.37557417
v -0.20223218 -0.69320476 -0.37499431
v -0.22134031 -0.71995395 -0.38558778
v -0.19209330 -0.71171671 -0.36760628
v -0.18729210 -0.70470583 -0.36300880
v -0.21471350 -0.70711172 -0.38065892
v 0.10078840 -0.34147620 0.06446405
v 0.10920845 -0.31979167 0.07580914
v 0.08749828 -0.32340592 0.08766335
v 0.07988915 -0.34377947 0.07508978
v 0.06902966 -0.30987638 0.11191772
v 0.06344795 -0.32839930 0.09960493
v 0.09520969 -0.30132985 0.09997707
v 0.17638811 -0.24282779 0.03097231
v 0.17174359 -0.26567674 0.02466192
v 0.17291744 -0.26218969 -0.00000391
v 0.17717053 -0.24113689 0.00568689
v 0.16242222 -0.27293485 -0.02876068
v 0.16794719 -0.25631276 -0.02484345
v 0.16696994 -0.28114802 -0.00525120
v 0.15064102 -0.26437169 -0.04892087
v 0.15601023 -0.24963439 -0.04554390
v 0.13493851 -0.25587714 -0.06503785
v 0.13940966 -0.24292967 -0.06297414
v 0.11912428 -0.23624116 -0.07669593
v 0.09289310 -0.22846670 -0.08402515
v 0.05948659 -0.20846866 -0.08870365
v 0.06309669 -0.21855432 -0.08671028
v 0.03479124 -0.20701890 -0.08722807
v 0.00861086 -0.19696060 -0.08441624
v -0.01318265 -0.19049856 -0.07985903
v -0.03118085 -0.18784234 -0.07350353
v -0.04555996 -0.18792230 -0.06704201
v -0.05723606 -0.18920045 -0.05977324
v -0.05897444 -0.17533848 -0.05611702
v -0.03710780 -0.52247298 -0.27984861
v -0.02543650 -0.64057809 -0.26600689
v -0.01354585 -0.61978042 -0.28744757
v -0.01037715 -0.63529718 -0.26952273
v 0.04310339 -0.62761354 -0.22547206
v 0.02895452 -0.63582629 -0.20741335
v 0.02402113 -0.63962990 -0.22414361
v 0.03790354 -0.62868255 -0.24589621
v -0.02608052 -0.64863020 -0.24720873
v -0.03674760 -0.65143698 -0.24607231
v -0.01270999 -0.64666700 -0.24748352
v -0.02082436 -0.65291816 -0.22685437
v -0.03439189 -0.65483606 -0.20951992
v 0.03737234 -0.58916682 -0.30589339
v 0.04844514 -0.57649177 -0.31199899
v 0.05807392 -0.58950782 -0.29479846
v 0.04926576 -0.60077542 -0.28866422
v 0.06510122 -0.60186553 -0.23442636
v 0.07311295 -0.59186441 -0.24325269
v 0.07413598 -0.58741426 -0.22850038
v 0.06692556 -0.59736425 -0.21848448
v 0.07579540 -0.53204244 -0.31669000
v 0.08576357 -0.51685846 -0.31545287
v 0.09480006 -0.53339750 -0.30591047
v 0.08445591 -0.54840297 -0.30686435
v 0.06777161 -0.59604073 -0.26054427
v 0.05953884 -0.57528651 -0.11389022
v 0.06974357 -0.57429385 -0.13268617
v 0.07734111 -0.57284921 -0.15296209
v 0.08456039 -0.55949891 -0.19347580
v 0.08746916 -0.55313891 -0.18212518
v 0.08333437 -0.56429732 -0.18492416
v 0.08678848 -0.55426234 -0.20113744
v 0.09097742 -0.54789340 -0.20768651
v 0.03867984 -0.48301059 -0.29379743
v 0.03610788 -0.47376013 -0.27592802
v 0.04535185 -0.47125635 -0.27057594
v 0.10113704 -0.52755278 -0.21425077
v 0.10114710 -0.52353513 -0.21204984
v 0.09557410 -0.53048545 -0.20912154
v 0.09586498 -0.53431767 -0.21060985
v 0.02544445 -0.60005820 -0.29893216
v 0.10313839 -0.54302192 -0.29253691
v 0.10631227 -0.54638004 -0.27851471
v 0.09706149 -0.55972695 -0.27659678
v 0.09260368 -0.55706918 -0.29221442
v 0.10769258 -0.54820335 -0.26545528
v 0.10678837 -0.54731190 -0.25360888
v 0.09864260 -0.55770868 -0.24996333
v 0.09835987 -0.56048870 -0.26249206
v 0.10378797 -0.52975023 -0.21838416
v 0.09576770 -0.53952473 -0.21348783
v 0.07969890 -0.48781216 -0.31088874
v 0.04250355 -0.54190183 -0.32243833
v 0.03304784 -0.55669177 -0.32039520
v 0.01835254 -0.53486729 -0.31746063
v 0.02658109 -0.52243668 -0.31652457
v 0.07754914 -0.48696864 -0.22618252
v 0.08520290 -0.49083745 -0.22003585
v 0.09204789 -0.49512562 -0.21382803
v 0.09424781 -0.52172399 -0.20907402
v 0.09877045 -0.49900186 -0.21004122
v 0.05659240 -0.46545079 -0.25127447
v 0.05634093 -0.46367830 -0.26621410
v 0.00950171 -0.51561350 -0.30375633
v 0.01791814 -0.50429976 -0.30247772
v 0.09479488 -0.50244570 -0.31271464
v 0.10486756 -0.51799142 -0.30423465
v 0.11990464 -0.50741255 -0.21425724
v 0.11049269 -0.51416826 -0.21249594
v 0.11117531 -0.51791757 -0.21574977
v 0.09262758 -0.52817273 -0.20139797
v 0.09532888 -0.52619982 -0.20796040
v 0.05827381 -0.56202483 -0.31599879
v 0.11600895 -0.53289491 -0.27888960
v 0.11238711 -0.52783662 -0.29142052
v 0.08991735 -0.57125515 -0.25808746
v 0.08126076 -0.58194911 -0.25139135
v 0.07879023 -0.58462268 -0.26702330
v 0.08807272 -0.57319117 -0.27260113
v 0.11664899 -0.53113651 -0.24474865
v 0.11698630 -0.53503811 -0.25584066
v 0.07920980 -0.57923710 -0.23693964
v 0.08764914 -0.56920099 -0.24411164
v 0.11120313 -0.52210748 -0.22084039
v 0.00298911 -0.52581370 -0.30324760
v -0.00986195 -0.51432097 -0.28737354
v -0.00172678 -0.50831312 -0.29007083
v 0.00576007 -0.49950415 -0.28969410
v 0.01440696 -0.48995575 -0.28668073
v 0.02485700 -0.48043141 -0.28114754
v -0.02189817 -0.51866192 -0.28475296
v 0.25334039 -0.34170112 -0.20328413
v 0.11995947 -0.50258613 -0.21022739
v 0.12976278 -0.49968922 -0.21641396
v 0.13140024 -0.49425364 -0.21241425
v 0.17366064 -0.45835811 -0.23560376
v -0.26188689 -0.58455265 -0.30247918
v -0.25622863 -0.58262813 -0.30048150
v -0.27949372 -0.59989524 -0.30881745
v -0.27728382 -0.59708869 -0.30801126
v 0.24503866 -0.34355000 -0.23926939
v 0.24634624 -0.33461535 -0.24080196
v 0.23412523 -0.28072116 -0.24628773
v 0.21865901 -0.28305846 -0.25658330
v 0.20854677 -0.26256084 -0.25597623
v 0.17739829 -0.28931093 -0.25310612
v 0.17092086 -0.29274660 -0.24003740
v 0.17858501 -0.29501101 -0.19764043
v 0.23750246 -0.28011268 -0.19937569
v 0.12934285 -0.16230816 -0.22497763
v 0.12046227 -0.14597672 -0.21884383
v 0.12547803 -0.14216101 -0.22741754
v 0.13578913 -0.15819985 -0.23251040
v 0.11138988 -0.13101006 -0.21298054
v 0.12007216 -0.14775229 -0.20891504
v 0.11325064 -0.13213658 -0.20336168
v 0.12404642 -0.14771330 -0.20069070
v 0.11827943 -0.13180190 -0.19607148
v 0.12517771 -0.12981647 -0.19079921
v 0.13036290 -0.14629459 -0.19386435
v 0.13762462 -0.14333040 -0.18879731
v 0.13288671 -0.12632728 -0.18735586
v 0.15094730 -0.15820497 -0.18655428
v 0.16040695 -0.15402788 -0.18504590
v 0.15402147 -0.13561392 -0.18676668
v 0.14548251 -0.13954026 -0.18640922
v 0.15952224 -0.11288863 -0.19945443
v 0.16844249 -0.12883830 -0.19675377
v 0.16991112 -0.12775588 -0.20622194
v 0.16048744 -0.11202979 -0.20801482
v 0.17246112 -0.14484960 -0.22404310
v 0.16228938 -0.12779909 -0.22536558
v 0.16741967 -0.12738746 -0.21628898
v 0.17778870 -0.14473593 -0.21430619
v 0.15352702 -0.11230725 -0.22663160
v 0.15423787 -0.12969357 -0.23084149
v 0.14434835 -0.11522573 -0.23115934
v 0.13493124 -0.18193984 -0.22037071
v 0.13843894 -0.17867023 -0.23037228
v 0.14727318 -0.19525379 -0.23512161
v 0.13528696 -0.16443330 -0.19700165
v 0.13005847 -0.16565561 -0.20514986
v 0.13628599 -0.18323469 -0.20991071
v 0.14078724 -0.18277639 -0.20044412
v 0.17121270 -0.19211113 -0.18252614
v 0.16626096 -0.17277062 -0.18380928
v 0.15605545 -0.17734241 -0.18681280
v 0.14251032 -0.16195977 -0.19077413
v 0.14751703 -0.18070388 -0.19283164
v 0.17000192 -0.14987606 -0.18728733
v 0.16253501 -0.13172150 -0.18984832
v 0.14487070 -0.15348250 -0.23489694
v 0.13423261 -0.13755566 -0.23142721
v 0.14407584 -0.13319182 -0.23201114
v 0.15461040 -0.14935458 -0.23433509
v 0.17665341 -0.16843247 -0.18551803
v 0.15528852 -0.16994864 -0.23871545
v 0.16582647 -0.16577595 -0.23726851
v 0.16481790 -0.14617211 -0.23146085
v 0.17610261 -0.16303980 -0.23262373
v 0.12409398 -0.12337285 -0.22874624
v 0.11546814 -0.12767506 -0.22297150
v 0.14572111 -0.17441428 -0.23721372
v 0.17714322 -0.14671391 -0.19421344
v 0.18509138 -0.16500711 -0.19217072
v 0.18939051 -0.16313255 -0.20202740
v 0.17978558 -0.14527678 -0.20388597
v 0.19521403 -0.18061668 -0.22307375
v 0.18356496 -0.16245091 -0.22329529
v 0.18824458 -0.16269255 -0.21266887
v 0.15865818 -0.11163020 -0.21789148
v 0.18793249 -0.18077588 -0.23373719
v 0.09459028 -0.04930937 -0.19003364
v 0.08512825 -0.04757655 -0.18580067
v 0.08903083 -0.05537027 -0.18043952
v 0.09891221 -0.05755520 -0.18554980
v 0.09500122 -0.07573169 -0.16839367
v 0.08287886 -0.07122493 -0.16660076
v 0.07916480 -0.08097738 -0.16672181
v 0.09111011 -0.08690119 -0.16832513
v 0.07597223 -0.04787815 -0.18434553
v 0.08022705 -0.05518717 -0.17836422
v 0.06959039 -0.05215299 -0.18653107
v 0.07138073 -0.04130727 -0.18939596
v 0.06548700 -0.04436904 -0.19397838
v 0.06242895 -0.03665543 -0.19762149
v 0.06316239 -0.03884208 -0.20674884
v 0.06577271 -0.05137837 -0.20426573
v 0.08494163 -0.05166078 -0.22298712
v 0.07962111 -0.03733152 -0.22133528
v 0.08961579 -0.03647894 -0.22599530
v 0.09497082 -0.05069542 -0.22673623
v 0.11015287 -0.03764260 -0.22819962
v 0.11392939 -0.05106676 -0.22842339
v 0.10434121 -0.05059260 -0.22770999
v 0.09939435 -0.03609174 -0.22690785
v 0.10825676 -0.05096006 -0.19745484
v 0.10285035 -0.05113155 -0.19469732
v 0.10776323 -0.05938911 -0.19164376
v 0.11361071 -0.05958045 -0.19489104
v 0.06122640 -0.05819362 -0.18573979
v 0.06322509 -0.05570453 -0.18325166
v 0.06564063 -0.05501837 -0.19243301
v 0.06585252 -0.06163692 -0.19475436
v 0.13700700 -0.07691717 -0.18928075
v 0.13054365 -0.08031386 -0.18720061
v 0.13231343 -0.09152347 -0.18678716
v 0.14004412 -0.08876830 -0.18903834
v 0.10960776 -0.09654599 -0.17538290
v 0.10104063 -0.10538846 -0.18325652
v 0.10780036 -0.10989612 -0.18604100
v 0.11673748 -0.09961063 -0.18047312
v 0.10139883 -0.09213144 -0.17140399
v 0.08512104 -0.09388083 -0.17664199
v 0.09383273 -0.10031664 -0.17949894
v 0.07409570 -0.08635646 -0.17368844
v 0.14806050 -0.08716667 -0.19451776
v 0.14835364 -0.07781053 -0.19531274
v 0.05604213 0.01524252 -0.19515240
v 0.05693904 0.00966072 -0.19483015
v 0.06186277 0.01209819 -0.19610244
v 0.06087804 0.01780856 -0.19659728
v 0.14944673 -0.08076680 -0.21519081
v 0.15140903 -0.08658862 -0.21216330
v 0.14678603 -0.08749086 -0.22049256
v 0.14307058 -0.08214921 -0.22269997
v 0.14720115 -0.07194740 -0.21823505
v 0.13884243 -0.07393432 -0.22497617
v 0.04883209 0.01484931 -0.20573336
v 0.05031866 0.00895673 -0.20650171
v 0.05056235 0.00819618 -0.20141290
v 0.04927224 0.01391810 -0.20068191
v 0.08950683 -0.04173797 -0.19248229
v 0.08049643 -0.04039961 -0.18862578
v 0.07513323 -0.02202845 -0.19195670
v 0.06981224 -0.02565473 -0.19081944
v 0.07484806 -0.03294986 -0.18976101
v 0.08379743 -0.03185683 -0.19325571
v 0.10258201 -0.03250819 -0.20156245
v 0.09516385 -0.03062993 -0.19888996
v 0.09953257 -0.04079765 -0.19815382
v 0.10709926 -0.04198480 -0.20082110
v 0.11855823 -0.04043126 -0.20221362
v 0.12401485 -0.03814369 -0.20256317
v 0.12088954 -0.02997547 -0.20422417
v 0.11450854 -0.03139609 -0.20384094
v 0.10249355 -0.01416665 -0.20548688
v 0.10757443 -0.01375854 -0.20716944
v 0.10382250 -0.00591183 -0.21076420
v 0.09920549 -0.00576389 -0.20910485
v 0.15351674 -0.09202605 -0.21060364
v 0.14999750 -0.09294343 -0.21930845
v 0.13025728 -0.03893894 -0.22734869
v 0.12875953 -0.02922606 -0.22782922
v 0.13795638 -0.02935320 -0.22292179
v 0.13975868 -0.03933203 -0.22206829
v 0.13376850 -0.08294433 -0.22729626
v 0.13792551 -0.08869720 -0.22640869
v 0.05152705 0.01703298 -0.21023186
v 0.05298516 0.01105207 -0.21123999
v 0.07068136 -0.08603716 -0.18394840
v 0.08182704 -0.09422719 -0.18825749
v 0.09126231 -0.10104865 -0.19184750
v 0.09757152 -0.10663396 -0.19471031
v 0.10177782 -0.11195201 -0.19683531
v 0.08593667 -0.02496320 -0.19556810
v 0.09773421 -0.04487211 -0.19551203
v 0.11253756 -0.05098188 -0.19886680
v 0.13998052 -0.04432011 -0.20153430
v 0.13252565 -0.04440576 -0.20014994
v 0.13424337 -0.05159390 -0.19729078
v 0.14413771 -0.05155236 -0.20021316
v 0.14354515 -0.03817594 -0.21411785
v 0.14109659 -0.02888274 -0.21547389
v 0.13866666 -0.02792972 -0.20918159
v 0.14138785 -0.03620583 -0.20738779
v 0.05810359 -0.06197578 -0.18678051
v 0.06522197 -0.06852204 -0.19359118
v 0.15166599 -0.07849884 -0.20553666
v 0.15218440 -0.08563823 -0.20312858
v 0.15217915 -0.09295350 -0.20193821
v 0.12268922 -0.06984288 -0.19087753
v 0.11872989 -0.06985879 -0.18931663
v 0.12172920 -0.08302981 -0.18210931
v 0.12645981 -0.08230436 -0.18550813
v 0.10390967 -0.06680983 -0.17876905
v 0.09325877 -0.06393939 -0.17378569
v 0.10650870 -0.07930171 -0.17259571
v 0.12593058 -0.09481001 -0.18407017
v 0.12651506 -0.10382825 -0.18570383
v 0.13388097 -0.09995925 -0.18796441
v 0.14185846 -0.09671879 -0.19043410
v 0.14873621 -0.09418398 -0.19529036
v 0.12899226 -0.11290449 -0.18675849
v 0.13658527 -0.10880685 -0.18779145
v 0.14447942 -0.10502189 -0.19068423
v 0.15075955 -0.10217673 -0.19523548
v 0.14685085 -0.10221332 -0.22677113
v 0.14203799 -0.09498221 -0.22609715
v 0.15360105 -0.10020894 -0.21863678
v 0.11228114 -0.11885411 -0.19119276
v 0.12093514 -0.11614197 -0.18822625
v 0.11790866 -0.10761887 -0.18509373
v 0.10677677 -0.11931705 -0.19949900
v 0.07354826 -0.06836337 -0.16662563
v 0.07450584 -0.06159520 -0.17166235
v 0.06762218 -0.05865449 -0.17012054
v 0.06592757 -0.06393057 -0.16558889
v 0.06716394 -0.03491521 -0.19204471
v 0.06387720 -0.02753854 -0.19344544
v 0.06014374 -0.02853191 -0.19922936
v 0.14829654 -0.06850982 -0.19754821
v 0.13803715 -0.06761652 -0.19236162
v 0.07916784 -0.01748908 -0.19459945
v 0.05234426 0.00189096 -0.20690301
v 0.05593067 -0.01016605 -0.20681502
v 0.05613339 -0.01111734 -0.20036638
v 0.05235803 0.00129420 -0.20133173
v 0.07773575 -0.00813168 -0.20047927
v 0.07384279 -0.00146580 -0.20234442
v 0.07224774 -0.00440419 -0.19688627
v 0.07517976 -0.01167923 -0.19574729
v 0.11407977 -0.01330298 -0.20819604
v 0.11108091 -0.00714117 -0.21132606
v 0.07624030 -0.02235812 -0.21762607
v 0.07003626 -0.03944933 -0.21634816
v 0.06682181 -0.02712637 -0.21491522
v 0.10889721 -0.03236675 -0.20319298
v 0.11093527 -0.02228814 -0.20513079
v 0.10567853 -0.02311653 -0.20398562
v 0.08672622 -0.02053124 -0.19705273
v 0.09199032 -0.02290535 -0.19926806
v 0.08805403 -0.01563239 -0.20003735
v 0.08270672 -0.01460063 -0.19740792
v 0.14745986 -0.04940075 -0.21115468
v 0.14214510 -0.05099356 -0.22158283
v 0.05289805 0.00837815 -0.19705601
v 0.05190805 0.01399213 -0.19691990
v 0.15565985 -0.09966755 -0.20945448
v 0.15446046 -0.10037470 -0.20147265
v 0.11287853 -0.04178870 -0.20185927
v 0.07503125 -0.05217475 -0.21628490
v 0.11737567 -0.05073977 -0.19934987
v 0.11406654 -0.01669312 -0.22566243
v 0.11218509 -0.00976968 -0.22691867
v 0.11602885 -0.00820124 -0.22185709
v 0.11923963 -0.01454258 -0.22127299
v 0.06899512 0.00930810 -0.20463015
v 0.06646505 0.01606089 -0.20590937
v 0.06548476 0.01468617 -0.20036432
v 0.06763047 0.00743794 -0.19885956
v 0.07151988 -0.01542711 -0.19279523
v 0.06840190 -0.00754923 -0.19325769
v 0.06333718 -0.01013786 -0.19240975
v 0.06650805 -0.01893926 -0.19175190
v 0.06169564 -0.02022517 -0.19439879
v 0.05886704 -0.01120949 -0.19541283
v 0.06664094 0.00945240 -0.21083575
v 0.07116410 -0.00090867 -0.20913576
v 0.06559309 -0.00448442 -0.21345824
v 0.06093386 0.00693965 -0.21371292
v 0.11771432 -0.06435198 -0.22867525
v 0.12378770 -0.05084211 -0.22852805
v 0.12697014 -0.06371886 -0.22844060
v 0.10714382 -0.02511477 -0.22796914
v 0.11830577 -0.02569300 -0.22625446
v 0.12063321 -0.03813624 -0.22841319
v 0.13253397 -0.05095398 -0.22692141
v 0.07915857 -0.01011461 -0.21078357
v 0.07804820 -0.01228160 -0.21646431
v 0.07164893 -0.01322949 -0.21302801
v 0.12397158 -0.04913723 -0.19903851
v 0.05469540 0.00121397 -0.19662863
v 0.09824926 -0.10094857 -0.21557784
v 0.09378022 -0.09389073 -0.21446800
v 0.10232124 -0.08856714 -0.22443414
v 0.10580841 -0.09709442 -0.22422206
v 0.06346953 0.00467306 -0.19491506
v 0.05874872 0.00254941 -0.19372399
v 0.11953118 -0.01164246 -0.21044715
v 0.12177375 -0.00973976 -0.21516207
v 0.11843207 -0.00628608 -0.21700196
v 0.11587560 -0.00686032 -0.21342885
v 0.13543656 -0.06321967 -0.22659042
v 0.12866563 -0.02219683 -0.22824201
v 0.13708723 -0.02123421 -0.22354421
v 0.13028818 -0.07493705 -0.22812264
v 0.12366703 -0.08463186 -0.22876763
v 0.12098253 -0.07610416 -0.22878423
v 0.09517938 -0.02061641 -0.22451755
v 0.10914946 -0.06431460 -0.22796804
v 0.11241043 -0.07674664 -0.22816092
v 0.11410001 -0.08679974 -0.22804102
v 0.11676010 -0.09391296 -0.22822176
v 0.12678385 -0.09108275 -0.22863841
v 0.05515102 0.00388700 -0.21186638
v 0.05857280 0.01396406 -0.21332970
v 0.13646415 -0.10554969 -0.22993866
v 0.13095954 -0.09804237 -0.22884807
v 0.12637797 -0.10918748 -0.22938652
v 0.12083450 -0.10110688 -0.22854578
v 0.09549877 -0.07849193 -0.22296327
v 0.10393745 -0.07730764 -0.22645140
v 0.09065187 -0.06523007 -0.22324191
v 0.10033634 -0.06455505 -0.22670178
v 0.08513173 -0.02327985 -0.22460428
v 0.05836278 0.02956855 -0.21044235
v 0.06145146 0.03004795 -0.20707139
v 0.06443313 0.02218312 -0.20654559
v 0.06126967 0.02198726 -0.21071656
v 0.06380722 0.01594162 -0.21097326
v 0.05650207 0.01984918 -0.21253151
v 0.08086556 -0.06592780 -0.21571383
v 0.08387852 -0.00889331 -0.20245846
v 0.08565187 -0.08148342 -0.21209268
v 0.07274467 -0.07478523 -0.20290551
v 0.07034165 -0.06405020 -0.20619944
v 0.08124393 -0.09052306 -0.20018785
v 0.09018365 -0.09879696 -0.20354271
v 0.09980410 -0.11046785 -0.20668788
v 0.09618592 -0.10494083 -0.20535296
v 0.10417718 -0.11844414 -0.20867932
v 0.07092243 -0.08239466 -0.19442576
v 0.05982739 0.02539629 -0.19724216
v 0.05495048 0.02301031 -0.19516933
v 0.10214010 -0.10739940 -0.21663070
v 0.10788983 -0.11586446 -0.21881506
v 0.08289281 -0.06216830 -0.17204073
v 0.12148017 -0.05957228 -0.19611990
v 0.12713388 -0.05900449 -0.19533379
v 0.13617682 -0.05901605 -0.19469208
v 0.14662650 -0.05968636 -0.19899376
v 0.11599040 -0.11274332 -0.22667441
v 0.14044410 -0.12221479 -0.18689711
v 0.14842537 -0.11831546 -0.18932737
v 0.13415325 -0.11910123 -0.23075524
v 0.05061969 0.02164006 -0.19640659
v 0.09938219 -0.00452983 -0.21652910
v 0.09736633 -0.00345010 -0.21551321
v 0.07067761 -0.07582188 -0.16616486
v 0.06266192 -0.06964129 -0.16555506
v 0.05491096 -0.07038140 -0.17722267
v 0.06197879 -0.07881624 -0.18003383
v 0.06565443 -0.07996130 -0.17147836
v 0.05826679 -0.07192737 -0.17018846
v 0.12607509 -0.06908739 -0.19157235
v 0.13075548 -0.06784636 -0.19196349
v 0.14465681 -0.06221402 -0.22063637
v 0.15015182 -0.06035888 -0.21048230
v 0.05875897 -0.02048659 -0.19992346
v 0.05932996 -0.01966399 -0.20677212
v 0.06104070 -0.02830392 -0.20727831
v 0.05966938 -0.00823188 -0.21244727
v 0.07515851 -0.00754297 -0.20735016
v 0.07972205 -0.00786698 -0.20648244
v 0.11262438 -0.06898642 -0.18519537
v 0.11532405 -0.08188099 -0.17774549
v 0.06695417 -0.05557096 -0.17774142
v 0.07332900 -0.05670077 -0.17798504
v 0.09911260 -0.02377105 -0.20179439
v 0.08918336 -0.00980908 -0.22427738
v 0.08168504 -0.01300508 -0.22373581
v 0.09565055 -0.01588702 -0.20288014
v 0.04775810 0.02186787 -0.19979523
v 0.04707667 0.02283567 -0.20478977
v 0.06376788 -0.01788718 -0.21326825
v 0.11753336 -0.02109778 -0.20572531
v 0.09390843 -0.00574315 -0.22090079
v 0.09791964 -0.01166689 -0.22336297
v 0.13930783 -0.02204663 -0.21673791
v 0.11009425 -0.10413671 -0.22504483
v 0.06445563 0.02048194 -0.20095068
v 0.06275207 0.02810293 -0.20163353
v 0.05444545 0.02738756 -0.21138734
v 0.04994479 0.02456605 -0.20949137
v 0.15125680 -0.07038683 -0.20828322
v 0.11733496 -0.05944633 -0.19607005
v 0.15535340 -0.11505258 -0.19339083
v 0.06243071 -0.07510275 -0.18881020
v 0.05500770 -0.06669837 -0.18415621
v 0.09251028 -0.00858110 -0.20524709
v 0.12183487 -0.01951796 -0.22548990
v 0.09866428 -0.00785738 -0.22573221
v 0.10440573 -0.01005930 -0.22938015
v 0.10555857 -0.01649231 -0.22846520
v 0.09837550 -0.00438899 -0.22114052
v 0.04816726 0.03131813 -0.20914473
v 0.05259451 0.03387767 -0.21096465
v 0.04519254 0.02972525 -0.20441604
v 0.04640371 0.02825886 -0.19957453
v 0.04948875 0.02751297 -0.19655450
v 0.05643755 0.03574437 -0.21012753
v 0.05941176 0.03586966 -0.20711257
v 0.06090808 0.03364080 -0.20201440
v 0.05517429 0.04113829 -0.20988904
v 0.05095840 0.04042715 -0.21061185
v 0.04237747 0.04253310 -0.20265573
v 0.04274869 0.04407799 -0.20551389
v 0.04372898 0.04064834 -0.20610790
v 0.04344341 0.03716803 -0.20447335
v 0.04212224 0.04756492 -0.20231594
v 0.04209918 0.04871643 -0.20536900
v 0.04499394 0.04530090 -0.20863040
v 0.04585037 0.04092824 -0.20846730
v 0.04417130 0.05018097 -0.20875481
v 0.04774508 0.05118281 -0.21007165
v 0.04855675 0.04646528 -0.20973913
v 0.04856578 0.04252684 -0.20963272
v 0.04662782 0.03729105 -0.20878333
v 0.04274356 0.05212361 -0.20317063
v 0.04524255 0.05548960 -0.20605820
v 0.04378015 0.05417752 -0.20833556
v 0.04203802 0.05198777 -0.20551470
v 0.04508427 0.03443211 -0.19964367
v 0.04428092 0.04117340 -0.19946621
v 0.04419321 0.04697740 -0.19963488
v 0.04503983 0.05188560 -0.20093693
v 0.04716688 0.04146248 -0.19711971
v 0.04702854 0.04742181 -0.19829504
v 0.04775783 0.05141038 -0.19981016
v 0.05091682 0.04270023 -0.19673145
v 0.04996294 0.04845458 -0.19842152
v 0.04829109 0.03337938 -0.19664757
v 0.05248255 0.03409636 -0.19568852
v 0.04965082 0.05101997 -0.19971493
v 0.04752162 0.05513102 -0.20407142
v 0.05159804 0.04669994 -0.21023901
v 0.05074593 0.05179960 -0.20985329
v 0.05430251 0.04699469 -0.20929272
v 0.05289796 0.05200994 -0.20858885
v 0.04688078 0.05450356 -0.21003361
v 0.04890260 0.05535161 -0.20899063
v 0.05381882 0.02820420 -0.19549128
v 0.05860898 0.03061551 -0.19785470
v 0.05705646 0.03606158 -0.19805819
v 0.05534026 0.04449213 -0.19879888
v 0.05923510 0.03876305 -0.20237631
v 0.05799410 0.04125988 -0.20711327
v 0.05618262 0.04706353 -0.20699219
v 0.05736127 0.04613274 -0.20305389
v 0.05446374 0.05169266 -0.20622937
v 0.05487755 0.05089283 -0.20326151
v 0.05307066 0.04980487 -0.20029178
v 0.05239731 0.05403537 -0.20491640
v 0.05094850 0.05501366 -0.20713228
v 0.04975331 0.05374050 -0.20247424
v 0.05145404 0.05224824 -0.20131972
v 0.05301005 0.05281162 -0.20316876
v 0.07835296 0.02978671 -0.21217875
v 0.07918918 0.02219909 -0.21138240
v 0.08389163 0.02341992 -0.21319520
v 0.08321729 0.03129548 -0.21434264
v 0.06949139 0.02666992 -0.22095579
v 0.07053518 0.01964724 -0.22119351
v 0.07185283 0.02023804 -0.21584132
v 0.07113412 0.02741927 -0.21560951
v 0.07352817 0.02739871 -0.22598800
v 0.07440928 0.02034467 -0.22649103
v 0.07170886 0.01129389 -0.22080162
v 0.07545283 -0.00200778 -0.21842220
v 0.07749242 -0.00100601 -0.21266869
v 0.07330540 0.01211482 -0.21521547
v 0.09472033 0.00407434 -0.21701035
v 0.09380573 0.00243372 -0.21183339
v 0.07527286 0.02117544 -0.21260527
v 0.07439137 0.02859342 -0.21263072
v 0.09099635 0.01717597 -0.21985956
v 0.08925647 0.02581567 -0.22153170
v 0.08777747 0.02490395 -0.21678805
v 0.08960193 0.01627433 -0.21482557
v 0.08927825 0.00041318 -0.20807101
v 0.08360982 -0.00038785 -0.20579648
v 0.07978031 -0.00049520 -0.20822284
v 0.08894199 0.01691192 -0.22498971
v 0.09194583 0.00380999 -0.22291069
v 0.08606884 0.00121844 -0.22594985
v 0.08316210 0.01490325 -0.22749548
v 0.07649621 0.01285601 -0.21115787
v 0.08538681 0.01454830 -0.21120387
v 0.08050603 0.01357508 -0.20934753
v 0.07591826 0.01209074 -0.22612545
v 0.08157328 0.02306968 -0.22776905
v 0.08257747 0.04169750 -0.22687767
v 0.08547989 0.04299980 -0.22375512
v 0.08808389 0.03340256 -0.22263840
v 0.08526823 0.03255552 -0.22631553
v 0.08694011 0.02530265 -0.22566861
v 0.08001944 0.02999574 -0.22768410
v 0.08189604 0.04220045 -0.21570678
v 0.07712150 0.04031503 -0.21311145
v 0.07314044 0.03908306 -0.21308166
v 0.07873374 -0.00168467 -0.22499880
v 0.07019195 0.03772503 -0.21574359
v 0.06842792 0.03659111 -0.22079623
v 0.08710727 0.03274894 -0.21797673
v 0.08539215 0.04303646 -0.21926470
v 0.07805693 0.03927565 -0.22776428
v 0.07211784 0.03678411 -0.22602254
v 0.07115236 0.04520196 -0.22613464
v 0.07669815 0.04717529 -0.22788870
v 0.06728882 0.04491872 -0.22127393
v 0.06898639 0.04509282 -0.21638668
v 0.07207277 0.04563129 -0.21400037
v 0.08048403 0.04902154 -0.22722292
v 0.08325508 0.04984128 -0.22457178
v 0.08367279 0.04924625 -0.22015527
v 0.07893458 0.05604166 -0.22750220
v 0.07518649 0.05565763 -0.22834228
v 0.06573129 0.06555068 -0.22152282
v 0.06559721 0.06596428 -0.22471619
v 0.06631720 0.06087965 -0.22435793
v 0.06554499 0.05971313 -0.22142957
v 0.06705585 0.05725706 -0.22472768
v 0.06622478 0.05359620 -0.22247942
v 0.06810734 0.06254131 -0.22737139
v 0.06968787 0.05729300 -0.22684191
v 0.06788662 0.06715190 -0.22848190
v 0.07172415 0.06768990 -0.22942318
v 0.07244349 0.06184721 -0.22825581
v 0.07276568 0.05819595 -0.22782567
v 0.06624871 0.07075989 -0.22300756
v 0.06533945 0.06994128 -0.22526293
v 0.07018793 0.05283362 -0.22674340
v 0.06801614 0.05161124 -0.21745588
v 0.06719056 0.05903649 -0.21796912
v 0.06735101 0.06585419 -0.21900940
v 0.06832466 0.07090491 -0.22084527
v 0.07032880 0.05916393 -0.21549197
v 0.06998128 0.06596732 -0.21729039
v 0.07094502 0.07009757 -0.21959063
v 0.07462218 0.06000924 -0.21534376
v 0.07353482 0.06653732 -0.21745741
v 0.07134774 0.05140883 -0.21472928
v 0.07556975 0.05177391 -0.21456143
v 0.07302490 0.06939918 -0.21927264
v 0.07073539 0.07337272 -0.22409549
v 0.06856278 0.07368165 -0.22632958
v 0.06688166 0.07210267 -0.22881080
v 0.07503590 0.06210858 -0.22801578
v 0.07398078 0.06823695 -0.22830363
v 0.07759777 0.06285912 -0.22774495
v 0.07595599 0.06874454 -0.22761464
v 0.07073539 0.07175082 -0.22992192
v 0.07216841 0.07260990 -0.22849299
v 0.07619143 0.04662949 -0.21416062
v 0.08056527 0.04800928 -0.21638398
v 0.07990208 0.05304807 -0.21675864
v 0.07892460 0.06115937 -0.21788031
v 0.08269981 0.05450791 -0.22083975
v 0.08175665 0.05598074 -0.22529356
v 0.07982835 0.06271029 -0.22581942
v 0.08090827 0.06200862 -0.22221370
v 0.07754272 0.06838900 -0.22582677
v 0.07843849 0.06765789 -0.22312151
v 0.07703090 0.06717110 -0.21961419
v 0.07544330 0.07148916 -0.22495285
v 0.07391506 0.07258302 -0.22674169
v 0.07304099 0.07229304 -0.22243378
v 0.07497066 0.07023704 -0.22107919
v 0.07652345 0.07015866 -0.22326168
v 0.10127437 0.02496344 -0.21978121
v 0.10165548 0.01868773 -0.21924791
v 0.10660610 0.01874107 -0.21900956
v 0.10641530 0.02496946 -0.21947116
v 0.09632766 0.02328914 -0.22978073
v 0.09626755 0.01611656 -0.22958830
v 0.09592581 0.01744550 -0.22542100
v 0.09586671 0.02396500 -0.22602029
v 0.10017934 0.02327037 -0.23268990
v 0.10073084 0.01574612 -0.23269907
v 0.09674412 0.00902283 -0.22878332
v 0.09808126 -0.00071102 -0.22721994
v 0.09829891 0.00132746 -0.22208758
v 0.09645343 0.01087588 -0.22412740
v 0.09791070 0.01839417 -0.22175269
v 0.09757808 0.02458477 -0.22248355
v 0.11415157 0.01184851 -0.22251591
v 0.11293846 0.01889527 -0.22434188
v 0.11075172 0.01892877 -0.22107714
v 0.11167431 0.01186067 -0.21921007
v 0.10926527 0.00024003 -0.21436025
v 0.10403490 0.00094694 -0.21450806
v 0.10064355 0.00168133 -0.21760537
v 0.11335385 0.01117176 -0.22747944
v 0.11491379 0.00012380 -0.22459458
v 0.11046374 -0.00111860 -0.22945270
v 0.10845155 0.00938416 -0.23155098
v 0.09867904 0.01205516 -0.22017273
v 0.10752162 0.01188296 -0.21700101
v 0.10238579 0.01214790 -0.21731195
v 0.10165709 0.00822443 -0.23188922
v 0.10720688 0.01667583 -0.23229201
v 0.10854378 0.03510135 -0.23148307
v 0.11067262 0.03573900 -0.22793359
v 0.11250216 0.02553087 -0.22561833
v 0.11065015 0.02498788 -0.22993445
v 0.11207059 0.01815116 -0.22879477
v 0.10593256 0.02406806 -0.23272575
v 0.10580018 0.03447419 -0.22095799
v 0.10090756 0.03396326 -0.22042620
v 0.09738067 0.03365010 -0.22309096
v 0.10306290 -0.00178081 -0.23070699
v 0.11601913 0.00059593 -0.21921404
v 0.09576061 0.03339779 -0.22611795
v 0.09580714 0.03316385 -0.22972493
v 0.11074135 0.02525312 -0.22182359
v 0.10984960 0.03504449 -0.22372581
v 0.10426331 0.03397763 -0.23350194
v 0.09913743 0.03296679 -0.23313916
v 0.09839925 0.04005325 -0.23356128
v 0.10349420 0.04083985 -0.23454179
v 0.09496272 0.04037720 -0.23016576
v 0.09551638 0.04029185 -0.22647136
v 0.09726977 0.03993654 -0.22359376
v 0.10741293 0.04182422 -0.23241670
v 0.10914171 0.04226232 -0.22924694
v 0.10872635 0.04087335 -0.22506717
v 0.10699433 0.04699779 -0.23295771
v 0.10288584 0.04726154 -0.23465310
v 0.09395304 0.05803615 -0.22988106
v 0.09459823 0.05833948 -0.23205534
v 0.09524769 0.05365616 -0.23132692
v 0.09401640 0.05309874 -0.22950576
v 0.09552845 0.05012298 -0.23172335
v 0.09462586 0.04708624 -0.23058334
v 0.09750327 0.05372125 -0.23432003
v 0.09775239 0.04948020 -0.23381662
v 0.09718940 0.05853230 -0.23511553
v 0.10128191 0.05824453 -0.23548864
v 0.10145241 0.05341810 -0.23452531
v 0.10088560 0.04983211 -0.23454876
v 0.09476483 0.06233507 -0.23121375
v 0.09469450 0.06164473 -0.23296329
v 0.09806898 0.04571402 -0.23360011
v 0.09514558 0.04573703 -0.22696725
v 0.09479320 0.05234325 -0.22693464
v 0.09485897 0.05782175 -0.22747025
v 0.09620339 0.06199557 -0.22868627
v 0.09692639 0.05181599 -0.22460075
v 0.09705171 0.05741656 -0.22571631
v 0.09820026 0.06087315 -0.22695769
v 0.09992033 0.05150884 -0.22307672
v 0.09965992 0.05716515 -0.22477210
v 0.09727344 0.04515678 -0.22415003
v 0.10046798 0.04447597 -0.22234073
v 0.09984648 0.05978948 -0.22623909
v 0.09981188 0.06396627 -0.23103596
v 0.09803051 0.06427795 -0.23380047
v 0.09693924 0.06272095 -0.23576912
v 0.10423133 0.05298036 -0.23445463
v 0.10378140 0.05821496 -0.23470275
v 0.10651532 0.05264544 -0.23284034
v 0.10545573 0.05815244 -0.23308660
v 0.10038334 0.06161064 -0.23611194
v 0.10189110 0.06224006 -0.23504244
v 0.10049495 0.03959358 -0.22168371
v 0.10500607 0.03983748 -0.22214577
v 0.10447320 0.04454386 -0.22285831
v 0.10391438 0.05185431 -0.22396655
v 0.10803139 0.04530841 -0.22591190
v 0.10844356 0.04657966 -0.22979632
v 0.10766688 0.05237526 -0.23020406
v 0.10701826 0.05181700 -0.22688617
v 0.10626632 0.05783892 -0.23064718
v 0.10574594 0.05740327 -0.22792363
v 0.10310394 0.05730695 -0.22557183
v 0.10428387 0.06104797 -0.23046586
v 0.10341743 0.06189436 -0.23294653
v 0.10107255 0.06223768 -0.22878729
v 0.10209620 0.06031048 -0.22722283
v 0.10435423 0.06001127 -0.22852397
v 0.11334714 0.00014538 -0.21610782
v 0.12887242 0.01028425 -0.22300325
v 0.12802711 0.00552374 -0.22208676
v 0.13196373 0.00486946 -0.22167134
v 0.13288838 0.00953436 -0.22248811
v 0.12643701 0.00942653 -0.23344965
v 0.12542617 0.00386125 -0.23271976
v 0.12387866 0.00494188 -0.22878319
v 0.12480268 0.01046216 -0.22962932
v 0.13099819 0.00842643 -0.23508692
v 0.13022557 0.00278646 -0.23442654
v 0.12462389 -0.00239319 -0.23083878
v 0.12317196 -0.01245886 -0.22783485
v 0.12234059 -0.00986284 -0.22366609
v 0.12323901 -0.00126457 -0.22687285
v 0.13801992 -0.01716840 -0.21801452
v 0.13770506 -0.01085097 -0.21995658
v 0.13486040 -0.00952363 -0.21736848
v 0.13522124 -0.01618165 -0.21420507
v 0.12503153 0.00548577 -0.22479060
v 0.12601948 0.01069367 -0.22579250
v 0.13789281 -0.00203836 -0.22331597
v 0.13844702 0.00333673 -0.22540320
v 0.13566127 0.00419348 -0.22286975
v 0.13515401 -0.00081205 -0.22068281
v 0.13110539 -0.01471686 -0.21261150
v 0.13113040 -0.00837785 -0.21624364
v 0.12721053 -0.00799221 -0.21675837
v 0.12624130 -0.01259786 -0.21237345
v 0.12434721 -0.00799084 -0.21913074
v 0.13816860 -0.00328565 -0.22712933
v 0.13805059 -0.01244503 -0.22367212
v 0.13569343 -0.01411158 -0.22785783
v 0.13529757 -0.00387865 -0.23104353
v 0.12454623 -0.00001633 -0.22288275
v 0.13157099 -0.00021982 -0.21966207
v 0.12750566 0.00038803 -0.22016352
v 0.12927213 -0.00361311 -0.23255700
v 0.13557199 0.00238127 -0.23277153
v 0.14031383 0.01457548 -0.23137744
v 0.14031655 0.01486921 -0.22803724
v 0.13944542 0.00830889 -0.22651596
v 0.13961264 0.00773680 -0.23043092
v 0.13870287 0.00263602 -0.22925361
v 0.13641575 0.00781095 -0.23380217
v 0.13396937 0.01583189 -0.22366655
v 0.13001746 0.01691866 -0.22409984
v 0.12726143 0.01728386 -0.22668129
v 0.12843832 -0.01440799 -0.23016509
v 0.12612072 0.01746821 -0.23013991
v 0.12747133 0.01676100 -0.23371688
v 0.13663504 0.00894654 -0.22379947
v 0.13769156 0.01529723 -0.22520266
v 0.13731280 0.01474994 -0.23448683
v 0.13192797 0.01540148 -0.23555727
v 0.13243160 0.02106631 -0.23619390
v 0.13763964 0.02049881 -0.23527576
v 0.12821734 0.02223581 -0.23398794
v 0.12700450 0.02264541 -0.23070462
v 0.12839320 0.02189332 -0.22737190
v 0.14058289 0.01983529 -0.23191945
v 0.14032304 0.01976281 -0.22908366
v 0.13803366 0.01981223 -0.22659913
v 0.14056876 0.02497691 -0.23290904
v 0.13766295 0.02631366 -0.23590487
v 0.12911230 0.03647035 -0.23344304
v 0.12999883 0.03602356 -0.23524761
v 0.13004085 0.03294826 -0.23474181
v 0.12849331 0.03233373 -0.23319900
v 0.13016400 0.02950245 -0.23514935
v 0.12885633 0.02744961 -0.23404548
v 0.13270229 0.03195804 -0.23685503
v 0.13272929 0.02848524 -0.23635054
v 0.13299733 0.03597307 -0.23761302
v 0.13726145 0.03554451 -0.23679328
v 0.13702589 0.03169435 -0.23659466
v 0.13600889 0.02871042 -0.23658851
v 0.13062152 0.03997362 -0.23431042
v 0.13061652 0.03893721 -0.23595577
v 0.13263825 0.02554184 -0.23623466
v 0.12772480 0.02693659 -0.23111087
v 0.12816092 0.03209031 -0.23104100
v 0.12916312 0.03736639 -0.23128726
v 0.13174734 0.04057515 -0.23211409
v 0.12944889 0.03133190 -0.22880198
v 0.13076454 0.03641015 -0.22935294
v 0.13299808 0.03933215 -0.23026025
v 0.13154325 0.02996862 -0.22705978
v 0.13251808 0.03502685 -0.22809301
v 0.12869158 0.02587998 -0.22833009
v 0.13097826 0.02440333 -0.22631428
v 0.13348514 0.03763604 -0.22912711
v 0.13497242 0.04072988 -0.23319365
v 0.13426942 0.04083753 -0.23558255
v 0.13345453 0.03942937 -0.23781770
v 0.13928819 0.03113735 -0.23550865
v 0.13924056 0.03564715 -0.23540191
v 0.14062196 0.03013420 -0.23320258
v 0.13986790 0.03564698 -0.23327306
v 0.13666758 0.03839213 -0.23726596
v 0.13760069 0.03905451 -0.23571546
v 0.13091087 0.02110231 -0.22523923
v 0.13419423 0.02028167 -0.22490813
v 0.13456136 0.02362424 -0.22565599
v 0.13475293 0.02901340 -0.22645658
v 0.13817903 0.02346379 -0.22726110
v 0.14044556 0.02397346 -0.22982472
v 0.14027646 0.02945429 -0.23054871
v 0.13832146 0.02895778 -0.22790088
v 0.13935593 0.03494138 -0.23096842
v 0.13770255 0.03446943 -0.22899336
v 0.13501254 0.03442836 -0.22782223
v 0.13748515 0.03830510 -0.23131435
v 0.13791198 0.03905952 -0.23337197
v 0.13526067 0.03955871 -0.23104614
v 0.13519117 0.03771168 -0.22945774
v 0.13687024 0.03725618 -0.22992940
v 0.13833252 -0.01754397 -0.22140506
v 0.05043170 -0.05368888 -0.18311802
v 0.05416903 -0.05051714 -0.18234378
v 0.05952609 -0.04978698 -0.17343394
v 0.05987298 -0.05257553 -0.16729751
v 0.05736640 -0.05722147 -0.16356733
v 0.05326387 -0.06081247 -0.16428846
v 0.04931277 -0.06219417 -0.16836394
v 0.05727008 -0.04876471 -0.17928526
v 0.04724699 -0.05816132 -0.18113557
v 0.04685718 -0.06156725 -0.17483428
v 0.03944269 -0.05318010 -0.17276037
v 0.04014120 -0.05060989 -0.17933011
v 0.04202887 -0.05419219 -0.16610254
v 0.04678741 -0.05347252 -0.16240224
v 0.05175245 -0.05135232 -0.16175272
v 0.04421905 -0.04693305 -0.18200648
v 0.04879650 -0.04434240 -0.18109049
v 0.05281791 -0.04370028 -0.17707515
v 0.03795707 -0.04022557 -0.18066046
v 0.03204864 -0.04076391 -0.17772388
v 0.02879319 -0.03492475 -0.16141182
v 0.02592981 -0.03568691 -0.16439171
v 0.02936289 -0.03918988 -0.16517693
v 0.03222069 -0.03949326 -0.16210656
v 0.03122771 -0.04141217 -0.16667120
v 0.03475958 -0.04462743 -0.16481675
v 0.02668133 -0.03826129 -0.17043848
v 0.02919835 -0.04037023 -0.17088896
v 0.02614677 -0.03580105 -0.17558745
v 0.02825546 -0.03895628 -0.17501257
v 0.02283898 -0.03510863 -0.16953632
v 0.02312657 -0.03256184 -0.16439816
v 0.02083495 -0.03134948 -0.16837484
v 0.02462420 -0.03068876 -0.16257142
v 0.03241777 -0.04422772 -0.17119560
v 0.04082766 -0.04618829 -0.16099799
v 0.03586587 -0.03938526 -0.15994760
v 0.03142875 -0.03355062 -0.15977654
v 0.02742574 -0.02851111 -0.16203907
v 0.04000542 -0.03747451 -0.15967666
v 0.03443602 -0.03153241 -0.16071063
v 0.03051525 -0.02768338 -0.16322120
v 0.04305282 -0.03539652 -0.16302468
v 0.03635120 -0.03015172 -0.16371325
v 0.04689404 -0.04532140 -0.16028352
v 0.05065039 -0.04326165 -0.16399586
v 0.03256023 -0.02757090 -0.16478592
v 0.02470890 -0.02554697 -0.16699307
v 0.02131230 -0.02736443 -0.16709836
v 0.02834207 -0.03430849 -0.17802821
v 0.02286348 -0.03283221 -0.17442483
v 0.02482650 -0.03015870 -0.17640607
v 0.03239882 -0.03329140 -0.17893378
v 0.02798149 -0.02821440 -0.17646922
v 0.02068394 -0.03034270 -0.17246839
v 0.02196810 -0.02750689 -0.17290118
v 0.05519682 -0.04807872 -0.16535184
v 0.05512002 -0.04525447 -0.17104423
v 0.05095217 -0.04059714 -0.16987371
v 0.04320064 -0.03366411 -0.16880605
v 0.04801244 -0.03857237 -0.17602006
v 0.04314062 -0.03872740 -0.18019801
v 0.03641880 -0.03225523 -0.17779808
v 0.04067943 -0.03220224 -0.17427936
v 0.03134000 -0.02755523 -0.17488545
v 0.03436819 -0.02779102 -0.17219307
v 0.03615519 -0.02852958 -0.16798928
v 0.02868268 -0.02553767 -0.17147835
v 0.02510518 -0.02559096 -0.17239977
v 0.02840552 -0.02569306 -0.16720304
v 0.03166223 -0.02652341 -0.16762394
v 0.03125805 -0.02622944 -0.17053817
v 0.13678986 -0.02145487 -0.21108519
v 0.13147101 -0.02036798 -0.20884100
v 0.13338631 -0.02776682 -0.20665294
v 0.13649204 -0.03600299 -0.20389760
v 0.14411086 -0.04345500 -0.20560507
v 0.13002509 -0.03660929 -0.20294985
v 0.12736031 -0.02810103 -0.20542470
v 0.12457213 -0.01845258 -0.20795031
v 0.12675276 -0.04402733 -0.20065151
v -0.29008070 -0.64967906 -0.35706127
v -0.28743789 -0.65000570 -0.35894912
v -0.28082252 -0.64844513 -0.35797149
v -0.28258058 -0.64727724 -0.35574013
v -0.28491846 -0.64613581 -0.35273901
v -0.28697932 -0.64597893 -0.34943774
v -0.29500222 -0.65019166 -0.34703550
v -0.29356992 -0.64969647 -0.35240340
v -0.29122397 -0.65050685 -0.33623272
v -0.29162616 -0.65106750 -0.33854875
v -0.29056707 -0.64954305 -0.33669496
v -0.28914568 -0.64767963 -0.34241700
v -0.28983337 -0.64912772 -0.33895653
v -0.28160432 -0.65101653 -0.36145580
v -0.27975765 -0.65110111 -0.36166367
v -0.28448534 -0.65024716 -0.36031488
v -0.28881800 -0.64640248 -0.34565154
v -0.27892041 -0.65067720 -0.36102235
v -0.27932781 -0.64974189 -0.35973138
v -0.29336005 -0.65124005 -0.34245256
v -0.28644407 -0.64743990 -0.35388705
v -0.28868470 -0.64719170 -0.35047165
v -0.29301006 -0.64893007 -0.34705350
v -0.29122368 -0.64837253 -0.35174349
v -0.29114726 -0.64875770 -0.34318510
v -0.29120618 -0.64945984 -0.34072569
v -0.28391379 -0.64838475 -0.35665685
v -0.29067162 -0.64762348 -0.34662586
v -0.28805289 -0.64889282 -0.35571718
v -0.29142982 -0.65006322 -0.34074387
v -0.29284549 -0.64985639 -0.34309936
v -0.27971485 -0.65037870 -0.36086655
v -0.27909979 -0.65057409 -0.36083955
v -0.11631584 -0.50636184 -0.23024231
v -0.11145971 -0.48852974 -0.22450727
v -0.28459826 -0.64945149 -0.35820130
v -0.27979055 -0.64993060 -0.35995322
v -0.28128549 -0.64919925 -0.35863641
v -0.28234404 -0.64997387 -0.35957989
v -0.28055170 -0.65042967 -0.36060220
v 0.10279033 -0.41566145 -0.26185101
v 0.09910548 -0.41285175 -0.24633262
v 0.14122021 -0.43875912 -0.28775537
v 0.15295841 -0.45516509 -0.28059024
v 0.00102375 -0.27441865 -0.12772034
v 0.11324583 -0.42082208 -0.04755408
v 0.11029582 -0.43898696 -0.06037390
v 0.06211738 -0.46221018 -0.00445064
v 0.07915755 -0.45639735 -0.01358100
v 0.09410271 -0.35233718 -0.13166732
v 0.09877072 -0.33731458 -0.12065040
v 0.03938004 -0.31686175 -0.14467010
v 0.04334952 -0.30155230 -0.13361539
v 0.08539785 -0.30835223 -0.12005991
v 0.10742664 -0.40598175 0.00302049
v 0.10003223 -0.42564994 -0.00951784
v 0.11026623 -0.41531244 -0.02199108
v 0.11978115 -0.39663133 -0.00965914
v 0.04768088 -0.44232103 0.01497885
v 0.04251533 -0.46317938 0.00134703
v 0.10258133 -0.38381714 -0.13292712
v 0.11153935 -0.40206510 -0.11826559
v 0.11359395 -0.43773332 -0.08800417
v 0.10766424 -0.45532259 -0.07501537
v 0.08472133 -0.48634428 -0.05464068
v 0.09798473 -0.47185981 -0.06482071
v 0.01422812 -0.32461888 -0.15810791
v -0.01081200 -0.33673903 -0.16601391
v 0.08801792 -0.36734229 -0.14455765
v -0.04850687 -0.31444657 -0.14231817
v 0.04471480 -0.53022897 -0.04972861
v 0.06427936 -0.52367455 -0.06194741
v 0.11477313 -0.42003432 -0.10286755
v -0.08957732 -0.44327512 -0.21926880
v -0.08586909 -0.42722157 -0.21385598
v -0.07497631 -0.42867771 -0.22605276
v -0.07726724 -0.44486240 -0.23041049
v -0.06312712 -0.43027386 -0.23631713
v -0.05025076 -0.43193612 -0.24436817
v -0.03751365 -0.43389076 -0.25057459
v -0.00288595 -0.43866336 -0.25835669
v -0.01393694 -0.43694177 -0.25798845
v 0.01853018 -0.44255900 -0.25372243
v 0.00762569 -0.44046411 -0.25746128
v 0.03057358 -0.44371784 -0.24474822
v 0.04337448 -0.44589633 -0.23233813
v 0.05683906 -0.44921601 -0.21941924
v 0.05406029 -0.45998308 -0.22607717
v 0.04441555 -0.43543807 -0.22623658
v 0.03220076 -0.43418986 -0.23822829
v 0.02048180 -0.43160969 -0.24669340
v -0.08462294 -0.39592353 -0.19058406
v -0.07349165 -0.38061750 -0.17909600
v -0.12088113 -0.52313411 -0.23533046
v 0.23221886 -0.25894225 -0.20311117
v 0.12717879 -0.16491532 -0.21456832
v -0.05129974 -0.65292484 -0.19459072
v -0.07083948 -0.64899993 -0.17987351
v -0.08393631 -0.64210349 -0.15672162
v -0.08902869 -0.64658147 -0.16541258
v 0.00502842 -0.63063681 -0.27041599
v 0.00130402 -0.64421195 -0.24569897
v -0.00971110 -0.65158284 -0.22226839
v -0.02642314 -0.65230721 -0.20248333
v 0.06247452 -0.36888695 -0.16359705
v -0.03154207 -0.63961029 -0.16745381
v -0.01908079 -0.64888358 -0.19396913
v -0.00036473 -0.64848793 -0.21469405
v 0.01512627 -0.64118320 -0.23959631
v 0.02567260 -0.62544769 -0.26912576
v 0.03920042 -0.61180788 -0.28092304
v 0.06561844 -0.59504795 -0.27689385
v 0.07399294 -0.58342481 -0.28336775
v 0.06802724 -0.57670349 -0.30118078
v 0.07680156 -0.56325251 -0.30481029
v 0.08322508 -0.57102722 -0.28901049
v 0.13948204 -0.48685592 -0.28069374
v 0.14974162 -0.47661477 -0.27285647
v 0.15752789 -0.47302055 -0.26160496
v 0.16104144 -0.47222278 -0.24874303
v 0.16002221 -0.47415921 -0.23556057
v 0.15267907 -0.47957021 -0.22462617
v 0.14208452 -0.48682517 -0.21723932
v 0.10885376 -0.51097244 -0.20966859
v 0.10030394 -0.51963443 -0.20995229
v 0.09223133 -0.53005737 -0.19739641
v 0.09278044 -0.53039986 -0.19173758
v 0.09536424 -0.52271307 -0.13959016
v 0.09473747 -0.52758783 -0.15868217
v 0.09758583 -0.51560813 -0.11831167
v 0.14955530 -0.29126298 0.05727544
v 0.14148732 -0.31216723 0.04869961
v 0.15125413 -0.30940551 0.03072524
v 0.16011709 -0.28852600 0.03922887
v 0.07179793 -0.36978203 0.06087454
v 0.09230919 -0.36772400 0.05196426
v 0.14497820 -0.27829951 -0.05306343
v 0.15648064 -0.28773391 -0.03198260
v 0.16004837 -0.29692528 -0.01037523
v 0.15848802 -0.30455989 0.01084206
v 0.12910664 -0.26973385 -0.06867571
v 0.02052234 -0.21917935 -0.09350317
v 0.04266208 -0.22821562 -0.09410058
v -0.03847199 -0.20888190 -0.07789986
v -0.02057639 -0.20910986 -0.08449595
v 0.11154758 -0.25904283 -0.08008439
v -0.00101871 -0.21230386 -0.09008989
v 0.06627776 -0.23811163 -0.09203147
v 0.09041049 -0.24856740 -0.08765891
v 0.13407147 -0.33397949 0.03989472
v 0.11839363 -0.33874810 0.05319031
v 0.10990092 -0.36444092 0.04091087
v 0.01277675 -0.59133589 -0.09272452
v 0.03104205 -0.59217548 -0.10605768
v 0.04699323 -0.59227651 -0.12096275
v 0.04982605 -0.60374582 -0.15067931
v 0.06143509 -0.59883440 -0.16715014
v 0.06866813 -0.58733755 -0.15786633
v 0.05888197 -0.59132004 -0.13988623
v 0.07323352 -0.58457547 -0.19422776
v 0.07862574 -0.57552272 -0.20468801
v 0.08051408 -0.56826138 -0.19753623
v 0.07817633 -0.57456911 -0.18806767
v 0.08540546 -0.56117797 -0.20558356
v 0.09090035 -0.55260801 -0.21352653
v 0.09613764 -0.54348671 -0.21952029
v 0.10513829 -0.53321069 -0.22432099
v 0.10733374 -0.54238039 -0.24262567
v 0.09794915 -0.55367529 -0.23862852
v 0.06966524 -0.59131312 -0.20432815
v 0.06299420 -0.60136175 -0.19189407
v -0.00656238 -0.61038810 -0.11957896
v -0.02391198 -0.60594410 -0.10717878
v 0.06914295 -0.45722798 -0.20939216
v 0.08026165 -0.46716744 -0.19992357
v 0.08787477 -0.47897953 -0.19143200
v 0.09266194 -0.49106151 -0.18444319
v 0.09582768 -0.50336838 -0.17946479
v 0.09706628 -0.51614332 -0.17509845
v 0.09536085 -0.52949983 -0.17160313
v 0.09418026 -0.53069818 -0.18286771
v 0.09199906 -0.54304439 -0.16947834
v 0.09112969 -0.54219443 -0.18129006
v 0.08716051 -0.55649978 -0.16827777
v 0.08145539 -0.56999445 -0.17026129
v 0.07457031 -0.58168417 -0.17489564
v 0.06882209 -0.59209496 -0.18164329
v 0.04323108 -0.61460948 -0.16305846
v 0.05470904 -0.60833460 -0.17855060
v 0.02319551 -0.62744075 -0.16093729
v 0.01791061 -0.63400376 -0.17585365
v 0.03707509 -0.60685587 -0.13262317
v 0.02957455 -0.61881614 -0.14666592
v -0.04221498 -0.64835238 -0.25894690
v -0.05275209 -0.65640843 -0.23826751
v 0.13872148 -0.49741513 -0.22757381
v 0.14608940 -0.48898363 -0.22689794
v 0.13924627 -0.49348396 -0.22039437
v 0.13533561 -0.49837637 -0.22255695
v 0.15034035 -0.48665354 -0.23549350
v 0.14193067 -0.49720103 -0.24372238
v 0.15061642 -0.48592484 -0.24651024
v 0.14122796 -0.49672791 -0.23512757
v 0.14862385 -0.48727512 -0.25716603
v 0.14113259 -0.49848521 -0.25327915
v 0.14400125 -0.49119931 -0.26632410
v 0.13883159 -0.50100017 -0.26184228
v 0.13665885 -0.50306219 -0.26790991
v 0.13843349 -0.49704671 -0.27328262
v 0.11649697 -0.53578585 -0.26728454
v 0.12437422 -0.52322108 -0.26829612
v 0.13170138 -0.51151401 -0.26823154
v 0.11425118 -0.52393103 -0.22701305
v 0.12415869 -0.51505983 -0.23023286
v 0.13302805 -0.50598681 -0.23308027
v 0.13396025 -0.50742948 -0.24152893
v 0.12517895 -0.51745373 -0.23871771
v 0.11562940 -0.52746999 -0.23512359
v 0.00274378 -0.60204065 -0.10633135
v 0.01989427 -0.60563022 -0.11816506
v 0.08440664 -0.56737697 -0.21407585
v 0.08959153 -0.55919611 -0.22153567
v 0.09691991 -0.54920089 -0.22812822
v 0.10606346 -0.53780550 -0.23236850
v 0.09002076 -0.56397122 -0.23211384
v 0.08264139 -0.57319361 -0.22466043
v 0.07637306 -0.58158731 -0.21491630
v 0.01226984 -0.61573857 -0.13199398
v -0.01517754 -0.59885406 -0.09433631
v 0.02732173 -0.49405116 -0.29816496
v 0.03661281 -0.50912315 -0.31314847
v 0.05196507 -0.52761918 -0.32052922
v 0.06690979 -0.54653919 -0.31721050
v -0.10512967 -0.66070932 -0.19597504
v 0.21138862 -0.34072062 -0.18315080
v -0.00346738 -0.55645955 -0.04329398
v -0.01350975 -0.57484609 -0.05710428
v 0.01838368 -0.48604047 -0.00577032
v 0.01324176 -0.51051587 -0.01629358
v 0.08319990 -0.39648628 0.03732204
v 0.06321645 -0.39942402 0.04441943
v 0.05569442 -0.42131183 0.02973574
v 0.05806094 -0.34676787 0.08552572
v 0.05021573 -0.37116417 0.06848121
v 0.03566945 -0.42089903 0.03475076
v 0.02829912 -0.44136131 0.01932972
v 0.02474402 -0.53260553 -0.03889327
v -0.00427898 -0.59010375 -0.08142401
v -0.03210363 -0.59705478 -0.08257782
v -0.04076730 -0.60375810 -0.09505513
v -0.04999848 -0.61190194 -0.10722117
v -0.02086921 -0.40912914 -0.24469745
v -0.02335712 -0.42192847 -0.24981168
v -0.03525958 -0.41979498 -0.24571644
v -0.03253973 -0.40684253 -0.24125755
v 0.00092083 -0.41550609 -0.24658659
v -0.00081178 -0.42703664 -0.25234619
v -0.01181452 -0.42440379 -0.25188997
v -0.00963753 -0.41223401 -0.24628934
v 0.00968397 -0.42932737 -0.25076854
v 0.01146842 -0.41856727 -0.24469423
v -0.01807652 -0.39658725 -0.23858172
v -0.00695710 -0.39975482 -0.24008319
v -0.02944405 -0.39437199 -0.23544355
v 0.01280845 -0.40704846 -0.23846060
v 0.00314844 -0.40348712 -0.23993167
v -0.21212195 -0.57470250 -0.29031074
v -0.22526357 -0.56771117 -0.29348311
v -0.26579538 -0.58735383 -0.30419099
v -0.26773399 -0.59193879 -0.30483821
v -0.19454268 -0.57973433 -0.27776033
v -0.18611501 -0.57611758 -0.27345061
v -0.25211346 -0.57719857 -0.29517680
v -0.24219841 -0.56767160 -0.29130048
v -0.28588316 -0.60397935 -0.30950877
v -0.28251579 -0.60267889 -0.30839157
v -0.27544737 -0.59465468 -0.30563754
v -0.27190024 -0.59307492 -0.30440497
v -0.17595753 -0.57262331 -0.26856583
v -0.20294394 -0.57957709 -0.28155243
v -0.15666103 -0.56554699 -0.25588685
v -0.14814669 -0.56219411 -0.24808514
v -0.13285762 -0.55751956 -0.24767396
v -0.12713465 -0.54869676 -0.24190444
v -0.09188776 -0.41111684 -0.19749390
v -0.10227904 -0.45594937 -0.21072587
v -0.10013010 -0.44080675 -0.20742115
v -0.10647668 -0.47166553 -0.21661337
v -0.12411315 -0.53659129 -0.23880684
v -0.16598949 -0.56921637 -0.26268280
v -0.26260900 -0.58515483 -0.30041134
v -0.25739285 -0.58300483 -0.29759920
v -0.27970496 -0.60017949 -0.30729145
v -0.27756917 -0.59744585 -0.30640757
v -0.12698618 -0.50451624 -0.22069253
v -0.12227464 -0.48676378 -0.21447361
v -0.09508616 -0.42564628 -0.20145026
v -0.09387115 -0.39739978 -0.17995350
v -0.08581872 -0.38147950 -0.16664046
v -0.13152304 -0.52140415 -0.22601764
v -0.07853319 -0.36723882 -0.15412673
v 0.17028442 -0.12144238 0.00211711
v 0.16294263 -0.10258076 0.02177796
v 0.16273989 -0.11317083 0.04530770
v 0.17006990 -0.12635753 0.03009991
v 0.17569074 -0.16662410 0.01924644
v 0.17782165 -0.19116387 0.01641526
v 0.17951924 -0.21642335 0.01290784
v 0.15081596 -0.10380149 0.06604584
v 0.13934869 -0.11929569 0.10271191
v 0.13417915 -0.09828377 0.08988903
v 0.17892516 -0.21495846 0.03770715
v 0.17785928 -0.18897220 0.04258479
v 0.16952670 -0.13033116 0.04585058
v 0.17280863 -0.14263541 0.04575783
v 0.17494562 -0.14367002 0.02278312
v 0.15500915 -0.12022179 0.07948906
v 0.16420531 -0.12463528 0.05928740
v 0.11832415 -0.29674587 0.08592975
v 0.12597279 -0.27382392 0.09672664
v 0.10253230 -0.27855611 0.11123866
v 0.16565742 -0.28617352 0.01779075
v 0.16631810 -0.26779336 0.04572570
v 0.05379885 -0.12002206 0.14447522
v 0.16716677 -0.14045927 0.06580617
v 0.14339995 -0.14317331 0.10908780
v 0.15851003 -0.14095551 0.08668782
v 0.15101974 -0.22092758 0.10037987
v 0.16473547 -0.21703976 0.08061782
v 0.16303559 -0.19133362 0.08660969
v 0.14975177 -0.19564626 0.10740894
v 0.17401803 -0.21413273 0.06060994
v 0.17173710 -0.24277063 0.05389103
v 0.14869758 -0.24699603 0.09147516
v 0.16237897 -0.24430346 0.07340416
v 0.15656203 -0.26982689 0.06461702
v 0.17232132 -0.18760848 0.06577727
v 0.14738551 -0.16906109 0.11087316
v 0.12642471 -0.17244127 0.13178790
v 0.10148286 -0.17779484 0.14590530
v 0.07436542 -0.18244290 0.15765309
v 0.07781789 -0.20938650 0.15496740
v 0.14351019 -0.27141994 0.08180392
v 0.12616909 -0.31685865 0.06290623
v 0.13529390 -0.29468942 0.07166439
v 0.10113452 -0.38997415 0.02718369
v 0.06256346 -0.01719859 -0.25107813
v -0.00928856 -0.06551319 0.02993366
v -0.01611339 -0.06671807 0.00659293
v 0.11835267 -0.18548165 -0.09793235
v 0.16367769 -0.14689800 -0.04455238
v 0.17101493 -0.14556149 -0.00777739
v -0.02278720 -0.07988060 -0.03596058
v -0.02120915 -0.09661317 -0.06083006
v 0.08701225 -0.18759629 -0.11361091
v 0.03173626 -0.16042204 -0.11545023
v -0.01986302 -0.07044333 -0.01350924
v 0.17517693 -0.16485554 0.04482532
v 0.16994782 -0.16231343 0.06768045
v 0.16139443 -0.16509807 0.08907426
v 0.12263661 -0.14602938 0.13097045
v 0.09629558 -0.15325046 0.14723159
v 0.06967257 -0.16080880 0.15680581
v -0.05327280 -0.12203521 -0.06360900
v -0.06246082 -0.13159496 -0.05716078
v -0.05580692 -0.13295814 -0.06180532
v -0.06602079 -0.14361656 -0.05199671
v -0.06964411 -0.12988889 -0.04963969
v -0.06331629 -0.11776361 -0.05364154
v -0.07122494 -0.11582148 -0.04406487
v -0.06992866 -0.10447142 -0.03510518
v 0.01543004 -0.20994422 -0.08798223
v 0.03956677 -0.21860212 -0.08900858
v -0.04217551 -0.20022553 -0.07271411
v -0.02557969 -0.20047623 -0.07916714
v 0.11562217 -0.24823573 -0.07709841
v -0.00655424 -0.20333633 -0.08428293
v 0.06486438 -0.22845684 -0.08797254
v 0.09196620 -0.23891664 -0.08426962
v 0.07736261 -0.26024154 0.13905177
v 0.07323021 -0.28677768 0.12553123
v -0.05599708 -0.20232290 -0.06423988
v -0.22799063 -0.56819701 -0.28668952
v -0.21511436 -0.57490677 -0.28339824
v -0.34554875 -0.70381320 -0.34122455
v -0.13211754 -0.67438805 -0.23909527
v -0.32027486 -0.65373379 -0.32750395
v -0.26829082 -0.59192872 -0.30304891
v -0.28925639 -0.60349280 -0.31062326
v -0.14107360 -0.55754566 -0.23970279
v -0.13599718 -0.54875243 -0.23285456
v -0.02871985 -0.07148948 0.03708507
v -0.13395454 -0.53589034 -0.22962084
v -0.01923374 -0.07046035 0.04766455
v 0.02303890 -0.46283081 0.00603963
v 0.10883188 0.38232541 -0.07198375
v 0.11225515 0.37401968 -0.06006274
v 0.11620436 0.40003157 -0.04971832
v 0.11072314 0.40663022 -0.06220701
v 0.13932748 0.35975349 -0.04591271
v 0.12620711 0.36357760 -0.04722887
v 0.15306231 0.36011648 -0.04992792
v 0.16290385 0.36466902 -0.05841792
v 0.16088499 0.39071459 -0.04531580
v 0.15312110 0.38618362 -0.03624597
v 0.16756724 0.37050611 -0.06822491
v 0.16757910 0.40129733 -0.06497768
v 0.16917545 0.37676412 -0.07893178
v 0.16555160 0.38569868 -0.09533378
v 0.16318923 0.40836525 -0.08060408
v 0.15312943 0.39645064 -0.10742593
v 0.15159848 0.41798735 -0.09401798
v 0.13622040 0.40258712 -0.11138996
v 0.10959387 0.39112651 -0.08641583
v 0.10909173 0.41475195 -0.07658577
v 0.14098459 0.38568223 -0.03242698
v 0.12967570 0.38969803 -0.03514192
v 0.12177537 0.39484775 -0.04225045
v 0.11831448 0.36810571 -0.05225250
v 0.11657647 0.42450315 -0.04155922
v 0.10765149 0.43014002 -0.05361828
v 0.14227474 0.41023260 -0.01869026
v 0.13094625 0.41566163 -0.02645263
v 0.16000149 0.41446263 -0.03216183
v 0.15465400 0.40966278 -0.02195179
v 0.17094253 0.42406017 -0.05423158
v 0.16677698 0.41897094 -0.04269502
v 0.16516674 0.39577633 -0.05430818
v 0.16484071 0.43099135 -0.06832084
v 0.15154454 0.43970203 -0.08549672
v 0.10631289 0.43733162 -0.07104620
v 0.12351756 0.42041677 -0.03359205
v 0.10476976 0.58006668 -0.18132243
v 0.10398708 0.57570183 -0.18198308
v 0.09965770 0.57536030 -0.18116808
v 0.09812967 0.58012575 -0.17949817
v 0.06399277 0.58014756 -0.17718098
v 0.06164928 0.57151502 -0.18195584
v 0.05505633 0.57117712 -0.17685440
v 0.05466656 0.58048254 -0.17057341
v 0.08057591 0.58228147 -0.18105575
v 0.08285771 0.58404320 -0.17777106
v 0.08759625 0.58447069 -0.17884129
v 0.08787483 0.58291227 -0.18349496
v 0.13492775 0.56852460 -0.16490859
v 0.13585271 0.57186013 -0.16132879
v 0.14057432 0.57148349 -0.16153240
v 0.14127102 0.56860793 -0.16447985
v 0.11633165 0.57657403 -0.17334020
v 0.11739196 0.57944626 -0.16956493
v 0.12189864 0.57904834 -0.17006305
v 0.12310635 0.57685614 -0.17329249
v 0.07335071 0.55971253 -0.16486251
v 0.06157694 0.55571938 -0.15904635
v 0.05725981 0.56568348 -0.16903067
v 0.06742033 0.56581885 -0.17541364
v 0.05271181 0.57137638 -0.16085723
v 0.05709270 0.56285173 -0.14890221
v 0.06410760 0.57056022 -0.14712715
v 0.05981725 0.57555217 -0.15896946
v 0.07454561 0.57332641 -0.15378258
v 0.06963080 0.57772267 -0.16376439
v 0.07914108 0.56960058 -0.16185182
v 0.07516408 0.57436669 -0.17357668
v 0.09653682 0.57135332 -0.16941819
v 0.09211879 0.56436700 -0.17135030
v 0.08917183 0.57267785 -0.18030688
v 0.09481583 0.57841599 -0.17919689
v 0.08133405 0.56406999 -0.16927052
v 0.08122050 0.57231879 -0.17858613
v 0.07810406 0.57265979 -0.16368708
v 0.08440131 0.57629424 -0.16067508
v 0.08272581 0.58117181 -0.17156467
v 0.07617539 0.57784259 -0.17456970
v 0.09337221 0.57639688 -0.16326326
v 0.09128366 0.58194274 -0.17352721
v 0.11090401 0.56352729 -0.17108324
v 0.10041269 0.56426179 -0.16933584
v 0.09977711 0.57185531 -0.17641777
v 0.10650370 0.57146329 -0.17843753
v 0.09540912 0.57805043 -0.17226261
v 0.09723881 0.57275462 -0.16450989
v 0.10319810 0.57607764 -0.16236317
v 0.10102387 0.58044189 -0.17137462
v 0.11216802 0.57564938 -0.16466132
v 0.10810167 0.58096957 -0.17316765
v 0.11553450 0.56987607 -0.16990626
v 0.11065055 0.57680053 -0.17766860
v 0.13386263 0.56630319 -0.16351816
v 0.13042532 0.55981046 -0.16578531
v 0.12531212 0.56717658 -0.17204252
v 0.12903669 0.57305795 -0.16929105
v 0.12202925 0.56112456 -0.16581914
v 0.11912016 0.56718892 -0.17164928
v 0.11496610 0.57145917 -0.16887629
v 0.11830579 0.56661534 -0.16417384
v 0.12172680 0.57307208 -0.15896606
v 0.11774474 0.57736874 -0.16476893
v 0.12990175 0.57246709 -0.15921080
v 0.12537825 0.57765341 -0.16575977
v 0.14957634 0.55546457 -0.15753388
v 0.14470503 0.56069976 -0.16342837
v 0.14702886 0.56575030 -0.16059285
v 0.15101588 0.56057107 -0.15328181
v 0.14164923 0.55602312 -0.15932614
v 0.13928646 0.56097567 -0.16324860
v 0.13571131 0.56523782 -0.16017851
v 0.13777371 0.56114364 -0.15772167
v 0.13910404 0.56775087 -0.15178189
v 0.13613823 0.57082587 -0.15624514
v 0.14663120 0.56632662 -0.15074331
v 0.14388020 0.57068497 -0.15690443
v 0.08199202 0.55407697 -0.15530464
v 0.06707168 0.54665375 -0.14902589
v 0.05828902 0.57920003 -0.16742888
v 0.06363872 0.55555981 -0.13823229
v 0.06369307 0.58032846 -0.17008054
v 0.08305244 0.56945592 -0.14586401
v 0.07107427 0.56461602 -0.13624233
v 0.08008306 0.56687635 -0.15727305
v 0.08636952 0.57757527 -0.18467674
v 0.10180902 0.57080972 -0.15101120
v 0.09849054 0.56875426 -0.16062415
v 0.08152414 0.57723504 -0.18347061
v 0.09974702 0.55630523 -0.15960199
v 0.11896777 0.55585349 -0.15775645
v 0.10019960 0.58259499 -0.17682254
v 0.10366195 0.58322293 -0.17773202
v 0.12126309 0.57006371 -0.15155974
v 0.11918199 0.56495005 -0.16314557
v 0.12174726 0.57187229 -0.17515597
v 0.13874014 0.56713814 -0.14769512
v 0.13860793 0.56111497 -0.15763253
v 0.11911228 0.57233906 -0.17445576
v 0.13819583 0.55177218 -0.15503791
v 0.14194739 0.56559080 -0.16458279
v 0.15216634 0.56330937 -0.14175785
v 0.15772423 0.55546391 -0.14366302
v 0.13823687 0.56525958 -0.16524377
v 0.15303594 0.54899651 -0.14965513
v 0.11398394 0.42144412 -0.08995327
v 0.11415787 0.39870584 -0.09853357
v 0.12275928 0.40311855 -0.10719118
v 0.12264516 0.42527407 -0.09816158
v 0.13658154 0.42469317 -0.09934023
v 0.11159050 0.44256389 -0.08626729
v 0.12165648 0.44534391 -0.09475973
v 0.13552031 0.44445783 -0.09335637
v 0.16813256 0.44952554 -0.05972761
v 0.17451920 0.44141603 -0.04401645
v 0.16761145 0.43696356 -0.03193438
v 0.16267672 0.43241155 -0.01984370
v 0.15767282 0.42758346 -0.00850070
v 0.10751964 0.45926851 -0.06544152
v 0.11045414 0.46325296 -0.08516496
v 0.12081870 0.46479088 -0.09652317
v 0.13703355 0.46379787 -0.09491134
v 0.07037227 0.53508866 -0.13623038
v 0.08623862 0.53562903 -0.14441824
v 0.09117886 0.51985031 -0.13165703
v 0.07932192 0.52658391 -0.11952654
v 0.10442615 0.54009491 -0.14597505
v 0.10903376 0.52144742 -0.13485998
v 0.12278578 0.54086733 -0.14450955
v 0.12684605 0.52391249 -0.13215509
v 0.14114004 0.54002738 -0.14147976
v 0.14370316 0.52590078 -0.12715891
v 0.15709132 0.54072702 -0.13757861
v 0.15935481 0.52965707 -0.12113515
v 0.16521353 0.54819781 -0.13198009
v 0.16919969 0.53788948 -0.11512274
v 0.06818538 0.54807848 -0.12354496
v 0.07847489 0.53864545 -0.10766125
v 0.07765552 0.55883813 -0.11998373
v 0.08813375 0.55103362 -0.10368353
v 0.09284575 0.56093413 -0.12503013
v 0.10232405 0.55289549 -0.10714135
v 0.16536142 0.54996181 -0.11081728
v 0.15913618 0.55866587 -0.12823299
v 0.11128049 0.56139892 -0.12804398
v 0.11986470 0.55257928 -0.10996440
v 0.12941188 0.56202090 -0.12861940
v 0.13729282 0.55362040 -0.10991880
v 0.14549786 0.56114918 -0.12814304
v 0.15282749 0.55322301 -0.10968363
v 0.09660190 0.50427091 -0.11332735
v 0.11329222 0.50080049 -0.12203157
v 0.13047189 0.50377566 -0.11771515
v 0.14756471 0.50769931 -0.11049825
v 0.16276973 0.51509058 -0.10153201
v 0.17300381 0.52487284 -0.09543368
v 0.15683897 0.48515612 -0.09184989
v 0.16787787 0.50219411 -0.07893249
v 0.17530712 0.51425743 -0.07358044
v 0.17849815 0.50363111 -0.05209440
v 0.17363308 0.49014550 -0.05715302
v 0.18061258 0.47377557 -0.01926962
v 0.17781770 0.48041087 -0.03606287
v 0.18321806 0.49344712 -0.03155148
v 0.18641546 0.48771143 -0.01331925
v 0.16814509 0.47511834 -0.06770846
v 0.17161503 0.46502912 -0.04644161
v 0.17249660 0.45753539 -0.03086820
v 0.17945632 0.47858083 0.01211464
v 0.17698954 0.46307170 0.00584558
v 0.18060264 0.46858650 -0.00645313
v 0.18575422 0.48300302 0.00022182
v 0.16650248 0.47709227 0.02264029
v 0.16514832 0.46020371 0.01804245
v 0.14689815 0.46521920 0.01563880
v 0.14827062 0.48033780 0.02180338
v 0.16929546 0.44693053 -0.00718907
v 0.17040990 0.45233750 -0.01908958
v 0.16103165 0.44310862 0.00444040
v 0.14405987 0.44665575 0.00225189
v 0.13460836 0.47279888 0.00198424
v 0.13433591 0.45450121 -0.00878343
v 0.13488543 0.48682421 0.00911453
v 0.08988170 0.51659822 -0.09977895
v 0.09219611 0.52681088 -0.09086025
v 0.13496611 0.48236215 -0.10546777
v 0.11705311 0.48142248 -0.10809976
v 0.10354529 0.48444903 -0.09159493
v 0.09847795 0.50361431 -0.07788229
v 0.10453788 0.51606679 -0.07002822
v 0.10657728 0.49561280 -0.05514216
v 0.11343724 0.50729305 -0.04977727
v 0.10105286 0.53609025 -0.08741695
v 0.11344536 0.52254421 -0.06811783
v 0.12083684 0.51329219 -0.04785317
v 0.11329611 0.48865247 -0.03557929
v 0.11844602 0.50052959 -0.03062180
v 0.12057360 0.48195696 -0.02220413
v 0.12375021 0.49537027 -0.01577774
v 0.12836349 0.49147004 -0.00347501
v 0.12734921 0.47744811 -0.01121208
v 0.11956876 0.46384913 -0.02917999
v 0.12640974 0.45896351 -0.01955497
v 0.11151654 0.47049445 -0.04349005
v 0.10546251 0.47800434 -0.06269911
v 0.17027898 0.53745645 -0.09073192
v 0.17435043 0.52492952 -0.06970695
v 0.17693877 0.51348084 -0.04875317
v 0.18081339 0.50523037 -0.02756512
v 0.18219671 0.49973214 -0.00974214
v 0.18084717 0.49535638 0.00222930
v 0.17583130 0.49103779 0.01246879
v 0.16441952 0.48890114 0.01952189
v 0.15109982 0.49086684 0.01909873
v 0.14085598 0.49696374 0.00980204
v 0.13477884 0.50203329 -0.00071660
v 0.12602292 0.50822163 -0.02825597
v 0.13000228 0.50539875 -0.01264033
v 0.10804872 0.45184404 -0.04772976
v 0.11636738 0.44510776 -0.03422669
v 0.12399720 0.44052243 -0.02621281
v 0.14263856 0.42992562 -0.00957090
v 0.13225359 0.43610001 -0.01882640
v 0.11365861 0.53981274 -0.08801329
v 0.12959045 0.54035127 -0.08968893
v 0.14589982 0.54212111 -0.08906144
v 0.15997168 0.54185039 -0.08896735
v 0.16559924 0.52951956 -0.06781921
v 0.15313175 0.53019881 -0.06698468
v 0.13888080 0.52931148 -0.06675956
v 0.12446895 0.52662891 -0.06750184
v 0.16872245 0.51893198 -0.04688501
v 0.15762508 0.52038777 -0.04612249
v 0.14403054 0.51992327 -0.04485714
v 0.13119821 0.51774454 -0.04634336
v 0.13569446 0.51300633 -0.02614558
v 0.14757712 0.51363611 -0.02448997
v 0.15996736 0.51321453 -0.02602878
v 0.17073786 0.51083875 -0.02615604
v 0.17192352 0.50465971 -0.00990039
v 0.16140296 0.50698727 -0.01059484
v 0.14995588 0.50813168 -0.00960907
v 0.13977014 0.50852752 -0.01087755
v 0.17159039 0.50059980 0.00012136
v 0.16243684 0.49511558 0.01372010
v 0.16895060 0.49730039 0.00803691
v 0.15379776 0.49640965 0.01429850
v 0.14749436 0.50063527 0.00737247
v 0.14322020 0.50469941 -0.00108334
v 0.15403940 0.50098807 0.00530943
v 0.15203843 0.50423378 -0.00118053
v 0.16226178 0.50301850 -0.00152552
v 0.16201372 0.49988866 0.00503236
v 0.15622589 0.49827188 0.00986096
v 0.16030897 0.49777108 0.00961518
v 0.15378028 0.46062750 -0.08039641
v -0.11108665 -0.66485780 -0.20708464
v -0.07865995 -0.63761318 -0.14766698
v 0.06185465 0.17122212 -0.27622211
v 0.07330681 0.17461050 -0.28593606
v 0.08689279 0.17169580 -0.29266790
v 0.05519988 -0.18157755 -0.11418822
v 0.02277344 -0.28100488 -0.12695254
v 0.01895136 -0.30882806 -0.14675979
v 0.02147818 -0.29430899 -0.13606435
v 0.06075366 -0.17280747 -0.12606649
v 0.07077281 -0.35356158 -0.15028670
v 0.06341410 -0.14107007 0.15272970
v -0.05802545 -0.61991501 -0.11843711
v -0.02543063 -0.43559653 -0.25523728
v 0.07934085 -0.23508613 0.14914009
v -0.20686181 -0.69050837 -0.37740406
v -0.20557961 -0.69154382 -0.37477136
v -0.20267598 -0.68940538 -0.37330547
v -0.19948149 -0.69180369 -0.37141263
v -0.19669586 -0.69337237 -0.37006411
v -0.19508347 -0.69354290 -0.37002051
v -0.20091403 -0.69153380 -0.37425879
v -0.20147248 -0.69573170 -0.37354389
v -0.20271508 -0.69251215 -0.37471336
v -0.20287588 -0.69139010 -0.37537560
v -0.11616227 -0.46982062 -0.20596659
v -0.11096156 -0.45437714 -0.19947827
v -0.10735229 -0.43938109 -0.19614857
v -0.10437112 -0.42517078 -0.19235337
v -0.26650417 -0.58753741 -0.30207539
v -0.05234695 -0.23782110 -0.08505316
v -0.05221778 -0.24782476 -0.08904718
v 0.04238202 -0.39905113 0.04940948
v -0.05300772 -0.21854347 -0.07227802
v -0.05443599 -0.25756145 -0.09636409
v 0.00551183 -0.53486449 -0.02994041
v -0.09936464 -0.41168070 -0.18773979
v -0.05440670 -0.21191891 -0.06883140
v -0.02247204 -0.58929646 -0.06955945
v -0.05634911 -0.27084315 -0.10360022
v -0.06180888 -0.15943268 -0.05381159
v -0.06731101 -0.31525248 -0.12989537
v -0.33657795 -0.69446248 -0.29074934
v -0.32839611 -0.69550729 -0.27636394
v -0.32784948 -0.68181366 -0.28040048
v -0.33297494 -0.67847514 -0.29355118
v -0.32575873 -0.67150772 -0.28314495
v -0.32841384 -0.66704053 -0.29402909
v -0.31672996 -0.69569504 -0.26664579
v -0.31926209 -0.68397868 -0.27071622
v -0.29418886 -0.66357404 -0.25349018
v -0.29946572 -0.66997975 -0.25779107
v -0.29351059 -0.67478347 -0.25161380
v -0.28601342 -0.66605133 -0.24639815
v -0.27746162 -0.64405459 -0.24700280
v -0.26528075 -0.64537650 -0.24137416
v -0.26617351 -0.63153565 -0.24560037
v -0.27708390 -0.63224781 -0.25169042
v -0.29036933 -0.62582940 -0.28882667
v -0.29377213 -0.63180357 -0.28729898
v -0.29204428 -0.62867045 -0.28026107
v -0.28766841 -0.62232596 -0.28228068
v -0.29821196 -0.62880731 -0.30111080
v -0.30307457 -0.62669688 -0.30725116
v -0.30359960 -0.63403678 -0.30739731
v -0.29915291 -0.63497818 -0.30068731
v -0.28602552 -0.62040591 -0.29242754
v -0.28269210 -0.61708349 -0.28561732
v -0.29230678 -0.62309092 -0.29584980
v -0.29336959 -0.62863457 -0.29492062
v -0.29598144 -0.61127400 -0.29908708
v -0.29862118 -0.60845065 -0.30291632
v -0.30253261 -0.61257863 -0.30380309
v -0.29803613 -0.61623204 -0.29923159
v -0.28946501 -0.61694193 -0.29395634
v -0.28802383 -0.61250919 -0.29661942
v -0.29214793 -0.61295283 -0.29678637
v -0.29344869 -0.61762023 -0.29546243
v -0.29744798 -0.62228262 -0.30086410
v -0.30307716 -0.61937898 -0.30606994
v -0.30732748 -0.61561716 -0.31143132
v -0.30558002 -0.60748160 -0.30907500
v -0.27953297 -0.61679375 -0.26866567
v -0.27702570 -0.61199838 -0.27297628
v -0.28013319 -0.61429656 -0.27886045
v -0.28399640 -0.61912560 -0.27528358
v -0.28382015 -0.61283171 -0.29465112
v -0.27624711 -0.60022628 -0.28842783
v -0.27763364 -0.59817529 -0.29447177
v -0.27995819 -0.60145265 -0.29547286
v -0.27879536 -0.60364348 -0.28883249
v -0.26692772 -0.61158133 -0.25780138
v -0.25937507 -0.60754251 -0.25503796
v -0.26175115 -0.60297155 -0.26226574
v -0.26750529 -0.60672522 -0.26396698
v -0.25626418 -0.59804165 -0.26289433
v -0.25179112 -0.60141051 -0.25511563
v -0.24077046 -0.58616513 -0.26054049
v -0.24955578 -0.58530438 -0.26886663
v -0.25223085 -0.59241831 -0.26545346
v -0.24561656 -0.59458566 -0.25693172
v -0.25462526 -0.58347088 -0.28181887
v -0.24792725 -0.57797480 -0.27351391
v -0.24637738 -0.57191396 -0.27904484
v -0.25383812 -0.58011317 -0.28690997
v -0.26978135 -0.59767276 -0.28689557
v -0.27332518 -0.59818923 -0.28767461
v -0.27176273 -0.60008943 -0.28318927
v -0.26913762 -0.59954202 -0.28281534
v -0.26825890 -0.60169619 -0.27824944
v -0.26916358 -0.60175502 -0.27883279
v -0.27007464 -0.60274583 -0.27749622
v -0.26837042 -0.60244042 -0.27640015
v -0.26866058 -0.60089791 -0.28022587
v -0.26769128 -0.60066020 -0.27905864
v -0.26756012 -0.59868509 -0.28111583
v -0.26815569 -0.59577060 -0.28441435
v -0.26797834 -0.58868259 -0.29725590
v -0.26966503 -0.59271383 -0.29908603
v -0.27002126 -0.59369707 -0.29606390
v -0.26859125 -0.58980167 -0.29341111
v -0.27202708 -0.60241151 -0.27953315
v -0.27427205 -0.60159242 -0.28302294
v -0.27663720 -0.60436440 -0.28258860
v -0.27390707 -0.60448527 -0.27810964
v -0.27561322 -0.60762602 -0.27579981
v -0.27179313 -0.60636330 -0.27168453
v -0.27099112 -0.60416126 -0.27509385
v -0.26645705 -0.60094535 -0.27684632
v -0.26798099 -0.60322940 -0.27341190
v -0.26505774 -0.60136092 -0.27336740
v -0.26326251 -0.59811616 -0.27490050
v -0.26576984 -0.59827125 -0.27863640
v -0.26579398 -0.59468555 -0.28164631
v -0.26228151 -0.59398580 -0.27772933
v -0.26148182 -0.58970535 -0.28200054
v -0.26588649 -0.59054345 -0.28591689
v -0.27839535 -0.60872364 -0.28151011
v -0.26765582 -0.60458517 -0.26921278
v -0.27248031 -0.60961521 -0.26768023
v -0.26359528 -0.60178244 -0.26860330
v -0.25998935 -0.59808999 -0.27006170
v -0.25603855 -0.58814651 -0.27700987
v -0.25766644 -0.59317178 -0.27274299
v -0.23696238 -0.57762206 -0.26569921
v -0.23358986 -0.57144755 -0.27281970
v -0.32133627 -0.66529322 -0.28499144
v -0.32168967 -0.66272318 -0.29368758
v -0.31451857 -0.66209477 -0.28145787
v -0.31534219 -0.66069102 -0.28558615
v -0.31775361 -0.66257703 -0.28588718
v -0.31583771 -0.66474915 -0.28075770
v -0.30322838 -0.66759181 -0.26475966
v -0.29957271 -0.66305745 -0.26116544
v -0.30312207 -0.66335022 -0.26851705
v -0.30617723 -0.66553235 -0.27050713
v -0.30091774 -0.65173852 -0.27410558
v -0.30606151 -0.65549177 -0.27865168
v -0.30513656 -0.65828741 -0.27596414
v -0.30084923 -0.65517378 -0.27019006
v -0.30513600 -0.65371346 -0.28252524
v -0.30102980 -0.64972615 -0.27907422
v -0.30145326 -0.64880252 -0.28419790
v -0.30489358 -0.65257359 -0.28652614
v -0.31692973 -0.66102970 -0.29278356
v -0.31485069 -0.65962923 -0.29117674
v -0.31205252 -0.65876865 -0.29650512
v -0.31424791 -0.66023701 -0.29927066
v -0.30203754 -0.65490836 -0.30282402
v -0.30227238 -0.65305209 -0.30575496
v -0.30514875 -0.65584004 -0.30664024
v -0.30379516 -0.65640271 -0.30298698
v -0.30148250 -0.65329087 -0.30090648
v -0.30100781 -0.65103495 -0.30247039
v -0.34599420 -0.71094120 -0.30448878
v -0.33828673 -0.71284997 -0.28807616
v -0.34213156 -0.68988442 -0.30640537
v -0.32748511 -0.71148384 -0.27181286
v -0.31456214 -0.70819789 -0.26143700
v -0.25591457 -0.62946296 -0.24083459
v -0.25756025 -0.61635190 -0.24746180
v -0.26654083 -0.62000215 -0.25145477
v -0.24540971 -0.62479258 -0.23868006
v -0.24785376 -0.61052084 -0.24653906
v -0.23070394 -0.59399635 -0.25244573
v -0.23869273 -0.60249001 -0.24767721
v -0.24221626 -0.64352965 -0.23193514
v -0.23240945 -0.64009583 -0.23063114
v -0.23401125 -0.61831421 -0.23858215
v -0.23191550 -0.66055298 -0.22837803
v -0.22455320 -0.66264832 -0.23033407
v -0.21922868 -0.63782436 -0.23220901
v -0.19846463 -0.60303426 -0.23964982
v -0.20103438 -0.61609691 -0.22775386
v -0.19591744 -0.60944998 -0.21985376
v -0.19218862 -0.59695232 -0.23353755
v -0.25309664 -0.64606422 -0.23556300
v -0.29485613 -0.68879300 -0.25174507
v -0.28483954 -0.68060923 -0.24518219
v -0.30140883 -0.68120885 -0.25778353
v -0.31670994 -0.74845445 -0.26466998
v -0.30558047 -0.73810899 -0.25274879
v -0.31036401 -0.72336376 -0.25695422
v -0.32407236 -0.72953641 -0.26889116
v -0.33328298 -0.76230049 -0.30256054
v -0.32694039 -0.75673699 -0.28143317
v -0.33574882 -0.73343140 -0.28479970
v -0.34368834 -0.73542249 -0.30535853
v -0.29621577 -0.75208962 -0.24915256
v -0.30418989 -0.76441330 -0.26024693
v -0.28722253 -0.77681381 -0.25363752
v -0.28469753 -0.76202452 -0.24433967
v -0.31058708 -0.77766275 -0.27594900
v -0.28929311 -0.79278219 -0.26936096
v -0.21962339 -0.67401159 -0.23022437
v -0.21307229 -0.65631413 -0.22685885
v -0.20630221 -0.64154422 -0.22358623
v -0.20861727 -0.62531650 -0.23324871
v -0.28812960 -0.80419785 -0.28789830
v -0.31321937 -0.78656155 -0.29616138
v -0.23496118 -0.77132541 -0.24150497
v -0.24125016 -0.75700384 -0.23355022
v -0.25700843 -0.76209092 -0.23706570
v -0.25127602 -0.78001440 -0.24479014
v -0.22649479 -0.78531277 -0.25106445
v -0.24472621 -0.79625702 -0.25651664
v -0.20149127 -0.72838795 -0.23467731
v -0.19119418 -0.73868632 -0.24338838
v -0.18566804 -0.71876037 -0.24229093
v -0.19549182 -0.70990676 -0.23617452
v -0.32068369 -0.67370760 -0.27421847
v -0.31357190 -0.67502391 -0.26805165
v -0.31355786 -0.66908288 -0.27293733
v -0.31821388 -0.66804695 -0.27835315
v -0.30567324 -0.69335938 -0.25851309
v -0.30976623 -0.68375027 -0.26393193
v -0.29738483 -0.71745872 -0.24881476
v -0.29425463 -0.72964466 -0.24572240
v -0.27926901 -0.75011504 -0.23938043
v -0.28773516 -0.74107778 -0.24263814
v -0.24506965 -0.74474233 -0.23148975
v -0.25481093 -0.74842584 -0.23342434
v -0.21563271 -0.69193459 -0.22892998
v -0.20492652 -0.70094121 -0.23076792
v -0.19824335 -0.68267411 -0.22771269
v -0.20626248 -0.67261225 -0.22441977
v -0.17927641 -0.70044893 -0.23663180
v -0.18835220 -0.69173741 -0.23347680
v -0.19313426 -0.64454907 -0.21393925
v -0.18431407 -0.65560043 -0.21762002
v -0.18022493 -0.64656079 -0.21008179
v -0.18697242 -0.63596743 -0.20818526
v -0.17078973 -0.65585017 -0.21216893
v -0.17517613 -0.66483909 -0.22174907
v -0.16629140 -0.67298341 -0.22505924
v -0.16121520 -0.66329020 -0.21448076
v -0.18370813 -0.57984519 -0.25422379
v -0.18738277 -0.58766234 -0.24503000
v -0.18100935 -0.58293563 -0.23840651
v -0.17577776 -0.57583368 -0.24847148
v -0.18508185 -0.62964207 -0.20204663
v -0.18008038 -0.64278221 -0.20126569
v -0.21121684 -0.71878493 -0.23095050
v -0.22110733 -0.71254265 -0.22924900
v -0.17067464 -0.65276611 -0.20156609
v -0.19131972 -0.66764909 -0.22378767
v -0.18195316 -0.67628396 -0.22850540
v -0.17075567 -0.70582151 -0.24434531
v -0.17525160 -0.72505063 -0.24865583
v -0.29557505 -0.63418484 -0.29398936
v -0.30152535 -0.64897561 -0.29427391
v -0.30115533 -0.64978850 -0.29863501
v -0.30265519 -0.65261233 -0.29856232
v -0.30366713 -0.65201044 -0.29495946
v -0.33309138 -0.66712976 -0.32035649
v -0.33481795 -0.67302746 -0.30732933
v -0.32758620 -0.66121483 -0.30528039
v -0.32183689 -0.65552104 -0.31674296
v -0.28887665 -0.63488740 -0.26103634
v -0.28368104 -0.62361574 -0.26401627
v -0.28902271 -0.62559438 -0.27228460
v -0.29348192 -0.63440037 -0.27200037
v -0.30780917 -0.66388822 -0.27393758
v -0.31010452 -0.66386569 -0.27591059
v -0.30923727 -0.66593570 -0.27349302
v -0.27389953 -0.61427933 -0.26249453
v -0.27549127 -0.62178314 -0.25683194
v -0.27542645 -0.67084402 -0.24061690
v -0.30602032 -0.67401642 -0.26314196
v -0.33649737 -0.76409256 -0.32399720
v -0.34760568 -0.73485100 -0.32486609
v -0.31415251 -0.79087991 -0.31949943
v -0.28710526 -0.81065631 -0.31170374
v -0.23860362 -0.80825430 -0.27219111
v -0.23121598 -0.81843007 -0.28913844
v -0.20865665 -0.80188441 -0.28433746
v -0.21777004 -0.79580885 -0.26628190
v -0.17920358 -0.74703336 -0.25255635
v -0.15727857 -0.67932612 -0.22984549
v -0.15107071 -0.66887355 -0.21980236
v -0.34737524 -0.70757484 -0.32351825
v -0.34195527 -0.68546379 -0.32271397
v -0.30079713 -0.70433748 -0.25303093
v -0.29054400 -0.65535694 -0.25164577
v -0.28870216 -0.64534348 -0.25378877
v -0.29648158 -0.64998239 -0.26173791
v -0.29711553 -0.65684462 -0.25988734
v -0.28001440 -0.65620393 -0.24514230
v -0.26691440 -0.65941709 -0.23933858
v -0.25282866 -0.66434157 -0.23308679
v -0.24076863 -0.66136724 -0.22887942
v -0.26855707 -0.78382683 -0.24946621
v -0.27081335 -0.76667273 -0.24150863
v -0.26338816 -0.81410837 -0.27845567
v -0.26731396 -0.80069315 -0.26107490
v -0.26836032 -0.75575256 -0.23761302
v -0.25945640 -0.82312787 -0.29945564
v -0.28217325 -0.60497677 -0.29670480
v -0.28421628 -0.60789430 -0.29901680
v -0.28094506 -0.60936487 -0.28948992
v -0.26522166 -0.58763140 -0.29049259
v -0.26019084 -0.58675534 -0.28751802
v -0.25890884 -0.58472669 -0.29149729
v -0.26428702 -0.58605081 -0.29468402
v -0.22143239 -0.57816947 -0.26934147
v -0.22520649 -0.58490151 -0.26068419
v -0.19315249 -0.58368760 -0.25900558
v -0.19567205 -0.59243888 -0.25011227
v -0.29245582 -0.61069405 -0.30232570
v -0.29105791 -0.61153728 -0.30113947
v -0.29092571 -0.61145967 -0.30327284
v -0.29254839 -0.61047828 -0.30386281
v -0.27011156 -0.60158587 -0.28050220
v -0.27782407 -0.59609634 -0.29893821
v -0.27399498 -0.59465170 -0.29778570
v -0.27326673 -0.59367669 -0.30059418
v -0.27661887 -0.59528637 -0.30202001
v -0.21966711 -0.60887164 -0.24353448
v -0.20724453 -0.60828710 -0.24378625
v -0.19275549 -0.62255132 -0.21090913
v -0.20007353 -0.63107407 -0.21725789
v -0.20001814 -0.65682667 -0.21916050
v -0.17318928 -0.68517643 -0.23136064
v -0.16459136 -0.69218874 -0.23761824
v -0.15649298 -0.69630259 -0.24723288
v -0.16138630 -0.71097660 -0.25425357
v -0.21357453 -0.59279042 -0.25680548
v -0.20395105 -0.59461099 -0.25446600
v -0.20093243 -0.58627355 -0.26364529
v -0.20969060 -0.58465528 -0.26683432
v -0.28989866 -0.60706365 -0.30699015
v -0.28793406 -0.60795498 -0.30549705
v -0.28648037 -0.60548568 -0.30669856
v -0.28967977 -0.60504973 -0.30821168
v -0.28886944 -0.61165571 -0.29963893
v -0.28592443 -0.60957432 -0.30059379
v -0.28711408 -0.61102390 -0.30164725
v -0.29076782 -0.61145931 -0.29959887
v -0.29328433 -0.61051273 -0.30096072
v -0.29531509 -0.60692918 -0.30618489
v -0.29904741 -0.60382259 -0.30737120
v -0.29537016 -0.60848129 -0.30316651
v -0.29055840 -0.60933679 -0.30543625
v -0.28859425 -0.60991263 -0.30454025
v -0.28867301 -0.61191428 -0.30258632
v -0.28927210 -0.61205339 -0.30110332
v -0.29403844 -0.60852611 -0.30565545
v -0.29366258 -0.60961807 -0.30379117
v -0.30748579 -0.62372577 -0.31307369
v -0.18971220 -0.57840759 -0.26679426
v -0.19740856 -0.58137244 -0.27118468
v -0.26858217 -0.60144699 -0.27907693
v -0.31952888 -0.65967518 -0.30230868
v -0.29675269 -0.64471567 -0.26737809
v -0.29634044 -0.63801980 -0.28713745
v -0.29908589 -0.64336151 -0.28773123
v -0.29818025 -0.64304292 -0.28162026
v -0.29537514 -0.63609099 -0.28041822
v -0.31404346 -0.65687144 -0.30936074
v -0.30808383 -0.65318918 -0.31170130
v -0.31216383 -0.64936078 -0.31710163
v -0.30345714 -0.64910805 -0.31011555
v -0.30037564 -0.64707422 -0.30515468
v -0.30224669 -0.64102054 -0.30694538
v -0.30773419 -0.64199126 -0.31403995
v -0.31280535 -0.66579562 -0.27680871
v -0.31239021 -0.66332877 -0.27841827
v -0.29892701 -0.64070904 -0.30029070
v -0.29921401 -0.64581287 -0.29958525
v -0.29900828 -0.64474946 -0.29404378
v -0.29716566 -0.63953996 -0.29370439
v -0.29747584 -0.64294457 -0.27471372
v -0.30786520 -0.66917062 -0.26885718
v -0.30081254 -0.65953398 -0.26855850
v -0.22645843 -0.69803381 -0.22978356
v -0.22996160 -0.71077263 -0.22872013
v -0.23378211 -0.67991114 -0.22908205
v -0.23174529 -0.68367559 -0.22970432
v -0.22802363 -0.67719609 -0.23222315
v -0.23212695 -0.67400336 -0.23061574
v -0.25880799 -0.73140514 -0.23235036
v -0.26142511 -0.72813553 -0.23367596
v -0.26610184 -0.73190451 -0.23571138
v -0.26079240 -0.73708898 -0.23417550
v -0.26756564 -0.72491634 -0.23520902
v -0.26528266 -0.72275424 -0.23460284
v -0.26716164 -0.71984923 -0.23456925
v -0.27063492 -0.72552288 -0.23673050
v -0.27303168 -0.71836483 -0.23804021
v -0.28368270 -0.72299683 -0.24122697
v -0.27864146 -0.73214805 -0.23883978
v -0.28405002 -0.69883084 -0.24593639
v -0.28410015 -0.71254718 -0.24403712
v -0.27221209 -0.71016616 -0.23942888
v -0.26908943 -0.70058930 -0.23884469
v -0.24541995 -0.67687351 -0.23161650
v -0.23832257 -0.67289507 -0.22870442
v -0.22586294 -0.68569553 -0.23177797
v -0.21177094 -0.77156532 -0.24813046
v -0.22159678 -0.75930369 -0.23874424
v -0.22875062 -0.74757242 -0.23193511
v -0.23524660 -0.73688257 -0.23089579
v -0.20161307 -0.78287649 -0.25886747
v -0.19320482 -0.78504926 -0.27835274
v -0.27376434 -0.68664074 -0.23909254
v -0.26209578 -0.69153726 -0.23626217
v -0.21057752 -0.74494076 -0.23673536
v -0.19969492 -0.75661021 -0.24560708
v -0.21910930 -0.73419416 -0.23106250
v -0.22741589 -0.72564602 -0.22934796
v -0.18918391 -0.76592171 -0.25668141
v -0.17657420 -0.76992381 -0.26829529
v -0.16897222 -0.74979973 -0.26386943
v -0.24095988 -0.68599188 -0.22669342
v -0.23802713 -0.68124366 -0.22437738
v -0.23751457 -0.67867702 -0.22620581
v -0.24190082 -0.68180507 -0.22877900
v -0.25406742 -0.68351710 -0.23395211
v -0.26316583 -0.67660999 -0.23572260
v -0.30802846 -0.63209414 -0.31367129
v -0.24442741 -0.56905723 -0.28537339
v -0.25336656 -0.57807195 -0.29134595
v -0.28228161 -0.60205698 -0.30145416
v -0.27998850 -0.59921348 -0.30034143
v -0.27890277 -0.59793884 -0.30322009
v -0.28105795 -0.60091794 -0.30444539
v -0.30939108 -0.65891159 -0.30464917
v -0.16545263 -0.72961038 -0.25964898
v -0.14871013 -0.68334424 -0.23891538
v -0.14156327 -0.67237943 -0.22881953
v -0.15889306 -0.65839630 -0.20338392
v -0.14663607 -0.66249353 -0.20922333
v -0.28365406 -0.60354805 -0.30568689
v -0.28460190 -0.60474086 -0.30276871
v -0.29292983 -0.60886955 -0.30572695
v -0.27411470 -0.59618229 -0.29327595
v -0.28744489 -0.60915530 -0.30387449
v -0.28600395 -0.60720855 -0.30388162
v -0.28624570 -0.60420370 -0.30848932
v -0.28307509 -0.60287380 -0.30721137
v -0.30142298 -0.64873409 -0.28944916
v -0.30399436 -0.65227342 -0.29088259
v -0.29297826 -0.60649562 -0.30722106
v -0.29370427 -0.60396755 -0.30850697
v -0.18676917 -0.59135085 -0.22572151
v -0.18968078 -0.60318458 -0.21309544
v -0.27254677 -0.59335554 -0.30269027
v -0.27588296 -0.59479922 -0.30394986
v -0.25960782 -0.70205742 -0.23593178
v -0.26388693 -0.70906222 -0.23615764
v -0.25789952 -0.70931590 -0.23279217
v -0.25401554 -0.70368028 -0.23314792
v -0.18016790 -0.57459998 -0.26194397
v -0.18795291 -0.61632270 -0.20545754
v -0.13445237 -0.66695428 -0.21702567
v -0.30527389 -0.66057396 -0.27394533
v -0.30601549 -0.66287965 -0.27331570
v -0.30762100 -0.65825605 -0.30082768
v -0.26831844 -0.59249675 -0.28925058
v -0.26988044 -0.59544981 -0.29196510
v -0.20655149 -0.58084369 -0.27443507
v -0.28968146 -0.60372007 -0.30957186
v -0.25771505 -0.72056019 -0.23347485
v -0.25562593 -0.71815467 -0.23298389
v -0.25744927 -0.71638256 -0.23045006
v -0.26012689 -0.71794617 -0.23111889
v -0.26652372 -0.71674228 -0.23133664
v -0.26815331 -0.72029686 -0.23119617
v -0.26500526 -0.71942484 -0.22886050
v -0.26294374 -0.71709025 -0.22943379
v -0.26728451 -0.71513712 -0.23468296
v -0.26318464 -0.71412873 -0.23273227
v -0.26887867 -0.72304428 -0.22934100
v -0.26600882 -0.72220814 -0.22859523
v -0.26417431 -0.72478920 -0.23418717
v -0.26753074 -0.72444791 -0.23238987
v -0.26612598 -0.72905171 -0.23127502
v -0.26771992 -0.72689295 -0.22709009
v -0.26263401 -0.73367977 -0.22827625
v -0.26428705 -0.73049724 -0.22375977
v -0.25630134 -0.73456681 -0.22541201
v -0.25846937 -0.73225915 -0.22086702
v -0.24741507 -0.68811643 -0.23154631
v -0.24373513 -0.69330728 -0.23132868
v -0.25039819 -0.73229384 -0.22309548
v -0.25269407 -0.73092771 -0.21821696
v -0.24432020 -0.72734904 -0.22112972
v -0.24687631 -0.72702116 -0.21640587
v -0.23877579 -0.72151899 -0.21949154
v -0.24132696 -0.72151792 -0.21560702
v -0.23441583 -0.71391428 -0.21826442
v -0.23795983 -0.71424818 -0.21485388
v -0.23038653 -0.70348287 -0.21829398
v -0.23566717 -0.70562601 -0.21550782
v -0.25658226 -0.73005140 -0.22360818
v -0.26097423 -0.72907603 -0.22614984
v -0.25457585 -0.72980499 -0.23176128
v -0.26436323 -0.72589588 -0.22814190
v -0.24669287 -0.71924210 -0.23085862
v -0.24582502 -0.71580696 -0.23051412
v -0.24948722 -0.71448731 -0.22867267
v -0.24884707 -0.71699309 -0.23128775
v -0.25056639 -0.70494354 -0.23208669
v -0.24711457 -0.70116836 -0.23068823
v -0.24892372 -0.69827139 -0.23228258
v -0.24369004 -0.69860530 -0.23063351
v -0.24554129 -0.70248884 -0.23227879
v -0.24348438 -0.70061052 -0.23105286
v -0.24748954 -0.70509446 -0.23437279
v -0.24195223 -0.70035124 -0.22989666
v -0.24195358 -0.69813609 -0.22872916
v -0.24171743 -0.70137310 -0.23083681
v -0.24259907 -0.70159757 -0.23160733
v -0.24273673 -0.70304102 -0.23289269
v -0.24314493 -0.70647454 -0.23339054
v -0.25385058 -0.69486463 -0.23339501
v -0.23223676 -0.70085895 -0.22797573
v -0.23623674 -0.71023583 -0.22665849
v -0.23525965 -0.69705915 -0.21753533
v -0.23027983 -0.69243181 -0.21901643
v -0.23566163 -0.68102252 -0.22263709
v -0.23269641 -0.68493450 -0.22009274
v -0.25014630 -0.72698879 -0.23031266
v -0.24485326 -0.72346067 -0.22800094
v -0.23278925 -0.69094819 -0.22964084
v -0.24013188 -0.71781969 -0.22708076
v -0.23839673 -0.70744848 -0.21852684
v -0.23779821 -0.70127511 -0.22075205
v -0.24032721 -0.71364248 -0.21757540
v -0.24193673 -0.69412482 -0.22711775
v -0.23969039 -0.69646895 -0.22321633
v -0.23776089 -0.69123423 -0.22043616
v -0.23996952 -0.68755448 -0.22335984
v -0.24010694 -0.70352483 -0.22406617
v -0.24110612 -0.70817852 -0.22140002
v -0.23973665 -0.70545453 -0.22739799
v -0.24133746 -0.70986640 -0.22514725
v -0.24075975 -0.70198768 -0.22869076
v -0.24066901 -0.69997859 -0.22648157
v -0.23958185 -0.70649004 -0.23091778
v -0.24124643 -0.71205842 -0.22933199
v -0.24060993 -0.70283759 -0.23093510
v -0.24360073 -0.71295154 -0.22307868
v -0.24419591 -0.71507239 -0.22682774
v -0.24897784 -0.71614742 -0.22501713
v -0.24741708 -0.71529692 -0.22192204
v -0.24286146 -0.71257484 -0.21939698
v -0.24560751 -0.71691024 -0.21898115
v -0.24311286 -0.71961844 -0.21808389
v -0.24888131 -0.72145009 -0.21989772
v -0.24719170 -0.72494531 -0.21963400
v -0.25012136 -0.71887803 -0.22181588
v -0.25178677 -0.71779907 -0.22387248
v -0.25221995 -0.72872424 -0.22130102
v -0.25259891 -0.72494578 -0.22183798
v -0.25633532 -0.72655463 -0.22376758
v -0.25302023 -0.72158265 -0.22275971
v -0.25592294 -0.72284418 -0.22465105
v -0.25330690 -0.71960986 -0.22384456
v -0.25510770 -0.71990097 -0.22527768
v -0.26302293 -0.72222996 -0.23074675
v -0.26227263 -0.71973157 -0.23130596
v -0.26160288 -0.72457165 -0.22904000
v -0.25949314 -0.72242928 -0.22936565
v -0.26070815 -0.72166550 -0.23083380
v -0.25972015 -0.72045028 -0.23166871
v -0.25809947 -0.72002268 -0.22941014
v -0.25512373 -0.71976304 -0.23051140
v -0.16313614 -0.56656396 -0.23315774
v -0.15571797 -0.56323296 -0.24155894
v -0.16291222 -0.56701100 -0.24966046
v -0.16885249 -0.57161629 -0.24122751
v -0.25781623 -0.72275603 -0.22710520
v -0.25677159 -0.71963388 -0.22716367
v -0.25920358 -0.72616255 -0.22664614
v -0.25154719 -0.71883452 -0.22764492
v -0.25419110 -0.71865296 -0.22760296
v -0.25315467 -0.71802747 -0.22570522
v -0.25138786 -0.71759719 -0.22604464
v -0.25232947 -0.70868993 -0.23257345
v -0.24855840 -0.70996749 -0.23357502
v -0.24454382 -0.71057308 -0.23169339
v -0.17980665 -0.56656516 -0.19715238
v -0.17741601 -0.57472980 -0.20242189
v -0.18608990 -0.58521318 -0.19092263
v -0.19119833 -0.57728809 -0.18522264
v -0.18443233 -0.53784192 -0.19081175
v -0.20198174 -0.54674047 -0.17652953
v -0.19238397 -0.52114028 -0.17689426
v -0.17807503 -0.51813936 -0.18376686
v -0.18598376 -0.50001562 -0.17418872
v -0.17310905 -0.49858326 -0.17856812
v -0.17182297 -0.44723225 -0.16262686
v -0.16019775 -0.44579554 -0.17054908
v -0.16402496 -0.46212304 -0.17270511
v -0.17602296 -0.46341306 -0.16610512
v -0.17023271 -0.39202246 -0.12255283
v -0.15897155 -0.38409609 -0.11445510
v -0.15202028 -0.38197508 -0.12656677
v -0.16306135 -0.39044160 -0.13261071
v -0.20998429 -0.46857631 -0.13400510
v -0.21502143 -0.47790381 -0.14370924
v -0.21636662 -0.47065187 -0.13431944
v -0.21062762 -0.46400544 -0.12329237
v -0.22444586 -0.58781224 -0.15593767
v -0.21629074 -0.56934047 -0.16653726
v -0.20794821 -0.58123225 -0.17104486
v -0.21677078 -0.59717602 -0.16300970
v -0.19066966 -0.42647475 -0.08000752
v -0.18576720 -0.41645828 -0.07989100
v -0.18807995 -0.41482019 -0.09092367
v -0.19276467 -0.42396218 -0.09248923
v -0.14197002 -0.37380728 -0.04799985
v -0.13826796 -0.36024299 -0.03557108
v -0.13227642 -0.34867471 -0.05201586
v -0.13641818 -0.36301395 -0.06320362
v -0.15411642 -0.42967707 -0.00318395
v -0.14888896 -0.44570661 0.01516239
v -0.14229408 -0.43566141 0.02371968
v -0.14945626 -0.41895640 0.00658642
v -0.19032691 -0.44927451 -0.14480618
v -0.18202928 -0.44846198 -0.15360099
v -0.18607177 -0.46384996 -0.15830377
v -0.19417030 -0.46397841 -0.15024482
v -0.21960226 -0.33062735 -0.11286557
v -0.20361704 -0.33107555 -0.10795770
v -0.20646484 -0.35585609 -0.11088943
v -0.22246307 -0.35599208 -0.11482383
v -0.12802690 -0.35561508 0.05266384
v -0.11783439 -0.37174466 0.06578821
v -0.11812094 -0.35942084 0.07489216
v -0.12742133 -0.34329104 0.06000402
v -0.26010519 -0.47141331 -0.13470101
v -0.26027554 -0.48462313 -0.13887085
v -0.27602068 -0.49675792 -0.12710525
v -0.27747983 -0.48161656 -0.12371160
v -0.20399353 -0.44990170 -0.10668533
v -0.20292087 -0.45008588 -0.11773641
v -0.20670325 -0.45939350 -0.12547132
v -0.20747024 -0.45720232 -0.11360302
v -0.16570050 -0.46402991 0.00258972
v -0.16977869 -0.45150557 -0.01246143
v -0.17637312 -0.46172324 -0.01915869
v -0.17304392 -0.47315702 -0.00621548
v -0.16223875 -0.44069663 -0.00707797
v -0.15713049 -0.45462945 0.00999656
v -0.20085555 -0.45037305 -0.12685519
v -0.19636334 -0.44993767 -0.13567235
v -0.20058346 -0.46315324 -0.14251590
v -0.20466016 -0.46206957 -0.13469712
v -0.14777331 -0.37929532 -0.10548894
v -0.13944450 -0.37651548 -0.12039226
v -0.13101926 -0.32639325 0.04267735
v -0.13030627 -0.30982739 0.02510778
v -0.13189074 -0.32246998 0.01885659
v -0.13234645 -0.33886716 0.03650966
v -0.13248987 -0.36913252 -0.08807076
v -0.13838109 -0.37609103 -0.09735218
v -0.14587519 -0.38180289 -0.08381655
v -0.13959765 -0.37584028 -0.07345612
v -0.12652874 -0.29448411 0.00674077
v -0.12034323 -0.27990937 -0.01287930
v -0.12039377 -0.29363203 -0.01882410
v -0.12736410 -0.30746025 0.00028200
v -0.18038405 -0.48086515 -0.16973814
v -0.16805571 -0.47984701 -0.17522642
v -0.18044840 -0.40013653 -0.10406906
v -0.17141750 -0.39388803 -0.09479236
v -0.16591272 -0.38812345 -0.10400236
v -0.17646483 -0.39560789 -0.11323790
v -0.20461887 -0.46397176 -0.08818264
v -0.20918325 -0.46138006 -0.10764551
v -0.21464543 -0.46430773 -0.11999800
v -0.20563349 -0.46584886 -0.09460900
v -0.11718266 -0.34709796 0.08367953
v -0.12696625 -0.33235314 0.06755267
v -0.12627423 -0.28386521 0.01353227
v -0.12076968 -0.26913357 -0.00646171
v -0.19812286 -0.47653267 -0.04988047
v -0.19655658 -0.48349911 -0.04546917
v -0.19661869 -0.47972882 -0.05577061
v -0.19772945 -0.47476459 -0.06108959
v -0.13320163 -0.38830844 -0.15464719
v -0.14803135 -0.39316380 -0.15155897
v -0.14762309 -0.38436767 -0.13941687
v -0.13345851 -0.37873539 -0.13743843
v -0.16160415 -0.39016116 -0.08381993
v -0.15294391 -0.38853639 -0.07220368
v -0.15548104 -0.38380691 -0.09347167
v -0.11730330 -0.38468975 -0.15600954
v -0.11629515 -0.37242094 -0.13335742
v -0.15527645 -0.47764158 -0.18285914
v -0.15134406 -0.46061414 -0.17953050
v -0.15977141 -0.49511981 -0.18797654
v -0.14713733 -0.49125955 -0.19710387
v -0.15071401 -0.50882673 -0.20352724
v -0.16369930 -0.51331204 -0.19362101
v -0.15462679 -0.52540320 -0.21085411
v -0.16813049 -0.53047395 -0.20125967
v -0.16824892 -0.55814070 -0.20979387
v -0.16783699 -0.56717128 -0.21507800
v -0.20559093 -0.45676047 -0.09900436
v -0.20271416 -0.45077813 -0.09244251
v -0.12998371 -0.29959348 0.03188470
v -0.19066662 -0.60253370 -0.05790578
v -0.17706062 -0.59976405 -0.04748508
v -0.19404745 -0.58562845 -0.04607088
v -0.20678209 -0.58835459 -0.05570167
v -0.23311545 -0.57975745 -0.14992458
v -0.22502084 -0.56009138 -0.16113567
v -0.19833088 -0.51272964 -0.02461058
v -0.19139500 -0.52476311 -0.02141731
v -0.19003932 -0.52071196 -0.01922038
v -0.19519340 -0.50989044 -0.02361136
v -0.19962482 -0.48054779 -0.03820615
v -0.19927044 -0.46437591 -0.03862014
v -0.20285925 -0.46420082 -0.03580553
v -0.20148140 -0.48138773 -0.03636117
v -0.10456917 -0.37358326 0.08643213
v -0.10329779 -0.38616365 0.07630516
v -0.11560164 -0.49933565 0.03580004
v -0.12865046 -0.47956952 0.03365683
v -0.14159927 -0.48871076 0.02632740
v -0.13204361 -0.50727838 0.02705380
v -0.07773142 -0.62217158 -0.10519966
v -0.06886585 -0.61464357 -0.09470577
v -0.09076919 -0.61869466 -0.08265302
v -0.10080681 -0.62533081 -0.09287748
v -0.15882917 -0.62821406 -0.08077173
v -0.16882688 -0.63193130 -0.09143896
v -0.14231561 -0.63642496 -0.10107179
v -0.13383155 -0.63228208 -0.09051221
v -0.17000292 -0.61508715 -0.06295217
v -0.15775658 -0.61083525 -0.05217281
v -0.16848291 -0.48650455 0.00179258
v -0.15963849 -0.47927308 0.01187200
v -0.18382727 -0.49239805 -0.01005109
v -0.18538351 -0.48214465 -0.01904244
v -0.19014952 -0.48415843 -0.02416682
v -0.19019373 -0.49198988 -0.01554731
v -0.21017639 -0.60597700 -0.17019120
v -0.20574059 -0.62173671 -0.16112639
v -0.21580271 -0.61216843 -0.15214142
v -0.15451030 -0.64925855 -0.14958316
v -0.15276349 -0.64797556 -0.14273866
v -0.17037597 -0.64311785 -0.13879019
v -0.16761434 -0.64555991 -0.14827661
v -0.05031022 -0.57796192 -0.02924257
v -0.03048851 -0.57676971 -0.04310362
v -0.01979153 -0.55812407 -0.02934621
v -0.04066889 -0.55794168 -0.01387584
v -0.19138300 -0.50096995 -0.01784693
v -0.19315952 -0.49688119 -0.02596682
v -0.19307634 -0.50256634 -0.02390848
v -0.19017725 -0.50879127 -0.01685596
v -0.18614586 -0.51224804 -0.00994921
v -0.18008772 -0.51379454 -0.00337827
v -0.18208763 -0.50297779 -0.00543473
v -0.18779570 -0.50304306 -0.01133703
v -0.14714065 -0.51174128 0.01643873
v -0.15358509 -0.49557161 0.01570544
v -0.16391213 -0.50000238 0.00607240
v -0.16039698 -0.51463264 0.00841212
v 0.00513098 -0.48936495 0.00981941
v -0.01165725 -0.49060702 0.02376522
v -0.01959986 -0.51332843 0.01157422
v -0.00152818 -0.51268893 -0.00199191
v -0.20189527 -0.45782769 -0.08544138
v -0.20320904 -0.45291442 -0.09890006
v -0.20047182 -0.44079125 -0.09817690
v -0.19793616 -0.44324297 -0.08276978
v -0.22000372 -0.45487112 -0.03205871
v -0.22391610 -0.44246602 -0.03157530
v -0.22948572 -0.44308302 -0.03298931
v -0.22567411 -0.45618111 -0.03342213
v -0.19087383 -0.42314467 -0.06674178
v -0.19339766 -0.42493123 -0.08022154
v -0.18962751 -0.40330413 -0.07756805
v -0.18782863 -0.40145105 -0.06273089
v -0.24290839 -0.58923060 -0.12746119
v -0.24140410 -0.57190984 -0.14419639
v -0.23471244 -0.59665024 -0.13564748
v -0.19305255 -0.44403601 -0.04827894
v -0.19158436 -0.42379805 -0.04507653
v -0.19499280 -0.42457938 -0.03807468
v -0.19547285 -0.44503552 -0.04113252
v -0.23730463 -0.33061340 -0.10969030
v -0.23979190 -0.35619771 -0.11192255
v -0.18864839 -0.37646905 -0.04771193
v -0.19357443 -0.37526792 -0.03787035
v -0.19096386 -0.39878720 -0.04217340
v -0.18815665 -0.39935037 -0.05114236
v -0.10192406 -0.48711517 0.04333293
v -0.11747754 -0.46929488 0.04128061
v -0.06700981 -0.39435124 0.09798798
v -0.08696286 -0.38544208 0.09350742
v -0.08590972 -0.39885259 0.08141279
v -0.06728688 -0.40914518 0.08485291
v -0.10277365 -0.36072940 0.09653048
v -0.06642675 -0.37798452 0.11019160
v -0.08677748 -0.37048787 0.10576169
v -0.19048382 -0.63579458 -0.18174699
v -0.17701638 -0.64735365 -0.17998731
v -0.18194480 -0.64287245 -0.16925788
v -0.19726948 -0.62939012 -0.17157203
v -0.11436998 -0.26956490 0.15166356
v -0.11244655 -0.24460723 0.16051145
v -0.13267408 -0.24312833 0.13759415
v -0.13188154 -0.26683325 0.12886854
v -0.14253496 -0.65756559 -0.17460710
v -0.16231124 -0.65140986 -0.17058343
v -0.15979236 -0.65391368 -0.18200573
v -0.14218198 -0.65887898 -0.18705411
v -0.13074982 -0.28696090 0.12046486
v -0.11522801 -0.29466617 0.14169793
v -0.19413309 -0.62002051 -0.18563551
v -0.20284741 -0.61346018 -0.17779821
v -0.19580761 -0.59908855 -0.18359873
v -0.18845232 -0.60514247 -0.19055389
v -0.18331069 -0.59192860 -0.19852173
v -0.14570263 -0.24062222 0.11379460
v -0.14223370 -0.25673038 0.10654664
v -0.17298223 -0.65069282 -0.19136260
v -0.15792099 -0.65636301 -0.19275972
v -0.14338101 -0.66037613 -0.19785514
v -0.12939569 -0.66369545 -0.20654437
v -0.10353570 -0.34768414 0.10564977
v -0.11706156 -0.33552760 0.09093361
v -0.06140715 -0.13302717 0.20547807
v -0.03457691 -0.12052718 0.19958813
v -0.05053249 -0.10353255 0.18927661
v -0.07972904 -0.12003939 0.19907419
v 0.02411737 -0.10493216 0.15904620
v 0.01203763 -0.08981329 0.14437126
v -0.01863812 -0.09409419 0.17075753
v -0.00749290 -0.10968375 0.18359271
v 0.05044957 -0.24302021 0.16525814
v 0.02454989 -0.25102341 0.18046905
v 0.02155536 -0.27529377 0.16762628
v 0.04757266 -0.26788825 0.15450838
v -0.06612340 -0.36253458 0.12192376
v -0.08691396 -0.35652089 0.11612865
v -0.12499563 -0.32224441 0.07294445
v -0.20157111 -0.16554968 0.13238524
v -0.18004976 -0.16112842 0.16429411
v -0.19459076 -0.14052291 0.17215659
v -0.21766119 -0.14385651 0.14267755
v -0.13925248 -0.11056133 0.20162703
v -0.12416163 -0.12839705 0.20028047
v -0.09455237 -0.10536626 0.19669130
v -0.11067924 -0.09041446 0.19602840
v -0.11253996 -0.25567937 -0.02540644
v -0.11975358 -0.26072690 -0.00046008
v -0.11126364 -0.24690214 -0.01856136
v -0.07171153 -0.22898982 -0.06781962
v -0.08839624 -0.23595822 -0.05555100
v -0.08601362 -0.22688159 -0.04962923
v -0.07073789 -0.22101784 -0.06156869
v -0.08180083 -0.16436231 -0.03731442
v -0.07040600 -0.16211900 -0.04551785
v -0.06883755 -0.17744613 -0.04789723
v -0.08038237 -0.17952514 -0.03764075
v -0.14654796 -0.24631655 0.08118767
v -0.14376178 -0.23452280 0.05375166
v -0.14002700 -0.24796166 0.05377141
v -0.14387542 -0.26070872 0.07839538
v -0.00255235 -0.07961038 0.12751536
v -0.03115761 -0.07934818 0.15522555
v -0.23212628 -0.14116222 0.10879262
v -0.21314403 -0.16246916 0.09856281
v -0.23212662 -0.13190866 0.07387302
v -0.21566378 -0.11487709 0.04780616
v -0.19626650 -0.13676056 0.04007397
v -0.21221715 -0.15292329 0.06618291
v -0.08135539 -0.08800918 -0.00273981
v -0.09500603 -0.10985303 -0.01665270
v -0.10380288 -0.10576418 -0.00122931
v -0.08580598 -0.08822140 0.01081817
v 0.04238331 -0.14696798 0.17425904
v 0.03517128 -0.12651071 0.16945702
v 0.00760453 -0.12748194 0.19101031
v 0.01625044 -0.15063861 0.19496323
v -0.04527099 -0.38146454 0.11064535
v -0.04423209 -0.36398992 0.12324802
v -0.02514816 -0.38243330 0.10753022
v -0.04688641 -0.40069357 0.09818193
v -0.02766825 -0.40388995 0.09418984
v -0.06867301 -0.51885533 0.02836232
v -0.08526286 -0.50408483 0.03872693
v -0.10008539 -0.51805609 0.03218936
v -0.08422302 -0.53588003 0.02114942
v -0.11350556 -0.62188995 -0.07005832
v -0.12431591 -0.62737018 -0.08045995
v -0.07655619 -0.07061914 0.17606717
v -0.04704353 -0.06120151 0.13888043
v -0.08382249 -0.04136136 0.15807559
v -0.10408936 -0.05564409 0.18499923
v -0.15584524 -0.08955781 0.20430778
v -0.18283999 -0.10562947 0.19737411
v -0.16602333 -0.12854378 0.19352685
v -0.21142860 -0.11739475 0.17744826
v -0.23662214 -0.12201357 0.14907198
v -0.25156742 -0.10854399 0.07902855
v -0.23432826 -0.09141621 0.05373341
v -0.13548723 -0.05982649 0.03820287
v -0.16225132 -0.07472128 0.03349905
v -0.17760308 -0.05486548 0.04233545
v -0.14922445 -0.04106793 0.04933305
v -0.11600117 -0.16905476 -0.01282296
v -0.12999317 -0.19635493 0.01046986
v -0.13785917 -0.18377770 0.01526569
v -0.12639716 -0.15801644 0.00151464
v -0.07704563 -0.24204433 -0.07363067
v -0.09068651 -0.24816626 -0.06328603
v -0.10147080 -0.24437086 -0.04277146
v -0.10260794 -0.25595489 -0.04999915
v -0.11270976 -0.26685998 -0.03232381
v -0.10017443 -0.30529651 -0.09599036
v -0.11334544 -0.31252733 -0.07884710
v -0.10956261 -0.29741171 -0.07147027
v -0.09608513 -0.29004478 -0.08856438
v -0.10448339 -0.32194647 -0.10384935
v -0.11725808 -0.32915437 -0.08715859
v -0.10815210 -0.36105567 -0.11972228
v -0.12840432 -0.37198925 -0.11303456
v -0.12216945 -0.36449230 -0.10360593
v -0.14226741 -0.47463334 -0.19144249
v -0.13761522 -0.45834643 -0.18703710
v -0.15352696 -0.23199689 0.08565683
v -0.05210528 -0.05116090 0.10556859
v -0.06779270 -0.04437387 0.08360628
v -0.08681627 -0.02624863 0.10024443
v -0.07807970 -0.03100941 0.12695649
v -0.14054093 -0.27366984 0.10087807
v -0.13046698 -0.31612474 0.04935357
v -0.12857884 -0.30732229 0.05534811
v -0.15753105 -0.41369903 -0.02814260
v -0.15026969 -0.40316764 -0.01388335
v -0.16011122 -0.39777023 -0.14652316
v -0.15766919 -0.39055809 -0.13979203
v -0.15128130 -0.14807595 0.18959545
v -0.26953661 -0.08364430 0.08572115
v -0.28612342 -0.05740085 0.09168972
v -0.26908621 -0.03977874 0.06868616
v -0.25206268 -0.06552988 0.06075392
v -0.14505993 -0.01126930 0.07620639
v -0.16648184 -0.02052623 0.06213490
v -0.18626665 0.00074703 0.07552660
v -0.16630830 0.00889769 0.09090818
v -0.18857144 0.02958706 0.10247687
v -0.20797722 0.02280870 0.08610801
v -0.22568466 0.04767543 0.09660222
v -0.20808263 0.05114841 0.11324719
v -0.25152114 -0.11959870 0.11527536
v -0.27451193 -0.07436711 0.15577830
v -0.28856879 -0.06976661 0.12396855
v -0.26989430 -0.09484088 0.12058906
v -0.25598347 -0.09903829 0.15318280
v -0.13073376 -0.07271545 0.20003733
v -0.12605774 -0.03050461 0.06140011
v -0.11220479 -0.04828167 0.04824376
v -0.14230883 0.01315889 0.13070516
v -0.13827756 0.00734159 0.15531413
v -0.10909604 -0.01143962 0.14337997
v -0.11422594 -0.00571227 0.11628170
v -0.20036283 -0.05097479 0.20680375
v -0.22531310 -0.06419668 0.19780362
v -0.20365059 -0.08527248 0.19744086
v -0.17801245 -0.07069263 0.20549482
v -0.23185313 -0.09574550 0.17893676
v -0.25137571 -0.07212785 0.18045779
v -0.30922997 -0.02529871 0.15904751
v -0.31930310 -0.01798382 0.12947011
v -0.30480760 -0.04399666 0.12683222
v -0.29234266 -0.04971927 0.15757942
v -0.28835678 -0.02540249 0.18237206
v -0.27016515 -0.04850751 0.18117370
v -0.24568306 -0.04239595 0.19896260
v -0.26499906 -0.02093041 0.19965221
v -0.24190408 -0.01099426 0.20768191
v -0.22157928 -0.03112099 0.20776112
v -0.19977057 -0.01630136 0.20894298
v -0.22111759 0.00213313 0.20970695
v -0.18085453 -0.00052595 0.20166591
v -0.16885568 0.01292422 0.18574004
v -0.19307397 0.02875236 0.19029480
v -0.20435771 0.01622891 0.20350011
v -0.18871501 0.04755658 0.15240106
v -0.18747357 0.03994051 0.17286809
v -0.16425599 0.02381691 0.16518764
v -0.16751377 0.03026235 0.14217936
v -0.26577932 0.11818269 0.20073855
v -0.27037203 0.10465625 0.21113630
v -0.24819677 0.08917540 0.19965148
v -0.24355657 0.10198823 0.18694380
v -0.27383253 0.09164527 0.22189468
v -0.28240347 0.07726949 0.22870706
v -0.26336849 0.06358144 0.21781354
v -0.25504187 0.07539886 0.20942535
v -0.29502010 0.04194891 0.21659976
v -0.27714956 0.05179679 0.22047344
v -0.29580703 0.06482303 0.22976890
v -0.31350917 0.05528927 0.22481138
v -0.33383897 0.04719606 0.21648699
v -0.31678236 0.03218353 0.20977348
v -0.35174477 0.04999450 0.19890060
v -0.33740300 0.03225267 0.19235107
v -0.35393918 0.04167014 0.16712432
v -0.36735114 0.06000277 0.17513306
v -0.26915205 0.11490399 0.14075407
v -0.28654665 0.13358489 0.15845729
v -0.27166259 0.13198447 0.17181645
v -0.25349998 0.11506161 0.15454453
v -0.31302258 0.10000074 0.11941355
v -0.33946019 0.08642858 0.10867923
v -0.34856373 0.10679394 0.12737858
v -0.32631898 0.11644223 0.13897848
v -0.30484861 -0.00382072 0.18395934
v -0.32494807 -0.00171122 0.16000032
v -0.26063877 0.00711384 0.20740016
v -0.28277248 -0.00094381 0.20083097
v -0.20790598 0.06508392 0.16230072
v -0.20898698 0.05569804 0.18001829
v -0.24194728 0.07156327 0.10893044
v -0.22483864 0.07355049 0.12461592
v -0.34847879 0.04639709 0.10923558
v -0.33177650 0.02172711 0.10550493
v -0.33581465 0.00694081 0.13101573
v -0.35168394 0.03070790 0.13362792
v -0.32209933 0.01429451 0.18732256
v -0.29979807 0.01578519 0.20422192
v -0.27786672 0.02580735 0.21081328
v -0.25953156 0.03594780 0.21388066
v -0.24558830 0.04790041 0.21042211
v -0.23604445 0.05991572 0.20111302
v -0.22827850 0.07219863 0.18912530
v -0.22540106 0.08344594 0.17425328
v -0.23883715 0.09462106 0.13842720
v -0.25569385 0.09370440 0.12429890
v -0.36952922 0.08893266 0.13137043
v -0.36215806 0.06943506 0.11654210
v -0.36634624 0.05181256 0.13996688
v -0.37709290 0.07159224 0.15048335
v -0.37439534 0.10731602 0.15054016
v -0.35780156 0.12293950 0.14884278
v -0.29116052 0.10108554 0.23347430
v -0.30074829 0.08484593 0.23884690
v -0.31292698 0.07300481 0.24038516
v -0.35050440 0.05868852 0.22612001
v -0.36832711 0.06657723 0.20728327
v -0.38159060 0.07948074 0.18465184
v -0.38378644 0.09052783 0.16336767
v -0.31105635 0.15519145 0.20443517
v -0.29241133 0.14324239 0.18658751
v -0.30612218 0.14537627 0.17512983
v -0.32416159 0.15845075 0.19324438
v -0.29964274 0.13858852 0.23024499
v -0.29817936 0.12486142 0.24299861
v -0.28826436 0.11513042 0.22307190
v -0.28693032 0.12775588 0.21161222
v -0.30476776 0.11031508 0.25311062
v -0.31586236 0.09526733 0.25794274
v -0.32928026 0.08183676 0.25848484
v -0.36895102 0.07259205 0.24069887
v -0.33185780 0.06294265 0.23613451
v -0.34816837 0.07241562 0.25368893
v -0.38779920 0.08254567 0.21897738
v -0.41105503 0.12015119 0.21545300
v -0.39561677 0.10287145 0.19500640
v -0.40712744 0.09799469 0.23642808
v -0.44389036 0.19931200 0.27286699
v -0.45576203 0.17749915 0.28286240
v -0.46782193 0.20097613 0.30652761
v -0.45765907 0.21951878 0.29853565
v -0.33864656 0.17400014 0.21298321
v -0.32380509 0.17357203 0.22566205
v -0.30951983 0.15407968 0.25375348
v -0.30951530 0.13779247 0.26682597
v -0.40268603 0.10163000 0.28110671
v -0.38771904 0.08613381 0.25852108
v -0.36567897 0.08480409 0.27343610
v -0.38094848 0.10035241 0.29563436
v -0.38131773 0.23395306 0.27924925
v -0.36706841 0.23268610 0.29271561
v -0.34922063 0.21391124 0.26930082
v -0.36512586 0.21553060 0.25552237
v -0.32085508 0.15735915 0.28931603
v -0.32111809 0.17408398 0.27600512
v -0.33519679 0.19366580 0.29848444
v -0.33615097 0.17700005 0.31174502
v -0.43352586 0.14654660 0.32335776
v -0.41806132 0.12194636 0.30283555
v -0.39696944 0.11991802 0.31766462
v -0.41441795 0.14453518 0.33826995
v -0.42713556 0.13665327 0.23684856
v -0.42246309 0.11408716 0.25846082
v -0.43648717 0.13360548 0.28057122
v -0.44239494 0.15546009 0.25992915
v -0.41339701 0.15986732 0.22616866
v -0.42870826 0.17820036 0.24905890
v -0.41269010 0.26546595 0.34070712
v -0.38872761 0.24837923 0.31647313
v -0.40097073 0.25073296 0.30562305
v -0.42494786 0.26755881 0.33239812
v -0.35658222 0.19684827 0.33312899
v -0.35525066 0.21288046 0.32029870
v -0.37851819 0.23124406 0.34141901
v -0.38016599 0.21775815 0.35264349
v -0.46665347 0.20302057 0.36528033
v -0.44951996 0.17389056 0.34422290
v -0.43159634 0.17302349 0.35829657
v -0.44932902 0.20238593 0.37786502
v -0.48205400 0.22555712 0.33213770
v -0.46530056 0.18269649 0.32425678
v -0.48041409 0.20963311 0.34844956
v -0.49757686 0.25146139 0.35557395
v -0.49133560 0.26419866 0.34936237
v -0.47307462 0.24158522 0.32478347
v -0.44695702 0.28327426 0.35679290
v -0.43539271 0.28267759 0.36423531
v -0.42476168 0.27276972 0.38163131
v -0.42467079 0.26185042 0.39047146
v -0.40345699 0.23953420 0.37154275
v -0.40271705 0.25132322 0.36187509
v -0.42145497 0.21543258 0.38599008
v -0.41006872 0.22669739 0.38034189
v -0.43086189 0.25020468 0.39837563
v -0.44152337 0.24073383 0.40276220
v -0.46554270 0.23061013 0.39463094
v -0.43416885 0.20692551 0.38479778
v -0.45289764 0.23359752 0.40110016
v -0.48160857 0.22958851 0.38367137
v -0.49599659 0.23687428 0.36896729
v -0.03748448 -0.06797075 0.07222721
v -0.05926940 -0.06541759 0.05723343
v -0.06028643 -0.05853185 0.06889427
v -0.03895232 -0.06608734 0.08718656
v -0.21444272 -0.00919336 0.06393014
v -0.19503212 -0.03363582 0.05244840
v -0.24980180 0.03991675 0.08421264
v -0.23426156 0.01500034 0.07416525
v -0.26485157 0.06420124 0.09681755
v -0.27785483 0.08668616 0.11230611
v -0.29061207 0.10932636 0.12998225
v -0.30733097 0.12832338 0.14844052
v -0.32377601 0.14224991 0.16595766
v -0.34189564 0.15557995 0.18418153
v -0.37124580 0.18736374 0.22391766
v -0.35100204 0.19410899 0.23403507
v -0.35751751 0.16933656 0.20399302
v -0.40317523 0.22819933 0.26934901
v -0.38657278 0.20816579 0.24506508
v -0.42174983 0.24672720 0.29736793
v -0.44201943 0.26436576 0.32561553
v -0.46251285 0.28089494 0.35061234
v -0.15829535 -0.13108131 0.02304145
v -0.13701949 -0.10816148 0.01995970
v -0.12894614 -0.11881898 0.01401029
v -0.14587212 -0.14301673 0.01713154
v -0.06188548 -0.07598555 0.01707429
v -0.07076153 -0.07936183 0.00841029
v -0.07458138 -0.08094850 0.02034177
v -0.06435551 -0.07722431 0.02789512
v -0.34049246 0.01935485 0.16173449
v -0.24132963 0.01944911 0.21012144
v -0.22641982 0.03206322 0.20522524
v -0.21587244 0.04421020 0.19419611
v -0.30258954 0.07997450 0.10144512
v -0.29002786 0.05452007 0.08927539
v -0.31401226 0.03944215 0.08956684
v -0.32839003 0.06402239 0.09680535
v -0.39997524 0.14465451 0.20618713
v -0.39286011 0.17522734 0.22331375
v -0.37941265 0.15939176 0.20211217
v -0.38941270 0.13049755 0.18675843
v -0.32855290 0.10541853 0.28094894
v -0.34459707 0.09188730 0.28073791
v -0.32837090 0.13831997 0.29927105
v -0.34044266 0.12062156 0.30504298
v -0.31763762 0.12164047 0.27544174
v -0.26197469 0.00312489 0.06973649
v -0.28500426 -0.01363221 0.07653132
v -0.29884169 0.01315394 0.08373958
v -0.27623996 0.02808273 0.07864164
v -0.08643029 -0.41248301 0.07152843
v -0.06978093 -0.42422175 0.07174869
v -0.17437358 -0.40780967 -0.06938539
v -0.16650605 -0.41006652 -0.05220062
v -0.15974712 -0.39771894 -0.06148798
v -0.16792051 -0.39825612 -0.07557223
v -0.17324983 -0.42151284 -0.04842445
v -0.18059112 -0.41811287 -0.06635633
v -0.18580534 -0.42964572 -0.06581725
v -0.17965862 -0.43340227 -0.04883268
v -0.19739440 -0.47033906 -0.07272018
v -0.19820203 -0.47300434 -0.07736175
v -0.10705675 -0.34144533 -0.11219103
v -0.09003014 -0.33622402 -0.12606208
v -0.09203289 -0.35667792 -0.13313881
v -0.10007992 -0.23497975 -0.03558482
v -0.10747530 -0.19352303 -0.01122843
v -0.09470240 -0.16415010 -0.02753419
v -0.09338818 -0.18300861 -0.02618875
v -0.07827858 -0.10380971 -0.02772561
v -0.02966005 -0.48628867 0.03631635
v -0.03867270 -0.50837982 0.02458665
v -0.10992513 -0.63074237 -0.10218664
v -0.08683586 -0.62836856 -0.11509614
v -0.12346997 -0.63974094 -0.12277806
v -0.12765034 -0.64429450 -0.13234438
v -0.10528755 -0.64297009 -0.14359283
v -0.10004966 -0.63879693 -0.13467476
v -0.12501420 -0.66194361 -0.19523078
v -0.12186778 -0.66024971 -0.18423530
v -0.05231638 -0.07407364 0.03605787
v -0.06409496 -0.07491514 0.03642382
v -0.04852322 -0.07258862 0.04597981
v -0.12441885 -0.07666746 0.02949722
v -0.10312566 -0.06408620 0.03820071
v -0.09658954 -0.07523674 0.03137249
v -0.11566642 -0.08921871 0.02260504
v -0.18734603 -0.18445507 0.11985627
v -0.16836694 -0.18277557 0.15322915
v -0.06324369 -0.08828589 0.18158269
v -0.20216537 -0.32182401 -0.03239668
v -0.21300329 -0.31930333 -0.02526876
v -0.20810094 -0.34646714 -0.02738879
v -0.19791996 -0.34901482 -0.03518034
v -0.07355917 -0.57838315 -0.01689422
v -0.06821498 -0.55501610 0.00178927
v -0.20181625 -0.59135294 -0.17741448
v -0.25600252 -0.55264199 -0.13688096
v -0.24612489 -0.53452706 -0.15140349
v -0.23985389 -0.54378897 -0.15214825
v -0.24915497 -0.56275713 -0.13962519
v -0.23176724 -0.57682949 -0.06540439
v -0.24299730 -0.57793403 -0.07944607
v -0.23269778 -0.59179837 -0.08147302
v -0.22017832 -0.59080297 -0.06676562
v 0.05177987 -0.21849293 0.17104003
v 0.02694977 -0.22635972 0.18835482
v 0.00634738 -0.42616567 0.06272750
v -0.01118878 -0.42573699 0.07396118
v -0.01494135 -0.44470608 0.06076384
v 0.00171636 -0.44629610 0.04927627
v -0.09838592 -0.56289357 0.00363803
v -0.10712132 -0.54336488 0.01606261
v -0.12101098 -0.39954960 -0.17111158
v -0.12510502 -0.41416425 -0.17913868
v -0.14009258 -0.41565245 -0.17266178
v -0.13611092 -0.40199080 -0.16589606
v -0.23000771 -0.38296002 -0.02577937
v -0.21699892 -0.40771610 -0.02739595
v -0.20787327 -0.40092707 -0.02872282
v -0.21580419 -0.37437904 -0.02516628
v -0.13795920 -0.16932790 0.18345074
v -0.10949931 -0.14530964 0.20140174
v -0.11576059 -0.42797318 0.05146054
v -0.09859000 -0.44355565 0.05575802
v -0.09117945 -0.42851210 0.06419171
v -0.10847043 -0.41338295 0.05923158
v -0.14012860 -0.46146628 0.02683468
v -0.13127081 -0.45210314 0.03492820
v -0.15012872 -0.47042501 0.02069094
v -0.19731146 -0.49210167 -0.03457502
v -0.19640721 -0.48835927 -0.03807468
v -0.19782509 -0.47894907 -0.04284208
v -0.14803146 -0.09314662 0.02573529
v -0.11794621 -0.13159849 -0.00397697
v -0.10839621 -0.13753468 -0.01833194
v -0.05240286 -0.07386693 0.02512197
v -0.18571103 -0.61082786 -0.19842392
v -0.18539082 -0.59793025 -0.20610751
v -0.19338623 -0.44314995 -0.05821028
v -0.18994364 -0.42309523 -0.05449056
v -0.19320121 -0.48564163 -0.02984095
v -0.19335695 -0.47953460 -0.04217516
v -0.19459246 -0.48037741 -0.04804091
v -0.19422217 -0.48534831 -0.03700528
v -0.19395031 -0.49064806 -0.03009766
v -0.19207232 -0.49339351 -0.02159256
v -0.20709620 -0.47295642 -0.14294423
v -0.20357375 -0.47675198 -0.15037361
v -0.20664601 -0.48973078 -0.15651473
v -0.21164727 -0.48452470 -0.15065996
v -0.19873077 -0.47940055 -0.15654004
v -0.19061305 -0.48063293 -0.16338408
v -0.19576111 -0.49875888 -0.16814175
v -0.20243527 -0.49553037 -0.16170597
v -0.19887179 -0.56545889 -0.18312584
v -0.18619731 -0.55411857 -0.19667166
v -0.17072630 -0.54562956 -0.20761910
v -0.15761173 -0.53901446 -0.21687764
v -0.11871201 -0.65613449 -0.17292076
v -0.11442623 -0.65198755 -0.16261326
v -0.13584763 -0.65024042 -0.15045001
v -0.14306335 -0.65366137 -0.15987138
v -0.17868912 -0.58105695 -0.20955357
v -0.17077060 -0.57318437 -0.22250681
v -0.15916565 -0.56019926 -0.22561240
v -0.25278276 -0.32899094 -0.10013862
v -0.25569892 -0.35454413 -0.10209962
v -0.18335009 -0.64031124 -0.19201702
v -0.18731309 -0.62548488 -0.19432798
v -0.26725662 -0.35352999 -0.08774872
v -0.26418778 -0.32670081 -0.08611821
v -0.22093502 -0.53177309 -0.16256621
v -0.23267783 -0.55205828 -0.15588495
v -0.22736293 -0.52427143 -0.15892646
v -0.18225823 -0.58637106 -0.21702278
v -0.17559847 -0.57786542 -0.23020136
v -0.16174749 -0.20149562 0.13850473
v -0.17724735 -0.20008093 0.10638389
v -0.13394658 -0.35119659 0.02911143
v -0.12894934 -0.36741558 0.04419126
v -0.08293088 -0.30080852 -0.11004183
v -0.07850607 -0.28614315 -0.10237180
v -0.17135540 -0.57081848 -0.25635052
v -0.09066188 -0.26287302 -0.07241187
v -0.07341477 -0.25661469 -0.08465564
v -0.07497264 -0.27229807 -0.09395327
v -0.09276890 -0.27651912 -0.08081219
v -0.06482702 -0.23819822 -0.07933602
v -0.06348081 -0.23104754 -0.07652008
v -0.08240855 -0.14715222 -0.03675136
v -0.07330024 -0.14658308 -0.04441152
v -0.23312940 -0.41916436 -0.12385984
v -0.23635957 -0.43608955 -0.12794730
v -0.25461462 -0.44121855 -0.12809618
v -0.25145999 -0.42228132 -0.12308237
v -0.10347101 -0.27093047 -0.05731605
v -0.11324316 -0.28127891 -0.03856061
v -0.20102245 -0.46031153 -0.08219154
v -0.19535509 -0.46691778 -0.06701276
v -0.09742580 -0.36882129 -0.14420322
v -0.15034112 -0.40494174 -0.15969045
v -0.15345289 -0.41743177 -0.16462532
v -0.16528919 -0.42001462 -0.15587878
v -0.16269234 -0.40814665 -0.15195543
v -0.04376087 -0.07489318 0.03239404
v -0.26021218 -0.45378152 -0.04906534
v -0.25825462 -0.46918809 -0.04742579
v -0.24943903 -0.46546927 -0.04252440
v -0.25262922 -0.44983456 -0.04421131
v -0.08222242 -0.05745104 0.05177998
v -0.09025334 -0.04410532 0.06339965
v -0.01670362 -0.07217535 0.10351006
v -0.01585867 -0.06862777 0.08035410
v -0.20832692 -0.07167348 0.04243308
v -0.19085355 -0.09433419 0.03486001
v -0.22597152 -0.04981387 0.05054571
v -0.24477708 -0.02329525 0.06049848
v -0.34221458 0.13310480 0.15866660
v -0.36479557 0.14406145 0.17846006
v -0.40796950 0.19382864 0.24640495
v -0.42346892 0.21381703 0.27093995
v -0.44071311 0.23421121 0.29744720
v -0.45870689 0.25462586 0.32517451
v -0.47844201 0.27487528 0.34815416
v -0.26923078 -0.32365650 -0.07048708
v -0.27278438 -0.35288855 -0.07027496
v -0.26913154 -0.34888464 -0.05469805
v -0.26789552 -0.31948498 -0.05561471
v -0.18731292 -0.37747458 -0.05969479
v -0.18815315 -0.37880924 -0.07443258
v -0.18788052 -0.35487363 -0.07064246
v -0.18921845 -0.35390204 -0.05653682
v -0.19036235 -0.32867810 -0.05306134
v -0.19496211 -0.32562163 -0.04172499
v -0.19188227 -0.35242632 -0.04513311
v -0.22688222 -0.31819636 -0.02213256
v -0.24102326 -0.31745636 -0.02391116
v -0.23694870 -0.34738234 -0.02486822
v -0.22198452 -0.34505010 -0.02346382
v -0.26260564 -0.31657115 -0.04203249
v -0.26184088 -0.34534681 -0.04181260
v -0.25117528 -0.34519321 -0.03125492
v -0.25359780 -0.31603169 -0.03059910
v -0.19247364 -0.33102027 -0.09673953
v -0.18730137 -0.33097464 -0.08179791
v -0.18901387 -0.35584167 -0.08594054
v -0.19530356 -0.35553637 -0.10042151
v -0.27298811 -0.44650042 -0.11929813
v -0.26881391 -0.42586040 -0.11411767
v -0.20668308 -0.46732140 -0.10040373
v -0.21345389 -0.46230486 -0.11700389
v -0.21078296 -0.45596534 -0.11586027
v -0.20570643 -0.46402478 -0.10027522
v -0.24289469 -0.38058820 -0.11454858
v -0.24714394 -0.40236729 -0.11846632
v -0.26321226 -0.40341130 -0.10968243
v -0.25866798 -0.37929651 -0.10516149
v -0.19750626 -0.37892482 -0.10424435
v -0.19088516 -0.37883055 -0.09041523
v -0.19329584 -0.40334013 -0.09317296
v -0.19972026 -0.40225101 -0.10735227
v -0.20310156 -0.37320277 -0.03029049
v -0.19781122 -0.39923719 -0.03459057
v -0.21918595 -0.43359983 -0.12113941
v -0.21598479 -0.41759938 -0.11813107
v -0.19808149 -0.45501652 -0.07631268
v -0.18667512 -0.47371769 -0.03211315
v -0.19079536 -0.47691622 -0.03713893
v -0.17615181 -0.40007231 -0.08736433
v -0.18309088 -0.40502617 -0.09617390
v -0.17456138 -0.44108590 -0.03015381
v -0.18018499 -0.45171365 -0.03429671
v -0.18085602 -0.40775087 -0.08230437
v -0.18437657 -0.40869954 -0.09007137
v -0.12952188 -0.35468093 -0.07934470
v -0.15768631 -0.55127561 -0.22049224
v -0.22901604 -0.40086097 -0.11996236
v -0.21230035 -0.40132728 -0.11592531
v -0.20917030 -0.42868012 -0.03020541
v -0.20484881 -0.44665498 -0.03332367
v -0.19988896 -0.44604605 -0.03635734
v -0.20208859 -0.42554897 -0.03278404
v -0.14762402 -0.55886972 -0.00141584
v -0.12331811 -0.56346285 0.00222829
v -0.12927261 -0.54632288 0.01008832
v -0.15168647 -0.54435277 0.00406830
v -0.27321696 -0.45255101 -0.06004946
v -0.27930346 -0.44623685 -0.06901263
v -0.28142077 -0.46620265 -0.07046944
v -0.27379510 -0.46946508 -0.06020575
v -0.28661352 -0.46100497 -0.08476956
v -0.28331235 -0.43846726 -0.08258380
v -0.28050941 -0.43062049 -0.09876352
v -0.28456229 -0.45344421 -0.10235576
v -0.11113068 -0.22137399 0.17099999
v -0.13327788 -0.22378697 0.14983258
v -0.12838356 -0.29164872 0.03762887
v -0.12503928 -0.27601168 0.01928563
v -0.12039521 -0.21209125 0.00835788
v -0.10672455 -0.10215259 0.00927845
v -0.08827701 -0.08525845 0.01922918
v -0.10523464 -0.02624059 0.07800030
v -0.15204903 -0.21817864 0.12225092
v -0.12784490 -0.00677019 0.09366030
v -0.15236418 0.01270968 0.10833530
v -0.14322442 -0.00384042 0.18012947
v -0.15711126 -0.01822516 0.19819298
v -0.13132717 -0.03718275 0.19265047
v -0.11526684 -0.02221388 0.17131689
v -0.17733438 -0.03474265 0.20700002
v -0.15375017 -0.05418207 0.20439960
v -0.31573325 -0.00483787 0.10172865
v -0.34359095 0.15839812 0.32229292
v -0.37676537 0.16395333 0.34848642
v -0.35670543 0.14018533 0.32788312
v -0.36455536 0.18003029 0.34301805
v -0.37529784 0.12678218 0.32618183
v -0.35936564 0.10700601 0.30382103
v -0.45097786 0.15700880 0.30150634
v -0.38736442 0.20260653 0.36181977
v -0.40008196 0.18894693 0.36701486
v -0.39464998 0.15081441 0.34654555
v -0.41488898 0.17825490 0.36578241
v -0.07839240 -0.06726182 0.04375394
v -0.19542556 -0.18090817 0.08620463
v -0.17895827 -0.19762613 0.07480882
v -0.14855331 -0.17488764 0.02106673
v -0.13552713 -0.15081657 0.00996327
v -0.12213250 -0.30632642 -0.02507764
v -0.12905517 -0.31945845 -0.00633480
v -0.13383162 -0.34705114 -0.02454861
v -0.13922422 -0.36038810 -0.00716144
v -0.13649461 -0.34738553 0.00319847
v -0.13188694 -0.33274058 -0.01444666
v -0.13772544 -0.39263210 0.02662157
v -0.12915075 -0.41111383 0.04162628
v -0.12233734 -0.39700070 0.04965608
v -0.13232733 -0.37972355 0.03507408
v -0.11838222 -0.38372612 0.05655678
v -0.10328806 -0.39939910 0.06649972
v -0.03934247 -0.46000800 0.05738815
v -0.05713401 -0.45173576 0.06268016
v -0.06437124 -0.46973872 0.05259301
v -0.04732538 -0.47913247 0.04605199
v -0.09452255 -0.14420357 -0.02927519
v -0.07558374 -0.07823950 0.02842732
v -0.17352539 -0.11488040 0.02805020
v -0.17789584 -0.15325062 0.03436837
v -0.19298151 -0.17073382 0.05775614
v -0.19534501 -0.44307882 -0.06960011
v -0.18529855 -0.53502846 -0.01829028
v -0.18447308 -0.52849370 -0.01407320
v -0.27848583 -0.41495207 -0.07842021
v -0.27439350 -0.40711880 -0.09444962
v -0.20268953 -0.42081141 -0.11004858
v -0.25735831 -0.45723450 -0.13167261
v -0.23850842 -0.45083040 -0.13174376
v -0.24079388 -0.46289951 -0.13680688
v -0.13675764 -0.21660399 0.03151222
v -0.15393111 -0.22073391 0.05820059
v -0.14778051 -0.20413576 0.03379756
v -0.02437197 -0.06936300 0.06438562
v -0.12342347 -0.12532531 0.00489643
v -0.17560486 0.03153396 0.12029967
v -0.19605975 0.05142540 0.13128896
v -0.21335948 0.07061568 0.14296427
v -0.22907050 0.08958453 0.15559348
v -0.24507219 0.10881808 0.17105293
v -0.26523003 0.12449262 0.18670669
v -0.28590566 0.13507196 0.20007698
v -0.30285630 0.14807764 0.21758555
v -0.33568943 0.19361895 0.24720119
v -0.32544041 0.18640503 0.26174784
v -0.31374642 0.16703328 0.23951572
v -0.33993202 0.20616892 0.28449872
v -0.35757375 0.22514522 0.30686310
v -0.38179943 0.24083179 0.32919186
v -0.40571049 0.25902009 0.35107192
v -0.42819315 0.27883855 0.37223163
v -0.03993747 -0.07252705 0.03961296
v -0.03277310 -0.07159528 0.05129019
v -0.21308769 -0.53894031 -0.16650069
v -0.19407199 -0.47569588 -0.05733223
v -0.19499363 -0.47779781 -0.06211704
v -0.20586751 -0.43575311 -0.11191429
v -0.25925529 -0.37269494 -0.04117886
v -0.26861438 -0.37733954 -0.05284140
v -0.19693057 -0.42480794 -0.09594168
v -0.20166378 -0.47330621 -0.08388548
v -0.20342250 -0.47109431 -0.08750244
v -0.16168207 -0.19481203 -0.14859155
v -0.17031729 -0.18332478 -0.14552209
v -0.15205345 -0.17556429 -0.15397030
v -0.14360994 -0.18648052 -0.15535364
v -0.15143305 -0.20408064 -0.14533398
v -0.13417283 -0.19487664 -0.15128848
v -0.12004867 -0.19236618 -0.09239188
v -0.12196383 -0.20258787 -0.10257027
v -0.10958672 -0.18906647 -0.11157647
v -0.10853261 -0.17869407 -0.10246485
v -0.10958919 -0.18920377 -0.14923033
v -0.10346207 -0.18874130 -0.13963699
v -0.11826119 -0.20008853 -0.13288859
v -0.12554470 -0.19951266 -0.14333916
v -0.13278171 -0.16656768 -0.08323413
v -0.14394593 -0.15781686 -0.08587083
v -0.15474311 -0.16972503 -0.07313976
v -0.14298156 -0.17913851 -0.07174176
v -0.17355676 -0.24663988 -0.06748289
v -0.16959815 -0.23742193 -0.05576578
v -0.17914405 -0.24781623 -0.05596089
v -0.18320993 -0.25516701 -0.06868456
v -0.19831258 -0.21250609 -0.13247824
v -0.20679756 -0.20105490 -0.12558687
v -0.18871987 -0.19183493 -0.13610470
v -0.17963946 -0.20396146 -0.14093307
v -0.16529621 -0.23428616 -0.11416566
v -0.15694295 -0.23380315 -0.10065261
v -0.17386675 -0.24449903 -0.09500444
v -0.18310918 -0.24432600 -0.10787436
v -0.21661742 -0.22122002 -0.12212875
v -0.22334740 -0.21063906 -0.11317486
v -0.13313586 -0.21197653 -0.12687382
v -0.12665519 -0.20928112 -0.11425230
v -0.14128998 -0.22181299 -0.10748330
v -0.14892805 -0.22346005 -0.12066528
v -0.11024538 -0.14496872 -0.10846576
v -0.11995319 -0.13834888 -0.11272731
v -0.13243642 -0.14738181 -0.09919384
v -0.12194061 -0.15500197 -0.09584484
v -0.09952712 -0.18424276 -0.13008770
v -0.09721571 -0.17649651 -0.12113971
v -0.11315051 -0.19638503 -0.12183949
v -0.14249125 -0.14783016 -0.15141496
v -0.13991618 -0.15750915 -0.15844387
v -0.15803990 -0.16486138 -0.14867088
v -0.16002405 -0.15499386 -0.13988754
v -0.14563480 -0.22081876 -0.07585651
v -0.15013063 -0.22922766 -0.08737329
v -0.13539067 -0.21618471 -0.09465742
v -0.13244000 -0.20645189 -0.08356670
v -0.18662022 -0.22387660 -0.13276455
v -0.16889295 -0.21407920 -0.13919279
v -0.17771690 -0.16274181 -0.12702557
v -0.17597660 -0.17243570 -0.13841820
v -0.19346119 -0.18114492 -0.12665489
v -0.19375528 -0.17152604 -0.11491171
v -0.20186508 -0.17488617 -0.08694923
v -0.19055952 -0.17504224 -0.07447714
v -0.17882103 -0.16329634 -0.08949485
v -0.18820190 -0.16510147 -0.10182086
v -0.15969543 -0.23502877 -0.06977156
v -0.15759824 -0.22409138 -0.05863851
v -0.15309808 -0.19411588 -0.06129777
v -0.16462439 -0.18362501 -0.06091535
v -0.17454199 -0.19788066 -0.04993546
v -0.16321731 -0.20983052 -0.05195722
v -0.22340244 -0.25836128 -0.10558392
v -0.23679447 -0.25000542 -0.10300240
v -0.22394326 -0.24237055 -0.11196521
v -0.21156015 -0.25110987 -0.10971555
v -0.23354572 -0.23026454 -0.10860381
v -0.24596649 -0.23939377 -0.09625711
v -0.25980216 -0.25081423 -0.06752187
v -0.25786901 -0.24592781 -0.05524868
v -0.25459418 -0.23566598 -0.06066266
v -0.25618568 -0.24108297 -0.07392037
v -0.22525047 -0.19592333 -0.05441907
v -0.21200955 -0.20034730 -0.04458797
v -0.20167200 -0.18703493 -0.05959010
v -0.21442334 -0.18484136 -0.07100999
v -0.20348084 -0.21981886 -0.03224179
v -0.18937768 -0.22639838 -0.03630301
v -0.18294282 -0.21284047 -0.04099044
v -0.19728538 -0.20542595 -0.04057953
v -0.20218429 -0.27936044 -0.03416197
v -0.19443481 -0.28278926 -0.04423407
v -0.19541694 -0.26604563 -0.04076556
v -0.20400515 -0.26126143 -0.03143327
v -0.18917704 -0.27646458 -0.06589104
v -0.18763861 -0.28983739 -0.07100762
v -0.19111311 -0.29060921 -0.08535603
v -0.19212405 -0.27889249 -0.07957292
v -0.24651423 -0.28439498 -0.09732307
v -0.25838453 -0.28070131 -0.08504800
v -0.25589979 -0.27134109 -0.08754786
v -0.24354784 -0.27585638 -0.09753721
v -0.23357621 -0.20720142 -0.04009733
v -0.22039753 -0.21471962 -0.03071612
v -0.18815242 -0.26665843 -0.06224614
v -0.19136590 -0.27058113 -0.07521990
v -0.18914691 -0.26272908 -0.07102415
v -0.18540062 -0.25698015 -0.05856539
v -0.21092162 -0.27344924 -0.09483854
v -0.22444075 -0.27281970 -0.09961250
v -0.21774921 -0.26813489 -0.10055913
v -0.20547502 -0.26807234 -0.09264168
v -0.23930089 -0.27012378 -0.09942385
v -0.25157243 -0.26391789 -0.09163363
v -0.24458295 -0.25664943 -0.09791176
v -0.23168695 -0.26408640 -0.10332923
v -0.23809308 -0.21688354 -0.03154263
v -0.24569595 -0.21914771 -0.04301885
v -0.24690859 -0.22868174 -0.03610645
v -0.23874663 -0.22739145 -0.02684502
v -0.20570306 -0.23346680 -0.02865435
v -0.19360441 -0.23896223 -0.03521214
v -0.19907111 -0.26249039 -0.08990170
v -0.18983281 -0.25925088 -0.08027214
v -0.19593607 -0.26628780 -0.08278500
v -0.25297448 -0.24808696 -0.08768387
v -0.21059704 -0.27593014 -0.02682626
v -0.22099030 -0.27303231 -0.02202563
v -0.21691015 -0.29330412 -0.02339163
v -0.20641746 -0.29570341 -0.02896419
v -0.19826983 -0.29860300 -0.03721727
v -0.19177842 -0.30177388 -0.04830226
v -0.18627863 -0.30759460 -0.07674885
v -0.19076869 -0.30811074 -0.09165758
v -0.20098089 -0.30748510 -0.10342410
v -0.21605261 -0.30692035 -0.10937642
v -0.21440656 -0.28917304 -0.10467710
v -0.20023929 -0.29040802 -0.09698645
v -0.24905318 -0.30439204 -0.09856185
v -0.26073062 -0.30147424 -0.08530495
v -0.26326817 -0.27691814 -0.07234246
v -0.26557121 -0.29675841 -0.07113394
v -0.18916833 -0.25958934 -0.04873405
v -0.19021294 -0.27170491 -0.05244098
v -0.17371240 -0.15584460 -0.11554289
v -0.16590074 -0.15307140 -0.10344344
v -0.15146461 -0.14436170 -0.11713606
v -0.15762031 -0.14789256 -0.12907431
v -0.12920484 -0.13565543 -0.12042752
v -0.14280593 -0.14414981 -0.10671115
v -0.14183164 -0.20994216 -0.13776794
v -0.15817565 -0.22026166 -0.13170493
v -0.11760220 -0.18600464 -0.15726885
v -0.21003939 -0.26268825 -0.09957930
v -0.19909602 -0.25518233 -0.10194361
v -0.25363231 -0.24215990 -0.04223189
v -0.25977951 -0.25728661 -0.05043609
v -0.25487557 -0.25437564 -0.03804769
v -0.24260725 -0.21048015 -0.05419913
v -0.23452191 -0.20061395 -0.06976381
v -0.23720717 -0.21187377 -0.08478931
v -0.24810499 -0.22253242 -0.06679395
v -0.23759691 -0.23903480 -0.02483003
v -0.24691689 -0.23937842 -0.03188489
v -0.24656874 -0.25303501 -0.02911536
v -0.23596573 -0.25351378 -0.02321704
v -0.23035185 -0.28688082 -0.10455951
v -0.22765942 -0.27836758 -0.10108156
v -0.26183221 -0.29006463 -0.04290081
v -0.26107952 -0.27184063 -0.04654041
v -0.26358670 -0.27343372 -0.05926765
v -0.26536161 -0.29151556 -0.05673232
v -0.26178858 -0.26090807 -0.06292009
v -0.25459826 -0.29055047 -0.03170915
v -0.25527477 -0.27047685 -0.03467689
v -0.23348790 -0.30609956 -0.10797232
v -0.23395902 -0.27165699 -0.02198318
v -0.24575509 -0.27059501 -0.02668207
v -0.24354249 -0.29142958 -0.02434851
v -0.23023635 -0.29246759 -0.02162018
v -0.15556031 -0.15370071 -0.09322321
v -0.16725162 -0.16507319 -0.07943076
v -0.18006422 -0.23625737 -0.04411542
v -0.17240515 -0.22426566 -0.04582667
v -0.18612492 -0.24769002 -0.04560302
v -0.12357885 -0.17870405 -0.08520073
v -0.11290634 -0.16631669 -0.09665379
v -0.14592686 -0.20792350 -0.06604192
v -0.13449457 -0.19288090 -0.07494769
v -0.20894906 -0.18112126 -0.10080954
v -0.21618953 -0.24243796 -0.02327667
v -0.20518970 -0.24633774 -0.02909359
v -0.21828440 -0.22935879 -0.02457765
v -0.18695216 -0.30570629 -0.06199522
v -0.18864392 -0.28700081 -0.05662369
v -0.22989491 -0.21907184 -0.02590866
v -0.18725228 -0.33014250 -0.06677672
v -0.24949458 -0.23144150 -0.08379285
v -0.25838125 -0.25700954 -0.07987034
v -0.26163495 -0.26569492 -0.07531668
v -0.13385236 -0.16863552 -0.16237798
v -0.17525490 -0.23096561 -0.12531191
v -0.18929790 -0.25363556 -0.09135559
v -0.18021691 -0.25153747 -0.07959902
v -0.22681777 -0.23993424 -0.02129829
v -0.22410639 -0.25481579 -0.02084033
v -0.21338889 -0.25757074 -0.02511719
v -0.21253496 -0.27868161 -0.09945788
v -0.20010042 -0.27950045 -0.09153231
v -0.10208112 -0.15507168 -0.10870883
v -0.19960223 -0.27285650 -0.08627374
v -0.23845431 -0.22073939 -0.09729365
v -0.09414303 -0.63384998 -0.12486013
v -0.16700034 -0.42890030 -0.02783819
v -0.14604786 -0.38574204 -0.06016519
v -0.15143082 -0.39742014 -0.04552231
v -0.18903565 -0.46759403 -0.04676045
v -0.19210558 -0.47184682 -0.05249918
v -0.19729781 -0.47668192 -0.07005250
v -0.19971472 -0.47397628 -0.07510256
v -0.18449113 -0.44422805 -0.05070477
v -0.25452429 -0.73749554 -0.23274831
v -0.24763420 -0.73446095 -0.23111051
v -0.26438436 -0.74624914 -0.23517115
v -0.06344140 -0.24760219 -0.08439696
v -0.25126976 -0.72085559 -0.23166771
v -0.24352798 -0.71612656 -0.23044354
v -0.24891007 -0.71807104 -0.22730748
v -0.25302047 -0.72034287 -0.23292214
v -0.25417605 -0.72069216 -0.23327172
v -0.27250150 -0.73991781 -0.23668435
v -0.24080896 -0.72873437 -0.23041165
v -0.23494589 -0.72118396 -0.22921437
v -0.26615632 -0.72672999 -0.23520613
v 0.01511087 -0.35401872 0.10806537
v 0.03614991 -0.35018939 0.09811814
v 0.04029601 -0.33000991 0.11280032
v 0.01689683 -0.33419901 0.12285776
v 0.04358266 -0.31116199 0.12710038
v -0.06990059 -0.29215354 0.17202088
v -0.09397458 -0.29519653 0.15897390
v -0.09224621 -0.31422627 0.14723489
v -0.06983396 -0.31401628 0.15918277
v -0.10731465 -0.32436812 0.12198379
v -0.08801329 -0.32941821 0.13502958
v -0.11203621 -0.31122899 0.13049062
v -0.12784004 -0.30262262 0.11183269
v -0.12272634 -0.31478542 0.10487407
v -0.13714448 -0.28928030 0.09312157
v -0.13191500 -0.30188000 0.08594918
v -0.14101878 -0.27547035 0.07407454
v -0.13758306 -0.26068670 0.05340490
v -0.13310745 -0.23175281 0.03039675
v -0.11812881 -0.22924019 0.00798762
v -0.12932038 -0.24570103 0.02987587
v -0.09252022 -0.20160821 -0.02665316
v -0.10568242 -0.21436919 -0.01130387
v -0.06856722 -0.19157736 -0.05096702
v -0.07970294 -0.19551338 -0.04007597
v -0.20344965 -0.51806939 -0.16988638
v -0.20283075 -0.62608111 -0.14475524
v -0.21280877 -0.61846131 -0.13411838
v -0.22556452 -0.60378766 -0.14429125
v -0.20361441 -0.60555017 -0.06950428
v -0.21670724 -0.60623813 -0.08432831
v -0.19435312 -0.62124485 -0.08620853
v -0.18272904 -0.61840588 -0.07453914
v -0.18702383 -0.63581181 -0.13988386
v -0.18061471 -0.63979989 -0.14747599
v -0.19457033 -0.63110113 -0.12871780
v -0.15276344 -0.64596272 -0.13202924
v -0.17374149 -0.64107424 -0.12808909
v -0.25757331 -0.56761777 -0.11784074
v -0.25205106 -0.57591319 -0.09747744
v -0.25987571 -0.56392241 -0.09570921
v -0.26573938 -0.55529451 -0.11568837
v -0.21943267 -0.57404268 -0.05446314
v -0.20691028 -0.57009572 -0.04558869
v -0.21708578 -0.55813336 -0.04572774
v -0.22912070 -0.56199700 -0.05381045
v -0.28425127 -0.50978309 -0.11012700
v -0.28252178 -0.51997274 -0.09091353
v -0.28622496 -0.50140572 -0.08827974
v -0.28666094 -0.49253982 -0.10662070
v -0.24160312 -0.56487554 -0.06446362
v -0.09808758 -0.58080405 -0.01026727
v -0.12248813 -0.57865000 -0.00831416
v -0.14508560 -0.57235849 -0.00856012
v -0.18716747 -0.54046637 -0.02275658
v -0.17976044 -0.55048835 -0.01859112
v -0.17766747 -0.54349208 -0.01275530
v -0.19369380 -0.53065133 -0.02526927
v -0.20166998 -0.51810300 -0.02640419
v -0.22363332 -0.45740789 -0.12879586
v -0.22482161 -0.46450102 -0.13344428
v -0.24187286 -0.47355413 -0.14167297
v -0.21019216 -0.48689038 -0.03196281
v -0.20474274 -0.50234687 -0.02869079
v -0.20149536 -0.49934733 -0.02928011
v -0.20684686 -0.48474395 -0.03261591
v -0.24979348 -0.57870460 -0.12151262
v -0.27884299 -0.50540531 -0.07238230
v -0.27424005 -0.52365506 -0.07455756
v -0.26489010 -0.52152151 -0.06127070
v -0.26969963 -0.50367409 -0.06049761
v -0.25922486 -0.50357252 -0.05131781
v -0.25414592 -0.52050656 -0.05132609
v -0.24311307 -0.51882750 -0.04415993
v -0.24909182 -0.50289714 -0.04474868
v -0.21453181 -0.48858580 -0.03212058
v -0.20990057 -0.50548154 -0.02914105
v -0.27585152 -0.46470731 -0.12208375
v -0.26841617 -0.52749443 -0.13371468
v -0.25573251 -0.51163697 -0.14801049
v -0.25134623 -0.52394998 -0.15006167
v -0.26240754 -0.54110777 -0.13546896
v -0.19703156 -0.46222553 -0.06010218
v -0.19895145 -0.46093658 -0.07228262
v -0.19576870 -0.46302798 -0.05030981
v -0.19852087 -0.49526334 -0.03253907
v -0.19665354 -0.46360922 -0.04315495
v -0.20863985 -0.44788438 -0.11322233
v -0.22160956 -0.44726318 -0.12473952
v -0.24004763 -0.49574965 -0.15164632
v -0.23719037 -0.50653213 -0.15508112
v -0.28716829 -0.47382182 -0.10437791
v -0.28831914 -0.48136738 -0.08622298
v -0.21555334 -0.46969110 -0.03275700
v -0.21100615 -0.46781132 -0.03281895
v -0.21492457 -0.45207766 -0.03187790
v -0.19356349 -0.50669694 -0.02362950
v -0.19977748 -0.49641725 -0.03061895
v -0.27376196 -0.54218262 -0.11400092
v -0.28094834 -0.48587257 -0.07072084
v -0.27209190 -0.48627046 -0.05965181
v -0.24676892 -0.53595656 -0.05153495
v -0.25794777 -0.53843242 -0.06197130
v -0.24995735 -0.55247682 -0.06272012
v -0.23831725 -0.54962683 -0.05230993
v -0.25448292 -0.48603404 -0.04496954
v -0.24481927 -0.48219201 -0.04095592
v -0.22652334 -0.54570317 -0.04519227
v -0.23526549 -0.53304434 -0.04423923
v -0.22036712 -0.47187677 -0.03298595
v -0.23307706 -0.51659709 -0.15697828
v -0.22103593 -0.49937868 -0.15614150
v -0.21524976 -0.50596398 -0.16010259
v -0.22647019 -0.48132777 -0.14623004
v -0.22446175 -0.49105686 -0.15163678
v -0.22617067 -0.47149527 -0.13929945
v -0.20984899 -0.51256889 -0.16411632
v -0.22845387 -0.22791886 -0.02321897
v -0.21027650 -0.44891798 -0.03218744
v -0.21550235 -0.43369743 -0.02990855
v -0.21944371 -0.43865308 -0.03051362
v -0.24676913 -0.37502030 -0.03143785
v -0.25827163 -0.58389920 -0.29537356
v -0.26376998 -0.58554387 -0.29808196
v -0.27848339 -0.59750962 -0.30500567
v -0.28058952 -0.60037935 -0.30602777
v -0.25198478 -0.23187670 -0.04757619
v -0.24947941 -0.22404513 -0.05209124
v -0.22254902 -0.19090965 -0.08623195
v -0.20995976 -0.19093204 -0.11433196
v -0.22472940 -0.20124790 -0.10008934
v -0.20556974 -0.23313406 -0.12431952
v -0.19371474 -0.24183893 -0.11819714
v -0.16589792 -0.24144790 -0.08163989
v -0.18772714 -0.19142371 -0.05253631
v -0.09066689 -0.16619051 -0.17786166
v -0.09824255 -0.15687421 -0.17976910
v -0.07990965 -0.15164676 -0.18871313
v -0.07217157 -0.16012156 -0.18511969
v -0.05443493 -0.15427831 -0.19250739
v -0.04798424 -0.15598208 -0.18456581
v -0.06475112 -0.16352269 -0.17819235
v -0.04530481 -0.15262786 -0.17598286
v -0.06088531 -0.16182578 -0.16960236
v -0.04538062 -0.14654669 -0.16820356
v -0.04543024 -0.13937008 -0.16279933
v -0.05816039 -0.15026790 -0.15520951
v -0.05924064 -0.15701884 -0.16161433
v -0.07154009 -0.15376979 -0.14072138
v -0.05877227 -0.14203048 -0.15022799
v -0.06154233 -0.13320181 -0.14654073
v -0.07328501 -0.14427024 -0.13554311
v -0.06261700 -0.10894409 -0.15989468
v -0.06909057 -0.10613742 -0.16508281
v -0.08110344 -0.11332220 -0.15236557
v -0.07389832 -0.11699426 -0.14681965
v -0.10608229 -0.12304702 -0.15627861
v -0.10084236 -0.12079108 -0.14687702
v -0.08722293 -0.11377066 -0.16032353
v -0.09208673 -0.11638647 -0.16932935
v -0.08062899 -0.10966772 -0.18185312
v -0.08072495 -0.11660030 -0.19022942
v -0.09392980 -0.12163290 -0.17744052
v -0.12622204 -0.17873833 -0.16211584
v -0.10865283 -0.17201945 -0.16969824
v -0.10024235 -0.17828542 -0.16393790
v -0.07373959 -0.16774818 -0.15450048
v -0.08851415 -0.17828608 -0.14712331
v -0.09333420 -0.18037966 -0.15595427
v -0.07699957 -0.17119482 -0.16294837
v -0.09715694 -0.16647857 -0.11322048
v -0.08454078 -0.16498476 -0.13092455
v -0.08553988 -0.15526563 -0.12450525
v -0.07173994 -0.16161042 -0.14711612
v -0.08571357 -0.17267621 -0.13864917
v -0.07850274 -0.13462579 -0.13284537
v -0.06703061 -0.12438095 -0.14514124
v -0.10388696 -0.14586750 -0.17792213
v -0.10791150 -0.13582271 -0.17328265
v -0.09115532 -0.13080046 -0.18396220
v -0.08643121 -0.14094958 -0.18760696
v -0.09029680 -0.14473474 -0.12092057
v -0.12508354 -0.14132768 -0.16267696
v -0.12184656 -0.15132469 -0.16833571
v -0.10863501 -0.12768573 -0.16584232
v -0.12452719 -0.13396218 -0.15388438
v -0.07033953 -0.13658607 -0.19742158
v -0.06274679 -0.14673755 -0.19733125
v -0.11598930 -0.16218022 -0.17111331
v -0.08590570 -0.12604812 -0.13377923
v -0.09393209 -0.12130067 -0.13918748
v -0.10696408 -0.12956393 -0.12591511
v -0.09809321 -0.13553110 -0.12120384
v -0.13599935 -0.13680822 -0.13042578
v -0.11452147 -0.12785813 -0.13405257
v -0.12055093 -0.12970376 -0.14359614
v -0.07475215 -0.10677662 -0.17279276
v -0.14099994 -0.14069113 -0.14131629
v 0.00863588 -0.09246263 -0.21726966
v 0.00667864 -0.09747788 -0.20885888
v 0.01626416 -0.10169604 -0.21271056
v 0.01711901 -0.09676510 -0.22103304
v 0.01547310 -0.11676306 -0.19446093
v 0.01328957 -0.12928736 -0.19304138
v 0.02333966 -0.12971762 -0.20158240
v 0.02505235 -0.11913866 -0.20280629
v 0.02271301 -0.10234565 -0.22588298
v 0.02247496 -0.10647076 -0.21728149
v 0.02334328 -0.10874113 -0.22922224
v 0.02218306 -0.10525694 -0.23855451
v 0.02422291 -0.09961200 -0.23366266
v 0.02320382 -0.10184693 -0.24465328
v 0.01110023 -0.10998678 -0.24229774
v 0.01445916 -0.10213178 -0.24888754
v -0.01331264 -0.09718427 -0.24315292
v -0.02146700 -0.09003106 -0.24057385
v -0.01265389 -0.08226991 -0.24834853
v -0.00413835 -0.08998081 -0.24995479
v -0.02635282 -0.06937131 -0.23794967
v -0.01904273 -0.07530552 -0.24413270
v -0.02788311 -0.08413559 -0.23664537
v -0.03391467 -0.07878444 -0.23111069
v -0.00541496 -0.08596039 -0.21279773
v -0.00963379 -0.09089491 -0.20445552
v -0.00342710 -0.09386069 -0.20633036
v -0.00028512 -0.08898470 -0.21456555
v 0.02630641 -0.11789349 -0.23087078
v 0.01550452 -0.11862686 -0.23295972
v 0.01959373 -0.11303386 -0.23409504
v 0.02821790 -0.11475185 -0.22943541
v -0.02595280 -0.09335941 -0.18028548
v -0.03249621 -0.10206127 -0.17420566
v -0.02733967 -0.10923570 -0.17638278
v -0.02223441 -0.10040498 -0.18176141
v -0.00625703 -0.12735787 -0.18144310
v -0.01586959 -0.12603992 -0.17871442
v -0.01953694 -0.14003161 -0.18380743
v -0.01070774 -0.13967714 -0.18859729
v 0.00318810 -0.12829924 -0.18605301
v -0.00208910 -0.13911256 -0.19289768
v 0.00802517 -0.13775709 -0.19919327
v 0.01934282 -0.13612616 -0.20678866
v -0.04007700 -0.09438977 -0.17386192
v -0.03688122 -0.08668256 -0.17719591
v 0.05042031 -0.07560852 -0.26650488
v 0.04900593 -0.07025203 -0.26561442
v 0.04572657 -0.07291913 -0.26252297
v 0.04715368 -0.07844830 -0.26326889
v -0.05334915 -0.08521184 -0.18909934
v -0.05659679 -0.08897188 -0.19796434
v -0.05903478 -0.09220120 -0.19233558
v -0.05428118 -0.08971983 -0.18369621
v -0.05145259 -0.07861564 -0.19565365
v -0.05314599 -0.08426729 -0.20516038
v 0.04540548 -0.07924469 -0.27662629
v 0.04841089 -0.08086607 -0.27289703
v 0.04431033 -0.08351675 -0.26999238
v 0.04089403 -0.08150086 -0.27374190
v 0.01985863 -0.09333763 -0.22842255
v 0.01220411 -0.08848330 -0.22467887
v 0.02595335 -0.08293444 -0.23976484
v 0.01771072 -0.08414352 -0.23209888
v 0.02424493 -0.09114400 -0.23484194
v 0.02838117 -0.08930498 -0.24082631
v 0.00150245 -0.07269931 -0.22539729
v -0.00388584 -0.07830262 -0.21863416
v 0.00261484 -0.08176970 -0.22228551
v 0.00793940 -0.07619500 -0.22899166
v -0.01067667 -0.06946674 -0.21240741
v -0.00628409 -0.06377050 -0.21959937
v -0.00979906 -0.05865085 -0.21623528
v -0.01331386 -0.06417775 -0.20994091
v 0.00634813 -0.05862629 -0.23580191
v 0.01027843 -0.05529156 -0.24362794
v 0.00623167 -0.05138904 -0.24225146
v 0.00283760 -0.05439833 -0.23395509
v -0.06214783 -0.09521163 -0.18755847
v -0.05671215 -0.09412280 -0.17911977
v -0.03644305 -0.05769974 -0.22390872
v -0.03781146 -0.05343017 -0.21460846
v -0.03309745 -0.04473400 -0.21965790
v -0.03203046 -0.04958281 -0.22902414
v -0.05574231 -0.09528679 -0.20677543
v -0.05966231 -0.09855676 -0.20153666
v 0.04204103 -0.07493596 -0.27911848
v 0.03742239 -0.07738042 -0.27623999
v 0.00034131 -0.13820025 -0.20821708
v 0.01330534 -0.13631511 -0.21471000
v -0.01036814 -0.13993263 -0.20256045
v -0.01808783 -0.14185309 -0.19853452
v -0.02543989 -0.14500627 -0.19442657
v 0.01678726 -0.07816052 -0.23485216
v 0.00429307 -0.08607608 -0.22051433
v -0.00881097 -0.08346978 -0.21065673
v -0.02432737 -0.06050083 -0.19811580
v -0.02811971 -0.06522763 -0.19276336
v -0.02009207 -0.07079753 -0.19623497
v -0.01885304 -0.06517857 -0.20125192
v -0.03335172 -0.05092099 -0.20670244
v -0.02647439 -0.05164760 -0.20430169
v -0.02267897 -0.04508010 -0.21017644
v -0.02893353 -0.04311192 -0.21238524
v 0.02612919 -0.12260199 -0.23175278
v 0.01429878 -0.12485075 -0.22995594
v -0.04666743 -0.08382642 -0.18131357
v -0.04796204 -0.09032226 -0.17697009
v -0.05032727 -0.09620154 -0.17367688
v -0.01609336 -0.09533682 -0.19235241
v -0.01919368 -0.10466230 -0.18231803
v -0.01372291 -0.10870054 -0.18284556
v -0.01223885 -0.09784654 -0.19379446
v 0.00601089 -0.10354686 -0.19787237
v 0.00460172 -0.11400688 -0.18793574
v 0.01662849 -0.10699087 -0.20292890
v -0.02257538 -0.11613005 -0.17694688
v -0.03283766 -0.11585790 -0.17244411
v -0.02817455 -0.12374339 -0.17382693
v -0.03819963 -0.10802037 -0.17122182
v -0.04410547 -0.10075057 -0.17158091
v -0.03878760 -0.12213492 -0.16750649
v -0.03547370 -0.13030347 -0.16954225
v -0.04411915 -0.11390367 -0.16679537
v -0.04932433 -0.10686910 -0.16743273
v -0.07221144 -0.10545352 -0.19147721
v -0.06782240 -0.10081309 -0.18171695
v -0.06486270 -0.10177252 -0.19683105
v -0.03119344 -0.14553052 -0.18069449
v -0.02401656 -0.13226527 -0.17726451
v -0.03302369 -0.13779753 -0.17377952
v -0.03461033 -0.14976159 -0.18999088
v 0.03093955 -0.12067375 -0.20892692
v 0.03688307 -0.12057501 -0.21417400
v 0.03526700 -0.11466572 -0.21820047
v 0.02930126 -0.11431584 -0.21422076
v 0.02510330 -0.09791070 -0.24941298
v 0.02899459 -0.09519172 -0.24438828
v 0.02628386 -0.09762147 -0.23950866
v -0.02448604 -0.08363393 -0.18503422
v -0.03438407 -0.07810828 -0.18208912
v 0.02384332 -0.07787541 -0.24048859
v 0.03603789 -0.08438742 -0.26980048
v 0.03991383 -0.08625767 -0.26594493
v 0.03279760 -0.09123474 -0.25828215
v 0.02848178 -0.08954126 -0.26254269
v 0.02478689 -0.07340738 -0.24828345
v 0.02773255 -0.07721129 -0.24509522
v 0.03241757 -0.07480589 -0.25008360
v 0.02898002 -0.07166874 -0.25429270
v 0.00175992 -0.04679218 -0.23746151
v -0.00112823 -0.04931760 -0.23069882
v 0.00631890 -0.08184123 -0.25425372
v 0.01076475 -0.09170869 -0.25594208
v 0.00397447 -0.09785768 -0.25128913
v -0.00294164 -0.06824705 -0.22242120
v 0.00165975 -0.06303221 -0.22899747
v -0.00161195 -0.05861104 -0.22676289
v 0.01663896 -0.07517120 -0.23668620
v 0.02096233 -0.07459426 -0.24117035
v 0.01629129 -0.07078221 -0.23943174
v 0.01192197 -0.07290369 -0.23395023
v -0.04324278 -0.06306124 -0.20884225
v -0.03727950 -0.05945465 -0.19856155
v 0.05005202 -0.07943174 -0.26922956
v 0.04660255 -0.08229977 -0.26621571
v -0.06048086 -0.09980690 -0.17388737
v -0.05456141 -0.10217491 -0.16939920
v -0.00774828 -0.07447103 -0.21553233
v -0.00347099 -0.10476005 -0.24415988
v -0.01163581 -0.08025867 -0.20777750
v -0.01610985 -0.05015892 -0.24177578
v -0.01500550 -0.04474542 -0.23701391
v -0.00912917 -0.04309630 -0.24170148
v -0.01179466 -0.04636407 -0.24679133
v 0.03490868 -0.06818742 -0.26287210
v 0.03896588 -0.07097122 -0.25900167
v 0.04262212 -0.06824082 -0.26415199
v 0.03874940 -0.06570730 -0.26794079
v 0.02973947 -0.08200863 -0.24412543
v 0.03160086 -0.08740819 -0.24542326
v 0.03616276 -0.08485499 -0.25051954
v 0.03486052 -0.07941860 -0.24905500
v 0.03111750 -0.09227306 -0.24870834
v 0.03545517 -0.08941960 -0.25393373
v 0.03107774 -0.06858209 -0.26840591
v 0.02983251 -0.07377636 -0.27209520
v 0.02221945 -0.07768708 -0.26476961
v 0.02496809 -0.07260773 -0.26049662
v -0.04071921 -0.08791706 -0.22406754
v -0.04540597 -0.08235478 -0.21861473
v -0.03892735 -0.07255173 -0.22504324
v -0.03217500 -0.06279647 -0.23138222
v -0.02376446 -0.05409616 -0.23581928
v -0.01891258 -0.06152362 -0.24414673
v -0.04239725 -0.06775922 -0.21855137
v 0.01593342 -0.07346725 -0.25386769
v 0.01603189 -0.07946491 -0.25784796
v 0.01123813 -0.07470062 -0.25729856
v -0.01503688 -0.07461888 -0.20376483
v 0.04250935 -0.08498603 -0.26211798
v -0.03402267 -0.13331980 -0.21347681
v -0.04289609 -0.12453920 -0.21527588
v -0.03673157 -0.11796486 -0.22083548
v -0.02722231 -0.12882712 -0.21810070
v 0.04178816 -0.07535213 -0.25788718
v 0.04340371 -0.08072504 -0.25882053
v -0.00525528 -0.04418281 -0.22962415
v -0.00218320 -0.04294813 -0.23615506
v -0.00571048 -0.04052520 -0.23766249
v -0.00917056 -0.04040000 -0.23284698
v -0.04833676 -0.07724369 -0.21240848
v -0.02907193 -0.03779015 -0.22364533
v -0.02961537 -0.04337353 -0.23243940
v -0.05136581 -0.09021536 -0.21241197
v -0.04695392 -0.09636679 -0.21807697
v -0.05187312 -0.10282856 -0.21341857
v -0.00783983 -0.06675753 -0.25054228
v -0.03532898 -0.09296522 -0.22884199
v -0.04153317 -0.10134849 -0.22217846
v -0.04632673 -0.10965443 -0.21699920
v -0.05098082 -0.11528426 -0.21287063
v -0.05653794 -0.10735688 -0.20904154
v 0.03224173 -0.07995278 -0.27244693
v 0.03506982 -0.07144280 -0.27606273
v -0.06234923 -0.11152548 -0.20424560
v -0.07070038 -0.11425304 -0.19908565
v -0.06521422 -0.12364024 -0.20256603
v -0.05691466 -0.12009060 -0.20824346
v -0.03504622 -0.10719231 -0.22539103
v -0.02822249 -0.11322686 -0.22762093
v -0.02901302 -0.09819454 -0.23237273
v -0.02128585 -0.10450986 -0.23535082
v -0.00363684 -0.07567546 -0.25473693
v 0.04598555 -0.06132793 -0.28139716
v 0.04012951 -0.06455272 -0.27624714
v 0.04240242 -0.06299058 -0.27198476
v 0.04762387 -0.05953437 -0.27780610
v 0.03572518 -0.06666626 -0.27260303
v 0.03970960 -0.06912860 -0.27918929
v -0.01085469 -0.11258247 -0.23623979
v 0.01975963 -0.06949618 -0.24635944
v -0.01633990 -0.12335363 -0.22561714
v 0.00255035 -0.11804527 -0.23677370
v 0.00000517 -0.12606290 -0.22915846
v -0.01836573 -0.13683236 -0.21158209
v -0.00830309 -0.13453940 -0.21639884
v -0.03262234 -0.14350417 -0.20301491
v -0.02571845 -0.13965198 -0.20720834
v -0.04136959 -0.14830685 -0.19823840
v 0.00571573 -0.13309884 -0.22198460
v 0.05545306 -0.07126158 -0.27055392
v 0.05348822 -0.06582063 -0.27021632
v -0.04056337 -0.13755190 -0.20879996
v -0.04926777 -0.14219815 -0.20376632
v 0.02427979 -0.11092609 -0.20920241
v -0.01770823 -0.08178768 -0.19648173
v -0.01508409 -0.08589137 -0.19989374
v -0.03129226 -0.07062566 -0.18746239
v -0.02185343 -0.07637316 -0.19105756
v -0.05796149 -0.13320372 -0.20492044
v -0.04689595 -0.13108838 -0.15944090
v -0.05150858 -0.12255338 -0.15795153
v -0.07622021 -0.12641686 -0.19492012
v 0.05564663 -0.07508898 -0.27346522
v 0.00787169 -0.05474138 -0.25003660
v 0.00524750 -0.05371237 -0.24955240
v 0.03061959 -0.12917224 -0.20798460
v 0.03690609 -0.12711787 -0.21448696
v 0.03235488 -0.13121772 -0.22410873
v 0.03548972 -0.13075119 -0.21851271
v 0.02810393 -0.13432032 -0.21277487
v 0.02340813 -0.13428667 -0.21940142
v -0.01833102 -0.09235960 -0.19085750
v -0.02063990 -0.08813456 -0.18884692
v -0.04798973 -0.07136905 -0.20244595
v -0.04222937 -0.06793797 -0.19273144
v 0.02781004 -0.09449065 -0.25320885
v 0.01818687 -0.09676111 -0.25315166
v 0.02242580 -0.09296677 -0.25695756
v 0.02408791 -0.08473131 -0.26525173
v 0.01952216 -0.07177106 -0.25182393
v 0.02143523 -0.07427827 -0.25457728
v -0.00557038 -0.11148158 -0.18450093
v -0.00459072 -0.10050097 -0.19539827
v 0.02644067 -0.11075291 -0.22080630
v 0.03064872 -0.11273485 -0.22454920
v 0.00614750 -0.06831941 -0.23117992
v 0.00135058 -0.06358451 -0.25773403
v 0.00368956 -0.07119915 -0.25997499
v 0.01065671 -0.06497961 -0.23719782
v 0.05149630 -0.07504657 -0.28099835
v 0.05443686 -0.07647929 -0.27721608
v 0.01719898 -0.08777347 -0.25976944
v -0.00557286 -0.05330116 -0.22346595
v -0.00318253 -0.05896318 -0.25189745
v 0.00403881 -0.05846238 -0.25465161
v -0.02562681 -0.03797886 -0.21694341
v -0.04926875 -0.12908342 -0.21039250
v 0.04586658 -0.06503716 -0.26751691
v 0.05040434 -0.06085700 -0.27266541
v 0.04580393 -0.06544238 -0.28331310
v 0.04795030 -0.07090649 -0.28312325
v -0.04519148 -0.07597241 -0.18687752
v -0.01277937 -0.08869869 -0.20243749
v -0.05695653 -0.11462465 -0.15808082
v 0.01786795 -0.13100821 -0.22558773
v 0.02856849 -0.12794700 -0.22935405
v 0.01489690 -0.06237128 -0.24339858
v -0.02252576 -0.04595143 -0.23601970
v -0.01372898 -0.05602825 -0.24885330
v -0.01009852 -0.05193380 -0.25277099
v -0.00306508 -0.05574231 -0.25490966
v 0.00251395 -0.05433732 -0.25367546
v 0.05016106 -0.06242791 -0.28703257
v 0.05247882 -0.06771740 -0.28702912
v 0.05614790 -0.07170135 -0.28521714
v 0.05869502 -0.07300037 -0.28105301
v 0.05927807 -0.07172057 -0.27695343
v 0.05021286 -0.05867362 -0.28522927
v 0.05156735 -0.05710140 -0.28150475
v 0.05396751 -0.05848172 -0.27647564
v 0.05382475 -0.05596542 -0.28818133
v 0.05463877 -0.05926964 -0.29083237
v 0.06569135 -0.06568205 -0.29142147
v 0.06078571 -0.06808728 -0.28953984
v 0.06127965 -0.06496084 -0.29206920
v 0.06408611 -0.06351355 -0.29376140
v 0.06696567 -0.06110996 -0.29575664
v 0.06888595 -0.06244281 -0.29325703
v 0.05867198 -0.06294453 -0.29233560
v 0.06124681 -0.06065261 -0.29481474
v 0.05935624 -0.05714840 -0.29429314
v 0.06211033 -0.05488110 -0.29659596
v 0.06407288 -0.05817625 -0.29716763
v 0.05739766 -0.05974790 -0.29253030
v 0.05627033 -0.06493255 -0.29026452
v 0.07036614 -0.05879962 -0.29548657
v 0.06860250 -0.05901125 -0.29725409
v 0.06696552 -0.05611980 -0.29878798
v 0.06904340 -0.05452764 -0.29748785
v 0.06229988 -0.06990382 -0.28440228
v 0.06657448 -0.06592044 -0.28774971
v 0.06977853 -0.06176665 -0.29040495
v 0.07122737 -0.05769679 -0.29289788
v 0.06704399 -0.06395134 -0.28476384
v 0.06967306 -0.05970696 -0.28813714
v 0.07063514 -0.05622163 -0.29046351
v 0.06669638 -0.06045040 -0.28294921
v 0.06902516 -0.05704290 -0.28690019
v 0.06201509 -0.06515503 -0.27774939
v 0.06258431 -0.06862608 -0.28029594
v 0.06976607 -0.05523759 -0.28914022
v 0.06970194 -0.05343482 -0.29476643
v 0.05794120 -0.05489799 -0.29290849
v 0.06151018 -0.05244631 -0.29532081
v 0.05791914 -0.05289215 -0.29090932
v 0.06190842 -0.05070418 -0.29333103
v 0.06526461 -0.05165774 -0.29737794
v 0.06458318 -0.05361590 -0.29851219
v 0.05867779 -0.06811488 -0.27393374
v 0.05649754 -0.06284362 -0.27406174
v 0.06006923 -0.06003755 -0.27752995
v 0.06472808 -0.05583706 -0.28242928
v 0.05718556 -0.05617568 -0.27985889
v 0.05503100 -0.05466813 -0.28451735
v 0.05898884 -0.05211809 -0.28804880
v 0.06127077 -0.05276129 -0.28461656
v 0.06301567 -0.05033132 -0.29072148
v 0.06487834 -0.05116346 -0.28839323
v 0.06743720 -0.05371836 -0.28708011
v 0.06655389 -0.05038631 -0.29230797
v 0.06606197 -0.05051085 -0.29502743
v 0.06937727 -0.05293328 -0.29216757
v 0.06685549 -0.05115068 -0.29034042
v 0.06859082 -0.05310276 -0.28986421
v 0.03830490 -0.04964525 -0.27322948
v 0.03593573 -0.04464817 -0.27194133
v 0.03138471 -0.04873431 -0.26810175
v 0.03387186 -0.05362529 -0.26919731
v 0.03373441 -0.05658233 -0.28258511
v 0.03792265 -0.05648598 -0.27861094
v 0.03336236 -0.06035498 -0.27525580
v 0.02893314 -0.06008086 -0.27917296
v 0.02856010 -0.05215573 -0.28364974
v 0.02355775 -0.05532730 -0.28025106
v 0.02399433 -0.06394026 -0.27444983
v 0.02848586 -0.06407130 -0.27048686
v 0.02067015 -0.06927884 -0.26047733
v 0.01659152 -0.07017908 -0.26461893
v 0.01613805 -0.05372021 -0.25163922
v 0.01269829 -0.05234396 -0.25543833
v 0.03937727 -0.05366758 -0.27535802
v 0.03484339 -0.05751228 -0.27159345
v 0.02018842 -0.04696804 -0.26541561
v 0.02383232 -0.04851738 -0.26271361
v 0.02841094 -0.04491663 -0.26844418
v 0.02497271 -0.04311529 -0.27092406
v 0.02245763 -0.06401908 -0.25287804
v 0.01961279 -0.05848444 -0.25101903
v 0.02246341 -0.06714886 -0.25658536
v 0.01682767 -0.04797800 -0.26962906
v 0.01566532 -0.05230567 -0.27373442
v 0.00767457 -0.05929706 -0.26508158
v 0.00919005 -0.05435234 -0.26082060
v 0.02997681 -0.06126195 -0.26649511
v 0.02694899 -0.05241391 -0.26212004
v 0.02951041 -0.05735675 -0.26346564
v 0.01839170 -0.05909854 -0.27562287
v 0.02101228 -0.04840481 -0.27816546
v 0.03297314 -0.03688920 -0.28446090
v 0.02679080 -0.04118788 -0.27872393
v 0.02916145 -0.03921759 -0.27520284
v 0.03511870 -0.03453121 -0.28137276
v 0.02235138 -0.04447119 -0.27446970
v 0.02595395 -0.04556786 -0.28198501
v 0.04474741 -0.04360443 -0.27906346
v 0.04208511 -0.03865492 -0.27805504
v 0.04571775 -0.04772422 -0.28095534
v 0.01029471 -0.06615946 -0.26711494
v 0.04026195 -0.05104503 -0.28751004
v 0.04421541 -0.05034950 -0.28378853
v 0.03278482 -0.04065031 -0.27244258
v 0.03852189 -0.03505591 -0.27850375
v 0.03246021 -0.04121539 -0.28730661
v 0.03507984 -0.04731748 -0.28851074
v 0.03772998 -0.03713876 -0.29139400
v 0.04043275 -0.04262426 -0.29253864
v 0.04523927 -0.04626679 -0.29176587
v 0.04853085 -0.04595324 -0.28778765
v 0.04925567 -0.04365739 -0.28479606
v 0.03770950 -0.03328902 -0.28882533
v 0.03910226 -0.03141871 -0.28577811
v 0.04196572 -0.03204542 -0.28251675
v 0.04191995 -0.02927494 -0.29286635
v 0.04250047 -0.03240451 -0.29593173
v 0.05768085 -0.03385848 -0.30107591
v 0.05451947 -0.03797263 -0.29850304
v 0.05240041 -0.03583929 -0.30032995
v 0.05540231 -0.03309867 -0.30326599
v 0.04972547 -0.04128450 -0.29627353
v 0.04966107 -0.03766054 -0.29862532
v 0.04705226 -0.03539944 -0.29872170
v 0.04931325 -0.03286439 -0.30141443
v 0.04730201 -0.02932030 -0.30027020
v 0.04976526 -0.02653462 -0.30324998
v 0.05205628 -0.03006843 -0.30483347
v 0.04539102 -0.03227285 -0.29827932
v 0.05711457 -0.03032440 -0.30545986
v 0.05867067 -0.02934188 -0.30372864
v 0.04447663 -0.03826985 -0.29641899
v 0.05210572 -0.04234129 -0.29160550
v 0.05604923 -0.03788102 -0.29508618
v 0.05880579 -0.03280491 -0.29818496
v 0.05941659 -0.02776098 -0.30090716
v 0.05655286 -0.03541049 -0.29210454
v 0.05897066 -0.03052193 -0.29576489
v 0.05912510 -0.02650091 -0.29858658
v 0.05567795 -0.03168231 -0.28990829
v 0.05806643 -0.02766135 -0.29433838
v 0.05102924 -0.03687569 -0.28549802
v 0.05231196 -0.04042524 -0.28793040
v 0.05833679 -0.02570426 -0.29697055
v 0.05671659 -0.02512217 -0.30595860
v 0.05750942 -0.02385175 -0.30301273
v 0.05502936 -0.02732643 -0.30771610
v 0.04645896 -0.02745140 -0.29845273
v 0.04941592 -0.02445072 -0.30144289
v 0.04579785 -0.02544087 -0.29663917
v 0.04937041 -0.02248776 -0.29998943
v 0.05268341 -0.02294904 -0.30471811
v 0.05215061 -0.02482492 -0.30591461
v 0.04804832 -0.04006785 -0.28269398
v 0.04534698 -0.03559536 -0.28170124
v 0.04848006 -0.03232890 -0.28441224
v 0.05304682 -0.02724013 -0.28907096
v 0.04498300 -0.02924764 -0.28549141
v 0.04271388 -0.02807185 -0.28938586
v 0.04683670 -0.02431121 -0.29370418
v 0.04940376 -0.02462590 -0.29055524
v 0.05051804 -0.02177277 -0.29742271
v 0.05267599 -0.02217728 -0.29475117
v 0.05572978 -0.02436975 -0.29364178
v 0.05414572 -0.02119240 -0.29972568
v 0.05334881 -0.02145305 -0.30262154
v 0.05748677 -0.02334866 -0.29984224
v 0.05481219 -0.02170542 -0.29732043
v 0.05691689 -0.02342594 -0.29711843
v 0.01966444 -0.03237484 -0.26381689
v 0.01768786 -0.02810898 -0.26065326
v 0.01376396 -0.03198966 -0.25767329
v 0.01614538 -0.03613342 -0.26078862
v 0.01331940 -0.03545947 -0.27230415
v 0.01655522 -0.03598171 -0.27080154
v 0.01333287 -0.04048033 -0.26758108
v 0.00932932 -0.04062179 -0.26930633
v 0.00901753 -0.03203481 -0.27202404
v 0.00434127 -0.03685217 -0.26853594
v 0.00560135 -0.04521489 -0.26580659
v 0.01037198 -0.04481085 -0.26379159
v 0.00529581 -0.05044757 -0.25685227
v 0.00031370 -0.05136104 -0.25944468
v 0.01893455 -0.03477424 -0.26777047
v 0.01574668 -0.03889719 -0.26449686
v 0.00394359 -0.03080629 -0.25249588
v 0.00721055 -0.03234071 -0.25150281
v 0.01057711 -0.02850874 -0.25650623
v 0.00748232 -0.02704903 -0.25753284
v 0.00733411 -0.04629308 -0.24777201
v 0.00482425 -0.04261878 -0.24407199
v 0.00743070 -0.04856834 -0.25252217
v 0.00013748 -0.03135529 -0.25622562
v -0.00227767 -0.03514308 -0.26094508
v -0.00764179 -0.04144187 -0.25320858
v -0.00504616 -0.03832686 -0.24798909
v 0.01285014 -0.04269785 -0.26040414
v 0.01074857 -0.03576756 -0.25266120
v 0.01306596 -0.03988227 -0.25625506
v 0.00013649 -0.04120028 -0.26441470
v 0.00195080 -0.03113376 -0.26503453
v 0.01346651 -0.01740211 -0.27104497
v 0.00759634 -0.02338986 -0.26450375
v 0.01080510 -0.02255553 -0.26103124
v 0.01601756 -0.01630093 -0.26773754
v 0.00385100 -0.02730180 -0.26058751
v 0.00650647 -0.02691440 -0.26904628
v 0.02504107 -0.02576190 -0.26892167
v 0.02296591 -0.02165651 -0.26591781
v 0.02435377 -0.02821541 -0.27244934
v -0.00554162 -0.04729009 -0.25793374
v -0.00146303 -0.03729671 -0.24356085
v 0.01945227 -0.02865390 -0.27731892
v 0.02235529 -0.02927463 -0.27563629
v 0.01423934 -0.02427112 -0.25940266
v 0.01939562 -0.01787445 -0.26536608
v 0.01282731 -0.02079490 -0.27480277
v 0.01526102 -0.02573106 -0.27726465
v 0.01678172 -0.01641059 -0.27879819
v 0.01945126 -0.02118912 -0.28101432
v 0.02362946 -0.02415764 -0.28138918
v 0.02637482 -0.02462345 -0.27897209
v 0.02777269 -0.02368984 -0.27554134
v 0.01758906 -0.01316705 -0.27530572
v 0.01967573 -0.01259205 -0.27219811
v 0.02248809 -0.01449826 -0.26932156
v 0.02039671 -0.00978386 -0.27826640
v 0.02060699 -0.01258484 -0.28214779
v 0.03458333 -0.01280558 -0.29027981
v 0.03202757 -0.01629677 -0.28764588
v 0.03017631 -0.01464987 -0.28820375
v 0.03242129 -0.01190352 -0.29107285
v 0.02742949 -0.01970613 -0.28503808
v 0.02760226 -0.01676953 -0.28653255
v 0.02471840 -0.01502162 -0.28588432
v 0.02683908 -0.01232767 -0.28862470
v 0.02470624 -0.00942436 -0.28601632
v 0.02700239 -0.00673062 -0.28864375
v 0.02925318 -0.00950599 -0.29126304
v 0.02293259 -0.01228148 -0.28476748
v 0.03353146 -0.00959224 -0.29278982
v 0.03540748 -0.00925106 -0.29217759
v 0.02267572 -0.01749322 -0.28397888
v 0.03001255 -0.02104595 -0.28182516
v 0.03379661 -0.01703331 -0.28486651
v 0.03640750 -0.01266563 -0.28787258
v 0.03678334 -0.00873157 -0.28949976
v 0.03446111 -0.01600888 -0.28137612
v 0.03692138 -0.01176363 -0.28451985
v 0.03714293 -0.00831673 -0.28622049
v 0.03388032 -0.01401535 -0.27815488
v 0.03621122 -0.01010087 -0.28184918
v 0.03024349 -0.01828814 -0.27468956
v 0.03082255 -0.02026156 -0.27802482
v 0.03654629 -0.00802076 -0.28400424
v 0.03318256 -0.00563726 -0.29214150
v 0.03449380 -0.00469342 -0.28930306
v 0.03134975 -0.00715339 -0.29317570
v 0.02364308 -0.00793040 -0.28387871
v 0.02658677 -0.00516111 -0.28654417
v 0.02402964 -0.00660193 -0.28118053
v 0.02735877 -0.00398800 -0.28440508
v 0.02951619 -0.00395504 -0.28951588
v 0.02902141 -0.00536057 -0.29081097
v 0.02764931 -0.02159879 -0.27208278
v 0.02556413 -0.01822907 -0.26948342
v 0.02817765 -0.01520532 -0.27235252
v 0.03188562 -0.01069775 -0.27617350
v 0.02517411 -0.01181254 -0.27214304
v 0.02257475 -0.00982329 -0.27505460
v 0.02582258 -0.00646430 -0.27852857
v 0.02856207 -0.00774902 -0.27620631
v 0.02888870 -0.00389478 -0.28206331
v 0.03129706 -0.00479314 -0.28018692
v 0.03432623 -0.00727850 -0.28025869
v 0.03184584 -0.00314230 -0.28479674
v 0.03057161 -0.00305250 -0.28722516
v 0.03509620 -0.00492969 -0.28620192
v 0.03278199 -0.00402272 -0.28278810
v 0.03510320 -0.00578281 -0.28349471
v 0.00141752 -0.03934675 -0.24263543
v -0.00735551 -0.01946263 -0.24402273
v -0.00878203 -0.01741803 -0.24085689
v -0.01052466 -0.02122992 -0.23856863
v -0.00927085 -0.02319296 -0.24151960
v -0.01419911 -0.02074082 -0.25234121
v -0.01020741 -0.02163288 -0.25112924
v -0.01209301 -0.02597499 -0.24857968
v -0.01649827 -0.02533010 -0.24989611
v -0.01838893 -0.01781206 -0.24981773
v -0.02094969 -0.02228141 -0.24723622
v -0.01822162 -0.03052817 -0.24637544
v -0.01345658 -0.03087044 -0.24514505
v -0.01578686 -0.03837022 -0.23934656
v -0.02092317 -0.03913155 -0.24050397
v -0.02293989 -0.03442740 -0.22103319
v -0.01869422 -0.03621233 -0.22068325
v -0.01677829 -0.03035897 -0.22602293
v -0.02078232 -0.02901950 -0.22543371
v -0.00789931 -0.02087916 -0.24780962
v -0.00969034 -0.02490452 -0.24526697
v -0.01788938 -0.02147256 -0.23217705
v -0.01413783 -0.02292310 -0.23283249
v -0.01300398 -0.01909843 -0.23650828
v -0.01637375 -0.01740745 -0.23600167
v -0.01480168 -0.03794479 -0.22284019
v -0.01138833 -0.03968349 -0.22671214
v -0.01236099 -0.03482360 -0.23168057
v -0.01379114 -0.03224924 -0.22846043
v -0.01297018 -0.03626516 -0.23549736
v -0.02177331 -0.02151042 -0.23393115
v -0.02393135 -0.02364145 -0.23852977
v -0.02757460 -0.03186673 -0.23112199
v -0.02454767 -0.02938780 -0.22732320
v -0.01096779 -0.02919553 -0.24186978
v -0.01166877 -0.02513291 -0.23510116
v -0.01027852 -0.02742128 -0.23832867
v -0.02297661 -0.02750474 -0.24359211
v -0.02187380 -0.01884079 -0.24237812
v -0.01521939 -0.00751118 -0.24424282
v -0.01823109 -0.01309370 -0.24061200
v -0.01499480 -0.01325092 -0.23815021
v -0.01251921 -0.00774732 -0.24170938
v -0.01989031 -0.01709333 -0.23793837
v -0.01968390 -0.01467150 -0.24504140
v -0.00442737 -0.01411702 -0.24752977
v -0.00605437 -0.01217759 -0.24387997
v -0.00519416 -0.01532224 -0.25110513
v -0.02679127 -0.03655544 -0.23764408
v -0.01082182 -0.01511903 -0.25552973
v -0.00711206 -0.01581368 -0.25419945
v -0.01144111 -0.01516345 -0.23869777
v -0.00909927 -0.00965063 -0.24180186
v -0.01637775 -0.00912654 -0.24859703
v -0.01485452 -0.01241463 -0.25314125
v -0.01380774 -0.00460057 -0.25170931
v -0.01238775 -0.00796935 -0.25624815
v -0.00818983 -0.01083423 -0.25823364
v -0.00481859 -0.01194052 -0.25660828
v -0.00325397 -0.01170497 -0.25342977
v -0.01259533 -0.00311103 -0.24745730
v -0.01014733 -0.00387736 -0.24509639
v -0.00730190 -0.00613777 -0.24484527
v -0.01008677 -0.00017937 -0.25039810
v -0.01101285 -0.00105877 -0.25503057
v 0.00058198 -0.00016420 -0.26411995
v -0.00149059 -0.00345832 -0.26249787
v -0.00341815 -0.00210162 -0.26262584
v -0.00155202 0.00034724 -0.26452512
v -0.00549161 -0.00661196 -0.26054698
v -0.00570107 -0.00427783 -0.26125562
v -0.00821105 -0.00300616 -0.25989041
v -0.00659430 -0.00049680 -0.26184440
v -0.00781476 0.00159349 -0.25912887
v -0.00598752 0.00471786 -0.26088017
v -0.00481156 0.00222746 -0.26401412
v -0.00954312 -0.00060950 -0.25808516
v -0.00081402 0.00245245 -0.26600748
v 0.00106874 0.00296636 -0.26545453
v -0.00997168 -0.00480105 -0.25843990
v -0.00279042 -0.00824888 -0.25864428
v 0.00022322 -0.00419264 -0.26103291
v 0.00233316 -0.00001502 -0.26289675
v 0.00261179 0.00358903 -0.26342830
v 0.00082558 -0.00433758 -0.25823855
v 0.00294816 0.00014935 -0.26048249
v 0.00306353 0.00358284 -0.26109183
v 0.00063628 -0.00362693 -0.25492001
v 0.00260371 0.00065008 -0.25770277
v -0.00165266 -0.00751342 -0.25205076
v -0.00163588 -0.00835043 -0.25576022
v 0.00300503 0.00320818 -0.25930804
v -0.00081560 0.00616471 -0.26436549
v 0.00096840 0.00632125 -0.26223579
v -0.00316745 0.00478925 -0.26545727
v -0.00831315 0.00292572 -0.25634819
v -0.00547299 0.00615318 -0.25869897
v -0.00730315 0.00307266 -0.25327054
v -0.00395429 0.00634393 -0.25648057
v -0.00309429 0.00734642 -0.26145849
v -0.00448722 0.00627388 -0.26268694
v -0.00296527 -0.01067597 -0.24986553
v -0.00460282 -0.00865757 -0.24653286
v -0.00304994 -0.00567704 -0.24875000
v -0.00058210 -0.00190382 -0.25179735
v -0.00542477 -0.00316577 -0.24725372
v -0.00799361 -0.00107074 -0.24770921
v -0.00519425 0.00258532 -0.25118577
v -0.00263068 0.00070362 -0.25045031
v -0.00214064 0.00548846 -0.25489458
v -0.00007597 0.00407776 -0.25437450
v 0.00162217 0.00202897 -0.25544366
v 0.00021663 0.00636661 -0.25819582
v -0.00124532 0.00735117 -0.25969982
v 0.00192618 0.00552341 -0.26018551
v 0.00110060 0.00526226 -0.25711444
v 0.00224113 0.00436907 -0.25825462
v -0.02578357 -0.03404084 -0.22308350
v 0.03642735 -0.11990589 -0.23699841
v 0.03622089 -0.11513290 -0.23638508
v 0.04328258 -0.11359528 -0.22274610
v 0.04051845 -0.11122093 -0.22823673
v 0.04476091 -0.11907655 -0.22017851
v 0.04442711 -0.12782642 -0.22431237
v 0.04525322 -0.12422121 -0.22134927
v 0.03774592 -0.11196801 -0.23353422
v 0.03838092 -0.12522757 -0.23494777
v 0.04166499 -0.12867337 -0.22959384
v 0.04685654 -0.12331486 -0.24084336
v 0.05045526 -0.12678412 -0.23547474
v 0.05319145 -0.12572446 -0.22949854
v 0.05296069 -0.12206247 -0.22557563
v 0.05152516 -0.11728880 -0.22380877
v 0.04402977 -0.11789903 -0.24269751
v 0.04279059 -0.11299774 -0.24136972
v 0.04391871 -0.11013791 -0.23682401
v 0.05140562 -0.11604303 -0.24827409
v 0.05663387 -0.12077317 -0.24829879
v 0.07230923 -0.11948267 -0.24156618
v 0.06784210 -0.12071383 -0.23839715
v 0.06756698 -0.12212750 -0.24204704
v 0.07119918 -0.12180018 -0.24430192
v 0.06237668 -0.12281761 -0.23602504
v 0.06456524 -0.12275112 -0.24100012
v 0.06282984 -0.12262517 -0.24506298
v 0.06549965 -0.12276724 -0.24710116
v 0.06119768 -0.12167385 -0.24893379
v 0.06309092 -0.12104380 -0.25168604
v 0.06919958 -0.12272003 -0.24923164
v 0.07409847 -0.12135702 -0.24701419
v 0.07279864 -0.12157190 -0.25100538
v 0.07545590 -0.11883354 -0.24584731
v 0.05902924 -0.12344158 -0.24208516
v 0.06042196 -0.12009084 -0.23041999
v 0.06693317 -0.11804423 -0.23529336
v 0.07246473 -0.11618468 -0.24004352
v 0.07519220 -0.11495039 -0.24517941
v 0.06537679 -0.11352587 -0.23391923
v 0.07058740 -0.11217737 -0.24004379
v 0.07266112 -0.11189145 -0.24487504
v 0.06261981 -0.10948405 -0.23588508
v 0.06803064 -0.10948294 -0.24168581
v 0.05477068 -0.11087948 -0.22929990
v 0.05797563 -0.11559275 -0.22798535
v 0.07033320 -0.11015600 -0.24486050
v 0.07505509 -0.11818457 -0.25156623
v 0.07400364 -0.11402065 -0.25066513
v 0.06073999 -0.11801463 -0.25308418
v 0.06652017 -0.12068599 -0.25362256
v 0.06526037 -0.11709175 -0.25522396
v 0.05799286 -0.11427748 -0.25268003
v 0.06418452 -0.11325732 -0.25469479
v 0.07017133 -0.11726654 -0.25530609
v 0.07017304 -0.12075034 -0.25436199
v 0.04918283 -0.11286867 -0.22552887
v 0.04646248 -0.11019439 -0.23080102
v 0.05182868 -0.10827026 -0.23485005
v 0.05940238 -0.10754681 -0.24018255
v 0.04922611 -0.10875547 -0.24110898
v 0.04885414 -0.11131072 -0.24631616
v 0.05666347 -0.11003965 -0.25064504
v 0.05712588 -0.10752019 -0.24608660
v 0.06371893 -0.11009625 -0.25247172
v 0.06399651 -0.10842928 -0.24883208
v 0.06570594 -0.10835615 -0.24491614
v 0.06857035 -0.11071983 -0.25183845
v 0.06969120 -0.11339569 -0.25424701
v 0.07170413 -0.11134553 -0.24906084
v 0.06757329 -0.10946554 -0.24961185
v 0.06922817 -0.10968170 -0.24733809
v -0.02011874 -0.04017842 -0.21529347
v -0.01509789 -0.04278517 -0.21765572
v -0.01795653 -0.04837608 -0.21175355
v -0.02099681 -0.05446199 -0.20472944
v -0.02921444 -0.05672279 -0.19891834
v -0.01666451 -0.05899838 -0.20737252
v -0.01385149 -0.05265599 -0.21426660
v -0.00993627 -0.04618415 -0.22190586
v -0.01559004 -0.06803679 -0.20483512
v -0.31244040 -0.66144466 -0.28194225
v -0.31369573 -0.66023916 -0.28530404
v -0.30798686 -0.65740883 -0.28052789
v -0.30728635 -0.65941471 -0.27832177
v -0.30628145 -0.65484154 -0.28760958
v -0.30708790 -0.65562642 -0.28363317
v -0.31332153 -0.65908754 -0.28989840
v -0.31104267 -0.65842009 -0.29469845
v -0.30331436 -0.65683413 -0.30023342
v -0.30172461 -0.65568519 -0.30144900
v -0.30152720 -0.65484023 -0.30040970
v -0.30232024 -0.65504313 -0.29838216
v -0.30390930 -0.65457070 -0.29500300
v -0.30821812 -0.66343993 -0.27606577
v -0.30980510 -0.66315091 -0.27714753
v -0.31101573 -0.66274369 -0.27949634
v -0.30530196 -0.65451413 -0.29144782
v -0.30716571 -0.66125995 -0.27663186
v -0.30736262 -0.66267878 -0.27583930
v -0.30671909 -0.65830863 -0.29835635
v -0.30848247 -0.65617275 -0.28806740
v -0.30893046 -0.65738291 -0.28435710
v -0.31063938 -0.65777576 -0.28897089
v -0.30898848 -0.65721369 -0.29323745
v -0.30432892 -0.65552652 -0.29723811
v -0.30546349 -0.65570849 -0.29520476
v -0.30884460 -0.65891719 -0.28132936
v -0.30711454 -0.65583599 -0.29197338
v -0.31091154 -0.65900868 -0.28482890
v -0.30658662 -0.65693700 -0.29652518
v -0.30483767 -0.65641564 -0.29822201
v -0.30843931 -0.66278833 -0.27688938
v -0.30811951 -0.66240752 -0.27677608
v -0.13867363 -0.50576103 -0.21207568
v -0.13413335 -0.48817575 -0.20598766
v -0.31056032 -0.66031057 -0.28188533
v -0.30836585 -0.66159648 -0.27765819
v -0.30866730 -0.66039252 -0.27921784
v -0.30981231 -0.66155851 -0.27955988
v -0.30906004 -0.66238135 -0.27787650
v -0.20928669 -0.37927258 -0.11345577
v -0.22542459 -0.37952366 -0.11708869
v -0.27020311 -0.38126451 -0.08992341
v -0.27447972 -0.38770184 -0.06981090
v -0.10621761 -0.28430489 -0.06442595
v -0.07395712 -0.44116724 0.06486145
v -0.08103418 -0.45789462 0.05626130
v -0.00444307 -0.46858978 0.03647080
v -0.02164102 -0.46554664 0.04851302
v -0.13710964 -0.36346677 0.01984803
v -0.14054438 -0.37587553 0.01010004
v -0.12538765 -0.31909698 -0.03249431
v -0.12798055 -0.33416000 -0.04168966
v -0.13378516 -0.33465704 0.01213118
v -0.02984693 -0.42284888 0.08113354
v -0.04824248 -0.41724023 0.08491667
v -0.05120493 -0.43376464 0.07220227
v -0.03335896 -0.44054064 0.06877711
v 0.01006425 -0.46643156 0.02186416
v 0.01534361 -0.44512349 0.03429954
v -0.14405058 -0.40600273 0.01691511
v -0.13580926 -0.42386174 0.03270720
v -0.10694845 -0.45756409 0.04803351
v -0.09023540 -0.47308385 0.04921262
v -0.07370278 -0.48700979 0.04458985
v -0.05689006 -0.49876553 0.03600957
v -0.12599772 -0.33796564 -0.06924515
v -0.12022491 -0.34749830 -0.09591083
v -0.14650846 -0.38876525 -0.00119203
v -0.08737545 -0.31732818 -0.11814576
v -0.05023843 -0.53132284 0.01385241
v -0.02882459 -0.53588617 -0.00078514
v -0.12305545 -0.44140694 0.04265391
v -0.13306332 -0.44271317 -0.18470728
v -0.14734776 -0.44463664 -0.17785996
v -0.14361870 -0.42963699 -0.17617695
v -0.12887101 -0.42795861 -0.18167719
v -0.15666080 -0.43116277 -0.16843370
v -0.16837141 -0.43266672 -0.15930606
v -0.17846526 -0.43443614 -0.15001476
v -0.19698343 -0.43936148 -0.12149342
v -0.19271201 -0.43778932 -0.13089000
v -0.20064351 -0.44195983 -0.10113499
v -0.19942375 -0.44067955 -0.11187722
v -0.19893080 -0.44382131 -0.08706699
v -0.19430286 -0.44838387 -0.07116088
v -0.19265755 -0.46154630 -0.06057496
v -0.18893075 -0.45325494 -0.05486897
v -0.19039881 -0.43992013 -0.06709311
v -0.19485047 -0.43621764 -0.08269415
v -0.19668657 -0.43372026 -0.09644672
v -0.10133046 -0.38299912 -0.15943572
v -0.10629714 -0.39826021 -0.17406663
v -0.14240219 -0.52264547 -0.21828622
v -0.17783396 -0.17790279 -0.06579792
v -0.08278775 -0.17114574 -0.17125601
v -0.10925113 -0.64722961 -0.15291241
v -0.13097121 -0.64780819 -0.14144681
v -0.19984508 -0.62673748 -0.11646467
v -0.22097857 -0.61177975 -0.12245804
v -0.17588216 -0.63810468 -0.11587861
v -0.15121770 -0.64311993 -0.12265734
v -0.14679459 -0.38723922 -0.03223637
v -0.11691776 -0.63553131 -0.11275621
v -0.14802878 -0.64033073 -0.11191034
v -0.17431533 -0.63537562 -0.10377275
v -0.20207423 -0.62303817 -0.10098107
v -0.22937211 -0.60422021 -0.10533411
v -0.24307179 -0.58874696 -0.10053837
v -0.25130987 -0.56633478 -0.07813883
v -0.25983557 -0.55385292 -0.07681850
v -0.26787210 -0.53951848 -0.07541332
v -0.27657452 -0.53675419 -0.09249011
v -0.26838133 -0.55105025 -0.09403210
v -0.27555272 -0.42691657 -0.06615673
v -0.27005929 -0.41037390 -0.05984306
v -0.26357630 -0.40073121 -0.04994143
v -0.25522241 -0.39590132 -0.04064528
v -0.24414736 -0.39762053 -0.03294395
v -0.23277909 -0.40396026 -0.02892566
v -0.22228816 -0.41897991 -0.02848394
v -0.20646071 -0.46448788 -0.03413285
v -0.20375806 -0.48138589 -0.03459141
v -0.18992496 -0.51513433 -0.01804657
v -0.18497553 -0.52068770 -0.01095992
v -0.15646741 -0.52938169 0.00735911
v -0.13806997 -0.52925587 0.01470711
v -0.11940216 -0.52551925 0.02452414
v -0.02457345 -0.32661071 0.14784884
v -0.04457298 -0.32940048 0.14905989
v -0.04380082 -0.34624738 0.13552570
v -0.02336020 -0.34346288 0.13468766
v 0.01294765 -0.37806591 0.09255973
v 0.03183825 -0.37526888 0.08117446
v -0.10381895 -0.33548889 0.11184555
v -0.11757747 -0.32512724 0.09648685
v -0.06553915 -0.34619069 0.13213854
v -0.08486626 -0.34252554 0.12402108
v -0.12627555 -0.31241706 0.07866629
v -0.11881033 -0.25287706 0.00332569
v -0.10939446 -0.23881391 -0.01521911
v -0.08410394 -0.21885674 -0.04599329
v -0.06973773 -0.21392754 -0.05820999
v -0.12988171 -0.29863697 0.06161453
v -0.09739773 -0.22716828 -0.03183039
v -0.12970734 -0.28334004 0.04362527
v -0.12544541 -0.26823014 0.02431797
v -0.00591389 -0.38098589 0.10123286
v -0.00430809 -0.35883734 0.11597314
v -0.02343855 -0.36226305 0.12138975
v -0.05982304 -0.59375811 -0.04409629
v -0.07926179 -0.59581554 -0.03278615
v -0.10191283 -0.59539986 -0.02404286
v -0.13457514 -0.60014749 -0.03111302
v -0.12548666 -0.59115624 -0.01946953
v -0.14789443 -0.58296680 -0.01835974
v -0.15570657 -0.59013134 -0.02767282
v -0.18733163 -0.56185514 -0.03052028
v -0.18200234 -0.55656826 -0.02459974
v -0.19110562 -0.54618555 -0.02761581
v -0.19680656 -0.55059874 -0.03264248
v -0.19877762 -0.53581822 -0.02912446
v -0.20745581 -0.52305412 -0.02893939
v -0.21521850 -0.50776267 -0.03057966
v -0.22145741 -0.49063808 -0.03290025
v -0.23907854 -0.49981201 -0.03943675
v -0.23268232 -0.51612979 -0.03821528
v -0.19563678 -0.56658751 -0.03777163
v -0.18167566 -0.58167577 -0.03658058
v -0.07927591 -0.61065102 -0.07129654
v -0.05938695 -0.60673356 -0.08311892
v -0.18497717 -0.46047723 -0.04036872
v -0.18139884 -0.46893901 -0.02578283
v -0.17870316 -0.47895360 -0.01350796
v -0.17584842 -0.48993790 -0.00549554
v -0.17382222 -0.50205582 0.00025362
v -0.17125152 -0.51466900 0.00263414
v -0.17824620 -0.52459645 -0.00403083
v -0.16892955 -0.52719378 0.00199510
v -0.17728072 -0.53466004 -0.00750963
v -0.16758063 -0.53955990 -0.00129205
v -0.16650274 -0.55138528 -0.00597533
v -0.16552772 -0.56239200 -0.01267223
v -0.16788599 -0.57039028 -0.02077597
v -0.17332023 -0.57648814 -0.02822405
v -0.16555873 -0.59559357 -0.03695651
v -0.14589944 -0.60611480 -0.04141055
v -0.13641532 -0.61945432 -0.05955492
v -0.14805245 -0.62373233 -0.06963937
v -0.12415304 -0.61404425 -0.04928358
v -0.11065093 -0.60725397 -0.03735280
v -0.18831776 -0.63662481 -0.15591350
v -0.16530764 -0.64818555 -0.15832831
v -0.23169543 -0.43043846 -0.03236343
v -0.22651489 -0.43287840 -0.03106992
v -0.22480427 -0.42659426 -0.03002940
v -0.23224354 -0.41923538 -0.03096009
v -0.24176733 -0.41514590 -0.03388557
v -0.24762420 -0.43089151 -0.03942528
v -0.23923641 -0.42870662 -0.03529543
v -0.25103295 -0.41512832 -0.03978054
v -0.25907907 -0.41947857 -0.04669208
v -0.25529063 -0.43465531 -0.04495998
v -0.26582092 -0.42671949 -0.05341772
v -0.26205990 -0.43980742 -0.05000998
v -0.27057284 -0.43758476 -0.05834362
v -0.26661444 -0.44485924 -0.05405781
v -0.26356861 -0.48754120 -0.05144938
v -0.26627886 -0.47164339 -0.05219953
v -0.26696348 -0.45624167 -0.05329728
v -0.22729674 -0.47366548 -0.03423464
v -0.23251620 -0.45792800 -0.03522457
v -0.23634902 -0.44268063 -0.03549564
v -0.24428952 -0.44602603 -0.03907973
v -0.24027491 -0.46123603 -0.03817640
v -0.23576888 -0.47728172 -0.03686047
v -0.06866022 -0.60370368 -0.05907062
v -0.08870079 -0.60773718 -0.04695158
v -0.20633803 -0.53917253 -0.03329580
v -0.21483462 -0.52797163 -0.03339248
v -0.22306207 -0.51365030 -0.03348237
v -0.22998062 -0.49513072 -0.03528774
v -0.22469099 -0.53035909 -0.03804019
v -0.21566266 -0.54271877 -0.03866813
v -0.20603836 -0.55466038 -0.03877352
v -0.10049521 -0.61521244 -0.05892764
v -0.04924674 -0.59998477 -0.07052322
v -0.24196368 -0.48474365 -0.14641221
v -0.25865889 -0.49788636 -0.14386037
v -0.27272058 -0.51206344 -0.13078663
v -0.27955961 -0.52662992 -0.11225633
v -0.19500186 -0.25213039 -0.03707372
v 0.02155440 -0.42518255 0.04918213
v 0.02638358 -0.40275469 0.06349092
v 0.00977528 -0.40390468 0.07681140
v -0.00996406 -0.53610098 -0.01559535
v -0.04102592 -0.59160161 -0.05675156
v -0.18032990 -0.41347784 -0.13369368
v -0.17279266 -0.41128215 -0.14317121
v -0.17541134 -0.42241257 -0.14654419
v -0.18329546 -0.42440611 -0.13701598
v -0.19064757 -0.41908419 -0.11426239
v -0.18639678 -0.41602510 -0.12384690
v -0.18940501 -0.42676058 -0.12704858
v -0.19391426 -0.42902315 -0.11729987
v -0.19270831 -0.42185932 -0.10395387
v -0.19649759 -0.43151289 -0.10758394
v -0.18276967 -0.40514433 -0.11991129
v -0.17679799 -0.40218946 -0.12934732
v -0.16917616 -0.40012863 -0.13855161
v -0.18821299 -0.41240978 -0.10096660
v -0.18656869 -0.40895945 -0.11029143
v -0.21738431 -0.57516336 -0.27658159
v -0.23030128 -0.56888825 -0.27981600
v -0.26708838 -0.58786243 -0.29990035
v -0.26879185 -0.59203827 -0.30116791
v -0.14730170 -0.54914486 -0.22774586
v -0.15057327 -0.55813277 -0.23377855
v -0.11084790 -0.41253206 -0.18172410
v -0.11917235 -0.44057715 -0.18904105
v -0.12328561 -0.45576584 -0.19208966
v -0.12884222 -0.47133955 -0.19885349
v -0.14548725 -0.53719062 -0.22333249
v -0.11521006 -0.42574608 -0.18594915
v -0.10511005 -0.17365202 0.19613561
v -0.08659206 -0.15157245 0.20461264
v -0.08173685 -0.17790012 0.20378520
v -0.06758612 -0.16164187 0.20892215
v -0.09180135 -0.24334404 0.17829667
v -0.08942626 -0.21813282 0.18742292
v -0.09277289 -0.26972452 0.16957039
v -0.04667597 -0.14792097 0.21036965
v -0.02192411 -0.13681969 0.20437935
v -0.01061746 -0.15698260 0.20727894
v -0.07076779 -0.26602358 0.18222144
v -0.06954236 -0.23950982 0.19188519
v -0.06850070 -0.18148410 0.20705061
v -0.08745010 -0.19633316 0.19664125
v -0.06906567 -0.19497555 0.20435621
v -0.03561801 -0.16483298 0.21171157
v -0.05521390 -0.17367914 0.21074452
v 0.01876391 -0.31548381 0.13831057
v 0.04330880 -0.29053926 0.14140536
v 0.01838383 -0.29627097 0.15217367
v -0.06683677 -0.33127156 0.14393631
v -0.04805070 -0.31198496 0.16321777
v -0.05031248 -0.19005650 0.20975932
v -0.02897640 -0.18474448 0.21116170
v -0.00341547 -0.17997953 0.20645717
v -0.00134026 -0.25762290 0.18908438
v 0.00108919 -0.23269963 0.19762278
v -0.02419563 -0.23571388 0.20093867
v -0.02611858 -0.26179415 0.19169101
v -0.04880973 -0.28961271 0.17780437
v -0.04908059 -0.26409161 0.18912371
v -0.00251006 -0.28174657 0.17534408
v -0.02571101 -0.28637591 0.17892773
v -0.02525196 -0.30788526 0.16375962
v -0.04845276 -0.23669431 0.19878820
v 0.02773337 -0.19980350 0.19326194
v 0.00114398 -0.20551842 0.20416522
v 0.05161591 -0.19289008 0.17512926
v -0.00343505 -0.30292407 0.15959515
v -0.00398032 -0.32187068 0.14386392
v -0.00389712 -0.33967996 0.12942617
v -0.00826192 -0.40379104 0.08748925
v -0.30057016 -0.03107849 0.09720845
v -0.06175946 -0.07126716 0.04539496
v -0.04296584 -0.07032526 0.05792063
v -0.16243811 -0.21882933 0.09476352
v -0.13568436 -0.20120884 0.16580482
v -0.11113898 -0.19872864 0.18483244
v -0.11044349 -0.09752876 0.01738683
v -0.09194517 -0.08149800 0.02516108
v -0.16660616 -0.21026877 0.06466890
v -0.16217120 -0.16699025 0.02817465
v -0.07669497 -0.07416368 0.03518559
v -0.06869099 -0.21555425 0.19870946
v -0.04866308 -0.21228571 0.20497859
v -0.02522823 -0.20893933 0.20671391
v 0.02375857 -0.17391866 0.19580901
v 0.04820710 -0.16938511 0.17624813
v -0.08824723 -0.12768918 -0.03095045
v -0.08243842 -0.13746098 -0.03730140
v -0.07577527 -0.13332161 -0.04240188
v -0.07887640 -0.11904722 -0.03638021
v -0.11817257 -0.24168199 0.00654370
v -0.10677516 -0.22777703 -0.01251260
v -0.08152616 -0.20838754 -0.04343022
v -0.06822948 -0.20426504 -0.05503495
v -0.13526300 -0.28805560 0.06821039
v -0.09435485 -0.21631564 -0.02942628
v -0.13429561 -0.27344155 0.04911736
v -0.12752761 -0.25792953 0.02840053
v -0.46845663 0.29780522 0.37531918
v -0.48656666 0.31328443 0.38811421
v -0.47690830 0.31117675 0.39800602
v -0.45656386 0.29777104 0.38371372
v -0.44264340 0.28237846 0.40746063
v -0.44362044 0.29186711 0.39877057
v -0.44791764 0.27180749 0.41456038
v -0.46305859 0.29130453 0.42992634
v -0.47376153 0.28432870 0.43124712
v -0.45809433 0.26281962 0.41742083
v -0.46950266 0.25731218 0.41532281
v -0.49619055 0.27592519 0.42498448
v -0.50913125 0.27561268 0.41246358
v -0.49586725 0.25411171 0.39838552
v -0.48124501 0.25462151 0.40959299
v -0.51048100 0.26087606 0.38578427
v -0.52351928 0.28037012 0.39972901
v -0.51306111 0.27366194 0.37364602
v -0.48450574 0.29598406 0.36775351
v -0.50121343 0.31221932 0.37881500
v -0.45807868 0.30095172 0.42257038
v -0.46145290 0.30873424 0.41287494
v -0.44871968 0.29723552 0.39014274
v -0.46962893 0.31025636 0.40514758
v -0.49207371 0.32947212 0.40759212
v -0.50146317 0.33176666 0.39483202
v -0.47018352 0.32028019 0.43575108
v -0.47803414 0.32467186 0.42507458
v -0.48761687 0.30484086 0.44351494
v -0.47507942 0.31070337 0.44469318
v -0.51141822 0.29339585 0.44120449
v -0.48479337 0.27963582 0.42914742
v -0.49950331 0.29882097 0.44329154
v -0.52465701 0.29174319 0.42840058
v -0.54013562 0.29562801 0.41184831
v -0.51690811 0.32838780 0.38446257
v -0.48682633 0.32640448 0.41658032
v -0.70347154 0.35704839 0.36266702
v -0.70142633 0.36028200 0.35638279
v -0.69924819 0.35519946 0.35680640
v -0.70086920 0.35362870 0.36110830
v -0.69170398 0.37000072 0.32646641
v -0.68556398 0.37792450 0.31919059
v -0.68362963 0.36631894 0.31578979
v -0.68831682 0.36160946 0.32124391
v -0.70033222 0.36450028 0.34136465
v -0.70375383 0.36163735 0.34793195
v -0.70130813 0.36604607 0.34903929
v -0.69927490 0.36777860 0.34469822
v -0.69051909 0.35025615 0.39501610
v -0.69090933 0.34886283 0.40188944
v -0.69064242 0.35296774 0.40156776
v -0.69007164 0.35414064 0.39811465
v -0.69989383 0.35518306 0.37493050
v -0.70068449 0.35395956 0.38114953
v -0.69961524 0.35766113 0.38192460
v -0.69930696 0.35932040 0.37833846
v -0.67138499 0.35857129 0.33541250
v -0.68241775 0.35864109 0.32741502
v -0.67476487 0.36544132 0.31877953
v -0.66186714 0.36349052 0.32422236
v -0.67211902 0.37701809 0.31861132
v -0.67572355 0.37926644 0.32786518
v -0.66423368 0.38216007 0.33482054
v -0.65885389 0.37792689 0.32532007
v -0.68370551 0.37444937 0.33681926
v -0.67328590 0.37654239 0.34422529
v -0.67719328 0.36604309 0.34607407
v -0.68951565 0.36323744 0.33819324
v -0.68779349 0.35784686 0.35959890
v -0.69929069 0.35822314 0.35589010
v -0.69534624 0.35439479 0.34894449
v -0.68372220 0.35164684 0.35234544
v -0.69231182 0.35762912 0.34148869
v -0.67906255 0.35743821 0.34273541
v -0.67941862 0.36835408 0.34445897
v -0.69164097 0.36639279 0.33823663
v -0.69261467 0.36982071 0.34577566
v -0.68109715 0.37185931 0.35149285
v -0.68554509 0.36786771 0.35870355
v -0.69664103 0.36655569 0.35369584
v -0.68690801 0.34781009 0.36995065
v -0.69649947 0.35200042 0.36488238
v -0.69341677 0.35489112 0.35829496
v -0.68325734 0.35242975 0.36043966
v -0.69395888 0.36341524 0.35650423
v -0.69625485 0.36467266 0.36262918
v -0.68710572 0.36579484 0.36639825
v -0.68495059 0.36326450 0.36045444
v -0.69102335 0.36135703 0.37418708
v -0.69931060 0.36215967 0.36916280
v -0.69229209 0.35183018 0.37451887
v -0.70040274 0.35498375 0.37047684
v -0.68927789 0.34805363 0.39381590
v -0.69672614 0.35177368 0.38877052
v -0.69447345 0.34789938 0.38409069
v -0.68554389 0.34303206 0.38968045
v -0.69257075 0.34937716 0.37814873
v -0.68478888 0.34627861 0.38109010
v -0.69297850 0.35498583 0.37493792
v -0.69443750 0.36054415 0.37990314
v -0.68776256 0.35972321 0.38458204
v -0.68723214 0.35305303 0.37883693
v -0.69634986 0.35835570 0.38628402
v -0.68884778 0.35665250 0.39257258
v -0.67809910 0.34020334 0.40956125
v -0.67887896 0.34582007 0.41425583
v -0.68718767 0.34692043 0.40708622
v -0.68539625 0.34277505 0.40354514
v -0.68441993 0.34405518 0.39866522
v -0.67887074 0.34155118 0.40183884
v -0.68470812 0.34987557 0.39591917
v -0.68551189 0.35627347 0.39962855
v -0.68091202 0.35565531 0.40351197
v -0.68127489 0.34788305 0.39961219
v -0.68721640 0.35365236 0.40564799
v -0.68025577 0.35264498 0.41066402
v -0.64969385 0.36293340 0.33108583
v -0.66226333 0.35844815 0.34530115
v -0.68387246 0.37725782 0.32419065
v -0.64724016 0.37930614 0.33357114
v -0.68807507 0.37474877 0.32932156
v -0.66563773 0.37684160 0.35386229
v -0.65329194 0.38403648 0.34352401
v -0.67152905 0.36780089 0.34826797
v -0.70083034 0.35725379 0.34606048
v -0.67956966 0.36162978 0.36269641
v -0.67478740 0.36906195 0.36937359
v -0.69903946 0.35904604 0.34198704
v -0.67043996 0.35178673 0.36114275
v -0.67353475 0.34639031 0.37972134
v -0.70167434 0.36336768 0.35995486
v -0.70307302 0.36202854 0.36339083
v -0.67942548 0.36233330 0.38638580
v -0.68502343 0.35183388 0.38026750
v -0.69859779 0.35061228 0.38067180
v -0.68137056 0.34700525 0.40054572
v -0.67769885 0.35719264 0.40388978
v -0.69767493 0.35108209 0.37646094
v -0.67260695 0.34037912 0.39867800
v -0.68843937 0.34611762 0.40082446
v -0.66932034 0.34371918 0.42168537
v -0.67218018 0.35329932 0.41849229
v -0.68823189 0.34630078 0.39747417
v -0.66869938 0.33746439 0.41498989
v -0.49793506 0.29203314 0.36429110
v -0.51532161 0.30688304 0.37471050
v -0.50876224 0.28380981 0.36748561
v -0.52895689 0.29032257 0.38700101
v -0.52552402 0.29890284 0.37950566
v -0.53314304 0.32064882 0.38005736
v -0.54441500 0.30461183 0.39729863
v -0.54270011 0.31168321 0.38638410
v -0.51920599 0.30845150 0.45486546
v -0.53557992 0.30596063 0.44295180
v -0.50650734 0.31529215 0.45430046
v -0.48075104 0.32721436 0.45601797
v -0.49383593 0.32047537 0.45602554
v -0.55010653 0.33252788 0.38161916
v -0.53224516 0.34166953 0.38978812
v -0.56120461 0.32204333 0.38777271
v -0.56348032 0.31345579 0.40200493
v -0.63309813 0.36401260 0.33656830
v -0.61550862 0.36669320 0.34936213
v -0.62219554 0.34974921 0.35535437
v -0.64263201 0.35328734 0.34981525
v -0.62849104 0.34210277 0.37298909
v -0.64962518 0.34847236 0.36770949
v -0.63191491 0.33720559 0.39156395
v -0.65284288 0.34275460 0.38624039
v -0.63330001 0.33433735 0.40935665
v -0.65362430 0.33837074 0.40470752
v -0.63472420 0.33434498 0.42637444
v -0.65394574 0.33551341 0.42061105
v -0.63854659 0.33975923 0.43876499
v -0.65686548 0.34081066 0.43096173
v -0.63199520 0.38286448 0.34111929
v -0.61540335 0.38411099 0.35423061
v -0.63896114 0.38872546 0.35409608
v -0.62290853 0.39165890 0.36818150
v -0.64687121 0.38125247 0.36772454
v -0.62960887 0.38411438 0.38177195
v -0.64249873 0.35401845 0.43913892
v -0.65980721 0.35459989 0.42862749
v -0.65322375 0.37384480 0.38461757
v -0.63513702 0.37525821 0.39753363
v -0.65742576 0.36805397 0.40167299
v -0.63898391 0.36878479 0.41392753
v -0.65934622 0.36231720 0.41683400
v -0.64143223 0.36271125 0.42852890
v -0.59815830 0.34859943 0.36433920
v -0.60507172 0.33444405 0.37764129
v -0.60790831 0.32944787 0.39641297
v -0.60912979 0.32926273 0.41524994
v -0.61145145 0.33375329 0.43352759
v -0.61665344 0.33888346 0.44745135
v -0.58173949 0.32050890 0.42538717
v -0.58752131 0.33463514 0.44427624
v -0.59380311 0.34256655 0.45655590
v -0.56437385 0.33591515 0.45707500
v -0.57154322 0.34612399 0.46635211
v -0.52714866 0.34287351 0.47812480
v -0.53381693 0.35440534 0.48910308
v -0.55057245 0.34884018 0.47801805
v -0.54310989 0.33875865 0.46850049
v -0.55797112 0.32238811 0.44123089
v -0.53727949 0.32342294 0.45556465
v -0.52159971 0.32684755 0.46391308
v -0.50822198 0.36502939 0.49328858
v -0.52088362 0.35935920 0.49393979
v -0.51465237 0.34665436 0.48358116
v -0.50163716 0.35099715 0.48553982
v -0.48831785 0.36138505 0.48022389
v -0.49739686 0.37594151 0.48534527
v -0.48944426 0.37194228 0.46373773
v -0.49641773 0.38600421 0.46983773
v -0.49763855 0.33521703 0.47011942
v -0.50952709 0.33154124 0.46746629
v -0.48470068 0.34296548 0.46841663
v -0.48523760 0.35243198 0.45431241
v -0.49785072 0.35437107 0.44219175
v -0.50303602 0.37383938 0.44979838
v -0.50708544 0.38930106 0.45444995
v -0.59556329 0.36790663 0.36603045
v -0.59724534 0.38010204 0.37269065
v -0.58504564 0.31980836 0.40064707
v -0.58156306 0.32756370 0.38231605
v -0.56926596 0.34571832 0.37720835
v -0.57250726 0.36832243 0.38202164
v -0.57740700 0.37879771 0.39306951
v -0.55916876 0.37937450 0.41050479
v -0.55262381 0.37189192 0.39976004
v -0.60279536 0.38566500 0.38475990
v -0.58241242 0.38081884 0.40352353
v -0.56356984 0.38128465 0.41955262
v -0.54223597 0.38289857 0.42369777
v -0.53608251 0.37413073 0.41472948
v -0.52921611 0.38494712 0.43472621
v -0.52371264 0.37326562 0.42772073
v -0.51402742 0.37290961 0.43829873
v -0.51834720 0.38732541 0.44372046
v -0.51550436 0.35731333 0.42091316
v -0.50675881 0.35580102 0.43095076
v -0.52804416 0.35856175 0.40764728
v -0.54490608 0.35574955 0.39221248
v -0.62100357 0.35283512 0.44978818
v -0.59822506 0.35382521 0.45951107
v -0.57532036 0.35635036 0.46868637
v -0.55494088 0.36072093 0.48035055
v -0.53825003 0.36719632 0.48850411
v -0.52663738 0.37180078 0.49171221
v -0.50670570 0.38410372 0.48372802
v -0.51548755 0.37669992 0.49121442
v -0.50588113 0.39102018 0.47271788
v -0.51484418 0.39428318 0.46072245
v -0.52503765 0.39396417 0.45198479
v -0.54738450 0.38662159 0.43266764
v -0.53473461 0.39184642 0.44286951
v -0.51478195 0.34668669 0.40069848
v -0.50313586 0.34485579 0.41444758
v -0.49738127 0.34141055 0.42403150
v -0.48030657 0.33544436 0.44474757
v -0.48983610 0.33898500 0.43345076
v -0.60905617 0.38201743 0.39782402
v -0.61389750 0.37387151 0.41262320
v -0.61758542 0.36765182 0.42804235
v -0.62017065 0.36159062 0.44105318
v -0.59799063 0.36216515 0.45328486
v -0.59518594 0.36818635 0.44252828
v -0.59136355 0.37466860 0.42901886
v -0.58695829 0.37915611 0.41477802
v -0.57607180 0.36536896 0.46352452
v -0.57420981 0.37152660 0.45430684
v -0.57061535 0.37783444 0.44295257
v -0.56763369 0.38134009 0.43027687
v -0.55083126 0.38729084 0.44295558
v -0.55222547 0.38294971 0.45405853
v -0.55499077 0.37679708 0.46404707
v -0.55584598 0.37024230 0.47326449
v -0.53987420 0.37505764 0.48033613
v -0.53980917 0.38055927 0.47096014
v -0.53820103 0.38642830 0.46154115
v -0.53759807 0.39019054 0.45255625
v -0.52965266 0.37842238 0.48335707
v -0.51469469 0.38639015 0.48057860
v -0.52149510 0.38105446 0.48337951
v -0.51344627 0.39033920 0.47359702
v -0.52020991 0.39206076 0.46578768
v -0.52841651 0.39167786 0.45921069
v -0.52966338 0.38769591 0.46635374
v -0.52309114 0.38833380 0.47035581
v -0.53093207 0.38243318 0.47466972
v -0.52389854 0.38407546 0.47670010
v -0.51823223 0.38795072 0.47379652
v -0.51876283 0.38584411 0.47694731
v -0.55453098 0.31075469 0.42216468
v -0.38053569 0.11875981 0.16877775
v -0.36727315 0.12821952 0.16503826
v -0.38744944 0.10504937 0.17458281
v -0.16204759 -0.19369003 0.03914626
v -0.11572297 -0.29473269 -0.04478005
v -0.12181205 -0.32290828 -0.05974526
v -0.11871482 -0.30775905 -0.05170640
v -0.17664625 -0.18398246 0.04772307
v -0.14359599 -0.37342978 -0.01923702
v -0.18653543 -0.43616280 -0.14053264
v -0.25989753 -0.71465403 -0.23066972
v -0.25634030 -0.71244240 -0.23125616
v -0.25260872 -0.71182525 -0.23096086
v -0.24918807 -0.71158534 -0.22999138
v -0.24592401 -0.71208447 -0.22914132
v -0.24299818 -0.71436399 -0.23066393
v -0.25239995 -0.71478736 -0.22898366
v -0.25129247 -0.71787089 -0.23195904
v -0.25364468 -0.71848953 -0.23250549
v -0.25508797 -0.71528351 -0.22977974
f 2 3 1
f 1 3 4
f 3 2 5
f 5 2 6
f 3 7 4
f 4 7 8
f 10 11 9
f 9 11 12
f 14 15 13
f 13 15 16
f 18 19 17
f 17 19 20
f 22 23 21
f 21 23 24
f 26 18 25
f 25 18 17
f 27 28 17
f 17 28 25
f 30 31 29
f 29 31 32
f 34 35 33
f 33 35 36
f 21 24 37
f 37 24 38
f 40 31 39
f 39 31 38
f 34 33 28
f 28 33 25
f 41 42 44
f 44 42 43
f 36 45 33
f 33 45 25
f 46 47 49
f 49 47 48
f 51 52 50
f 50 52 53
f 55 53 54
f 54 53 52
f 57 58 56
f 56 58 59
f 61 62 60
f 60 62 63
f 65 66 64
f 64 66 67
f 69 70 68
f 68 70 71
f 65 73 72
f 72 73 74
f 64 75 65
f 65 75 73
f 77 78 76
f 76 78 79
f 80 81 83
f 83 81 82
f 81 85 84
f 84 85 86
f 88 89 87
f 87 89 69
f 88 87 90
f 90 87 91
f 93 94 92
f 92 94 95
f 96 84 43
f 43 84 44
f 51 98 97
f 97 98 86
f 97 99 51
f 51 99 52
f 54 52 100
f 100 52 99
f 58 101 59
f 59 101 102
f 62 103 63
f 63 103 104
f 105 106 6
f 6 106 5
f 108 109 107
f 107 109 110
f 112 113 111
f 111 113 114
f 116 117 115
f 115 117 118
f 120 121 119
f 119 121 122
f 124 125 123
f 123 125 126
f 128 129 127
f 127 129 130
f 130 131 127
f 127 131 132
f 134 1 133
f 133 1 135
f 1 4 135
f 135 4 136
f 4 8 136
f 136 8 137
f 138 139 15
f 15 139 140
f 140 139 141
f 141 139 142
f 144 57 143
f 143 57 56
f 145 146 141
f 141 146 147
f 146 149 148
f 148 149 150
f 152 153 151
f 151 153 154
f 141 147 140
f 140 147 155
f 157 11 156
f 156 11 158
f 160 161 159
f 159 161 162
f 164 165 163
f 163 165 166
f 165 160 166
f 166 160 159
f 168 169 167
f 167 169 170
f 169 171 170
f 170 171 172
f 149 173 150
f 150 173 174
f 175 176 149
f 149 176 173
f 178 172 177
f 177 172 171
f 180 181 179
f 179 181 182
f 184 180 183
f 183 180 179
f 186 187 185
f 185 187 188
f 190 191 189
f 189 191 192
f 7 193 8
f 8 193 194
f 196 162 195
f 195 162 161
f 197 168 198
f 198 168 167
f 181 199 182
f 182 199 200
f 202 203 201
f 201 203 204
f 187 186 205
f 205 186 206
f 208 209 207
f 207 209 210
f 212 213 211
f 211 213 214
f 215 216 218
f 218 216 217
f 220 209 219
f 219 209 208
f 204 186 221
f 221 186 185
f 201 204 222
f 222 204 221
f 223 211 220
f 220 211 209
f 224 225 214
f 214 225 210
f 203 206 204
f 204 206 186
f 227 187 226
f 226 187 205
f 27 228 21
f 21 228 22
f 230 231 229
f 229 231 232
f 234 235 233
f 233 235 236
f 238 239 237
f 237 239 240
f 119 122 118
f 118 122 115
f 112 242 241
f 241 242 243
f 98 51 244
f 244 51 50
f 245 138 14
f 14 138 15
f 11 10 158
f 158 10 246
f 89 85 69
f 69 85 70
f 11 157 12
f 12 157 247
f 249 164 248
f 248 164 163
f 177 250 178
f 178 250 251
f 253 254 252
f 252 254 255
f 187 227 188
f 188 227 256
f 212 257 213
f 213 257 258
f 260 134 259
f 259 134 133
f 165 164 135
f 135 164 133
f 160 165 136
f 136 165 135
f 136 137 160
f 160 137 161
f 137 261 161
f 161 261 195
f 263 264 262
f 262 264 265
f 13 16 266
f 266 16 267
f 268 267 155
f 155 267 16
f 147 269 155
f 155 269 268
f 162 196 167
f 167 196 198
f 167 170 162
f 162 170 159
f 170 172 159
f 159 172 166
f 172 178 166
f 166 178 163
f 178 251 163
f 163 251 248
f 168 270 169
f 169 270 271
f 272 273 171
f 171 273 177
f 271 272 169
f 169 272 171
f 168 197 270
f 270 197 274
f 250 177 275
f 275 177 273
f 277 45 276
f 276 45 278
f 280 281 279
f 279 281 282
f 284 104 283
f 283 104 103
f 285 215 286
f 286 215 218
f 288 289 287
f 287 289 290
f 291 80 66
f 66 80 83
f 293 294 292
f 292 294 295
f 73 91 74
f 74 91 87
f 91 73 92
f 92 73 75
f 279 77 280
f 280 77 76
f 80 291 70
f 70 291 71
f 277 47 96
f 96 47 82
f 297 175 296
f 296 175 149
f 299 154 298
f 298 154 153
f 225 300 210
f 210 300 207
f 224 301 206
f 206 301 205
f 210 209 214
f 214 209 211
f 226 205 302
f 302 205 301
f 304 305 303
f 303 305 306
f 308 309 307
f 307 309 310
f 72 291 65
f 65 291 66
f 66 83 67
f 67 83 46
f 312 313 311
f 311 313 314
f 316 317 315
f 315 317 36
f 29 318 35
f 35 318 319
f 321 32 320
f 320 32 322
f 311 314 323
f 323 314 324
f 315 325 316
f 316 325 326
f 318 287 319
f 319 287 290
f 328 321 327
f 327 321 320
f 329 330 39
f 39 330 331
f 332 333 40
f 40 333 322
f 309 334 285
f 285 334 335
f 236 2 134
f 134 2 1
f 260 336 233
f 233 336 337
f 237 14 265
f 265 14 13
f 84 86 44
f 44 86 98
f 189 192 7
f 7 192 193
f 44 98 41
f 41 98 244
f 237 240 14
f 14 240 245
f 7 3 189
f 189 3 5
f 338 71 72
f 72 71 291
f 262 265 266
f 266 265 13
f 124 123 339
f 339 123 105
f 123 109 105
f 105 109 106
f 189 5 190
f 190 5 106
f 111 114 12
f 12 114 9
f 264 340 265
f 265 340 237
f 342 343 341
f 341 343 344
f 6 235 105
f 105 235 339
f 234 346 345
f 345 346 347
f 349 350 348
f 348 350 351
f 107 352 108
f 108 352 353
f 355 356 354
f 354 356 357
f 237 340 238
f 238 340 358
f 12 247 111
f 111 247 359
f 264 263 116
f 116 263 360
f 361 362 222
f 222 362 201
f 364 365 363
f 363 365 366
f 368 369 367
f 367 369 370
f 372 373 371
f 371 373 374
f 375 376 372
f 372 376 377
f 378 379 381
f 381 379 380
f 382 383 269
f 269 383 268
f 150 174 365
f 365 174 384
f 380 377 381
f 381 377 376
f 271 270 180
f 180 270 181
f 273 272 252
f 252 272 184
f 272 271 184
f 184 271 180
f 181 270 274
f 252 255 273
f 273 255 275
f 254 385 255
f 255 385 386
f 387 388 179
f 179 388 183
f 389 387 182
f 182 387 179
f 182 200 389
f 389 200 390
f 388 391 183
f 183 391 253
f 391 392 253
f 253 392 254
f 394 379 393
f 393 379 378
f 185 188 395
f 395 188 396
f 221 185 397
f 397 185 395
f 222 221 398
f 398 221 397
f 188 256 396
f 396 256 399
f 400 401 256
f 256 401 399
f 402 403 405
f 405 403 404
f 148 150 364
f 364 150 365
f 393 406 394
f 394 406 407
f 158 246 393
f 393 246 406
f 342 19 238
f 238 19 239
f 23 22 350
f 350 22 354
f 244 50 245
f 245 50 138
f 55 142 53
f 53 142 139
f 145 144 296
f 296 144 143
f 355 228 341
f 341 228 20
f 41 240 42
f 42 240 239
f 283 308 284
f 284 308 307
f 349 409 408
f 408 409 410
f 244 245 41
f 41 245 240
f 268 383 406
f 406 383 407
f 346 411 349
f 349 411 409
f 251 412 248
f 248 412 413
f 275 414 250
f 250 414 415
f 25 45 26
f 26 45 277
f 43 26 96
f 96 26 277
f 416 417 61
f 61 417 62
f 329 24 408
f 408 24 23
f 31 40 32
f 32 40 322
f 39 38 329
f 329 38 24
f 37 38 30
f 30 38 31
f 418 419 421
f 421 419 420
f 78 295 79
f 79 295 294
f 124 339 422
f 422 339 345
f 232 131 357
f 357 131 351
f 2 236 6
f 6 236 235
f 252 184 253
f 253 184 183
f 227 423 256
f 256 423 400
f 423 227 305
f 305 227 226
f 424 258 425
f 425 258 257
f 426 427 212
f 212 427 257
f 259 133 249
f 249 133 164
f 419 418 428
f 428 418 429
f 327 430 328
f 328 430 288
f 49 431 46
f 46 431 67
f 306 302 424
f 424 302 258
f 313 432 314
f 314 432 433
f 32 321 29
f 29 321 318
f 324 314 433
f 287 318 328
f 328 318 321
f 134 260 236
f 236 260 233
f 345 339 234
f 234 339 235
f 357 351 354
f 354 351 350
f 408 23 349
f 349 23 350
f 317 278 36
f 36 278 45
f 432 313 429
f 429 313 428
f 435 428 434
f 434 428 313
f 42 239 18
f 18 239 19
f 43 42 26
f 26 42 18
f 121 120 436
f 436 120 437
f 302 301 258
f 258 301 213
f 110 109 126
f 126 109 123
f 238 358 342
f 342 358 343
f 341 20 342
f 342 20 19
f 322 438 320
f 320 438 439
f 320 439 327
f 327 439 430
f 333 440 322
f 322 440 438
f 289 288 323
f 323 288 430
f 115 340 116
f 116 340 264
f 146 145 149
f 149 145 296
f 15 140 16
f 16 140 155
f 441 442 152
f 152 442 153
f 225 224 203
f 203 224 206
f 175 297 154
f 154 297 151
f 293 443 294
f 294 443 444
f 248 413 249
f 249 413 445
f 446 447 400
f 400 447 401
f 388 387 396
f 396 387 395
f 387 389 395
f 395 389 397
f 391 388 399
f 399 388 396
f 401 392 399
f 399 392 391
f 255 386 275
f 275 386 414
f 449 450 448
f 448 450 451
f 335 452 285
f 285 452 215
f 453 298 442
f 442 298 153
f 211 223 212
f 212 223 426
f 425 257 454
f 454 257 427
f 266 10 262
f 262 10 9
f 360 113 456
f 456 113 455
f 8 194 137
f 137 194 261
f 10 266 246
f 246 266 267
f 203 202 225
f 225 202 300
f 262 9 263
f 263 9 114
f 108 353 190
f 190 353 191
f 389 390 397
f 397 390 398
f 457 422 128
f 128 422 129
f 156 158 378
f 378 158 393
f 347 346 348
f 348 346 349
f 447 458 401
f 401 458 392
f 364 382 148
f 148 382 269
f 55 54 57
f 57 54 58
f 75 64 459
f 459 64 460
f 100 90 101
f 101 90 95
f 101 58 100
f 100 58 54
f 142 55 144
f 144 55 57
f 147 146 269
f 269 146 148
f 459 93 75
f 75 93 92
f 144 145 142
f 142 145 141
f 228 27 20
f 20 27 17
f 154 299 175
f 175 299 176
f 214 213 224
f 224 213 301
f 424 461 306
f 306 461 303
f 285 286 309
f 309 286 310
f 462 334 308
f 308 334 309
f 302 306 226
f 226 306 305
f 37 28 21
f 21 28 27
f 29 35 30
f 30 35 34
f 30 34 37
f 37 34 28
f 344 436 356
f 356 436 229
f 325 290 326
f 326 290 289
f 311 439 312
f 312 439 438
f 35 319 36
f 36 319 315
f 439 311 430
f 430 311 323
f 315 319 325
f 325 319 290
f 440 463 438
f 438 463 312
f 341 344 355
f 355 344 356
f 360 456 116
f 116 456 117
f 354 22 355
f 355 22 228
f 326 289 324
f 324 289 323
f 74 87 68
f 68 87 69
f 50 53 138
f 138 53 139
f 268 406 267
f 267 406 246
f 190 106 108
f 108 106 109
f 241 455 112
f 112 455 113
f 358 122 343
f 343 122 121
f 129 347 130
f 130 347 348
f 348 351 130
f 130 351 131
f 229 232 356
f 356 232 357
f 340 115 358
f 358 115 122
f 111 359 112
f 112 359 242
f 125 124 457
f 457 124 422
f 231 132 232
f 232 132 131
f 343 121 344
f 344 121 436
f 263 114 360
f 360 114 113
f 347 129 345
f 345 129 422
f 230 229 437
f 437 229 436
f 464 446 423
f 423 446 400
f 465 466 468
f 468 466 467
f 470 471 469
f 469 471 472
f 469 472 373
f 373 472 374
f 474 469 473
f 473 469 373
f 471 475 472
f 472 475 476
f 472 477 374
f 374 477 478
f 477 472 476
f 479 480 476
f 476 480 477
f 473 373 377
f 377 373 372
f 481 482 479
f 479 482 480
f 483 484 481
f 481 484 482
f 403 402 485
f 485 402 486
f 487 488 483
f 483 488 484
f 487 489 488
f 488 489 490
f 489 491 490
f 490 491 492
f 491 493 492
f 492 493 494
f 493 495 494
f 494 495 496
f 497 498 481
f 481 498 483
f 484 499 482
f 482 499 367
f 370 480 367
f 367 480 482
f 480 370 477
f 477 370 478
f 500 497 479
f 479 497 481
f 451 473 380
f 380 473 377
f 448 451 379
f 379 451 380
f 501 502 504
f 504 502 503
f 449 505 507
f 507 505 506
f 486 508 505
f 505 508 506
f 508 509 506
f 506 509 510
f 511 507 510
f 510 507 506
f 509 508 512
f 512 508 513
f 515 509 514
f 514 509 512
f 509 515 510
f 510 515 516
f 510 516 511
f 511 516 517
f 486 505 485
f 485 505 518
f 505 449 518
f 518 449 448
f 383 382 403
f 403 382 404
f 363 404 364
f 364 404 382
f 403 485 383
f 383 485 407
f 519 520 361
f 361 520 362
f 522 496 521
f 521 496 495
f 450 474 451
f 451 474 473
f 363 366 523
f 523 366 524
f 525 499 488
f 488 499 484
f 488 490 525
f 525 490 526
f 496 522 520
f 520 522 527
f 494 496 519
f 519 496 520
f 492 494 528
f 528 494 519
f 529 530 495
f 495 530 521
f 490 492 526
f 526 492 528
f 529 495 531
f 531 495 493
f 533 534 532
f 532 534 535
f 523 524 533
f 533 524 534
f 486 402 532
f 532 402 533
f 529 536 530
f 530 536 537
f 536 538 537
f 537 538 539
f 540 541 539
f 539 541 537
f 530 537 535
f 535 537 541
f 542 539 543
f 543 539 538
f 539 542 540
f 540 542 544
f 541 540 513
f 513 540 512
f 540 544 512
f 512 544 514
f 546 547 545
f 545 547 548
f 549 550 531
f 531 550 551
f 550 549 552
f 552 549 553
f 546 550 554
f 554 550 552
f 547 546 555
f 555 546 554
f 498 556 558
f 558 556 557
f 559 557 560
f 560 557 556
f 561 562 560
f 560 562 559
f 557 559 552
f 552 559 554
f 559 562 554
f 554 562 555
f 558 557 553
f 553 557 552
f 475 471 563
f 563 471 564
f 565 563 567
f 567 563 566
f 471 470 564
f 564 470 466
f 564 466 568
f 568 466 465
f 568 465 569
f 569 465 570
f 572 573 571
f 571 573 574
f 569 575 567
f 567 575 576
f 577 565 576
f 576 565 567
f 578 579 581
f 581 579 580
f 575 561 576
f 576 561 560
f 556 577 560
f 560 577 576
f 577 556 497
f 497 556 498
f 565 577 500
f 500 577 497
f 563 565 475
f 475 565 500
f 553 489 558
f 558 489 487
f 531 493 549
f 549 493 491
f 489 553 491
f 491 553 549
f 394 407 518
f 518 407 485
f 518 448 394
f 394 448 379
f 545 548 538
f 538 548 543
f 551 545 536
f 536 545 538
f 536 529 551
f 551 529 531
f 507 582 449
f 449 582 450
f 511 583 507
f 507 583 582
f 511 517 583
f 583 517 584
f 585 586 588
f 588 586 587
f 590 591 589
f 589 591 592
f 591 590 593
f 593 590 594
f 596 597 595
f 595 597 598
f 599 600 602
f 602 600 601
f 604 605 603
f 603 605 606
f 608 609 607
f 607 609 610
f 612 613 611
f 611 613 614
f 615 616 618
f 618 616 617
f 620 621 619
f 619 621 622
f 624 625 623
f 623 625 626
f 628 629 627
f 627 629 630
f 632 633 631
f 631 633 634
f 635 636 638
f 638 636 637
f 639 640 642
f 642 640 641
f 644 645 643
f 643 645 646
f 619 622 647
f 647 622 648
f 650 651 649
f 649 651 652
f 601 653 602
f 602 653 654
f 656 657 655
f 655 657 658
f 660 661 659
f 659 661 662
f 664 665 663
f 663 665 666
f 593 594 667
f 667 594 668
f 669 670 672
f 672 670 671
f 673 674 676
f 676 674 675
f 633 632 677
f 677 632 678
f 663 666 679
f 679 666 680
f 681 682 684
f 684 682 683
f 686 687 685
f 685 687 688
f 690 661 689
f 689 661 691
f 693 686 692
f 692 686 685
f 695 597 694
f 694 597 668
f 594 696 668
f 668 696 694
f 697 698 696
f 696 698 699
f 700 701 697
f 697 701 698
f 702 585 703
f 703 585 588
f 671 690 672
f 672 690 689
f 640 639 704
f 704 639 705
f 679 706 663
f 663 706 658
f 708 709 707
f 707 709 710
f 711 712 610
f 610 712 607
f 713 714 716
f 716 714 715
f 717 718 720
f 720 718 719
f 722 634 721
f 721 634 633
f 724 725 723
f 723 725 726
f 728 729 727
f 727 729 730
f 732 733 731
f 731 733 734
f 707 710 735
f 735 710 736
f 643 737 644
f 644 737 738
f 740 741 739
f 739 741 742
f 608 744 743
f 743 744 745
f 747 748 746
f 746 748 749
f 751 752 750
f 750 752 753
f 754 755 757
f 757 755 756
f 758 759 761
f 761 759 760
f 763 764 762
f 762 764 765
f 767 768 766
f 766 768 769
f 771 772 770
f 770 772 773
f 775 776 774
f 774 776 777
f 779 780 778
f 778 780 781
f 783 712 782
f 782 712 784
f 785 786 788
f 788 786 787
f 790 628 789
f 789 628 627
f 792 793 791
f 791 793 794
f 795 796 726
f 726 796 723
f 798 799 797
f 797 799 800
f 721 633 801
f 801 633 677
f 797 800 802
f 802 800 803
f 805 806 804
f 804 806 807
f 809 810 808
f 808 810 811
f 813 814 812
f 812 814 815
f 809 808 817
f 817 808 816
f 818 819 804
f 804 819 805
f 820 821 818
f 818 821 819
f 821 820 587
f 587 820 822
f 809 823 810
f 810 823 824
f 814 807 815
f 815 807 806
f 826 426 825
f 825 426 223
f 426 826 427
f 427 826 827
f 828 829 454
f 454 829 830
f 831 832 677
f 677 832 801
f 834 835 833
f 833 835 836
f 838 839 837
f 837 839 840
f 841 842 844
f 844 842 843
f 845 846 803
f 803 846 802
f 847 831 678
f 678 831 677
f 848 849 851
f 851 849 850
f 853 854 852
f 852 854 855
f 857 858 856
f 856 858 680
f 860 861 859
f 859 861 862
f 864 865 863
f 863 865 866
f 868 869 867
f 867 869 870
f 839 871 840
f 840 871 872
f 849 848 874
f 874 848 873
f 876 877 875
f 875 877 878
f 880 881 879
f 879 881 882
f 883 884 886
f 886 884 885
f 846 887 802
f 802 887 888
f 890 891 889
f 889 891 888
f 893 894 892
f 892 894 895
f 896 897 728
f 728 897 729
f 899 900 898
f 898 900 901
f 902 852 904
f 904 852 903
f 849 905 850
f 850 905 906
f 875 878 907
f 907 878 908
f 910 911 909
f 909 911 912
f 914 915 913
f 913 915 916
f 917 918 862
f 862 918 859
f 919 920 856
f 856 920 921
f 923 924 922
f 922 924 925
f 926 927 925
f 925 927 922
f 929 930 928
f 928 930 693
f 932 695 931
f 931 695 694
f 823 867 824
f 824 867 933
f 935 936 934
f 934 936 937
f 938 868 823
f 823 868 867
f 940 847 939
f 939 847 678
f 632 655 678
f 678 655 939
f 941 942 619
f 619 942 620
f 687 943 688
f 688 943 944
f 851 850 945
f 945 850 903
f 850 906 903
f 903 906 904
f 946 947 949
f 949 947 948
f 951 952 950
f 950 952 953
f 955 956 954
f 954 956 957
f 907 958 875
f 875 958 874
f 960 961 959
f 959 961 962
f 963 853 902
f 902 853 852
f 909 964 910
f 910 964 965
f 967 968 966
f 966 968 969
f 971 972 970
f 970 972 973
f 974 960 975
f 975 960 959
f 977 978 976
f 976 978 979
f 981 977 980
f 980 977 976
f 980 982 981
f 981 982 983
f 985 983 984
f 984 983 982
f 984 986 985
f 985 986 987
f 989 990 988
f 988 990 991
f 993 994 992
f 992 994 995
f 997 998 996
f 996 998 999
f 1001 1002 1000
f 1000 1002 1003
f 1005 1006 1004
f 1004 1006 1007
f 1004 1008 1005
f 1005 1008 1009
f 1008 1010 1009
f 1009 1010 1011
f 1013 1011 1012
f 1012 1011 1010
f 1014 1015 1017
f 1017 1015 1016
f 1019 1020 1018
f 1018 1020 1021
f 1022 1023 976
f 976 1023 980
f 1024 1025 982
f 982 1025 984
f 992 995 1026
f 1026 995 1027
f 956 955 1028
f 1028 955 1029
f 1030 1031 1033
f 1033 1031 1032
f 1010 1008 1034
f 1034 1008 1035
f 1008 1004 1035
f 1035 1004 1036
f 1037 1038 1002
f 1002 1038 1007
f 1002 1001 1037
f 1037 1001 1039
f 1040 1041 997
f 997 1041 998
f 1015 1014 1043
f 1043 1014 1042
f 1044 1045 1047
f 1047 1045 1046
f 1044 1020 1048
f 1048 1020 1049
f 1050 1051 1003
f 1003 1051 1000
f 1052 1050 1006
f 1006 1050 1003
f 1053 1054 1011
f 1011 1054 1009
f 1013 1045 1055
f 1055 1045 1056
f 1058 1059 1057
f 1057 1059 1060
f 1062 1063 1061
f 1061 1063 1064
f 1065 1066 1050
f 1050 1066 1051
f 1067 1065 1052
f 1052 1065 1050
f 1068 1069 1054
f 1054 1069 1070
f 1071 1068 1053
f 1053 1068 1054
f 1073 1071 1072
f 1072 1071 1074
f 1074 1071 1055
f 1055 1071 1053
f 1076 1077 1075
f 1075 1077 1078
f 1079 1080 1057
f 1057 1080 1058
f 1081 1082 1064
f 1064 1082 1061
f 1084 1085 1083
f 1083 1085 1086
f 1088 1089 1087
f 1087 1089 1090
f 1092 1093 1091
f 1091 1093 1094
f 1096 1097 1095
f 1095 1097 1098
f 1099 1100 1102
f 1102 1100 1101
f 1103 1104 1099
f 1099 1104 1100
f 1106 1107 1105
f 1105 1107 1108
f 1110 1111 1109
f 1109 1111 1112
f 1114 1115 1113
f 1113 1115 1116
f 1118 1119 1117
f 1117 1119 1077
f 1117 1120 1122
f 1122 1120 1121
f 1105 1123 1106
f 1106 1123 1124
f 1125 1126 1128
f 1128 1126 1127
f 1130 1131 1129
f 1129 1131 1132
f 1134 1135 1133
f 1133 1135 1114
f 1113 1136 1114
f 1114 1136 1133
f 1118 1137 1113
f 1113 1137 1136
f 1118 1117 1137
f 1137 1117 1122
f 1139 1140 1138
f 1138 1140 1141
f 1143 953 1142
f 1142 953 952
f 1145 957 1144
f 1144 957 956
f 1028 1146 956
f 956 1146 1144
f 1014 1147 1042
f 1042 1147 1148
f 1014 1017 1147
f 1147 1017 1149
f 1059 1058 1150
f 1150 1058 1151
f 1153 1080 1152
f 1152 1080 1154
f 1156 1088 1155
f 1155 1088 1087
f 1157 1158 1106
f 1106 1158 1107
f 1106 1124 1157
f 1157 1124 1159
f 1161 1162 1160
f 1160 1162 1163
f 1165 1166 1164
f 1164 1166 1167
f 1168 1031 1012
f 1012 1031 1046
f 1024 1023 1035
f 1035 1023 1034
f 1036 1038 1025
f 1025 1038 1169
f 1170 1171 1039
f 1039 1171 1037
f 1028 1029 1042
f 1042 1029 1043
f 1172 1173 1175
f 1175 1173 1174
f 1055 1053 1013
f 1013 1053 1011
f 1005 1009 1070
f 1070 1009 1054
f 996 999 1062
f 1062 999 1063
f 1016 1060 1017
f 1017 1060 1059
f 1017 1059 1149
f 1149 1059 1150
f 1177 1178 1176
f 1176 1178 1103
f 1176 1072 1179
f 1179 1072 1074
f 1073 1102 1086
f 1086 1102 1083
f 1180 1181 1067
f 1067 1181 1065
f 1182 1183 1184
f 1184 1183 1181
f 1186 1187 1185
f 1185 1187 1188
f 1189 1190 798
f 798 1190 799
f 1192 1193 1191
f 1191 1193 1194
f 1195 1196 1194
f 1194 1196 1191
f 1196 1195 1198
f 1198 1195 1197
f 1200 674 1199
f 1199 674 673
f 928 1201 1203
f 1203 1201 1202
f 861 1204 862
f 862 1204 921
f 1205 1206 913
f 913 1206 1207
f 882 1208 879
f 879 1208 1209
f 1210 1211 1167
f 1167 1211 1164
f 1212 769 1213
f 1213 769 768
f 727 1214 728
f 728 1214 1215
f 1217 1218 1216
f 1216 1218 1219
f 1220 813 1221
f 1221 813 812
f 827 828 427
f 427 828 454
f 1223 1224 1222
f 1222 1224 1165
f 1226 1227 1225
f 1225 1227 1228
f 851 1229 848
f 848 1229 1230
f 834 854 835
f 835 854 1231
f 1233 1234 1232
f 1232 1234 1235
f 1237 751 1236
f 1236 751 750
f 743 819 1238
f 1238 819 821
f 1240 1241 1239
f 1239 1241 1242
f 1244 1245 1243
f 1243 1245 1246
f 844 1247 841
f 841 1247 1248
f 1250 1251 1249
f 1249 1251 1252
f 1254 893 1253
f 1253 893 1237
f 1255 1256 1258
f 1258 1256 1257
f 1260 1261 1259
f 1259 1261 1262
f 945 903 855
f 855 903 852
f 855 1263 945
f 945 1263 1264
f 832 845 801
f 801 845 803
f 800 721 803
f 803 721 801
f 721 800 722
f 722 800 799
f 1266 1267 1265
f 1265 1267 1268
f 1270 795 1269
f 1269 795 726
f 725 1271 726
f 726 1271 1269
f 737 765 738
f 738 765 764
f 759 740 760
f 760 740 739
f 717 1272 1274
f 1274 1272 1273
f 1163 1226 1275
f 1275 1226 1225
f 1277 882 1276
f 1276 882 881
f 1041 1040 1027
f 1027 1040 1026
f 900 935 901
f 901 935 934
f 1164 1278 1165
f 1165 1278 1222
f 1211 1279 1164
f 1164 1279 1278
f 442 1280 453
f 453 1280 1281
f 788 1282 785
f 785 1282 1283
f 1285 1286 1284
f 1284 1286 1287
f 1284 1288 1285
f 1285 1288 1289
f 757 1289 754
f 754 1289 1288
f 605 604 675
f 675 604 676
f 1290 1291 1293
f 1293 1291 1292
f 1295 1296 1294
f 1294 1296 1297
f 696 699 694
f 694 699 931
f 1298 1299 592
f 592 1299 589
f 1299 1300 589
f 589 1300 700
f 1300 1301 700
f 700 1301 701
f 743 745 819
f 819 745 805
f 1303 1304 1302
f 1302 1304 1305
f 1306 1307 1305
f 1305 1307 1302
f 609 1298 610
f 610 1298 592
f 587 822 588
f 588 822 1308
f 703 588 1309
f 1309 588 1308
f 1310 703 571
f 571 703 1309
f 1311 1312 789
f 789 1312 790
f 825 223 1313
f 1313 223 220
f 219 1314 220
f 220 1314 1313
f 1315 1316 1311
f 1311 1316 1312
f 1317 1318 1319
f 1319 1318 1241
f 441 1320 442
f 442 1320 1280
f 1321 217 572
f 572 217 216
f 1323 1230 1322
f 1322 1230 1229
f 1324 1325 631
f 631 1325 656
f 1034 1168 1010
f 1010 1168 1012
f 1327 1328 1326
f 1326 1328 1329
f 1331 1202 1330
f 1330 1202 1201
f 571 1309 572
f 572 1309 1321
f 573 572 1332
f 1332 572 216
f 1334 1335 1333
f 1333 1335 1336
f 1337 1338 918
f 918 1338 859
f 1339 863 1340
f 1340 863 866
f 1341 1342 1344
f 1344 1342 1343
f 1345 1346 919
f 919 1346 920
f 1347 1348 673
f 673 1348 1199
f 693 1349 928
f 928 1349 1201
f 1351 1257 1350
f 1350 1257 1256
f 1350 1352 1351
f 1351 1352 1353
f 653 930 654
f 654 930 662
f 1279 1354 1278
f 1278 1354 1355
f 1357 1358 1356
f 1356 1358 1359
f 937 1360 1140
f 1140 1360 1361
f 1225 1228 909
f 909 1228 964
f 901 934 1362
f 1362 934 1139
f 1364 1365 1363
f 1363 1365 1362
f 1367 912 1366
f 1366 912 911
f 1143 1142 1368
f 1368 1142 1369
f 1144 1186 1145
f 1145 1186 1185
f 1146 1175 1144
f 1144 1175 1186
f 1175 1146 1172
f 1172 1146 1148
f 1147 1018 1148
f 1148 1018 1172
f 1018 1147 1019
f 1019 1147 1149
f 1149 1150 1019
f 1019 1150 1370
f 1150 1151 1370
f 1370 1151 1371
f 1151 1153 1371
f 1371 1153 1177
f 1152 1156 1178
f 1178 1156 1372
f 1155 1158 1373
f 1373 1158 1374
f 1157 1159 1376
f 1376 1159 1375
f 1378 1379 1377
f 1377 1379 1380
f 1382 1383 1381
f 1381 1383 1384
f 1382 1386 1385
f 1385 1386 1387
f 1386 1233 1387
f 1387 1233 1232
f 1389 1390 1388
f 1388 1390 1391
f 1393 1394 1392
f 1392 1394 1395
f 1397 1398 1396
f 1396 1398 1399
f 629 1397 630
f 630 1397 1396
f 1342 1400 1343
f 1343 1400 1401
f 1403 1404 1402
f 1402 1404 1405
f 1407 1408 1406
f 1406 1408 1409
f 1411 1412 1410
f 1410 1412 1413
f 793 1414 794
f 794 1414 1415
f 1417 1341 1416
f 1416 1341 1344
f 704 705 1347
f 1347 705 1418
f 741 1419 742
f 742 1419 1420
f 1422 669 1421
f 1421 669 672
f 645 1423 646
f 646 1423 1424
f 1196 1198 614
f 614 1198 611
f 613 1425 614
f 614 1425 1426
f 1427 616 659
f 659 616 660
f 614 1426 1196
f 1196 1426 1191
f 696 594 697
f 697 594 590
f 697 590 700
f 700 590 589
f 703 1310 702
f 702 1310 1428
f 1421 672 1192
f 1192 672 689
f 1271 648 1269
f 1269 648 622
f 621 1270 622
f 622 1270 1269
f 1429 1430 1417
f 1417 1430 1341
f 1431 1432 1434
f 1434 1432 1433
f 1436 1437 1435
f 1435 1437 1438
f 1440 1441 1439
f 1439 1441 1442
f 1443 1444 1446
f 1446 1444 1445
f 823 809 938
f 938 809 817
f 810 1447 811
f 811 1447 1448
f 1449 1450 679
f 679 1450 706
f 913 916 1205
f 1205 916 1451
f 1275 1225 912
f 912 1225 909
f 1452 1453 880
f 880 1453 881
f 1444 1401 1445
f 1445 1401 1400
f 936 1454 937
f 937 1454 1360
f 824 1455 810
f 810 1455 1447
f 631 656 632
f 632 656 655
f 966 1456 967
f 967 1456 1457
f 1459 1460 1458
f 1458 1460 1461
f 1460 1462 1461
f 1461 1462 1463
f 972 974 973
f 973 974 975
f 990 995 991
f 991 995 994
f 1464 1187 1033
f 1033 1187 1174
f 1018 1021 1172
f 1172 1021 1173
f 1000 999 1001
f 1001 999 998
f 976 979 1022
f 1022 979 1032
f 1023 1024 980
f 980 1024 982
f 989 986 1171
f 1171 986 1169
f 1171 1170 989
f 989 1170 990
f 1170 1027 990
f 990 1027 995
f 1041 1039 998
f 998 1039 1001
f 1051 1063 1000
f 1000 1063 999
f 1066 1064 1051
f 1051 1064 1063
f 1183 1081 1066
f 1066 1081 1064
f 1178 1372 1103
f 1103 1372 1104
f 1092 1091 1465
f 1465 1091 1182
f 1467 1465 1466
f 1466 1465 1468
f 1469 1470 1184
f 1184 1470 1468
f 1095 1098 1471
f 1471 1098 1101
f 1076 1374 1120
f 1120 1374 1376
f 1110 1472 1127
f 1127 1472 1132
f 1472 1473 1132
f 1132 1473 1129
f 1474 1475 1466
f 1466 1475 1473
f 1119 1118 1116
f 1116 1118 1113
f 1375 1121 1376
f 1376 1121 1120
f 1127 1132 1128
f 1128 1132 1131
f 1227 1476 1228
f 1228 1476 1361
f 1365 1477 1362
f 1362 1477 872
f 1478 1479 1323
f 1323 1479 1230
f 1480 1481 914
f 914 1481 915
f 913 1277 914
f 914 1277 1276
f 1168 1034 1022
f 1022 1034 1023
f 1035 1036 1024
f 1024 1036 1025
f 1039 1041 1170
f 1170 1041 1027
f 1042 1148 1028
f 1028 1148 1146
f 968 1459 969
f 969 1459 1458
f 1482 1483 664
f 664 1483 665
f 1485 1486 1484
f 1484 1486 1487
f 1489 1490 1488
f 1488 1490 1491
f 1492 1493 722
f 722 1493 634
f 1495 1496 1494
f 1494 1496 1497
f 1498 1207 1339
f 1339 1207 863
f 1224 1499 1165
f 1165 1499 1166
f 1160 1163 1500
f 1500 1163 1275
f 1500 877 1160
f 1160 877 1501
f 876 873 1502
f 1502 873 1479
f 945 1264 851
f 851 1264 1229
f 835 1231 839
f 839 1231 871
f 1503 1283 778
f 778 1283 1282
f 716 715 1505
f 1505 715 1504
f 1446 1445 1507
f 1507 1445 1506
f 779 792 1381
f 1381 792 791
f 1430 1409 1341
f 1341 1409 1342
f 1411 1429 1508
f 1508 1429 1417
f 635 1510 1509
f 1509 1510 1511
f 1377 1380 1315
f 1315 1380 1316
f 1445 1400 1506
f 1506 1400 1408
f 918 917 1336
f 1336 917 1333
f 1513 1514 1512
f 1512 1514 870
f 1515 1516 1363
f 1363 1516 1364
f 1453 1517 881
f 881 1517 1276
f 992 1518 993
f 993 1518 1519
f 1520 1029 1518
f 1518 1029 955
f 1520 1026 1521
f 1521 1026 1040
f 1522 1015 1521
f 1521 1015 1043
f 996 1523 997
f 997 1523 1522
f 1060 1016 1524
f 1524 1016 1523
f 1061 1525 1062
f 1062 1525 1524
f 1079 1527 1526
f 1526 1527 1528
f 1093 1529 1094
f 1094 1529 1528
f 1111 1530 1112
f 1112 1530 1531
f 1532 1533 1105
f 1105 1533 1123
f 934 937 1139
f 1139 937 1140
f 1138 1363 1139
f 1139 1363 1362
f 1534 1222 1355
f 1355 1222 1278
f 1535 1223 1534
f 1534 1223 1222
f 821 587 1238
f 1238 587 586
f 1319 711 1317
f 1317 711 1536
f 1538 1200 1537
f 1537 1200 1199
f 1508 1417 1539
f 1539 1417 1416
f 1540 1541 840
f 840 1541 837
f 1231 898 871
f 871 898 901
f 1500 1275 1367
f 1367 1275 912
f 1543 1379 1542
f 1542 1379 1395
f 1539 772 1508
f 1508 772 1544
f 1546 1403 1545
f 1545 1403 1402
f 1548 1549 1547
f 1547 1549 1550
f 1552 1548 1551
f 1551 1548 1547
f 1554 1555 1553
f 1553 1555 1556
f 1558 1559 1557
f 1557 1559 1560
f 1562 1563 1561
f 1561 1563 1564
f 1566 1567 1565
f 1565 1567 1568
f 1570 1571 1569
f 1569 1571 1572
f 1574 1575 1573
f 1573 1575 1576
f 1577 1578 1572
f 1572 1578 1569
f 1580 1581 1579
f 1579 1581 1582
f 1584 1585 1583
f 1583 1585 1586
f 1588 1555 1587
f 1587 1555 1589
f 1591 1592 1590
f 1590 1592 1593
f 1595 1596 1594
f 1594 1596 1597
f 1596 1581 1597
f 1597 1581 1576
f 1599 1570 1598
f 1598 1570 1569
f 1601 1602 1600
f 1600 1602 1603
f 1605 1606 1604
f 1604 1606 1607
f 1608 1609 1568
f 1568 1609 1565
f 1611 1612 1610
f 1610 1612 1613
f 1615 1616 1614
f 1614 1616 1617
f 1619 1617 1618
f 1618 1617 1616
f 1621 1622 1620
f 1620 1622 1623
f 1625 1626 1624
f 1624 1626 1627
f 1629 1630 1628
f 1628 1630 1631
f 1633 1634 1632
f 1632 1634 1635
f 1636 1637 1639
f 1639 1637 1638
f 1641 1642 1640
f 1640 1642 1643
f 1624 1627 1644
f 1644 1627 1645
f 1647 1648 1646
f 1646 1648 1649
f 1651 1652 1650
f 1650 1652 1653
f 1655 1656 1654
f 1654 1656 1657
f 1659 1660 1658
f 1658 1660 1661
f 1662 1663 1631
f 1631 1663 1628
f 1651 1665 1664
f 1664 1665 1666
f 1667 1656 1619
f 1619 1656 1617
f 1669 1670 1668
f 1668 1670 1671
f 1632 1635 1672
f 1672 1635 1673
f 1674 1675 1638
f 1638 1675 1639
f 1677 1678 1676
f 1676 1678 1679
f 1680 1640 1681
f 1681 1640 1643
f 1682 1683 1643
f 1643 1683 1681
f 1670 1669 1235
f 1235 1669 1232
f 1396 1399 1674
f 1674 1399 1675
f 627 630 1679
f 1679 630 1676
f 1681 1315 1680
f 1680 1315 1311
f 1683 1377 1681
f 1681 1377 1315
f 1672 1673 1387
f 1387 1673 1385
f 1636 1684 1646
f 1646 1684 1685
f 1687 1688 1686
f 1686 1688 1689
f 1585 1690 1586
f 1586 1690 1691
f 1599 1692 1551
f 1551 1692 1693
f 1552 1558 1694
f 1694 1558 1557
f 1696 1615 1695
f 1695 1615 1614
f 1698 1699 1697
f 1697 1699 1623
f 1700 1701 1703
f 1703 1701 1702
f 1705 1706 1704
f 1704 1706 1707
f 1708 1709 1640
f 1640 1709 1641
f 1710 1711 1713
f 1713 1711 1712
f 1652 1655 1653
f 1653 1655 1654
f 1714 1699 1712
f 1712 1699 1713
f 1715 1710 1716
f 1716 1710 1713
f 1717 1708 1680
f 1680 1708 1640
f 1393 1392 1715
f 1715 1392 1710
f 1719 1720 1718
f 1718 1720 1721
f 1680 1311 1717
f 1717 1311 789
f 1378 1711 1392
f 1392 1711 1710
f 1388 1391 1719
f 1719 1391 1720
f 1723 1606 1722
f 1722 1606 1689
f 1725 1568 1724
f 1724 1568 1567
f 1726 1647 1685
f 1685 1647 1646
f 1728 1554 1727
f 1727 1554 1553
f 1591 1687 1600
f 1600 1687 1686
f 1730 1595 1729
f 1729 1595 1594
f 1601 1605 1731
f 1731 1605 1604
f 1733 1663 1732
f 1732 1663 1734
f 1736 1639 1735
f 1735 1639 1675
f 1658 1644 1737
f 1737 1644 1645
f 1726 1662 1724
f 1724 1662 1631
f 1399 1738 1675
f 1675 1738 1735
f 1621 1667 1739
f 1739 1667 1619
f 1714 1740 1620
f 1620 1740 1741
f 1592 1549 1593
f 1593 1549 1742
f 1602 1571 1603
f 1603 1571 1550
f 1688 1690 1689
f 1689 1690 1722
f 1588 1559 1582
f 1582 1559 1579
f 1673 1735 1385
f 1385 1735 1738
f 1387 1232 1672
f 1672 1232 1669
f 1580 1692 1573
f 1573 1692 1743
f 1377 1683 1378
f 1378 1683 1711
f 1664 1666 1744
f 1744 1666 1745
f 1744 1696 1664
f 1664 1696 1695
f 1746 1747 1732
f 1732 1747 1748
f 1749 1750 1677
f 1677 1750 1678
f 1709 1708 1750
f 1750 1708 1678
f 1668 1632 1669
f 1669 1632 1672
f 1633 1746 1734
f 1734 1746 1732
f 1679 1678 1717
f 1717 1678 1708
f 789 627 1717
f 1717 627 1679
f 1563 1723 1564
f 1564 1723 1722
f 1728 1584 1751
f 1751 1584 1583
f 1674 1676 1396
f 1396 1676 630
f 1666 1566 1745
f 1745 1566 1565
f 1627 1629 1645
f 1645 1629 1628
f 1637 1749 1638
f 1638 1749 1677
f 1648 1665 1649
f 1649 1665 1752
f 1740 1642 1741
f 1741 1642 1657
f 1676 1674 1677
f 1677 1674 1638
f 1683 1682 1711
f 1711 1682 1712
f 1618 1753 1619
f 1619 1753 1739
f 1701 1739 1702
f 1702 1739 1753
f 1754 1214 1756
f 1756 1214 1755
f 647 1757 619
f 619 1757 941
f 1759 1193 1758
f 1758 1193 691
f 1419 1760 1420
f 1420 1760 1761
f 682 1762 683
f 683 1762 1763
f 1412 780 1413
f 1413 780 1384
f 1383 1398 1384
f 1384 1398 1413
f 1197 1424 1764
f 1764 1424 1423
f 1537 1287 1538
f 1538 1287 1286
f 1634 1684 1635
f 1635 1684 1736
f 1724 1631 1725
f 1725 1631 1630
f 1562 1730 1610
f 1610 1730 1729
f 1735 1673 1736
f 1736 1673 1635
f 1757 1195 941
f 941 1195 1194
f 1766 200 1765
f 1765 200 199
f 475 500 476
f 476 500 479
f 498 558 483
f 483 558 487
f 545 551 546
f 546 551 550
f 453 1281 219
f 219 1281 1314
f 298 453 208
f 208 453 219
f 368 1765 1767
f 1767 1765 199
f 523 405 363
f 363 405 404
f 523 533 405
f 405 533 402
f 298 208 299
f 299 208 207
f 299 207 176
f 176 207 300
f 176 300 173
f 173 300 202
f 173 202 174
f 174 202 201
f 1337 918 1768
f 1768 918 1336
f 1769 1770 1338
f 1338 1770 859
f 581 570 578
f 578 570 1771
f 555 562 580
f 580 562 561
f 504 1772 501
f 501 1772 548
f 517 542 584
f 584 542 543
f 515 514 516
f 516 514 544
f 542 517 544
f 544 517 516
f 561 575 580
f 580 575 581
f 575 569 581
f 581 569 570
f 501 548 1773
f 1773 548 547
f 1774 1775 570
f 570 1775 1771
f 369 368 1776
f 1776 368 1767
f 372 369 375
f 375 369 1776
f 822 1280 1308
f 1308 1280 1320
f 820 1281 822
f 822 1281 1280
f 818 1314 820
f 820 1314 1281
f 1314 818 1313
f 1313 818 804
f 807 814 825
f 825 814 826
f 814 813 826
f 826 813 827
f 813 1220 827
f 827 1220 828
f 580 579 555
f 555 579 547
f 1477 1540 872
f 872 1540 840
f 367 499 368
f 368 499 1765
f 1766 1765 525
f 525 1765 499
f 1777 1766 526
f 526 1766 525
f 520 527 362
f 362 527 384
f 361 1778 519
f 519 1778 528
f 371 1779 372
f 372 1779 369
f 369 1779 370
f 370 1779 478
f 1779 371 478
f 478 371 374
f 1778 1777 528
f 528 1777 526
f 1781 1782 1780
f 1780 1782 1783
f 431 460 67
f 67 460 64
f 68 338 74
f 74 338 72
f 1785 1782 1784
f 1784 1782 1786
f 1787 1788 1790
f 1790 1788 1789
f 1792 1789 1791
f 1791 1789 1793
f 1791 1794 1792
f 1792 1794 1795
f 1794 1796 1795
f 1795 1796 1797
f 1797 1798 938
f 938 1798 868
f 1798 1799 868
f 868 1799 869
f 1801 1802 1800
f 1800 1802 1451
f 1803 1804 1205
f 1205 1804 1206
f 1805 1806 864
f 864 1806 865
f 1806 1807 865
f 865 1807 1808
f 68 71 338
f 287 328 288
f 1320 1321 1308
f 1308 1321 1309
f 1320 441 1321
f 1321 441 217
f 441 152 217
f 217 152 218
f 151 286 152
f 152 286 218
f 297 310 151
f 151 310 286
f 296 307 297
f 297 307 310
f 296 143 307
f 307 143 284
f 143 56 284
f 284 56 104
f 56 59 104
f 104 59 63
f 59 102 63
f 63 102 60
f 102 94 60
f 60 94 282
f 93 459 279
f 279 459 77
f 459 460 77
f 77 460 78
f 460 431 78
f 78 431 295
f 431 49 295
f 295 49 292
f 48 421 49
f 49 421 292
f 276 278 418
f 418 278 429
f 317 432 278
f 278 432 429
f 432 317 433
f 433 317 316
f 326 324 316
f 316 324 433
f 1536 592 1809
f 1809 592 591
f 1810 744 1812
f 1812 744 1811
f 1814 1815 1813
f 1813 1815 1816
f 1817 748 1818
f 1818 748 747
f 1812 1819 1810
f 1810 1819 1817
f 1820 1821 748
f 748 1821 749
f 1823 1824 1822
f 1822 1824 1825
f 1827 1828 1826
f 1826 1828 1829
f 1831 1832 1830
f 1830 1832 1833
f 1834 1827 1243
f 1243 1827 1826
f 1313 804 825
f 825 804 807
f 1835 1253 1236
f 1236 1253 1237
f 1836 1837 1438
f 1438 1837 1435
f 1838 1505 1840
f 1840 1505 1839
f 1841 1842 716
f 716 1842 713
f 1843 1844 1510
f 1510 1844 1845
f 1847 1848 1846
f 1846 1848 1849
f 1850 1240 1822
f 1822 1240 1239
f 636 1831 637
f 637 1831 1830
f 1852 1853 1851
f 1851 1853 1854
f 1855 1856 1858
f 1858 1856 1857
f 1846 1849 1859
f 1859 1849 1860
f 1343 1401 1509
f 1509 1401 1861
f 1509 1861 635
f 635 1861 636
f 1863 1864 1862
f 1862 1864 1865
f 1283 1503 1867
f 1867 1503 1866
f 1868 1867 681
f 681 1867 682
f 1286 1285 683
f 683 1285 684
f 757 756 1274
f 1274 756 1869
f 1274 1869 717
f 717 1869 718
f 1434 1433 719
f 719 1433 720
f 1200 1538 1545
f 1545 1538 1763
f 1285 1289 684
f 684 1289 1273
f 684 1273 681
f 681 1273 1272
f 785 1283 1868
f 1868 1283 1867
f 786 785 1870
f 1870 785 1868
f 1289 757 1273
f 1273 757 1274
f 1539 1416 1871
f 1871 1416 1872
f 773 1871 1403
f 1403 1871 1404
f 675 674 1405
f 1405 674 1402
f 1864 1873 1865
f 1865 1873 1874
f 638 1843 635
f 635 1843 1510
f 1344 1343 1511
f 1511 1343 1509
f 772 1539 773
f 773 1539 1871
f 674 1200 1402
f 1402 1200 1545
f 1538 1286 1763
f 1763 1286 683
f 1444 1443 1875
f 1875 1443 1876
f 1875 1876 1831
f 1831 1876 1832
f 1416 1344 1872
f 1872 1344 1511
f 1877 1878 774
f 774 1878 1879
f 1878 1847 1879
f 1879 1847 1846
f 1880 714 1881
f 1881 714 1848
f 1401 1444 1861
f 1861 1444 1875
f 1861 1875 636
f 636 1875 1831
f 1823 1863 1882
f 1882 1863 1862
f 1441 1440 1884
f 1884 1440 1883
f 1883 1852 1884
f 1884 1852 1851
f 1886 1887 1885
f 1885 1887 1888
f 1358 1889 1359
f 1359 1889 1890
f 1891 1886 1892
f 1892 1886 1885
f 774 1879 775
f 775 1879 1893
f 1859 1893 1846
f 1846 1893 1879
f 713 1842 1849
f 1849 1842 1860
f 1318 1895 1894
f 1894 1895 1896
f 1873 1897 1874
f 1874 1897 1898
f 1898 605 1899
f 1899 605 675
f 1405 1844 675
f 675 1844 1899
f 1404 1845 1405
f 1405 1845 1844
f 593 1296 591
f 591 1296 1809
f 1295 1292 1900
f 1900 1292 1895
f 606 1897 1291
f 1291 1897 1896
f 1510 1845 1511
f 1511 1845 1872
f 1871 1872 1404
f 1404 1872 1845
f 1866 770 1762
f 1762 770 1546
f 1762 682 1866
f 1866 682 1867
f 1870 1868 1272
f 1272 1868 681
f 1272 717 1870
f 1870 717 720
f 1870 720 786
f 786 720 1433
f 786 1433 787
f 787 1433 1432
f 1261 1414 1432
f 1432 1414 787
f 1389 1234 1260
f 1260 1234 1415
f 1719 1670 1388
f 1388 1670 1235
f 1718 1671 1719
f 1719 1671 1670
f 1705 1747 1718
f 1718 1747 1671
f 1659 1901 1704
f 1704 1901 1748
f 1877 1903 1902
f 1902 1903 1904
f 1259 1905 1390
f 1390 1905 1394
f 1715 1720 1393
f 1393 1720 1391
f 1716 1721 1715
f 1715 1721 1720
f 1698 1706 1716
f 1716 1706 1721
f 277 276 47
f 47 276 48
f 84 96 81
f 81 96 82
f 80 70 81
f 81 70 85
f 99 97 88
f 88 97 89
f 90 100 88
f 88 100 99
f 101 95 102
f 102 95 94
f 1906 1907 280
f 280 1907 281
f 97 86 89
f 89 86 85
f 60 282 61
f 61 282 281
f 83 82 46
f 46 82 47
f 293 292 420
f 420 292 421
f 419 1908 420
f 420 1908 1909
f 92 95 91
f 91 95 90
f 279 282 93
f 93 282 94
f 276 418 48
f 48 418 421
f 1910 1660 1697
f 1697 1660 1707
f 1703 1624 1700
f 1700 1624 1644
f 1622 1910 1623
f 1623 1910 1697
f 1701 1700 1911
f 1911 1700 1661
f 1700 1644 1661
f 1661 1644 1658
f 1901 1737 1733
f 1733 1737 1645
f 1625 1912 1604
f 1604 1912 1731
f 1912 1913 1731
f 1731 1913 1914
f 1913 1577 1914
f 1914 1577 1572
f 1915 1578 1616
f 1616 1578 1618
f 1915 1916 1598
f 1598 1916 1743
f 1916 1574 1743
f 1743 1574 1573
f 1575 1917 1576
f 1576 1917 1597
f 1917 1609 1597
f 1597 1609 1594
f 1608 1611 1729
f 1729 1611 1610
f 1918 1612 1629
f 1629 1612 1630
f 1626 1918 1627
f 1627 1918 1629
f 1920 1921 1919
f 1919 1921 1922
f 1920 1924 1923
f 1923 1924 1925
f 1926 1927 1924
f 1924 1927 1925
f 1929 1930 1928
f 1928 1930 1931
f 1932 1933 1935
f 1935 1933 1934
f 1937 1938 1936
f 1936 1938 1939
f 1941 1942 1940
f 1940 1942 1943
f 1941 1945 1944
f 1944 1945 1946
f 1947 1948 1694
f 1694 1948 1949
f 1950 1951 1953
f 1953 1951 1952
f 1955 1956 1954
f 1954 1956 1589
f 1958 1956 1957
f 1957 1956 1932
f 1960 1934 1959
f 1959 1934 1933
f 1962 1963 1961
f 1961 1963 1964
f 1965 1955 1751
f 1751 1955 1954
f 1935 1930 1932
f 1932 1930 1957
f 1951 1950 1926
f 1926 1950 1929
f 1966 1967 1593
f 1593 1967 1590
f 1969 1967 1968
f 1968 1967 1964
f 1962 1921 1970
f 1970 1921 1971
f 1963 1945 1964
f 1964 1945 1968
f 1972 1948 1922
f 1922 1948 1919
f 1966 1972 1961
f 1961 1972 1922
f 1958 1953 1587
f 1587 1953 1560
f 1974 1975 1973
f 1973 1975 1976
f 1978 1979 1977
f 1977 1979 1691
f 1979 1975 1691
f 1691 1975 1586
f 1938 1942 1939
f 1939 1942 1980
f 1952 1947 1557
f 1557 1947 1694
f 1969 1978 1981
f 1981 1978 1977
f 1983 1984 1982
f 1982 1984 1985
f 1986 1987 1989
f 1989 1987 1988
f 1990 1991 1983
f 1983 1991 1984
f 1990 1993 1992
f 1992 1993 1994
f 1995 1996 1994
f 1994 1996 1997
f 1999 2000 1998
f 1998 2000 2001
f 2003 2004 2002
f 2002 2004 2005
f 2007 2008 2006
f 2006 2008 2009
f 2011 2012 2010
f 2010 2012 2013
f 2014 2015 2017
f 2017 2015 2016
f 2018 2019 2021
f 2021 2019 2020
f 2022 1989 2024
f 2024 1989 2023
f 1989 1988 2023
f 2023 1988 2025
f 2026 2027 2017
f 2017 2027 2014
f 2029 2030 2028
f 2028 2030 2031
f 2033 2034 2032
f 2032 2034 2035
f 2032 2035 2036
f 2036 2035 2037
f 2039 2040 2038
f 2038 2040 2041
f 1982 2042 1983
f 1983 2042 2043
f 2045 2046 2044
f 2044 2046 2047
f 2049 2050 2048
f 2048 2050 2051
f 2053 2054 2052
f 2052 2054 2055
f 2057 2058 2056
f 2056 2058 2059
f 2060 2061 2033
f 2033 2061 2034
f 2063 2064 2062
f 2062 2064 2065
f 2066 2035 2067
f 2067 2035 2034
f 2069 2039 2068
f 2068 2039 2038
f 2025 2070 2023
f 2023 2070 2071
f 2072 2024 2071
f 2071 2024 2023
f 2074 2020 2073
f 2073 2020 2019
f 2050 2049 2047
f 2047 2049 2075
f 1983 2043 1990
f 1990 2043 1993
f 2006 2050 2007
f 2007 2050 2076
f 2050 2006 2051
f 2051 2006 2077
f 2079 2080 2078
f 2078 2080 2081
f 2082 2083 2085
f 2085 2083 2084
f 2010 2013 2086
f 2086 2013 2087
f 2089 2033 2088
f 2088 2033 2032
f 2090 2060 2089
f 2089 2060 2033
f 2092 2093 2091
f 2091 2093 2094
f 2096 1986 2095
f 2095 1986 2097
f 2097 1986 2022
f 2022 1986 1989
f 2015 2094 2016
f 2016 2094 2098
f 2016 2098 2100
f 2100 2098 2099
f 2017 2016 2101
f 2101 2016 2100
f 2017 2101 2026
f 2026 2101 2102
f 2100 2099 2104
f 2104 2099 2103
f 2104 2105 2100
f 2100 2105 2101
f 2105 2106 2101
f 2101 2106 2102
f 2108 2061 2107
f 2107 2061 2109
f 2111 2112 2110
f 2110 2112 2020
f 2020 2074 2110
f 2110 2074 2113
f 2115 2116 2114
f 2114 2116 2117
f 2118 2119 1995
f 1995 2119 2120
f 2121 2122 2027
f 2027 2122 2014
f 2047 2075 2044
f 2044 2075 2123
f 2124 2125 2127
f 2127 2125 2126
f 2129 2130 2128
f 2128 2130 2131
f 2132 2133 2057
f 2057 2133 2058
f 2134 1999 2136
f 2136 1999 2135
f 2055 2138 2137
f 2137 2138 2139
f 2141 2142 2140
f 2140 2142 2143
f 2083 2082 2064
f 2064 2082 2065
f 2082 2144 2065
f 2065 2144 2145
f 2040 2146 2041
f 2041 2146 2147
f 2060 2090 2148
f 2148 2090 2149
f 2048 2051 2137
f 2137 2051 2150
f 2151 1997 2135
f 2135 1997 1996
f 2152 2150 2077
f 2077 2150 2051
f 2046 2045 2118
f 2118 2045 2119
f 2154 2155 2153
f 2153 2155 2156
f 2158 2159 2157
f 2157 2159 2160
f 2162 2163 2161
f 2161 2163 2164
f 2164 2163 2165
f 2165 2163 2166
f 2168 2169 2167
f 2167 2169 2170
f 2003 2172 2171
f 2171 2172 2173
f 2174 2175 2002
f 2002 2175 2176
f 2145 2177 2065
f 2065 2177 2062
f 2178 2179 2180
f 2180 2179 2134
f 2181 2052 2152
f 2152 2052 2150
f 2040 2127 2146
f 2146 2127 2182
f 2130 2162 2131
f 2131 2162 2161
f 2052 2055 2150
f 2150 2055 2137
f 2184 2185 2183
f 2183 2185 2186
f 2159 2030 2160
f 2160 2030 2187
f 2146 2182 2029
f 2029 2182 2188
f 2189 2190 2192
f 2192 2190 2191
f 2172 2003 2176
f 2176 2003 2002
f 1998 2151 1999
f 1999 2151 2135
f 2177 2172 2062
f 2062 2172 2176
f 2172 2177 2173
f 2173 2177 2193
f 2063 2194 2064
f 2064 2194 2195
f 2066 2197 2196
f 2196 2197 2198
f 2002 2005 2174
f 2174 2005 2199
f 2004 2003 2200
f 2200 2003 2171
f 2198 2201 2171
f 2171 2201 2200
f 2197 2202 2198
f 2198 2202 2201
f 2202 2197 2203
f 2203 2197 2204
f 2196 2198 2173
f 2173 2198 2171
f 2205 2069 2170
f 2170 2069 2206
f 2197 2066 2204
f 2204 2066 2067
f 2107 2207 2108
f 2108 2207 2208
f 2210 2208 2209
f 2209 2208 2207
f 2185 2211 2212
f 2213 2214 2211
f 2211 2214 2212
f 1998 2001 2213
f 2213 2001 2214
f 2134 2215 1999
f 1999 2215 2000
f 2216 2217 2219
f 2219 2217 2218
f 2206 2220 2170
f 2170 2220 2167
f 2069 2068 2206
f 2206 2068 2221
f 2151 1998 2222
f 2222 1998 2213
f 2124 2039 2205
f 2205 2039 2069
f 2142 2223 2143
f 2143 2223 2128
f 2203 2186 2202
f 2202 2186 2185
f 2185 2184 2211
f 2211 2184 2224
f 2224 2225 2222
f 2222 2225 2226
f 2071 2227 2072
f 2072 2227 2228
f 2229 2074 2230
f 2230 2074 2073
f 2074 2229 2113
f 2113 2229 2231
f 2232 2225 2227
f 2227 2225 2224
f 2233 2234 2031
f 2031 2234 2028
f 2236 2231 2235
f 2235 2231 2229
f 2230 2183 2229
f 2229 2183 2235
f 2237 1987 2096
f 2096 1987 1986
f 2152 2238 2181
f 2181 2238 2239
f 2080 2240 2081
f 2081 2240 2241
f 2236 2242 1971
f 1971 2242 1970
f 1925 2113 1923
f 1923 2113 2231
f 2110 1927 2111
f 2111 1927 1928
f 2103 2111 1931
f 1931 2111 1928
f 1931 2243 2103
f 2103 2243 2104
f 2105 2104 2244
f 2244 2104 2243
f 1939 1980 2148
f 2148 1980 2109
f 1980 1944 2109
f 2109 1944 2107
f 1946 2245 2207
f 2207 2245 2209
f 2245 1970 2209
f 2209 1970 2242
f 2231 2236 1923
f 1923 2236 1971
f 2113 1925 2110
f 2110 1925 1927
f 2234 2246 2028
f 2028 2246 2147
f 2247 2248 2058
f 2058 2248 2059
f 2114 2117 2249
f 2249 2117 2250
f 2252 2253 2251
f 2251 2253 2254
f 2094 2015 2091
f 2091 2015 2255
f 2256 2255 2014
f 2014 2255 2015
f 2257 2145 2258
f 2258 2145 2144
f 2131 2161 2123
f 2123 2161 2044
f 2045 2044 2164
f 2164 2044 2161
f 2045 2164 2119
f 2119 2164 2165
f 2259 2120 2165
f 2165 2120 2119
f 2260 2261 2259
f 2259 2261 2120
f 2205 2262 2124
f 2124 2262 2125
f 2180 2263 2178
f 2178 2263 2264
f 2265 2266 2092
f 2092 2266 2093
f 1992 2267 2268
f 2184 2228 2224
f 2224 2228 2227
f 2048 2269 2049
f 2049 2269 2141
f 2129 2168 2157
f 2157 2168 2167
f 2049 2141 2075
f 2075 2141 2140
f 2199 2215 2270
f 2270 2215 2271
f 2142 2141 2272
f 2272 2141 2269
f 2089 2026 2090
f 2090 2026 2102
f 2146 2029 2147
f 2147 2029 2028
f 2111 2103 2112
f 2112 2103 2099
f 2061 2060 2109
f 2109 2060 2148
f 2273 2274 2041
f 2041 2274 2038
f 2260 2275 2261
f 2261 2275 2136
f 2057 2138 2132
f 2132 2138 2276
f 2272 2269 2056
f 2056 2269 2139
f 2277 2278 2270
f 2270 2278 2199
f 2029 2188 2030
f 2030 2188 2187
f 2040 2039 2127
f 2127 2039 2124
f 2064 2195 2083
f 2083 2195 2279
f 2056 2139 2057
f 2057 2139 2138
f 2278 2277 2247
f 2247 2277 2248
f 2062 2176 2063
f 2063 2176 2175
f 2280 2210 2242
f 2242 2210 2209
f 2282 2233 2281
f 2281 2233 2031
f 2216 2219 2283
f 2283 2219 2221
f 2158 2220 2218
f 2218 2220 2219
f 2217 2282 2218
f 2218 2282 2281
f 2220 2158 2167
f 2167 2158 2157
f 2223 2264 2128
f 2128 2264 2263
f 2261 1996 2120
f 2120 1996 1995
f 2213 2211 2222
f 2222 2211 2224
f 2283 2221 2284
f 2284 2221 2068
f 2135 1996 2136
f 2136 1996 2261
f 2144 2081 2258
f 2258 2081 2241
f 2235 2280 2236
f 2236 2280 2242
f 2246 2273 2147
f 2147 2273 2041
f 2036 2285 2032
f 2032 2285 2088
f 2077 2286 2152
f 2152 2286 2238
f 1937 1960 1973
f 1973 1960 1959
f 2070 2232 2071
f 2071 2232 2227
f 2244 2287 2105
f 2105 2287 2106
f 1936 1939 2149
f 2149 1939 2148
f 1944 1946 2107
f 2107 1946 2207
f 2285 2121 2088
f 2088 2121 2027
f 2253 2249 2254
f 2254 2249 2250
f 2006 2009 2077
f 2077 2009 2286
f 2289 2086 2288
f 2288 2086 2087
f 2223 2142 2290
f 2290 2142 2272
f 2128 2131 2143
f 2143 2131 2123
f 2156 2291 2153
f 2153 2291 2175
f 2292 2293 2278
f 2278 2293 2294
f 2075 2140 2123
f 2123 2140 2143
f 2262 2169 2275
f 2275 2169 2180
f 2275 2180 2136
f 2136 2180 2134
f 2274 2284 2038
f 2038 2284 2068
f 2127 2126 2182
f 2182 2126 2166
f 2094 2093 2098
f 2098 2093 2021
f 2098 2021 2099
f 2099 2021 2112
f 2018 2021 2266
f 2266 2021 2093
f 2251 2289 2252
f 2252 2289 2288
f 1997 2151 2226
f 2226 2151 2222
f 2206 2221 2220
f 2220 2221 2219
f 2269 2048 2139
f 2139 2048 2137
f 2159 2158 2281
f 2281 2158 2218
f 2156 2155 2190
f 2190 2155 2191
f 1974 1965 1583
f 1583 1965 1751
f 2088 2027 2089
f 2089 2027 2026
f 2030 2159 2031
f 2031 2159 2281
f 2106 2149 2102
f 2102 2149 2090
f 2287 1936 2106
f 2106 1936 2149
f 2293 2154 2294
f 2294 2154 2153
f 2021 2020 2112
f 2247 2295 2278
f 2278 2295 2292
f 2284 2296 2283
f 2283 2296 2297
f 2298 2296 2274
f 2274 2296 2284
f 2273 2299 2274
f 2274 2299 2298
f 2246 2300 2273
f 2273 2300 2299
f 2283 2297 2216
f 2216 2297 2301
f 2216 2301 2217
f 2217 2301 2302
f 2302 2303 2217
f 2217 2303 2282
f 2304 2301 2305
f 2305 2301 2297
f 2307 2308 2306
f 2306 2308 2309
f 2306 2310 2307
f 2307 2310 2311
f 2307 2312 2308
f 2308 2312 2313
f 2314 2315 2312
f 2312 2315 2316
f 2316 2317 2312
f 2312 2317 2313
f 2317 2305 2313
f 2313 2305 2318
f 2314 2312 2311
f 2311 2312 2307
f 2319 2320 2322
f 2322 2320 2321
f 2322 2311 2319
f 2319 2311 2310
f 2313 2318 2308
f 2308 2318 2309
f 2296 2298 2318
f 2318 2298 2309
f 2309 2298 2323
f 2323 2298 2299
f 2306 2309 2324
f 2324 2309 2323
f 2310 2306 2325
f 2325 2306 2324
f 2296 2318 2297
f 2297 2318 2305
f 2319 2310 2326
f 2326 2310 2325
f 2328 2325 2327
f 2327 2325 2324
f 2325 2328 2326
f 2326 2328 2329
f 2331 2328 2330
f 2330 2328 2327
f 2332 2333 2327
f 2327 2333 2330
f 2328 2331 2329
f 2329 2331 2334
f 2324 2323 2327
f 2327 2323 2332
f 2300 2332 2299
f 2299 2332 2323
f 2326 2335 2319
f 2319 2335 2320
f 2305 2317 2336
f 2336 2317 2316
f 2336 2316 2337
f 2337 2316 2315
f 2338 2304 2336
f 2336 2304 2305
f 2337 2339 2336
f 2336 2339 2338
f 2337 2315 2341
f 2341 2315 2340
f 2342 2300 2234
f 2234 2300 2246
f 2303 2343 2282
f 2282 2343 2233
f 2234 2233 2342
f 2342 2233 2343
f 2342 2343 2333
f 2333 2343 2344
f 2333 2344 2330
f 2330 2344 2345
f 2346 2344 2303
f 2303 2344 2343
f 2332 2300 2333
f 2333 2300 2342
f 2347 2346 2302
f 2302 2346 2303
f 2301 2304 2302
f 2302 2304 2347
f 2304 2338 2347
f 2347 2338 2348
f 2348 2349 2347
f 2347 2349 2346
f 2350 2351 2348
f 2348 2351 2349
f 2349 2345 2346
f 2346 2345 2344
f 2345 2349 2352
f 2352 2349 2351
f 2338 2339 2348
f 2348 2339 2350
f 2350 2339 2353
f 2353 2339 2354
f 2356 2357 2355
f 2355 2357 2353
f 2351 2350 2357
f 2357 2350 2353
f 2353 2354 2355
f 2355 2354 2335
f 2320 2335 2341
f 2341 2335 2354
f 2339 2337 2354
f 2354 2337 2341
f 2352 2331 2345
f 2345 2331 2330
f 2356 2334 2352
f 2352 2334 2331
f 2356 2352 2357
f 2357 2352 2351
f 2355 2329 2356
f 2356 2329 2334
f 2335 2326 2355
f 2355 2326 2329
f 2321 2314 2322
f 2322 2314 2311
f 2321 2320 2340
f 2340 2320 2341
f 2315 2314 2340
f 2340 2314 2321
f 2125 2260 2126
f 2126 2260 2259
f 2157 2160 2129
f 2129 2160 2130
f 2188 2163 2187
f 2187 2163 2162
f 2182 2166 2188
f 2188 2166 2163
f 2180 2169 2263
f 2263 2169 2168
f 2160 2187 2130
f 2130 2187 2162
f 2275 2260 2262
f 2262 2260 2125
f 2128 2263 2129
f 2129 2263 2168
f 2262 2205 2169
f 2169 2205 2170
f 2165 2166 2259
f 2259 2166 2126
f 2359 2360 2358
f 2358 2360 2361
f 2363 2364 2362
f 2362 2364 2365
f 2367 2363 2366
f 2366 2363 2362
f 2368 2369 2371
f 2371 2369 2370
f 2372 2373 2248
f 2248 2373 2059
f 2364 2374 2365
f 2365 2374 2375
f 2377 2378 2376
f 2376 2378 2379
f 2290 2380 2223
f 2223 2380 2381
f 2223 2381 2264
f 2264 2381 2382
f 2384 2385 2383
f 2383 2385 2386
f 2364 2371 2374
f 2374 2371 2387
f 2059 2373 2290
f 2290 2373 2380
f 2378 2360 2379
f 2379 2360 2388
f 2374 2387 2359
f 2359 2387 2389
f 2390 2367 2386
f 2386 2367 2391
f 2393 2394 2392
f 2392 2394 2395
f 2386 2391 2383
f 2383 2391 2396
f 2367 2366 2391
f 2391 2366 2397
f 2363 2367 2368
f 2368 2367 2390
f 2398 2399 2361
f 2361 2399 2358
f 2399 2400 2358
f 2358 2400 2375
f 2390 2401 2368
f 2368 2401 2369
f 2372 2384 2376
f 2376 2384 2383
f 2374 2359 2375
f 2375 2359 2358
f 2402 2403 2365
f 2365 2403 2362
f 2359 2389 2360
f 2360 2389 2388
f 2364 2363 2371
f 2371 2363 2368
f 2405 2398 2404
f 2404 2398 2361
f 2392 2395 2406
f 2406 2395 2397
f 2377 2396 2394
f 2394 2396 2395
f 2394 2393 2404
f 2404 2393 2405
f 2396 2377 2383
f 2383 2377 2376
f 2406 2397 2407
f 2407 2397 2366
f 2400 2402 2375
f 2375 2402 2365
f 2385 2270 2401
f 2401 2270 2271
f 2403 2407 2362
f 2362 2407 2366
f 2371 2370 2387
f 2387 2370 2382
f 2391 2397 2396
f 2396 2397 2395
f 2378 2377 2404
f 2404 2377 2394
f 2360 2378 2361
f 2361 2378 2404
f 2407 2408 2406
f 2406 2408 2409
f 2410 2408 2403
f 2403 2408 2407
f 2411 2410 2402
f 2402 2410 2403
f 2412 2411 2400
f 2400 2411 2402
f 2406 2409 2392
f 2392 2409 2413
f 2392 2413 2393
f 2393 2413 2414
f 2415 2405 2414
f 2414 2405 2393
f 2416 2413 2417
f 2417 2413 2409
f 2419 2420 2418
f 2418 2420 2421
f 2420 2422 2421
f 2421 2422 2423
f 2420 2424 2422
f 2422 2424 2425
f 2426 2427 2424
f 2424 2427 2428
f 2428 2429 2424
f 2424 2429 2425
f 2426 2424 2419
f 2419 2424 2420
f 2419 2418 2431
f 2431 2418 2430
f 2425 2432 2422
f 2422 2432 2423
f 2408 2410 2432
f 2432 2410 2423
f 2423 2410 2433
f 2433 2410 2411
f 2421 2423 2434
f 2434 2423 2433
f 2435 2418 2434
f 2434 2418 2421
f 2429 2417 2425
f 2425 2417 2432
f 2408 2432 2409
f 2409 2432 2417
f 2418 2435 2430
f 2430 2435 2436
f 2438 2435 2437
f 2437 2435 2434
f 2435 2438 2436
f 2436 2438 2439
f 2441 2438 2440
f 2440 2438 2437
f 2442 2443 2437
f 2437 2443 2440
f 2439 2438 2444
f 2444 2438 2441
f 2433 2442 2434
f 2434 2442 2437
f 2412 2442 2411
f 2411 2442 2433
f 2436 2445 2430
f 2430 2445 2446
f 2430 2446 2431
f 2431 2446 2447
f 2417 2429 2448
f 2448 2429 2428
f 2427 2449 2428
f 2428 2449 2448
f 2450 2416 2448
f 2448 2416 2417
f 2451 2450 2449
f 2449 2450 2448
f 2427 2452 2449
f 2449 2452 2453
f 2447 2446 2452
f 2452 2446 2453
f 2454 2412 2399
f 2399 2412 2400
f 2415 2455 2405
f 2405 2455 2398
f 2399 2398 2454
f 2454 2398 2455
f 2454 2455 2443
f 2443 2455 2456
f 2443 2456 2440
f 2440 2456 2457
f 2458 2456 2415
f 2415 2456 2455
f 2443 2442 2454
f 2454 2442 2412
f 2459 2458 2414
f 2414 2458 2415
f 2413 2416 2414
f 2414 2416 2459
f 2459 2416 2460
f 2460 2416 2450
f 2460 2461 2459
f 2459 2461 2458
f 2462 2463 2460
f 2460 2463 2461
f 2461 2457 2458
f 2458 2457 2456
f 2457 2461 2464
f 2464 2461 2463
f 2451 2462 2450
f 2450 2462 2460
f 2462 2451 2465
f 2465 2451 2466
f 2468 2469 2467
f 2467 2469 2465
f 2463 2462 2469
f 2469 2462 2465
f 2465 2466 2467
f 2467 2466 2445
f 2446 2445 2453
f 2453 2445 2466
f 2451 2449 2466
f 2466 2449 2453
f 2464 2441 2457
f 2457 2441 2440
f 2468 2444 2464
f 2464 2444 2441
f 2468 2464 2469
f 2469 2464 2463
f 2467 2439 2468
f 2468 2439 2444
f 2445 2436 2467
f 2467 2436 2439
f 2447 2426 2431
f 2431 2426 2419
f 2427 2426 2452
f 2452 2426 2447
f 2369 2179 2370
f 2370 2179 2178
f 2376 2379 2372
f 2372 2379 2373
f 2389 2381 2388
f 2388 2381 2380
f 2387 2382 2389
f 2389 2382 2381
f 2270 2385 2277
f 2277 2385 2384
f 2379 2388 2373
f 2373 2388 2380
f 2401 2271 2369
f 2369 2271 2179
f 2248 2277 2372
f 2372 2277 2384
f 2401 2390 2385
f 2385 2390 2386
f 2264 2382 2178
f 2178 2382 2370
f 2215 2134 2271
f 2271 2134 2179
f 2005 2000 2199
f 2199 2000 2215
f 2004 2001 2005
f 2005 2001 2000
f 2200 2214 2004
f 2004 2214 2001
f 2470 2471 2473
f 2473 2471 2472
f 2475 2476 2474
f 2474 2476 2477
f 2479 2475 2478
f 2478 2475 2474
f 2481 2482 2480
f 2480 2482 2483
f 2476 2484 2477
f 2477 2484 2485
f 2487 2488 2486
f 2486 2488 2489
f 2133 2490 2058
f 2058 2490 2491
f 2058 2491 2247
f 2247 2491 2492
f 2494 2495 2493
f 2493 2495 2496
f 2476 2483 2484
f 2484 2483 2497
f 2472 2498 2488
f 2488 2498 2489
f 2484 2497 2471
f 2471 2497 2499
f 2500 2479 2496
f 2496 2479 2501
f 2502 2503 2505
f 2505 2503 2504
f 2496 2501 2493
f 2493 2501 2506
f 2479 2478 2501
f 2501 2478 2507
f 2475 2479 2480
f 2480 2479 2500
f 2508 2509 2473
f 2473 2509 2470
f 2509 2510 2470
f 2470 2510 2485
f 2511 2481 2500
f 2500 2481 2480
f 2512 2494 2486
f 2486 2494 2493
f 2485 2484 2470
f 2470 2484 2471
f 2513 2514 2477
f 2477 2514 2474
f 2471 2499 2472
f 2472 2499 2498
f 2476 2475 2483
f 2483 2475 2480
f 2516 2508 2515
f 2515 2508 2473
f 2502 2505 2517
f 2517 2505 2507
f 2504 2487 2505
f 2505 2487 2506
f 2503 2516 2504
f 2504 2516 2515
f 2506 2487 2493
f 2493 2487 2486
f 2517 2507 2518
f 2518 2507 2478
f 2510 2513 2485
f 2485 2513 2477
f 2511 2495 2293
f 2293 2495 2154
f 2514 2518 2474
f 2474 2518 2478
f 2483 2482 2497
f 2497 2482 2492
f 2501 2507 2506
f 2506 2507 2505
f 2488 2487 2515
f 2515 2487 2504
f 2472 2488 2473
f 2473 2488 2515
f 2518 2519 2517
f 2517 2519 2520
f 2521 2519 2514
f 2514 2519 2518
f 2522 2521 2513
f 2513 2521 2514
f 2523 2522 2510
f 2510 2522 2513
f 2517 2520 2502
f 2502 2520 2524
f 2502 2524 2503
f 2503 2524 2525
f 2525 2526 2503
f 2503 2526 2516
f 2527 2524 2528
f 2528 2524 2520
f 2530 2531 2529
f 2529 2531 2532
f 2531 2533 2532
f 2532 2533 2534
f 2531 2535 2533
f 2533 2535 2536
f 2537 2538 2535
f 2535 2538 2539
f 2539 2540 2535
f 2535 2540 2536
f 2537 2535 2530
f 2530 2535 2531
f 2529 2541 2530
f 2530 2541 2542
f 2543 2534 2536
f 2536 2534 2533
f 2519 2521 2543
f 2543 2521 2534
f 2534 2521 2544
f 2544 2521 2522
f 2532 2534 2545
f 2545 2534 2544
f 2529 2532 2546
f 2546 2532 2545
f 2536 2540 2543
f 2543 2540 2528
f 2519 2543 2520
f 2520 2543 2528
f 2541 2529 2547
f 2547 2529 2546
f 2548 2549 2545
f 2545 2549 2546
f 2549 2550 2546
f 2546 2550 2547
f 2551 2552 2548
f 2548 2552 2549
f 2548 2553 2551
f 2551 2553 2554
f 2550 2549 2555
f 2555 2549 2552
f 2545 2544 2548
f 2548 2544 2553
f 2523 2553 2522
f 2522 2553 2544
f 2547 2556 2541
f 2541 2556 2557
f 2541 2557 2542
f 2542 2557 2558
f 2528 2540 2559
f 2559 2540 2539
f 2538 2560 2539
f 2539 2560 2559
f 2561 2527 2559
f 2559 2527 2528
f 2560 2562 2559
f 2559 2562 2561
f 2560 2538 2564
f 2564 2538 2563
f 2558 2557 2563
f 2563 2557 2564
f 2565 2523 2509
f 2509 2523 2510
f 2526 2566 2516
f 2516 2566 2508
f 2509 2508 2565
f 2565 2508 2566
f 2565 2566 2554
f 2554 2566 2567
f 2554 2567 2551
f 2551 2567 2568
f 2569 2567 2526
f 2526 2567 2566
f 2553 2523 2554
f 2554 2523 2565
f 2570 2569 2525
f 2525 2569 2526
f 2524 2527 2525
f 2525 2527 2570
f 2527 2561 2570
f 2570 2561 2571
f 2571 2572 2570
f 2570 2572 2569
f 2573 2574 2571
f 2571 2574 2572
f 2572 2568 2569
f 2569 2568 2567
f 2568 2572 2575
f 2575 2572 2574
f 2562 2573 2561
f 2561 2573 2571
f 2573 2562 2576
f 2576 2562 2577
f 2579 2580 2578
f 2578 2580 2576
f 2574 2573 2580
f 2580 2573 2576
f 2576 2577 2578
f 2578 2577 2556
f 2557 2556 2564
f 2564 2556 2577
f 2562 2560 2577
f 2577 2560 2564
f 2575 2552 2568
f 2568 2552 2551
f 2579 2555 2575
f 2575 2555 2552
f 2579 2575 2580
f 2580 2575 2574
f 2550 2555 2578
f 2578 2555 2579
f 2556 2547 2578
f 2578 2547 2550
f 2558 2537 2542
f 2542 2537 2530
f 2538 2537 2563
f 2563 2537 2558
f 2292 2295 2481
f 2481 2295 2482
f 2486 2489 2512
f 2512 2489 2581
f 2499 2491 2498
f 2498 2491 2490
f 2497 2492 2499
f 2499 2492 2491
f 2155 2154 2494
f 2494 2154 2495
f 2581 2489 2490
f 2490 2489 2498
f 2293 2292 2511
f 2511 2292 2481
f 2191 2155 2512
f 2512 2155 2494
f 2500 2496 2511
f 2511 2496 2495
f 2247 2492 2295
f 2295 2492 2482
f 2583 2584 2582
f 2582 2584 2585
f 2587 2588 2586
f 2586 2588 2589
f 2591 2587 2590
f 2590 2587 2586
f 2593 2594 2592
f 2592 2594 2595
f 2596 2597 2599
f 2599 2597 2598
f 2588 2600 2589
f 2589 2600 2601
f 2602 2603 2605
f 2605 2603 2604
f 2606 2607 2609
f 2609 2607 2608
f 2609 2608 2190
f 2190 2608 2610
f 2611 2612 2614
f 2614 2612 2613
f 2600 2588 2615
f 2615 2588 2595
f 2599 2598 2606
f 2606 2598 2607
f 2584 2616 2604
f 2604 2616 2605
f 2600 2615 2583
f 2583 2615 2617
f 2591 2619 2618
f 2618 2619 2614
f 2621 2622 2620
f 2620 2622 2623
f 2619 2624 2614
f 2614 2624 2611
f 2591 2590 2619
f 2619 2590 2625
f 2587 2591 2592
f 2592 2591 2618
f 2626 2627 2585
f 2585 2627 2582
f 2627 2628 2582
f 2582 2628 2601
f 2629 2593 2618
f 2618 2593 2592
f 2602 2597 2611
f 2611 2597 2612
f 2600 2583 2601
f 2601 2583 2582
f 2630 2631 2589
f 2589 2631 2586
f 2583 2617 2584
f 2584 2617 2616
f 2588 2587 2595
f 2595 2587 2592
f 2633 2626 2632
f 2632 2626 2585
f 2620 2623 2634
f 2634 2623 2625
f 2622 2603 2623
f 2623 2603 2624
f 2621 2633 2622
f 2622 2633 2632
f 2611 2624 2602
f 2602 2624 2603
f 2634 2625 2635
f 2635 2625 2590
f 2628 2630 2601
f 2601 2630 2589
f 2613 2195 2629
f 2629 2195 2194
f 2631 2635 2586
f 2586 2635 2590
f 2595 2594 2615
f 2615 2594 2610
f 2619 2625 2624
f 2624 2625 2623
f 2632 2604 2622
f 2622 2604 2603
f 2585 2584 2632
f 2632 2584 2604
f 2635 2636 2634
f 2634 2636 2637
f 2638 2636 2631
f 2631 2636 2635
f 2639 2638 2630
f 2630 2638 2631
f 2640 2639 2628
f 2628 2639 2630
f 2634 2637 2620
f 2620 2637 2641
f 2620 2641 2621
f 2621 2641 2642
f 2642 2643 2621
f 2621 2643 2633
f 2641 2637 2644
f 2644 2637 2645
f 2646 2647 2649
f 2649 2647 2648
f 2648 2650 2649
f 2649 2650 2651
f 2648 2652 2650
f 2650 2652 2653
f 2652 2654 2656
f 2656 2654 2655
f 2656 2657 2652
f 2652 2657 2653
f 2654 2652 2647
f 2647 2652 2648
f 2647 2646 2659
f 2659 2646 2658
f 2660 2651 2653
f 2653 2651 2650
f 2636 2638 2660
f 2660 2638 2651
f 2651 2638 2661
f 2661 2638 2639
f 2651 2661 2649
f 2649 2661 2662
f 2663 2646 2662
f 2662 2646 2649
f 2653 2657 2660
f 2660 2657 2645
f 2636 2660 2637
f 2637 2660 2645
f 2646 2663 2658
f 2658 2663 2664
f 2665 2666 2662
f 2662 2666 2663
f 2666 2667 2663
f 2663 2667 2664
f 2668 2669 2665
f 2665 2669 2666
f 2665 2670 2668
f 2668 2670 2671
f 2667 2666 2672
f 2672 2666 2669
f 2662 2661 2665
f 2665 2661 2670
f 2640 2670 2639
f 2639 2670 2661
f 2673 2674 2664
f 2664 2674 2658
f 2658 2674 2659
f 2659 2674 2675
f 2645 2657 2676
f 2676 2657 2656
f 2677 2676 2655
f 2655 2676 2656
f 2676 2678 2645
f 2645 2678 2644
f 2677 2679 2676
f 2676 2679 2678
f 2655 2680 2677
f 2677 2680 2681
f 2675 2674 2680
f 2680 2674 2681
f 2682 2640 2627
f 2627 2640 2628
f 2643 2683 2633
f 2633 2683 2626
f 2682 2627 2683
f 2683 2627 2626
f 2683 2684 2682
f 2682 2684 2671
f 2684 2685 2671
f 2671 2685 2668
f 2686 2684 2643
f 2643 2684 2683
f 2670 2640 2671
f 2671 2640 2682
f 2687 2686 2642
f 2642 2686 2643
f 2642 2641 2687
f 2687 2641 2644
f 2687 2644 2688
f 2688 2644 2678
f 2688 2689 2687
f 2687 2689 2686
f 2690 2691 2688
f 2688 2691 2689
f 2689 2685 2686
f 2686 2685 2684
f 2685 2689 2692
f 2692 2689 2691
f 2679 2690 2678
f 2678 2690 2688
f 2690 2679 2693
f 2693 2679 2694
f 2696 2697 2695
f 2695 2697 2693
f 2691 2690 2697
f 2697 2690 2693
f 2693 2694 2695
f 2695 2694 2673
f 2674 2673 2681
f 2681 2673 2694
f 2679 2677 2694
f 2694 2677 2681
f 2685 2692 2668
f 2668 2692 2669
f 2696 2672 2692
f 2692 2672 2669
f 2696 2692 2697
f 2697 2692 2691
f 2695 2667 2696
f 2696 2667 2672
f 2673 2664 2695
f 2695 2664 2667
f 2675 2654 2659
f 2659 2654 2647
f 2655 2654 2680
f 2680 2654 2675
f 2291 2156 2593
f 2593 2156 2594
f 2597 2602 2598
f 2598 2602 2605
f 2616 2617 2607
f 2607 2617 2608
f 2615 2610 2617
f 2617 2610 2608
f 2597 2596 2612
f 2612 2596 2698
f 2598 2605 2607
f 2607 2605 2616
f 2194 2291 2629
f 2629 2291 2593
f 2629 2618 2613
f 2613 2618 2614
f 2190 2610 2156
f 2156 2610 2594
f 2700 2010 2699
f 2699 2010 2086
f 2267 2701 2116
f 2116 2701 2702
f 2116 2702 2117
f 2117 2702 2703
f 2704 2705 2250
f 2250 2705 2254
f 2011 2706 2267
f 2267 2706 2701
f 2699 2086 2707
f 2707 2086 2289
f 2010 2700 2011
f 2011 2700 2706
f 2708 2707 2251
f 2251 2707 2289
f 2703 2704 2117
f 2117 2704 2250
f 2705 2708 2254
f 2254 2708 2251
f 2709 2710 2708
f 2708 2710 2707
f 2711 2709 2705
f 2705 2709 2708
f 2712 2711 2704
f 2704 2711 2705
f 2713 2712 2703
f 2703 2712 2704
f 2707 2710 2699
f 2699 2710 2714
f 2699 2714 2700
f 2700 2714 2715
f 2716 2706 2715
f 2715 2706 2700
f 2714 2710 2717
f 2717 2710 2718
f 2720 2721 2719
f 2719 2721 2722
f 2721 2723 2722
f 2722 2723 2724
f 2721 2725 2723
f 2723 2725 2726
f 2727 2728 2725
f 2725 2728 2726
f 2729 2725 2720
f 2720 2725 2721
f 2731 2729 2730
f 2730 2729 2720
f 2719 2732 2720
f 2720 2732 2730
f 2726 2733 2723
f 2723 2733 2724
f 2709 2711 2733
f 2733 2711 2724
f 2724 2711 2734
f 2734 2711 2712
f 2722 2724 2735
f 2735 2724 2734
f 2719 2722 2736
f 2736 2722 2735
f 2726 2728 2733
f 2733 2728 2718
f 2709 2733 2710
f 2710 2733 2718
f 2732 2719 2737
f 2737 2719 2736
f 2738 2739 2735
f 2735 2739 2736
f 2739 2740 2736
f 2736 2740 2737
f 2741 2742 2738
f 2738 2742 2739
f 2738 2743 2741
f 2741 2743 2744
f 2740 2739 2745
f 2745 2739 2742
f 2735 2734 2738
f 2738 2734 2743
f 2713 2743 2712
f 2712 2743 2734
f 2737 2746 2732
f 2732 2746 2747
f 2732 2747 2730
f 2730 2747 2731
f 2718 2728 2748
f 2748 2728 2727
f 2749 2750 2727
f 2727 2750 2748
f 2748 2751 2718
f 2718 2751 2717
f 2750 2752 2748
f 2748 2752 2751
f 2750 2749 2754
f 2754 2749 2753
f 2731 2747 2753
f 2753 2747 2754
f 2727 2725 2749
f 2749 2725 2729
f 2749 2729 2753
f 2753 2729 2731
f 2702 2755 2703
f 2703 2755 2713
f 2706 2716 2701
f 2701 2716 2756
f 2755 2702 2756
f 2756 2702 2701
f 2756 2757 2755
f 2755 2757 2744
f 2757 2758 2744
f 2744 2758 2741
f 2759 2757 2716
f 2716 2757 2756
f 2743 2713 2744
f 2744 2713 2755
f 2760 2759 2715
f 2715 2759 2716
f 2715 2714 2760
f 2760 2714 2717
f 2760 2717 2761
f 2761 2717 2751
f 2761 2762 2760
f 2760 2762 2759
f 2763 2764 2761
f 2761 2764 2762
f 2762 2758 2759
f 2759 2758 2757
f 2758 2762 2765
f 2765 2762 2764
f 2752 2763 2751
f 2751 2763 2761
f 2763 2752 2766
f 2766 2752 2767
f 2768 2769 2766
f 2766 2769 2770
f 2764 2763 2770
f 2770 2763 2766
f 2766 2767 2768
f 2768 2767 2746
f 2747 2746 2754
f 2754 2746 2767
f 2752 2750 2767
f 2767 2750 2754
f 2758 2765 2741
f 2741 2765 2742
f 2769 2745 2765
f 2765 2745 2742
f 2769 2765 2770
f 2770 2765 2764
f 2768 2740 2769
f 2769 2740 2745
f 2746 2737 2768
f 2768 2737 2740
f 2201 2212 2200
f 2200 2212 2214
f 2201 2202 2212
f 2212 2202 2185
f 2512 2581 2191
f 2191 2581 2192
f 2059 2290 2056
f 2056 2290 2272
f 2174 2199 2294
f 2294 2199 2278
f 2063 2175 2194
f 2194 2175 2291
f 2192 2581 2133
f 2133 2581 2490
f 2133 2132 2192
f 2192 2132 2189
f 2054 2276 2055
f 2055 2276 2138
f 2083 2279 2084
f 2084 2279 2771
f 2771 2279 2599
f 2599 2279 2596
f 2606 2772 2599
f 2599 2772 2771
f 2772 2773 2771
f 2771 2773 2084
f 2773 2774 2084
f 2084 2774 2085
f 2085 2775 2082
f 2082 2775 2144
f 2774 2078 2085
f 2085 2078 2775
f 2078 2774 2079
f 2079 2774 2776
f 2774 2773 2776
f 2776 2773 2777
f 2773 2772 2777
f 2777 2772 2778
f 2190 2189 2609
f 2609 2189 2778
f 2053 2052 2779
f 2779 2052 2181
f 2144 2775 2081
f 2081 2775 2078
f 2294 2153 2174
f 2174 2153 2175
f 2132 2276 2189
f 2189 2276 2778
f 2606 2609 2772
f 2772 2609 2778
f 2195 2613 2698
f 2698 2613 2612
f 2596 2279 2698
f 2698 2279 2195
f 2054 2777 2276
f 2276 2777 2778
f 2777 2054 2776
f 2776 2054 2053
f 2053 2779 2776
f 2776 2779 2079
f 2779 2181 2079
f 2079 2181 2080
f 2181 2239 2080
f 2080 2239 2240
f 2122 2256 2014
f 2042 1982 2076
f 2076 1982 2007
f 1982 1985 2007
f 2007 1985 2008
f 2095 2097 2265
f 2265 2097 2266
f 2076 2050 2042
f 2042 2050 2047
f 2046 2043 2047
f 2047 2043 2042
f 2118 1993 2046
f 2046 1993 2043
f 1995 1994 2118
f 2118 1994 1993
f 2267 1992 2011
f 2011 1992 2012
f 1997 2012 1994
f 1994 2012 1992
f 2226 2013 1997
f 1997 2013 2012
f 2225 2087 2226
f 2226 2087 2013
f 2225 2232 2087
f 2087 2232 2288
f 2232 2070 2288
f 2288 2070 2252
f 2070 2025 2252
f 2252 2025 2253
f 1988 2249 2025
f 2025 2249 2253
f 2116 2115 2267
f 2267 2115 2268
f 2096 1984 2237
f 2237 1984 1991
f 2095 1985 2096
f 2096 1985 1984
f 2265 2008 2095
f 2095 2008 1985
f 2092 2009 2265
f 2265 2009 2008
f 2091 2286 2092
f 2092 2286 2009
f 2255 2238 2091
f 2091 2238 2286
f 2256 2239 2255
f 2255 2239 2238
f 2122 2240 2256
f 2256 2240 2239
f 2121 2241 2122
f 2122 2241 2240
f 2022 2018 2097
f 2097 2018 2266
f 2022 2024 2018
f 2018 2024 2019
f 2024 2072 2019
f 2019 2072 2073
f 2072 2228 2073
f 2073 2228 2230
f 2228 2184 2230
f 2230 2184 2183
f 2121 2285 2241
f 2241 2285 2258
f 2285 2036 2258
f 2258 2036 2257
f 2177 2145 2193
f 2193 2145 2257
f 2173 2193 2196
f 2196 2193 2037
f 2036 2037 2257
f 2257 2037 2193
f 2196 2037 2066
f 2066 2037 2035
f 2061 2108 2034
f 2034 2108 2067
f 2108 2208 2067
f 2067 2208 2204
f 2208 2210 2204
f 2204 2210 2203
f 2210 2280 2203
f 2203 2280 2186
f 2183 2186 2235
f 2235 2186 2280
f 1987 2114 1988
f 1988 2114 2249
f 2237 2115 1987
f 1987 2115 2114
f 1991 2268 2237
f 2237 2268 2115
f 1991 1990 2268
f 2268 1990 1992
f 107 110 2781
f 2781 110 2780
f 117 2782 118
f 118 2782 2783
f 119 2784 120
f 120 2784 2785
f 125 2786 126
f 126 2786 2787
f 127 2788 128
f 128 2788 2789
f 127 132 2788
f 2788 132 2790
f 231 230 2792
f 2792 230 2791
f 118 2783 119
f 119 2783 2784
f 241 243 2794
f 2794 243 2793
f 2781 2795 107
f 107 2795 352
f 120 2785 437
f 437 2785 2796
f 126 2787 110
f 110 2787 2780
f 455 2797 456
f 456 2797 2798
f 128 2789 457
f 457 2789 2799
f 456 2798 117
f 117 2798 2782
f 2794 2797 241
f 241 2797 455
f 457 2799 125
f 125 2799 2786
f 132 231 2790
f 2790 231 2792
f 230 437 2791
f 2791 437 2796
f 2792 2789 2790
f 2790 2789 2788
f 2785 2784 2801
f 2801 2784 2800
f 2786 2802 2787
f 2787 2802 2803
f 2792 2791 2805
f 2805 2791 2804
f 2784 2783 2800
f 2800 2783 2806
f 2785 2801 2796
f 2796 2801 2807
f 2787 2803 2780
f 2780 2803 2808
f 2789 2809 2799
f 2799 2809 2810
f 2799 2810 2786
f 2786 2810 2802
f 2791 2796 2804
f 2804 2796 2807
f 2789 2792 2809
f 2809 2792 2805
f 2812 2797 2811
f 2811 2797 2794
f 2809 2805 2810
f 2810 2805 2804
f 2810 2804 2802
f 2802 2804 2807
f 2802 2807 2803
f 2803 2807 2801
f 2808 2803 2800
f 2800 2803 2801
f 2814 699 2813
f 2813 699 698
f 2808 2815 2780
f 2780 2815 2781
f 2817 2782 2816
f 2816 2782 2798
f 2815 2818 2781
f 2781 2818 2795
f 2797 2812 2798
f 2798 2812 2816
f 2783 2782 2806
f 2806 2782 2817
f 2800 2806 2808
f 2808 2806 2815
f 2794 2793 2811
f 2811 2793 2819
f 174 201 384
f 384 201 362
f 200 1766 390
f 390 1766 1777
f 1777 1778 390
f 390 1778 398
f 1778 361 398
f 398 361 222
f 2820 2821 628
f 628 2821 629
f 1406 2820 790
f 790 2820 628
f 794 1415 1233
f 1233 1415 1234
f 1406 790 1407
f 1407 790 1312
f 1407 1312 2822
f 2822 1312 1316
f 2823 1380 1543
f 1543 1380 1379
f 1385 1738 1382
f 1382 1738 1383
f 1381 791 1382
f 1382 791 1386
f 791 794 1386
f 1386 794 1233
f 1259 1390 1260
f 1260 1390 1389
f 1905 1542 1394
f 1394 1542 1395
f 1410 1413 1397
f 1397 1413 1398
f 2821 1410 629
f 629 1410 1397
f 2823 2822 1380
f 1380 2822 1316
f 1392 1395 1378
f 1378 1395 1379
f 1738 1399 1383
f 1383 1399 1398
f 1388 1235 1389
f 1389 1235 1234
f 1393 1391 1394
f 1394 1391 1390
f 1381 1384 779
f 779 1384 780
f 1282 788 792
f 792 788 793
f 1431 1262 1432
f 1432 1262 1261
f 1400 1342 1408
f 1408 1342 1409
f 1508 1544 1411
f 1411 1544 1412
f 788 787 793
f 793 787 1414
f 2821 2820 1429
f 1429 2820 1430
f 2822 2823 1506
f 1506 2823 1507
f 778 1282 779
f 779 1282 792
f 2820 1406 1430
f 1430 1406 1409
f 1410 2821 1411
f 1411 2821 1429
f 1407 2822 1408
f 1408 2822 1506
f 1544 781 1412
f 1412 781 780
f 1260 1415 1261
f 1261 1415 1414
f 1334 2824 923
f 923 2824 924
f 2826 1268 2825
f 2825 1268 1267
f 769 1212 2827
f 2827 1212 2828
f 1492 1190 1266
f 1266 1190 1267
f 1488 2829 1489
f 1489 2829 2830
f 922 1329 923
f 923 1329 1328
f 1484 2831 1485
f 1485 2831 2832
f 1482 2833 1485
f 1485 2833 1486
f 1324 1493 1489
f 1489 1493 1490
f 1265 1491 1266
f 1266 1491 1490
f 2835 2836 2834
f 2834 2836 2837
f 1250 2838 2827
f 2827 2838 2839
f 1488 1491 2840
f 2840 1491 2841
f 1268 2826 2842
f 2842 2826 2843
f 2844 2845 1495
f 1495 2845 1496
f 1427 2847 2846
f 2846 2847 926
f 2829 1488 2848
f 2848 1488 2840
f 1329 922 2849
f 2849 922 927
f 2850 2851 768
f 768 2851 1213
f 1265 1268 2852
f 2852 1268 2842
f 1491 1265 2841
f 2841 1265 2852
f 2854 2855 2853
f 2853 2855 2856
f 2855 2857 2856
f 2856 2857 598
f 2857 2858 598
f 598 2858 595
f 2858 2859 595
f 595 2859 626
f 649 652 2860
f 2860 652 2861
f 639 642 2862
f 2862 642 2863
f 2864 705 2862
f 2862 705 639
f 2865 1418 2864
f 2864 1418 705
f 2866 2867 2865
f 2865 2867 1418
f 1760 1348 1761
f 1761 1348 2867
f 1764 2868 1197
f 1197 2868 1198
f 2869 611 2868
f 2868 611 1198
f 2870 612 2869
f 2869 612 611
f 1352 1350 944
f 944 1350 688
f 1350 1256 688
f 688 1256 685
f 1256 1255 685
f 685 1255 692
f 1255 2871 692
f 692 2871 2872
f 701 2873 698
f 698 2873 2813
f 2872 1349 692
f 692 1349 693
f 1696 1744 1574
f 1574 1744 1575
f 1753 1618 1577
f 1577 1618 1578
f 1729 1594 1608
f 1608 1594 1609
f 1725 1630 1611
f 1611 1630 1612
f 1604 1607 1625
f 1625 1607 1626
f 1624 1703 1625
f 1625 1703 1912
f 1703 1702 1912
f 1912 1702 1913
f 1702 1753 1913
f 1913 1753 1577
f 1598 1569 1915
f 1915 1569 1578
f 1616 1615 1915
f 1915 1615 1916
f 1615 1696 1916
f 1916 1696 1574
f 1744 1745 1575
f 1575 1745 1917
f 1745 1565 1917
f 1917 1565 1609
f 1568 1725 1608
f 1608 1725 1611
f 2874 1613 1918
f 1918 1613 1612
f 1607 2874 1626
f 1626 2874 1918
f 1610 1613 1562
f 1562 1613 1563
f 1547 1550 1570
f 1570 1550 1571
f 1573 1576 1580
f 1580 1576 1581
f 1553 1556 1595
f 1595 1556 1596
f 1556 1582 1596
f 1596 1582 1581
f 1551 1547 1599
f 1599 1547 1570
f 1731 1914 1601
f 1601 1914 1602
f 1686 1689 1605
f 1605 1689 1606
f 1598 1743 1599
f 1599 1743 1692
f 2874 1607 1723
f 1723 1607 1606
f 1727 1553 1730
f 1730 1553 1595
f 1600 1686 1601
f 1601 1686 1605
f 1914 1572 1602
f 1602 1572 1571
f 1579 1693 1580
f 1580 1693 1692
f 1613 2874 1563
f 1563 2874 1723
f 1561 1727 1562
f 1562 1727 1730
f 1949 1742 1548
f 1548 1742 1549
f 1694 1949 1552
f 1552 1949 1548
f 1954 1589 1554
f 1554 1589 1555
f 1693 1579 1558
f 1558 1579 1559
f 1561 1564 1584
f 1584 1564 1585
f 1582 1556 1588
f 1588 1556 1555
f 1600 1603 1591
f 1591 1603 1592
f 1981 1977 1687
f 1687 1977 1688
f 1564 1722 1585
f 1585 1722 1690
f 1551 1693 1552
f 1552 1693 1558
f 1751 1954 1728
f 1728 1954 1554
f 1590 1981 1591
f 1591 1981 1687
f 1603 1550 1592
f 1592 1550 1549
f 1977 1691 1688
f 1688 1691 1690
f 1587 1560 1588
f 1588 1560 1559
f 1727 1561 1728
f 1728 1561 1584
f 2875 1919 1947
f 1947 1919 1948
f 1557 1560 1952
f 1952 1560 1953
f 1933 1932 1955
f 1955 1932 1956
f 1587 1589 1958
f 1958 1589 1956
f 1959 1933 1965
f 1965 1933 1955
f 1961 1964 1966
f 1966 1964 1967
f 1981 1590 1969
f 1969 1590 1967
f 1742 1949 1972
f 1972 1949 1948
f 1593 1742 1966
f 1966 1742 1972
f 1957 1950 1958
f 1958 1950 1953
f 1583 1586 1974
f 1974 1586 1975
f 1940 1943 1978
f 1978 1943 1979
f 1943 1976 1979
f 1979 1976 1975
f 1951 2875 1952
f 1952 2875 1947
f 1968 1940 1969
f 1969 1940 1978
f 1973 1959 1974
f 1974 1959 1965
f 1923 1971 1920
f 1920 1971 1921
f 1919 2875 1920
f 1920 2875 1924
f 2875 1951 1924
f 1924 1951 1926
f 1950 1957 1929
f 1929 1957 1930
f 2244 2243 1934
f 1934 2243 1935
f 1973 1976 1937
f 1937 1976 1938
f 1944 1980 1941
f 1941 1980 1942
f 1940 1968 1941
f 1941 1968 1945
f 2287 2244 1960
f 1960 2244 1934
f 1970 2245 1962
f 1962 2245 1963
f 2243 1931 1935
f 1935 1931 1930
f 1927 1926 1928
f 1928 1926 1929
f 1961 1922 1962
f 1962 1922 1921
f 2245 1946 1963
f 1963 1946 1945
f 1976 1943 1938
f 1938 1943 1942
f 1936 2287 1937
f 1937 2287 1960
f 743 1238 608
f 608 1238 609
f 607 1811 608
f 608 1811 744
f 1304 2876 1305
f 1305 2876 2877
f 586 585 1298
f 1298 585 1299
f 585 702 1299
f 1299 702 1300
f 702 1428 1300
f 1300 1428 1301
f 1238 586 609
f 609 586 1298
f 2878 2879 1218
f 1218 2879 2877
f 2880 2881 1812
f 1812 2881 1819
f 2883 1821 2882
f 2882 1821 1820
f 2840 2841 620
f 620 2841 621
f 2842 2843 795
f 795 2843 796
f 892 895 2844
f 2844 895 2845
f 2848 2840 942
f 942 2840 620
f 2849 927 1202
f 1202 927 1203
f 2852 2842 1270
f 1270 2842 795
f 2841 2852 621
f 621 2852 1270
f 941 1759 942
f 942 1759 2884
f 659 929 1427
f 1427 929 2847
f 1237 2851 751
f 751 2851 2850
f 1216 2885 1217
f 1217 2885 1754
f 2887 734 2886
f 2886 734 733
f 2889 1816 2888
f 2888 1816 1815
f 2890 1245 2889
f 2889 1245 1816
f 1824 2891 1825
f 1825 2891 1246
f 2892 2893 2895
f 2895 2893 2894
f 1854 1833 1851
f 1851 1833 1832
f 1851 1832 1884
f 1884 1832 1876
f 1884 1876 1441
f 1441 1876 1443
f 1441 1443 1442
f 1442 1443 1446
f 1442 1446 2896
f 2896 1446 1507
f 2897 2823 2898
f 2898 2823 1543
f 1542 2899 1543
f 1543 2899 2898
f 1542 1905 2899
f 2899 1905 2900
f 1905 1259 2900
f 2900 1259 2901
f 1262 1431 2902
f 2902 1431 1904
f 1431 1434 1904
f 1904 1434 1902
f 1902 1434 2903
f 2903 1434 719
f 2903 719 2904
f 2904 719 718
f 1869 1881 718
f 718 1881 2904
f 1881 1869 1880
f 1880 1869 756
f 1880 756 2905
f 2905 756 755
f 2905 755 2906
f 2906 755 758
f 762 2907 763
f 763 2907 2908
f 724 723 2909
f 2909 723 894
f 796 895 723
f 723 895 894
f 2843 2845 796
f 796 2845 895
f 2826 1496 2843
f 2843 1496 2845
f 2825 1497 2826
f 2826 1497 1496
f 1189 2836 2825
f 2825 2836 1497
f 797 891 798
f 798 891 2837
f 802 888 797
f 797 888 891
f 2910 2911 2913
f 2913 2911 2912
f 1780 1783 2915
f 2915 1783 2914
f 2916 2917 831
f 831 2917 832
f 2918 2919 845
f 845 2919 846
f 2920 2916 847
f 847 2916 831
f 2921 2922 857
f 857 2922 858
f 2923 2924 860
f 860 2924 861
f 2919 2912 846
f 846 2912 887
f 2925 2920 940
f 940 2920 847
f 2924 2926 861
f 861 2926 1204
f 2917 2918 832
f 832 2918 845
f 2927 2928 1449
f 1449 2928 1450
f 2929 2930 889
f 889 2930 2931
f 2896 1507 2897
f 2897 1507 2823
f 2902 2901 1262
f 1262 2901 1259
f 2932 2933 750
f 750 2933 1236
f 2933 2934 1236
f 1236 2934 1835
f 2936 2937 2935
f 2935 2937 2938
f 2940 2941 2939
f 2939 2941 2942
f 2943 2944 1841
f 1841 2944 1842
f 2945 1860 2944
f 2944 1860 1842
f 2945 2946 1860
f 1860 2946 1859
f 1889 2947 1890
f 1890 2947 1856
f 1856 2947 1857
f 1857 2947 2948
f 2950 709 2949
f 2949 709 1829
f 2952 730 2951
f 2951 730 729
f 2866 2953 2867
f 2867 2953 1761
f 2953 2954 1761
f 1761 2954 1420
f 2954 2955 1420
f 1420 2955 742
f 2955 2956 742
f 742 2956 739
f 2956 2957 739
f 739 2957 760
f 2957 2958 760
f 760 2958 761
f 2958 2959 761
f 761 2959 2960
f 2959 2961 2960
f 2960 2961 2962
f 2963 2964 1839
f 1839 2964 1840
f 2964 2965 1840
f 1840 2965 2942
f 2966 2950 2939
f 2939 2950 2949
f 2935 2967 2936
f 2936 2967 2968
f 2969 2970 736
f 736 2970 735
f 734 2887 1815
f 1815 2887 2888
f 2887 2882 2888
f 2888 2882 2881
f 1819 1820 1817
f 1817 1820 748
f 1195 1757 1197
f 1197 1757 1424
f 1757 647 1424
f 1424 647 646
f 647 648 646
f 646 648 643
f 648 1271 643
f 643 1271 737
f 1271 725 737
f 737 725 765
f 725 724 765
f 765 724 762
f 762 724 2907
f 2907 724 2909
f 1254 1437 2909
f 2909 1437 2907
f 1438 1253 1836
f 1836 1253 1835
f 1836 1835 2938
f 2938 1835 2934
f 2971 2972 2935
f 2935 2972 2967
f 897 896 2969
f 2969 896 2970
f 1815 1814 734
f 734 1814 731
f 728 1215 896
f 896 1215 732
f 2885 1216 733
f 733 1216 2886
f 1216 1219 2886
f 2886 1219 2883
f 2876 1304 1821
f 1821 1304 749
f 1304 1303 749
f 749 1303 746
f 1818 2973 1817
f 1817 2973 1810
f 747 2974 1818
f 1818 2974 2973
f 747 746 2974
f 2974 746 1303
f 2976 2977 2975
f 2975 2977 2978
f 2976 2979 2901
f 2901 2979 2900
f 2980 2981 2982
f 2982 2981 2979
f 2981 2980 2983
f 2983 2980 2984
f 2985 2897 2983
f 2983 2897 2898
f 2987 2988 2986
f 2986 2988 2985
f 2896 2988 1442
f 1442 2988 1439
f 1903 2977 1904
f 1904 2977 2902
f 1856 1855 1890
f 1890 1855 2989
f 2989 2990 1890
f 1890 2990 1359
f 2990 2991 1359
f 1359 2991 1356
f 2946 2992 1859
f 1859 2992 1893
f 2992 2993 1893
f 1893 2993 775
f 2993 2994 775
f 775 2994 776
f 2986 1356 2987
f 2987 1356 2991
f 2975 2978 776
f 776 2978 777
f 2982 2994 2980
f 2980 2994 2995
f 1357 2984 2995
f 2995 2984 2980
f 2995 2996 1357
f 1357 2996 1358
f 2996 2997 1358
f 1358 2997 1889
f 2998 2999 2932
f 2932 2999 2933
f 2999 2971 2933
f 2933 2971 2934
f 1837 1836 2937
f 2937 1836 2938
f 2943 1841 2941
f 2941 1841 1838
f 3001 2944 3000
f 3000 2944 2943
f 3001 3002 2944
f 2944 3002 2945
f 3002 3003 2945
f 2945 3003 2946
f 2997 3003 1889
f 1889 3003 2947
f 2947 3003 2948
f 2948 3003 3002
f 3001 3004 3002
f 3002 3004 2948
f 3000 3005 3001
f 3001 3005 3004
f 2940 3006 3000
f 3000 3006 3005
f 2999 3007 2971
f 2971 3007 2972
f 2998 2951 2999
f 2999 2951 3007
f 3008 2952 2998
f 2998 2952 2951
f 2966 2965 2936
f 2936 2965 2937
f 2935 2938 2971
f 2971 2938 2934
f 3003 2997 2946
f 2946 2997 2992
f 2997 2996 2992
f 2992 2996 2993
f 2996 2995 2993
f 2993 2995 2994
f 1356 2986 1357
f 1357 2986 2984
f 2982 2975 2994
f 2994 2975 776
f 1844 1843 1899
f 1899 1843 3009
f 1843 638 3009
f 3009 638 3010
f 638 637 3010
f 3010 637 3011
f 637 1830 3011
f 3011 1830 3012
f 1830 1833 3012
f 3012 1833 2894
f 1833 1854 2894
f 2894 1854 2895
f 1854 1853 2895
f 2895 1853 1888
f 1858 1857 1885
f 1885 1857 1892
f 1899 3009 1898
f 1898 3009 1874
f 3009 3010 1874
f 1874 3010 1865
f 3010 3011 1865
f 1865 3011 1862
f 3011 3012 1862
f 1862 3012 1882
f 3012 2894 1882
f 1882 2894 2893
f 1850 2890 782
f 782 2890 2889
f 783 2880 1811
f 1811 2880 1812
f 744 1810 745
f 745 1810 2973
f 745 2973 805
f 805 2973 806
f 2973 2974 806
f 806 2974 815
f 1303 812 2974
f 2974 812 815
f 1303 1302 812
f 812 1302 1221
f 1307 3013 1302
f 1302 3013 1221
f 1734 3014 1633
f 1633 3014 1634
f 1646 1649 1636
f 1636 1649 1637
f 1654 1657 1641
f 1641 1657 1642
f 1639 1736 1636
f 1636 1736 1684
f 1716 1713 1698
f 1698 1713 1699
f 1718 1721 1705
f 1705 1721 1706
f 1653 1654 1709
f 1709 1654 1641
f 1620 1623 1714
f 1714 1623 1699
f 1712 1682 1714
f 1714 1682 1740
f 1668 1671 1746
f 1746 1671 1747
f 1752 1650 1749
f 1749 1650 1750
f 1750 1650 1709
f 1709 1650 1653
f 1632 1668 1633
f 1633 1668 1746
f 1649 1752 1637
f 1637 1752 1749
f 1682 1643 1740
f 1740 1643 1642
f 3014 1685 1634
f 1634 1685 1684
f 1704 1748 1705
f 1705 1748 1747
f 1697 1707 1698
f 1698 1707 1706
f 1739 1701 1621
f 1621 1701 1622
f 1567 1566 1647
f 1647 1566 1648
f 1664 1695 1651
f 1651 1695 1652
f 1614 1617 1655
f 1655 1617 1656
f 1704 1707 1659
f 1659 1707 1660
f 3014 1734 1662
f 1662 1734 1663
f 1650 1752 1651
f 1651 1752 1665
f 1741 1657 1667
f 1667 1657 1656
f 1695 1614 1652
f 1652 1614 1655
f 1724 1567 1726
f 1726 1567 1647
f 1645 1628 1733
f 1733 1628 1663
f 1685 3014 1726
f 1726 3014 1662
f 1620 1741 1621
f 1621 1741 1667
f 1566 1666 1648
f 1648 1666 1665
f 1658 1737 1659
f 1659 1737 1901
f 1911 1661 1910
f 1910 1661 1660
f 1701 1911 1622
f 1622 1911 1910
f 1732 1748 1733
f 1733 1748 1901
f 1857 2948 1892
f 1892 2948 3004
f 1892 3004 1891
f 1891 3004 3005
f 1828 3006 1829
f 1829 3006 2949
f 2967 736 2968
f 2968 736 710
f 2972 2969 2967
f 2967 2969 736
f 2969 2972 897
f 897 2972 3007
f 897 3007 729
f 729 3007 2951
f 3016 753 3015
f 3015 753 752
f 3018 767 3017
f 3017 767 766
f 3019 3020 1249
f 1249 3020 3021
f 2915 2914 3019
f 3019 2914 3020
f 3023 2914 3022
f 3022 2914 1783
f 2827 2839 769
f 769 2839 766
f 3025 2838 3024
f 3024 2838 3021
f 768 767 2850
f 2850 767 3026
f 2850 3026 751
f 751 3026 752
f 750 753 2932
f 2932 753 3027
f 3008 2998 3027
f 3027 2998 2932
f 3028 3029 3008
f 3008 3029 2952
f 3029 3030 2952
f 2952 3030 730
f 3032 3033 3031
f 3031 3033 3034
f 3036 3037 3035
f 3035 3037 3038
f 2870 3039 612
f 612 3039 3040
f 3041 3042 3031
f 3031 3042 3038
f 3034 1352 3043
f 3043 1352 944
f 612 3040 613
f 613 3040 3044
f 613 3044 1425
f 1425 3044 1422
f 3045 3042 669
f 669 3042 670
f 3041 3043 599
f 599 3043 600
f 772 771 1544
f 1544 771 781
f 1503 771 1866
f 1866 771 770
f 771 1503 781
f 781 1503 778
f 61 281 416
f 416 281 1907
f 283 103 3046
f 3046 103 3047
f 76 79 3048
f 3048 79 3049
f 280 76 1906
f 1906 76 3048
f 3051 335 3050
f 3050 335 334
f 3053 417 3052
f 3052 417 416
f 3055 435 3054
f 3054 435 434
f 428 435 419
f 419 435 1908
f 420 1909 293
f 293 1909 443
f 79 294 3049
f 3049 294 444
f 3057 444 3056
f 3056 444 443
f 3051 3058 335
f 335 3058 452
f 216 215 1332
f 1332 215 452
f 308 283 462
f 462 283 3046
f 3050 334 3059
f 3059 334 462
f 103 62 3047
f 3047 62 417
f 313 312 434
f 434 312 463
f 3061 574 3060
f 3060 574 573
f 1310 3062 1428
f 1428 3062 3063
f 1258 3064 1255
f 1255 3064 2871
f 932 3065 2853
f 2853 3065 3066
f 699 2814 931
f 931 2814 3067
f 3068 1301 3063
f 3063 1301 1428
f 571 574 1310
f 1310 574 3062
f 3060 573 3069
f 3069 573 1332
f 3070 3071 1906
f 1906 3071 1907
f 3072 3073 1908
f 1908 3073 1909
f 3075 2814 3074
f 3074 2814 2813
f 2854 3076 1258
f 1258 3076 3064
f 2871 3077 2872
f 2872 3077 3078
f 3074 2813 3079
f 3079 2813 2873
f 2872 3078 1349
f 1349 3078 3080
f 2873 701 3068
f 3068 701 1301
f 1330 1201 3080
f 3080 1201 1349
f 1264 1263 3081
f 3081 1263 3082
f 3083 3084 3082
f 3082 3084 3081
f 811 1448 3086
f 3086 1448 3085
f 808 811 3087
f 3087 811 3086
f 3088 3083 833
f 833 3083 3082
f 884 3089 885
f 885 3089 3090
f 3087 1790 808
f 808 1790 816
f 1790 3087 1787
f 1787 3087 3091
f 3092 3091 3086
f 3086 3091 3087
f 3093 3094 3084
f 3084 3094 3095
f 3089 3096 3090
f 3090 3096 3088
f 3097 3093 3083
f 3083 3093 3084
f 3099 3100 3098
f 3098 3100 1786
f 3101 1788 2913
f 2913 1788 3102
f 838 837 885
f 885 837 886
f 886 837 3103
f 3103 837 1541
f 3094 3093 3104
f 3104 3093 3097
f 3105 3106 3089
f 3089 3106 3096
f 3108 3109 3107
f 3107 3109 3110
f 3111 3112 3091
f 3091 3112 1787
f 3114 3108 3113
f 3113 3108 3107
f 3114 3115 3112
f 3112 3115 3102
f 3091 3092 3111
f 3111 3092 3116
f 839 838 835
f 835 838 836
f 885 3090 838
f 838 3090 836
f 3110 3117 1247
f 1247 3117 3118
f 1247 3118 1248
f 1248 3118 3119
f 3120 3121 3119
f 3119 3121 1248
f 1247 844 3110
f 3110 844 3107
f 844 843 3107
f 3107 843 3113
f 843 3099 3113
f 3113 3099 3122
f 1781 3123 3098
f 3098 3123 3124
f 2915 2931 1780
f 1780 2931 2930
f 3019 3125 2915
f 2915 3125 2931
f 890 3125 2834
f 2834 3125 1252
f 3125 3019 1252
f 1252 3019 1249
f 907 908 946
f 946 908 947
f 1185 1188 1369
f 1369 1188 948
f 954 957 951
f 951 957 952
f 910 965 953
f 953 965 950
f 905 958 960
f 960 958 961
f 3126 978 949
f 949 978 962
f 936 935 967
f 967 935 968
f 994 993 969
f 969 993 966
f 902 904 971
f 971 904 972
f 983 985 973
f 973 985 970
f 906 905 974
f 974 905 960
f 977 981 959
f 959 981 975
f 911 910 1143
f 1143 910 953
f 952 957 1142
f 1142 957 1145
f 911 1143 1366
f 1366 1143 1368
f 1185 1369 1145
f 1145 1369 1142
f 993 1519 966
f 966 1519 1456
f 965 1454 950
f 950 1454 1457
f 900 899 1459
f 1459 899 1460
f 988 991 1461
f 1461 991 1458
f 899 963 1460
f 1460 963 1462
f 985 987 970
f 970 987 1463
f 904 906 972
f 972 906 974
f 981 983 975
f 975 983 973
f 935 900 968
f 968 900 1459
f 991 994 1458
f 1458 994 969
f 1154 1526 1088
f 1088 1526 1089
f 1109 1112 1092
f 1092 1112 1093
f 1083 1098 1084
f 1084 1098 1097
f 1078 1471 1100
f 1100 1471 1101
f 1075 1078 1104
f 1104 1078 1100
f 1152 1154 1156
f 1156 1154 1088
f 1156 1155 1372
f 1372 1155 1373
f 1372 1373 1104
f 1104 1373 1075
f 1467 1109 1465
f 1465 1109 1092
f 1465 1182 1468
f 1468 1182 1184
f 1474 1470 1096
f 1096 1470 1097
f 1102 1101 1083
f 1083 1101 1098
f 1112 1531 1093
f 1093 1531 1529
f 1102 1073 1099
f 1099 1073 1072
f 1526 1154 1079
f 1079 1154 1080
f 1081 1091 1082
f 1082 1091 1094
f 1069 1068 1085
f 1085 1068 1086
f 1153 1151 1080
f 1080 1151 1058
f 1371 1177 1179
f 1179 1177 1176
f 1099 1072 1103
f 1103 1072 1176
f 1068 1071 1086
f 1086 1071 1073
f 1085 1084 1180
f 1180 1084 1469
f 1066 1065 1183
f 1183 1065 1181
f 1153 1152 1177
f 1177 1152 1178
f 1091 1081 1182
f 1182 1081 1183
f 1057 1525 1079
f 1079 1525 1527
f 1120 1117 1076
f 1076 1117 1077
f 1087 1090 1107
f 1107 1090 1108
f 1127 1126 1110
f 1110 1126 1111
f 1095 1116 1096
f 1096 1116 1115
f 1471 1078 1119
f 1119 1078 1077
f 1087 1107 1155
f 1155 1107 1158
f 1376 1374 1157
f 1157 1374 1158
f 1076 1075 1374
f 1374 1075 1373
f 1109 1467 1110
f 1110 1467 1472
f 1467 1466 1472
f 1472 1466 1473
f 1135 1475 1114
f 1114 1475 1115
f 1471 1119 1095
f 1095 1119 1116
f 1126 1532 1111
f 1111 1532 1530
f 914 1276 1480
f 1480 1276 1517
f 3127 3128 1223
f 1223 3128 1224
f 824 933 1455
f 1455 933 3129
f 3131 1448 3130
f 3130 1448 1447
f 3132 3133 1452
f 1452 3133 1453
f 3130 1447 1322
f 1322 1447 1455
f 933 1514 3129
f 3129 1514 3134
f 1161 3135 1480
f 1480 3135 1481
f 3128 3136 1224
f 1224 3136 1499
f 3133 1162 1453
f 1453 1162 1517
f 1515 3127 1535
f 1535 3127 1223
f 3095 3085 3131
f 3131 3085 1448
f 3137 3092 3085
f 3085 3092 3086
f 3138 3116 3137
f 3137 3116 3092
f 3110 3109 3117
f 3117 3109 3139
f 3105 3140 3117
f 3117 3140 3118
f 3140 3141 3118
f 3118 3141 3119
f 3142 3120 3141
f 3141 3120 3119
f 1498 3143 1277
f 1277 3143 882
f 3144 3145 1340
f 1340 3145 1339
f 1340 3146 3144
f 3144 3146 3147
f 3145 3144 3143
f 3143 3144 3148
f 871 901 872
f 872 901 1362
f 3149 3148 3147
f 3147 3148 3144
f 1208 3150 1209
f 3098 1786 1781
f 1781 1786 1782
f 2930 2929 3123
f 3123 2929 2911
f 1794 1791 2916
f 2916 1791 2917
f 1793 3101 2918
f 2918 3101 2919
f 1796 1794 2920
f 2920 1794 2916
f 3151 3152 2921
f 2921 3152 2922
f 3153 3154 2923
f 2923 3154 2924
f 2919 3101 2912
f 2912 3101 2913
f 3155 1796 2925
f 2925 1796 2920
f 3154 3156 2924
f 2924 3156 2926
f 1791 1793 2917
f 2917 1793 2918
f 3157 3158 2927
f 2927 3158 2928
f 1780 2930 1781
f 1781 2930 3123
f 2825 1267 1189
f 1189 1267 1190
f 2827 2828 1250
f 1250 2828 1251
f 1489 2830 1324
f 1324 2830 1325
f 923 1328 1334
f 1334 1328 1335
f 1485 2832 1482
f 1482 2832 1483
f 1266 1490 1492
f 1492 1490 1493
f 1333 1346 1334
f 1334 1346 2824
f 722 799 1492
f 1492 799 1190
f 664 657 1482
f 1482 657 2833
f 631 634 1324
f 1324 634 1493
f 2828 1494 1251
f 1251 1494 2835
f 1249 3021 1250
f 1250 3021 2838
f 798 2837 1189
f 1189 2837 2836
f 3100 842 3160
f 3160 842 3159
f 1788 3101 1789
f 1789 3101 1793
f 1792 816 1789
f 1789 816 1790
f 817 816 1795
f 1795 816 1792
f 938 817 1797
f 1797 817 1795
f 1796 3155 1797
f 1797 3155 1798
f 3155 3158 1798
f 1798 3158 1799
f 3157 3152 1801
f 1801 3152 1802
f 3151 3156 1803
f 1803 3156 1804
f 3154 3153 1805
f 1805 3153 1806
f 3153 3161 1806
f 1806 3161 1807
f 3099 843 3100
f 3100 843 842
f 1788 1787 3102
f 3102 1787 3112
f 2910 3115 3124
f 3124 3115 3122
f 3099 3098 3122
f 3122 3098 3124
f 416 1907 3052
f 3052 1907 3071
f 3046 3047 3163
f 3163 3047 3162
f 249 445 259
f 259 445 3164
f 425 3165 424
f 424 3165 461
f 408 410 329
f 329 410 330
f 39 331 40
f 40 331 332
f 305 304 423
f 423 304 464
f 385 254 458
f 458 254 392
f 250 415 251
f 251 415 412
f 233 337 234
f 234 337 3166
f 435 3055 1908
f 1908 3055 3072
f 443 1909 3056
f 3056 1909 3073
f 3167 3049 3057
f 3057 3049 444
f 452 3058 1332
f 1332 3058 3069
f 234 3166 346
f 346 3166 411
f 3046 3163 462
f 462 3163 3059
f 259 3164 260
f 260 3164 336
f 3047 417 3162
f 3162 417 3053
f 463 3168 434
f 434 3168 3054
f 454 830 425
f 425 830 3165
f 3062 3169 3063
f 3063 3169 3170
f 1355 1354 1534
f 1534 1354 3171
f 3063 3170 3068
f 3068 3170 3172
f 574 3061 3062
f 3062 3061 3169
f 1534 3171 1535
f 1535 3171 3173
f 3079 2873 3172
f 3172 2873 3068
f 2838 3025 2839
f 2839 3025 3174
f 3176 3177 3175
f 3175 3177 3178
f 3180 1125 3179
f 3179 1125 1128
f 3182 3183 3181
f 3181 3183 3184
f 1134 3185 1130
f 1130 3185 3182
f 3186 3187 3189
f 3189 3187 3188
f 3191 3189 3190
f 3190 3189 3188
f 1137 1122 3190
f 3190 1122 3192
f 3175 3178 3193
f 3193 3178 3194
f 3181 3184 3179
f 3179 3184 3195
f 3197 3198 3196
f 3196 3198 3180
f 3200 3178 3199
f 3199 3178 3177
f 3202 3196 3201
f 3201 3196 3195
f 3204 3184 3203
f 3203 3184 3183
f 3206 3207 3205
f 3205 3207 3186
f 3205 3186 3208
f 3208 3186 3189
f 3209 3208 3191
f 3191 3208 3189
f 3210 3194 3200
f 3200 3194 3178
f 3201 3195 3204
f 3204 3195 3184
f 3197 3211 3177
f 3177 3211 3199
f 3213 3214 3212
f 3212 3214 3215
f 3217 3218 3216
f 3216 3218 3219
f 3221 3222 3220
f 3220 3222 3223
f 3225 3226 3224
f 3224 3226 3227
f 3229 3230 3228
f 3228 3230 3231
f 3233 3234 3232
f 3232 3234 3235
f 3237 3238 3236
f 3236 3238 3239
f 3238 3240 3239
f 3239 3240 3241
f 3232 3235 3242
f 3242 3235 3243
f 3245 3246 3244
f 3244 3246 3247
f 3248 3249 3245
f 3245 3249 3246
f 3251 3252 3250
f 3250 3252 3253
f 3255 3252 3254
f 3254 3252 3251
f 3256 3257 3259
f 3259 3257 3258
f 3261 3262 3260
f 3260 3262 3263
f 3265 3263 3264
f 3264 3263 3262
f 3256 3259 3266
f 3266 3259 3267
f 3269 3270 3268
f 3268 3270 3271
f 3269 3272 3270
f 3270 3272 3273
f 3274 3275 3277
f 3277 3275 3276
f 3278 3279 3276
f 3276 3279 3277
f 3281 3282 3280
f 3280 3282 3283
f 3280 3284 3281
f 3281 3284 3285
f 3287 3288 3286
f 3286 3288 3289
f 3290 3291 3288
f 3288 3291 3289
f 3234 3218 3235
f 3235 3218 3217
f 3232 3292 3233
f 3233 3292 3293
f 3239 3294 3236
f 3236 3294 3219
f 3233 3293 3237
f 3237 3293 3295
f 3296 3294 3241
f 3241 3294 3239
f 3240 3238 3297
f 3297 3238 3298
f 3217 3216 3235
f 3235 3216 3243
f 3297 3299 3240
f 3240 3299 3242
f 3246 3300 3247
f 3247 3300 3223
f 3301 3302 3254
f 3254 3302 3244
f 3249 3303 3246
f 3246 3303 3300
f 3245 3304 3248
f 3248 3304 3292
f 3252 3221 3253
f 3253 3221 3220
f 3250 3248 3299
f 3299 3248 3292
f 3222 3221 3255
f 3255 3221 3252
f 3297 3301 3251
f 3251 3301 3254
f 3258 3214 3259
f 3259 3214 3213
f 3257 3256 3304
f 3304 3256 3305
f 3263 3306 3260
f 3260 3306 3215
f 3261 3257 3302
f 3302 3257 3304
f 3307 3306 3265
f 3265 3306 3263
f 3262 3301 3264
f 3264 3301 3308
f 3259 3213 3267
f 3267 3213 3212
f 3308 3309 3264
f 3264 3309 3266
f 3270 3310 3271
f 3271 3310 3231
f 3311 3312 3278
f 3278 3312 3268
f 3270 3273 3310
f 3310 3273 3313
f 3272 3269 3305
f 3305 3269 3314
f 3277 3229 3274
f 3274 3229 3228
f 3275 3272 3309
f 3309 3272 3305
f 3279 3230 3277
f 3277 3230 3229
f 3276 3308 3278
f 3278 3308 3311
f 3281 3315 3282
f 3282 3315 3227
f 3290 3316 3283
f 3283 3316 3317
f 3281 3285 3315
f 3315 3285 3318
f 3284 3280 3314
f 3314 3280 3319
f 3289 3225 3286
f 3286 3225 3224
f 3287 3284 3312
f 3284 3314 3312
f 3291 3226 3289
f 3289 3226 3225
f 3288 3311 3290
f 3290 3311 3316
f 3212 3215 3307
f 3307 3215 3306
f 3294 3296 3219
f 3219 3296 3216
f 3303 3220 3300
f 3300 3220 3223
f 3224 3227 3318
f 3318 3227 3315
f 3228 3231 3313
f 3313 3231 3310
f 3234 3233 3236
f 3236 3233 3237
f 3243 3241 3242
f 3242 3241 3240
f 3247 3255 3244
f 3244 3255 3254
f 3253 3249 3250
f 3250 3249 3248
f 3260 3258 3261
f 3261 3258 3257
f 3266 3267 3264
f 3264 3267 3265
f 3268 3271 3278
f 3278 3271 3279
f 3274 3273 3275
f 3275 3273 3272
f 3283 3282 3290
f 3290 3282 3291
f 3286 3285 3287
f 3287 3285 3284
f 3218 3234 3219
f 3219 3234 3236
f 3295 3298 3237
f 3237 3298 3238
f 3216 3296 3243
f 3243 3296 3241
f 3242 3299 3232
f 3232 3299 3292
f 3223 3222 3247
f 3247 3222 3255
f 3244 3302 3245
f 3245 3302 3304
f 3303 3249 3220
f 3220 3249 3253
f 3297 3251 3299
f 3299 3251 3250
f 3215 3214 3260
f 3260 3214 3258
f 3301 3262 3302
f 3302 3262 3261
f 3212 3307 3267
f 3267 3307 3265
f 3266 3309 3256
f 3256 3309 3305
f 3271 3231 3279
f 3279 3231 3230
f 3268 3312 3269
f 3269 3312 3314
f 3228 3313 3274
f 3274 3313 3273
f 3308 3276 3309
f 3309 3276 3275
f 3282 3227 3291
f 3291 3227 3226
f 3317 3319 3283
f 3283 3319 3280
f 3224 3318 3286
f 3286 3318 3285
f 3312 3311 3287
f 3311 3288 3287
f 3320 3321 3194
f 3194 3321 3193
f 1375 3321 1121
f 1121 3321 3322
f 3323 3324 3322
f 3322 3324 3192
f 3175 1124 3176
f 3176 1124 1123
f 3179 3195 3180
f 3180 3195 3196
f 3181 1131 3182
f 3182 1131 1130
f 3207 3185 3186
f 3186 3185 3187
f 1136 3188 1133
f 1133 3188 3187
f 3190 3188 1137
f 1137 3188 1136
f 3193 1159 3175
f 3175 1159 1124
f 3179 1128 3181
f 3181 1128 1131
f 1533 3198 1123
f 1123 3198 3176
f 3321 1375 3193
f 3193 1375 1159
f 3321 3320 3322
f 3322 3320 3323
f 1122 1121 3192
f 3192 1121 3322
f 3194 3210 3320
f 3320 3210 3325
f 3324 3323 3327
f 3327 3323 3326
f 3320 3325 3323
f 3323 3325 3326
f 3208 3328 3205
f 3205 3328 3329
f 3330 3206 3329
f 3329 3206 3205
f 3203 3331 3204
f 3204 3331 3332
f 3210 3333 3325
f 3325 3333 3334
f 3325 3334 3326
f 3326 3334 3335
f 3327 3326 3336
f 3336 3326 3335
f 3327 3209 3324
f 3324 3209 3191
f 3190 3192 3191
f 3191 3192 3324
f 3338 3339 3337
f 3337 3339 3340
f 3338 3341 3339
f 3339 3341 3342
f 3341 3343 3342
f 3342 3343 3344
f 3343 3345 3344
f 3344 3345 3346
f 3345 3347 3346
f 3346 3347 3348
f 3347 3349 3348
f 3348 3349 3350
f 3337 3340 3351
f 3351 3340 3352
f 3351 3352 3353
f 3353 3352 3354
f 3353 3354 3355
f 3355 3354 3356
f 3350 3349 3357
f 3357 3349 3358
f 3355 3356 3359
f 3359 3356 3360
f 3359 3360 3361
f 3361 3360 3362
f 3361 3362 3363
f 3363 3362 3364
f 3363 3364 3358
f 3358 3364 3357
f 3339 3342 3365
f 3365 3342 3366
f 3342 3344 3366
f 3366 3344 3367
f 3344 3346 3367
f 3367 3346 3368
f 3346 3348 3368
f 3368 3348 3369
f 3348 3350 3369
f 3369 3350 3370
f 3368 3369 3371
f 3371 3369 3372
f 3369 3370 3372
f 3372 3370 3373
f 3373 3374 3372
f 3372 3374 3375
f 3377 3378 3376
f 3376 3378 3379
f 3377 3375 3378
f 3378 3375 3374
f 3375 3380 3372
f 3372 3380 3371
f 3377 3381 3375
f 3375 3381 3380
f 3376 3382 3377
f 3377 3382 3381
f 3384 3385 3383
f 3383 3385 3386
f 3384 3383 3388
f 3388 3383 3387
f 3388 3387 3389
f 3389 3387 3390
f 3392 3385 3391
f 3391 3385 3384
f 3388 3393 3384
f 3384 3393 3391
f 3389 3394 3388
f 3388 3394 3393
f 3389 3395 3394
f 3394 3395 3396
f 3395 3389 3397
f 3397 3389 3390
f 3339 3365 3340
f 3340 3365 3398
f 3340 3398 3352
f 3352 3398 3399
f 3371 3400 3368
f 3368 3400 3367
f 3400 3401 3367
f 3367 3401 3366
f 3366 3401 3365
f 3365 3401 3402
f 3398 3365 3403
f 3403 3365 3402
f 3398 3403 3399
f 3399 3403 3404
f 3403 3405 3404
f 3404 3405 3406
f 3352 3399 3354
f 3354 3399 3407
f 3399 3404 3407
f 3407 3404 3408
f 3404 3406 3408
f 3408 3406 3409
f 3405 3410 3406
f 3406 3410 3411
f 3410 3412 3411
f 3411 3412 3413
f 3397 3414 3395
f 3395 3414 3415
f 3417 3415 3416
f 3416 3415 3412
f 3410 3418 3412
f 3412 3418 3416
f 3410 3405 3418
f 3418 3405 3419
f 3405 3403 3419
f 3419 3403 3402
f 3370 3350 3420
f 3420 3350 3357
f 3373 3370 3421
f 3421 3370 3420
f 3374 3373 3422
f 3422 3373 3421
f 3378 3374 3423
f 3423 3374 3422
f 3378 3423 3379
f 3379 3423 3424
f 3424 3425 3379
f 3379 3425 3386
f 3383 3426 3387
f 3387 3426 3427
f 3387 3427 3390
f 3390 3427 3428
f 3390 3428 3397
f 3397 3428 3429
f 3429 3430 3397
f 3397 3430 3414
f 3411 3413 3431
f 3431 3413 3432
f 3406 3411 3409
f 3409 3411 3431
f 3401 3400 3335
f 3335 3400 3336
f 3401 3335 3402
f 3402 3335 3334
f 3402 3334 3419
f 3419 3334 3333
f 3419 3333 3418
f 3418 3333 3433
f 3418 3433 3416
f 3416 3433 3434
f 3435 3417 3434
f 3434 3417 3416
f 3394 3396 3436
f 3436 3396 3437
f 3393 3394 3332
f 3332 3394 3436
f 3393 3332 3391
f 3391 3332 3331
f 3330 3392 3331
f 3331 3392 3391
f 3382 3329 3381
f 3381 3329 3328
f 3354 3407 3356
f 3356 3407 3438
f 3356 3438 3360
f 3360 3438 3439
f 3360 3439 3362
f 3362 3439 3440
f 3362 3440 3364
f 3364 3440 3441
f 3364 3441 3357
f 3357 3441 3420
f 3421 3420 3442
f 3442 3420 3441
f 3442 3441 3443
f 3443 3441 3440
f 3443 3440 3444
f 3444 3440 3439
f 3444 3439 3445
f 3445 3439 3438
f 3445 3438 3408
f 3408 3438 3407
f 3422 3421 3446
f 3446 3421 3442
f 3446 3442 3447
f 3447 3442 3443
f 3447 3443 3448
f 3448 3443 3444
f 3448 3444 3449
f 3449 3444 3445
f 3449 3445 3409
f 3409 3445 3408
f 3409 3431 3449
f 3449 3431 3450
f 3449 3450 3448
f 3448 3450 3451
f 3451 3452 3448
f 3448 3452 3447
f 3447 3452 3446
f 3446 3452 3453
f 3446 3453 3422
f 3422 3453 3423
f 3424 3423 3454
f 3454 3423 3453
f 3452 3455 3453
f 3453 3455 3454
f 3452 3451 3455
f 3455 3451 3456
f 3450 3457 3451
f 3451 3457 3456
f 3431 3432 3450
f 3450 3432 3457
f 3454 3458 3424
f 3424 3458 3425
f 3427 3426 3459
f 3459 3426 3460
f 3428 3427 3461
f 3461 3427 3459
f 3428 3461 3429
f 3429 3461 3462
f 3462 3463 3429
f 3429 3463 3430
f 3464 3465 3462
f 3462 3465 3463
f 3455 3466 3454
f 3454 3466 3458
f 3465 3464 3466
f 3466 3464 3467
f 3461 3459 3468
f 3468 3459 3469
f 3468 3469 3464
f 3464 3469 3467
f 3464 3462 3468
f 3468 3462 3461
f 3459 3460 3469
f 3469 3460 3467
f 3295 3351 3298
f 3298 3351 3353
f 3353 3355 3298
f 3298 3355 3297
f 3297 3355 3301
f 3301 3355 3359
f 3301 3359 3308
f 3308 3359 3361
f 3308 3361 3311
f 3311 3361 3363
f 3311 3363 3316
f 3316 3363 3358
f 3316 3358 3317
f 3317 3358 3349
f 3349 3347 3317
f 3317 3347 3319
f 3347 3345 3319
f 3319 3345 3314
f 3345 3343 3314
f 3314 3343 3305
f 3343 3341 3305
f 3305 3341 3304
f 3304 3341 3292
f 3292 3341 3338
f 3292 3338 3293
f 3293 3338 3337
f 3293 3337 3295
f 3295 3337 3351
f 3437 3202 3436
f 3436 3202 3201
f 3436 3201 3332
f 3332 3201 3204
f 3433 3200 3434
f 3434 3200 3199
f 3211 3435 3199
f 3199 3435 3434
f 3333 3210 3433
f 3433 3210 3200
f 3380 3470 3371
f 3400 3371 3336
f 3336 3371 3470
f 3381 3328 3380
f 3380 3328 3470
f 3470 3328 3209
f 3209 3328 3208
f 3336 3470 3327
f 3327 3470 3209
f 1545 1763 1546
f 1546 1763 1762
f 1403 1546 773
f 773 1546 770
f 1221 3013 1220
f 1220 3013 3471
f 1305 2877 1306
f 1306 2877 2879
f 1220 3471 828
f 828 3471 829
f 1217 1754 3472
f 3472 1754 1756
f 1049 3473 1048
f 1048 3473 3474
f 1371 1179 3473
f 3473 1179 3474
f 1074 3475 1179
f 1179 3475 3474
f 3474 3475 1048
f 1048 3475 1056
f 919 666 1345
f 1345 666 665
f 856 680 919
f 919 680 666
f 679 680 1449
f 1449 680 858
f 1367 878 1500
f 1500 878 877
f 1366 908 1367
f 1367 908 878
f 1512 916 1513
f 1513 916 915
f 947 1368 948
f 948 1368 1369
f 1047 1021 1044
f 1044 1021 1020
f 1370 1049 1019
f 1019 1049 1020
f 1173 1030 1174
f 1174 1030 1033
f 3126 1188 1464
f 1464 1188 1187
f 1800 1451 1512
f 1512 1451 916
f 1175 1174 1186
f 1186 1174 1187
f 1030 1173 1047
f 1047 1173 1021
f 1513 915 3476
f 3476 915 1481
f 1345 665 3477
f 3477 665 1483
f 1502 1501 876
f 876 1501 877
f 1205 1451 1803
f 1803 1451 1802
f 3479 2832 3478
f 3478 2832 2831
f 1449 858 2927
f 2927 858 2922
f 908 1366 947
f 947 1366 1368
f 949 948 3126
f 3126 948 1188
f 3480 3135 1502
f 1502 3135 1501
f 2927 2922 3157
f 3157 2922 3152
f 3477 1483 3479
f 3479 1483 2832
f 1803 1802 3151
f 3151 1802 3152
f 663 658 664
f 664 658 657
f 655 658 939
f 939 658 706
f 1512 870 1800
f 1800 870 869
f 875 874 876
f 876 874 873
f 849 874 905
f 905 874 958
f 949 962 946
f 946 962 961
f 978 3126 979
f 979 3126 1464
f 1031 1168 1032
f 1032 1168 1022
f 1045 1013 1046
f 1046 1013 1012
f 1045 1044 1056
f 1056 1044 1048
f 1047 1046 1030
f 1030 1046 1031
f 939 706 940
f 940 706 1450
f 979 1464 1032
f 1032 1464 1033
f 3480 1478 3476
f 3476 1478 3134
f 2829 1487 2830
f 2830 1487 1486
f 848 1230 873
f 873 1230 1479
f 867 870 933
f 933 870 1514
f 1800 869 1801
f 1801 869 1799
f 2830 1486 1325
f 1325 1486 2833
f 940 1450 2925
f 2925 1450 2928
f 946 961 907
f 907 961 958
f 959 962 977
f 977 962 978
f 3476 3134 1513
f 1513 3134 1514
f 2925 2928 3155
f 3155 2928 3158
f 1325 2833 656
f 656 2833 657
f 1801 1799 3157
f 3157 1799 3158
f 1074 1055 3475
f 3475 1055 1056
f 1371 3473 1370
f 1370 3473 1049
f 2884 615 3481
f 3481 615 618
f 3478 2831 2846
f 2846 2831 617
f 2831 1484 617
f 617 1484 618
f 1484 1487 618
f 618 1487 3481
f 2848 3481 2829
f 2829 3481 1487
f 1480 1517 1161
f 1161 1517 1162
f 3129 1323 1455
f 1455 1323 1322
f 3129 3134 1323
f 1323 3134 1478
f 1535 3173 1515
f 1515 3173 1516
f 3085 3095 3137
f 3137 3095 3094
f 3137 3094 3138
f 3138 3094 3104
f 3117 3139 3105
f 3105 3139 3106
f 1138 1141 3127
f 3127 1141 3128
f 3081 3131 1264
f 1264 3131 3130
f 1227 1226 3132
f 3132 1226 3133
f 1264 3130 1229
f 1229 3130 1322
f 1160 1501 1161
f 1161 1501 3135
f 1141 1476 3128
f 3128 1476 3136
f 1226 1163 3133
f 3133 1163 1162
f 1363 1138 1515
f 1515 1138 3127
f 3084 3095 3081
f 3081 3095 3131
f 3089 884 3105
f 3105 884 3140
f 884 883 3140
f 3140 883 3141
f 883 3482 3141
f 3141 3482 3142
f 3476 1481 3480
f 3480 1481 3135
f 1502 1479 3480
f 3480 1479 1478
f 3168 463 440
f 714 1880 715
f 715 1880 2905
f 896 732 2970
f 2970 732 731
f 1263 834 3082
f 3082 834 833
f 898 1231 853
f 853 1231 854
f 3125 890 2931
f 2931 890 889
f 1237 893 2851
f 2851 893 892
f 898 853 899
f 899 853 963
f 988 987 989
f 989 987 986
f 1002 1007 1003
f 1003 1007 1006
f 1038 1036 1007
f 1007 1036 1004
f 1070 1052 1005
f 1005 1052 1006
f 1069 1067 1070
f 1070 1067 1052
f 1130 1129 1134
f 1134 1129 1135
f 879 1167 880
f 880 1167 1166
f 1171 1169 1037
f 1037 1169 1038
f 1085 1180 1069
f 1069 1180 1067
f 1209 1210 879
f 879 1210 1167
f 2885 1215 1754
f 1754 1215 1214
f 1263 855 834
f 834 855 854
f 708 1244 1826
f 1826 1244 1243
f 2909 894 1254
f 1254 894 893
f 1228 1361 964
f 964 1361 1360
f 2908 2907 1436
f 1436 2907 1437
f 2990 1440 2991
f 2991 1440 1439
f 964 1360 965
f 965 1360 1454
f 950 1457 951
f 951 1457 1456
f 970 1463 971
f 971 1463 1462
f 1025 1169 984
f 984 1169 986
f 1084 1097 1469
f 1469 1097 1470
f 1096 1115 1474
f 1474 1115 1475
f 1140 1361 1141
f 1141 1361 1476
f 1212 1495 2828
f 2828 1495 1494
f 880 1166 1452
f 1452 1166 1499
f 715 2905 1504
f 1504 2905 2906
f 954 1519 955
f 955 1519 1518
f 1026 1520 992
f 992 1520 1518
f 1029 1520 1043
f 1043 1520 1521
f 997 1522 1040
f 1040 1522 1521
f 1015 1522 1016
f 1016 1522 1523
f 1523 996 1524
f 1524 996 1062
f 1057 1060 1525
f 1525 1060 1524
f 1094 1528 1082
f 1082 1528 1527
f 1526 1528 1089
f 1089 1528 1529
f 1090 1531 1108
f 1108 1531 1530
f 1125 1533 1126
f 1126 1533 1532
f 3483 1755 727
f 727 1755 1214
f 735 1814 707
f 707 1814 1813
f 2891 1834 1246
f 1246 1834 1243
f 2904 1881 1847
f 1847 1881 1848
f 1852 1855 1853
f 1853 1855 1858
f 1902 2903 1877
f 1877 2903 1878
f 2903 2904 1878
f 1878 2904 1847
f 714 713 1848
f 1848 713 1849
f 1440 2990 1883
f 1883 2990 2989
f 1883 2989 1852
f 1852 2989 1855
f 2895 1888 2892
f 2892 1888 1887
f 774 777 1877
f 1877 777 1903
f 1251 2835 1252
f 1252 2835 2834
f 1213 2844 1212
f 1212 2844 1495
f 2851 892 1213
f 1213 892 2844
f 3123 2911 3124
f 3124 2911 2910
f 887 2929 888
f 888 2929 889
f 1435 2963 1436
f 1436 2963 2961
f 1253 1438 1254
f 1254 1438 1437
f 2970 731 735
f 735 731 1814
f 733 732 2885
f 2885 732 1215
f 2901 2902 2976
f 2976 2902 2977
f 2975 2982 2976
f 2976 2982 2979
f 2899 2900 2981
f 2981 2900 2979
f 2899 2981 2898
f 2898 2981 2983
f 2986 2985 2984
f 2984 2985 2983
f 2897 2985 2896
f 2896 2985 2988
f 2991 1439 2987
f 2987 1439 2988
f 777 2978 1903
f 1903 2978 2977
f 1885 1888 1858
f 1858 1888 1853
f 3090 3088 836
f 836 3088 833
f 3083 3088 3097
f 3097 3088 3096
f 3097 3096 3104
f 3104 3096 3106
f 3111 3116 3108
f 3108 3116 3109
f 3112 3111 3114
f 3114 3111 3108
f 3113 3122 3114
f 3114 3122 3115
f 891 890 2837
f 2837 890 2834
f 951 1456 954
f 954 1456 1519
f 967 1457 936
f 936 1457 1454
f 971 1462 902
f 902 1462 963
f 1461 1463 988
f 988 1463 987
f 1466 1468 1474
f 1474 1468 1470
f 1089 1529 1090
f 1090 1529 1531
f 1184 1181 1469
f 1469 1181 1180
f 1082 1527 1061
f 1061 1527 1525
f 1129 1473 1135
f 1135 1473 1475
f 1108 1530 1105
f 1105 1530 1532
f 1452 1499 3132
f 3132 1499 3136
f 3109 3116 3139
f 3139 3116 3138
f 2912 2911 887
f 887 2911 2929
f 2836 2835 1497
f 1497 2835 1494
f 2913 3102 2910
f 2910 3102 3115
f 1133 3187 1134
f 1134 3187 3185
f 3177 3176 3197
f 3197 3176 3198
f 3203 3183 3206
f 3206 3183 3207
f 3196 3202 3197
f 3197 3202 3211
f 3183 3182 3207
f 3207 3182 3185
f 1125 3180 1533
f 1533 3180 3198
f 3331 3203 3330
f 3330 3203 3206
f 3376 3379 3385
f 3385 3379 3386
f 3382 3376 3392
f 3392 3376 3385
f 3412 3415 3413
f 3413 3415 3414
f 3417 3396 3415
f 3415 3396 3395
f 3383 3386 3426
f 3426 3386 3425
f 3413 3414 3432
f 3432 3414 3430
f 3437 3396 3435
f 3435 3396 3417
f 3329 3382 3330
f 3330 3382 3392
f 3426 3425 3460
f 3460 3425 3458
f 3432 3430 3457
f 3457 3430 3463
f 3457 3463 3456
f 3456 3463 3465
f 3460 3458 3467
f 3467 3458 3466
f 3466 3455 3465
f 3465 3455 3456
f 3202 3437 3211
f 3211 3437 3435
f 3104 3106 3138
f 3138 3106 3139
f 3132 3136 1227
f 1227 3136 1476
f 943 687 600
f 600 687 601
f 596 625 667
f 667 625 1297
f 687 686 601
f 601 686 653
f 1319 784 711
f 711 784 712
f 1811 607 783
f 783 607 712
f 862 921 917
f 917 921 920
f 3478 925 3479
f 3479 925 924
f 2846 926 3478
f 3478 926 925
f 659 662 929
f 929 662 930
f 856 921 857
f 857 921 1204
f 1206 864 1207
f 1207 864 863
f 2876 1219 2877
f 2877 1219 1218
f 667 1297 593
f 593 1297 1296
f 917 920 1333
f 1333 920 1346
f 686 693 653
f 653 693 930
f 1277 913 1498
f 1498 913 1207
f 592 1536 610
f 610 1536 711
f 864 1206 1805
f 1805 1206 1804
f 1317 1536 1900
f 1900 1536 1809
f 1900 1809 1295
f 1295 1809 1296
f 3479 924 3477
f 3477 924 2824
f 927 926 1203
f 1203 926 2847
f 3484 2859 3032
f 3032 2859 3033
f 3472 2878 1217
f 1217 2878 1218
f 2889 2888 2880
f 2880 2888 2881
f 2886 2883 2887
f 2887 2883 2882
f 929 928 2847
f 2847 928 1203
f 857 1204 2921
f 2921 1204 2926
f 1820 1819 2882
f 2882 1819 2881
f 1821 2883 2876
f 2876 2883 1219
f 782 2889 783
f 783 2889 2880
f 1352 3034 1353
f 1353 3034 3033
f 3031 3034 3041
f 3041 3034 3043
f 944 943 3043
f 3043 943 600
f 1339 3145 1498
f 1498 3145 3143
f 1208 882 3148
f 3148 882 3143
f 2921 2926 3151
f 3151 2926 3156
f 3477 2824 1345
f 1345 2824 1346
f 1805 1804 3154
f 3154 1804 3156
f 886 3103 883
f 883 3103 3482
f 841 1248 3485
f 3485 1248 3121
f 2811 2819 2812
f 2812 2819 2816
f 2818 2815 2817
f 2817 2815 2806
f 2817 2816 2818
f 2818 2816 2819
f 2793 2795 2819
f 2819 2795 2818
f 243 352 2793
f 2793 352 2795
f 242 353 243
f 243 353 352
f 359 191 242
f 242 191 353
f 247 192 359
f 359 192 191
f 157 193 247
f 247 193 192
f 156 194 157
f 157 194 193
f 378 261 156
f 156 261 194
f 378 381 261
f 261 381 195
f 195 381 196
f 196 381 376
f 196 376 198
f 198 376 375
f 375 1776 198
f 198 1776 197
f 1776 1767 197
f 197 1767 274
f 181 274 199
f 199 274 1767
f 568 566 564
f 564 566 563
f 568 569 566
f 566 569 567
f 501 1773 1771
f 1771 1773 578
f 547 579 1773
f 1773 579 578
f 3486 470 474
f 474 470 469
f 450 582 3487
f 3487 582 3488
f 582 583 3488
f 3488 583 3489
f 583 584 3489
f 3489 584 3490
f 3490 584 3491
f 3491 584 543
f 470 3486 466
f 466 3486 467
f 3489 3490 503
f 503 3490 504
f 503 3492 3489
f 3489 3492 3488
f 3492 503 3493
f 3493 503 502
f 3495 3492 3494
f 3494 3492 3493
f 3487 3488 3495
f 3495 3488 3492
f 468 1774 465
f 465 1774 570
f 3494 3493 1775
f 1775 3493 1771
f 3490 3491 504
f 504 3491 1772
f 3491 543 1772
f 1772 543 548
f 450 3487 474
f 474 3487 3486
f 3495 467 3487
f 3487 467 3486
f 3494 468 3495
f 3495 468 467
f 468 3494 1774
f 1774 3494 1775
f 501 1771 502
f 502 1771 3493
f 527 366 384
f 384 366 365
f 522 524 527
f 527 524 366
f 521 534 522
f 522 534 524
f 530 535 521
f 521 535 534
f 508 486 513
f 513 486 532
f 513 532 541
f 541 532 535
f 667 668 596
f 596 668 597
f 1294 1297 624
f 624 1297 625
f 603 641 604
f 604 641 640
f 1290 1293 650
f 650 1293 651
f 1758 691 660
f 660 691 661
f 602 671 599
f 599 671 670
f 654 662 690
f 690 662 661
f 2856 598 695
f 695 598 597
f 602 654 671
f 671 654 690
f 604 640 676
f 676 640 704
f 1826 1829 708
f 708 1829 709
f 1288 1284 740
f 740 1284 741
f 755 754 758
f 758 754 759
f 2853 2856 932
f 932 2856 695
f 689 691 1192
f 1192 691 1193
f 784 1319 1240
f 1240 1319 1241
f 1813 1816 1244
f 1244 1816 1245
f 754 1288 759
f 759 1288 740
f 1894 1242 1318
f 1318 1242 1241
f 2867 1348 1418
f 1418 1348 1347
f 676 704 673
f 673 704 1347
f 1284 1287 741
f 741 1287 1419
f 1421 1426 1422
f 1422 1426 1425
f 1758 660 615
f 615 660 616
f 1192 1191 1421
f 1421 1191 1426
f 2962 1839 1504
f 1504 1839 1505
f 941 1194 1759
f 1759 1194 1193
f 1287 1537 1419
f 1419 1537 1760
f 1882 2893 1823
f 1823 2893 1824
f 1886 1891 1827
f 1827 1891 1828
f 1887 1886 1834
f 1834 1886 1827
f 1841 716 1838
f 1838 716 1505
f 782 784 1850
f 1850 784 1240
f 1239 1242 1863
f 1863 1242 1864
f 1242 1894 1864
f 1864 1894 1873
f 1822 1239 1823
f 1823 1239 1863
f 1318 1317 1895
f 1895 1317 1900
f 1894 1896 1873
f 1873 1896 1897
f 1291 1896 1292
f 1292 1896 1895
f 605 1898 606
f 606 1898 1897
f 1258 1257 2854
f 2854 1257 2855
f 1257 1351 2855
f 2855 1351 2857
f 1351 1353 2857
f 2857 1353 2858
f 1353 3033 2858
f 2858 3033 2859
f 2860 2861 3036
f 3036 2861 3037
f 2862 2863 2870
f 2870 2863 3039
f 2870 2869 2862
f 2862 2869 2864
f 2868 2865 2869
f 2869 2865 2864
f 1764 2866 2868
f 2868 2866 2865
f 1537 1199 1760
f 1760 1199 1348
f 615 2884 1758
f 1758 2884 1759
f 1825 1246 2890
f 2890 1246 1245
f 2893 2892 1824
f 1824 2892 2891
f 761 2960 758
f 758 2960 2906
f 3000 2943 2940
f 2940 2943 2941
f 2968 710 2950
f 2950 710 709
f 1764 1423 2866
f 2866 1423 2953
f 1423 645 2953
f 2953 645 2954
f 645 644 2954
f 2954 644 2955
f 644 738 2955
f 2955 738 2956
f 738 764 2956
f 2956 764 2957
f 764 763 2957
f 2957 763 2958
f 763 2908 2958
f 2958 2908 2959
f 2908 1436 2959
f 2959 1436 2961
f 1837 2964 1435
f 1435 2964 2963
f 1837 2937 2964
f 2964 2937 2965
f 2936 2968 2966
f 2966 2968 2950
f 1840 2942 1838
f 1838 2942 2941
f 2939 2949 2940
f 2940 2949 3006
f 2939 2942 2966
f 2966 2942 2965
f 1822 1825 1850
f 1850 1825 2890
f 1891 3005 1828
f 1828 3005 3006
f 3035 3038 3045
f 3045 3038 3042
f 3045 3044 3035
f 3035 3044 3040
f 669 1422 3045
f 3045 1422 3044
f 599 670 3041
f 3041 670 3042
f 931 3067 932
f 932 3067 3065
f 2853 3066 2854
f 2854 3066 3076
f 3067 3496 3065
f 3065 3496 3497
f 3066 3498 3076
f 3076 3498 3499
f 707 1813 708
f 708 1813 1244
f 2960 2962 2906
f 2906 2962 1504
f 2892 1887 2891
f 2891 1887 1834
f 1839 2962 2963
f 2963 2962 2961
f 595 626 596
f 596 626 625
f 623 626 3484
f 3484 626 2859
f 1291 1290 606
f 606 1290 603
f 1290 650 603
f 603 650 641
f 641 650 642
f 642 650 649
f 2860 2863 649
f 649 2863 642
f 3036 3039 2860
f 2860 3039 2863
f 3035 3040 3036
f 3036 3040 3039
f 1294 1293 1295
f 1295 1293 1292
f 624 651 1294
f 1294 651 1293
f 623 652 624
f 624 652 651
f 3484 2861 623
f 623 2861 652
f 3032 3037 3484
f 3484 3037 2861
f 3031 3038 3032
f 3032 3038 3037
f 3481 2848 2884
f 2884 2848 942
f 2846 617 1427
f 1427 617 616
f 3049 3167 3048
f 3048 3167 3500
f 1906 3048 3070
f 3070 3048 3500
f 1337 1768 3501
f 3501 1768 3502
f 3020 3503 3021
f 3021 3503 3024
f 2914 3023 3020
f 3020 3023 3503
f 859 1770 860
f 860 1770 3504
f 1336 3505 1768
f 1768 3505 3502
f 3065 3497 3066
f 3066 3497 3498
f 2814 3075 3067
f 3067 3075 3496
f 2839 3174 766
f 766 3174 3017
f 1337 3501 1338
f 1338 3501 1769
f 767 3018 3026
f 3026 3018 3506
f 3076 3499 3064
f 3064 3499 3507
f 727 730 3483
f 3483 730 3030
f 3064 3507 2871
f 2871 3507 3077
f 3100 3160 1786
f 1786 3160 1784
f 3026 3506 752
f 752 3506 3015
f 860 3504 2923
f 2923 3504 3508
f 753 3016 3027
f 3027 3016 3509
f 3027 3509 3008
f 3008 3509 3028
f 1782 1785 1783
f 1783 1785 3022
f 2923 3508 3153
f 3153 3508 3161
f 3148 3149 1208
f 1208 3149 3150
f 1335 1328 3510
f 3510 1328 1327
f 1336 1335 3505
f 3505 1335 3510
f 866 3511 1340
f 1340 3511 3146
f 865 1808 866
f 866 1808 3511
f 842 841 3159
f 3159 841 3485
f 2849 3512 1329
f 1329 3512 1326
f 1202 1331 2849
f 2849 1331 3512
f 3514 3515 3513
f 3513 3515 3516
f 3518 3516 3517
f 3517 3516 3515
f 3519 3520 3514
f 3514 3520 3515
f 3522 3523 3521
f 3521 3523 3524
f 3526 3527 3525
f 3525 3527 3528
f 3530 3531 3529
f 3529 3531 3532
f 3534 3535 3533
f 3533 3535 3536
f 3529 3532 3537
f 3537 3532 3538
f 3537 3539 3529
f 3529 3539 3540
f 3542 3543 3541
f 3541 3543 3544
f 3546 3547 3545
f 3545 3547 3548
f 3550 3534 3549
f 3549 3534 3533
f 3550 3543 3551
f 3551 3543 3552
f 3537 3545 3539
f 3539 3545 3548
f 3553 3554 3556
f 3556 3554 3555
f 3537 3557 3545
f 3545 3557 3546
f 3558 3559 3561
f 3561 3559 3560
f 3563 3564 3562
f 3562 3564 3565
f 3564 3563 3566
f 3566 3563 3567
f 3569 3570 3568
f 3568 3570 3571
f 3573 3574 3572
f 3572 3574 3575
f 3577 3578 3576
f 3576 3578 3579
f 3581 3582 3580
f 3580 3582 3583
f 3585 3586 3584
f 3584 3586 3579
f 3586 3587 3579
f 3579 3587 3576
f 3589 3590 3588
f 3588 3590 3591
f 3592 3593 3595
f 3595 3593 3594
f 3597 3598 3596
f 3596 3598 3595
f 3583 3600 3599
f 3599 3600 3601
f 3603 3599 3602
f 3602 3599 3601
f 3605 3606 3604
f 3604 3606 3607
f 3608 3555 3596
f 3596 3555 3554
f 3597 3610 3609
f 3609 3610 3565
f 3564 3611 3565
f 3565 3611 3609
f 3611 3564 3612
f 3612 3564 3566
f 3613 3614 3569
f 3569 3614 3570
f 3615 3616 3573
f 3573 3616 3574
f 3517 3617 3518
f 3518 3617 3618
f 3620 3621 3619
f 3619 3621 3622
f 3624 3625 3623
f 3623 3625 3626
f 3628 3629 3627
f 3627 3629 3630
f 3632 3633 3631
f 3631 3633 3634
f 3636 3637 3635
f 3635 3637 3638
f 3640 3641 3639
f 3639 3641 3642
f 3643 3644 3639
f 3639 3644 3640
f 3646 3513 3645
f 3645 3513 3647
f 3648 3514 3646
f 3646 3514 3513
f 3649 3519 3648
f 3648 3519 3514
f 3650 3651 3527
f 3527 3651 3652
f 3654 3651 3653
f 3653 3651 3650
f 3568 3571 3655
f 3655 3571 3656
f 3657 3658 3653
f 3653 3658 3659
f 3661 3662 3660
f 3660 3662 3658
f 3664 3665 3663
f 3663 3665 3666
f 3667 3657 3650
f 3650 3657 3653
f 3669 3523 3668
f 3668 3523 3670
f 3672 3673 3671
f 3671 3673 3674
f 3676 3677 3675
f 3675 3677 3678
f 3671 3674 3676
f 3676 3674 3677
f 3680 3681 3679
f 3679 3681 3682
f 3683 3684 3680
f 3680 3684 3681
f 3685 3686 3661
f 3661 3686 3662
f 3686 3687 3662
f 3662 3687 3688
f 3684 3683 3689
f 3689 3683 3690
f 3692 3693 3691
f 3691 3693 3694
f 3691 3694 3695
f 3695 3694 3696
f 3698 3699 3697
f 3697 3699 3700
f 3702 3703 3701
f 3701 3703 3704
f 3705 3706 3519
f 3519 3706 3520
f 3673 3672 3707
f 3707 3672 3708
f 3709 3710 3682
f 3682 3710 3679
f 3711 3712 3692
f 3692 3712 3693
f 3714 3715 3713
f 3713 3715 3716
f 3718 3700 3717
f 3717 3700 3699
f 3720 3721 3719
f 3719 3721 3722
f 3724 3725 3723
f 3723 3725 3726
f 3727 3728 3730
f 3730 3728 3729
f 3722 3721 3731
f 3731 3721 3732
f 3697 3700 3733
f 3733 3700 3714
f 3733 3714 3734
f 3734 3714 3713
f 3721 3723 3732
f 3732 3723 3735
f 3720 3736 3724
f 3724 3736 3737
f 3700 3718 3714
f 3714 3718 3715
f 3717 3699 3738
f 3738 3699 3739
f 3536 3740 3533
f 3533 3740 3540
f 3742 3743 3741
f 3741 3743 3744
f 3746 3747 3745
f 3745 3747 3748
f 3750 3751 3749
f 3749 3751 3752
f 3627 3632 3628
f 3628 3632 3631
f 3754 3755 3753
f 3753 3755 3626
f 3562 3565 3756
f 3756 3565 3610
f 3527 3652 3528
f 3528 3652 3757
f 3758 3524 3669
f 3669 3524 3523
f 3582 3598 3583
f 3583 3598 3600
f 3759 3670 3522
f 3522 3670 3523
f 3675 3678 3760
f 3760 3678 3761
f 3762 3763 3690
f 3690 3763 3689
f 3765 3766 3764
f 3764 3766 3767
f 3768 3739 3698
f 3698 3739 3699
f 3726 3725 3770
f 3770 3725 3769
f 3645 3647 3771
f 3771 3647 3772
f 3645 3678 3646
f 3646 3678 3677
f 3646 3677 3648
f 3648 3677 3674
f 3673 3649 3674
f 3674 3649 3648
f 3707 3773 3673
f 3673 3773 3649
f 3775 3776 3774
f 3774 3776 3777
f 3779 3526 3778
f 3778 3526 3525
f 3526 3779 3667
f 3667 3779 3780
f 3780 3781 3667
f 3667 3781 3657
f 3672 3679 3708
f 3708 3679 3710
f 3671 3680 3672
f 3672 3680 3679
f 3676 3683 3671
f 3671 3683 3680
f 3675 3690 3676
f 3676 3690 3683
f 3760 3762 3675
f 3675 3762 3690
f 3682 3681 3783
f 3783 3681 3782
f 3689 3784 3684
f 3684 3784 3785
f 3684 3785 3681
f 3681 3785 3782
f 3786 3709 3783
f 3783 3709 3682
f 3784 3689 3787
f 3787 3689 3763
f 3789 3557 3788
f 3788 3557 3790
f 3792 3793 3791
f 3791 3793 3794
f 3616 3615 3795
f 3795 3615 3796
f 3797 3798 3727
f 3727 3798 3728
f 3800 3801 3799
f 3799 3801 3802
f 3803 3578 3592
f 3592 3578 3593
f 3805 3806 3804
f 3804 3806 3807
f 3599 3603 3585
f 3585 3603 3586
f 3587 3586 3604
f 3604 3586 3603
f 3588 3591 3794
f 3794 3591 3791
f 3581 3803 3582
f 3582 3803 3592
f 3594 3561 3608
f 3608 3561 3790
f 3662 3688 3808
f 3808 3688 3809
f 3665 3664 3810
f 3810 3664 3811
f 3719 3812 3720
f 3720 3812 3736
f 3717 3813 3718
f 3718 3813 3737
f 3723 3721 3724
f 3724 3721 3720
f 3813 3717 3814
f 3814 3717 3738
f 3815 3816 303
f 303 3816 304
f 3818 3819 3817
f 3817 3819 3820
f 3578 3803 3579
f 3579 3803 3584
f 3558 3593 3577
f 3577 3593 3578
f 3822 3823 3821
f 3821 3823 3824
f 3546 3826 3825
f 3825 3826 3827
f 3828 3829 3547
f 3547 3829 3541
f 3831 3542 3830
f 3830 3542 3832
f 3834 3822 3833
f 3833 3822 3821
f 3835 3836 3827
f 3827 3836 3825
f 3800 3799 3828
f 3828 3799 3829
f 3830 3832 3837
f 3837 3832 3838
f 331 330 3551
f 3551 330 3839
f 3831 333 3552
f 3552 333 332
f 3819 3797 3841
f 3841 3797 3840
f 3513 3516 3647
f 3647 3516 3746
f 337 336 3745
f 3745 336 3772
f 3525 3528 3775
f 3775 3528 3749
f 3610 3597 3554
f 3554 3597 3596
f 3706 3702 3520
f 3520 3702 3701
f 3756 3610 3553
f 3553 3610 3554
f 3757 3750 3528
f 3528 3750 3749
f 3517 3515 3701
f 3701 3515 3520
f 3842 3584 3581
f 3581 3584 3803
f 3525 3775 3778
f 3778 3775 3774
f 3638 3843 3635
f 3635 3843 3618
f 3617 3621 3618
f 3618 3621 3635
f 3617 3517 3704
f 3704 3517 3701
f 3521 3624 3522
f 3522 3624 3623
f 3749 3844 3775
f 3775 3844 3776
f 3846 3847 3845
f 3845 3847 3848
f 3843 3747 3618
f 3618 3747 3518
f 3850 3851 3849
f 3849 3851 3748
f 3853 3854 3852
f 3852 3854 3855
f 3856 3857 3622
f 3622 3857 3619
f 3859 3860 3858
f 3858 3860 3861
f 3862 3844 3752
f 3752 3844 3749
f 3863 3759 3623
f 3623 3759 3522
f 3864 3777 3630
f 3630 3777 3776
f 3713 3865 3734
f 3734 3865 3866
f 3868 3869 3867
f 3867 3869 3870
f 3872 3873 3871
f 3871 3873 3874
f 3876 3877 3875
f 3875 3877 3878
f 3879 3880 3878
f 3878 3880 3881
f 3882 3883 3885
f 3885 3883 3884
f 3780 3886 3781
f 3781 3886 3887
f 3888 3685 3869
f 3869 3685 3661
f 3880 3879 3883
f 3883 3879 3884
f 3693 3783 3694
f 3694 3783 3782
f 3696 3785 3764
f 3764 3785 3784
f 3694 3782 3696
f 3696 3782 3785
f 3693 3786 3783
f 3787 3765 3784
f 3784 3765 3764
f 386 385 3765
f 3765 385 3766
f 3695 3889 3691
f 3691 3889 3890
f 3691 3890 3692
f 3692 3890 3891
f 3892 3711 3891
f 3891 3711 3692
f 3767 3893 3695
f 3695 3893 3889
f 3766 3894 3767
f 3767 3894 3893
f 3882 3885 3895
f 3895 3885 3896
f 3898 3698 3897
f 3897 3698 3697
f 3897 3697 3899
f 3899 3697 3733
f 3899 3733 3900
f 3900 3733 3734
f 3901 3768 3898
f 3898 3768 3698
f 3901 3902 3768
f 3768 3902 3903
f 3904 3905 3907
f 3907 3905 3906
f 3869 3661 3870
f 3870 3661 3660
f 3908 3909 3896
f 3896 3909 3895
f 3909 3758 3895
f 3895 3758 3669
f 3751 3531 3752
f 3752 3531 3848
f 3858 3536 3854
f 3854 3536 3535
f 3652 3562 3757
f 3757 3562 3756
f 3651 3654 3563
f 3563 3654 3567
f 3655 3656 3808
f 3808 3656 3659
f 3530 3740 3845
f 3845 3740 3861
f 3751 3750 3556
f 3556 3750 3553
f 3817 3820 3796
f 3796 3820 3795
f 410 409 3910
f 3910 409 3855
f 3750 3757 3553
f 3553 3757 3756
f 3908 3886 3909
f 3909 3886 3780
f 409 411 3855
f 3855 411 3851
f 413 412 3760
f 3760 412 3762
f 415 414 3763
f 3763 414 3787
f 3790 3557 3538
f 3538 3557 3537
f 3555 3608 3538
f 3538 3608 3790
f 3574 3911 3575
f 3575 3911 3912
f 3535 3534 3910
f 3910 3534 3839
f 3831 3552 3542
f 3542 3552 3543
f 3534 3550 3839
f 3839 3550 3551
f 3543 3550 3544
f 3544 3550 3549
f 3913 3914 3916
f 3916 3914 3915
f 3806 3805 3589
f 3589 3805 3590
f 3849 3843 3917
f 3917 3843 3638
f 3853 3644 3859
f 3859 3644 3742
f 3747 3746 3518
f 3518 3746 3516
f 3695 3696 3767
f 3767 3696 3764
f 3903 3918 3768
f 3768 3918 3739
f 3738 3739 3816
f 3816 3739 3918
f 3919 3920 3769
f 3769 3920 3770
f 3921 3726 3922
f 3922 3726 3770
f 3678 3645 3761
f 3761 3645 3771
f 3924 3913 3923
f 3923 3913 3916
f 3802 3925 3838
f 3838 3925 3837
f 3577 3926 3558
f 3558 3926 3559
f 3815 3919 3814
f 3814 3919 3769
f 3927 3928 3822
f 3822 3928 3823
f 3829 3832 3541
f 3541 3832 3542
f 3834 3927 3822
f 3832 3829 3838
f 3838 3829 3799
f 3745 3772 3746
f 3746 3772 3647
f 3849 3748 3843
f 3843 3748 3747
f 3854 3853 3858
f 3858 3853 3859
f 3854 3535 3855
f 3855 3535 3910
f 3557 3789 3546
f 3546 3789 3826
f 3923 3823 3924
f 3924 3823 3928
f 3823 3923 3929
f 3929 3923 3930
f 3531 3751 3532
f 3532 3751 3556
f 3532 3556 3538
f 3538 3556 3555
f 3932 3634 3931
f 3931 3634 3633
f 3814 3769 3813
f 3813 3769 3725
f 3620 3636 3621
f 3621 3636 3635
f 3847 3862 3848
f 3848 3862 3752
f 3531 3530 3848
f 3848 3530 3845
f 3933 3934 3830
f 3830 3934 3831
f 3925 3933 3837
f 3837 3933 3830
f 3934 440 3831
f 3831 440 333
f 3925 3802 3833
f 3833 3802 3801
f 3776 3844 3630
f 3630 3844 3627
f 3808 3659 3662
f 3662 3659 3658
f 3667 3650 3526
f 3526 3650 3527
f 3935 3666 3936
f 3936 3666 3665
f 3718 3737 3715
f 3715 3737 3736
f 3663 3809 3664
f 3664 3809 3688
f 3807 3806 3938
f 3938 3806 3937
f 445 413 3761
f 3761 413 3760
f 3902 447 3903
f 3903 447 446
f 3897 3890 3898
f 3898 3890 3889
f 3899 3891 3897
f 3897 3891 3890
f 3898 3889 3901
f 3901 3889 3893
f 3893 3894 3901
f 3901 3894 3902
f 414 386 3787
f 3787 386 3765
f 3940 3941 3939
f 3939 3941 3942
f 3840 3797 3943
f 3943 3797 3727
f 3665 3810 3936
f 3936 3810 3944
f 3921 3735 3726
f 3726 3735 3723
f 3920 3945 3770
f 3770 3945 3922
f 3521 3524 3774
f 3774 3524 3778
f 3864 3946 3625
f 3625 3946 3947
f 3773 3705 3649
f 3649 3705 3519
f 3779 3778 3758
f 3758 3778 3524
f 3812 3716 3736
f 3736 3716 3715
f 3624 3521 3777
f 3777 3521 3774
f 3703 3856 3704
f 3704 3856 3622
f 3900 3892 3899
f 3899 3892 3891
f 3641 3917 3642
f 3642 3917 3948
f 3895 3669 3882
f 3882 3669 3668
f 3855 3851 3852
f 3852 3851 3850
f 3894 458 3902
f 3902 458 447
f 3781 3887 3660
f 3660 3887 3870
f 3570 3566 3571
f 3571 3566 3567
f 3950 3576 3949
f 3949 3576 3587
f 3605 3602 3614
f 3614 3602 3612
f 3614 3612 3570
f 3570 3612 3566
f 3571 3567 3656
f 3656 3567 3654
f 3660 3658 3781
f 3781 3658 3657
f 3604 3607 3587
f 3587 3607 3949
f 3653 3659 3654
f 3654 3659 3656
f 3529 3540 3530
f 3530 3540 3740
f 3687 3811 3688
f 3688 3811 3664
f 3813 3725 3737
f 3737 3725 3724
f 3919 3815 461
f 461 3815 303
f 3818 3798 3819
f 3819 3798 3797
f 3819 3841 3820
f 3820 3841 3951
f 3816 3815 3738
f 3738 3815 3814
f 3540 3539 3533
f 3533 3539 3549
f 3548 3547 3544
f 3544 3547 3541
f 3539 3548 3549
f 3549 3548 3544
f 3741 3931 3860
f 3860 3931 3846
f 3801 3800 3835
f 3835 3800 3836
f 3934 3933 3824
f 3824 3933 3821
f 3825 3828 3546
f 3546 3828 3547
f 3833 3821 3925
f 3925 3821 3933
f 3800 3828 3836
f 3836 3828 3825
f 3824 3952 3934
f 3934 3952 440
f 3860 3846 3861
f 3861 3846 3845
f 3629 3946 3630
f 3630 3946 3864
f 3740 3536 3861
f 3861 3536 3858
f 3833 3801 3834
f 3834 3801 3835
f 3583 3599 3580
f 3580 3599 3585
f 3651 3563 3652
f 3652 3563 3562
f 3758 3909 3779
f 3779 3909 3780
f 3621 3617 3622
f 3622 3617 3704
f 3625 3947 3626
f 3626 3947 3753
f 3633 3632 3847
f 3847 3632 3862
f 3852 3850 3640
f 3640 3850 3641
f 3644 3853 3640
f 3640 3853 3852
f 3859 3742 3860
f 3860 3742 3741
f 3632 3627 3862
f 3862 3627 3844
f 3755 3863 3626
f 3626 3863 3623
f 3917 3638 3948
f 3948 3638 3637
f 3644 3643 3742
f 3742 3643 3743
f 3931 3633 3846
f 3846 3633 3847
f 3625 3624 3864
f 3864 3624 3777
f 3917 3641 3849
f 3849 3641 3850
f 3744 3932 3741
f 3741 3932 3931
f 3903 446 3918
f 3918 446 464
f 3953 3954 3956
f 3956 3954 3955
f 3958 3959 3957
f 3957 3959 3960
f 3876 3958 3877
f 3877 3958 3957
f 3877 3957 3961
f 3961 3957 3962
f 3963 3964 3958
f 3958 3964 3959
f 3965 3966 3876
f 3876 3966 3958
f 3966 3963 3958
f 3966 3967 3963
f 3963 3967 3968
f 3878 3877 3879
f 3879 3877 3961
f 3967 3969 3968
f 3968 3969 3970
f 3969 3971 3970
f 3970 3971 3972
f 3974 3904 3973
f 3973 3904 3907
f 3971 3975 3972
f 3972 3975 3976
f 3976 3975 3978
f 3978 3975 3977
f 3979 3980 3977
f 3977 3980 3978
f 3981 3982 3979
f 3979 3982 3980
f 3983 3984 3981
f 3981 3984 3982
f 3972 3985 3970
f 3970 3985 3986
f 3871 3987 3969
f 3969 3987 3971
f 3872 3871 3967
f 3967 3871 3969
f 3965 3872 3966
f 3966 3872 3967
f 3970 3986 3968
f 3968 3986 3988
f 3879 3961 3884
f 3884 3961 3940
f 3884 3940 3885
f 3885 3940 3939
f 3989 3990 3992
f 3992 3990 3991
f 3942 3993 3995
f 3995 3993 3994
f 3994 3996 3995
f 3995 3996 3974
f 3997 3998 3994
f 3994 3998 3996
f 3999 3997 3993
f 3993 3997 3994
f 4001 3996 4000
f 4000 3996 3998
f 4000 3998 4002
f 4002 3998 4003
f 4004 4003 3997
f 3997 4003 3998
f 3997 3999 4004
f 4004 3999 4005
f 4006 3995 3973
f 3973 3995 3974
f 3939 3942 4006
f 4006 3942 3995
f 3906 3887 3907
f 3907 3887 3886
f 3887 3906 3870
f 3870 3906 3867
f 3908 3973 3886
f 3886 3973 3907
f 3865 4007 3866
f 3866 4007 4008
f 3984 3983 4009
f 4009 3983 4010
f 3961 3962 3940
f 3940 3962 3941
f 4012 3868 4011
f 4011 3868 3867
f 4013 3975 3987
f 3987 3975 3971
f 4014 3977 4013
f 4013 3977 3975
f 4015 4010 4007
f 4007 4010 3983
f 4007 3983 4008
f 4008 3983 3981
f 4008 3981 4016
f 4016 3981 3979
f 4017 3984 4018
f 4018 3984 4009
f 3977 4014 3979
f 3979 4014 4016
f 3982 3984 4019
f 4019 3984 4017
f 4021 4022 4020
f 4020 4022 4023
f 4022 4012 4023
f 4023 4012 4011
f 4023 3904 4020
f 4020 3904 3974
f 4024 4025 4018
f 4018 4025 4017
f 4026 4027 4024
f 4024 4027 4025
f 4028 4026 4029
f 4029 4026 4024
f 4018 4021 4024
f 4024 4021 4029
f 4030 4031 4026
f 4026 4031 4027
f 4032 4030 4028
f 4028 4030 4026
f 4029 4001 4028
f 4028 4001 4000
f 4028 4000 4032
f 4032 4000 4002
f 4034 4035 4033
f 4033 4035 4036
f 4037 4038 4019
f 4019 4038 4039
f 4041 4039 4040
f 4040 4039 4038
f 4040 4038 4042
f 4042 4038 4036
f 4042 4036 4043
f 4043 4036 4035
f 3985 4044 4046
f 4046 4044 4045
f 4047 4048 4045
f 4045 4048 4046
f 4047 4049 4048
f 4048 4049 4050
f 4042 4047 4040
f 4040 4047 4045
f 4043 4049 4042
f 4042 4049 4047
f 4040 4045 4041
f 4041 4045 4044
f 4052 3959 4051
f 4051 3959 3964
f 4053 4054 4051
f 4051 4054 4055
f 3956 3960 4052
f 4052 3960 3959
f 3953 3956 4056
f 4056 3956 4052
f 4058 3953 4057
f 4057 3953 4056
f 4060 4061 4059
f 4059 4061 4062
f 4063 4064 4054
f 4054 4064 4057
f 4054 4053 4063
f 4063 4053 4065
f 4066 4067 4069
f 4069 4067 4068
f 4048 4050 4063
f 4063 4050 4064
f 4063 4065 4048
f 4048 4065 4046
f 3985 4046 3986
f 3986 4046 4065
f 3986 4065 3988
f 3988 4065 4053
f 3988 4053 3964
f 3964 4053 4051
f 3976 3978 4044
f 4044 3978 4041
f 3980 3982 4039
f 4039 3982 4019
f 4039 4041 3980
f 3980 4041 3978
f 3973 3908 4006
f 4006 3908 3896
f 3885 3939 3896
f 3896 3939 4006
f 4031 4034 4027
f 4027 4034 4033
f 4027 4033 4025
f 4025 4033 4037
f 4019 4017 4037
f 4037 4017 4025
f 3993 3942 4070
f 4070 3942 3941
f 3999 3993 4071
f 4071 3993 4070
f 3999 4071 4005
f 4005 4071 4072
f 4073 4074 4076
f 4076 4074 4075
f 4078 4079 4077
f 4077 4079 4080
f 4082 4080 4081
f 4081 4080 4079
f 4084 4085 4083
f 4083 4085 4086
f 4087 4088 4090
f 4090 4088 4089
f 4092 4093 4091
f 4091 4093 4094
f 4096 4097 4095
f 4095 4097 4098
f 4100 4101 4099
f 4099 4101 4102
f 4103 4104 4106
f 4106 4104 4105
f 4108 4109 4107
f 4107 4109 4110
f 4112 4113 4111
f 4111 4113 4114
f 4116 4117 4115
f 4115 4117 4118
f 4120 4121 4119
f 4119 4121 4122
f 4123 4124 4126
f 4126 4124 4125
f 4127 4128 4130
f 4130 4128 4129
f 4132 4133 4131
f 4131 4133 4134
f 4136 4108 4135
f 4135 4108 4107
f 4138 4139 4137
f 4137 4139 4140
f 4141 4142 4088
f 4088 4142 4089
f 4144 4145 4143
f 4143 4145 4146
f 4148 4149 4147
f 4147 4149 4150
f 4152 4153 4151
f 4151 4153 4154
f 4156 4082 4155
f 4155 4082 4081
f 4157 4158 4160
f 4160 4158 4159
f 4161 4162 4164
f 4164 4162 4163
f 4166 4122 4165
f 4165 4122 4121
f 4168 4152 4167
f 4167 4152 4151
f 4169 4170 4172
f 4172 4170 4171
f 4174 4175 4173
f 4173 4175 4176
f 4178 4149 4177
f 4177 4149 4179
f 4173 4176 4180
f 4180 4176 4181
f 4156 4085 4182
f 4182 4085 4183
f 4182 4184 4156
f 4156 4184 4082
f 4185 4186 4184
f 4184 4186 4187
f 4186 4188 4187
f 4187 4188 4189
f 4190 4191 4073
f 4073 4191 4074
f 4177 4179 4158
f 4158 4179 4159
f 4193 4127 4192
f 4192 4127 4130
f 4144 4194 4151
f 4151 4194 4167
f 4196 4197 4195
f 4195 4197 4198
f 4095 4199 4096
f 4096 4199 4200
f 4201 4202 4204
f 4204 4202 4203
f 4205 4206 4208
f 4208 4206 4207
f 4121 4120 4209
f 4209 4120 4210
f 4212 4213 4211
f 4211 4213 4214
f 4216 4217 4215
f 4215 4217 4218
f 4220 4221 4219
f 4219 4221 4222
f 4224 4196 4223
f 4223 4196 4195
f 4225 4226 4134
f 4134 4226 4131
f 4228 4229 4227
f 4227 4229 4230
f 4232 4233 4231
f 4231 4233 4098
f 4235 4236 4234
f 4234 4236 4237
f 4239 4240 4238
f 4238 4240 4241
f 4242 4243 4245
f 4245 4243 4244
f 4246 4247 4249
f 4249 4247 4248
f 4251 4252 4250
f 4250 4252 4253
f 4255 4256 4254
f 4254 4256 4257
f 4259 4260 4258
f 4258 4260 4261
f 4263 4264 4262
f 4262 4264 4265
f 4267 4268 4266
f 4266 4268 4269
f 4271 4199 4270
f 4270 4199 4272
f 4273 4274 4276
f 4276 4274 4275
f 4115 4118 4277
f 4277 4118 4278
f 4280 4281 4279
f 4279 4281 4282
f 4211 4283 4212
f 4212 4283 4284
f 4286 4287 4285
f 4285 4287 4288
f 4165 4121 4289
f 4289 4121 4209
f 4291 4286 4290
f 4290 4286 4285
f 4293 4294 4292
f 4292 4294 4295
f 4297 4298 4296
f 4296 4298 4299
f 4301 4302 4300
f 4300 4302 4303
f 4299 4304 4296
f 4296 4304 4305
f 4306 4292 4307
f 4307 4292 4295
f 4307 4308 4306
f 4306 4308 4309
f 4310 4309 4075
f 4075 4309 4308
f 4299 4298 4312
f 4312 4298 4311
f 4302 4301 4293
f 4293 4301 4294
f 3735 3921 4313
f 4313 3921 4314
f 4315 4314 3922
f 3922 4314 3921
f 4316 3945 829
f 829 3945 830
f 4289 4317 4165
f 4165 4317 4318
f 4320 4321 4319
f 4319 4321 4322
f 4324 4325 4323
f 4323 4325 4326
f 4327 4328 4330
f 4330 4328 4329
f 4290 4331 4291
f 4291 4331 4332
f 4165 4318 4166
f 4166 4318 4333
f 4334 4335 4337
f 4337 4335 4336
f 4339 4340 4338
f 4338 4340 4341
f 4168 4343 4342
f 4342 4343 4344
f 4346 4347 4345
f 4345 4347 4348
f 4350 4351 4349
f 4349 4351 4352
f 4354 4355 4353
f 4353 4355 4356
f 4357 4358 4324
f 4324 4358 4325
f 4337 4359 4334
f 4334 4359 4360
f 4362 4363 4361
f 4361 4363 4364
f 4366 4367 4365
f 4365 4367 4368
f 4369 4370 4372
f 4372 4370 4371
f 4331 4290 4374
f 4374 4290 4373
f 4373 4376 4375
f 4375 4376 4377
f 4379 4380 4378
f 4378 4380 4381
f 4217 4382 4218
f 4218 4382 4383
f 4385 4386 4384
f 4384 4386 4387
f 4388 4389 4338
f 4338 4389 4390
f 4337 4336 4392
f 4392 4336 4391
f 4394 4362 4393
f 4393 4362 4361
f 4396 4397 4395
f 4395 4397 4398
f 4400 4401 4399
f 4399 4401 4402
f 4345 4403 4346
f 4346 4403 4404
f 4405 4406 4342
f 4342 4406 4407
f 4409 4410 4408
f 4408 4410 4411
f 4408 4412 4409
f 4409 4412 4413
f 4181 4415 4414
f 4414 4415 4416
f 4182 4183 4417
f 4417 4183 4418
f 4419 4353 4311
f 4311 4353 4312
f 4421 4422 4420
f 4420 4422 4423
f 4353 4356 4312
f 4312 4356 4424
f 4166 4333 4425
f 4425 4333 4426
f 4425 4143 4166
f 4166 4143 4122
f 4427 4107 4428
f 4428 4107 4110
f 4429 4430 4174
f 4174 4430 4175
f 4335 4431 4336
f 4336 4431 4390
f 4336 4390 4391
f 4391 4390 4389
f 4432 4433 4435
f 4435 4433 4434
f 4437 4438 4436
f 4436 4438 4439
f 4441 4442 4440
f 4440 4442 4443
f 4359 4444 4361
f 4361 4444 4393
f 4446 4447 4445
f 4445 4447 4448
f 4338 4341 4388
f 4388 4341 4449
f 4450 4451 4398
f 4398 4451 4395
f 4453 4454 4452
f 4452 4454 4455
f 4457 4458 4456
f 4456 4458 4459
f 4460 4461 4448
f 4448 4461 4445
f 4463 4464 4462
f 4462 4464 4465
f 4462 4465 4466
f 4466 4465 4467
f 4468 4469 4467
f 4467 4469 4466
f 4469 4468 4470
f 4470 4468 4471
f 4472 4473 4471
f 4471 4473 4470
f 4475 4476 4474
f 4474 4476 4477
f 4479 4480 4478
f 4478 4480 4481
f 4483 4484 4482
f 4482 4484 4485
f 4487 4488 4486
f 4486 4488 4489
f 4491 4492 4490
f 4490 4492 4493
f 4494 4495 4493
f 4493 4495 4490
f 4496 4497 4494
f 4494 4497 4495
f 4497 4496 4498
f 4498 4496 4499
f 4500 4501 4503
f 4503 4501 4502
f 4505 4506 4504
f 4504 4506 4507
f 4466 4508 4462
f 4462 4508 4509
f 4470 4510 4469
f 4469 4510 4511
f 4513 4479 4512
f 4512 4479 4478
f 4515 4443 4514
f 4514 4443 4442
f 4516 4517 4519
f 4519 4517 4518
f 4521 4495 4520
f 4520 4495 4497
f 4522 4490 4521
f 4521 4490 4495
f 4491 4523 4488
f 4488 4523 4524
f 4525 4489 4524
f 4524 4489 4488
f 4484 4526 4485
f 4485 4526 4527
f 4503 4528 4500
f 4500 4528 4529
f 4530 4531 4533
f 4533 4531 4532
f 4535 4506 4534
f 4534 4506 4530
f 4486 4536 4487
f 4487 4536 4537
f 4487 4537 4492
f 4492 4537 4538
f 4494 4539 4496
f 4496 4539 4540
f 4542 4533 4541
f 4541 4533 4499
f 4544 4545 4543
f 4543 4545 4546
f 4548 4549 4547
f 4547 4549 4550
f 4536 4551 4537
f 4537 4551 4552
f 4537 4552 4538
f 4538 4552 4553
f 4554 4539 4556
f 4556 4539 4555
f 4557 4540 4554
f 4554 4540 4539
f 4559 4557 4558
f 4558 4557 4560
f 4540 4557 4541
f 4541 4557 4559
f 4562 4563 4561
f 4561 4563 4564
f 4546 4565 4543
f 4543 4565 4566
f 4547 4567 4548
f 4548 4567 4568
f 4570 4571 4569
f 4569 4571 4572
f 4574 4575 4573
f 4573 4575 4576
f 4578 4579 4577
f 4577 4579 4580
f 4582 4583 4581
f 4581 4583 4584
f 4585 4586 4588
f 4588 4586 4587
f 4589 4585 4590
f 4590 4585 4588
f 4592 4593 4591
f 4591 4593 4594
f 4596 4597 4595
f 4595 4597 4598
f 4600 4601 4599
f 4599 4601 4602
f 4563 4604 4603
f 4603 4604 4605
f 4603 4606 4608
f 4608 4606 4607
f 4609 4610 4594
f 4594 4610 4591
f 4611 4612 4614
f 4614 4612 4613
f 4616 4617 4615
f 4615 4617 4618
f 4602 4620 4619
f 4619 4620 4621
f 4619 4622 4602
f 4602 4622 4599
f 4605 4599 4623
f 4623 4599 4622
f 4605 4623 4603
f 4603 4623 4606
f 4625 4626 4624
f 4624 4626 4627
f 4438 4437 4628
f 4628 4437 4629
f 4442 4441 4630
f 4630 4441 4631
f 4630 4632 4442
f 4442 4632 4514
f 4633 4634 4529
f 4529 4634 4500
f 4500 4634 4501
f 4501 4634 4635
f 4637 4546 4636
f 4636 4546 4545
f 4639 4565 4638
f 4638 4565 4640
f 4573 4576 4641
f 4641 4576 4642
f 4593 4643 4594
f 4594 4643 4644
f 4645 4609 4644
f 4644 4609 4594
f 4647 4648 4646
f 4646 4648 4649
f 4651 4652 4650
f 4650 4652 4653
f 4654 4498 4519
f 4519 4498 4532
f 4520 4508 4521
f 4521 4508 4511
f 4522 4510 4523
f 4523 4510 4655
f 4524 4656 4525
f 4525 4656 4657
f 4514 4529 4515
f 4515 4529 4528
f 4658 4659 4661
f 4661 4659 4660
f 4496 4540 4499
f 4499 4540 4541
f 4493 4555 4494
f 4494 4555 4539
f 4549 4483 4550
f 4550 4483 4482
f 4545 4544 4501
f 4501 4544 4502
f 4636 4545 4635
f 4635 4545 4501
f 4589 4663 4662
f 4662 4663 4664
f 4662 4665 4558
f 4558 4665 4559
f 4569 4586 4570
f 4570 4586 4560
f 4552 4666 4553
f 4553 4666 4667
f 4668 4669 4670
f 4670 4669 4666
f 4672 4673 4671
f 4671 4673 4674
f 4287 4675 4288
f 4288 4675 4676
f 4678 4679 4677
f 4677 4679 4680
f 4681 4678 4682
f 4682 4678 4677
f 4682 4683 4681
f 4681 4683 4684
f 4161 4164 4685
f 4685 4164 4686
f 4414 4687 4689
f 4689 4687 4688
f 4405 4690 4346
f 4346 4690 4347
f 4691 4399 4693
f 4693 4399 4692
f 1209 4694 4365
f 4365 4694 4366
f 4650 1211 4651
f 4651 1211 1210
f 4695 4696 4255
f 4255 4696 4256
f 4697 4698 4218
f 4218 4698 4215
f 4700 4701 4699
f 4699 4701 4702
f 4703 4704 4303
f 4303 4704 4300
f 4315 3922 4316
f 4316 3922 3945
f 4653 4706 4705
f 4705 4706 4707
f 4709 4710 4708
f 4708 4710 4711
f 4335 4334 4713
f 4713 4334 4712
f 4714 4340 4321
f 4321 4340 4322
f 4716 4717 4715
f 4715 4717 4718
f 4238 4241 4719
f 4719 4241 4720
f 4231 4721 4307
f 4307 4721 4308
f 4723 4724 4722
f 4722 4724 4725
f 4727 4728 4726
f 4726 4728 4729
f 4730 4731 4327
f 4327 4731 4328
f 4733 4734 4732
f 4732 4734 4735
f 4720 4381 4736
f 4736 4381 4737
f 4738 4739 4741
f 4741 4739 4740
f 4743 4744 4742
f 4742 4744 4745
f 4338 4390 4339
f 4339 4390 4431
f 4746 4747 4431
f 4431 4747 4339
f 4291 4332 4289
f 4289 4332 4317
f 4289 4209 4291
f 4291 4209 4286
f 4287 4286 4210
f 4210 4286 4209
f 4749 4750 4748
f 4748 4750 4751
f 4212 4284 4752
f 4752 4284 4753
f 4752 4754 4212
f 4212 4754 4213
f 4252 4251 4225
f 4225 4251 4226
f 4227 4230 4248
f 4248 4230 4249
f 4205 4755 4757
f 4757 4755 4756
f 4708 4711 4758
f 4758 4711 4647
f 4367 4366 4759
f 4759 4366 4760
f 4526 4513 4527
f 4527 4513 4512
f 4420 4423 4385
f 4385 4423 4386
f 4705 4761 4653
f 4653 4761 4650
f 4761 1279 4650
f 4650 1279 1211
f 4762 4763 3944
f 3944 4763 3936
f 4274 4273 4765
f 4765 4273 4764
f 4767 4768 4766
f 4766 4768 4769
f 4770 4771 4769
f 4769 4771 4766
f 4771 4770 4242
f 4242 4770 4243
f 4093 4163 4094
f 4094 4163 4162
f 4772 4773 4775
f 4775 4773 4774
f 4777 4778 4776
f 4776 4778 4779
f 4417 4185 4182
f 4182 4185 4184
f 4780 4078 4781
f 4781 4078 4077
f 4781 4077 4782
f 4782 4077 4189
f 4188 4783 4189
f 4189 4783 4782
f 4295 4232 4307
f 4307 4232 4231
f 4785 4786 4784
f 4784 4786 4787
f 4784 1307 4785
f 4785 1307 1306
f 4078 4780 4096
f 4096 4780 4097
f 4075 4074 4310
f 4310 4074 4788
f 4788 4074 4789
f 4789 4074 4191
f 4789 4191 4059
f 4059 4191 4790
f 4791 4277 4792
f 4792 4277 4278
f 3732 3735 4793
f 4793 3735 4313
f 4793 4794 3732
f 3732 4794 3731
f 4792 4795 4791
f 4791 4795 4796
f 4797 4798 4799
f 4799 4798 4724
f 4763 4800 3936
f 3936 4800 3935
f 4801 4062 3729
f 3729 4062 3730
f 4713 4712 4802
f 4802 4712 4803
f 4146 4804 4119
f 4119 4804 4805
f 4498 4654 4497
f 4497 4654 4520
f 4806 4807 1326
f 1326 4807 1327
f 4689 4688 1330
f 1330 4688 1331
f 4801 4789 4062
f 4062 4789 4059
f 3730 4062 4808
f 4808 4062 4061
f 4810 4811 4809
f 4809 4811 4812
f 4813 4403 4814
f 4814 4403 4345
f 4815 4816 4349
f 4349 4816 4350
f 4817 4818 4820
f 4820 4818 4819
f 4406 4821 4407
f 4407 4821 4822
f 4823 4161 4824
f 4824 4161 4685
f 4181 4414 4825
f 4825 4414 4689
f 4741 4740 4826
f 4826 4740 4827
f 4828 4829 4827
f 4827 4829 4826
f 4142 4141 4415
f 4415 4141 4148
f 4830 1354 4761
f 4761 1354 1279
f 4832 4833 4831
f 4831 4833 4834
f 4835 4836 4626
f 4626 4836 4421
f 4451 4709 4395
f 4395 4709 4708
f 4627 4420 4837
f 4837 4420 4385
f 4837 1365 4838
f 4838 1365 1364
f 4397 4396 4839
f 4839 4396 4840
f 4842 4628 4841
f 4841 4628 4629
f 4671 4674 4631
f 4631 4674 4630
f 4674 4659 4630
f 4630 4659 4632
f 4633 4632 4658
f 4658 4632 4659
f 4658 4504 4633
f 4633 4504 4634
f 4635 4634 4507
f 4507 4634 4504
f 4843 4636 4507
f 4507 4636 4635
f 4844 4637 4843
f 4843 4637 4636
f 4637 4844 4640
f 4640 4844 4664
f 4638 4663 4642
f 4642 4663 4845
f 4847 4643 4846
f 4846 4643 4641
f 4644 4848 4645
f 4645 4848 4849
f 4851 4852 4850
f 4850 4852 4853
f 4855 4856 4854
f 4854 4856 4857
f 4859 4860 4858
f 4858 4860 4857
f 4715 4718 4859
f 4859 4718 4860
f 4862 4863 4861
f 4861 4863 4864
f 4866 4867 4865
f 4865 4867 4868
f 4870 4871 4869
f 4869 4871 4872
f 4869 4872 4116
f 4116 4872 4117
f 4820 4819 4874
f 4874 4819 4873
f 4876 4877 4875
f 4875 4877 4878
f 4880 4881 4879
f 4879 4881 4882
f 4884 4885 4883
f 4883 4885 4886
f 4887 4888 4280
f 4280 4888 4281
f 4818 4817 4889
f 4889 4817 4890
f 4891 4193 4823
f 4823 4193 4192
f 4892 4893 4228
f 4228 4893 4229
f 4158 4157 4894
f 4894 4157 4895
f 4896 4897 4132
f 4132 4897 4133
f 4099 4683 4100
f 4100 4683 4682
f 4101 4100 4899
f 4899 4100 4898
f 4150 4106 4147
f 4147 4106 4900
f 4100 4682 4898
f 4898 4682 4677
f 4080 4082 4187
f 4187 4082 4184
f 4077 4080 4189
f 4189 4080 4187
f 4191 4190 4790
f 4790 4190 4901
f 4177 4158 4680
f 4680 4158 4894
f 4108 4136 4752
f 4752 4136 4754
f 4752 4753 4108
f 4108 4753 4109
f 4817 4902 4890
f 4890 4902 4903
f 4904 4905 4907
f 4907 4905 4906
f 4909 4910 4908
f 4908 4910 4911
f 4913 4914 4912
f 4912 4914 4915
f 4916 4917 4919
f 4919 4917 4918
f 4312 4424 4299
f 4299 4424 4304
f 4920 4921 4297
f 4297 4921 4298
f 4194 4922 4167
f 4167 4922 4923
f 4924 4400 4691
f 4691 4400 4399
f 4395 4708 4396
f 4396 4708 4758
f 4367 4925 4368
f 4368 4925 4926
f 4919 4918 4873
f 4873 4918 4874
f 4836 4927 4421
f 4421 4927 4422
f 4921 4928 4298
f 4298 4928 4311
f 4143 4146 4122
f 4122 4146 4119
f 4929 4930 4455
f 4455 4930 4452
f 4932 4933 4931
f 4931 4933 4934
f 4935 4936 4932
f 4932 4936 4933
f 4461 4460 4457
f 4457 4460 4458
f 4480 4479 4475
f 4475 4479 4476
f 4660 4673 4517
f 4517 4673 4937
f 4661 4505 4658
f 4658 4505 4504
f 4484 4483 4489
f 4489 4483 4486
f 4462 4509 4463
f 4463 4509 4518
f 4469 4511 4466
f 4466 4511 4508
f 4655 4473 4656
f 4656 4473 4477
f 4476 4657 4477
f 4477 4657 4656
f 4479 4513 4476
f 4476 4513 4657
f 4489 4525 4484
f 4484 4525 4526
f 4483 4549 4486
f 4486 4549 4536
f 4549 4548 4536
f 4536 4548 4551
f 4548 4568 4551
f 4551 4568 4670
f 4663 4589 4845
f 4845 4589 4590
f 4668 4577 4938
f 4938 4577 4580
f 4940 4938 4939
f 4939 4938 4941
f 4940 4942 4669
f 4669 4942 4943
f 4587 4582 4944
f 4944 4582 4581
f 4848 4847 4608
f 4608 4847 4564
f 4616 4945 4613
f 4613 4945 4598
f 4615 4946 4616
f 4616 4946 4945
f 4947 4939 4948
f 4948 4939 4946
f 4599 4605 4600
f 4600 4605 4604
f 4608 4607 4848
f 4848 4607 4849
f 4613 4612 4616
f 4616 4612 4617
f 4835 4949 4709
f 4709 4949 4710
f 4357 1477 4837
f 4837 1477 1365
f 4712 4950 4803
f 4803 4950 4951
f 4401 4952 4402
f 4402 4952 4953
f 4759 4760 4402
f 4402 4760 4399
f 4508 4520 4509
f 4509 4520 4654
f 4510 4522 4511
f 4511 4522 4521
f 4513 4526 4657
f 4657 4526 4525
f 4632 4633 4514
f 4514 4633 4529
f 4931 4934 4453
f 4453 4934 4454
f 4153 4954 4154
f 4154 4954 4955
f 4957 4958 4956
f 4956 4958 4959
f 4961 4962 4960
f 4960 4962 4963
f 4120 4964 4210
f 4210 4964 4965
f 4967 4968 4966
f 4966 4968 4969
f 4349 4692 4815
f 4815 4692 4970
f 4652 4971 4653
f 4653 4971 4706
f 4758 4647 4972
f 4972 4647 4646
f 4973 4363 4646
f 4646 4363 4972
f 4950 4360 4974
f 4974 4360 4364
f 4431 4335 4746
f 4746 4335 4713
f 4358 4714 4325
f 4325 4714 4321
f 4765 4764 4266
f 4266 4764 4975
f 4202 4976 4203
f 4203 4976 4977
f 4917 4978 4918
f 4918 4978 4979
f 4279 4282 4854
f 4854 4282 4269
f 4820 4880 4817
f 4817 4880 4902
f 4890 4903 4980
f 4980 4903 4886
f 4982 4983 4981
f 4981 4983 4123
f 4795 4851 4796
f 4796 4851 4850
f 4918 4979 4874
f 4874 4979 4881
f 4809 4404 4810
f 4810 4404 4403
f 4354 4985 4984
f 4984 4985 4986
f 1364 1516 4838
f 4838 1516 4987
f 4759 4988 4367
f 4367 4988 4925
f 4989 4990 4481
f 4481 4990 4478
f 4443 4515 4990
f 4990 4515 4991
f 4527 4512 4992
f 4992 4512 4991
f 4528 4503 4992
f 4992 4503 4993
f 4993 4994 4485
f 4485 4994 4482
f 4544 4995 4502
f 4502 4995 4994
f 4995 4996 4550
f 4550 4996 4547
f 4998 4999 4997
f 4997 4999 4566
f 4998 5000 4578
f 4578 5000 4579
f 5001 5002 4596
f 4596 5002 4597
f 5003 4591 5004
f 5004 4591 4610
f 4626 4421 4627
f 4627 4421 4420
f 4837 4838 4627
f 4627 4838 4624
f 4761 4705 4830
f 4830 4705 5005
f 4705 4707 5005
f 5005 4707 5006
f 4308 4721 4075
f 4075 4721 4076
f 5007 4200 4797
f 4797 4200 4798
f 4685 4686 5008
f 5008 4686 5009
f 4889 4890 5010
f 5010 4890 4980
f 4323 1541 4324
f 4324 1541 1540
f 4385 4384 4358
f 4358 4384 4714
f 4396 4758 4840
f 4840 4758 4972
f 4866 4852 5011
f 5011 4852 5012
f 5013 4260 4980
f 4980 4260 5010
f 4875 4878 5014
f 5014 4878 5015
f 5017 5018 5016
f 5016 5018 5019
f 5016 5019 5020
f 5020 5019 5021
f 5023 5024 5022
f 5022 5024 5025
f 5027 5028 5026
f 5026 5028 5029
f 5031 5032 5030
f 5030 5032 5033
f 5035 5036 5034
f 5034 5036 5037
f 5039 5040 5038
f 5038 5040 5041
f 5043 5044 5042
f 5042 5044 5045
f 5038 5046 5039
f 5039 5046 5047
f 5049 5050 5048
f 5048 5050 5051
f 5053 5054 5052
f 5052 5054 5055
f 5057 5024 5056
f 5056 5024 5058
f 5060 5061 5059
f 5059 5061 5062
f 5064 5065 5063
f 5063 5065 5066
f 5043 5050 5064
f 5064 5050 5065
f 5038 5041 5067
f 5067 5041 5068
f 5070 5071 5069
f 5069 5071 5072
f 5074 5075 5073
f 5073 5075 5076
f 5034 5077 5035
f 5035 5077 5078
f 5080 5081 5079
f 5079 5081 5082
f 5084 5085 5083
f 5083 5085 5086
f 5085 5084 5087
f 5087 5084 5088
f 5090 5091 5089
f 5089 5091 5092
f 5094 5095 5093
f 5093 5095 5096
f 5098 5099 5097
f 5097 5099 5100
f 5102 5103 5101
f 5101 5103 5104
f 5105 5106 5108
f 5108 5106 5107
f 5110 5111 5109
f 5109 5111 5112
f 5114 5094 5113
f 5113 5094 5093
f 5116 5117 5115
f 5115 5117 5118
f 5120 5121 5119
f 5119 5121 5122
f 5124 5125 5123
f 5123 5125 5126
f 5128 5129 5127
f 5127 5129 5130
f 5097 5131 5098
f 5098 5131 5132
f 5134 5135 5133
f 5133 5135 5122
f 5084 5125 5088
f 5088 5125 5136
f 5138 5139 5137
f 5137 5139 5140
f 5142 5102 5141
f 5141 5102 5101
f 5106 5143 5107
f 5107 5143 5144
f 5146 5147 5145
f 5145 5147 5148
f 5149 5150 5109
f 5109 5150 5110
f 5151 5110 5152
f 5152 5110 5150
f 4715 5140 4716
f 4716 5140 5139
f 5143 4870 5144
f 5144 4870 4869
f 4115 5146 4116
f 4116 5146 5145
f 4791 4796 5149
f 5149 4796 5150
f 4796 4850 5150
f 5150 4850 5152
f 4858 5142 4859
f 4859 5142 5141
f 5153 5154 5115
f 5115 5154 5105
f 5156 5157 5155
f 5155 5157 5158
f 5159 5160 5053
f 5053 5160 5054
f 5161 5162 5020
f 5020 5162 5068
f 5026 5029 5163
f 5163 5029 5021
f 5083 5086 5164
f 5164 5086 5165
f 5090 5167 5166
f 5166 5167 5168
f 5169 5170 5172
f 5172 5170 5171
f 5174 5175 5173
f 5173 5175 5176
f 5177 5109 5178
f 5178 5109 5112
f 5179 5180 5182
f 5182 5180 5181
f 5123 5126 5120
f 5120 5126 5121
f 5180 5167 5181
f 5181 5167 5183
f 5184 5185 5179
f 5179 5185 5180
f 5186 5149 5177
f 5177 5149 5109
f 4868 5184 4865
f 4865 5184 5179
f 5188 5189 5187
f 5187 5189 5190
f 4277 4791 5186
f 5186 4791 5149
f 5179 5182 4865
f 4865 5182 4853
f 5189 4862 5190
f 5190 4862 4861
f 5156 5075 5191
f 5191 5075 5192
f 5036 5035 5193
f 5193 5035 5194
f 5115 5118 5153
f 5153 5118 5195
f 5022 5025 5196
f 5196 5025 5197
f 5155 5158 5069
f 5069 5158 5062
f 5063 5066 5198
f 5198 5066 5199
f 5073 5076 5200
f 5200 5076 5072
f 5202 5131 5201
f 5201 5131 5203
f 5143 5106 5204
f 5204 5106 5205
f 5114 5113 5206
f 5206 5113 5127
f 5098 5132 5193
f 5193 5132 5195
f 5204 5207 5143
f 5143 5207 4870
f 5088 5136 5208
f 5208 5136 5092
f 5209 5210 5089
f 5089 5210 5183
f 5211 5018 5060
f 5060 5018 5061
f 5017 5040 5070
f 5070 5040 5071
f 5191 5160 5156
f 5156 5160 5157
f 5048 5028 5049
f 5049 5028 5058
f 5207 5204 4858
f 4858 5204 5142
f 4859 5141 4715
f 4715 5141 5140
f 5212 5162 5042
f 5042 5162 5051
f 5182 5152 4853
f 4853 5152 4850
f 5214 5134 5213
f 5213 5134 5133
f 5164 5165 5133
f 5133 5165 5213
f 5215 5216 5201
f 5201 5216 5217
f 5147 5218 5148
f 5148 5218 5219
f 5147 5177 5218
f 5218 5177 5178
f 5141 5101 5140
f 5140 5101 5137
f 5201 5217 5202
f 5202 5217 5104
f 5146 5186 5147
f 5147 5186 5177
f 4277 5186 4115
f 4115 5186 5146
f 5191 5192 5031
f 5031 5192 5032
f 5052 5055 5220
f 5220 5055 5197
f 4116 5145 4869
f 4869 5145 5144
f 5034 5037 5214
f 5214 5037 5134
f 5097 5100 5114
f 5114 5100 5094
f 5108 5107 5219
f 5219 5107 5148
f 5221 5135 5116
f 5116 5135 5117
f 5124 5111 5209
f 5209 5111 5210
f 5107 5144 5148
f 5148 5144 5145
f 5152 5182 5151
f 5151 5182 5181
f 5208 5222 5088
f 5088 5222 5087
f 5222 5208 5171
f 5171 5208 5172
f 5223 1756 4698
f 4698 1756 1755
f 4427 5224 4107
f 4107 5224 4135
f 4178 4679 5225
f 5225 4679 5226
f 5227 5228 4892
f 4892 5228 4893
f 5229 5230 4171
f 4171 5230 4172
f 4855 4268 4884
f 4884 4268 4885
f 4884 4871 4855
f 4855 4871 4856
f 4684 5231 4896
f 4896 5231 4897
f 4768 4767 5009
f 5009 4767 5008
f 5205 5154 5102
f 5102 5154 5103
f 5099 5098 5194
f 5194 5098 5193
f 5198 5199 5079
f 5079 5199 5033
f 5102 5142 5205
f 5205 5142 5204
f 5224 4427 4681
f 4681 4427 4678
f 3712 3711 5232
f 5232 3711 5233
f 3968 3988 3963
f 3963 3988 3964
f 3976 4044 3972
f 3972 4044 3985
f 4038 4037 4036
f 4036 4037 4033
f 4794 4762 3731
f 3731 4762 3944
f 3731 3944 3722
f 3722 3944 3810
f 3874 5234 5232
f 5232 5234 3712
f 3906 3905 3867
f 3867 3905 4011
f 3904 4023 3905
f 3905 4023 4011
f 3719 3722 3811
f 3811 3722 3810
f 3812 3719 3687
f 3687 3719 3811
f 3716 3812 3686
f 3686 3812 3687
f 3713 3716 3685
f 3685 3716 3686
f 4810 4403 5235
f 5235 4403 4813
f 4345 1770 4814
f 4814 1770 1769
f 4067 4066 4058
f 4058 4066 5236
f 4043 4068 4049
f 4049 4068 4050
f 4034 5237 3989
f 3989 5237 3990
f 4031 4030 4072
f 4072 4030 4005
f 4003 4004 4002
f 4002 4004 4032
f 4004 4005 4032
f 4032 4005 4030
f 4067 4064 4068
f 4068 4064 4050
f 4058 4057 4067
f 4067 4057 4064
f 4035 4034 5238
f 5238 4034 3989
f 5236 5239 4058
f 4058 5239 5240
f 5234 3874 5241
f 5241 3874 3873
f 5241 3873 3881
f 3881 3873 3878
f 4800 4763 4788
f 4788 4763 4310
f 4763 4762 4310
f 4310 4762 4309
f 4762 4794 4309
f 4309 4794 4306
f 4794 4793 4306
f 4306 4793 4292
f 4293 4313 4302
f 4302 4313 4314
f 4302 4314 4303
f 4303 4314 4315
f 4303 4315 4703
f 4703 4315 4316
f 4035 4069 4043
f 4043 4069 4068
f 4324 1540 4357
f 4357 1540 1477
f 5232 3987 3874
f 3874 3987 3871
f 3987 5232 4013
f 4013 5232 5233
f 4013 5233 4014
f 4014 5233 5242
f 3888 4015 3865
f 3865 4015 4007
f 3866 4008 5243
f 5243 4008 4016
f 3873 5244 3878
f 3878 5244 3875
f 3965 5244 3872
f 3872 5244 3873
f 3876 3875 3965
f 3965 3875 5244
f 5243 4016 5242
f 5242 4016 4014
f 5246 5247 5245
f 5245 5247 5248
f 3576 3950 3577
f 3577 3950 3926
f 3584 3842 3585
f 3585 3842 3580
f 5249 5247 1784
f 1784 5247 1785
f 5250 5251 5253
f 5253 5251 5252
f 5255 5252 5254
f 5254 5252 5256
f 5254 5256 5258
f 5258 5256 5257
f 5258 5257 5260
f 5260 5257 5259
f 4356 5261 4424
f 4424 5261 5259
f 4355 5262 4356
f 4356 5262 5261
f 4924 5264 5263
f 5263 5264 5265
f 4693 5266 4691
f 4691 5266 5267
f 4351 5268 4352
f 4352 5268 5269
f 1808 1807 4351
f 4351 1807 5268
f 3580 3842 3581
f 3799 3802 3838
f 4800 4788 4801
f 4801 4788 4789
f 3729 3935 4801
f 4801 3935 4800
f 3728 3666 3729
f 3729 3666 3935
f 3728 3798 3666
f 3666 3798 3663
f 3798 3818 3663
f 3663 3818 3809
f 3818 3817 3809
f 3809 3817 3808
f 3796 3655 3817
f 3817 3655 3808
f 3615 3568 3796
f 3796 3568 3655
f 3573 3569 3615
f 3615 3569 3568
f 3572 3613 3573
f 3573 3613 3569
f 3792 3606 3572
f 3572 3606 3613
f 3607 3791 3949
f 3949 3791 3591
f 3590 3950 3591
f 3591 3950 3949
f 3805 3926 3590
f 3590 3926 3950
f 3804 3559 3805
f 3805 3559 3926
f 3804 3914 3559
f 3559 3914 3560
f 3924 3789 3913
f 3913 3789 3788
f 3924 3928 3789
f 3789 3928 3826
f 3928 3927 3826
f 3826 3927 3827
f 3927 3834 3827
f 3827 3834 3835
f 4079 4078 5270
f 5270 4078 5007
f 5271 5272 4233
f 4233 5272 5273
f 5275 5276 5274
f 5274 5276 5277
f 5278 5279 4236
f 4236 5279 4237
f 5278 5280 5271
f 5271 5280 5272
f 4235 5281 4236
f 4236 5281 5282
f 5284 5285 5283
f 5283 5285 5286
f 5288 5289 5287
f 5287 5289 5290
f 5292 5293 5291
f 5291 5293 5294
f 5287 5290 4726
f 4726 5290 5295
f 4293 4292 4313
f 4313 4292 4793
f 4720 4736 4719
f 4719 4736 5296
f 5297 4909 5298
f 5298 4909 4908
f 5299 5300 4976
f 4976 5300 5301
f 5302 4202 5303
f 5303 4202 4201
f 5304 5305 4983
f 4983 5305 5306
f 5308 5309 5307
f 5307 5309 5310
f 4722 4725 5283
f 5283 4725 5311
f 5291 5294 4125
f 4125 5294 4126
f 5313 5314 5312
f 5312 5314 5315
f 5316 5317 5319
f 5319 5317 5318
f 5321 5308 5320
f 5320 5308 5307
f 4819 4981 4873
f 4873 4981 5322
f 4981 4123 5322
f 5322 4123 4126
f 5324 5325 5323
f 5323 5325 5326
f 4764 5327 4975
f 4975 5327 5328
f 4172 5327 4169
f 4169 5327 5329
f 4768 4171 4769
f 4769 4171 4170
f 4243 4755 4244
f 4244 4755 5330
f 4755 4205 5330
f 5330 4205 4208
f 4206 4906 4207
f 4207 4906 4905
f 4686 5014 5009
f 5009 5014 5229
f 4756 4770 4170
f 4170 4770 4769
f 4170 4169 4756
f 4756 4169 4757
f 4273 5329 4764
f 4764 5329 5327
f 4276 5331 4273
f 4273 5331 5329
f 4770 4756 4243
f 4243 4756 4755
f 5333 4889 5332
f 5332 4889 5010
f 4877 5332 4878
f 4878 5332 4259
f 4875 4164 4876
f 4876 4164 4163
f 5334 5335 5324
f 5324 5335 5325
f 4983 5306 4123
f 4123 5306 4124
f 4818 4982 4819
f 4819 4982 4981
f 5332 5010 4259
f 4259 5010 4260
f 5014 4686 4875
f 4875 4686 4164
f 4171 4768 5229
f 5229 4768 5009
f 5337 4916 5336
f 5336 4916 4919
f 5293 5337 5294
f 5294 5337 5336
f 4982 4818 5333
f 5333 4818 4889
f 5338 5339 4262
f 4262 5339 5340
f 5307 5310 5338
f 5338 5310 5339
f 5341 5342 4204
f 4204 5342 5309
f 5336 4919 5322
f 5322 4919 4873
f 5294 5336 4126
f 4126 5336 5322
f 5323 5326 5343
f 5343 5326 5286
f 4914 5344 4915
f 4915 5344 5345
f 5312 5315 5344
f 5344 5315 5345
f 5347 5348 5346
f 5346 5348 5349
f 5350 5351 4832
f 4832 5351 4833
f 5352 5353 5349
f 5349 5353 5346
f 5354 5338 4265
f 4265 5338 4262
f 5320 5307 5354
f 5354 5307 5338
f 4201 5308 5303
f 5303 5308 5321
f 5356 5357 5355
f 5355 5357 4799
f 5358 5359 5334
f 5334 5359 5335
f 5358 5360 4093
f 4093 5360 4163
f 5360 5305 4163
f 4163 5305 4876
f 5305 5304 4876
f 4876 5304 4877
f 5270 4778 4079
f 4079 4778 4081
f 4779 5361 4774
f 4774 5361 5357
f 5356 5359 4775
f 4775 5359 4092
f 5333 5304 4982
f 4982 5304 4983
f 5332 4877 5333
f 5333 4877 5304
f 5015 4258 5230
f 5230 4258 5328
f 5327 4172 5328
f 5328 4172 5230
f 4169 5329 4757
f 4757 5329 5331
f 4757 5331 4205
f 4205 5331 4206
f 5331 4276 4206
f 4206 4276 4906
f 4276 4275 4906
f 4906 4275 4907
f 4275 4888 4907
f 4907 4888 4744
f 4887 4717 4745
f 4745 4717 4864
f 4716 5139 4861
f 4861 5139 5190
f 5139 5138 5190
f 5190 5138 5187
f 5138 5216 5187
f 5187 5216 5176
f 5215 5362 5173
f 5173 5362 5130
f 5364 5365 5363
f 5363 5365 5340
f 4742 4863 5366
f 5366 4863 4867
f 4862 5189 4868
f 4868 5189 5184
f 5189 5188 5184
f 5184 5188 5185
f 5188 5175 5185
f 5185 5175 5168
f 3560 3788 3561
f 3561 3788 3790
f 3596 3595 3608
f 3608 3595 3594
f 3598 3582 3595
f 3595 3582 3592
f 3600 3609 3601
f 3601 3609 3611
f 3602 3601 3612
f 3612 3601 3611
f 3606 3605 3613
f 3613 3605 3614
f 3793 5367 3794
f 3794 5367 5368
f 3598 3597 3600
f 3600 3597 3609
f 3793 3792 3575
f 3575 3792 3572
f 3561 3594 3558
f 3558 3594 3593
f 3807 3915 3804
f 3804 3915 3914
f 3916 3915 5370
f 5370 3915 5369
f 3602 3605 3603
f 3603 3605 3604
f 3606 3792 3607
f 3607 3792 3791
f 3914 3913 3560
f 3560 3913 3788
f 5174 5129 5166
f 5166 5129 5371
f 5170 5169 5093
f 5093 5169 5113
f 5166 5371 5090
f 5090 5371 5091
f 5128 5169 5372
f 5372 5169 5172
f 5127 5113 5128
f 5128 5113 5169
f 5114 5206 5203
f 5203 5206 5362
f 5200 5373 5073
f 5073 5373 5096
f 5374 5375 5200
f 5200 5375 5373
f 5039 5047 5374
f 5374 5047 5375
f 5087 5046 5085
f 5085 5046 5376
f 5212 5377 5067
f 5067 5377 5376
f 5042 5045 5212
f 5212 5045 5377
f 5064 5378 5043
f 5043 5378 5044
f 5063 5077 5064
f 5064 5077 5378
f 5079 5082 5198
f 5198 5082 5078
f 5099 5081 5100
f 5100 5081 5379
f 5100 5379 5094
f 5094 5379 5095
f 5381 5382 5380
f 5380 5382 5383
f 5385 5386 5384
f 5384 5386 5383
f 5385 5387 5386
f 5386 5387 5388
f 5390 5391 5389
f 5389 5391 5392
f 5393 5394 5396
f 5396 5394 5395
f 5398 5399 5397
f 5397 5399 5400
f 5402 5403 5401
f 5401 5403 5404
f 5406 5407 5405
f 5405 5407 5404
f 5408 5409 5163
f 5163 5409 5410
f 5411 5412 5414
f 5414 5412 5413
f 5057 5416 5415
f 5415 5416 5417
f 5393 5416 5418
f 5418 5416 5419
f 5396 5395 5420
f 5420 5395 5421
f 5423 5424 5422
f 5422 5424 5425
f 5415 5417 5220
f 5220 5417 5426
f 5418 5391 5393
f 5393 5391 5394
f 5414 5388 5411
f 5411 5388 5392
f 5059 5427 5060
f 5060 5427 5428
f 5423 5427 5429
f 5429 5427 5430
f 5432 5382 5431
f 5431 5382 5425
f 5429 5407 5423
f 5423 5407 5424
f 5380 5409 5381
f 5381 5409 5433
f 5381 5433 5422
f 5422 5433 5428
f 5027 5412 5056
f 5056 5412 5419
f 5435 5436 5434
f 5434 5436 5437
f 5159 5439 5438
f 5438 5439 5440
f 5053 5436 5159
f 5159 5436 5439
f 5441 5403 5398
f 5398 5403 5399
f 5163 5410 5026
f 5026 5410 5413
f 5438 5440 5442
f 5442 5440 5430
f 5444 5445 5443
f 5443 5445 5446
f 5447 5448 5450
f 5450 5448 5449
f 5451 5446 5452
f 5452 5446 5445
f 5454 5455 5453
f 5453 5455 5451
f 5456 5454 5458
f 5458 5454 5457
f 5460 5461 5459
f 5459 5461 5462
f 5464 5465 5463
f 5463 5465 5466
f 5468 5469 5467
f 5467 5469 5470
f 5472 5473 5471
f 5471 5473 5474
f 5475 5476 5478
f 5478 5476 5477
f 5479 5480 5482
f 5482 5480 5481
f 5483 5484 5448
f 5448 5484 5485
f 5448 5485 5449
f 5449 5485 5486
f 5487 5476 5488
f 5488 5476 5475
f 5490 5491 5489
f 5489 5491 5492
f 5494 5495 5493
f 5493 5495 5496
f 5498 5494 5497
f 5497 5494 5493
f 5500 5501 5499
f 5499 5501 5502
f 5503 5504 5446
f 5446 5504 5443
f 5506 5507 5505
f 5505 5507 5508
f 5510 5511 5509
f 5509 5511 5512
f 5514 5515 5513
f 5513 5515 5516
f 5518 5519 5517
f 5517 5519 5520
f 5495 5521 5496
f 5496 5521 5522
f 5524 5525 5523
f 5523 5525 5526
f 5527 5528 5494
f 5494 5528 5495
f 5499 5502 5529
f 5529 5502 5530
f 5531 5532 5485
f 5485 5532 5486
f 5485 5484 5531
f 5531 5484 5533
f 5482 5481 5534
f 5534 5481 5535
f 5536 5512 5506
f 5506 5512 5511
f 5455 5503 5451
f 5451 5503 5446
f 5467 5470 5511
f 5511 5470 5537
f 5538 5467 5510
f 5510 5467 5511
f 5540 5541 5539
f 5539 5541 5542
f 5543 5544 5546
f 5546 5544 5545
f 5548 5472 5547
f 5547 5472 5471
f 5493 5496 5549
f 5549 5496 5550
f 5496 5522 5550
f 5550 5522 5551
f 5553 5554 5552
f 5552 5554 5555
f 5557 5447 5556
f 5556 5447 5558
f 5557 5483 5447
f 5447 5483 5448
f 5478 5477 5553
f 5553 5477 5559
f 5477 5560 5559
f 5559 5560 5561
f 5476 5562 5477
f 5477 5562 5560
f 5476 5487 5562
f 5562 5487 5563
f 5560 5564 5561
f 5561 5564 5565
f 5564 5560 5566
f 5566 5560 5562
f 5563 5567 5562
f 5562 5567 5566
f 5569 5521 5568
f 5568 5521 5570
f 5481 5572 5571
f 5571 5572 5573
f 5574 5535 5571
f 5571 5535 5481
f 5576 5577 5575
f 5575 5577 5578
f 5579 5580 5456
f 5456 5580 5581
f 5475 5582 5488
f 5488 5582 5583
f 5584 5536 5505
f 5505 5536 5506
f 5585 5586 5588
f 5588 5586 5587
f 5590 5591 5589
f 5589 5591 5592
f 5519 5593 5520
f 5520 5593 5594
f 5595 5596 5462
f 5462 5596 5597
f 5599 5600 5598
f 5598 5600 5514
f 5602 5603 5601
f 5601 5603 5604
f 5524 5543 5525
f 5525 5543 5546
f 5543 5524 5606
f 5606 5524 5605
f 5607 5608 5500
f 5500 5608 5501
f 5610 5551 5609
f 5609 5551 5522
f 5611 5510 5598
f 5598 5510 5509
f 5612 5597 5457
f 5457 5597 5458
f 5510 5611 5538
f 5538 5611 5613
f 5580 5508 5581
f 5581 5508 5507
f 5615 5616 5614
f 5614 5616 5617
f 5619 5620 5618
f 5618 5620 5621
f 5623 5624 5622
f 5622 5624 5625
f 5627 5624 5626
f 5626 5624 5623
f 5629 5630 5628
f 5628 5630 5631
f 5633 5634 5632
f 5632 5634 5466
f 5635 5636 5463
f 5463 5636 5637
f 5523 5638 5524
f 5524 5638 5605
f 5639 5640 5641
f 5641 5640 5595
f 5611 5513 5613
f 5613 5513 5642
f 5643 5586 5608
f 5608 5586 5501
f 5622 5625 5590
f 5590 5625 5591
f 5598 5514 5611
f 5611 5514 5513
f 5645 5646 5644
f 5644 5646 5647
f 5620 5619 5491
f 5491 5619 5648
f 5649 5643 5492
f 5492 5643 5608
f 5650 5651 5653
f 5653 5651 5652
f 5463 5466 5635
f 5635 5466 5634
f 5597 5612 5462
f 5462 5612 5459
f 5635 5634 5523
f 5523 5634 5638
f 5654 5638 5633
f 5633 5638 5634
f 5655 5656 5525
f 5525 5656 5526
f 5658 5659 5657
f 5657 5659 5527
f 5660 5464 5637
f 5637 5464 5463
f 5632 5466 5661
f 5661 5466 5465
f 5661 5662 5632
f 5632 5662 5658
f 5662 5663 5658
f 5658 5663 5659
f 5665 5659 5664
f 5664 5659 5663
f 5632 5658 5633
f 5633 5658 5657
f 5666 5629 5530
f 5530 5629 5667
f 5528 5527 5665
f 5665 5527 5659
f 5668 5669 5570
f 5570 5669 5568
f 5669 5668 5670
f 5670 5668 5671
f 5646 5672 5673
f 5672 5674 5673
f 5673 5674 5675
f 5674 5460 5675
f 5675 5460 5459
f 5461 5676 5462
f 5462 5676 5595
f 5677 5678 5680
f 5680 5678 5679
f 5628 5681 5629
f 5629 5681 5667
f 5682 5529 5667
f 5667 5529 5530
f 5675 5459 5683
f 5683 5459 5612
f 5585 5666 5502
f 5502 5666 5530
f 5589 5684 5602
f 5602 5684 5603
f 5646 5645 5663
f 5663 5645 5664
f 5685 5647 5673
f 5673 5647 5646
f 5686 5687 5683
f 5683 5687 5685
f 5688 5689 5533
f 5533 5689 5531
f 5690 5691 5535
f 5535 5691 5534
f 5692 5690 5574
f 5574 5690 5535
f 5685 5687 5689
f 5689 5687 5693
f 5489 5694 5490
f 5490 5694 5695
f 5690 5692 5696
f 5696 5692 5697
f 5696 5644 5690
f 5690 5644 5691
f 5447 5450 5558
f 5558 5450 5698
f 5699 5700 5642
f 5642 5700 5613
f 5701 5702 5540
f 5540 5702 5541
f 5431 5703 5432
f 5432 5703 5697
f 5385 5384 5574
f 5574 5384 5692
f 5389 5387 5573
f 5573 5387 5571
f 5565 5390 5573
f 5573 5390 5389
f 5390 5565 5704
f 5704 5565 5564
f 5566 5705 5564
f 5564 5705 5704
f 5569 5441 5609
f 5609 5441 5398
f 5568 5405 5569
f 5569 5405 5441
f 5670 5706 5669
f 5669 5706 5406
f 5703 5431 5670
f 5670 5431 5706
f 5432 5697 5384
f 5384 5697 5692
f 5574 5571 5385
f 5385 5571 5387
f 5607 5707 5489
f 5489 5707 5694
f 5518 5708 5519
f 5519 5708 5709
f 5711 5576 5710
f 5710 5576 5575
f 5713 5714 5712
f 5712 5714 5715
f 5553 5552 5478
f 5478 5552 5716
f 5717 5475 5716
f 5716 5475 5478
f 5718 5719 5605
f 5605 5719 5606
f 5505 5622 5584
f 5584 5622 5590
f 5508 5623 5505
f 5505 5623 5622
f 5626 5623 5580
f 5580 5623 5508
f 5580 5579 5626
f 5626 5579 5720
f 5579 5721 5720
f 5720 5721 5722
f 5666 5585 5723
f 5723 5585 5588
f 5724 5725 5639
f 5639 5725 5640
f 5554 5726 5555
f 5555 5726 5727
f 5453 5728 5729
f 5689 5688 5685
f 5685 5688 5647
f 5604 5730 5512
f 5512 5730 5509
f 5628 5631 5618
f 5618 5631 5592
f 5601 5604 5536
f 5536 5604 5512
f 5732 5676 5731
f 5731 5676 5660
f 5730 5604 5733
f 5733 5604 5603
f 5563 5487 5551
f 5551 5487 5550
f 5489 5492 5607
f 5607 5492 5608
f 5573 5572 5565
f 5565 5572 5561
f 5609 5522 5569
f 5569 5522 5521
f 5499 5734 5500
f 5500 5734 5735
f 5596 5736 5721
f 5721 5736 5722
f 5737 5600 5594
f 5594 5600 5520
f 5599 5730 5517
f 5517 5730 5733
f 5660 5738 5731
f 5731 5738 5739
f 5648 5649 5491
f 5491 5649 5492
f 5501 5586 5502
f 5502 5586 5585
f 5525 5546 5655
f 5655 5546 5740
f 5600 5599 5520
f 5520 5599 5517
f 5708 5739 5709
f 5709 5739 5738
f 5636 5635 5526
f 5526 5635 5523
f 5670 5671 5703
f 5703 5671 5741
f 5490 5695 5742
f 5742 5695 5743
f 5682 5678 5744
f 5744 5678 5677
f 5678 5681 5679
f 5679 5681 5621
f 5742 5743 5679
f 5679 5743 5680
f 5618 5621 5628
f 5628 5621 5681
f 5725 5724 5589
f 5589 5724 5684
f 5456 5458 5579
f 5579 5458 5721
f 5675 5683 5673
f 5673 5683 5685
f 5529 5682 5745
f 5745 5682 5744
f 5721 5458 5596
f 5596 5458 5597
f 5701 5540 5719
f 5719 5540 5606
f 5703 5741 5697
f 5697 5741 5696
f 5500 5735 5607
f 5607 5735 5707
f 5549 5746 5493
f 5493 5746 5497
f 5700 5747 5613
f 5613 5747 5538
f 5420 5421 5434
f 5434 5421 5400
f 5689 5693 5531
f 5531 5693 5532
f 5705 5566 5748
f 5748 5566 5567
f 5609 5398 5610
f 5610 5398 5397
f 5669 5406 5568
f 5568 5406 5405
f 5488 5583 5549
f 5549 5583 5746
f 5714 5713 5710
f 5710 5713 5711
f 5747 5468 5538
f 5538 5468 5467
f 5548 5547 5749
f 5749 5547 5750
f 5733 5603 5751
f 5751 5603 5684
f 5589 5602 5590
f 5590 5602 5584
f 5636 5752 5614
f 5614 5752 5615
f 5753 5754 5738
f 5738 5754 5755
f 5602 5601 5584
f 5584 5601 5536
f 5723 5736 5630
f 5630 5736 5640
f 5595 5640 5596
f 5596 5640 5736
f 5734 5499 5745
f 5745 5499 5529
f 5627 5587 5643
f 5643 5587 5586
f 5553 5559 5554
f 5554 5559 5480
f 5559 5561 5480
f 5480 5561 5572
f 5554 5480 5726
f 5726 5480 5479
f 5749 5750 5715
f 5715 5750 5712
f 5683 5612 5686
f 5686 5612 5457
f 5678 5682 5681
f 5681 5682 5667
f 5598 5509 5599
f 5599 5509 5730
f 5679 5621 5742
f 5742 5621 5620
f 5652 5616 5653
f 5653 5616 5615
f 5220 5426 5052
f 5052 5426 5437
f 5487 5488 5550
f 5550 5488 5549
f 5742 5620 5490
f 5490 5620 5491
f 5551 5610 5563
f 5563 5610 5567
f 5610 5397 5567
f 5567 5397 5748
f 5614 5617 5753
f 5753 5617 5754
f 5480 5572 5481
f 5755 5756 5738
f 5738 5756 5709
f 5745 5744 5758
f 5758 5744 5757
f 5745 5758 5734
f 5734 5758 5759
f 5735 5734 5760
f 5760 5734 5759
f 5707 5735 5761
f 5761 5735 5760
f 5744 5677 5757
f 5757 5677 5762
f 5677 5680 5762
f 5762 5680 5763
f 5763 5680 5764
f 5764 5680 5743
f 5765 5766 5762
f 5762 5766 5757
f 5768 5769 5767
f 5767 5769 5770
f 5771 5772 5770
f 5770 5772 5767
f 5770 5769 5774
f 5774 5769 5773
f 5775 5776 5774
f 5774 5776 5777
f 5773 5778 5774
f 5774 5778 5775
f 5779 5766 5773
f 5773 5766 5778
f 5777 5771 5774
f 5774 5771 5770
f 5780 5781 5783
f 5783 5781 5782
f 5781 5780 5771
f 5771 5780 5772
f 5773 5769 5779
f 5779 5769 5768
f 5768 5759 5779
f 5779 5759 5758
f 5768 5784 5759
f 5759 5784 5760
f 5767 5785 5768
f 5768 5785 5784
f 5785 5767 5786
f 5786 5767 5772
f 5766 5779 5757
f 5757 5779 5758
f 5780 5787 5772
f 5772 5787 5786
f 5785 5786 5788
f 5788 5786 5789
f 5786 5787 5789
f 5789 5787 5790
f 5788 5789 5791
f 5791 5789 5792
f 5791 5793 5788
f 5788 5793 5794
f 5795 5792 5790
f 5790 5792 5789
f 5785 5788 5784
f 5784 5788 5794
f 5784 5794 5760
f 5760 5794 5761
f 5787 5780 5796
f 5796 5780 5783
f 5775 5778 5797
f 5797 5778 5766
f 5797 5798 5775
f 5775 5798 5776
f 5766 5765 5797
f 5797 5765 5799
f 5798 5797 5800
f 5800 5797 5799
f 5798 5801 5776
f 5776 5801 5802
f 5707 5761 5694
f 5694 5761 5803
f 5695 5804 5743
f 5743 5804 5764
f 5804 5695 5803
f 5803 5695 5694
f 5803 5793 5804
f 5804 5793 5805
f 5793 5791 5805
f 5805 5791 5806
f 5804 5805 5764
f 5764 5805 5807
f 5803 5761 5793
f 5793 5761 5794
f 5808 5763 5807
f 5807 5763 5764
f 5808 5765 5763
f 5763 5765 5762
f 5809 5799 5808
f 5808 5799 5765
f 5809 5808 5810
f 5810 5808 5807
f 5811 5809 5812
f 5812 5809 5810
f 5805 5806 5807
f 5807 5806 5810
f 5806 5813 5810
f 5810 5813 5812
f 5799 5809 5800
f 5800 5809 5811
f 5815 5800 5814
f 5814 5800 5811
f 5814 5817 5816
f 5816 5817 5818
f 5814 5811 5817
f 5817 5811 5812
f 5814 5816 5815
f 5815 5816 5796
f 5815 5796 5801
f 5801 5796 5783
f 5801 5798 5815
f 5815 5798 5800
f 5791 5792 5806
f 5806 5792 5813
f 5818 5813 5795
f 5795 5813 5792
f 5818 5817 5813
f 5813 5817 5812
f 5816 5818 5790
f 5790 5818 5795
f 5790 5787 5816
f 5816 5787 5796
f 5771 5777 5781
f 5781 5777 5782
f 5782 5802 5783
f 5783 5802 5801
f 5782 5777 5802
f 5802 5777 5776
f 5588 5587 5722
f 5722 5587 5720
f 5591 5619 5592
f 5592 5619 5618
f 5625 5624 5648
f 5648 5624 5649
f 5624 5627 5649
f 5649 5627 5643
f 5631 5630 5725
f 5725 5630 5640
f 5625 5648 5591
f 5591 5648 5619
f 5588 5722 5723
f 5723 5722 5736
f 5631 5725 5592
f 5592 5725 5589
f 5723 5630 5666
f 5666 5630 5629
f 5587 5627 5720
f 5720 5627 5626
f 5820 5821 5819
f 5819 5821 5822
f 5824 5825 5823
f 5823 5825 5826
f 5823 5826 5827
f 5827 5826 5828
f 5829 5830 5832
f 5832 5830 5831
f 5518 5833 5708
f 5708 5833 5834
f 5835 5836 5824
f 5824 5836 5825
f 5838 5839 5837
f 5837 5839 5840
f 5751 5684 5842
f 5842 5684 5841
f 5843 5841 5724
f 5724 5841 5684
f 5845 5846 5844
f 5844 5846 5847
f 5848 5830 5836
f 5836 5830 5825
f 5518 5751 5833
f 5833 5751 5842
f 5839 5838 5821
f 5821 5838 5849
f 5850 5848 5822
f 5822 5848 5836
f 5851 5845 5828
f 5828 5845 5852
f 5854 5855 5853
f 5853 5855 5856
f 5845 5844 5852
f 5852 5844 5857
f 5858 5827 5852
f 5852 5827 5828
f 5851 5828 5829
f 5829 5828 5826
f 5819 5859 5820
f 5820 5859 5860
f 5835 5861 5819
f 5819 5861 5859
f 5851 5829 5862
f 5862 5829 5832
f 5844 5847 5837
f 5837 5847 5834
f 5819 5822 5835
f 5835 5822 5836
f 5823 5863 5824
f 5824 5863 5864
f 5849 5850 5821
f 5821 5850 5822
f 5825 5830 5826
f 5826 5830 5829
f 5820 5860 5865
f 5865 5860 5866
f 5858 5854 5867
f 5867 5854 5853
f 5854 5857 5855
f 5855 5857 5840
f 5855 5865 5856
f 5856 5865 5866
f 5837 5840 5844
f 5844 5840 5857
f 5827 5858 5868
f 5868 5858 5867
f 5824 5864 5835
f 5835 5864 5861
f 5732 5731 5862
f 5862 5731 5846
f 5863 5823 5868
f 5868 5823 5827
f 5843 5831 5848
f 5848 5831 5830
f 5854 5858 5857
f 5857 5858 5852
f 5855 5840 5865
f 5865 5840 5839
f 5865 5839 5820
f 5820 5839 5821
f 5868 5867 5870
f 5870 5867 5869
f 5868 5870 5863
f 5863 5870 5871
f 5863 5871 5864
f 5864 5871 5872
f 5864 5872 5861
f 5861 5872 5873
f 5867 5853 5869
f 5869 5853 5874
f 5853 5856 5874
f 5874 5856 5875
f 5856 5866 5875
f 5875 5866 5876
f 5877 5878 5874
f 5874 5878 5869
f 5880 5881 5879
f 5879 5881 5882
f 5883 5884 5880
f 5880 5884 5881
f 5881 5884 5886
f 5886 5884 5885
f 5887 5888 5886
f 5886 5888 5889
f 5885 5890 5886
f 5886 5890 5887
f 5889 5882 5886
f 5886 5882 5881
f 5882 5891 5879
f 5879 5891 5892
f 5885 5884 5893
f 5893 5884 5883
f 5883 5871 5893
f 5893 5871 5870
f 5883 5894 5871
f 5871 5894 5872
f 5880 5895 5883
f 5883 5895 5894
f 5896 5895 5879
f 5879 5895 5880
f 5893 5878 5885
f 5885 5878 5890
f 5878 5893 5869
f 5869 5893 5870
f 5897 5896 5892
f 5892 5896 5879
f 5895 5896 5898
f 5898 5896 5899
f 5896 5897 5899
f 5899 5897 5900
f 5898 5899 5901
f 5901 5899 5902
f 5901 5903 5898
f 5898 5903 5904
f 5900 5905 5899
f 5899 5905 5902
f 5898 5904 5895
f 5895 5904 5894
f 5894 5904 5872
f 5872 5904 5873
f 5897 5892 5907
f 5907 5892 5906
f 5892 5891 5906
f 5906 5891 5908
f 5887 5890 5909
f 5909 5890 5878
f 5888 5887 5910
f 5910 5887 5909
f 5878 5877 5909
f 5909 5877 5911
f 5909 5911 5910
f 5910 5911 5912
f 5913 5914 5910
f 5910 5914 5888
f 5908 5914 5906
f 5906 5914 5913
f 5861 5873 5859
f 5859 5873 5915
f 5860 5916 5866
f 5866 5916 5876
f 5916 5860 5915
f 5915 5860 5859
f 5915 5903 5916
f 5916 5903 5917
f 5903 5901 5917
f 5917 5901 5918
f 5916 5917 5876
f 5876 5917 5919
f 5903 5915 5904
f 5904 5915 5873
f 5920 5875 5919
f 5919 5875 5876
f 5920 5877 5875
f 5875 5877 5874
f 5920 5921 5877
f 5877 5921 5911
f 5921 5920 5922
f 5922 5920 5919
f 5923 5921 5924
f 5924 5921 5922
f 5917 5918 5919
f 5919 5918 5922
f 5918 5925 5922
f 5922 5925 5924
f 5921 5923 5911
f 5911 5923 5912
f 5927 5912 5926
f 5926 5912 5923
f 5926 5929 5928
f 5928 5929 5930
f 5926 5923 5929
f 5929 5923 5924
f 5926 5928 5927
f 5927 5928 5907
f 5927 5907 5913
f 5913 5907 5906
f 5913 5910 5927
f 5927 5910 5912
f 5901 5902 5918
f 5918 5902 5925
f 5930 5925 5905
f 5905 5925 5902
f 5930 5929 5925
f 5925 5929 5924
f 5928 5930 5900
f 5900 5930 5905
f 5900 5897 5928
f 5928 5897 5907
f 5882 5889 5891
f 5891 5889 5908
f 5908 5889 5914
f 5914 5889 5888
f 5832 5831 5641
f 5641 5831 5639
f 5833 5838 5834
f 5834 5838 5837
f 5842 5841 5849
f 5849 5841 5850
f 5841 5843 5850
f 5850 5843 5848
f 5847 5846 5739
f 5739 5846 5731
f 5842 5849 5833
f 5833 5849 5838
f 5862 5832 5732
f 5732 5832 5641
f 5847 5739 5834
f 5834 5739 5708
f 5862 5846 5851
f 5851 5846 5845
f 5831 5843 5639
f 5639 5843 5724
f 5676 5732 5595
f 5595 5732 5641
f 5676 5461 5660
f 5660 5461 5464
f 5461 5460 5464
f 5464 5460 5465
f 5460 5674 5465
f 5465 5674 5661
f 5931 5932 5934
f 5934 5932 5933
f 5936 5937 5935
f 5935 5937 5938
f 5935 5938 5939
f 5939 5938 5940
f 5942 5943 5941
f 5941 5943 5944
f 5945 5946 5936
f 5936 5946 5937
f 5948 5949 5947
f 5947 5949 5950
f 5951 5952 5519
f 5519 5952 5593
f 5953 5951 5709
f 5709 5951 5519
f 5955 5956 5954
f 5954 5956 5957
f 5958 5942 5946
f 5946 5942 5937
f 5948 5959 5949
f 5949 5959 5933
f 5960 5958 5934
f 5934 5958 5946
f 5961 5955 5940
f 5940 5955 5962
f 5963 5964 5966
f 5966 5964 5965
f 5955 5954 5962
f 5962 5954 5967
f 5968 5939 5962
f 5962 5939 5940
f 5961 5940 5941
f 5941 5940 5938
f 5931 5969 5932
f 5932 5969 5970
f 5945 5971 5931
f 5931 5971 5969
f 5941 5944 5961
f 5961 5944 5972
f 5954 5957 5947
f 5947 5957 5973
f 5945 5931 5946
f 5946 5931 5934
f 5935 5974 5936
f 5936 5974 5975
f 5959 5960 5933
f 5933 5960 5934
f 5937 5942 5938
f 5938 5942 5941
f 5932 5970 5976
f 5976 5970 5977
f 5968 5964 5978
f 5978 5964 5963
f 5965 5964 5950
f 5950 5964 5967
f 5976 5977 5965
f 5965 5977 5966
f 5947 5950 5954
f 5954 5950 5967
f 5939 5968 5979
f 5979 5968 5978
f 5936 5975 5945
f 5945 5975 5971
f 5972 5754 5956
f 5956 5754 5617
f 5974 5935 5979
f 5979 5935 5939
f 5953 5943 5958
f 5958 5943 5942
f 5964 5968 5967
f 5967 5968 5962
f 5965 5950 5976
f 5976 5950 5949
f 5976 5949 5932
f 5932 5949 5933
f 5979 5978 5981
f 5981 5978 5980
f 5979 5981 5974
f 5974 5981 5982
f 5974 5982 5975
f 5975 5982 5983
f 5975 5983 5971
f 5971 5983 5984
f 5978 5963 5980
f 5980 5963 5985
f 5963 5966 5985
f 5985 5966 5986
f 5986 5966 5987
f 5987 5966 5977
f 5988 5989 5985
f 5985 5989 5980
f 5991 5992 5990
f 5990 5992 5993
f 5994 5995 5991
f 5991 5995 5992
f 5992 5995 5997
f 5997 5995 5996
f 5998 5999 5997
f 5997 5999 6000
f 5996 6001 5997
f 5997 6001 5998
f 6000 5993 5997
f 5997 5993 5992
f 6002 6003 5993
f 5993 6003 5990
f 5995 5994 5996
f 5996 5994 6004
f 5994 5982 6004
f 6004 5982 5981
f 5994 6005 5982
f 5982 6005 5983
f 5991 6006 5994
f 5994 6006 6005
f 6006 5991 6007
f 6007 5991 5990
f 5996 6004 6001
f 6001 6004 5989
f 5989 6004 5980
f 5980 6004 5981
f 6003 6008 5990
f 5990 6008 6007
f 6009 6006 6010
f 6010 6006 6007
f 6008 6011 6007
f 6007 6011 6010
f 6012 6009 6013
f 6013 6009 6010
f 6009 6012 6015
f 6015 6012 6014
f 6011 6016 6010
f 6010 6016 6013
f 6006 6009 6005
f 6005 6009 6015
f 6005 6015 5983
f 5983 6015 5984
f 6008 6003 6018
f 6018 6003 6017
f 6003 6002 6017
f 6017 6002 6019
f 5998 6001 6020
f 6020 6001 5989
f 5999 5998 6021
f 6021 5998 6020
f 5989 5988 6020
f 6020 5988 6022
f 6021 6020 6023
f 6023 6020 6022
f 6021 6024 5999
f 5999 6024 6025
f 6019 6025 6017
f 6017 6025 6024
f 5971 5984 5969
f 5969 5984 6026
f 5970 6027 5977
f 5977 6027 5987
f 6027 5970 6026
f 6026 5970 5969
f 6026 6014 6027
f 6027 6014 6028
f 6014 6012 6028
f 6028 6012 6029
f 6027 6028 5987
f 5987 6028 6030
f 6026 5984 6014
f 6014 5984 6015
f 6031 5986 6030
f 6030 5986 5987
f 6031 5988 5986
f 5986 5988 5985
f 6032 6022 6031
f 6031 6022 5988
f 6032 6031 6033
f 6033 6031 6030
f 6034 6032 6035
f 6035 6032 6033
f 6028 6029 6030
f 6030 6029 6033
f 6029 6036 6033
f 6033 6036 6035
f 6032 6034 6022
f 6022 6034 6023
f 6038 6023 6037
f 6037 6023 6034
f 6037 6040 6039
f 6039 6040 6041
f 6037 6034 6040
f 6040 6034 6035
f 6037 6039 6038
f 6038 6039 6018
f 6038 6018 6024
f 6024 6018 6017
f 6024 6021 6038
f 6038 6021 6023
f 6012 6013 6029
f 6029 6013 6036
f 6041 6036 6016
f 6016 6036 6013
f 6041 6040 6036
f 6036 6040 6035
f 6041 6016 6039
f 6039 6016 6011
f 6011 6008 6039
f 6039 6008 6018
f 5993 6000 6002
f 6002 6000 6019
f 6019 6000 6025
f 6025 6000 5999
f 5943 5756 5944
f 5944 5756 5755
f 6042 5948 5973
f 5973 5948 5947
f 5952 5951 5959
f 5959 5951 5960
f 5951 5953 5960
f 5960 5953 5958
f 5616 5957 5617
f 5617 5957 5956
f 6042 5952 5948
f 5948 5952 5959
f 5944 5755 5972
f 5972 5755 5754
f 5957 5616 5973
f 5973 5616 5652
f 5956 5955 5972
f 5972 5955 5961
f 5943 5953 5756
f 5756 5953 5709
f 6044 6045 6043
f 6043 6045 6046
f 6048 6049 6047
f 6047 6049 6050
f 6047 6050 6051
f 6051 6050 6052
f 6054 6055 6053
f 6053 6055 6056
f 6057 6058 6060
f 6060 6058 6059
f 6061 6062 6048
f 6048 6062 6049
f 6063 6064 6066
f 6066 6064 6065
f 6067 6068 6070
f 6070 6068 6069
f 6071 6069 5653
f 5653 6069 6068
f 6072 6073 6075
f 6075 6073 6074
f 6062 6076 6049
f 6049 6076 6054
f 6058 6067 6059
f 6059 6067 6070
f 6064 6077 6065
f 6065 6077 6045
f 6078 6076 6046
f 6046 6076 6062
f 6073 6080 6079
f 6079 6080 6052
f 6082 6083 6081
f 6081 6083 6084
f 6072 6085 6073
f 6073 6085 6080
f 6086 6051 6080
f 6080 6051 6052
f 6079 6052 6053
f 6053 6052 6050
f 6043 6087 6044
f 6044 6087 6088
f 6061 6089 6043
f 6043 6089 6087
f 6053 6056 6079
f 6079 6056 6090
f 6063 6072 6060
f 6060 6072 6075
f 6043 6046 6061
f 6061 6046 6062
f 6047 6091 6048
f 6048 6091 6092
f 6077 6078 6045
f 6045 6078 6046
f 6049 6054 6050
f 6050 6054 6053
f 6044 6088 6093
f 6093 6088 6094
f 6086 6082 6095
f 6095 6082 6081
f 6083 6082 6066
f 6066 6082 6085
f 6093 6094 6083
f 6083 6094 6084
f 6072 6063 6085
f 6085 6063 6066
f 6051 6086 6096
f 6096 6086 6095
f 6048 6092 6061
f 6061 6092 6089
f 5656 5655 6090
f 6090 5655 6074
f 6091 6047 6096
f 6096 6047 6051
f 6071 6055 6076
f 6076 6055 6054
f 6082 6086 6085
f 6085 6086 6080
f 6093 6083 6065
f 6065 6083 6066
f 6044 6093 6045
f 6045 6093 6065
f 6096 6095 6098
f 6098 6095 6097
f 6096 6098 6091
f 6091 6098 6099
f 6091 6099 6092
f 6092 6099 6100
f 6092 6100 6089
f 6089 6100 6101
f 6095 6081 6097
f 6097 6081 6102
f 6081 6084 6102
f 6102 6084 6103
f 6103 6084 6104
f 6104 6084 6094
f 6106 6097 6105
f 6105 6097 6102
f 6107 6108 6110
f 6110 6108 6109
f 6111 6112 6108
f 6108 6112 6109
f 6109 6112 6114
f 6114 6112 6113
f 6114 6115 6117
f 6117 6115 6116
f 6113 6118 6114
f 6114 6118 6115
f 6117 6110 6114
f 6114 6110 6109
f 6110 6119 6107
f 6107 6119 6120
f 6112 6111 6113
f 6113 6111 6121
f 6111 6099 6121
f 6121 6099 6098
f 6111 6122 6099
f 6099 6122 6100
f 6123 6122 6108
f 6108 6122 6111
f 6124 6123 6107
f 6107 6123 6108
f 6113 6121 6118
f 6118 6121 6106
f 6106 6121 6097
f 6097 6121 6098
f 6125 6124 6120
f 6120 6124 6107
f 6126 6123 6127
f 6127 6123 6124
f 6125 6128 6124
f 6124 6128 6127
f 6129 6126 6130
f 6130 6126 6127
f 6126 6129 6132
f 6132 6129 6131
f 6128 6133 6127
f 6127 6133 6130
f 6123 6126 6122
f 6122 6126 6132
f 6122 6132 6100
f 6100 6132 6101
f 6120 6134 6125
f 6125 6134 6135
f 6120 6119 6134
f 6134 6119 6136
f 6115 6118 6137
f 6137 6118 6106
f 6115 6137 6116
f 6116 6137 6138
f 6137 6106 6139
f 6139 6106 6105
f 6138 6137 6140
f 6140 6137 6139
f 6141 6142 6138
f 6138 6142 6116
f 6136 6142 6134
f 6134 6142 6141
f 6089 6101 6087
f 6087 6101 6143
f 6088 6144 6094
f 6094 6144 6104
f 6143 6144 6087
f 6087 6144 6088
f 6131 6145 6143
f 6143 6145 6144
f 6129 6146 6131
f 6131 6146 6145
f 6144 6145 6104
f 6104 6145 6147
f 6143 6101 6131
f 6131 6101 6132
f 6148 6103 6147
f 6147 6103 6104
f 6103 6148 6102
f 6102 6148 6105
f 6148 6149 6105
f 6105 6149 6139
f 6149 6148 6150
f 6150 6148 6147
f 6151 6149 6152
f 6152 6149 6150
f 6145 6146 6147
f 6147 6146 6150
f 6146 6153 6150
f 6150 6153 6152
f 6149 6151 6139
f 6139 6151 6140
f 6155 6140 6154
f 6154 6140 6151
f 6154 6157 6156
f 6156 6157 6158
f 6154 6151 6157
f 6157 6151 6152
f 6154 6156 6155
f 6155 6156 6135
f 6155 6135 6141
f 6141 6135 6134
f 6141 6138 6155
f 6155 6138 6140
f 6146 6129 6153
f 6153 6129 6130
f 6158 6153 6133
f 6133 6153 6130
f 6158 6157 6153
f 6153 6157 6152
f 6156 6158 6128
f 6128 6158 6133
f 6128 6125 6156
f 6156 6125 6135
f 6110 6117 6119
f 6119 6117 6136
f 6136 6117 6142
f 6142 6117 6116
f 6055 5615 6056
f 6056 5615 5752
f 6060 6059 6063
f 6063 6059 6064
f 6077 6070 6078
f 6078 6070 6069
f 6069 6071 6078
f 6078 6071 6076
f 6159 6057 6075
f 6075 6057 6060
f 6059 6070 6064
f 6064 6070 6077
f 6056 5752 6090
f 6090 5752 5656
f 6090 6074 6079
f 6079 6074 6073
f 6055 6071 5615
f 5615 6071 5653
f 5547 5471 6160
f 6160 5471 6161
f 5729 5577 6163
f 6163 5577 6162
f 5577 5576 6162
f 6162 5576 6164
f 5713 6165 5711
f 5711 6165 6166
f 5474 5729 6167
f 6167 5729 6163
f 5750 5547 6168
f 6168 5547 6160
f 5471 5474 6161
f 6161 5474 6167
f 6169 5712 6168
f 6168 5712 5750
f 5711 6166 5576
f 5576 6166 6164
f 6165 5713 6169
f 6169 5713 5712
f 6168 6170 6169
f 6169 6170 6171
f 6169 6171 6165
f 6165 6171 6172
f 6165 6172 6166
f 6166 6172 6173
f 6166 6173 6164
f 6164 6173 6174
f 6168 6160 6170
f 6170 6160 6175
f 6160 6161 6175
f 6175 6161 6176
f 6161 6167 6176
f 6176 6167 6177
f 6179 6170 6178
f 6178 6170 6175
f 6181 6182 6180
f 6180 6182 6183
f 6184 6185 6181
f 6181 6185 6182
f 6186 6187 6185
f 6185 6187 6182
f 6186 6188 6187
f 6187 6188 6189
f 6190 6183 6187
f 6187 6183 6182
f 6183 6190 6191
f 6191 6190 6192
f 6191 6193 6183
f 6183 6193 6180
f 6186 6185 6194
f 6194 6185 6184
f 6184 6172 6194
f 6194 6172 6171
f 6184 6195 6172
f 6172 6195 6173
f 6181 6196 6184
f 6184 6196 6195
f 6196 6181 6197
f 6197 6181 6180
f 6186 6194 6188
f 6188 6194 6179
f 6179 6194 6170
f 6170 6194 6171
f 6193 6198 6180
f 6180 6198 6197
f 6199 6196 6200
f 6200 6196 6197
f 6198 6201 6197
f 6197 6201 6200
f 6202 6199 6203
f 6203 6199 6200
f 6199 6202 6205
f 6205 6202 6204
f 6201 6206 6200
f 6200 6206 6203
f 6196 6199 6195
f 6195 6199 6205
f 6195 6205 6173
f 6173 6205 6174
f 6198 6193 6208
f 6208 6193 6207
f 6193 6191 6207
f 6207 6191 6192
f 6189 6188 6209
f 6209 6188 6179
f 6210 6189 6211
f 6211 6189 6209
f 6209 6179 6212
f 6212 6179 6178
f 6211 6209 6213
f 6213 6209 6212
f 6211 6214 6210
f 6210 6214 6215
f 6192 6215 6207
f 6207 6215 6214
f 6190 6187 6210
f 6210 6187 6189
f 6192 6190 6215
f 6215 6190 6210
f 6162 6164 6216
f 6216 6164 6174
f 6167 6163 6177
f 6177 6163 6217
f 6216 6217 6162
f 6162 6217 6163
f 6204 6218 6216
f 6216 6218 6217
f 6202 6219 6204
f 6204 6219 6218
f 6217 6218 6177
f 6177 6218 6220
f 6216 6174 6204
f 6204 6174 6205
f 6221 6176 6220
f 6220 6176 6177
f 6176 6221 6175
f 6175 6221 6178
f 6221 6222 6178
f 6178 6222 6212
f 6222 6221 6223
f 6223 6221 6220
f 6224 6222 6225
f 6225 6222 6223
f 6218 6219 6220
f 6220 6219 6223
f 6219 6226 6223
f 6223 6226 6225
f 6222 6224 6212
f 6212 6224 6213
f 6228 6213 6227
f 6227 6213 6224
f 6229 6227 6231
f 6231 6227 6230
f 6227 6224 6230
f 6230 6224 6225
f 6227 6229 6228
f 6228 6229 6208
f 6228 6208 6214
f 6214 6208 6207
f 6214 6211 6228
f 6228 6211 6213
f 6219 6202 6226
f 6226 6202 6203
f 6231 6226 6206
f 6206 6226 6203
f 6231 6230 6226
f 6226 6230 6225
f 6229 6231 6201
f 6201 6231 6206
f 6201 6198 6229
f 6229 6198 6208
f 5674 5672 5661
f 5661 5672 5662
f 5662 5672 5663
f 5663 5672 5646
f 5651 6042 5652
f 5652 6042 5973
f 5518 5517 5751
f 5751 5517 5733
f 5738 5660 5753
f 5753 5660 5637
f 5752 5636 5656
f 5656 5636 5526
f 5952 6042 5593
f 5593 6042 5651
f 5593 5651 5594
f 5594 5651 5650
f 5600 5737 5514
f 5514 5737 5515
f 5546 5545 5740
f 5740 5545 6232
f 6232 6058 5740
f 5740 6058 6057
f 6067 6058 6233
f 6233 6058 6232
f 6233 6232 6234
f 6234 6232 5545
f 6234 5545 6235
f 6235 5545 5544
f 5606 6236 5543
f 5543 6236 5544
f 6235 5544 5539
f 5539 5544 6236
f 6237 6235 5542
f 5542 6235 5539
f 6235 6237 6234
f 6234 6237 6238
f 6234 6238 6233
f 6233 6238 6239
f 5653 6068 5650
f 5650 6068 6239
f 5642 5513 6240
f 6240 5513 5516
f 5539 6236 5540
f 5540 6236 5606
f 5636 5614 5637
f 5637 5614 5753
f 6239 5737 5650
f 5650 5737 5594
f 6239 6068 6233
f 6233 6068 6067
f 6075 6074 6159
f 6159 6074 5655
f 6057 6159 5740
f 5740 6159 5655
f 5515 5737 6238
f 6238 5737 6239
f 6238 6237 5515
f 5515 6237 5516
f 5542 6240 6237
f 6237 6240 5516
f 6240 5542 5642
f 5642 5542 5541
f 5702 5699 5541
f 5541 5699 5642
f 5582 5475 5717
f 5470 5443 5537
f 5537 5443 5504
f 5469 5444 5470
f 5470 5444 5443
f 5726 5557 5727
f 5727 5557 5556
f 5537 5504 5511
f 5511 5504 5506
f 5504 5503 5506
f 5506 5503 5507
f 5503 5455 5507
f 5507 5455 5581
f 5455 5454 5581
f 5581 5454 5456
f 5473 5453 5474
f 5474 5453 5729
f 5457 5454 5473
f 5473 5454 5453
f 5473 5472 5457
f 5457 5472 5686
f 5472 5548 5686
f 5686 5548 5687
f 5749 5693 5548
f 5548 5693 5687
f 5715 5532 5749
f 5749 5532 5693
f 5714 5486 5715
f 5715 5486 5532
f 5714 5710 5486
f 5486 5710 5449
f 5728 5578 5729
f 5729 5578 5577
f 5452 5445 5698
f 5698 5445 5558
f 5445 5444 5558
f 5558 5444 5556
f 5444 5469 5556
f 5556 5469 5727
f 5469 5468 5727
f 5727 5468 5555
f 5468 5747 5555
f 5555 5747 5552
f 5747 5700 5552
f 5552 5700 5716
f 5700 5699 5716
f 5716 5699 5717
f 5699 5702 5717
f 5717 5702 5582
f 5702 5701 5582
f 5582 5701 5583
f 5726 5479 5557
f 5557 5479 5483
f 5483 5479 5484
f 5484 5479 5482
f 5534 5533 5482
f 5482 5533 5484
f 5691 5688 5534
f 5534 5688 5533
f 5644 5647 5691
f 5691 5647 5688
f 5719 5746 5701
f 5701 5746 5583
f 5718 5497 5719
f 5719 5497 5746
f 5718 5605 5654
f 5654 5605 5638
f 5498 5654 5657
f 5657 5654 5633
f 5497 5718 5498
f 5498 5718 5654
f 5657 5527 5498
f 5498 5527 5494
f 5528 5570 5495
f 5495 5570 5521
f 5665 5668 5528
f 5528 5668 5570
f 5664 5671 5665
f 5665 5671 5668
f 5645 5741 5664
f 5664 5741 5671
f 5644 5696 5645
f 5645 5696 5741
f 5710 5575 5449
f 5449 5575 5450
f 5575 5578 5450
f 5450 5578 5698
f 5578 5728 5698
f 5698 5728 5452
f 5452 5728 5451
f 5451 5728 5453
f 3619 6241 3620
f 3620 6241 6242
f 6243 6244 3628
f 3628 6244 3629
f 6245 6246 3634
f 3634 6246 3631
f 6247 6248 3636
f 3636 6248 3637
f 6249 6250 3642
f 3642 6250 3639
f 3639 6250 3643
f 3643 6250 6251
f 3743 6252 3744
f 3744 6252 6253
f 6246 6243 3631
f 3631 6243 3628
f 3753 6254 3754
f 3754 6254 6255
f 3857 6256 3619
f 3619 6256 6241
f 6257 6245 3932
f 3932 6245 3634
f 6242 6247 3620
f 3620 6247 3636
f 6258 6259 3946
f 3946 6259 3947
f 6260 6249 3948
f 3948 6249 3642
f 6244 6258 3629
f 3629 6258 3946
f 3947 6259 3753
f 3753 6259 6254
f 6248 6260 3637
f 3637 6260 3948
f 3643 6251 3743
f 3743 6251 6252
f 3744 6253 3932
f 3932 6253 6257
f 6250 6249 6251
f 6251 6249 6252
f 6245 6261 6246
f 6246 6261 6262
f 6263 6264 6247
f 6247 6264 6248
f 6252 6265 6253
f 6253 6265 6266
f 6246 6262 6243
f 6243 6262 6267
f 6268 6261 6257
f 6257 6261 6245
f 6269 6263 6242
f 6242 6263 6247
f 6270 6271 6260
f 6260 6271 6249
f 6264 6270 6248
f 6248 6270 6260
f 6253 6266 6257
f 6257 6266 6268
f 6249 6271 6252
f 6252 6271 6265
f 6254 6259 6272
f 6272 6259 6273
f 6266 6265 6270
f 6270 6265 6271
f 6268 6266 6264
f 6264 6266 6270
f 6261 6268 6263
f 6263 6268 6264
f 6269 6262 6263
f 6263 6262 6261
f 4186 4185 6274
f 6274 4185 6275
f 6241 6276 6242
f 6242 6276 6269
f 6258 6244 6277
f 6277 6244 6278
f 6256 6279 6241
f 6241 6279 6276
f 6259 6258 6273
f 6273 6258 6277
f 6243 6267 6244
f 6244 6267 6278
f 6276 6267 6269
f 6269 6267 6262
f 6254 6272 6255
f 6255 6272 6280
f 3865 3713 3888
f 3888 3713 3685
f 5242 5233 3892
f 3892 5233 3711
f 3900 5243 3892
f 3892 5243 5242
f 3734 3866 3900
f 3900 3866 5243
f 4117 6281 4118
f 4118 6281 6282
f 4118 6282 4278
f 4278 6282 4879
f 4717 4887 4718
f 4718 4887 4280
f 4792 4278 4882
f 4882 4278 4879
f 4795 4792 6283
f 6283 4792 4882
f 4852 4851 5012
f 5012 4851 6284
f 4856 5207 4857
f 4857 5207 4858
f 4860 4279 4857
f 4857 4279 4854
f 4718 4280 4860
f 4860 4280 4279
f 4864 4863 4745
f 4745 4863 4742
f 5366 4867 5011
f 5011 4867 4866
f 4871 4884 4872
f 4872 4884 4883
f 4872 4883 4117
f 4117 4883 6281
f 6284 4851 6283
f 6283 4851 4795
f 4852 4866 4853
f 4853 4866 4865
f 4871 4870 4856
f 4856 4870 5207
f 4717 4716 4864
f 4864 4716 4861
f 4868 4867 4862
f 4862 4867 4863
f 4268 4855 4269
f 4269 4855 4854
f 4281 4274 4282
f 4282 4274 4765
f 4744 4743 4907
f 4907 4743 4904
f 4874 4881 4820
f 4820 4881 4880
f 4885 5013 4886
f 4886 5013 4980
f 4888 4275 4281
f 4281 4275 4274
f 4902 6282 4903
f 4903 6282 6281
f 6283 4979 6284
f 6284 4979 4978
f 4282 4765 4269
f 4269 4765 4266
f 4880 4879 4902
f 4902 4879 6282
f 4903 6281 4886
f 4886 6281 4883
f 4882 4881 6283
f 6283 4881 4979
f 5013 4885 4267
f 4267 4885 4268
f 4888 4887 4744
f 4744 4887 4745
f 4410 6285 4411
f 4411 6285 4812
f 4750 4749 6286
f 6286 4749 6287
f 6289 4695 6288
f 6288 4695 4255
f 4750 4675 4751
f 4751 4675 4965
f 6290 6291 4963
f 4963 6291 4960
f 4807 4806 4411
f 4411 4806 4408
f 6292 6293 4959
f 4959 6293 4956
f 4958 6294 4959
f 4959 6294 4955
f 4962 4964 4963
f 4963 4964 4805
f 4962 4961 4751
f 4751 4961 4748
f 6296 6297 6295
f 6295 6297 6298
f 6299 6300 6288
f 6288 6300 4735
f 6302 4961 6301
f 6301 4961 4960
f 6304 6287 6303
f 6303 6287 4749
f 4968 6305 4969
f 4969 6305 6306
f 4413 6308 6307
f 6307 6308 4900
f 6301 4960 6309
f 6309 4960 6291
f 4412 4408 6310
f 6310 4408 4806
f 4696 6311 4256
f 4256 6311 6312
f 6303 4749 6313
f 6313 4749 4748
f 6313 4748 6302
f 6302 4748 4961
f 6315 6316 6314
f 6314 6316 6317
f 4084 6318 6315
f 6315 6318 6316
f 4083 6319 4084
f 4084 6319 6318
f 4112 6320 4083
f 4083 6320 6319
f 6322 4138 6321
f 6321 4138 4137
f 6324 4128 6323
f 6323 4128 4127
f 4127 4193 6323
f 6323 4193 6325
f 4193 4891 6325
f 6325 4891 6326
f 4891 6327 6326
f 6326 6327 6328
f 6327 4824 5227
f 5227 4824 5228
f 5231 4684 6329
f 6329 4684 4683
f 4683 4099 6329
f 6329 4099 6330
f 4099 4102 6330
f 6330 4102 6331
f 4174 4826 4429
f 4429 4826 4829
f 4173 4741 4174
f 4174 4741 4826
f 4180 4738 4173
f 4173 4738 4741
f 6332 6333 4180
f 4180 6333 4738
f 6274 6334 4186
f 4186 6334 4188
f 4181 4825 4180
f 4180 4825 6332
f 5044 5213 5045
f 5045 5213 5165
f 5046 5087 5047
f 5047 5087 5222
f 5077 5063 5078
f 5078 5063 5198
f 5081 5099 5082
f 5082 5099 5194
f 5095 5074 5096
f 5096 5074 5073
f 5373 5170 5096
f 5096 5170 5093
f 5375 5171 5373
f 5373 5171 5170
f 5047 5222 5375
f 5375 5222 5171
f 5046 5038 5376
f 5376 5038 5067
f 5377 5086 5376
f 5376 5086 5085
f 5045 5165 5377
f 5377 5165 5086
f 5378 5214 5044
f 5044 5214 5213
f 5077 5034 5378
f 5378 5034 5214
f 5082 5194 5078
f 5078 5194 5035
f 5081 5080 5379
f 5379 5080 6335
f 5379 6335 5095
f 5095 6335 5074
f 5032 5080 5033
f 5033 5080 5079
f 5040 5017 5041
f 5041 5017 5016
f 5050 5043 5051
f 5051 5043 5042
f 5065 5023 5066
f 5066 5023 5022
f 5050 5049 5065
f 5065 5049 5023
f 5041 5016 5068
f 5068 5016 5020
f 5071 5374 5072
f 5072 5374 5200
f 5075 5156 5076
f 5076 5156 5155
f 5162 5212 5068
f 5068 5212 5067
f 5075 5074 5192
f 5192 5074 6335
f 5066 5022 5199
f 5199 5022 5196
f 5076 5155 5072
f 5072 5155 5069
f 5040 5039 5071
f 5071 5039 5374
f 5162 5161 5051
f 5051 5161 5048
f 5192 6335 5032
f 5032 6335 5080
f 5199 5196 5033
f 5033 5196 5030
f 5018 5211 5019
f 5019 5211 5408
f 5019 5408 5021
f 5021 5408 5163
f 5024 5057 5025
f 5025 5057 5415
f 5028 5048 5029
f 5029 5048 5161
f 5054 5031 5055
f 5055 5031 5030
f 5024 5023 5058
f 5058 5023 5049
f 5061 5070 5062
f 5062 5070 5069
f 5157 5438 5158
f 5158 5438 5442
f 5160 5191 5054
f 5054 5191 5031
f 5029 5161 5021
f 5021 5161 5020
f 5025 5415 5197
f 5197 5415 5220
f 5158 5442 5062
f 5062 5442 5059
f 5018 5017 5061
f 5061 5017 5070
f 5160 5159 5157
f 5157 5159 5438
f 5028 5027 5058
f 5058 5027 5056
f 5055 5030 5197
f 5197 5030 5196
f 5409 5380 5410
f 5410 5380 6336
f 5026 5413 5027
f 5027 5413 5412
f 5396 5417 5393
f 5393 5417 5416
f 5416 5057 5419
f 5419 5057 5056
f 5417 5396 5426
f 5426 5396 5420
f 5427 5423 5428
f 5428 5423 5422
f 5427 5059 5430
f 5430 5059 5442
f 5409 5408 5433
f 5433 5408 5211
f 5433 5211 5428
f 5428 5211 5060
f 5412 5411 5419
f 5419 5411 5418
f 5436 5053 5437
f 5437 5053 5052
f 5439 5402 5440
f 5440 5402 5401
f 5436 5435 5439
f 5439 5435 5402
f 5410 6336 5413
f 5413 6336 5414
f 5440 5401 5430
f 5430 5401 5429
f 5426 5420 5437
f 5437 5420 5434
f 5382 5432 5383
f 5383 5432 5384
f 5386 6336 5383
f 5383 6336 5380
f 6336 5386 5414
f 5414 5386 5388
f 5391 5418 5392
f 5392 5418 5411
f 5705 5395 5704
f 5704 5395 5394
f 5399 5435 5400
f 5400 5435 5434
f 5403 5441 5404
f 5404 5441 5405
f 5407 5429 5404
f 5404 5429 5401
f 5395 5705 5421
f 5421 5705 5748
f 5424 5706 5425
f 5425 5706 5431
f 5391 5390 5394
f 5394 5390 5704
f 5392 5388 5389
f 5389 5388 5387
f 5382 5381 5425
f 5425 5381 5422
f 5407 5406 5424
f 5424 5406 5706
f 5403 5402 5399
f 5399 5402 5435
f 5421 5748 5400
f 5400 5748 5397
f 4097 4721 4098
f 4098 4721 4231
f 4233 5273 4098
f 4098 5273 4095
f 6337 6338 4785
f 4785 6338 4786
f 4076 4780 4073
f 4073 4780 4781
f 4782 4190 4781
f 4781 4190 4073
f 4783 4901 4782
f 4782 4901 4190
f 4780 4076 4097
f 4097 4076 4721
f 6337 2879 4701
f 4701 2879 2878
f 5280 6339 5272
f 5272 6339 6340
f 5282 5281 6341
f 6341 5281 6342
f 4109 6302 4110
f 4110 6302 6301
f 4283 6304 4284
f 4284 6304 6303
f 6305 4379 6306
f 6306 4379 4378
f 4110 6301 4428
f 4428 6301 6309
f 6310 4688 4412
f 4412 4688 4687
f 4284 6303 4753
f 4753 6303 6313
f 4753 6313 4109
f 4109 6313 6302
f 6343 5226 4428
f 4428 5226 4427
f 4147 4900 4416
f 4416 4900 6308
f 6312 6311 4241
f 4241 6311 4720
f 5223 6344 4702
f 4702 6344 4699
f 4221 4220 6345
f 6345 4220 6346
f 5276 5275 6347
f 6347 5275 6348
f 5275 4728 6348
f 6348 4728 6349
f 4727 6350 5284
f 5284 6350 5285
f 6351 6352 6354
f 6354 6352 6353
f 5313 5312 5292
f 5292 5312 5293
f 5312 5344 5293
f 5293 5344 5337
f 5344 4914 5337
f 5337 4914 4916
f 4914 4913 4916
f 4916 4913 4917
f 4913 6355 4917
f 4917 6355 4978
f 6356 6357 6284
f 6284 6357 5012
f 6357 6358 5012
f 5012 6358 5011
f 5011 6358 5366
f 5366 6358 6359
f 6360 4742 6359
f 6359 4742 5366
f 4743 6361 4904
f 4904 6361 5364
f 5363 4905 5364
f 5364 4905 4904
f 5363 6362 4905
f 4905 6362 4207
f 6362 6363 4207
f 4207 6363 4208
f 6363 5342 4208
f 4208 5342 5330
f 5342 5341 5330
f 5330 5341 4244
f 5341 6364 4244
f 4244 6364 4245
f 6364 6365 4245
f 4245 6365 4246
f 6366 6367 4253
f 4253 6367 4250
f 4214 6368 4211
f 4211 6368 4380
f 4380 4379 4211
f 4211 4379 4283
f 4379 6305 4283
f 4283 6305 6304
f 6305 4968 6304
f 6304 4968 6287
f 4968 4967 6287
f 6287 4967 6286
f 4967 6297 6286
f 6286 6297 4676
f 6296 4376 4288
f 4288 4376 4285
f 4376 4373 4285
f 4285 4373 4290
f 6369 6370 6372
f 6372 6370 6371
f 5245 6373 5246
f 5246 6373 6374
f 4317 6375 4318
f 4318 6375 6376
f 4331 6377 4332
f 4332 6377 6378
f 6379 4333 6376
f 6376 4333 4318
f 4343 6380 4344
f 4344 6380 6381
f 4347 6382 4348
f 4348 6382 6383
f 4374 6371 4331
f 4331 6371 6377
f 4333 6379 4426
f 4426 6379 6384
f 4690 6385 4347
f 4347 6385 6382
f 4332 6378 4317
f 4317 6378 6375
f 4922 6386 4923
f 4923 6386 6387
f 6388 6389 4375
f 4375 6389 6390
f 6355 6356 4978
f 4978 6356 6284
f 4742 6360 4743
f 4743 6360 6361
f 6391 4238 6392
f 6392 4238 4719
f 6392 4719 6393
f 6393 4719 5296
f 6395 6396 6394
f 6394 6396 6397
f 6399 6400 6398
f 6398 6400 6401
f 6402 5302 6403
f 6403 5302 5303
f 5303 5321 6403
f 6403 5321 6404
f 5320 6405 5321
f 5321 6405 6404
f 5319 6406 5350
f 5350 6406 5351
f 5319 5318 6406
f 6406 5318 6407
f 5288 4197 6408
f 6408 4197 6409
f 4217 4216 6410
f 6410 4216 6411
f 5227 6412 6327
f 6327 6412 6328
f 4892 6413 5227
f 5227 6413 6412
f 4228 6414 4892
f 4892 6414 6413
f 4227 6415 4228
f 4228 6415 6414
f 4248 6416 4227
f 4227 6416 6415
f 4247 6417 4248
f 4248 6417 6416
f 6417 4247 6419
f 6419 4247 6418
f 6419 6418 6421
f 6421 6418 6420
f 6422 5301 6423
f 6423 5301 5300
f 6423 5300 6424
f 6424 5300 6399
f 6408 6409 6398
f 6398 6409 6425
f 6426 6427 6397
f 6397 6427 6394
f 6428 4224 6429
f 6429 4224 4223
f 6347 6346 5276
f 5276 6346 4220
f 6346 6347 6341
f 6341 6347 6339
f 5280 5278 5282
f 5282 5278 4236
f 4896 5224 4684
f 4684 5224 4681
f 4132 4135 4896
f 4896 4135 5224
f 4131 4136 4132
f 4132 4136 4135
f 4226 4754 4131
f 4131 4754 4136
f 4251 4213 4226
f 4226 4213 4754
f 4250 4214 4251
f 4251 4214 4213
f 4250 6367 4214
f 4214 6367 6368
f 6367 4910 6368
f 6368 4910 4737
f 4909 5297 4736
f 4736 5297 5296
f 5297 6395 5296
f 5296 6395 6393
f 6427 6430 6394
f 6394 6430 6431
f 6429 4383 6428
f 6428 4383 4382
f 4219 5277 4220
f 4220 5277 5276
f 4222 4697 4383
f 4383 4697 4218
f 6345 4699 4221
f 4221 4699 6344
f 6342 4700 6345
f 6345 4700 4699
f 4235 4786 5281
f 5281 4786 6338
f 4234 4787 4235
f 4235 4787 4786
f 5279 5278 6432
f 6432 5278 5271
f 4237 5279 6433
f 6433 5279 6432
f 4787 4234 6433
f 6433 4234 4237
f 6435 6436 6434
f 6434 6436 6437
f 6359 6438 6360
f 6360 6438 6437
f 6439 6440 6441
f 6441 6440 6438
f 6443 6439 6442
f 6442 6439 6441
f 6357 6356 6442
f 6442 6356 6444
f 6444 6446 6445
f 6445 6446 6447
f 4912 6446 4913
f 4913 6446 6355
f 6361 6436 5364
f 5364 6436 5365
f 5319 5350 5316
f 5316 5350 6448
f 4832 6449 5350
f 5350 6449 6448
f 4831 6450 4832
f 4832 6450 6449
f 5354 6451 5320
f 5320 6451 6405
f 4265 6452 5354
f 5354 6452 6451
f 4264 6453 4265
f 4265 6453 6452
f 6450 4831 6447
f 6447 4831 6445
f 4263 6435 4264
f 4264 6435 6434
f 6454 6453 6439
f 6439 6453 6440
f 6439 6443 6454
f 6454 6443 4834
f 4833 6455 4834
f 4834 6455 6454
f 5351 6456 4833
f 4833 6456 6455
f 6457 6391 6458
f 6458 6391 6392
f 6458 6392 6431
f 6431 6392 6393
f 5298 6396 5297
f 5297 6396 6395
f 6402 6400 5302
f 5302 6400 5299
f 6402 6403 6459
f 6459 6403 6460
f 6460 6403 6461
f 6461 6403 6404
f 6405 6462 6404
f 6404 6462 6461
f 6406 6462 5351
f 5351 6462 6456
f 6406 6407 6462
f 6462 6407 6461
f 6407 6463 6461
f 6461 6463 6460
f 6463 6464 6460
f 6460 6464 6459
f 6464 6465 6459
f 6459 6465 6401
f 6430 6466 6431
f 6431 6466 6458
f 6466 6410 6458
f 6458 6410 6457
f 6410 6411 6457
f 6457 6411 6467
f 6396 6424 6397
f 6397 6424 6425
f 6393 6395 6431
f 6431 6395 6394
f 6451 6456 6405
f 6405 6456 6462
f 6452 6455 6451
f 6451 6455 6456
f 6453 6454 6452
f 6452 6454 6455
f 6443 6445 4834
f 4834 6445 4831
f 6440 6453 6434
f 6434 6453 4264
f 6468 5306 5360
f 5360 5306 5305
f 6469 4124 6468
f 6468 4124 5306
f 6470 4125 6469
f 6469 4125 4124
f 6471 5291 6470
f 6470 5291 4125
f 6353 5292 6471
f 6471 5292 5291
f 5292 6353 5313
f 5313 6353 6352
f 5347 5314 6352
f 6352 5314 5313
f 5353 5318 5346
f 5346 5318 5317
f 5334 6468 5358
f 5358 6468 5360
f 5324 6469 5334
f 5334 6469 6468
f 5323 6470 5324
f 5324 6470 6469
f 5343 6471 5323
f 5323 6471 6470
f 6354 6353 5343
f 5343 6353 6471
f 6348 6349 4270
f 4270 6349 5311
f 5272 6340 5273
f 5273 6340 4272
f 6432 5271 4232
f 4232 5271 4233
f 4294 6432 4295
f 4295 6432 4232
f 6432 4294 6433
f 6433 4294 4301
f 4301 4300 6433
f 6433 4300 4787
f 4704 4784 4300
f 4300 4784 4787
f 4704 3013 4784
f 4784 3013 1307
f 5103 6472 5104
f 5104 6472 5202
f 5108 5116 5105
f 5105 5116 5115
f 5111 5124 5112
f 5112 5124 5123
f 5154 5205 5105
f 5105 5205 5106
f 5167 5180 5168
f 5168 5180 5185
f 5175 5188 5176
f 5176 5188 5187
f 5112 5123 5178
f 5178 5123 5120
f 5167 5090 5183
f 5183 5090 5089
f 5210 5151 5183
f 5183 5151 5181
f 5216 5138 5217
f 5217 5138 5137
f 5218 5119 5219
f 5219 5119 5221
f 5218 5178 5119
f 5119 5178 5120
f 5217 5137 5104
f 5104 5137 5101
f 5116 5108 5221
f 5221 5108 5219
f 5111 5110 5210
f 5210 5110 5151
f 5154 5153 5103
f 5103 5153 6472
f 5216 5215 5176
f 5176 5215 5173
f 5175 5174 5168
f 5168 5174 5166
f 5091 5172 5092
f 5092 5172 5208
f 5117 5037 5118
f 5118 5037 5036
f 5121 5164 5122
f 5122 5164 5133
f 5125 5084 5126
f 5126 5084 5083
f 5129 5174 5130
f 5130 5174 5173
f 5131 5202 5132
f 5132 5202 6472
f 5135 5221 5122
f 5122 5221 5119
f 5125 5124 5136
f 5136 5124 5209
f 5126 5083 5121
f 5121 5083 5164
f 5118 5036 5195
f 5195 5036 5193
f 5131 5097 5203
f 5203 5097 5114
f 5132 6472 5195
f 5195 6472 5153
f 5136 5209 5092
f 5092 5209 5089
f 5135 5134 5117
f 5117 5134 5037
f 5362 5206 5130
f 5130 5206 5127
f 5372 5371 5128
f 5128 5371 5129
f 5371 5372 5091
f 5091 5372 5172
f 5362 5215 5203
f 5203 5215 5201
f 6463 6407 5353
f 5353 6407 5318
f 6464 6463 5352
f 5352 6463 5353
f 6408 6465 5288
f 5288 6465 5289
f 4196 4224 6426
f 6426 4224 6427
f 6430 6427 6428
f 6428 6427 4224
f 6466 6430 4382
f 4382 6430 6428
f 6410 6466 4217
f 4217 6466 4382
f 4240 4239 3015
f 3015 4239 3016
f 4254 4257 3017
f 3017 4257 3018
f 6473 6474 4732
f 4732 6474 6475
f 6474 6374 6475
f 6475 6374 6373
f 5246 6374 3022
f 3022 6374 3023
f 4254 6299 4255
f 4255 6299 6288
f 6473 6300 3024
f 3024 6300 3025
f 6476 4257 6312
f 6312 4257 4256
f 4240 6476 4241
f 4241 6476 6312
f 6477 4239 6391
f 6391 4239 4238
f 6467 6477 6457
f 6457 6477 6391
f 6411 3029 6467
f 6467 3029 3028
f 4216 3030 6411
f 6411 3030 3029
f 6479 6480 6478
f 6478 6480 6481
f 6483 6484 6482
f 6482 6484 6485
f 6486 6487 4102
f 4102 6487 6331
f 6483 6488 6478
f 6478 6488 6489
f 4429 4829 6490
f 6490 4829 6479
f 6491 6486 4101
f 4101 6486 4102
f 4895 6491 4899
f 4899 6491 4101
f 4160 6488 4157
f 4157 6488 6492
f 6489 4087 6490
f 6490 4087 4090
f 4267 4261 5013
f 5013 4261 4260
f 4258 4261 5328
f 5328 4261 4975
f 4261 4267 4975
f 4975 4267 4266
f 5367 3793 3912
f 3912 3793 3575
f 6494 3616 6493
f 6493 3616 3795
f 6496 3589 6495
f 6495 3589 3588
f 6495 3588 5368
f 5368 3588 3794
f 3841 3840 3050
f 3050 3840 3051
f 3912 3911 3052
f 3052 3911 3053
f 3929 3930 3054
f 3054 3930 3055
f 5370 3930 3916
f 3916 3930 3923
f 3938 5369 3807
f 3807 5369 3915
f 3589 6496 3806
f 3806 6496 3937
f 3938 3937 3056
f 3056 3937 3057
f 3051 3840 3058
f 3058 3840 3943
f 3730 4808 3727
f 3727 4808 3943
f 3820 3951 3795
f 3795 3951 6493
f 3951 3841 3059
f 3059 3841 3050
f 3911 3574 6494
f 6494 3574 3616
f 3823 3929 3824
f 3824 3929 3952
f 4061 4060 3060
f 3060 4060 3061
f 6497 6498 4901
f 4901 6498 4790
f 6333 6499 4738
f 4738 6499 4739
f 6500 6501 6314
f 6314 6501 4418
f 6502 6275 4417
f 4417 6275 4185
f 6503 6497 4783
f 4783 6497 4901
f 6498 4060 4790
f 4790 4060 4059
f 4808 4061 3069
f 3069 4061 3060
f 5367 3071 5368
f 5368 3071 3070
f 5369 3073 5370
f 5370 3073 3072
f 6274 6275 3074
f 3074 6275 3075
f 6499 6504 4739
f 4739 6504 6317
f 6333 6332 3077
f 3077 6332 3078
f 6334 6274 3079
f 3079 6274 3074
f 6332 4825 3078
f 3078 4825 3080
f 6334 6503 4188
f 4188 6503 4783
f 4825 4689 3080
f 3080 4689 1330
f 6506 4747 6505
f 6505 4747 4746
f 6505 6507 6506
f 6506 6507 6508
f 4297 6509 4920
f 4920 6509 6510
f 4296 6511 4297
f 4297 6511 6509
f 6506 6508 4319
f 4319 6508 6512
f 4372 4371 6514
f 6514 4371 6513
f 6511 4296 5251
f 5251 4296 4305
f 5251 5250 6511
f 6511 5250 6515
f 6516 6509 6515
f 6515 6509 6511
f 6517 6507 6519
f 6519 6507 6518
f 6512 6520 6513
f 6513 6520 6514
f 6507 6517 6508
f 6508 6517 6521
f 5249 6523 6522
f 6522 6523 6524
f 6525 6370 5253
f 5253 6370 6526
f 4370 4323 4371
f 4371 4323 4326
f 4370 3103 4323
f 4323 3103 1541
f 6521 6517 6527
f 6527 6517 6519
f 6520 6528 6514
f 6514 6528 6529
f 6531 6532 6530
f 6530 6532 6533
f 5250 6534 6515
f 6515 6534 6535
f 6530 6533 6536
f 6536 6533 6537
f 6526 6538 6534
f 6534 6538 6537
f 6515 6535 6516
f 6516 6535 6539
f 4325 4321 4326
f 4326 4321 4320
f 4371 4326 6513
f 6513 4326 4320
f 6531 4731 6541
f 6541 4731 6540
f 4731 4730 6540
f 6540 4730 6542
f 4730 3121 6542
f 6542 3121 3120
f 6530 4328 6531
f 6531 4328 4731
f 4328 6530 4329
f 4329 6530 6536
f 4329 6536 6524
f 6524 6536 6543
f 6544 6545 6522
f 6522 6545 5248
f 6389 6388 5245
f 5245 6388 6373
f 6388 6546 6373
f 6373 6546 6475
f 4733 6546 6295
f 6295 6546 4377
f 4732 6475 4733
f 4733 6475 6546
f 4393 4432 4394
f 4394 4432 4435
f 4434 4672 4842
f 4842 4672 4671
f 4440 4439 4441
f 4441 4439 4438
f 4436 4450 4437
f 4437 4450 4398
f 4447 4444 4448
f 4448 4444 4392
f 4446 4464 4433
f 4433 4464 6547
f 4454 4423 4455
f 4455 4423 4422
f 4452 4481 4453
f 4453 4481 4480
f 4458 4389 4459
f 4459 4389 4388
f 4456 4471 4457
f 4457 4471 4468
f 4391 4460 4392
f 4392 4460 4448
f 4461 4467 4445
f 4445 4467 4465
f 4437 4398 4629
f 4629 4398 4397
f 4438 4628 4441
f 4441 4628 4631
f 4841 4629 4839
f 4839 4629 4397
f 4628 4842 4631
f 4631 4842 4671
f 4930 4989 4452
f 4452 4989 4481
f 4929 4927 4436
f 4436 4927 4450
f 4933 4387 4934
f 4934 4387 4386
f 4931 4475 4932
f 4932 4475 4474
f 4936 4449 4933
f 4933 4449 4387
f 4935 4472 4456
f 4456 4472 4471
f 4389 4458 4391
f 4391 4458 4460
f 4457 4468 4461
f 4461 4468 4467
f 4934 4386 4454
f 4454 4386 4423
f 4453 4480 4931
f 4931 4480 4475
f 4575 4997 4576
f 4576 4997 4639
f 4579 4596 4580
f 4580 4596 4595
f 4583 4582 4572
f 4572 4582 4569
f 4587 4944 4588
f 4588 4944 4562
f 4588 4562 4590
f 4590 4562 4561
f 4576 4639 4642
f 4642 4639 4638
f 4642 4845 4641
f 4641 4845 4846
f 4845 4590 4846
f 4846 4590 4561
f 4941 4938 4595
f 4595 4938 4580
f 4938 4940 4668
f 4668 4940 4669
f 4583 4942 4584
f 4584 4942 4947
f 4582 4587 4569
f 4569 4587 4586
f 5000 5001 4579
f 4579 5001 4596
f 4558 4560 4585
f 4585 4560 4586
f 4565 4639 4566
f 4566 4639 4997
f 4568 4567 4577
f 4577 4567 4578
f 4570 4554 4571
f 4571 4554 4556
f 4640 4565 4637
f 4637 4565 4546
f 4662 4664 4665
f 4665 4664 4844
f 4662 4558 4589
f 4589 4558 4585
f 4554 4570 4557
f 4557 4570 4560
f 4571 4667 4572
f 4572 4667 4943
f 4551 4670 4552
f 4552 4670 4666
f 4640 4664 4638
f 4638 4664 4663
f 4670 4568 4668
f 4668 4568 4577
f 4999 4996 4566
f 4566 4996 4543
f 4608 4564 4603
f 4603 4564 4563
f 4573 4593 4574
f 4574 4593 4592
f 4597 4614 4598
f 4598 4614 4613
f 4601 4600 4584
f 4584 4600 4581
f 4563 4562 4604
f 4604 4562 4944
f 4643 4593 4641
f 4641 4593 4573
f 4643 4847 4644
f 4644 4847 4848
f 4564 4847 4561
f 4561 4847 4846
f 4945 4941 4598
f 4598 4941 4595
f 4941 4945 4939
f 4939 4945 4946
f 4601 4948 4602
f 4602 4948 4620
f 4600 4604 4581
f 4581 4604 4944
f 5002 5003 4597
f 4597 5003 4614
f 4988 4759 4953
f 4953 4759 4402
f 4706 6548 4707
f 4707 6548 6549
f 4311 4928 4419
f 4419 4928 6550
f 4921 4920 6551
f 6551 4920 6552
f 4925 6553 4926
f 4926 6553 6554
f 4928 4921 4802
f 4802 4921 6551
f 6555 4985 6550
f 6550 4985 4419
f 4952 6556 4953
f 4953 6556 4649
f 4971 6557 4706
f 4706 6557 6548
f 4988 4648 4925
f 4925 4648 6553
f 4707 6549 5006
f 5006 6549 4987
f 4920 6510 6552
f 6552 6510 6518
f 6558 6510 6516
f 6516 6510 6509
f 6559 6558 6539
f 6539 6558 6516
f 6531 6541 6532
f 6532 6541 6560
f 6540 6561 6541
f 6541 6561 6529
f 6542 6562 6540
f 6540 6562 6561
f 6542 3120 6562
f 6562 3120 3142
f 4366 6563 4760
f 4760 6563 4970
f 4815 6564 4816
f 4816 6564 6565
f 3147 3146 6565
f 6565 3146 4816
f 6564 6563 6565
f 6565 6563 6566
f 4837 4385 4357
f 4357 4385 4358
f 6565 6566 3147
f 3147 6566 3149
f 4694 1209 3150
f 5247 5249 5248
f 5248 5249 6522
f 6372 6390 6545
f 6545 6390 6389
f 6375 5254 6376
f 6376 5254 5258
f 6377 6525 6378
f 6378 6525 5255
f 5260 6379 5258
f 5258 6379 6376
f 6380 6567 6381
f 6381 6567 6568
f 6382 6569 6383
f 6383 6569 6570
f 6377 6371 6525
f 6525 6371 6370
f 6379 5260 6384
f 6384 5260 6571
f 6385 6572 6382
f 6382 6572 6569
f 6378 5255 6375
f 6375 5255 5254
f 6386 6573 6387
f 6387 6573 6574
f 6545 6389 5248
f 5248 6389 5245
f 4675 4750 4676
f 4676 4750 6286
f 4734 6289 4735
f 4735 6289 6288
f 4804 6290 4805
f 4805 6290 4963
f 4811 4807 4812
f 4812 4807 4411
f 4954 6292 4955
f 4955 6292 4959
f 4964 4962 4965
f 4965 4962 4751
f 6285 4821 4812
f 4812 4821 4809
f 4675 4287 4965
f 4965 4287 4210
f 6294 4145 4955
f 4955 4145 4154
f 4964 4120 4805
f 4805 4120 4119
f 6298 4966 4734
f 4734 4966 6289
f 6300 6473 4735
f 4735 6473 4732
f 6297 6296 4676
f 4676 6296 4288
f 6523 3160 4330
f 4330 3160 3159
f 5253 5252 6525
f 6525 5252 5255
f 5256 5252 4305
f 4305 5252 5251
f 4304 5257 4305
f 4305 5257 5256
f 4424 5259 4304
f 4304 5259 5257
f 5261 6571 5259
f 5259 6571 5260
f 5262 6573 5261
f 5261 6573 6571
f 5264 6567 5265
f 5265 6567 6574
f 5266 6572 5267
f 5267 6572 6568
f 5268 6570 5269
f 5269 6570 6569
f 1807 3161 5268
f 5268 3161 6570
f 6524 6523 4329
f 4329 6523 4330
f 5253 6526 5250
f 5250 6526 6534
f 6543 6538 6544
f 6544 6538 6369
f 6524 6543 6522
f 6522 6543 6544
f 3071 5367 3052
f 3052 5367 3912
f 6493 3163 6494
f 6494 3163 3162
f 3164 445 3771
f 3771 445 3761
f 461 3165 3919
f 3919 3165 3920
f 330 410 3839
f 3839 410 3910
f 332 331 3552
f 3552 331 3551
f 464 304 3918
f 3918 304 3816
f 385 458 3766
f 3766 458 3894
f 412 415 3762
f 3762 415 3763
f 3166 337 3748
f 3748 337 3745
f 3072 3055 5370
f 5370 3055 3930
f 3073 5369 3056
f 3056 5369 3938
f 3167 3057 6496
f 6496 3057 3937
f 3069 3058 4808
f 4808 3058 3943
f 411 3166 3851
f 3851 3166 3748
f 3059 3163 3951
f 3951 3163 6493
f 336 3164 3772
f 3772 3164 3771
f 3053 3911 3162
f 3162 3911 6494
f 3054 3168 3929
f 3929 3168 3952
f 3165 830 3920
f 3920 830 3945
f 3170 3169 6497
f 6497 3169 6498
f 3171 1354 5005
f 5005 1354 4830
f 3172 3170 6503
f 6503 3170 6497
f 3169 3061 6498
f 6498 3061 4060
f 3173 3171 5006
f 5006 3171 5005
f 3079 3172 6334
f 6334 3172 6503
f 3174 3025 6299
f 6299 3025 6300
f 6576 6577 6575
f 6575 6577 6578
f 4612 4611 6579
f 6579 4611 6580
f 6582 6583 6581
f 6581 6583 6584
f 6584 6585 4618
f 4618 6585 4621
f 6586 6587 6589
f 6589 6587 6588
f 6588 6587 6590
f 6590 6587 6591
f 6592 4606 6590
f 6590 4606 4623
f 6594 6576 6593
f 6593 6576 6575
f 6595 6582 6579
f 6579 6582 6581
f 6580 6597 6596
f 6596 6597 6598
f 6577 6576 6599
f 6599 6576 6600
f 6595 6596 6601
f 6601 6596 6602
f 6583 6582 6603
f 6603 6582 6604
f 6586 6606 6605
f 6605 6606 6607
f 6587 6586 6608
f 6608 6586 6605
f 6587 6608 6591
f 6591 6608 6609
f 6576 6594 6600
f 6600 6594 6610
f 6582 6595 6604
f 6604 6595 6601
f 6599 6611 6577
f 6577 6611 6598
f 6613 6614 6612
f 6612 6614 6615
f 6617 6618 6616
f 6616 6618 6619
f 6621 6622 6620
f 6620 6622 6623
f 6625 6626 6624
f 6624 6626 6627
f 6629 6630 6628
f 6628 6630 6631
f 6633 6634 6632
f 6632 6634 6635
f 6637 6638 6636
f 6636 6638 6639
f 6640 6641 6637
f 6637 6641 6638
f 6643 6633 6642
f 6642 6633 6632
f 6645 6646 6644
f 6644 6646 6647
f 6646 6648 6647
f 6647 6648 6649
f 6651 6652 6650
f 6650 6652 6653
f 6653 6652 6654
f 6654 6652 6655
f 6656 6657 6659
f 6659 6657 6658
f 6661 6662 6660
f 6660 6662 6663
f 6662 6661 6664
f 6664 6661 6665
f 6667 6657 6666
f 6666 6657 6656
f 6669 6670 6668
f 6668 6670 6671
f 6672 6673 6670
f 6670 6673 6671
f 6674 6675 6677
f 6677 6675 6676
f 6675 6678 6676
f 6676 6678 6679
f 6681 6682 6680
f 6680 6682 6683
f 6684 6685 6683
f 6683 6685 6680
f 6687 6688 6686
f 6686 6688 6689
f 6687 6690 6688
f 6688 6690 6691
f 6619 6618 6633
f 6633 6618 6634
f 6632 6635 6693
f 6693 6635 6692
f 6617 6694 6636
f 6636 6694 6637
f 6695 6692 6639
f 6639 6692 6635
f 6637 6694 6640
f 6640 6694 6696
f 6698 6638 6697
f 6697 6638 6641
f 6643 6616 6633
f 6633 6616 6619
f 6642 6699 6641
f 6641 6699 6697
f 6646 6645 6700
f 6700 6645 6621
f 6644 6701 6654
f 6654 6701 6702
f 6700 6703 6646
f 6646 6703 6648
f 6693 6704 6649
f 6649 6704 6647
f 6620 6623 6651
f 6651 6623 6652
f 6693 6649 6699
f 6699 6649 6650
f 6652 6623 6655
f 6655 6623 6622
f 6654 6702 6653
f 6653 6702 6697
f 6615 6614 6657
f 6657 6614 6658
f 6705 6656 6704
f 6704 6656 6659
f 6613 6706 6660
f 6660 6706 6661
f 6704 6659 6701
f 6701 6659 6663
f 6661 6706 6665
f 6665 6706 6707
f 6708 6702 6664
f 6664 6702 6662
f 6612 6615 6667
f 6667 6615 6657
f 6666 6709 6664
f 6664 6709 6708
f 6629 6710 6669
f 6669 6710 6670
f 6668 6711 6679
f 6679 6711 6712
f 6713 6672 6710
f 6710 6672 6670
f 6714 6671 6705
f 6705 6671 6673
f 6628 6631 6674
f 6674 6631 6675
f 6705 6673 6709
f 6709 6673 6677
f 6631 6630 6675
f 6675 6630 6678
f 6712 6708 6679
f 6679 6708 6676
f 6625 6715 6682
f 6682 6715 6683
f 6716 6717 6681
f 6681 6717 6691
f 6718 6684 6715
f 6715 6684 6683
f 6719 6680 6714
f 6714 6680 6685
f 6624 6627 6686
f 6686 6627 6687
f 6689 6711 6685
f 6685 6711 6714
f 6627 6626 6687
f 6687 6626 6690
f 6717 6712 6691
f 6691 6712 6688
f 6612 6707 6613
f 6613 6707 6706
f 6616 6696 6617
f 6617 6696 6694
f 6703 6700 6620
f 6620 6700 6621
f 6715 6625 6718
f 6718 6625 6624
f 6710 6629 6713
f 6713 6629 6628
f 6639 6635 6636
f 6636 6635 6634
f 6641 6640 6642
f 6642 6640 6643
f 6654 6655 6644
f 6644 6655 6645
f 6651 6650 6648
f 6648 6650 6649
f 6659 6658 6663
f 6663 6658 6660
f 6665 6667 6664
f 6664 6667 6666
f 6678 6669 6679
f 6679 6669 6668
f 6673 6672 6677
f 6677 6672 6674
f 6690 6682 6691
f 6691 6682 6681
f 6685 6684 6689
f 6689 6684 6686
f 6636 6634 6617
f 6617 6634 6618
f 6638 6698 6639
f 6639 6698 6695
f 6640 6696 6643
f 6643 6696 6616
f 6693 6699 6632
f 6632 6699 6642
f 6655 6622 6645
f 6645 6622 6621
f 6704 6701 6647
f 6647 6701 6644
f 6651 6648 6620
f 6620 6648 6703
f 6650 6653 6699
f 6699 6653 6697
f 6613 6660 6614
f 6614 6660 6658
f 6663 6662 6701
f 6701 6662 6702
f 6665 6707 6667
f 6667 6707 6612
f 6705 6709 6656
f 6656 6709 6666
f 6630 6629 6678
f 6678 6629 6669
f 6714 6711 6671
f 6671 6711 6668
f 6672 6713 6674
f 6674 6713 6628
f 6677 6676 6709
f 6709 6676 6708
f 6626 6625 6690
f 6690 6625 6682
f 6680 6719 6681
f 6681 6719 6716
f 6684 6718 6686
f 6686 6718 6624
f 6711 6689 6712
f 6689 6688 6712
f 6593 6720 6594
f 6594 6720 6721
f 6722 6720 4607
f 4607 6720 4849
f 6592 6723 6722
f 6722 6723 6724
f 4610 4609 6578
f 6578 4609 6575
f 6596 6595 6580
f 6580 6595 6579
f 4618 4617 6584
f 6584 4617 6581
f 6589 6585 6586
f 6586 6585 6606
f 4622 4619 6588
f 6588 4619 6589
f 4622 6588 4623
f 4623 6588 6590
f 4609 4645 6575
f 6575 4645 6593
f 4617 4612 6581
f 6581 4612 6579
f 5004 4610 6597
f 6597 4610 6578
f 4645 4849 6593
f 6593 4849 6720
f 6724 6721 6722
f 6722 6721 6720
f 6722 4607 6592
f 6592 4607 4606
f 6725 6610 6721
f 6721 6610 6594
f 6723 6726 6724
f 6724 6726 6727
f 6727 6725 6724
f 6724 6725 6721
f 6728 6729 6605
f 6605 6729 6608
f 6605 6607 6728
f 6728 6607 6730
f 6731 6732 6604
f 6604 6732 6603
f 6733 6734 6725
f 6725 6734 6610
f 6735 6733 6727
f 6727 6733 6725
f 6735 6727 6736
f 6736 6727 6726
f 6591 6609 6723
f 6723 6609 6726
f 6723 6592 6591
f 6591 6592 6590
f 6738 6739 6737
f 6737 6739 6740
f 6740 6739 6742
f 6742 6739 6741
f 6743 6744 6741
f 6741 6744 6742
f 6745 6746 6743
f 6743 6746 6744
f 6747 6748 6745
f 6745 6748 6746
f 6749 6750 6747
f 6747 6750 6748
f 6752 6738 6751
f 6751 6738 6737
f 6754 6752 6753
f 6753 6752 6751
f 6756 6754 6755
f 6755 6754 6753
f 6758 6750 6757
f 6757 6750 6749
f 6760 6756 6759
f 6759 6756 6755
f 6762 6760 6761
f 6761 6760 6759
f 6764 6762 6763
f 6763 6762 6761
f 6757 6764 6758
f 6758 6764 6763
f 6766 6741 6765
f 6765 6741 6739
f 6767 6743 6766
f 6766 6743 6741
f 6768 6745 6767
f 6767 6745 6743
f 6769 6747 6768
f 6768 6747 6745
f 6770 6749 6769
f 6769 6749 6747
f 6772 6769 6771
f 6771 6769 6768
f 6773 6770 6772
f 6772 6770 6769
f 6774 6775 6772
f 6772 6775 6773
f 6777 6778 6776
f 6776 6778 6779
f 6775 6774 6778
f 6778 6774 6779
f 6771 6780 6772
f 6772 6780 6774
f 6780 6781 6774
f 6774 6781 6779
f 6781 6782 6779
f 6779 6782 6776
f 6784 6785 6783
f 6783 6785 6786
f 6786 6787 6783
f 6783 6787 6788
f 6790 6788 6789
f 6789 6788 6787
f 6786 6785 6791
f 6791 6785 6792
f 6791 6793 6786
f 6786 6793 6787
f 6793 6794 6787
f 6787 6794 6789
f 6795 6796 6794
f 6794 6796 6789
f 6790 6789 6797
f 6797 6789 6796
f 6798 6765 6738
f 6738 6765 6739
f 6799 6798 6752
f 6752 6798 6738
f 6767 6800 6768
f 6768 6800 6771
f 6766 6801 6767
f 6767 6801 6800
f 6802 6801 6765
f 6765 6801 6766
f 6798 6803 6765
f 6765 6803 6802
f 6804 6803 6799
f 6799 6803 6798
f 6805 6806 6804
f 6804 6806 6803
f 6807 6799 6754
f 6754 6799 6752
f 6808 6804 6807
f 6807 6804 6799
f 6809 6805 6808
f 6808 6805 6804
f 6810 6811 6805
f 6805 6811 6806
f 6812 6813 6810
f 6810 6813 6811
f 6814 6815 6796
f 6796 6815 6797
f 6813 6814 6816
f 6816 6814 6817
f 6816 6818 6813
f 6813 6818 6811
f 6819 6806 6818
f 6818 6806 6811
f 6802 6803 6819
f 6819 6803 6806
f 6757 6749 6820
f 6820 6749 6770
f 6820 6770 6821
f 6821 6770 6773
f 6821 6773 6822
f 6822 6773 6775
f 6822 6775 6823
f 6823 6775 6778
f 6824 6823 6777
f 6777 6823 6778
f 6784 6825 6777
f 6777 6825 6824
f 6826 6827 6788
f 6788 6827 6783
f 6828 6826 6790
f 6790 6826 6788
f 6829 6828 6797
f 6797 6828 6790
f 6815 6830 6797
f 6797 6830 6829
f 6832 6812 6831
f 6831 6812 6810
f 6831 6810 6809
f 6809 6810 6805
f 6736 6800 6735
f 6735 6800 6801
f 6733 6735 6802
f 6802 6735 6801
f 6734 6733 6819
f 6819 6733 6802
f 6833 6734 6818
f 6818 6734 6819
f 6834 6833 6816
f 6816 6833 6818
f 6816 6817 6834
f 6834 6817 6835
f 6837 6795 6836
f 6836 6795 6794
f 6836 6794 6731
f 6731 6794 6793
f 6732 6731 6791
f 6791 6731 6793
f 6791 6792 6732
f 6732 6792 6730
f 6729 6728 6781
f 6781 6728 6782
f 6838 6807 6756
f 6756 6807 6754
f 6839 6838 6760
f 6760 6838 6756
f 6840 6839 6762
f 6762 6839 6760
f 6841 6840 6764
f 6764 6840 6762
f 6820 6841 6757
f 6757 6841 6764
f 6841 6820 6842
f 6842 6820 6821
f 6840 6841 6843
f 6843 6841 6842
f 6839 6840 6844
f 6844 6840 6843
f 6838 6839 6845
f 6845 6839 6844
f 6807 6838 6808
f 6808 6838 6845
f 6842 6821 6846
f 6846 6821 6822
f 6843 6842 6847
f 6847 6842 6846
f 6844 6843 6848
f 6848 6843 6847
f 6845 6844 6849
f 6849 6844 6848
f 6808 6845 6809
f 6809 6845 6849
f 6850 6831 6849
f 6849 6831 6809
f 6851 6850 6848
f 6848 6850 6849
f 6847 6852 6848
f 6848 6852 6851
f 6853 6852 6846
f 6846 6852 6847
f 6846 6822 6853
f 6853 6822 6823
f 6853 6823 6854
f 6854 6823 6824
f 6854 6855 6853
f 6853 6855 6852
f 6856 6851 6855
f 6855 6851 6852
f 6856 6857 6851
f 6851 6857 6850
f 6857 6832 6850
f 6850 6832 6831
f 6825 6858 6824
f 6824 6858 6854
f 6860 6827 6859
f 6859 6827 6826
f 6859 6826 6861
f 6861 6826 6828
f 6862 6861 6829
f 6829 6861 6828
f 6830 6863 6829
f 6829 6863 6862
f 6863 6864 6862
f 6862 6864 6865
f 6858 6866 6854
f 6854 6866 6855
f 6867 6865 6866
f 6866 6865 6864
f 6869 6859 6868
f 6868 6859 6861
f 6867 6869 6865
f 6865 6869 6868
f 6861 6862 6868
f 6868 6862 6865
f 6867 6860 6869
f 6869 6860 6859
f 6753 6751 6698
f 6698 6751 6695
f 6697 6755 6698
f 6698 6755 6753
f 6759 6755 6702
f 6702 6755 6697
f 6761 6759 6708
f 6708 6759 6702
f 6763 6761 6712
f 6712 6761 6708
f 6758 6763 6717
f 6717 6763 6712
f 6750 6758 6716
f 6716 6758 6717
f 6719 6748 6716
f 6716 6748 6750
f 6714 6746 6719
f 6719 6746 6748
f 6705 6744 6714
f 6714 6744 6746
f 6704 6742 6705
f 6705 6742 6744
f 6740 6742 6693
f 6693 6742 6704
f 6737 6740 6692
f 6692 6740 6693
f 6751 6737 6695
f 6695 6737 6692
f 6601 6602 6836
f 6836 6602 6837
f 6604 6601 6731
f 6731 6601 6836
f 6599 6600 6834
f 6834 6600 6833
f 6834 6835 6599
f 6599 6835 6611
f 6600 6610 6833
f 6833 6610 6734
f 6780 6771 6870
f 6870 6771 6736
f 6736 6771 6800
f 6870 6729 6780
f 6780 6729 6781
f 6608 6729 6609
f 6609 6729 6870
f 6609 6870 6726
f 6726 6870 6736
f 5014 5015 5229
f 5229 5015 5230
f 4258 5015 4259
f 4259 5015 4878
f 3471 3013 4703
f 4703 3013 4704
f 2879 6337 1306
f 1306 6337 4785
f 829 3471 4316
f 4316 3471 4703
f 4702 3472 5223
f 5223 3472 1756
f 6871 6872 4534
f 4534 6872 4535
f 6871 4665 6872
f 6872 4665 4844
f 6871 6873 4665
f 4665 6873 4559
f 6871 4534 6873
f 6873 4534 4542
f 4153 4152 4822
f 4822 4152 4407
f 4152 4168 4407
f 4407 4168 4342
f 4343 4168 4923
f 4923 4168 4167
f 4363 4362 4972
f 4972 4362 4840
f 4362 4394 4840
f 4840 4394 4839
f 4401 4400 4986
f 4986 4400 4984
f 4435 4434 4841
f 4841 4434 4842
f 4506 4505 4530
f 4530 4505 4531
f 4506 4535 4507
f 4507 4535 4843
f 4661 4660 4516
f 4516 4660 4517
f 4673 4672 4937
f 4937 4672 6547
f 4400 4924 4984
f 4984 4924 5263
f 4673 4660 4674
f 4674 4660 4659
f 4505 4661 4531
f 4531 4661 4516
f 4952 4401 6874
f 6874 4401 4986
f 4954 4153 6875
f 6875 4153 4822
f 4363 4973 4364
f 4364 4973 4974
f 5264 4924 5267
f 5267 4924 4691
f 6293 6292 6876
f 6876 6292 6877
f 6380 4343 6387
f 6387 4343 4923
f 4394 4435 4839
f 4839 4435 4841
f 4672 4434 6547
f 6547 4434 4433
f 4973 6556 4974
f 4974 6556 6878
f 6567 6380 6574
f 6574 6380 6387
f 6292 4954 6877
f 6877 4954 6875
f 6567 5264 6568
f 6568 5264 5267
f 4145 4144 4154
f 4154 4144 4151
f 4194 4144 4425
f 4425 4144 4143
f 4355 4354 5263
f 5263 4354 4984
f 4360 4359 4364
f 4364 4359 4361
f 4444 4359 4392
f 4392 4359 4337
f 4447 4446 4432
f 4432 4446 4433
f 4464 4463 6547
f 6547 4463 4937
f 4519 4518 4654
f 4654 4518 4509
f 4533 4532 4499
f 4499 4532 4498
f 4533 4542 4530
f 4530 4542 4534
f 4519 4532 4516
f 4516 4532 4531
f 4922 4194 4426
f 4426 4194 4425
f 4463 4518 4937
f 4937 4518 4517
f 6555 4951 6874
f 6874 4951 6878
f 4958 4957 6290
f 6290 4957 6291
f 4334 4360 4712
f 4712 4360 4950
f 4985 4354 4419
f 4419 4354 4353
f 5262 4355 5265
f 5265 4355 5263
f 6294 4958 4804
f 4804 4958 6290
f 6386 4922 6384
f 6384 4922 4426
f 4444 4447 4393
f 4393 4447 4432
f 4464 4446 4465
f 4465 4446 4445
f 4985 6555 4986
f 4986 6555 6874
f 6573 6386 6571
f 6571 6386 6384
f 4145 6294 4146
f 4146 6294 4804
f 6573 5262 6574
f 6574 5262 5265
f 4542 4541 6873
f 6873 4541 4559
f 4535 6872 4843
f 4843 6872 4844
f 4104 4103 6879
f 6879 4103 6343
f 4105 6293 6307
f 6307 6293 6876
f 4104 4956 4105
f 4105 4956 6293
f 4956 4104 4957
f 4957 4104 6879
f 4957 6879 6291
f 6291 6879 6309
f 4648 4988 4649
f 4649 4988 4953
f 4802 4803 4928
f 4928 4803 6550
f 6550 4803 6555
f 6555 4803 4951
f 1516 3173 4987
f 4987 3173 5006
f 6519 6518 6558
f 6558 6518 6510
f 6527 6519 6559
f 6559 6519 6558
f 6528 6560 6529
f 6529 6560 6541
f 6548 4625 6549
f 6549 4625 4624
f 6551 6552 4746
f 4746 6552 6505
f 6553 4711 6554
f 6554 4711 4710
f 4802 6551 4713
f 4713 6551 4746
f 6556 4973 4649
f 4649 4973 4646
f 6557 4949 6548
f 6548 4949 4625
f 4648 4647 6553
f 6553 4647 4711
f 6549 4624 4987
f 4987 4624 4838
f 6552 6518 6505
f 6505 6518 6507
f 6561 4372 6529
f 6529 4372 6514
f 6562 4369 6561
f 6561 4369 4372
f 3142 3482 6562
f 6562 3482 4369
f 6556 4952 6878
f 6878 4952 6874
f 4951 4950 6878
f 6878 4950 4974
f 3168 440 3952
f 4204 4203 5341
f 5341 4203 6364
f 4219 4222 6429
f 6429 4222 4383
f 4319 4322 6506
f 6506 4322 4747
f 4340 4714 4341
f 4341 4714 4384
f 4375 4377 6388
f 6388 4377 6546
f 4378 4381 6311
f 6311 4381 4720
f 4449 4341 4387
f 4387 4341 4384
f 4473 4472 4477
f 4477 4472 4474
f 4492 4491 4487
f 4487 4491 4488
f 4523 4491 4522
f 4522 4491 4490
f 4492 4538 4493
f 4493 4538 4555
f 4538 4553 4555
f 4555 4553 4556
f 4620 4615 4621
f 4621 4615 4618
f 4652 4651 4368
f 4368 4651 4365
f 4523 4655 4524
f 4524 4655 4656
f 4553 4667 4556
f 4556 4667 4571
f 4651 1210 4365
f 4365 1210 1209
f 4698 4697 5223
f 5223 4697 6344
f 4340 4339 4322
f 4322 4339 4747
f 4726 4729 5287
f 5287 4729 4198
f 4381 4380 4737
f 4737 4380 6368
f 4836 4835 4451
f 4451 4835 4709
f 4910 6367 4911
f 4911 6367 6366
f 4912 4915 6450
f 6450 4915 6449
f 4927 4836 4450
f 4450 4836 4451
f 4930 4929 4439
f 4439 4929 4436
f 4936 4935 4459
f 4459 4935 4456
f 4473 4655 4470
f 4470 4655 4510
f 4942 4583 4943
f 4943 4583 4572
f 4948 4601 4947
f 4947 4601 4584
f 4949 4835 4625
f 4625 4835 4626
f 4966 4969 6289
f 6289 4969 4695
f 4971 4652 4926
f 4926 4652 4368
f 4203 4977 6364
f 6364 4977 6365
f 4990 4989 4443
f 4443 4989 4440
f 4990 4991 4478
f 4478 4991 4512
f 4992 4991 4528
f 4528 4991 4515
f 4992 4993 4527
f 4527 4993 4485
f 4994 4993 4502
f 4502 4993 4503
f 4994 4995 4482
f 4482 4995 4550
f 4543 4996 4544
f 4544 4996 4995
f 4999 4998 4567
f 4567 4998 4578
f 5000 4998 4575
f 4575 4998 4997
f 5002 5001 4592
f 4592 5001 4574
f 5003 5004 4614
f 4614 5004 4611
f 3483 4215 1755
f 1755 4215 4698
f 5274 5277 4195
f 4195 5277 4223
f 4726 5295 4727
f 4727 5295 6350
f 5309 5342 5310
f 5310 5342 6363
f 5315 5314 5316
f 5316 5314 5317
f 5339 6362 5340
f 5340 6362 5363
f 5310 6363 5339
f 5339 6363 6362
f 4204 5309 4201
f 4201 5309 5308
f 4915 5345 6449
f 6449 5345 6448
f 5345 5315 6448
f 6448 5315 5316
f 5348 5347 6351
f 6351 5347 6352
f 5365 4263 5340
f 5340 4263 4262
f 6295 6298 4733
f 4733 6298 4734
f 4969 6306 4695
f 4695 6306 4696
f 6306 4378 4696
f 4696 4378 6311
f 6369 6372 6544
f 6544 6372 6545
f 4375 6390 4373
f 4373 6390 4374
f 6421 6422 4911
f 4911 6422 4908
f 4910 4909 4737
f 4737 4909 4736
f 5277 4219 4223
f 4223 4219 6429
f 4697 4222 6344
f 6344 4222 4221
f 6436 6361 6437
f 6437 6361 6360
f 6438 6440 6437
f 6437 6440 6434
f 6438 6359 6441
f 6441 6359 6358
f 6442 6441 6357
f 6357 6441 6358
f 6442 6444 6443
f 6443 6444 6445
f 6446 6444 6355
f 6355 6444 6356
f 6446 4912 6447
f 6447 4912 6450
f 6436 6435 5365
f 5365 6435 4263
f 5314 5347 5317
f 5317 5347 5346
f 4319 6512 4320
f 4320 6512 6513
f 6520 6512 6521
f 6521 6512 6508
f 6528 6520 6527
f 6527 6520 6521
f 6532 6539 6533
f 6533 6539 6535
f 6533 6535 6537
f 6537 6535 6534
f 6538 6543 6537
f 6537 6543 6536
f 6295 4377 6296
f 6296 4377 4376
f 4989 4930 4440
f 4440 4930 4439
f 4927 4929 4422
f 4422 4929 4455
f 4449 4936 4388
f 4388 4936 4459
f 4472 4935 4474
f 4474 4935 4932
f 4942 4940 4947
f 4947 4940 4939
f 5001 5000 4574
f 4574 5000 4575
f 4669 4943 4666
f 4666 4943 4667
f 4996 4999 4547
f 4547 4999 4567
f 4948 4946 4620
f 4620 4946 4615
f 5003 5002 4591
f 4591 5002 4592
f 6557 4971 6554
f 6554 4971 4926
f 6532 6560 6539
f 6539 6560 6559
f 6390 6372 4374
f 4374 6372 6371
f 4966 6298 4967
f 4967 6298 6297
f 6538 6526 6369
f 6369 6526 6370
f 6585 6589 4621
f 4621 6589 4619
f 6597 6578 6598
f 6598 6578 6577
f 6606 6583 6607
f 6607 6583 6603
f 6611 6602 6598
f 6598 6602 6596
f 6585 6584 6606
f 6606 6584 6583
f 6597 6580 5004
f 5004 6580 4611
f 6607 6603 6730
f 6730 6603 6732
f 6776 6785 6777
f 6777 6785 6784
f 6785 6776 6792
f 6792 6776 6782
f 6815 6814 6812
f 6812 6814 6813
f 6817 6814 6795
f 6795 6814 6796
f 6825 6784 6827
f 6827 6784 6783
f 6830 6815 6832
f 6832 6815 6812
f 6817 6795 6835
f 6835 6795 6837
f 6792 6782 6730
f 6730 6782 6728
f 6858 6825 6860
f 6860 6825 6827
f 6863 6830 6857
f 6857 6830 6832
f 6864 6863 6856
f 6856 6863 6857
f 6866 6858 6867
f 6867 6858 6860
f 6866 6864 6855
f 6855 6864 6856
f 6835 6837 6611
f 6611 6837 6602
f 6560 6528 6559
f 6559 6528 6527
f 4949 6557 4710
f 4710 6557 6554
f 4430 4090 4175
f 4175 4090 4089
f 4777 4113 4155
f 4155 4113 4086
f 4175 4089 4176
f 4176 4089 4142
f 4199 4271 4200
f 4200 4271 4798
f 4199 4095 4272
f 4272 4095 5273
f 4406 4405 4404
f 4404 4405 4346
f 4410 4409 6877
f 6877 4409 6876
f 4409 4413 6876
f 6876 4413 6307
f 4415 4148 4416
f 4416 4148 4147
f 4690 4405 4344
f 4344 4405 4342
f 4693 4692 4352
f 4352 4692 4349
f 4701 4700 6337
f 6337 4700 6338
f 4778 4777 4081
f 4081 4777 4155
f 4821 4406 4809
f 4809 4406 4404
f 4176 4142 4181
f 4181 4142 4415
f 4760 4970 4399
f 4399 4970 4692
f 4200 5007 4096
f 4096 5007 4078
f 5266 4693 5269
f 5269 4693 4352
f 5270 5007 5361
f 5361 5007 4797
f 4778 5270 4779
f 4779 5270 5361
f 6285 4410 6875
f 6875 4410 6877
f 6308 4413 4687
f 4687 4413 4412
f 6480 6320 6481
f 6481 6320 6880
f 4701 2878 4702
f 4702 2878 3472
f 6339 6347 6340
f 6340 6347 6348
f 6341 6342 6346
f 6346 6342 6345
f 4416 6308 4414
f 4414 6308 4687
f 6385 4690 6381
f 6381 4690 4344
f 5282 6341 5280
f 5280 6341 6339
f 4700 6342 6338
f 6338 6342 5281
f 6340 6348 4272
f 4272 6348 4270
f 6480 6479 4828
f 4828 6479 4829
f 6490 6479 6489
f 6489 6479 6478
f 4090 4430 6490
f 6490 4430 4429
f 6563 6564 4970
f 4970 6564 4815
f 4694 6566 4366
f 4366 6566 6563
f 6572 6385 6568
f 6568 6385 6381
f 4821 6285 4822
f 4822 6285 6875
f 6572 5266 6569
f 6569 5266 5269
f 3482 3103 4369
f 4369 3103 4370
f 3121 4730 3485
f 3485 4730 4327
f 6277 6280 6273
f 6273 6280 6272
f 6267 6276 6278
f 6278 6276 6279
f 6278 6279 6277
f 6277 6279 6280
f 6279 6256 6280
f 6280 6256 6255
f 6256 3857 6255
f 6255 3857 3754
f 3857 3856 3754
f 3754 3856 3755
f 3856 3703 3755
f 3755 3703 3863
f 3703 3702 3863
f 3863 3702 3759
f 3702 3706 3759
f 3759 3706 3670
f 3706 3705 3670
f 3670 3705 3668
f 3705 3773 3668
f 3668 3773 3882
f 3882 3773 3883
f 3883 3773 3707
f 3707 3708 3883
f 3883 3708 3880
f 3708 3710 3880
f 3880 3710 3881
f 3709 5241 3710
f 3710 5241 3881
f 5241 3709 5234
f 5234 3709 3786
f 3693 3712 3786
f 3786 3712 5234
f 4051 4055 4052
f 4052 4055 4056
f 4056 4055 4057
f 4057 4055 4054
f 4066 5238 5236
f 5236 5238 3989
f 4066 4069 5238
f 5238 4069 4035
f 6881 3962 3960
f 3960 3962 3957
f 6883 4070 6882
f 6882 4070 3941
f 4070 6883 4071
f 4071 6883 6884
f 4071 6884 4072
f 4072 6884 6885
f 6885 6886 4072
f 4072 6886 4031
f 3955 6881 3956
f 3956 6881 3960
f 6884 3991 6885
f 6885 3991 3990
f 6883 6887 6884
f 6884 6887 3991
f 6887 6888 3991
f 3991 6888 3992
f 6888 6887 6889
f 6889 6887 6890
f 6887 6883 6890
f 6890 6883 6882
f 4058 5240 3953
f 3953 5240 3954
f 5236 6888 5239
f 5239 6888 6889
f 5237 6886 3990
f 3990 6886 6885
f 4034 4031 5237
f 5237 4031 6886
f 6881 6882 3962
f 3962 6882 3941
f 6881 3955 6882
f 6882 3955 6890
f 3955 3954 6890
f 6890 3954 6889
f 5239 6889 5240
f 5240 6889 3954
f 6888 5236 3992
f 3992 5236 3989
f 3869 3868 3888
f 3888 3868 4015
f 3868 4012 4015
f 4015 4012 4010
f 4012 4022 4010
f 4010 4022 4009
f 4022 4021 4009
f 4009 4021 4018
f 4020 3974 4001
f 4001 3974 3996
f 4021 4020 4029
f 4029 4020 4001
f 4085 4156 4086
f 4086 4156 4155
f 4113 4777 4114
f 4114 4777 4776
f 4130 4129 4094
f 4094 4129 4091
f 4139 4773 4140
f 4140 4773 4772
f 4149 4178 4150
f 4150 4178 5225
f 4160 4159 4087
f 4087 4159 4088
f 4149 4148 4179
f 4179 4148 4141
f 4085 4084 4183
f 4183 4084 6315
f 4179 4141 4159
f 4159 4141 4088
f 4192 4130 4162
f 4162 4130 4094
f 4197 5288 4198
f 4198 5288 5287
f 4229 4766 4230
f 4230 4766 4771
f 4245 4246 4242
f 4242 4246 4249
f 4183 6315 4418
f 4418 6315 6314
f 4679 4178 4680
f 4680 4178 4177
f 4724 4798 4725
f 4725 4798 4271
f 4728 5275 4729
f 4729 5275 5274
f 4230 4771 4249
f 4249 4771 4242
f 4724 4723 4799
f 4799 4723 5355
f 4823 4824 4891
f 4891 4824 6327
f 4823 4192 4161
f 4161 4192 4162
f 4893 4767 4229
f 4229 4767 4766
f 4894 4895 4898
f 4898 4895 4899
f 4106 4150 4103
f 4103 4150 5225
f 4680 4894 4677
f 4677 4894 4898
f 6420 4977 5301
f 5301 4977 4976
f 4679 4678 5226
f 5226 4678 4427
f 5228 5008 4893
f 4893 5008 4767
f 5285 6354 5286
f 5286 6354 5343
f 5289 5352 5290
f 5290 5352 5349
f 5290 5349 5295
f 5295 5349 5348
f 5302 5299 4202
f 4202 5299 4976
f 4725 4271 5311
f 5311 4271 4270
f 5325 4723 5326
f 5326 4723 4722
f 5335 5355 5325
f 5325 5355 4723
f 5326 4722 5286
f 5286 4722 5283
f 4799 5357 4797
f 4797 5357 5361
f 5359 5356 5335
f 5335 5356 5355
f 4775 4774 5356
f 5356 4774 5357
f 5359 5358 4092
f 4092 5358 4093
f 6316 4740 6317
f 6317 4740 4739
f 6318 4827 6316
f 6316 4827 4740
f 6319 4828 6318
f 6318 4828 4827
f 6320 6480 6319
f 6319 6480 4828
f 6484 6322 6485
f 6485 6322 6321
f 6487 6324 6331
f 6331 6324 6323
f 6331 6323 6330
f 6330 6323 6325
f 6325 6326 6330
f 6330 6326 6329
f 6326 6328 6329
f 6329 6328 5231
f 4824 4685 5228
f 5228 4685 5008
f 5226 6343 5225
f 5225 6343 4103
f 4728 4727 6349
f 6349 4727 5284
f 6350 6351 5285
f 5285 6351 6354
f 4247 4246 6418
f 6418 4246 6365
f 6400 6402 6401
f 6401 6402 6459
f 4197 4196 6409
f 6409 4196 6426
f 6412 4897 6328
f 6328 4897 5231
f 6413 4133 6412
f 6412 4133 4897
f 6414 4134 6413
f 6413 4134 4133
f 6415 4225 6414
f 6414 4225 4134
f 6416 4252 6415
f 6415 4252 4225
f 6417 4253 6416
f 6416 4253 4252
f 4253 6417 6366
f 6366 6417 6419
f 6366 6419 4911
f 4911 6419 6421
f 6422 6423 4908
f 4908 6423 5298
f 5298 6423 6396
f 6396 6423 6424
f 6409 6426 6425
f 6425 6426 6397
f 5300 5299 6399
f 6399 5299 6400
f 6465 6408 6401
f 6401 6408 6398
f 6424 6399 6425
f 6425 6399 6398
f 6349 5284 5311
f 5311 5284 5283
f 6465 6464 5289
f 5289 6464 5352
f 6488 6483 6492
f 6492 6483 6482
f 6486 6491 6482
f 6482 6491 6492
f 6491 4895 6492
f 6492 4895 4157
f 6488 4160 6489
f 6489 4160 4087
f 6501 6502 4418
f 4418 6502 4417
f 6504 6500 6317
f 6317 6500 6314
f 3497 3496 6501
f 6501 3496 6502
f 3499 3498 6504
f 6504 3498 6500
f 4729 5274 4198
f 4198 5274 4195
f 6418 6365 6420
f 6420 6365 4977
f 5295 5348 6350
f 6350 5348 6351
f 5301 6422 6420
f 6420 6422 6421
f 4113 4112 4086
f 4086 4112 4083
f 6320 4112 6880
f 6880 4112 4111
f 4091 4772 4092
f 4092 4772 4775
f 4129 4140 4091
f 4091 4140 4772
f 4137 4140 4128
f 4128 4140 4129
f 4128 6324 4137
f 4137 6324 6321
f 6324 6487 6321
f 6321 6487 6485
f 6487 6486 6485
f 6485 6486 6482
f 4774 4773 4779
f 4779 4773 4776
f 4773 4139 4776
f 4776 4139 4114
f 4139 4138 4114
f 4114 4138 4111
f 4138 6322 4111
f 4111 6322 6880
f 6322 6484 6880
f 6880 6484 6481
f 6484 6483 6481
f 6481 6483 6478
f 6879 6343 6309
f 6309 6343 4428
f 4106 4105 4900
f 4900 4105 6307
f 3500 3167 6495
f 6495 3167 6496
f 3500 6495 3070
f 3070 6495 5368
f 3502 5235 3501
f 3501 5235 4813
f 3024 3503 6473
f 6473 3503 6474
f 3503 3023 6474
f 6474 3023 6374
f 3504 1770 4348
f 4348 1770 4345
f 3502 3505 5235
f 5235 3505 4810
f 3498 3497 6500
f 6500 3497 6501
f 3496 3075 6502
f 6502 3075 6275
f 6299 4254 3174
f 3174 4254 3017
f 1769 3501 4814
f 4814 3501 4813
f 3506 3018 6476
f 6476 3018 4257
f 3507 3499 6499
f 6499 3499 6504
f 3030 4216 3483
f 3483 4216 4215
f 3077 3507 6333
f 6333 3507 6499
f 1784 3160 5249
f 5249 3160 6523
f 3015 3506 4240
f 4240 3506 6476
f 3508 3504 6383
f 6383 3504 4348
f 3509 3016 6477
f 6477 3016 4239
f 3028 3509 6467
f 6467 3509 6477
f 3022 1785 5246
f 5246 1785 5247
f 3161 3508 6570
f 6570 3508 6383
f 3150 3149 4694
f 4694 3149 6566
f 1327 4807 3510
f 3510 4807 4811
f 3510 4811 3505
f 3505 4811 4810
f 3146 3511 4816
f 4816 3511 4350
f 3511 1808 4350
f 4350 1808 4351
f 3485 4327 3159
f 3159 4327 4330
f 1326 3512 4806
f 4806 3512 6310
f 3512 1331 6310
f 6310 1331 4688

