# https://github.com/mikedh/trimesh
v -0.01587823 -0.81402457 -0.20726727
v -0.01998710 -0.79790175 -0.21271381
v -0.00900996 -0.79642820 -0.20345975
v -0.00431736 -0.80878246 -0.19548759
v -0.01171413 -0.78557420 -0.20825845
v -0.02161851 -0.78557193 -0.21469617
v -0.00175033 -0.79182094 -0.19329247
v 0.00218827 -0.80166650 -0.18388531
v 0.00761101 -0.75758237 -0.17999670
v 0.01181613 -0.75416344 -0.16935854
v 0.01102943 -0.76575518 -0.17177474
v 0.00581336 -0.76613653 -0.18079087
v 0.00876038 -0.73270661 -0.17251438
v 0.00367598 -0.72294986 -0.17998728
v 0.00600328 -0.71554852 -0.16824430
v 0.00966170 -0.72510254 -0.15950927
v -0.02917701 -0.73185885 -0.20468330
v -0.02353420 -0.72599828 -0.20301408
v -0.01984568 -0.73267508 -0.20321776
v -0.02636362 -0.73789239 -0.20449224
v -0.03844094 -0.74016464 -0.21021293
v -0.03763291 -0.74578345 -0.20803258
v -0.04296225 -0.74873948 -0.21277633
v -0.04295382 -0.74245691 -0.21586543
v -0.03433602 -0.72663975 -0.20347625
v -0.02830468 -0.72058988 -0.20151901
v -0.03423050 -0.73680228 -0.20635879
v -0.03535599 -0.73237795 -0.20698003
v -0.03885648 -0.72553736 -0.21549341
v -0.03775258 -0.73028755 -0.21481055
v -0.04095955 -0.73078710 -0.22137158
v -0.04195593 -0.72549301 -0.21966714
v -0.03558850 -0.72593588 -0.20724431
v -0.03553525 -0.72840190 -0.21010002
v -0.03774764 -0.72442722 -0.21171257
v -0.03892895 -0.72269267 -0.20857081
v -0.03915535 -0.73581409 -0.21221699
v -0.04235853 -0.73703176 -0.21876597
v -0.04644724 -0.73766601 -0.22520792
v -0.04495909 -0.72961122 -0.22757298
v -0.01213352 -0.71445578 -0.19450568
v -0.01750060 -0.72040474 -0.20008999
v -0.02216008 -0.71541619 -0.19919756
v -0.01725630 -0.71072423 -0.19535714
v -0.03709944 -0.72025657 -0.20482183
v -0.03292269 -0.70593643 -0.20215648
v -0.03286174 -0.70942372 -0.20289943
v -0.03905034 -0.70956987 -0.20693871
v -0.03843404 -0.70636129 -0.20631653
v -0.00643793 -0.70263618 -0.18261850
v -0.01239971 -0.70068890 -0.18688461
v -0.01177611 -0.69478834 -0.18282086
v -0.00618759 -0.69521856 -0.17721349
v -0.01383474 -0.68935150 -0.18078786
v -0.00735638 -0.68809855 -0.17239214
v -0.01593303 -0.67552233 -0.16911134
v -0.01130243 -0.68089539 -0.17034510
v -0.01739491 -0.68430662 -0.17992973
v -0.02245734 -0.67942053 -0.18192703
v -0.03383400 -0.68188798 -0.19235012
v -0.03952259 -0.67975032 -0.19506571
v -0.03451811 -0.66908324 -0.18989369
v -0.02871071 -0.67349160 -0.18624514
v -0.03355239 -0.70068812 -0.19770962
v -0.02975712 -0.70134687 -0.19479370
v -0.02945354 -0.70242298 -0.19737431
v -0.03350891 -0.70291257 -0.20095928
v -0.02624779 -0.70152289 -0.19286191
v -0.02460722 -0.70137250 -0.19220048
v -0.02475718 -0.70236087 -0.19372067
v -0.02644577 -0.70215082 -0.19395930
v -0.02836935 -0.70168942 -0.19435629
v -0.02938417 -0.69999969 -0.19432914
v -0.02718180 -0.70078290 -0.19308598
v -0.03286628 -0.69884443 -0.19693904
v -0.04388369 -0.69471771 -0.20492508
v -0.04100686 -0.69562167 -0.20367296
v -0.04253977 -0.69950897 -0.20365670
v -0.04500506 -0.69922388 -0.20455432
v -0.02595472 -0.70397735 -0.19546491
v -0.02410384 -0.70532829 -0.19564468
v -0.02805340 -0.70753378 -0.19913955
v -0.02905717 -0.70494950 -0.19819801
v -0.02148194 -0.70731509 -0.19631335
v -0.02253672 -0.70353776 -0.19347131
v -0.01891157 -0.70442289 -0.19268110
v -0.02528103 -0.69993663 -0.19162899
v -0.02257538 -0.69861436 -0.18995199
v -0.02186494 -0.70081156 -0.19174570
v -0.02455389 -0.69574392 -0.18958132
v -0.02764607 -0.69809151 -0.19230333
v -0.03099880 -0.69607890 -0.19469576
v -0.03519752 -0.69390500 -0.19835913
v -0.03251995 -0.69012427 -0.19444090
v -0.02798286 -0.69277042 -0.19137281
v -0.02530463 -0.71111721 -0.19895649
v -0.01773543 -0.70061773 -0.18976092
v -0.01452431 -0.70646638 -0.19114161
v -0.01799606 -0.69657916 -0.18734188
v -0.02001762 -0.69255471 -0.18597791
v -0.02360480 -0.68870878 -0.18662384
v -0.02842527 -0.68523902 -0.18933225
v -0.03178738 -0.66302490 -0.17612843
v -0.02436518 -0.66873926 -0.17285392
v -0.02330401 -0.77777028 -0.21186650
v -0.01454905 -0.77772963 -0.20895295
v -0.01339963 -0.77095699 -0.20368059
v -0.01279955 -0.77312601 -0.20426589
v -0.01696155 -0.77383906 -0.20724007
v -0.01782832 -0.77183366 -0.20580097
v -0.00056633 -0.76723039 -0.18696043
v -0.00518248 -0.76793379 -0.19210225
v -0.00422787 -0.76434278 -0.19003478
v 0.00214585 -0.76082277 -0.18551691
v -0.01045560 -0.75582463 -0.19653031
v -0.00650661 -0.75761616 -0.19341460
v -0.01112063 -0.76360333 -0.19724667
v -0.01390362 -0.76219344 -0.19966209
v -0.01730172 -0.76125622 -0.20169887
v -0.02109226 -0.76077282 -0.20272000
v -0.02030686 -0.75585842 -0.20161042
v -0.01548695 -0.75551653 -0.19964543
v -0.02390649 -0.77445674 -0.20905122
v -0.03076799 -0.77321547 -0.20825607
v -0.02933312 -0.77086312 -0.20725551
v -0.02338527 -0.77181464 -0.20805021
v -0.03754441 -0.76418394 -0.20201454
v -0.03691576 -0.76650977 -0.20301318
v -0.04008011 -0.76724911 -0.20460121
v -0.04037344 -0.76351541 -0.20323086
v -0.03785224 -0.76085657 -0.20290995
v -0.03613169 -0.76280463 -0.20204754
v -0.02741935 -0.83610231 -0.20798431
v -0.02852851 -0.81646919 -0.21609044
v -0.01113821 -0.83156371 -0.19622749
v 0.00112984 -0.82268286 -0.18573642
v 0.00678362 -0.81077564 -0.17277664
v 0.00021271 -0.70776492 -0.17622152
v 0.00143904 -0.70039809 -0.16823599
v 0.00767962 -0.70893538 -0.15706640
v 0.00632131 -0.70057756 -0.14998031
v 0.00008541 -0.69147944 -0.16205150
v -0.01217674 -0.67466438 -0.15419273
v -0.00446589 -0.68204939 -0.15715139
v 0.00171800 -0.69239318 -0.14198780
v 0.00703820 -0.70644486 -0.12887029
v 0.01062259 -0.71132886 -0.13811745
v 0.00985584 -0.72341967 -0.12023393
v 0.00265968 -0.70159936 -0.11482725
v 0.00687365 -0.72353023 -0.11128391
v -0.00586707 -0.66875362 -0.10837657
v -0.00324887 -0.66088533 -0.10079090
v 0.00424732 -0.67101038 -0.08991394
v 0.00335173 -0.67905223 -0.09728300
v 0.01152831 -0.71761525 -0.14756483
v 0.00976977 -0.77912986 -0.16571955
v 0.00739266 -0.77589059 -0.17688724
v 0.01415572 -0.76648045 -0.16099575
v 0.00935404 -0.84439534 -0.15331732
v 0.00303682 -0.83490652 -0.17038977
v 0.01159678 -0.82026291 -0.16100521
v 0.01528344 -0.82979000 -0.14618075
v -0.02019847 -0.87600040 -0.16598628
v -0.02303226 -0.85856080 -0.18941584
v -0.00860049 -0.84897888 -0.18073753
v -0.00416688 -0.86380005 -0.16068743
v 0.01779133 -0.83372051 -0.13215835
v 0.01892741 -0.83700907 -0.11294375
v 0.01187181 -0.85251999 -0.10692477
v 0.01044734 -0.85225934 -0.13028762
v -0.00195589 -0.87195665 -0.10235107
v -0.00285473 -0.87066633 -0.13080280
v 0.00631554 -0.71267521 -0.09661065
v 0.00807860 -0.73101401 -0.09970468
v 0.00128880 -0.68902194 -0.10688642
v 0.00566614 -0.69943905 -0.09204520
v -0.02120632 -0.88319838 -0.10056015
v -0.02156574 -0.88461989 -0.13335542
v 0.00566083 -0.82104599 -0.06316312
v 0.00742563 -0.83660197 -0.07247429
v 0.01669046 -0.82307589 -0.08705337
v 0.01439190 -0.81091523 -0.07678013
v -0.00725763 -0.83233023 -0.04890344
v -0.00640619 -0.84966075 -0.05941355
v -0.00003420 -0.76772058 -0.05864519
v -0.00521960 -0.75064230 -0.06218563
v -0.01477009 -0.75342453 -0.05213675
v -0.01145505 -0.77182782 -0.04539254
v -0.00484671 -0.78382152 -0.20059258
v -0.00836936 -0.77692765 -0.20361663
v -0.00466101 -0.77509880 -0.19731089
v -0.00037937 -0.77958834 -0.19288859
v 0.00310609 -0.78527844 -0.18380447
v 0.00638798 -0.79052085 -0.17388622
v 0.01396785 -0.80776793 -0.15210608
v 0.01821855 -0.81741726 -0.14025351
v 0.02126946 -0.82286906 -0.11463930
v 0.02053608 -0.82031292 -0.12877321
v 0.01910915 -0.80920660 -0.09392498
v 0.01784774 -0.80188245 -0.08761402
v 0.00610356 -0.74418509 -0.08756500
v 0.00280591 -0.72419059 -0.08256114
v -0.00478224 -0.73071587 -0.07178628
v 0.00085130 -0.74811786 -0.07374515
v -0.01908185 -0.73758781 -0.05495287
v -0.01245763 -0.73516273 -0.06366403
v 0.00224137 -0.69751799 -0.07144313
v 0.00291915 -0.68879139 -0.06344954
v -0.00303999 -0.69630527 -0.05022793
v -0.00442206 -0.70453727 -0.05853900
v -0.01095709 -0.70019281 -0.03857984
v -0.02104979 -0.70220828 -0.02998717
v -0.02118290 -0.71183038 -0.03929274
v -0.01272831 -0.70980275 -0.04785050
v -0.02469918 -0.64700747 -0.11349988
v -0.02287234 -0.64115733 -0.10713118
v -0.01184458 -0.64710432 -0.10225740
v -0.01471333 -0.65316337 -0.10828302
v 0.00517989 -0.68241364 -0.05432296
v 0.00000731 -0.69106543 -0.04080351
v 0.00635322 -0.76450491 -0.07243146
v 0.01003193 -0.76440859 -0.08415024
v -0.00781666 -0.69481480 -0.02826941
v -0.01349688 -0.72041178 -0.05727873
v -0.00515707 -0.71522403 -0.06447831
v -0.03039464 -0.73979235 -0.04755133
v -0.02735293 -0.75511336 -0.04419302
v -0.03169090 -0.74212402 -0.20512733
v -0.02991087 -0.75783408 -0.20248294
v -0.02977293 -0.76145613 -0.20290044
v -0.03341929 -0.76194954 -0.20234570
v -0.03418428 -0.75902796 -0.20259356
v -0.04615451 -0.79509622 -0.22219977
v -0.04529982 -0.77824509 -0.21903822
v -0.03342207 -0.78285867 -0.21857969
v -0.03303014 -0.79763472 -0.21932977
v -0.00117054 -0.73268580 -0.19243810
v -0.01038400 -0.73645699 -0.19986793
v -0.01316082 -0.72713017 -0.20053510
v -0.00638740 -0.72141153 -0.19397596
v -0.00771405 -0.76822305 -0.19514593
v -0.00729082 -0.77038991 -0.19584379
v -0.00877091 -0.76931286 -0.19788343
v -0.00906631 -0.70902848 -0.18893306
v -0.00258567 -0.71485633 -0.18503058
v 0.01458784 -0.75209844 -0.15620904
v 0.00293102 -0.77372622 -0.18564445
v -0.04316774 -0.88386565 -0.17039220
v -0.04307916 -0.86271870 -0.19762757
v -0.04246493 -0.89103949 -0.10285191
v -0.04315607 -0.89301294 -0.13578926
v -0.02218976 -0.86003017 -0.04868667
v -0.02094180 -0.84094322 -0.03593770
v -0.03635026 -0.84881127 -0.02631917
v -0.04227919 -0.86727142 -0.04527179
v -0.02479910 -0.77457219 -0.03492697
v -0.03075893 -0.70357060 -0.02566147
v -0.03187650 -0.71472287 -0.03605676
v -0.04296680 -0.83834487 -0.21260415
v -0.04417596 -0.81549650 -0.22122043
v 0.00998176 -0.79947239 -0.16154778
v 0.00852778 -0.74819630 -0.18022472
v 0.00316558 -0.75405276 -0.18685102
v 0.00037417 -0.74949068 -0.19127786
v 0.00578357 -0.74077404 -0.18411973
v 0.01096312 -0.74213886 -0.16950041
v 0.01220638 -0.73772418 -0.15467736
v 0.01369569 -0.73406279 -0.13889281
v 0.01199807 -0.72634041 -0.12864068
v 0.01805850 -0.83452749 -0.09708633
v 0.00837860 -0.84981489 -0.08394888
v -0.00386611 -0.86423349 -0.07724030
v -0.02314327 -0.87381357 -0.07215336
v 0.02019878 -0.82264090 -0.10087730
v -0.04355843 -0.88137066 -0.07370309
v -0.04013101 -0.71387488 -0.20731914
v -0.03273463 -0.71494257 -0.20277753
v -0.04188088 -0.71761775 -0.20819989
v -0.03954465 -0.69196773 -0.20133159
v -0.04352603 -0.69069052 -0.20312510
v -0.04220612 -0.68650198 -0.19871469
v -0.03743546 -0.68787169 -0.19715253
v -0.03092696 -0.66218883 -0.15911636
v -0.02198511 -0.66809714 -0.15594032
v -0.02613535 -0.65233505 -0.12124623
v -0.01660028 -0.65903777 -0.11607772
v -0.04277115 -0.72484517 -0.21377012
v -0.04437624 -0.72492659 -0.21412823
v -0.04448208 -0.72425669 -0.21184248
v -0.04255266 -0.72441185 -0.21163869
v -0.02767670 -0.70234245 -0.19525909
v -0.04333669 -0.70565689 -0.20871240
v -0.04639269 -0.70514846 -0.20937845
v -0.04573439 -0.70213103 -0.20727043
v -0.04259151 -0.70255840 -0.20650148
v -0.00671146 -0.68248612 -0.13311955
v -0.00757167 -0.67665446 -0.11893114
v 0.00571110 -0.67881596 -0.07766629
v 0.00547962 -0.68828416 -0.08507788
v 0.00213286 -0.70879036 -0.07744435
v -0.02070098 -0.72512668 -0.04952852
v -0.03056606 -0.72597253 -0.04320290
v -0.05366138 -0.72713709 -0.03891022
v -0.05441833 -0.73946464 -0.03908892
v -0.04166570 -0.74096632 -0.04247864
v -0.04212873 -0.72700930 -0.04143842
v -0.01921266 -0.66815829 -0.13862848
v -0.02944646 -0.66157645 -0.14352089
v -0.02796974 -0.65818310 -0.13169993
v -0.01819791 -0.66509920 -0.12634154
v -0.04766767 -0.72136784 -0.21420309
v -0.04911366 -0.72023284 -0.21552421
v -0.04843730 -0.71878302 -0.21244290
v -0.04661933 -0.72078699 -0.21217056
v -0.04146658 -0.72287619 -0.20965132
v -0.04344561 -0.72178209 -0.20961323
v -0.04289594 -0.72008085 -0.20902549
v -0.04118160 -0.72448540 -0.21430309
v -0.04073569 -0.72376394 -0.21161804
v -0.04594212 -0.72398114 -0.21875203
v -0.04331549 -0.72425681 -0.21725425
v -0.04600873 -0.72312564 -0.22331658
v -0.04642712 -0.72265816 -0.21312582
v -0.04583127 -0.72192472 -0.21134965
v -0.04276838 -0.72361660 -0.21029192
v -0.04438671 -0.72317421 -0.21031478
v -0.04583013 -0.72439396 -0.21688893
v -0.04404852 -0.72461486 -0.21562713
v -0.04731890 -0.74438667 -0.22162405
v -0.05325024 -0.74450839 -0.22394478
v -0.05286207 -0.73722541 -0.22754808
v -0.05245157 -0.72885346 -0.23030028
v -0.05196792 -0.72201574 -0.22591972
v -0.03529808 -0.65364516 -0.13349883
v -0.03390501 -0.64814782 -0.12382048
v -0.06065702 -0.81260300 -0.22426566
v -0.05846612 -0.79257214 -0.22242089
v -0.02698614 -0.70176125 -0.19329172
v -0.03167310 -0.77635425 -0.21128303
v -0.00536489 -0.74634302 -0.19647965
v -0.02493936 -0.74447632 -0.20332602
v -0.01888751 -0.74077857 -0.20266333
v -0.01912455 -0.74879295 -0.20147857
v -0.02505316 -0.75081182 -0.20261030
v -0.04028245 -0.77307028 -0.21137248
v -0.04811856 -0.76791394 -0.21496424
v -0.04406851 -0.76764989 -0.20879251
v -0.04395763 -0.76177263 -0.20720497
v -0.04720786 -0.75931358 -0.21429965
v -0.04238015 -0.75382340 -0.20912677
v -0.04069417 -0.75750577 -0.20490228
v -0.01081310 -0.77028632 -0.20118970
v -0.00861656 -0.77196324 -0.19958088
v -0.03675577 -0.75061649 -0.20563810
v -0.03092369 -0.74753106 -0.20383540
v -0.03033358 -0.75279748 -0.20279089
v -0.03571641 -0.75491720 -0.20353286
v -0.01213999 -0.74666023 -0.19936238
v -0.00213064 -0.77183115 -0.19139633
v -0.00423455 -0.76068217 -0.19096190
v 0.01365630 -0.76566535 -0.09380627
v 0.01144130 -0.75243366 -0.09700026
v 0.01769012 -0.73776853 -0.11276544
v 0.01514536 -0.73282689 -0.11418816
v 0.00964275 -0.73718458 -0.11159627
v 0.01560869 -0.74122125 -0.10929257
v 0.02158177 -0.79355693 -0.10927852
v 0.01991651 -0.80162036 -0.10760810
v 0.02035081 -0.80068600 -0.11462674
v 0.02080020 -0.79332495 -0.11192688
v 0.01991384 -0.79461211 -0.11955617
v 0.01946622 -0.79775310 -0.12265832
v 0.01960129 -0.78882891 -0.12204891
v 0.02006834 -0.78979790 -0.11874390
v 0.02052677 -0.80782831 -0.12547030
v 0.01823576 -0.80326694 -0.13504563
v 0.01783537 -0.79171449 -0.12922832
v 0.01248258 -0.78276843 -0.15096918
v 0.01561075 -0.77553862 -0.13600662
v 0.01614527 -0.78494883 -0.13337350
v 0.01557772 -0.79432261 -0.14275250
v 0.01517736 -0.73620343 -0.12017460
v 0.01433299 -0.74253166 -0.12609459
v 0.00920713 -0.74262273 -0.10353243
v -0.06691121 -0.85600513 -0.03430482
v -0.06511080 -0.87377024 -0.05607042
v 0.00552781 -0.80461282 -0.05779999
v -0.00701151 -0.81165236 -0.04281373
v 0.01272721 -0.79619503 -0.07148863
v 0.01736174 -0.79028648 -0.08321247
v -0.02057409 -0.82138062 -0.03296965
v -0.03514674 -0.82028282 -0.02282351
v 0.01645931 -0.76557845 -0.14786719
v 0.01538038 -0.76373827 -0.13358501
v 0.00262815 -0.78574920 -0.05667737
v -0.00819581 -0.79243398 -0.04259003
v 0.01111488 -0.77989113 -0.06912227
v 0.01519176 -0.77743775 -0.08162140
v -0.02443701 -0.80067861 -0.03080291
v -0.03952961 -0.77481067 -0.02884393
v -0.03863415 -0.79697049 -0.02186102
v 0.01760677 -0.74912745 -0.11570214
v 0.01616119 -0.74601233 -0.11940774
v 0.01716872 -0.74057388 -0.11662370
v 0.01973396 -0.74328136 -0.11529445
v 0.01548371 -0.75094259 -0.14241074
v 0.01517060 -0.75281394 -0.12990865
v -0.04733401 -0.75123614 -0.21814358
v -0.05412997 -0.75948429 -0.21780057
v -0.05341145 -0.75172055 -0.22066148
v -0.05477989 -0.76782191 -0.21670948
v -0.06656010 -0.89362514 -0.14469931
v -0.06547430 -0.88399678 -0.17377374
v -0.06583026 -0.88849783 -0.08279886
v -0.06664215 -0.89552724 -0.11409567
v -0.04307900 -0.67834222 -0.19665144
v -0.04059754 -0.66622818 -0.19268569
v -0.04481324 -0.71289885 -0.20977731
v -0.04768965 -0.71205324 -0.21031022
v -0.04697090 -0.70847642 -0.20998335
v -0.04414042 -0.70925820 -0.20938772
v -0.03670674 -0.77098894 -0.20616753
v -0.04024510 -0.75654769 -0.03636013
v -0.04229053 -0.71458304 -0.03380767
v -0.04216221 -0.70439941 -0.02386796
v -0.01815156 -0.69598669 -0.01874862
v -0.02995794 -0.69632924 -0.01367342
v -0.04849306 -0.71552444 -0.21106063
v -0.04588187 -0.71637237 -0.21027827
v -0.04663284 -0.72401083 -0.21544513
v -0.03857452 -0.70282459 -0.20494571
v -0.04612354 -0.71897686 -0.21070611
v -0.04553983 -0.72089523 -0.21088660
v -0.05045187 -0.71800047 -0.21305197
v -0.04991890 -0.71509182 -0.21122926
v -0.02516184 -0.75660050 -0.20244099
v -0.02631409 -0.76098669 -0.20382082
v -0.04871576 -0.72121930 -0.21930526
v -0.04796499 -0.72257769 -0.21713798
v -0.05172704 -0.72008204 -0.21965620
v -0.00099900 -0.65441370 -0.09413198
v 0.00546613 -0.66362512 -0.08246030
v -0.04839851 -0.70483285 -0.20955406
v -0.04785044 -0.70168519 -0.20755692
v -0.06461072 -0.86270106 -0.20188510
v -0.05511653 -0.77166033 -0.02668793
v -0.05622853 -0.79016471 -0.02261847
v 0.01691235 -0.77162313 -0.12637629
v 0.01835688 -0.76965541 -0.12049410
v 0.01966358 -0.77687299 -0.11995608
v 0.01766655 -0.77953333 -0.12613019
v -0.03320329 -0.64315724 -0.11636725
v 0.00730485 -0.67311573 -0.06863599
v -0.04226596 -0.69685376 -0.01177874
v -0.00779061 -0.76676106 -0.19425595
v -0.00890537 -0.76512450 -0.19491857
v -0.03402863 -0.76899767 -0.20503783
v -0.06009995 -0.81991756 -0.01970844
v -0.03685037 -0.69701838 -0.20052189
v -0.03832825 -0.70024693 -0.20127308
v -0.05306509 -0.71508193 -0.03489321
v -0.03628710 -0.65708172 -0.14542681
v -0.05066891 -0.71951926 -0.21632537
v -0.05439669 -0.75492728 -0.03490511
v 0.02111811 -0.78478891 -0.11377520
v 0.02307067 -0.78270847 -0.11601461
v 0.02272359 -0.77984250 -0.11508204
v 0.02121115 -0.78072739 -0.11401406
v 0.02338370 -0.78473914 -0.12142267
v 0.02470055 -0.78235024 -0.11827028
v 0.02561670 -0.78509498 -0.11860893
v 0.02461178 -0.78826815 -0.12089814
v 0.01903479 -0.78490400 -0.12407731
v 0.02177714 -0.78084016 -0.12114052
v 0.02716205 -0.78709173 -0.11708505
v 0.02682946 -0.78951001 -0.11903019
v 0.02412801 -0.79148602 -0.11847850
v 0.02078361 -0.79209071 -0.11527136
v 0.02910425 -0.79118329 -0.11628542
v 0.02555350 -0.79369044 -0.11468580
v 0.03162905 -0.79217529 -0.11166975
v 0.02675053 -0.79512501 -0.11012479
v 0.03379609 -0.79087335 -0.10613247
v 0.02758230 -0.79241651 -0.10458112
v 0.01581156 -0.75307864 -0.12168688
v 0.01633101 -0.75571418 -0.11551728
v 0.03425854 -0.78690028 -0.10209648
v 0.02796309 -0.78734642 -0.10058510
v 0.03432546 -0.78081942 -0.09819651
v 0.02872249 -0.78150398 -0.09660643
v 0.03357441 -0.77392501 -0.09640143
v 0.02982306 -0.77497411 -0.09480167
v 0.03233781 -0.76625884 -0.09582214
v 0.02824885 -0.76544809 -0.09401536
v 0.03013508 -0.75846988 -0.09723644
v 0.02645874 -0.75563717 -0.09576823
v 0.02892631 -0.79012805 -0.10996693
v 0.03035491 -0.78827941 -0.10589354
v 0.02012683 -0.79005337 -0.10670050
v 0.02724186 -0.78943920 -0.11470737
v 0.02085259 -0.77638090 -0.10818720
v 0.01879486 -0.77888167 -0.10847073
v 0.01938025 -0.77727175 -0.10884379
v 0.01881659 -0.77634716 -0.10636900
v 0.01645606 -0.76175058 -0.11892404
v 0.01783805 -0.76284522 -0.11601131
v 0.01851335 -0.76842093 -0.11764993
v 0.01695738 -0.75902516 -0.11400110
v 0.01600465 -0.76046538 -0.11343509
v 0.01562697 -0.76396108 -0.11479880
v 0.01573640 -0.76878685 -0.11503722
v 0.01710317 -0.75970256 -0.11062931
v 0.01864258 -0.75784463 -0.11037032
v 0.01617114 -0.76117039 -0.11015649
v 0.01568086 -0.76164627 -0.11155346
v 0.01478743 -0.76413590 -0.11122216
v 0.01543303 -0.76816249 -0.10992345
v 0.01529463 -0.76223755 -0.12450901
v 0.01840974 -0.76641178 -0.10040963
v 0.01594315 -0.75667298 -0.10122522
v 0.02745392 -0.75221950 -0.10137630
v 0.02542138 -0.74620306 -0.09924260
v 0.02298254 -0.74071634 -0.11137723
v 0.02454766 -0.73960185 -0.10455140
v 0.01959014 -0.78558290 -0.10351536
v 0.02019780 -0.78045428 -0.10038552
v 0.01500856 -0.74764520 -0.10553042
v 0.02024763 -0.77442813 -0.09877549
v 0.02787538 -0.76206261 -0.09923822
v 0.02513061 -0.75783688 -0.10124086
v 0.03072296 -0.76752818 -0.09783377
v 0.01943473 -0.75411886 -0.11069047
v 0.02166500 -0.74849081 -0.11101184
v 0.02457850 -0.74898916 -0.10617411
v 0.02161331 -0.75514168 -0.10568619
v 0.02591580 -0.76446521 -0.10207049
v 0.02237300 -0.76168448 -0.10353654
v 0.02260551 -0.76697856 -0.10322326
v 0.01941367 -0.76451522 -0.10525693
v 0.01839750 -0.76148397 -0.10754427
v 0.01971671 -0.75907719 -0.10710225
v 0.01555290 -0.76668751 -0.10604645
v 0.01989992 -0.77038157 -0.10406510
v 0.01599758 -0.76291966 -0.10826237
v 0.02514495 -0.77003157 -0.10367031
v 0.02746591 -0.77379149 -0.10416188
v 0.02560857 -0.77533591 -0.10687800
v 0.02271492 -0.77289653 -0.10520029
v 0.03067110 -0.77374864 -0.09783381
v 0.03010620 -0.77326989 -0.10155247
v 0.02846278 -0.76850855 -0.10133770
v 0.03117567 -0.77865392 -0.10211033
v 0.03057878 -0.78020906 -0.09971469
v 0.02911334 -0.77786541 -0.10427789
v 0.02741569 -0.77819800 -0.10656187
v 0.03002963 -0.78604066 -0.10708430
v 0.03047962 -0.78305435 -0.10439537
v 0.03100967 -0.78524143 -0.10259487
v 0.02952087 -0.78125054 -0.10591015
v 0.02851906 -0.78365457 -0.10784001
v 0.02637284 -0.78184825 -0.10855721
v 0.02783395 -0.78063297 -0.10663779
v 0.02468997 -0.78706837 -0.11590127
v 0.02358569 -0.78519243 -0.11685777
v 0.02645269 -0.78784704 -0.11314519
v 0.02362036 -0.78847146 -0.11391196
v 0.02504363 -0.78601408 -0.11218892
v 0.02236481 -0.78737366 -0.11395086
v 0.02368372 -0.78414500 -0.11232752
v 0.02199326 -0.78149211 -0.11206750
v -0.01666078 -0.62602490 -0.09693225
v -0.01997941 -0.63412046 -0.10130587
v -0.02991521 -0.62976044 -0.10328001
v -0.02758632 -0.62188327 -0.09947877
v 0.02514162 -0.78282166 -0.11067925
v 0.02666027 -0.78513318 -0.11010562
v 0.02744389 -0.78780663 -0.11038054
v 0.02325303 -0.77861607 -0.10931710
v 0.02473139 -0.77785695 -0.10870934
v 0.02557159 -0.77948499 -0.10879547
v 0.02398477 -0.78050005 -0.11030352
v 0.01953528 -0.77265227 -0.11690474
v 0.01723748 -0.77182311 -0.11392804
v 0.01831292 -0.77098072 -0.10850468
v 0.01875161 -0.62458456 -0.07734243
v 0.03124834 -0.63793981 -0.06568943
v 0.02227254 -0.64530468 -0.06674968
v 0.01034336 -0.63351810 -0.07697441
v 0.03439413 -0.59826380 -0.08773940
v 0.03913196 -0.57858926 -0.09634425
v 0.05689176 -0.58863688 -0.08555600
v 0.05426011 -0.61522686 -0.07042842
v 0.05824484 -0.56649697 -0.09748402
v 0.04103861 -0.55889219 -0.10623767
v 0.06357168 -0.51071548 -0.13123944
v 0.06126316 -0.52803993 -0.11985996
v 0.04517549 -0.52351409 -0.12706575
v 0.04763693 -0.50557351 -0.13726923
v 0.10406961 -0.43061778 -0.14954633
v 0.09153733 -0.42946604 -0.15720503
v 0.08665688 -0.41292903 -0.15230268
v 0.10108816 -0.41196126 -0.14262168
v 0.11846659 -0.55719966 -0.07691825
v 0.12831482 -0.55066907 -0.07144055
v 0.13097939 -0.57136250 -0.06660395
v 0.11996067 -0.57680291 -0.07083023
v 0.05456202 -0.66019928 -0.02610657
v 0.04623916 -0.66410989 -0.02839066
v 0.04641758 -0.64558053 -0.04771584
v 0.05595905 -0.64158309 -0.04780109
v 0.13885295 -0.46387956 -0.08964846
v 0.13327059 -0.46942455 -0.10339831
v 0.13419862 -0.45561448 -0.10892079
v 0.13853270 -0.44919762 -0.09621512
v 0.11157124 -0.38885221 -0.05164091
v 0.10182095 -0.38132796 -0.07239056
v 0.10621534 -0.36906081 -0.06635830
v 0.11650908 -0.37732232 -0.04446397
v 0.12928817 -0.42944792 0.01462604
v 0.12285762 -0.41927889 0.02349326
v 0.11595226 -0.42715096 0.05062130
v 0.12048511 -0.43746266 0.04360875
v 0.08965944 -0.51761025 -0.11591077
v 0.08815899 -0.53637528 -0.10487863
v 0.07539570 -0.53256309 -0.11232790
v 0.07734367 -0.51488507 -0.12400644
v 0.28445584 -0.61834395 -0.00544208
v 0.26065573 -0.61986923 -0.01199153
v 0.26119792 -0.60162812 -0.01419654
v 0.28519228 -0.60005718 -0.00740354
v 0.14573692 -0.35108140 0.04380600
v 0.14792131 -0.33450145 0.04691864
v 0.13928300 -0.34549513 0.07497177
v 0.13698475 -0.36261925 0.07150459
v 0.16678612 -0.64286977 -0.03741204
v 0.16400671 -0.66070700 -0.01894110
v 0.15138027 -0.66030169 -0.02145276
v 0.15314300 -0.64276773 -0.04098520
v 0.12416612 -0.51810294 -0.08281580
v 0.12489578 -0.53318197 -0.07643656
v 0.11728857 -0.53899556 -0.08414115
v 0.11672302 -0.52193987 -0.09161685
v 0.13037677 -0.46345699 0.04063474
v 0.13137503 -0.47996980 0.03879754
v 0.13778087 -0.47423035 0.01396261
v 0.13880207 -0.45724520 0.01340284
v 0.13659002 -0.44167787 0.01348564
v 0.12735237 -0.44889829 0.04196858
v 0.10955274 -0.52160478 -0.09994812
v 0.10894093 -0.54196161 -0.09105436
v 0.09954734 -0.53961480 -0.09818725
v 0.10018856 -0.51986271 -0.10805769
v 0.07788517 -0.39937115 -0.14145763
v 0.09509551 -0.39807829 -0.12827386
v 0.14983799 -0.32159317 0.01906320
v 0.14772293 -0.33818203 0.01573850
v 0.14324111 -0.32553992 -0.00920034
v 0.14569320 -0.30984020 -0.00632375
v 0.08388410 -0.38587025 -0.09588532
v 0.09748077 -0.39074120 -0.08064677
v 0.10386459 -0.39416194 -0.09850971
v 0.08787227 -0.39064568 -0.11144391
v 0.13839236 -0.29998961 -0.03138417
v 0.13410041 -0.31505284 -0.03357914
v 0.12360027 -0.30460730 -0.05837294
v 0.12825485 -0.28653491 -0.05772245
v 0.05918194 -0.54663670 -0.10898000
v 0.04296686 -0.54064047 -0.11674963
v 0.12347531 -0.43730050 -0.13008022
v 0.11482994 -0.43355519 -0.14024138
v 0.11325230 -0.41461146 -0.13198453
v 0.12356581 -0.42000514 -0.12130956
v 0.13928854 -0.52970862 -0.04722105
v 0.14701357 -0.54656303 -0.04163504
v 0.14402768 -0.56220156 -0.05718733
v 0.13696881 -0.54079157 -0.06204708
v 0.14240977 -0.33119103 0.08186629
v 0.15033789 -0.32093045 0.05330686
v 0.14142482 -0.28543493 -0.02581958
v 0.13130361 -0.27180159 -0.05268952
v 0.15153497 -0.55379671 0.03523180
v 0.15379998 -0.55663931 0.02072761
v 0.14945200 -0.54745895 0.02075342
v 0.14855145 -0.54629648 0.03459311
v 0.04923513 -0.42661059 -0.16416909
v 0.06117754 -0.40837964 -0.15501361
v 0.07393322 -0.42124814 -0.16077125
v 0.06402829 -0.43675861 -0.16501239
v 0.12089961 -0.40730530 -0.10476847
v 0.10906360 -0.40119964 -0.11587498
v 0.11661939 -0.40079850 -0.08544886
v 0.03202793 -0.41752473 -0.15863538
v 0.04531185 -0.39756194 -0.14138207
v 0.02629670 -0.53473747 -0.12323855
v 0.02834215 -0.51826167 -0.13324356
v 0.02406484 -0.55165827 -0.11398914
v 0.02104177 -0.56996000 -0.10559285
v 0.00349493 -0.56325138 -0.11237542
v 0.00639381 -0.54567456 -0.12085215
v 0.01622552 -0.58760703 -0.09808847
v -0.00035305 -0.58077389 -0.10540724
v 0.00428616 -0.61386603 -0.08767667
v -0.00187282 -0.62386131 -0.08605471
v 0.13210833 -0.52485859 -0.06647884
v 0.13061222 -0.51089412 -0.07156601
v 0.14841999 -0.29708499 0.00063407
v 0.05411225 -0.61644709 0.08265962
v 0.07073841 -0.61958098 0.07645425
v 0.06908261 -0.60523510 0.08516261
v 0.05284911 -0.60138851 0.09144147
v 0.06836247 -0.64168936 -0.04615877
v 0.06323127 -0.65926385 -0.02376155
v 0.12794776 -0.56301016 0.07615203
v 0.12948845 -0.55522525 0.07445311
v 0.12009496 -0.54990304 0.07846645
v 0.11798316 -0.55894381 0.07940573
v 0.14894649 -0.55423689 0.05903754
v 0.14789417 -0.55961382 0.06666053
v 0.15892467 -0.56226867 0.06898546
v 0.16020693 -0.55709523 0.06192387
v 0.12437925 -0.35408986 0.09834471
v 0.12136403 -0.37125027 0.09643921
v 0.07716517 -0.46239424 0.10218126
v 0.08604895 -0.47584528 0.09753263
v 0.10186435 -0.46616280 0.08408744
v 0.09414901 -0.45256168 0.08705339
v -0.04884618 -0.58657968 0.07299067
v -0.02958217 -0.59137833 0.07954764
v -0.03027573 -0.57828611 0.08596590
v -0.04904823 -0.57394177 0.07902260
v 0.01460085 -0.61816597 0.07853582
v -0.00826677 -0.61029327 0.07743008
v -0.00721104 -0.62142235 0.06924120
v 0.01677358 -0.62994188 0.06923860
v 0.03372920 -0.61070561 0.08682960
v 0.03194322 -0.59641498 0.09495363
v 0.12053740 -0.47138125 0.06257061
v 0.12339073 -0.48660904 0.05847064
v 0.13082473 -0.50948972 0.05626903
v 0.13340925 -0.51873982 0.05436624
v 0.13746041 -0.51444387 0.03829618
v 0.13528074 -0.50486320 0.03891321
v 0.03670946 -0.66861618 -0.03071785
v 0.04114085 -0.67560458 -0.00646239
v 0.02993507 -0.67914045 -0.00893982
v -0.01016984 -0.66181684 0.03291720
v 0.00082451 -0.66537982 0.02864960
v 0.00428624 -0.66072404 0.03474350
v -0.01036688 -0.65667868 0.03865413
v -0.02606640 -0.52065563 0.11437510
v -0.02247108 -0.50097859 0.11781902
v -0.04597141 -0.49983630 0.11432762
v -0.04815499 -0.51890534 0.11019120
v 0.13214475 -0.53061199 0.06304491
v 0.12821171 -0.53608656 0.07117411
v 0.13477342 -0.54283237 0.06749997
v 0.13840491 -0.53848428 0.06075631
v 0.12224431 -0.52890635 0.07419687
v 0.12802245 -0.52346259 0.06605949
v 0.12464530 -0.51488191 0.06896340
v 0.11696614 -0.52150434 0.07872677
v 0.09644363 -0.48853305 0.09299624
v 0.10603403 -0.50188112 0.08794512
v 0.11588147 -0.49413502 0.07508189
v 0.10913548 -0.47951934 0.07992581
v -0.03926546 -0.43739969 0.11461436
v -0.04216940 -0.45748290 0.11746947
v -0.02145621 -0.45891255 0.12116118
v -0.02018652 -0.43968764 0.12189631
v 0.16431808 -0.56935942 -0.00426618
v 0.17748909 -0.56878418 -0.00159189
v 0.17889574 -0.57800394 -0.01931315
v 0.16739634 -0.57689190 -0.02144768
v 0.16522978 -0.58318818 0.08068509
v 0.16448884 -0.59013885 0.08137837
v 0.17454086 -0.59332365 0.08388060
v 0.17495190 -0.58694792 0.08352353
v 0.19591933 -0.55535501 0.01884977
v 0.21588570 -0.54958141 0.02454386
v 0.21537946 -0.55923533 0.00537375
v 0.19480786 -0.56422585 0.00106050
v 0.06743561 -0.66728157 0.00532874
v 0.05973329 -0.67020857 0.00147785
v 0.07131734 -0.65881348 -0.02166447
v 0.17701003 -0.55224216 0.04346704
v 0.17520623 -0.55337071 0.05631829
v 0.19138217 -0.55130059 0.06351452
v 0.19372641 -0.54879212 0.05014706
v 0.28320304 -0.63364911 0.00398439
v 0.25906935 -0.63685751 -0.00265307
v 0.23530601 -0.54344249 0.04795126
v 0.21487325 -0.54511154 0.04191341
v 0.21293753 -0.54527295 0.05780397
v 0.23419356 -0.54645079 0.06396192
v 0.08729059 -0.44124100 0.09145599
v 0.06907885 -0.44882298 0.10475561
v 0.08299521 -0.36522722 0.13029638
v 0.07737763 -0.38217589 0.12846719
v 0.09971634 -0.37824962 0.11558675
v 0.10433685 -0.36115301 0.11700297
v 0.12592974 -0.33870164 0.10474122
v 0.08619657 -0.34790486 0.13444889
v 0.10682742 -0.34432083 0.12206330
v 0.01274340 -0.68413031 -0.02212285
v 0.02067852 -0.68173957 -0.01450060
v 0.00730505 -0.68211138 0.00146346
v 0.00154914 -0.68704617 -0.00737269
v 0.17067316 -0.25767285 0.15147203
v 0.18306133 -0.25452507 0.12067939
v 0.18550001 -0.23304337 0.12703228
v 0.17145798 -0.23512790 0.15632874
v -0.02488156 -0.67572939 0.01973945
v -0.02739680 -0.68385071 0.00913531
v -0.01246468 -0.68585461 0.00283682
v -0.00786724 -0.67921108 0.01249013
v 0.16754067 -0.27901661 0.14453866
v 0.17980185 -0.27482474 0.11539063
v 0.01867963 -0.67380416 -0.03974514
v 0.02757851 -0.67112684 -0.03449208
v 0.01935570 -0.66219634 -0.05594680
v 0.02806745 -0.65802014 -0.05226423
v 0.01441804 -0.65176022 -0.06981514
v 0.18558180 -0.24786100 0.09097585
v 0.19013195 -0.23052050 0.09440455
v -0.00311943 -0.69095647 -0.01759894
v -0.01557909 -0.69128644 -0.00754341
v -0.02896374 -0.69003892 -0.00178602
v -0.04234829 -0.68944001 0.00024448
v -0.05687038 -0.68928373 -0.00100067
v -0.05560310 -0.69641876 -0.01242776
v 0.14966974 -0.32067731 0.09113657
v 0.13444605 -0.32766044 0.11607891
v 0.13443339 -0.11265624 0.19213413
v 0.15035528 -0.10088032 0.17687649
v 0.11550629 -0.08179797 0.17889620
v 0.10521556 -0.09751564 0.19473201
v 0.02423444 -0.08356771 0.18822046
v 0.06865155 -0.08647709 0.19454297
v 0.07477959 -0.07028595 0.17605899
v 0.03130261 -0.06788793 0.16723366
v -0.01078679 -0.22374463 0.21185379
v -0.01224385 -0.24803874 0.20264591
v 0.01957137 -0.25340554 0.21027985
v 0.02189549 -0.22968395 0.21886617
v 0.11438678 -0.33234978 0.13415630
v 0.09330882 -0.33473831 0.14715379
v 0.15631622 -0.31143451 0.06134422
v 0.25193530 -0.17354983 0.07278223
v 0.26930273 -0.15556070 0.06798427
v 0.25836629 -0.13835333 0.10571600
v 0.24691194 -0.15284798 0.11302590
v 0.21091583 -0.08704242 0.15028264
v 0.17666668 -0.06233530 0.15270822
v 0.16302902 -0.08070356 0.16520803
v 0.19891429 -0.10520551 0.16451564
v 0.11711176 -0.25868687 -0.07652315
v 0.12100792 -0.24403957 -0.07155730
v 0.13429213 -0.25859487 -0.04719312
v 0.06082895 -0.22805598 -0.11923786
v 0.06383427 -0.21113950 -0.11800925
v 0.08520035 -0.22000720 -0.10668684
v 0.08227783 -0.23708782 -0.10873453
v 0.08132695 -0.14116374 -0.07844710
v 0.08303966 -0.15930131 -0.08938706
v 0.06424816 -0.15161103 -0.09619167
v 0.06219215 -0.13715421 -0.08631434
v 0.18029486 -0.24590029 0.05682375
v 0.18191180 -0.25475785 0.05665605
v 0.17531511 -0.24254455 0.02775384
v 0.17624655 -0.23343658 0.02895958
v 0.08037843 -0.06062667 0.14855173
v 0.03880256 -0.06135730 0.13975838
v 0.24592146 -0.18563405 0.03069233
v 0.26835948 -0.16931328 0.02533050
v 0.25364774 -0.16861798 -0.01494398
v 0.23084545 -0.18513769 -0.00662926
v 0.20779005 -0.16767633 -0.03446301
v 0.22915450 -0.15201870 -0.04365420
v 0.07177866 -0.07445520 -0.02041719
v 0.07958852 -0.07518800 -0.01993487
v 0.09762947 -0.10167789 -0.03944247
v 0.08554655 -0.10375468 -0.04500862
v 0.00824876 -0.12451416 0.21145225
v 0.04493342 -0.12793416 0.21701953
v 0.05535126 -0.10695586 0.20690089
v 0.01671438 -0.10322484 0.20195679
v 0.07091154 -0.33450732 0.15593651
v 0.06502945 -0.34899586 0.14232948
v 0.04359573 -0.34878433 0.14498070
v 0.03936616 -0.36738253 0.14114627
v 0.06129460 -0.36676344 0.13852787
v 0.02724565 -0.46705717 0.12050352
v 0.03549613 -0.48208860 0.11900315
v 0.05744135 -0.47141188 0.11248268
v 0.04973446 -0.45790800 0.11492557
v -0.00954968 -0.59785533 0.08524992
v -0.01027388 -0.58439219 0.09251699
v 0.13443786 -0.04961163 0.14318401
v 0.16544372 -0.02858911 0.13101183
v 0.13316290 -0.01533918 0.10978852
v 0.08842906 -0.04103874 0.11973550
v 0.22728740 -0.06996477 0.13626367
v 0.23911697 -0.11264841 0.13620663
v 0.25328147 -0.10029773 0.12237075
v 0.28995556 -0.13894841 0.05773549
v 0.27668869 -0.12113456 0.09549807
v 0.27432126 -0.14853235 -0.02594391
v 0.24939571 -0.13186620 -0.05280326
v 0.14762169 -0.07362077 -0.04863054
v 0.16743925 -0.05565235 -0.04848038
v 0.19188990 -0.08069707 -0.06041130
v 0.17241441 -0.09858251 -0.05775574
v 0.12523651 -0.15897356 -0.05057965
v 0.13752966 -0.16036277 -0.03991388
v 0.15392062 -0.18825768 -0.02168066
v 0.15006417 -0.19232649 -0.02685300
v 0.08083113 -0.25474536 -0.11423640
v 0.06320796 -0.24656954 -0.12267478
v 0.11484080 -0.27451062 -0.08160222
v 0.09807002 -0.26391613 -0.10087039
v 0.10006618 -0.24683158 -0.09540627
v 0.06475137 -0.33357853 -0.12312130
v 0.06931383 -0.31571949 -0.12228946
v 0.08739223 -0.32282254 -0.10513885
v 0.08362792 -0.33950529 -0.10606460
v 0.07987741 -0.35656297 -0.10819788
v 0.05989318 -0.35183108 -0.12411682
v 0.04643415 -0.38444674 -0.12227856
v 0.06740776 -0.38350916 -0.11008979
v 0.06925119 -0.39070258 -0.12609084
v 0.00826370 -0.52860588 -0.12901959
v 0.01039201 -0.51219058 -0.13794996
v 0.19418815 -0.22571298 0.06645890
v 0.08111933 -0.03049204 0.08008645
v 0.11618678 -0.00790012 0.07570782
v 0.11865033 -0.01159665 0.03844151
v 0.09436239 -0.03211269 0.04334927
v 0.18415114 -0.26628044 0.08587529
v 0.15183711 -0.30912080 0.02569526
v 0.15779221 -0.29953027 0.03325622
v 0.13203835 -0.42158917 -0.02341035
v 0.12305117 -0.40985537 -0.00558080
v 0.08119331 -0.43213770 -0.16127838
v 0.07704861 -0.44413623 -0.16239938
v 0.22724622 -0.12976117 0.14711761
v 0.29448789 -0.12655978 -0.03547630
v 0.27046943 -0.11014450 -0.06122646
v 0.29134136 -0.08673748 -0.06922675
v 0.31519702 -0.10338891 -0.04524478
v 0.17103264 -0.01775391 -0.02850264
v 0.19655135 0.00102302 -0.03063438
v 0.21115817 -0.01797876 -0.05191518
v 0.18900962 -0.03662336 -0.05041642
v 0.22239293 0.01875970 -0.03428452
v 0.24815732 0.03773332 -0.03668755
v 0.26110163 0.02376559 -0.05902923
v 0.23705661 0.00157705 -0.05734642
v 0.28915614 -0.14921229 0.01556574
v 0.32833356 -0.10236605 0.03146666
v 0.30916545 -0.12179725 0.04329112
v 0.30787283 -0.12930596 0.00348057
v 0.32800049 -0.10784410 -0.00780478
v 0.19769926 -0.04744239 0.13754585
v 0.12648858 -0.05323085 -0.02757313
v 0.14628166 -0.03689162 -0.02785946
v 0.18182844 0.02325551 0.02684571
v 0.15022303 0.00812055 0.03323087
v 0.15239976 0.01034129 0.06878757
v 0.18673651 0.02379633 0.05956971
v 0.27420253 -0.04906507 0.10616800
v 0.24993007 -0.06086287 0.12003538
v 0.27608579 -0.08676676 0.10585384
v 0.29840669 -0.07244998 0.09131067
v 0.29898733 -0.10638885 0.08066428
v 0.31947234 -0.09107867 0.06614648
v 0.36805415 -0.05900435 0.00866883
v 0.34800076 -0.08177578 0.01883922
v 0.34797001 -0.08524662 -0.01856578
v 0.36668274 -0.05928408 -0.02732103
v 0.36039487 -0.05264580 0.04159629
v 0.33981344 -0.07203566 0.05338165
v 0.34284925 -0.03875677 0.06606564
v 0.32152677 -0.05555435 0.07877554
v 0.32106876 -0.01944962 0.07831854
v 0.29814255 -0.03351679 0.09283896
v 0.30064061 -0.00168863 0.08322300
v 0.27532387 -0.01181380 0.09711329
v 0.25080720 0.00701724 0.09076943
v 0.27943560 0.01745498 0.07910787
v 0.26026085 0.03480813 0.06525296
v 0.23192950 0.02615185 0.07595430
v 0.23939656 0.05151375 0.01750361
v 0.21170829 0.03841327 0.02155161
v 0.21708259 0.03730702 0.05127534
v 0.24600172 0.04709180 0.04405151
v 0.31670704 0.05271739 -0.00620278
v 0.30839011 0.06399317 0.00326400
v 0.32096225 0.04903951 0.01932631
v 0.32785922 0.03881389 0.00776869
v 0.34116971 0.02683882 0.02142337
v 0.33562577 0.03497593 0.03068865
v 0.34946835 0.02352792 0.04150884
v 0.35575056 0.01711828 0.03400117
v 0.37970299 0.00917937 0.04870000
v 0.38511655 0.01210397 0.04487453
v 0.37042654 0.01195240 0.04292957
v 0.36509573 0.01399809 0.04970983
v 0.39434934 0.00651935 0.04063434
v 0.39876741 0.01817812 0.03857391
v 0.40660751 0.01080146 0.02324436
v 0.40710717 0.03135908 0.02370442
v 0.41076788 0.02170442 -0.00270893
v 0.40862203 0.04774036 0.00156309
v 0.31750402 0.07343642 -0.05550202
v 0.30682382 0.07377729 -0.03997136
v 0.31289515 0.07111129 -0.03909680
v 0.32201439 0.07523368 -0.05246419
v 0.35168374 0.06895524 -0.07532240
v 0.35083887 0.08138978 -0.05970334
v 0.37069252 0.08130525 -0.06096067
v 0.37299740 0.06263317 -0.07628150
v 0.38836938 -0.03512120 0.00032241
v 0.37923598 -0.03228943 0.03236200
v 0.36244792 -0.02307524 0.05524302
v 0.34303716 -0.01007281 0.06632290
v 0.26432735 0.05982073 0.01396488
v 0.27318385 0.05146451 0.03772876
v 0.28456452 0.04567614 -0.06008773
v 0.27095604 0.05491214 -0.03876287
v 0.38869131 0.01478019 -0.06585356
v 0.40138817 0.00187692 -0.03675125
v 0.38657826 -0.02979009 -0.03409322
v 0.37259397 -0.01857744 -0.06399801
v 0.39534748 -0.01038392 0.02664667
v 0.38060015 -0.00658986 0.04687073
v 0.36463782 0.00182493 0.05740935
v 0.33184719 0.02536906 0.05477054
v 0.34870392 0.01189063 0.06047018
v 0.31537759 0.03995527 0.04473424
v 0.28858054 0.06699984 0.01082957
v 0.29923743 0.05345991 0.03112272
v 0.30453858 0.06298843 -0.05842299
v 0.29135317 0.06848325 -0.03920365
v 0.39205736 0.07417797 -0.04673825
v 0.40643668 0.06210816 -0.02278402
v 0.40810999 0.03442484 -0.03094530
v 0.39590108 0.04840037 -0.05889963
v 0.38160187 0.09096827 -0.03228140
v 0.36331975 0.09320933 -0.04491208
v 0.34978461 0.00920102 0.03507258
v 0.33463287 0.01506823 0.02062239
v 0.36609742 0.00813860 0.04563271
v 0.39822388 0.05211738 0.02810726
v 0.39406914 0.03037654 0.04449645
v 0.39952570 0.07259244 0.00836200
v 0.39421403 0.08208358 -0.01522329
v 0.29415134 0.06298299 -0.02968705
v 0.30413502 0.07758313 -0.03568545
v 0.31584987 0.07391426 -0.04668903
v 0.30779916 0.06550921 -0.03728536
v 0.29548565 0.02901375 -0.00520667
v 0.31077871 0.04048118 -0.01139632
v 0.32114545 0.02773637 0.00389305
v 0.30483511 0.01383027 0.01272738
v 0.33607468 0.00005496 0.04772639
v 0.31942922 0.00434330 0.03155449
v 0.35465884 0.00390148 0.05957684
v 0.37917012 0.04348320 0.05656821
v 0.37093720 0.01924089 0.06497732
v 0.38192713 0.01488863 0.04916736
v 0.38212651 0.07079850 0.03871137
v 0.35119542 0.10438058 0.03111535
v 0.36180845 0.08778657 0.05640709
v 0.37580281 0.09259109 0.01399517
v 0.25364351 0.12672164 0.07165506
v 0.22355771 0.13354397 0.09029543
v 0.23975337 0.13218641 0.10711610
v 0.27097207 0.12630200 0.09127629
v 0.27270377 0.06087601 -0.01960543
v 0.28434342 0.08155200 -0.02423170
v 0.28449395 0.00620687 0.02735645
v 0.27347025 0.02175465 0.00720802
v 0.33564028 0.06507994 0.09396875
v 0.32797673 0.03629328 0.10265139
v 0.35227305 0.02822790 0.08417141
v 0.35939640 0.05637042 0.07380238
v 0.20595551 0.09256992 0.02907172
v 0.23124427 0.08761516 0.00885120
v 0.22236174 0.06498124 0.01421550
v 0.19843650 0.07140939 0.03430763
v 0.25930583 0.00836876 0.04253864
v 0.23504901 0.01453847 0.05937666
v 0.22560221 0.02812091 0.04058489
v 0.24921113 0.02341235 0.02246135
v 0.27889991 0.08371326 0.12685907
v 0.27041662 0.05740508 0.13271633
v 0.30035022 0.04543059 0.11906314
v 0.30868480 0.07399771 0.11141765
v 0.32788086 0.11399345 0.05366993
v 0.30130583 0.12043084 0.07449824
v 0.31089300 0.10169961 0.09605306
v 0.33757660 0.09536602 0.07778811
v 0.30983648 0.11700301 0.03101555
v 0.28306448 0.12229721 0.05235255
v 0.15589672 0.08952415 0.07934347
v 0.15918499 0.10760725 0.07808217
v 0.18233800 0.09903988 0.05259898
v 0.17736310 0.07938160 0.05590972
v 0.21194506 0.02482417 0.07738781
v 0.18974543 0.03922129 0.09575120
v 0.18087745 0.04925245 0.07892469
v 0.20214057 0.03660876 0.05899066
v 0.21377891 0.10240544 0.15347666
v 0.20644134 0.08185281 0.15660715
v 0.23934859 0.06972873 0.14498615
v 0.24706399 0.09187885 0.14057869
v 0.20740926 0.13864654 0.12466720
v 0.21563035 0.12422994 0.14322639
v 0.24913836 0.11734737 0.12731519
v 0.19272184 0.14081417 0.10874873
v 0.16332293 0.15137689 0.12711987
v 0.17490357 0.14955111 0.14019406
v 0.13330048 0.10243252 0.10123396
v 0.13727397 0.11837339 0.10117775
v 0.13616908 0.07885069 0.11483735
v 0.15848619 0.06368777 0.09845376
v 0.16682523 0.05501977 0.11299586
v 0.14319021 0.07015643 0.12828338
v 0.18643767 0.05816665 0.14409181
v 0.16151601 0.07507940 0.15643796
v 0.15232658 0.06921783 0.14355898
v 0.17577016 0.05359179 0.12968463
v 0.17598963 0.09644103 0.16722053
v 0.16856277 0.08335070 0.16358978
v 0.19661975 0.06829491 0.15374199
v 0.18360114 0.11499754 0.16537660
v 0.18433148 0.13691223 0.15632725
v 0.05231693 -0.04901932 0.07263546
v 0.05979756 -0.04683712 0.07964646
v 0.07812162 -0.04480571 0.04376296
v 0.07012540 -0.04900527 0.03875178
v 0.23702273 -0.04047294 -0.07026406
v 0.21400985 -0.06105871 -0.06497133
v 0.28129122 0.00658751 -0.07711609
v 0.26034689 -0.01916477 -0.07547355
v 0.30267191 0.03371792 -0.07739258
v 0.33397621 0.07111965 -0.06676556
v 0.32199699 0.05658951 -0.07346337
v 0.33475018 0.07762612 -0.05727382
v 0.32861966 0.08336270 -0.04746576
v 0.31678089 0.09049378 -0.03459069
v 0.27603668 0.10422656 -0.00560048
v 0.29953566 0.09785579 -0.02116951
v 0.25815618 0.08431014 -0.00945684
v 0.21980894 0.11334702 0.03489414
v 0.24789006 0.10883155 0.01371267
v 0.16704762 0.12479571 0.08404058
v 0.19292575 0.11786938 0.05949610
v 0.14472067 0.13345021 0.10716158
v 0.16668810 -0.15208805 -0.04190641
v 0.15203138 -0.16158435 -0.03980219
v 0.13308640 -0.12953372 -0.04450130
v 0.14336777 -0.12447912 -0.04758472
v 0.05841997 -0.05877629 0.01410665
v 0.06313789 -0.05785404 0.01618965
v 0.07065564 -0.06434597 -0.00136451
v 0.06348058 -0.06422490 -0.00263259
v 0.40410691 -0.00730847 -0.00401407
v 0.32444403 0.00368473 0.07033864
v 0.28756082 0.03699815 0.05468053
v 0.30650514 0.02292496 0.06640828
v 0.34229439 0.04718836 -0.08603395
v 0.36649722 0.03248164 -0.08629359
v 0.34902796 -0.00095397 -0.08597451
v 0.32476354 0.01934877 -0.08859035
v 0.33285385 0.11104040 0.01317939
v 0.31652299 0.10868113 -0.00753298
v 0.29298908 0.11518633 0.01065519
v 0.35419801 0.10512337 -0.00305712
v 0.33712491 0.00637311 0.07970554
v 0.31863573 -0.00355467 0.06640097
v 0.27619359 -0.00002936 0.06411746
v 0.30049321 -0.00252363 0.04842922
v 0.29513010 0.00072950 0.08435333
v 0.28792098 -0.03952387 -0.08329062
v 0.30672604 -0.01220527 -0.08722403
v 0.33179733 -0.03297417 -0.08230266
v 0.31256422 -0.06197931 -0.07644707
v 0.07124112 -0.39663598 0.12387555
v 0.09256674 -0.39270988 0.11257894
v 0.13718264 -0.42824864 -0.08455522
v 0.13052070 -0.41617918 -0.09401820
v 0.12730151 -0.41027582 -0.07067437
v 0.13642129 -0.42345181 -0.05785249
v 0.14138411 -0.43784770 -0.05152823
v 0.14069232 -0.44186592 -0.07775290
v 0.14267844 -0.45245895 -0.04687755
v 0.14183091 -0.45681730 -0.07181784
v 0.14149570 -0.52677959 -0.02705117
v 0.14686534 -0.54151732 -0.02209661
v 0.02312664 -0.38195184 -0.13117252
v 0.03038896 -0.36598289 -0.13394739
v 0.05330738 -0.36909774 -0.12367219
v 0.10415461 -0.23070882 -0.09180473
v 0.12389924 -0.18448797 -0.05991074
v 0.10355355 -0.16963604 -0.07795087
v 0.09780589 -0.14986894 -0.07051838
v 0.06490006 -0.09059635 -0.04480748
v 0.05151244 -0.07563135 -0.02953210
v 0.04987084 -0.06391084 -0.00485118
v 0.04842350 -0.05826122 0.01661174
v 0.00076850 -0.43859592 0.12591226
v 0.00046900 -0.45681056 0.12323148
v -0.04781660 -0.59792686 0.06699817
v -0.02919384 -0.60324645 0.07307115
v -0.02799622 -0.62503189 0.06031837
v -0.04633626 -0.62009430 0.05733640
v -0.04563233 -0.63067460 0.05198975
v -0.02796249 -0.63520539 0.05404032
v -0.04191545 -0.68144560 0.01237515
v -0.04232636 -0.67332149 0.02227016
v 0.05392558 -0.05542976 0.03513737
v 0.05307908 -0.05316710 0.04504567
v 0.06565563 -0.05656479 0.02018813
v 0.13304505 -0.08575603 -0.04608756
v 0.12108631 -0.09549263 -0.04230741
v 0.10257527 -0.07165276 -0.02321148
v 0.11278068 -0.06502844 -0.02563727
v 0.23438701 -0.17166024 0.11620638
v 0.23765126 -0.18669192 0.07495937
v 0.12429996 -0.06458022 0.16075985
v 0.27978674 -0.55319607 0.07029549
v 0.25621822 -0.54938382 0.06758758
v 0.25627363 -0.55971539 0.08030877
v 0.27952671 -0.56383193 0.08236013
v -0.00082687 -0.52280366 0.11797880
v 0.00878117 -0.49930388 0.12043013
v 0.03748376 -0.65294337 -0.04947209
v 0.09172822 -0.66060829 -0.02141083
v 0.08036536 -0.65869570 -0.02103809
v 0.08729476 -0.64522916 -0.04313353
v 0.09665381 -0.64742351 -0.04311854
v 0.08448920 -0.63469082 0.06283034
v 0.07221690 -0.63325512 0.06590536
v 0.07307134 -0.64646715 0.05145535
v 0.08458713 -0.64762223 0.04892712
v 0.02408171 -0.20391910 0.22343194
v -0.00793028 -0.19845143 0.21649739
v -0.01159220 -0.38376459 0.12831478
v -0.01556294 -0.40207082 0.12561998
v 0.00519048 -0.40277144 0.13233867
v 0.01022821 -0.38501355 0.13671634
v 0.03371193 -0.51019871 0.11845588
v 0.05131293 -0.49574095 0.11501645
v 0.02533774 -0.44050133 -0.16316578
v 0.04246102 -0.44718733 -0.16463903
v 0.03801059 -0.46625304 -0.15965499
v 0.02003191 -0.46052632 -0.15996747
v 0.22373264 -0.58878034 0.09014411
v 0.23128432 -0.57016766 0.08638562
v 0.20897080 -0.56467968 0.08141455
v 0.20352864 -0.57596874 0.08615822
v 0.18522814 -0.12224481 0.17540461
v 0.21306565 -0.15183312 0.15623821
v 0.10566089 -0.41126359 0.08924162
v 0.10686782 -0.39814889 0.09142324
v 0.08643354 -0.40507084 0.10936957
v 0.08664545 -0.41848573 0.10882340
v 0.10849439 -0.44466060 0.06721262
v 0.10340874 -0.43419379 0.07310680
v 0.11628576 -0.45686939 0.06561846
v 0.14999734 -0.55200410 0.04952616
v 0.14538157 -0.54558134 0.04812146
v 0.14312121 -0.54770160 0.05814664
v 0.15598810 -0.11332092 -0.05359747
v 0.12122750 -0.13045962 -0.04364880
v 0.10986616 -0.12891962 -0.05210712
v 0.05242457 -0.05632898 0.02923286
v 0.04718974 -0.05566543 0.02931555
v 0.00862739 -0.65753537 -0.07499528
v 0.01196260 -0.66706461 -0.06119101
v 0.19574055 -0.54945874 0.03515968
v 0.17807484 -0.55441976 0.02930765
v 0.14035776 -0.52406704 0.03731785
v 0.14492053 -0.53495342 0.03587957
v 0.14669181 -0.53567380 0.01901622
v 0.14261322 -0.52270728 0.01777575
v 0.13719280 -0.52663064 0.05241625
v 0.14214046 -0.53581899 0.04996112
v 0.10906251 -0.56056058 -0.08188393
v 0.10960953 -0.57964879 -0.07475673
v 0.09963277 -0.58052063 -0.07929932
v 0.09978032 -0.56136203 -0.08848305
v 0.08772285 -0.55675417 -0.09387809
v 0.08774172 -0.57850492 -0.08406711
v 0.07349889 -0.57341003 -0.08982427
v 0.07392984 -0.55203408 -0.10101854
v 0.04002944 -0.62889636 -0.06697467
v 0.02637400 -0.61442602 -0.08197965
v 0.01023338 -0.60330814 -0.09324438
v -0.00462899 -0.59546852 -0.10096381
v -0.04357409 -0.66300762 0.03149310
v -0.02195270 -0.66557807 0.03042507
v -0.02682282 -0.65473926 0.03986631
v -0.04487590 -0.65162164 0.03931861
v -0.06073664 -0.64809632 0.03865157
v -0.05983901 -0.65852797 0.03121019
v 0.00451648 -0.64219177 -0.08113859
v -0.00588934 -0.63303721 -0.09060791
v -0.01348391 -0.61711061 -0.09503900
v 0.28215677 -0.64513081 0.01832777
v 0.25852260 -0.64852774 0.01311619
v 0.00571502 -0.68656099 -0.03127106
v 0.01107516 -0.67753375 -0.04672541
v 0.27971581 -0.65134633 0.03652895
v 0.25634953 -0.65302354 0.03243149
v 0.08444308 -0.62164545 -0.06090713
v 0.09364787 -0.62408412 -0.05799840
v 0.07794762 -0.64281476 -0.04451535
v 0.00134040 -0.64828277 -0.08685523
v -0.00856647 -0.64038098 -0.09627777
v 0.22198719 -0.19288975 0.11127789
v 0.22219254 -0.20099789 0.07234730
v 0.13992648 -0.36649632 0.04243341
v 0.14248097 -0.35384649 0.01476076
v 0.02011588 -0.32310739 -0.14156696
v 0.02378755 -0.30441940 -0.14227681
v 0.04787621 -0.30977046 -0.13438021
v 0.04326603 -0.32845849 -0.13480417
v -0.00011674 -0.37827078 -0.13671938
v 0.00648214 -0.36037952 -0.13944310
v -0.03214197 -0.63723421 -0.10960428
v 0.07646190 -0.27627376 -0.11886628
v 0.07306061 -0.29670170 -0.12155893
v 0.05181416 -0.29015374 -0.13379879
v 0.05451892 -0.26664016 -0.12966834
v 0.04879184 -0.24059027 -0.12852152
v 0.04880360 -0.23070301 -0.12573403
v 0.08000945 -0.12657593 -0.07081215
v 0.06554718 -0.12305157 -0.07489227
v 0.20303544 -0.62551194 -0.03134684
v 0.20119527 -0.64406598 -0.02147992
v 0.18747562 -0.64426410 -0.02770996
v 0.18944387 -0.62527603 -0.03622302
v 0.11127984 -0.29453611 -0.08300234
v 0.09477212 -0.28527313 -0.10388485
v 0.13594911 -0.51580608 -0.05179173
v 0.13792449 -0.51220214 -0.03096585
v 0.01990502 -0.39635473 -0.14090002
v 0.05812475 -0.45430723 -0.16345336
v 0.05409936 -0.47173622 -0.15708591
v 0.07313371 -0.46043816 -0.15930794
v 0.06947281 -0.47681454 -0.15207571
v 0.04371214 -0.05596519 0.04222544
v 0.04679210 -0.05882278 0.03887817
v 0.17205763 -0.63317937 0.07458097
v 0.17353199 -0.62336355 0.07927934
v 0.16228813 -0.61941659 0.07798368
v 0.16126890 -0.63079846 0.07406430
v 0.10928543 -0.04122669 0.00437934
v 0.09549391 -0.05169119 0.00686128
v 0.04465164 -0.05828710 0.11067759
v 0.03773893 -0.05351324 0.09820893
v 0.02380289 -0.06394622 0.10722738
v 0.01844660 -0.06670129 0.11835224
v 0.22256608 -0.10652922 -0.06349891
v 0.20214202 -0.12659304 -0.05671705
v 0.24478792 -0.08643590 -0.07058740
v 0.26711839 -0.06385368 -0.07728264
v 0.34523860 0.09047504 -0.04449338
v 0.33828783 0.10084340 -0.02487779
v 0.26574397 0.11891772 0.03216735
v 0.23715723 0.12175542 0.05299246
v 0.20763886 0.12761459 0.07431704
v 0.15287739 0.14477904 0.11553168
v 0.17840707 0.13558429 0.09576610
v 0.27812827 -0.64878708 0.05485908
v 0.27773187 -0.64084983 0.07012589
v 0.25301740 -0.64096713 0.06931833
v 0.25268012 -0.65015560 0.05238188
v 0.23637626 -0.54663777 0.02913007
v 0.25742391 -0.54606301 0.03364166
v 0.25888383 -0.55464745 0.01511023
v 0.23708683 -0.55581993 0.01002836
v 0.27982122 -0.54674792 0.03833197
v 0.25623217 -0.54425240 0.05182849
v 0.27930918 -0.54711878 0.05561065
v 0.27834827 -0.57850188 0.09060547
v 0.25530228 -0.57402313 0.08870399
v 0.25238585 -0.59245420 0.09183605
v 0.27687782 -0.59603125 0.09272693
v 0.27711815 -0.62758088 0.08151923
v 0.27700827 -0.61241370 0.08951122
v 0.25300485 -0.61099589 0.08899580
v 0.25419527 -0.62651503 0.08162834
v 0.28410366 -0.58318591 -0.00324431
v 0.26052716 -0.58434105 -0.00970132
v 0.25981164 -0.56833905 0.00005516
v 0.28306296 -0.56702280 0.00588804
v 0.19907475 -0.65844703 -0.00494844
v 0.18521756 -0.66014040 -0.01163181
v 0.15378504 -0.55952668 -0.03307633
v 0.15900871 -0.57075226 -0.02496578
v 0.16445178 -0.58262253 -0.04018071
v 0.15600340 -0.57229376 -0.04616663
v 0.23683485 -0.63886648 -0.01011717
v 0.23635188 -0.65191042 0.00752988
v 0.21567723 -0.65546530 0.00105926
v 0.21736248 -0.64188224 -0.01652858
v 0.23790011 -0.58468640 -0.01737949
v 0.21661651 -0.58551198 -0.02521953
v 0.21540031 -0.57172835 -0.01219293
v 0.23729284 -0.56977189 -0.00586763
v 0.21120512 -0.55199760 0.07063433
v 0.23313320 -0.55564415 0.07679394
v 0.18962769 -0.60569429 -0.03937741
v 0.20311289 -0.60524660 -0.03546195
v 0.13577029 -0.50258505 -0.05556516
v 0.14019859 -0.51172769 0.01664447
v 0.13736321 -0.50114691 0.01593398
v 0.13096206 -0.42737219 -0.11147751
v 0.12966526 -0.44150344 -0.12004212
v 0.14098968 -0.47003150 -0.01481995
v 0.14233506 -0.45258048 -0.01680430
v 0.13363178 -0.44498751 -0.11195084
v 0.13575001 -0.43666148 -0.10324802
v 0.08962430 -0.37608495 -0.09171391
v -0.00931202 -0.60725582 -0.09710084
v 0.21871775 -0.60323137 -0.02954360
v 0.21882316 -0.62314302 -0.02590349
v 0.18712202 -0.56879485 0.08112159
v 0.18966818 -0.55897510 0.07439546
v 0.17327718 -0.55718368 0.06684806
v 0.17192975 -0.56457353 0.07462854
v 0.07164252 -0.53207648 0.10515884
v 0.08276519 -0.52083212 0.10276844
v 0.06800266 -0.50824749 0.10945128
v 0.05397552 -0.52148813 0.11324523
v 0.17465621 -0.65147102 0.06211491
v 0.16261140 -0.65230453 0.05987658
v 0.16677433 -0.66019714 0.04824339
v 0.18013714 -0.65862858 0.05199099
v 0.17319265 -0.66657698 0.03210586
v 0.18056512 -0.66838026 0.01084333
v 0.19518469 -0.66612893 0.01582250
v 0.18784009 -0.66491449 0.03637042
v 0.19726285 -0.21054022 0.13771038
v 0.17815349 -0.20575626 0.16327035
v 0.14485368 -0.27274561 -0.01994349
v 0.15363216 -0.28583980 0.00759356
v 0.14865158 -0.20453222 -0.02994351
v 0.08738834 -0.07528284 -0.02018189
v 0.10647486 -0.10076740 -0.03888417
v 0.13126712 -0.02238406 0.00309487
v 0.20244138 -0.22170269 0.09935880
v 0.18671601 0.01501694 -0.00394261
v 0.15803523 -0.00237617 0.00026645
v 0.20213474 0.01363733 0.08728198
v 0.17012145 0.00095651 0.09891289
v 0.19531955 -0.01388475 0.11654136
v 0.22318058 -0.00334184 0.10334594
v 0.22132650 -0.03690048 0.12257238
v 0.24833550 -0.02473560 0.10916058
v 0.35186645 -0.04896423 -0.06044755
v 0.24962449 0.00730824 0.08116469
v 0.24103284 0.02387926 0.11608782
v 0.22524959 0.02057254 0.09756947
v 0.26832673 0.00994948 0.10103983
v 0.31348783 0.01347572 0.09841272
v 0.28677842 0.02299830 0.11407498
v 0.28137887 0.11015259 0.11173654
v 0.20112675 0.03631234 0.11399785
v 0.21371281 0.04110038 0.13050058
v 0.25752741 0.03633082 0.12840965
v 0.22735792 0.05193537 0.14134583
v 0.08637595 -0.05763043 0.00611249
v 0.01135782 -0.06930658 0.13593940
v 0.20374927 -0.21027754 0.02857757
v 0.22448529 -0.19922675 0.03121166
v 0.14204222 -0.16323808 -0.03761440
v 0.16218090 -0.18725643 -0.01971523
v 0.12988180 -0.33079100 -0.03387057
v 0.11826032 -0.32171363 -0.05742603
v 0.12013431 -0.36237696 -0.03833345
v 0.12450249 -0.34683990 -0.03476263
v 0.13361824 -0.35767990 -0.01218906
v 0.12856840 -0.37257001 -0.01558226
v 0.12909392 -0.39349166 0.03762555
v 0.13355169 -0.37974489 0.04092732
v 0.12366946 -0.38984773 0.06829765
v 0.12030347 -0.40349263 0.06488816
v 0.11353882 -0.38621137 0.09460587
v 0.13099742 -0.37734345 0.07055212
v 0.02390629 -0.41812709 0.13041535
v 0.02237128 -0.43497032 0.12791501
v 0.04377535 -0.43076098 0.12684914
v 0.04517055 -0.41480407 0.12778094
v 0.09576847 -0.12818956 -0.06319599
v 0.07564107 -0.06287445 0.00074495
v 0.18388890 -0.14212574 -0.04893173
v 0.18795399 -0.18218903 -0.02940667
v 0.20928821 -0.20090313 -0.00319033
v 0.17808896 -0.56033069 0.01426569
v 0.11062028 -0.54391283 0.08270568
v 0.10684268 -0.55372584 0.08383761
v 0.21159700 -0.66196495 0.02219121
v 0.20415486 -0.66022092 0.04223840
v 0.19898140 -0.58727366 -0.03133176
v 0.17697132 -0.64363164 -0.03314650
v 0.16863452 -0.62185800 -0.04712207
v 0.17886661 -0.62392300 -0.04153041
v 0.16353156 -0.21628539 -0.00035175
v 0.16736317 -0.21084426 -0.00032304
v 0.18196739 -0.22616684 0.02864457
v 0.03948352 -0.05277087 0.08223502
v 0.03080219 -0.05972815 0.09296652
v 0.12567386 -0.13340241 -0.04454147
v 0.23968589 0.04711980 -0.01124214
v 0.21394418 0.03086527 -0.00835750
v 0.26330030 0.06075029 -0.01296361
v 0.28575364 0.07078877 -0.01515220
v 0.30365652 0.07234520 -0.01802113
v 0.31174821 0.06647581 -0.02084989
v 0.30814955 0.05558315 -0.02465904
v 0.29240963 0.04658304 -0.02004865
v 0.24785766 0.06113449 -0.00378987
v 0.27036840 0.04128540 -0.00908530
v 0.24599072 0.04106757 0.00710356
v 0.22132313 0.04489118 0.02547976
v 0.17687899 0.06299740 0.06567004
v 0.19706380 0.05256015 0.04545292
v 0.15540141 0.07535046 0.08745414
v 0.13329595 0.08891112 0.10619867
v 0.04478227 -0.05644152 0.05083960
v 0.04185788 -0.05521344 0.06559142
v 0.07275071 -0.61915505 -0.06420153
v 0.14301929 -0.52429676 -0.00476386
v 0.14760199 -0.53746718 -0.00110287
v 0.18466142 -0.58802795 -0.03460483
v 0.00162197 -0.07768735 0.15733394
v -0.00872851 -0.09043434 0.17541963
v 0.23130158 -0.62577218 0.08230408
v 0.22905762 -0.64074522 0.07108255
v 0.19496015 -0.57490367 -0.01673516
v 0.14969319 -0.55484015 -0.01522982
v 0.15486167 -0.56439024 -0.00823807
v 0.46151355 -0.64614522 0.06123103
v 0.47996157 -0.64287907 0.06240886
v 0.47855610 -0.64566505 0.07440208
v 0.45959643 -0.64837605 0.07431787
v 0.46252024 -0.63915253 0.04996075
v 0.48079827 -0.63546813 0.05178215
v 0.45899165 -0.57319975 0.05293021
v 0.47715515 -0.57475650 0.06013458
v 0.47775972 -0.58528459 0.05024291
v 0.45951164 -0.58491486 0.04359121
v 0.49806565 -0.62112916 0.04782882
v 0.48051751 -0.62433803 0.04469464
v 0.47939727 -0.61088902 0.04196090
v 0.49702126 -0.60875797 0.04623015
v 0.45567703 -0.56839216 0.08273426
v 0.43791217 -0.56475157 0.07578881
v 0.43591318 -0.57154256 0.08941296
v 0.45361817 -0.57570177 0.09510881
v 0.38373098 -0.57795107 0.02436420
v 0.36923832 -0.58051658 0.01851552
v 0.37058812 -0.56670374 0.02565420
v 0.38527864 -0.56542671 0.03265986
v 0.42232791 -0.65374321 0.06049198
v 0.44229588 -0.64973748 0.06044970
v 0.43957800 -0.65053785 0.07424054
v 0.41903287 -0.65207422 0.07478756
v 0.42264825 -0.61761677 0.03118234
v 0.40167549 -0.62047613 0.03096484
v 0.40087521 -0.60384005 0.02680547
v 0.42141938 -0.60070896 0.02931003
v 0.39839673 -0.65300912 0.07594132
v 0.40262374 -0.65603006 0.06182631
v 0.46148300 -0.61304498 0.03783543
v 0.44253817 -0.61509782 0.03386843
v 0.44113797 -0.59949148 0.03314446
v 0.46017760 -0.59863102 0.03845856
v 0.49095923 -0.57637370 0.09295470
v 0.47343349 -0.57210648 0.08847909
v 0.47138903 -0.58014083 0.09948694
v 0.48930788 -0.58479148 0.10271758
v 0.49613598 -0.59695721 0.04990565
v 0.47836533 -0.59765106 0.04416104
v 0.49561313 -0.58590949 0.05674833
v 0.49337506 -0.63542187 0.09790763
v 0.47348669 -0.63480288 0.09893194
v 0.47616950 -0.64249718 0.08698050
v 0.49539545 -0.64178938 0.08655290
v 0.42125133 -0.57361579 0.03926986
v 0.44029570 -0.57320261 0.04619309
v 0.44067717 -0.58498597 0.03720950
v 0.42119661 -0.58569288 0.03169071
v 0.42412335 -0.64677322 0.04667559
v 0.44371411 -0.64259481 0.04772180
v 0.45353466 -0.63353401 0.09956590
v 0.43340904 -0.63199806 0.09982310
v 0.43626821 -0.64397216 0.08828951
v 0.45634526 -0.64349532 0.08759931
v 0.41293597 -0.61285150 0.10212338
v 0.43197232 -0.61635941 0.10433629
v 0.43220139 -0.59943330 0.10292177
v 0.41346553 -0.59551674 0.09865785
v 0.40270823 -0.56423014 0.04239093
v 0.40201253 -0.57551014 0.03168029
v 0.41990232 -0.56216162 0.06775306
v 0.40208381 -0.55967951 0.05852223
v 0.39971706 -0.56436384 0.07368261
v 0.41791597 -0.56789500 0.08213653
v 0.36746284 -0.63940519 0.03815238
v 0.38246638 -0.63931960 0.03788573
v 0.38255766 -0.65114605 0.04918560
v 0.36651686 -0.65012205 0.05027843
v 0.38117814 -0.65591639 0.06362319
v 0.36408538 -0.65375686 0.06538902
v 0.33863452 -0.64472967 0.07782739
v 0.34827751 -0.64573330 0.07976811
v 0.34629017 -0.63250369 0.08572081
v 0.33631581 -0.63224781 0.08416907
v 0.37723666 -0.60151386 0.09460287
v 0.39432085 -0.60778922 0.09916982
v 0.39551866 -0.59001362 0.09304974
v 0.37825614 -0.58450538 0.08679136
v 0.36584333 -0.56749564 0.07046032
v 0.38021547 -0.57051808 0.07738829
v 0.38335320 -0.56100577 0.06508085
v 0.37002450 -0.55896008 0.05745960
v 0.31868872 -0.55498940 0.06143462
v 0.33248678 -0.55793500 0.06125684
v 0.33424747 -0.55298406 0.04624204
v 0.32017764 -0.55138934 0.04615752
v 0.33621848 -0.56600463 0.01634352
v 0.33782575 -0.58124650 0.00882687
v 0.32405165 -0.58130324 0.00621204
v 0.32273141 -0.56566525 0.01449392
v 0.32531297 -0.64412272 0.02998121
v 0.33724552 -0.64270592 0.03326991
v 0.33444166 -0.65045625 0.04871976
v 0.32208833 -0.65099263 0.04665720
v 0.36333129 -0.59710449 0.09052566
v 0.36198720 -0.58040035 0.08046744
v 0.34726688 -0.56682616 0.01852271
v 0.35885242 -0.56696379 0.02094907
v 0.35895136 -0.58095878 0.01391711
v 0.34806693 -0.58158386 0.01126816
v 0.34787440 -0.61378056 0.01484688
v 0.35753670 -0.61185127 0.01896910
v 0.35685608 -0.62621564 0.02726331
v 0.34812060 -0.62779725 0.02420054
v 0.34692952 -0.64082015 0.03513559
v 0.35603654 -0.64020503 0.03678628
v 0.35428676 -0.64968795 0.05028054
v 0.34439725 -0.64929736 0.04969949
v 0.35358194 -0.59623498 0.08851982
v 0.34542024 -0.59390640 0.08768115
v 0.34373766 -0.60605258 0.08743103
v 0.35258752 -0.60873747 0.08840629
v 0.35826057 -0.55757302 0.05077725
v 0.35494319 -0.56550127 0.06439255
v 0.36822408 -0.60980952 0.02256234
v 0.35820553 -0.59693116 0.01323703
v 0.36947882 -0.59503967 0.01744158
v 0.35102564 -0.65243298 0.06558695
v 0.31782281 -0.56160694 0.07410835
v 0.30230835 -0.55814260 0.07296363
v 0.30124673 -0.56812668 0.08378699
v 0.31636041 -0.57122797 0.08413246
v 0.30278474 -0.55190837 0.05942018
v 0.30331817 -0.54993248 0.04365455
v 0.30665219 -0.58229071 0.00246714
v 0.30544519 -0.56614858 0.01096115
v 0.30763713 -0.59973800 -0.00124776
v 0.32521731 -0.59879971 0.00373648
v 0.32485262 -0.61595023 0.00626909
v 0.30710736 -0.61672592 0.00063633
v 0.30450219 -0.64562809 0.02370397
v 0.30270928 -0.65111411 0.04169395
v 0.31942993 -0.64986396 0.06204264
v 0.30108243 -0.64915133 0.05889989
v 0.33531368 -0.55562210 0.02997080
v 0.34724057 -0.55679214 0.03140547
v 0.45149890 -0.61915970 0.10556847
v 0.47143048 -0.62179261 0.10587582
v 0.47001663 -0.60688460 0.10752887
v 0.45095706 -0.60334259 0.10589817
v 0.46997091 -0.59257483 0.10571790
v 0.48849231 -0.59680128 0.10733733
v 0.44361696 -0.63042819 0.03848936
v 0.46260259 -0.62750441 0.04154070
v 0.49854040 -0.63222617 0.05360722
v 0.36799049 -0.62433016 0.02988865
v 0.38178393 -0.62320840 0.03087566
v 0.33463317 -0.61778861 0.08480488
v 0.32498163 -0.61700630 0.08630903
v 0.32612792 -0.63143486 0.08287573
v 0.36205930 -0.61433083 0.09078296
v 0.35821539 -0.63107359 0.08669452
v 0.37623343 -0.63855547 0.08819064
v 0.37610507 -0.62119174 0.09428761
v 0.33669978 -0.59051299 0.08825983
v 0.32698792 -0.58738422 0.08960189
v 0.32563680 -0.60239476 0.08979717
v 0.33513200 -0.60440111 0.08818810
v 0.32541898 -0.63185751 0.01521786
v 0.33863819 -0.63006103 0.02018157
v 0.29918933 -0.62812626 0.08213070
v 0.30068898 -0.64060813 0.07277840
v 0.31712288 -0.64240944 0.07421767
v 0.31460437 -0.63009751 0.08194137
v 0.32874814 -0.64369977 0.07588079
v 0.29840294 -0.61366856 0.08894630
v 0.31380856 -0.61566532 0.08738342
v 0.30613419 -0.63269961 0.00902942
v 0.31483749 -0.58499098 0.09042695
v 0.29968953 -0.58238721 0.09094478
v 0.29849645 -0.59816527 0.09233548
v 0.31386435 -0.60045135 0.09128292
v 0.45167941 -0.58823192 0.10266455
v 0.43357447 -0.58404773 0.09850855
v 0.37164584 -0.55759037 0.04008298
v 0.38547799 -0.55802333 0.04852596
v 0.35902432 -0.55793351 0.03442103
v 0.45767441 -0.56683803 0.06758890
v 0.47565868 -0.56968904 0.07430796
v 0.42100865 -0.56443411 0.05158662
v 0.43937963 -0.56509668 0.05978787
v 0.41345882 -0.63003051 0.09882508
v 0.34143442 -0.56895936 0.07324345
v 0.35100204 -0.57407916 0.07431782
v 0.34402049 -0.56184673 0.06174530
v 0.30390280 -0.55472904 0.02534836
v 0.32153964 -0.55531025 0.02901872
v 0.35324532 -0.58590347 0.08403189
v 0.28134784 -0.55452001 0.02082174
v 0.36058956 -0.64776671 0.08030067
v 0.33157206 -0.65084469 0.06351884
v 0.34182030 -0.65112734 0.06486487
v 0.49702036 -0.64360464 0.07414105
v 0.42384470 -0.63357210 0.03638129
v 0.38220888 -0.60671341 0.02490626
v 0.38279712 -0.59197897 0.02218127
v 0.33069247 -0.56455958 0.07356325
v 0.32881707 -0.57373506 0.08337289
v 0.33857808 -0.57773656 0.08259080
v 0.33822560 -0.59859896 0.00721347
v 0.33776632 -0.61517596 0.01082850
v 0.49286592 -0.57328910 0.08023934
v 0.34884253 -0.59780049 0.01033390
v 0.37773964 -0.65121937 0.07836504
v -0.04743336 -0.60948265 0.06172777
v -0.06405211 -0.59538007 0.06176285
v -0.06366455 -0.60619110 0.05664497
v 0.13962065 -0.43790016 -0.01962126
v 0.11040629 -0.39712730 -0.06461185
v 0.12069330 -0.40747201 -0.04591572
v 0.13933802 -0.51172560 -0.00745559
v 0.13734388 -0.49874151 -0.00991005
v 0.15433139 -0.55932200 0.00787052
v 0.14954540 -0.55022752 0.00396094
v 0.14215618 -0.46824470 -0.04284086
v 0.01961485 -0.79910105 -0.10077129
v 0.01938704 -0.79297978 -0.09638542
v 0.02027561 -0.81178731 -0.10425575
v 0.04502081 -0.25218391 -0.13136213
v 0.03449560 -0.22729559 -0.12846653
v 0.03562763 -0.21838063 -0.12635106
v 0.02149156 -0.77930099 -0.11011121
v 0.01991879 -0.77479589 -0.10436772
v 0.02285471 -0.77682102 -0.10820557
v 0.02137712 -0.78056955 -0.11253842
v 0.02105897 -0.77970755 -0.11203946
v 0.02113619 -0.81114423 -0.11552306
v 0.01871307 -0.78563470 -0.09354115
v 0.01664478 -0.77648199 -0.09266603
v 0.02011347 -0.79616690 -0.11695595
v 0.00206576 -0.32803392 0.15605330
v 0.00673129 -0.31029886 0.17041853
v -0.02128062 -0.30674475 0.16208161
v -0.02427788 -0.32479864 0.14717633
v -0.05021833 -0.28437904 0.16560057
v -0.05114954 -0.30380154 0.15198131
v -0.01703694 -0.28568310 0.17825481
v 0.12393560 -0.27367026 0.19022760
v 0.11773636 -0.29353771 0.18220139
v 0.14194137 -0.29632831 0.16347009
v 0.14793746 -0.27766669 0.17037590
v 0.15339956 -0.30768162 0.13360724
v 0.16201624 -0.29489794 0.13914180
v 0.13276246 -0.31117016 0.15542921
v 0.16789424 -0.30129880 0.10637709
v 0.17430520 -0.28878048 0.11145173
v 0.17556500 -0.29222584 0.07641877
v 0.18048464 -0.27997226 0.08202984
v 0.17890316 -0.26865804 0.05311055
v 0.17115730 -0.25457132 0.02377754
v 0.16242570 -0.22562683 -0.00263207
v 0.16116962 -0.23628338 -0.00558103
v 0.14739825 -0.21760049 -0.03366425
v 0.13012643 -0.19844535 -0.05932095
v 0.11003564 -0.18320212 -0.08025515
v 0.08674364 -0.17346653 -0.09613939
v 0.06581246 -0.16588217 -0.10489855
v 0.04603520 -0.16055131 -0.10952916
v 0.04773865 -0.14605740 -0.09969933
v 0.07335649 -0.59579873 -0.07767320
v 0.02934462 -0.67548990 0.01399481
v 0.05057399 -0.67251605 -0.00279088
v 0.03942125 -0.67219770 0.01840070
v 0.05625092 -0.63114607 0.07197484
v 0.03637385 -0.62529892 0.07655598
v 0.03867674 -0.63829094 0.06475115
v 0.05877559 -0.64566278 0.05722478
v 0.01768903 -0.66787869 0.02734621
v 0.01124792 -0.66977084 0.02345800
v 0.02499108 -0.66471732 0.03367943
v 0.00822602 -0.65593439 0.04151111
v -0.00933795 -0.64983696 0.04602946
v 0.08737364 -0.66318619 0.00464698
v 0.10039359 -0.66333210 0.00397293
v 0.09554771 -0.65732872 0.02699828
v 0.08479647 -0.65774524 0.02921406
v 0.08418274 -0.62187093 0.07236522
v 0.09576815 -0.62370104 0.06915189
v 0.09652513 -0.61081690 0.07597035
v 0.08344896 -0.60783094 0.07982125
v 0.14529815 -0.66720665 0.00242828
v 0.15782726 -0.66914701 0.00420713
v 0.15003729 -0.66688120 0.02555010
v 0.13702194 -0.66400498 0.02390676
v 0.09514627 -0.63469863 0.05950324
v 0.02263812 -0.52942646 0.11766633
v 0.04352254 -0.53613985 0.11215127
v 0.06212956 -0.54422319 0.10732345
v 0.10380714 -0.56362206 0.08394557
v 0.09599075 -0.54743624 0.09044785
v 0.09195411 -0.55811578 0.08988991
v 0.11549583 -0.56864351 0.08030156
v 0.12435895 -0.57188523 0.07726009
v 0.15525614 -0.61948425 -0.05247650
v 0.15685150 -0.59426540 -0.05481727
v 0.16841325 -0.60028493 -0.04778629
v 0.14480379 -0.57561588 0.07298383
v 0.14566323 -0.57043821 0.07232217
v 0.13732824 -0.56555915 0.07185494
v 0.13598204 -0.57054603 0.07291787
v 0.07589787 -0.66412616 0.00531409
v 0.14419654 -0.65858823 0.04316029
v 0.13969111 -0.64962834 0.05577588
v 0.12860718 -0.64543509 0.05455501
v 0.13133687 -0.65533197 0.04075206
v 0.13868126 -0.63825423 0.06499583
v 0.13852026 -0.62632251 0.07145242
v 0.12813793 -0.62202924 0.07061332
v 0.12766175 -0.63369572 0.06429802
v 0.14372200 -0.58261991 0.07433337
v 0.13327140 -0.57720584 0.07401702
v 0.17433268 -0.66117513 -0.01597536
v 0.12057050 -0.65861940 -0.02187483
v 0.10584997 -0.65874255 -0.02114758
v 0.10944746 -0.64494449 -0.04380480
v 0.12241112 -0.64478523 -0.04506756
v 0.16263807 -0.56293255 0.01208629
v 0.16210206 -0.55850315 0.02588825
v 0.16182974 -0.55463958 0.04021984
v 0.13950385 -0.55239153 0.06635483
v 0.16077811 -0.55374157 0.05252186
v 0.17225200 -0.58668876 -0.03651384
v 0.17775926 -0.60383898 -0.04232436
v 0.11213507 -0.62360799 -0.05815800
v 0.12511310 -0.62148488 -0.05794790
v 0.16833468 -0.66940427 0.00753783
v 0.16043405 -0.66741139 0.02907960
v 0.16712253 -0.57726157 0.07977764
v 0.15691516 -0.57311302 0.07522544
v 0.15536278 -0.57879376 0.07671362
v 0.13142747 -0.54880708 0.07202445
v 0.13766748 -0.55918324 0.07046670
v 0.11499599 -0.66422236 0.00325064
v 0.15049912 -0.65056801 0.05906000
v 0.15479784 -0.65986204 0.04638795
v 0.11759158 -0.62993735 0.06466091
v 0.10659936 -0.62699312 0.06675602
v 0.10575944 -0.63864213 0.05678814
v 0.11690947 -0.64111561 0.05468199
v 0.15017354 -0.61682284 0.07720517
v 0.14974514 -0.62945408 0.07260130
v 0.10718191 -0.61333656 0.07274134
v 0.11814880 -0.61686277 0.07079669
v 0.15428148 -0.58522725 0.07722865
v 0.10285360 -0.62417078 -0.05705489
v 0.09803928 -0.60233867 -0.07067739
v 0.10728540 -0.60316330 -0.06855442
v 0.11701213 -0.60019308 -0.06689562
v 0.12965724 -0.59618753 -0.06538948
v 0.14427182 -0.59228933 -0.06180593
v 0.08745422 -0.60035002 -0.07437170
v 0.34682980 -0.58234102 0.08255731
v 0.16991523 -0.57197136 0.07863842
v 0.17811102 -0.58240855 0.08355975
v 0.18250442 -0.57689399 0.08335284
v 0.22962761 -0.60879326 0.08894797
v -0.04675874 -0.69012940 -0.20383359
v -0.04591318 -0.68572932 -0.19962358
v -0.04938505 -0.71161085 -0.21042180
v -0.04894576 -0.70816350 -0.21014555
v 0.34420291 -0.61834520 0.08425502
v 0.35172620 -0.61893117 0.08521233
v 0.39413628 -0.62664092 0.09754448
v 0.39561936 -0.64238679 0.08874370
v 0.41562319 -0.64379984 0.08873601
v 0.40323275 -0.65045351 0.04763818
v 0.40273771 -0.63722795 0.03678849
v 0.40116593 -0.58839041 0.02704796
v 0.39723319 -0.57533187 0.08529218
v 0.53398746 -0.63454056 0.06231640
v 0.55225199 -0.63027465 0.06187675
v 0.55219948 -0.63742030 0.07057232
v 0.53343886 -0.64012778 0.07246836
v 0.56998175 -0.62516254 0.06185219
v 0.55171043 -0.62060684 0.05686868
v 0.56871367 -0.61543787 0.05932204
v 0.55061209 -0.61124575 0.05591939
v 0.56698596 -0.60733825 0.06024085
v 0.56531829 -0.60038608 0.06418532
v 0.54930544 -0.60253382 0.05922256
v 0.54819942 -0.59550256 0.06657723
v 0.56394619 -0.59486628 0.07255457
v 0.52998769 -0.58868545 0.06958055
v 0.52919751 -0.58288211 0.07947171
v 0.54598469 -0.58680427 0.08519563
v 0.54709584 -0.59018821 0.07587105
v 0.56003726 -0.59772372 0.10614213
v 0.54377347 -0.59154797 0.10369468
v 0.54321814 -0.60058439 0.10866106
v 0.55967885 -0.60583127 0.11042041
v 0.52774912 -0.61848444 0.10755053
v 0.54570746 -0.62321436 0.10757463
v 0.54369450 -0.61200047 0.10986842
v 0.52587527 -0.60608804 0.10888810
v 0.56192768 -0.62710285 0.10768279
v 0.54722029 -0.63339728 0.10233053
v 0.56359160 -0.63587111 0.10084168
v 0.51614761 -0.62896484 0.05468649
v 0.51609588 -0.63764018 0.06298429
v 0.49823293 -0.64023101 0.06292529
v 0.53218991 -0.60430330 0.05489988
v 0.53313428 -0.61451721 0.05291832
v 0.51563013 -0.61793023 0.05026843
v 0.51478541 -0.60640591 0.05051418
v 0.49467033 -0.57699776 0.06675985
v 0.51187319 -0.57959825 0.07345869
v 0.51266348 -0.58729571 0.06327222
v 0.53107047 -0.59579974 0.06066797
v 0.51365650 -0.59638011 0.05538344
v 0.52755988 -0.58153278 0.09057218
v 0.54465061 -0.58673686 0.09494334
v 0.53264743 -0.64074111 0.08380128
v 0.55089337 -0.64018887 0.08177223
v 0.54947305 -0.63837695 0.09247828
v 0.53136945 -0.63760060 0.09450726
v 0.51020873 -0.57715708 0.08534664
v 0.51429957 -0.64156431 0.08510853
v 0.51257998 -0.63652420 0.09631079
v 0.52915204 -0.63026106 0.10343200
v 0.51044768 -0.62714642 0.10466689
v 0.56809521 -0.63865256 0.07989551
v 0.56959504 -0.63411438 0.06947764
v 0.51522845 -0.64209700 0.07381934
v 0.52622598 -0.58610237 0.10057826
v 0.50859463 -0.58134723 0.09681460
v 0.50737745 -0.58992815 0.10516754
v 0.52546042 -0.59495580 0.10715538
v 0.48929682 -0.61058408 0.10752425
v 0.50874859 -0.61405790 0.10751197
v 0.50735146 -0.60130799 0.10800185
v 0.55980837 -0.61681205 0.11106819
v 0.49109420 -0.62435794 0.10526650
v 0.63890326 -0.59302360 0.09695232
v 0.64581954 -0.58988154 0.09080197
v 0.63838476 -0.58587277 0.08759929
v 0.63082343 -0.58987170 0.09392612
v 0.62122935 -0.57786834 0.07690165
v 0.63177317 -0.57691127 0.07125171
v 0.62739933 -0.57938814 0.06350928
v 0.61600316 -0.58004832 0.06768914
v 0.65133637 -0.59024298 0.08418614
v 0.64435786 -0.58515871 0.08134618
v 0.65249318 -0.59372818 0.07770337
v 0.65812415 -0.59451395 0.08614412
v 0.65902895 -0.60003686 0.08150259
v 0.66498107 -0.60270488 0.08500837
v 0.66280425 -0.61104631 0.08604413
v 0.65376866 -0.61031282 0.07963407
v 0.64170521 -0.62337971 0.09590042
v 0.65417272 -0.62139523 0.10054763
v 0.64880091 -0.62413192 0.10873540
v 0.63624358 -0.62597102 0.10351299
v 0.63589156 -0.62265992 0.12181690
v 0.62486249 -0.62465894 0.11573938
v 0.63087559 -0.62533939 0.10963792
v 0.64317858 -0.62330937 0.11547763
v 0.62934905 -0.59821522 0.10658868
v 0.63265884 -0.59672451 0.10247378
v 0.62423885 -0.59475327 0.09983433
v 0.62056547 -0.59657311 0.10416342
v 0.65247732 -0.59548753 0.06809214
v 0.65337265 -0.59252369 0.07043429
v 0.65206772 -0.60012412 0.07479031
v 0.64735991 -0.60355222 0.07122546
v 0.59637165 -0.59112030 0.10723801
v 0.59778142 -0.59023464 0.10052288
v 0.58930093 -0.59131920 0.09483284
v 0.58701837 -0.59230316 0.10237473
v 0.59868401 -0.58563364 0.07487481
v 0.59763652 -0.59445584 0.06552508
v 0.59040809 -0.59717321 0.06676921
v 0.59254932 -0.58972287 0.07789356
v 0.60619009 -0.58210397 0.07189483
v 0.61480099 -0.58880603 0.06150580
v 0.60492724 -0.59124202 0.06355376
v 0.62664855 -0.58635980 0.05887032
v 0.58393127 -0.59545362 0.11077166
v 0.58914286 -0.59526330 0.11586000
v 0.70626873 -0.59580404 0.10465847
v 0.70124990 -0.59599024 0.10287522
v 0.70058984 -0.59632778 0.10764815
v 0.70568234 -0.59614402 0.10944250
v 0.58604383 -0.61347163 0.11893829
v 0.58107358 -0.61142623 0.11694338
v 0.58259952 -0.62061316 0.11463240
v 0.58825392 -0.62188089 0.11531724
v 0.59238541 -0.61497182 0.12255760
v 0.59583920 -0.62291074 0.11756000
v 0.70929146 -0.60619432 0.10111545
v 0.70372087 -0.60717064 0.09985137
v 0.70334375 -0.60260689 0.09876188
v 0.70861191 -0.60186154 0.10013232
v 0.64721584 -0.59469640 0.09873094
v 0.65354317 -0.59198731 0.09273095
v 0.66839963 -0.59366828 0.10013361
v 0.66892081 -0.59395534 0.09429510
v 0.66157418 -0.59263980 0.09349450
v 0.65716189 -0.59487677 0.10079378
v 0.64485681 -0.59998196 0.11494166
v 0.65060240 -0.59844130 0.11029582
v 0.64142036 -0.59857625 0.10721298
v 0.63593382 -0.59984106 0.11191321
v 0.62982398 -0.59900749 0.12064632
v 0.62768942 -0.59837306 0.12588607
v 0.63474196 -0.59940982 0.12949449
v 0.63814402 -0.60004389 0.12415434
v 0.65687913 -0.60109901 0.12607031
v 0.65400237 -0.60188305 0.13046820
v 0.66175002 -0.60519296 0.13285911
v 0.66476905 -0.60388887 0.12877375
v 0.57594264 -0.61076748 0.11537994
v 0.57712716 -0.61975646 0.11392445
v 0.62302899 -0.61906695 0.13414291
v 0.62938547 -0.61898512 0.14017227
v 0.62389606 -0.61343616 0.14510784
v 0.61736065 -0.61342651 0.13869287
v 0.59259856 -0.62781179 0.10925162
v 0.58638561 -0.62799609 0.10859105
v 0.70915586 -0.60966295 0.10481507
v 0.70358711 -0.61074674 0.10345541
v 0.62892073 -0.59590012 0.05869859
v 0.61638772 -0.59972715 0.06132375
v 0.60580748 -0.60284907 0.06339063
v 0.59818780 -0.60556769 0.06423867
v 0.59158146 -0.60825706 0.06342016
v 0.65995598 -0.59578204 0.10648453
v 0.64004874 -0.59717196 0.10308366
v 0.62682438 -0.59862864 0.10947920
v 0.61417115 -0.59675413 0.13191360
v 0.61858481 -0.59623671 0.12680553
v 0.61339951 -0.59475279 0.12252057
v 0.60726291 -0.59641397 0.12918183
v 0.61558050 -0.60622185 0.14091605
v 0.62263423 -0.60636109 0.14596246
v 0.62473994 -0.60117751 0.14378002
v 0.61812401 -0.60068071 0.13929234
v 0.65192962 -0.59757006 0.06401956
v 0.64331514 -0.60377681 0.06625362
v 0.58597100 -0.60432398 0.11986576
v 0.58103210 -0.60319972 0.11596055
v 0.57723773 -0.60231584 0.11227155
v 0.60892040 -0.59283888 0.10261253
v 0.61108840 -0.59223986 0.09979454
v 0.60091937 -0.58725387 0.09206437
v 0.59882677 -0.58927399 0.09632948
v 0.62167931 -0.58470696 0.08997576
v 0.63029355 -0.58098936 0.08371647
v 0.61177468 -0.58073288 0.08276443
v 0.59075862 -0.59025502 0.08774953
v 0.58412093 -0.59307110 0.08234906
v 0.58258492 -0.59293091 0.09067667
v 0.58056647 -0.59424424 0.09905215
v 0.57854873 -0.59718901 0.10695019
v 0.57602262 -0.59416234 0.07777283
v 0.57470936 -0.59332484 0.08654086
v 0.57324034 -0.59392631 0.09565094
v 0.57190877 -0.59672296 0.10345052
v 0.57254773 -0.62864280 0.10774395
v 0.57987827 -0.62849128 0.10804133
v 0.57082224 -0.61871123 0.11332335
v 0.58018708 -0.60259449 0.06391183
v 0.57775658 -0.59783518 0.06966229
v 0.58625799 -0.59498274 0.07374823
v 0.58287817 -0.61159313 0.06181075
v 0.63923198 -0.57802278 0.06699709
v 0.64350468 -0.58110797 0.07239469
v 0.64914727 -0.58114380 0.06898120
v 0.64618796 -0.57834768 0.06415743
v 0.66431004 -0.59668720 0.08754753
v 0.67038953 -0.59770274 0.08969937
v 0.67123777 -0.60367697 0.08806849
v 0.59478575 -0.59622085 0.12145936
v 0.60128766 -0.59293938 0.11409077
v 0.66866297 -0.59497094 0.10551443
v 0.69707823 -0.60807860 0.09819698
v 0.68588716 -0.60835433 0.09511998
v 0.68526584 -0.60310233 0.09391915
v 0.69683242 -0.60314775 0.09705831
v 0.67568982 -0.59941685 0.11038108
v 0.68313068 -0.60134679 0.11090182
v 0.68185854 -0.59709078 0.10730852
v 0.67480636 -0.59610629 0.10583924
v 0.65007782 -0.60171968 0.13561715
v 0.65640324 -0.60448933 0.13764328
v 0.66573560 -0.61699390 0.10559374
v 0.65850538 -0.61915457 0.09209208
v 0.66804665 -0.61693519 0.09612345
v 0.64108676 -0.60032433 0.11960132
v 0.64627630 -0.60052836 0.12754729
v 0.64902467 -0.60041583 0.12312249
v 0.66204900 -0.59644371 0.10961419
v 0.65743512 -0.59793222 0.11257542
v 0.66440904 -0.59819120 0.11376457
v 0.66833782 -0.59658802 0.10972703
v 0.60661185 -0.60461259 0.13549772
v 0.60861558 -0.61476862 0.13282123
v 0.70229101 -0.59853458 0.09973042
v 0.70742679 -0.59811676 0.10143475
v 0.57043517 -0.60893589 0.11314422
v 0.57090151 -0.60159969 0.10936087
v 0.63254291 -0.59978747 0.11599066
v 0.64712417 -0.61919177 0.08767314
v 0.62413293 -0.59824669 0.11272134
v 0.64676619 -0.61793572 0.13712630
v 0.65320438 -0.61881500 0.13983510
v 0.65209305 -0.61334956 0.14275686
v 0.64496285 -0.61283052 0.14160475
v 0.69402105 -0.60311168 0.11287633
v 0.70067382 -0.60378486 0.11425319
v 0.70045704 -0.59930384 0.11193430
v 0.69358522 -0.59856534 0.11000448
v 0.67438018 -0.59460866 0.10097046
v 0.68175370 -0.59509790 0.10275368
v 0.68253356 -0.59563363 0.09790893
v 0.67484123 -0.59513146 0.09571971
v 0.67611361 -0.59846544 0.09231801
v 0.68393540 -0.59873146 0.09478392
v 0.69500053 -0.60880721 0.11236894
v 0.68456429 -0.60756725 0.11045253
v 0.68470937 -0.61255419 0.10546312
v 0.69600230 -0.61220896 0.10744432
v 0.61376029 -0.62717795 0.10996541
v 0.61922318 -0.62317491 0.12249239
v 0.60882175 -0.62546146 0.11638053
v 0.64545602 -0.62186849 0.12758413
v 0.63812464 -0.61832899 0.13461050
v 0.62924993 -0.62096655 0.12856022
v 0.61409819 -0.62072635 0.12776083
v 0.67285085 -0.60844022 0.11265790
v 0.67163259 -0.61374223 0.11225536
v 0.67489755 -0.61224461 0.10588675
v 0.62066662 -0.59674013 0.11793379
v 0.69600141 -0.59854424 0.09795392
v 0.60105962 -0.62475246 0.07140962
v 0.60878319 -0.62266600 0.07299979
v 0.60710800 -0.62951916 0.08389659
v 0.59913772 -0.63096225 0.08074960
v 0.69401765 -0.59573579 0.10563429
v 0.69494295 -0.59547466 0.10107823
v 0.64757264 -0.60274428 0.14121059
v 0.64695013 -0.60675752 0.14534859
v 0.65223515 -0.60852766 0.14474584
v 0.65340871 -0.60578489 0.14172833
v 0.60443676 -0.62286824 0.12190967
v 0.63308060 -0.61911708 0.14499506
v 0.62882471 -0.61324120 0.15047425
v 0.59955060 -0.62758100 0.11167787
v 0.59685099 -0.63114488 0.10115351
v 0.60411203 -0.62954354 0.10475401
v 0.65566856 -0.62030911 0.12093942
v 0.61898857 -0.62741566 0.10420907
v 0.60891408 -0.62939084 0.09883045
v 0.60124695 -0.63117552 0.09343998
v 0.59481460 -0.63312513 0.09082112
v 0.59111792 -0.63223135 0.09956496
v 0.69695121 -0.61164230 0.10186481
v 0.70274824 -0.61144561 0.10875189
v 0.57520807 -0.63528913 0.09894952
v 0.58382142 -0.63381279 0.09862774
v 0.57797658 -0.63724643 0.08920613
v 0.58738595 -0.63513041 0.08932383
v 0.61773390 -0.62728143 0.08549553
v 0.61335212 -0.62922657 0.09219193
v 0.62941062 -0.62531424 0.09110947
v 0.62404352 -0.62718755 0.09816395
v 0.66001570 -0.62193573 0.11284020
v 0.71558040 -0.60774887 0.11517351
v 0.71454191 -0.60429597 0.11700724
v 0.70661342 -0.60389858 0.11551087
v 0.70781654 -0.60795635 0.11382771
v 0.70163012 -0.60844529 0.11310968
v 0.70856041 -0.61058927 0.10984474
v 0.63473946 -0.62055779 0.08262116
v 0.67138183 -0.60029423 0.11487174
v 0.62141651 -0.61951858 0.07513560
v 0.63418674 -0.61183619 0.06916786
v 0.64268571 -0.61355633 0.07493342
v 0.61849546 -0.61045045 0.06496158
v 0.60729957 -0.61359197 0.06610923
v 0.59316260 -0.61810911 0.06473697
v 0.59949684 -0.61584198 0.06585987
v 0.58393413 -0.62122208 0.06309491
v 0.63061732 -0.60506749 0.06249890
v 0.71246767 -0.59622341 0.11229802
v 0.71319890 -0.59523094 0.10746048
v 0.59350288 -0.62711740 0.07008307
v 0.58353525 -0.63025999 0.06899974
v 0.63810897 -0.58000708 0.07760476
v 0.61606014 -0.59641385 0.10915928
v 0.61311519 -0.59515035 0.11289620
v 0.60772085 -0.59365410 0.11857562
v 0.60116220 -0.59622264 0.12583014
v 0.58137375 -0.63631362 0.07874808
v 0.56291771 -0.59203809 0.08175772
v 0.56152725 -0.59128416 0.09103259
v 0.56563777 -0.63889277 0.09083672
v 0.71444267 -0.59730870 0.10397237
v 0.66528547 -0.61087668 0.13131246
v 0.66734397 -0.60981482 0.12998244
v 0.63581103 -0.57934964 0.06106078
v 0.64426869 -0.57968271 0.05925916
v 0.64813298 -0.59057498 0.05640979
v 0.63869733 -0.59278464 0.05681460
v 0.63598645 -0.58498806 0.05686011
v 0.64537638 -0.58435142 0.05637202
v 0.60731339 -0.59331065 0.10527042
v 0.60536760 -0.59322309 0.10904720
v 0.60003191 -0.61566734 0.12708478
v 0.59840226 -0.60557711 0.12989287
v 0.67722553 -0.60348493 0.09124673
v 0.67720628 -0.60904801 0.09298214
v 0.67048329 -0.61052883 0.09017182
v 0.68517566 -0.61276484 0.09937816
v 0.67726982 -0.60596454 0.11014412
v 0.67433077 -0.60446244 0.11332861
v 0.61496371 -0.58971155 0.09557043
v 0.60487312 -0.58453077 0.08774334
v 0.65165848 -0.58689308 0.07194952
v 0.64756495 -0.58610231 0.07562132
v 0.65253794 -0.59943986 0.11764894
v 0.66688579 -0.61929488 0.12234825
v 0.66891575 -0.61985028 0.11578768
v 0.65986508 -0.59976351 0.11968544
v 0.71594465 -0.60078716 0.10266101
v 0.71676040 -0.60524690 0.10336205
v 0.67600852 -0.61421871 0.09799314
v 0.64259303 -0.60010421 0.13300562
v 0.66740561 -0.61522573 0.12715054
v 0.66048425 -0.61771995 0.12745193
v 0.62760633 -0.60674429 0.14989726
v 0.59118056 -0.63386613 0.07908295
v 0.70578980 -0.59900892 0.11389329
v 0.71274787 -0.59949273 0.11623010
v 0.71589833 -0.60953021 0.11168130
v 0.71623462 -0.60883331 0.10702752
v 0.59199512 -0.60506928 0.12457497
v 0.61828834 -0.59660351 0.10669383
v 0.56046897 -0.59318149 0.09939992
v 0.64063269 -0.60015583 0.06030584
v 0.65047830 -0.59633517 0.05913910
v 0.66667223 -0.60133260 0.12161760
v 0.63931251 -0.61686027 0.14146352
v 0.66279322 -0.61957258 0.13067833
v 0.65740609 -0.62237912 0.13442464
v 0.65213776 -0.62188470 0.13156295
v 0.66584426 -0.61520195 0.13154253
v 0.72260475 -0.60835695 0.10876060
v 0.72205228 -0.60893983 0.11325072
v 0.72334516 -0.60477024 0.10517765
v 0.72191048 -0.60044032 0.10473044
v 0.71984631 -0.59719342 0.10595910
v 0.72161317 -0.60736918 0.11656520
v 0.72037286 -0.60415733 0.11814202
v 0.71810716 -0.59943348 0.11737344
v 0.72659636 -0.60704333 0.11818309
v 0.72823232 -0.60829377 0.11510904
v 0.73528254 -0.60263646 0.10896672
v 0.73619014 -0.60499954 0.11045458
v 0.73282689 -0.60559428 0.10955863
v 0.73019940 -0.60441899 0.10742082
v 0.73953134 -0.60205364 0.11112774
v 0.74035609 -0.60486376 0.11213835
v 0.73567665 -0.60745203 0.11296701
v 0.73159236 -0.60733807 0.11143020
v 0.74010903 -0.60744774 0.11487023
v 0.73871684 -0.60785896 0.11810640
v 0.73448497 -0.60759503 0.11621128
v 0.73130429 -0.60771567 0.11421376
v 0.72820067 -0.60781842 0.11032834
v 0.74291271 -0.60261786 0.11391723
v 0.74398482 -0.60460401 0.11794779
v 0.74370205 -0.60700715 0.11657889
v 0.74307966 -0.60485256 0.11375038
v 0.72748351 -0.60033554 0.10669708
v 0.73349440 -0.59988689 0.10924233
v 0.73821336 -0.59960985 0.11184697
v 0.74153668 -0.60034132 0.11506554
v 0.73219264 -0.59722286 0.11095618
v 0.73704916 -0.59801137 0.11381825
v 0.73963135 -0.59903485 0.11652665
v 0.73116332 -0.59621024 0.11406164
v 0.73613369 -0.59772074 0.11633374
v 0.72515351 -0.59715629 0.10785079
v 0.72345370 -0.59556192 0.11087490
v 0.73824072 -0.59879607 0.11756276
v 0.74240017 -0.60250640 0.11899853
v 0.73284739 -0.60751688 0.11850953
v 0.73741668 -0.60713470 0.12047819
v 0.73173273 -0.60635567 0.12033419
v 0.73652840 -0.60577977 0.12188762
v 0.74190593 -0.60794783 0.11917244
v 0.74142939 -0.60651624 0.12088232
v 0.71814007 -0.59543425 0.10909016
v 0.71734029 -0.59668106 0.11383216
v 0.72251815 -0.59670371 0.11532512
v 0.73010302 -0.59731358 0.11819941
v 0.72314632 -0.59996372 0.11855125
v 0.72536385 -0.60414654 0.11962119
v 0.73090410 -0.60401559 0.12133636
v 0.72991973 -0.60056770 0.12093743
v 0.73556763 -0.60358435 0.12232050
v 0.73502994 -0.60105896 0.12171947
v 0.73540306 -0.59890795 0.11942942
v 0.73874074 -0.60265744 0.12197519
v 0.74018449 -0.60465294 0.12183440
v 0.74018759 -0.60098076 0.11958057
v 0.73812222 -0.59993929 0.11973669
v 0.73756021 -0.60123748 0.12139615
v 0.70426816 -0.60734391 0.13317232
v 0.69783604 -0.60702890 0.12990081
v 0.69622165 -0.60771221 0.13391718
v 0.70282936 -0.60830450 0.13729063
v 0.70581365 -0.61670506 0.12709969
v 0.69964617 -0.61694849 0.12468690
v 0.69985378 -0.61208880 0.12473235
v 0.70593756 -0.61171275 0.12760177
v 0.70385879 -0.62051260 0.13098532
v 0.69781137 -0.62101591 0.12845205
v 0.69261444 -0.61686349 0.12139852
v 0.68043721 -0.61502939 0.11648081
v 0.68049556 -0.60965508 0.11707011
v 0.69279772 -0.61170077 0.12176564
v 0.67472708 -0.61072582 0.13205330
v 0.67412502 -0.60644472 0.12949529
v 0.69899994 -0.60877281 0.12697108
v 0.70533490 -0.60864258 0.12999246
v 0.68719149 -0.61284208 0.13658452
v 0.69492561 -0.61395419 0.13967538
v 0.69523740 -0.61020446 0.13755329
v 0.68745607 -0.60877740 0.13436408
v 0.67536461 -0.60373306 0.12456851
v 0.67792910 -0.60283470 0.11988659
v 0.67980444 -0.60549533 0.11787178
v 0.68783760 -0.61759806 0.13576475
v 0.67591548 -0.61630732 0.13087049
v 0.67686492 -0.62020570 0.12616132
v 0.68907434 -0.62115610 0.13151851
v 0.69191635 -0.60782576 0.12338576
v 0.68849653 -0.60647070 0.13009909
v 0.69042397 -0.60574365 0.12609583
v 0.69068235 -0.62079632 0.12547681
v 0.69624454 -0.62107420 0.13449807
v 0.71070963 -0.61881858 0.14373866
v 0.71051216 -0.61565459 0.14570561
v 0.70153320 -0.61456364 0.14249796
v 0.70203424 -0.61827528 0.14091292
v 0.69547898 -0.61791331 0.13847375
v 0.70254529 -0.62092495 0.13667199
v 0.71226043 -0.60934520 0.14206675
v 0.71340835 -0.60792547 0.13776086
v 0.71441579 -0.60878193 0.13449806
v 0.67863995 -0.62025601 0.11987548
v 0.71464664 -0.61168092 0.13221496
v 0.71426088 -0.61641276 0.13133550
v 0.70185548 -0.61086255 0.14085767
v 0.71090591 -0.61188126 0.14503260
v 0.71101213 -0.62089336 0.13991521
v 0.71213663 -0.62048167 0.13457501
v 0.71929932 -0.62036157 0.13812163
v 0.71795774 -0.62076992 0.14287832
v 0.72140479 -0.61675179 0.13478070
v 0.72107691 -0.61219239 0.13518153
v 0.72011352 -0.60957348 0.13717213
v 0.71754718 -0.61931705 0.14592302
v 0.71693945 -0.61657333 0.14767829
v 0.71657890 -0.61270297 0.14710090
v 0.72383255 -0.61975038 0.14849868
v 0.72530037 -0.62118948 0.14619042
v 0.73857594 -0.61693114 0.14427963
v 0.73870623 -0.61981291 0.14486356
v 0.73421824 -0.61922562 0.14264061
v 0.73379326 -0.61671495 0.14121409
v 0.73083490 -0.61936206 0.14130093
v 0.72856402 -0.61763418 0.13862264
v 0.73365027 -0.62080657 0.14577694
v 0.72940493 -0.62076497 0.14336203
v 0.73818952 -0.62281621 0.14741668
v 0.73644584 -0.62282652 0.15041555
v 0.73159117 -0.62161988 0.14772193
v 0.72853315 -0.62111193 0.14587921
v 0.74232644 -0.61824572 0.14745151
v 0.74206865 -0.62047106 0.14669622
v 0.72571301 -0.62072629 0.14142346
v 0.72656661 -0.61305749 0.13800362
v 0.73274529 -0.61349797 0.14136711
v 0.73802966 -0.61434329 0.14501444
v 0.74142933 -0.61590141 0.14856526
v 0.73152149 -0.61084127 0.14307433
v 0.73689330 -0.61243898 0.14651616
v 0.73949671 -0.61434329 0.14959896
v 0.73007339 -0.60987288 0.14621866
v 0.73545015 -0.61193055 0.14905816
v 0.72483838 -0.61002380 0.13963415
v 0.72317189 -0.60906416 0.14254287
v 0.73781496 -0.61376238 0.15042906
v 0.74191082 -0.61842048 0.15196472
v 0.74331802 -0.62089634 0.15111798
v 0.74284226 -0.62347221 0.14940819
v 0.73048407 -0.62094736 0.14945456
v 0.73574233 -0.62142307 0.15198101
v 0.72973442 -0.62018842 0.15119061
v 0.73511374 -0.62050629 0.15329774
v 0.74023211 -0.62356907 0.15196902
v 0.74023241 -0.62208647 0.15320024
v 0.71884584 -0.60874498 0.14035052
v 0.71748793 -0.60993350 0.14412880
v 0.72176361 -0.61014777 0.14625815
v 0.72858143 -0.61121130 0.14992999
v 0.72109544 -0.61317968 0.14917119
v 0.72245526 -0.61721295 0.14990731
v 0.72863579 -0.61802137 0.15220679
v 0.72784144 -0.61459678 0.15210494
v 0.73408031 -0.61860228 0.15361547
v 0.73337680 -0.61596847 0.15344875
v 0.73402035 -0.61323881 0.15187767
v 0.73780316 -0.61826998 0.15402782
v 0.73940009 -0.62020183 0.15410107
v 0.73983419 -0.61650717 0.15236042
v 0.73732501 -0.61498731 0.15237728
v 0.73632163 -0.61653072 0.15358628
v 0.68603593 -0.61342669 0.15054478
v 0.68136209 -0.61299610 0.14735740
v 0.67864287 -0.61185658 0.15106155
v 0.68339431 -0.61235660 0.15459032
v 0.68675351 -0.62339509 0.14792043
v 0.68154848 -0.62316573 0.14360540
v 0.68309981 -0.61939174 0.14340119
v 0.68781400 -0.62005961 0.14732067
v 0.68448210 -0.62565571 0.15111586
v 0.67855275 -0.62554604 0.14722754
v 0.67616737 -0.62241280 0.13968319
v 0.66819239 -0.62083042 0.13469423
v 0.67006111 -0.61602879 0.13499327
v 0.67814445 -0.61811620 0.13965482
v 0.68298292 -0.61582857 0.14475016
v 0.68763250 -0.61662900 0.14830315
v 0.66897988 -0.61353934 0.15318407
v 0.67490506 -0.61557168 0.15664390
v 0.67630380 -0.61293000 0.15454753
v 0.67043495 -0.61103207 0.15074794
v 0.66299939 -0.60746092 0.14119929
v 0.66662496 -0.60857493 0.13783059
v 0.66917616 -0.61170965 0.13621539
v 0.66867107 -0.61848938 0.15302217
v 0.65937591 -0.61561650 0.14706707
v 0.66061819 -0.62124592 0.14408448
v 0.66966945 -0.62338173 0.14916849
v 0.67807615 -0.61419940 0.14135136
v 0.67301166 -0.60997486 0.14739767
v 0.67611361 -0.61123085 0.14377241
v 0.67253065 -0.62471008 0.14342877
v 0.67576379 -0.62416792 0.15246753
v 0.68919307 -0.62289482 0.16371010
v 0.68875676 -0.61921918 0.16514850
v 0.68006670 -0.61684853 0.16025501
v 0.68033475 -0.62111747 0.15924543
v 0.67458719 -0.61985016 0.15621239
v 0.68197066 -0.62473321 0.15578523
v 0.69092786 -0.61371517 0.15991934
v 0.69323200 -0.61418295 0.15597978
v 0.69469488 -0.61717695 0.15358362
v 0.66424769 -0.62343311 0.13839348
v 0.65917194 -0.61048943 0.14730349
v 0.69509155 -0.62027168 0.15280572
v 0.69454825 -0.62348449 0.15336898
v 0.68106151 -0.61376929 0.15826517
v 0.68899310 -0.61565399 0.16351506
v 0.69044787 -0.62567103 0.16045578
v 0.69240713 -0.62623310 0.15606803
v 0.69811988 -0.62660635 0.15969267
v 0.69602871 -0.62663019 0.16387525
v 0.70043468 -0.62406659 0.15696652
v 0.70038712 -0.62072814 0.15661265
v 0.69944078 -0.61782575 0.15718962
v 0.69484639 -0.62396693 0.16692212
v 0.69441646 -0.62072289 0.16793306
v 0.69388920 -0.61702240 0.16619296
v 0.69892979 -0.62459499 0.16961437
v 0.70115882 -0.62690115 0.16709837
v 0.71456754 -0.62414718 0.16606960
v 0.71419692 -0.62595201 0.16712992
v 0.71033323 -0.62516892 0.16481985
v 0.71069610 -0.62373197 0.16333351
v 0.70740831 -0.62552357 0.16304582
v 0.70571887 -0.62459970 0.16056545
v 0.70901078 -0.62774247 0.16686518
v 0.70560795 -0.62700969 0.16461620
v 0.71286285 -0.62842333 0.16950326
v 0.71022403 -0.62807465 0.17236805
v 0.70653999 -0.62716264 0.16961828
v 0.70420730 -0.62723935 0.16712677
v 0.71733099 -0.62522638 0.16925749
v 0.71672654 -0.62687087 0.16910756
v 0.70263469 -0.62674737 0.16264518
v 0.70480669 -0.62123823 0.15951979
v 0.70999682 -0.62120879 0.16286959
v 0.71411538 -0.62172973 0.16611525
v 0.71645504 -0.62262219 0.16956578
v 0.70870316 -0.61864662 0.16371350
v 0.71281570 -0.61959070 0.16708761
v 0.71465737 -0.62067151 0.16997762
v 0.70696300 -0.61673814 0.16549692
v 0.71131343 -0.61825895 0.16867912
v 0.70345730 -0.61831170 0.16020270
v 0.70136899 -0.61620140 0.16187724
v 0.71304566 -0.61964446 0.17046306
v 0.71576840 -0.62419093 0.17359889
v 0.71689820 -0.62708658 0.17305960
v 0.71623695 -0.62920380 0.17175612
v 0.70485616 -0.62663800 0.17130682
v 0.70901412 -0.62693542 0.17391406
v 0.70349407 -0.62458134 0.17243461
v 0.70811838 -0.62503302 0.17474346
v 0.71326166 -0.62879741 0.17368607
v 0.71296519 -0.62754905 0.17488368
v 0.69761825 -0.61546636 0.15912464
v 0.69532490 -0.61502445 0.16255669
v 0.69913256 -0.61585385 0.16486460
v 0.70488399 -0.61678720 0.16868478
v 0.69758409 -0.61783850 0.16828582
v 0.69807875 -0.62133861 0.16988519
v 0.70276582 -0.62188590 0.17261469
v 0.70299190 -0.61878890 0.17140099
v 0.70766097 -0.62256026 0.17469668
v 0.70785993 -0.62000877 0.17370826
v 0.70945966 -0.61836344 0.17136581
v 0.71112454 -0.62279379 0.17501664
v 0.71202576 -0.62526309 0.17533812
v 0.71381855 -0.62180459 0.17312147
v 0.71201557 -0.62008333 0.17255829
v 0.71047258 -0.62091851 0.17417690
v 0.66035354 -0.60819113 0.14445429
v 0.65545154 -0.61261731 0.16543496
v 0.65281832 -0.61192024 0.16154325
v 0.65012896 -0.61093295 0.16397117
v 0.65268707 -0.61150664 0.16784248
v 0.65552706 -0.62224752 0.16483921
v 0.65253174 -0.62190950 0.16041678
v 0.65449739 -0.61842656 0.15925437
v 0.65752125 -0.61903894 0.16352803
v 0.65192688 -0.62336868 0.16800551
v 0.64856607 -0.62294710 0.16373079
v 0.64882404 -0.62042606 0.15555093
v 0.64298707 -0.61818278 0.14748311
v 0.64577836 -0.61427987 0.14774024
v 0.65091449 -0.61689150 0.15452953
v 0.63133478 -0.60759664 0.15283120
v 0.63583815 -0.60886359 0.15733799
v 0.63856524 -0.60682875 0.15569064
v 0.63363415 -0.60453504 0.15071177
v 0.65450466 -0.61468637 0.15975168
v 0.65725869 -0.61541331 0.16393827
v 0.64175987 -0.61151898 0.16412166
v 0.64495003 -0.61325485 0.16848165
v 0.64740342 -0.61134326 0.16648863
v 0.64440900 -0.60952622 0.16240168
v 0.63742906 -0.60338026 0.14862140
v 0.64164829 -0.60632658 0.15360482
v 0.64438695 -0.60735857 0.15101157
v 0.64200222 -0.60369182 0.14638694
v 0.64609444 -0.60994625 0.14945865
v 0.64044052 -0.61503446 0.16426495
v 0.63432688 -0.61230135 0.15732934
v 0.63399035 -0.61680287 0.15549842
v 0.64123100 -0.61924660 0.16263418
v 0.65123886 -0.61316067 0.15553758
v 0.64705229 -0.60922700 0.16002963
v 0.64975083 -0.61038429 0.15737236
v 0.64479536 -0.62156254 0.15856364
v 0.64518821 -0.62063420 0.16726975
v 0.65091842 -0.61855841 0.17840496
v 0.65140837 -0.61540151 0.17796803
v 0.64755929 -0.61418384 0.17268309
v 0.64669305 -0.61775875 0.17323172
v 0.64390749 -0.61678553 0.16897272
v 0.64827996 -0.62144655 0.17152148
v 0.65637487 -0.61233735 0.17295229
v 0.65927017 -0.61339378 0.17074066
v 0.66093099 -0.61612368 0.16928822
v 0.63805872 -0.62012762 0.15036106
v 0.66145074 -0.61936271 0.16909340
v 0.65986091 -0.62235713 0.17028821
v 0.64994508 -0.61208439 0.17046535
v 0.65355086 -0.61311501 0.17577170
v 0.65253389 -0.62190974 0.17679715
v 0.65615332 -0.62348497 0.17317611
v 0.65961337 -0.62410629 0.17732385
v 0.65617418 -0.62259418 0.18085973
v 0.66306728 -0.62259591 0.17437465
v 0.66419876 -0.61953515 0.17311092
v 0.66343713 -0.61659420 0.17302397
v 0.65433580 -0.61901093 0.18214281
v 0.65475756 -0.61634737 0.18133339
v 0.65647209 -0.61434847 0.17901433
v 0.65778345 -0.61978853 0.18547207
v 0.66009122 -0.62314105 0.18450779
v 0.67259014 -0.62179685 0.18375275
v 0.67153716 -0.62333053 0.18451189
v 0.66924816 -0.62292778 0.18237233
v 0.66994321 -0.62167227 0.18081754
v 0.66671097 -0.62329811 0.18067533
v 0.66618580 -0.62257326 0.17811634
v 0.66686624 -0.62461847 0.18442807
v 0.66441870 -0.62418044 0.18223830
v 0.66949630 -0.62520212 0.18708493
v 0.66689610 -0.62390602 0.19004801
v 0.66423666 -0.62386298 0.18753591
v 0.66266441 -0.62401390 0.18493158
v 0.67413980 -0.62241691 0.18701118
v 0.67317098 -0.62388414 0.18672095
v 0.66245091 -0.62411374 0.18029054
v 0.66686994 -0.62000257 0.17633426
v 0.67026675 -0.61979300 0.17984518
v 0.67340904 -0.61983234 0.18376391
v 0.67415291 -0.62024647 0.18768753
v 0.66927618 -0.61759466 0.17995346
v 0.67216480 -0.61786503 0.18406641
v 0.67297548 -0.61830533 0.18753715
v 0.66726887 -0.61564964 0.18049148
v 0.67031056 -0.61636478 0.18443841
v 0.66578454 -0.61720598 0.17596523
v 0.66375816 -0.61511916 0.17651044
v 0.67156506 -0.61722755 0.18688606
v 0.67242849 -0.62069905 0.19061202
v 0.67260718 -0.62311685 0.19054310
v 0.67177486 -0.62537384 0.18950699
v 0.66262931 -0.62248760 0.18873182
v 0.66598368 -0.62232208 0.19147271
v 0.66141218 -0.62000811 0.18866983
v 0.66581053 -0.62011969 0.19148855
v 0.66925603 -0.62442493 0.19130966
v 0.66943789 -0.62271190 0.19218484
v 0.66156971 -0.61419857 0.17421831
v 0.65910298 -0.61335218 0.17620915
v 0.66115618 -0.61399221 0.17872712
v 0.66475499 -0.61458111 0.18236664
v 0.65879440 -0.61491764 0.18169931
v 0.65752453 -0.61692822 0.18411079
v 0.66141695 -0.61749423 0.18766432
v 0.66249597 -0.61528915 0.18536808
v 0.66589677 -0.61800522 0.19027933
v 0.66671813 -0.61635077 0.18833219
v 0.66839129 -0.61566907 0.18602839
v 0.66938788 -0.61859059 0.19083622
v 0.66948658 -0.62047416 0.19201475
v 0.67161852 -0.61867744 0.18973805
v 0.67050534 -0.61724013 0.18833134
v 0.66914201 -0.61739624 0.18946628
v 0.63068771 -0.61063200 0.15355061
v 0.66176957 -0.59442323 0.06221338
v 0.66196591 -0.59264803 0.06652606
v 0.65942943 -0.58368230 0.06902671
v 0.65721077 -0.57958466 0.06609110
v 0.65527385 -0.57796299 0.06126836
v 0.65517932 -0.57961583 0.05694923
v 0.65656048 -0.58342195 0.05462496
v 0.66134870 -0.58896506 0.06925732
v 0.66059941 -0.59380758 0.05757374
v 0.65845317 -0.58898711 0.05452253
v 0.66791320 -0.58778340 0.05196792
v 0.66938210 -0.59280139 0.05529433
v 0.66553843 -0.58191472 0.05170113
v 0.66319203 -0.57807702 0.05466661
v 0.66189820 -0.57663852 0.05946943
v 0.66976386 -0.59365255 0.06065297
v 0.66890252 -0.59173089 0.06532726
v 0.66706604 -0.58736336 0.06791297
v 0.67745054 -0.59315854 0.05866826
v 0.68018496 -0.59213412 0.05281907
v 0.68514568 -0.57793951 0.04865275
v 0.68614978 -0.58118397 0.04635413
v 0.68211418 -0.58174688 0.04746620
v 0.68030125 -0.57837725 0.04916449
v 0.67966408 -0.58278942 0.04876395
v 0.67557251 -0.58083791 0.05011152
v 0.68414265 -0.58670998 0.04709373
v 0.68153012 -0.58683735 0.04866353
v 0.68618524 -0.59064531 0.04961306
v 0.68309385 -0.59028739 0.04981057
v 0.68815893 -0.58614230 0.04534695
v 0.68970692 -0.58117455 0.04572117
v 0.69168144 -0.58495653 0.04562801
v 0.69001979 -0.57909811 0.04791258
v 0.67743939 -0.58697033 0.05002840
v 0.67103243 -0.57694405 0.05341308
v 0.67840272 -0.57567966 0.05219087
v 0.68477017 -0.57572353 0.05170305
v 0.68997782 -0.57777429 0.05174021
v 0.67732245 -0.57469350 0.05718677
v 0.68456292 -0.57576841 0.05619615
v 0.68903291 -0.57807338 0.05548398
v 0.67753929 -0.57677120 0.06166500
v 0.68458486 -0.57774067 0.05935155
v 0.66851932 -0.57542545 0.05830960
v 0.66801119 -0.57717896 0.06356750
v 0.68801814 -0.57894510 0.05785227
v 0.69321978 -0.58205873 0.05245195
v 0.69394171 -0.58306444 0.04834716
v 0.68610984 -0.59210396 0.05301405
v 0.68961829 -0.59000778 0.04821493
v 0.69034779 -0.59067845 0.05212617
v 0.68470901 -0.59190255 0.05738136
v 0.69004107 -0.58977616 0.05597343
v 0.69241959 -0.58843899 0.04728352
v 0.69348240 -0.58799171 0.05037943
v 0.66243064 -0.57827485 0.06463911
v 0.66447693 -0.58207488 0.06770808
v 0.66977507 -0.58151281 0.06656830
v 0.67858732 -0.58113998 0.06438319
v 0.67295319 -0.58703518 0.06665625
v 0.67561072 -0.59137625 0.06348856
v 0.68331814 -0.58989912 0.06121916
v 0.68115729 -0.58611351 0.06420493
v 0.68885642 -0.58772624 0.05901223
v 0.68716764 -0.58489960 0.06088249
v 0.68562818 -0.58108050 0.06105149
v 0.69125450 -0.58493745 0.05703929
v 0.69306630 -0.58652377 0.05411538
v 0.69129181 -0.58153641 0.05572775
v 0.68924099 -0.58127594 0.05824892
v 0.68961108 -0.58375031 0.05868606
v 0.62978190 -0.60198116 0.14746955
v 0.63377404 -0.60060000 0.14419483
v 0.62820470 -0.59949374 0.14012910
v 0.62128741 -0.59789139 0.13595718
v 0.61234176 -0.59948629 0.13598761
v 0.62485391 -0.59768170 0.13119230
v 0.63168031 -0.59932041 0.13554855
v 0.63953656 -0.60084283 0.14020661
v 0.62235188 -0.59711206 0.12343770
v -0.01868350 -0.76997709 -0.20534679
v -0.01535107 -0.77001679 -0.20344397
v -0.01272794 -0.76556903 -0.19877261
v -0.01521050 -0.76455903 -0.20049155
v -0.01906145 -0.76391149 -0.20243010
v -0.02281929 -0.76357794 -0.20347005
v -0.02919346 -0.76959550 -0.20663600
v -0.02375881 -0.77039862 -0.20681579
v -0.03619382 -0.76437962 -0.20154932
v -0.03484656 -0.76578623 -0.20190322
v -0.03536031 -0.76354766 -0.20158052
v -0.02971637 -0.76331246 -0.20248413
v -0.03324278 -0.76365954 -0.20158020
v -0.01046075 -0.76896948 -0.19858028
v -0.00956442 -0.76838350 -0.19707993
v -0.01298670 -0.76951051 -0.20124286
v -0.02689879 -0.76341146 -0.20380844
v -0.00978946 -0.76758415 -0.19652840
v -0.01091087 -0.76664197 -0.19718695
v -0.03235376 -0.76805532 -0.20379928
v -0.01897614 -0.76592904 -0.20313045
v -0.02295489 -0.76555908 -0.20427838
v -0.02807778 -0.76751804 -0.20592147
v -0.02319708 -0.76794863 -0.20565164
v -0.02992779 -0.76499224 -0.20367911
v -0.03221848 -0.76494461 -0.20272189
v -0.01521293 -0.76628971 -0.20092356
v -0.02716342 -0.76528025 -0.20483935
v -0.01787559 -0.76813030 -0.20361939
v -0.03269630 -0.76561582 -0.20263988
v -0.03094256 -0.76668561 -0.20424861
v -0.01092455 -0.76786041 -0.19771883
v -0.01025365 -0.76754689 -0.19695696
v -0.01287285 -0.55899596 -0.11755171
v -0.01058098 -0.54040492 -0.12557606
v -0.01469288 -0.76803410 -0.20135838
v -0.01122042 -0.76709902 -0.19772208
v -0.01285143 -0.76660764 -0.19901371
v -0.01253914 -0.76797694 -0.19962245
v -0.01099752 -0.76793897 -0.19813874
v 0.23795824 -0.62109256 -0.01905314
v 0.23862465 -0.60223943 -0.02168791
v 0.23250665 -0.65712512 0.02840378
v 0.22415686 -0.65322053 0.05223789
v 0.09167190 -0.30476487 -0.10532106
v 0.06604023 -0.41037521 0.12118207
v 0.06545880 -0.42509192 0.12152788
v -0.01866519 -0.42119014 0.12380283
v 0.00208070 -0.42072698 0.12889484
v 0.13192350 -0.38345301 0.00970422
v 0.13718848 -0.36885780 0.01297931
v 0.10877047 -0.35408530 -0.06027026
v 0.11310045 -0.33807611 -0.05674567
v 0.13900319 -0.34216040 -0.01048255
v 0.03296652 -0.38488263 0.13893075
v 0.02748630 -0.40161866 0.13428125
v 0.04912418 -0.39945725 0.13133450
v 0.05526134 -0.38443944 0.13590604
v -0.03453125 -0.40063775 0.11256845
v -0.03700858 -0.41972193 0.11273333
v 0.12721555 -0.40632659 0.03223721
v 0.11911255 -0.41600460 0.06020992
v 0.08606021 -0.43062896 0.10235383
v 0.06494077 -0.43747580 0.11394954
v 0.02257650 -0.45055309 0.12257539
v 0.04405760 -0.44449255 0.11985186
v 0.09458048 -0.36243448 -0.08790945
v 0.07386238 -0.37187678 -0.10872841
v 0.12959127 -0.39700216 0.00331685
v 0.03745788 -0.34724274 -0.13457194
v -0.02257123 -0.47988281 0.11958473
v 0.00284308 -0.47650403 0.12174468
v 0.10521357 -0.42365217 0.08410869
v 0.01313226 -0.49626559 -0.14627725
v 0.01683349 -0.47817713 -0.15348519
v 0.03393824 -0.48355371 -0.15144467
v 0.03050606 -0.50106466 -0.14242075
v 0.05052284 -0.48879388 -0.14803764
v 0.06632282 -0.49356332 -0.14237760
v 0.07991590 -0.49746558 -0.13504912
v 0.11127651 -0.50330359 -0.10989867
v 0.10252036 -0.50229633 -0.11887310
v 0.12601027 -0.50331682 -0.08975723
v 0.11922415 -0.50414854 -0.10043038
v 0.13322335 -0.49687502 -0.07691027
v 0.13825899 -0.48898280 -0.06004916
v 0.14047492 -0.48229671 -0.03835914
v 0.13720809 -0.49792105 -0.03412486
v 0.14097534 -0.47322032 -0.06564809
v 0.13680181 -0.48052338 -0.08315170
v 0.13008451 -0.48562911 -0.09767273
v 0.00817195 -0.43417403 -0.16002716
v 0.01279785 -0.41348368 -0.15466315
v -0.01590443 -0.57638752 -0.10968080
v 0.41548645 -0.57973993 0.09254050
v 0.53393680 -0.62532216 0.05519479
v -0.02837109 -0.64538181 0.04718837
v -0.04537093 -0.64049911 0.04596892
v -0.06256520 -0.62731522 0.04833982
v -0.06229195 -0.63762832 0.04258046
v 0.04893835 -0.66683829 0.02458220
v 0.03310424 -0.65971828 0.04138426
v 0.01337956 -0.64940047 0.05000236
v -0.00792719 -0.64138401 0.05366594
v 0.11978298 -0.39826962 -0.03039025
v -0.02873289 -0.61488616 0.06704684
v -0.00677523 -0.63196468 0.06106269
v 0.01640243 -0.64038587 0.05956711
v 0.03862831 -0.65088218 0.05159524
v 0.05939679 -0.66025031 0.03491044
v 0.07388327 -0.65767801 0.03078050
v 0.09432523 -0.64805800 0.04569057
v 0.10593668 -0.64841568 0.04260261
v 0.10877366 -0.65800428 0.02526453
v 0.12247644 -0.66023809 0.02472570
v 0.11793584 -0.65111518 0.04131077
v 0.19358598 -0.65525562 0.05699354
v 0.20477223 -0.64828181 0.06483898
v 0.21031137 -0.63754308 0.07463640
v 0.21241844 -0.62379611 0.08350048
v 0.21098480 -0.60881448 0.08856878
v 0.20554683 -0.59426785 0.08916004
v 0.19506682 -0.58345437 0.08698880
v 0.15788454 -0.56885028 0.07383465
v 0.14636198 -0.56596875 0.07092524
v 0.12365942 -0.54233927 0.07574596
v 0.11613320 -0.53595698 0.07987811
v 0.08220628 -0.49700767 0.10290124
v 0.09461194 -0.51114076 0.09707375
v 0.06928935 -0.48406672 0.10825245
v 0.06220370 -0.30205548 0.18802013
v 0.05517884 -0.31754476 0.17459553
v 0.07833432 -0.32103944 0.17003806
v 0.08666928 -0.30652612 0.18264234
v -0.02366032 -0.33974281 0.12770943
v -0.00045956 -0.34384304 0.13827795
v 0.15882683 -0.31161216 0.09946807
v 0.14335005 -0.31849045 0.12646723
v 0.12323759 -0.32263055 0.14600570
v 0.10165557 -0.32340482 0.16003010
v 0.16672982 -0.30258065 0.06902401
v 0.12564142 -0.22986341 -0.06866681
v 0.13940379 -0.24570291 -0.04278859
v 0.06537224 -0.19651583 -0.11667664
v 0.08751505 -0.20391276 -0.10579123
v 0.16815263 -0.29070827 0.04048022
v 0.10797918 -0.21494910 -0.09024958
v 0.15113172 -0.26172477 -0.01510386
v 0.16235153 -0.27682585 0.01324800
v 0.04852731 -0.33279669 0.15993164
v 0.02560507 -0.33092174 0.15980126
v 0.02183051 -0.34686989 0.14390483
v -0.02929066 -0.53762233 0.10926104
v -0.00819130 -0.54147798 0.11293006
v 0.01533593 -0.54578799 0.11296988
v 0.03253918 -0.56478369 0.10681859
v 0.05277112 -0.57075322 0.10251268
v 0.05553040 -0.55642986 0.10568599
v 0.03565465 -0.54973602 0.11011380
v 0.08568554 -0.58101827 0.08735172
v 0.09903973 -0.58544821 0.08305115
v 0.10124585 -0.57383972 0.08376689
v 0.08838651 -0.56895298 0.08883356
v 0.11238352 -0.57830691 0.08116346
v 0.12248240 -0.58226889 0.07766080
v 0.13180585 -0.58629572 0.07428589
v 0.14250018 -0.59150732 0.07539678
v 0.13921291 -0.61423540 0.07489160
v 0.12926701 -0.60991412 0.07397734
v 0.08380424 -0.59438020 0.08455571
v 0.06830949 -0.59140700 0.09220082
v -0.03040512 -0.56501257 0.09270255
v -0.04937020 -0.56040823 0.08589786
v 0.13893522 -0.48416299 -0.01235966
v 0.13633724 -0.48815048 0.01532893
v 0.13196790 -0.49325517 0.03904731
v 0.12721680 -0.49849492 0.05788708
v 0.12107924 -0.50513786 0.07246985
v 0.11261933 -0.51242816 0.08376907
v 0.10211726 -0.52072972 0.09141410
v 0.10912869 -0.52869791 0.08548654
v 0.09291894 -0.52999544 0.09604282
v 0.10175551 -0.53763640 0.08889012
v 0.08448153 -0.53990126 0.09868280
v 0.07679617 -0.55141640 0.09933323
v 0.07316738 -0.56349730 0.09816916
v 0.07008675 -0.57673424 0.09630170
v 0.03151842 -0.58017570 0.10163218
v 0.05060828 -0.58584535 0.09788865
v 0.01106930 -0.59037280 0.09468675
v 0.01234628 -0.60509026 0.08688801
v 0.01192600 -0.56071031 0.10885552
v 0.01060346 -0.57538265 0.10260930
v 0.01502483 -0.67729062 0.01155892
v -0.00321473 -0.67152339 0.02095115
v 0.18447007 -0.59631407 0.08663992
v 0.19399145 -0.59681380 0.08834284
v 0.18751928 -0.58837068 0.08702777
v 0.18235861 -0.59036607 0.08574568
v 0.19700846 -0.60805589 0.08760814
v 0.18508714 -0.61813706 0.08435814
v 0.19744331 -0.62080437 0.08389592
v 0.18554893 -0.60620880 0.08644129
v 0.19555551 -0.63278067 0.07782558
v 0.18382698 -0.62879837 0.07989745
v 0.19176623 -0.64247388 0.07132287
v 0.18167292 -0.63750529 0.07444753
v 0.17954355 -0.64342391 0.07009727
v 0.18469867 -0.64840573 0.06595225
v 0.14954245 -0.64080763 0.06719017
v 0.16129085 -0.64280462 0.06768372
v 0.17189953 -0.64350140 0.06894283
v 0.15295959 -0.59451240 0.07844014
v 0.16402164 -0.59911585 0.08188175
v 0.17478432 -0.60260463 0.08433960
v 0.17401454 -0.61413276 0.08277764
v 0.16296516 -0.60986829 0.08093777
v 0.15146916 -0.60512179 0.07839285
v -0.03045644 -0.55122936 0.09997705
v -0.01068580 -0.55615288 0.10690062
v 0.11055214 -0.58992809 0.08049046
v 0.12023248 -0.59292245 0.07707811
v 0.13089049 -0.59651911 0.07434292
v 0.14085834 -0.60143232 0.07558197
v 0.11926042 -0.60567898 0.07523640
v 0.10862543 -0.60178381 0.07796767
v 0.09723817 -0.59774119 0.08047193
v -0.01048653 -0.57040334 0.09930440
v -0.04937685 -0.54642582 0.09402441
v 0.14093655 -0.61937124 -0.05659816
v 0.13859078 -0.64318645 -0.04424882
v 0.13646278 -0.65986460 -0.02303409
v 0.13037898 -0.66567308 0.00284312
v -0.05863849 -0.67048705 0.02188363
v 0.34622133 -0.55519575 0.04764810
v -0.06646913 -0.49883261 0.11057820
v -0.06780009 -0.51718366 0.10513630
v -0.05633429 -0.43569431 0.10618813
v -0.06071084 -0.45590049 0.11372002
v -0.00569068 -0.36413002 0.13079977
v -0.02712740 -0.36157516 0.11711159
v -0.03146977 -0.38272184 0.11458077
v -0.05044411 -0.32208240 0.13562588
v -0.04717011 -0.33516595 0.11487672
v -0.04902952 -0.38104141 0.10019962
v -0.05047517 -0.39856461 0.09789893
v -0.04397663 -0.47964343 0.11619680
v -0.04937417 -0.53477490 0.10454820
v -0.06745485 -0.54446965 0.08788490
v -0.06653214 -0.55768639 0.08059581
v -0.06640795 -0.57166201 0.07355702
v 0.09908572 -0.46680829 -0.14587429
v 0.09563784 -0.48352158 -0.13774142
v 0.08358666 -0.48069268 -0.14529285
v 0.08725269 -0.46414393 -0.15311523
v 0.11806786 -0.47087395 -0.12706687
v 0.11475982 -0.48661464 -0.11933962
v 0.10579842 -0.48536819 -0.12886417
v 0.10888384 -0.46900713 -0.13716878
v 0.12269338 -0.48688573 -0.10910565
v 0.12596932 -0.47135943 -0.11591835
v 0.10230149 -0.44963539 -0.15027694
v 0.11237936 -0.45212913 -0.14155814
v 0.09017754 -0.44706821 -0.15752605
v 0.12818043 -0.45619673 -0.12042488
v 0.12097253 -0.45461196 -0.13146043
v -0.03772826 -0.65854955 -0.16090107
v -0.03894688 -0.65943122 -0.17839259
v -0.04661891 -0.69425011 -0.20547354
v -0.04733872 -0.69877887 -0.20492026
v -0.04169627 -0.65137732 -0.13369948
v -0.04169487 -0.64683652 -0.12555963
v -0.04836622 -0.67830718 -0.19784370
v -0.04685921 -0.66500473 -0.19343746
v -0.05135575 -0.71786213 -0.21318856
v -0.05110215 -0.71495593 -0.21121898
v -0.05000492 -0.70461071 -0.20964894
v -0.04957626 -0.70136309 -0.20762250
v -0.04076057 -0.64143461 -0.11723746
v -0.04219703 -0.65497535 -0.14463024
v -0.03773282 -0.62724972 -0.10391246
v -0.03620468 -0.61971062 -0.10038998
v -0.02472148 -0.61333048 -0.09823571
v -0.02160089 -0.60282362 -0.10012143
v 0.00360865 -0.45372915 -0.15928088
v -0.00648104 -0.50606608 -0.14116806
v -0.00324062 -0.49162436 -0.15049352
v -0.00870940 -0.52208805 -0.13247855
v -0.01861366 -0.59056437 -0.10433684
v -0.03934718 -0.63468230 -0.10980219
v -0.04844427 -0.68972194 -0.20371261
v -0.04900041 -0.68535995 -0.20007367
v -0.05073190 -0.71140575 -0.21029094
v -0.05035401 -0.70803773 -0.21003050
v -0.02828482 -0.55604935 -0.12012301
v -0.02657428 -0.53655595 -0.12738881
v 0.00001440 -0.47209436 -0.15458295
v -0.00947248 -0.43042716 -0.15986203
v -0.00689947 -0.40998346 -0.15461123
v -0.03010118 -0.57450044 -0.11195735
v -0.00416579 -0.39360821 -0.14301318
v 0.17913035 -0.15546511 0.17974478
v 0.16306981 -0.13099909 0.18772513
v 0.14132190 -0.14033175 0.19754431
v 0.15466823 -0.15781079 0.19144037
v 0.15796512 -0.20176159 0.18535905
v 0.15374583 -0.22905441 0.18067619
v 0.15204240 -0.25441507 0.17781907
v 0.12040597 -0.12616202 0.20358568
v 0.07806967 -0.13588399 0.21519244
v 0.09208149 -0.11375354 0.20749506
v 0.13017979 -0.24796999 0.19626394
v 0.13335718 -0.22265464 0.19882844
v 0.14176446 -0.16010477 0.19959894
v 0.14058499 -0.17420030 0.19995677
v 0.15887900 -0.17790772 0.18811879
v 0.10805899 -0.14275315 0.21176627
v 0.12895352 -0.15148829 0.20504484
v 0.01304229 -0.29149091 0.18554947
v 0.01719910 -0.27410245 0.19904754
v -0.01323457 -0.26845995 0.19174957
v 0.11034328 -0.30993119 0.17216879
v 0.09375202 -0.29011744 0.19366068
v -0.01806867 -0.10675922 0.18976739
v 0.12141226 -0.16779977 0.20893714
v 0.06830768 -0.15759087 0.22253779
v 0.09771873 -0.16334231 0.21610993
v 0.05171373 -0.23439313 0.22030485
v 0.07980679 -0.23901664 0.21643431
v 0.08266597 -0.21288899 0.21979201
v 0.05479299 -0.20935088 0.22416545
v 0.10600454 -0.24303767 0.20904851
v 0.10025913 -0.26824933 0.20300171
v 0.04804464 -0.25902146 0.21239485
v 0.07492357 -0.26380050 0.20990238
v 0.06873135 -0.28599080 0.20014493
v 0.10974570 -0.21592085 0.21167752
v 0.05959597 -0.18321998 0.22484179
v 0.02696071 -0.17785256 0.22506198
v -0.00507507 -0.17274967 0.21895036
v -0.03743819 -0.16746369 0.20940503
v -0.04365619 -0.19397557 0.20579156
v 0.04360196 -0.27998346 0.20190914
v 0.03118540 -0.31433401 0.17448112
v 0.03850681 -0.29759812 0.18880650
v 0.01690106 -0.36672789 0.13813424
v 0.33593529 -0.07948513 -0.05405683
v 0.05190396 -0.05114597 0.05820244
v 0.06716645 -0.05257384 0.02835121
v 0.20274350 -0.21849847 0.06567245
v 0.20272997 -0.18748641 0.14233173
v 0.17993027 -0.18072082 0.16929039
v 0.09419987 -0.07404251 -0.02071694
v 0.11282848 -0.09921890 -0.03888409
v 0.19652651 -0.21241385 0.03385147
v 0.17388709 -0.18610525 -0.02122935
v 0.08063471 -0.05898510 0.00380854
v 0.13545135 -0.19834568 0.19853410
v 0.11349532 -0.19059879 0.21019390
v 0.08887033 -0.18707415 0.21914276
v 0.03470773 -0.15204602 0.22274651
v -0.00007259 -0.14819708 0.21638072
v -0.03114077 -0.14558437 0.20597750
v 0.08312265 -0.11392079 -0.05897341
v 0.06362724 -0.11447689 -0.06987191
v 0.07547589 -0.11828159 -0.06716409
v 0.04968888 -0.11891374 -0.07888359
v 0.05047089 -0.10862425 -0.07047055
v 0.06621210 -0.10489574 -0.05980368
v 0.05123701 -0.09769964 -0.05918168
v 0.05166569 -0.08630544 -0.04556526
v 0.12758568 -0.21523911 -0.06499162
v 0.14325900 -0.23247769 -0.03845092
v 0.06605609 -0.18180916 -0.11229292
v 0.08780742 -0.18899785 -0.10201649
v 0.17595255 -0.28089190 0.04729239
v 0.10865718 -0.19968714 -0.08645072
v 0.15624484 -0.24963631 -0.01142579
v 0.16859451 -0.26615432 0.01846683
v -0.05007970 -0.24196067 0.19181845
v -0.05070847 -0.26464286 0.17992379
v 0.04393537 -0.17631049 -0.11801597
v -0.04563484 -0.65786517 -0.17927413
v -0.04431569 -0.65678477 -0.16090024
v -0.06345499 -0.83657140 -0.21713552
v -0.05400736 -0.70398510 -0.02468165
v -0.05660656 -0.77791166 -0.21973294
v -0.04922303 -0.69820338 -0.20503974
v -0.05151876 -0.71942604 -0.21625227
v -0.03456723 -0.61117208 -0.09917939
v -0.03296934 -0.60059798 -0.10175788
v 0.03916074 -0.05734548 0.05815316
v -0.03148004 -0.58868313 -0.10627298
v 0.03529566 -0.05850124 0.07463364
v -0.05267758 -0.41839671 0.09932172
v 0.11822861 0.12994820 0.11848393
v 0.11437064 0.11431792 0.11843574
v 0.09760839 0.12548450 0.13286099
v 0.10127735 0.14028797 0.13208085
v 0.12178153 0.08333933 0.14044878
v 0.11551058 0.09236532 0.12789747
v 0.13090390 0.08257076 0.15478715
v 0.13898987 0.08871141 0.16661334
v 0.11799431 0.09924307 0.17617521
v 0.11111933 0.09265591 0.16535106
v 0.14445937 0.09807774 0.17247471
v 0.12665457 0.11925533 0.18454671
v 0.14947647 0.10922880 0.17524365
v 0.15602213 0.12668374 0.17391616
v 0.13320631 0.13581108 0.18298897
v 0.15497303 0.14639919 0.16489446
v 0.13278902 0.15520105 0.17542544
v 0.14813608 0.15971813 0.15220264
v 0.12512982 0.14595756 0.12306106
v 0.10660791 0.15680064 0.13469070
v 0.10319251 0.09386173 0.15179169
v 0.09852970 0.10405453 0.14081872
v 0.09759825 0.11526194 0.13586906
v 0.11383623 0.10271402 0.12181339
v 0.08249056 0.13531314 0.14513332
v 0.08386225 0.15047945 0.14163443
v 0.08634293 0.10054306 0.16173080
v 0.08236849 0.11363614 0.15136078
v 0.10017151 0.10519302 0.18648905
v 0.09387559 0.09830835 0.17585391
v 0.10887659 0.12750854 0.19733587
v 0.10471940 0.11618515 0.19243401
v 0.12203169 0.10858241 0.18138927
v 0.11303127 0.14323936 0.19642538
v 0.11226040 0.16514282 0.18731093
v 0.08922571 0.16846497 0.14474982
v 0.08200932 0.12468333 0.14787251
v 0.01779413 0.30878010 0.22829440
v 0.02088052 0.30864501 0.22518793
v 0.01875859 0.30918333 0.22141963
v 0.01383370 0.30944556 0.22299883
v -0.00145620 0.31553668 0.19698951
v 0.00525129 0.31762865 0.19040456
v 0.00039208 0.31513521 0.18468353
v -0.00892276 0.31362101 0.18913066
v 0.00595844 0.31603727 0.21124065
v 0.00408983 0.31280115 0.21373987
v 0.00656378 0.31217432 0.21782207
v 0.00984228 0.31538761 0.21758208
v 0.03368312 0.28382212 0.24343061
v 0.03005528 0.28117949 0.24560478
v 0.03252065 0.27984509 0.24910995
v 0.03632176 0.28158218 0.24851349
v 0.02217966 0.29903355 0.23454535
v 0.01896584 0.29598880 0.23699433
v 0.02176768 0.29485390 0.24024048
v 0.02512062 0.29691696 0.24007827
v 0.01266903 0.29746842 0.19159162
v 0.00717014 0.29455540 0.17933458
v 0.00218171 0.30677217 0.18242803
v 0.00975019 0.30966130 0.19130027
v -0.00692236 0.30283675 0.18150157
v -0.00386864 0.28900695 0.17841369
v -0.00735068 0.28752309 0.18924746
v -0.00773513 0.30010501 0.19024801
v -0.00223410 0.29076719 0.20078644
v -0.00294811 0.30213097 0.20041049
v 0.00719148 0.29547521 0.20286179
v 0.00710988 0.30828011 0.20348454
v 0.01654494 0.29866266 0.21684515
v 0.02050036 0.30005318 0.20883372
v 0.01645082 0.31037968 0.21212357
v 0.01476413 0.30896497 0.22025070
v 0.01470315 0.30114967 0.19973141
v 0.01221609 0.31127390 0.20511791
v 0.00403917 0.29902929 0.20182875
v 0.00257397 0.29587272 0.20896801
v 0.00294840 0.30706930 0.21141106
v 0.00385588 0.31078389 0.20418677
v 0.00832218 0.29569897 0.21669373
v 0.00767499 0.30604976 0.21893862
v 0.02937102 0.29424465 0.22342482
v 0.02293593 0.29596436 0.21508396
v 0.01951784 0.30432281 0.21933645
v 0.02386969 0.30360353 0.22485581
v 0.01100308 0.30347055 0.21901056
v 0.01287425 0.29476705 0.21697810
v 0.01244074 0.29212928 0.22379404
v 0.01168388 0.30152169 0.22506884
v 0.01781261 0.29149330 0.23144943
v 0.01562196 0.30120170 0.23115253
v 0.02611881 0.29362515 0.23104474
v 0.02176547 0.30291951 0.23136595
v 0.03400058 0.28188545 0.24295276
v 0.03816730 0.28307331 0.23667723
v 0.03273124 0.29207358 0.23697826
v 0.02896488 0.29047108 0.24281138
v 0.03355467 0.28624785 0.23051992
v 0.03000742 0.29354462 0.23186263
v 0.02347046 0.29371434 0.23038948
v 0.02698106 0.28763127 0.23071483
v 0.02151155 0.28353509 0.23689508
v 0.01854563 0.29088342 0.23600796
v 0.02613902 0.28066662 0.24307787
v 0.02274579 0.28959346 0.24211285
v 0.04659688 0.26910949 0.24818769
v 0.04333746 0.27718496 0.24732924
v 0.03946847 0.27532417 0.25148448
v 0.04113489 0.26534289 0.25114748
v 0.04354101 0.27348417 0.24246979
v 0.04042512 0.27923101 0.24304521
v 0.03412491 0.27838358 0.24183261
v 0.03747576 0.27428812 0.24230608
v 0.03062379 0.27025092 0.24614024
v 0.02887797 0.27609834 0.24499807
v 0.03441781 0.26630741 0.25046569
v 0.03264344 0.27454740 0.25096887
v 0.01732445 0.28598124 0.19382271
v 0.01208115 0.28212515 0.17734343
v -0.00742412 0.30912685 0.19130751
v -0.00058609 0.27618575 0.17763224
v -0.00447178 0.31007299 0.19681036
v 0.00044137 0.28092468 0.20292422
v -0.00463706 0.27481306 0.18922979
v 0.00701541 0.29097009 0.20068055
v 0.01347649 0.31554726 0.21325815
v 0.01027620 0.28075466 0.21938887
v 0.01535267 0.28995368 0.21587300
v 0.01102865 0.31593114 0.20909703
v 0.02593094 0.28624156 0.20895657
v 0.03446698 0.27912030 0.22427982
v 0.01225853 0.30686486 0.22578111
v 0.01418191 0.30664912 0.22927335
v 0.01964813 0.27591506 0.23502523
v 0.02864015 0.28566262 0.23088062
v 0.02905369 0.29726976 0.23658302
v 0.02836293 0.26640263 0.24619368
v 0.03769970 0.27386788 0.24362320
v 0.02692646 0.29784608 0.23427233
v 0.04366243 0.26943907 0.23759142
v 0.03878546 0.28087154 0.24749544
v 0.03419763 0.25546259 0.25306362
v 0.04304582 0.25310910 0.25409049
v 0.03769094 0.28257540 0.24445501
v 0.04927212 0.25885946 0.24752837
v 0.11290956 0.16943236 0.14219737
v 0.13163912 0.15755378 0.13088527
v 0.13895994 0.16373290 0.14090741
v 0.11826551 0.17572315 0.15293613
v 0.12597561 0.16978988 0.16501954
v 0.09564203 0.18251845 0.15127727
v 0.10091025 0.18788274 0.16355544
v 0.10702902 0.18077567 0.17564321
v 0.09684080 0.14745675 0.20938879
v 0.09388953 0.12917297 0.20786738
v 0.09009153 0.11604837 0.20252377
v 0.08594000 0.10575570 0.19561908
v 0.08044541 0.09843473 0.18344116
v 0.07203442 0.17573357 0.15420237
v 0.07912737 0.19209519 0.15956667
v 0.08644193 0.19815214 0.17181602
v 0.09255749 0.19208282 0.18656594
v 0.01722705 0.26760721 0.17215839
v 0.02733392 0.27036947 0.18623531
v 0.03772432 0.25191998 0.17927113
v 0.02287620 0.24674162 0.17091525
v 0.03490579 0.26743299 0.20179316
v 0.04738808 0.25039315 0.19473270
v 0.04241586 0.26129133 0.21720091
v 0.05219436 0.24351528 0.21091813
v 0.04893672 0.25228453 0.23217520
v 0.05558622 0.23453167 0.22604826
v 0.05223364 0.24324147 0.24564981
v 0.05557144 0.22499062 0.24069813
v 0.04632610 0.23713820 0.25526518
v 0.04879028 0.21863502 0.25109196
v 0.00201768 0.25926989 0.17418438
v 0.00861967 0.23965098 0.17470583
v -0.00424504 0.25740185 0.18907443
v -0.00072819 0.23722272 0.19029877
v 0.00034672 0.25746021 0.20428208
v 0.00416076 0.23697686 0.20479947
v 0.03559309 0.21929166 0.25264835
v 0.03397566 0.23905960 0.25520307
v 0.00977010 0.25503039 0.22027415
v 0.01365823 0.23416764 0.21960351
v 0.01799870 0.25025904 0.23534113
v 0.02079135 0.22855005 0.23411199
v 0.02596021 0.24440867 0.24697679
v 0.02746379 0.22282252 0.24571314
v 0.04730731 0.22986083 0.17270371
v 0.06142372 0.23182926 0.18674037
v 0.06496668 0.22396421 0.20253947
v 0.06634748 0.21413887 0.21894881
v 0.06180543 0.20401514 0.23505062
v 0.05306035 0.19887465 0.24605802
v 0.07937419 0.18974969 0.21482295
v 0.06446666 0.18096384 0.23179805
v 0.05394435 0.17743668 0.24051747
v 0.05464131 0.15571438 0.23581666
v 0.06581581 0.15788789 0.22893867
v 0.06309736 0.11904660 0.22213271
v 0.06479621 0.13584131 0.22596848
v 0.05492985 0.13422267 0.23256683
v 0.05277848 0.11729733 0.22869959
v 0.08094925 0.16421257 0.21926704
v 0.07934487 0.14145742 0.21748450
v 0.07729781 0.12431406 0.21381760
v 0.04721242 0.09921755 0.21587336
v 0.05888766 0.09912448 0.21076396
v 0.06153119 0.10820082 0.21792206
v 0.05081421 0.10694730 0.22407106
v 0.04083699 0.09358925 0.20352501
v 0.05305243 0.09152646 0.19762918
v 0.04445440 0.10012749 0.18527621
v 0.03296465 0.10057594 0.19126430
v 0.07217062 0.10366863 0.20237538
v 0.07526255 0.11305724 0.20884034
v 0.06694847 0.09590573 0.19037974
v 0.05965739 0.10388916 0.17833263
v 0.03933412 0.11676284 0.17968109
v 0.05481941 0.11899549 0.17258328
v 0.02806050 0.11587929 0.18471876
v 0.02937824 0.22381710 0.17134863
v 0.01856804 0.21840093 0.17822251
v 0.07992697 0.20674993 0.19488850
v 0.07467949 0.21327433 0.17815968
v 0.06078517 0.20533511 0.16523951
v 0.03694755 0.19951807 0.16946906
v 0.02602941 0.19449678 0.18103984
v 0.03843528 0.17682515 0.17126527
v 0.02931404 0.17343524 0.18236279
v 0.01196152 0.21484061 0.19018704
v 0.02270097 0.19185999 0.19096482
v 0.02495205 0.17243214 0.19100025
v 0.03754228 0.15704732 0.17225260
v 0.02714401 0.15564805 0.18128288
v 0.03823948 0.14271392 0.17447588
v 0.02694511 0.14085418 0.18155980
v 0.02701193 0.12871286 0.18287164
v 0.03903139 0.13055612 0.17728955
v 0.05372977 0.14291364 0.16592324
v 0.05467415 0.13142717 0.16901478
v 0.05288059 0.15970959 0.16337901
v 0.05431271 0.18005247 0.16134527
v 0.03991252 0.19774839 0.24796203
v 0.04351485 0.17640921 0.24203551
v 0.04515111 0.15557498 0.23643857
v 0.04379225 0.13474092 0.23278853
v 0.04139870 0.11890928 0.22802174
v 0.03962535 0.10914217 0.22342566
v 0.03718209 0.10197085 0.21652836
v 0.03254300 0.09895498 0.20602581
v 0.02672988 0.10366252 0.19658631
v 0.02202398 0.11567347 0.19207627
v 0.02030975 0.12729986 0.19122714
v 0.02280605 0.15377608 0.19023770
v 0.02083087 0.13938764 0.19058293
v 0.06757164 0.15762162 0.15160564
v 0.06729287 0.14084025 0.15464744
v 0.06779134 0.12986821 0.15810826
v 0.07210851 0.10508448 0.16984031
v 0.06847942 0.11884497 0.16164362
v 0.01398236 0.21339130 0.20349327
v 0.02117562 0.21027845 0.21764764
v 0.02602142 0.20438784 0.23141253
v 0.03150111 0.19975021 0.24193510
v 0.03597355 0.17777704 0.23711985
v 0.03071731 0.18095820 0.22756410
v 0.02630705 0.18449077 0.21498695
v 0.02286536 0.18883935 0.20182291
v 0.03735507 0.15739563 0.23155051
v 0.03189194 0.16025625 0.22347569
v 0.02677989 0.16383949 0.21189165
v 0.02420157 0.16885109 0.20093474
v 0.02148300 0.14996444 0.19946197
v 0.02390963 0.14485656 0.20891228
v 0.02945423 0.14149392 0.21933633
v 0.03535730 0.13778310 0.22662219
v 0.03386629 0.12282384 0.22248432
v 0.02823555 0.12718457 0.21553203
v 0.02300566 0.13071918 0.20623922
v 0.02012551 0.13520245 0.19851738
v 0.03291237 0.11416865 0.21891105
v 0.02887839 0.10540615 0.20732722
v 0.03148282 0.10812893 0.21427643
v 0.02514482 0.10810969 0.20097417
v 0.02218229 0.11642765 0.19856513
v 0.02073538 0.12556601 0.19824776
v 0.02445507 0.11584546 0.20425409
v 0.02357399 0.12246045 0.20506197
v 0.02808905 0.11892424 0.21314687
v 0.02801657 0.11316019 0.21051994
v 0.02574486 0.11109171 0.20421720
v 0.02745426 0.10976917 0.20740187
v 0.09460467 0.17425650 0.20194456
v -0.05719823 -0.68097234 0.01070962
v -0.06297344 -0.61692339 0.05248036
v 0.35805088 0.09985889 -0.02912325
v 0.36874339 0.09983331 -0.01779199
v 0.38006893 0.09359089 -0.00681618
v 0.18112515 -0.20022419 0.00614705
v 0.10682199 -0.31335968 -0.08223180
v 0.09833439 -0.34682402 -0.08366290
v 0.10176331 -0.33053640 -0.08152726
v 0.19412452 -0.20050216 0.00374566
v 0.12527895 -0.38690773 -0.02185116
v -0.02523490 -0.12521407 0.19948092
v -0.06538893 -0.58348250 0.06793867
v 0.09181745 -0.50032979 -0.12711611
v -0.04817785 -0.21856315 0.20086303
v 0.02229790 -0.77935320 -0.11848694
v 0.02033801 -0.77815986 -0.11647452
v 0.01997175 -0.77505028 -0.11470970
v 0.01916068 -0.77449310 -0.11071185
v 0.01883970 -0.77361774 -0.10734746
v 0.01868363 -0.77340287 -0.10502899
v 0.02157894 -0.77672803 -0.11202630
v 0.01981455 -0.77995807 -0.10995398
v 0.02093237 -0.77905595 -0.11300673
v 0.02197883 -0.77804935 -0.11387346
v -0.02470899 -0.51677436 -0.13252217
v -0.02186783 -0.50092328 -0.14161423
v -0.01814813 -0.48672989 -0.15159942
v -0.01563502 -0.46789825 -0.15639523
v -0.04882199 -0.69390142 -0.20567337
v 0.03345317 -0.23686600 -0.13241671
v 0.03185639 -0.25067478 -0.13500920
v -0.04706993 -0.36046311 0.10267151
v 0.03866576 -0.20635957 -0.12557191
v 0.03014197 -0.26536617 -0.13770333
v -0.06385268 -0.47871292 0.11285512
v -0.01156203 -0.45009118 -0.15962610
v 0.04136419 -0.19146110 -0.12301339
v -0.06854306 -0.53270495 0.09935534
v 0.02770381 -0.28414679 -0.14131182
v 0.04869614 -0.13200717 -0.08859923
v 0.01347144 -0.34183869 -0.14069720
v -0.10454202 -0.80625916 -0.20458855
v -0.11417179 -0.79894376 -0.19357917
v -0.10829744 -0.78817284 -0.20174199
v -0.09793730 -0.79203534 -0.21093018
v -0.10238751 -0.77915192 -0.20565407
v -0.09240038 -0.78060871 -0.21226209
v -0.11969762 -0.78926635 -0.18189588
v -0.11426663 -0.78232789 -0.19115499
v -0.11746061 -0.74856400 -0.17764696
v -0.11651465 -0.75735927 -0.17934954
v -0.12026557 -0.75652397 -0.16964930
v -0.12072622 -0.74481994 -0.16715014
v -0.11381546 -0.72306263 -0.17132458
v -0.11474684 -0.71621990 -0.15812188
v -0.10931804 -0.70695853 -0.16734859
v -0.10811514 -0.71479130 -0.17856964
v -0.07646519 -0.72900963 -0.20426774
v -0.08008990 -0.73452234 -0.20403618
v -0.08589634 -0.72846210 -0.20260808
v -0.08123928 -0.72220409 -0.20260879
v -0.06725226 -0.73914123 -0.20976244
v -0.06307669 -0.74186456 -0.21520066
v -0.06366582 -0.74772877 -0.21206355
v -0.06871679 -0.74414080 -0.20776424
v -0.07012667 -0.72461426 -0.20325410
v -0.07531222 -0.71778077 -0.20090127
v -0.06946306 -0.73061925 -0.20716967
v -0.07178388 -0.73464525 -0.20587757
v -0.06526989 -0.72439766 -0.21495545
v -0.06239406 -0.72479308 -0.21907218
v -0.06390148 -0.72985613 -0.22041735
v -0.06694718 -0.72918355 -0.21431771
v -0.06841446 -0.72436208 -0.20688942
v -0.06485766 -0.72126150 -0.20797315
v -0.06614658 -0.72332060 -0.21096107
v -0.06862929 -0.72706032 -0.20972037
v -0.06643068 -0.73413444 -0.21185079
v -0.06328007 -0.73600411 -0.21820101
v -0.05909913 -0.73677123 -0.22415599
v -0.05959323 -0.72924572 -0.22641692
v -0.09081904 -0.70935249 -0.19383524
v -0.08464429 -0.70634913 -0.19488689
v -0.08050048 -0.71188378 -0.19862123
v -0.08637191 -0.71559972 -0.19915499
v -0.06573095 -0.71874046 -0.20492786
v -0.06711965 -0.70374542 -0.20312019
v -0.06145491 -0.70465136 -0.20702302
v -0.06170979 -0.70847112 -0.20747212
v -0.06809435 -0.70744193 -0.20371132
v -0.09538072 -0.69608432 -0.18224011
v -0.09474063 -0.68827587 -0.17688523
v -0.08802947 -0.68894243 -0.18376610
v -0.08895492 -0.69507575 -0.18719895
v -0.08495490 -0.68313539 -0.18153401
v -0.09142223 -0.68025446 -0.17330399
v -0.07919694 -0.66733229 -0.17273501
v -0.07535409 -0.67312348 -0.18439324
v -0.08054231 -0.67806852 -0.18186069
v -0.08603685 -0.67331463 -0.17190371
v -0.06413465 -0.67896450 -0.19410594
v -0.06883686 -0.66842985 -0.18856645
v -0.06110071 -0.66532862 -0.19197929
v -0.05787238 -0.67801571 -0.19652247
v -0.06667523 -0.69887328 -0.19887070
v -0.06711832 -0.70097709 -0.20173915
v -0.07113002 -0.70026088 -0.19808239
v -0.07060646 -0.69862461 -0.19611689
v -0.07473543 -0.69831848 -0.19331518
v -0.07457338 -0.69890296 -0.19420668
v -0.07612748 -0.69943893 -0.19418088
v -0.07642443 -0.69794607 -0.19273110
v -0.07298112 -0.69841754 -0.19452345
v -0.07371327 -0.69738418 -0.19362012
v -0.07155155 -0.69658124 -0.19510016
v -0.06806012 -0.69576252 -0.19800431
v -0.05423963 -0.69376564 -0.20532334
v -0.05372442 -0.69824338 -0.20494270
v -0.05696710 -0.69814700 -0.20404685
v -0.05857883 -0.69425690 -0.20432624
v -0.07486258 -0.70086241 -0.19615957
v -0.07227135 -0.70229769 -0.19930100
v -0.07382584 -0.70506632 -0.19984716
v -0.07717526 -0.70246100 -0.19643497
v -0.08054089 -0.70440006 -0.19613701
v -0.08266922 -0.70040858 -0.19267130
v -0.07877856 -0.70003283 -0.19366111
v -0.07535806 -0.69634646 -0.19212669
v -0.07914861 -0.69730437 -0.19143270
v -0.07808023 -0.69445449 -0.19018078
v -0.07572376 -0.69183838 -0.19059722
v -0.07316296 -0.69467902 -0.19335550
v -0.06976079 -0.69307125 -0.19606364
v -0.07213877 -0.68931234 -0.19269767
v -0.06716237 -0.68724525 -0.19573259
v -0.06495806 -0.69147146 -0.19960189
v -0.07593845 -0.70836747 -0.19925956
v -0.08330353 -0.69616055 -0.18966913
v -0.08779874 -0.70110327 -0.19105469
v -0.08248023 -0.69153857 -0.18780914
v -0.07900366 -0.68754399 -0.18660545
v -0.06960919 -0.68102294 -0.19070348
v -0.07488614 -0.68397760 -0.18775980
v -0.07097846 -0.66184717 -0.17576572
v -0.06172793 -0.65817869 -0.17847031
v -0.09737206 -0.77266049 -0.20536214
v -0.08904863 -0.77302188 -0.20937738
v -0.09763537 -0.76569504 -0.20145153
v -0.09374512 -0.76641941 -0.20403239
v -0.09498342 -0.76843655 -0.20489563
v -0.09905255 -0.76784110 -0.20055506
v -0.11084151 -0.75929666 -0.18549004
v -0.11224478 -0.75296968 -0.18454823
v -0.10611813 -0.75746459 -0.18887623
v -0.10573591 -0.76112998 -0.19043158
v -0.09803291 -0.74965501 -0.19582674
v -0.09564748 -0.75638247 -0.19838119
v -0.09832899 -0.75726110 -0.19532421
v -0.10251395 -0.75108397 -0.19259167
v -0.09122004 -0.75570750 -0.20001417
v -0.09224238 -0.74964440 -0.19810286
v -0.08716433 -0.75072473 -0.20036039
v -0.08701458 -0.75596315 -0.20150217
v -0.08804449 -0.76968634 -0.20666461
v -0.08790024 -0.76701665 -0.20572916
v -0.08202626 -0.76698458 -0.20573388
v -0.08066165 -0.76973593 -0.20710820
v -0.07159518 -0.76188648 -0.20165730
v -0.06854418 -0.76165211 -0.20306925
v -0.06961590 -0.76553160 -0.20395088
v -0.07266276 -0.76404536 -0.20249721
v -0.07281941 -0.76025271 -0.20205647
v -0.07076612 -0.75864410 -0.20282507
v -0.09865345 -0.82962513 -0.20634764
v -0.11155108 -0.82173973 -0.19367978
v -0.09213437 -0.81121427 -0.21507214
v -0.12038937 -0.81144470 -0.18072182
v -0.12689221 -0.79824787 -0.17063133
v -0.10971142 -0.69902182 -0.15752083
v -0.10262740 -0.69152832 -0.16791418
v -0.10266169 -0.70000488 -0.17548245
v -0.10573684 -0.68994009 -0.14920104
v -0.09876297 -0.68203235 -0.16201383
v -0.08217344 -0.66632557 -0.15639117
v -0.09222785 -0.67299718 -0.15824452
v -0.11216471 -0.70079589 -0.13583222
v -0.10778099 -0.69468975 -0.12776086
v -0.09968877 -0.68102044 -0.14186716
v -0.11311133 -0.71068037 -0.11749530
v -0.11030538 -0.70917130 -0.10856922
v -0.10205767 -0.68840778 -0.11614585
v -0.08329487 -0.65814769 -0.11240877
v -0.09615342 -0.66602379 -0.10273448
v -0.09732087 -0.65838289 -0.09671198
v -0.08338711 -0.65093094 -0.10603593
v -0.11524472 -0.70849085 -0.14544569
v -0.12323026 -0.76811761 -0.16366887
v -0.12371171 -0.75579524 -0.15754537
v -0.11987566 -0.76630014 -0.17480955
v -0.13114937 -0.83472657 -0.14921504
v -0.13571860 -0.81678367 -0.14281903
v -0.13251176 -0.80798829 -0.15754479
v -0.12725018 -0.82429051 -0.16686079
v -0.10540508 -0.86919993 -0.16331506
v -0.12016815 -0.85260022 -0.15619653
v -0.11686061 -0.83890545 -0.17810892
v -0.10273138 -0.85087192 -0.18807709
v -0.13658379 -0.82309592 -0.12655991
v -0.13169712 -0.84137303 -0.12729797
v -0.13253187 -0.84084582 -0.10535622
v -0.13768762 -0.82524145 -0.11018823
v -0.12153137 -0.86069214 -0.12930293
v -0.12135810 -0.86150253 -0.10246924
v -0.11124252 -0.71585667 -0.09744179
v -0.10722932 -0.69685233 -0.09761065
v -0.10459736 -0.68382180 -0.09527806
v -0.09698749 -0.67550361 -0.11023943
v -0.10666143 -0.87573242 -0.10097201
v -0.10632986 -0.87718856 -0.13117535
v -0.12276149 -0.81009042 -0.06290333
v -0.13017404 -0.79784697 -0.07424642
v -0.13388813 -0.81085801 -0.08517390
v -0.12669171 -0.82621956 -0.07236563
v -0.11380272 -0.82251918 -0.04993847
v -0.11732646 -0.84077537 -0.06143021
v -0.10593390 -0.75931466 -0.05731163
v -0.09952360 -0.76456404 -0.04372323
v -0.09246089 -0.74719691 -0.05112597
v -0.09825868 -0.74239498 -0.06224414
v -0.10899561 -0.77515703 -0.19810680
v -0.11231101 -0.77059478 -0.19030125
v -0.10676314 -0.76740968 -0.19478837
v -0.10305975 -0.77048963 -0.20016077
v -0.12128612 -0.77966774 -0.17188886
v -0.11750308 -0.77448165 -0.18180943
v -0.13178739 -0.79423940 -0.14834939
v -0.13501030 -0.80203068 -0.13636787
v -0.13767587 -0.81071210 -0.11129117
v -0.13684826 -0.80771655 -0.12413617
v -0.13157599 -0.78776789 -0.08363833
v -0.13379025 -0.79606235 -0.09094234
v -0.11247257 -0.72935629 -0.08681796
v -0.10451204 -0.73566210 -0.07369997
v -0.10100746 -0.71816158 -0.07216369
v -0.10734898 -0.70934618 -0.08378066
v -0.08874441 -0.73051810 -0.05289527
v -0.09335312 -0.72618264 -0.06262408
v -0.10344834 -0.68521678 -0.07483025
v -0.09860938 -0.69380784 -0.06203400
v -0.09953834 -0.68558264 -0.05570599
v -0.10310338 -0.67761362 -0.06872577
v -0.09326671 -0.69185293 -0.04352285
v -0.09169736 -0.70074117 -0.05058495
v -0.08485846 -0.70560634 -0.04163633
v -0.08581653 -0.69616663 -0.03387016
v -0.05836352 -0.64279419 -0.11612607
v -0.07008449 -0.64608389 -0.11230555
v -0.07076059 -0.63990253 -0.10679392
v -0.05827042 -0.63644540 -0.11025485
v -0.10449089 -0.67098248 -0.06268219
v -0.10247031 -0.68012005 -0.04859185
v -0.11204128 -0.75318301 -0.07116057
v -0.11807524 -0.74878025 -0.08149038
v -0.09731312 -0.68644047 -0.03504562
v -0.09912865 -0.70406157 -0.06656543
v -0.09158665 -0.71157479 -0.05741101
v -0.08039368 -0.73370069 -0.04528295
v -0.08421353 -0.75013876 -0.04261500
v -0.07425861 -0.73961794 -0.20497750
v -0.07798591 -0.75440013 -0.20273176
v -0.07410400 -0.75627422 -0.20275915
v -0.07530098 -0.75907379 -0.20264965
v -0.07885456 -0.75787914 -0.20305666
v -0.07163192 -0.79271376 -0.22234371
v -0.08539115 -0.79329395 -0.21723112
v -0.08097673 -0.77974188 -0.21694338
v -0.06746867 -0.77673221 -0.21840584
v -0.10384642 -0.72528696 -0.19071712
v -0.09783577 -0.71505332 -0.19272119
v -0.09232234 -0.72188079 -0.19944958
v -0.09522671 -0.73090893 -0.19868803
v -0.10281602 -0.76187694 -0.19365405
v -0.10146780 -0.76309514 -0.19575465
v -0.10395738 -0.76340985 -0.19332801
v -0.09410822 -0.70305508 -0.18833241
v -0.10113581 -0.70758307 -0.18408248
v -0.12228633 -0.74193895 -0.15359670
v -0.11429527 -0.76507157 -0.18350644
v -0.08694176 -0.88042283 -0.16962370
v -0.08483581 -0.85966492 -0.19706242
v -0.08752282 -0.88999540 -0.13549757
v -0.08740765 -0.88927984 -0.10325381
v -0.09966166 -0.85199511 -0.05404842
v -0.08120950 -0.86299801 -0.05212083
v -0.07974594 -0.83954066 -0.03471582
v -0.09676744 -0.83172858 -0.04098569
v -0.08719735 -0.76953936 -0.03408212
v -0.07603483 -0.70980138 -0.03696143
v -0.07688238 -0.69937921 -0.02815472
v -0.08235388 -0.83553779 -0.21559896
v -0.07626446 -0.81279504 -0.22215298
v -0.12662803 -0.78600776 -0.15963113
v -0.11614118 -0.73984581 -0.17865080
v -0.11213978 -0.73183382 -0.18283731
v -0.10858791 -0.74198556 -0.18976548
v -0.11168304 -0.74686563 -0.18592834
v -0.11817075 -0.73320949 -0.16696580
v -0.11906537 -0.72759271 -0.15224780
v -0.11937999 -0.72351468 -0.13524082
v -0.11631940 -0.71495903 -0.12507258
v -0.12929580 -0.83919001 -0.08419027
v -0.13540936 -0.82227099 -0.09579159
v -0.10438705 -0.86895597 -0.07397884
v -0.11899446 -0.85547280 -0.07859593
v -0.13647725 -0.81003404 -0.09876518
v -0.08669262 -0.87997687 -0.07334138
v -0.06182396 -0.71260959 -0.20764410
v -0.06077958 -0.71660048 -0.20822285
v -0.06926441 -0.71292245 -0.20314513
v -0.05980055 -0.69036329 -0.20208246
v -0.06059086 -0.68573517 -0.19771373
v -0.05608165 -0.68539429 -0.19932353
v -0.05528085 -0.68983334 -0.20344871
v -0.06010393 -0.65712655 -0.16136578
v -0.07061492 -0.66062218 -0.15853709
v -0.05847448 -0.64842677 -0.12441394
v -0.06985654 -0.65180790 -0.12012325
v -0.06126479 -0.72367013 -0.21334365
v -0.06229045 -0.72345495 -0.21174662
v -0.05982784 -0.72380173 -0.21185863
v -0.05991717 -0.72409296 -0.21381229
v -0.07289915 -0.69961131 -0.19526754
v -0.05749262 -0.70477414 -0.20954737
v -0.05664152 -0.70144999 -0.20688626
v -0.05361209 -0.70124304 -0.20748207
v -0.05376616 -0.70451391 -0.20954016
v -0.08732001 -0.67114443 -0.13486876
v -0.08383578 -0.66555190 -0.12156583
v -0.10299255 -0.66797268 -0.08280745
v -0.10373223 -0.67539144 -0.08956903
v -0.10473789 -0.69485867 -0.07955979
v -0.08537071 -0.71754920 -0.04957160
v -0.07635102 -0.72176403 -0.04497330
v -0.06553019 -0.72511166 -0.04042955
v -0.06843615 -0.73773956 -0.03980264
v -0.07034401 -0.66030955 -0.14092924
v -0.06974219 -0.65677315 -0.12859643
v -0.05843506 -0.65326554 -0.13311578
v -0.05865941 -0.65595651 -0.14502460
v -0.05526190 -0.72129321 -0.21430641
v -0.05608540 -0.72064507 -0.21224223
v -0.05409821 -0.71846014 -0.21260929
v -0.05385005 -0.72005647 -0.21540399
v -0.06230718 -0.72190231 -0.20945841
v -0.05998877 -0.71933818 -0.20889422
v -0.05973671 -0.72129267 -0.20921040
v -0.06303763 -0.72266364 -0.21118602
v -0.06254596 -0.72347599 -0.21380499
v -0.05786151 -0.72338724 -0.21816751
v -0.05784018 -0.72289687 -0.22268443
v -0.06087919 -0.72347295 -0.21668097
v -0.05733359 -0.72269809 -0.21333039
v -0.05745899 -0.72199750 -0.21135236
v -0.05966482 -0.72280300 -0.21000227
v -0.06133674 -0.72288233 -0.21003452
v -0.05829764 -0.72372866 -0.21637052
v -0.06007464 -0.72376406 -0.21511616
v -0.05881008 -0.74354076 -0.22073734
v -0.04925281 -0.64649308 -0.12595555
v -0.04905501 -0.65139484 -0.13441584
v -0.07408201 -0.69854617 -0.19389898
v -0.07983081 -0.77303541 -0.21152900
v -0.10235053 -0.73935556 -0.19475138
v -0.08173865 -0.74056613 -0.20295799
v -0.08257478 -0.74658716 -0.20254953
v -0.08809594 -0.74359238 -0.20052712
v -0.08808480 -0.73590928 -0.20171817
v -0.07046930 -0.77115226 -0.21002477
v -0.06548144 -0.76659203 -0.20789191
v -0.06078070 -0.76734984 -0.21291421
v -0.06394844 -0.76050609 -0.20587033
v -0.06701910 -0.75582749 -0.20417233
v -0.06479904 -0.75240523 -0.20809782
v -0.06047916 -0.75812000 -0.21240956
v -0.10214427 -0.76579106 -0.19695896
v -0.09980180 -0.76444232 -0.19840154
v -0.06984518 -0.74843001 -0.20528518
v -0.07136283 -0.75250888 -0.20332110
v -0.07615335 -0.74954677 -0.20275912
v -0.07559936 -0.74455380 -0.20382380
v -0.09511957 -0.74091190 -0.19846733
v -0.10898779 -0.76418746 -0.18948734
v -0.10468122 -0.75378448 -0.18947375
v -0.11835045 -0.73914915 -0.09329694
v -0.12310943 -0.75116062 -0.08929957
v -0.11900955 -0.72843659 -0.10885573
v -0.11845161 -0.73009002 -0.10454133
v -0.11353686 -0.72389293 -0.10590304
v -0.11540954 -0.72265208 -0.11123129
v -0.13526630 -0.78108716 -0.10386326
v -0.13508980 -0.78019047 -0.10805850
v -0.13564463 -0.78645957 -0.11020474
v -0.13543318 -0.78798521 -0.10231723
v -0.13529935 -0.78049135 -0.11525147
v -0.13418214 -0.77692336 -0.11454792
v -0.13424234 -0.77511179 -0.11773874
v -0.13523467 -0.78290582 -0.11793642
v -0.13381508 -0.77786994 -0.12474263
v -0.13386190 -0.78910482 -0.13092591
v -0.13569531 -0.79411834 -0.12070928
v -0.12730464 -0.76993167 -0.14833103
v -0.13040867 -0.78176826 -0.13902467
v -0.12999772 -0.77187896 -0.12985805
v -0.12832053 -0.76161104 -0.13271825
v -0.12059405 -0.73068523 -0.12228753
v -0.11872593 -0.72454178 -0.11653936
v -0.11473871 -0.72913206 -0.09916737
v -0.10856508 -0.80343848 -0.04405648
v -0.11884443 -0.79369605 -0.05741193
v -0.12440536 -0.78441644 -0.06852259
v -0.12738234 -0.77664113 -0.07962498
v -0.09750105 -0.81275046 -0.03353463
v -0.08368064 -0.81658304 -0.02779352
v -0.12541489 -0.75348228 -0.14307508
v -0.12581435 -0.75101304 -0.13067347
v -0.11222543 -0.77603567 -0.05523799
v -0.10376304 -0.78354824 -0.04212955
v -0.11801346 -0.76892960 -0.06797574
v -0.12291449 -0.76352680 -0.07868932
v -0.09189312 -0.79401815 -0.03116234
v -0.07539105 -0.79527664 -0.02472387
v -0.07237482 -0.77233446 -0.02681965
v -0.12495148 -0.73525882 -0.11184101
v -0.12503003 -0.72961295 -0.11070120
v -0.12170485 -0.72771543 -0.11258142
v -0.12302918 -0.73255050 -0.11600614
v -0.12333688 -0.74077815 -0.12639867
v -0.12285472 -0.73982012 -0.13856666
v -0.05914075 -0.75027913 -0.21684800
v -0.05367544 -0.66442752 -0.19347703
v -0.05282251 -0.67814904 -0.19780014
v -0.05744589 -0.71228647 -0.21042186
v -0.05691874 -0.70843464 -0.20971529
v -0.05381507 -0.70796490 -0.21012731
v -0.05375702 -0.71159887 -0.21041867
v -0.07341503 -0.76846892 -0.20524375
v -0.07041064 -0.75380540 -0.03480999
v -0.06528781 -0.71309572 -0.03467307
v -0.06628460 -0.70209634 -0.02537423
v -0.08976702 -0.68945646 -0.02401004
v -0.07967003 -0.69185108 -0.01730250
v -0.05379690 -0.71523935 -0.21117750
v -0.05730615 -0.71569717 -0.21090633
v -0.05792668 -0.72346067 -0.21526435
v -0.06120974 -0.70131421 -0.20499036
v -0.05765431 -0.72063828 -0.21089236
v -0.05680151 -0.71854776 -0.21086350
v -0.05234512 -0.71785343 -0.21325132
v -0.05226856 -0.71496010 -0.21132541
v -0.08204512 -0.75247723 -0.20156148
v -0.08244375 -0.75678492 -0.20227221
v -0.05611794 -0.72221112 -0.21690959
v -0.05486910 -0.72099745 -0.21897520
v -0.08496425 -0.64483267 -0.10051470
v -0.09711142 -0.65229064 -0.08979951
v -0.05133202 -0.70129126 -0.20758547
v -0.05161244 -0.70440537 -0.20967358
v -0.12757106 -0.75766504 -0.12253544
v -0.12959161 -0.76524395 -0.12252551
v -0.13146652 -0.76162672 -0.11641758
v -0.12874916 -0.75594544 -0.11612174
v -0.04896986 -0.64126134 -0.11774685
v -0.10315357 -0.66169190 -0.07652912
v -0.06812876 -0.69415510 -0.01413978
v -0.10138713 -0.75866914 -0.19388683
v -0.10255133 -0.76044381 -0.19277714
v -0.07650389 -0.76615816 -0.20395432
v -0.06264635 -0.69489783 -0.20133075
v -0.06108302 -0.69853270 -0.20175669
v -0.04954119 -0.65456438 -0.14630601
v -0.05248464 -0.71941280 -0.21624045
v -0.13263313 -0.77137876 -0.11018150
v -0.13191603 -0.76792353 -0.10985480
v -0.13478538 -0.76625741 -0.11155215
v -0.13512224 -0.76928067 -0.11283974
v -0.13653649 -0.77129334 -0.11824971
v -0.13777250 -0.77513367 -0.11743718
v -0.13901082 -0.77188522 -0.11511723
v -0.13745596 -0.76901197 -0.11505254
v -0.13294165 -0.77092052 -0.12094105
v -0.13370200 -0.76719075 -0.11769816
v -0.14025979 -0.77679741 -0.11620571
v -0.13998884 -0.77432162 -0.11426368
v -0.13514081 -0.77850676 -0.11216700
v -0.13747530 -0.77851194 -0.11494365
v -0.13863961 -0.78146112 -0.11100377
v -0.14226720 -0.77886951 -0.11255424
v -0.14037001 -0.78267366 -0.10489722
v -0.14425232 -0.77923620 -0.10707870
v -0.14042398 -0.78070760 -0.09872304
v -0.14461751 -0.77797455 -0.10108048
v -0.12533051 -0.74023998 -0.11810952
v -0.12401766 -0.74365413 -0.11211008
v -0.13971156 -0.77564204 -0.09470614
v -0.14472313 -0.77385175 -0.09688193
v -0.13798009 -0.76881182 -0.09073678
v -0.14279199 -0.76775354 -0.09345742
v -0.13643181 -0.76039922 -0.08876930
v -0.14030273 -0.76073271 -0.09124007
v -0.13482375 -0.75247478 -0.08847810
v -0.13875453 -0.75331765 -0.09158017
v -0.13193645 -0.74247408 -0.09068471
v -0.13610062 -0.74554533 -0.09382556
v -0.14071335 -0.77680135 -0.10137306
v -0.14077520 -0.77812797 -0.10608763
v -0.13369650 -0.77836132 -0.10087746
v -0.14038247 -0.77732712 -0.11113703
v -0.13055700 -0.76538819 -0.10158125
v -0.12970777 -0.76272047 -0.10205991
v -0.13205004 -0.76206577 -0.10526980
v -0.13042434 -0.76512468 -0.10424649
v -0.12974483 -0.75556737 -0.11234593
v -0.12874627 -0.75064147 -0.11093657
v -0.12773821 -0.74935025 -0.11445340
v -0.12631008 -0.74724483 -0.10944561
v -0.12614013 -0.75182068 -0.10937291
v -0.12587978 -0.74878567 -0.10850739
v -0.12561786 -0.75578183 -0.11007579
v -0.12618314 -0.74780035 -0.10662414
v -0.12671262 -0.74593878 -0.10751542
v -0.12516497 -0.74885827 -0.10631809
v -0.12498626 -0.74946666 -0.10728759
v -0.12396497 -0.75137663 -0.10692543
v -0.12441214 -0.75487715 -0.10553703
v -0.12635477 -0.74929202 -0.12108380
v -0.12321711 -0.74418044 -0.09687547
v -0.12748186 -0.75306785 -0.09450874
v -0.13338818 -0.73923028 -0.09835019
v -0.12968652 -0.73345172 -0.09595463
v -0.12595299 -0.72772568 -0.10747174
v -0.12761119 -0.72830111 -0.10200954
v -0.13217604 -0.77384198 -0.09822772
v -0.13120411 -0.76781052 -0.09528322
v -0.12041131 -0.73638964 -0.10131487
v -0.12970799 -0.76118821 -0.09422763
v -0.13460416 -0.74913144 -0.09631569
v -0.13214684 -0.74473643 -0.09988257
v -0.13706577 -0.75460315 -0.09446848
v -0.12718903 -0.74219215 -0.10860377
v -0.13035193 -0.74240965 -0.10436822
v -0.13115531 -0.73635650 -0.10395775
v -0.12856153 -0.73527682 -0.10858586
v -0.13096094 -0.74828386 -0.10230148
v -0.13411416 -0.75135958 -0.09982029
v -0.12802035 -0.75082934 -0.10175843
v -0.13127390 -0.75414240 -0.10029098
v -0.12676382 -0.74873853 -0.10447892
v -0.12847331 -0.74642718 -0.10488661
v -0.12455106 -0.75293946 -0.10154030
v -0.12789722 -0.75737834 -0.09985169
v -0.12449250 -0.74995077 -0.10450207
v -0.13434440 -0.75706661 -0.09976899
v -0.13193671 -0.76022947 -0.10038725
v -0.13568264 -0.76255822 -0.10281292
v -0.13730825 -0.76019883 -0.10092650
v -0.13686886 -0.75522721 -0.09787957
v -0.13893627 -0.75975394 -0.09794055
v -0.13810414 -0.76094007 -0.09400529
v -0.13995583 -0.76520455 -0.09863822
v -0.13912539 -0.76730818 -0.09514178
v -0.13920203 -0.76379550 -0.10160611
v -0.13800621 -0.76424813 -0.10402321
v -0.14052589 -0.77309012 -0.09778721
v -0.14059925 -0.77007711 -0.10039970
v -0.14063759 -0.77342510 -0.10320938
v -0.14003292 -0.76743221 -0.10294815
v -0.13976778 -0.77015102 -0.10505557
v -0.13908875 -0.76623833 -0.10452830
v -0.13852434 -0.76767576 -0.10625646
v -0.13736242 -0.77420354 -0.11275609
v -0.13614926 -0.77202594 -0.11351869
v -0.13890871 -0.77508402 -0.11014967
v -0.13740680 -0.77271187 -0.10967589
v -0.13647965 -0.77334595 -0.11118970
v -0.13501830 -0.77216917 -0.11124627
v -0.13633080 -0.77037108 -0.10968525
v -0.13416179 -0.76900375 -0.10786480
v -0.05773111 -0.62170017 -0.10219138
v -0.04579769 -0.62015480 -0.10206815
v -0.04676149 -0.62756872 -0.10545558
v -0.05818192 -0.62922651 -0.10527040
v -0.13876224 -0.77173716 -0.10756536
v -0.13772754 -0.76891208 -0.10818596
v -0.13986158 -0.77503836 -0.10665746
v -0.13498743 -0.76622081 -0.10468514
v -0.13626952 -0.76730919 -0.10671686
v -0.13731723 -0.76580048 -0.10576034
v -0.13615108 -0.76492155 -0.10450871
v -0.12971763 -0.75904405 -0.11209752
v -0.12736937 -0.75885159 -0.10856573
v -0.12695692 -0.75765431 -0.10422445
v -0.09111366 -0.61830318 -0.09066287
v -0.08824098 -0.62631172 -0.08913180
v -0.10385065 -0.63627851 -0.08113113
v -0.10842441 -0.62985182 -0.08284899
v -0.09829865 -0.59294200 -0.10537193
v -0.12250212 -0.60659146 -0.09570599
v -0.11780070 -0.57965344 -0.11140807
v -0.09847643 -0.57113993 -0.11461791
v -0.11410174 -0.55650795 -0.12352066
v -0.09703526 -0.55012572 -0.12443279
v -0.10307948 -0.49608409 -0.15650690
v -0.08669348 -0.49426514 -0.15727529
v -0.09019709 -0.51227462 -0.14604247
v -0.10655916 -0.51519996 -0.14515433
v -0.11532021 -0.40640473 -0.18187819
v -0.10871910 -0.38944536 -0.17295055
v -0.09374116 -0.39446983 -0.17753088
v -0.10188845 -0.40893677 -0.18505190
v -0.17327794 -0.54157901 -0.12932457
v -0.17637402 -0.56744528 -0.12595007
v -0.18815583 -0.56219941 -0.12709260
v -0.18361437 -0.53400290 -0.12830371
v -0.13980588 -0.64919341 -0.05334053
v -0.13228342 -0.63168097 -0.07440989
v -0.12582444 -0.63683248 -0.07078881
v -0.13361138 -0.65359628 -0.05249612
v -0.17347841 -0.42757690 -0.14295390
v -0.16727336 -0.41232741 -0.14799508
v -0.16096720 -0.42180318 -0.15755954
v -0.16556342 -0.43696266 -0.15323818
v -0.13056749 -0.35336763 -0.10269548
v -0.13127823 -0.33724990 -0.10104984
v -0.11113496 -0.33510870 -0.11601155
v -0.11210604 -0.35102820 -0.11710420
v -0.18572968 -0.38756970 -0.04597149
v -0.19300693 -0.39639482 -0.01687346
v -0.19006209 -0.38402042 -0.01111884
v -0.18334123 -0.37501165 -0.03942929
v -0.13190933 -0.49868986 -0.15026203
v -0.11839120 -0.49752322 -0.15346387
v -0.12192538 -0.51717353 -0.14251298
v -0.13604234 -0.51931000 -0.14003435
v -0.33801833 -0.65035158 -0.15357834
v -0.33901078 -0.63255554 -0.15891203
v -0.31578818 -0.62948990 -0.15210009
v -0.31504473 -0.64736348 -0.14619473
v -0.17222512 -0.29590625 -0.04075055
v -0.17967631 -0.30730262 -0.01356664
v -0.17577264 -0.29014552 -0.01473162
v -0.16813855 -0.27939928 -0.04024389
v -0.21606910 -0.64921117 -0.11439323
v -0.20354614 -0.64617348 -0.11030814
v -0.20639834 -0.66062891 -0.08778380
v -0.21798615 -0.66398346 -0.09249199
v -0.17240992 -0.49211898 -0.13266790
v -0.16325739 -0.49766821 -0.13769573
v -0.16819757 -0.51871490 -0.13337830
v -0.17703421 -0.51069808 -0.12928292
v -0.20913589 -0.42306176 -0.02296668
v -0.20373853 -0.41486394 -0.04994314
v -0.20942146 -0.43523234 -0.04985305
v -0.21526447 -0.44206724 -0.02533257
v -0.19617781 -0.39889163 -0.04870492
v -0.20170356 -0.40758359 -0.01979700
v -0.15467885 -0.49942192 -0.14176187
v -0.14403526 -0.49924088 -0.14617868
v -0.14827491 -0.52146274 -0.13774543
v -0.15801834 -0.52258933 -0.13502362
v -0.10245816 -0.37777933 -0.15715475
v -0.08428246 -0.38404420 -0.16362010
v -0.15384604 -0.26942015 -0.06280410
v -0.13633990 -0.26051679 -0.08210205
v -0.14108199 -0.27731112 -0.08374193
v -0.15839089 -0.28568542 -0.06454059
v -0.09450233 -0.36408123 -0.12892956
v -0.09742001 -0.37193611 -0.14008078
v -0.11520738 -0.36999062 -0.13262257
v -0.11234249 -0.36316654 -0.11978698
v -0.11666134 -0.25407827 -0.09835412
v -0.09317701 -0.24789621 -0.11352336
v -0.09711097 -0.26679325 -0.11503213
v -0.12014486 -0.27158666 -0.10012606
v -0.11020062 -0.53508639 -0.13415670
v -0.09385020 -0.53090930 -0.13541704
v -0.14053206 -0.40623456 -0.17119972
v -0.13725448 -0.38919130 -0.16190812
v -0.12356899 -0.38803834 -0.16784519
v -0.12872171 -0.40541321 -0.17698705
v -0.19959006 -0.50824612 -0.10876365
v -0.19318685 -0.52181816 -0.12277199
v -0.20322746 -0.55395770 -0.12488278
v -0.21109594 -0.53032708 -0.11125132
v -0.17435797 -0.27417275 -0.01120430
v -0.16610134 -0.26429647 -0.03638669
v -0.11496688 -0.23702736 -0.09419200
v -0.09135594 -0.23059984 -0.10960755
v -0.25522399 -0.53747642 -0.05577502
v -0.24655671 -0.52672666 -0.05115601
v -0.24101835 -0.52879536 -0.06633536
v -0.25005621 -0.54133821 -0.06990823
v -0.06048026 -0.41665578 -0.17837727
v -0.07699566 -0.42287096 -0.18476769
v -0.08235389 -0.40559080 -0.18200520
v -0.06856366 -0.39688936 -0.17129999
v -0.13453300 -0.37651476 -0.14526485
v -0.13260758 -0.37036172 -0.12601964
v -0.11935684 -0.37520304 -0.15094797
v -0.04404274 -0.41192836 -0.16792081
v -0.05394252 -0.38979453 -0.15364954
v -0.07597259 -0.52738523 -0.13622394
v -0.07309927 -0.51021498 -0.14643738
v -0.07800075 -0.54538184 -0.12627681
v -0.06007359 -0.54150963 -0.12735589
v -0.06032201 -0.55989951 -0.11857744
v -0.07867132 -0.56423664 -0.11706029
v -0.05941834 -0.57833821 -0.11186522
v -0.07753693 -0.58327210 -0.10957108
v -0.07268797 -0.60941005 -0.09740104
v -0.07116745 -0.61824268 -0.09528328
v -0.18521634 -0.50010633 -0.12207045
v -0.18096459 -0.48268107 -0.12420878
v -0.13494261 -0.24484873 -0.07768273
v -0.18184493 -0.60668373 0.03670463
v -0.18256313 -0.59172964 0.04525286
v -0.19728546 -0.59518147 0.03389240
v -0.19484527 -0.60930872 0.02643354
v -0.14651167 -0.64736950 -0.05410799
v -0.14003968 -0.63151705 -0.07664976
v -0.24513270 -0.54799581 -0.00247510
v -0.23495682 -0.54467201 0.00775730
v -0.23551691 -0.53418708 0.00546705
v -0.24450314 -0.53897512 -0.00444532
v -0.26182824 -0.53757310 -0.03413908
v -0.27540639 -0.54637295 -0.04032619
v -0.27844542 -0.55323446 -0.03414390
v -0.26324630 -0.54386848 -0.02890352
v -0.17701787 -0.30107698 0.01149553
v -0.18029249 -0.31837755 0.01383659
v -0.18269421 -0.43687814 0.05378879
v -0.18961702 -0.42102945 0.03258819
v -0.20096220 -0.43414122 0.02704472
v -0.19631994 -0.45056805 0.04604607
v -0.08426732 -0.58565450 0.06741062
v -0.08449448 -0.57328999 0.07326640
v -0.10474902 -0.57556385 0.07214221
v -0.10432882 -0.58781385 0.06603291
v -0.14482021 -0.61080968 0.04796920
v -0.14165209 -0.62261575 0.04068866
v -0.12117630 -0.61551034 0.04926921
v -0.12341927 -0.60396683 0.05652041
v -0.16489512 -0.60298979 0.04801335
v -0.16638070 -0.58802569 0.05616960
v -0.21743524 -0.45194691 -0.00467502
v -0.21124518 -0.43434399 0.00036781
v -0.22955288 -0.48149070 -0.01258142
v -0.22556168 -0.47490481 -0.02981098
v -0.22997057 -0.48864779 -0.03303467
v -0.23283660 -0.49339324 -0.01740250
v -0.12730581 -0.65865350 -0.05145026
v -0.12971619 -0.66900170 -0.03006994
v -0.13775104 -0.66419131 -0.03129297
v -0.10979411 -0.65650821 0.01960770
v -0.11095653 -0.65154094 0.02483189
v -0.12292104 -0.65602940 0.01599870
v -0.11869462 -0.65963387 0.01263554
v -0.10839806 -0.51474470 0.09946261
v -0.08727363 -0.51589525 0.10319634
v -0.08527593 -0.49722219 0.10731247
v -0.10777234 -0.49391705 0.10194137
v -0.23835433 -0.50938511 -0.01216790
v -0.24444994 -0.51816952 -0.02045077
v -0.24434540 -0.52348661 -0.01297181
v -0.23744942 -0.51660401 -0.00368562
v -0.23261036 -0.50865883 0.00427651
v -0.22817093 -0.49931073 0.01179454
v -0.22965732 -0.48969230 0.00090501
v -0.23380664 -0.50031817 -0.00526626
v -0.20662448 -0.46353847 0.03631862
v -0.21025303 -0.44807640 0.01969031
v -0.21777409 -0.46367991 0.01302180
v -0.21696039 -0.47742593 0.02852112
v -0.07509728 -0.43430254 0.10681906
v -0.09448428 -0.43133989 0.10405707
v -0.09759352 -0.45185170 0.10480066
v -0.07832835 -0.45414940 0.11002626
v -0.24784106 -0.56756306 -0.10021517
v -0.24253580 -0.57907790 -0.11594986
v -0.25240517 -0.58694893 -0.11821529
v -0.26088011 -0.57359660 -0.10244910
v -0.29097202 -0.57788938 -0.02610373
v -0.30104238 -0.58399439 -0.02868032
v -0.29997927 -0.59130275 -0.02627331
v -0.28983483 -0.58575988 -0.02327375
v -0.28742430 -0.56480002 -0.09608576
v -0.27670085 -0.57525277 -0.10845470
v -0.29508194 -0.57522160 -0.11714309
v -0.30642498 -0.56383765 -0.10336050
v -0.16074899 -0.65471232 -0.02962316
v -0.15253109 -0.64738399 -0.05451330
v -0.15380234 -0.65690857 -0.03078945
v -0.28412658 -0.55014741 -0.06589580
v -0.30202240 -0.55404401 -0.07081990
v -0.30705136 -0.55507803 -0.05941720
v -0.28869992 -0.55019629 -0.05426068
v -0.33959287 -0.66507816 -0.14118890
v -0.31715810 -0.66232002 -0.13378577
v -0.33535019 -0.56161559 -0.09662139
v -0.34318677 -0.56356186 -0.08315729
v -0.32259363 -0.55895746 -0.07668769
v -0.31551605 -0.55900961 -0.08970091
v -0.17166033 -0.42396814 0.05913747
v -0.18130942 -0.40898025 0.03871694
v -0.16293034 -0.32032633 0.05509683
v -0.17198482 -0.31080589 0.03452789
v -0.17396300 -0.32886547 0.03844340
v -0.16378635 -0.33879930 0.05964740
v -0.17418134 -0.28457153 0.01317858
v -0.16037685 -0.30172944 0.05455137
v -0.16926232 -0.29327473 0.03526623
v -0.11443950 -0.67482114 -0.03523075
v -0.10898852 -0.67902499 -0.01955263
v -0.11648299 -0.67452407 -0.01299297
v -0.12253258 -0.67227781 -0.03115874
v -0.20837873 -0.17794847 0.04077895
v -0.20545691 -0.15116423 0.05272935
v -0.20046829 -0.14403766 0.01813818
v -0.20194918 -0.16950543 0.00843851
v -0.09115207 -0.66940606 0.01178570
v -0.10595651 -0.67229885 0.00084591
v -0.09915568 -0.67889655 -0.00636782
v -0.08680353 -0.67797112 0.00263596
v -0.20361218 -0.19256712 0.00157749
v -0.21018888 -0.20185098 0.03255980
v -0.11492471 -0.66386026 -0.05361309
v -0.12148108 -0.66177750 -0.05187596
v -0.11566591 -0.64833003 -0.06903428
v -0.11021976 -0.65165752 -0.06927578
v -0.10016313 -0.64176893 -0.08195561
v -0.18990800 -0.13510087 -0.00985762
v -0.18812586 -0.15880565 -0.01751079
v -0.10313974 -0.68284559 -0.02693901
v -0.09430391 -0.68449444 -0.01430425
v -0.08307409 -0.68535936 -0.00658233
v -0.07021379 -0.68701255 -0.00253708
v -0.18218784 -0.26862258 0.01804367
v -0.18026879 -0.25893801 -0.00742880
v -0.14408979 -0.06942654 0.15562981
v -0.11546863 -0.07294592 0.17154366
v -0.10618149 -0.05635506 0.15974958
v -0.14155874 -0.05186549 0.14657268
v -0.04000085 -0.08835182 0.18303949
v -0.02830201 -0.07430598 0.16848232
v -0.06713583 -0.06549531 0.16653928
v -0.08066675 -0.07934058 0.17807588
v -0.08380575 -0.21414335 0.19134270
v -0.11596268 -0.20967063 0.18310145
v -0.11822206 -0.23158960 0.17135881
v -0.08706710 -0.23611365 0.18122806
v -0.16815953 -0.28593710 0.06183519
v -0.17778541 -0.27763253 0.04150359
v -0.17053381 -0.24992937 -0.03310144
v -0.17693937 -0.01065966 0.00460735
v -0.19248185 -0.01838502 0.04590414
v -0.18381755 0.01063108 0.05508615
v -0.17048810 0.01978856 0.01615455
v -0.15810153 -0.00310495 0.12381880
v -0.16699687 -0.02761841 0.12123996
v -0.13362218 -0.03091380 0.14425118
v -0.12487942 -0.00960684 0.14557891
v -0.06613784 -0.22545914 -0.12160508
v -0.09164323 -0.21420953 -0.10640908
v -0.06636371 -0.20823327 -0.11836997
v 0.00729765 -0.21904562 -0.13177229
v -0.01837723 -0.22000638 -0.13255046
v -0.01508678 -0.20206609 -0.13088162
v 0.01096127 -0.20216851 -0.13050920
v 0.01203642 -0.12165776 -0.09323937
v 0.03219453 -0.12771630 -0.09058421
v 0.02880122 -0.14078517 -0.10277636
v 0.00506995 -0.13541496 -0.10513034
v -0.16982822 -0.14898571 -0.04043251
v -0.14603783 -0.14084646 -0.06109499
v -0.14774339 -0.15941736 -0.06366239
v -0.16983309 -0.16817677 -0.04390331
v -0.01639794 -0.06358844 0.14769003
v -0.05353200 -0.05177897 0.15018122
v -0.14682819 0.02731645 -0.02072176
v -0.15080747 -0.00470331 -0.03094936
v -0.11300333 0.03031734 -0.04856523
v -0.07334629 0.02789012 -0.05896650
v -0.07776293 -0.00123185 -0.06597219
v -0.11659174 -0.00014704 -0.05557189
v 0.03372984 -0.06269595 -0.01927434
v 0.01576963 -0.07759890 -0.05139536
v 0.01079485 -0.06390196 -0.04564454
v 0.02842258 -0.05691540 -0.01581563
v -0.05826240 -0.12339497 0.19907862
v -0.05113908 -0.10621753 0.19303533
v -0.08708345 -0.09687138 0.18837902
v -0.09370539 -0.11748475 0.19376537
v -0.14819711 -0.30892220 0.07083067
v -0.15569882 -0.29216471 0.08025648
v -0.13393247 -0.31511724 0.08482777
v -0.15032570 -0.32898250 0.07227328
v -0.13466930 -0.33610478 0.08603100
v -0.14289048 -0.45213878 0.08858574
v -0.15838328 -0.43780443 0.07640946
v -0.16991308 -0.45163858 0.07156533
v -0.15447563 -0.46748623 0.08511503
v -0.12578039 -0.57889175 0.06995178
v -0.12470756 -0.59196961 0.06345414
v -0.08153717 -0.02018964 0.15514474
v -0.03217896 -0.03519639 0.14666550
v -0.04351926 -0.00437352 0.15269797
v -0.08406295 0.00391433 0.15589923
v -0.14849460 0.02073991 0.12721047
v -0.16838029 0.02921161 0.10005578
v -0.17925124 0.00180027 0.09351698
v -0.17469896 0.03909144 0.06268492
v -0.16262132 0.04838878 0.02286283
v -0.10667887 0.06057674 -0.04117671
v -0.06748257 0.05783993 -0.05022293
v 0.01819383 0.01015320 -0.01040495
v -0.00136261 0.01846993 -0.03428551
v 0.00002299 0.04146847 -0.02248479
v 0.01848696 0.03174073 0.00402791
v -0.04261307 -0.10658956 -0.08868515
v -0.08563949 -0.11723706 -0.08584090
v -0.08386423 -0.09853557 -0.08039895
v -0.04815198 -0.08747268 -0.07971643
v 0.00071716 -0.23677060 -0.13736655
v -0.02018488 -0.23839453 -0.13761449
v -0.04109171 -0.22204491 -0.12941156
v -0.04248103 -0.23972382 -0.13427770
v -0.06749529 -0.24259134 -0.12629397
v -0.03468506 -0.31593591 -0.14855890
v -0.06141965 -0.31481108 -0.14233305
v -0.05446463 -0.29641807 -0.14286253
v -0.02796279 -0.29695019 -0.14922422
v -0.04215560 -0.33547843 -0.14710446
v -0.06819957 -0.33409488 -0.14130528
v -0.05161884 -0.37347531 -0.13941281
v -0.07712077 -0.37761465 -0.14672160
v -0.07471082 -0.36765400 -0.13585602
v -0.05817681 -0.52362484 -0.13589007
v -0.05455448 -0.50750887 -0.14575137
v -0.17272352 -0.12655315 -0.03608269
v 0.00271885 -0.03333703 0.12394176
v 0.01844098 -0.02381352 0.09317903
v 0.01349027 0.00064707 0.10646241
v -0.00705480 -0.00489011 0.13557222
v -0.18884544 -0.17931142 -0.02290561
v -0.15165868 -0.25405991 -0.05900251
v -0.15556554 -0.23949485 -0.05642252
v -0.17136517 -0.38060358 -0.07925679
v -0.16875771 -0.36749381 -0.06522274
v -0.09210257 -0.42734802 -0.18693924
v -0.09275609 -0.41402641 -0.18586063
v -0.18858212 -0.02610892 0.08676229
v -0.10075609 0.08992323 -0.03250337
v -0.09415383 0.11742157 -0.02300213
v -0.05634290 0.11482129 -0.02668913
v -0.06156233 0.08729467 -0.03843359
v 0.02194132 0.04657924 0.05134492
v 0.01672209 0.05662256 0.01920001
v 0.01469550 0.08237866 0.03408867
v 0.01762473 0.07320169 0.06502000
v 0.01436222 0.10018823 0.07741681
v 0.01257363 0.10947111 0.04628352
v 0.01227852 0.13410166 0.06200135
v 0.01231164 0.12461305 0.08939202
v -0.14021428 0.05653483 -0.01462121
v -0.14609271 0.10421491 0.03243314
v -0.12603025 0.11445355 -0.00066915
v -0.13260667 0.08606625 -0.00774096
v -0.15456598 0.07639033 0.02768800
v -0.11927743 0.01333329 0.14546162
v 0.02517656 0.02195320 0.03646014
v 0.02672513 0.00082880 0.02098455
v -0.00116774 0.06088281 0.12140156
v -0.02329377 0.05741355 0.14274463
v -0.01672661 0.02638653 0.13984597
v 0.00637539 0.03012735 0.11481728
v -0.13970987 0.07311004 0.12708697
v -0.15578282 0.08193702 0.10005637
v -0.16127796 0.05598599 0.10000999
v -0.14349101 0.04719859 0.12684852
v -0.16619918 0.06689465 0.06435522
v -0.15821600 0.09312794 0.06751801
v -0.13278769 0.15698004 0.04083358
v -0.11077933 0.16507602 0.01346263
v -0.11895765 0.14070976 0.00635073
v -0.13909180 0.13136163 0.03651543
v -0.14555196 0.14535117 0.07325967
v -0.15116452 0.11949998 0.07031889
v -0.15061380 0.10821986 0.10196096
v -0.14550793 0.13351831 0.10329779
v -0.13353404 0.12349066 0.12846895
v -0.13687359 0.09835279 0.12797979
v -0.11503864 0.09154242 0.14774801
v -0.11396001 0.11632156 0.14766864
v -0.08662648 0.08686996 0.15740761
v -0.05645172 0.08432320 0.15710354
v -0.05997296 0.10965163 0.15876266
v -0.08778763 0.11187795 0.15702355
v -0.01189734 0.11253673 0.13701099
v -0.03405580 0.10958770 0.15230821
v -0.02867632 0.08459705 0.14799188
v -0.00643875 0.08843267 0.12912676
v -0.03104717 0.20813581 0.17007093
v -0.05351742 0.20719489 0.16870552
v -0.04826059 0.17901915 0.16807449
v -0.02491602 0.18010837 0.16513225
v -0.07481591 0.20634872 0.16793592
v -0.09592529 0.20720038 0.16450916
v -0.09157912 0.18168133 0.16087723
v -0.07215682 0.17898455 0.16429830
v -0.12327347 0.19388476 0.13206756
v -0.11037737 0.18623877 0.15065779
v -0.11249669 0.21165383 0.15320727
v -0.12367719 0.21913841 0.13480920
v -0.13222449 0.22841603 0.11291697
v -0.13377810 0.20411503 0.10961261
v -0.12628087 0.23845595 0.08889172
v -0.13218303 0.21574715 0.08363611
v -0.11173603 0.22400808 0.06023882
v -0.10587291 0.24555543 0.06704265
v 0.01178258 0.20145702 0.11150021
v 0.00714736 0.22639614 0.12280320
v 0.00323757 0.21759874 0.14484940
v 0.00888509 0.19217032 0.13408759
v -0.01421043 0.21723464 0.06518491
v -0.03102207 0.22472456 0.04133853
v -0.03073239 0.24426425 0.05823803
v -0.01571232 0.24013555 0.08147655
v -0.14026684 0.16949090 0.07615214
v -0.12669094 0.18138623 0.04548060
v -0.12911405 0.14725015 0.12787893
v -0.14038706 0.15736264 0.10417573
v -0.01621527 0.13449636 0.14558724
v -0.03895772 0.13232049 0.15704307
v 0.01217724 0.15637919 0.07724962
v 0.01128311 0.14702371 0.10307176
v -0.06396318 0.21151891 0.01832180
v -0.07098356 0.18932328 0.00903462
v -0.10270464 0.18886468 0.02068667
v -0.09398213 0.21016490 0.02934161
v -0.13626513 0.19322306 0.07870607
v -0.13648550 0.18007967 0.10621812
v -0.12521569 0.17011604 0.12900928
v -0.11133733 0.16251168 0.14757890
v -0.09082210 0.15815437 0.15720221
v -0.06777649 0.15583813 0.16121665
v -0.04303116 0.15488997 0.16278693
v -0.02025531 0.15652204 0.15552853
v 0.01111430 0.16911855 0.11886737
v 0.01263353 0.17919683 0.09518480
v -0.05465303 0.24701583 0.04791592
v -0.05772850 0.23041105 0.03113161
v -0.08739913 0.22818542 0.04147227
v -0.08397499 0.24782282 0.05039936
v -0.05327481 0.26561409 0.06173807
v -0.03255760 0.26345140 0.07200422
v -0.08059039 0.23000619 0.17118961
v -0.10005975 0.23152906 0.16605040
v -0.11549641 0.23489708 0.15523382
v -0.13192068 0.25087157 0.11608389
v -0.12035105 0.26172757 0.09240631
v -0.09906648 0.26844993 0.07299989
v -0.07804710 0.26699322 0.06144755
v -0.01077698 0.26343858 0.15454903
v -0.00555155 0.24116358 0.14752404
v -0.00120380 0.24840683 0.12863176
v -0.00736429 0.27092919 0.13499780
v -0.04162877 0.25407493 0.17903985
v -0.06354415 0.25128064 0.18405944
v -0.05875862 0.23176301 0.16881922
v -0.03787421 0.23344311 0.16689883
v -0.08566409 0.25157180 0.18392560
v -0.10543825 0.25397769 0.17664525
v -0.12198965 0.25755233 0.16447318
v -0.13148442 0.27586809 0.12137247
v -0.12815347 0.24139833 0.13877574
v -0.13298294 0.26520729 0.14520511
v -0.11614326 0.28699613 0.09531358
v -0.08562583 0.31982866 0.08927190
v -0.08609366 0.29281169 0.08037490
v -0.11525169 0.31416702 0.10134629
v -0.05588320 0.40163189 0.13389875
v -0.08248659 0.40324423 0.12728587
v -0.07796067 0.43225408 0.14270198
v -0.05517047 0.43100199 0.14832644
v -0.00901788 0.29504678 0.14557323
v -0.01232708 0.28802755 0.16792892
v -0.04285464 0.27763826 0.19510657
v -0.06630039 0.27479950 0.20008704
v -0.13433278 0.32920718 0.13947579
v -0.13287440 0.30253837 0.12741202
v -0.13610297 0.29155421 0.15283507
v -0.13698703 0.31853327 0.16419639
v -0.00757066 0.37829447 0.18464892
v -0.01124170 0.37217471 0.20530938
v -0.01073992 0.34225616 0.19458118
v -0.00685302 0.34927246 0.17264652
v -0.06481928 0.30146024 0.21441902
v -0.04199561 0.30471909 0.20926566
v -0.04141907 0.33306661 0.22164592
v -0.06373766 0.33064601 0.22703408
v -0.12502423 0.38892379 0.16249360
v -0.13169312 0.35811651 0.15093589
v -0.13509560 0.34811091 0.17543542
v -0.12907305 0.38002992 0.18674184
v -0.08618294 0.34667012 0.10010846
v -0.11613549 0.34072933 0.11294936
v -0.11463120 0.36825898 0.12594245
v -0.08645537 0.37488386 0.11292668
v -0.05603568 0.34477577 0.10584658
v -0.05712628 0.37222674 0.11950788
v -0.02004379 0.43846267 0.22057647
v -0.01549120 0.40468356 0.21289937
v -0.01226456 0.41080707 0.19528235
v -0.01777454 0.44527107 0.20555207
v -0.06277408 0.36237320 0.23599142
v -0.04091599 0.36430222 0.23157755
v -0.04210086 0.39783055 0.23630652
v -0.06188742 0.39674607 0.24064824
v -0.10672242 0.45469746 0.18845342
v -0.11654953 0.42113289 0.17556040
v -0.11956160 0.41355795 0.19766000
v -0.10880914 0.44740805 0.20872848
v -0.07374695 0.46392065 0.15889277
v -0.10270360 0.42883712 0.15230297
v -0.09574221 0.46122077 0.16810286
v -0.06720722 0.49541000 0.17271972
v -0.05020312 0.49479663 0.17512931
v -0.05286098 0.46273813 0.16288388
v -0.02222279 0.47697303 0.21347684
v -0.02173000 0.47119898 0.22758040
v -0.03977825 0.46517858 0.24656767
v -0.05563184 0.46311638 0.25064492
v -0.05946200 0.43065134 0.24469087
v -0.04248401 0.43225425 0.24075145
v -0.09423753 0.43716520 0.23700535
v -0.07815494 0.43255332 0.24352032
v -0.07305897 0.46492958 0.24962038
v -0.08724403 0.46958822 0.24313213
v -0.09747650 0.47831541 0.21811311
v -0.10463348 0.44165891 0.22520207
v -0.09462999 0.47326249 0.23198512
v -0.09693019 0.48455620 0.19919199
v -0.08708676 0.49205649 0.18105114
v 0.01758689 -0.05533916 0.08792057
v 0.02392663 -0.04423559 0.05796925
v 0.02048540 -0.03780538 0.07471072
v 0.00972800 -0.05087167 0.10506594
v 0.00088474 0.09571755 0.00556333
v 0.00024874 0.06759191 -0.00927965
v 0.00258166 0.14516795 0.03511791
v 0.00108547 0.12284625 0.01864316
v 0.00349097 0.16712701 0.05171711
v 0.00362277 0.18890101 0.06970274
v 0.00292668 0.21121922 0.08812004
v -0.00067915 0.23541176 0.10162485
v -0.00670930 0.25707510 0.10902191
v -0.01179427 0.27952906 0.11449415
v -0.01361408 0.32939985 0.13446820
v -0.00844607 0.32134598 0.15928906
v -0.01372362 0.30367380 0.12256937
v -0.01359638 0.38741186 0.16106890
v -0.01263815 0.35731214 0.14747778
v -0.01768463 0.42013747 0.17474288
v -0.02174716 0.45316100 0.18813233
v -0.02634952 0.48436743 0.19799498
v -0.04334804 -0.02854815 -0.06644847
v -0.00943216 -0.02538717 -0.05235670
v -0.01342198 -0.04391909 -0.05723508
v -0.04729699 -0.05148125 -0.07073122
v 0.04022481 -0.05523273 0.01873797
v 0.03920540 -0.05738181 0.00243517
v 0.03219378 -0.05495435 0.00600431
v 0.03272556 -0.05537593 0.02340575
v -0.12040895 0.20414186 0.05114483
v -0.11209844 0.13996232 0.14632484
v -0.08911715 0.13530648 0.15595996
v -0.06398772 0.13301575 0.15944287
v -0.01151478 0.19866642 0.04511719
v -0.01337964 0.17720714 0.02864778
v -0.03818083 0.18498451 0.01231757
v -0.03395683 0.20609361 0.02538220
v -0.05444857 0.32082304 0.09531036
v -0.03110575 0.33854523 0.11733643
v -0.02983443 0.31321296 0.10563177
v -0.05416586 0.29933459 0.08487356
v -0.11138374 0.27773690 0.18827471
v -0.12765950 0.28276592 0.17393427
v -0.08978174 0.30083877 0.21168059
v -0.11240257 0.30374661 0.20212168
v -0.09005277 0.27497548 0.19733791
v -0.02064260 0.13395458 -0.00219376
v -0.05080776 0.14032832 -0.01403122
v -0.04448148 0.16306242 -0.00072532
v -0.01665096 0.15604350 0.01311260
v -0.17333724 -0.34714711 0.04280556
v -0.16239548 -0.35757419 0.06289742
v -0.16210182 -0.38949737 -0.13521256
v -0.16640472 -0.38341352 -0.11110587
v -0.14986339 -0.37494725 -0.11846541
v -0.14927882 -0.38126028 -0.14002220
v -0.17834176 -0.39542028 -0.10788934
v -0.17224352 -0.40096879 -0.13199969
v -0.17981958 -0.41709581 -0.12811327
v -0.18686587 -0.41055104 -0.10569243
v -0.20910053 -0.50567979 -0.09203191
v -0.21874116 -0.52369201 -0.09375726
v -0.04775343 -0.35568598 -0.14404215
v -0.02117182 -0.35810211 -0.14448370
v -0.02622293 -0.37612942 -0.14075379
v -0.04054422 -0.20406607 -0.12677377
v -0.05354405 -0.13220316 -0.10077345
v -0.01064127 -0.11501676 -0.09289136
v -0.02265892 -0.13178188 -0.10523915
v 0.03940733 -0.08091092 -0.04425204
v -0.11332023 -0.42364943 0.09934087
v -0.11688909 -0.44476271 0.09881484
v -0.10323144 -0.59921455 0.05929457
v -0.08323278 -0.59660333 0.06140936
v -0.09934753 -0.62083006 0.04675128
v -0.09754432 -0.63124269 0.04197590
v -0.07992384 -0.62899566 0.04578410
v -0.08118349 -0.61812973 0.05054580
v -0.07251190 -0.67889905 0.00889798
v -0.07531592 -0.66940808 0.01804969
v 0.03225221 -0.05664265 0.04022862
v 0.02936264 -0.05215371 0.03147399
v 0.02826427 -0.05653027 0.05299723
v 0.01615944 -0.00868192 -0.02234052
v 0.02687198 -0.01530665 0.00644894
v 0.02638257 -0.02818841 -0.00295128
v 0.01625920 -0.02485710 -0.02985066
v -0.18071736 -0.04091474 -0.00895132
v -0.19813983 -0.04824251 0.03102119
v -0.09483270 -0.04024124 0.15440980
v -0.38436663 -0.58114904 -0.09984367
v -0.38943109 -0.59086025 -0.08829802
v -0.37003443 -0.58095980 -0.07881306
v -0.36400518 -0.57195950 -0.09099198
v -0.13276435 -0.51406360 0.09363329
v -0.13544437 -0.48831075 0.09452136
v -0.12082745 -0.64322585 -0.06908321
v -0.16513899 -0.65053761 -0.06081670
v -0.15959437 -0.63911951 -0.08445323
v -0.15291055 -0.63621581 -0.07923555
v -0.15866327 -0.64825976 -0.05654508
v -0.20045716 -0.62437868 0.00909064
v -0.19317073 -0.63555807 -0.00178458
v -0.18414778 -0.63444453 0.00461796
v -0.19065526 -0.62255013 0.01725973
v -0.07858026 -0.19094461 0.19874245
v -0.11078724 -0.18582380 0.19192314
v -0.09284994 -0.37017161 0.10402696
v -0.11429238 -0.36446476 0.09942321
v -0.11129111 -0.38393617 0.09905253
v -0.09121396 -0.39016706 0.10286143
v -0.16063422 -0.49858958 0.08398992
v -0.17269513 -0.48029748 0.07567231
v -0.04267999 -0.43471190 -0.17193727
v -0.04523966 -0.45464578 -0.16893575
v -0.06274996 -0.45703465 -0.17443810
v -0.05994752 -0.43780959 -0.17896509
v -0.34448478 -0.59969079 -0.04796125
v -0.32711017 -0.58287752 -0.04279091
v -0.33112055 -0.57334363 -0.05214090
v -0.35139185 -0.58485019 -0.05876479
v -0.19675086 -0.05718794 0.07737616
v -0.17495427 -0.05147126 0.12107886
v -0.18601051 -0.36742145 0.02324777
v -0.17844118 -0.38012666 0.04933651
v -0.17470162 -0.36378032 0.04719720
v -0.18111677 -0.35158086 0.02162096
v -0.19284524 -0.40775326 0.00911524
v -0.18848319 -0.39574954 0.01542391
v -0.20252442 -0.41922697 0.00518723
v -0.25057942 -0.52745187 -0.02921912
v -0.24878877 -0.52511740 -0.03746957
v -0.25893998 -0.53509218 -0.04379732
v -0.00577629 -0.00444266 -0.04538061
v -0.01708140 -0.07540509 -0.06813459
v -0.01155007 -0.08896306 -0.07383692
v 0.03973802 -0.05553439 0.03267019
v -0.10557491 -0.65584105 -0.07209603
v -0.09810937 -0.64677864 -0.08473413
v -0.27780852 -0.55493319 -0.07842164
v -0.29592314 -0.55705988 -0.08333097
v -0.23471397 -0.50116324 -0.03856318
v -0.22846481 -0.50050074 -0.05563825
v -0.23525816 -0.51551682 -0.06147735
v -0.24020974 -0.51392394 -0.04587564
v -0.24359772 -0.51491940 -0.03167320
v -0.23819230 -0.50419569 -0.02371845
v -0.16291302 -0.54615796 -0.12972493
v -0.15176614 -0.54602683 -0.13088572
v -0.15383017 -0.56955647 -0.12413463
v -0.16528176 -0.56960732 -0.12440224
v -0.14022303 -0.54212588 -0.13142452
v -0.12593658 -0.53812444 -0.13234974
v -0.12963113 -0.56126785 -0.12206925
v -0.14289685 -0.56591392 -0.12259621
v -0.11339065 -0.62087929 -0.08704466
v -0.09456283 -0.60896546 -0.09751284
v -0.07513545 -0.59897846 -0.10340329
v -0.05826541 -0.59330416 -0.10692938
v -0.07788004 -0.65883988 0.02760501
v -0.07779464 -0.64939952 0.03610053
v -0.09570509 -0.65048915 0.03117755
v -0.09763981 -0.65976161 0.02078705
v -0.08699121 -0.63322276 -0.09115027
v -0.07122061 -0.62614208 -0.09801483
v -0.05726399 -0.61327291 -0.10070037
v -0.34483156 -0.67381120 -0.12537600
v -0.32348073 -0.67183411 -0.11719153
v -0.10796277 -0.67677170 -0.04161975
v -0.10891430 -0.66617703 -0.05786775
v -0.33155003 -0.67342710 -0.09920847
v -0.35302508 -0.67605960 -0.10807668
v -0.14561626 -0.61331642 -0.09767392
v -0.14661407 -0.63324082 -0.07703803
v -0.15259555 -0.61609399 -0.09803694
v -0.08653416 -0.63879633 -0.09455594
v -0.07164077 -0.63306928 -0.10192636
v -0.19788465 -0.07612383 0.01403963
v -0.17962529 -0.06882894 -0.02167147
v -0.16104831 -0.30161133 -0.06313851
v -0.17426839 -0.31254399 -0.03820947
v -0.00715301 -0.31876156 -0.14821251
v -0.00056059 -0.30019277 -0.14850488
v -0.04822282 -0.63502896 -0.11101943
v -0.02033006 -0.25904047 -0.14308330
v 0.00571706 -0.25814408 -0.14226161
v 0.00397500 -0.28090936 -0.14630939
v -0.02299515 -0.27831393 -0.14750402
v 0.01711168 -0.23566115 -0.13546313
v 0.01918655 -0.22657609 -0.13231452
v 0.01829876 -0.10857102 -0.08204065
v 0.03422463 -0.11469650 -0.08102084
v -0.25891244 -0.64139837 -0.13211538
v -0.24400496 -0.63829148 -0.12976879
v -0.24152224 -0.65512598 -0.11836800
v -0.25789547 -0.65831184 -0.11957704
v -0.04528566 -0.25961101 -0.13948697
v -0.07169478 -0.26202300 -0.12996168
v -0.19274922 -0.48995736 -0.10894340
v -0.20212200 -0.48664224 -0.09155565
v -0.02920906 -0.39202455 -0.14809427
v -0.07696739 -0.44128823 -0.18297924
v -0.07975446 -0.45894569 -0.17701583
v -0.09643616 -0.46054846 -0.17739734
v -0.09348367 -0.44353980 -0.18410596
v 0.03711927 -0.05737585 0.04237483
v -0.28141433 -0.63331324 -0.02454448
v -0.27180406 -0.62868118 -0.01936979
v -0.27816662 -0.61791527 -0.01797514
v -0.28762218 -0.62398839 -0.02303956
v 0.02577699 -0.02534464 0.04048101
v 0.02441277 -0.01076797 0.05628153
v -0.00338679 -0.05895758 0.12365410
v 0.01679273 -0.06029552 0.10686041
v -0.02985738 0.05266216 -0.04143225
v -0.03498859 0.02404886 -0.05273607
v -0.02669536 0.08103210 -0.02902475
v -0.02332893 0.10882756 -0.01550248
v -0.01947275 0.26211289 0.09087870
v -0.02822189 0.28765145 0.09384670
v -0.03252934 0.36603925 0.13106664
v -0.03288994 0.39540058 0.14543691
v -0.03421457 0.42686638 0.16022521
v -0.03521295 0.45939943 0.17449671
v -0.03580509 0.49085569 0.18475667
v -0.36235085 -0.67243499 -0.09221502
v -0.34047651 -0.66837966 -0.08069637
v -0.35122648 -0.65812421 -0.06976918
v -0.37262729 -0.66338062 -0.08148643
v -0.32614079 -0.56603181 -0.11140271
v -0.31531763 -0.57681924 -0.12594366
v -0.33588332 -0.57971126 -0.13409029
v -0.34600732 -0.57030100 -0.11909310
v -0.36674809 -0.57729310 -0.12654887
v -0.37606639 -0.57634217 -0.11246979
v -0.35535869 -0.56758511 -0.10410609
v -0.39083958 -0.60413444 -0.07833046
v -0.38922870 -0.61939526 -0.07226241
v -0.36783850 -0.61034817 -0.06107615
v -0.37205264 -0.59471363 -0.06862675
v -0.37985802 -0.65014160 -0.07480416
v -0.35936320 -0.64471018 -0.06391159
v -0.36513883 -0.62862682 -0.06059768
v -0.38604027 -0.63536775 -0.07144418
v -0.34275115 -0.61439359 -0.15800223
v -0.34876233 -0.59763622 -0.15220952
v -0.32669258 -0.59390390 -0.14501163
v -0.31984764 -0.61092126 -0.15142408
v -0.24369541 -0.66814429 -0.09848163
v -0.26152793 -0.66986912 -0.10097201
v -0.22335866 -0.55302459 -0.11428778
v -0.21831799 -0.57033551 -0.12565270
v -0.22798000 -0.58329809 -0.12854925
v -0.23293176 -0.56828177 -0.11492807
v -0.29529083 -0.66047573 -0.12845862
v -0.27565581 -0.65935516 -0.12358800
v -0.28038770 -0.67051595 -0.10510599
v -0.30162635 -0.67112982 -0.11048430
v -0.29713494 -0.60908967 -0.14572030
v -0.30491525 -0.59279650 -0.13789222
v -0.28438777 -0.59055179 -0.12965888
v -0.27656078 -0.60590756 -0.14124236
v -0.34941036 -0.57214391 -0.07056491
v -0.32804459 -0.56348133 -0.06447499
v -0.24714157 -0.61904192 -0.13621552
v -0.26091480 -0.62176800 -0.13962299
v -0.18991101 -0.47277051 -0.11154864
v -0.21769983 -0.47071409 -0.05060613
v -0.22272931 -0.48600155 -0.05252666
v -0.14873266 -0.39361793 -0.15659881
v -0.14999239 -0.40875497 -0.16477841
v -0.19582425 -0.41039085 -0.07823384
v -0.20176618 -0.43006650 -0.07652386
v -0.15855545 -0.40073180 -0.15161406
v -0.15658580 -0.41078094 -0.15928133
v -0.09326057 -0.35089022 -0.12919496
v -0.05709590 -0.60418671 -0.10246107
v -0.27511600 -0.64245617 -0.13600054
v -0.27470013 -0.62349665 -0.14217354
v -0.31074578 -0.57043064 -0.04005731
v -0.29442561 -0.56172907 -0.03739324
v -0.29214889 -0.55437368 -0.04471676
v -0.31088451 -0.56186450 -0.04850212
v -0.19660157 -0.51742280 0.05450627
v -0.17959428 -0.50894648 0.06974652
v -0.18986546 -0.49226671 0.06350892
v -0.20473574 -0.50404692 0.04854230
v -0.27367827 -0.65053129 -0.03361996
v -0.27219820 -0.65999830 -0.04317323
v -0.25766563 -0.65820712 -0.03902056
v -0.26188192 -0.64807296 -0.02909219
v -0.25324303 -0.66730130 -0.05360170
v -0.27041107 -0.66868162 -0.05799283
v -0.26686293 -0.67321658 -0.07823284
v -0.24866590 -0.67229903 -0.07457198
v -0.20403713 -0.12534785 0.06730738
v -0.20397352 -0.11764809 0.03281083
v -0.13777354 -0.22942844 -0.07548746
v -0.11585017 -0.22131801 -0.09181949
v -0.08970956 -0.13977568 -0.09074654
v 0.01267066 -0.05095690 -0.04027727
v 0.02860317 -0.04784733 -0.01087156
v 0.02195296 0.01105386 0.07150272
v -0.19163124 -0.10784104 -0.00106863
v 0.01800365 0.03741518 0.08353898
v 0.01259407 0.06576571 0.09446345
v -0.05350874 0.05778185 0.15524048
v -0.08599477 0.06102377 0.15708414
v -0.08540335 0.03333664 0.15648593
v -0.05034956 0.02806142 0.15456592
v -0.11582850 0.06650090 0.14702556
v -0.11784484 0.03965735 0.14631423
v -0.07876281 0.16588610 -0.00051272
v -0.08809918 0.33078450 0.22443685
v -0.10679176 0.36682206 0.22467309
v -0.11059088 0.33304691 0.21496221
v -0.08580956 0.36349651 0.23371632
v -0.12668510 0.33945531 0.19768153
v -0.12879965 0.30936250 0.18630418
v -0.10890007 0.39766535 0.13784871
v -0.08327103 0.39788637 0.23903362
v -0.10115292 0.40186098 0.23126477
v -0.12211640 0.37215769 0.20819610
v -0.11402039 0.40685892 0.21677628
v 0.02731077 -0.03463265 0.02784343
v -0.15294528 -0.03633374 -0.04080474
v -0.15198098 -0.06483603 -0.04958106
v -0.08376311 -0.07883623 -0.07721519
v -0.04926153 -0.07080269 -0.07455099
v -0.09991177 -0.28319210 -0.11481253
v -0.12296558 -0.28757602 -0.10033906
v -0.12862632 -0.32110450 -0.09941863
v -0.14890209 -0.32676771 -0.08248731
v -0.14604656 -0.31008220 -0.08245841
v -0.12595886 -0.30406421 -0.09994702
v -0.17903067 -0.34438562 -0.03338744
v -0.18564372 -0.35545385 -0.00448583
v -0.18205056 -0.34015793 -0.00594408
v -0.17609894 -0.32866389 -0.03514118
v -0.18087111 -0.32423264 -0.00968005
v -0.18042400 -0.33591515 0.01770441
v -0.13059887 -0.39596772 0.09238414
v -0.14842734 -0.38627565 0.08189512
v -0.14969426 -0.40514672 0.08365553
v -0.13200493 -0.41510949 0.09284927
v 0.00261789 -0.10049960 -0.08172332
v 0.03064502 -0.04892635 0.01219854
v -0.03979956 -0.00305173 -0.06111676
v -0.08119971 -0.02979347 -0.07057881
v -0.11866729 -0.03049389 -0.06166106
v -0.27018526 -0.56282246 -0.09013387
v -0.22551322 -0.53993696 0.01745088
v -0.22737165 -0.52816081 0.01536183
v -0.28999621 -0.66795731 -0.06290176
v -0.28648743 -0.67272604 -0.08328965
v -0.26076409 -0.60352117 -0.13700542
v -0.22816636 -0.65191698 -0.11734552
v -0.23144455 -0.63359761 -0.12964338
v -0.21894479 -0.62884682 -0.12863326
v -0.11820963 -0.13053110 -0.07494956
v -0.14690210 -0.11693808 -0.05716299
v -0.11759411 -0.10797417 -0.07277437
v 0.02494109 -0.05878443 0.08799160
v -0.01455109 -0.05996522 -0.06194741
v 0.00867896 0.09269848 0.10479628
v 0.00449216 0.11736441 0.11510424
v 0.00163630 0.13979751 0.12697360
v -0.00126836 0.16118577 0.13973579
v -0.00490366 0.18506613 0.15281531
v -0.01127033 0.21086392 0.16154580
v -0.01894373 0.23592857 0.16130956
v -0.02323032 0.25791755 0.17019632
v -0.01180000 0.31425443 0.18209593
v -0.02439935 0.30867872 0.19848500
v -0.02459730 0.28206712 0.18471511
v -0.02355494 0.33714342 0.21075824
v -0.02399328 0.36739126 0.21970123
v -0.02665008 0.40011176 0.22643036
v -0.02922502 0.43386912 0.23190053
v -0.02852403 0.46710908 0.23806342
v 0.03499263 -0.05683720 0.05440779
v 0.02997604 -0.05795419 0.06989574
v -0.13739714 -0.61044544 -0.09737526
v -0.21924379 -0.50281805 -0.07416550
v -0.22750685 -0.51854944 -0.07692353
v -0.24824506 -0.60064888 -0.13363473
v -0.34167331 -0.63826978 -0.05180430
v -0.33176517 -0.65222239 -0.05647682
v -0.26587707 -0.58920872 -0.12273096
v -0.22831222 -0.54245842 -0.09884314
v -0.23662177 -0.55691481 -0.09996721
v -0.52349854 -0.68980378 -0.18279566
v -0.52945560 -0.68940592 -0.16841014
v -0.54596496 -0.68742448 -0.17964259
v -0.54002464 -0.68642676 -0.19278213
v -0.51775831 -0.68379068 -0.19454315
v -0.53453732 -0.67996842 -0.20330282
v -0.51507211 -0.61799467 -0.19982842
v -0.51042098 -0.62999117 -0.20690814
v -0.52900028 -0.62980783 -0.21073510
v -0.53371572 -0.61876702 -0.20339020
v -0.54678887 -0.66631049 -0.21832381
v -0.54433125 -0.65388399 -0.22120181
v -0.52703625 -0.65632188 -0.21519339
v -0.53010672 -0.66998601 -0.21104211
v -0.52860582 -0.60965240 -0.17300470
v -0.53376961 -0.61545783 -0.15964735
v -0.51587611 -0.61201906 -0.15581630
v -0.51081032 -0.60668284 -0.16966048
v -0.43762535 -0.62483376 -0.18253100
v -0.44469947 -0.61116415 -0.17828634
v -0.42943445 -0.61320919 -0.17633173
v -0.42397752 -0.62644577 -0.17978123
v -0.49051884 -0.69600403 -0.16025378
v -0.49558356 -0.69175971 -0.14560601
v -0.51268667 -0.69087988 -0.15709192
v -0.50675666 -0.69299304 -0.17210561
v -0.47421998 -0.66462123 -0.19235931
v -0.47138575 -0.64877272 -0.19634885
v -0.45284733 -0.65128934 -0.18635136
v -0.45622313 -0.66709536 -0.18045855
v -0.47450280 -0.69648004 -0.14773622
v -0.47936353 -0.69060516 -0.13437836
v -0.50965667 -0.65962434 -0.20888142
v -0.50834483 -0.64418930 -0.20986244
v -0.48987854 -0.64634871 -0.20407566
v -0.49192110 -0.66254592 -0.20129511
v -0.56353056 -0.61655724 -0.18193808
v -0.56812775 -0.62383896 -0.17099214
v -0.55116826 -0.61948097 -0.16466713
v -0.54631466 -0.61304265 -0.17702763
v -0.54467219 -0.64146316 -0.21955538
v -0.54748124 -0.63010049 -0.21459717
v -0.52657259 -0.64245600 -0.21483597
v -0.57145071 -0.67333794 -0.16811021
v -0.56755251 -0.68159592 -0.17797241
v -0.55110508 -0.68193567 -0.16673082
v -0.55502582 -0.67241836 -0.15665847
v -0.47681218 -0.61959642 -0.19163348
v -0.47239199 -0.63317072 -0.19638459
v -0.49158627 -0.63099086 -0.20221683
v -0.49622619 -0.61826468 -0.19600807
v -0.48430985 -0.69138950 -0.17524490
v -0.50102943 -0.68721861 -0.18534055
v -0.53766721 -0.67165256 -0.14482507
v -0.53464335 -0.68225992 -0.15540960
v -0.51724225 -0.68234169 -0.14449331
v -0.52085215 -0.66944832 -0.13606022
v -0.50549632 -0.65002179 -0.12612528
v -0.50333619 -0.63386631 -0.13246070
v -0.52153534 -0.63773805 -0.13747513
v -0.52264303 -0.65383697 -0.13348621
v -0.45665252 -0.62201589 -0.18692696
v -0.46380010 -0.60927570 -0.17976442
v -0.49191663 -0.60441858 -0.16713949
v -0.49772027 -0.60890251 -0.15311143
v -0.47936082 -0.60607255 -0.15103704
v -0.47270495 -0.60305047 -0.16595256
v -0.43235964 -0.68038523 -0.15404390
v -0.43699610 -0.68997592 -0.13941149
v -0.44964683 -0.69301414 -0.14879030
v -0.44355392 -0.68341964 -0.16071580
v -0.45759764 -0.69421816 -0.13512762
v -0.44445872 -0.69001627 -0.12528194
v -0.43087608 -0.67815673 -0.10537393
v -0.43471506 -0.66680717 -0.10129908
v -0.44356552 -0.66782111 -0.10488824
v -0.44024009 -0.68000257 -0.10737909
v -0.47221878 -0.63956946 -0.11583485
v -0.46840397 -0.62434256 -0.12603319
v -0.48544014 -0.62902999 -0.12863341
v -0.48839208 -0.64551771 -0.11989898
v -0.45191380 -0.60931581 -0.13605008
v -0.44789183 -0.60169423 -0.15060829
v -0.46219608 -0.60312551 -0.15042132
v -0.46594691 -0.61141503 -0.13645473
v -0.40992689 -0.59330302 -0.12611535
v -0.40290868 -0.59154701 -0.13912582
v -0.41534424 -0.59581745 -0.14483377
v -0.42138833 -0.59928954 -0.13201162
v -0.39921278 -0.60865515 -0.16835260
v -0.38647041 -0.60492104 -0.16366491
v -0.38157365 -0.62015575 -0.17005844
v -0.39451247 -0.62305152 -0.17435813
v -0.39004749 -0.67967081 -0.13907546
v -0.39629978 -0.68374342 -0.12210537
v -0.40869510 -0.68527257 -0.12644514
v -0.40311095 -0.68055582 -0.14269772
v -0.45941401 -0.63504887 -0.11305396
v -0.45316482 -0.62120897 -0.12379725
v -0.40898710 -0.61151958 -0.17146945
v -0.40485919 -0.62456036 -0.17725416
v -0.41393071 -0.62629807 -0.17864290
v -0.41855869 -0.61306012 -0.17445688
v -0.40545428 -0.65463918 -0.16948093
v -0.40899163 -0.66815883 -0.15845604
v -0.41809344 -0.66789114 -0.16012323
v -0.41513753 -0.65427661 -0.16950232
v -0.41329259 -0.67935896 -0.14606382
v -0.41865242 -0.68628556 -0.12927948
v -0.42838824 -0.68656385 -0.13395670
v -0.42258337 -0.67974496 -0.14870466
v -0.45116603 -0.63369024 -0.11079057
v -0.45061493 -0.64503711 -0.10861693
v -0.44426832 -0.64242458 -0.10574929
v -0.44490159 -0.63123673 -0.10853746
v -0.44046581 -0.60782760 -0.13747382
v -0.43604517 -0.60129064 -0.15106472
v -0.42495948 -0.65357667 -0.17159906
v -0.42278636 -0.64057815 -0.17856708
v -0.41296664 -0.64094895 -0.17791018
v -0.43518904 -0.68640560 -0.11937726
v -0.41546118 -0.59832811 -0.11469104
v -0.41976494 -0.60631472 -0.10355385
v -0.40718922 -0.59951413 -0.09732619
v -0.40288156 -0.59109616 -0.10844971
v -0.39650434 -0.58643407 -0.12026278
v -0.38826248 -0.58569288 -0.13375835
v -0.36976770 -0.60156357 -0.15875971
v -0.36416119 -0.61755657 -0.16464013
v -0.36154255 -0.63564306 -0.16538319
v -0.36006975 -0.65251255 -0.16061795
v -0.37905449 -0.65452075 -0.16601650
v -0.37921953 -0.63726825 -0.17133006
v -0.36776584 -0.67692208 -0.13348347
v -0.37558684 -0.68033171 -0.11619058
v -0.40260923 -0.68142706 -0.10833910
v -0.38499245 -0.67726982 -0.10131694
v -0.41702497 -0.60160744 -0.16130951
v -0.40711749 -0.59925133 -0.15781701
v -0.53965521 -0.65678078 -0.14179114
v -0.53900033 -0.64163101 -0.14372256
v -0.55614924 -0.64471376 -0.15201019
v -0.55704105 -0.65909946 -0.15207078
v -0.57105297 -0.63521051 -0.16405004
v -0.55426073 -0.63118768 -0.15633661
v -0.51301926 -0.67346573 -0.20355818
v -0.49590769 -0.67692018 -0.19559170
v -0.55102074 -0.67679763 -0.21146238
v -0.42819414 -0.66726398 -0.16354887
v -0.44010800 -0.66748095 -0.17001536
v -0.43540031 -0.65319902 -0.10226419
v -0.42440119 -0.66442806 -0.09787042
v -0.42740887 -0.65082604 -0.09624106
v -0.45880249 -0.65076917 -0.11066425
v -0.47163668 -0.65785563 -0.11388408
v -0.46773469 -0.67418832 -0.11807616
v -0.45320794 -0.66719669 -0.11061782
v -0.43887374 -0.62790662 -0.10489760
v -0.43807754 -0.64007646 -0.10147455
v -0.43045825 -0.63685417 -0.09594312
v -0.43138942 -0.62365830 -0.09991093
v -0.38341233 -0.66904020 -0.15420240
v -0.39771366 -0.66952163 -0.15696545
v -0.39966732 -0.65554285 -0.08482291
v -0.41248930 -0.66074145 -0.09255169
v -0.40863451 -0.67310083 -0.09831108
v -0.39397877 -0.66830522 -0.09148806
v -0.42028162 -0.67618674 -0.10286646
v -0.40393126 -0.64178336 -0.08135539
v -0.41697925 -0.64705241 -0.08949693
v -0.36168993 -0.66720194 -0.14962670
v -0.42103601 -0.61889899 -0.09427609
v -0.41999283 -0.63295758 -0.08955318
v -0.40724477 -0.62686324 -0.08198056
v -0.40866503 -0.61221498 -0.08731376
v -0.53697419 -0.62728935 -0.14999378
v -0.51910031 -0.62354326 -0.14483321
v -0.43921891 -0.60263813 -0.16593960
v -0.45437977 -0.60228604 -0.16592266
v -0.42709923 -0.60323489 -0.16428411
v -0.52201176 -0.61036557 -0.18746407
v -0.54017931 -0.61244315 -0.19111237
v -0.48392209 -0.60869157 -0.18145625
v -0.50334501 -0.60899687 -0.18436258
v -0.50357431 -0.66746294 -0.12663598
v -0.43448266 -0.61031657 -0.12358677
v -0.43085340 -0.60428697 -0.13575587
v -0.44267327 -0.61553800 -0.12538938
v -0.37816599 -0.58995467 -0.14788173
v -0.39425489 -0.59508735 -0.15290567
v -0.44939071 -0.62501550 -0.11604894
v -0.35649750 -0.58481663 -0.14145876
v -0.45100176 -0.68252695 -0.11341597
v -0.42496198 -0.68538892 -0.11542115
v -0.41464379 -0.68385589 -0.11256171
v -0.56209773 -0.68522590 -0.19033635
v -0.47823298 -0.68042755 -0.18591045
v -0.43640488 -0.65355253 -0.17627575
v -0.43524602 -0.63875568 -0.18200901
v -0.43752316 -0.61707485 -0.11242144
v -0.42999479 -0.61202878 -0.10873580
v -0.42608279 -0.60466444 -0.12019312
v -0.39341110 -0.65577310 -0.16833872
v -0.39282173 -0.63964313 -0.17467034
v -0.55777663 -0.61497772 -0.19499746
v -0.40338472 -0.64072055 -0.17621575
v -0.46246091 -0.68864191 -0.12168452
v -0.08230835 -0.60733330 0.05552236
v -0.18647768 -0.39449298 -0.07882467
v -0.13107607 -0.36530888 -0.10914070
v -0.14957659 -0.37105805 -0.09565362
v -0.20747273 -0.46844727 -0.07256470
v -0.21252428 -0.48603308 -0.07286470
v -0.23558079 -0.53488076 -0.08259222
v -0.24303442 -0.54764414 -0.08416784
v -0.19274624 -0.42819494 -0.10185107
v -0.13356686 -0.78569961 -0.09655309
v -0.13175172 -0.77949804 -0.09174651
v -0.13587013 -0.79874516 -0.10032625
v 0.01816283 -0.24779904 -0.13800786
v -0.13177013 -0.76841378 -0.10479700
v -0.12890892 -0.76196122 -0.10012735
v -0.13400981 -0.76467478 -0.10279555
v -0.13138130 -0.76879525 -0.10684234
v -0.13154179 -0.76957577 -0.10755026
v -0.13686977 -0.79761767 -0.11082485
v -0.12914683 -0.77144945 -0.08889242
v -0.12710533 -0.76264381 -0.08780223
v -0.13535607 -0.78181928 -0.11298575
v -0.10233667 -0.30699307 0.12041806
v -0.07759500 -0.31398463 0.12980598
v -0.07957500 -0.29450524 0.14403369
v -0.10719767 -0.28745532 0.13329442
v -0.08381539 -0.27380788 0.15789303
v -0.19816223 -0.21349072 0.09672562
v -0.20851150 -0.20776208 0.06605890
v -0.20369877 -0.22944465 0.05994302
v -0.19493890 -0.23543712 0.08849192
v -0.20148817 -0.23876040 0.02736185
v -0.19619894 -0.24789575 0.05528514
v -0.20572679 -0.22214299 0.02904561
v -0.20083064 -0.21094233 -0.00113452
v -0.19776875 -0.22764458 -0.00250113
v -0.18842441 -0.19857372 -0.02704009
v -0.18597108 -0.21596493 -0.03030134
v -0.17122447 -0.18679327 -0.04900108
v -0.14919317 -0.17666827 -0.06712203
v -0.12209442 -0.14847948 -0.07942741
v -0.09415765 -0.15984896 -0.09888513
v -0.12347911 -0.16732809 -0.08431906
v -0.03114609 -0.15047520 -0.11454523
v -0.06269500 -0.15366878 -0.10935427
v 0.02378683 -0.15562280 -0.11391499
v -0.00215834 -0.15151376 -0.11589162
v -0.13303730 -0.58541799 -0.11146893
v -0.13628079 -0.66617090 -0.01043066
v -0.14476977 -0.66159046 -0.01058500
v -0.14540443 -0.65983570 -0.03157693
v -0.17760879 -0.62015373 0.02759753
v -0.17307098 -0.63336629 0.01473911
v -0.15879367 -0.62884128 0.02863957
v -0.16209766 -0.61605418 0.03906742
v -0.13187553 -0.66155571 0.00473928
v -0.12571038 -0.66339433 0.00425171
v -0.13902628 -0.65653908 0.00650277
v -0.11319727 -0.64452922 0.03047286
v -0.12840347 -0.65029049 0.02011406
v -0.17426327 -0.65132391 -0.03659107
v -0.18372643 -0.64538985 -0.01653965
v -0.19063456 -0.64634657 -0.02247762
v -0.18213671 -0.65277237 -0.04282100
v -0.20569924 -0.61149454 0.01649757
v -0.20874673 -0.59777850 0.02181138
v -0.21794143 -0.60140896 0.01464732
v -0.21404861 -0.61444122 0.01004532
v -0.21092664 -0.66342568 -0.06352545
v -0.21617737 -0.65561521 -0.04192740
v -0.22704056 -0.66098988 -0.04640481
v -0.22170091 -0.66755962 -0.06752924
v -0.20793372 -0.62628007 0.00280325
v -0.15455112 -0.51876271 0.08427072
v -0.17326026 -0.52502942 0.07126248
v -0.19039883 -0.53094667 0.05863401
v -0.22388765 -0.55118179 0.01862173
v -0.21534058 -0.54585260 0.02891188
v -0.21729985 -0.53368932 0.02830428
v -0.23306447 -0.55590320 0.00977581
v -0.24321288 -0.55791008 0.00054308
v -0.22394511 -0.60548902 -0.13332538
v -0.21259934 -0.59627301 -0.13257940
v -0.20636076 -0.62366515 -0.12557340
v -0.26503319 -0.56186867 -0.01891620
v -0.25280321 -0.55571061 -0.01198624
v -0.25301585 -0.54810810 -0.01477147
v -0.26561308 -0.55594015 -0.02144168
v -0.16729631 -0.65183282 -0.03223368
v -0.23428184 -0.65021223 -0.03183088
v -0.22328201 -0.64503741 -0.02771715
v -0.23028317 -0.63530588 -0.01669482
v -0.23992431 -0.64035380 -0.02125248
v -0.24661303 -0.62906170 -0.01455908
v -0.23746082 -0.62444663 -0.00932947
v -0.24297965 -0.61232817 -0.00470339
v -0.25210431 -0.61742705 -0.01009339
v -0.26460332 -0.57031703 -0.01631410
v -0.25215387 -0.56434155 -0.00889475
v -0.22945336 -0.66619265 -0.09549338
v -0.18227091 -0.65461296 -0.07455640
v -0.17717230 -0.64184749 -0.09713686
v -0.16724779 -0.64011085 -0.09004393
v -0.17274535 -0.65264487 -0.06727646
v -0.26085487 -0.54983032 -0.07285143
v -0.25411129 -0.55709016 -0.08524512
v -0.26706034 -0.54454243 -0.06039608
v -0.25152981 -0.53345770 -0.02187343
v -0.27209318 -0.54326558 -0.04920630
v -0.23753729 -0.59380519 -0.13084400
v -0.23542789 -0.61281967 -0.13388301
v -0.17910059 -0.61882579 -0.11380576
v -0.16835064 -0.61842781 -0.10739970
v -0.23392694 -0.67025101 -0.07031871
v -0.23929788 -0.66476059 -0.04929189
v -0.27898890 -0.57000971 -0.02279300
v -0.27973869 -0.56451273 -0.02566946
v -0.29243773 -0.57285827 -0.02833083
v -0.24440172 -0.53073871 -0.00778553
v -0.25325614 -0.54181778 -0.01744080
v -0.19043571 -0.65444618 -0.04950583
v -0.24546352 -0.65467918 -0.03446932
v -0.25092909 -0.64402819 -0.02425635
v -0.22949430 -0.62029892 -0.00292918
v -0.22196674 -0.63120985 -0.01028062
v -0.21495959 -0.62864453 -0.00358981
v -0.22205298 -0.61727810 0.00363099
v -0.26215780 -0.62384439 -0.01512181
v -0.26803917 -0.61158139 -0.01356389
v -0.22695135 -0.60472661 0.00789461
v -0.23502101 -0.60795748 0.00144702
v -0.27793819 -0.57794690 -0.02039249
v -0.15965015 -0.61805934 -0.10138392
v -0.16310589 -0.59589362 -0.11696540
v -0.15376243 -0.59433442 -0.11469689
v -0.18486986 -0.59301513 -0.12611973
v -0.17306289 -0.59456003 -0.12095109
v -0.19914863 -0.59144229 -0.13067180
v -0.14469877 -0.59047329 -0.11436000
v -0.44406682 -0.62196660 -0.11524358
v -0.29446095 -0.56833768 -0.03213066
v -0.30750427 -0.57619750 -0.03470797
v -0.30372298 -0.58027512 -0.03128862
v -0.34606189 -0.62083191 -0.04867678
v -0.05145407 -0.68516117 -0.19944912
v -0.05129087 -0.68948066 -0.20365545
v -0.05209616 -0.70781809 -0.21034017
v -0.05231259 -0.71130282 -0.21052474
v -0.44247526 -0.65457976 -0.10696495
v -0.44857574 -0.65523368 -0.10922995
v -0.48708150 -0.66340613 -0.11972050
v -0.50015169 -0.68142653 -0.13463823
v -0.48335460 -0.67888880 -0.12521498
v -0.46732265 -0.69353706 -0.16250199
v -0.46092361 -0.68246353 -0.17453584
v -0.45295680 -0.63591897 -0.18877251
v -0.48283291 -0.61520451 -0.13853160
v -0.58720839 -0.67880845 -0.22300552
v -0.59327257 -0.68294102 -0.21248050
v -0.60885352 -0.68096644 -0.22485816
v -0.60272384 -0.67538977 -0.23445323
v -0.61831254 -0.67098355 -0.24458723
v -0.61439902 -0.66177845 -0.24820481
v -0.59844565 -0.66638613 -0.24025993
v -0.61168146 -0.65249157 -0.24798009
v -0.59588164 -0.65640384 -0.24178140
v -0.61146086 -0.64411354 -0.24391754
v -0.61375791 -0.63760126 -0.23708735
v -0.59742570 -0.63851011 -0.23397130
v -0.59532017 -0.64672989 -0.23932353
v -0.58319014 -0.63115305 -0.22294733
v -0.60090280 -0.63223016 -0.22629960
v -0.60510284 -0.62683952 -0.21837640
v -0.58765215 -0.62396932 -0.21461901
v -0.63087273 -0.63447982 -0.20470995
v -0.63435620 -0.64200521 -0.19986349
v -0.61876345 -0.63766098 -0.19256909
v -0.61482203 -0.62959021 -0.19895039
v -0.60580838 -0.65591514 -0.18122405
v -0.60420543 -0.64372921 -0.18155250
v -0.62117827 -0.64822716 -0.19015110
v -0.62260175 -0.65967101 -0.19087778
v -0.63800061 -0.66350424 -0.19970395
v -0.63782537 -0.67325199 -0.20517315
v -0.62225741 -0.67033821 -0.19478975
v -0.55625802 -0.68374527 -0.20202388
v -0.57179278 -0.68148625 -0.21193433
v -0.56680506 -0.67366529 -0.22076699
v -0.57870960 -0.64882839 -0.23371732
v -0.56178272 -0.65123975 -0.22765352
v -0.56347966 -0.66278684 -0.22609989
v -0.57976627 -0.65972447 -0.23422834
v -0.55185688 -0.61990964 -0.20703851
v -0.56544971 -0.63035733 -0.21883397
v -0.56970841 -0.62186944 -0.21082856
v -0.58011788 -0.63946557 -0.22959074
v -0.56273359 -0.64034939 -0.22452477
v -0.59250277 -0.62146151 -0.20420519
v -0.60990846 -0.62565887 -0.20834218
v -0.59931779 -0.68179440 -0.20159028
v -0.60378319 -0.67609942 -0.19177619
v -0.61975580 -0.67804861 -0.20321725
v -0.61512226 -0.68171281 -0.21347468
v -0.57521898 -0.61814183 -0.19945744
v -0.58781564 -0.67466217 -0.17977545
v -0.58356810 -0.68144429 -0.18958446
v -0.60617006 -0.66672021 -0.18472631
v -0.58974737 -0.66417277 -0.17370106
v -0.62997270 -0.67991519 -0.22562236
v -0.62418139 -0.67787838 -0.23671879
v -0.57786781 -0.68407297 -0.20132399
v -0.59774262 -0.62470400 -0.19316679
v -0.60196078 -0.63307625 -0.18534885
v -0.58495522 -0.62844503 -0.17808762
v -0.58048308 -0.62059593 -0.18774126
v -0.57290113 -0.64810050 -0.16173482
v -0.58779407 -0.63900506 -0.17330235
v -0.58932787 -0.65173006 -0.17191298
v -0.63668317 -0.65143031 -0.19811378
v -0.57318318 -0.66183299 -0.16234553
v -0.69011641 -0.62406647 -0.26262423
v -0.68103081 -0.62274891 -0.26078343
v -0.68244338 -0.62047070 -0.27090424
v -0.69127524 -0.62252957 -0.27207699
v -0.66154021 -0.61667973 -0.27082166
v -0.65239412 -0.62143642 -0.27499813
v -0.65919036 -0.62044859 -0.28504077
v -0.66658145 -0.61667269 -0.28152826
v -0.69203961 -0.62377083 -0.28061569
v -0.68364310 -0.62065524 -0.27942446
v -0.69005787 -0.62812924 -0.28529826
v -0.69915265 -0.63275737 -0.28587699
v -0.69958705 -0.62632585 -0.28285718
v -0.70664895 -0.63454765 -0.28773159
v -0.69623983 -0.64348322 -0.28205824
v -0.70796478 -0.64288622 -0.28365579
v -0.70009869 -0.65417296 -0.25991988
v -0.70119005 -0.65499061 -0.24989416
v -0.71401036 -0.65092981 -0.25379997
v -0.71235329 -0.64971006 -0.26431608
v -0.71131557 -0.64734966 -0.23495728
v -0.71378797 -0.64938527 -0.24456768
v -0.70082128 -0.65407580 -0.24140966
v -0.69951218 -0.65224892 -0.23275627
v -0.68903887 -0.62719429 -0.24814853
v -0.68021935 -0.62689811 -0.24484104
v -0.68025190 -0.62593138 -0.25118467
v -0.68904215 -0.62652856 -0.25375801
v -0.68508214 -0.63065135 -0.29247192
v -0.68467671 -0.63881600 -0.28596440
v -0.68974948 -0.63473141 -0.28649318
v -0.68638480 -0.62746787 -0.29173961
v -0.66199487 -0.62357241 -0.22719659
v -0.65147400 -0.62707335 -0.22543658
v -0.64860487 -0.62777507 -0.23346435
v -0.65886146 -0.62468702 -0.23394781
v -0.64336079 -0.62558317 -0.25788409
v -0.64113754 -0.62947470 -0.25056067
v -0.63391054 -0.63994026 -0.25764495
v -0.63863534 -0.63689059 -0.26382929
v -0.64708859 -0.62311655 -0.26567066
v -0.64325309 -0.63399273 -0.26988918
v -0.64995170 -0.63105541 -0.27762434
v -0.65784901 -0.62781942 -0.28691736
v -0.65477097 -0.62926179 -0.21572985
v -0.66257280 -0.62586111 -0.21489729
v -0.75101060 -0.62142783 -0.29773968
v -0.75291556 -0.61983919 -0.29314333
v -0.74784386 -0.62107241 -0.29189885
v -0.74589741 -0.62256378 -0.29655641
v -0.66749686 -0.64282680 -0.20820120
v -0.66945541 -0.65201575 -0.21102107
v -0.66361415 -0.65175605 -0.20881981
v -0.66121972 -0.64243531 -0.20732072
v -0.67564428 -0.64213383 -0.20872729
v -0.67732680 -0.65159845 -0.21353948
v -0.75464392 -0.63210613 -0.29960796
v -0.75220895 -0.62837541 -0.30127728
v -0.74735820 -0.63010144 -0.29943311
v -0.74967313 -0.63390726 -0.29736817
v -0.69923598 -0.62323004 -0.27499363
v -0.69823456 -0.62418878 -0.26582485
v -0.71612376 -0.62245119 -0.27851424
v -0.70749170 -0.62310100 -0.27039862
v -0.70631862 -0.62328035 -0.27963617
v -0.71317542 -0.62407470 -0.28392518
v -0.70697063 -0.62471694 -0.25041085
v -0.69790369 -0.62643713 -0.24736512
v -0.69921023 -0.62601089 -0.25494260
v -0.70838034 -0.62421441 -0.25820312
v -0.69866168 -0.62309325 -0.23576167
v -0.70756173 -0.62229526 -0.23808955
v -0.70804000 -0.62029248 -0.23173293
v -0.70003301 -0.62112004 -0.23025434
v -0.72424400 -0.62208337 -0.24838418
v -0.73296297 -0.62359232 -0.25039983
v -0.73318577 -0.62342125 -0.24493875
v -0.72467208 -0.62147230 -0.24298531
v -0.65834844 -0.65233141 -0.20622407
v -0.65494722 -0.64293164 -0.20576122
v -0.70801795 -0.64031231 -0.21719261
v -0.70490187 -0.63408011 -0.21070431
v -0.71345347 -0.63129455 -0.20997132
v -0.71674836 -0.63799834 -0.21618792
v -0.67057800 -0.65995389 -0.21723434
v -0.66454381 -0.66118032 -0.21406242
v -0.75739598 -0.63407445 -0.29556945
v -0.75244480 -0.63596809 -0.29326689
v -0.65348822 -0.64082164 -0.27603367
v -0.66170537 -0.63563907 -0.28607422
v -0.64660674 -0.64499927 -0.26812133
v -0.64139223 -0.64831990 -0.26310468
v -0.63516265 -0.65205908 -0.25952747
v -0.71336114 -0.62300009 -0.26766804
v -0.69552177 -0.62580740 -0.25745705
v -0.68879247 -0.62671947 -0.24383684
v -0.69313502 -0.61928558 -0.21664998
v -0.68653214 -0.62032682 -0.21468653
v -0.68650377 -0.61999428 -0.22426575
v -0.69308233 -0.61975753 -0.22394532
v -0.70222288 -0.62590790 -0.20877248
v -0.70162082 -0.62048030 -0.21246609
v -0.70940733 -0.61930823 -0.21324526
v -0.71055639 -0.62382281 -0.20887086
v -0.68251473 -0.63302165 -0.29491162
v -0.67821497 -0.63995284 -0.28714678
v -0.66503596 -0.63330746 -0.20810695
v -0.65803564 -0.63455272 -0.20917961
v -0.65128136 -0.63628095 -0.20942080
v -0.66934907 -0.62528110 -0.23879136
v -0.65679258 -0.62485451 -0.23818597
v -0.65546292 -0.62365228 -0.24379203
v -0.66905117 -0.62510896 -0.24302000
v -0.67028779 -0.61925590 -0.25927895
v -0.65765262 -0.61812764 -0.25989163
v -0.67285675 -0.61729163 -0.27005991
v -0.64520693 -0.62823111 -0.24052984
v -0.64005035 -0.63112307 -0.23265365
v -0.63664061 -0.63271534 -0.24068074
v -0.64403921 -0.63071579 -0.22382848
v -0.64777493 -0.63222474 -0.21544906
v -0.63050890 -0.63301325 -0.23147112
v -0.62684983 -0.63589746 -0.23938462
v -0.63521135 -0.63176936 -0.22271422
v -0.63944012 -0.63354433 -0.21443467
v -0.65010452 -0.66517663 -0.20599593
v -0.64903110 -0.65364558 -0.20274931
v -0.65847170 -0.66308016 -0.21038945
v -0.62485695 -0.64727604 -0.25302655
v -0.63394994 -0.63610756 -0.24922793
v -0.62475961 -0.64050263 -0.24699166
v -0.62725210 -0.65712172 -0.25474161
v -0.67022669 -0.61673701 -0.28869390
v -0.67402470 -0.61624074 -0.29477525
v -0.68010002 -0.61724049 -0.29208452
v -0.67739743 -0.61830187 -0.28651103
v -0.71443218 -0.63512832 -0.28902665
v -0.71280283 -0.62857425 -0.28844246
v -0.70598924 -0.62762636 -0.28581810
v -0.67141128 -0.62159306 -0.22420549
v -0.67139059 -0.62347716 -0.21339940
v -0.72005224 -0.62231123 -0.27435085
v -0.74344313 -0.63556856 -0.29486769
v -0.74118501 -0.63145864 -0.29719597
v -0.72986746 -0.63329017 -0.29336628
v -0.73275334 -0.63786763 -0.29088551
v -0.73015636 -0.62509453 -0.27385002
v -0.72588336 -0.62313586 -0.27789587
v -0.73299438 -0.62270570 -0.28074497
v -0.73699903 -0.62581921 -0.27754366
v -0.73118317 -0.62150383 -0.23804185
v -0.72437882 -0.61967933 -0.23627633
v -0.72398871 -0.64284903 -0.26789591
v -0.71970618 -0.64524555 -0.27781317
v -0.70964515 -0.64840847 -0.27464485
v -0.70712888 -0.62386996 -0.24383274
v -0.71575850 -0.62268567 -0.24612597
v -0.71630132 -0.62141001 -0.24059926
v -0.71709460 -0.62289566 -0.26637232
v -0.72256666 -0.62272334 -0.27016872
v -0.72202641 -0.62294984 -0.26392674
v -0.71529448 -0.62314773 -0.26081708
v -0.69471824 -0.63784945 -0.21076545
v -0.69195145 -0.62668455 -0.20811942
v -0.75083828 -0.62461162 -0.30059785
v -0.74591500 -0.62602246 -0.29924402
v -0.64614630 -0.64290196 -0.20386370
v -0.64296001 -0.63709509 -0.20826766
v -0.69779027 -0.62518376 -0.24155185
v -0.69781697 -0.65151811 -0.27072158
v -0.68875778 -0.62520361 -0.23922545
v -0.72719663 -0.63597083 -0.23009992
v -0.72703153 -0.63040930 -0.22510442
v -0.73279983 -0.62895614 -0.22963156
v -0.73377866 -0.63479930 -0.23157278
v -0.74723428 -0.62604886 -0.28186211
v -0.74413538 -0.62265337 -0.28522214
v -0.75078988 -0.62234104 -0.28728965
v -0.75346637 -0.62573618 -0.28422758
v -0.72223461 -0.62323678 -0.28192008
v -0.71978569 -0.62494886 -0.28653535
v -0.72791815 -0.62446004 -0.28962415
v -0.72983277 -0.62242734 -0.28504324
v -0.72001576 -0.62921107 -0.28988466
v -0.72809404 -0.62849146 -0.29284459
v -0.74937516 -0.63147110 -0.28129578
v -0.74868888 -0.63626873 -0.28498614
v -0.73857290 -0.63796270 -0.28019518
v -0.73972809 -0.63194716 -0.27718955
v -0.68814296 -0.65666807 -0.23018567
v -0.68779629 -0.65373772 -0.22228377
v -0.69894427 -0.64889306 -0.22408046
v -0.70995104 -0.64409405 -0.22535250
v -0.71949881 -0.63866436 -0.22640502
v -0.72198611 -0.64367521 -0.23633744
v -0.69758415 -0.64519304 -0.21697454
v -0.73200017 -0.63325924 -0.26834023
v -0.73060185 -0.63813853 -0.27446610
v -0.73226720 -0.63840485 -0.26664245
v -0.68946064 -0.62272835 -0.23247209
v -0.73964691 -0.62714255 -0.29720831
v -0.65228963 -0.66505909 -0.25357723
v -0.65768331 -0.66911525 -0.24355702
v -0.66647029 -0.66547441 -0.24656585
v -0.65925676 -0.66122264 -0.25729457
v -0.74128717 -0.62181699 -0.28959417
v -0.73965210 -0.62319034 -0.29431656
v -0.72569358 -0.61979920 -0.22970554
v -0.73133004 -0.62173951 -0.23254935
v -0.73259968 -0.62372053 -0.22879539
v -0.72832525 -0.62308735 -0.22485226
v -0.68701738 -0.64954823 -0.21565442
v -0.72003710 -0.62941360 -0.20865315
v -0.72256923 -0.63684255 -0.21417376
v -0.67794240 -0.65765136 -0.21999989
v -0.67796153 -0.66119146 -0.22797753
v -0.66992843 -0.66464186 -0.22614402
v -0.72640437 -0.64310408 -0.24798486
v -0.68863547 -0.65826970 -0.23809266
v -0.67776597 -0.66212785 -0.23566803
v -0.66839355 -0.66632164 -0.23463055
v -0.66118568 -0.66943520 -0.23270203
v -0.66346979 -0.66745162 -0.22356245
v -0.74635786 -0.63770443 -0.29050305
v -0.75470614 -0.63477892 -0.28791189
v -0.65646660 -0.66996354 -0.22004227
v -0.64843899 -0.67275774 -0.21414912
v -0.64523804 -0.67611003 -0.22354604
v -0.65377927 -0.67281985 -0.22910197
v -0.67721313 -0.66272509 -0.24407721
v -0.67575371 -0.66180432 -0.25257146
v -0.68870866 -0.65887779 -0.24615622
v -0.68802291 -0.65797341 -0.25553653
v -0.72535139 -0.64669538 -0.25735164
v -0.76721799 -0.62770635 -0.29037634
v -0.76018852 -0.62929988 -0.28704315
v -0.75895292 -0.62484491 -0.28608504
v -0.76638746 -0.62385672 -0.28917000
v -0.75503004 -0.63048786 -0.28432348
v -0.75969344 -0.63312942 -0.29042053
v -0.68526131 -0.65465528 -0.26658475
v -0.72946453 -0.62505627 -0.26673391
v -0.66990113 -0.65610731 -0.26427573
v -0.68491846 -0.64836150 -0.27828273
v -0.67392629 -0.64856368 -0.27774945
v -0.65202087 -0.65458077 -0.26472014
v -0.65861505 -0.64982176 -0.27170426
v -0.63979238 -0.66162622 -0.25646472
v -0.64606470 -0.65778589 -0.26003423
v -0.63127840 -0.66615701 -0.25171477
v -0.66622669 -0.64349902 -0.28232920
v -0.75805730 -0.61910653 -0.29941741
v -0.76004541 -0.61810660 -0.29449481
v -0.64541721 -0.66859782 -0.24974075
v -0.63666123 -0.67292833 -0.24489705
v -0.67564344 -0.61747402 -0.27970868
v -0.68029636 -0.62325203 -0.23192886
v -0.67998701 -0.62521422 -0.23714948
v -0.67978984 -0.62145674 -0.21342158
v -0.67984205 -0.62051713 -0.22418866
v -0.64141309 -0.67622155 -0.23460579
v -0.61742729 -0.63282496 -0.22929019
v -0.62182033 -0.62995613 -0.22080170
v -0.63455337 -0.67847431 -0.21475771
v -0.75796521 -0.62216872 -0.30267137
v -0.73723257 -0.62846839 -0.24981028
v -0.73678845 -0.62911993 -0.24714747
v -0.66415215 -0.61949885 -0.29218304
v -0.67004633 -0.61891013 -0.29827288
v -0.67349052 -0.62848377 -0.30022144
v -0.67031276 -0.62342441 -0.30022454
v -0.66373473 -0.62561750 -0.29446769
v -0.66757488 -0.63176858 -0.29364434
v -0.67017639 -0.62457168 -0.23534589
v -0.67141342 -0.62325490 -0.23084921
v -0.68487275 -0.64052790 -0.20990568
v -0.68249941 -0.62987357 -0.20719823
v -0.72158265 -0.63463110 -0.29041022
v -0.71691775 -0.64138824 -0.28530669
v -0.72424328 -0.63948965 -0.28721410
v -0.73572761 -0.64010584 -0.28581136
v -0.73238504 -0.62928319 -0.26920196
v -0.73342979 -0.63105583 -0.27352989
v -0.65577978 -0.62114108 -0.25096798
v -0.66923225 -0.62297374 -0.24987242
v -0.68359274 -0.62210596 -0.28546146
v -0.68511081 -0.62253004 -0.29033345
v -0.71477890 -0.62332028 -0.25307289
v -0.73580122 -0.64045125 -0.25335756
v -0.73388147 -0.64342701 -0.26025057
v -0.72229493 -0.62272733 -0.25579435
v -0.76186931 -0.62954664 -0.30219978
v -0.75946879 -0.62572223 -0.30370060
v -0.72743320 -0.64234132 -0.28136092
v -0.71649283 -0.61969692 -0.23366354
v -0.73295283 -0.63770908 -0.24596061
v -0.73738229 -0.63472062 -0.25077486
v -0.71620232 -0.62336856 -0.20933327
v -0.65030903 -0.67236382 -0.23992646
v -0.75604147 -0.62099314 -0.28831974
v -0.76325321 -0.61959946 -0.29010636
v -0.76637793 -0.63061702 -0.29330990
v -0.76428205 -0.63159943 -0.29798770
v -0.67359143 -0.63196367 -0.20706871
v -0.68001032 -0.62643981 -0.24101952
v -0.62660635 -0.63047594 -0.21188752
v -0.67225003 -0.63767469 -0.29085547
v -0.67824852 -0.63249373 -0.29817632
v -0.72973275 -0.62344921 -0.25795433
v -0.72440851 -0.63507754 -0.22097087
v -0.72957116 -0.64124388 -0.23706800
v -0.73540306 -0.63966835 -0.23743069
v -0.73690629 -0.63781959 -0.24426903
v -0.73854840 -0.63314766 -0.24641761
v -0.77185273 -0.62902302 -0.29541284
v -0.76999837 -0.62988472 -0.30007932
v -0.76794100 -0.62792814 -0.30439791
v -0.76525056 -0.62417281 -0.30556074
v -0.76328808 -0.62078494 -0.30402920
v -0.77255988 -0.62636030 -0.29266453
v -0.77140117 -0.62281555 -0.29143688
v -0.76812953 -0.61884779 -0.29217547
v -0.77711117 -0.62488872 -0.29422519
v -0.77749330 -0.62728369 -0.29746297
v -0.77849072 -0.62345684 -0.30859089
v -0.77423769 -0.62622160 -0.30642644
v -0.77769428 -0.62618482 -0.30551186
v -0.78063476 -0.62499148 -0.30689436
v -0.78423357 -0.62363541 -0.30782443
v -0.78245974 -0.62146294 -0.30916023
v -0.77773130 -0.62712288 -0.30265379
v -0.78168237 -0.62623155 -0.30360019
v -0.78233564 -0.62562168 -0.29999775
v -0.78643727 -0.62463063 -0.30100498
v -0.78590816 -0.62519735 -0.30457669
v -0.77904588 -0.62670684 -0.29989234
v -0.77452350 -0.62822974 -0.30173764
v -0.78656620 -0.62059265 -0.30844015
v -0.78701133 -0.62279481 -0.30798814
v -0.78911436 -0.62362313 -0.30542171
v -0.78965902 -0.62098187 -0.30524984
v -0.77012438 -0.62275738 -0.30703604
v -0.77601153 -0.62079072 -0.30822405
v -0.78117424 -0.61895746 -0.30843323
v -0.78552932 -0.61807054 -0.30747426
v -0.77524328 -0.61800051 -0.30650893
v -0.78073692 -0.61692005 -0.30642858
v -0.78446347 -0.61648101 -0.30543768
v -0.77590632 -0.61591738 -0.30351138
v -0.78132492 -0.61575592 -0.30398470
v -0.76814574 -0.61718410 -0.30201796
v -0.76819819 -0.61971009 -0.30532545
v -0.78398699 -0.61595845 -0.30393058
v -0.78859663 -0.61855412 -0.30425495
v -0.78208411 -0.62478381 -0.29731533
v -0.78632385 -0.62322158 -0.29859582
v -0.78181744 -0.62298626 -0.29554456
v -0.78602248 -0.62129647 -0.29726249
v -0.78979540 -0.62202501 -0.30097607
v -0.78941250 -0.62384647 -0.30212256
v -0.76307476 -0.61802393 -0.30054605
v -0.76506054 -0.61739361 -0.29575145
v -0.77002466 -0.61646628 -0.29741740
v -0.77739042 -0.61522806 -0.29920775
v -0.77267319 -0.61818922 -0.29387203
v -0.77583957 -0.62165427 -0.29304397
v -0.78093415 -0.62045753 -0.29490533
v -0.77915597 -0.61729723 -0.29562384
v -0.78492916 -0.61906463 -0.29687232
v -0.78361493 -0.61694318 -0.29786724
v -0.78230733 -0.61562711 -0.30073550
v -0.78717285 -0.61795640 -0.29953763
v -0.78876162 -0.61974007 -0.30003437
v -0.78673291 -0.61706001 -0.30287945
v -0.78558898 -0.61692983 -0.29964405
v -0.78486741 -0.61628014 -0.30183047
v -0.76728517 -0.62172902 -0.26917827
v -0.76828051 -0.62066436 -0.26447397
v -0.76154143 -0.62287867 -0.26386827
v -0.76064843 -0.62365782 -0.26839623
v -0.76851958 -0.63202721 -0.27235639
v -0.76732302 -0.62739074 -0.27387291
v -0.76121509 -0.62949371 -0.27306062
v -0.76239014 -0.63393605 -0.27119792
v -0.76979309 -0.63434893 -0.26722145
v -0.76380849 -0.63631874 -0.26590562
v -0.75501931 -0.63564706 -0.27011907
v -0.75388241 -0.63113487 -0.27205759
v -0.74088085 -0.63230383 -0.26918817
v -0.74195987 -0.63731384 -0.26801705
v -0.74141264 -0.62454438 -0.25477776
v -0.74405164 -0.62794024 -0.25241116
v -0.76705682 -0.62384939 -0.27247322
v -0.76066709 -0.62587059 -0.27164799
v -0.75681299 -0.62722611 -0.25564966
v -0.75510883 -0.62434918 -0.25841624
v -0.76295137 -0.62343365 -0.25973180
v -0.76458699 -0.62606072 -0.25702256
v -0.73868567 -0.62540090 -0.26559156
v -0.73930919 -0.62399256 -0.26003668
v -0.73977941 -0.62844855 -0.26831475
v -0.75816816 -0.63167107 -0.25507650
v -0.75814152 -0.63608527 -0.25821570
v -0.74550027 -0.63890922 -0.25595903
v -0.74582767 -0.63355839 -0.25262311
v -0.75309455 -0.62733757 -0.27065727
v -0.75346059 -0.62375653 -0.26279920
v -0.75281280 -0.62475741 -0.26739091
v -0.75651127 -0.63815224 -0.26462016
v -0.76539099 -0.63420355 -0.25949621
v -0.78037542 -0.62709403 -0.26065722
v -0.77186406 -0.62866455 -0.25831768
v -0.77120233 -0.62459421 -0.25782010
v -0.78028941 -0.62306845 -0.25985327
v -0.76558036 -0.62988901 -0.25685620
v -0.77142745 -0.63269889 -0.26121598
v -0.77706659 -0.61915904 -0.27038071
v -0.77818549 -0.61844361 -0.26562005
v -0.77656287 -0.62128866 -0.27363777
v -0.74384558 -0.64130664 -0.26245117
v -0.77730292 -0.62920904 -0.27373040
v -0.77652997 -0.62458509 -0.27491048
v -0.76973027 -0.62142456 -0.26022029
v -0.77910912 -0.61944187 -0.26140198
v -0.77980334 -0.63069916 -0.26347584
v -0.77822471 -0.63197726 -0.26900983
v -0.78668630 -0.62869751 -0.26493576
v -0.78549546 -0.62978315 -0.27010572
v -0.78464568 -0.62732846 -0.27470881
v -0.78323454 -0.62301064 -0.27560294
v -0.78265715 -0.62006855 -0.27415305
v -0.78697085 -0.62572813 -0.26221269
v -0.78632647 -0.62231439 -0.26122332
v -0.78471696 -0.61876261 -0.26242492
v -0.79340565 -0.62431538 -0.26320431
v -0.79409438 -0.62688708 -0.26587588
v -0.80234694 -0.62171537 -0.27652070
v -0.79711056 -0.62326503 -0.27650321
v -0.79889065 -0.62492418 -0.27442709
v -0.80359089 -0.62420660 -0.27528274
v -0.79214191 -0.62581205 -0.27526122
v -0.79570359 -0.62611324 -0.27358320
v -0.79600126 -0.62701452 -0.27079794
v -0.80019879 -0.62655097 -0.27111629
v -0.80047923 -0.62582278 -0.26752046
v -0.80515569 -0.62515467 -0.26788771
v -0.80520308 -0.62615931 -0.27179253
v -0.79677498 -0.62663060 -0.26783088
v -0.80735451 -0.62362552 -0.27528286
v -0.80724466 -0.62124443 -0.27513751
v -0.79199970 -0.62816572 -0.27061290
v -0.78908128 -0.62204659 -0.27629128
v -0.79546905 -0.62041724 -0.27673489
v -0.80143100 -0.61903608 -0.27601692
v -0.80631536 -0.61860049 -0.27399826
v -0.79485238 -0.61751187 -0.27508393
v -0.80099261 -0.61671168 -0.27438238
v -0.80518162 -0.61697537 -0.27259779
v -0.79498708 -0.61545819 -0.27182627
v -0.80107516 -0.61538196 -0.27174175
v -0.78735411 -0.61711657 -0.27129826
v -0.78763640 -0.61913842 -0.27456588
v -0.80409527 -0.61617988 -0.27125832
v -0.81054264 -0.62226075 -0.27188581
v -0.80923033 -0.61956882 -0.27088884
v -0.81002218 -0.62532920 -0.27266383
v -0.79994208 -0.62442786 -0.26571381
v -0.80488563 -0.62344933 -0.26621300
v -0.79953951 -0.62303263 -0.26389283
v -0.80484772 -0.62195778 -0.26478904
v -0.80925274 -0.62307084 -0.26781881
v -0.80895585 -0.62488967 -0.26877800
v -0.78270829 -0.61819947 -0.27089751
v -0.78346115 -0.61758834 -0.26637867
v -0.78816158 -0.61631751 -0.26682353
v -0.79574668 -0.61482227 -0.26732180
v -0.78933668 -0.61787802 -0.26304421
v -0.79192072 -0.62132877 -0.26206562
v -0.79843134 -0.62031466 -0.26321194
v -0.79694539 -0.61696237 -0.26391733
v -0.80378121 -0.61960721 -0.26462889
v -0.80244321 -0.61689317 -0.26538423
v -0.80159479 -0.61524981 -0.26824161
v -0.80700397 -0.61871558 -0.26671484
v -0.80872518 -0.62087637 -0.26692724
v -0.80725133 -0.61758924 -0.26992688
v -0.80524129 -0.61711770 -0.26687115
v -0.80499190 -0.61637181 -0.26910272
v -0.76348311 -0.62112927 -0.24299234
v -0.76288676 -0.61888409 -0.23859473
v -0.75742042 -0.62088490 -0.23850593
v -0.75817126 -0.62283683 -0.24296930
v -0.76548600 -0.63091385 -0.24319112
v -0.76522768 -0.62822795 -0.24496627
v -0.75951988 -0.62980652 -0.24553461
v -0.75930727 -0.63321209 -0.24375501
v -0.76572120 -0.63220072 -0.23876199
v -0.75913405 -0.63440502 -0.23868993
v -0.75308418 -0.63480198 -0.24402192
v -0.75355041 -0.63079643 -0.24605247
v -0.74389941 -0.63184047 -0.24578097
v -0.74353319 -0.63647133 -0.24392098
v -0.76460177 -0.62467116 -0.24502826
v -0.75905168 -0.62611395 -0.24526906
v -0.75108635 -0.62286872 -0.23145935
v -0.75070763 -0.62117672 -0.23424762
v -0.75735223 -0.62063861 -0.23428565
v -0.75771856 -0.62231410 -0.23175718
v -0.74049467 -0.62430191 -0.24284524
v -0.73907465 -0.62221074 -0.23826678
v -0.74257880 -0.62759423 -0.24526890
v -0.75209892 -0.62740678 -0.23066390
v -0.75250798 -0.63305092 -0.23274806
v -0.74206394 -0.63421094 -0.23218089
v -0.74096394 -0.62828732 -0.23053105
v -0.75319123 -0.62680513 -0.24559371
v -0.75086606 -0.62121892 -0.23860307
v -0.75191087 -0.62346131 -0.24315959
v -0.75250155 -0.63595241 -0.23844831
v -0.75891912 -0.63163048 -0.23314303
v -0.77444583 -0.62372971 -0.23198709
v -0.76457733 -0.62530023 -0.23116568
v -0.76368850 -0.62088215 -0.23124570
v -0.77367496 -0.61972463 -0.23161754
v -0.75845230 -0.62641013 -0.23084900
v -0.76548207 -0.62992334 -0.23369703
v -0.77222097 -0.61843473 -0.24293134
v -0.77190518 -0.61668229 -0.23849204
v -0.77327013 -0.62196386 -0.24479946
v -0.74290514 -0.63804066 -0.23798403
v -0.73962390 -0.62347984 -0.23077309
v -0.77477431 -0.62796694 -0.24330735
v -0.77418411 -0.62532258 -0.24489321
v -0.76288325 -0.61870891 -0.23398212
v -0.77234268 -0.61702144 -0.23389433
v -0.77501929 -0.62764740 -0.23438714
v -0.77494264 -0.62957054 -0.23921853
v -0.78145576 -0.62623942 -0.23456301
v -0.78138393 -0.62771350 -0.23943362
v -0.78140330 -0.62635976 -0.24358521
v -0.78035915 -0.62339234 -0.24493745
v -0.77896023 -0.62024039 -0.24449840
v -0.78100622 -0.62248778 -0.23244105
v -0.77993852 -0.61908680 -0.23228577
v -0.77787435 -0.61634260 -0.23425201
v -0.78575510 -0.62143630 -0.23241188
v -0.78710103 -0.62462842 -0.23497057
v -0.79750407 -0.62131453 -0.24442080
v -0.79287100 -0.62240213 -0.24449639
v -0.79354864 -0.62330502 -0.24263838
v -0.79791582 -0.62281287 -0.24291153
v -0.78763247 -0.62479597 -0.24357396
v -0.79035014 -0.62457150 -0.24216816
v -0.78986096 -0.62534028 -0.23942176
v -0.79396623 -0.62475872 -0.23945320
v -0.79290253 -0.62342274 -0.23595694
v -0.79716772 -0.62276810 -0.23601486
v -0.79834896 -0.62409055 -0.23959507
v -0.78987932 -0.62473744 -0.23648295
v -0.80095285 -0.62251794 -0.24262834
v -0.80123764 -0.62081450 -0.24326810
v -0.78648168 -0.62627792 -0.23946089
v -0.78554779 -0.62185079 -0.24517834
v -0.79120302 -0.62004286 -0.24534781
v -0.79648679 -0.61881018 -0.24476291
v -0.79999006 -0.61822826 -0.24303490
v -0.78957999 -0.61728293 -0.24439868
v -0.79488981 -0.61628246 -0.24375121
v -0.79803479 -0.61594480 -0.24216643
v -0.78824842 -0.61501366 -0.24217854
v -0.79373533 -0.61450368 -0.24176258
v -0.78208035 -0.61651772 -0.24215499
v -0.78363144 -0.61886412 -0.24445225
v -0.79646635 -0.61488372 -0.24112675
v -0.80258203 -0.62083524 -0.23962520
v -0.80134004 -0.61804193 -0.23916198
v -0.80191272 -0.62322634 -0.23974356
v -0.79187858 -0.62221694 -0.23397933
v -0.79638278 -0.62113225 -0.23437569
v -0.79080641 -0.61994326 -0.23275286
v -0.79574406 -0.61901861 -0.23355472
v -0.80027616 -0.62086272 -0.23583609
v -0.80031699 -0.62248093 -0.23666884
v -0.77765131 -0.61753303 -0.24240273
v -0.77701199 -0.61604035 -0.23845533
v -0.78142673 -0.61521280 -0.23853208
v -0.78795373 -0.61378652 -0.23852816
v -0.78209925 -0.61555463 -0.23454636
v -0.78429008 -0.61821640 -0.23263755
v -0.78966010 -0.61725420 -0.23292013
v -0.78836805 -0.61463994 -0.23469174
v -0.79469556 -0.61668187 -0.23373966
v -0.79374689 -0.61448538 -0.23525602
v -0.79349881 -0.61366880 -0.23862168
v -0.79801482 -0.61638218 -0.23558231
v -0.79938024 -0.61853689 -0.23536681
v -0.79914337 -0.61597800 -0.23891656
v -0.79646760 -0.61496329 -0.23621096
v -0.79679483 -0.61468315 -0.23883469
v -0.73882270 -0.62209797 -0.23375157
v -0.74763584 -0.62129360 -0.21067862
v -0.74614847 -0.61978376 -0.20769113
v -0.74204504 -0.62072933 -0.20944695
v -0.74339420 -0.62219983 -0.21223368
v -0.75034857 -0.63028294 -0.20915824
v -0.75031793 -0.62750250 -0.21185216
v -0.74577522 -0.62855673 -0.21392550
v -0.74572885 -0.63169289 -0.21124975
v -0.74906862 -0.63047200 -0.20437177
v -0.74439472 -0.63200933 -0.20622468
v -0.74034029 -0.63247293 -0.21386403
v -0.74056274 -0.62904215 -0.21657932
v -0.73189950 -0.62978530 -0.22001992
v -0.73114491 -0.63401949 -0.21782152
v -0.72080541 -0.62277758 -0.20905103
v -0.72071755 -0.62046325 -0.21277827
v -0.72736102 -0.62026405 -0.21086155
v -0.72662497 -0.62186760 -0.20729911
v -0.74923646 -0.62410384 -0.21212363
v -0.74481827 -0.62497216 -0.21398607
v -0.73556864 -0.62128264 -0.20460454
v -0.73637938 -0.62015790 -0.20811577
v -0.74103349 -0.62030518 -0.20608495
v -0.74050343 -0.62129605 -0.20279762
v -0.72192341 -0.61972064 -0.21694177
v -0.72440642 -0.62058747 -0.22131182
v -0.72981727 -0.62208903 -0.21820216
v -0.72861755 -0.62055492 -0.21463150
v -0.73125362 -0.62520337 -0.21955234
v -0.73569220 -0.62460685 -0.20278089
v -0.73711973 -0.62932062 -0.20420474
v -0.72741365 -0.63051265 -0.20665962
v -0.72669733 -0.62547058 -0.20571466
v -0.73992598 -0.62526155 -0.21617725
v -0.73739880 -0.62063670 -0.21155751
v -0.73879516 -0.62232423 -0.21474087
v -0.73892266 -0.63304508 -0.20871094
v -0.74257839 -0.62859356 -0.20223641
v -0.75158697 -0.62212962 -0.19691604
v -0.74526548 -0.62359798 -0.19895791
v -0.74451435 -0.62044948 -0.20044795
v -0.75062305 -0.61927354 -0.19822496
v -0.74099422 -0.62435651 -0.20109811
v -0.74704534 -0.62748355 -0.20032203
v -0.75377798 -0.61988062 -0.20888317
v -0.75194389 -0.61830449 -0.20584756
v -0.75526059 -0.62257880 -0.21002094
v -0.72960079 -0.63560665 -0.21217242
v -0.75660765 -0.62825173 -0.20712566
v -0.75644565 -0.62553215 -0.20955569
v -0.74506372 -0.61940688 -0.20411856
v -0.75088602 -0.61809754 -0.20182340
v -0.75337386 -0.62582761 -0.19824106
v -0.75523138 -0.62858224 -0.20253234
v -0.75857514 -0.62468874 -0.19668949
v -0.76033431 -0.62747604 -0.20090073
v -0.76144403 -0.62685817 -0.20568511
v -0.76088578 -0.62438220 -0.20825543
v -0.75938410 -0.62163162 -0.20862025
v -0.75670660 -0.62101662 -0.19569042
v -0.75554448 -0.61855561 -0.19731471
v -0.75520766 -0.61757547 -0.20071524
v -0.76118380 -0.62041831 -0.19539626
v -0.76365829 -0.62394947 -0.19622539
v -0.77401763 -0.62174153 -0.20424241
v -0.77036071 -0.62303114 -0.20491093
v -0.77060688 -0.62379861 -0.20285317
v -0.77393639 -0.62307936 -0.20266351
v -0.76602018 -0.62525958 -0.20444493
v -0.76786578 -0.62503898 -0.20276472
v -0.76691675 -0.62533838 -0.20014927
v -0.77000892 -0.62490398 -0.19968225
v -0.76915824 -0.62299126 -0.19680500
v -0.77233899 -0.62227482 -0.19616470
v -0.77351487 -0.62413687 -0.19920805
v -0.76641023 -0.62460202 -0.19728038
v -0.77630776 -0.62282097 -0.20191722
v -0.77685225 -0.62123889 -0.20259631
v -0.76422089 -0.62629694 -0.20025060
v -0.76483828 -0.62327778 -0.20693797
v -0.76959014 -0.62155330 -0.20626166
v -0.77394772 -0.62005919 -0.20508926
v -0.77637517 -0.61908156 -0.20279047
v -0.76794940 -0.61975580 -0.20630825
v -0.77259213 -0.61834115 -0.20493962
v -0.77489746 -0.61752903 -0.20274375
v -0.76596457 -0.61794561 -0.20508552
v -0.77085936 -0.61691844 -0.20387217
v -0.76110148 -0.61878175 -0.20609638
v -0.76312405 -0.62097096 -0.20727551
v -0.77339154 -0.61669409 -0.20261772
v -0.77724195 -0.62073117 -0.19901583
v -0.77645940 -0.61857307 -0.19966325
v -0.77647197 -0.62317324 -0.19872798
v -0.76757479 -0.62172532 -0.19516560
v -0.77181762 -0.62031555 -0.19506976
v -0.76580966 -0.61935687 -0.19516794
v -0.77088392 -0.61812645 -0.19552439
v -0.77514315 -0.62014794 -0.19624782
v -0.77494156 -0.62195051 -0.19627245
v -0.75765139 -0.61925012 -0.20745640
v -0.75593144 -0.61771053 -0.20451504
v -0.75939566 -0.61721051 -0.20349984
v -0.76445091 -0.61651766 -0.20268476
v -0.75891989 -0.61698425 -0.19995685
v -0.75954235 -0.61814576 -0.19692788
v -0.76481974 -0.61729759 -0.19656727
v -0.76413864 -0.61604816 -0.19935121
v -0.77004939 -0.61668164 -0.19701485
v -0.76951420 -0.61574465 -0.19924918
v -0.76967996 -0.61589718 -0.20186131
v -0.77352625 -0.61684972 -0.19846015
v -0.77457356 -0.61812621 -0.19710889
v -0.77498245 -0.61715508 -0.20044969
v -0.77246690 -0.61616141 -0.19959357
v -0.77312356 -0.61636937 -0.20113477
v -0.72186363 -0.62567014 -0.20759529
v -0.68842036 -0.62926424 -0.30299294
v -0.69085217 -0.62705380 -0.30018267
v -0.68445814 -0.61483288 -0.29893419
v -0.68883377 -0.61826473 -0.29782090
v -0.67963648 -0.61497152 -0.30201775
v -0.67697453 -0.62092197 -0.30751389
v -0.67732710 -0.61732101 -0.30548787
v -0.69129944 -0.62320060 -0.29845995
v -0.68433207 -0.62907207 -0.30605617
v -0.67959660 -0.62567586 -0.30782866
v -0.68994522 -0.62775093 -0.31369799
v -0.68541992 -0.62380129 -0.31576747
v -0.68240803 -0.61845362 -0.31529555
v -0.68214548 -0.61455369 -0.31187135
v -0.68381172 -0.61232758 -0.30741856
v -0.69378108 -0.62800837 -0.30976135
v -0.69581831 -0.62546349 -0.30568123
v -0.69504815 -0.62106043 -0.30278468
v -0.69890159 -0.62636864 -0.31622627
v -0.69697994 -0.62611318 -0.32252091
v -0.69562107 -0.61273330 -0.33023229
v -0.69225943 -0.61385846 -0.32671335
v -0.69346893 -0.61704737 -0.32865396
v -0.69545329 -0.61630034 -0.33207926
v -0.68901008 -0.61633480 -0.32318303
v -0.69214100 -0.61824346 -0.32654738
v -0.69450074 -0.62201494 -0.32709911
v -0.69569606 -0.62183726 -0.32976705
v -0.69733423 -0.62470078 -0.32657927
v -0.69946355 -0.62515807 -0.32860276
v -0.69740164 -0.62117791 -0.33334917
v -0.69776559 -0.61602366 -0.33488280
v -0.69997418 -0.61943561 -0.33563647
v -0.69908738 -0.61327881 -0.33381811
v -0.69202280 -0.62211359 -0.32338798
v -0.68697059 -0.61252195 -0.31816408
v -0.69198954 -0.61101979 -0.32344496
v -0.69682908 -0.61013621 -0.32788023
v -0.70125610 -0.61120725 -0.33092833
v -0.69379652 -0.60896581 -0.31925297
v -0.69927961 -0.60903645 -0.32426912
v -0.70274723 -0.61095536 -0.32731795
v -0.69725424 -0.61006099 -0.31563550
v -0.70170933 -0.61039639 -0.32155517
v -0.69127136 -0.61118579 -0.30799818
v -0.68792403 -0.61044514 -0.31277457
v -0.70362210 -0.61128730 -0.32469916
v -0.70307183 -0.61679780 -0.33524495
v -0.70517296 -0.61481017 -0.33164263
v -0.70195472 -0.62566620 -0.32574704
v -0.70131576 -0.62433207 -0.33167458
v -0.70447892 -0.62401128 -0.32906896
v -0.70361286 -0.62506843 -0.32145846
v -0.70646727 -0.62225920 -0.32592437
v -0.70523363 -0.62138516 -0.33265826
v -0.70230460 -0.62264359 -0.33437043
v -0.68752831 -0.61296904 -0.30350894
v -0.69194317 -0.61617303 -0.30196562
v -0.69595802 -0.61441374 -0.30601442
v -0.70098865 -0.61358017 -0.31350315
v -0.69917840 -0.61987555 -0.30730921
v -0.70028514 -0.62438619 -0.31105894
v -0.70467234 -0.62214899 -0.31758511
v -0.70377803 -0.61809617 -0.31451160
v -0.70687824 -0.61948514 -0.32305765
v -0.70607555 -0.61646134 -0.32089835
v -0.70414037 -0.61317813 -0.32041410
v -0.70707798 -0.61687875 -0.32642785
v -0.70701385 -0.61900628 -0.32960120
v -0.70555586 -0.61387038 -0.32792366
v -0.70635116 -0.61551201 -0.32426244
v -0.70519841 -0.61335170 -0.32463875
v -0.71535772 -0.61929536 -0.21340695
v -0.71618623 -0.61830389 -0.21898806
v -0.70942295 -0.61847681 -0.21887043
v -0.70121777 -0.61856413 -0.21790132
v -0.69522452 -0.62104475 -0.21172427
v -0.70083642 -0.61945903 -0.22434372
v -0.70923674 -0.61912680 -0.22500232
v -0.71844983 -0.61883688 -0.22578864
v -0.69397068 -0.62092954 -0.22900844
v -0.09638286 -0.76458925 -0.20059019
v -0.09332079 -0.76519269 -0.20313904
v -0.09501027 -0.75913179 -0.19929983
v -0.09708635 -0.75963062 -0.19689359
v -0.08736132 -0.75873613 -0.20196670
v -0.09129973 -0.75859696 -0.20070876
v -0.08862615 -0.76565522 -0.20499700
v -0.08302470 -0.76559764 -0.20504686
v -0.07488073 -0.76292926 -0.20151645
v -0.07259537 -0.76171970 -0.20094022
v -0.07314431 -0.76077962 -0.20106182
v -0.07531904 -0.76056719 -0.20122567
v -0.07894479 -0.75976872 -0.20191184
v -0.10046970 -0.76221997 -0.19471538
v -0.10032590 -0.76307672 -0.19641030
v -0.09810625 -0.76399362 -0.19804457
v -0.08281877 -0.75908458 -0.20230591
v -0.09903122 -0.76047993 -0.19534877
v -0.10018100 -0.76134759 -0.19449022
v -0.07770208 -0.76472670 -0.20291576
v -0.08795865 -0.76082659 -0.20281124
v -0.09167218 -0.76070940 -0.20104098
v -0.08809178 -0.76314127 -0.20358548
v -0.08319562 -0.76333094 -0.20390791
v -0.07765231 -0.76142895 -0.20240194
v -0.07961392 -0.76129615 -0.20261605
v -0.09473885 -0.76081932 -0.19918004
v -0.08333727 -0.76107043 -0.20305750
v -0.09235264 -0.76286256 -0.20178765
v -0.07911955 -0.76304400 -0.20315325
v -0.07716804 -0.76239759 -0.20256563
v -0.09974787 -0.76193643 -0.19541913
v -0.09965852 -0.76155722 -0.19537565
v -0.04390732 -0.55710125 -0.11991502
v -0.04264495 -0.53815162 -0.12795195
v -0.09533677 -0.76261878 -0.19974160
v -0.09871891 -0.76133239 -0.19624767
v -0.09707318 -0.76105046 -0.19756058
v -0.09745948 -0.76251638 -0.19782445
v -0.09895542 -0.76223248 -0.19634560
v -0.29373217 -0.62725025 -0.14569530
v -0.29344559 -0.64495778 -0.13997355
v -0.30878311 -0.67253780 -0.08994991
v -0.31542927 -0.66511959 -0.06611294
v -0.04959556 -0.27830783 -0.14255165
v -0.16307798 -0.37489262 0.06720896
v -0.16592275 -0.39337957 0.06992628
v -0.09245666 -0.41117722 0.10388409
v -0.11178425 -0.40388697 0.09970725
v -0.16386431 -0.31838495 -0.06189908
v -0.16643301 -0.33469918 -0.05999928
v -0.10373442 -0.29975247 -0.11452685
v -0.10803536 -0.31732151 -0.11433623
v -0.14377230 -0.29338032 -0.08324267
v -0.13352704 -0.35618806 0.08988921
v -0.15016957 -0.34796941 0.07651948
v -0.14827479 -0.36765951 0.07876171
v -0.13126980 -0.37603876 0.09086041
v -0.07279564 -0.41497883 0.10342054
v -0.07075084 -0.39532194 0.10190269
v -0.18285279 -0.35977030 -0.03553913
v -0.18943264 -0.37062106 -0.00653517
v -0.18001764 -0.39540753 0.04673471
v -0.16763365 -0.40919238 0.06684809
v -0.15255012 -0.42261434 0.08109656
v -0.13554819 -0.43460131 0.09099740
v -0.09109899 -0.33384445 -0.13043405
v -0.07269806 -0.35230598 -0.13910909
v -0.16966717 -0.35042426 -0.06288400
v -0.01481287 -0.33800742 -0.14694753
v -0.12345647 -0.46599799 0.09803002
v -0.10201001 -0.47279343 0.10424262
v -0.18820721 -0.38245732 0.02138911
v -0.05153351 -0.48979419 -0.15435950
v -0.06948578 -0.49211410 -0.15608299
v -0.06592533 -0.47500625 -0.16640776
v -0.04800874 -0.47205266 -0.16246340
v -0.08309369 -0.47667328 -0.16809312
v -0.09970691 -0.47801188 -0.16760764
v -0.11492807 -0.47909799 -0.16517703
v -0.15153740 -0.47924939 -0.15126784
v -0.14081582 -0.47955066 -0.15679336
v -0.16989903 -0.47478026 -0.13872255
v -0.16093022 -0.47804862 -0.14527869
v -0.17944640 -0.46578383 -0.12966906
v -0.18807474 -0.45516753 -0.11621530
v -0.19832750 -0.46683589 -0.09323451
v -0.19586311 -0.44709951 -0.09772894
v -0.18508801 -0.43554759 -0.12280992
v -0.17752579 -0.44720754 -0.13669157
v -0.16826352 -0.45642903 -0.14634708
v -0.02668429 -0.41077489 -0.15943217
v -0.02690002 -0.43149003 -0.16382752
v -0.04407933 -0.57526994 -0.11219461
v -0.50098658 -0.61940897 -0.14129056
v -0.58246809 -0.67030567 -0.23052803
v -0.07876443 -0.63876688 0.04164198
v -0.09635131 -0.64102447 0.03800318
v -0.14826962 -0.65043247 0.00897234
v -0.15373850 -0.65513200 -0.00840392
v -0.13300556 -0.64259571 0.02474757
v -0.11557791 -0.63594162 0.03518216
v -0.15033796 -0.35838097 -0.08660068
v -0.10179740 -0.61087239 0.05327065
v -0.11866143 -0.62640816 0.04136775
v -0.13808790 -0.63310021 0.03193342
v -0.15393129 -0.64073932 0.01727482
v -0.16573885 -0.64750504 -0.00316335
v -0.17629284 -0.64519012 -0.01122557
v -0.19975039 -0.63673294 -0.00774007
v -0.20622173 -0.63781989 -0.01449892
v -0.21365589 -0.64041793 -0.02120050
v -0.20628008 -0.65034211 -0.03608629
v -0.19760762 -0.64700395 -0.02931254
v -0.28802305 -0.65914798 -0.04705497
v -0.30439132 -0.65439516 -0.04812369
v -0.31730691 -0.64480400 -0.04514573
v -0.32646230 -0.63213760 -0.04186039
v -0.33012971 -0.61694276 -0.03944776
v -0.32829851 -0.60169762 -0.03782678
v -0.31926587 -0.58696359 -0.03662628
v -0.28055364 -0.56079757 -0.02929163
v -0.26570177 -0.55207574 -0.02486840
v -0.23659806 -0.52502847 0.00126658
v -0.23006651 -0.51769298 0.01121465
v -0.21250176 -0.49122733 0.03926697
v -0.19970270 -0.47802806 0.05209410
v -0.18517026 -0.46463388 0.06306286
v -0.15607008 -0.26285130 0.11921556
v -0.17213869 -0.25922507 0.10151517
v -0.16412854 -0.27537715 0.09152611
v -0.14826901 -0.27918977 0.10821553
v -0.09667538 -0.32533774 0.10641494
v -0.07360561 -0.33070397 0.11223675
v -0.19251016 -0.25356638 0.02326724
v -0.19048119 -0.24393372 -0.00457586
v -0.17748338 -0.27020890 0.07201692
v -0.18746985 -0.26365551 0.04925235
v -0.17973331 -0.23358536 -0.03237232
v -0.09360406 -0.19720870 -0.10540335
v -0.06701860 -0.19058451 -0.11730425
v -0.01168878 -0.18467812 -0.12898642
v 0.01503230 -0.18659967 -0.12789762
v -0.16371015 -0.22318555 -0.05566921
v -0.03909330 -0.18618879 -0.12564771
v -0.14345227 -0.21341388 -0.07450184
v -0.11952609 -0.20493037 -0.09062097
v -0.11690293 -0.32017854 0.09682216
v -0.12282094 -0.30187070 0.10878708
v -0.14041525 -0.29758149 0.09582418
v -0.10699912 -0.53275955 0.09528866
v -0.12869626 -0.53366232 0.09037960
v -0.14999695 -0.53633022 0.08247696
v -0.16708843 -0.55558145 0.06824583
v -0.16852364 -0.53999209 0.07077622
v -0.18645564 -0.54553843 0.05857725
v -0.18444952 -0.56093907 0.05603096
v -0.21146116 -0.56938446 0.02820631
v -0.21299207 -0.55726320 0.02918724
v -0.22247452 -0.56238604 0.01932055
v -0.22112693 -0.57481551 0.01905153
v -0.23181412 -0.56693506 0.01128928
v -0.24170816 -0.57010615 0.00259878
v -0.25164741 -0.57469046 -0.00712372
v -0.26427725 -0.58098304 -0.01318957
v -0.25662526 -0.60520649 -0.00854816
v -0.24696568 -0.59981489 -0.00289030
v -0.21005252 -0.58371884 0.02562135
v -0.19849148 -0.58062071 0.03931527
v -0.10506742 -0.56291080 0.07920901
v -0.08531338 -0.55944550 0.08045896
v -0.20446756 -0.44960669 -0.07409641
v -0.21319185 -0.45370105 -0.04904290
v -0.22003339 -0.45924306 -0.02681820
v -0.22451380 -0.46641386 -0.00828514
v -0.22544578 -0.47689006 0.00714827
v -0.22340842 -0.48900548 0.01953311
v -0.22491121 -0.50978595 0.02046593
v -0.21954533 -0.50077534 0.02936971
v -0.22093564 -0.52129388 0.02573311
v -0.21437794 -0.51349509 0.03621936
v -0.20923638 -0.52595848 0.04101993
v -0.20392817 -0.53848517 0.04379429
v -0.20070218 -0.55189258 0.04389835
v -0.19918482 -0.56609535 0.04253392
v -0.18317544 -0.57643187 0.05169667
v -0.16656196 -0.57198972 0.06257538
v -0.14656880 -0.58315128 0.06440903
v -0.14600185 -0.59715527 0.05671829
v -0.14733896 -0.56863254 0.07155323
v -0.14688212 -0.55309683 0.07775963
v -0.12568237 -0.66920668 -0.00706977
v -0.11286364 -0.66546255 0.00794514
v -0.30850562 -0.59795445 -0.02884767
v -0.30780244 -0.58992732 -0.03017342
v -0.31263912 -0.58952969 -0.03269428
v -0.31733567 -0.60055375 -0.03262924
v -0.31779724 -0.61370277 -0.03307425
v -0.30343097 -0.62037063 -0.02787350
v -0.30752495 -0.60907787 -0.02792416
v -0.31413049 -0.62627929 -0.03417682
v -0.30653250 -0.63747334 -0.03588695
v -0.29721010 -0.63065434 -0.02880827
v -0.29690689 -0.64613795 -0.03711081
v -0.28996640 -0.63897932 -0.03001555
v -0.28540438 -0.65022612 -0.03664692
v -0.28363052 -0.64370704 -0.03116372
v -0.25685149 -0.63415736 -0.01886235
v -0.26663506 -0.63881868 -0.02293192
v -0.27647716 -0.64216197 -0.02770448
v -0.27631280 -0.58790344 -0.01728689
v -0.28741789 -0.59612364 -0.02032000
v -0.29780388 -0.60322464 -0.02375393
v -0.29343966 -0.61430931 -0.02288586
v -0.28354406 -0.60690612 -0.01845283
v -0.27321678 -0.59934855 -0.01492349
v -0.10528098 -0.54783130 0.08726783
v -0.12577249 -0.55050009 0.08465169
v -0.23106706 -0.57899237 0.01125154
v -0.23988022 -0.58254814 0.00397789
v -0.24992263 -0.58604050 -0.00415374
v -0.26166782 -0.59256136 -0.01024621
v -0.23825005 -0.59522367 0.00356206
v -0.22942388 -0.59175581 0.01032937
v -0.21978529 -0.58812368 0.01747929
v -0.12598398 -0.56534189 0.07672141
v -0.08597910 -0.54559964 0.08844432
v -0.19242743 -0.62026477 -0.12079682
v -0.18987525 -0.64337695 -0.10456596
v -0.19422656 -0.65767372 -0.08230047
v -0.20037112 -0.65890145 -0.05733874
v -0.42530555 -0.59927762 -0.14862442
v -0.07143068 -0.37650374 0.10368266
v -0.07163993 -0.35516137 0.10465011
v -0.09440772 -0.34906426 0.10241551
v -0.08206458 -0.47615877 0.10949937
v -0.08706827 -0.53173774 0.09857054
v -0.12288322 -0.44341379 -0.17970987
v -0.10913131 -0.44397962 -0.18301898
v -0.11194298 -0.46130484 -0.17558721
v -0.12543346 -0.46126848 -0.17186791
v -0.14654368 -0.44263938 -0.16902934
v -0.13516080 -0.44290528 -0.17494497
v -0.13782470 -0.46086758 -0.16675997
v -0.14856207 -0.46026295 -0.16102745
v -0.15650707 -0.44143713 -0.16158494
v -0.15885219 -0.45959798 -0.15404254
v -0.13234998 -0.42451218 -0.17892359
v -0.11960515 -0.42509001 -0.18378682
v -0.10566518 -0.42630213 -0.18667877
v -0.15303141 -0.42454463 -0.16565190
v -0.14359289 -0.42458022 -0.17286283
v -0.05137307 -0.65636015 -0.16206129
v -0.05307850 -0.65757179 -0.17933416
v -0.05115116 -0.69369435 -0.20563094
v -0.05114185 -0.69817024 -0.20503631
v -0.04429179 -0.60186231 -0.10314520
v -0.04503890 -0.61181509 -0.10123879
v -0.02872005 -0.45112404 -0.16294795
v -0.03457774 -0.48720956 -0.15215041
v -0.03830670 -0.50249946 -0.14311120
v -0.04104485 -0.51943052 -0.13494682
v -0.04476146 -0.59022284 -0.10670744
v -0.03132577 -0.46897906 -0.15845010
v -0.18966132 -0.07973650 0.10621110
v -0.16994661 -0.07042050 0.13228923
v -0.18266967 -0.09527767 0.12542647
v -0.16764599 -0.08831066 0.14462298
v -0.20200045 -0.15555030 0.08480470
v -0.19761793 -0.13146123 0.09735464
v -0.20607488 -0.18269640 0.07460146
v -0.14703779 -0.08755785 0.16401777
v -0.12010153 -0.09117523 0.17726257
v -0.12495162 -0.11126593 0.18263471
v -0.19695663 -0.18686669 0.10428545
v -0.19272894 -0.16147092 0.11388782
v -0.17738450 -0.10470292 0.13628493
v -0.19277479 -0.11046845 0.11074820
v -0.18241963 -0.11788684 0.13058424
v -0.14881946 -0.10657862 0.16676210
v -0.16638903 -0.10436276 0.15049215
v -0.11254151 -0.26925421 0.14636490
v -0.08873003 -0.25561884 0.16903669
v -0.11717568 -0.25123447 0.15855932
v -0.18672395 -0.25461918 0.07990161
v -0.18024227 -0.23979905 0.11266210
v -0.16978568 -0.12174243 0.14913951
v -0.15262419 -0.12643319 0.16819142
v -0.12821184 -0.13280228 0.18445581
v -0.14333618 -0.20446707 0.17039549
v -0.13803209 -0.18059838 0.17915696
v -0.16004726 -0.17438814 0.16133016
v -0.16560620 -0.19851613 0.15270820
v -0.18420923 -0.21693531 0.12232325
v -0.18298763 -0.19231860 0.13130780
v -0.14434987 -0.22778210 0.15895428
v -0.16586876 -0.22291480 0.14254898
v -0.16214064 -0.24429508 0.13156675
v -0.17847633 -0.16693589 0.13878205
v -0.10352144 -0.16149008 0.19736522
v -0.13278815 -0.15650874 0.18363370
v -0.07134363 -0.16670936 0.20276821
v -0.14104024 -0.24875923 0.14631434
v -0.13601294 -0.26654133 0.13380755
v -0.12887642 -0.28333956 0.12189598
v -0.11548127 -0.34308314 0.09582636
v -0.08716927 0.14249516 -0.01260533
v 0.02697005 -0.04874161 0.04242145
v 0.02383481 -0.05650887 0.06916913
v -0.17726812 -0.09898660 -0.03073909
v -0.20458479 -0.08876300 0.05232536
v -0.20174012 -0.09935546 0.08446871
v 0.01250320 -0.03863692 -0.03630138
v 0.02697468 -0.03838623 -0.00826329
v -0.15143916 -0.09209025 -0.05530571
v -0.08326259 -0.05664164 -0.07456499
v 0.02867861 -0.04248083 0.01802218
v -0.18722063 -0.13784570 0.12232180
v -0.17416322 -0.14278185 0.14526577
v -0.15596965 -0.14868939 0.16573496
v -0.09856437 -0.13840529 0.19684091
v -0.06464351 -0.14434949 0.20284943
v 0.01825320 -0.09333104 -0.06894329
v 0.02300622 -0.10230073 -0.07595935
v 0.03548247 -0.10507247 -0.07247543
v 0.03516392 -0.09413031 -0.06151870
v -0.09474555 -0.17893285 -0.10223506
v -0.06566618 -0.17243734 -0.11358872
v -0.00758809 -0.16825227 -0.12413023
v 0.01898039 -0.17142498 -0.12255205
v -0.16872956 -0.20564713 -0.05276123
v -0.03583873 -0.16855468 -0.12149380
v -0.14798899 -0.19564557 -0.07169656
v -0.12238115 -0.18705492 -0.08792373
v -0.02511485 0.50543958 0.21859641
v -0.02509749 0.53034866 0.22188972
v -0.02802373 0.52586460 0.23734900
v -0.02538397 0.50026011 0.23254636
v -0.05154321 0.49214178 0.25688666
v -0.03634602 0.49417078 0.25134730
v -0.06732535 0.49325073 0.25598523
v -0.06292281 0.51970756 0.26206440
v -0.07373732 0.52348542 0.25490093
v -0.07985445 0.49714604 0.24869084
v -0.08616871 0.50144511 0.23780575
v -0.08343501 0.53093278 0.23234081
v -0.08280187 0.53510034 0.21500093
v -0.08827443 0.51149076 0.20761503
v -0.08879645 0.50572056 0.22496150
v -0.07936034 0.51902139 0.19086184
v -0.07471240 0.54132628 0.19800216
v -0.06189609 0.52149105 0.18354996
v -0.02826406 0.51181281 0.20359191
v -0.02674243 0.53605390 0.20563465
v -0.04747169 0.51823175 0.26221332
v -0.03388442 0.52051258 0.25484493
v -0.02753574 0.49726489 0.24234395
v -0.02994225 0.52308953 0.24615240
v -0.02474239 0.55172265 0.23882830
v -0.01873648 0.55409968 0.22468482
v -0.04242853 0.54375374 0.26990396
v -0.03276173 0.54649460 0.25863028
v -0.06870878 0.54772639 0.26230040
v -0.05832093 0.54414582 0.27078083
v -0.08139150 0.55514288 0.24042246
v -0.07902963 0.52725625 0.24430400
v -0.07506151 0.55138975 0.25165486
v -0.08107762 0.55803615 0.22258972
v -0.07303287 0.56262505 0.20354725
v -0.02155406 0.55824858 0.20698355
v -0.02929050 0.54874706 0.24957035
v -0.05229389 0.67771471 0.08570096
v -0.04566353 0.67810941 0.08433346
v -0.04729679 0.67304432 0.08374415
v -0.05179645 0.67355061 0.08395858
v -0.01560428 0.67385101 0.08020285
v -0.00447194 0.67425203 0.08327013
v -0.00674372 0.66390556 0.07913176
v -0.01428048 0.66403300 0.07652324
v -0.03230001 0.67715555 0.07904637
v -0.03992991 0.67832232 0.07909051
v -0.03787676 0.68080044 0.08266436
v -0.03286777 0.67994368 0.08263709
v -0.07609037 0.67288435 0.10852844
v -0.08227287 0.67419291 0.10946165
v -0.07988951 0.67669833 0.11354515
v -0.07645313 0.67679888 0.11200035
v -0.06167181 0.67754650 0.09345284
v -0.06741286 0.67833978 0.09580770
v -0.06554611 0.68096977 0.09863454
v -0.06166022 0.68104154 0.09809457
v -0.02085549 0.65446067 0.09419000
v -0.01842133 0.65902793 0.08265407
v -0.00625951 0.65870059 0.08653475
v -0.00660514 0.65019059 0.09739864
v 0.00071591 0.66542208 0.09326221
v -0.00607112 0.67168957 0.09643155
v -0.00559029 0.66846389 0.10940140
v 0.00078694 0.65935290 0.10600074
v -0.01835955 0.67480862 0.09332384
v -0.01921663 0.67203814 0.10530815
v -0.02780234 0.66624367 0.09879374
v -0.02760361 0.66975439 0.08505233
v -0.04539131 0.66916037 0.09449360
v -0.04618198 0.67515326 0.08419768
v -0.04082062 0.66802061 0.08232789
v -0.04104788 0.66078168 0.09248172
v -0.03261202 0.66737354 0.08234920
v -0.02927784 0.65963018 0.09138203
v -0.02465985 0.66891062 0.09678979
v -0.02555222 0.67306316 0.08415851
v -0.02995702 0.67814505 0.08877346
v -0.02910948 0.67453289 0.10101914
v -0.03855322 0.67569590 0.09976657
v -0.03947412 0.67945564 0.08921808
v -0.05722621 0.66334128 0.09624829
v -0.05392516 0.67058599 0.08864444
v -0.04667024 0.66982454 0.08863410
v -0.04670673 0.66250795 0.09565179
v -0.04095047 0.67638695 0.09090488
v -0.04614073 0.68014181 0.09316234
v -0.04551322 0.67649961 0.10306280
v -0.04120034 0.67175585 0.09946345
v -0.05542754 0.67703748 0.10290809
v -0.05363000 0.68141544 0.09318245
v -0.06038391 0.67061973 0.09833132
v -0.05803552 0.67676657 0.09010699
v -0.07517561 0.67055249 0.10938472
v -0.07191839 0.67668909 0.10099599
v -0.06942052 0.67122579 0.09812734
v -0.07321919 0.66401410 0.10598302
v -0.06404546 0.66960776 0.09658223
v -0.06529629 0.66356945 0.10291649
v -0.05908916 0.67323709 0.09828027
v -0.06049289 0.67962372 0.10332926
v -0.06234117 0.67625415 0.11033575
v -0.06121552 0.66926134 0.10361852
v -0.06723966 0.68059379 0.10456330
v -0.07024281 0.67662752 0.11314289
v -0.08761411 0.66248155 0.12025486
v -0.08905496 0.66834813 0.12494533
v -0.08555792 0.67154849 0.11709712
v -0.08406785 0.66651845 0.11450650
v -0.07960095 0.66573811 0.11044993
v -0.08119545 0.66139662 0.11565863
v -0.07462357 0.66924214 0.11320932
v -0.07464004 0.67562366 0.11772925
v -0.07642421 0.67357677 0.12313220
v -0.07724515 0.66684610 0.11723360
v -0.08129898 0.67623019 0.11908593
v -0.08329213 0.67295170 0.12632020
v -0.00807151 0.64428794 0.10858854
v -0.02589987 0.65125680 0.10502830
v -0.00703804 0.67407161 0.08725560
v -0.00069422 0.65489715 0.11799313
v -0.01402680 0.67582166 0.08604187
v -0.02265699 0.66981471 0.11588280
v -0.00711455 0.66511416 0.12180753
v -0.02580949 0.66476226 0.10435110
v -0.03919709 0.67283356 0.07825936
v -0.04251989 0.66806293 0.10377616
v -0.04155034 0.67285860 0.11431827
v -0.03474646 0.67209852 0.07856902
v -0.04353096 0.65446186 0.10468638
v -0.06107224 0.65613663 0.11150664
v -0.04692006 0.68115294 0.08818086
v -0.05080314 0.68170142 0.08856501
v -0.05994087 0.67414677 0.11866499
v -0.06279574 0.66797435 0.10485406
v -0.06737717 0.67451298 0.09402461
v -0.07847598 0.66710836 0.11626072
v -0.07511029 0.67339218 0.12687699
v -0.06386352 0.67311788 0.09372670
v -0.07770567 0.65622371 0.12014549
v -0.08174235 0.67034185 0.10957511
v -0.09206450 0.66411114 0.13623962
v -0.08595984 0.67181516 0.13572171
v -0.07903835 0.66942596 0.10781162
v -0.09052336 0.65653419 0.12938616
v -0.03560299 0.51805383 0.19039775
v -0.03406212 0.54066849 0.19330519
v -0.04764764 0.52203304 0.18345371
v -0.05920364 0.54400885 0.18978885
v -0.04607188 0.54437876 0.18762179
v -0.03127065 0.56202507 0.19216256
v -0.05810137 0.56585753 0.19224471
v -0.04485232 0.56510663 0.18797442
v -0.08118241 0.57369679 0.24914372
v -0.08362895 0.57758296 0.23050410
v -0.07347909 0.56979692 0.26056123
v -0.05450300 0.56316495 0.28006577
v -0.06646219 0.56597662 0.27181602
v -0.02837087 0.58126128 0.18807167
v -0.01861957 0.57764888 0.20595708
v -0.04289821 0.58377105 0.18311517
v -0.05867261 0.58452076 0.18854436
v -0.00581691 0.63699222 0.12258446
v -0.00806744 0.63259190 0.14092070
v -0.02420590 0.62602818 0.13443717
v -0.02473834 0.63793230 0.11897258
v -0.04380283 0.62813860 0.13616022
v -0.04280096 0.64150631 0.12088144
v -0.06092685 0.63170981 0.14244527
v -0.06065743 0.64407563 0.12620132
v -0.07620189 0.63532817 0.15086117
v -0.07732069 0.64627242 0.13452056
v -0.08828895 0.64221871 0.16100681
v -0.09065250 0.64984399 0.14343773
v -0.09416673 0.65219128 0.16825853
v -0.09522499 0.65901840 0.15048432
v 0.00132877 0.65040398 0.13266541
v -0.00230366 0.64509660 0.14986561
v -0.00693677 0.66267967 0.13831720
v -0.01032930 0.65853482 0.15543075
v -0.02317914 0.66563028 0.13798293
v -0.02567391 0.66089308 0.15670341
v -0.08707405 0.66340113 0.17050704
v -0.08721785 0.66979706 0.15169653
v -0.04206449 0.66800153 0.13962021
v -0.04387935 0.66214263 0.15888295
v -0.05983029 0.67070425 0.14336130
v -0.06087078 0.66421819 0.16331200
v -0.07498838 0.67184186 0.14802337
v -0.07527200 0.66567409 0.16802888
v -0.02313482 0.61479259 0.15442979
v -0.04408626 0.61294568 0.15267105
v -0.06074241 0.61652333 0.16022216
v -0.07428379 0.62268245 0.17052768
v -0.08497602 0.63252193 0.18155226
v -0.09124888 0.64300728 0.18831982
v -0.07592946 0.60721231 0.19350195
v -0.08125427 0.62441492 0.20468989
v -0.08527055 0.63588417 0.20996782
v -0.08006256 0.61720699 0.22819117
v -0.08090871 0.62968451 0.23173504
v -0.07464869 0.60749352 0.26798293
v -0.07569938 0.62083960 0.27243724
v -0.07857966 0.62380493 0.25343236
v -0.07728899 0.61111039 0.25044140
v -0.07960705 0.60118818 0.21704282
v -0.07998952 0.59450841 0.24117234
v -0.07576475 0.58990467 0.25895151
v -0.06366112 0.61413991 0.29467672
v -0.07150084 0.61774361 0.28520867
v -0.07112712 0.60414314 0.28062990
v -0.06482096 0.59985638 0.29132092
v -0.04996324 0.59611768 0.29988274
v -0.04796391 0.61159742 0.29987741
v -0.03216236 0.59743726 0.29181772
v -0.03109858 0.61230087 0.29353282
v -0.06446292 0.58264291 0.28112072
v -0.07107621 0.58649492 0.27119336
v -0.05219804 0.57872057 0.29000714
v -0.03627660 0.57980585 0.28325278
v -0.03009579 0.58403933 0.26771706
v -0.02620937 0.60260189 0.27459258
v -0.02267559 0.61571920 0.27764100
v -0.01224773 0.62701666 0.16313167
v -0.01085168 0.63821268 0.16961046
v -0.06049903 0.60064149 0.17650774
v -0.04299339 0.59810889 0.16968176
v -0.02342334 0.60003221 0.17780885
v -0.01388884 0.61893231 0.18667386
v -0.01641391 0.63198674 0.19348051
v -0.01935004 0.62677693 0.21505360
v -0.01523062 0.61460137 0.21040890
v -0.01684583 0.64828718 0.17528793
v -0.02302415 0.63910174 0.19729367
v -0.02500396 0.63327956 0.21819082
v -0.01887370 0.62301731 0.23467469
v -0.01728001 0.61118269 0.23065276
v -0.01921454 0.62004721 0.25041586
v -0.02044331 0.60727447 0.24655056
v -0.02351879 0.60467577 0.25966510
v -0.02053297 0.61777484 0.26369610
v -0.02249284 0.58848578 0.24261773
v -0.02611563 0.58571160 0.25436717
v -0.01837539 0.59305429 0.22666186
v -0.01663079 0.59641755 0.20531225
v -0.08561473 0.65476561 0.19140640
v -0.08209062 0.64575595 0.21229786
v -0.07748856 0.63844264 0.23350310
v -0.07386573 0.63344085 0.25512978
v -0.06897142 0.63032568 0.27255499
v -0.06431030 0.62776130 0.28322065
v -0.04515422 0.62121302 0.29416776
v -0.05745356 0.62417001 0.29104304
v -0.03323068 0.62144709 0.28978238
v -0.02658734 0.62512529 0.27720559
v -0.02463299 0.62827569 0.26548538
v -0.02380812 0.63106173 0.23772511
v -0.02341140 0.63002706 0.25321150
v -0.01626266 0.57415289 0.22607066
v -0.02114755 0.57068133 0.24240315
v -0.02578116 0.56768727 0.25365528
v -0.03877553 0.56206363 0.27658200
v -0.03030843 0.56495512 0.26339248
v -0.02985672 0.65289575 0.17771348
v -0.04659472 0.65419042 0.18086937
v -0.06213090 0.65594465 0.18560919
v -0.07492968 0.65706468 0.18977863
v -0.07328077 0.64903527 0.21147394
v -0.06154731 0.64808023 0.20874569
v -0.04699317 0.64676148 0.20488851
v -0.03303012 0.64350516 0.20046073
v -0.06902557 0.64238155 0.23253034
v -0.05854944 0.64244527 0.22991523
v -0.04537261 0.64093232 0.22686733
v -0.03342098 0.63848764 0.22201677
v -0.03185057 0.63601208 0.24163389
v -0.04234873 0.63727880 0.24675828
v -0.05395595 0.63811731 0.24972495
v -0.06393175 0.63738465 0.25325593
v -0.05987047 0.63348204 0.26879382
v -0.05057836 0.63412964 0.26469749
v -0.04015519 0.63383114 0.26154190
v -0.03151170 0.63333833 0.25711530
v -0.05625986 0.63085330 0.27767700
v -0.04438595 0.62614858 0.28739458
v -0.05173400 0.62827474 0.28446329
v -0.03652732 0.62637854 0.28547603
v -0.03276875 0.62877154 0.27646160
v -0.03175769 0.63117456 0.26725870
v -0.03953605 0.63157868 0.26988631
v -0.03933132 0.62957132 0.27652079
v -0.04876814 0.63164079 0.27312693
v -0.04652399 0.62945521 0.27892464
v -0.04009071 0.62785089 0.28182113
v -0.04368055 0.62790132 0.28290853
v -0.07435046 0.58454996 0.20494162
v -0.05393584 0.28097114 0.07481575
v -0.03852372 0.27726427 0.07988498
v -0.07157452 0.28029126 0.07229881
v -0.11757422 -0.08325946 -0.07093955
v -0.07591897 -0.28024632 -0.13044897
v -0.08614049 -0.31551936 -0.12984574
v -0.08027036 -0.29737222 -0.13010490
v -0.11819585 -0.05791903 -0.06703497
v -0.15142114 -0.34210306 -0.08484077
v -0.12861089 -0.47981194 -0.16154948
v -0.13537231 -0.76559353 -0.11449682
v -0.13304901 -0.76289856 -0.11297068
v -0.13151790 -0.76128209 -0.11027837
v -0.13065892 -0.76021028 -0.10696086
v -0.12972087 -0.75958955 -0.10365880
v -0.12808487 -0.76045978 -0.10065868
v -0.13333735 -0.76316416 -0.10812514
v -0.13096559 -0.76654989 -0.10614067
v -0.13153061 -0.76722157 -0.10812207
v -0.13398544 -0.76445282 -0.11017051
f 2 3 1
f 1 3 4
f 3 2 5
f 5 2 6
f 3 7 4
f 4 7 8
f 10 11 9
f 9 11 12
f 14 15 13
f 13 15 16
f 18 19 17
f 17 19 20
f 22 23 21
f 21 23 24
f 26 18 25
f 25 18 17
f 27 28 17
f 17 28 25
f 30 31 29
f 29 31 32
f 34 35 33
f 33 35 36
f 21 24 37
f 37 24 38
f 40 31 39
f 39 31 38
f 34 33 28
f 28 33 25
f 41 42 44
f 44 42 43
f 36 45 33
f 33 45 25
f 46 47 49
f 49 47 48
f 51 52 50
f 50 52 53
f 55 53 54
f 54 53 52
f 57 58 56
f 56 58 59
f 61 62 60
f 60 62 63
f 65 66 64
f 64 66 67
f 69 70 68
f 68 70 71
f 65 73 72
f 72 73 74
f 64 75 65
f 65 75 73
f 77 78 76
f 76 78 79
f 80 81 83
f 83 81 82
f 81 85 84
f 84 85 86
f 88 89 87
f 87 89 69
f 88 87 90
f 90 87 91
f 93 94 92
f 92 94 95
f 96 84 43
f 43 84 44
f 51 98 97
f 97 98 86
f 97 99 51
f 51 99 52
f 54 52 100
f 100 52 99
f 58 101 59
f 59 101 102
f 62 103 63
f 63 103 104
f 105 106 6
f 6 106 5
f 108 109 107
f 107 109 110
f 112 113 111
f 111 113 114
f 116 117 115
f 115 117 118
f 120 121 119
f 119 121 122
f 124 125 123
f 123 125 126
f 128 129 127
f 127 129 130
f 130 131 127
f 127 131 132
f 134 1 133
f 133 1 135
f 1 4 135
f 135 4 136
f 4 8 136
f 136 8 137
f 138 139 15
f 15 139 140
f 140 139 141
f 141 139 142
f 144 57 143
f 143 57 56
f 145 146 141
f 141 146 147
f 146 149 148
f 148 149 150
f 152 153 151
f 151 153 154
f 141 147 140
f 140 147 155
f 157 11 156
f 156 11 158
f 160 161 159
f 159 161 162
f 164 165 163
f 163 165 166
f 165 160 166
f 166 160 159
f 168 169 167
f 167 169 170
f 169 171 170
f 170 171 172
f 149 173 150
f 150 173 174
f 175 176 149
f 149 176 173
f 178 172 177
f 177 172 171
f 180 181 179
f 179 181 182
f 184 180 183
f 183 180 179
f 186 187 185
f 185 187 188
f 190 191 189
f 189 191 192
f 7 193 8
f 8 193 194
f 196 162 195
f 195 162 161
f 197 168 198
f 198 168 167
f 181 199 182
f 182 199 200
f 202 203 201
f 201 203 204
f 187 186 205
f 205 186 206
f 208 209 207
f 207 209 210
f 212 213 211
f 211 213 214
f 215 216 218
f 218 216 217
f 220 209 219
f 219 209 208
f 204 186 221
f 221 186 185
f 201 204 222
f 222 204 221
f 223 211 220
f 220 211 209
f 224 225 214
f 214 225 210
f 203 206 204
f 204 206 186
f 227 187 226
f 226 187 205
f 27 228 21
f 21 228 22
f 230 231 229
f 229 231 232
f 234 235 233
f 233 235 236
f 238 239 237
f 237 239 240
f 119 122 118
f 118 122 115
f 112 242 241
f 241 242 243
f 98 51 244
f 244 51 50
f 245 138 14
f 14 138 15
f 11 10 158
f 158 10 246
f 89 85 69
f 69 85 70
f 11 157 12
f 12 157 247
f 249 164 248
f 248 164 163
f 177 250 178
f 178 250 251
f 253 254 252
f 252 254 255
f 187 227 188
f 188 227 256
f 212 257 213
f 213 257 258
f 260 134 259
f 259 134 133
f 165 164 135
f 135 164 133
f 160 165 136
f 136 165 135
f 136 137 160
f 160 137 161
f 137 261 161
f 161 261 195
f 263 264 262
f 262 264 265
f 13 16 266
f 266 16 267
f 268 267 155
f 155 267 16
f 147 269 155
f 155 269 268
f 162 196 167
f 167 196 198
f 167 170 162
f 162 170 159
f 170 172 159
f 159 172 166
f 172 178 166
f 166 178 163
f 178 251 163
f 163 251 248
f 168 270 169
f 169 270 271
f 272 273 171
f 171 273 177
f 271 272 169
f 169 272 171
f 168 197 270
f 270 197 274
f 250 177 275
f 275 177 273
f 277 45 276
f 276 45 278
f 280 281 279
f 279 281 282
f 284 104 283
f 283 104 103
f 285 215 286
f 286 215 218
f 288 289 287
f 287 289 290
f 291 80 66
f 66 80 83
f 293 294 292
f 292 294 295
f 73 91 74
f 74 91 87
f 91 73 92
f 92 73 75
f 279 77 280
f 280 77 76
f 80 291 70
f 70 291 71
f 277 47 96
f 96 47 82
f 297 175 296
f 296 175 149
f 299 154 298
f 298 154 153
f 225 300 210
f 210 300 207
f 224 301 206
f 206 301 205
f 210 209 214
f 214 209 211
f 226 205 302
f 302 205 301
f 304 305 303
f 303 305 306
f 308 309 307
f 307 309 310
f 72 291 65
f 65 291 66
f 66 83 67
f 67 83 46
f 312 313 311
f 311 313 314
f 316 317 315
f 315 317 36
f 29 318 35
f 35 318 319
f 321 32 320
f 320 32 322
f 311 314 323
f 323 314 324
f 315 325 316
f 316 325 326
f 318 287 319
f 319 287 290
f 328 321 327
f 327 321 320
f 329 330 39
f 39 330 331
f 332 333 40
f 40 333 322
f 309 334 285
f 285 334 335
f 236 2 134
f 134 2 1
f 260 336 233
f 233 336 337
f 237 14 265
f 265 14 13
f 84 86 44
f 44 86 98
f 189 192 7
f 7 192 193
f 44 98 41
f 41 98 244
f 237 240 14
f 14 240 245
f 7 3 189
f 189 3 5
f 338 71 72
f 72 71 291
f 262 265 266
f 266 265 13
f 124 123 339
f 339 123 105
f 123 109 105
f 105 109 106
f 189 5 190
f 190 5 106
f 111 114 12
f 12 114 9
f 264 340 265
f 265 340 237
f 342 343 341
f 341 343 344
f 6 235 105
f 105 235 339
f 234 346 345
f 345 346 347
f 349 350 348
f 348 350 351
f 107 352 108
f 108 352 353
f 355 356 354
f 354 356 357
f 237 340 238
f 238 340 358
f 12 247 111
f 111 247 359
f 264 263 116
f 116 263 360
f 361 362 222
f 222 362 201
f 364 365 363
f 363 365 366
f 368 369 367
f 367 369 370
f 372 373 371
f 371 373 374
f 375 376 372
f 372 376 377
f 378 379 381
f 381 379 380
f 382 383 269
f 269 383 268
f 150 174 365
f 365 174 384
f 380 377 381
f 381 377 376
f 271 270 180
f 180 270 181
f 273 272 252
f 252 272 184
f 272 271 184
f 184 271 180
f 181 270 274
f 252 255 273
f 273 255 275
f 254 385 255
f 255 385 386
f 387 388 179
f 179 388 183
f 389 387 182
f 182 387 179
f 182 200 389
f 389 200 390
f 388 391 183
f 183 391 253
f 391 392 253
f 253 392 254
f 394 379 393
f 393 379 378
f 185 188 395
f 395 188 396
f 221 185 397
f 397 185 395
f 222 221 398
f 398 221 397
f 188 256 396
f 396 256 399
f 400 401 256
f 256 401 399
f 402 403 405
f 405 403 404
f 148 150 364
f 364 150 365
f 393 406 394
f 394 406 407
f 158 246 393
f 393 246 406
f 342 19 238
f 238 19 239
f 23 22 350
f 350 22 354
f 244 50 245
f 245 50 138
f 55 142 53
f 53 142 139
f 145 144 296
f 296 144 143
f 355 228 341
f 341 228 20
f 41 240 42
f 42 240 239
f 283 308 284
f 284 308 307
f 349 409 408
f 408 409 410
f 244 245 41
f 41 245 240
f 268 383 406
f 406 383 407
f 346 411 349
f 349 411 409
f 251 412 248
f 248 412 413
f 275 414 250
f 250 414 415
f 25 45 26
f 26 45 277
f 43 26 96
f 96 26 277
f 416 417 61
f 61 417 62
f 329 24 408
f 408 24 23
f 31 40 32
f 32 40 322
f 39 38 329
f 329 38 24
f 37 38 30
f 30 38 31
f 418 419 421
f 421 419 420
f 78 295 79
f 79 295 294
f 124 339 422
f 422 339 345
f 232 131 357
f 357 131 351
f 2 236 6
f 6 236 235
f 252 184 253
f 253 184 183
f 227 423 256
f 256 423 400
f 423 227 305
f 305 227 226
f 424 258 425
f 425 258 257
f 426 427 212
f 212 427 257
f 259 133 249
f 249 133 164
f 419 418 428
f 428 418 429
f 327 430 328
f 328 430 288
f 49 431 46
f 46 431 67
f 306 302 424
f 424 302 258
f 313 432 314
f 314 432 433
f 32 321 29
f 29 321 318
f 324 314 433
f 287 318 328
f 328 318 321
f 134 260 236
f 236 260 233
f 345 339 234
f 234 339 235
f 357 351 354
f 354 351 350
f 408 23 349
f 349 23 350
f 317 278 36
f 36 278 45
f 432 313 429
f 429 313 428
f 435 428 434
f 434 428 313
f 42 239 18
f 18 239 19
f 43 42 26
f 26 42 18
f 121 120 436
f 436 120 437
f 302 301 258
f 258 301 213
f 110 109 126
f 126 109 123
f 238 358 342
f 342 358 343
f 341 20 342
f 342 20 19
f 322 438 320
f 320 438 439
f 320 439 327
f 327 439 430
f 333 440 322
f 322 440 438
f 289 288 323
f 323 288 430
f 115 340 116
f 116 340 264
f 146 145 149
f 149 145 296
f 15 140 16
f 16 140 155
f 441 442 152
f 152 442 153
f 225 224 203
f 203 224 206
f 175 297 154
f 154 297 151
f 293 443 294
f 294 443 444
f 248 413 249
f 249 413 445
f 446 447 400
f 400 447 401
f 388 387 396
f 396 387 395
f 387 389 395
f 395 389 397
f 391 388 399
f 399 388 396
f 401 392 399
f 399 392 391
f 255 386 275
f 275 386 414
f 449 450 448
f 448 450 451
f 335 452 285
f 285 452 215
f 453 298 442
f 442 298 153
f 211 223 212
f 212 223 426
f 425 257 454
f 454 257 427
f 266 10 262
f 262 10 9
f 360 113 456
f 456 113 455
f 8 194 137
f 137 194 261
f 10 266 246
f 246 266 267
f 203 202 225
f 225 202 300
f 262 9 263
f 263 9 114
f 108 353 190
f 190 353 191
f 389 390 397
f 397 390 398
f 457 422 128
f 128 422 129
f 156 158 378
f 378 158 393
f 347 346 348
f 348 346 349
f 447 458 401
f 401 458 392
f 364 382 148
f 148 382 269
f 55 54 57
f 57 54 58
f 75 64 459
f 459 64 460
f 100 90 101
f 101 90 95
f 101 58 100
f 100 58 54
f 142 55 144
f 144 55 57
f 147 146 269
f 269 146 148
f 459 93 75
f 75 93 92
f 144 145 142
f 142 145 141
f 228 27 20
f 20 27 17
f 154 299 175
f 175 299 176
f 214 213 224
f 224 213 301
f 424 461 306
f 306 461 303
f 285 286 309
f 309 286 310
f 462 334 308
f 308 334 309
f 302 306 226
f 226 306 305
f 37 28 21
f 21 28 27
f 29 35 30
f 30 35 34
f 30 34 37
f 37 34 28
f 344 436 356
f 356 436 229
f 325 290 326
f 326 290 289
f 311 439 312
f 312 439 438
f 35 319 36
f 36 319 315
f 439 311 430
f 430 311 323
f 315 319 325
f 325 319 290
f 440 463 438
f 438 463 312
f 341 344 355
f 355 344 356
f 360 456 116
f 116 456 117
f 354 22 355
f 355 22 228
f 326 289 324
f 324 289 323
f 74 87 68
f 68 87 69
f 50 53 138
f 138 53 139
f 268 406 267
f 267 406 246
f 190 106 108
f 108 106 109
f 241 455 112
f 112 455 113
f 358 122 343
f 343 122 121
f 129 347 130
f 130 347 348
f 348 351 130
f 130 351 131
f 229 232 356
f 356 232 357
f 340 115 358
f 358 115 122
f 111 359 112
f 112 359 242
f 125 124 457
f 457 124 422
f 231 132 232
f 232 132 131
f 343 121 344
f 344 121 436
f 263 114 360
f 360 114 113
f 347 129 345
f 345 129 422
f 230 229 437
f 437 229 436
f 464 446 423
f 423 446 400
f 465 466 468
f 468 466 467
f 470 471 469
f 469 471 472
f 469 472 373
f 373 472 374
f 474 469 473
f 473 469 373
f 471 475 472
f 472 475 476
f 472 477 374
f 374 477 478
f 477 472 476
f 479 480 476
f 476 480 477
f 473 373 377
f 377 373 372
f 481 482 479
f 479 482 480
f 483 484 481
f 481 484 482
f 403 402 485
f 485 402 486
f 487 488 483
f 483 488 484
f 487 489 488
f 488 489 490
f 489 491 490
f 490 491 492
f 491 493 492
f 492 493 494
f 493 495 494
f 494 495 496
f 497 498 481
f 481 498 483
f 484 499 482
f 482 499 367
f 370 480 367
f 367 480 482
f 480 370 477
f 477 370 478
f 500 497 479
f 479 497 481
f 451 473 380
f 380 473 377
f 448 451 379
f 379 451 380
f 501 502 504
f 504 502 503
f 449 505 507
f 507 505 506
f 486 508 505
f 505 508 506
f 508 509 506
f 506 509 510
f 511 507 510
f 510 507 506
f 509 508 512
f 512 508 513
f 515 509 514
f 514 509 512
f 509 515 510
f 510 515 516
f 510 516 511
f 511 516 517
f 486 505 485
f 485 505 518
f 505 449 518
f 518 449 448
f 383 382 403
f 403 382 404
f 363 404 364
f 364 404 382
f 403 485 383
f 383 485 407
f 519 520 361
f 361 520 362
f 522 496 521
f 521 496 495
f 450 474 451
f 451 474 473
f 363 366 523
f 523 366 524
f 525 499 488
f 488 499 484
f 488 490 525
f 525 490 526
f 496 522 520
f 520 522 527
f 494 496 519
f 519 496 520
f 492 494 528
f 528 494 519
f 529 530 495
f 495 530 521
f 490 492 526
f 526 492 528
f 529 495 531
f 531 495 493
f 533 534 532
f 532 534 535
f 523 524 533
f 533 524 534
f 486 402 532
f 532 402 533
f 529 536 530
f 530 536 537
f 536 538 537
f 537 538 539
f 540 541 539
f 539 541 537
f 530 537 535
f 535 537 541
f 542 539 543
f 543 539 538
f 539 542 540
f 540 542 544
f 541 540 513
f 513 540 512
f 540 544 512
f 512 544 514
f 546 547 545
f 545 547 548
f 549 550 531
f 531 550 551
f 550 549 552
f 552 549 553
f 546 550 554
f 554 550 552
f 547 546 555
f 555 546 554
f 498 556 558
f 558 556 557
f 559 557 560
f 560 557 556
f 561 562 560
f 560 562 559
f 557 559 552
f 552 559 554
f 559 562 554
f 554 562 555
f 558 557 553
f 553 557 552
f 475 471 563
f 563 471 564
f 565 563 567
f 567 563 566
f 471 470 564
f 564 470 466
f 564 466 568
f 568 466 465
f 568 465 569
f 569 465 570
f 572 573 571
f 571 573 574
f 569 575 567
f 567 575 576
f 577 565 576
f 576 565 567
f 578 579 581
f 581 579 580
f 575 561 576
f 576 561 560
f 556 577 560
f 560 577 576
f 577 556 497
f 497 556 498
f 565 577 500
f 500 577 497
f 563 565 475
f 475 565 500
f 553 489 558
f 558 489 487
f 531 493 549
f 549 493 491
f 489 553 491
f 491 553 549
f 394 407 518
f 518 407 485
f 518 448 394
f 394 448 379
f 545 548 538
f 538 548 543
f 551 545 536
f 536 545 538
f 536 529 551
f 551 529 531
f 507 582 449
f 449 582 450
f 511 583 507
f 507 583 582
f 511 517 583
f 583 517 584
f 585 586 588
f 588 586 587
f 590 591 589
f 589 591 592
f 591 590 593
f 593 590 594
f 596 597 595
f 595 597 598
f 599 600 602
f 602 600 601
f 604 605 603
f 603 605 606
f 608 609 607
f 607 609 610
f 612 613 611
f 611 613 614
f 615 616 618
f 618 616 617
f 620 621 619
f 619 621 622
f 624 625 623
f 623 625 626
f 628 629 627
f 627 629 630
f 632 633 631
f 631 633 634
f 635 636 638
f 638 636 637
f 639 640 642
f 642 640 641
f 644 645 643
f 643 645 646
f 619 622 647
f 647 622 648
f 650 651 649
f 649 651 652
f 601 653 602
f 602 653 654
f 656 657 655
f 655 657 658
f 660 661 659
f 659 661 662
f 664 665 663
f 663 665 666
f 593 594 667
f 667 594 668
f 669 670 672
f 672 670 671
f 673 674 676
f 676 674 675
f 633 632 677
f 677 632 678
f 663 666 679
f 679 666 680
f 681 682 684
f 684 682 683
f 686 687 685
f 685 687 688
f 690 661 689
f 689 661 691
f 693 686 692
f 692 686 685
f 695 597 694
f 694 597 668
f 594 696 668
f 668 696 694
f 697 698 696
f 696 698 699
f 700 701 697
f 697 701 698
f 702 585 703
f 703 585 588
f 671 690 672
f 672 690 689
f 640 639 704
f 704 639 705
f 679 706 663
f 663 706 658
f 708 709 707
f 707 709 710
f 711 712 610
f 610 712 607
f 713 714 716
f 716 714 715
f 717 718 720
f 720 718 719
f 722 634 721
f 721 634 633
f 724 725 723
f 723 725 726
f 728 729 727
f 727 729 730
f 732 733 731
f 731 733 734
f 707 710 735
f 735 710 736
f 643 737 644
f 644 737 738
f 740 741 739
f 739 741 742
f 608 744 743
f 743 744 745
f 747 748 746
f 746 748 749
f 751 752 750
f 750 752 753
f 754 755 757
f 757 755 756
f 758 759 761
f 761 759 760
f 763 764 762
f 762 764 765
f 767 768 766
f 766 768 769
f 771 772 770
f 770 772 773
f 775 776 774
f 774 776 777
f 779 780 778
f 778 780 781
f 783 712 782
f 782 712 784
f 785 786 788
f 788 786 787
f 790 628 789
f 789 628 627
f 792 793 791
f 791 793 794
f 795 796 726
f 726 796 723
f 798 799 797
f 797 799 800
f 721 633 801
f 801 633 677
f 797 800 802
f 802 800 803
f 805 806 804
f 804 806 807
f 809 810 808
f 808 810 811
f 813 814 812
f 812 814 815
f 809 808 817
f 817 808 816
f 818 819 804
f 804 819 805
f 820 821 818
f 818 821 819
f 821 820 587
f 587 820 822
f 809 823 810
f 810 823 824
f 814 807 815
f 815 807 806
f 826 426 825
f 825 426 223
f 426 826 427
f 427 826 827
f 828 829 454
f 454 829 830
f 831 832 677
f 677 832 801
f 834 835 833
f 833 835 836
f 838 839 837
f 837 839 840
f 841 842 844
f 844 842 843
f 845 846 803
f 803 846 802
f 847 831 678
f 678 831 677
f 848 849 851
f 851 849 850
f 853 854 852
f 852 854 855
f 857 858 856
f 856 858 680
f 860 861 859
f 859 861 862
f 864 865 863
f 863 865 866
f 868 869 867
f 867 869 870
f 839 871 840
f 840 871 872
f 849 848 874
f 874 848 873
f 876 877 875
f 875 877 878
f 880 881 879
f 879 881 882
f 883 884 886
f 886 884 885
f 846 887 802
f 802 887 888
f 890 891 889
f 889 891 888
f 893 894 892
f 892 894 895
f 896 897 728
f 728 897 729
f 899 900 898
f 898 900 901
f 902 852 904
f 904 852 903
f 849 905 850
f 850 905 906
f 875 878 907
f 907 878 908
f 910 911 909
f 909 911 912
f 914 915 913
f 913 915 916
f 917 918 862
f 862 918 859
f 919 920 856
f 856 920 921
f 923 924 922
f 922 924 925
f 926 927 925
f 925 927 922
f 929 930 928
f 928 930 693
f 932 695 931
f 931 695 694
f 823 867 824
f 824 867 933
f 935 936 934
f 934 936 937
f 938 868 823
f 823 868 867
f 940 847 939
f 939 847 678
f 632 655 678
f 678 655 939
f 941 942 619
f 619 942 620
f 687 943 688
f 688 943 944
f 851 850 945
f 945 850 903
f 850 906 903
f 903 906 904
f 946 947 949
f 949 947 948
f 951 952 950
f 950 952 953
f 955 956 954
f 954 956 957
f 907 958 875
f 875 958 874
f 960 961 959
f 959 961 962
f 963 853 902
f 902 853 852
f 909 964 910
f 910 964 965
f 967 968 966
f 966 968 969
f 971 972 970
f 970 972 973
f 974 960 975
f 975 960 959
f 977 978 976
f 976 978 979
f 981 977 980
f 980 977 976
f 980 982 981
f 981 982 983
f 985 983 984
f 984 983 982
f 984 986 985
f 985 986 987
f 989 990 988
f 988 990 991
f 993 994 992
f 992 994 995
f 997 998 996
f 996 998 999
f 1001 1002 1000
f 1000 1002 1003
f 1005 1006 1004
f 1004 1006 1007
f 1004 1008 1005
f 1005 1008 1009
f 1008 1010 1009
f 1009 1010 1011
f 1013 1011 1012
f 1012 1011 1010
f 1014 1015 1017
f 1017 1015 1016
f 1019 1020 1018
f 1018 1020 1021
f 1022 1023 976
f 976 1023 980
f 1024 1025 982
f 982 1025 984
f 992 995 1026
f 1026 995 1027
f 956 955 1028
f 1028 955 1029
f 1030 1031 1033
f 1033 1031 1032
f 1010 1008 1034
f 1034 1008 1035
f 1008 1004 1035
f 1035 1004 1036
f 1037 1038 1002
f 1002 1038 1007
f 1002 1001 1037
f 1037 1001 1039
f 1040 1041 997
f 997 1041 998
f 1015 1014 1043
f 1043 1014 1042
f 1044 1045 1047
f 1047 1045 1046
f 1044 1020 1048
f 1048 1020 1049
f 1050 1051 1003
f 1003 1051 1000
f 1052 1050 1006
f 1006 1050 1003
f 1053 1054 1011
f 1011 1054 1009
f 1013 1045 1055
f 1055 1045 1056
f 1058 1059 1057
f 1057 1059 1060
f 1062 1063 1061
f 1061 1063 1064
f 1065 1066 1050
f 1050 1066 1051
f 1067 1065 1052
f 1052 1065 1050
f 1068 1069 1054
f 1054 1069 1070
f 1071 1068 1053
f 1053 1068 1054
f 1073 1071 1072
f 1072 1071 1074
f 1074 1071 1055
f 1055 1071 1053
f 1076 1077 1075
f 1075 1077 1078
f 1079 1080 1057
f 1057 1080 1058
f 1081 1082 1064
f 1064 1082 1061
f 1084 1085 1083
f 1083 1085 1086
f 1088 1089 1087
f 1087 1089 1090
f 1092 1093 1091
f 1091 1093 1094
f 1096 1097 1095
f 1095 1097 1098
f 1099 1100 1102
f 1102 1100 1101
f 1103 1104 1099
f 1099 1104 1100
f 1106 1107 1105
f 1105 1107 1108
f 1110 1111 1109
f 1109 1111 1112
f 1114 1115 1113
f 1113 1115 1116
f 1118 1119 1117
f 1117 1119 1077
f 1117 1120 1122
f 1122 1120 1121
f 1105 1123 1106
f 1106 1123 1124
f 1125 1126 1128
f 1128 1126 1127
f 1130 1131 1129
f 1129 1131 1132
f 1134 1135 1133
f 1133 1135 1114
f 1113 1136 1114
f 1114 1136 1133
f 1118 1137 1113
f 1113 1137 1136
f 1118 1117 1137
f 1137 1117 1122
f 1139 1140 1138
f 1138 1140 1141
f 1143 953 1142
f 1142 953 952
f 1145 957 1144
f 1144 957 956
f 1028 1146 956
f 956 1146 1144
f 1014 1147 1042
f 1042 1147 1148
f 1014 1017 1147
f 1147 1017 1149
f 1059 1058 1150
f 1150 1058 1151
f 1153 1080 1152
f 1152 1080 1154
f 1156 1088 1155
f 1155 1088 1087
f 1157 1158 1106
f 1106 1158 1107
f 1106 1124 1157
f 1157 1124 1159
f 1161 1162 1160
f 1160 1162 1163
f 1165 1166 1164
f 1164 1166 1167
f 1168 1031 1012
f 1012 1031 1046
f 1024 1023 1035
f 1035 1023 1034
f 1036 1038 1025
f 1025 1038 1169
f 1170 1171 1039
f 1039 1171 1037
f 1028 1029 1042
f 1042 1029 1043
f 1172 1173 1175
f 1175 1173 1174
f 1055 1053 1013
f 1013 1053 1011
f 1005 1009 1070
f 1070 1009 1054
f 996 999 1062
f 1062 999 1063
f 1016 1060 1017
f 1017 1060 1059
f 1017 1059 1149
f 1149 1059 1150
f 1177 1178 1176
f 1176 1178 1103
f 1176 1072 1179
f 1179 1072 1074
f 1073 1102 1086
f 1086 1102 1083
f 1180 1181 1067
f 1067 1181 1065
f 1182 1183 1184
f 1184 1183 1181
f 1186 1187 1185
f 1185 1187 1188
f 1189 1190 798
f 798 1190 799
f 1192 1193 1191
f 1191 1193 1194
f 1195 1196 1194
f 1194 1196 1191
f 1196 1195 1198
f 1198 1195 1197
f 1200 674 1199
f 1199 674 673
f 928 1201 1203
f 1203 1201 1202
f 861 1204 862
f 862 1204 921
f 1205 1206 913
f 913 1206 1207
f 882 1208 879
f 879 1208 1209
f 1210 1211 1167
f 1167 1211 1164
f 1212 769 1213
f 1213 769 768
f 727 1214 728
f 728 1214 1215
f 1217 1218 1216
f 1216 1218 1219
f 1220 813 1221
f 1221 813 812
f 827 828 427
f 427 828 454
f 1223 1224 1222
f 1222 1224 1165
f 1226 1227 1225
f 1225 1227 1228
f 851 1229 848
f 848 1229 1230
f 834 854 835
f 835 854 1231
f 1233 1234 1232
f 1232 1234 1235
f 1237 751 1236
f 1236 751 750
f 743 819 1238
f 1238 819 821
f 1240 1241 1239
f 1239 1241 1242
f 1244 1245 1243
f 1243 1245 1246
f 844 1247 841
f 841 1247 1248
f 1250 1251 1249
f 1249 1251 1252
f 1254 893 1253
f 1253 893 1237
f 1255 1256 1258
f 1258 1256 1257
f 1260 1261 1259
f 1259 1261 1262
f 945 903 855
f 855 903 852
f 855 1263 945
f 945 1263 1264
f 832 845 801
f 801 845 803
f 800 721 803
f 803 721 801
f 721 800 722
f 722 800 799
f 1266 1267 1265
f 1265 1267 1268
f 1270 795 1269
f 1269 795 726
f 725 1271 726
f 726 1271 1269
f 737 765 738
f 738 765 764
f 759 740 760
f 760 740 739
f 717 1272 1274
f 1274 1272 1273
f 1163 1226 1275
f 1275 1226 1225
f 1277 882 1276
f 1276 882 881
f 1041 1040 1027
f 1027 1040 1026
f 900 935 901
f 901 935 934
f 1164 1278 1165
f 1165 1278 1222
f 1211 1279 1164
f 1164 1279 1278
f 442 1280 453
f 453 1280 1281
f 788 1282 785
f 785 1282 1283
f 1285 1286 1284
f 1284 1286 1287
f 1284 1288 1285
f 1285 1288 1289
f 757 1289 754
f 754 1289 1288
f 605 604 675
f 675 604 676
f 1290 1291 1293
f 1293 1291 1292
f 1295 1296 1294
f 1294 1296 1297
f 696 699 694
f 694 699 931
f 1298 1299 592
f 592 1299 589
f 1299 1300 589
f 589 1300 700
f 1300 1301 700
f 700 1301 701
f 743 745 819
f 819 745 805
f 1303 1304 1302
f 1302 1304 1305
f 1306 1307 1305
f 1305 1307 1302
f 609 1298 610
f 610 1298 592
f 587 822 588
f 588 822 1308
f 703 588 1309
f 1309 588 1308
f 1310 703 571
f 571 703 1309
f 1311 1312 789
f 789 1312 790
f 825 223 1313
f 1313 223 220
f 219 1314 220
f 220 1314 1313
f 1315 1316 1311
f 1311 1316 1312
f 1317 1318 1319
f 1319 1318 1241
f 441 1320 442
f 442 1320 1280
f 1321 217 572
f 572 217 216
f 1323 1230 1322
f 1322 1230 1229
f 1324 1325 631
f 631 1325 656
f 1034 1168 1010
f 1010 1168 1012
f 1327 1328 1326
f 1326 1328 1329
f 1331 1202 1330
f 1330 1202 1201
f 571 1309 572
f 572 1309 1321
f 573 572 1332
f 1332 572 216
f 1334 1335 1333
f 1333 1335 1336
f 1337 1338 918
f 918 1338 859
f 1339 863 1340
f 1340 863 866
f 1341 1342 1344
f 1344 1342 1343
f 1345 1346 919
f 919 1346 920
f 1347 1348 673
f 673 1348 1199
f 693 1349 928
f 928 1349 1201
f 1351 1257 1350
f 1350 1257 1256
f 1350 1352 1351
f 1351 1352 1353
f 653 930 654
f 654 930 662
f 1279 1354 1278
f 1278 1354 1355
f 1357 1358 1356
f 1356 1358 1359
f 937 1360 1140
f 1140 1360 1361
f 1225 1228 909
f 909 1228 964
f 901 934 1362
f 1362 934 1139
f 1364 1365 1363
f 1363 1365 1362
f 1367 912 1366
f 1366 912 911
f 1143 1142 1368
f 1368 1142 1369
f 1144 1186 1145
f 1145 1186 1185
f 1146 1175 1144
f 1144 1175 1186
f 1175 1146 1172
f 1172 1146 1148
f 1147 1018 1148
f 1148 1018 1172
f 1018 1147 1019
f 1019 1147 1149
f 1149 1150 1019
f 1019 1150 1370
f 1150 1151 1370
f 1370 1151 1371
f 1151 1153 1371
f 1371 1153 1177
f 1152 1156 1178
f 1178 1156 1372
f 1155 1158 1373
f 1373 1158 1374
f 1157 1159 1376
f 1376 1159 1375
f 1378 1379 1377
f 1377 1379 1380
f 1382 1383 1381
f 1381 1383 1384
f 1382 1386 1385
f 1385 1386 1387
f 1386 1233 1387
f 1387 1233 1232
f 1389 1390 1388
f 1388 1390 1391
f 1393 1394 1392
f 1392 1394 1395
f 1397 1398 1396
f 1396 1398 1399
f 629 1397 630
f 630 1397 1396
f 1342 1400 1343
f 1343 1400 1401
f 1403 1404 1402
f 1402 1404 1405
f 1407 1408 1406
f 1406 1408 1409
f 1411 1412 1410
f 1410 1412 1413
f 793 1414 794
f 794 1414 1415
f 1417 1341 1416
f 1416 1341 1344
f 704 705 1347
f 1347 705 1418
f 741 1419 742
f 742 1419 1420
f 1422 669 1421
f 1421 669 672
f 645 1423 646
f 646 1423 1424
f 1196 1198 614
f 614 1198 611
f 613 1425 614
f 614 1425 1426
f 1427 616 659
f 659 616 660
f 614 1426 1196
f 1196 1426 1191
f 696 594 697
f 697 594 590
f 697 590 700
f 700 590 589
f 703 1310 702
f 702 1310 1428
f 1421 672 1192
f 1192 672 689
f 1271 648 1269
f 1269 648 622
f 621 1270 622
f 622 1270 1269
f 1429 1430 1417
f 1417 1430 1341
f 1431 1432 1434
f 1434 1432 1433
f 1436 1437 1435
f 1435 1437 1438
f 1440 1441 1439
f 1439 1441 1442
f 1443 1444 1446
f 1446 1444 1445
f 823 809 938
f 938 809 817
f 810 1447 811
f 811 1447 1448
f 1449 1450 679
f 679 1450 706
f 913 916 1205
f 1205 916 1451
f 1275 1225 912
f 912 1225 909
f 1452 1453 880
f 880 1453 881
f 1444 1401 1445
f 1445 1401 1400
f 936 1454 937
f 937 1454 1360
f 824 1455 810
f 810 1455 1447
f 631 656 632
f 632 656 655
f 966 1456 967
f 967 1456 1457
f 1459 1460 1458
f 1458 1460 1461
f 1460 1462 1461
f 1461 1462 1463
f 972 974 973
f 973 974 975
f 990 995 991
f 991 995 994
f 1464 1187 1033
f 1033 1187 1174
f 1018 1021 1172
f 1172 1021 1173
f 1000 999 1001
f 1001 999 998
f 976 979 1022
f 1022 979 1032
f 1023 1024 980
f 980 1024 982
f 989 986 1171
f 1171 986 1169
f 1171 1170 989
f 989 1170 990
f 1170 1027 990
f 990 1027 995
f 1041 1039 998
f 998 1039 1001
f 1051 1063 1000
f 1000 1063 999
f 1066 1064 1051
f 1051 1064 1063
f 1183 1081 1066
f 1066 1081 1064
f 1178 1372 1103
f 1103 1372 1104
f 1092 1091 1465
f 1465 1091 1182
f 1467 1465 1466
f 1466 1465 1468
f 1469 1470 1184
f 1184 1470 1468
f 1095 1098 1471
f 1471 1098 1101
f 1076 1374 1120
f 1120 1374 1376
f 1110 1472 1127
f 1127 1472 1132
f 1472 1473 1132
f 1132 1473 1129
f 1474 1475 1466
f 1466 1475 1473
f 1119 1118 1116
f 1116 1118 1113
f 1375 1121 1376
f 1376 1121 1120
f 1127 1132 1128
f 1128 1132 1131
f 1227 1476 1228
f 1228 1476 1361
f 1365 1477 1362
f 1362 1477 872
f 1478 1479 1323
f 1323 1479 1230
f 1480 1481 914
f 914 1481 915
f 913 1277 914
f 914 1277 1276
f 1168 1034 1022
f 1022 1034 1023
f 1035 1036 1024
f 1024 1036 1025
f 1039 1041 1170
f 1170 1041 1027
f 1042 1148 1028
f 1028 1148 1146
f 968 1459 969
f 969 1459 1458
f 1482 1483 664
f 664 1483 665
f 1485 1486 1484
f 1484 1486 1487
f 1489 1490 1488
f 1488 1490 1491
f 1492 1493 722
f 722 1493 634
f 1495 1496 1494
f 1494 1496 1497
f 1498 1207 1339
f 1339 1207 863
f 1224 1499 1165
f 1165 1499 1166
f 1160 1163 1500
f 1500 1163 1275
f 1500 877 1160
f 1160 877 1501
f 876 873 1502
f 1502 873 1479
f 945 1264 851
f 851 1264 1229
f 835 1231 839
f 839 1231 871
f 1503 1283 778
f 778 1283 1282
f 716 715 1505
f 1505 715 1504
f 1446 1445 1507
f 1507 1445 1506
f 779 792 1381
f 1381 792 791
f 1430 1409 1341
f 1341 1409 1342
f 1411 1429 1508
f 1508 1429 1417
f 635 1510 1509
f 1509 1510 1511
f 1377 1380 1315
f 1315 1380 1316
f 1445 1400 1506
f 1506 1400 1408
f 918 917 1336
f 1336 917 1333
f 1513 1514 1512
f 1512 1514 870
f 1515 1516 1363
f 1363 1516 1364
f 1453 1517 881
f 881 1517 1276
f 992 1518 993
f 993 1518 1519
f 1520 1029 1518
f 1518 1029 955
f 1520 1026 1521
f 1521 1026 1040
f 1522 1015 1521
f 1521 1015 1043
f 996 1523 997
f 997 1523 1522
f 1060 1016 1524
f 1524 1016 1523
f 1061 1525 1062
f 1062 1525 1524
f 1079 1527 1526
f 1526 1527 1528
f 1093 1529 1094
f 1094 1529 1528
f 1111 1530 1112
f 1112 1530 1531
f 1532 1533 1105
f 1105 1533 1123
f 934 937 1139
f 1139 937 1140
f 1138 1363 1139
f 1139 1363 1362
f 1534 1222 1355
f 1355 1222 1278
f 1535 1223 1534
f 1534 1223 1222
f 821 587 1238
f 1238 587 586
f 1319 711 1317
f 1317 711 1536
f 1538 1200 1537
f 1537 1200 1199
f 1508 1417 1539
f 1539 1417 1416
f 1540 1541 840
f 840 1541 837
f 1231 898 871
f 871 898 901
f 1500 1275 1367
f 1367 1275 912
f 1543 1379 1542
f 1542 1379 1395
f 1539 772 1508
f 1508 772 1544
f 1546 1403 1545
f 1545 1403 1402
f 1548 1549 1547
f 1547 1549 1550
f 1552 1548 1551
f 1551 1548 1547
f 1554 1555 1553
f 1553 1555 1556
f 1558 1559 1557
f 1557 1559 1560
f 1562 1563 1561
f 1561 1563 1564
f 1566 1567 1565
f 1565 1567 1568
f 1570 1571 1569
f 1569 1571 1572
f 1574 1575 1573
f 1573 1575 1576
f 1577 1578 1572
f 1572 1578 1569
f 1580 1581 1579
f 1579 1581 1582
f 1584 1585 1583
f 1583 1585 1586
f 1588 1555 1587
f 1587 1555 1589
f 1591 1592 1590
f 1590 1592 1593
f 1595 1596 1594
f 1594 1596 1597
f 1596 1581 1597
f 1597 1581 1576
f 1599 1570 1598
f 1598 1570 1569
f 1601 1602 1600
f 1600 1602 1603
f 1605 1606 1604
f 1604 1606 1607
f 1608 1609 1568
f 1568 1609 1565
f 1611 1612 1610
f 1610 1612 1613
f 1615 1616 1614
f 1614 1616 1617
f 1619 1617 1618
f 1618 1617 1616
f 1621 1622 1620
f 1620 1622 1623
f 1625 1626 1624
f 1624 1626 1627
f 1629 1630 1628
f 1628 1630 1631
f 1633 1634 1632
f 1632 1634 1635
f 1636 1637 1639
f 1639 1637 1638
f 1641 1642 1640
f 1640 1642 1643
f 1624 1627 1644
f 1644 1627 1645
f 1647 1648 1646
f 1646 1648 1649
f 1651 1652 1650
f 1650 1652 1653
f 1655 1656 1654
f 1654 1656 1657
f 1659 1660 1658
f 1658 1660 1661
f 1662 1663 1631
f 1631 1663 1628
f 1651 1665 1664
f 1664 1665 1666
f 1667 1656 1619
f 1619 1656 1617
f 1669 1670 1668
f 1668 1670 1671
f 1632 1635 1672
f 1672 1635 1673
f 1674 1675 1638
f 1638 1675 1639
f 1677 1678 1676
f 1676 1678 1679
f 1680 1640 1681
f 1681 1640 1643
f 1682 1683 1643
f 1643 1683 1681
f 1670 1669 1235
f 1235 1669 1232
f 1396 1399 1674
f 1674 1399 1675
f 627 630 1679
f 1679 630 1676
f 1681 1315 1680
f 1680 1315 1311
f 1683 1377 1681
f 1681 1377 1315
f 1672 1673 1387
f 1387 1673 1385
f 1636 1684 1646
f 1646 1684 1685
f 1687 1688 1686
f 1686 1688 1689
f 1585 1690 1586
f 1586 1690 1691
f 1599 1692 1551
f 1551 1692 1693
f 1552 1558 1694
f 1694 1558 1557
f 1696 1615 1695
f 1695 1615 1614
f 1698 1699 1697
f 1697 1699 1623
f 1700 1701 1703
f 1703 1701 1702
f 1705 1706 1704
f 1704 1706 1707
f 1708 1709 1640
f 1640 1709 1641
f 1710 1711 1713
f 1713 1711 1712
f 1652 1655 1653
f 1653 1655 1654
f 1714 1699 1712
f 1712 1699 1713
f 1715 1710 1716
f 1716 1710 1713
f 1717 1708 1680
f 1680 1708 1640
f 1393 1392 1715
f 1715 1392 1710
f 1719 1720 1718
f 1718 1720 1721
f 1680 1311 1717
f 1717 1311 789
f 1378 1711 1392
f 1392 1711 1710
f 1388 1391 1719
f 1719 1391 1720
f 1723 1606 1722
f 1722 1606 1689
f 1725 1568 1724
f 1724 1568 1567
f 1726 1647 1685
f 1685 1647 1646
f 1728 1554 1727
f 1727 1554 1553
f 1591 1687 1600
f 1600 1687 1686
f 1730 1595 1729
f 1729 1595 1594
f 1601 1605 1731
f 1731 1605 1604
f 1733 1663 1732
f 1732 1663 1734
f 1736 1639 1735
f 1735 1639 1675
f 1658 1644 1737
f 1737 1644 1645
f 1726 1662 1724
f 1724 1662 1631
f 1399 1738 1675
f 1675 1738 1735
f 1621 1667 1739
f 1739 1667 1619
f 1714 1740 1620
f 1620 1740 1741
f 1592 1549 1593
f 1593 1549 1742
f 1602 1571 1603
f 1603 1571 1550
f 1688 1690 1689
f 1689 1690 1722
f 1588 1559 1582
f 1582 1559 1579
f 1673 1735 1385
f 1385 1735 1738
f 1387 1232 1672
f 1672 1232 1669
f 1580 1692 1573
f 1573 1692 1743
f 1377 1683 1378
f 1378 1683 1711
f 1664 1666 1744
f 1744 1666 1745
f 1744 1696 1664
f 1664 1696 1695
f 1746 1747 1732
f 1732 1747 1748
f 1749 1750 1677
f 1677 1750 1678
f 1709 1708 1750
f 1750 1708 1678
f 1668 1632 1669
f 1669 1632 1672
f 1633 1746 1734
f 1734 1746 1732
f 1679 1678 1717
f 1717 1678 1708
f 789 627 1717
f 1717 627 1679
f 1563 1723 1564
f 1564 1723 1722
f 1728 1584 1751
f 1751 1584 1583
f 1674 1676 1396
f 1396 1676 630
f 1666 1566 1745
f 1745 1566 1565
f 1627 1629 1645
f 1645 1629 1628
f 1637 1749 1638
f 1638 1749 1677
f 1648 1665 1649
f 1649 1665 1752
f 1740 1642 1741
f 1741 1642 1657
f 1676 1674 1677
f 1677 1674 1638
f 1683 1682 1711
f 1711 1682 1712
f 1618 1753 1619
f 1619 1753 1739
f 1701 1739 1702
f 1702 1739 1753
f 1754 1214 1756
f 1756 1214 1755
f 647 1757 619
f 619 1757 941
f 1759 1193 1758
f 1758 1193 691
f 1419 1760 1420
f 1420 1760 1761
f 682 1762 683
f 683 1762 1763
f 1412 780 1413
f 1413 780 1384
f 1383 1398 1384
f 1384 1398 1413
f 1197 1424 1764
f 1764 1424 1423
f 1537 1287 1538
f 1538 1287 1286
f 1634 1684 1635
f 1635 1684 1736
f 1724 1631 1725
f 1725 1631 1630
f 1562 1730 1610
f 1610 1730 1729
f 1735 1673 1736
f 1736 1673 1635
f 1757 1195 941
f 941 1195 1194
f 1766 200 1765
f 1765 200 199
f 475 500 476
f 476 500 479
f 498 558 483
f 483 558 487
f 545 551 546
f 546 551 550
f 453 1281 219
f 219 1281 1314
f 298 453 208
f 208 453 219
f 368 1765 1767
f 1767 1765 199
f 523 405 363
f 363 405 404
f 523 533 405
f 405 533 402
f 298 208 299
f 299 208 207
f 299 207 176
f 176 207 300
f 176 300 173
f 173 300 202
f 173 202 174
f 174 202 201
f 1337 918 1768
f 1768 918 1336
f 1769 1770 1338
f 1338 1770 859
f 581 570 578
f 578 570 1771
f 555 562 580
f 580 562 561
f 504 1772 501
f 501 1772 548
f 517 542 584
f 584 542 543
f 515 514 516
f 516 514 544
f 542 517 544
f 544 517 516
f 561 575 580
f 580 575 581
f 575 569 581
f 581 569 570
f 501 548 1773
f 1773 548 547
f 1774 1775 570
f 570 1775 1771
f 369 368 1776
f 1776 368 1767
f 372 369 375
f 375 369 1776
f 822 1280 1308
f 1308 1280 1320
f 820 1281 822
f 822 1281 1280
f 818 1314 820
f 820 1314 1281
f 1314 818 1313
f 1313 818 804
f 807 814 825
f 825 814 826
f 814 813 826
f 826 813 827
f 813 1220 827
f 827 1220 828
f 580 579 555
f 555 579 547
f 1477 1540 872
f 872 1540 840
f 367 499 368
f 368 499 1765
f 1766 1765 525
f 525 1765 499
f 1777 1766 526
f 526 1766 525
f 520 527 362
f 362 527 384
f 361 1778 519
f 519 1778 528
f 371 1779 372
f 372 1779 369
f 369 1779 370
f 370 1779 478
f 1779 371 478
f 478 371 374
f 1778 1777 528
f 528 1777 526
f 1781 1782 1780
f 1780 1782 1783
f 431 460 67
f 67 460 64
f 68 338 74
f 74 338 72
f 1785 1782 1784
f 1784 1782 1786
f 1787 1788 1790
f 1790 1788 1789
f 1792 1789 1791
f 1791 1789 1793
f 1791 1794 1792
f 1792 1794 1795
f 1794 1796 1795
f 1795 1796 1797
f 1797 1798 938
f 938 1798 868
f 1798 1799 868
f 868 1799 869
f 1801 1802 1800
f 1800 1802 1451
f 1803 1804 1205
f 1205 1804 1206
f 1805 1806 864
f 864 1806 865
f 1806 1807 865
f 865 1807 1808
f 68 71 338
f 287 328 288
f 1320 1321 1308
f 1308 1321 1309
f 1320 441 1321
f 1321 441 217
f 441 152 217
f 217 152 218
f 151 286 152
f 152 286 218
f 297 310 151
f 151 310 286
f 296 307 297
f 297 307 310
f 296 143 307
f 307 143 284
f 143 56 284
f 284 56 104
f 56 59 104
f 104 59 63
f 59 102 63
f 63 102 60
f 102 94 60
f 60 94 282
f 93 459 279
f 279 459 77
f 459 460 77
f 77 460 78
f 460 431 78
f 78 431 295
f 431 49 295
f 295 49 292
f 48 421 49
f 49 421 292
f 276 278 418
f 418 278 429
f 317 432 278
f 278 432 429
f 432 317 433
f 433 317 316
f 326 324 316
f 316 324 433
f 1536 592 1809
f 1809 592 591
f 1810 744 1812
f 1812 744 1811
f 1814 1815 1813
f 1813 1815 1816
f 1817 748 1818
f 1818 748 747
f 1812 1819 1810
f 1810 1819 1817
f 1820 1821 748
f 748 1821 749
f 1823 1824 1822
f 1822 1824 1825
f 1827 1828 1826
f 1826 1828 1829
f 1831 1832 1830
f 1830 1832 1833
f 1834 1827 1243
f 1243 1827 1826
f 1313 804 825
f 825 804 807
f 1835 1253 1236
f 1236 1253 1237
f 1836 1837 1438
f 1438 1837 1435
f 1838 1505 1840
f 1840 1505 1839
f 1841 1842 716
f 716 1842 713
f 1843 1844 1510
f 1510 1844 1845
f 1847 1848 1846
f 1846 1848 1849
f 1850 1240 1822
f 1822 1240 1239
f 636 1831 637
f 637 1831 1830
f 1852 1853 1851
f 1851 1853 1854
f 1855 1856 1858
f 1858 1856 1857
f 1846 1849 1859
f 1859 1849 1860
f 1343 1401 1509
f 1509 1401 1861
f 1509 1861 635
f 635 1861 636
f 1863 1864 1862
f 1862 1864 1865
f 1283 1503 1867
f 1867 1503 1866
f 1868 1867 681
f 681 1867 682
f 1286 1285 683
f 683 1285 684
f 757 756 1274
f 1274 756 1869
f 1274 1869 717
f 717 1869 718
f 1434 1433 719
f 719 1433 720
f 1200 1538 1545
f 1545 1538 1763
f 1285 1289 684
f 684 1289 1273
f 684 1273 681
f 681 1273 1272
f 785 1283 1868
f 1868 1283 1867
f 786 785 1870
f 1870 785 1868
f 1289 757 1273
f 1273 757 1274
f 1539 1416 1871
f 1871 1416 1872
f 773 1871 1403
f 1403 1871 1404
f 675 674 1405
f 1405 674 1402
f 1864 1873 1865
f 1865 1873 1874
f 638 1843 635
f 635 1843 1510
f 1344 1343 1511
f 1511 1343 1509
f 772 1539 773
f 773 1539 1871
f 674 1200 1402
f 1402 1200 1545
f 1538 1286 1763
f 1763 1286 683
f 1444 1443 1875
f 1875 1443 1876
f 1875 1876 1831
f 1831 1876 1832
f 1416 1344 1872
f 1872 1344 1511
f 1877 1878 774
f 774 1878 1879
f 1878 1847 1879
f 1879 1847 1846
f 1880 714 1881
f 1881 714 1848
f 1401 1444 1861
f 1861 1444 1875
f 1861 1875 636
f 636 1875 1831
f 1823 1863 1882
f 1882 1863 1862
f 1441 1440 1884
f 1884 1440 1883
f 1883 1852 1884
f 1884 1852 1851
f 1886 1887 1885
f 1885 1887 1888
f 1358 1889 1359
f 1359 1889 1890
f 1891 1886 1892
f 1892 1886 1885
f 774 1879 775
f 775 1879 1893
f 1859 1893 1846
f 1846 1893 1879
f 713 1842 1849
f 1849 1842 1860
f 1318 1895 1894
f 1894 1895 1896
f 1873 1897 1874
f 1874 1897 1898
f 1898 605 1899
f 1899 605 675
f 1405 1844 675
f 675 1844 1899
f 1404 1845 1405
f 1405 1845 1844
f 593 1296 591
f 591 1296 1809
f 1295 1292 1900
f 1900 1292 1895
f 606 1897 1291
f 1291 1897 1896
f 1510 1845 1511
f 1511 1845 1872
f 1871 1872 1404
f 1404 1872 1845
f 1866 770 1762
f 1762 770 1546
f 1762 682 1866
f 1866 682 1867
f 1870 1868 1272
f 1272 1868 681
f 1272 717 1870
f 1870 717 720
f 1870 720 786
f 786 720 1433
f 786 1433 787
f 787 1433 1432
f 1261 1414 1432
f 1432 1414 787
f 1389 1234 1260
f 1260 1234 1415
f 1719 1670 1388
f 1388 1670 1235
f 1718 1671 1719
f 1719 1671 1670
f 1705 1747 1718
f 1718 1747 1671
f 1659 1901 1704
f 1704 1901 1748
f 1877 1903 1902
f 1902 1903 1904
f 1259 1905 1390
f 1390 1905 1394
f 1715 1720 1393
f 1393 1720 1391
f 1716 1721 1715
f 1715 1721 1720
f 1698 1706 1716
f 1716 1706 1721
f 277 276 47
f 47 276 48
f 84 96 81
f 81 96 82
f 80 70 81
f 81 70 85
f 99 97 88
f 88 97 89
f 90 100 88
f 88 100 99
f 101 95 102
f 102 95 94
f 1906 1907 280
f 280 1907 281
f 97 86 89
f 89 86 85
f 60 282 61
f 61 282 281
f 83 82 46
f 46 82 47
f 293 292 420
f 420 292 421
f 419 1908 420
f 420 1908 1909
f 92 95 91
f 91 95 90
f 279 282 93
f 93 282 94
f 276 418 48
f 48 418 421
f 1910 1660 1697
f 1697 1660 1707
f 1703 1624 1700
f 1700 1624 1644
f 1622 1910 1623
f 1623 1910 1697
f 1701 1700 1911
f 1911 1700 1661
f 1700 1644 1661
f 1661 1644 1658
f 1901 1737 1733
f 1733 1737 1645
f 1625 1912 1604
f 1604 1912 1731
f 1912 1913 1731
f 1731 1913 1914
f 1913 1577 1914
f 1914 1577 1572
f 1915 1578 1616
f 1616 1578 1618
f 1915 1916 1598
f 1598 1916 1743
f 1916 1574 1743
f 1743 1574 1573
f 1575 1917 1576
f 1576 1917 1597
f 1917 1609 1597
f 1597 1609 1594
f 1608 1611 1729
f 1729 1611 1610
f 1918 1612 1629
f 1629 1612 1630
f 1626 1918 1627
f 1627 1918 1629
f 1920 1921 1919
f 1919 1921 1922
f 1920 1924 1923
f 1923 1924 1925
f 1926 1927 1924
f 1924 1927 1925
f 1929 1930 1928
f 1928 1930 1931
f 1932 1933 1935
f 1935 1933 1934
f 1937 1938 1936
f 1936 1938 1939
f 1941 1942 1940
f 1940 1942 1943
f 1941 1945 1944
f 1944 1945 1946
f 1947 1948 1694
f 1694 1948 1949
f 1950 1951 1953
f 1953 1951 1952
f 1955 1956 1954
f 1954 1956 1589
f 1958 1956 1957
f 1957 1956 1932
f 1960 1934 1959
f 1959 1934 1933
f 1962 1963 1961
f 1961 1963 1964
f 1965 1955 1751
f 1751 1955 1954
f 1935 1930 1932
f 1932 1930 1957
f 1951 1950 1926
f 1926 1950 1929
f 1966 1967 1593
f 1593 1967 1590
f 1969 1967 1968
f 1968 1967 1964
f 1962 1921 1970
f 1970 1921 1971
f 1963 1945 1964
f 1964 1945 1968
f 1972 1948 1922
f 1922 1948 1919
f 1966 1972 1961
f 1961 1972 1922
f 1958 1953 1587
f 1587 1953 1560
f 1974 1975 1973
f 1973 1975 1976
f 1978 1979 1977
f 1977 1979 1691
f 1979 1975 1691
f 1691 1975 1586
f 1938 1942 1939
f 1939 1942 1980
f 1952 1947 1557
f 1557 1947 1694
f 1969 1978 1981
f 1981 1978 1977
f 1983 1984 1982
f 1982 1984 1985
f 1986 1987 1989
f 1989 1987 1988
f 1990 1991 1983
f 1983 1991 1984
f 1990 1993 1992
f 1992 1993 1994
f 1995 1996 1994
f 1994 1996 1997
f 1999 2000 1998
f 1998 2000 2001
f 2003 2004 2002
f 2002 2004 2005
f 2007 2008 2006
f 2006 2008 2009
f 2011 2012 2010
f 2010 2012 2013
f 2014 2015 2017
f 2017 2015 2016
f 2018 2019 2021
f 2021 2019 2020
f 2022 1989 2024
f 2024 1989 2023
f 1989 1988 2023
f 2023 1988 2025
f 2026 2027 2017
f 2017 2027 2014
f 2029 2030 2028
f 2028 2030 2031
f 2033 2034 2032
f 2032 2034 2035
f 2032 2035 2036
f 2036 2035 2037
f 2039 2040 2038
f 2038 2040 2041
f 1982 2042 1983
f 1983 2042 2043
f 2045 2046 2044
f 2044 2046 2047
f 2049 2050 2048
f 2048 2050 2051
f 2053 2054 2052
f 2052 2054 2055
f 2057 2058 2056
f 2056 2058 2059
f 2060 2061 2033
f 2033 2061 2034
f 2063 2064 2062
f 2062 2064 2065
f 2066 2035 2067
f 2067 2035 2034
f 2069 2039 2068
f 2068 2039 2038
f 2025 2070 2023
f 2023 2070 2071
f 2072 2024 2071
f 2071 2024 2023
f 2074 2020 2073
f 2073 2020 2019
f 2050 2049 2047
f 2047 2049 2075
f 1983 2043 1990
f 1990 2043 1993
f 2006 2050 2007
f 2007 2050 2076
f 2050 2006 2051
f 2051 2006 2077
f 2079 2080 2078
f 2078 2080 2081
f 2082 2083 2085
f 2085 2083 2084
f 2010 2013 2086
f 2086 2013 2087
f 2089 2033 2088
f 2088 2033 2032
f 2090 2060 2089
f 2089 2060 2033
f 2092 2093 2091
f 2091 2093 2094
f 2096 1986 2095
f 2095 1986 2097
f 2097 1986 2022
f 2022 1986 1989
f 2015 2094 2016
f 2016 2094 2098
f 2016 2098 2100
f 2100 2098 2099
f 2017 2016 2101
f 2101 2016 2100
f 2017 2101 2026
f 2026 2101 2102
f 2100 2099 2104
f 2104 2099 2103
f 2104 2105 2100
f 2100 2105 2101
f 2105 2106 2101
f 2101 2106 2102
f 2108 2061 2107
f 2107 2061 2109
f 2111 2112 2110
f 2110 2112 2020
f 2020 2074 2110
f 2110 2074 2113
f 2115 2116 2114
f 2114 2116 2117
f 2118 2119 1995
f 1995 2119 2120
f 2121 2122 2027
f 2027 2122 2014
f 2047 2075 2044
f 2044 2075 2123
f 2124 2125 2127
f 2127 2125 2126
f 2129 2130 2128
f 2128 2130 2131
f 2132 2133 2057
f 2057 2133 2058
f 2134 1999 2136
f 2136 1999 2135
f 2055 2138 2137
f 2137 2138 2139
f 2141 2142 2140
f 2140 2142 2143
f 2083 2082 2064
f 2064 2082 2065
f 2082 2144 2065
f 2065 2144 2145
f 2040 2146 2041
f 2041 2146 2147
f 2060 2090 2148
f 2148 2090 2149
f 2048 2051 2137
f 2137 2051 2150
f 2151 1997 2135
f 2135 1997 1996
f 2152 2150 2077
f 2077 2150 2051
f 2046 2045 2118
f 2118 2045 2119
f 2154 2155 2153
f 2153 2155 2156
f 2158 2159 2157
f 2157 2159 2160
f 2162 2163 2161
f 2161 2163 2164
f 2164 2163 2165
f 2165 2163 2166
f 2168 2169 2167
f 2167 2169 2170
f 2003 2172 2171
f 2171 2172 2173
f 2174 2175 2002
f 2002 2175 2176
f 2145 2177 2065
f 2065 2177 2062
f 2178 2179 2180
f 2180 2179 2134
f 2181 2052 2152
f 2152 2052 2150
f 2040 2127 2146
f 2146 2127 2182
f 2130 2162 2131
f 2131 2162 2161
f 2052 2055 2150
f 2150 2055 2137
f 2184 2185 2183
f 2183 2185 2186
f 2159 2030 2160
f 2160 2030 2187
f 2146 2182 2029
f 2029 2182 2188
f 2189 2190 2192
f 2192 2190 2191
f 2172 2003 2176
f 2176 2003 2002
f 1998 2151 1999
f 1999 2151 2135
f 2177 2172 2062
f 2062 2172 2176
f 2172 2177 2173
f 2173 2177 2193
f 2063 2194 2064
f 2064 2194 2195
f 2066 2197 2196
f 2196 2197 2198
f 2002 2005 2174
f 2174 2005 2199
f 2004 2003 2200
f 2200 2003 2171
f 2198 2201 2171
f 2171 2201 2200
f 2197 2202 2198
f 2198 2202 2201
f 2202 2197 2203
f 2203 2197 2204
f 2196 2198 2173
f 2173 2198 2171
f 2205 2069 2170
f 2170 2069 2206
f 2197 2066 2204
f 2204 2066 2067
f 2107 2207 2108
f 2108 2207 2208
f 2210 2208 2209
f 2209 2208 2207
f 2185 2211 2212
f 2213 2214 2211
f 2211 2214 2212
f 1998 2001 2213
f 2213 2001 2214
f 2134 2215 1999
f 1999 2215 2000
f 2216 2217 2219
f 2219 2217 2218
f 2206 2220 2170
f 2170 2220 2167
f 2069 2068 2206
f 2206 2068 2221
f 2151 1998 2222
f 2222 1998 2213
f 2124 2039 2205
f 2205 2039 2069
f 2142 2223 2143
f 2143 2223 2128
f 2203 2186 2202
f 2202 2186 2185
f 2185 2184 2211
f 2211 2184 2224
f 2224 2225 2222
f 2222 2225 2226
f 2071 2227 2072
f 2072 2227 2228
f 2229 2074 2230
f 2230 2074 2073
f 2074 2229 2113
f 2113 2229 2231
f 2232 2225 2227
f 2227 2225 2224
f 2233 2234 2031
f 2031 2234 2028
f 2236 2231 2235
f 2235 2231 2229
f 2230 2183 2229
f 2229 2183 2235
f 2237 1987 2096
f 2096 1987 1986
f 2152 2238 2181
f 2181 2238 2239
f 2080 2240 2081
f 2081 2240 2241
f 2236 2242 1971
f 1971 2242 1970
f 1925 2113 1923
f 1923 2113 2231
f 2110 1927 2111
f 2111 1927 1928
f 2103 2111 1931
f 1931 2111 1928
f 1931 2243 2103
f 2103 2243 2104
f 2105 2104 2244
f 2244 2104 2243
f 1939 1980 2148
f 2148 1980 2109
f 1980 1944 2109
f 2109 1944 2107
f 1946 2245 2207
f 2207 2245 2209
f 2245 1970 2209
f 2209 1970 2242
f 2231 2236 1923
f 1923 2236 1971
f 2113 1925 2110
f 2110 1925 1927
f 2234 2246 2028
f 2028 2246 2147
f 2247 2248 2058
f 2058 2248 2059
f 2114 2117 2249
f 2249 2117 2250
f 2252 2253 2251
f 2251 2253 2254
f 2094 2015 2091
f 2091 2015 2255
f 2256 2255 2014
f 2014 2255 2015
f 2257 2145 2258
f 2258 2145 2144
f 2131 2161 2123
f 2123 2161 2044
f 2045 2044 2164
f 2164 2044 2161
f 2045 2164 2119
f 2119 2164 2165
f 2259 2120 2165
f 2165 2120 2119
f 2260 2261 2259
f 2259 2261 2120
f 2205 2262 2124
f 2124 2262 2125
f 2180 2263 2178
f 2178 2263 2264
f 2265 2266 2092
f 2092 2266 2093
f 1992 2267 2268
f 2184 2228 2224
f 2224 2228 2227
f 2048 2269 2049
f 2049 2269 2141
f 2129 2168 2157
f 2157 2168 2167
f 2049 2141 2075
f 2075 2141 2140
f 2199 2215 2270
f 2270 2215 2271
f 2142 2141 2272
f 2272 2141 2269
f 2089 2026 2090
f 2090 2026 2102
f 2146 2029 2147
f 2147 2029 2028
f 2111 2103 2112
f 2112 2103 2099
f 2061 2060 2109
f 2109 2060 2148
f 2273 2274 2041
f 2041 2274 2038
f 2260 2275 2261
f 2261 2275 2136
f 2057 2138 2132
f 2132 2138 2276
f 2272 2269 2056
f 2056 2269 2139
f 2277 2278 2270
f 2270 2278 2199
f 2029 2188 2030
f 2030 2188 2187
f 2040 2039 2127
f 2127 2039 2124
f 2064 2195 2083
f 2083 2195 2279
f 2056 2139 2057
f 2057 2139 2138
f 2278 2277 2247
f 2247 2277 2248
f 2062 2176 2063
f 2063 2176 2175
f 2280 2210 2242
f 2242 2210 2209
f 2282 2233 2281
f 2281 2233 2031
f 2216 2219 2283
f 2283 2219 2221
f 2158 2220 2218
f 2218 2220 2219
f 2217 2282 2218
f 2218 2282 2281
f 2220 2158 2167
f 2167 2158 2157
f 2223 2264 2128
f 2128 2264 2263
f 2261 1996 2120
f 2120 1996 1995
f 2213 2211 2222
f 2222 2211 2224
f 2283 2221 2284
f 2284 2221 2068
f 2135 1996 2136
f 2136 1996 2261
f 2144 2081 2258
f 2258 2081 2241
f 2235 2280 2236
f 2236 2280 2242
f 2246 2273 2147
f 2147 2273 2041
f 2036 2285 2032
f 2032 2285 2088
f 2077 2286 2152
f 2152 2286 2238
f 1937 1960 1973
f 1973 1960 1959
f 2070 2232 2071
f 2071 2232 2227
f 2244 2287 2105
f 2105 2287 2106
f 1936 1939 2149
f 2149 1939 2148
f 1944 1946 2107
f 2107 1946 2207
f 2285 2121 2088
f 2088 2121 2027
f 2253 2249 2254
f 2254 2249 2250
f 2006 2009 2077
f 2077 2009 2286
f 2289 2086 2288
f 2288 2086 2087
f 2223 2142 2290
f 2290 2142 2272
f 2128 2131 2143
f 2143 2131 2123
f 2156 2291 2153
f 2153 2291 2175
f 2292 2293 2278
f 2278 2293 2294
f 2075 2140 2123
f 2123 2140 2143
f 2262 2169 2275
f 2275 2169 2180
f 2275 2180 2136
f 2136 2180 2134
f 2274 2284 2038
f 2038 2284 2068
f 2127 2126 2182
f 2182 2126 2166
f 2094 2093 2098
f 2098 2093 2021
f 2098 2021 2099
f 2099 2021 2112
f 2018 2021 2266
f 2266 2021 2093
f 2251 2289 2252
f 2252 2289 2288
f 1997 2151 2226
f 2226 2151 2222
f 2206 2221 2220
f 2220 2221 2219
f 2269 2048 2139
f 2139 2048 2137
f 2159 2158 2281
f 2281 2158 2218
f 2156 2155 2190
f 2190 2155 2191
f 1974 1965 1583
f 1583 1965 1751
f 2088 2027 2089
f 2089 2027 2026
f 2030 2159 2031
f 2031 2159 2281
f 2106 2149 2102
f 2102 2149 2090
f 2287 1936 2106
f 2106 1936 2149
f 2293 2154 2294
f 2294 2154 2153
f 2021 2020 2112
f 2247 2295 2278
f 2278 2295 2292
f 2284 2296 2283
f 2283 2296 2297
f 2298 2296 2274
f 2274 2296 2284
f 2273 2299 2274
f 2274 2299 2298
f 2246 2300 2273
f 2273 2300 2299
f 2283 2297 2216
f 2216 2297 2301
f 2216 2301 2217
f 2217 2301 2302
f 2302 2303 2217
f 2217 2303 2282
f 2304 2301 2305
f 2305 2301 2297
f 2307 2308 2306
f 2306 2308 2309
f 2306 2310 2307
f 2307 2310 2311
f 2307 2312 2308
f 2308 2312 2313
f 2314 2315 2312
f 2312 2315 2316
f 2316 2317 2312
f 2312 2317 2313
f 2317 2305 2313
f 2313 2305 2318
f 2314 2312 2311
f 2311 2312 2307
f 2319 2320 2322
f 2322 2320 2321
f 2322 2311 2319
f 2319 2311 2310
f 2313 2318 2308
f 2308 2318 2309
f 2296 2298 2318
f 2318 2298 2309
f 2309 2298 2323
f 2323 2298 2299
f 2306 2309 2324
f 2324 2309 2323
f 2310 2306 2325
f 2325 2306 2324
f 2296 2318 2297
f 2297 2318 2305
f 2319 2310 2326
f 2326 2310 2325
f 2328 2325 2327
f 2327 2325 2324
f 2325 2328 2326
f 2326 2328 2329
f 2331 2328 2330
f 2330 2328 2327
f 2332 2333 2327
f 2327 2333 2330
f 2328 2331 2329
f 2329 2331 2334
f 2324 2323 2327
f 2327 2323 2332
f 2300 2332 2299
f 2299 2332 2323
f 2326 2335 2319
f 2319 2335 2320
f 2305 2317 2336
f 2336 2317 2316
f 2336 2316 2337
f 2337 2316 2315
f 2338 2304 2336
f 2336 2304 2305
f 2337 2339 2336
f 2336 2339 2338
f 2337 2315 2341
f 2341 2315 2340
f 2342 2300 2234
f 2234 2300 2246
f 2303 2343 2282
f 2282 2343 2233
f 2234 2233 2342
f 2342 2233 2343
f 2342 2343 2333
f 2333 2343 2344
f 2333 2344 2330
f 2330 2344 2345
f 2346 2344 2303
f 2303 2344 2343
f 2332 2300 2333
f 2333 2300 2342
f 2347 2346 2302
f 2302 2346 2303
f 2301 2304 2302
f 2302 2304 2347
f 2304 2338 2347
f 2347 2338 2348
f 2348 2349 2347
f 2347 2349 2346
f 2350 2351 2348
f 2348 2351 2349
f 2349 2345 2346
f 2346 2345 2344
f 2345 2349 2352
f 2352 2349 2351
f 2338 2339 2348
f 2348 2339 2350
f 2350 2339 2353
f 2353 2339 2354
f 2356 2357 2355
f 2355 2357 2353
f 2351 2350 2357
f 2357 2350 2353
f 2353 2354 2355
f 2355 2354 2335
f 2320 2335 2341
f 2341 2335 2354
f 2339 2337 2354
f 2354 2337 2341
f 2352 2331 2345
f 2345 2331 2330
f 2356 2334 2352
f 2352 2334 2331
f 2356 2352 2357
f 2357 2352 2351
f 2355 2329 2356
f 2356 2329 2334
f 2335 2326 2355
f 2355 2326 2329
f 2321 2314 2322
f 2322 2314 2311
f 2321 2320 2340
f 2340 2320 2341
f 2315 2314 2340
f 2340 2314 2321
f 2125 2260 2126
f 2126 2260 2259
f 2157 2160 2129
f 2129 2160 2130
f 2188 2163 2187
f 2187 2163 2162
f 2182 2166 2188
f 2188 2166 2163
f 2180 2169 2263
f 2263 2169 2168
f 2160 2187 2130
f 2130 2187 2162
f 2275 2260 2262
f 2262 2260 2125
f 2128 2263 2129
f 2129 2263 2168
f 2262 2205 2169
f 2169 2205 2170
f 2165 2166 2259
f 2259 2166 2126
f 2359 2360 2358
f 2358 2360 2361
f 2363 2364 2362
f 2362 2364 2365
f 2367 2363 2366
f 2366 2363 2362
f 2368 2369 2371
f 2371 2369 2370
f 2372 2373 2248
f 2248 2373 2059
f 2364 2374 2365
f 2365 2374 2375
f 2377 2378 2376
f 2376 2378 2379
f 2290 2380 2223
f 2223 2380 2381
f 2223 2381 2264
f 2264 2381 2382
f 2384 2385 2383
f 2383 2385 2386
f 2364 2371 2374
f 2374 2371 2387
f 2059 2373 2290
f 2290 2373 2380
f 2378 2360 2379
f 2379 2360 2388
f 2374 2387 2359
f 2359 2387 2389
f 2390 2367 2386
f 2386 2367 2391
f 2393 2394 2392
f 2392 2394 2395
f 2386 2391 2383
f 2383 2391 2396
f 2367 2366 2391
f 2391 2366 2397
f 2363 2367 2368
f 2368 2367 2390
f 2398 2399 2361
f 2361 2399 2358
f 2399 2400 2358
f 2358 2400 2375
f 2390 2401 2368
f 2368 2401 2369
f 2372 2384 2376
f 2376 2384 2383
f 2374 2359 2375
f 2375 2359 2358
f 2402 2403 2365
f 2365 2403 2362
f 2359 2389 2360
f 2360 2389 2388
f 2364 2363 2371
f 2371 2363 2368
f 2405 2398 2404
f 2404 2398 2361
f 2392 2395 2406
f 2406 2395 2397
f 2377 2396 2394
f 2394 2396 2395
f 2394 2393 2404
f 2404 2393 2405
f 2396 2377 2383
f 2383 2377 2376
f 2406 2397 2407
f 2407 2397 2366
f 2400 2402 2375
f 2375 2402 2365
f 2385 2270 2401
f 2401 2270 2271
f 2403 2407 2362
f 2362 2407 2366
f 2371 2370 2387
f 2387 2370 2382
f 2391 2397 2396
f 2396 2397 2395
f 2378 2377 2404
f 2404 2377 2394
f 2360 2378 2361
f 2361 2378 2404
f 2407 2408 2406
f 2406 2408 2409
f 2410 2408 2403
f 2403 2408 2407
f 2411 2410 2402
f 2402 2410 2403
f 2412 2411 2400
f 2400 2411 2402
f 2406 2409 2392
f 2392 2409 2413
f 2392 2413 2393
f 2393 2413 2414
f 2415 2405 2414
f 2414 2405 2393
f 2416 2413 2417
f 2417 2413 2409
f 2419 2420 2418
f 2418 2420 2421
f 2420 2422 2421
f 2421 2422 2423
f 2420 2424 2422
f 2422 2424 2425
f 2426 2427 2424
f 2424 2427 2428
f 2428 2429 2424
f 2424 2429 2425
f 2426 2424 2419
f 2419 2424 2420
f 2419 2418 2431
f 2431 2418 2430
f 2425 2432 2422
f 2422 2432 2423
f 2408 2410 2432
f 2432 2410 2423
f 2423 2410 2433
f 2433 2410 2411
f 2421 2423 2434
f 2434 2423 2433
f 2435 2418 2434
f 2434 2418 2421
f 2429 2417 2425
f 2425 2417 2432
f 2408 2432 2409
f 2409 2432 2417
f 2418 2435 2430
f 2430 2435 2436
f 2438 2435 2437
f 2437 2435 2434
f 2435 2438 2436
f 2436 2438 2439
f 2441 2438 2440
f 2440 2438 2437
f 2442 2443 2437
f 2437 2443 2440
f 2439 2438 2444
f 2444 2438 2441
f 2433 2442 2434
f 2434 2442 2437
f 2412 2442 2411
f 2411 2442 2433
f 2436 2445 2430
f 2430 2445 2446
f 2430 2446 2431
f 2431 2446 2447
f 2417 2429 2448
f 2448 2429 2428
f 2427 2449 2428
f 2428 2449 2448
f 2450 2416 2448
f 2448 2416 2417
f 2451 2450 2449
f 2449 2450 2448
f 2427 2452 2449
f 2449 2452 2453
f 2447 2446 2452
f 2452 2446 2453
f 2454 2412 2399
f 2399 2412 2400
f 2415 2455 2405
f 2405 2455 2398
f 2399 2398 2454
f 2454 2398 2455
f 2454 2455 2443
f 2443 2455 2456
f 2443 2456 2440
f 2440 2456 2457
f 2458 2456 2415
f 2415 2456 2455
f 2443 2442 2454
f 2454 2442 2412
f 2459 2458 2414
f 2414 2458 2415
f 2413 2416 2414
f 2414 2416 2459
f 2459 2416 2460
f 2460 2416 2450
f 2460 2461 2459
f 2459 2461 2458
f 2462 2463 2460
f 2460 2463 2461
f 2461 2457 2458
f 2458 2457 2456
f 2457 2461 2464
f 2464 2461 2463
f 2451 2462 2450
f 2450 2462 2460
f 2462 2451 2465
f 2465 2451 2466
f 2468 2469 2467
f 2467 2469 2465
f 2463 2462 2469
f 2469 2462 2465
f 2465 2466 2467
f 2467 2466 2445
f 2446 2445 2453
f 2453 2445 2466
f 2451 2449 2466
f 2466 2449 2453
f 2464 2441 2457
f 2457 2441 2440
f 2468 2444 2464
f 2464 2444 2441
f 2468 2464 2469
f 2469 2464 2463
f 2467 2439 2468
f 2468 2439 2444
f 2445 2436 2467
f 2467 2436 2439
f 2447 2426 2431
f 2431 2426 2419
f 2427 2426 2452
f 2452 2426 2447
f 2369 2179 2370
f 2370 2179 2178
f 2376 2379 2372
f 2372 2379 2373
f 2389 2381 2388
f 2388 2381 2380
f 2387 2382 2389
f 2389 2382 2381
f 2270 2385 2277
f 2277 2385 2384
f 2379 2388 2373
f 2373 2388 2380
f 2401 2271 2369
f 2369 2271 2179
f 2248 2277 2372
f 2372 2277 2384
f 2401 2390 2385
f 2385 2390 2386
f 2264 2382 2178
f 2178 2382 2370
f 2215 2134 2271
f 2271 2134 2179
f 2005 2000 2199
f 2199 2000 2215
f 2004 2001 2005
f 2005 2001 2000
f 2200 2214 2004
f 2004 2214 2001
f 2470 2471 2473
f 2473 2471 2472
f 2475 2476 2474
f 2474 2476 2477
f 2479 2475 2478
f 2478 2475 2474
f 2481 2482 2480
f 2480 2482 2483
f 2476 2484 2477
f 2477 2484 2485
f 2487 2488 2486
f 2486 2488 2489
f 2133 2490 2058
f 2058 2490 2491
f 2058 2491 2247
f 2247 2491 2492
f 2494 2495 2493
f 2493 2495 2496
f 2476 2483 2484
f 2484 2483 2497
f 2472 2498 2488
f 2488 2498 2489
f 2484 2497 2471
f 2471 2497 2499
f 2500 2479 2496
f 2496 2479 2501
f 2502 2503 2505
f 2505 2503 2504
f 2496 2501 2493
f 2493 2501 2506
f 2479 2478 2501
f 2501 2478 2507
f 2475 2479 2480
f 2480 2479 2500
f 2508 2509 2473
f 2473 2509 2470
f 2509 2510 2470
f 2470 2510 2485
f 2511 2481 2500
f 2500 2481 2480
f 2512 2494 2486
f 2486 2494 2493
f 2485 2484 2470
f 2470 2484 2471
f 2513 2514 2477
f 2477 2514 2474
f 2471 2499 2472
f 2472 2499 2498
f 2476 2475 2483
f 2483 2475 2480
f 2516 2508 2515
f 2515 2508 2473
f 2502 2505 2517
f 2517 2505 2507
f 2504 2487 2505
f 2505 2487 2506
f 2503 2516 2504
f 2504 2516 2515
f 2506 2487 2493
f 2493 2487 2486
f 2517 2507 2518
f 2518 2507 2478
f 2510 2513 2485
f 2485 2513 2477
f 2511 2495 2293
f 2293 2495 2154
f 2514 2518 2474
f 2474 2518 2478
f 2483 2482 2497
f 2497 2482 2492
f 2501 2507 2506
f 2506 2507 2505
f 2488 2487 2515
f 2515 2487 2504
f 2472 2488 2473
f 2473 2488 2515
f 2518 2519 2517
f 2517 2519 2520
f 2521 2519 2514
f 2514 2519 2518
f 2522 2521 2513
f 2513 2521 2514
f 2523 2522 2510
f 2510 2522 2513
f 2517 2520 2502
f 2502 2520 2524
f 2502 2524 2503
f 2503 2524 2525
f 2525 2526 2503
f 2503 2526 2516
f 2527 2524 2528
f 2528 2524 2520
f 2530 2531 2529
f 2529 2531 2532
f 2531 2533 2532
f 2532 2533 2534
f 2531 2535 2533
f 2533 2535 2536
f 2537 2538 2535
f 2535 2538 2539
f 2539 2540 2535
f 2535 2540 2536
f 2537 2535 2530
f 2530 2535 2531
f 2529 2541 2530
f 2530 2541 2542
f 2543 2534 2536
f 2536 2534 2533
f 2519 2521 2543
f 2543 2521 2534
f 2534 2521 2544
f 2544 2521 2522
f 2532 2534 2545
f 2545 2534 2544
f 2529 2532 2546
f 2546 2532 2545
f 2536 2540 2543
f 2543 2540 2528
f 2519 2543 2520
f 2520 2543 2528
f 2541 2529 2547
f 2547 2529 2546
f 2548 2549 2545
f 2545 2549 2546
f 2549 2550 2546
f 2546 2550 2547
f 2551 2552 2548
f 2548 2552 2549
f 2548 2553 2551
f 2551 2553 2554
f 2550 2549 2555
f 2555 2549 2552
f 2545 2544 2548
f 2548 2544 2553
f 2523 2553 2522
f 2522 2553 2544
f 2547 2556 2541
f 2541 2556 2557
f 2541 2557 2542
f 2542 2557 2558
f 2528 2540 2559
f 2559 2540 2539
f 2538 2560 2539
f 2539 2560 2559
f 2561 2527 2559
f 2559 2527 2528
f 2560 2562 2559
f 2559 2562 2561
f 2560 2538 2564
f 2564 2538 2563
f 2558 2557 2563
f 2563 2557 2564
f 2565 2523 2509
f 2509 2523 2510
f 2526 2566 2516
f 2516 2566 2508
f 2509 2508 2565
f 2565 2508 2566
f 2565 2566 2554
f 2554 2566 2567
f 2554 2567 2551
f 2551 2567 2568
f 2569 2567 2526
f 2526 2567 2566
f 2553 2523 2554
f 2554 2523 2565
f 2570 2569 2525
f 2525 2569 2526
f 2524 2527 2525
f 2525 2527 2570
f 2527 2561 2570
f 2570 2561 2571
f 2571 2572 2570
f 2570 2572 2569
f 2573 2574 2571
f 2571 2574 2572
f 2572 2568 2569
f 2569 2568 2567
f 2568 2572 2575
f 2575 2572 2574
f 2562 2573 2561
f 2561 2573 2571
f 2573 2562 2576
f 2576 2562 2577
f 2579 2580 2578
f 2578 2580 2576
f 2574 2573 2580
f 2580 2573 2576
f 2576 2577 2578
f 2578 2577 2556
f 2557 2556 2564
f 2564 2556 2577
f 2562 2560 2577
f 2577 2560 2564
f 2575 2552 2568
f 2568 2552 2551
f 2579 2555 2575
f 2575 2555 2552
f 2579 2575 2580
f 2580 2575 2574
f 2550 2555 2578
f 2578 2555 2579
f 2556 2547 2578
f 2578 2547 2550
f 2558 2537 2542
f 2542 2537 2530
f 2538 2537 2563
f 2563 2537 2558
f 2292 2295 2481
f 2481 2295 2482
f 2486 2489 2512
f 2512 2489 2581
f 2499 2491 2498
f 2498 2491 2490
f 2497 2492 2499
f 2499 2492 2491
f 2155 2154 2494
f 2494 2154 2495
f 2581 2489 2490
f 2490 2489 2498
f 2293 2292 2511
f 2511 2292 2481
f 2191 2155 2512
f 2512 2155 2494
f 2500 2496 2511
f 2511 2496 2495
f 2247 2492 2295
f 2295 2492 2482
f 2583 2584 2582
f 2582 2584 2585
f 2587 2588 2586
f 2586 2588 2589
f 2591 2587 2590
f 2590 2587 2586
f 2593 2594 2592
f 2592 2594 2595
f 2596 2597 2599
f 2599 2597 2598
f 2588 2600 2589
f 2589 2600 2601
f 2602 2603 2605
f 2605 2603 2604
f 2606 2607 2609
f 2609 2607 2608
f 2609 2608 2190
f 2190 2608 2610
f 2611 2612 2614
f 2614 2612 2613
f 2600 2588 2615
f 2615 2588 2595
f 2599 2598 2606
f 2606 2598 2607
f 2584 2616 2604
f 2604 2616 2605
f 2600 2615 2583
f 2583 2615 2617
f 2591 2619 2618
f 2618 2619 2614
f 2621 2622 2620
f 2620 2622 2623
f 2619 2624 2614
f 2614 2624 2611
f 2591 2590 2619
f 2619 2590 2625
f 2587 2591 2592
f 2592 2591 2618
f 2626 2627 2585
f 2585 2627 2582
f 2627 2628 2582
f 2582 2628 2601
f 2629 2593 2618
f 2618 2593 2592
f 2602 2597 2611
f 2611 2597 2612
f 2600 2583 2601
f 2601 2583 2582
f 2630 2631 2589
f 2589 2631 2586
f 2583 2617 2584
f 2584 2617 2616
f 2588 2587 2595
f 2595 2587 2592
f 2633 2626 2632
f 2632 2626 2585
f 2620 2623 2634
f 2634 2623 2625
f 2622 2603 2623
f 2623 2603 2624
f 2621 2633 2622
f 2622 2633 2632
f 2611 2624 2602
f 2602 2624 2603
f 2634 2625 2635
f 2635 2625 2590
f 2628 2630 2601
f 2601 2630 2589
f 2613 2195 2629
f 2629 2195 2194
f 2631 2635 2586
f 2586 2635 2590
f 2595 2594 2615
f 2615 2594 2610
f 2619 2625 2624
f 2624 2625 2623
f 2632 2604 2622
f 2622 2604 2603
f 2585 2584 2632
f 2632 2584 2604
f 2635 2636 2634
f 2634 2636 2637
f 2638 2636 2631
f 2631 2636 2635
f 2639 2638 2630
f 2630 2638 2631
f 2640 2639 2628
f 2628 2639 2630
f 2634 2637 2620
f 2620 2637 2641
f 2620 2641 2621
f 2621 2641 2642
f 2642 2643 2621
f 2621 2643 2633
f 2641 2637 2644
f 2644 2637 2645
f 2646 2647 2649
f 2649 2647 2648
f 2648 2650 2649
f 2649 2650 2651
f 2648 2652 2650
f 2650 2652 2653
f 2652 2654 2656
f 2656 2654 2655
f 2656 2657 2652
f 2652 2657 2653
f 2654 2652 2647
f 2647 2652 2648
f 2647 2646 2659
f 2659 2646 2658
f 2660 2651 2653
f 2653 2651 2650
f 2636 2638 2660
f 2660 2638 2651
f 2651 2638 2661
f 2661 2638 2639
f 2651 2661 2649
f 2649 2661 2662
f 2663 2646 2662
f 2662 2646 2649
f 2653 2657 2660
f 2660 2657 2645
f 2636 2660 2637
f 2637 2660 2645
f 2646 2663 2658
f 2658 2663 2664
f 2665 2666 2662
f 2662 2666 2663
f 2666 2667 2663
f 2663 2667 2664
f 2668 2669 2665
f 2665 2669 2666
f 2665 2670 2668
f 2668 2670 2671
f 2667 2666 2672
f 2672 2666 2669
f 2662 2661 2665
f 2665 2661 2670
f 2640 2670 2639
f 2639 2670 2661
f 2673 2674 2664
f 2664 2674 2658
f 2658 2674 2659
f 2659 2674 2675
f 2645 2657 2676
f 2676 2657 2656
f 2677 2676 2655
f 2655 2676 2656
f 2676 2678 2645
f 2645 2678 2644
f 2677 2679 2676
f 2676 2679 2678
f 2655 2680 2677
f 2677 2680 2681
f 2675 2674 2680
f 2680 2674 2681
f 2682 2640 2627
f 2627 2640 2628
f 2643 2683 2633
f 2633 2683 2626
f 2682 2627 2683
f 2683 2627 2626
f 2683 2684 2682
f 2682 2684 2671
f 2684 2685 2671
f 2671 2685 2668
f 2686 2684 2643
f 2643 2684 2683
f 2670 2640 2671
f 2671 2640 2682
f 2687 2686 2642
f 2642 2686 2643
f 2642 2641 2687
f 2687 2641 2644
f 2687 2644 2688
f 2688 2644 2678
f 2688 2689 2687
f 2687 2689 2686
f 2690 2691 2688
f 2688 2691 2689
f 2689 2685 2686
f 2686 2685 2684
f 2685 2689 2692
f 2692 2689 2691
f 2679 2690 2678
f 2678 2690 2688
f 2690 2679 2693
f 2693 2679 2694
f 2696 2697 2695
f 2695 2697 2693
f 2691 2690 2697
f 2697 2690 2693
f 2693 2694 2695
f 2695 2694 2673
f 2674 2673 2681
f 2681 2673 2694
f 2679 2677 2694
f 2694 2677 2681
f 2685 2692 2668
f 2668 2692 2669
f 2696 2672 2692
f 2692 2672 2669
f 2696 2692 2697
f 2697 2692 2691
f 2695 2667 2696
f 2696 2667 2672
f 2673 2664 2695
f 2695 2664 2667
f 2675 2654 2659
f 2659 2654 2647
f 2655 2654 2680
f 2680 2654 2675
f 2291 2156 2593
f 2593 2156 2594
f 2597 2602 2598
f 2598 2602 2605
f 2616 2617 2607
f 2607 2617 2608
f 2615 2610 2617
f 2617 2610 2608
f 2597 2596 2612
f 2612 2596 2698
f 2598 2605 2607
f 2607 2605 2616
f 2194 2291 2629
f 2629 2291 2593
f 2629 2618 2613
f 2613 2618 2614
f 2190 2610 2156
f 2156 2610 2594
f 2700 2010 2699
f 2699 2010 2086
f 2267 2701 2116
f 2116 2701 2702
f 2116 2702 2117
f 2117 2702 2703
f 2704 2705 2250
f 2250 2705 2254
f 2011 2706 2267
f 2267 2706 2701
f 2699 2086 2707
f 2707 2086 2289
f 2010 2700 2011
f 2011 2700 2706
f 2708 2707 2251
f 2251 2707 2289
f 2703 2704 2117
f 2117 2704 2250
f 2705 2708 2254
f 2254 2708 2251
f 2709 2710 2708
f 2708 2710 2707
f 2711 2709 2705
f 2705 2709 2708
f 2712 2711 2704
f 2704 2711 2705
f 2713 2712 2703
f 2703 2712 2704
f 2707 2710 2699
f 2699 2710 2714
f 2699 2714 2700
f 2700 2714 2715
f 2716 2706 2715
f 2715 2706 2700
f 2714 2710 2717
f 2717 2710 2718
f 2720 2721 2719
f 2719 2721 2722
f 2721 2723 2722
f 2722 2723 2724
f 2721 2725 2723
f 2723 2725 2726
f 2727 2728 2725
f 2725 2728 2726
f 2729 2725 2720
f 2720 2725 2721
f 2731 2729 2730
f 2730 2729 2720
f 2719 2732 2720
f 2720 2732 2730
f 2726 2733 2723
f 2723 2733 2724
f 2709 2711 2733
f 2733 2711 2724
f 2724 2711 2734
f 2734 2711 2712
f 2722 2724 2735
f 2735 2724 2734
f 2719 2722 2736
f 2736 2722 2735
f 2726 2728 2733
f 2733 2728 2718
f 2709 2733 2710
f 2710 2733 2718
f 2732 2719 2737
f 2737 2719 2736
f 2738 2739 2735
f 2735 2739 2736
f 2739 2740 2736
f 2736 2740 2737
f 2741 2742 2738
f 2738 2742 2739
f 2738 2743 2741
f 2741 2743 2744
f 2740 2739 2745
f 2745 2739 2742
f 2735 2734 2738
f 2738 2734 2743
f 2713 2743 2712
f 2712 2743 2734
f 2737 2746 2732
f 2732 2746 2747
f 2732 2747 2730
f 2730 2747 2731
f 2718 2728 2748
f 2748 2728 2727
f 2749 2750 2727
f 2727 2750 2748
f 2748 2751 2718
f 2718 2751 2717
f 2750 2752 2748
f 2748 2752 2751
f 2750 2749 2754
f 2754 2749 2753
f 2731 2747 2753
f 2753 2747 2754
f 2727 2725 2749
f 2749 2725 2729
f 2749 2729 2753
f 2753 2729 2731
f 2702 2755 2703
f 2703 2755 2713
f 2706 2716 2701
f 2701 2716 2756
f 2755 2702 2756
f 2756 2702 2701
f 2756 2757 2755
f 2755 2757 2744
f 2757 2758 2744
f 2744 2758 2741
f 2759 2757 2716
f 2716 2757 2756
f 2743 2713 2744
f 2744 2713 2755
f 2760 2759 2715
f 2715 2759 2716
f 2715 2714 2760
f 2760 2714 2717
f 2760 2717 2761
f 2761 2717 2751
f 2761 2762 2760
f 2760 2762 2759
f 2763 2764 2761
f 2761 2764 2762
f 2762 2758 2759
f 2759 2758 2757
f 2758 2762 2765
f 2765 2762 2764
f 2752 2763 2751
f 2751 2763 2761
f 2763 2752 2766
f 2766 2752 2767
f 2768 2769 2766
f 2766 2769 2770
f 2764 2763 2770
f 2770 2763 2766
f 2766 2767 2768
f 2768 2767 2746
f 2747 2746 2754
f 2754 2746 2767
f 2752 2750 2767
f 2767 2750 2754
f 2758 2765 2741
f 2741 2765 2742
f 2769 2745 2765
f 2765 2745 2742
f 2769 2765 2770
f 2770 2765 2764
f 2768 2740 2769
f 2769 2740 2745
f 2746 2737 2768
f 2768 2737 2740
f 2201 2212 2200
f 2200 2212 2214
f 2201 2202 2212
f 2212 2202 2185
f 2512 2581 2191
f 2191 2581 2192
f 2059 2290 2056
f 2056 2290 2272
f 2174 2199 2294
f 2294 2199 2278
f 2063 2175 2194
f 2194 2175 2291
f 2192 2581 2133
f 2133 2581 2490
f 2133 2132 2192
f 2192 2132 2189
f 2054 2276 2055
f 2055 2276 2138
f 2083 2279 2084
f 2084 2279 2771
f 2771 2279 2599
f 2599 2279 2596
f 2606 2772 2599
f 2599 2772 2771
f 2772 2773 2771
f 2771 2773 2084
f 2773 2774 2084
f 2084 2774 2085
f 2085 2775 2082
f 2082 2775 2144
f 2774 2078 2085
f 2085 2078 2775
f 2078 2774 2079
f 2079 2774 2776
f 2774 2773 2776
f 2776 2773 2777
f 2773 2772 2777
f 2777 2772 2778
f 2190 2189 2609
f 2609 2189 2778
f 2053 2052 2779
f 2779 2052 2181
f 2144 2775 2081
f 2081 2775 2078
f 2294 2153 2174
f 2174 2153 2175
f 2132 2276 2189
f 2189 2276 2778
f 2606 2609 2772
f 2772 2609 2778
f 2195 2613 2698
f 2698 2613 2612
f 2596 2279 2698
f 2698 2279 2195
f 2054 2777 2276
f 2276 2777 2778
f 2777 2054 2776
f 2776 2054 2053
f 2053 2779 2776
f 2776 2779 2079
f 2779 2181 2079
f 2079 2181 2080
f 2181 2239 2080
f 2080 2239 2240
f 2122 2256 2014
f 2042 1982 2076
f 2076 1982 2007
f 1982 1985 2007
f 2007 1985 2008
f 2095 2097 2265
f 2265 2097 2266
f 2076 2050 2042
f 2042 2050 2047
f 2046 2043 2047
f 2047 2043 2042
f 2118 1993 2046
f 2046 1993 2043
f 1995 1994 2118
f 2118 1994 1993
f 2267 1992 2011
f 2011 1992 2012
f 1997 2012 1994
f 1994 2012 1992
f 2226 2013 1997
f 1997 2013 2012
f 2225 2087 2226
f 2226 2087 2013
f 2225 2232 2087
f 2087 2232 2288
f 2232 2070 2288
f 2288 2070 2252
f 2070 2025 2252
f 2252 2025 2253
f 1988 2249 2025
f 2025 2249 2253
f 2116 2115 2267
f 2267 2115 2268
f 2096 1984 2237
f 2237 1984 1991
f 2095 1985 2096
f 2096 1985 1984
f 2265 2008 2095
f 2095 2008 1985
f 2092 2009 2265
f 2265 2009 2008
f 2091 2286 2092
f 2092 2286 2009
f 2255 2238 2091
f 2091 2238 2286
f 2256 2239 2255
f 2255 2239 2238
f 2122 2240 2256
f 2256 2240 2239
f 2121 2241 2122
f 2122 2241 2240
f 2022 2018 2097
f 2097 2018 2266
f 2022 2024 2018
f 2018 2024 2019
f 2024 2072 2019
f 2019 2072 2073
f 2072 2228 2073
f 2073 2228 2230
f 2228 2184 2230
f 2230 2184 2183
f 2121 2285 2241
f 2241 2285 2258
f 2285 2036 2258
f 2258 2036 2257
f 2177 2145 2193
f 2193 2145 2257
f 2173 2193 2196
f 2196 2193 2037
f 2036 2037 2257
f 2257 2037 2193
f 2196 2037 2066
f 2066 2037 2035
f 2061 2108 2034
f 2034 2108 2067
f 2108 2208 2067
f 2067 2208 2204
f 2208 2210 2204
f 2204 2210 2203
f 2210 2280 2203
f 2203 2280 2186
f 2183 2186 2235
f 2235 2186 2280
f 1987 2114 1988
f 1988 2114 2249
f 2237 2115 1987
f 1987 2115 2114
f 1991 2268 2237
f 2237 2268 2115
f 1991 1990 2268
f 2268 1990 1992
f 107 110 2781
f 2781 110 2780
f 117 2782 118
f 118 2782 2783
f 119 2784 120
f 120 2784 2785
f 125 2786 126
f 126 2786 2787
f 127 2788 128
f 128 2788 2789
f 127 132 2788
f 2788 132 2790
f 231 230 2792
f 2792 230 2791
f 118 2783 119
f 119 2783 2784
f 241 243 2794
f 2794 243 2793
f 2781 2795 107
f 107 2795 352
f 120 2785 437
f 437 2785 2796
f 126 2787 110
f 110 2787 2780
f 455 2797 456
f 456 2797 2798
f 128 2789 457
f 457 2789 2799
f 456 2798 117
f 117 2798 2782
f 2794 2797 241
f 241 2797 455
f 457 2799 125
f 125 2799 2786
f 132 231 2790
f 2790 231 2792
f 230 437 2791
f 2791 437 2796
f 2792 2789 2790
f 2790 2789 2788
f 2785 2784 2801
f 2801 2784 2800
f 2786 2802 2787
f 2787 2802 2803
f 2792 2791 2805
f 2805 2791 2804
f 2784 2783 2800
f 2800 2783 2806
f 2785 2801 2796
f 2796 2801 2807
f 2787 2803 2780
f 2780 2803 2808
f 2789 2809 2799
f 2799 2809 2810
f 2799 2810 2786
f 2786 2810 2802
f 2791 2796 2804
f 2804 2796 2807
f 2789 2792 2809
f 2809 2792 2805
f 2812 2797 2811
f 2811 2797 2794
f 2809 2805 2810
f 2810 2805 2804
f 2810 2804 2802
f 2802 2804 2807
f 2802 2807 2803
f 2803 2807 2801
f 2808 2803 2800
f 2800 2803 2801
f 2814 699 2813
f 2813 699 698
f 2808 2815 2780
f 2780 2815 2781
f 2817 2782 2816
f 2816 2782 2798
f 2815 2818 2781
f 2781 2818 2795
f 2797 2812 2798
f 2798 2812 2816
f 2783 2782 2806
f 2806 2782 2817
f 2800 2806 2808
f 2808 2806 2815
f 2794 2793 2811
f 2811 2793 2819
f 174 201 384
f 384 201 362
f 200 1766 390
f 390 1766 1777
f 1777 1778 390
f 390 1778 398
f 1778 361 398
f 398 361 222
f 2820 2821 628
f 628 2821 629
f 1406 2820 790
f 790 2820 628
f 794 1415 1233
f 1233 1415 1234
f 1406 790 1407
f 1407 790 1312
f 1407 1312 2822
f 2822 1312 1316
f 2823 1380 1543
f 1543 1380 1379
f 1385 1738 1382
f 1382 1738 1383
f 1381 791 1382
f 1382 791 1386
f 791 794 1386
f 1386 794 1233
f 1259 1390 1260
f 1260 1390 1389
f 1905 1542 1394
f 1394 1542 1395
f 1410 1413 1397
f 1397 1413 1398
f 2821 1410 629
f 629 1410 1397
f 2823 2822 1380
f 1380 2822 1316
f 1392 1395 1378
f 1378 1395 1379
f 1738 1399 1383
f 1383 1399 1398
f 1388 1235 1389
f 1389 1235 1234
f 1393 1391 1394
f 1394 1391 1390
f 1381 1384 779
f 779 1384 780
f 1282 788 792
f 792 788 793
f 1431 1262 1432
f 1432 1262 1261
f 1400 1342 1408
f 1408 1342 1409
f 1508 1544 1411
f 1411 1544 1412
f 788 787 793
f 793 787 1414
f 2821 2820 1429
f 1429 2820 1430
f 2822 2823 1506
f 1506 2823 1507
f 778 1282 779
f 779 1282 792
f 2820 1406 1430
f 1430 1406 1409
f 1410 2821 1411
f 1411 2821 1429
f 1407 2822 1408
f 1408 2822 1506
f 1544 781 1412
f 1412 781 780
f 1260 1415 1261
f 1261 1415 1414
f 1334 2824 923
f 923 2824 924
f 2826 1268 2825
f 2825 1268 1267
f 769 1212 2827
f 2827 1212 2828
f 1492 1190 1266
f 1266 1190 1267
f 1488 2829 1489
f 1489 2829 2830
f 922 1329 923
f 923 1329 1328
f 1484 2831 1485
f 1485 2831 2832
f 1482 2833 1485
f 1485 2833 1486
f 1324 1493 1489
f 1489 1493 1490
f 1265 1491 1266
f 1266 1491 1490
f 2835 2836 2834
f 2834 2836 2837
f 1250 2838 2827
f 2827 2838 2839
f 1488 1491 2840
f 2840 1491 2841
f 1268 2826 2842
f 2842 2826 2843
f 2844 2845 1495
f 1495 2845 1496
f 1427 2847 2846
f 2846 2847 926
f 2829 1488 2848
f 2848 1488 2840
f 1329 922 2849
f 2849 922 927
f 2850 2851 768
f 768 2851 1213
f 1265 1268 2852
f 2852 1268 2842
f 1491 1265 2841
f 2841 1265 2852
f 2854 2855 2853
f 2853 2855 2856
f 2855 2857 2856
f 2856 2857 598
f 2857 2858 598
f 598 2858 595
f 2858 2859 595
f 595 2859 626
f 649 652 2860
f 2860 652 2861
f 639 642 2862
f 2862 642 2863
f 2864 705 2862
f 2862 705 639
f 2865 1418 2864
f 2864 1418 705
f 2866 2867 2865
f 2865 2867 1418
f 1760 1348 1761
f 1761 1348 2867
f 1764 2868 1197
f 1197 2868 1198
f 2869 611 2868
f 2868 611 1198
f 2870 612 2869
f 2869 612 611
f 1352 1350 944
f 944 1350 688
f 1350 1256 688
f 688 1256 685
f 1256 1255 685
f 685 1255 692
f 1255 2871 692
f 692 2871 2872
f 701 2873 698
f 698 2873 2813
f 2872 1349 692
f 692 1349 693
f 1696 1744 1574
f 1574 1744 1575
f 1753 1618 1577
f 1577 1618 1578
f 1729 1594 1608
f 1608 1594 1609
f 1725 1630 1611
f 1611 1630 1612
f 1604 1607 1625
f 1625 1607 1626
f 1624 1703 1625
f 1625 1703 1912
f 1703 1702 1912
f 1912 1702 1913
f 1702 1753 1913
f 1913 1753 1577
f 1598 1569 1915
f 1915 1569 1578
f 1616 1615 1915
f 1915 1615 1916
f 1615 1696 1916
f 1916 1696 1574
f 1744 1745 1575
f 1575 1745 1917
f 1745 1565 1917
f 1917 1565 1609
f 1568 1725 1608
f 1608 1725 1611
f 2874 1613 1918
f 1918 1613 1612
f 1607 2874 1626
f 1626 2874 1918
f 1610 1613 1562
f 1562 1613 1563
f 1547 1550 1570
f 1570 1550 1571
f 1573 1576 1580
f 1580 1576 1581
f 1553 1556 1595
f 1595 1556 1596
f 1556 1582 1596
f 1596 1582 1581
f 1551 1547 1599
f 1599 1547 1570
f 1731 1914 1601
f 1601 1914 1602
f 1686 1689 1605
f 1605 1689 1606
f 1598 1743 1599
f 1599 1743 1692
f 2874 1607 1723
f 1723 1607 1606
f 1727 1553 1730
f 1730 1553 1595
f 1600 1686 1601
f 1601 1686 1605
f 1914 1572 1602
f 1602 1572 1571
f 1579 1693 1580
f 1580 1693 1692
f 1613 2874 1563
f 1563 2874 1723
f 1561 1727 1562
f 1562 1727 1730
f 1949 1742 1548
f 1548 1742 1549
f 1694 1949 1552
f 1552 1949 1548
f 1954 1589 1554
f 1554 1589 1555
f 1693 1579 1558
f 1558 1579 1559
f 1561 1564 1584
f 1584 1564 1585
f 1582 1556 1588
f 1588 1556 1555
f 1600 1603 1591
f 1591 1603 1592
f 1981 1977 1687
f 1687 1977 1688
f 1564 1722 1585
f 1585 1722 1690
f 1551 1693 1552
f 1552 1693 1558
f 1751 1954 1728
f 1728 1954 1554
f 1590 1981 1591
f 1591 1981 1687
f 1603 1550 1592
f 1592 1550 1549
f 1977 1691 1688
f 1688 1691 1690
f 1587 1560 1588
f 1588 1560 1559
f 1727 1561 1728
f 1728 1561 1584
f 2875 1919 1947
f 1947 1919 1948
f 1557 1560 1952
f 1952 1560 1953
f 1933 1932 1955
f 1955 1932 1956
f 1587 1589 1958
f 1958 1589 1956
f 1959 1933 1965
f 1965 1933 1955
f 1961 1964 1966
f 1966 1964 1967
f 1981 1590 1969
f 1969 1590 1967
f 1742 1949 1972
f 1972 1949 1948
f 1593 1742 1966
f 1966 1742 1972
f 1957 1950 1958
f 1958 1950 1953
f 1583 1586 1974
f 1974 1586 1975
f 1940 1943 1978
f 1978 1943 1979
f 1943 1976 1979
f 1979 1976 1975
f 1951 2875 1952
f 1952 2875 1947
f 1968 1940 1969
f 1969 1940 1978
f 1973 1959 1974
f 1974 1959 1965
f 1923 1971 1920
f 1920 1971 1921
f 1919 2875 1920
f 1920 2875 1924
f 2875 1951 1924
f 1924 1951 1926
f 1950 1957 1929
f 1929 1957 1930
f 2244 2243 1934
f 1934 2243 1935
f 1973 1976 1937
f 1937 1976 1938
f 1944 1980 1941
f 1941 1980 1942
f 1940 1968 1941
f 1941 1968 1945
f 2287 2244 1960
f 1960 2244 1934
f 1970 2245 1962
f 1962 2245 1963
f 2243 1931 1935
f 1935 1931 1930
f 1927 1926 1928
f 1928 1926 1929
f 1961 1922 1962
f 1962 1922 1921
f 2245 1946 1963
f 1963 1946 1945
f 1976 1943 1938
f 1938 1943 1942
f 1936 2287 1937
f 1937 2287 1960
f 743 1238 608
f 608 1238 609
f 607 1811 608
f 608 1811 744
f 1304 2876 1305
f 1305 2876 2877
f 586 585 1298
f 1298 585 1299
f 585 702 1299
f 1299 702 1300
f 702 1428 1300
f 1300 1428 1301
f 1238 586 609
f 609 586 1298
f 2878 2879 1218
f 1218 2879 2877
f 2880 2881 1812
f 1812 2881 1819
f 2883 1821 2882
f 2882 1821 1820
f 2840 2841 620
f 620 2841 621
f 2842 2843 795
f 795 2843 796
f 892 895 2844
f 2844 895 2845
f 2848 2840 942
f 942 2840 620
f 2849 927 1202
f 1202 927 1203
f 2852 2842 1270
f 1270 2842 795
f 2841 2852 621
f 621 2852 1270
f 941 1759 942
f 942 1759 2884
f 659 929 1427
f 1427 929 2847
f 1237 2851 751
f 751 2851 2850
f 1216 2885 1217
f 1217 2885 1754
f 2887 734 2886
f 2886 734 733
f 2889 1816 2888
f 2888 1816 1815
f 2890 1245 2889
f 2889 1245 1816
f 1824 2891 1825
f 1825 2891 1246
f 2892 2893 2895
f 2895 2893 2894
f 1854 1833 1851
f 1851 1833 1832
f 1851 1832 1884
f 1884 1832 1876
f 1884 1876 1441
f 1441 1876 1443
f 1441 1443 1442
f 1442 1443 1446
f 1442 1446 2896
f 2896 1446 1507
f 2897 2823 2898
f 2898 2823 1543
f 1542 2899 1543
f 1543 2899 2898
f 1542 1905 2899
f 2899 1905 2900
f 1905 1259 2900
f 2900 1259 2901
f 1262 1431 2902
f 2902 1431 1904
f 1431 1434 1904
f 1904 1434 1902
f 1902 1434 2903
f 2903 1434 719
f 2903 719 2904
f 2904 719 718
f 1869 1881 718
f 718 1881 2904
f 1881 1869 1880
f 1880 1869 756
f 1880 756 2905
f 2905 756 755
f 2905 755 2906
f 2906 755 758
f 762 2907 763
f 763 2907 2908
f 724 723 2909
f 2909 723 894
f 796 895 723
f 723 895 894
f 2843 2845 796
f 796 2845 895
f 2826 1496 2843
f 2843 1496 2845
f 2825 1497 2826
f 2826 1497 1496
f 1189 2836 2825
f 2825 2836 1497
f 797 891 798
f 798 891 2837
f 802 888 797
f 797 888 891
f 2910 2911 2913
f 2913 2911 2912
f 1780 1783 2915
f 2915 1783 2914
f 2916 2917 831
f 831 2917 832
f 2918 2919 845
f 845 2919 846
f 2920 2916 847
f 847 2916 831
f 2921 2922 857
f 857 2922 858
f 2923 2924 860
f 860 2924 861
f 2919 2912 846
f 846 2912 887
f 2925 2920 940
f 940 2920 847
f 2924 2926 861
f 861 2926 1204
f 2917 2918 832
f 832 2918 845
f 2927 2928 1449
f 1449 2928 1450
f 2929 2930 889
f 889 2930 2931
f 2896 1507 2897
f 2897 1507 2823
f 2902 2901 1262
f 1262 2901 1259
f 2932 2933 750
f 750 2933 1236
f 2933 2934 1236
f 1236 2934 1835
f 2936 2937 2935
f 2935 2937 2938
f 2940 2941 2939
f 2939 2941 2942
f 2943 2944 1841
f 1841 2944 1842
f 2945 1860 2944
f 2944 1860 1842
f 2945 2946 1860
f 1860 2946 1859
f 1889 2947 1890
f 1890 2947 1856
f 1856 2947 1857
f 1857 2947 2948
f 2950 709 2949
f 2949 709 1829
f 2952 730 2951
f 2951 730 729
f 2866 2953 2867
f 2867 2953 1761
f 2953 2954 1761
f 1761 2954 1420
f 2954 2955 1420
f 1420 2955 742
f 2955 2956 742
f 742 2956 739
f 2956 2957 739
f 739 2957 760
f 2957 2958 760
f 760 2958 761
f 2958 2959 761
f 761 2959 2960
f 2959 2961 2960
f 2960 2961 2962
f 2963 2964 1839
f 1839 2964 1840
f 2964 2965 1840
f 1840 2965 2942
f 2966 2950 2939
f 2939 2950 2949
f 2935 2967 2936
f 2936 2967 2968
f 2969 2970 736
f 736 2970 735
f 734 2887 1815
f 1815 2887 2888
f 2887 2882 2888
f 2888 2882 2881
f 1819 1820 1817
f 1817 1820 748
f 1195 1757 1197
f 1197 1757 1424
f 1757 647 1424
f 1424 647 646
f 647 648 646
f 646 648 643
f 648 1271 643
f 643 1271 737
f 1271 725 737
f 737 725 765
f 725 724 765
f 765 724 762
f 762 724 2907
f 2907 724 2909
f 1254 1437 2909
f 2909 1437 2907
f 1438 1253 1836
f 1836 1253 1835
f 1836 1835 2938
f 2938 1835 2934
f 2971 2972 2935
f 2935 2972 2967
f 897 896 2969
f 2969 896 2970
f 1815 1814 734
f 734 1814 731
f 728 1215 896
f 896 1215 732
f 2885 1216 733
f 733 1216 2886
f 1216 1219 2886
f 2886 1219 2883
f 2876 1304 1821
f 1821 1304 749
f 1304 1303 749
f 749 1303 746
f 1818 2973 1817
f 1817 2973 1810
f 747 2974 1818
f 1818 2974 2973
f 747 746 2974
f 2974 746 1303
f 2976 2977 2975
f 2975 2977 2978
f 2976 2979 2901
f 2901 2979 2900
f 2980 2981 2982
f 2982 2981 2979
f 2981 2980 2983
f 2983 2980 2984
f 2985 2897 2983
f 2983 2897 2898
f 2987 2988 2986
f 2986 2988 2985
f 2896 2988 1442
f 1442 2988 1439
f 1903 2977 1904
f 1904 2977 2902
f 1856 1855 1890
f 1890 1855 2989
f 2989 2990 1890
f 1890 2990 1359
f 2990 2991 1359
f 1359 2991 1356
f 2946 2992 1859
f 1859 2992 1893
f 2992 2993 1893
f 1893 2993 775
f 2993 2994 775
f 775 2994 776
f 2986 1356 2987
f 2987 1356 2991
f 2975 2978 776
f 776 2978 777
f 2982 2994 2980
f 2980 2994 2995
f 1357 2984 2995
f 2995 2984 2980
f 2995 2996 1357
f 1357 2996 1358
f 2996 2997 1358
f 1358 2997 1889
f 2998 2999 2932
f 2932 2999 2933
f 2999 2971 2933
f 2933 2971 2934
f 1837 1836 2937
f 2937 1836 2938
f 2943 1841 2941
f 2941 1841 1838
f 3001 2944 3000
f 3000 2944 2943
f 3001 3002 2944
f 2944 3002 2945
f 3002 3003 2945
f 2945 3003 2946
f 2997 3003 1889
f 1889 3003 2947
f 2947 3003 2948
f 2948 3003 3002
f 3001 3004 3002
f 3002 3004 2948
f 3000 3005 3001
f 3001 3005 3004
f 2940 3006 3000
f 3000 3006 3005
f 2999 3007 2971
f 2971 3007 2972
f 2998 2951 2999
f 2999 2951 3007
f 3008 2952 2998
f 2998 2952 2951
f 2966 2965 2936
f 2936 2965 2937
f 2935 2938 2971
f 2971 2938 2934
f 3003 2997 2946
f 2946 2997 2992
f 2997 2996 2992
f 2992 2996 2993
f 2996 2995 2993
f 2993 2995 2994
f 1356 2986 1357
f 1357 2986 2984
f 2982 2975 2994
f 2994 2975 776
f 1844 1843 1899
f 1899 1843 3009
f 1843 638 3009
f 3009 638 3010
f 638 637 3010
f 3010 637 3011
f 637 1830 3011
f 3011 1830 3012
f 1830 1833 3012
f 3012 1833 2894
f 1833 1854 2894
f 2894 1854 2895
f 1854 1853 2895
f 2895 1853 1888
f 1858 1857 1885
f 1885 1857 1892
f 1899 3009 1898
f 1898 3009 1874
f 3009 3010 1874
f 1874 3010 1865
f 3010 3011 1865
f 1865 3011 1862
f 3011 3012 1862
f 1862 3012 1882
f 3012 2894 1882
f 1882 2894 2893
f 1850 2890 782
f 782 2890 2889
f 783 2880 1811
f 1811 2880 1812
f 744 1810 745
f 745 1810 2973
f 745 2973 805
f 805 2973 806
f 2973 2974 806
f 806 2974 815
f 1303 812 2974
f 2974 812 815
f 1303 1302 812
f 812 1302 1221
f 1307 3013 1302
f 1302 3013 1221
f 1734 3014 1633
f 1633 3014 1634
f 1646 1649 1636
f 1636 1649 1637
f 1654 1657 1641
f 1641 1657 1642
f 1639 1736 1636
f 1636 1736 1684
f 1716 1713 1698
f 1698 1713 1699
f 1718 1721 1705
f 1705 1721 1706
f 1653 1654 1709
f 1709 1654 1641
f 1620 1623 1714
f 1714 1623 1699
f 1712 1682 1714
f 1714 1682 1740
f 1668 1671 1746
f 1746 1671 1747
f 1752 1650 1749
f 1749 1650 1750
f 1750 1650 1709
f 1709 1650 1653
f 1632 1668 1633
f 1633 1668 1746
f 1649 1752 1637
f 1637 1752 1749
f 1682 1643 1740
f 1740 1643 1642
f 3014 1685 1634
f 1634 1685 1684
f 1704 1748 1705
f 1705 1748 1747
f 1697 1707 1698
f 1698 1707 1706
f 1739 1701 1621
f 1621 1701 1622
f 1567 1566 1647
f 1647 1566 1648
f 1664 1695 1651
f 1651 1695 1652
f 1614 1617 1655
f 1655 1617 1656
f 1704 1707 1659
f 1659 1707 1660
f 3014 1734 1662
f 1662 1734 1663
f 1650 1752 1651
f 1651 1752 1665
f 1741 1657 1667
f 1667 1657 1656
f 1695 1614 1652
f 1652 1614 1655
f 1724 1567 1726
f 1726 1567 1647
f 1645 1628 1733
f 1733 1628 1663
f 1685 3014 1726
f 1726 3014 1662
f 1620 1741 1621
f 1621 1741 1667
f 1566 1666 1648
f 1648 1666 1665
f 1658 1737 1659
f 1659 1737 1901
f 1911 1661 1910
f 1910 1661 1660
f 1701 1911 1622
f 1622 1911 1910
f 1732 1748 1733
f 1733 1748 1901
f 1857 2948 1892
f 1892 2948 3004
f 1892 3004 1891
f 1891 3004 3005
f 1828 3006 1829
f 1829 3006 2949
f 2967 736 2968
f 2968 736 710
f 2972 2969 2967
f 2967 2969 736
f 2969 2972 897
f 897 2972 3007
f 897 3007 729
f 729 3007 2951
f 3016 753 3015
f 3015 753 752
f 3018 767 3017
f 3017 767 766
f 3019 3020 1249
f 1249 3020 3021
f 2915 2914 3019
f 3019 2914 3020
f 3023 2914 3022
f 3022 2914 1783
f 2827 2839 769
f 769 2839 766
f 3025 2838 3024
f 3024 2838 3021
f 768 767 2850
f 2850 767 3026
f 2850 3026 751
f 751 3026 752
f 750 753 2932
f 2932 753 3027
f 3008 2998 3027
f 3027 2998 2932
f 3028 3029 3008
f 3008 3029 2952
f 3029 3030 2952
f 2952 3030 730
f 3032 3033 3031
f 3031 3033 3034
f 3036 3037 3035
f 3035 3037 3038
f 2870 3039 612
f 612 3039 3040
f 3041 3042 3031
f 3031 3042 3038
f 3034 1352 3043
f 3043 1352 944
f 612 3040 613
f 613 3040 3044
f 613 3044 1425
f 1425 3044 1422
f 3045 3042 669
f 669 3042 670
f 3041 3043 599
f 599 3043 600
f 772 771 1544
f 1544 771 781
f 1503 771 1866
f 1866 771 770
f 771 1503 781
f 781 1503 778
f 61 281 416
f 416 281 1907
f 283 103 3046
f 3046 103 3047
f 76 79 3048
f 3048 79 3049
f 280 76 1906
f 1906 76 3048
f 3051 335 3050
f 3050 335 334
f 3053 417 3052
f 3052 417 416
f 3055 435 3054
f 3054 435 434
f 428 435 419
f 419 435 1908
f 420 1909 293
f 293 1909 443
f 79 294 3049
f 3049 294 444
f 3057 444 3056
f 3056 444 443
f 3051 3058 335
f 335 3058 452
f 216 215 1332
f 1332 215 452
f 308 283 462
f 462 283 3046
f 3050 334 3059
f 3059 334 462
f 103 62 3047
f 3047 62 417
f 313 312 434
f 434 312 463
f 3061 574 3060
f 3060 574 573
f 1310 3062 1428
f 1428 3062 3063
f 1258 3064 1255
f 1255 3064 2871
f 932 3065 2853
f 2853 3065 3066
f 699 2814 931
f 931 2814 3067
f 3068 1301 3063
f 3063 1301 1428
f 571 574 1310
f 1310 574 3062
f 3060 573 3069
f 3069 573 1332
f 3070 3071 1906
f 1906 3071 1907
f 3072 3073 1908
f 1908 3073 1909
f 3075 2814 3074
f 3074 2814 2813
f 2854 3076 1258
f 1258 3076 3064
f 2871 3077 2872
f 2872 3077 3078
f 3074 2813 3079
f 3079 2813 2873
f 2872 3078 1349
f 1349 3078 3080
f 2873 701 3068
f 3068 701 1301
f 1330 1201 3080
f 3080 1201 1349
f 1264 1263 3081
f 3081 1263 3082
f 3083 3084 3082
f 3082 3084 3081
f 811 1448 3086
f 3086 1448 3085
f 808 811 3087
f 3087 811 3086
f 3088 3083 833
f 833 3083 3082
f 884 3089 885
f 885 3089 3090
f 3087 1790 808
f 808 1790 816
f 1790 3087 1787
f 1787 3087 3091
f 3092 3091 3086
f 3086 3091 3087
f 3093 3094 3084
f 3084 3094 3095
f 3089 3096 3090
f 3090 3096 3088
f 3097 3093 3083
f 3083 3093 3084
f 3099 3100 3098
f 3098 3100 1786
f 3101 1788 2913
f 2913 1788 3102
f 838 837 885
f 885 837 886
f 886 837 3103
f 3103 837 1541
f 3094 3093 3104
f 3104 3093 3097
f 3105 3106 3089
f 3089 3106 3096
f 3108 3109 3107
f 3107 3109 3110
f 3111 3112 3091
f 3091 3112 1787
f 3114 3108 3113
f 3113 3108 3107
f 3114 3115 3112
f 3112 3115 3102
f 3091 3092 3111
f 3111 3092 3116
f 839 838 835
f 835 838 836
f 885 3090 838
f 838 3090 836
f 3110 3117 1247
f 1247 3117 3118
f 1247 3118 1248
f 1248 3118 3119
f 3120 3121 3119
f 3119 3121 1248
f 1247 844 3110
f 3110 844 3107
f 844 843 3107
f 3107 843 3113
f 843 3099 3113
f 3113 3099 3122
f 1781 3123 3098
f 3098 3123 3124
f 2915 2931 1780
f 1780 2931 2930
f 3019 3125 2915
f 2915 3125 2931
f 890 3125 2834
f 2834 3125 1252
f 3125 3019 1252
f 1252 3019 1249
f 907 908 946
f 946 908 947
f 1185 1188 1369
f 1369 1188 948
f 954 957 951
f 951 957 952
f 910 965 953
f 953 965 950
f 905 958 960
f 960 958 961
f 3126 978 949
f 949 978 962
f 936 935 967
f 967 935 968
f 994 993 969
f 969 993 966
f 902 904 971
f 971 904 972
f 983 985 973
f 973 985 970
f 906 905 974
f 974 905 960
f 977 981 959
f 959 981 975
f 911 910 1143
f 1143 910 953
f 952 957 1142
f 1142 957 1145
f 911 1143 1366
f 1366 1143 1368
f 1185 1369 1145
f 1145 1369 1142
f 993 1519 966
f 966 1519 1456
f 965 1454 950
f 950 1454 1457
f 900 899 1459
f 1459 899 1460
f 988 991 1461
f 1461 991 1458
f 899 963 1460
f 1460 963 1462
f 985 987 970
f 970 987 1463
f 904 906 972
f 972 906 974
f 981 983 975
f 975 983 973
f 935 900 968
f 968 900 1459
f 991 994 1458
f 1458 994 969
f 1154 1526 1088
f 1088 1526 1089
f 1109 1112 1092
f 1092 1112 1093
f 1083 1098 1084
f 1084 1098 1097
f 1078 1471 1100
f 1100 1471 1101
f 1075 1078 1104
f 1104 1078 1100
f 1152 1154 1156
f 1156 1154 1088
f 1156 1155 1372
f 1372 1155 1373
f 1372 1373 1104
f 1104 1373 1075
f 1467 1109 1465
f 1465 1109 1092
f 1465 1182 1468
f 1468 1182 1184
f 1474 1470 1096
f 1096 1470 1097
f 1102 1101 1083
f 1083 1101 1098
f 1112 1531 1093
f 1093 1531 1529
f 1102 1073 1099
f 1099 1073 1072
f 1526 1154 1079
f 1079 1154 1080
f 1081 1091 1082
f 1082 1091 1094
f 1069 1068 1085
f 1085 1068 1086
f 1153 1151 1080
f 1080 1151 1058
f 1371 1177 1179
f 1179 1177 1176
f 1099 1072 1103
f 1103 1072 1176
f 1068 1071 1086
f 1086 1071 1073
f 1085 1084 1180
f 1180 1084 1469
f 1066 1065 1183
f 1183 1065 1181
f 1153 1152 1177
f 1177 1152 1178
f 1091 1081 1182
f 1182 1081 1183
f 1057 1525 1079
f 1079 1525 1527
f 1120 1117 1076
f 1076 1117 1077
f 1087 1090 1107
f 1107 1090 1108
f 1127 1126 1110
f 1110 1126 1111
f 1095 1116 1096
f 1096 1116 1115
f 1471 1078 1119
f 1119 1078 1077
f 1087 1107 1155
f 1155 1107 1158
f 1376 1374 1157
f 1157 1374 1158
f 1076 1075 1374
f 1374 1075 1373
f 1109 1467 1110
f 1110 1467 1472
f 1467 1466 1472
f 1472 1466 1473
f 1135 1475 1114
f 1114 1475 1115
f 1471 1119 1095
f 1095 1119 1116
f 1126 1532 1111
f 1111 1532 1530
f 914 1276 1480
f 1480 1276 1517
f 3127 3128 1223
f 1223 3128 1224
f 824 933 1455
f 1455 933 3129
f 3131 1448 3130
f 3130 1448 1447
f 3132 3133 1452
f 1452 3133 1453
f 3130 1447 1322
f 1322 1447 1455
f 933 1514 3129
f 3129 1514 3134
f 1161 3135 1480
f 1480 3135 1481
f 3128 3136 1224
f 1224 3136 1499
f 3133 1162 1453
f 1453 1162 1517
f 1515 3127 1535
f 1535 3127 1223
f 3095 3085 3131
f 3131 3085 1448
f 3137 3092 3085
f 3085 3092 3086
f 3138 3116 3137
f 3137 3116 3092
f 3110 3109 3117
f 3117 3109 3139
f 3105 3140 3117
f 3117 3140 3118
f 3140 3141 3118
f 3118 3141 3119
f 3142 3120 3141
f 3141 3120 3119
f 1498 3143 1277
f 1277 3143 882
f 3144 3145 1340
f 1340 3145 1339
f 1340 3146 3144
f 3144 3146 3147
f 3145 3144 3143
f 3143 3144 3148
f 871 901 872
f 872 901 1362
f 3149 3148 3147
f 3147 3148 3144
f 1208 3150 1209
f 3098 1786 1781
f 1781 1786 1782
f 2930 2929 3123
f 3123 2929 2911
f 1794 1791 2916
f 2916 1791 2917
f 1793 3101 2918
f 2918 3101 2919
f 1796 1794 2920
f 2920 1794 2916
f 3151 3152 2921
f 2921 3152 2922
f 3153 3154 2923
f 2923 3154 2924
f 2919 3101 2912
f 2912 3101 2913
f 3155 1796 2925
f 2925 1796 2920
f 3154 3156 2924
f 2924 3156 2926
f 1791 1793 2917
f 2917 1793 2918
f 3157 3158 2927
f 2927 3158 2928
f 1780 2930 1781
f 1781 2930 3123
f 2825 1267 1189
f 1189 1267 1190
f 2827 2828 1250
f 1250 2828 1251
f 1489 2830 1324
f 1324 2830 1325
f 923 1328 1334
f 1334 1328 1335
f 1485 2832 1482
f 1482 2832 1483
f 1266 1490 1492
f 1492 1490 1493
f 1333 1346 1334
f 1334 1346 2824
f 722 799 1492
f 1492 799 1190
f 664 657 1482
f 1482 657 2833
f 631 634 1324
f 1324 634 1493
f 2828 1494 1251
f 1251 1494 2835
f 1249 3021 1250
f 1250 3021 2838
f 798 2837 1189
f 1189 2837 2836
f 3100 842 3160
f 3160 842 3159
f 1788 3101 1789
f 1789 3101 1793
f 1792 816 1789
f 1789 816 1790
f 817 816 1795
f 1795 816 1792
f 938 817 1797
f 1797 817 1795
f 1796 3155 1797
f 1797 3155 1798
f 3155 3158 1798
f 1798 3158 1799
f 3157 3152 1801
f 1801 3152 1802
f 3151 3156 1803
f 1803 3156 1804
f 3154 3153 1805
f 1805 3153 1806
f 3153 3161 1806
f 1806 3161 1807
f 3099 843 3100
f 3100 843 842
f 1788 1787 3102
f 3102 1787 3112
f 2910 3115 3124
f 3124 3115 3122
f 3099 3098 3122
f 3122 3098 3124
f 416 1907 3052
f 3052 1907 3071
f 3046 3047 3163
f 3163 3047 3162
f 249 445 259
f 259 445 3164
f 425 3165 424
f 424 3165 461
f 408 410 329
f 329 410 330
f 39 331 40
f 40 331 332
f 305 304 423
f 423 304 464
f 385 254 458
f 458 254 392
f 250 415 251
f 251 415 412
f 233 337 234
f 234 337 3166
f 435 3055 1908
f 1908 3055 3072
f 443 1909 3056
f 3056 1909 3073
f 3167 3049 3057
f 3057 3049 444
f 452 3058 1332
f 1332 3058 3069
f 234 3166 346
f 346 3166 411
f 3046 3163 462
f 462 3163 3059
f 259 3164 260
f 260 3164 336
f 3047 417 3162
f 3162 417 3053
f 463 3168 434
f 434 3168 3054
f 454 830 425
f 425 830 3165
f 3062 3169 3063
f 3063 3169 3170
f 1355 1354 1534
f 1534 1354 3171
f 3063 3170 3068
f 3068 3170 3172
f 574 3061 3062
f 3062 3061 3169
f 1534 3171 1535
f 1535 3171 3173
f 3079 2873 3172
f 3172 2873 3068
f 2838 3025 2839
f 2839 3025 3174
f 3176 3177 3175
f 3175 3177 3178
f 3180 1125 3179
f 3179 1125 1128
f 3182 3183 3181
f 3181 3183 3184
f 1134 3185 1130
f 1130 3185 3182
f 3186 3187 3189
f 3189 3187 3188
f 3191 3189 3190
f 3190 3189 3188
f 1137 1122 3190
f 3190 1122 3192
f 3175 3178 3193
f 3193 3178 3194
f 3181 3184 3179
f 3179 3184 3195
f 3197 3198 3196
f 3196 3198 3180
f 3200 3178 3199
f 3199 3178 3177
f 3202 3196 3201
f 3201 3196 3195
f 3204 3184 3203
f 3203 3184 3183
f 3206 3207 3205
f 3205 3207 3186
f 3205 3186 3208
f 3208 3186 3189
f 3209 3208 3191
f 3191 3208 3189
f 3210 3194 3200
f 3200 3194 3178
f 3201 3195 3204
f 3204 3195 3184
f 3197 3211 3177
f 3177 3211 3199
f 3213 3214 3212
f 3212 3214 3215
f 3217 3218 3216
f 3216 3218 3219
f 3221 3222 3220
f 3220 3222 3223
f 3225 3226 3224
f 3224 3226 3227
f 3229 3230 3228
f 3228 3230 3231
f 3233 3234 3232
f 3232 3234 3235
f 3237 3238 3236
f 3236 3238 3239
f 3238 3240 3239
f 3239 3240 3241
f 3232 3235 3242
f 3242 3235 3243
f 3245 3246 3244
f 3244 3246 3247
f 3248 3249 3245
f 3245 3249 3246
f 3251 3252 3250
f 3250 3252 3253
f 3255 3252 3254
f 3254 3252 3251
f 3256 3257 3259
f 3259 3257 3258
f 3261 3262 3260
f 3260 3262 3263
f 3265 3263 3264
f 3264 3263 3262
f 3256 3259 3266
f 3266 3259 3267
f 3269 3270 3268
f 3268 3270 3271
f 3269 3272 3270
f 3270 3272 3273
f 3274 3275 3277
f 3277 3275 3276
f 3278 3279 3276
f 3276 3279 3277
f 3281 3282 3280
f 3280 3282 3283
f 3280 3284 3281
f 3281 3284 3285
f 3287 3288 3286
f 3286 3288 3289
f 3290 3291 3288
f 3288 3291 3289
f 3234 3218 3235
f 3235 3218 3217
f 3232 3292 3233
f 3233 3292 3293
f 3239 3294 3236
f 3236 3294 3219
f 3233 3293 3237
f 3237 3293 3295
f 3296 3294 3241
f 3241 3294 3239
f 3240 3238 3297
f 3297 3238 3298
f 3217 3216 3235
f 3235 3216 3243
f 3297 3299 3240
f 3240 3299 3242
f 3246 3300 3247
f 3247 3300 3223
f 3301 3302 3254
f 3254 3302 3244
f 3249 3303 3246
f 3246 3303 3300
f 3245 3304 3248
f 3248 3304 3292
f 3252 3221 3253
f 3253 3221 3220
f 3250 3248 3299
f 3299 3248 3292
f 3222 3221 3255
f 3255 3221 3252
f 3297 3301 3251
f 3251 3301 3254
f 3258 3214 3259
f 3259 3214 3213
f 3257 3256 3304
f 3304 3256 3305
f 3263 3306 3260
f 3260 3306 3215
f 3261 3257 3302
f 3302 3257 3304
f 3307 3306 3265
f 3265 3306 3263
f 3262 3301 3264
f 3264 3301 3308
f 3259 3213 3267
f 3267 3213 3212
f 3308 3309 3264
f 3264 3309 3266
f 3270 3310 3271
f 3271 3310 3231
f 3311 3312 3278
f 3278 3312 3268
f 3270 3273 3310
f 3310 3273 3313
f 3272 3269 3305
f 3305 3269 3314
f 3277 3229 3274
f 3274 3229 3228
f 3275 3272 3309
f 3309 3272 3305
f 3279 3230 3277
f 3277 3230 3229
f 3276 3308 3278
f 3278 3308 3311
f 3281 3315 3282
f 3282 3315 3227
f 3290 3316 3283
f 3283 3316 3317
f 3281 3285 3315
f 3315 3285 3318
f 3284 3280 3314
f 3314 3280 3319
f 3289 3225 3286
f 3286 3225 3224
f 3287 3284 3312
f 3284 3314 3312
f 3291 3226 3289
f 3289 3226 3225
f 3288 3311 3290
f 3290 3311 3316
f 3212 3215 3307
f 3307 3215 3306
f 3294 3296 3219
f 3219 3296 3216
f 3303 3220 3300
f 3300 3220 3223
f 3224 3227 3318
f 3318 3227 3315
f 3228 3231 3313
f 3313 3231 3310
f 3234 3233 3236
f 3236 3233 3237
f 3243 3241 3242
f 3242 3241 3240
f 3247 3255 3244
f 3244 3255 3254
f 3253 3249 3250
f 3250 3249 3248
f 3260 3258 3261
f 3261 3258 3257
f 3266 3267 3264
f 3264 3267 3265
f 3268 3271 3278
f 3278 3271 3279
f 3274 3273 3275
f 3275 3273 3272
f 3283 3282 3290
f 3290 3282 3291
f 3286 3285 3287
f 3287 3285 3284
f 3218 3234 3219
f 3219 3234 3236
f 3295 3298 3237
f 3237 3298 3238
f 3216 3296 3243
f 3243 3296 3241
f 3242 3299 3232
f 3232 3299 3292
f 3223 3222 3247
f 3247 3222 3255
f 3244 3302 3245
f 3245 3302 3304
f 3303 3249 3220
f 3220 3249 3253
f 3297 3251 3299
f 3299 3251 3250
f 3215 3214 3260
f 3260 3214 3258
f 3301 3262 3302
f 3302 3262 3261
f 3212 3307 3267
f 3267 3307 3265
f 3266 3309 3256
f 3256 3309 3305
f 3271 3231 3279
f 3279 3231 3230
f 3268 3312 3269
f 3269 3312 3314
f 3228 3313 3274
f 3274 3313 3273
f 3308 3276 3309
f 3309 3276 3275
f 3282 3227 3291
f 3291 3227 3226
f 3317 3319 3283
f 3283 3319 3280
f 3224 3318 3286
f 3286 3318 3285
f 3312 3311 3287
f 3311 3288 3287
f 3320 3321 3194
f 3194 3321 3193
f 1375 3321 1121
f 1121 3321 3322
f 3323 3324 3322
f 3322 3324 3192
f 3175 1124 3176
f 3176 1124 1123
f 3179 3195 3180
f 3180 3195 3196
f 3181 1131 3182
f 3182 1131 1130
f 3207 3185 3186
f 3186 3185 3187
f 1136 3188 1133
f 1133 3188 3187
f 3190 3188 1137
f 1137 3188 1136
f 3193 1159 3175
f 3175 1159 1124
f 3179 1128 3181
f 3181 1128 1131
f 1533 3198 1123
f 1123 3198 3176
f 3321 1375 3193
f 3193 1375 1159
f 3321 3320 3322
f 3322 3320 3323
f 1122 1121 3192
f 3192 1121 3322
f 3194 3210 3320
f 3320 3210 3325
f 3324 3323 3327
f 3327 3323 3326
f 3320 3325 3323
f 3323 3325 3326
f 3208 3328 3205
f 3205 3328 3329
f 3330 3206 3329
f 3329 3206 3205
f 3203 3331 3204
f 3204 3331 3332
f 3210 3333 3325
f 3325 3333 3334
f 3325 3334 3326
f 3326 3334 3335
f 3327 3326 3336
f 3336 3326 3335
f 3327 3209 3324
f 3324 3209 3191
f 3190 3192 3191
f 3191 3192 3324
f 3338 3339 3337
f 3337 3339 3340
f 3338 3341 3339
f 3339 3341 3342
f 3341 3343 3342
f 3342 3343 3344
f 3343 3345 3344
f 3344 3345 3346
f 3345 3347 3346
f 3346 3347 3348
f 3347 3349 3348
f 3348 3349 3350
f 3337 3340 3351
f 3351 3340 3352
f 3351 3352 3353
f 3353 3352 3354
f 3353 3354 3355
f 3355 3354 3356
f 3350 3349 3357
f 3357 3349 3358
f 3355 3356 3359
f 3359 3356 3360
f 3359 3360 3361
f 3361 3360 3362
f 3361 3362 3363
f 3363 3362 3364
f 3363 3364 3358
f 3358 3364 3357
f 3339 3342 3365
f 3365 3342 3366
f 3342 3344 3366
f 3366 3344 3367
f 3344 3346 3367
f 3367 3346 3368
f 3346 3348 3368
f 3368 3348 3369
f 3348 3350 3369
f 3369 3350 3370
f 3368 3369 3371
f 3371 3369 3372
f 3369 3370 3372
f 3372 3370 3373
f 3373 3374 3372
f 3372 3374 3375
f 3377 3378 3376
f 3376 3378 3379
f 3377 3375 3378
f 3378 3375 3374
f 3375 3380 3372
f 3372 3380 3371
f 3377 3381 3375
f 3375 3381 3380
f 3376 3382 3377
f 3377 3382 3381
f 3384 3385 3383
f 3383 3385 3386
f 3384 3383 3388
f 3388 3383 3387
f 3388 3387 3389
f 3389 3387 3390
f 3392 3385 3391
f 3391 3385 3384
f 3388 3393 3384
f 3384 3393 3391
f 3389 3394 3388
f 3388 3394 3393
f 3389 3395 3394
f 3394 3395 3396
f 3395 3389 3397
f 3397 3389 3390
f 3339 3365 3340
f 3340 3365 3398
f 3340 3398 3352
f 3352 3398 3399
f 3371 3400 3368
f 3368 3400 3367
f 3400 3401 3367
f 3367 3401 3366
f 3366 3401 3365
f 3365 3401 3402
f 3398 3365 3403
f 3403 3365 3402
f 3398 3403 3399
f 3399 3403 3404
f 3403 3405 3404
f 3404 3405 3406
f 3352 3399 3354
f 3354 3399 3407
f 3399 3404 3407
f 3407 3404 3408
f 3404 3406 3408
f 3408 3406 3409
f 3405 3410 3406
f 3406 3410 3411
f 3410 3412 3411
f 3411 3412 3413
f 3397 3414 3395
f 3395 3414 3415
f 3417 3415 3416
f 3416 3415 3412
f 3410 3418 3412
f 3412 3418 3416
f 3410 3405 3418
f 3418 3405 3419
f 3405 3403 3419
f 3419 3403 3402
f 3370 3350 3420
f 3420 3350 3357
f 3373 3370 3421
f 3421 3370 3420
f 3374 3373 3422
f 3422 3373 3421
f 3378 3374 3423
f 3423 3374 3422
f 3378 3423 3379
f 3379 3423 3424
f 3424 3425 3379
f 3379 3425 3386
f 3383 3426 3387
f 3387 3426 3427
f 3387 3427 3390
f 3390 3427 3428
f 3390 3428 3397
f 3397 3428 3429
f 3429 3430 3397
f 3397 3430 3414
f 3411 3413 3431
f 3431 3413 3432
f 3406 3411 3409
f 3409 3411 3431
f 3401 3400 3335
f 3335 3400 3336
f 3401 3335 3402
f 3402 3335 3334
f 3402 3334 3419
f 3419 3334 3333
f 3419 3333 3418
f 3418 3333 3433
f 3418 3433 3416
f 3416 3433 3434
f 3435 3417 3434
f 3434 3417 3416
f 3394 3396 3436
f 3436 3396 3437
f 3393 3394 3332
f 3332 3394 3436
f 3393 3332 3391
f 3391 3332 3331
f 3330 3392 3331
f 3331 3392 3391
f 3382 3329 3381
f 3381 3329 3328
f 3354 3407 3356
f 3356 3407 3438
f 3356 3438 3360
f 3360 3438 3439
f 3360 3439 3362
f 3362 3439 3440
f 3362 3440 3364
f 3364 3440 3441
f 3364 3441 3357
f 3357 3441 3420
f 3421 3420 3442
f 3442 3420 3441
f 3442 3441 3443
f 3443 3441 3440
f 3443 3440 3444
f 3444 3440 3439
f 3444 3439 3445
f 3445 3439 3438
f 3445 3438 3408
f 3408 3438 3407
f 3422 3421 3446
f 3446 3421 3442
f 3446 3442 3447
f 3447 3442 3443
f 3447 3443 3448
f 3448 3443 3444
f 3448 3444 3449
f 3449 3444 3445
f 3449 3445 3409
f 3409 3445 3408
f 3409 3431 3449
f 3449 3431 3450
f 3449 3450 3448
f 3448 3450 3451
f 3451 3452 3448
f 3448 3452 3447
f 3447 3452 3446
f 3446 3452 3453
f 3446 3453 3422
f 3422 3453 3423
f 3424 3423 3454
f 3454 3423 3453
f 3452 3455 3453
f 3453 3455 3454
f 3452 3451 3455
f 3455 3451 3456
f 3450 3457 3451
f 3451 3457 3456
f 3431 3432 3450
f 3450 3432 3457
f 3454 3458 3424
f 3424 3458 3425
f 3427 3426 3459
f 3459 3426 3460
f 3428 3427 3461
f 3461 3427 3459
f 3428 3461 3429
f 3429 3461 3462
f 3462 3463 3429
f 3429 3463 3430
f 3464 3465 3462
f 3462 3465 3463
f 3455 3466 3454
f 3454 3466 3458
f 3465 3464 3466
f 3466 3464 3467
f 3461 3459 3468
f 3468 3459 3469
f 3468 3469 3464
f 3464 3469 3467
f 3464 3462 3468
f 3468 3462 3461
f 3459 3460 3469
f 3469 3460 3467
f 3295 3351 3298
f 3298 3351 3353
f 3353 3355 3298
f 3298 3355 3297
f 3297 3355 3301
f 3301 3355 3359
f 3301 3359 3308
f 3308 3359 3361
f 3308 3361 3311
f 3311 3361 3363
f 3311 3363 3316
f 3316 3363 3358
f 3316 3358 3317
f 3317 3358 3349
f 3349 3347 3317
f 3317 3347 3319
f 3347 3345 3319
f 3319 3345 3314
f 3345 3343 3314
f 3314 3343 3305
f 3343 3341 3305
f 3305 3341 3304
f 3304 3341 3292
f 3292 3341 3338
f 3292 3338 3293
f 3293 3338 3337
f 3293 3337 3295
f 3295 3337 3351
f 3437 3202 3436
f 3436 3202 3201
f 3436 3201 3332
f 3332 3201 3204
f 3433 3200 3434
f 3434 3200 3199
f 3211 3435 3199
f 3199 3435 3434
f 3333 3210 3433
f 3433 3210 3200
f 3380 3470 3371
f 3400 3371 3336
f 3336 3371 3470
f 3381 3328 3380
f 3380 3328 3470
f 3470 3328 3209
f 3209 3328 3208
f 3336 3470 3327
f 3327 3470 3209
f 1545 1763 1546
f 1546 1763 1762
f 1403 1546 773
f 773 1546 770
f 1221 3013 1220
f 1220 3013 3471
f 1305 2877 1306
f 1306 2877 2879
f 1220 3471 828
f 828 3471 829
f 1217 1754 3472
f 3472 1754 1756
f 1049 3473 1048
f 1048 3473 3474
f 1371 1179 3473
f 3473 1179 3474
f 1074 3475 1179
f 1179 3475 3474
f 3474 3475 1048
f 1048 3475 1056
f 919 666 1345
f 1345 666 665
f 856 680 919
f 919 680 666
f 679 680 1449
f 1449 680 858
f 1367 878 1500
f 1500 878 877
f 1366 908 1367
f 1367 908 878
f 1512 916 1513
f 1513 916 915
f 947 1368 948
f 948 1368 1369
f 1047 1021 1044
f 1044 1021 1020
f 1370 1049 1019
f 1019 1049 1020
f 1173 1030 1174
f 1174 1030 1033
f 3126 1188 1464
f 1464 1188 1187
f 1800 1451 1512
f 1512 1451 916
f 1175 1174 1186
f 1186 1174 1187
f 1030 1173 1047
f 1047 1173 1021
f 1513 915 3476
f 3476 915 1481
f 1345 665 3477
f 3477 665 1483
f 1502 1501 876
f 876 1501 877
f 1205 1451 1803
f 1803 1451 1802
f 3479 2832 3478
f 3478 2832 2831
f 1449 858 2927
f 2927 858 2922
f 908 1366 947
f 947 1366 1368
f 949 948 3126
f 3126 948 1188
f 3480 3135 1502
f 1502 3135 1501
f 2927 2922 3157
f 3157 2922 3152
f 3477 1483 3479
f 3479 1483 2832
f 1803 1802 3151
f 3151 1802 3152
f 663 658 664
f 664 658 657
f 655 658 939
f 939 658 706
f 1512 870 1800
f 1800 870 869
f 875 874 876
f 876 874 873
f 849 874 905
f 905 874 958
f 949 962 946
f 946 962 961
f 978 3126 979
f 979 3126 1464
f 1031 1168 1032
f 1032 1168 1022
f 1045 1013 1046
f 1046 1013 1012
f 1045 1044 1056
f 1056 1044 1048
f 1047 1046 1030
f 1030 1046 1031
f 939 706 940
f 940 706 1450
f 979 1464 1032
f 1032 1464 1033
f 3480 1478 3476
f 3476 1478 3134
f 2829 1487 2830
f 2830 1487 1486
f 848 1230 873
f 873 1230 1479
f 867 870 933
f 933 870 1514
f 1800 869 1801
f 1801 869 1799
f 2830 1486 1325
f 1325 1486 2833
f 940 1450 2925
f 2925 1450 2928
f 946 961 907
f 907 961 958
f 959 962 977
f 977 962 978
f 3476 3134 1513
f 1513 3134 1514
f 2925 2928 3155
f 3155 2928 3158
f 1325 2833 656
f 656 2833 657
f 1801 1799 3157
f 3157 1799 3158
f 1074 1055 3475
f 3475 1055 1056
f 1371 3473 1370
f 1370 3473 1049
f 2884 615 3481
f 3481 615 618
f 3478 2831 2846
f 2846 2831 617
f 2831 1484 617
f 617 1484 618
f 1484 1487 618
f 618 1487 3481
f 2848 3481 2829
f 2829 3481 1487
f 1480 1517 1161
f 1161 1517 1162
f 3129 1323 1455
f 1455 1323 1322
f 3129 3134 1323
f 1323 3134 1478
f 1535 3173 1515
f 1515 3173 1516
f 3085 3095 3137
f 3137 3095 3094
f 3137 3094 3138
f 3138 3094 3104
f 3117 3139 3105
f 3105 3139 3106
f 1138 1141 3127
f 3127 1141 3128
f 3081 3131 1264
f 1264 3131 3130
f 1227 1226 3132
f 3132 1226 3133
f 1264 3130 1229
f 1229 3130 1322
f 1160 1501 1161
f 1161 1501 3135
f 1141 1476 3128
f 3128 1476 3136
f 1226 1163 3133
f 3133 1163 1162
f 1363 1138 1515
f 1515 1138 3127
f 3084 3095 3081
f 3081 3095 3131
f 3089 884 3105
f 3105 884 3140
f 884 883 3140
f 3140 883 3141
f 883 3482 3141
f 3141 3482 3142
f 3476 1481 3480
f 3480 1481 3135
f 1502 1479 3480
f 3480 1479 1478
f 3168 463 440
f 714 1880 715
f 715 1880 2905
f 896 732 2970
f 2970 732 731
f 1263 834 3082
f 3082 834 833
f 898 1231 853
f 853 1231 854
f 3125 890 2931
f 2931 890 889
f 1237 893 2851
f 2851 893 892
f 898 853 899
f 899 853 963
f 988 987 989
f 989 987 986
f 1002 1007 1003
f 1003 1007 1006
f 1038 1036 1007
f 1007 1036 1004
f 1070 1052 1005
f 1005 1052 1006
f 1069 1067 1070
f 1070 1067 1052
f 1130 1129 1134
f 1134 1129 1135
f 879 1167 880
f 880 1167 1166
f 1171 1169 1037
f 1037 1169 1038
f 1085 1180 1069
f 1069 1180 1067
f 1209 1210 879
f 879 1210 1167
f 2885 1215 1754
f 1754 1215 1214
f 1263 855 834
f 834 855 854
f 708 1244 1826
f 1826 1244 1243
f 2909 894 1254
f 1254 894 893
f 1228 1361 964
f 964 1361 1360
f 2908 2907 1436
f 1436 2907 1437
f 2990 1440 2991
f 2991 1440 1439
f 964 1360 965
f 965 1360 1454
f 950 1457 951
f 951 1457 1456
f 970 1463 971
f 971 1463 1462
f 1025 1169 984
f 984 1169 986
f 1084 1097 1469
f 1469 1097 1470
f 1096 1115 1474
f 1474 1115 1475
f 1140 1361 1141
f 1141 1361 1476
f 1212 1495 2828
f 2828 1495 1494
f 880 1166 1452
f 1452 1166 1499
f 715 2905 1504
f 1504 2905 2906
f 954 1519 955
f 955 1519 1518
f 1026 1520 992
f 992 1520 1518
f 1029 1520 1043
f 1043 1520 1521
f 997 1522 1040
f 1040 1522 1521
f 1015 1522 1016
f 1016 1522 1523
f 1523 996 1524
f 1524 996 1062
f 1057 1060 1525
f 1525 1060 1524
f 1094 1528 1082
f 1082 1528 1527
f 1526 1528 1089
f 1089 1528 1529
f 1090 1531 1108
f 1108 1531 1530
f 1125 1533 1126
f 1126 1533 1532
f 3483 1755 727
f 727 1755 1214
f 735 1814 707
f 707 1814 1813
f 2891 1834 1246
f 1246 1834 1243
f 2904 1881 1847
f 1847 1881 1848
f 1852 1855 1853
f 1853 1855 1858
f 1902 2903 1877
f 1877 2903 1878
f 2903 2904 1878
f 1878 2904 1847
f 714 713 1848
f 1848 713 1849
f 1440 2990 1883
f 1883 2990 2989
f 1883 2989 1852
f 1852 2989 1855
f 2895 1888 2892
f 2892 1888 1887
f 774 777 1877
f 1877 777 1903
f 1251 2835 1252
f 1252 2835 2834
f 1213 2844 1212
f 1212 2844 1495
f 2851 892 1213
f 1213 892 2844
f 3123 2911 3124
f 3124 2911 2910
f 887 2929 888
f 888 2929 889
f 1435 2963 1436
f 1436 2963 2961
f 1253 1438 1254
f 1254 1438 1437
f 2970 731 735
f 735 731 1814
f 733 732 2885
f 2885 732 1215
f 2901 2902 2976
f 2976 2902 2977
f 2975 2982 2976
f 2976 2982 2979
f 2899 2900 2981
f 2981 2900 2979
f 2899 2981 2898
f 2898 2981 2983
f 2986 2985 2984
f 2984 2985 2983
f 2897 2985 2896
f 2896 2985 2988
f 2991 1439 2987
f 2987 1439 2988
f 777 2978 1903
f 1903 2978 2977
f 1885 1888 1858
f 1858 1888 1853
f 3090 3088 836
f 836 3088 833
f 3083 3088 3097
f 3097 3088 3096
f 3097 3096 3104
f 3104 3096 3106
f 3111 3116 3108
f 3108 3116 3109
f 3112 3111 3114
f 3114 3111 3108
f 3113 3122 3114
f 3114 3122 3115
f 891 890 2837
f 2837 890 2834
f 951 1456 954
f 954 1456 1519
f 967 1457 936
f 936 1457 1454
f 971 1462 902
f 902 1462 963
f 1461 1463 988
f 988 1463 987
f 1466 1468 1474
f 1474 1468 1470
f 1089 1529 1090
f 1090 1529 1531
f 1184 1181 1469
f 1469 1181 1180
f 1082 1527 1061
f 1061 1527 1525
f 1129 1473 1135
f 1135 1473 1475
f 1108 1530 1105
f 1105 1530 1532
f 1452 1499 3132
f 3132 1499 3136
f 3109 3116 3139
f 3139 3116 3138
f 2912 2911 887
f 887 2911 2929
f 2836 2835 1497
f 1497 2835 1494
f 2913 3102 2910
f 2910 3102 3115
f 1133 3187 1134
f 1134 3187 3185
f 3177 3176 3197
f 3197 3176 3198
f 3203 3183 3206
f 3206 3183 3207
f 3196 3202 3197
f 3197 3202 3211
f 3183 3182 3207
f 3207 3182 3185
f 1125 3180 1533
f 1533 3180 3198
f 3331 3203 3330
f 3330 3203 3206
f 3376 3379 3385
f 3385 3379 3386
f 3382 3376 3392
f 3392 3376 3385
f 3412 3415 3413
f 3413 3415 3414
f 3417 3396 3415
f 3415 3396 3395
f 3383 3386 3426
f 3426 3386 3425
f 3413 3414 3432
f 3432 3414 3430
f 3437 3396 3435
f 3435 3396 3417
f 3329 3382 3330
f 3330 3382 3392
f 3426 3425 3460
f 3460 3425 3458
f 3432 3430 3457
f 3457 3430 3463
f 3457 3463 3456
f 3456 3463 3465
f 3460 3458 3467
f 3467 3458 3466
f 3466 3455 3465
f 3465 3455 3456
f 3202 3437 3211
f 3211 3437 3435
f 3104 3106 3138
f 3138 3106 3139
f 3132 3136 1227
f 1227 3136 1476
f 943 687 600
f 600 687 601
f 596 625 667
f 667 625 1297
f 687 686 601
f 601 686 653
f 1319 784 711
f 711 784 712
f 1811 607 783
f 783 607 712
f 862 921 917
f 917 921 920
f 3478 925 3479
f 3479 925 924
f 2846 926 3478
f 3478 926 925
f 659 662 929
f 929 662 930
f 856 921 857
f 857 921 1204
f 1206 864 1207
f 1207 864 863
f 2876 1219 2877
f 2877 1219 1218
f 667 1297 593
f 593 1297 1296
f 917 920 1333
f 1333 920 1346
f 686 693 653
f 653 693 930
f 1277 913 1498
f 1498 913 1207
f 592 1536 610
f 610 1536 711
f 864 1206 1805
f 1805 1206 1804
f 1317 1536 1900
f 1900 1536 1809
f 1900 1809 1295
f 1295 1809 1296
f 3479 924 3477
f 3477 924 2824
f 927 926 1203
f 1203 926 2847
f 3484 2859 3032
f 3032 2859 3033
f 3472 2878 1217
f 1217 2878 1218
f 2889 2888 2880
f 2880 2888 2881
f 2886 2883 2887
f 2887 2883 2882
f 929 928 2847
f 2847 928 1203
f 857 1204 2921
f 2921 1204 2926
f 1820 1819 2882
f 2882 1819 2881
f 1821 2883 2876
f 2876 2883 1219
f 782 2889 783
f 783 2889 2880
f 1352 3034 1353
f 1353 3034 3033
f 3031 3034 3041
f 3041 3034 3043
f 944 943 3043
f 3043 943 600
f 1339 3145 1498
f 1498 3145 3143
f 1208 882 3148
f 3148 882 3143
f 2921 2926 3151
f 3151 2926 3156
f 3477 2824 1345
f 1345 2824 1346
f 1805 1804 3154
f 3154 1804 3156
f 886 3103 883
f 883 3103 3482
f 841 1248 3485
f 3485 1248 3121
f 2811 2819 2812
f 2812 2819 2816
f 2818 2815 2817
f 2817 2815 2806
f 2817 2816 2818
f 2818 2816 2819
f 2793 2795 2819
f 2819 2795 2818
f 243 352 2793
f 2793 352 2795
f 242 353 243
f 243 353 352
f 359 191 242
f 242 191 353
f 247 192 359
f 359 192 191
f 157 193 247
f 247 193 192
f 156 194 157
f 157 194 193
f 378 261 156
f 156 261 194
f 378 381 261
f 261 381 195
f 195 381 196
f 196 381 376
f 196 376 198
f 198 376 375
f 375 1776 198
f 198 1776 197
f 1776 1767 197
f 197 1767 274
f 181 274 199
f 199 274 1767
f 568 566 564
f 564 566 563
f 568 569 566
f 566 569 567
f 501 1773 1771
f 1771 1773 578
f 547 579 1773
f 1773 579 578
f 3486 470 474
f 474 470 469
f 450 582 3487
f 3487 582 3488
f 582 583 3488
f 3488 583 3489
f 583 584 3489
f 3489 584 3490
f 3490 584 3491
f 3491 584 543
f 470 3486 466
f 466 3486 467
f 3489 3490 503
f 503 3490 504
f 503 3492 3489
f 3489 3492 3488
f 3492 503 3493
f 3493 503 502
f 3495 3492 3494
f 3494 3492 3493
f 3487 3488 3495
f 3495 3488 3492
f 468 1774 465
f 465 1774 570
f 3494 3493 1775
f 1775 3493 1771
f 3490 3491 504
f 504 3491 1772
f 3491 543 1772
f 1772 543 548
f 450 3487 474
f 474 3487 3486
f 3495 467 3487
f 3487 467 3486
f 3494 468 3495
f 3495 468 467
f 468 3494 1774
f 1774 3494 1775
f 501 1771 502
f 502 1771 3493
f 527 366 384
f 384 366 365
f 522 524 527
f 527 524 366
f 521 534 522
f 522 534 524
f 530 535 521
f 521 535 534
f 508 486 513
f 513 486 532
f 513 532 541
f 541 532 535
f 667 668 596
f 596 668 597
f 1294 1297 624
f 624 1297 625
f 603 641 604
f 604 641 640
f 1290 1293 650
f 650 1293 651
f 1758 691 660
f 660 691 661
f 602 671 599
f 599 671 670
f 654 662 690
f 690 662 661
f 2856 598 695
f 695 598 597
f 602 654 671
f 671 654 690
f 604 640 676
f 676 640 704
f 1826 1829 708
f 708 1829 709
f 1288 1284 740
f 740 1284 741
f 755 754 758
f 758 754 759
f 2853 2856 932
f 932 2856 695
f 689 691 1192
f 1192 691 1193
f 784 1319 1240
f 1240 1319 1241
f 1813 1816 1244
f 1244 1816 1245
f 754 1288 759
f 759 1288 740
f 1894 1242 1318
f 1318 1242 1241
f 2867 1348 1418
f 1418 1348 1347
f 676 704 673
f 673 704 1347
f 1284 1287 741
f 741 1287 1419
f 1421 1426 1422
f 1422 1426 1425
f 1758 660 615
f 615 660 616
f 1192 1191 1421
f 1421 1191 1426
f 2962 1839 1504
f 1504 1839 1505
f 941 1194 1759
f 1759 1194 1193
f 1287 1537 1419
f 1419 1537 1760
f 1882 2893 1823
f 1823 2893 1824
f 1886 1891 1827
f 1827 1891 1828
f 1887 1886 1834
f 1834 1886 1827
f 1841 716 1838
f 1838 716 1505
f 782 784 1850
f 1850 784 1240
f 1239 1242 1863
f 1863 1242 1864
f 1242 1894 1864
f 1864 1894 1873
f 1822 1239 1823
f 1823 1239 1863
f 1318 1317 1895
f 1895 1317 1900
f 1894 1896 1873
f 1873 1896 1897
f 1291 1896 1292
f 1292 1896 1895
f 605 1898 606
f 606 1898 1897
f 1258 1257 2854
f 2854 1257 2855
f 1257 1351 2855
f 2855 1351 2857
f 1351 1353 2857
f 2857 1353 2858
f 1353 3033 2858
f 2858 3033 2859
f 2860 2861 3036
f 3036 2861 3037
f 2862 2863 2870
f 2870 2863 3039
f 2870 2869 2862
f 2862 2869 2864
f 2868 2865 2869
f 2869 2865 2864
f 1764 2866 2868
f 2868 2866 2865
f 1537 1199 1760
f 1760 1199 1348
f 615 2884 1758
f 1758 2884 1759
f 1825 1246 2890
f 2890 1246 1245
f 2893 2892 1824
f 1824 2892 2891
f 761 2960 758
f 758 2960 2906
f 3000 2943 2940
f 2940 2943 2941
f 2968 710 2950
f 2950 710 709
f 1764 1423 2866
f 2866 1423 2953
f 1423 645 2953
f 2953 645 2954
f 645 644 2954
f 2954 644 2955
f 644 738 2955
f 2955 738 2956
f 738 764 2956
f 2956 764 2957
f 764 763 2957
f 2957 763 2958
f 763 2908 2958
f 2958 2908 2959
f 2908 1436 2959
f 2959 1436 2961
f 1837 2964 1435
f 1435 2964 2963
f 1837 2937 2964
f 2964 2937 2965
f 2936 2968 2966
f 2966 2968 2950
f 1840 2942 1838
f 1838 2942 2941
f 2939 2949 2940
f 2940 2949 3006
f 2939 2942 2966
f 2966 2942 2965
f 1822 1825 1850
f 1850 1825 2890
f 1891 3005 1828
f 1828 3005 3006
f 3035 3038 3045
f 3045 3038 3042
f 3045 3044 3035
f 3035 3044 3040
f 669 1422 3045
f 3045 1422 3044
f 599 670 3041
f 3041 670 3042
f 931 3067 932
f 932 3067 3065
f 2853 3066 2854
f 2854 3066 3076
f 3067 3496 3065
f 3065 3496 3497
f 3066 3498 3076
f 3076 3498 3499
f 707 1813 708
f 708 1813 1244
f 2960 2962 2906
f 2906 2962 1504
f 2892 1887 2891
f 2891 1887 1834
f 1839 2962 2963
f 2963 2962 2961
f 595 626 596
f 596 626 625
f 623 626 3484
f 3484 626 2859
f 1291 1290 606
f 606 1290 603
f 1290 650 603
f 603 650 641
f 641 650 642
f 642 650 649
f 2860 2863 649
f 649 2863 642
f 3036 3039 2860
f 2860 3039 2863
f 3035 3040 3036
f 3036 3040 3039
f 1294 1293 1295
f 1295 1293 1292
f 624 651 1294
f 1294 651 1293
f 623 652 624
f 624 652 651
f 3484 2861 623
f 623 2861 652
f 3032 3037 3484
f 3484 3037 2861
f 3031 3038 3032
f 3032 3038 3037
f 3481 2848 2884
f 2884 2848 942
f 2846 617 1427
f 1427 617 616
f 3049 3167 3048
f 3048 3167 3500
f 1906 3048 3070
f 3070 3048 3500
f 1337 1768 3501
f 3501 1768 3502
f 3020 3503 3021
f 3021 3503 3024
f 2914 3023 3020
f 3020 3023 3503
f 859 1770 860
f 860 1770 3504
f 1336 3505 1768
f 1768 3505 3502
f 3065 3497 3066
f 3066 3497 3498
f 2814 3075 3067
f 3067 3075 3496
f 2839 3174 766
f 766 3174 3017
f 1337 3501 1338
f 1338 3501 1769
f 767 3018 3026
f 3026 3018 3506
f 3076 3499 3064
f 3064 3499 3507
f 727 730 3483
f 3483 730 3030
f 3064 3507 2871
f 2871 3507 3077
f 3100 3160 1786
f 1786 3160 1784
f 3026 3506 752
f 752 3506 3015
f 860 3504 2923
f 2923 3504 3508
f 753 3016 3027
f 3027 3016 3509
f 3027 3509 3008
f 3008 3509 3028
f 1782 1785 1783
f 1783 1785 3022
f 2923 3508 3153
f 3153 3508 3161
f 3148 3149 1208
f 1208 3149 3150
f 1335 1328 3510
f 3510 1328 1327
f 1336 1335 3505
f 3505 1335 3510
f 866 3511 1340
f 1340 3511 3146
f 865 1808 866
f 866 1808 3511
f 842 841 3159
f 3159 841 3485
f 2849 3512 1329
f 1329 3512 1326
f 1202 1331 2849
f 2849 1331 3512
f 3514 3515 3513
f 3513 3515 3516
f 3518 3516 3517
f 3517 3516 3515
f 3519 3520 3514
f 3514 3520 3515
f 3522 3523 3521
f 3521 3523 3524
f 3526 3527 3525
f 3525 3527 3528
f 3530 3531 3529
f 3529 3531 3532
f 3534 3535 3533
f 3533 3535 3536
f 3529 3532 3537
f 3537 3532 3538
f 3537 3539 3529
f 3529 3539 3540
f 3542 3543 3541
f 3541 3543 3544
f 3546 3547 3545
f 3545 3547 3548
f 3550 3534 3549
f 3549 3534 3533
f 3550 3543 3551
f 3551 3543 3552
f 3537 3545 3539
f 3539 3545 3548
f 3553 3554 3556
f 3556 3554 3555
f 3537 3557 3545
f 3545 3557 3546
f 3558 3559 3561
f 3561 3559 3560
f 3563 3564 3562
f 3562 3564 3565
f 3564 3563 3566
f 3566 3563 3567
f 3569 3570 3568
f 3568 3570 3571
f 3573 3574 3572
f 3572 3574 3575
f 3577 3578 3576
f 3576 3578 3579
f 3581 3582 3580
f 3580 3582 3583
f 3585 3586 3584
f 3584 3586 3579
f 3586 3587 3579
f 3579 3587 3576
f 3589 3590 3588
f 3588 3590 3591
f 3592 3593 3595
f 3595 3593 3594
f 3597 3598 3596
f 3596 3598 3595
f 3583 3600 3599
f 3599 3600 3601
f 3603 3599 3602
f 3602 3599 3601
f 3605 3606 3604
f 3604 3606 3607
f 3608 3555 3596
f 3596 3555 3554
f 3597 3610 3609
f 3609 3610 3565
f 3564 3611 3565
f 3565 3611 3609
f 3611 3564 3612
f 3612 3564 3566
f 3613 3614 3569
f 3569 3614 3570
f 3615 3616 3573
f 3573 3616 3574
f 3517 3617 3518
f 3518 3617 3618
f 3620 3621 3619
f 3619 3621 3622
f 3624 3625 3623
f 3623 3625 3626
f 3628 3629 3627
f 3627 3629 3630
f 3632 3633 3631
f 3631 3633 3634
f 3636 3637 3635
f 3635 3637 3638
f 3640 3641 3639
f 3639 3641 3642
f 3643 3644 3639
f 3639 3644 3640
f 3646 3513 3645
f 3645 3513 3647
f 3648 3514 3646
f 3646 3514 3513
f 3649 3519 3648
f 3648 3519 3514
f 3650 3651 3527
f 3527 3651 3652
f 3654 3651 3653
f 3653 3651 3650
f 3568 3571 3655
f 3655 3571 3656
f 3657 3658 3653
f 3653 3658 3659
f 3661 3662 3660
f 3660 3662 3658
f 3664 3665 3663
f 3663 3665 3666
f 3667 3657 3650
f 3650 3657 3653
f 3669 3523 3668
f 3668 3523 3670
f 3672 3673 3671
f 3671 3673 3674
f 3676 3677 3675
f 3675 3677 3678
f 3671 3674 3676
f 3676 3674 3677
f 3680 3681 3679
f 3679 3681 3682
f 3683 3684 3680
f 3680 3684 3681
f 3685 3686 3661
f 3661 3686 3662
f 3686 3687 3662
f 3662 3687 3688
f 3684 3683 3689
f 3689 3683 3690
f 3692 3693 3691
f 3691 3693 3694
f 3691 3694 3695
f 3695 3694 3696
f 3698 3699 3697
f 3697 3699 3700
f 3702 3703 3701
f 3701 3703 3704
f 3705 3706 3519
f 3519 3706 3520
f 3673 3672 3707
f 3707 3672 3708
f 3709 3710 3682
f 3682 3710 3679
f 3711 3712 3692
f 3692 3712 3693
f 3714 3715 3713
f 3713 3715 3716
f 3718 3700 3717
f 3717 3700 3699
f 3720 3721 3719
f 3719 3721 3722
f 3724 3725 3723
f 3723 3725 3726
f 3727 3728 3730
f 3730 3728 3729
f 3722 3721 3731
f 3731 3721 3732
f 3697 3700 3733
f 3733 3700 3714
f 3733 3714 3734
f 3734 3714 3713
f 3721 3723 3732
f 3732 3723 3735
f 3720 3736 3724
f 3724 3736 3737
f 3700 3718 3714
f 3714 3718 3715
f 3717 3699 3738
f 3738 3699 3739
f 3536 3740 3533
f 3533 3740 3540
f 3742 3743 3741
f 3741 3743 3744
f 3746 3747 3745
f 3745 3747 3748
f 3750 3751 3749
f 3749 3751 3752
f 3627 3632 3628
f 3628 3632 3631
f 3754 3755 3753
f 3753 3755 3626
f 3562 3565 3756
f 3756 3565 3610
f 3527 3652 3528
f 3528 3652 3757
f 3758 3524 3669
f 3669 3524 3523
f 3582 3598 3583
f 3583 3598 3600
f 3759 3670 3522
f 3522 3670 3523
f 3675 3678 3760
f 3760 3678 3761
f 3762 3763 3690
f 3690 3763 3689
f 3765 3766 3764
f 3764 3766 3767
f 3768 3739 3698
f 3698 3739 3699
f 3726 3725 3770
f 3770 3725 3769
f 3645 3647 3771
f 3771 3647 3772
f 3645 3678 3646
f 3646 3678 3677
f 3646 3677 3648
f 3648 3677 3674
f 3673 3649 3674
f 3674 3649 3648
f 3707 3773 3673
f 3673 3773 3649
f 3775 3776 3774
f 3774 3776 3777
f 3779 3526 3778
f 3778 3526 3525
f 3526 3779 3667
f 3667 3779 3780
f 3780 3781 3667
f 3667 3781 3657
f 3672 3679 3708
f 3708 3679 3710
f 3671 3680 3672
f 3672 3680 3679
f 3676 3683 3671
f 3671 3683 3680
f 3675 3690 3676
f 3676 3690 3683
f 3760 3762 3675
f 3675 3762 3690
f 3682 3681 3783
f 3783 3681 3782
f 3689 3784 3684
f 3684 3784 3785
f 3684 3785 3681
f 3681 3785 3782
f 3786 3709 3783
f 3783 3709 3682
f 3784 3689 3787
f 3787 3689 3763
f 3789 3557 3788
f 3788 3557 3790
f 3792 3793 3791
f 3791 3793 3794
f 3616 3615 3795
f 3795 3615 3796
f 3797 3798 3727
f 3727 3798 3728
f 3800 3801 3799
f 3799 3801 3802
f 3803 3578 3592
f 3592 3578 3593
f 3805 3806 3804
f 3804 3806 3807
f 3599 3603 3585
f 3585 3603 3586
f 3587 3586 3604
f 3604 3586 3603
f 3588 3591 3794
f 3794 3591 3791
f 3581 3803 3582
f 3582 3803 3592
f 3594 3561 3608
f 3608 3561 3790
f 3662 3688 3808
f 3808 3688 3809
f 3665 3664 3810
f 3810 3664 3811
f 3719 3812 3720
f 3720 3812 3736
f 3717 3813 3718
f 3718 3813 3737
f 3723 3721 3724
f 3724 3721 3720
f 3813 3717 3814
f 3814 3717 3738
f 3815 3816 303
f 303 3816 304
f 3818 3819 3817
f 3817 3819 3820
f 3578 3803 3579
f 3579 3803 3584
f 3558 3593 3577
f 3577 3593 3578
f 3822 3823 3821
f 3821 3823 3824
f 3546 3826 3825
f 3825 3826 3827
f 3828 3829 3547
f 3547 3829 3541
f 3831 3542 3830
f 3830 3542 3832
f 3834 3822 3833
f 3833 3822 3821
f 3835 3836 3827
f 3827 3836 3825
f 3800 3799 3828
f 3828 3799 3829
f 3830 3832 3837
f 3837 3832 3838
f 331 330 3551
f 3551 330 3839
f 3831 333 3552
f 3552 333 332
f 3819 3797 3841
f 3841 3797 3840
f 3513 3516 3647
f 3647 3516 3746
f 337 336 3745
f 3745 336 3772
f 3525 3528 3775
f 3775 3528 3749
f 3610 3597 3554
f 3554 3597 3596
f 3706 3702 3520
f 3520 3702 3701
f 3756 3610 3553
f 3553 3610 3554
f 3757 3750 3528
f 3528 3750 3749
f 3517 3515 3701
f 3701 3515 3520
f 3842 3584 3581
f 3581 3584 3803
f 3525 3775 3778
f 3778 3775 3774
f 3638 3843 3635
f 3635 3843 3618
f 3617 3621 3618
f 3618 3621 3635
f 3617 3517 3704
f 3704 3517 3701
f 3521 3624 3522
f 3522 3624 3623
f 3749 3844 3775
f 3775 3844 3776
f 3846 3847 3845
f 3845 3847 3848
f 3843 3747 3618
f 3618 3747 3518
f 3850 3851 3849
f 3849 3851 3748
f 3853 3854 3852
f 3852 3854 3855
f 3856 3857 3622
f 3622 3857 3619
f 3859 3860 3858
f 3858 3860 3861
f 3862 3844 3752
f 3752 3844 3749
f 3863 3759 3623
f 3623 3759 3522
f 3864 3777 3630
f 3630 3777 3776
f 3713 3865 3734
f 3734 3865 3866
f 3868 3869 3867
f 3867 3869 3870
f 3872 3873 3871
f 3871 3873 3874
f 3876 3877 3875
f 3875 3877 3878
f 3879 3880 3878
f 3878 3880 3881
f 3882 3883 3885
f 3885 3883 3884
f 3780 3886 3781
f 3781 3886 3887
f 3888 3685 3869
f 3869 3685 3661
f 3880 3879 3883
f 3883 3879 3884
f 3693 3783 3694
f 3694 3783 3782
f 3696 3785 3764
f 3764 3785 3784
f 3694 3782 3696
f 3696 3782 3785
f 3693 3786 3783
f 3787 3765 3784
f 3784 3765 3764
f 386 385 3765
f 3765 385 3766
f 3695 3889 3691
f 3691 3889 3890
f 3691 3890 3692
f 3692 3890 3891
f 3892 3711 3891
f 3891 3711 3692
f 3767 3893 3695
f 3695 3893 3889
f 3766 3894 3767
f 3767 3894 3893
f 3882 3885 3895
f 3895 3885 3896
f 3898 3698 3897
f 3897 3698 3697
f 3897 3697 3899
f 3899 3697 3733
f 3899 3733 3900
f 3900 3733 3734
f 3901 3768 3898
f 3898 3768 3698
f 3901 3902 3768
f 3768 3902 3903
f 3904 3905 3907
f 3907 3905 3906
f 3869 3661 3870
f 3870 3661 3660
f 3908 3909 3896
f 3896 3909 3895
f 3909 3758 3895
f 3895 3758 3669
f 3751 3531 3752
f 3752 3531 3848
f 3858 3536 3854
f 3854 3536 3535
f 3652 3562 3757
f 3757 3562 3756
f 3651 3654 3563
f 3563 3654 3567
f 3655 3656 3808
f 3808 3656 3659
f 3530 3740 3845
f 3845 3740 3861
f 3751 3750 3556
f 3556 3750 3553
f 3817 3820 3796
f 3796 3820 3795
f 410 409 3910
f 3910 409 3855
f 3750 3757 3553
f 3553 3757 3756
f 3908 3886 3909
f 3909 3886 3780
f 409 411 3855
f 3855 411 3851
f 413 412 3760
f 3760 412 3762
f 415 414 3763
f 3763 414 3787
f 3790 3557 3538
f 3538 3557 3537
f 3555 3608 3538
f 3538 3608 3790
f 3574 3911 3575
f 3575 3911 3912
f 3535 3534 3910
f 3910 3534 3839
f 3831 3552 3542
f 3542 3552 3543
f 3534 3550 3839
f 3839 3550 3551
f 3543 3550 3544
f 3544 3550 3549
f 3913 3914 3916
f 3916 3914 3915
f 3806 3805 3589
f 3589 3805 3590
f 3849 3843 3917
f 3917 3843 3638
f 3853 3644 3859
f 3859 3644 3742
f 3747 3746 3518
f 3518 3746 3516
f 3695 3696 3767
f 3767 3696 3764
f 3903 3918 3768
f 3768 3918 3739
f 3738 3739 3816
f 3816 3739 3918
f 3919 3920 3769
f 3769 3920 3770
f 3921 3726 3922
f 3922 3726 3770
f 3678 3645 3761
f 3761 3645 3771
f 3924 3913 3923
f 3923 3913 3916
f 3802 3925 3838
f 3838 3925 3837
f 3577 3926 3558
f 3558 3926 3559
f 3815 3919 3814
f 3814 3919 3769
f 3927 3928 3822
f 3822 3928 3823
f 3829 3832 3541
f 3541 3832 3542
f 3834 3927 3822
f 3832 3829 3838
f 3838 3829 3799
f 3745 3772 3746
f 3746 3772 3647
f 3849 3748 3843
f 3843 3748 3747
f 3854 3853 3858
f 3858 3853 3859
f 3854 3535 3855
f 3855 3535 3910
f 3557 3789 3546
f 3546 3789 3826
f 3923 3823 3924
f 3924 3823 3928
f 3823 3923 3929
f 3929 3923 3930
f 3531 3751 3532
f 3532 3751 3556
f 3532 3556 3538
f 3538 3556 3555
f 3932 3634 3931
f 3931 3634 3633
f 3814 3769 3813
f 3813 3769 3725
f 3620 3636 3621
f 3621 3636 3635
f 3847 3862 3848
f 3848 3862 3752
f 3531 3530 3848
f 3848 3530 3845
f 3933 3934 3830
f 3830 3934 3831
f 3925 3933 3837
f 3837 3933 3830
f 3934 440 3831
f 3831 440 333
f 3925 3802 3833
f 3833 3802 3801
f 3776 3844 3630
f 3630 3844 3627
f 3808 3659 3662
f 3662 3659 3658
f 3667 3650 3526
f 3526 3650 3527
f 3935 3666 3936
f 3936 3666 3665
f 3718 3737 3715
f 3715 3737 3736
f 3663 3809 3664
f 3664 3809 3688
f 3807 3806 3938
f 3938 3806 3937
f 445 413 3761
f 3761 413 3760
f 3902 447 3903
f 3903 447 446
f 3897 3890 3898
f 3898 3890 3889
f 3899 3891 3897
f 3897 3891 3890
f 3898 3889 3901
f 3901 3889 3893
f 3893 3894 3901
f 3901 3894 3902
f 414 386 3787
f 3787 386 3765
f 3940 3941 3939
f 3939 3941 3942
f 3840 3797 3943
f 3943 3797 3727
f 3665 3810 3936
f 3936 3810 3944
f 3921 3735 3726
f 3726 3735 3723
f 3920 3945 3770
f 3770 3945 3922
f 3521 3524 3774
f 3774 3524 3778
f 3864 3946 3625
f 3625 3946 3947
f 3773 3705 3649
f 3649 3705 3519
f 3779 3778 3758
f 3758 3778 3524
f 3812 3716 3736
f 3736 3716 3715
f 3624 3521 3777
f 3777 3521 3774
f 3703 3856 3704
f 3704 3856 3622
f 3900 3892 3899
f 3899 3892 3891
f 3641 3917 3642
f 3642 3917 3948
f 3895 3669 3882
f 3882 3669 3668
f 3855 3851 3852
f 3852 3851 3850
f 3894 458 3902
f 3902 458 447
f 3781 3887 3660
f 3660 3887 3870
f 3570 3566 3571
f 3571 3566 3567
f 3950 3576 3949
f 3949 3576 3587
f 3605 3602 3614
f 3614 3602 3612
f 3614 3612 3570
f 3570 3612 3566
f 3571 3567 3656
f 3656 3567 3654
f 3660 3658 3781
f 3781 3658 3657
f 3604 3607 3587
f 3587 3607 3949
f 3653 3659 3654
f 3654 3659 3656
f 3529 3540 3530
f 3530 3540 3740
f 3687 3811 3688
f 3688 3811 3664
f 3813 3725 3737
f 3737 3725 3724
f 3919 3815 461
f 461 3815 303
f 3818 3798 3819
f 3819 3798 3797
f 3819 3841 3820
f 3820 3841 3951
f 3816 3815 3738
f 3738 3815 3814
f 3540 3539 3533
f 3533 3539 3549
f 3548 3547 3544
f 3544 3547 3541
f 3539 3548 3549
f 3549 3548 3544
f 3741 3931 3860
f 3860 3931 3846
f 3801 3800 3835
f 3835 3800 3836
f 3934 3933 3824
f 3824 3933 3821
f 3825 3828 3546
f 3546 3828 3547
f 3833 3821 3925
f 3925 3821 3933
f 3800 3828 3836
f 3836 3828 3825
f 3824 3952 3934
f 3934 3952 440
f 3860 3846 3861
f 3861 3846 3845
f 3629 3946 3630
f 3630 3946 3864
f 3740 3536 3861
f 3861 3536 3858
f 3833 3801 3834
f 3834 3801 3835
f 3583 3599 3580
f 3580 3599 3585
f 3651 3563 3652
f 3652 3563 3562
f 3758 3909 3779
f 3779 3909 3780
f 3621 3617 3622
f 3622 3617 3704
f 3625 3947 3626
f 3626 3947 3753
f 3633 3632 3847
f 3847 3632 3862
f 3852 3850 3640
f 3640 3850 3641
f 3644 3853 3640
f 3640 3853 3852
f 3859 3742 3860
f 3860 3742 3741
f 3632 3627 3862
f 3862 3627 3844
f 3755 3863 3626
f 3626 3863 3623
f 3917 3638 3948
f 3948 3638 3637
f 3644 3643 3742
f 3742 3643 3743
f 3931 3633 3846
f 3846 3633 3847
f 3625 3624 3864
f 3864 3624 3777
f 3917 3641 3849
f 3849 3641 3850
f 3744 3932 3741
f 3741 3932 3931
f 3903 446 3918
f 3918 446 464
f 3953 3954 3956
f 3956 3954 3955
f 3958 3959 3957
f 3957 3959 3960
f 3876 3958 3877
f 3877 3958 3957
f 3877 3957 3961
f 3961 3957 3962
f 3963 3964 3958
f 3958 3964 3959
f 3965 3966 3876
f 3876 3966 3958
f 3966 3963 3958
f 3966 3967 3963
f 3963 3967 3968
f 3878 3877 3879
f 3879 3877 3961
f 3967 3969 3968
f 3968 3969 3970
f 3969 3971 3970
f 3970 3971 3972
f 3974 3904 3973
f 3973 3904 3907
f 3971 3975 3972
f 3972 3975 3976
f 3976 3975 3978
f 3978 3975 3977
f 3979 3980 3977
f 3977 3980 3978
f 3981 3982 3979
f 3979 3982 3980
f 3983 3984 3981
f 3981 3984 3982
f 3972 3985 3970
f 3970 3985 3986
f 3871 3987 3969
f 3969 3987 3971
f 3872 3871 3967
f 3967 3871 3969
f 3965 3872 3966
f 3966 3872 3967
f 3970 3986 3968
f 3968 3986 3988
f 3879 3961 3884
f 3884 3961 3940
f 3884 3940 3885
f 3885 3940 3939
f 3989 3990 3992
f 3992 3990 3991
f 3942 3993 3995
f 3995 3993 3994
f 3994 3996 3995
f 3995 3996 3974
f 3997 3998 3994
f 3994 3998 3996
f 3999 3997 3993
f 3993 3997 3994
f 4001 3996 4000
f 4000 3996 3998
f 4000 3998 4002
f 4002 3998 4003
f 4004 4003 3997
f 3997 4003 3998
f 3997 3999 4004
f 4004 3999 4005
f 4006 3995 3973
f 3973 3995 3974
f 3939 3942 4006
f 4006 3942 3995
f 3906 3887 3907
f 3907 3887 3886
f 3887 3906 3870
f 3870 3906 3867
f 3908 3973 3886
f 3886 3973 3907
f 3865 4007 3866
f 3866 4007 4008
f 3984 3983 4009
f 4009 3983 4010
f 3961 3962 3940
f 3940 3962 3941
f 4012 3868 4011
f 4011 3868 3867
f 4013 3975 3987
f 3987 3975 3971
f 4014 3977 4013
f 4013 3977 3975
f 4015 4010 4007
f 4007 4010 3983
f 4007 3983 4008
f 4008 3983 3981
f 4008 3981 4016
f 4016 3981 3979
f 4017 3984 4018
f 4018 3984 4009
f 3977 4014 3979
f 3979 4014 4016
f 3982 3984 4019
f 4019 3984 4017
f 4021 4022 4020
f 4020 4022 4023
f 4022 4012 4023
f 4023 4012 4011
f 4023 3904 4020
f 4020 3904 3974
f 4024 4025 4018
f 4018 4025 4017
f 4026 4027 4024
f 4024 4027 4025
f 4028 4026 4029
f 4029 4026 4024
f 4018 4021 4024
f 4024 4021 4029
f 4030 4031 4026
f 4026 4031 4027
f 4032 4030 4028
f 4028 4030 4026
f 4029 4001 4028
f 4028 4001 4000
f 4028 4000 4032
f 4032 4000 4002
f 4034 4035 4033
f 4033 4035 4036
f 4037 4038 4019
f 4019 4038 4039
f 4041 4039 4040
f 4040 4039 4038
f 4040 4038 4042
f 4042 4038 4036
f 4042 4036 4043
f 4043 4036 4035
f 3985 4044 4046
f 4046 4044 4045
f 4047 4048 4045
f 4045 4048 4046
f 4047 4049 4048
f 4048 4049 4050
f 4042 4047 4040
f 4040 4047 4045
f 4043 4049 4042
f 4042 4049 4047
f 4040 4045 4041
f 4041 4045 4044
f 4052 3959 4051
f 4051 3959 3964
f 4053 4054 4051
f 4051 4054 4055
f 3956 3960 4052
f 4052 3960 3959
f 3953 3956 4056
f 4056 3956 4052
f 4058 3953 4057
f 4057 3953 4056
f 4060 4061 4059
f 4059 4061 4062
f 4063 4064 4054
f 4054 4064 4057
f 4054 4053 4063
f 4063 4053 4065
f 4066 4067 4069
f 4069 4067 4068
f 4048 4050 4063
f 4063 4050 4064
f 4063 4065 4048
f 4048 4065 4046
f 3985 4046 3986
f 3986 4046 4065
f 3986 4065 3988
f 3988 4065 4053
f 3988 4053 3964
f 3964 4053 4051
f 3976 3978 4044
f 4044 3978 4041
f 3980 3982 4039
f 4039 3982 4019
f 4039 4041 3980
f 3980 4041 3978
f 3973 3908 4006
f 4006 3908 3896
f 3885 3939 3896
f 3896 3939 4006
f 4031 4034 4027
f 4027 4034 4033
f 4027 4033 4025
f 4025 4033 4037
f 4019 4017 4037
f 4037 4017 4025
f 3993 3942 4070
f 4070 3942 3941
f 3999 3993 4071
f 4071 3993 4070
f 3999 4071 4005
f 4005 4071 4072
f 4073 4074 4076
f 4076 4074 4075
f 4078 4079 4077
f 4077 4079 4080
f 4082 4080 4081
f 4081 4080 4079
f 4084 4085 4083
f 4083 4085 4086
f 4087 4088 4090
f 4090 4088 4089
f 4092 4093 4091
f 4091 4093 4094
f 4096 4097 4095
f 4095 4097 4098
f 4100 4101 4099
f 4099 4101 4102
f 4103 4104 4106
f 4106 4104 4105
f 4108 4109 4107
f 4107 4109 4110
f 4112 4113 4111
f 4111 4113 4114
f 4116 4117 4115
f 4115 4117 4118
f 4120 4121 4119
f 4119 4121 4122
f 4123 4124 4126
f 4126 4124 4125
f 4127 4128 4130
f 4130 4128 4129
f 4132 4133 4131
f 4131 4133 4134
f 4136 4108 4135
f 4135 4108 4107
f 4138 4139 4137
f 4137 4139 4140
f 4141 4142 4088
f 4088 4142 4089
f 4144 4145 4143
f 4143 4145 4146
f 4148 4149 4147
f 4147 4149 4150
f 4152 4153 4151
f 4151 4153 4154
f 4156 4082 4155
f 4155 4082 4081
f 4157 4158 4160
f 4160 4158 4159
f 4161 4162 4164
f 4164 4162 4163
f 4166 4122 4165
f 4165 4122 4121
f 4168 4152 4167
f 4167 4152 4151
f 4169 4170 4172
f 4172 4170 4171
f 4174 4175 4173
f 4173 4175 4176
f 4178 4149 4177
f 4177 4149 4179
f 4173 4176 4180
f 4180 4176 4181
f 4156 4085 4182
f 4182 4085 4183
f 4182 4184 4156
f 4156 4184 4082
f 4185 4186 4184
f 4184 4186 4187
f 4186 4188 4187
f 4187 4188 4189
f 4190 4191 4073
f 4073 4191 4074
f 4177 4179 4158
f 4158 4179 4159
f 4193 4127 4192
f 4192 4127 4130
f 4144 4194 4151
f 4151 4194 4167
f 4196 4197 4195
f 4195 4197 4198
f 4095 4199 4096
f 4096 4199 4200
f 4201 4202 4204
f 4204 4202 4203
f 4205 4206 4208
f 4208 4206 4207
f 4121 4120 4209
f 4209 4120 4210
f 4212 4213 4211
f 4211 4213 4214
f 4216 4217 4215
f 4215 4217 4218
f 4220 4221 4219
f 4219 4221 4222
f 4224 4196 4223
f 4223 4196 4195
f 4225 4226 4134
f 4134 4226 4131
f 4228 4229 4227
f 4227 4229 4230
f 4232 4233 4231
f 4231 4233 4098
f 4235 4236 4234
f 4234 4236 4237
f 4239 4240 4238
f 4238 4240 4241
f 4242 4243 4245
f 4245 4243 4244
f 4246 4247 4249
f 4249 4247 4248
f 4251 4252 4250
f 4250 4252 4253
f 4255 4256 4254
f 4254 4256 4257
f 4259 4260 4258
f 4258 4260 4261
f 4263 4264 4262
f 4262 4264 4265
f 4267 4268 4266
f 4266 4268 4269
f 4271 4199 4270
f 4270 4199 4272
f 4273 4274 4276
f 4276 4274 4275
f 4115 4118 4277
f 4277 4118 4278
f 4280 4281 4279
f 4279 4281 4282
f 4211 4283 4212
f 4212 4283 4284
f 4286 4287 4285
f 4285 4287 4288
f 4165 4121 4289
f 4289 4121 4209
f 4291 4286 4290
f 4290 4286 4285
f 4293 4294 4292
f 4292 4294 4295
f 4297 4298 4296
f 4296 4298 4299
f 4301 4302 4300
f 4300 4302 4303
f 4299 4304 4296
f 4296 4304 4305
f 4306 4292 4307
f 4307 4292 4295
f 4307 4308 4306
f 4306 4308 4309
f 4310 4309 4075
f 4075 4309 4308
f 4299 4298 4312
f 4312 4298 4311
f 4302 4301 4293
f 4293 4301 4294
f 3735 3921 4313
f 4313 3921 4314
f 4315 4314 3922
f 3922 4314 3921
f 4316 3945 829
f 829 3945 830
f 4289 4317 4165
f 4165 4317 4318
f 4320 4321 4319
f 4319 4321 4322
f 4324 4325 4323
f 4323 4325 4326
f 4327 4328 4330
f 4330 4328 4329
f 4290 4331 4291
f 4291 4331 4332
f 4165 4318 4166
f 4166 4318 4333
f 4334 4335 4337
f 4337 4335 4336
f 4339 4340 4338
f 4338 4340 4341
f 4168 4343 4342
f 4342 4343 4344
f 4346 4347 4345
f 4345 4347 4348
f 4350 4351 4349
f 4349 4351 4352
f 4354 4355 4353
f 4353 4355 4356
f 4357 4358 4324
f 4324 4358 4325
f 4337 4359 4334
f 4334 4359 4360
f 4362 4363 4361
f 4361 4363 4364
f 4366 4367 4365
f 4365 4367 4368
f 4369 4370 4372
f 4372 4370 4371
f 4331 4290 4374
f 4374 4290 4373
f 4373 4376 4375
f 4375 4376 4377
f 4379 4380 4378
f 4378 4380 4381
f 4217 4382 4218
f 4218 4382 4383
f 4385 4386 4384
f 4384 4386 4387
f 4388 4389 4338
f 4338 4389 4390
f 4337 4336 4392
f 4392 4336 4391
f 4394 4362 4393
f 4393 4362 4361
f 4396 4397 4395
f 4395 4397 4398
f 4400 4401 4399
f 4399 4401 4402
f 4345 4403 4346
f 4346 4403 4404
f 4405 4406 4342
f 4342 4406 4407
f 4409 4410 4408
f 4408 4410 4411
f 4408 4412 4409
f 4409 4412 4413
f 4181 4415 4414
f 4414 4415 4416
f 4182 4183 4417
f 4417 4183 4418
f 4419 4353 4311
f 4311 4353 4312
f 4421 4422 4420
f 4420 4422 4423
f 4353 4356 4312
f 4312 4356 4424
f 4166 4333 4425
f 4425 4333 4426
f 4425 4143 4166
f 4166 4143 4122
f 4427 4107 4428
f 4428 4107 4110
f 4429 4430 4174
f 4174 4430 4175
f 4335 4431 4336
f 4336 4431 4390
f 4336 4390 4391
f 4391 4390 4389
f 4432 4433 4435
f 4435 4433 4434
f 4437 4438 4436
f 4436 4438 4439
f 4441 4442 4440
f 4440 4442 4443
f 4359 4444 4361
f 4361 4444 4393
f 4446 4447 4445
f 4445 4447 4448
f 4338 4341 4388
f 4388 4341 4449
f 4450 4451 4398
f 4398 4451 4395
f 4453 4454 4452
f 4452 4454 4455
f 4457 4458 4456
f 4456 4458 4459
f 4460 4461 4448
f 4448 4461 4445
f 4463 4464 4462
f 4462 4464 4465
f 4462 4465 4466
f 4466 4465 4467
f 4468 4469 4467
f 4467 4469 4466
f 4469 4468 4470
f 4470 4468 4471
f 4472 4473 4471
f 4471 4473 4470
f 4475 4476 4474
f 4474 4476 4477
f 4479 4480 4478
f 4478 4480 4481
f 4483 4484 4482
f 4482 4484 4485
f 4487 4488 4486
f 4486 4488 4489
f 4491 4492 4490
f 4490 4492 4493
f 4494 4495 4493
f 4493 4495 4490
f 4496 4497 4494
f 4494 4497 4495
f 4497 4496 4498
f 4498 4496 4499
f 4500 4501 4503
f 4503 4501 4502
f 4505 4506 4504
f 4504 4506 4507
f 4466 4508 4462
f 4462 4508 4509
f 4470 4510 4469
f 4469 4510 4511
f 4513 4479 4512
f 4512 4479 4478
f 4515 4443 4514
f 4514 4443 4442
f 4516 4517 4519
f 4519 4517 4518
f 4521 4495 4520
f 4520 4495 4497
f 4522 4490 4521
f 4521 4490 4495
f 4491 4523 4488
f 4488 4523 4524
f 4525 4489 4524
f 4524 4489 4488
f 4484 4526 4485
f 4485 4526 4527
f 4503 4528 4500
f 4500 4528 4529
f 4530 4531 4533
f 4533 4531 4532
f 4535 4506 4534
f 4534 4506 4530
f 4486 4536 4487
f 4487 4536 4537
f 4487 4537 4492
f 4492 4537 4538
f 4494 4539 4496
f 4496 4539 4540
f 4542 4533 4541
f 4541 4533 4499
f 4544 4545 4543
f 4543 4545 4546
f 4548 4549 4547
f 4547 4549 4550
f 4536 4551 4537
f 4537 4551 4552
f 4537 4552 4538
f 4538 4552 4553
f 4554 4539 4556
f 4556 4539 4555
f 4557 4540 4554
f 4554 4540 4539
f 4559 4557 4558
f 4558 4557 4560
f 4540 4557 4541
f 4541 4557 4559
f 4562 4563 4561
f 4561 4563 4564
f 4546 4565 4543
f 4543 4565 4566
f 4547 4567 4548
f 4548 4567 4568
f 4570 4571 4569
f 4569 4571 4572
f 4574 4575 4573
f 4573 4575 4576
f 4578 4579 4577
f 4577 4579 4580
f 4582 4583 4581
f 4581 4583 4584
f 4585 4586 4588
f 4588 4586 4587
f 4589 4585 4590
f 4590 4585 4588
f 4592 4593 4591
f 4591 4593 4594
f 4596 4597 4595
f 4595 4597 4598
f 4600 4601 4599
f 4599 4601 4602
f 4563 4604 4603
f 4603 4604 4605
f 4603 4606 4608
f 4608 4606 4607
f 4609 4610 4594
f 4594 4610 4591
f 4611 4612 4614
f 4614 4612 4613
f 4616 4617 4615
f 4615 4617 4618
f 4602 4620 4619
f 4619 4620 4621
f 4619 4622 4602
f 4602 4622 4599
f 4605 4599 4623
f 4623 4599 4622
f 4605 4623 4603
f 4603 4623 4606
f 4625 4626 4624
f 4624 4626 4627
f 4438 4437 4628
f 4628 4437 4629
f 4442 4441 4630
f 4630 4441 4631
f 4630 4632 4442
f 4442 4632 4514
f 4633 4634 4529
f 4529 4634 4500
f 4500 4634 4501
f 4501 4634 4635
f 4637 4546 4636
f 4636 4546 4545
f 4639 4565 4638
f 4638 4565 4640
f 4573 4576 4641
f 4641 4576 4642
f 4593 4643 4594
f 4594 4643 4644
f 4645 4609 4644
f 4644 4609 4594
f 4647 4648 4646
f 4646 4648 4649
f 4651 4652 4650
f 4650 4652 4653
f 4654 4498 4519
f 4519 4498 4532
f 4520 4508 4521
f 4521 4508 4511
f 4522 4510 4523
f 4523 4510 4655
f 4524 4656 4525
f 4525 4656 4657
f 4514 4529 4515
f 4515 4529 4528
f 4658 4659 4661
f 4661 4659 4660
f 4496 4540 4499
f 4499 4540 4541
f 4493 4555 4494
f 4494 4555 4539
f 4549 4483 4550
f 4550 4483 4482
f 4545 4544 4501
f 4501 4544 4502
f 4636 4545 4635
f 4635 4545 4501
f 4589 4663 4662
f 4662 4663 4664
f 4662 4665 4558
f 4558 4665 4559
f 4569 4586 4570
f 4570 4586 4560
f 4552 4666 4553
f 4553 4666 4667
f 4668 4669 4670
f 4670 4669 4666
f 4672 4673 4671
f 4671 4673 4674
f 4287 4675 4288
f 4288 4675 4676
f 4678 4679 4677
f 4677 4679 4680
f 4681 4678 4682
f 4682 4678 4677
f 4682 4683 4681
f 4681 4683 4684
f 4161 4164 4685
f 4685 4164 4686
f 4414 4687 4689
f 4689 4687 4688
f 4405 4690 4346
f 4346 4690 4347
f 4691 4399 4693
f 4693 4399 4692
f 1209 4694 4365
f 4365 4694 4366
f 4650 1211 4651
f 4651 1211 1210
f 4695 4696 4255
f 4255 4696 4256
f 4697 4698 4218
f 4218 4698 4215
f 4700 4701 4699
f 4699 4701 4702
f 4703 4704 4303
f 4303 4704 4300
f 4315 3922 4316
f 4316 3922 3945
f 4653 4706 4705
f 4705 4706 4707
f 4709 4710 4708
f 4708 4710 4711
f 4335 4334 4713
f 4713 4334 4712
f 4714 4340 4321
f 4321 4340 4322
f 4716 4717 4715
f 4715 4717 4718
f 4238 4241 4719
f 4719 4241 4720
f 4231 4721 4307
f 4307 4721 4308
f 4723 4724 4722
f 4722 4724 4725
f 4727 4728 4726
f 4726 4728 4729
f 4730 4731 4327
f 4327 4731 4328
f 4733 4734 4732
f 4732 4734 4735
f 4720 4381 4736
f 4736 4381 4737
f 4738 4739 4741
f 4741 4739 4740
f 4743 4744 4742
f 4742 4744 4745
f 4338 4390 4339
f 4339 4390 4431
f 4746 4747 4431
f 4431 4747 4339
f 4291 4332 4289
f 4289 4332 4317
f 4289 4209 4291
f 4291 4209 4286
f 4287 4286 4210
f 4210 4286 4209
f 4749 4750 4748
f 4748 4750 4751
f 4212 4284 4752
f 4752 4284 4753
f 4752 4754 4212
f 4212 4754 4213
f 4252 4251 4225
f 4225 4251 4226
f 4227 4230 4248
f 4248 4230 4249
f 4205 4755 4757
f 4757 4755 4756
f 4708 4711 4758
f 4758 4711 4647
f 4367 4366 4759
f 4759 4366 4760
f 4526 4513 4527
f 4527 4513 4512
f 4420 4423 4385
f 4385 4423 4386
f 4705 4761 4653
f 4653 4761 4650
f 4761 1279 4650
f 4650 1279 1211
f 4762 4763 3944
f 3944 4763 3936
f 4274 4273 4765
f 4765 4273 4764
f 4767 4768 4766
f 4766 4768 4769
f 4770 4771 4769
f 4769 4771 4766
f 4771 4770 4242
f 4242 4770 4243
f 4093 4163 4094
f 4094 4163 4162
f 4772 4773 4775
f 4775 4773 4774
f 4777 4778 4776
f 4776 4778 4779
f 4417 4185 4182
f 4182 4185 4184
f 4780 4078 4781
f 4781 4078 4077
f 4781 4077 4782
f 4782 4077 4189
f 4188 4783 4189
f 4189 4783 4782
f 4295 4232 4307
f 4307 4232 4231
f 4785 4786 4784
f 4784 4786 4787
f 4784 1307 4785
f 4785 1307 1306
f 4078 4780 4096
f 4096 4780 4097
f 4075 4074 4310
f 4310 4074 4788
f 4788 4074 4789
f 4789 4074 4191
f 4789 4191 4059
f 4059 4191 4790
f 4791 4277 4792
f 4792 4277 4278
f 3732 3735 4793
f 4793 3735 4313
f 4793 4794 3732
f 3732 4794 3731
f 4792 4795 4791
f 4791 4795 4796
f 4797 4798 4799
f 4799 4798 4724
f 4763 4800 3936
f 3936 4800 3935
f 4801 4062 3729
f 3729 4062 3730
f 4713 4712 4802
f 4802 4712 4803
f 4146 4804 4119
f 4119 4804 4805
f 4498 4654 4497
f 4497 4654 4520
f 4806 4807 1326
f 1326 4807 1327
f 4689 4688 1330
f 1330 4688 1331
f 4801 4789 4062
f 4062 4789 4059
f 3730 4062 4808
f 4808 4062 4061
f 4810 4811 4809
f 4809 4811 4812
f 4813 4403 4814
f 4814 4403 4345
f 4815 4816 4349
f 4349 4816 4350
f 4817 4818 4820
f 4820 4818 4819
f 4406 4821 4407
f 4407 4821 4822
f 4823 4161 4824
f 4824 4161 4685
f 4181 4414 4825
f 4825 4414 4689
f 4741 4740 4826
f 4826 4740 4827
f 4828 4829 4827
f 4827 4829 4826
f 4142 4141 4415
f 4415 4141 4148
f 4830 1354 4761
f 4761 1354 1279
f 4832 4833 4831
f 4831 4833 4834
f 4835 4836 4626
f 4626 4836 4421
f 4451 4709 4395
f 4395 4709 4708
f 4627 4420 4837
f 4837 4420 4385
f 4837 1365 4838
f 4838 1365 1364
f 4397 4396 4839
f 4839 4396 4840
f 4842 4628 4841
f 4841 4628 4629
f 4671 4674 4631
f 4631 4674 4630
f 4674 4659 4630
f 4630 4659 4632
f 4633 4632 4658
f 4658 4632 4659
f 4658 4504 4633
f 4633 4504 4634
f 4635 4634 4507
f 4507 4634 4504
f 4843 4636 4507
f 4507 4636 4635
f 4844 4637 4843
f 4843 4637 4636
f 4637 4844 4640
f 4640 4844 4664
f 4638 4663 4642
f 4642 4663 4845
f 4847 4643 4846
f 4846 4643 4641
f 4644 4848 4645
f 4645 4848 4849
f 4851 4852 4850
f 4850 4852 4853
f 4855 4856 4854
f 4854 4856 4857
f 4859 4860 4858
f 4858 4860 4857
f 4715 4718 4859
f 4859 4718 4860
f 4862 4863 4861
f 4861 4863 4864
f 4866 4867 4865
f 4865 4867 4868
f 4870 4871 4869
f 4869 4871 4872
f 4869 4872 4116
f 4116 4872 4117
f 4820 4819 4874
f 4874 4819 4873
f 4876 4877 4875
f 4875 4877 4878
f 4880 4881 4879
f 4879 4881 4882
f 4884 4885 4883
f 4883 4885 4886
f 4887 4888 4280
f 4280 4888 4281
f 4818 4817 4889
f 4889 4817 4890
f 4891 4193 4823
f 4823 4193 4192
f 4892 4893 4228
f 4228 4893 4229
f 4158 4157 4894
f 4894 4157 4895
f 4896 4897 4132
f 4132 4897 4133
f 4099 4683 4100
f 4100 4683 4682
f 4101 4100 4899
f 4899 4100 4898
f 4150 4106 4147
f 4147 4106 4900
f 4100 4682 4898
f 4898 4682 4677
f 4080 4082 4187
f 4187 4082 4184
f 4077 4080 4189
f 4189 4080 4187
f 4191 4190 4790
f 4790 4190 4901
f 4177 4158 4680
f 4680 4158 4894
f 4108 4136 4752
f 4752 4136 4754
f 4752 4753 4108
f 4108 4753 4109
f 4817 4902 4890
f 4890 4902 4903
f 4904 4905 4907
f 4907 4905 4906
f 4909 4910 4908
f 4908 4910 4911
f 4913 4914 4912
f 4912 4914 4915
f 4916 4917 4919
f 4919 4917 4918
f 4312 4424 4299
f 4299 4424 4304
f 4920 4921 4297
f 4297 4921 4298
f 4194 4922 4167
f 4167 4922 4923
f 4924 4400 4691
f 4691 4400 4399
f 4395 4708 4396
f 4396 4708 4758
f 4367 4925 4368
f 4368 4925 4926
f 4919 4918 4873
f 4873 4918 4874
f 4836 4927 4421
f 4421 4927 4422
f 4921 4928 4298
f 4298 4928 4311
f 4143 4146 4122
f 4122 4146 4119
f 4929 4930 4455
f 4455 4930 4452
f 4932 4933 4931
f 4931 4933 4934
f 4935 4936 4932
f 4932 4936 4933
f 4461 4460 4457
f 4457 4460 4458
f 4480 4479 4475
f 4475 4479 4476
f 4660 4673 4517
f 4517 4673 4937
f 4661 4505 4658
f 4658 4505 4504
f 4484 4483 4489
f 4489 4483 4486
f 4462 4509 4463
f 4463 4509 4518
f 4469 4511 4466
f 4466 4511 4508
f 4655 4473 4656
f 4656 4473 4477
f 4476 4657 4477
f 4477 4657 4656
f 4479 4513 4476
f 4476 4513 4657
f 4489 4525 4484
f 4484 4525 4526
f 4483 4549 4486
f 4486 4549 4536
f 4549 4548 4536
f 4536 4548 4551
f 4548 4568 4551
f 4551 4568 4670
f 4663 4589 4845
f 4845 4589 4590
f 4668 4577 4938
f 4938 4577 4580
f 4940 4938 4939
f 4939 4938 4941
f 4940 4942 4669
f 4669 4942 4943
f 4587 4582 4944
f 4944 4582 4581
f 4848 4847 4608
f 4608 4847 4564
f 4616 4945 4613
f 4613 4945 4598
f 4615 4946 4616
f 4616 4946 4945
f 4947 4939 4948
f 4948 4939 4946
f 4599 4605 4600
f 4600 4605 4604
f 4608 4607 4848
f 4848 4607 4849
f 4613 4612 4616
f 4616 4612 4617
f 4835 4949 4709
f 4709 4949 4710
f 4357 1477 4837
f 4837 1477 1365
f 4712 4950 4803
f 4803 4950 4951
f 4401 4952 4402
f 4402 4952 4953
f 4759 4760 4402
f 4402 4760 4399
f 4508 4520 4509
f 4509 4520 4654
f 4510 4522 4511
f 4511 4522 4521
f 4513 4526 4657
f 4657 4526 4525
f 4632 4633 4514
f 4514 4633 4529
f 4931 4934 4453
f 4453 4934 4454
f 4153 4954 4154
f 4154 4954 4955
f 4957 4958 4956
f 4956 4958 4959
f 4961 4962 4960
f 4960 4962 4963
f 4120 4964 4210
f 4210 4964 4965
f 4967 4968 4966
f 4966 4968 4969
f 4349 4692 4815
f 4815 4692 4970
f 4652 4971 4653
f 4653 4971 4706
f 4758 4647 4972
f 4972 4647 4646
f 4973 4363 4646
f 4646 4363 4972
f 4950 4360 4974
f 4974 4360 4364
f 4431 4335 4746
f 4746 4335 4713
f 4358 4714 4325
f 4325 4714 4321
f 4765 4764 4266
f 4266 4764 4975
f 4202 4976 4203
f 4203 4976 4977
f 4917 4978 4918
f 4918 4978 4979
f 4279 4282 4854
f 4854 4282 4269
f 4820 4880 4817
f 4817 4880 4902
f 4890 4903 4980
f 4980 4903 4886
f 4982 4983 4981
f 4981 4983 4123
f 4795 4851 4796
f 4796 4851 4850
f 4918 4979 4874
f 4874 4979 4881
f 4809 4404 4810
f 4810 4404 4403
f 4354 4985 4984
f 4984 4985 4986
f 1364 1516 4838
f 4838 1516 4987
f 4759 4988 4367
f 4367 4988 4925
f 4989 4990 4481
f 4481 4990 4478
f 4443 4515 4990
f 4990 4515 4991
f 4527 4512 4992
f 4992 4512 4991
f 4528 4503 4992
f 4992 4503 4993
f 4993 4994 4485
f 4485 4994 4482
f 4544 4995 4502
f 4502 4995 4994
f 4995 4996 4550
f 4550 4996 4547
f 4998 4999 4997
f 4997 4999 4566
f 4998 5000 4578
f 4578 5000 4579
f 5001 5002 4596
f 4596 5002 4597
f 5003 4591 5004
f 5004 4591 4610
f 4626 4421 4627
f 4627 4421 4420
f 4837 4838 4627
f 4627 4838 4624
f 4761 4705 4830
f 4830 4705 5005
f 4705 4707 5005
f 5005 4707 5006
f 4308 4721 4075
f 4075 4721 4076
f 5007 4200 4797
f 4797 4200 4798
f 4685 4686 5008
f 5008 4686 5009
f 4889 4890 5010
f 5010 4890 4980
f 4323 1541 4324
f 4324 1541 1540
f 4385 4384 4358
f 4358 4384 4714
f 4396 4758 4840
f 4840 4758 4972
f 4866 4852 5011
f 5011 4852 5012
f 5013 4260 4980
f 4980 4260 5010
f 4875 4878 5014
f 5014 4878 5015
f 5017 5018 5016
f 5016 5018 5019
f 5016 5019 5020
f 5020 5019 5021
f 5023 5024 5022
f 5022 5024 5025
f 5027 5028 5026
f 5026 5028 5029
f 5031 5032 5030
f 5030 5032 5033
f 5035 5036 5034
f 5034 5036 5037
f 5039 5040 5038
f 5038 5040 5041
f 5043 5044 5042
f 5042 5044 5045
f 5038 5046 5039
f 5039 5046 5047
f 5049 5050 5048
f 5048 5050 5051
f 5053 5054 5052
f 5052 5054 5055
f 5057 5024 5056
f 5056 5024 5058
f 5060 5061 5059
f 5059 5061 5062
f 5064 5065 5063
f 5063 5065 5066
f 5043 5050 5064
f 5064 5050 5065
f 5038 5041 5067
f 5067 5041 5068
f 5070 5071 5069
f 5069 5071 5072
f 5074 5075 5073
f 5073 5075 5076
f 5034 5077 5035
f 5035 5077 5078
f 5080 5081 5079
f 5079 5081 5082
f 5084 5085 5083
f 5083 5085 5086
f 5085 5084 5087
f 5087 5084 5088
f 5090 5091 5089
f 5089 5091 5092
f 5094 5095 5093
f 5093 5095 5096
f 5098 5099 5097
f 5097 5099 5100
f 5102 5103 5101
f 5101 5103 5104
f 5105 5106 5108
f 5108 5106 5107
f 5110 5111 5109
f 5109 5111 5112
f 5114 5094 5113
f 5113 5094 5093
f 5116 5117 5115
f 5115 5117 5118
f 5120 5121 5119
f 5119 5121 5122
f 5124 5125 5123
f 5123 5125 5126
f 5128 5129 5127
f 5127 5129 5130
f 5097 5131 5098
f 5098 5131 5132
f 5134 5135 5133
f 5133 5135 5122
f 5084 5125 5088
f 5088 5125 5136
f 5138 5139 5137
f 5137 5139 5140
f 5142 5102 5141
f 5141 5102 5101
f 5106 5143 5107
f 5107 5143 5144
f 5146 5147 5145
f 5145 5147 5148
f 5149 5150 5109
f 5109 5150 5110
f 5151 5110 5152
f 5152 5110 5150
f 4715 5140 4716
f 4716 5140 5139
f 5143 4870 5144
f 5144 4870 4869
f 4115 5146 4116
f 4116 5146 5145
f 4791 4796 5149
f 5149 4796 5150
f 4796 4850 5150
f 5150 4850 5152
f 4858 5142 4859
f 4859 5142 5141
f 5153 5154 5115
f 5115 5154 5105
f 5156 5157 5155
f 5155 5157 5158
f 5159 5160 5053
f 5053 5160 5054
f 5161 5162 5020
f 5020 5162 5068
f 5026 5029 5163
f 5163 5029 5021
f 5083 5086 5164
f 5164 5086 5165
f 5090 5167 5166
f 5166 5167 5168
f 5169 5170 5172
f 5172 5170 5171
f 5174 5175 5173
f 5173 5175 5176
f 5177 5109 5178
f 5178 5109 5112
f 5179 5180 5182
f 5182 5180 5181
f 5123 5126 5120
f 5120 5126 5121
f 5180 5167 5181
f 5181 5167 5183
f 5184 5185 5179
f 5179 5185 5180
f 5186 5149 5177
f 5177 5149 5109
f 4868 5184 4865
f 4865 5184 5179
f 5188 5189 5187
f 5187 5189 5190
f 4277 4791 5186
f 5186 4791 5149
f 5179 5182 4865
f 4865 5182 4853
f 5189 4862 5190
f 5190 4862 4861
f 5156 5075 5191
f 5191 5075 5192
f 5036 5035 5193
f 5193 5035 5194
f 5115 5118 5153
f 5153 5118 5195
f 5022 5025 5196
f 5196 5025 5197
f 5155 5158 5069
f 5069 5158 5062
f 5063 5066 5198
f 5198 5066 5199
f 5073 5076 5200
f 5200 5076 5072
f 5202 5131 5201
f 5201 5131 5203
f 5143 5106 5204
f 5204 5106 5205
f 5114 5113 5206
f 5206 5113 5127
f 5098 5132 5193
f 5193 5132 5195
f 5204 5207 5143
f 5143 5207 4870
f 5088 5136 5208
f 5208 5136 5092
f 5209 5210 5089
f 5089 5210 5183
f 5211 5018 5060
f 5060 5018 5061
f 5017 5040 5070
f 5070 5040 5071
f 5191 5160 5156
f 5156 5160 5157
f 5048 5028 5049
f 5049 5028 5058
f 5207 5204 4858
f 4858 5204 5142
f 4859 5141 4715
f 4715 5141 5140
f 5212 5162 5042
f 5042 5162 5051
f 5182 5152 4853
f 4853 5152 4850
f 5214 5134 5213
f 5213 5134 5133
f 5164 5165 5133
f 5133 5165 5213
f 5215 5216 5201
f 5201 5216 5217
f 5147 5218 5148
f 5148 5218 5219
f 5147 5177 5218
f 5218 5177 5178
f 5141 5101 5140
f 5140 5101 5137
f 5201 5217 5202
f 5202 5217 5104
f 5146 5186 5147
f 5147 5186 5177
f 4277 5186 4115
f 4115 5186 5146
f 5191 5192 5031
f 5031 5192 5032
f 5052 5055 5220
f 5220 5055 5197
f 4116 5145 4869
f 4869 5145 5144
f 5034 5037 5214
f 5214 5037 5134
f 5097 5100 5114
f 5114 5100 5094
f 5108 5107 5219
f 5219 5107 5148
f 5221 5135 5116
f 5116 5135 5117
f 5124 5111 5209
f 5209 5111 5210
f 5107 5144 5148
f 5148 5144 5145
f 5152 5182 5151
f 5151 5182 5181
f 5208 5222 5088
f 5088 5222 5087
f 5222 5208 5171
f 5171 5208 5172
f 5223 1756 4698
f 4698 1756 1755
f 4427 5224 4107
f 4107 5224 4135
f 4178 4679 5225
f 5225 4679 5226
f 5227 5228 4892
f 4892 5228 4893
f 5229 5230 4171
f 4171 5230 4172
f 4855 4268 4884
f 4884 4268 4885
f 4884 4871 4855
f 4855 4871 4856
f 4684 5231 4896
f 4896 5231 4897
f 4768 4767 5009
f 5009 4767 5008
f 5205 5154 5102
f 5102 5154 5103
f 5099 5098 5194
f 5194 5098 5193
f 5198 5199 5079
f 5079 5199 5033
f 5102 5142 5205
f 5205 5142 5204
f 5224 4427 4681
f 4681 4427 4678
f 3712 3711 5232
f 5232 3711 5233
f 3968 3988 3963
f 3963 3988 3964
f 3976 4044 3972
f 3972 4044 3985
f 4038 4037 4036
f 4036 4037 4033
f 4794 4762 3731
f 3731 4762 3944
f 3731 3944 3722
f 3722 3944 3810
f 3874 5234 5232
f 5232 5234 3712
f 3906 3905 3867
f 3867 3905 4011
f 3904 4023 3905
f 3905 4023 4011
f 3719 3722 3811
f 3811 3722 3810
f 3812 3719 3687
f 3687 3719 3811
f 3716 3812 3686
f 3686 3812 3687
f 3713 3716 3685
f 3685 3716 3686
f 4810 4403 5235
f 5235 4403 4813
f 4345 1770 4814
f 4814 1770 1769
f 4067 4066 4058
f 4058 4066 5236
f 4043 4068 4049
f 4049 4068 4050
f 4034 5237 3989
f 3989 5237 3990
f 4031 4030 4072
f 4072 4030 4005
f 4003 4004 4002
f 4002 4004 4032
f 4004 4005 4032
f 4032 4005 4030
f 4067 4064 4068
f 4068 4064 4050
f 4058 4057 4067
f 4067 4057 4064
f 4035 4034 5238
f 5238 4034 3989
f 5236 5239 4058
f 4058 5239 5240
f 5234 3874 5241
f 5241 3874 3873
f 5241 3873 3881
f 3881 3873 3878
f 4800 4763 4788
f 4788 4763 4310
f 4763 4762 4310
f 4310 4762 4309
f 4762 4794 4309
f 4309 4794 4306
f 4794 4793 4306
f 4306 4793 4292
f 4293 4313 4302
f 4302 4313 4314
f 4302 4314 4303
f 4303 4314 4315
f 4303 4315 4703
f 4703 4315 4316
f 4035 4069 4043
f 4043 4069 4068
f 4324 1540 4357
f 4357 1540 1477
f 5232 3987 3874
f 3874 3987 3871
f 3987 5232 4013
f 4013 5232 5233
f 4013 5233 4014
f 4014 5233 5242
f 3888 4015 3865
f 3865 4015 4007
f 3866 4008 5243
f 5243 4008 4016
f 3873 5244 3878
f 3878 5244 3875
f 3965 5244 3872
f 3872 5244 3873
f 3876 3875 3965
f 3965 3875 5244
f 5243 4016 5242
f 5242 4016 4014
f 5246 5247 5245
f 5245 5247 5248
f 3576 3950 3577
f 3577 3950 3926
f 3584 3842 3585
f 3585 3842 3580
f 5249 5247 1784
f 1784 5247 1785
f 5250 5251 5253
f 5253 5251 5252
f 5255 5252 5254
f 5254 5252 5256
f 5254 5256 5258
f 5258 5256 5257
f 5258 5257 5260
f 5260 5257 5259
f 4356 5261 4424
f 4424 5261 5259
f 4355 5262 4356
f 4356 5262 5261
f 4924 5264 5263
f 5263 5264 5265
f 4693 5266 4691
f 4691 5266 5267
f 4351 5268 4352
f 4352 5268 5269
f 1808 1807 4351
f 4351 1807 5268
f 3580 3842 3581
f 3799 3802 3838
f 4800 4788 4801
f 4801 4788 4789
f 3729 3935 4801
f 4801 3935 4800
f 3728 3666 3729
f 3729 3666 3935
f 3728 3798 3666
f 3666 3798 3663
f 3798 3818 3663
f 3663 3818 3809
f 3818 3817 3809
f 3809 3817 3808
f 3796 3655 3817
f 3817 3655 3808
f 3615 3568 3796
f 3796 3568 3655
f 3573 3569 3615
f 3615 3569 3568
f 3572 3613 3573
f 3573 3613 3569
f 3792 3606 3572
f 3572 3606 3613
f 3607 3791 3949
f 3949 3791 3591
f 3590 3950 3591
f 3591 3950 3949
f 3805 3926 3590
f 3590 3926 3950
f 3804 3559 3805
f 3805 3559 3926
f 3804 3914 3559
f 3559 3914 3560
f 3924 3789 3913
f 3913 3789 3788
f 3924 3928 3789
f 3789 3928 3826
f 3928 3927 3826
f 3826 3927 3827
f 3927 3834 3827
f 3827 3834 3835
f 4079 4078 5270
f 5270 4078 5007
f 5271 5272 4233
f 4233 5272 5273
f 5275 5276 5274
f 5274 5276 5277
f 5278 5279 4236
f 4236 5279 4237
f 5278 5280 5271
f 5271 5280 5272
f 4235 5281 4236
f 4236 5281 5282
f 5284 5285 5283
f 5283 5285 5286
f 5288 5289 5287
f 5287 5289 5290
f 5292 5293 5291
f 5291 5293 5294
f 5287 5290 4726
f 4726 5290 5295
f 4293 4292 4313
f 4313 4292 4793
f 4720 4736 4719
f 4719 4736 5296
f 5297 4909 5298
f 5298 4909 4908
f 5299 5300 4976
f 4976 5300 5301
f 5302 4202 5303
f 5303 4202 4201
f 5304 5305 4983
f 4983 5305 5306
f 5308 5309 5307
f 5307 5309 5310
f 4722 4725 5283
f 5283 4725 5311
f 5291 5294 4125
f 4125 5294 4126
f 5313 5314 5312
f 5312 5314 5315
f 5316 5317 5319
f 5319 5317 5318
f 5321 5308 5320
f 5320 5308 5307
f 4819 4981 4873
f 4873 4981 5322
f 4981 4123 5322
f 5322 4123 4126
f 5324 5325 5323
f 5323 5325 5326
f 4764 5327 4975
f 4975 5327 5328
f 4172 5327 4169
f 4169 5327 5329
f 4768 4171 4769
f 4769 4171 4170
f 4243 4755 4244
f 4244 4755 5330
f 4755 4205 5330
f 5330 4205 4208
f 4206 4906 4207
f 4207 4906 4905
f 4686 5014 5009
f 5009 5014 5229
f 4756 4770 4170
f 4170 4770 4769
f 4170 4169 4756
f 4756 4169 4757
f 4273 5329 4764
f 4764 5329 5327
f 4276 5331 4273
f 4273 5331 5329
f 4770 4756 4243
f 4243 4756 4755
f 5333 4889 5332
f 5332 4889 5010
f 4877 5332 4878
f 4878 5332 4259
f 4875 4164 4876
f 4876 4164 4163
f 5334 5335 5324
f 5324 5335 5325
f 4983 5306 4123
f 4123 5306 4124
f 4818 4982 4819
f 4819 4982 4981
f 5332 5010 4259
f 4259 5010 4260
f 5014 4686 4875
f 4875 4686 4164
f 4171 4768 5229
f 5229 4768 5009
f 5337 4916 5336
f 5336 4916 4919
f 5293 5337 5294
f 5294 5337 5336
f 4982 4818 5333
f 5333 4818 4889
f 5338 5339 4262
f 4262 5339 5340
f 5307 5310 5338
f 5338 5310 5339
f 5341 5342 4204
f 4204 5342 5309
f 5336 4919 5322
f 5322 4919 4873
f 5294 5336 4126
f 4126 5336 5322
f 5323 5326 5343
f 5343 5326 5286
f 4914 5344 4915
f 4915 5344 5345
f 5312 5315 5344
f 5344 5315 5345
f 5347 5348 5346
f 5346 5348 5349
f 5350 5351 4832
f 4832 5351 4833
f 5352 5353 5349
f 5349 5353 5346
f 5354 5338 4265
f 4265 5338 4262
f 5320 5307 5354
f 5354 5307 5338
f 4201 5308 5303
f 5303 5308 5321
f 5356 5357 5355
f 5355 5357 4799
f 5358 5359 5334
f 5334 5359 5335
f 5358 5360 4093
f 4093 5360 4163
f 5360 5305 4163
f 4163 5305 4876
f 5305 5304 4876
f 4876 5304 4877
f 5270 4778 4079
f 4079 4778 4081
f 4779 5361 4774
f 4774 5361 5357
f 5356 5359 4775
f 4775 5359 4092
f 5333 5304 4982
f 4982 5304 4983
f 5332 4877 5333
f 5333 4877 5304
f 5015 4258 5230
f 5230 4258 5328
f 5327 4172 5328
f 5328 4172 5230
f 4169 5329 4757
f 4757 5329 5331
f 4757 5331 4205
f 4205 5331 4206
f 5331 4276 4206
f 4206 4276 4906
f 4276 4275 4906
f 4906 4275 4907
f 4275 4888 4907
f 4907 4888 4744
f 4887 4717 4745
f 4745 4717 4864
f 4716 5139 4861
f 4861 5139 5190
f 5139 5138 5190
f 5190 5138 5187
f 5138 5216 5187
f 5187 5216 5176
f 5215 5362 5173
f 5173 5362 5130
f 5364 5365 5363
f 5363 5365 5340
f 4742 4863 5366
f 5366 4863 4867
f 4862 5189 4868
f 4868 5189 5184
f 5189 5188 5184
f 5184 5188 5185
f 5188 5175 5185
f 5185 5175 5168
f 3560 3788 3561
f 3561 3788 3790
f 3596 3595 3608
f 3608 3595 3594
f 3598 3582 3595
f 3595 3582 3592
f 3600 3609 3601
f 3601 3609 3611
f 3602 3601 3612
f 3612 3601 3611
f 3606 3605 3613
f 3613 3605 3614
f 3793 5367 3794
f 3794 5367 5368
f 3598 3597 3600
f 3600 3597 3609
f 3793 3792 3575
f 3575 3792 3572
f 3561 3594 3558
f 3558 3594 3593
f 3807 3915 3804
f 3804 3915 3914
f 3916 3915 5370
f 5370 3915 5369
f 3602 3605 3603
f 3603 3605 3604
f 3606 3792 3607
f 3607 3792 3791
f 3914 3913 3560
f 3560 3913 3788
f 5174 5129 5166
f 5166 5129 5371
f 5170 5169 5093
f 5093 5169 5113
f 5166 5371 5090
f 5090 5371 5091
f 5128 5169 5372
f 5372 5169 5172
f 5127 5113 5128
f 5128 5113 5169
f 5114 5206 5203
f 5203 5206 5362
f 5200 5373 5073
f 5073 5373 5096
f 5374 5375 5200
f 5200 5375 5373
f 5039 5047 5374
f 5374 5047 5375
f 5087 5046 5085
f 5085 5046 5376
f 5212 5377 5067
f 5067 5377 5376
f 5042 5045 5212
f 5212 5045 5377
f 5064 5378 5043
f 5043 5378 5044
f 5063 5077 5064
f 5064 5077 5378
f 5079 5082 5198
f 5198 5082 5078
f 5099 5081 5100
f 5100 5081 5379
f 5100 5379 5094
f 5094 5379 5095
f 5381 5382 5380
f 5380 5382 5383
f 5385 5386 5384
f 5384 5386 5383
f 5385 5387 5386
f 5386 5387 5388
f 5390 5391 5389
f 5389 5391 5392
f 5393 5394 5396
f 5396 5394 5395
f 5398 5399 5397
f 5397 5399 5400
f 5402 5403 5401
f 5401 5403 5404
f 5406 5407 5405
f 5405 5407 5404
f 5408 5409 5163
f 5163 5409 5410
f 5411 5412 5414
f 5414 5412 5413
f 5057 5416 5415
f 5415 5416 5417
f 5393 5416 5418
f 5418 5416 5419
f 5396 5395 5420
f 5420 5395 5421
f 5423 5424 5422
f 5422 5424 5425
f 5415 5417 5220
f 5220 5417 5426
f 5418 5391 5393
f 5393 5391 5394
f 5414 5388 5411
f 5411 5388 5392
f 5059 5427 5060
f 5060 5427 5428
f 5423 5427 5429
f 5429 5427 5430
f 5432 5382 5431
f 5431 5382 5425
f 5429 5407 5423
f 5423 5407 5424
f 5380 5409 5381
f 5381 5409 5433
f 5381 5433 5422
f 5422 5433 5428
f 5027 5412 5056
f 5056 5412 5419
f 5435 5436 5434
f 5434 5436 5437
f 5159 5439 5438
f 5438 5439 5440
f 5053 5436 5159
f 5159 5436 5439
f 5441 5403 5398
f 5398 5403 5399
f 5163 5410 5026
f 5026 5410 5413
f 5438 5440 5442
f 5442 5440 5430
f 5444 5445 5443
f 5443 5445 5446
f 5447 5448 5450
f 5450 5448 5449
f 5451 5446 5452
f 5452 5446 5445
f 5454 5455 5453
f 5453 5455 5451
f 5456 5454 5458
f 5458 5454 5457
f 5460 5461 5459
f 5459 5461 5462
f 5464 5465 5463
f 5463 5465 5466
f 5468 5469 5467
f 5467 5469 5470
f 5472 5473 5471
f 5471 5473 5474
f 5475 5476 5478
f 5478 5476 5477
f 5479 5480 5482
f 5482 5480 5481
f 5483 5484 5448
f 5448 5484 5485
f 5448 5485 5449
f 5449 5485 5486
f 5487 5476 5488
f 5488 5476 5475
f 5490 5491 5489
f 5489 5491 5492
f 5494 5495 5493
f 5493 5495 5496
f 5498 5494 5497
f 5497 5494 5493
f 5500 5501 5499
f 5499 5501 5502
f 5503 5504 5446
f 5446 5504 5443
f 5506 5507 5505
f 5505 5507 5508
f 5510 5511 5509
f 5509 5511 5512
f 5514 5515 5513
f 5513 5515 5516
f 5518 5519 5517
f 5517 5519 5520
f 5495 5521 5496
f 5496 5521 5522
f 5524 5525 5523
f 5523 5525 5526
f 5527 5528 5494
f 5494 5528 5495
f 5499 5502 5529
f 5529 5502 5530
f 5531 5532 5485
f 5485 5532 5486
f 5485 5484 5531
f 5531 5484 5533
f 5482 5481 5534
f 5534 5481 5535
f 5536 5512 5506
f 5506 5512 5511
f 5455 5503 5451
f 5451 5503 5446
f 5467 5470 5511
f 5511 5470 5537
f 5538 5467 5510
f 5510 5467 5511
f 5540 5541 5539
f 5539 5541 5542
f 5543 5544 5546
f 5546 5544 5545
f 5548 5472 5547
f 5547 5472 5471
f 5493 5496 5549
f 5549 5496 5550
f 5496 5522 5550
f 5550 5522 5551
f 5553 5554 5552
f 5552 5554 5555
f 5557 5447 5556
f 5556 5447 5558
f 5557 5483 5447
f 5447 5483 5448
f 5478 5477 5553
f 5553 5477 5559
f 5477 5560 5559
f 5559 5560 5561
f 5476 5562 5477
f 5477 5562 5560
f 5476 5487 5562
f 5562 5487 5563
f 5560 5564 5561
f 5561 5564 5565
f 5564 5560 5566
f 5566 5560 5562
f 5563 5567 5562
f 5562 5567 5566
f 5569 5521 5568
f 5568 5521 5570
f 5481 5572 5571
f 5571 5572 5573
f 5574 5535 5571
f 5571 5535 5481
f 5576 5577 5575
f 5575 5577 5578
f 5579 5580 5456
f 5456 5580 5581
f 5475 5582 5488
f 5488 5582 5583
f 5584 5536 5505
f 5505 5536 5506
f 5585 5586 5588
f 5588 5586 5587
f 5590 5591 5589
f 5589 5591 5592
f 5519 5593 5520
f 5520 5593 5594
f 5595 5596 5462
f 5462 5596 5597
f 5599 5600 5598
f 5598 5600 5514
f 5602 5603 5601
f 5601 5603 5604
f 5524 5543 5525
f 5525 5543 5546
f 5543 5524 5606
f 5606 5524 5605
f 5607 5608 5500
f 5500 5608 5501
f 5610 5551 5609
f 5609 5551 5522
f 5611 5510 5598
f 5598 5510 5509
f 5612 5597 5457
f 5457 5597 5458
f 5510 5611 5538
f 5538 5611 5613
f 5580 5508 5581
f 5581 5508 5507
f 5615 5616 5614
f 5614 5616 5617
f 5619 5620 5618
f 5618 5620 5621
f 5623 5624 5622
f 5622 5624 5625
f 5627 5624 5626
f 5626 5624 5623
f 5629 5630 5628
f 5628 5630 5631
f 5633 5634 5632
f 5632 5634 5466
f 5635 5636 5463
f 5463 5636 5637
f 5523 5638 5524
f 5524 5638 5605
f 5639 5640 5641
f 5641 5640 5595
f 5611 5513 5613
f 5613 5513 5642
f 5643 5586 5608
f 5608 5586 5501
f 5622 5625 5590
f 5590 5625 5591
f 5598 5514 5611
f 5611 5514 5513
f 5645 5646 5644
f 5644 5646 5647
f 5620 5619 5491
f 5491 5619 5648
f 5649 5643 5492
f 5492 5643 5608
f 5650 5651 5653
f 5653 5651 5652
f 5463 5466 5635
f 5635 5466 5634
f 5597 5612 5462
f 5462 5612 5459
f 5635 5634 5523
f 5523 5634 5638
f 5654 5638 5633
f 5633 5638 5634
f 5655 5656 5525
f 5525 5656 5526
f 5658 5659 5657
f 5657 5659 5527
f 5660 5464 5637
f 5637 5464 5463
f 5632 5466 5661
f 5661 5466 5465
f 5661 5662 5632
f 5632 5662 5658
f 5662 5663 5658
f 5658 5663 5659
f 5665 5659 5664
f 5664 5659 5663
f 5632 5658 5633
f 5633 5658 5657
f 5666 5629 5530
f 5530 5629 5667
f 5528 5527 5665
f 5665 5527 5659
f 5668 5669 5570
f 5570 5669 5568
f 5669 5668 5670
f 5670 5668 5671
f 5646 5672 5673
f 5672 5674 5673
f 5673 5674 5675
f 5674 5460 5675
f 5675 5460 5459
f 5461 5676 5462
f 5462 5676 5595
f 5677 5678 5680
f 5680 5678 5679
f 5628 5681 5629
f 5629 5681 5667
f 5682 5529 5667
f 5667 5529 5530
f 5675 5459 5683
f 5683 5459 5612
f 5585 5666 5502
f 5502 5666 5530
f 5589 5684 5602
f 5602 5684 5603
f 5646 5645 5663
f 5663 5645 5664
f 5685 5647 5673
f 5673 5647 5646
f 5686 5687 5683
f 5683 5687 5685
f 5688 5689 5533
f 5533 5689 5531
f 5690 5691 5535
f 5535 5691 5534
f 5692 5690 5574
f 5574 5690 5535
f 5685 5687 5689
f 5689 5687 5693
f 5489 5694 5490
f 5490 5694 5695
f 5690 5692 5696
f 5696 5692 5697
f 5696 5644 5690
f 5690 5644 5691
f 5447 5450 5558
f 5558 5450 5698
f 5699 5700 5642
f 5642 5700 5613
f 5701 5702 5540
f 5540 5702 5541
f 5431 5703 5432
f 5432 5703 5697
f 5385 5384 5574
f 5574 5384 5692
f 5389 5387 5573
f 5573 5387 5571
f 5565 5390 5573
f 5573 5390 5389
f 5390 5565 5704
f 5704 5565 5564
f 5566 5705 5564
f 5564 5705 5704
f 5569 5441 5609
f 5609 5441 5398
f 5568 5405 5569
f 5569 5405 5441
f 5670 5706 5669
f 5669 5706 5406
f 5703 5431 5670
f 5670 5431 5706
f 5432 5697 5384
f 5384 5697 5692
f 5574 5571 5385
f 5385 5571 5387
f 5607 5707 5489
f 5489 5707 5694
f 5518 5708 5519
f 5519 5708 5709
f 5711 5576 5710
f 5710 5576 5575
f 5713 5714 5712
f 5712 5714 5715
f 5553 5552 5478
f 5478 5552 5716
f 5717 5475 5716
f 5716 5475 5478
f 5718 5719 5605
f 5605 5719 5606
f 5505 5622 5584
f 5584 5622 5590
f 5508 5623 5505
f 5505 5623 5622
f 5626 5623 5580
f 5580 5623 5508
f 5580 5579 5626
f 5626 5579 5720
f 5579 5721 5720
f 5720 5721 5722
f 5666 5585 5723
f 5723 5585 5588
f 5724 5725 5639
f 5639 5725 5640
f 5554 5726 5555
f 5555 5726 5727
f 5453 5728 5729
f 5689 5688 5685
f 5685 5688 5647
f 5604 5730 5512
f 5512 5730 5509
f 5628 5631 5618
f 5618 5631 5592
f 5601 5604 5536
f 5536 5604 5512
f 5732 5676 5731
f 5731 5676 5660
f 5730 5604 5733
f 5733 5604 5603
f 5563 5487 5551
f 5551 5487 5550
f 5489 5492 5607
f 5607 5492 5608
f 5573 5572 5565
f 5565 5572 5561
f 5609 5522 5569
f 5569 5522 5521
f 5499 5734 5500
f 5500 5734 5735
f 5596 5736 5721
f 5721 5736 5722
f 5737 5600 5594
f 5594 5600 5520
f 5599 5730 5517
f 5517 5730 5733
f 5660 5738 5731
f 5731 5738 5739
f 5648 5649 5491
f 5491 5649 5492
f 5501 5586 5502
f 5502 5586 5585
f 5525 5546 5655
f 5655 5546 5740
f 5600 5599 5520
f 5520 5599 5517
f 5708 5739 5709
f 5709 5739 5738
f 5636 5635 5526
f 5526 5635 5523
f 5670 5671 5703
f 5703 5671 5741
f 5490 5695 5742
f 5742 5695 5743
f 5682 5678 5744
f 5744 5678 5677
f 5678 5681 5679
f 5679 5681 5621
f 5742 5743 5679
f 5679 5743 5680
f 5618 5621 5628
f 5628 5621 5681
f 5725 5724 5589
f 5589 5724 5684
f 5456 5458 5579
f 5579 5458 5721
f 5675 5683 5673
f 5673 5683 5685
f 5529 5682 5745
f 5745 5682 5744
f 5721 5458 5596
f 5596 5458 5597
f 5701 5540 5719
f 5719 5540 5606
f 5703 5741 5697
f 5697 5741 5696
f 5500 5735 5607
f 5607 5735 5707
f 5549 5746 5493
f 5493 5746 5497
f 5700 5747 5613
f 5613 5747 5538
f 5420 5421 5434
f 5434 5421 5400
f 5689 5693 5531
f 5531 5693 5532
f 5705 5566 5748
f 5748 5566 5567
f 5609 5398 5610
f 5610 5398 5397
f 5669 5406 5568
f 5568 5406 5405
f 5488 5583 5549
f 5549 5583 5746
f 5714 5713 5710
f 5710 5713 5711
f 5747 5468 5538
f 5538 5468 5467
f 5548 5547 5749
f 5749 5547 5750
f 5733 5603 5751
f 5751 5603 5684
f 5589 5602 5590
f 5590 5602 5584
f 5636 5752 5614
f 5614 5752 5615
f 5753 5754 5738
f 5738 5754 5755
f 5602 5601 5584
f 5584 5601 5536
f 5723 5736 5630
f 5630 5736 5640
f 5595 5640 5596
f 5596 5640 5736
f 5734 5499 5745
f 5745 5499 5529
f 5627 5587 5643
f 5643 5587 5586
f 5553 5559 5554
f 5554 5559 5480
f 5559 5561 5480
f 5480 5561 5572
f 5554 5480 5726
f 5726 5480 5479
f 5749 5750 5715
f 5715 5750 5712
f 5683 5612 5686
f 5686 5612 5457
f 5678 5682 5681
f 5681 5682 5667
f 5598 5509 5599
f 5599 5509 5730
f 5679 5621 5742
f 5742 5621 5620
f 5652 5616 5653
f 5653 5616 5615
f 5220 5426 5052
f 5052 5426 5437
f 5487 5488 5550
f 5550 5488 5549
f 5742 5620 5490
f 5490 5620 5491
f 5551 5610 5563
f 5563 5610 5567
f 5610 5397 5567
f 5567 5397 5748
f 5614 5617 5753
f 5753 5617 5754
f 5480 5572 5481
f 5755 5756 5738
f 5738 5756 5709
f 5745 5744 5758
f 5758 5744 5757
f 5745 5758 5734
f 5734 5758 5759
f 5735 5734 5760
f 5760 5734 5759
f 5707 5735 5761
f 5761 5735 5760
f 5744 5677 5757
f 5757 5677 5762
f 5677 5680 5762
f 5762 5680 5763
f 5763 5680 5764
f 5764 5680 5743
f 5765 5766 5762
f 5762 5766 5757
f 5768 5769 5767
f 5767 5769 5770
f 5771 5772 5770
f 5770 5772 5767
f 5770 5769 5774
f 5774 5769 5773
f 5775 5776 5774
f 5774 5776 5777
f 5773 5778 5774
f 5774 5778 5775
f 5779 5766 5773
f 5773 5766 5778
f 5777 5771 5774
f 5774 5771 5770
f 5780 5781 5783
f 5783 5781 5782
f 5781 5780 5771
f 5771 5780 5772
f 5773 5769 5779
f 5779 5769 5768
f 5768 5759 5779
f 5779 5759 5758
f 5768 5784 5759
f 5759 5784 5760
f 5767 5785 5768
f 5768 5785 5784
f 5785 5767 5786
f 5786 5767 5772
f 5766 5779 5757
f 5757 5779 5758
f 5780 5787 5772
f 5772 5787 5786
f 5785 5786 5788
f 5788 5786 5789
f 5786 5787 5789
f 5789 5787 5790
f 5788 5789 5791
f 5791 5789 5792
f 5791 5793 5788
f 5788 5793 5794
f 5795 5792 5790
f 5790 5792 5789
f 5785 5788 5784
f 5784 5788 5794
f 5784 5794 5760
f 5760 5794 5761
f 5787 5780 5796
f 5796 5780 5783
f 5775 5778 5797
f 5797 5778 5766
f 5797 5798 5775
f 5775 5798 5776
f 5766 5765 5797
f 5797 5765 5799
f 5798 5797 5800
f 5800 5797 5799
f 5798 5801 5776
f 5776 5801 5802
f 5707 5761 5694
f 5694 5761 5803
f 5695 5804 5743
f 5743 5804 5764
f 5804 5695 5803
f 5803 5695 5694
f 5803 5793 5804
f 5804 5793 5805
f 5793 5791 5805
f 5805 5791 5806
f 5804 5805 5764
f 5764 5805 5807
f 5803 5761 5793
f 5793 5761 5794
f 5808 5763 5807
f 5807 5763 5764
f 5808 5765 5763
f 5763 5765 5762
f 5809 5799 5808
f 5808 5799 5765
f 5809 5808 5810
f 5810 5808 5807
f 5811 5809 5812
f 5812 5809 5810
f 5805 5806 5807
f 5807 5806 5810
f 5806 5813 5810
f 5810 5813 5812
f 5799 5809 5800
f 5800 5809 5811
f 5815 5800 5814
f 5814 5800 5811
f 5814 5817 5816
f 5816 5817 5818
f 5814 5811 5817
f 5817 5811 5812
f 5814 5816 5815
f 5815 5816 5796
f 5815 5796 5801
f 5801 5796 5783
f 5801 5798 5815
f 5815 5798 5800
f 5791 5792 5806
f 5806 5792 5813
f 5818 5813 5795
f 5795 5813 5792
f 5818 5817 5813
f 5813 5817 5812
f 5816 5818 5790
f 5790 5818 5795
f 5790 5787 5816
f 5816 5787 5796
f 5771 5777 5781
f 5781 5777 5782
f 5782 5802 5783
f 5783 5802 5801
f 5782 5777 5802
f 5802 5777 5776
f 5588 5587 5722
f 5722 5587 5720
f 5591 5619 5592
f 5592 5619 5618
f 5625 5624 5648
f 5648 5624 5649
f 5624 5627 5649
f 5649 5627 5643
f 5631 5630 5725
f 5725 5630 5640
f 5625 5648 5591
f 5591 5648 5619
f 5588 5722 5723
f 5723 5722 5736
f 5631 5725 5592
f 5592 5725 5589
f 5723 5630 5666
f 5666 5630 5629
f 5587 5627 5720
f 5720 5627 5626
f 5820 5821 5819
f 5819 5821 5822
f 5824 5825 5823
f 5823 5825 5826
f 5823 5826 5827
f 5827 5826 5828
f 5829 5830 5832
f 5832 5830 5831
f 5518 5833 5708
f 5708 5833 5834
f 5835 5836 5824
f 5824 5836 5825
f 5838 5839 5837
f 5837 5839 5840
f 5751 5684 5842
f 5842 5684 5841
f 5843 5841 5724
f 5724 5841 5684
f 5845 5846 5844
f 5844 5846 5847
f 5848 5830 5836
f 5836 5830 5825
f 5518 5751 5833
f 5833 5751 5842
f 5839 5838 5821
f 5821 5838 5849
f 5850 5848 5822
f 5822 5848 5836
f 5851 5845 5828
f 5828 5845 5852
f 5854 5855 5853
f 5853 5855 5856
f 5845 5844 5852
f 5852 5844 5857
f 5858 5827 5852
f 5852 5827 5828
f 5851 5828 5829
f 5829 5828 5826
f 5819 5859 5820
f 5820 5859 5860
f 5835 5861 5819
f 5819 5861 5859
f 5851 5829 5862
f 5862 5829 5832
f 5844 5847 5837
f 5837 5847 5834
f 5819 5822 5835
f 5835 5822 5836
f 5823 5863 5824
f 5824 5863 5864
f 5849 5850 5821
f 5821 5850 5822
f 5825 5830 5826
f 5826 5830 5829
f 5820 5860 5865
f 5865 5860 5866
f 5858 5854 5867
f 5867 5854 5853
f 5854 5857 5855
f 5855 5857 5840
f 5855 5865 5856
f 5856 5865 5866
f 5837 5840 5844
f 5844 5840 5857
f 5827 5858 5868
f 5868 5858 5867
f 5824 5864 5835
f 5835 5864 5861
f 5732 5731 5862
f 5862 5731 5846
f 5863 5823 5868
f 5868 5823 5827
f 5843 5831 5848
f 5848 5831 5830
f 5854 5858 5857
f 5857 5858 5852
f 5855 5840 5865
f 5865 5840 5839
f 5865 5839 5820
f 5820 5839 5821
f 5868 5867 5870
f 5870 5867 5869
f 5868 5870 5863
f 5863 5870 5871
f 5863 5871 5864
f 5864 5871 5872
f 5864 5872 5861
f 5861 5872 5873
f 5867 5853 5869
f 5869 5853 5874
f 5853 5856 5874
f 5874 5856 5875
f 5856 5866 5875
f 5875 5866 5876
f 5877 5878 5874
f 5874 5878 5869
f 5880 5881 5879
f 5879 5881 5882
f 5883 5884 5880
f 5880 5884 5881
f 5881 5884 5886
f 5886 5884 5885
f 5887 5888 5886
f 5886 5888 5889
f 5885 5890 5886
f 5886 5890 5887
f 5889 5882 5886
f 5886 5882 5881
f 5882 5891 5879
f 5879 5891 5892
f 5885 5884 5893
f 5893 5884 5883
f 5883 5871 5893
f 5893 5871 5870
f 5883 5894 5871
f 5871 5894 5872
f 5880 5895 5883
f 5883 5895 5894
f 5896 5895 5879
f 5879 5895 5880
f 5893 5878 5885
f 5885 5878 5890
f 5878 5893 5869
f 5869 5893 5870
f 5897 5896 5892
f 5892 5896 5879
f 5895 5896 5898
f 5898 5896 5899
f 5896 5897 5899
f 5899 5897 5900
f 5898 5899 5901
f 5901 5899 5902
f 5901 5903 5898
f 5898 5903 5904
f 5900 5905 5899
f 5899 5905 5902
f 5898 5904 5895
f 5895 5904 5894
f 5894 5904 5872
f 5872 5904 5873
f 5897 5892 5907
f 5907 5892 5906
f 5892 5891 5906
f 5906 5891 5908
f 5887 5890 5909
f 5909 5890 5878
f 5888 5887 5910
f 5910 5887 5909
f 5878 5877 5909
f 5909 5877 5911
f 5909 5911 5910
f 5910 5911 5912
f 5913 5914 5910
f 5910 5914 5888
f 5908 5914 5906
f 5906 5914 5913
f 5861 5873 5859
f 5859 5873 5915
f 5860 5916 5866
f 5866 5916 5876
f 5916 5860 5915
f 5915 5860 5859
f 5915 5903 5916
f 5916 5903 5917
f 5903 5901 5917
f 5917 5901 5918
f 5916 5917 5876
f 5876 5917 5919
f 5903 5915 5904
f 5904 5915 5873
f 5920 5875 5919
f 5919 5875 5876
f 5920 5877 5875
f 5875 5877 5874
f 5920 5921 5877
f 5877 5921 5911
f 5921 5920 5922
f 5922 5920 5919
f 5923 5921 5924
f 5924 5921 5922
f 5917 5918 5919
f 5919 5918 5922
f 5918 5925 5922
f 5922 5925 5924
f 5921 5923 5911
f 5911 5923 5912
f 5927 5912 5926
f 5926 5912 5923
f 5926 5929 5928
f 5928 5929 5930
f 5926 5923 5929
f 5929 5923 5924
f 5926 5928 5927
f 5927 5928 5907
f 5927 5907 5913
f 5913 5907 5906
f 5913 5910 5927
f 5927 5910 5912
f 5901 5902 5918
f 5918 5902 5925
f 5930 5925 5905
f 5905 5925 5902
f 5930 5929 5925
f 5925 5929 5924
f 5928 5930 5900
f 5900 5930 5905
f 5900 5897 5928
f 5928 5897 5907
f 5882 5889 5891
f 5891 5889 5908
f 5908 5889 5914
f 5914 5889 5888
f 5832 5831 5641
f 5641 5831 5639
f 5833 5838 5834
f 5834 5838 5837
f 5842 5841 5849
f 5849 5841 5850
f 5841 5843 5850
f 5850 5843 5848
f 5847 5846 5739
f 5739 5846 5731
f 5842 5849 5833
f 5833 5849 5838
f 5862 5832 5732
f 5732 5832 5641
f 5847 5739 5834
f 5834 5739 5708
f 5862 5846 5851
f 5851 5846 5845
f 5831 5843 5639
f 5639 5843 5724
f 5676 5732 5595
f 5595 5732 5641
f 5676 5461 5660
f 5660 5461 5464
f 5461 5460 5464
f 5464 5460 5465
f 5460 5674 5465
f 5465 5674 5661
f 5931 5932 5934
f 5934 5932 5933
f 5936 5937 5935
f 5935 5937 5938
f 5935 5938 5939
f 5939 5938 5940
f 5942 5943 5941
f 5941 5943 5944
f 5945 5946 5936
f 5936 5946 5937
f 5948 5949 5947
f 5947 5949 5950
f 5951 5952 5519
f 5519 5952 5593
f 5953 5951 5709
f 5709 5951 5519
f 5955 5956 5954
f 5954 5956 5957
f 5958 5942 5946
f 5946 5942 5937
f 5948 5959 5949
f 5949 5959 5933
f 5960 5958 5934
f 5934 5958 5946
f 5961 5955 5940
f 5940 5955 5962
f 5963 5964 5966
f 5966 5964 5965
f 5955 5954 5962
f 5962 5954 5967
f 5968 5939 5962
f 5962 5939 5940
f 5961 5940 5941
f 5941 5940 5938
f 5931 5969 5932
f 5932 5969 5970
f 5945 5971 5931
f 5931 5971 5969
f 5941 5944 5961
f 5961 5944 5972
f 5954 5957 5947
f 5947 5957 5973
f 5945 5931 5946
f 5946 5931 5934
f 5935 5974 5936
f 5936 5974 5975
f 5959 5960 5933
f 5933 5960 5934
f 5937 5942 5938
f 5938 5942 5941
f 5932 5970 5976
f 5976 5970 5977
f 5968 5964 5978
f 5978 5964 5963
f 5965 5964 5950
f 5950 5964 5967
f 5976 5977 5965
f 5965 5977 5966
f 5947 5950 5954
f 5954 5950 5967
f 5939 5968 5979
f 5979 5968 5978
f 5936 5975 5945
f 5945 5975 5971
f 5972 5754 5956
f 5956 5754 5617
f 5974 5935 5979
f 5979 5935 5939
f 5953 5943 5958
f 5958 5943 5942
f 5964 5968 5967
f 5967 5968 5962
f 5965 5950 5976
f 5976 5950 5949
f 5976 5949 5932
f 5932 5949 5933
f 5979 5978 5981
f 5981 5978 5980
f 5979 5981 5974
f 5974 5981 5982
f 5974 5982 5975
f 5975 5982 5983
f 5975 5983 5971
f 5971 5983 5984
f 5978 5963 5980
f 5980 5963 5985
f 5963 5966 5985
f 5985 5966 5986
f 5986 5966 5987
f 5987 5966 5977
f 5988 5989 5985
f 5985 5989 5980
f 5991 5992 5990
f 5990 5992 5993
f 5994 5995 5991
f 5991 5995 5992
f 5992 5995 5997
f 5997 5995 5996
f 5998 5999 5997
f 5997 5999 6000
f 5996 6001 5997
f 5997 6001 5998
f 6000 5993 5997
f 5997 5993 5992
f 6002 6003 5993
f 5993 6003 5990
f 5995 5994 5996
f 5996 5994 6004
f 5994 5982 6004
f 6004 5982 5981
f 5994 6005 5982
f 5982 6005 5983
f 5991 6006 5994
f 5994 6006 6005
f 6006 5991 6007
f 6007 5991 5990
f 5996 6004 6001
f 6001 6004 5989
f 5989 6004 5980
f 5980 6004 5981
f 6003 6008 5990
f 5990 6008 6007
f 6009 6006 6010
f 6010 6006 6007
f 6008 6011 6007
f 6007 6011 6010
f 6012 6009 6013
f 6013 6009 6010
f 6009 6012 6015
f 6015 6012 6014
f 6011 6016 6010
f 6010 6016 6013
f 6006 6009 6005
f 6005 6009 6015
f 6005 6015 5983
f 5983 6015 5984
f 6008 6003 6018
f 6018 6003 6017
f 6003 6002 6017
f 6017 6002 6019
f 5998 6001 6020
f 6020 6001 5989
f 5999 5998 6021
f 6021 5998 6020
f 5989 5988 6020
f 6020 5988 6022
f 6021 6020 6023
f 6023 6020 6022
f 6021 6024 5999
f 5999 6024 6025
f 6019 6025 6017
f 6017 6025 6024
f 5971 5984 5969
f 5969 5984 6026
f 5970 6027 5977
f 5977 6027 5987
f 6027 5970 6026
f 6026 5970 5969
f 6026 6014 6027
f 6027 6014 6028
f 6014 6012 6028
f 6028 6012 6029
f 6027 6028 5987
f 5987 6028 6030
f 6026 5984 6014
f 6014 5984 6015
f 6031 5986 6030
f 6030 5986 5987
f 6031 5988 5986
f 5986 5988 5985
f 6032 6022 6031
f 6031 6022 5988
f 6032 6031 6033
f 6033 6031 6030
f 6034 6032 6035
f 6035 6032 6033
f 6028 6029 6030
f 6030 6029 6033
f 6029 6036 6033
f 6033 6036 6035
f 6032 6034 6022
f 6022 6034 6023
f 6038 6023 6037
f 6037 6023 6034
f 6037 6040 6039
f 6039 6040 6041
f 6037 6034 6040
f 6040 6034 6035
f 6037 6039 6038
f 6038 6039 6018
f 6038 6018 6024
f 6024 6018 6017
f 6024 6021 6038
f 6038 6021 6023
f 6012 6013 6029
f 6029 6013 6036
f 6041 6036 6016
f 6016 6036 6013
f 6041 6040 6036
f 6036 6040 6035
f 6041 6016 6039
f 6039 6016 6011
f 6011 6008 6039
f 6039 6008 6018
f 5993 6000 6002
f 6002 6000 6019
f 6019 6000 6025
f 6025 6000 5999
f 5943 5756 5944
f 5944 5756 5755
f 6042 5948 5973
f 5973 5948 5947
f 5952 5951 5959
f 5959 5951 5960
f 5951 5953 5960
f 5960 5953 5958
f 5616 5957 5617
f 5617 5957 5956
f 6042 5952 5948
f 5948 5952 5959
f 5944 5755 5972
f 5972 5755 5754
f 5957 5616 5973
f 5973 5616 5652
f 5956 5955 5972
f 5972 5955 5961
f 5943 5953 5756
f 5756 5953 5709
f 6044 6045 6043
f 6043 6045 6046
f 6048 6049 6047
f 6047 6049 6050
f 6047 6050 6051
f 6051 6050 6052
f 6054 6055 6053
f 6053 6055 6056
f 6057 6058 6060
f 6060 6058 6059
f 6061 6062 6048
f 6048 6062 6049
f 6063 6064 6066
f 6066 6064 6065
f 6067 6068 6070
f 6070 6068 6069
f 6071 6069 5653
f 5653 6069 6068
f 6072 6073 6075
f 6075 6073 6074
f 6062 6076 6049
f 6049 6076 6054
f 6058 6067 6059
f 6059 6067 6070
f 6064 6077 6065
f 6065 6077 6045
f 6078 6076 6046
f 6046 6076 6062
f 6073 6080 6079
f 6079 6080 6052
f 6082 6083 6081
f 6081 6083 6084
f 6072 6085 6073
f 6073 6085 6080
f 6086 6051 6080
f 6080 6051 6052
f 6079 6052 6053
f 6053 6052 6050
f 6043 6087 6044
f 6044 6087 6088
f 6061 6089 6043
f 6043 6089 6087
f 6053 6056 6079
f 6079 6056 6090
f 6063 6072 6060
f 6060 6072 6075
f 6043 6046 6061
f 6061 6046 6062
f 6047 6091 6048
f 6048 6091 6092
f 6077 6078 6045
f 6045 6078 6046
f 6049 6054 6050
f 6050 6054 6053
f 6044 6088 6093
f 6093 6088 6094
f 6086 6082 6095
f 6095 6082 6081
f 6083 6082 6066
f 6066 6082 6085
f 6093 6094 6083
f 6083 6094 6084
f 6072 6063 6085
f 6085 6063 6066
f 6051 6086 6096
f 6096 6086 6095
f 6048 6092 6061
f 6061 6092 6089
f 5656 5655 6090
f 6090 5655 6074
f 6091 6047 6096
f 6096 6047 6051
f 6071 6055 6076
f 6076 6055 6054
f 6082 6086 6085
f 6085 6086 6080
f 6093 6083 6065
f 6065 6083 6066
f 6044 6093 6045
f 6045 6093 6065
f 6096 6095 6098
f 6098 6095 6097
f 6096 6098 6091
f 6091 6098 6099
f 6091 6099 6092
f 6092 6099 6100
f 6092 6100 6089
f 6089 6100 6101
f 6095 6081 6097
f 6097 6081 6102
f 6081 6084 6102
f 6102 6084 6103
f 6103 6084 6104
f 6104 6084 6094
f 6106 6097 6105
f 6105 6097 6102
f 6107 6108 6110
f 6110 6108 6109
f 6111 6112 6108
f 6108 6112 6109
f 6109 6112 6114
f 6114 6112 6113
f 6114 6115 6117
f 6117 6115 6116
f 6113 6118 6114
f 6114 6118 6115
f 6117 6110 6114
f 6114 6110 6109
f 6110 6119 6107
f 6107 6119 6120
f 6112 6111 6113
f 6113 6111 6121
f 6111 6099 6121
f 6121 6099 6098
f 6111 6122 6099
f 6099 6122 6100
f 6123 6122 6108
f 6108 6122 6111
f 6124 6123 6107
f 6107 6123 6108
f 6113 6121 6118
f 6118 6121 6106
f 6106 6121 6097
f 6097 6121 6098
f 6125 6124 6120
f 6120 6124 6107
f 6126 6123 6127
f 6127 6123 6124
f 6125 6128 6124
f 6124 6128 6127
f 6129 6126 6130
f 6130 6126 6127
f 6126 6129 6132
f 6132 6129 6131
f 6128 6133 6127
f 6127 6133 6130
f 6123 6126 6122
f 6122 6126 6132
f 6122 6132 6100
f 6100 6132 6101
f 6120 6134 6125
f 6125 6134 6135
f 6120 6119 6134
f 6134 6119 6136
f 6115 6118 6137
f 6137 6118 6106
f 6115 6137 6116
f 6116 6137 6138
f 6137 6106 6139
f 6139 6106 6105
f 6138 6137 6140
f 6140 6137 6139
f 6141 6142 6138
f 6138 6142 6116
f 6136 6142 6134
f 6134 6142 6141
f 6089 6101 6087
f 6087 6101 6143
f 6088 6144 6094
f 6094 6144 6104
f 6143 6144 6087
f 6087 6144 6088
f 6131 6145 6143
f 6143 6145 6144
f 6129 6146 6131
f 6131 6146 6145
f 6144 6145 6104
f 6104 6145 6147
f 6143 6101 6131
f 6131 6101 6132
f 6148 6103 6147
f 6147 6103 6104
f 6103 6148 6102
f 6102 6148 6105
f 6148 6149 6105
f 6105 6149 6139
f 6149 6148 6150
f 6150 6148 6147
f 6151 6149 6152
f 6152 6149 6150
f 6145 6146 6147
f 6147 6146 6150
f 6146 6153 6150
f 6150 6153 6152
f 6149 6151 6139
f 6139 6151 6140
f 6155 6140 6154
f 6154 6140 6151
f 6154 6157 6156
f 6156 6157 6158
f 6154 6151 6157
f 6157 6151 6152
f 6154 6156 6155
f 6155 6156 6135
f 6155 6135 6141
f 6141 6135 6134
f 6141 6138 6155
f 6155 6138 6140
f 6146 6129 6153
f 6153 6129 6130
f 6158 6153 6133
f 6133 6153 6130
f 6158 6157 6153
f 6153 6157 6152
f 6156 6158 6128
f 6128 6158 6133
f 6128 6125 6156
f 6156 6125 6135
f 6110 6117 6119
f 6119 6117 6136
f 6136 6117 6142
f 6142 6117 6116
f 6055 5615 6056
f 6056 5615 5752
f 6060 6059 6063
f 6063 6059 6064
f 6077 6070 6078
f 6078 6070 6069
f 6069 6071 6078
f 6078 6071 6076
f 6159 6057 6075
f 6075 6057 6060
f 6059 6070 6064
f 6064 6070 6077
f 6056 5752 6090
f 6090 5752 5656
f 6090 6074 6079
f 6079 6074 6073
f 6055 6071 5615
f 5615 6071 5653
f 5547 5471 6160
f 6160 5471 6161
f 5729 5577 6163
f 6163 5577 6162
f 5577 5576 6162
f 6162 5576 6164
f 5713 6165 5711
f 5711 6165 6166
f 5474 5729 6167
f 6167 5729 6163
f 5750 5547 6168
f 6168 5547 6160
f 5471 5474 6161
f 6161 5474 6167
f 6169 5712 6168
f 6168 5712 5750
f 5711 6166 5576
f 5576 6166 6164
f 6165 5713 6169
f 6169 5713 5712
f 6168 6170 6169
f 6169 6170 6171
f 6169 6171 6165
f 6165 6171 6172
f 6165 6172 6166
f 6166 6172 6173
f 6166 6173 6164
f 6164 6173 6174
f 6168 6160 6170
f 6170 6160 6175
f 6160 6161 6175
f 6175 6161 6176
f 6161 6167 6176
f 6176 6167 6177
f 6179 6170 6178
f 6178 6170 6175
f 6181 6182 6180
f 6180 6182 6183
f 6184 6185 6181
f 6181 6185 6182
f 6186 6187 6185
f 6185 6187 6182
f 6186 6188 6187
f 6187 6188 6189
f 6190 6183 6187
f 6187 6183 6182
f 6183 6190 6191
f 6191 6190 6192
f 6191 6193 6183
f 6183 6193 6180
f 6186 6185 6194
f 6194 6185 6184
f 6184 6172 6194
f 6194 6172 6171
f 6184 6195 6172
f 6172 6195 6173
f 6181 6196 6184
f 6184 6196 6195
f 6196 6181 6197
f 6197 6181 6180
f 6186 6194 6188
f 6188 6194 6179
f 6179 6194 6170
f 6170 6194 6171
f 6193 6198 6180
f 6180 6198 6197
f 6199 6196 6200
f 6200 6196 6197
f 6198 6201 6197
f 6197 6201 6200
f 6202 6199 6203
f 6203 6199 6200
f 6199 6202 6205
f 6205 6202 6204
f 6201 6206 6200
f 6200 6206 6203
f 6196 6199 6195
f 6195 6199 6205
f 6195 6205 6173
f 6173 6205 6174
f 6198 6193 6208
f 6208 6193 6207
f 6193 6191 6207
f 6207 6191 6192
f 6189 6188 6209
f 6209 6188 6179
f 6210 6189 6211
f 6211 6189 6209
f 6209 6179 6212
f 6212 6179 6178
f 6211 6209 6213
f 6213 6209 6212
f 6211 6214 6210
f 6210 6214 6215
f 6192 6215 6207
f 6207 6215 6214
f 6190 6187 6210
f 6210 6187 6189
f 6192 6190 6215
f 6215 6190 6210
f 6162 6164 6216
f 6216 6164 6174
f 6167 6163 6177
f 6177 6163 6217
f 6216 6217 6162
f 6162 6217 6163
f 6204 6218 6216
f 6216 6218 6217
f 6202 6219 6204
f 6204 6219 6218
f 6217 6218 6177
f 6177 6218 6220
f 6216 6174 6204
f 6204 6174 6205
f 6221 6176 6220
f 6220 6176 6177
f 6176 6221 6175
f 6175 6221 6178
f 6221 6222 6178
f 6178 6222 6212
f 6222 6221 6223
f 6223 6221 6220
f 6224 6222 6225
f 6225 6222 6223
f 6218 6219 6220
f 6220 6219 6223
f 6219 6226 6223
f 6223 6226 6225
f 6222 6224 6212
f 6212 6224 6213
f 6228 6213 6227
f 6227 6213 6224
f 6229 6227 6231
f 6231 6227 6230
f 6227 6224 6230
f 6230 6224 6225
f 6227 6229 6228
f 6228 6229 6208
f 6228 6208 6214
f 6214 6208 6207
f 6214 6211 6228
f 6228 6211 6213
f 6219 6202 6226
f 6226 6202 6203
f 6231 6226 6206
f 6206 6226 6203
f 6231 6230 6226
f 6226 6230 6225
f 6229 6231 6201
f 6201 6231 6206
f 6201 6198 6229
f 6229 6198 6208
f 5674 5672 5661
f 5661 5672 5662
f 5662 5672 5663
f 5663 5672 5646
f 5651 6042 5652
f 5652 6042 5973
f 5518 5517 5751
f 5751 5517 5733
f 5738 5660 5753
f 5753 5660 5637
f 5752 5636 5656
f 5656 5636 5526
f 5952 6042 5593
f 5593 6042 5651
f 5593 5651 5594
f 5594 5651 5650
f 5600 5737 5514
f 5514 5737 5515
f 5546 5545 5740
f 5740 5545 6232
f 6232 6058 5740
f 5740 6058 6057
f 6067 6058 6233
f 6233 6058 6232
f 6233 6232 6234
f 6234 6232 5545
f 6234 5545 6235
f 6235 5545 5544
f 5606 6236 5543
f 5543 6236 5544
f 6235 5544 5539
f 5539 5544 6236
f 6237 6235 5542
f 5542 6235 5539
f 6235 6237 6234
f 6234 6237 6238
f 6234 6238 6233
f 6233 6238 6239
f 5653 6068 5650
f 5650 6068 6239
f 5642 5513 6240
f 6240 5513 5516
f 5539 6236 5540
f 5540 6236 5606
f 5636 5614 5637
f 5637 5614 5753
f 6239 5737 5650
f 5650 5737 5594
f 6239 6068 6233
f 6233 6068 6067
f 6075 6074 6159
f 6159 6074 5655
f 6057 6159 5740
f 5740 6159 5655
f 5515 5737 6238
f 6238 5737 6239
f 6238 6237 5515
f 5515 6237 5516
f 5542 6240 6237
f 6237 6240 5516
f 6240 5542 5642
f 5642 5542 5541
f 5702 5699 5541
f 5541 5699 5642
f 5582 5475 5717
f 5470 5443 5537
f 5537 5443 5504
f 5469 5444 5470
f 5470 5444 5443
f 5726 5557 5727
f 5727 5557 5556
f 5537 5504 5511
f 5511 5504 5506
f 5504 5503 5506
f 5506 5503 5507
f 5503 5455 5507
f 5507 5455 5581
f 5455 5454 5581
f 5581 5454 5456
f 5473 5453 5474
f 5474 5453 5729
f 5457 5454 5473
f 5473 5454 5453
f 5473 5472 5457
f 5457 5472 5686
f 5472 5548 5686
f 5686 5548 5687
f 5749 5693 5548
f 5548 5693 5687
f 5715 5532 5749
f 5749 5532 5693
f 5714 5486 5715
f 5715 5486 5532
f 5714 5710 5486
f 5486 5710 5449
f 5728 5578 5729
f 5729 5578 5577
f 5452 5445 5698
f 5698 5445 5558
f 5445 5444 5558
f 5558 5444 5556
f 5444 5469 5556
f 5556 5469 5727
f 5469 5468 5727
f 5727 5468 5555
f 5468 5747 5555
f 5555 5747 5552
f 5747 5700 5552
f 5552 5700 5716
f 5700 5699 5716
f 5716 5699 5717
f 5699 5702 5717
f 5717 5702 5582
f 5702 5701 5582
f 5582 5701 5583
f 5726 5479 5557
f 5557 5479 5483
f 5483 5479 5484
f 5484 5479 5482
f 5534 5533 5482
f 5482 5533 5484
f 5691 5688 5534
f 5534 5688 5533
f 5644 5647 5691
f 5691 5647 5688
f 5719 5746 5701
f 5701 5746 5583
f 5718 5497 5719
f 5719 5497 5746
f 5718 5605 5654
f 5654 5605 5638
f 5498 5654 5657
f 5657 5654 5633
f 5497 5718 5498
f 5498 5718 5654
f 5657 5527 5498
f 5498 5527 5494
f 5528 5570 5495
f 5495 5570 5521
f 5665 5668 5528
f 5528 5668 5570
f 5664 5671 5665
f 5665 5671 5668
f 5645 5741 5664
f 5664 5741 5671
f 5644 5696 5645
f 5645 5696 5741
f 5710 5575 5449
f 5449 5575 5450
f 5575 5578 5450
f 5450 5578 5698
f 5578 5728 5698
f 5698 5728 5452
f 5452 5728 5451
f 5451 5728 5453
f 3619 6241 3620
f 3620 6241 6242
f 6243 6244 3628
f 3628 6244 3629
f 6245 6246 3634
f 3634 6246 3631
f 6247 6248 3636
f 3636 6248 3637
f 6249 6250 3642
f 3642 6250 3639
f 3639 6250 3643
f 3643 6250 6251
f 3743 6252 3744
f 3744 6252 6253
f 6246 6243 3631
f 3631 6243 3628
f 3753 6254 3754
f 3754 6254 6255
f 3857 6256 3619
f 3619 6256 6241
f 6257 6245 3932
f 3932 6245 3634
f 6242 6247 3620
f 3620 6247 3636
f 6258 6259 3946
f 3946 6259 3947
f 6260 6249 3948
f 3948 6249 3642
f 6244 6258 3629
f 3629 6258 3946
f 3947 6259 3753
f 3753 6259 6254
f 6248 6260 3637
f 3637 6260 3948
f 3643 6251 3743
f 3743 6251 6252
f 3744 6253 3932
f 3932 6253 6257
f 6250 6249 6251
f 6251 6249 6252
f 6245 6261 6246
f 6246 6261 6262
f 6263 6264 6247
f 6247 6264 6248
f 6252 6265 6253
f 6253 6265 6266
f 6246 6262 6243
f 6243 6262 6267
f 6268 6261 6257
f 6257 6261 6245
f 6269 6263 6242
f 6242 6263 6247
f 6270 6271 6260
f 6260 6271 6249
f 6264 6270 6248
f 6248 6270 6260
f 6253 6266 6257
f 6257 6266 6268
f 6249 6271 6252
f 6252 6271 6265
f 6254 6259 6272
f 6272 6259 6273
f 6266 6265 6270
f 6270 6265 6271
f 6268 6266 6264
f 6264 6266 6270
f 6261 6268 6263
f 6263 6268 6264
f 6269 6262 6263
f 6263 6262 6261
f 4186 4185 6274
f 6274 4185 6275
f 6241 6276 6242
f 6242 6276 6269
f 6258 6244 6277
f 6277 6244 6278
f 6256 6279 6241
f 6241 6279 6276
f 6259 6258 6273
f 6273 6258 6277
f 6243 6267 6244
f 6244 6267 6278
f 6276 6267 6269
f 6269 6267 6262
f 6254 6272 6255
f 6255 6272 6280
f 3865 3713 3888
f 3888 3713 3685
f 5242 5233 3892
f 3892 5233 3711
f 3900 5243 3892
f 3892 5243 5242
f 3734 3866 3900
f 3900 3866 5243
f 4117 6281 4118
f 4118 6281 6282
f 4118 6282 4278
f 4278 6282 4879
f 4717 4887 4718
f 4718 4887 4280
f 4792 4278 4882
f 4882 4278 4879
f 4795 4792 6283
f 6283 4792 4882
f 4852 4851 5012
f 5012 4851 6284
f 4856 5207 4857
f 4857 5207 4858
f 4860 4279 4857
f 4857 4279 4854
f 4718 4280 4860
f 4860 4280 4279
f 4864 4863 4745
f 4745 4863 4742
f 5366 4867 5011
f 5011 4867 4866
f 4871 4884 4872
f 4872 4884 4883
f 4872 4883 4117
f 4117 4883 6281
f 6284 4851 6283
f 6283 4851 4795
f 4852 4866 4853
f 4853 4866 4865
f 4871 4870 4856
f 4856 4870 5207
f 4717 4716 4864
f 4864 4716 4861
f 4868 4867 4862
f 4862 4867 4863
f 4268 4855 4269
f 4269 4855 4854
f 4281 4274 4282
f 4282 4274 4765
f 4744 4743 4907
f 4907 4743 4904
f 4874 4881 4820
f 4820 4881 4880
f 4885 5013 4886
f 4886 5013 4980
f 4888 4275 4281
f 4281 4275 4274
f 4902 6282 4903
f 4903 6282 6281
f 6283 4979 6284
f 6284 4979 4978
f 4282 4765 4269
f 4269 4765 4266
f 4880 4879 4902
f 4902 4879 6282
f 4903 6281 4886
f 4886 6281 4883
f 4882 4881 6283
f 6283 4881 4979
f 5013 4885 4267
f 4267 4885 4268
f 4888 4887 4744
f 4744 4887 4745
f 4410 6285 4411
f 4411 6285 4812
f 4750 4749 6286
f 6286 4749 6287
f 6289 4695 6288
f 6288 4695 4255
f 4750 4675 4751
f 4751 4675 4965
f 6290 6291 4963
f 4963 6291 4960
f 4807 4806 4411
f 4411 4806 4408
f 6292 6293 4959
f 4959 6293 4956
f 4958 6294 4959
f 4959 6294 4955
f 4962 4964 4963
f 4963 4964 4805
f 4962 4961 4751
f 4751 4961 4748
f 6296 6297 6295
f 6295 6297 6298
f 6299 6300 6288
f 6288 6300 4735
f 6302 4961 6301
f 6301 4961 4960
f 6304 6287 6303
f 6303 6287 4749
f 4968 6305 4969
f 4969 6305 6306
f 4413 6308 6307
f 6307 6308 4900
f 6301 4960 6309
f 6309 4960 6291
f 4412 4408 6310
f 6310 4408 4806
f 4696 6311 4256
f 4256 6311 6312
f 6303 4749 6313
f 6313 4749 4748
f 6313 4748 6302
f 6302 4748 4961
f 6315 6316 6314
f 6314 6316 6317
f 4084 6318 6315
f 6315 6318 6316
f 4083 6319 4084
f 4084 6319 6318
f 4112 6320 4083
f 4083 6320 6319
f 6322 4138 6321
f 6321 4138 4137
f 6324 4128 6323
f 6323 4128 4127
f 4127 4193 6323
f 6323 4193 6325
f 4193 4891 6325
f 6325 4891 6326
f 4891 6327 6326
f 6326 6327 6328
f 6327 4824 5227
f 5227 4824 5228
f 5231 4684 6329
f 6329 4684 4683
f 4683 4099 6329
f 6329 4099 6330
f 4099 4102 6330
f 6330 4102 6331
f 4174 4826 4429
f 4429 4826 4829
f 4173 4741 4174
f 4174 4741 4826
f 4180 4738 4173
f 4173 4738 4741
f 6332 6333 4180
f 4180 6333 4738
f 6274 6334 4186
f 4186 6334 4188
f 4181 4825 4180
f 4180 4825 6332
f 5044 5213 5045
f 5045 5213 5165
f 5046 5087 5047
f 5047 5087 5222
f 5077 5063 5078
f 5078 5063 5198
f 5081 5099 5082
f 5082 5099 5194
f 5095 5074 5096
f 5096 5074 5073
f 5373 5170 5096
f 5096 5170 5093
f 5375 5171 5373
f 5373 5171 5170
f 5047 5222 5375
f 5375 5222 5171
f 5046 5038 5376
f 5376 5038 5067
f 5377 5086 5376
f 5376 5086 5085
f 5045 5165 5377
f 5377 5165 5086
f 5378 5214 5044
f 5044 5214 5213
f 5077 5034 5378
f 5378 5034 5214
f 5082 5194 5078
f 5078 5194 5035
f 5081 5080 5379
f 5379 5080 6335
f 5379 6335 5095
f 5095 6335 5074
f 5032 5080 5033
f 5033 5080 5079
f 5040 5017 5041
f 5041 5017 5016
f 5050 5043 5051
f 5051 5043 5042
f 5065 5023 5066
f 5066 5023 5022
f 5050 5049 5065
f 5065 5049 5023
f 5041 5016 5068
f 5068 5016 5020
f 5071 5374 5072
f 5072 5374 5200
f 5075 5156 5076
f 5076 5156 5155
f 5162 5212 5068
f 5068 5212 5067
f 5075 5074 5192
f 5192 5074 6335
f 5066 5022 5199
f 5199 5022 5196
f 5076 5155 5072
f 5072 5155 5069
f 5040 5039 5071
f 5071 5039 5374
f 5162 5161 5051
f 5051 5161 5048
f 5192 6335 5032
f 5032 6335 5080
f 5199 5196 5033
f 5033 5196 5030
f 5018 5211 5019
f 5019 5211 5408
f 5019 5408 5021
f 5021 5408 5163
f 5024 5057 5025
f 5025 5057 5415
f 5028 5048 5029
f 5029 5048 5161
f 5054 5031 5055
f 5055 5031 5030
f 5024 5023 5058
f 5058 5023 5049
f 5061 5070 5062
f 5062 5070 5069
f 5157 5438 5158
f 5158 5438 5442
f 5160 5191 5054
f 5054 5191 5031
f 5029 5161 5021
f 5021 5161 5020
f 5025 5415 5197
f 5197 5415 5220
f 5158 5442 5062
f 5062 5442 5059
f 5018 5017 5061
f 5061 5017 5070
f 5160 5159 5157
f 5157 5159 5438
f 5028 5027 5058
f 5058 5027 5056
f 5055 5030 5197
f 5197 5030 5196
f 5409 5380 5410
f 5410 5380 6336
f 5026 5413 5027
f 5027 5413 5412
f 5396 5417 5393
f 5393 5417 5416
f 5416 5057 5419
f 5419 5057 5056
f 5417 5396 5426
f 5426 5396 5420
f 5427 5423 5428
f 5428 5423 5422
f 5427 5059 5430
f 5430 5059 5442
f 5409 5408 5433
f 5433 5408 5211
f 5433 5211 5428
f 5428 5211 5060
f 5412 5411 5419
f 5419 5411 5418
f 5436 5053 5437
f 5437 5053 5052
f 5439 5402 5440
f 5440 5402 5401
f 5436 5435 5439
f 5439 5435 5402
f 5410 6336 5413
f 5413 6336 5414
f 5440 5401 5430
f 5430 5401 5429
f 5426 5420 5437
f 5437 5420 5434
f 5382 5432 5383
f 5383 5432 5384
f 5386 6336 5383
f 5383 6336 5380
f 6336 5386 5414
f 5414 5386 5388
f 5391 5418 5392
f 5392 5418 5411
f 5705 5395 5704
f 5704 5395 5394
f 5399 5435 5400
f 5400 5435 5434
f 5403 5441 5404
f 5404 5441 5405
f 5407 5429 5404
f 5404 5429 5401
f 5395 5705 5421
f 5421 5705 5748
f 5424 5706 5425
f 5425 5706 5431
f 5391 5390 5394
f 5394 5390 5704
f 5392 5388 5389
f 5389 5388 5387
f 5382 5381 5425
f 5425 5381 5422
f 5407 5406 5424
f 5424 5406 5706
f 5403 5402 5399
f 5399 5402 5435
f 5421 5748 5400
f 5400 5748 5397
f 4097 4721 4098
f 4098 4721 4231
f 4233 5273 4098
f 4098 5273 4095
f 6337 6338 4785
f 4785 6338 4786
f 4076 4780 4073
f 4073 4780 4781
f 4782 4190 4781
f 4781 4190 4073
f 4783 4901 4782
f 4782 4901 4190
f 4780 4076 4097
f 4097 4076 4721
f 6337 2879 4701
f 4701 2879 2878
f 5280 6339 5272
f 5272 6339 6340
f 5282 5281 6341
f 6341 5281 6342
f 4109 6302 4110
f 4110 6302 6301
f 4283 6304 4284
f 4284 6304 6303
f 6305 4379 6306
f 6306 4379 4378
f 4110 6301 4428
f 4428 6301 6309
f 6310 4688 4412
f 4412 4688 4687
f 4284 6303 4753
f 4753 6303 6313
f 4753 6313 4109
f 4109 6313 6302
f 6343 5226 4428
f 4428 5226 4427
f 4147 4900 4416
f 4416 4900 6308
f 6312 6311 4241
f 4241 6311 4720
f 5223 6344 4702
f 4702 6344 4699
f 4221 4220 6345
f 6345 4220 6346
f 5276 5275 6347
f 6347 5275 6348
f 5275 4728 6348
f 6348 4728 6349
f 4727 6350 5284
f 5284 6350 5285
f 6351 6352 6354
f 6354 6352 6353
f 5313 5312 5292
f 5292 5312 5293
f 5312 5344 5293
f 5293 5344 5337
f 5344 4914 5337
f 5337 4914 4916
f 4914 4913 4916
f 4916 4913 4917
f 4913 6355 4917
f 4917 6355 4978
f 6356 6357 6284
f 6284 6357 5012
f 6357 6358 5012
f 5012 6358 5011
f 5011 6358 5366
f 5366 6358 6359
f 6360 4742 6359
f 6359 4742 5366
f 4743 6361 4904
f 4904 6361 5364
f 5363 4905 5364
f 5364 4905 4904
f 5363 6362 4905
f 4905 6362 4207
f 6362 6363 4207
f 4207 6363 4208
f 6363 5342 4208
f 4208 5342 5330
f 5342 5341 5330
f 5330 5341 4244
f 5341 6364 4244
f 4244 6364 4245
f 6364 6365 4245
f 4245 6365 4246
f 6366 6367 4253
f 4253 6367 4250
f 4214 6368 4211
f 4211 6368 4380
f 4380 4379 4211
f 4211 4379 4283
f 4379 6305 4283
f 4283 6305 6304
f 6305 4968 6304
f 6304 4968 6287
f 4968 4967 6287
f 6287 4967 6286
f 4967 6297 6286
f 6286 6297 4676
f 6296 4376 4288
f 4288 4376 4285
f 4376 4373 4285
f 4285 4373 4290
f 6369 6370 6372
f 6372 6370 6371
f 5245 6373 5246
f 5246 6373 6374
f 4317 6375 4318
f 4318 6375 6376
f 4331 6377 4332
f 4332 6377 6378
f 6379 4333 6376
f 6376 4333 4318
f 4343 6380 4344
f 4344 6380 6381
f 4347 6382 4348
f 4348 6382 6383
f 4374 6371 4331
f 4331 6371 6377
f 4333 6379 4426
f 4426 6379 6384
f 4690 6385 4347
f 4347 6385 6382
f 4332 6378 4317
f 4317 6378 6375
f 4922 6386 4923
f 4923 6386 6387
f 6388 6389 4375
f 4375 6389 6390
f 6355 6356 4978
f 4978 6356 6284
f 4742 6360 4743
f 4743 6360 6361
f 6391 4238 6392
f 6392 4238 4719
f 6392 4719 6393
f 6393 4719 5296
f 6395 6396 6394
f 6394 6396 6397
f 6399 6400 6398
f 6398 6400 6401
f 6402 5302 6403
f 6403 5302 5303
f 5303 5321 6403
f 6403 5321 6404
f 5320 6405 5321
f 5321 6405 6404
f 5319 6406 5350
f 5350 6406 5351
f 5319 5318 6406
f 6406 5318 6407
f 5288 4197 6408
f 6408 4197 6409
f 4217 4216 6410
f 6410 4216 6411
f 5227 6412 6327
f 6327 6412 6328
f 4892 6413 5227
f 5227 6413 6412
f 4228 6414 4892
f 4892 6414 6413
f 4227 6415 4228
f 4228 6415 6414
f 4248 6416 4227
f 4227 6416 6415
f 4247 6417 4248
f 4248 6417 6416
f 6417 4247 6419
f 6419 4247 6418
f 6419 6418 6421
f 6421 6418 6420
f 6422 5301 6423
f 6423 5301 5300
f 6423 5300 6424
f 6424 5300 6399
f 6408 6409 6398
f 6398 6409 6425
f 6426 6427 6397
f 6397 6427 6394
f 6428 4224 6429
f 6429 4224 4223
f 6347 6346 5276
f 5276 6346 4220
f 6346 6347 6341
f 6341 6347 6339
f 5280 5278 5282
f 5282 5278 4236
f 4896 5224 4684
f 4684 5224 4681
f 4132 4135 4896
f 4896 4135 5224
f 4131 4136 4132
f 4132 4136 4135
f 4226 4754 4131
f 4131 4754 4136
f 4251 4213 4226
f 4226 4213 4754
f 4250 4214 4251
f 4251 4214 4213
f 4250 6367 4214
f 4214 6367 6368
f 6367 4910 6368
f 6368 4910 4737
f 4909 5297 4736
f 4736 5297 5296
f 5297 6395 5296
f 5296 6395 6393
f 6427 6430 6394
f 6394 6430 6431
f 6429 4383 6428
f 6428 4383 4382
f 4219 5277 4220
f 4220 5277 5276
f 4222 4697 4383
f 4383 4697 4218
f 6345 4699 4221
f 4221 4699 6344
f 6342 4700 6345
f 6345 4700 4699
f 4235 4786 5281
f 5281 4786 6338
f 4234 4787 4235
f 4235 4787 4786
f 5279 5278 6432
f 6432 5278 5271
f 4237 5279 6433
f 6433 5279 6432
f 4787 4234 6433
f 6433 4234 4237
f 6435 6436 6434
f 6434 6436 6437
f 6359 6438 6360
f 6360 6438 6437
f 6439 6440 6441
f 6441 6440 6438
f 6443 6439 6442
f 6442 6439 6441
f 6357 6356 6442
f 6442 6356 6444
f 6444 6446 6445
f 6445 6446 6447
f 4912 6446 4913
f 4913 6446 6355
f 6361 6436 5364
f 5364 6436 5365
f 5319 5350 5316
f 5316 5350 6448
f 4832 6449 5350
f 5350 6449 6448
f 4831 6450 4832
f 4832 6450 6449
f 5354 6451 5320
f 5320 6451 6405
f 4265 6452 5354
f 5354 6452 6451
f 4264 6453 4265
f 4265 6453 6452
f 6450 4831 6447
f 6447 4831 6445
f 4263 6435 4264
f 4264 6435 6434
f 6454 6453 6439
f 6439 6453 6440
f 6439 6443 6454
f 6454 6443 4834
f 4833 6455 4834
f 4834 6455 6454
f 5351 6456 4833
f 4833 6456 6455
f 6457 6391 6458
f 6458 6391 6392
f 6458 6392 6431
f 6431 6392 6393
f 5298 6396 5297
f 5297 6396 6395
f 6402 6400 5302
f 5302 6400 5299
f 6402 6403 6459
f 6459 6403 6460
f 6460 6403 6461
f 6461 6403 6404
f 6405 6462 6404
f 6404 6462 6461
f 6406 6462 5351
f 5351 6462 6456
f 6406 6407 6462
f 6462 6407 6461
f 6407 6463 6461
f 6461 6463 6460
f 6463 6464 6460
f 6460 6464 6459
f 6464 6465 6459
f 6459 6465 6401
f 6430 6466 6431
f 6431 6466 6458
f 6466 6410 6458
f 6458 6410 6457
f 6410 6411 6457
f 6457 6411 6467
f 6396 6424 6397
f 6397 6424 6425
f 6393 6395 6431
f 6431 6395 6394
f 6451 6456 6405
f 6405 6456 6462
f 6452 6455 6451
f 6451 6455 6456
f 6453 6454 6452
f 6452 6454 6455
f 6443 6445 4834
f 4834 6445 4831
f 6440 6453 6434
f 6434 6453 4264
f 6468 5306 5360
f 5360 5306 5305
f 6469 4124 6468
f 6468 4124 5306
f 6470 4125 6469
f 6469 4125 4124
f 6471 5291 6470
f 6470 5291 4125
f 6353 5292 6471
f 6471 5292 5291
f 5292 6353 5313
f 5313 6353 6352
f 5347 5314 6352
f 6352 5314 5313
f 5353 5318 5346
f 5346 5318 5317
f 5334 6468 5358
f 5358 6468 5360
f 5324 6469 5334
f 5334 6469 6468
f 5323 6470 5324
f 5324 6470 6469
f 5343 6471 5323
f 5323 6471 6470
f 6354 6353 5343
f 5343 6353 6471
f 6348 6349 4270
f 4270 6349 5311
f 5272 6340 5273
f 5273 6340 4272
f 6432 5271 4232
f 4232 5271 4233
f 4294 6432 4295
f 4295 6432 4232
f 6432 4294 6433
f 6433 4294 4301
f 4301 4300 6433
f 6433 4300 4787
f 4704 4784 4300
f 4300 4784 4787
f 4704 3013 4784
f 4784 3013 1307
f 5103 6472 5104
f 5104 6472 5202
f 5108 5116 5105
f 5105 5116 5115
f 5111 5124 5112
f 5112 5124 5123
f 5154 5205 5105
f 5105 5205 5106
f 5167 5180 5168
f 5168 5180 5185
f 5175 5188 5176
f 5176 5188 5187
f 5112 5123 5178
f 5178 5123 5120
f 5167 5090 5183
f 5183 5090 5089
f 5210 5151 5183
f 5183 5151 5181
f 5216 5138 5217
f 5217 5138 5137
f 5218 5119 5219
f 5219 5119 5221
f 5218 5178 5119
f 5119 5178 5120
f 5217 5137 5104
f 5104 5137 5101
f 5116 5108 5221
f 5221 5108 5219
f 5111 5110 5210
f 5210 5110 5151
f 5154 5153 5103
f 5103 5153 6472
f 5216 5215 5176
f 5176 5215 5173
f 5175 5174 5168
f 5168 5174 5166
f 5091 5172 5092
f 5092 5172 5208
f 5117 5037 5118
f 5118 5037 5036
f 5121 5164 5122
f 5122 5164 5133
f 5125 5084 5126
f 5126 5084 5083
f 5129 5174 5130
f 5130 5174 5173
f 5131 5202 5132
f 5132 5202 6472
f 5135 5221 5122
f 5122 5221 5119
f 5125 5124 5136
f 5136 5124 5209
f 5126 5083 5121
f 5121 5083 5164
f 5118 5036 5195
f 5195 5036 5193
f 5131 5097 5203
f 5203 5097 5114
f 5132 6472 5195
f 5195 6472 5153
f 5136 5209 5092
f 5092 5209 5089
f 5135 5134 5117
f 5117 5134 5037
f 5362 5206 5130
f 5130 5206 5127
f 5372 5371 5128
f 5128 5371 5129
f 5371 5372 5091
f 5091 5372 5172
f 5362 5215 5203
f 5203 5215 5201
f 6463 6407 5353
f 5353 6407 5318
f 6464 6463 5352
f 5352 6463 5353
f 6408 6465 5288
f 5288 6465 5289
f 4196 4224 6426
f 6426 4224 6427
f 6430 6427 6428
f 6428 6427 4224
f 6466 6430 4382
f 4382 6430 6428
f 6410 6466 4217
f 4217 6466 4382
f 4240 4239 3015
f 3015 4239 3016
f 4254 4257 3017
f 3017 4257 3018
f 6473 6474 4732
f 4732 6474 6475
f 6474 6374 6475
f 6475 6374 6373
f 5246 6374 3022
f 3022 6374 3023
f 4254 6299 4255
f 4255 6299 6288
f 6473 6300 3024
f 3024 6300 3025
f 6476 4257 6312
f 6312 4257 4256
f 4240 6476 4241
f 4241 6476 6312
f 6477 4239 6391
f 6391 4239 4238
f 6467 6477 6457
f 6457 6477 6391
f 6411 3029 6467
f 6467 3029 3028
f 4216 3030 6411
f 6411 3030 3029
f 6479 6480 6478
f 6478 6480 6481
f 6483 6484 6482
f 6482 6484 6485
f 6486 6487 4102
f 4102 6487 6331
f 6483 6488 6478
f 6478 6488 6489
f 4429 4829 6490
f 6490 4829 6479
f 6491 6486 4101
f 4101 6486 4102
f 4895 6491 4899
f 4899 6491 4101
f 4160 6488 4157
f 4157 6488 6492
f 6489 4087 6490
f 6490 4087 4090
f 4267 4261 5013
f 5013 4261 4260
f 4258 4261 5328
f 5328 4261 4975
f 4261 4267 4975
f 4975 4267 4266
f 5367 3793 3912
f 3912 3793 3575
f 6494 3616 6493
f 6493 3616 3795
f 6496 3589 6495
f 6495 3589 3588
f 6495 3588 5368
f 5368 3588 3794
f 3841 3840 3050
f 3050 3840 3051
f 3912 3911 3052
f 3052 3911 3053
f 3929 3930 3054
f 3054 3930 3055
f 5370 3930 3916
f 3916 3930 3923
f 3938 5369 3807
f 3807 5369 3915
f 3589 6496 3806
f 3806 6496 3937
f 3938 3937 3056
f 3056 3937 3057
f 3051 3840 3058
f 3058 3840 3943
f 3730 4808 3727
f 3727 4808 3943
f 3820 3951 3795
f 3795 3951 6493
f 3951 3841 3059
f 3059 3841 3050
f 3911 3574 6494
f 6494 3574 3616
f 3823 3929 3824
f 3824 3929 3952
f 4061 4060 3060
f 3060 4060 3061
f 6497 6498 4901
f 4901 6498 4790
f 6333 6499 4738
f 4738 6499 4739
f 6500 6501 6314
f 6314 6501 4418
f 6502 6275 4417
f 4417 6275 4185
f 6503 6497 4783
f 4783 6497 4901
f 6498 4060 4790
f 4790 4060 4059
f 4808 4061 3069
f 3069 4061 3060
f 5367 3071 5368
f 5368 3071 3070
f 5369 3073 5370
f 5370 3073 3072
f 6274 6275 3074
f 3074 6275 3075
f 6499 6504 4739
f 4739 6504 6317
f 6333 6332 3077
f 3077 6332 3078
f 6334 6274 3079
f 3079 6274 3074
f 6332 4825 3078
f 3078 4825 3080
f 6334 6503 4188
f 4188 6503 4783
f 4825 4689 3080
f 3080 4689 1330
f 6506 4747 6505
f 6505 4747 4746
f 6505 6507 6506
f 6506 6507 6508
f 4297 6509 4920
f 4920 6509 6510
f 4296 6511 4297
f 4297 6511 6509
f 6506 6508 4319
f 4319 6508 6512
f 4372 4371 6514
f 6514 4371 6513
f 6511 4296 5251
f 5251 4296 4305
f 5251 5250 6511
f 6511 5250 6515
f 6516 6509 6515
f 6515 6509 6511
f 6517 6507 6519
f 6519 6507 6518
f 6512 6520 6513
f 6513 6520 6514
f 6507 6517 6508
f 6508 6517 6521
f 5249 6523 6522
f 6522 6523 6524
f 6525 6370 5253
f 5253 6370 6526
f 4370 4323 4371
f 4371 4323 4326
f 4370 3103 4323
f 4323 3103 1541
f 6521 6517 6527
f 6527 6517 6519
f 6520 6528 6514
f 6514 6528 6529
f 6531 6532 6530
f 6530 6532 6533
f 5250 6534 6515
f 6515 6534 6535
f 6530 6533 6536
f 6536 6533 6537
f 6526 6538 6534
f 6534 6538 6537
f 6515 6535 6516
f 6516 6535 6539
f 4325 4321 4326
f 4326 4321 4320
f 4371 4326 6513
f 6513 4326 4320
f 6531 4731 6541
f 6541 4731 6540
f 4731 4730 6540
f 6540 4730 6542
f 4730 3121 6542
f 6542 3121 3120
f 6530 4328 6531
f 6531 4328 4731
f 4328 6530 4329
f 4329 6530 6536
f 4329 6536 6524
f 6524 6536 6543
f 6544 6545 6522
f 6522 6545 5248
f 6389 6388 5245
f 5245 6388 6373
f 6388 6546 6373
f 6373 6546 6475
f 4733 6546 6295
f 6295 6546 4377
f 4732 6475 4733
f 4733 6475 6546
f 4393 4432 4394
f 4394 4432 4435
f 4434 4672 4842
f 4842 4672 4671
f 4440 4439 4441
f 4441 4439 4438
f 4436 4450 4437
f 4437 4450 4398
f 4447 4444 4448
f 4448 4444 4392
f 4446 4464 4433
f 4433 4464 6547
f 4454 4423 4455
f 4455 4423 4422
f 4452 4481 4453
f 4453 4481 4480
f 4458 4389 4459
f 4459 4389 4388
f 4456 4471 4457
f 4457 4471 4468
f 4391 4460 4392
f 4392 4460 4448
f 4461 4467 4445
f 4445 4467 4465
f 4437 4398 4629
f 4629 4398 4397
f 4438 4628 4441
f 4441 4628 4631
f 4841 4629 4839
f 4839 4629 4397
f 4628 4842 4631
f 4631 4842 4671
f 4930 4989 4452
f 4452 4989 4481
f 4929 4927 4436
f 4436 4927 4450
f 4933 4387 4934
f 4934 4387 4386
f 4931 4475 4932
f 4932 4475 4474
f 4936 4449 4933
f 4933 4449 4387
f 4935 4472 4456
f 4456 4472 4471
f 4389 4458 4391
f 4391 4458 4460
f 4457 4468 4461
f 4461 4468 4467
f 4934 4386 4454
f 4454 4386 4423
f 4453 4480 4931
f 4931 4480 4475
f 4575 4997 4576
f 4576 4997 4639
f 4579 4596 4580
f 4580 4596 4595
f 4583 4582 4572
f 4572 4582 4569
f 4587 4944 4588
f 4588 4944 4562
f 4588 4562 4590
f 4590 4562 4561
f 4576 4639 4642
f 4642 4639 4638
f 4642 4845 4641
f 4641 4845 4846
f 4845 4590 4846
f 4846 4590 4561
f 4941 4938 4595
f 4595 4938 4580
f 4938 4940 4668
f 4668 4940 4669
f 4583 4942 4584
f 4584 4942 4947
f 4582 4587 4569
f 4569 4587 4586
f 5000 5001 4579
f 4579 5001 4596
f 4558 4560 4585
f 4585 4560 4586
f 4565 4639 4566
f 4566 4639 4997
f 4568 4567 4577
f 4577 4567 4578
f 4570 4554 4571
f 4571 4554 4556
f 4640 4565 4637
f 4637 4565 4546
f 4662 4664 4665
f 4665 4664 4844
f 4662 4558 4589
f 4589 4558 4585
f 4554 4570 4557
f 4557 4570 4560
f 4571 4667 4572
f 4572 4667 4943
f 4551 4670 4552
f 4552 4670 4666
f 4640 4664 4638
f 4638 4664 4663
f 4670 4568 4668
f 4668 4568 4577
f 4999 4996 4566
f 4566 4996 4543
f 4608 4564 4603
f 4603 4564 4563
f 4573 4593 4574
f 4574 4593 4592
f 4597 4614 4598
f 4598 4614 4613
f 4601 4600 4584
f 4584 4600 4581
f 4563 4562 4604
f 4604 4562 4944
f 4643 4593 4641
f 4641 4593 4573
f 4643 4847 4644
f 4644 4847 4848
f 4564 4847 4561
f 4561 4847 4846
f 4945 4941 4598
f 4598 4941 4595
f 4941 4945 4939
f 4939 4945 4946
f 4601 4948 4602
f 4602 4948 4620
f 4600 4604 4581
f 4581 4604 4944
f 5002 5003 4597
f 4597 5003 4614
f 4988 4759 4953
f 4953 4759 4402
f 4706 6548 4707
f 4707 6548 6549
f 4311 4928 4419
f 4419 4928 6550
f 4921 4920 6551
f 6551 4920 6552
f 4925 6553 4926
f 4926 6553 6554
f 4928 4921 4802
f 4802 4921 6551
f 6555 4985 6550
f 6550 4985 4419
f 4952 6556 4953
f 4953 6556 4649
f 4971 6557 4706
f 4706 6557 6548
f 4988 4648 4925
f 4925 4648 6553
f 4707 6549 5006
f 5006 6549 4987
f 4920 6510 6552
f 6552 6510 6518
f 6558 6510 6516
f 6516 6510 6509
f 6559 6558 6539
f 6539 6558 6516
f 6531 6541 6532
f 6532 6541 6560
f 6540 6561 6541
f 6541 6561 6529
f 6542 6562 6540
f 6540 6562 6561
f 6542 3120 6562
f 6562 3120 3142
f 4366 6563 4760
f 4760 6563 4970
f 4815 6564 4816
f 4816 6564 6565
f 3147 3146 6565
f 6565 3146 4816
f 6564 6563 6565
f 6565 6563 6566
f 4837 4385 4357
f 4357 4385 4358
f 6565 6566 3147
f 3147 6566 3149
f 4694 1209 3150
f 5247 5249 5248
f 5248 5249 6522
f 6372 6390 6545
f 6545 6390 6389
f 6375 5254 6376
f 6376 5254 5258
f 6377 6525 6378
f 6378 6525 5255
f 5260 6379 5258
f 5258 6379 6376
f 6380 6567 6381
f 6381 6567 6568
f 6382 6569 6383
f 6383 6569 6570
f 6377 6371 6525
f 6525 6371 6370
f 6379 5260 6384
f 6384 5260 6571
f 6385 6572 6382
f 6382 6572 6569
f 6378 5255 6375
f 6375 5255 5254
f 6386 6573 6387
f 6387 6573 6574
f 6545 6389 5248
f 5248 6389 5245
f 4675 4750 4676
f 4676 4750 6286
f 4734 6289 4735
f 4735 6289 6288
f 4804 6290 4805
f 4805 6290 4963
f 4811 4807 4812
f 4812 4807 4411
f 4954 6292 4955
f 4955 6292 4959
f 4964 4962 4965
f 4965 4962 4751
f 6285 4821 4812
f 4812 4821 4809
f 4675 4287 4965
f 4965 4287 4210
f 6294 4145 4955
f 4955 4145 4154
f 4964 4120 4805
f 4805 4120 4119
f 6298 4966 4734
f 4734 4966 6289
f 6300 6473 4735
f 4735 6473 4732
f 6297 6296 4676
f 4676 6296 4288
f 6523 3160 4330
f 4330 3160 3159
f 5253 5252 6525
f 6525 5252 5255
f 5256 5252 4305
f 4305 5252 5251
f 4304 5257 4305
f 4305 5257 5256
f 4424 5259 4304
f 4304 5259 5257
f 5261 6571 5259
f 5259 6571 5260
f 5262 6573 5261
f 5261 6573 6571
f 5264 6567 5265
f 5265 6567 6574
f 5266 6572 5267
f 5267 6572 6568
f 5268 6570 5269
f 5269 6570 6569
f 1807 3161 5268
f 5268 3161 6570
f 6524 6523 4329
f 4329 6523 4330
f 5253 6526 5250
f 5250 6526 6534
f 6543 6538 6544
f 6544 6538 6369
f 6524 6543 6522
f 6522 6543 6544
f 3071 5367 3052
f 3052 5367 3912
f 6493 3163 6494
f 6494 3163 3162
f 3164 445 3771
f 3771 445 3761
f 461 3165 3919
f 3919 3165 3920
f 330 410 3839
f 3839 410 3910
f 332 331 3552
f 3552 331 3551
f 464 304 3918
f 3918 304 3816
f 385 458 3766
f 3766 458 3894
f 412 415 3762
f 3762 415 3763
f 3166 337 3748
f 3748 337 3745
f 3072 3055 5370
f 5370 3055 3930
f 3073 5369 3056
f 3056 5369 3938
f 3167 3057 6496
f 6496 3057 3937
f 3069 3058 4808
f 4808 3058 3943
f 411 3166 3851
f 3851 3166 3748
f 3059 3163 3951
f 3951 3163 6493
f 336 3164 3772
f 3772 3164 3771
f 3053 3911 3162
f 3162 3911 6494
f 3054 3168 3929
f 3929 3168 3952
f 3165 830 3920
f 3920 830 3945
f 3170 3169 6497
f 6497 3169 6498
f 3171 1354 5005
f 5005 1354 4830
f 3172 3170 6503
f 6503 3170 6497
f 3169 3061 6498
f 6498 3061 4060
f 3173 3171 5006
f 5006 3171 5005
f 3079 3172 6334
f 6334 3172 6503
f 3174 3025 6299
f 6299 3025 6300
f 6576 6577 6575
f 6575 6577 6578
f 4612 4611 6579
f 6579 4611 6580
f 6582 6583 6581
f 6581 6583 6584
f 6584 6585 4618
f 4618 6585 4621
f 6586 6587 6589
f 6589 6587 6588
f 6588 6587 6590
f 6590 6587 6591
f 6592 4606 6590
f 6590 4606 4623
f 6594 6576 6593
f 6593 6576 6575
f 6595 6582 6579
f 6579 6582 6581
f 6580 6597 6596
f 6596 6597 6598
f 6577 6576 6599
f 6599 6576 6600
f 6595 6596 6601
f 6601 6596 6602
f 6583 6582 6603
f 6603 6582 6604
f 6586 6606 6605
f 6605 6606 6607
f 6587 6586 6608
f 6608 6586 6605
f 6587 6608 6591
f 6591 6608 6609
f 6576 6594 6600
f 6600 6594 6610
f 6582 6595 6604
f 6604 6595 6601
f 6599 6611 6577
f 6577 6611 6598
f 6613 6614 6612
f 6612 6614 6615
f 6617 6618 6616
f 6616 6618 6619
f 6621 6622 6620
f 6620 6622 6623
f 6625 6626 6624
f 6624 6626 6627
f 6629 6630 6628
f 6628 6630 6631
f 6633 6634 6632
f 6632 6634 6635
f 6637 6638 6636
f 6636 6638 6639
f 6640 6641 6637
f 6637 6641 6638
f 6643 6633 6642
f 6642 6633 6632
f 6645 6646 6644
f 6644 6646 6647
f 6646 6648 6647
f 6647 6648 6649
f 6651 6652 6650
f 6650 6652 6653
f 6653 6652 6654
f 6654 6652 6655
f 6656 6657 6659
f 6659 6657 6658
f 6661 6662 6660
f 6660 6662 6663
f 6662 6661 6664
f 6664 6661 6665
f 6667 6657 6666
f 6666 6657 6656
f 6669 6670 6668
f 6668 6670 6671
f 6672 6673 6670
f 6670 6673 6671
f 6674 6675 6677
f 6677 6675 6676
f 6675 6678 6676
f 6676 6678 6679
f 6681 6682 6680
f 6680 6682 6683
f 6684 6685 6683
f 6683 6685 6680
f 6687 6688 6686
f 6686 6688 6689
f 6687 6690 6688
f 6688 6690 6691
f 6619 6618 6633
f 6633 6618 6634
f 6632 6635 6693
f 6693 6635 6692
f 6617 6694 6636
f 6636 6694 6637
f 6695 6692 6639
f 6639 6692 6635
f 6637 6694 6640
f 6640 6694 6696
f 6698 6638 6697
f 6697 6638 6641
f 6643 6616 6633
f 6633 6616 6619
f 6642 6699 6641
f 6641 6699 6697
f 6646 6645 6700
f 6700 6645 6621
f 6644 6701 6654
f 6654 6701 6702
f 6700 6703 6646
f 6646 6703 6648
f 6693 6704 6649
f 6649 6704 6647
f 6620 6623 6651
f 6651 6623 6652
f 6693 6649 6699
f 6699 6649 6650
f 6652 6623 6655
f 6655 6623 6622
f 6654 6702 6653
f 6653 6702 6697
f 6615 6614 6657
f 6657 6614 6658
f 6705 6656 6704
f 6704 6656 6659
f 6613 6706 6660
f 6660 6706 6661
f 6704 6659 6701
f 6701 6659 6663
f 6661 6706 6665
f 6665 6706 6707
f 6708 6702 6664
f 6664 6702 6662
f 6612 6615 6667
f 6667 6615 6657
f 6666 6709 6664
f 6664 6709 6708
f 6629 6710 6669
f 6669 6710 6670
f 6668 6711 6679
f 6679 6711 6712
f 6713 6672 6710
f 6710 6672 6670
f 6714 6671 6705
f 6705 6671 6673
f 6628 6631 6674
f 6674 6631 6675
f 6705 6673 6709
f 6709 6673 6677
f 6631 6630 6675
f 6675 6630 6678
f 6712 6708 6679
f 6679 6708 6676
f 6625 6715 6682
f 6682 6715 6683
f 6716 6717 6681
f 6681 6717 6691
f 6718 6684 6715
f 6715 6684 6683
f 6719 6680 6714
f 6714 6680 6685
f 6624 6627 6686
f 6686 6627 6687
f 6689 6711 6685
f 6685 6711 6714
f 6627 6626 6687
f 6687 6626 6690
f 6717 6712 6691
f 6691 6712 6688
f 6612 6707 6613
f 6613 6707 6706
f 6616 6696 6617
f 6617 6696 6694
f 6703 6700 6620
f 6620 6700 6621
f 6715 6625 6718
f 6718 6625 6624
f 6710 6629 6713
f 6713 6629 6628
f 6639 6635 6636
f 6636 6635 6634
f 6641 6640 6642
f 6642 6640 6643
f 6654 6655 6644
f 6644 6655 6645
f 6651 6650 6648
f 6648 6650 6649
f 6659 6658 6663
f 6663 6658 6660
f 6665 6667 6664
f 6664 6667 6666
f 6678 6669 6679
f 6679 6669 6668
f 6673 6672 6677
f 6677 6672 6674
f 6690 6682 6691
f 6691 6682 6681
f 6685 6684 6689
f 6689 6684 6686
f 6636 6634 6617
f 6617 6634 6618
f 6638 6698 6639
f 6639 6698 6695
f 6640 6696 6643
f 6643 6696 6616
f 6693 6699 6632
f 6632 6699 6642
f 6655 6622 6645
f 6645 6622 6621
f 6704 6701 6647
f 6647 6701 6644
f 6651 6648 6620
f 6620 6648 6703
f 6650 6653 6699
f 6699 6653 6697
f 6613 6660 6614
f 6614 6660 6658
f 6663 6662 6701
f 6701 6662 6702
f 6665 6707 6667
f 6667 6707 6612
f 6705 6709 6656
f 6656 6709 6666
f 6630 6629 6678
f 6678 6629 6669
f 6714 6711 6671
f 6671 6711 6668
f 6672 6713 6674
f 6674 6713 6628
f 6677 6676 6709
f 6709 6676 6708
f 6626 6625 6690
f 6690 6625 6682
f 6680 6719 6681
f 6681 6719 6716
f 6684 6718 6686
f 6686 6718 6624
f 6711 6689 6712
f 6689 6688 6712
f 6593 6720 6594
f 6594 6720 6721
f 6722 6720 4607
f 4607 6720 4849
f 6592 6723 6722
f 6722 6723 6724
f 4610 4609 6578
f 6578 4609 6575
f 6596 6595 6580
f 6580 6595 6579
f 4618 4617 6584
f 6584 4617 6581
f 6589 6585 6586
f 6586 6585 6606
f 4622 4619 6588
f 6588 4619 6589
f 4622 6588 4623
f 4623 6588 6590
f 4609 4645 6575
f 6575 4645 6593
f 4617 4612 6581
f 6581 4612 6579
f 5004 4610 6597
f 6597 4610 6578
f 4645 4849 6593
f 6593 4849 6720
f 6724 6721 6722
f 6722 6721 6720
f 6722 4607 6592
f 6592 4607 4606
f 6725 6610 6721
f 6721 6610 6594
f 6723 6726 6724
f 6724 6726 6727
f 6727 6725 6724
f 6724 6725 6721
f 6728 6729 6605
f 6605 6729 6608
f 6605 6607 6728
f 6728 6607 6730
f 6731 6732 6604
f 6604 6732 6603
f 6733 6734 6725
f 6725 6734 6610
f 6735 6733 6727
f 6727 6733 6725
f 6735 6727 6736
f 6736 6727 6726
f 6591 6609 6723
f 6723 6609 6726
f 6723 6592 6591
f 6591 6592 6590
f 6738 6739 6737
f 6737 6739 6740
f 6740 6739 6742
f 6742 6739 6741
f 6743 6744 6741
f 6741 6744 6742
f 6745 6746 6743
f 6743 6746 6744
f 6747 6748 6745
f 6745 6748 6746
f 6749 6750 6747
f 6747 6750 6748
f 6752 6738 6751
f 6751 6738 6737
f 6754 6752 6753
f 6753 6752 6751
f 6756 6754 6755
f 6755 6754 6753
f 6758 6750 6757
f 6757 6750 6749
f 6760 6756 6759
f 6759 6756 6755
f 6762 6760 6761
f 6761 6760 6759
f 6764 6762 6763
f 6763 6762 6761
f 6757 6764 6758
f 6758 6764 6763
f 6766 6741 6765
f 6765 6741 6739
f 6767 6743 6766
f 6766 6743 6741
f 6768 6745 6767
f 6767 6745 6743
f 6769 6747 6768
f 6768 6747 6745
f 6770 6749 6769
f 6769 6749 6747
f 6772 6769 6771
f 6771 6769 6768
f 6773 6770 6772
f 6772 6770 6769
f 6774 6775 6772
f 6772 6775 6773
f 6777 6778 6776
f 6776 6778 6779
f 6775 6774 6778
f 6778 6774 6779
f 6771 6780 6772
f 6772 6780 6774
f 6780 6781 6774
f 6774 6781 6779
f 6781 6782 6779
f 6779 6782 6776
f 6784 6785 6783
f 6783 6785 6786
f 6786 6787 6783
f 6783 6787 6788
f 6790 6788 6789
f 6789 6788 6787
f 6786 6785 6791
f 6791 6785 6792
f 6791 6793 6786
f 6786 6793 6787
f 6793 6794 6787
f 6787 6794 6789
f 6795 6796 6794
f 6794 6796 6789
f 6790 6789 6797
f 6797 6789 6796
f 6798 6765 6738
f 6738 6765 6739
f 6799 6798 6752
f 6752 6798 6738
f 6767 6800 6768
f 6768 6800 6771
f 6766 6801 6767
f 6767 6801 6800
f 6802 6801 6765
f 6765 6801 6766
f 6798 6803 6765
f 6765 6803 6802
f 6804 6803 6799
f 6799 6803 6798
f 6805 6806 6804
f 6804 6806 6803
f 6807 6799 6754
f 6754 6799 6752
f 6808 6804 6807
f 6807 6804 6799
f 6809 6805 6808
f 6808 6805 6804
f 6810 6811 6805
f 6805 6811 6806
f 6812 6813 6810
f 6810 6813 6811
f 6814 6815 6796
f 6796 6815 6797
f 6813 6814 6816
f 6816 6814 6817
f 6816 6818 6813
f 6813 6818 6811
f 6819 6806 6818
f 6818 6806 6811
f 6802 6803 6819
f 6819 6803 6806
f 6757 6749 6820
f 6820 6749 6770
f 6820 6770 6821
f 6821 6770 6773
f 6821 6773 6822
f 6822 6773 6775
f 6822 6775 6823
f 6823 6775 6778
f 6824 6823 6777
f 6777 6823 6778
f 6784 6825 6777
f 6777 6825 6824
f 6826 6827 6788
f 6788 6827 6783
f 6828 6826 6790
f 6790 6826 6788
f 6829 6828 6797
f 6797 6828 6790
f 6815 6830 6797
f 6797 6830 6829
f 6832 6812 6831
f 6831 6812 6810
f 6831 6810 6809
f 6809 6810 6805
f 6736 6800 6735
f 6735 6800 6801
f 6733 6735 6802
f 6802 6735 6801
f 6734 6733 6819
f 6819 6733 6802
f 6833 6734 6818
f 6818 6734 6819
f 6834 6833 6816
f 6816 6833 6818
f 6816 6817 6834
f 6834 6817 6835
f 6837 6795 6836
f 6836 6795 6794
f 6836 6794 6731
f 6731 6794 6793
f 6732 6731 6791
f 6791 6731 6793
f 6791 6792 6732
f 6732 6792 6730
f 6729 6728 6781
f 6781 6728 6782
f 6838 6807 6756
f 6756 6807 6754
f 6839 6838 6760
f 6760 6838 6756
f 6840 6839 6762
f 6762 6839 6760
f 6841 6840 6764
f 6764 6840 6762
f 6820 6841 6757
f 6757 6841 6764
f 6841 6820 6842
f 6842 6820 6821
f 6840 6841 6843
f 6843 6841 6842
f 6839 6840 6844
f 6844 6840 6843
f 6838 6839 6845
f 6845 6839 6844
f 6807 6838 6808
f 6808 6838 6845
f 6842 6821 6846
f 6846 6821 6822
f 6843 6842 6847
f 6847 6842 6846
f 6844 6843 6848
f 6848 6843 6847
f 6845 6844 6849
f 6849 6844 6848
f 6808 6845 6809
f 6809 6845 6849
f 6850 6831 6849
f 6849 6831 6809
f 6851 6850 6848
f 6848 6850 6849
f 6847 6852 6848
f 6848 6852 6851
f 6853 6852 6846
f 6846 6852 6847
f 6846 6822 6853
f 6853 6822 6823
f 6853 6823 6854
f 6854 6823 6824
f 6854 6855 6853
f 6853 6855 6852
f 6856 6851 6855
f 6855 6851 6852
f 6856 6857 6851
f 6851 6857 6850
f 6857 6832 6850
f 6850 6832 6831
f 6825 6858 6824
f 6824 6858 6854
f 6860 6827 6859
f 6859 6827 6826
f 6859 6826 6861
f 6861 6826 6828
f 6862 6861 6829
f 6829 6861 6828
f 6830 6863 6829
f 6829 6863 6862
f 6863 6864 6862
f 6862 6864 6865
f 6858 6866 6854
f 6854 6866 6855
f 6867 6865 6866
f 6866 6865 6864
f 6869 6859 6868
f 6868 6859 6861
f 6867 6869 6865
f 6865 6869 6868
f 6861 6862 6868
f 6868 6862 6865
f 6867 6860 6869
f 6869 6860 6859
f 6753 6751 6698
f 6698 6751 6695
f 6697 6755 6698
f 6698 6755 6753
f 6759 6755 6702
f 6702 6755 6697
f 6761 6759 6708
f 6708 6759 6702
f 6763 6761 6712
f 6712 6761 6708
f 6758 6763 6717
f 6717 6763 6712
f 6750 6758 6716
f 6716 6758 6717
f 6719 6748 6716
f 6716 6748 6750
f 6714 6746 6719
f 6719 6746 6748
f 6705 6744 6714
f 6714 6744 6746
f 6704 6742 6705
f 6705 6742 6744
f 6740 6742 6693
f 6693 6742 6704
f 6737 6740 6692
f 6692 6740 6693
f 6751 6737 6695
f 6695 6737 6692
f 6601 6602 6836
f 6836 6602 6837
f 6604 6601 6731
f 6731 6601 6836
f 6599 6600 6834
f 6834 6600 6833
f 6834 6835 6599
f 6599 6835 6611
f 6600 6610 6833
f 6833 6610 6734
f 6780 6771 6870
f 6870 6771 6736
f 6736 6771 6800
f 6870 6729 6780
f 6780 6729 6781
f 6608 6729 6609
f 6609 6729 6870
f 6609 6870 6726
f 6726 6870 6736
f 5014 5015 5229
f 5229 5015 5230
f 4258 5015 4259
f 4259 5015 4878
f 3471 3013 4703
f 4703 3013 4704
f 2879 6337 1306
f 1306 6337 4785
f 829 3471 4316
f 4316 3471 4703
f 4702 3472 5223
f 5223 3472 1756
f 6871 6872 4534
f 4534 6872 4535
f 6871 4665 6872
f 6872 4665 4844
f 6871 6873 4665
f 4665 6873 4559
f 6871 4534 6873
f 6873 4534 4542
f 4153 4152 4822
f 4822 4152 4407
f 4152 4168 4407
f 4407 4168 4342
f 4343 4168 4923
f 4923 4168 4167
f 4363 4362 4972
f 4972 4362 4840
f 4362 4394 4840
f 4840 4394 4839
f 4401 4400 4986
f 4986 4400 4984
f 4435 4434 4841
f 4841 4434 4842
f 4506 4505 4530
f 4530 4505 4531
f 4506 4535 4507
f 4507 4535 4843
f 4661 4660 4516
f 4516 4660 4517
f 4673 4672 4937
f 4937 4672 6547
f 4400 4924 4984
f 4984 4924 5263
f 4673 4660 4674
f 4674 4660 4659
f 4505 4661 4531
f 4531 4661 4516
f 4952 4401 6874
f 6874 4401 4986
f 4954 4153 6875
f 6875 4153 4822
f 4363 4973 4364
f 4364 4973 4974
f 5264 4924 5267
f 5267 4924 4691
f 6293 6292 6876
f 6876 6292 6877
f 6380 4343 6387
f 6387 4343 4923
f 4394 4435 4839
f 4839 4435 4841
f 4672 4434 6547
f 6547 4434 4433
f 4973 6556 4974
f 4974 6556 6878
f 6567 6380 6574
f 6574 6380 6387
f 6292 4954 6877
f 6877 4954 6875
f 6567 5264 6568
f 6568 5264 5267
f 4145 4144 4154
f 4154 4144 4151
f 4194 4144 4425
f 4425 4144 4143
f 4355 4354 5263
f 5263 4354 4984
f 4360 4359 4364
f 4364 4359 4361
f 4444 4359 4392
f 4392 4359 4337
f 4447 4446 4432
f 4432 4446 4433
f 4464 4463 6547
f 6547 4463 4937
f 4519 4518 4654
f 4654 4518 4509
f 4533 4532 4499
f 4499 4532 4498
f 4533 4542 4530
f 4530 4542 4534
f 4519 4532 4516
f 4516 4532 4531
f 4922 4194 4426
f 4426 4194 4425
f 4463 4518 4937
f 4937 4518 4517
f 6555 4951 6874
f 6874 4951 6878
f 4958 4957 6290
f 6290 4957 6291
f 4334 4360 4712
f 4712 4360 4950
f 4985 4354 4419
f 4419 4354 4353
f 5262 4355 5265
f 5265 4355 5263
f 6294 4958 4804
f 4804 4958 6290
f 6386 4922 6384
f 6384 4922 4426
f 4444 4447 4393
f 4393 4447 4432
f 4464 4446 4465
f 4465 4446 4445
f 4985 6555 4986
f 4986 6555 6874
f 6573 6386 6571
f 6571 6386 6384
f 4145 6294 4146
f 4146 6294 4804
f 6573 5262 6574
f 6574 5262 5265
f 4542 4541 6873
f 6873 4541 4559
f 4535 6872 4843
f 4843 6872 4844
f 4104 4103 6879
f 6879 4103 6343
f 4105 6293 6307
f 6307 6293 6876
f 4104 4956 4105
f 4105 4956 6293
f 4956 4104 4957
f 4957 4104 6879
f 4957 6879 6291
f 6291 6879 6309
f 4648 4988 4649
f 4649 4988 4953
f 4802 4803 4928
f 4928 4803 6550
f 6550 4803 6555
f 6555 4803 4951
f 1516 3173 4987
f 4987 3173 5006
f 6519 6518 6558
f 6558 6518 6510
f 6527 6519 6559
f 6559 6519 6558
f 6528 6560 6529
f 6529 6560 6541
f 6548 4625 6549
f 6549 4625 4624
f 6551 6552 4746
f 4746 6552 6505
f 6553 4711 6554
f 6554 4711 4710
f 4802 6551 4713
f 4713 6551 4746
f 6556 4973 4649
f 4649 4973 4646
f 6557 4949 6548
f 6548 4949 4625
f 4648 4647 6553
f 6553 4647 4711
f 6549 4624 4987
f 4987 4624 4838
f 6552 6518 6505
f 6505 6518 6507
f 6561 4372 6529
f 6529 4372 6514
f 6562 4369 6561
f 6561 4369 4372
f 3142 3482 6562
f 6562 3482 4369
f 6556 4952 6878
f 6878 4952 6874
f 4951 4950 6878
f 6878 4950 4974
f 3168 440 3952
f 4204 4203 5341
f 5341 4203 6364
f 4219 4222 6429
f 6429 4222 4383
f 4319 4322 6506
f 6506 4322 4747
f 4340 4714 4341
f 4341 4714 4384
f 4375 4377 6388
f 6388 4377 6546
f 4378 4381 6311
f 6311 4381 4720
f 4449 4341 4387
f 4387 4341 4384
f 4473 4472 4477
f 4477 4472 4474
f 4492 4491 4487
f 4487 4491 4488
f 4523 4491 4522
f 4522 4491 4490
f 4492 4538 4493
f 4493 4538 4555
f 4538 4553 4555
f 4555 4553 4556
f 4620 4615 4621
f 4621 4615 4618
f 4652 4651 4368
f 4368 4651 4365
f 4523 4655 4524
f 4524 4655 4656
f 4553 4667 4556
f 4556 4667 4571
f 4651 1210 4365
f 4365 1210 1209
f 4698 4697 5223
f 5223 4697 6344
f 4340 4339 4322
f 4322 4339 4747
f 4726 4729 5287
f 5287 4729 4198
f 4381 4380 4737
f 4737 4380 6368
f 4836 4835 4451
f 4451 4835 4709
f 4910 6367 4911
f 4911 6367 6366
f 4912 4915 6450
f 6450 4915 6449
f 4927 4836 4450
f 4450 4836 4451
f 4930 4929 4439
f 4439 4929 4436
f 4936 4935 4459
f 4459 4935 4456
f 4473 4655 4470
f 4470 4655 4510
f 4942 4583 4943
f 4943 4583 4572
f 4948 4601 4947
f 4947 4601 4584
f 4949 4835 4625
f 4625 4835 4626
f 4966 4969 6289
f 6289 4969 4695
f 4971 4652 4926
f 4926 4652 4368
f 4203 4977 6364
f 6364 4977 6365
f 4990 4989 4443
f 4443 4989 4440
f 4990 4991 4478
f 4478 4991 4512
f 4992 4991 4528
f 4528 4991 4515
f 4992 4993 4527
f 4527 4993 4485
f 4994 4993 4502
f 4502 4993 4503
f 4994 4995 4482
f 4482 4995 4550
f 4543 4996 4544
f 4544 4996 4995
f 4999 4998 4567
f 4567 4998 4578
f 5000 4998 4575
f 4575 4998 4997
f 5002 5001 4592
f 4592 5001 4574
f 5003 5004 4614
f 4614 5004 4611
f 3483 4215 1755
f 1755 4215 4698
f 5274 5277 4195
f 4195 5277 4223
f 4726 5295 4727
f 4727 5295 6350
f 5309 5342 5310
f 5310 5342 6363
f 5315 5314 5316
f 5316 5314 5317
f 5339 6362 5340
f 5340 6362 5363
f 5310 6363 5339
f 5339 6363 6362
f 4204 5309 4201
f 4201 5309 5308
f 4915 5345 6449
f 6449 5345 6448
f 5345 5315 6448
f 6448 5315 5316
f 5348 5347 6351
f 6351 5347 6352
f 5365 4263 5340
f 5340 4263 4262
f 6295 6298 4733
f 4733 6298 4734
f 4969 6306 4695
f 4695 6306 4696
f 6306 4378 4696
f 4696 4378 6311
f 6369 6372 6544
f 6544 6372 6545
f 4375 6390 4373
f 4373 6390 4374
f 6421 6422 4911
f 4911 6422 4908
f 4910 4909 4737
f 4737 4909 4736
f 5277 4219 4223
f 4223 4219 6429
f 4697 4222 6344
f 6344 4222 4221
f 6436 6361 6437
f 6437 6361 6360
f 6438 6440 6437
f 6437 6440 6434
f 6438 6359 6441
f 6441 6359 6358
f 6442 6441 6357
f 6357 6441 6358
f 6442 6444 6443
f 6443 6444 6445
f 6446 6444 6355
f 6355 6444 6356
f 6446 4912 6447
f 6447 4912 6450
f 6436 6435 5365
f 5365 6435 4263
f 5314 5347 5317
f 5317 5347 5346
f 4319 6512 4320
f 4320 6512 6513
f 6520 6512 6521
f 6521 6512 6508
f 6528 6520 6527
f 6527 6520 6521
f 6532 6539 6533
f 6533 6539 6535
f 6533 6535 6537
f 6537 6535 6534
f 6538 6543 6537
f 6537 6543 6536
f 6295 4377 6296
f 6296 4377 4376
f 4989 4930 4440
f 4440 4930 4439
f 4927 4929 4422
f 4422 4929 4455
f 4449 4936 4388
f 4388 4936 4459
f 4472 4935 4474
f 4474 4935 4932
f 4942 4940 4947
f 4947 4940 4939
f 5001 5000 4574
f 4574 5000 4575
f 4669 4943 4666
f 4666 4943 4667
f 4996 4999 4547
f 4547 4999 4567
f 4948 4946 4620
f 4620 4946 4615
f 5003 5002 4591
f 4591 5002 4592
f 6557 4971 6554
f 6554 4971 4926
f 6532 6560 6539
f 6539 6560 6559
f 6390 6372 4374
f 4374 6372 6371
f 4966 6298 4967
f 4967 6298 6297
f 6538 6526 6369
f 6369 6526 6370
f 6585 6589 4621
f 4621 6589 4619
f 6597 6578 6598
f 6598 6578 6577
f 6606 6583 6607
f 6607 6583 6603
f 6611 6602 6598
f 6598 6602 6596
f 6585 6584 6606
f 6606 6584 6583
f 6597 6580 5004
f 5004 6580 4611
f 6607 6603 6730
f 6730 6603 6732
f 6776 6785 6777
f 6777 6785 6784
f 6785 6776 6792
f 6792 6776 6782
f 6815 6814 6812
f 6812 6814 6813
f 6817 6814 6795
f 6795 6814 6796
f 6825 6784 6827
f 6827 6784 6783
f 6830 6815 6832
f 6832 6815 6812
f 6817 6795 6835
f 6835 6795 6837
f 6792 6782 6730
f 6730 6782 6728
f 6858 6825 6860
f 6860 6825 6827
f 6863 6830 6857
f 6857 6830 6832
f 6864 6863 6856
f 6856 6863 6857
f 6866 6858 6867
f 6867 6858 6860
f 6866 6864 6855
f 6855 6864 6856
f 6835 6837 6611
f 6611 6837 6602
f 6560 6528 6559
f 6559 6528 6527
f 4949 6557 4710
f 4710 6557 6554
f 4430 4090 4175
f 4175 4090 4089
f 4777 4113 4155
f 4155 4113 4086
f 4175 4089 4176
f 4176 4089 4142
f 4199 4271 4200
f 4200 4271 4798
f 4199 4095 4272
f 4272 4095 5273
f 4406 4405 4404
f 4404 4405 4346
f 4410 4409 6877
f 6877 4409 6876
f 4409 4413 6876
f 6876 4413 6307
f 4415 4148 4416
f 4416 4148 4147
f 4690 4405 4344
f 4344 4405 4342
f 4693 4692 4352
f 4352 4692 4349
f 4701 4700 6337
f 6337 4700 6338
f 4778 4777 4081
f 4081 4777 4155
f 4821 4406 4809
f 4809 4406 4404
f 4176 4142 4181
f 4181 4142 4415
f 4760 4970 4399
f 4399 4970 4692
f 4200 5007 4096
f 4096 5007 4078
f 5266 4693 5269
f 5269 4693 4352
f 5270 5007 5361
f 5361 5007 4797
f 4778 5270 4779
f 4779 5270 5361
f 6285 4410 6875
f 6875 4410 6877
f 6308 4413 4687
f 4687 4413 4412
f 6480 6320 6481
f 6481 6320 6880
f 4701 2878 4702
f 4702 2878 3472
f 6339 6347 6340
f 6340 6347 6348
f 6341 6342 6346
f 6346 6342 6345
f 4416 6308 4414
f 4414 6308 4687
f 6385 4690 6381
f 6381 4690 4344
f 5282 6341 5280
f 5280 6341 6339
f 4700 6342 6338
f 6338 6342 5281
f 6340 6348 4272
f 4272 6348 4270
f 6480 6479 4828
f 4828 6479 4829
f 6490 6479 6489
f 6489 6479 6478
f 4090 4430 6490
f 6490 4430 4429
f 6563 6564 4970
f 4970 6564 4815
f 4694 6566 4366
f 4366 6566 6563
f 6572 6385 6568
f 6568 6385 6381
f 4821 6285 4822
f 4822 6285 6875
f 6572 5266 6569
f 6569 5266 5269
f 3482 3103 4369
f 4369 3103 4370
f 3121 4730 3485
f 3485 4730 4327
f 6277 6280 6273
f 6273 6280 6272
f 6267 6276 6278
f 6278 6276 6279
f 6278 6279 6277
f 6277 6279 6280
f 6279 6256 6280
f 6280 6256 6255
f 6256 3857 6255
f 6255 3857 3754
f 3857 3856 3754
f 3754 3856 3755
f 3856 3703 3755
f 3755 3703 3863
f 3703 3702 3863
f 3863 3702 3759
f 3702 3706 3759
f 3759 3706 3670
f 3706 3705 3670
f 3670 3705 3668
f 3705 3773 3668
f 3668 3773 3882
f 3882 3773 3883
f 3883 3773 3707
f 3707 3708 3883
f 3883 3708 3880
f 3708 3710 3880
f 3880 3710 3881
f 3709 5241 3710
f 3710 5241 3881
f 5241 3709 5234
f 5234 3709 3786
f 3693 3712 3786
f 3786 3712 5234
f 4051 4055 4052
f 4052 4055 4056
f 4056 4055 4057
f 4057 4055 4054
f 4066 5238 5236
f 5236 5238 3989
f 4066 4069 5238
f 5238 4069 4035
f 6881 3962 3960
f 3960 3962 3957
f 6883 4070 6882
f 6882 4070 3941
f 4070 6883 4071
f 4071 6883 6884
f 4071 6884 4072
f 4072 6884 6885
f 6885 6886 4072
f 4072 6886 4031
f 3955 6881 3956
f 3956 6881 3960
f 6884 3991 6885
f 6885 3991 3990
f 6883 6887 6884
f 6884 6887 3991
f 6887 6888 3991
f 3991 6888 3992
f 6888 6887 6889
f 6889 6887 6890
f 6887 6883 6890
f 6890 6883 6882
f 4058 5240 3953
f 3953 5240 3954
f 5236 6888 5239
f 5239 6888 6889
f 5237 6886 3990
f 3990 6886 6885
f 4034 4031 5237
f 5237 4031 6886
f 6881 6882 3962
f 3962 6882 3941
f 6881 3955 6882
f 6882 3955 6890
f 3955 3954 6890
f 6890 3954 6889
f 5239 6889 5240
f 5240 6889 3954
f 6888 5236 3992
f 3992 5236 3989
f 3869 3868 3888
f 3888 3868 4015
f 3868 4012 4015
f 4015 4012 4010
f 4012 4022 4010
f 4010 4022 4009
f 4022 4021 4009
f 4009 4021 4018
f 4020 3974 4001
f 4001 3974 3996
f 4021 4020 4029
f 4029 4020 4001
f 4085 4156 4086
f 4086 4156 4155
f 4113 4777 4114
f 4114 4777 4776
f 4130 4129 4094
f 4094 4129 4091
f 4139 4773 4140
f 4140 4773 4772
f 4149 4178 4150
f 4150 4178 5225
f 4160 4159 4087
f 4087 4159 4088
f 4149 4148 4179
f 4179 4148 4141
f 4085 4084 4183
f 4183 4084 6315
f 4179 4141 4159
f 4159 4141 4088
f 4192 4130 4162
f 4162 4130 4094
f 4197 5288 4198
f 4198 5288 5287
f 4229 4766 4230
f 4230 4766 4771
f 4245 4246 4242
f 4242 4246 4249
f 4183 6315 4418
f 4418 6315 6314
f 4679 4178 4680
f 4680 4178 4177
f 4724 4798 4725
f 4725 4798 4271
f 4728 5275 4729
f 4729 5275 5274
f 4230 4771 4249
f 4249 4771 4242
f 4724 4723 4799
f 4799 4723 5355
f 4823 4824 4891
f 4891 4824 6327
f 4823 4192 4161
f 4161 4192 4162
f 4893 4767 4229
f 4229 4767 4766
f 4894 4895 4898
f 4898 4895 4899
f 4106 4150 4103
f 4103 4150 5225
f 4680 4894 4677
f 4677 4894 4898
f 6420 4977 5301
f 5301 4977 4976
f 4679 4678 5226
f 5226 4678 4427
f 5228 5008 4893
f 4893 5008 4767
f 5285 6354 5286
f 5286 6354 5343
f 5289 5352 5290
f 5290 5352 5349
f 5290 5349 5295
f 5295 5349 5348
f 5302 5299 4202
f 4202 5299 4976
f 4725 4271 5311
f 5311 4271 4270
f 5325 4723 5326
f 5326 4723 4722
f 5335 5355 5325
f 5325 5355 4723
f 5326 4722 5286
f 5286 4722 5283
f 4799 5357 4797
f 4797 5357 5361
f 5359 5356 5335
f 5335 5356 5355
f 4775 4774 5356
f 5356 4774 5357
f 5359 5358 4092
f 4092 5358 4093
f 6316 4740 6317
f 6317 4740 4739
f 6318 4827 6316
f 6316 4827 4740
f 6319 4828 6318
f 6318 4828 4827
f 6320 6480 6319
f 6319 6480 4828
f 6484 6322 6485
f 6485 6322 6321
f 6487 6324 6331
f 6331 6324 6323
f 6331 6323 6330
f 6330 6323 6325
f 6325 6326 6330
f 6330 6326 6329
f 6326 6328 6329
f 6329 6328 5231
f 4824 4685 5228
f 5228 4685 5008
f 5226 6343 5225
f 5225 6343 4103
f 4728 4727 6349
f 6349 4727 5284
f 6350 6351 5285
f 5285 6351 6354
f 4247 4246 6418
f 6418 4246 6365
f 6400 6402 6401
f 6401 6402 6459
f 4197 4196 6409
f 6409 4196 6426
f 6412 4897 6328
f 6328 4897 5231
f 6413 4133 6412
f 6412 4133 4897
f 6414 4134 6413
f 6413 4134 4133
f 6415 4225 6414
f 6414 4225 4134
f 6416 4252 6415
f 6415 4252 4225
f 6417 4253 6416
f 6416 4253 4252
f 4253 6417 6366
f 6366 6417 6419
f 6366 6419 4911
f 4911 6419 6421
f 6422 6423 4908
f 4908 6423 5298
f 5298 6423 6396
f 6396 6423 6424
f 6409 6426 6425
f 6425 6426 6397
f 5300 5299 6399
f 6399 5299 6400
f 6465 6408 6401
f 6401 6408 6398
f 6424 6399 6425
f 6425 6399 6398
f 6349 5284 5311
f 5311 5284 5283
f 6465 6464 5289
f 5289 6464 5352
f 6488 6483 6492
f 6492 6483 6482
f 6486 6491 6482
f 6482 6491 6492
f 6491 4895 6492
f 6492 4895 4157
f 6488 4160 6489
f 6489 4160 4087
f 6501 6502 4418
f 4418 6502 4417
f 6504 6500 6317
f 6317 6500 6314
f 3497 3496 6501
f 6501 3496 6502
f 3499 3498 6504
f 6504 3498 6500
f 4729 5274 4198
f 4198 5274 4195
f 6418 6365 6420
f 6420 6365 4977
f 5295 5348 6350
f 6350 5348 6351
f 5301 6422 6420
f 6420 6422 6421
f 4113 4112 4086
f 4086 4112 4083
f 6320 4112 6880
f 6880 4112 4111
f 4091 4772 4092
f 4092 4772 4775
f 4129 4140 4091
f 4091 4140 4772
f 4137 4140 4128
f 4128 4140 4129
f 4128 6324 4137
f 4137 6324 6321
f 6324 6487 6321
f 6321 6487 6485
f 6487 6486 6485
f 6485 6486 6482
f 4774 4773 4779
f 4779 4773 4776
f 4773 4139 4776
f 4776 4139 4114
f 4139 4138 4114
f 4114 4138 4111
f 4138 6322 4111
f 4111 6322 6880
f 6322 6484 6880
f 6880 6484 6481
f 6484 6483 6481
f 6481 6483 6478
f 6879 6343 6309
f 6309 6343 4428
f 4106 4105 4900
f 4900 4105 6307
f 3500 3167 6495
f 6495 3167 6496
f 3500 6495 3070
f 3070 6495 5368
f 3502 5235 3501
f 3501 5235 4813
f 3024 3503 6473
f 6473 3503 6474
f 3503 3023 6474
f 6474 3023 6374
f 3504 1770 4348
f 4348 1770 4345
f 3502 3505 5235
f 5235 3505 4810
f 3498 3497 6500
f 6500 3497 6501
f 3496 3075 6502
f 6502 3075 6275
f 6299 4254 3174
f 3174 4254 3017
f 1769 3501 4814
f 4814 3501 4813
f 3506 3018 6476
f 6476 3018 4257
f 3507 3499 6499
f 6499 3499 6504
f 3030 4216 3483
f 3483 4216 4215
f 3077 3507 6333
f 6333 3507 6499
f 1784 3160 5249
f 5249 3160 6523
f 3015 3506 4240
f 4240 3506 6476
f 3508 3504 6383
f 6383 3504 4348
f 3509 3016 6477
f 6477 3016 4239
f 3028 3509 6467
f 6467 3509 6477
f 3022 1785 5246
f 5246 1785 5247
f 3161 3508 6570
f 6570 3508 6383
f 3150 3149 4694
f 4694 3149 6566
f 1327 4807 3510
f 3510 4807 4811
f 3510 4811 3505
f 3505 4811 4810
f 3146 3511 4816
f 4816 3511 4350
f 3511 1808 4350
f 4350 1808 4351
f 3485 4327 3159
f 3159 4327 4330
f 1326 3512 4806
f 4806 3512 6310
f 3512 1331 6310
f 6310 1331 4688

