# https://github.com/mikedh/trimesh
v 0.04236516 0.47677192 0.08585935
v 0.03679022 0.46383759 0.09557205
v 0.04718357 0.45855528 0.08706667
v 0.05294364 0.46760148 0.07608586
v 0.04413433 0.45017201 0.09519482
v 0.03428732 0.45255810 0.10138010
v 0.05398714 0.45085979 0.07849389
v 0.05894206 0.45670530 0.06679960
v 0.06091908 0.41395342 0.07451384
v 0.06470126 0.40815908 0.06566113
v 0.06360219 0.42046893 0.06480933
v 0.05899500 0.42306024 0.07365403
v 0.05960245 0.38805491 0.07510801
v 0.05372844 0.38080052 0.08468102
v 0.05562113 0.37049562 0.07606547
v 0.06028102 0.37739649 0.06519182
v 0.02221150 0.39752918 0.10533798
v 0.02731507 0.39113742 0.10523578
v 0.03146356 0.39754760 0.10355699
v 0.02556491 0.40322033 0.10344169
v 0.01333045 0.40786406 0.10915281
v 0.01455411 0.41275960 0.10541518
v 0.00964769 0.41716337 0.10945586
v 0.00921745 0.41180319 0.11430015
v 0.01673592 0.39228371 0.10575162
v 0.02217400 0.38565862 0.10539617
v 0.01777622 0.40313342 0.10574041
v 0.01557549 0.39904249 0.10814381
v 0.01229082 0.39459389 0.11861354
v 0.01383319 0.39909545 0.11669026
v 0.01062397 0.40113431 0.12282388
v 0.00946224 0.39568064 0.12293942
v 0.01521751 0.39250818 0.10996372
v 0.01553454 0.39576828 0.11218846
v 0.01315321 0.39238331 0.11483279
v 0.01182608 0.38979605 0.11212177
v 0.01243945 0.40367565 0.11238354
v 0.00948210 0.40677717 0.11864091
v 0.00564224 0.40911785 0.12481160
v 0.00645459 0.40184960 0.12928212
v 0.03752397 0.37731993 0.10072767
v 0.03286274 0.38440230 0.10384362
v 0.02761367 0.37977099 0.10455814
v 0.03202853 0.37402734 0.10246805
v 0.01286706 0.38664225 0.10924423
v 0.01611032 0.37165406 0.11131693
v 0.01646757 0.37535810 0.11092118
v 0.01054410 0.37681499 0.11452541
v 0.01087207 0.37328753 0.11489762
v 0.04219133 0.36233911 0.09324627
v 0.03625565 0.36182755 0.09772431
v 0.03642619 0.35505706 0.09590898
v 0.04205854 0.35389471 0.09044572
v 0.03413587 0.34938043 0.09560071
v 0.04023975 0.34586641 0.08835147
v 0.03083568 0.33265412 0.09009394
v 0.03594861 0.33840638 0.08892252
v 0.03033038 0.34423426 0.09662934
v 0.02534388 0.33978024 0.10007560
v 0.01415676 0.34537104 0.10816847
v 0.00858611 0.34441656 0.11094301
v 0.01274915 0.33241943 0.10987520
v 0.01903551 0.33548015 0.10557306
v 0.01552324 0.36537367 0.10792206
v 0.01924256 0.36495560 0.10528194
v 0.01968948 0.36679322 0.10727187
v 0.01583093 0.36828896 0.11035851
v 0.02286056 0.36446577 0.10338274
v 0.02447240 0.36414126 0.10277897
v 0.02434442 0.36557630 0.10388903
v 0.02281109 0.36512461 0.10393402
v 0.02094023 0.36483663 0.10443150
v 0.01976687 0.36316258 0.10493865
v 0.02188936 0.36380163 0.10380639
v 0.01640710 0.36282504 0.10771494
v 0.00460299 0.36180872 0.11594333
v 0.00820362 0.36206099 0.11455743
v 0.00683745 0.36603144 0.11314387
v 0.00377014 0.36616272 0.11418975
v 0.02276381 0.36745393 0.10528596
v 0.02512660 0.36908594 0.10486230
v 0.02164399 0.37226436 0.10753442
v 0.02040015 0.36942956 0.10751750
v 0.02793201 0.37103987 0.10437357
v 0.02652810 0.36654627 0.10315330
v 0.02967736 0.36727107 0.10229738
v 0.02370930 0.36253259 0.10271950
v 0.02632790 0.36075383 0.10138583
v 0.02709899 0.36344349 0.10228170
v 0.02430614 0.35795528 0.10215101
v 0.02140464 0.36099195 0.10391636
v 0.01814506 0.35973343 0.10677097
v 0.01391751 0.35865465 0.11058640
v 0.01623436 0.35381827 0.10802412
v 0.02086852 0.35557604 0.10463332
v 0.02375047 0.37580827 0.10637239
v 0.03102576 0.36262995 0.10036852
v 0.03453965 0.36855817 0.09986316
v 0.03065683 0.35799497 0.09946319
v 0.02853827 0.35381302 0.09969232
v 0.02479321 0.35037297 0.10147204
v 0.01976166 0.34755188 0.10479738
v 0.01499020 0.32281864 0.09960238
v 0.02294520 0.32711151 0.09552577
v 0.03230883 0.44451746 0.10064001
v 0.04082432 0.44303730 0.09775492
v 0.04130510 0.43484050 0.09438337
v 0.04311749 0.43699190 0.09387976
v 0.03804377 0.43903580 0.09684097
v 0.03730518 0.43626058 0.09653363
v 0.05367304 0.42558765 0.07945199
v 0.04922159 0.42794380 0.08412826
v 0.04956867 0.42419910 0.08328655
v 0.05533183 0.41917941 0.07980341
v 0.04256610 0.41787916 0.09165302
v 0.04665528 0.41868547 0.08824039
v 0.04292757 0.42541772 0.08986847
v 0.04004500 0.42487749 0.09251187
v 0.03654314 0.42465171 0.09476315
v 0.03251476 0.42496967 0.09622276
v 0.03282790 0.41952106 0.09626302
v 0.03771546 0.41838524 0.09450796
v 0.03154470 0.44021463 0.09831323
v 0.02425571 0.43952203 0.09836826
v 0.02567941 0.43645200 0.09775149
v 0.03184943 0.43703270 0.09815586
v 0.01582149 0.42927784 0.09419135
v 0.01691504 0.43184072 0.09487142
v 0.01363784 0.43333873 0.09600125
v 0.01281299 0.42903352 0.09563527
v 0.01505836 0.42603880 0.09595363
v 0.01707426 0.42766833 0.09462057
v 0.03378095 0.49826986 0.08023076
v 0.02907361 0.48306042 0.09416495
v 0.04817941 0.48974317 0.07078339
v 0.05869491 0.47688785 0.06211082
v 0.06432645 0.46175525 0.05422114
v 0.04903401 0.36539310 0.08576776
v 0.04985661 0.35593840 0.08069757
v 0.05671559 0.36081550 0.06800538
v 0.05459070 0.35078564 0.06397760
v 0.04774806 0.34580383 0.07797858
v 0.03453436 0.32825288 0.07663517
v 0.04276580 0.33578524 0.07666001
v 0.04942174 0.34109244 0.05957391
v 0.05581066 0.35063624 0.04274801
v 0.05930609 0.35830092 0.04944418
v 0.05892426 0.36414981 0.02916273
v 0.05039967 0.34263369 0.03303332
v 0.05588805 0.36224398 0.02138021
v 0.03736840 0.31018925 0.03953299
v 0.03978759 0.29895952 0.03653648
v 0.04923079 0.30389628 0.02401303
v 0.04827575 0.31499356 0.02711690
v 0.06116058 0.36721036 0.05608865
v 0.06453174 0.43062115 0.05539577
v 0.06078415 0.43174201 0.06653249
v 0.06686570 0.41709739 0.05413952
v 0.06790827 0.48743898 0.02624350
v 0.06312124 0.48390365 0.04505701
v 0.06946868 0.46716160 0.04051948
v 0.07285221 0.47120535 0.02438834
v 0.04166934 0.52313197 0.03023831
v 0.03911238 0.51331478 0.05819474
v 0.05227654 0.50082016 0.05179650
v 0.05621449 0.50845087 0.02876490
v 0.07523853 0.47125536 0.00932338
v 0.07567009 0.46899223 -0.00844892
v 0.07005282 0.48256874 -0.01826354
v 0.06922293 0.48861411 0.00349127
v 0.05817926 0.50060397 -0.02767413
v 0.05785676 0.50753587 -0.00089394
v 0.05472542 0.34787315 0.01358035
v 0.05602248 0.36592543 0.00901473
v 0.04709228 0.32792130 0.03106025
v 0.05357363 0.33267161 0.01518219
v 0.04048333 0.51279277 -0.03338608
v 0.04089937 0.52295595 -0.00317533
v 0.06216103 0.44080788 -0.05111483
v 0.06495448 0.45847932 -0.04618433
v 0.07271562 0.44875327 -0.02916162
v 0.06967203 0.43404520 -0.03570607
v 0.05102046 0.44813329 -0.06764051
v 0.05289973 0.46891090 -0.06217378
v 0.04989792 0.38810590 -0.04070616
v 0.04377114 0.37226474 -0.03236063
v 0.03481336 0.37278020 -0.04321883
v 0.04036720 0.38861537 -0.05510057
v 0.05067911 0.44547176 0.08798841
v 0.04687231 0.44018126 0.09290884
v 0.05023453 0.43635419 0.08746937
v 0.05437132 0.43937615 0.08126992
v 0.05785845 0.44192591 0.07118353
v 0.06174345 0.44438863 0.05946120
v 0.07138466 0.45229900 0.03534579
v 0.07525770 0.45741934 0.02175448
v 0.07746717 0.45586467 -0.00366194
v 0.07700526 0.45755282 0.01015257
v 0.07483585 0.43722308 -0.01898929
v 0.07200398 0.42805147 -0.02288710
v 0.05508885 0.37421620 -0.00629364
v 0.05158226 0.35331628 -0.00284498
v 0.04509527 0.35534480 -0.01545281
v 0.04957671 0.37351432 -0.02020248
v 0.03069674 0.35667661 -0.03535708
v 0.03769619 0.35633117 -0.02586523
v 0.05044682 0.32166114 -0.00163951
v 0.05122039 0.30867949 -0.00516524
v 0.04700083 0.31102070 -0.01925552
v 0.04499016 0.32344005 -0.01508874
v 0.04053037 0.31065491 -0.03129261
v 0.03114334 0.30966172 -0.03972327
v 0.02943072 0.32402453 -0.03555499
v 0.03738811 0.32422340 -0.02706778
v 0.01849352 0.29171240 0.05094027
v 0.01968063 0.28243271 0.04790426
v 0.03052431 0.28545424 0.04247201
v 0.02799231 0.29516152 0.04488932
v 0.05417259 0.29804781 -0.01001363
v 0.05108424 0.30151981 -0.02475386
v 0.05673557 0.38821688 -0.02678080
v 0.06051286 0.39123040 -0.01550976
v 0.04487090 0.30078936 -0.03722795
v 0.03672180 0.33952534 -0.02443324
v 0.04388775 0.33790055 -0.01410844
v 0.02003715 0.35777768 -0.04300704
v 0.02370330 0.37322047 -0.05310246
v 0.01989612 0.40806055 0.10349595
v 0.02294149 0.42259461 0.09690404
v 0.02355920 0.42628041 0.09621397
v 0.01974174 0.42700410 0.09548464
v 0.01858515 0.42409560 0.09641290
v 0.01153489 0.46501774 0.10589202
v 0.01009407 0.44776192 0.10739638
v 0.02281130 0.45184356 0.10587859
v 0.02442819 0.46582529 0.10219425
v 0.04960443 0.39365646 0.09336113
v 0.04078453 0.39986277 0.09931792
v 0.03771107 0.39106110 0.10220776
v 0.04348244 0.38348678 0.09797435
v 0.04652075 0.42948440 0.08713504
v 0.04809661 0.43155715 0.08686467
v 0.04561447 0.43139324 0.08939619
v 0.04013308 0.37030658 0.09717938
v 0.04694363 0.37454867 0.09197055
v 0.06643470 0.40224013 0.05418342
v 0.05674944 0.43193802 0.07597290
v 0.02033548 0.53338522 0.03292778
v 0.01968982 0.52164650 0.06491713
v 0.01999779 0.52329451 -0.03431160
v 0.02021198 0.53314072 -0.00287575
v 0.03671507 0.47662216 -0.07362329
v 0.03542141 0.45398542 -0.07996271
v 0.01752221 0.45922363 -0.08816554
v 0.01808630 0.48459509 -0.07927739
v 0.02787139 0.38961259 -0.06566282
v 0.02185490 0.30936861 -0.04515594
v 0.01969803 0.32533759 -0.04153794
v 0.01770031 0.50288391 0.08600606
v 0.01481409 0.48378733 0.09940169
v 0.06686720 0.44721249 0.04689571
v 0.06032244 0.40536624 0.07835262
v 0.05562348 0.41311938 0.08298907
v 0.05321437 0.40923116 0.08773889
v 0.05734807 0.39883596 0.08388734
v 0.06283116 0.39640281 0.06942699
v 0.06356456 0.38816512 0.05698411
v 0.06438014 0.37996465 0.04296537
v 0.06177519 0.36963630 0.03577928
v 0.07431325 0.46209887 -0.02283161
v 0.06660425 0.47407192 -0.03843754
v 0.05608889 0.48703131 -0.04918236
v 0.03898241 0.49684361 -0.05774557
v 0.07603421 0.45189577 -0.01610087
v 0.01919238 0.50626987 -0.06046869
v 0.00996037 0.38112858 0.11346827
v 0.01699308 0.38075715 0.10899664
v 0.00841452 0.38509595 0.11313498
v 0.00956622 0.35767806 0.11360165
v 0.00546955 0.35717636 0.11523196
v 0.00644605 0.35185874 0.11218580
v 0.01119244 0.35253888 0.11071978
v 0.01548842 0.31833571 0.08406500
v 0.02470236 0.32242948 0.08003482
v 0.01750574 0.30079070 0.05543931
v 0.02651658 0.30457762 0.04889162
v 0.00833044 0.39337805 0.11714745
v 0.00679604 0.39372861 0.11743059
v 0.00659067 0.39268884 0.11529743
v 0.00852333 0.39257848 0.11504122
v 0.02149256 0.36599615 0.10537763
v 0.00619564 0.37346038 0.11708134
v 0.00320255 0.37323284 0.11776081
v 0.00348408 0.36969322 0.11628079
v 0.00651247 0.36980796 0.11568352
v 0.03935734 0.32973889 0.05528056
v 0.03651042 0.32106960 0.04482954
v 0.05272209 0.30541053 0.01038687
v 0.05273528 0.31851593 0.01324186
v 0.05088934 0.33649486 -0.00079254
v 0.02895755 0.34133855 -0.03402474
v 0.01984773 0.34186590 -0.04062573
v -0.00259127 0.34386742 -0.04648121
v -0.00375572 0.35844707 -0.05120068
v 0.00911308 0.35811257 -0.04903147
v 0.00843511 0.34311402 -0.04427003
v 0.02607848 0.31927979 0.06481126
v 0.01622656 0.31476545 0.07036297
v 0.01671582 0.30932605 0.06130158
v 0.02587691 0.31364349 0.05488926
v 0.00313898 0.39058715 0.11840967
v 0.00181204 0.38968650 0.11997938
v 0.00222079 0.38750324 0.11720640
v 0.00401917 0.38947988 0.11644250
v 0.00932335 0.39064422 0.11339116
v 0.00713674 0.38965487 0.11345321
v 0.00753283 0.38780847 0.11333147
v 0.00978659 0.39320627 0.11782829
v 0.01017827 0.39186090 0.11521762
v 0.00529009 0.39412004 0.12236352
v 0.00799451 0.39392352 0.12078177
v 0.00534239 0.39436385 0.12721260
v 0.00463470 0.39168641 0.11695445
v 0.00511240 0.39046714 0.11532942
v 0.00824186 0.39158472 0.11379272
v 0.00663988 0.39131108 0.11389360
v 0.00551053 0.39409027 0.12030742
v 0.00725678 0.39387870 0.11905165
v 0.00527757 0.41513458 0.11955740
v -0.00036141 0.41615602 0.12182980
v -0.00051210 0.40964010 0.12725198
v -0.00059105 0.40210858 0.13218206
v -0.00050877 0.39413297 0.13011608
v 0.00904664 0.30673933 0.06416729
v 0.00972536 0.29837164 0.05847553
v -0.00128852 0.48288882 0.10138177
v -0.00121438 0.46335906 0.10644007
v 0.02212826 0.36479092 0.10378167
v 0.02336887 0.44368431 0.10090813
v 0.04739341 0.40776384 0.09329760
v 0.02700931 0.40910167 0.10055120
v 0.03342343 0.40485474 0.10049839
v 0.03331032 0.41244864 0.09784195
v 0.02745126 0.41520187 0.09839309
v 0.01446036 0.44063777 0.10125675
v 0.00591689 0.43702522 0.10630620
v 0.00958629 0.43505532 0.10016199
v 0.00904770 0.42860425 0.09991742
v 0.00607568 0.42784682 0.10763665
v 0.01030353 0.42115083 0.10416666
v 0.01203588 0.42352441 0.09883436
v 0.04393409 0.43311012 0.09187961
v 0.04610872 0.43449050 0.09027105
v 0.01552373 0.41671011 0.10160180
v 0.02104755 0.41287515 0.10058187
v 0.02192229 0.41773000 0.09815706
v 0.01673794 0.42029205 0.09825470
v 0.03997098 0.40966347 0.09647089
v 0.05218835 0.43172762 0.08249310
v 0.04893645 0.42089134 0.08502621
v 0.06413513 0.39624318 -0.00749716
v 0.06045754 0.38549489 -0.00085885
v 0.06599963 0.37639576 0.01776550
v 0.06323425 0.37250519 0.02083625
v 0.05875235 0.37502137 0.01645305
v 0.06408014 0.37872827 0.01368121
v 0.07541359 0.42722997 -0.00093037
v 0.07538143 0.43385589 -0.00486371
v 0.07572792 0.43503085 0.00210341
v 0.07474088 0.42764658 0.00160992
v 0.07459299 0.43086353 0.00775715
v 0.07489440 0.43444055 0.00988234
v 0.07380560 0.42638898 0.01142750
v 0.07390530 0.42643693 0.00809591
v 0.07651667 0.44487247 0.01020927
v 0.07459868 0.44306573 0.02010059
v 0.07300373 0.43140855 0.01755448
v 0.06824327 0.42950845 0.04054416
v 0.06885222 0.41850546 0.02824108
v 0.07041004 0.42619440 0.02337826
v 0.07121262 0.43779933 0.02975974
v 0.06432638 0.37689206 0.02497610
v 0.06490342 0.38416505 0.02852596
v 0.05811020 0.37845621 0.00828597
v -0.00258840 0.46944419 -0.08715405
v -0.00259319 0.49503621 -0.07505520
v 0.05903639 0.42321786 -0.05153381
v 0.04837496 0.42743313 -0.06716935
v 0.06617237 0.41898614 -0.03643424
v 0.06931993 0.41602781 -0.02322547
v 0.03614332 0.43343687 -0.07982001
v 0.02101332 0.43351030 -0.08630019
v 0.06870484 0.41217357 0.04168966
v 0.06754585 0.40635884 0.02982656
v 0.05529122 0.40506884 -0.04793645
v 0.04500055 0.40799659 -0.06322195
v 0.06208794 0.40289173 -0.03361464
v 0.06565893 0.40375289 -0.02103212
v 0.03132041 0.41342899 -0.07580010
v 0.01328757 0.38839799 -0.07207278
v 0.01490030 0.40979394 -0.08199842
v 0.06817345 0.38713303 0.01749728
v 0.06673437 0.38522977 0.02170945
v 0.06654492 0.37914684 0.02063548
v 0.06932698 0.38132945 0.01875435
v 0.06683923 0.39674789 0.04137495
v 0.06673653 0.39473915 0.02932470
v 0.00560061 0.42110866 0.11420254
v -0.00027265 0.42954066 0.11146729
v -0.00026092 0.42264989 0.11672011
v -0.00049871 0.43772480 0.10826594
v -0.00208595 0.53740585 0.00399855
v -0.00183409 0.53591126 0.03556887
v -0.00242879 0.51579154 -0.05368822
v -0.00224132 0.53072804 -0.02642117
v 0.00401266 0.34406605 0.11258871
v 0.00643632 0.33089033 0.11228974
v 0.00521314 0.38098490 0.11600051
v 0.00238560 0.38038990 0.11665978
v 0.00282244 0.37675560 0.11741848
v 0.00577583 0.37724799 0.11669850
v 0.01777356 0.43721941 0.09707554
v 0.01080596 0.37381092 -0.05924477
v 0.00907826 0.32639292 -0.04508158
v 0.01061608 0.31017607 -0.04817199
v 0.03545072 0.29873726 -0.04621387
v 0.02429831 0.29725617 -0.05162849
v 0.00202432 0.38400847 0.11648728
v 0.00462139 0.38454035 0.11548431
v 0.00476710 0.39343768 0.11889279
v 0.01097497 0.36941999 0.11382597
v 0.00452581 0.38729057 0.11531048
v 0.00523182 0.38925874 0.11501322
v 0.00029812 0.38696617 0.11791228
v 0.00055168 0.38369283 0.11671446
v 0.02785248 0.42108443 0.09712541
v 0.02805615 0.42559832 0.09664383
v 0.00263647 0.39143199 0.12356509
v 0.00340085 0.39243537 0.12102766
v -0.00055733 0.39057022 0.12424705
v 0.04210729 0.28867367 0.03354581
v 0.05057566 0.29215109 0.02042048
v 0.00120446 0.37304685 0.11789124
v 0.00139436 0.36940560 0.11656265
v -0.00190511 0.52372664 0.06793646
v -0.00224959 0.38664374 -0.07298835
v -0.00230857 0.40475741 -0.08224615
v 0.06895754 0.41163749 0.02086297
v 0.07057563 0.40783501 0.01611010
v 0.07202136 0.41447043 0.01366288
v 0.07043626 0.41889834 0.01837417
v 0.01044738 0.28945559 0.05427085
v 0.05428595 0.29479992 0.00531359
v 0.01234082 0.29718742 -0.05483062
v 0.04626028 0.42782372 0.08667742
v 0.04497407 0.42647320 0.08770789
v 0.02040025 0.43460780 0.09623560
v -0.00259265 0.43495825 -0.08908232
v 0.01234409 0.36231798 0.11160628
v 0.01088091 0.36588687 0.11105049
v -0.00173990 0.32801917 -0.04622289
v 0.00853046 0.31232330 0.07308836
v 0.00039104 0.38918129 0.12082618
v -0.00334048 0.37262920 -0.06088531
v 0.07444599 0.42043540 0.00540710
v 0.07597265 0.41903162 0.00851218
v 0.07543297 0.41608125 0.00825086
v 0.07381909 0.41681927 0.00673450
v 0.07679547 0.42222115 0.01281363
v 0.07782487 0.41912153 0.01074497
v 0.07953016 0.42162350 0.00992093
v 0.07819848 0.42524174 0.01128408
v 0.07263149 0.42375615 0.01504664
v 0.07451522 0.41879559 0.01358827
v 0.08048099 0.42338288 0.00830579
v 0.08038136 0.42615029 0.00949940
v 0.07775865 0.42769948 0.00818454
v 0.07452091 0.42740795 0.00493951
v 0.08270705 0.42695957 0.00617689
v 0.07915041 0.42900357 0.00412167
v 0.08526361 0.42648649 0.00137691
v 0.08077440 0.42899558 -0.00094731
v 0.08658834 0.42321032 -0.00362609
v 0.08124366 0.42499340 -0.00577014
v 0.06759544 0.39280728 0.02169750
v 0.06799059 0.39359999 0.01522769
v 0.08702669 0.41799074 -0.00663102
v 0.08096841 0.41872942 -0.00808871
v 0.08627214 0.41115215 -0.00811700
v 0.08061925 0.41167313 -0.00952115
v 0.08453634 0.40397164 -0.00751984
v 0.07976694 0.40414762 -0.00906075
v 0.08293692 0.39704236 -0.00562892
v 0.07833113 0.39601961 -0.00701217
v 0.08062299 0.39039692 -0.00169009
v 0.07588055 0.38729516 -0.00256721
v 0.08206213 0.42443806 0.00034803
v 0.08312169 0.42133939 -0.00319984
v 0.07349820 0.42338535 -0.00199010
v 0.08105048 0.42508268 0.00485431
v 0.07357734 0.41127148 0.00121903
v 0.07209701 0.41333449 0.00142410
v 0.07299408 0.41163492 0.00252209
v 0.07178887 0.41030848 0.00006709
v 0.06952171 0.40035486 0.01631758
v 0.07088526 0.40042004 0.01276227
v 0.07133846 0.40602449 0.01283233
v 0.06931987 0.39639312 0.01230865
v 0.06857665 0.39780772 0.01112553
v 0.06828985 0.40129468 0.01135910
v 0.06764002 0.40582433 0.01116075
v 0.06908344 0.39624006 0.00962114
v 0.07000592 0.39450288 0.01023498
v 0.06792200 0.39753664 0.00898196
v 0.06757781 0.39841875 0.00995857
v 0.06662779 0.40057471 0.00903488
v 0.06720020 0.40368596 0.00667540
v 0.06818706 0.40208629 0.02182204
v 0.06869372 0.39936361 -0.00135587
v 0.06548830 0.39114037 0.00251243
v 0.07742624 0.38594833 0.00391962
v 0.07405769 0.38022199 0.00406393
v 0.07167204 0.37820274 0.01615151
v 0.07308184 0.37639204 0.01068314
v 0.07228335 0.41822749 -0.00395636
v 0.07199412 0.41250858 -0.00532231
v 0.06364066 0.38454714 0.00871534
v 0.07115491 0.40622765 -0.00468491
v 0.07889587 0.39460993 -0.00076847
v 0.07575875 0.39145172 0.00296341
v 0.08135680 0.39918995 -0.00372592
v 0.07059075 0.39118701 0.01180630
v 0.07175979 0.38538507 0.01406251
v 0.07477327 0.38461345 0.00948934
v 0.07286324 0.39048839 0.00741424
v 0.07763401 0.39782852 0.00103545
v 0.07399011 0.39569506 0.00359784
v 0.07467718 0.40074536 0.00093418
v 0.07139095 0.39878443 0.00335806
v 0.06971991 0.39696336 0.00667108
v 0.07134061 0.39452133 0.00695210
v 0.06781486 0.40103871 0.00294506
v 0.07130501 0.40414417 0.00075639
v 0.06752455 0.39857152 0.00665566
v 0.07734409 0.40347707 0.00032128
v 0.07976419 0.40697670 -0.00003391
v 0.07765440 0.40960047 0.00181166
v 0.07471260 0.40688235 0.00052435
v 0.08188926 0.40490317 -0.00563706
v 0.08196787 0.40549028 -0.00236374
v 0.08016138 0.40121078 -0.00108053
v 0.08275156 0.41068617 -0.00324936
v 0.08270806 0.41127917 -0.00614728
v 0.08113638 0.41076887 -0.00092725
v 0.07975180 0.41188025 0.00104229
v 0.08246838 0.41925353 -0.00116217
v 0.08275818 0.41555205 -0.00267497
v 0.08351406 0.41708592 -0.00533227
v 0.08174826 0.41438749 -0.00045856
v 0.08118650 0.41733617 0.00052191
v 0.07987472 0.41573697 0.00160154
v 0.08054709 0.41402411 0.00052615
v 0.07841855 0.42306811 0.00681474
v 0.07716136 0.42149380 0.00818932
v 0.07965933 0.42307398 0.00424703
v 0.07747406 0.42333591 0.00481385
v 0.07830366 0.42099607 0.00406741
v 0.07610948 0.42240968 0.00506557
v 0.07735259 0.41910678 0.00453695
v 0.07533111 0.41687816 0.00446326
v 0.02335687 0.26077157 0.04491127
v 0.02151551 0.27166298 0.04563614
v 0.01156342 0.26862776 0.04812130
v 0.01244986 0.25821069 0.04659425
v 0.07873266 0.41733015 0.00333496
v 0.07981117 0.41946137 0.00218546
v 0.08108736 0.42203188 0.00115192
v 0.07632744 0.41337940 0.00253514
v 0.07764954 0.41234460 0.00233172
v 0.07864278 0.41373649 0.00225969
v 0.07721424 0.41524625 0.00324593
v 0.07157582 0.41002607 0.01168295
v 0.06973416 0.40849942 0.00846184
v 0.07009977 0.40589008 0.00461885
v 0.05578282 0.24834555 0.03196331
v 0.06960519 0.25621885 0.01988484
v 0.06398761 0.26394200 0.01636721
v 0.05102982 0.25752199 0.02752684
v 0.06587328 0.22576651 0.05042309
v 0.06780930 0.20809619 0.06151153
v 0.08545122 0.21346472 0.05470030
v 0.08638785 0.23509575 0.03643528
v 0.08461288 0.19539736 0.06921665
v 0.06802692 0.19139798 0.07378732
v 0.08184749 0.14802590 0.10760616
v 0.08274512 0.16314153 0.09511729
v 0.06664138 0.16167489 0.09936538
v 0.06592739 0.14634298 0.11137813
v 0.10712641 0.07417464 0.14236878
v 0.09502569 0.07615418 0.14742503
v 0.08816017 0.06004095 0.14599539
v 0.10162995 0.05584697 0.13984960
v 0.14202701 0.17248741 0.06345349
v 0.15124160 0.16345559 0.06063652
v 0.15400769 0.18239027 0.05496710
v 0.14361942 0.19080696 0.05612293
v 0.09695569 0.26935795 -0.01083236
v 0.09006886 0.27195403 -0.01353608
v 0.08548158 0.25895754 0.00702342
v 0.09275331 0.25555283 0.01248324
v 0.14815041 0.08665895 0.09073702
v 0.14249344 0.09589384 0.10029348
v 0.14056969 0.08424955 0.10763311
v 0.14481634 0.07475107 0.09923387
v 0.11486022 0.00277418 0.08534337
v 0.10160318 0.00232905 0.10059045
v 0.10112572 -0.01494026 0.10170289
v 0.11539802 -0.01474492 0.08583497
v 0.14674704 0.02262259 0.02242887
v 0.14278822 0.00727037 0.02109045
v 0.14156093 0.00740485 -0.00412114
v 0.14481789 0.02176445 -0.00384567
v 0.10907556 0.14784904 0.09725767
v 0.11055058 0.16341940 0.08511411
v 0.09748755 0.16359766 0.09012387
v 0.09628490 0.14851947 0.10267109
v 0.32728076 0.22108668 0.01626834
v 0.30207920 0.22182451 0.01781970
v 0.30300343 0.20557490 0.01934363
v 0.32803017 0.20475131 0.01746351
v 0.14524962 -0.07933696 0.04063065
v 0.14706832 -0.09590212 0.04461928
v 0.14746195 -0.09245028 0.01868738
v 0.14509115 -0.07617678 0.01573376
v 0.19592506 0.24558251 0.03019574
v 0.19583833 0.26253635 0.01268879
v 0.18278152 0.26450109 0.01267388
v 0.18155456 0.24813001 0.03162781
v 0.14467408 0.13619234 0.07408454
v 0.14750698 0.14849992 0.06715358
v 0.13989207 0.15670533 0.07162422
v 0.13723275 0.14250843 0.07996450
v 0.15486972 0.05010371 -0.00892891
v 0.15777980 0.06680935 -0.01181483
v 0.15946455 0.06745573 0.00922879
v 0.15722072 0.05096104 0.01452287
v 0.15361427 0.03599637 0.01908235
v 0.15089285 0.03495013 -0.00602273
v 0.12959154 0.14516456 0.08571194
v 0.13084292 0.16210213 0.07573793
v 0.12175383 0.16304067 0.08020042
v 0.12005035 0.14669742 0.09165204
v 0.07889278 0.04581450 0.13908856
v 0.09469161 0.04041879 0.13093174
v 0.14044063 -0.10004520 0.06969232
v 0.13932982 -0.08301087 0.06520390
v 0.12811759 -0.08681720 0.08621946
v 0.12863842 -0.10407320 0.09105792
v 0.08561473 0.01783130 0.11116419
v 0.10014597 0.01742895 0.10034218
v 0.10340285 0.02842896 0.11036224
v 0.08827631 0.02984326 0.11889295
v 0.11307023 -0.10703455 0.10939673
v 0.11264662 -0.08985230 0.10395461
v 0.09549792 -0.09168795 0.12001722
v 0.09567335 -0.11089747 0.12655433
v 0.08358496 0.17886263 0.08249903
v 0.06746377 0.17616878 0.08666209
v 0.12698600 0.07383285 0.12722684
v 0.11808117 0.07357838 0.13531283
v 0.11383203 0.05468164 0.13231215
v 0.12437134 0.05604320 0.12388223
v 0.16238013 0.13628629 0.04469555
v 0.17070112 0.14964567 0.03904745
v 0.16633788 0.16995320 0.05007768
v 0.15926473 0.15091705 0.05501788
v 0.15233582 -0.10809419 0.02047459
v 0.15101641 -0.11160731 0.04721346
v 0.11549643 -0.12529635 0.11352649
v 0.09746218 -0.12986031 0.13094524
v 0.20145035 0.14617305 -0.02792513
v 0.19961531 0.14979966 -0.01555950
v 0.19042340 0.13733086 -0.01285422
v 0.19302002 0.13447897 -0.02534046
v 0.05532963 0.07740726 0.14884984
v 0.06431101 0.05777452 0.14606200
v 0.07713146 0.07012051 0.14985597
v 0.07009335 0.08601844 0.14934534
v 0.12054548 0.04040913 0.11388793
v 0.10859530 0.03894469 0.12240005
v 0.11699285 0.02953077 0.10095447
v 0.03925152 0.06867839 0.14391525
v 0.04946997 0.04475675 0.13553783
v 0.05060271 0.17295407 0.09033265
v 0.04988319 0.15876496 0.10246141
v 0.05081411 0.18795553 0.07886546
v 0.04994952 0.20372659 0.06789965
v 0.03282180 0.20022736 0.07239279
v 0.03337402 0.18441911 0.08296389
v 0.04784392 0.22010291 0.05878609
v 0.03132409 0.21634327 0.06387548
v 0.04043387 0.24300160 0.04157835
v 0.03704705 0.25294751 0.03698718
v 0.15394811 0.13751467 0.06060546
v 0.15070421 0.12617752 0.06655306
v 0.13151339 -0.12107796 0.09437867
v 0.11051001 0.20535223 -0.09747242
v 0.12628512 0.21123086 -0.08976205
v 0.12529491 0.19449675 -0.09446739
v 0.10958572 0.18782151 -0.10232014
v 0.10340907 0.25605091 0.01437013
v 0.10455286 0.26980758 -0.00990227
v 0.17675859 0.15115513 -0.06607045
v 0.17653227 0.14178675 -0.06189619
v 0.16626568 0.13312453 -0.06506129
v 0.16545367 0.14432845 -0.06899978
v 0.20132987 0.14696032 -0.04777681
v 0.20002860 0.15313478 -0.05442547
v 0.21348113 0.16070506 -0.05712992
v 0.21459053 0.15458409 -0.05046537
v 0.14184460 -0.08964413 -0.00488868
v 0.13901134 -0.07338660 -0.00835428
v 0.12059155 0.03294127 -0.06661739
v 0.12933572 0.04919003 -0.06632207
v 0.13896893 0.04154480 -0.04909990
v 0.13151363 0.02621790 -0.04811177
v 0.01651053 0.17253493 -0.10065228
v 0.03533676 0.17589231 -0.10416596
v 0.03505041 0.16098045 -0.10663837
v 0.01615465 0.15778342 -0.10264342
v 0.07424338 0.20511027 -0.10282993
v 0.05365176 0.19632193 -0.10378519
v 0.05312713 0.21006340 -0.09952625
v 0.07421979 0.21966784 -0.09763394
v 0.09252186 0.19747643 -0.10403386
v 0.09172443 0.18007641 -0.10835068
v 0.15067881 0.05263013 -0.02983003
v 0.15422669 0.06903844 -0.03030526
v 0.16240625 0.09263746 -0.03284441
v 0.16735366 0.10155960 -0.03359365
v 0.16840251 0.10121085 -0.01925782
v 0.16383736 0.09196777 -0.01737723
v 0.08296397 0.27658391 -0.01614233
v 0.09001663 0.27801260 -0.03635494
v 0.08128264 0.28128061 -0.03896720
v 0.04862142 0.25586599 -0.07986868
v 0.05874246 0.26079842 -0.07559321
v 0.06141408 0.25526208 -0.07885454
v 0.04857425 0.24967553 -0.08330090
v 0.03737830 0.09336182 -0.11207408
v 0.03922691 0.07137617 -0.10795317
v 0.01738444 0.07247876 -0.10868262
v 0.01652312 0.09310821 -0.11222011
v 0.17195523 0.11229961 -0.04513811
v 0.17016059 0.11705357 -0.05379688
v 0.17958440 0.12632087 -0.05231911
v 0.18175036 0.12137909 -0.04507232
v 0.16255267 0.10868961 -0.05485827
v 0.16518286 0.10415480 -0.04521804
v 0.15998191 0.09526207 -0.04561659
v 0.15660836 0.10007013 -0.05689151
v 0.13737446 0.06447604 -0.06412052
v 0.14490038 0.07914343 -0.06132753
v 0.15029848 0.07363213 -0.04680227
v 0.14500751 0.05772578 -0.04817155
v 0.01822099 0.00545819 -0.08871622
v 0.01768434 0.02615695 -0.09782217
v 0.03727134 0.02521658 -0.09649624
v 0.03712708 0.00382222 -0.08986118
v 0.20717752 0.16742465 0.00393390
v 0.22264849 0.17009315 0.00034841
v 0.22010055 0.17872626 0.01447447
v 0.20640528 0.17518407 0.01774622
v 0.21991451 0.18140414 -0.06915746
v 0.21874830 0.18817513 -0.07064226
v 0.22923638 0.19269171 -0.07205666
v 0.23008418 0.18639180 -0.07112776
v 0.24505620 0.16234207 -0.01511506
v 0.26527125 0.16056025 -0.01808896
v 0.26166722 0.16862738 -0.00380613
v 0.24066895 0.16985668 -0.00172676
v 0.11360516 0.27342233 -0.03651287
v 0.10607010 0.27516893 -0.03564338
v 0.11226974 0.27041548 -0.00940457
v 0.23047358 0.15442009 -0.03491667
v 0.22978404 0.15547185 -0.04543773
v 0.24664840 0.15761487 -0.05045690
v 0.24756199 0.15555418 -0.03938092
v 0.32660571 0.23630932 0.00791524
v 0.30144179 0.23699635 0.00934940
v 0.28871098 0.15689756 -0.03401053
v 0.26743314 0.15625259 -0.03134378
v 0.26782653 0.15588921 -0.04383865
v 0.28988144 0.15846881 -0.04710167
v 0.12516248 0.01146637 -0.04696403
v 0.11274014 0.01693320 -0.06431507
v 0.11699854 -0.08528876 -0.04295679
v 0.11293042 -0.06813037 -0.04638169
v 0.12740067 -0.07049035 -0.02952592
v 0.13128123 -0.08712982 -0.02578550
v 0.14625728 -0.10552632 -0.00394077
v 0.12055606 -0.10266779 -0.04135623
v 0.13527194 -0.10375246 -0.02461076
v 0.06495965 0.28875577 -0.03472801
v 0.07304557 0.28504744 -0.03796069
v 0.06271634 0.28150254 -0.05452218
v 0.05627731 0.28758371 -0.04951046
v 0.18290401 -0.21156991 -0.00916144
v 0.18667816 -0.21419354 0.02231716
v 0.18815406 -0.23818284 0.01520163
v 0.18276176 -0.23823601 -0.01508153
v 0.03311813 0.26997465 -0.07227825
v 0.02986873 0.27920747 -0.06602444
v 0.04398118 0.28294605 -0.05946878
v 0.04907756 0.27545238 -0.06525530
v 0.18096393 -0.18641116 -0.00611087
v 0.18399869 -0.19035748 0.02357355
v 0.06783222 0.28387830 -0.01622451
v 0.07559519 0.27999273 -0.01692053
v 0.06537817 0.27727127 0.00075206
v 0.07268418 0.27164033 0.00091447
v 0.05825884 0.27217308 0.01548890
v 0.18304862 -0.22018215 0.04867273
v 0.18727791 -0.24503234 0.04511309
v 0.05031887 0.29344392 -0.04365408
v 0.03946679 0.29036134 -0.05335490
v 0.02692828 0.28784972 -0.05897580
v 0.01388038 0.28658167 -0.06230882
v -0.00045228 0.28656882 -0.06311256
v -0.00065539 0.29694805 -0.05652259
v 0.15931344 -0.12301520 0.02147666
v 0.15420286 -0.12067357 -0.00487953
v 0.12948549 -0.34235412 -0.08528501
v 0.13161857 -0.35727680 -0.07435960
v 0.09804771 -0.35690323 -0.08340909
v 0.10096658 -0.34662285 -0.09326295
v 0.02786106 -0.33120510 -0.09980657
v 0.06705982 -0.34188578 -0.09906761
v 0.06162179 -0.35221922 -0.08671792
v 0.02481575 -0.34064192 -0.08597656
v 0.03519434 -0.21857332 -0.11327386
v 0.03601869 -0.19724055 -0.10664636
v 0.06616569 -0.19720998 -0.10577211
v 0.06628668 -0.21839754 -0.11324780
v 0.14316928 -0.11940228 -0.02693604
v 0.12802294 -0.11890296 -0.04434116
v 0.15690327 -0.12666555 0.04910546
v 0.18682116 -0.38029173 0.05812483
v 0.18270133 -0.41675901 0.05444026
v 0.18751466 -0.41143134 0.01514689
v 0.19476908 -0.37568900 0.01640987
v 0.15477142 -0.40598729 -0.04615160
v 0.12249039 -0.40354425 -0.06136686
v 0.12785527 -0.37861183 -0.06739067
v 0.16095880 -0.37726197 -0.05103394
v 0.07823884 -0.13370551 0.14598151
v 0.07944199 -0.15387577 0.14831781
v 0.09929179 -0.14887953 0.13311568
v 0.01773824 -0.14337048 0.16812107
v 0.01688058 -0.16392925 0.17076279
v 0.03789790 -0.16121620 0.16714102
v 0.03926337 -0.14015736 0.16424014
v 0.02650987 -0.27110922 0.14631554
v 0.03114380 -0.24889366 0.15281992
v 0.01388636 -0.25033182 0.15648596
v 0.01238672 -0.27105010 0.14936562
v 0.17256525 -0.22600459 0.07301906
v 0.16964318 -0.20556636 0.07571685
v 0.15208417 -0.21206358 0.09719329
v 0.15450376 -0.23204722 0.09499487
v 0.05589874 -0.36128512 -0.06802578
v 0.02233035 -0.34803757 -0.06684258
v 0.16679239 -0.38268554 0.09635697
v 0.16465974 -0.42053515 0.09205491
v 0.13613938 -0.42438334 0.12110768
v 0.13898960 -0.38907680 0.12358841
v 0.10502426 -0.39134046 0.13534056
v 0.10152643 -0.42362767 0.13202702
v 0.01134754 -0.33483520 0.08163019
v 0.01066619 -0.34709817 0.08305524
v 0.02826722 -0.33293059 0.10659696
v 0.02375941 -0.31835392 0.10836244
v 0.03132129 -0.30382973 -0.11409546
v 0.06513941 -0.30938339 -0.11421827
v 0.06593007 -0.32616764 -0.10825185
v 0.03041106 -0.32024375 -0.10737289
v 0.10979976 -0.11945710 -0.05781499
v 0.10340042 -0.10223798 -0.05382711
v 0.08516178 -0.10208681 -0.06188342
v 0.08220056 -0.08283464 -0.06321014
v 0.10044529 -0.08383168 -0.05552850
v 0.08037826 0.03331861 -0.09023447
v 0.08931352 0.05109140 -0.09411883
v 0.10624525 0.04039811 -0.08151271
v 0.09824846 0.02431569 -0.07859451
v 0.05400027 0.18175820 -0.10737617
v 0.05441488 0.16624461 -0.11031975
v 0.08434176 -0.39400613 -0.06745386
v 0.08742262 -0.42558280 -0.06015166
v 0.05110978 -0.41760156 -0.05490758
v 0.04145122 -0.37715018 -0.05715814
v 0.14868839 -0.43547979 -0.04246558
v 0.17829433 -0.40709507 -0.02072493
v 0.16995391 -0.43888608 -0.01957811
v 0.17639597 -0.45011637 0.05246961
v 0.18017523 -0.44460866 0.01414789
v 0.13134262 -0.45719621 0.11733775
v 0.09709585 -0.45501393 0.12657429
v 0.01533784 -0.41762674 0.09101877
v 0.01427389 -0.44123930 0.08054852
v 0.03390525 -0.44645646 0.10327342
v 0.03687602 -0.42080894 0.11229835
v 0.06717499 -0.27105907 0.12920786
v 0.07644232 -0.29359186 0.12809637
v 0.10591324 -0.27557972 0.12331801
v 0.10347830 -0.25413647 0.12201632
v 0.04028711 -0.11865078 0.16039361
v 0.02287359 -0.12239605 0.16407318
v 0.07720961 -0.11353607 0.14173053
v 0.05812078 -0.11578428 0.15333819
v 0.05835423 -0.13716494 0.15735023
v 0.04549864 -0.03161685 0.14435916
v 0.04300954 -0.05151618 0.14904286
v 0.06295774 -0.05197658 0.13925050
v 0.06592116 -0.03258667 0.13450506
v 0.06900438 -0.01257572 0.13022499
v 0.04811822 -0.01131678 0.13960077
v 0.04855841 0.02536780 0.12564074
v 0.06854194 0.02075854 0.11999757
v 0.07051150 0.03426586 0.12763967
v 0.03313344 0.16904867 0.09341895
v 0.03269015 0.15428005 0.10415787
v 0.17812015 -0.24903432 0.07186167
v 0.01277378 -0.38395628 -0.02958142
v 0.02132586 -0.41668701 -0.03552708
v 0.00617083 -0.42187279 -0.00626683
v 0.00338293 -0.39513779 0.00212053
v 0.17958541 -0.19808458 0.05096415
v 0.14364555 -0.11614946 0.07257513
v 0.14853328 -0.13202396 0.07460839
v 0.14155042 0.02692851 0.05308652
v 0.13730226 0.00778043 0.04613022
v 0.08545200 0.07971271 0.14909296
v 0.08332438 0.09134980 0.14725038
v 0.18573651 -0.37411025 -0.02276240
v 0.12602484 -0.48742396 0.11160368
v 0.09226823 -0.48573413 0.11928327
v 0.08694187 -0.51513356 0.11100859
v 0.12001099 -0.51669335 0.10517754
v 0.00655108 -0.46241593 0.04243389
v 0.00998986 -0.49130204 0.03158693
v 0.01620763 -0.49548414 0.05769524
v 0.01453421 -0.46766055 0.06917948
v 0.01399049 -0.52015203 0.02275430
v 0.01642025 -0.54807991 0.01355100
v 0.01921711 -0.55343997 0.03779854
v 0.01853110 -0.52482426 0.04911057
v 0.15927857 -0.45605716 0.08971517
v 0.16161402 -0.51061577 0.04985422
v 0.16843902 -0.48148030 0.05182277
v 0.15256815 -0.48628944 0.08638343
v 0.14658768 -0.51556349 0.08207437
v 0.12021570 -0.43274722 -0.05523598
v 0.00333549 -0.41320005 0.06564155
v 0.00406311 -0.43541554 0.05432757
v 0.02044335 -0.48560178 -0.01865445
v 0.01294533 -0.45397139 -0.01294439
v 0.03049740 -0.45223194 -0.03801163
v 0.03771269 -0.48421448 -0.04081276
v 0.14389373 -0.49232456 -0.03808231
v 0.14599852 -0.46444684 -0.03914409
v 0.16514346 -0.46889216 -0.01603946
v 0.16098656 -0.49724901 -0.01468131
v 0.17291586 -0.47500300 0.01624592
v 0.16638124 -0.50388414 0.01595598
v 0.14997843 -0.56635469 0.04578162
v 0.15528414 -0.53878224 0.04768012
v 0.14009987 -0.54367167 0.07802250
v 0.13365760 -0.57083094 0.07353837
v 0.15671234 -0.55910033 0.01374585
v 0.16121580 -0.53164595 0.01467190
v 0.15400776 -0.55207050 -0.01426451
v 0.15771858 -0.52493274 -0.01467011
v 0.14020461 -0.54625022 -0.03573976
v 0.14263761 -0.51930898 -0.03742810
v 0.12071528 -0.54229379 -0.05059889
v 0.12077028 -0.51588583 -0.05223908
v 0.09432612 -0.51339471 -0.05819922
v 0.09724759 -0.54011136 -0.05655038
v 0.07264411 -0.53914118 -0.05483612
v 0.06805705 -0.51226115 -0.05500914
v 0.03214339 -0.54190439 -0.03026622
v 0.02685494 -0.51472217 -0.02441840
v 0.04388933 -0.51299441 -0.04396848
v 0.04967076 -0.54000759 -0.04650891
v 0.05185336 -0.64740103 -0.04899753
v 0.04536641 -0.61939043 -0.04695645
v 0.06540735 -0.61746579 -0.05240213
v 0.07107298 -0.64495903 -0.05186161
v 0.08882795 -0.64275515 -0.05565070
v 0.08488961 -0.61644572 -0.05302056
v 0.10334491 -0.61588484 -0.05367323
v 0.10790090 -0.64198470 -0.05609268
v 0.13462354 -0.62182915 -0.03160244
v 0.13699667 -0.64746839 -0.03318771
v 0.12467717 -0.64322180 -0.04901510
v 0.12120613 -0.61743850 -0.04716993
v 0.14848529 -0.62806958 -0.01284478
v 0.14828032 -0.65291274 -0.01372092
v 0.14938638 -0.63507050 0.01179469
v 0.14619273 -0.65949106 0.01031306
v 0.13433331 -0.64102936 0.03686434
v 0.13086595 -0.66461164 0.03388898
v 0.02083361 -0.63277346 0.00573624
v 0.02007740 -0.62733197 -0.01465219
v 0.02601922 -0.65429962 -0.02182181
v 0.02476542 -0.65968859 -0.00092894
v 0.04748518 -0.64243615 0.04701558
v 0.05037115 -0.66774416 0.03538477
v 0.06562626 -0.66849995 0.05612331
v 0.06589989 -0.64431852 0.06697252
v 0.14504397 -0.59231251 0.04384005
v 0.15262070 -0.58509886 0.01303251
v 0.15040183 -0.57794154 -0.01372161
v 0.13697681 -0.57188582 -0.03359883
v 0.03631957 -0.56756175 -0.03638392
v 0.05496964 -0.56543958 -0.04893948
v 0.01945138 -0.58071452 0.02710863
v 0.01742041 -0.57500875 0.00423950
v 0.09591171 -0.62191343 0.07959411
v 0.12144751 -0.62117839 0.06541806
v 0.12732075 -0.59650087 0.06936792
v 0.10064543 -0.59685063 0.08394003
v 0.15094244 -0.61023176 0.01238641
v 0.14838625 -0.60299850 -0.01321326
v 0.13514832 -0.59692550 -0.03197357
v 0.10129891 -0.59094203 -0.05285203
v 0.12029784 -0.59278286 -0.04681709
v 0.08113582 -0.59050143 -0.05282689
v 0.04074769 -0.59296942 -0.04233401
v 0.06008309 -0.59090829 -0.05123349
v 0.02060064 -0.60732371 0.01620333
v 0.01865264 -0.60125887 -0.00534811
v 0.09057392 -0.66873920 0.06360500
v 0.11520588 -0.66746265 0.05399178
v 0.11683439 -0.64455128 0.05918288
v 0.09238110 -0.64649642 0.07379115
v 0.09030024 -0.68994236 0.05266914
v 0.06825184 -0.69036525 0.04551135
v 0.11127804 -0.66877490 -0.05817857
v 0.09377383 -0.66967452 -0.05873913
v 0.12747541 -0.66995633 -0.05083296
v 0.14299044 -0.68463248 0.00982120
v 0.14919664 -0.67759919 -0.01611675
v 0.12854448 -0.68988442 0.03293320
v 0.11190145 -0.68899417 0.04808048
v 0.04002647 -0.70891988 -0.02865299
v 0.03821924 -0.71225971 -0.01035847
v 0.03143801 -0.68426573 -0.00663457
v 0.03417920 -0.68100607 -0.02465342
v 0.06143020 -0.70291305 -0.05628536
v 0.05911598 -0.67495251 -0.04707194
v 0.07638022 -0.67234111 -0.05233437
v 0.07836647 -0.69941932 -0.06553677
v 0.11663286 -0.69640356 -0.06655489
v 0.09750759 -0.69679701 -0.06951089
v 0.13395052 -0.69640124 -0.05833442
v 0.14986818 -0.70474666 -0.01785084
v 0.14791371 -0.69899631 -0.04184506
v 0.14168803 -0.67244530 -0.03701966
v 0.14258078 -0.71144474 0.01136068
v 0.12144283 -0.74645263 0.02928405
v 0.14466424 -0.74017358 0.01137423
v 0.11985034 -0.71714669 0.03168733
v 0.09846558 -0.84221697 0.01604091
v 0.09896442 -0.87587589 0.01093379
v 0.12103990 -0.87288958 0.01070479
v 0.12344152 -0.83948582 0.01627818
v 0.04121052 -0.73864287 -0.03575901
v 0.04137565 -0.74099290 -0.01469095
v 0.08038519 -0.72874284 -0.07684050
v 0.06130801 -0.73259908 -0.06718052
v 0.15692286 -0.76331991 -0.02301014
v 0.15476179 -0.75855452 -0.04954479
v 0.15209027 -0.72791499 -0.04497627
v 0.15357403 -0.73330796 -0.01864964
v 0.04352573 -0.83568347 -0.02808911
v 0.04083287 -0.80341756 -0.02464255
v 0.04122324 -0.80144429 -0.04668595
v 0.04412116 -0.83417040 -0.04847231
v 0.07911399 -0.76043117 -0.08469516
v 0.07963909 -0.79331106 -0.08885079
v 0.06143333 -0.79641128 -0.07870000
v 0.06020419 -0.76413637 -0.07424714
v 0.15423919 -0.83037615 -0.02819073
v 0.15345295 -0.82738501 -0.05274403
v 0.15580571 -0.79172897 -0.05222973
v 0.15708557 -0.79563838 -0.02610065
v 0.12376092 -0.77556545 0.02608176
v 0.12555167 -0.80682814 0.02116188
v 0.14755116 -0.80090994 0.00231311
v 0.14762078 -0.76970983 0.00685440
v 0.09633764 -0.77825165 0.02625767
v 0.09853484 -0.80913448 0.02138771
v 0.05737338 -0.90432984 -0.04801387
v 0.05697087 -0.90788174 -0.03110440
v 0.04993149 -0.87122184 -0.02980513
v 0.05040152 -0.86852264 -0.04856234
v 0.08205528 -0.82749116 -0.08870827
v 0.08501675 -0.86337417 -0.08448906
v 0.06850535 -0.86510450 -0.07603887
v 0.06393768 -0.83003408 -0.07926853
v 0.14391111 -0.90446436 -0.03175490
v 0.14202166 -0.90230548 -0.05257535
v 0.14847417 -0.86477429 -0.05260072
v 0.14956906 -0.86678255 -0.03040727
v 0.11908393 -0.90914321 0.00480396
v 0.13758235 -0.90679365 -0.00931639
v 0.14153242 -0.86950433 -0.00465533
v 0.09864128 -0.91144198 0.00573071
v 0.09814043 -0.94687968 0.00221681
v 0.11554276 -0.94502765 0.00186411
v 0.06264064 -0.93935853 -0.04694919
v 0.06382702 -0.94190764 -0.03163584
v 0.07441309 -0.93597901 -0.06857862
v 0.07280958 -0.90104681 -0.07192866
v 0.08713287 -0.89882630 -0.07958943
v 0.08755757 -0.93357003 -0.07612585
v 0.12133171 -0.90082264 -0.07741091
v 0.11869828 -0.93515044 -0.07322940
v 0.10348269 -0.93333226 -0.07781176
v 0.10460648 -0.89905292 -0.08162509
v 0.13466939 -0.93656451 -0.05115525
v 0.12825994 -0.93572545 -0.06459337
v 0.13424499 -0.90120238 -0.06779772
v 0.13824871 -0.93848598 -0.03213237
v 0.13260171 -0.94209445 -0.01083872
v 0.00279557 -0.35828939 -0.00575920
v 0.00937849 -0.36409909 -0.01754136
v 0.00187267 -0.37852553 0.01383661
v -0.00049519 -0.37023959 0.02604078
v 0.03226816 -0.50340414 0.08325478
v 0.03321967 -0.47383812 0.09368566
v 0.03092656 -0.55977583 0.06148849
v 0.03246553 -0.53251058 0.07370522
v 0.03078666 -0.58679354 0.04955579
v 0.03146323 -0.63962311 0.02675871
v 0.03135348 -0.61332309 0.03779724
v 0.03406207 -0.66487819 0.01674254
v 0.04025180 -0.68986255 0.01157698
v 0.04578171 -0.71682763 0.00939641
v 0.05178464 -0.77311349 0.00189746
v 0.05029485 -0.74396795 0.00588273
v 0.04115230 -0.77168179 -0.01998187
v 0.05466357 -0.83817261 -0.00602339
v 0.05251856 -0.80469024 -0.00209702
v 0.06525529 -0.91098464 -0.01418675
v 0.05945010 -0.87437016 -0.01018579
v 0.07179770 -0.94468689 -0.01648296
v 0.07467024 -0.36588562 0.13399987
v 0.07831868 -0.34021947 0.13330106
v 0.04945880 -0.35322651 0.12556046
v 0.04505549 -0.37354112 0.12360505
v 0.00250803 -0.34569538 0.04921698
v 0.00078041 -0.35175776 0.04820018
v 0.00418781 -0.35152137 0.06425167
v 0.00549949 -0.34324062 0.06365917
v 0.14049058 -0.61723983 0.04121373
v 0.11994828 -0.56770408 -0.04806473
v 0.07689971 -0.56486642 -0.05357387
v 0.09926878 -0.56563604 -0.05404751
v 0.04590119 -0.61810112 0.05951125
v 0.06784972 -0.62032187 0.07580080
v 0.07154612 -0.59520221 0.08362980
v 0.04790507 -0.59213722 0.07000314
v 0.09340125 -0.75158542 0.02967550
v 0.06875294 -0.74848825 0.02178755
v 0.07167888 -0.77671909 0.01724217
v 0.09239671 -0.72709405 0.03411542
v 0.14017335 -0.72482574 -0.06491153
v 0.12242328 -0.72458076 -0.07576478
v 0.10207210 -0.75684863 -0.08785219
v 0.10163239 -0.72590756 -0.07944740
v 0.12476337 -0.75507104 -0.08384686
v 0.05399135 -0.53991371 0.09254469
v 0.05044929 -0.56590098 0.08176498
v 0.07662287 -0.56965339 0.09282514
v 0.08165234 -0.54317123 0.10212803
v 0.10839670 -0.05051221 -0.04974103
v 0.12251736 -0.05351875 -0.03374516
v 0.14061520 0.05226830 0.09528522
v 0.13132834 0.04468822 0.10476986
v 0.12964351 0.03289751 0.08960199
v 0.14079876 0.04028797 0.07733012
v 0.14868833 0.05108192 0.06872452
v 0.14721653 0.06256176 0.08697284
v 0.15344621 0.06365892 0.06109200
v 0.15158649 0.07503400 0.07864542
v 0.16612771 0.12775071 0.02925529
v 0.17404032 0.13917452 0.02378530
v 0.02642936 0.02535828 0.13036343
v 0.02673116 0.00818248 0.13813151
v 0.04936516 0.00767082 0.13359129
v 0.05859452 -0.15791951 0.16008608
v 0.07529622 -0.24260788 0.13767403
v 0.05135529 -0.24647322 0.14630643
v 0.04383774 -0.27148956 0.13995290
v 0.00928473 -0.32218227 0.10565328
v 0.00196319 -0.33069843 0.08812069
v 0.00131260 -0.34038076 0.06482773
v 0.00112397 -0.34338382 0.04828019
v 0.05614894 0.00011336 -0.08686218
v 0.05688237 0.02129783 -0.09253287
v 0.01655337 0.18607278 -0.09798084
v 0.03494053 0.18973117 -0.10124916
v 0.03359482 0.21508363 -0.09485469
v 0.01646186 0.21101362 -0.09326029
v 0.01601035 0.22220369 -0.09072201
v 0.03228324 0.22622061 -0.09150477
v 0.01536857 0.27661988 -0.06953365
v 0.01655171 0.26653937 -0.07543653
v -0.00083201 -0.34938762 0.03068304
v -0.00129822 -0.35224462 0.02151442
v -0.00053442 -0.35756963 0.04453972
v 0.01749858 -0.39696094 0.09974501
v 0.02089830 -0.37928003 0.10575610
v 0.00591893 -0.38103521 0.08218286
v 0.00413389 -0.39541030 0.07536620
v 0.19876623 -0.33825946 0.02176986
v 0.18939550 -0.34316453 0.06242609
v 0.09216211 -0.37272352 -0.07235099
v 0.33681098 0.16596219 -0.04964985
v 0.31274939 0.16186236 -0.04888355
v 0.31432468 0.16973104 -0.06058382
v 0.33819088 0.17429759 -0.06054638
v 0.06063783 0.09422624 -0.11141476
v 0.06735487 0.06829329 -0.10447169
v 0.07905005 0.26572153 0.00312923
v 0.13178900 0.27139500 -0.00405890
v 0.12126390 0.27049404 -0.00747818
v 0.12240738 0.25931892 0.01620773
v 0.13151513 0.26064816 0.01952178
v 0.13750738 0.23046333 -0.07655846
v 0.12618858 0.22756687 -0.08308136
v 0.12530833 0.24392846 -0.07231902
v 0.13584857 0.24563874 -0.06633368
v 0.06501981 -0.24184036 -0.11864040
v 0.03380558 -0.24147348 -0.11794793
v 0.03948386 -0.05863689 -0.07256213
v 0.03766119 -0.03867195 -0.07800824
v 0.05687884 -0.04187615 -0.07652511
v 0.05952124 -0.06153661 -0.07154076
v 0.09014012 0.08154453 -0.10305633
v 0.10343198 0.06649122 -0.09329582
v 0.03533196 0.09165234 0.14241973
v 0.05154028 0.09717194 0.14423290
v 0.05013996 0.11391306 0.13551269
v 0.03326658 0.10999234 0.13501447
v 0.28151292 0.19228433 -0.07309146
v 0.28920695 0.17718579 -0.06845246
v 0.26616189 0.17105266 -0.06534313
v 0.26033363 0.17987593 -0.07034359
v 0.16364186 -0.35041192 -0.05795215
v 0.18999594 -0.33267927 -0.02555009
v 0.13366021 -0.02360820 -0.02381735
v 0.13221981 -0.04041047 -0.01844888
v 0.12019735 -0.03699113 -0.03883382
v 0.12221727 -0.02063019 -0.04496710
v 0.13960628 0.02282430 -0.02706129
v 0.13505405 0.00859239 -0.02673627
v 0.14620307 0.03690564 -0.02879710
v 0.20175202 0.14417787 -0.03958428
v 0.19253546 0.13316576 -0.03692788
v 0.19119029 0.13554254 -0.04540010
v 0.04076407 -0.39602444 0.11898294
v 0.05091105 -0.31414640 0.12276132
v 0.04413025 -0.29957569 0.12433143
v 0.00046764 -0.34399968 0.03456677
v 0.00089832 -0.34316266 0.03530217
v 0.05358166 0.28157541 0.01696482
v 0.05870495 0.28486308 0.00210512
v 0.24756725 0.15701155 -0.02761694
v 0.22948861 0.15686685 -0.02362747
v 0.17445773 0.11014491 -0.02105415
v 0.18350802 0.12055661 -0.02309797
v 0.18145153 0.12427869 -0.00872478
v 0.17308109 0.11334661 -0.00515436
v 0.17405841 0.10971869 -0.03435255
v 0.18344302 0.11950936 -0.03525609
v 0.13281445 0.17852579 0.06585882
v 0.13355774 0.19616373 0.05713785
v 0.12313014 0.19868815 0.05903979
v 0.12262627 0.18114892 0.06934949
v 0.11170039 0.18069924 0.07312969
v 0.11244096 0.19909869 0.06124225
v 0.09963606 0.19767006 0.06440469
v 0.09852146 0.17995383 0.07750143
v 0.07571893 0.24805522 0.02659279
v 0.06089231 0.23982951 0.04100585
v 0.04436973 0.23371093 0.05034494
v 0.02925044 0.22983527 0.05662229
v 0.01683512 0.25532681 -0.08046727
v 0.03713153 0.25893080 -0.07898909
v 0.03277956 0.24698384 -0.08456101
v 0.01591882 0.24375248 -0.08452163
v 0.00093823 0.24219473 -0.08401107
v 0.00058833 0.25310504 -0.08039440
v 0.04735735 0.26834536 0.02736423
v 0.03499077 0.26411769 0.03770412
v 0.02472945 0.24988244 0.04524638
v 0.32771078 0.24686548 -0.00502172
v 0.30314419 0.24788824 -0.00450635
v 0.05729982 0.29382899 -0.02992093
v 0.06003823 0.28990108 -0.01361787
v 0.32871071 0.25131065 -0.02170540
v 0.30398908 0.25238994 -0.02173215
v 0.11439588 0.23814103 0.03407199
v 0.12393804 0.23999242 0.03353838
v 0.11295845 0.25753355 0.01501547
v 0.04457323 0.27850559 0.02975829
v 0.03333767 0.27481112 0.04009056
v 0.19729590 -0.30123597 0.03034617
v 0.18695106 -0.30577761 0.06612504
v 0.14292021 -0.06284043 0.03552914
v 0.13829890 -0.06600614 0.05957491
v 0.00190058 -0.03176395 0.15000871
v 0.00053858 -0.05161282 0.15468439
v 0.02183387 -0.05165800 0.15384348
v 0.02398756 -0.03130781 0.14922620
v 0.00339193 0.02427605 0.13124949
v 0.00316379 0.00661879 0.13850185
v 0.01093784 0.27939910 0.05072971
v 0.03972733 -0.09530940 0.15625151
v 0.04095355 -0.07246023 0.15305634
v 0.02004055 -0.07368037 0.15708265
v 0.01834238 -0.09954124 0.15974320
v 0.00891152 -0.12442840 0.16591659
v 0.00727074 -0.13603087 0.16771241
v 0.02214702 -0.28845552 0.13876915
v 0.01127874 -0.28778616 0.14106879
v 0.24013078 0.22519165 0.02657278
v 0.23931521 0.24317063 0.01855962
v 0.22301424 0.24389833 0.02318843
v 0.22451562 0.22495741 0.03033199
v 0.07797427 -0.09223753 0.13585335
v 0.05894994 -0.09314778 0.14852017
v 0.15759073 0.12513077 0.04977970
v 0.16045207 0.11616010 0.03422674
v 0.02595861 0.04336647 0.13312230
v 0.06714513 0.10237633 0.14381178
v 0.06609245 0.11717086 0.13448411
v 0.08211251 0.10576409 0.14096251
v 0.08140703 0.11965794 0.13141298
v 0.00047611 -0.33870855 0.01989180
v -0.00026434 -0.34708789 0.02796558
v 0.22303961 0.22965251 -0.06661972
v 0.22538346 0.22070296 -0.06975513
v 0.21383522 0.21631061 -0.06988053
v 0.21158642 0.22664389 -0.06725141
v 0.00033781 -0.40613115 0.03544471
v 0.00011755 -0.39002040 0.04598758
v 0.01760173 -0.34980518 -0.04444868
v 0.00411752 -0.34601107 -0.03007734
v 0.00040662 -0.34247491 -0.03199972
v 0.00089549 -0.33492610 -0.04594936
v 0.06287269 -0.45221940 0.12013282
v 0.06732367 -0.42222491 0.12749034
v 0.05976982 -0.48206630 0.11158755
v 0.05661198 -0.51179743 0.10246595
v 0.05494870 -0.69217145 0.02762919
v 0.06537431 -0.71933085 0.02746660
v 0.07402579 -0.80769807 0.01217038
v 0.07586377 -0.84079397 0.00703908
v 0.07798342 -0.87615746 0.00207320
v 0.08347853 -0.94676417 -0.00539677
v 0.08044718 -0.91264522 -0.00228899
v 0.33046114 0.24864389 -0.03805761
v 0.33323026 0.24115670 -0.05184482
v 0.30738103 0.24057443 -0.05429090
v 0.30394650 0.24924031 -0.03974453
v 0.28687820 0.16036168 -0.01994770
v 0.30892566 0.16120987 -0.02142963
v 0.30718121 0.16797432 -0.00714178
v 0.28430006 0.16797633 -0.00553436
v 0.33200672 0.16221000 -0.02302646
v 0.31064835 0.15878716 -0.03566696
v 0.33434555 0.16176119 -0.03702486
v 0.33811310 0.18659249 -0.06843545
v 0.31429175 0.18191087 -0.06891090
v 0.31146276 0.19749571 -0.07270335
v 0.33699164 0.20155270 -0.07138693
v 0.33514488 0.22975332 -0.06229723
v 0.33654112 0.21613774 -0.06913417
v 0.31129101 0.21396776 -0.07073318
v 0.31043443 0.22866054 -0.06423250
v 0.32844076 0.18992636 0.01281246
v 0.30389741 0.19069453 0.01455926
v 0.30534083 0.17818940 0.00537618
v 0.32940629 0.17709735 0.00412179
v 0.23901577 0.25691414 0.00388980
v 0.22228943 0.25923836 0.00834537
v 0.18102020 0.16041426 0.03102064
v 0.19241059 0.16952388 0.02267588
v 0.19474563 0.18182798 0.03531291
v 0.18146655 0.17527561 0.04135063
v 0.27770218 0.23837337 0.01219864
v 0.27960986 0.25051636 -0.00283133
v 0.25758237 0.25380278 0.00021171
v 0.25704500 0.24086462 0.01546354
v 0.27989787 0.19080739 0.01708510
v 0.25706187 0.19041398 0.02053295
v 0.25861236 0.17865169 0.00990017
v 0.28166565 0.17869005 0.00737585
v 0.26748100 0.16076717 -0.05536881
v 0.29046419 0.16523248 -0.05905468
v 0.22477055 0.20531800 0.03170576
v 0.24008803 0.20620091 0.02846994
v 0.15524355 0.11396313 0.05509426
v 0.16749671 0.10397235 -0.00180826
v 0.16332984 0.09391809 0.00120583
v 0.13279125 0.05925643 0.11529622
v 0.13360974 0.07457272 0.11892102
v 0.15817310 0.07109603 0.03194426
v 0.15555750 0.05548362 0.03863243
v 0.13812993 0.07529173 0.11210098
v 0.13953008 0.06518389 0.10714611
v 0.08701739 0.00331748 0.11403049
v 0.02657580 0.23988704 0.04925922
v 0.25696915 0.20581584 0.02502679
v 0.25724983 0.22374429 0.02335819
v 0.24326010 0.17250049 -0.06652391
v 0.24578017 0.16434301 -0.06008083
v 0.22823957 0.15950505 -0.05462315
v 0.22731613 0.16674270 -0.06183968
v 0.12358098 0.10698897 -0.09298428
v 0.13081752 0.09575921 -0.08453678
v 0.11780515 0.08145507 -0.08959834
v 0.10815562 0.09384921 -0.09933701
v 0.22388735 0.24570319 -0.05679273
v 0.21104194 0.24595329 -0.05651792
v 0.21307115 0.25485575 -0.04620229
v 0.22774823 0.25342706 -0.04752467
v 0.21630819 0.26221907 -0.03160885
v 0.22045389 0.26563716 -0.01228583
v 0.23736414 0.26289299 -0.01543836
v 0.23278660 0.26005393 -0.03393525
v 0.19202267 -0.26609513 0.00710957
v 0.18483047 -0.26456770 -0.02347223
v 0.11819205 -0.14373858 0.11595031
v 0.13537431 -0.13837327 0.09663976
v 0.10370325 -0.23212366 0.12686147
v 0.00883636 -0.35868344 0.08474811
v 0.02695562 -0.34906381 0.10889871
v 0.00194444 -0.42911834 0.02481914
v 0.19109911 -0.26840976 0.03696081
v 0.01200612 -0.48792309 0.00642705
v 0.00632164 -0.45795980 0.01514626
v 0.06385123 -0.48446527 -0.05432247
v 0.05859449 -0.45326358 -0.05428046
v 0.09012755 -0.45719439 -0.05899966
v 0.09199546 -0.48630500 -0.05852016
v 0.12011952 -0.46102193 -0.05336539
v 0.11989568 -0.48902491 -0.05278806
v 0.10684966 -0.57168639 0.08999059
v 0.10250954 -0.79081923 -0.09200231
v 0.12452477 -0.82570308 -0.08631015
v 0.10330562 -0.82634491 -0.09129377
v 0.12518187 -0.78888553 -0.08737987
v 0.14320233 -0.75560504 -0.07068822
v 0.14372793 -0.78907001 -0.07350650
v 0.14507972 -0.83411855 -0.00070819
v 0.10442118 -0.86256480 -0.08699208
v 0.12345535 -0.86343336 -0.08212228
v 0.14243086 -0.82549042 -0.07292659
v 0.13892369 -0.86332202 -0.07040678
v 0.00055809 -0.37844661 0.05522235
v 0.00111196 -0.33349481 -0.06234039
v 0.16612029 -0.31480661 0.10080881
v 0.16757920 -0.34662527 0.09784202
v 0.07924335 -0.31581295 0.13034779
v 0.10796778 -0.30122659 0.12846237
v 0.11349515 -0.07230633 0.09850211
v 0.09646083 -0.07324688 0.11392117
v 0.11469118 -0.03407168 0.08840545
v 0.11422034 -0.05369512 0.09300654
v 0.12786314 -0.05098813 0.07513908
v 0.12788641 -0.03216744 0.07044530
v 0.14186536 -0.02793772 0.02511186
v 0.14150174 -0.04571846 0.03004410
v 0.14004301 -0.04327191 0.00508483
v 0.14048842 -0.02577990 -0.00010867
v 0.13470581 -0.05702890 -0.01309709
v 0.14199318 -0.06014463 0.01060377
v 0.07438648 -0.02526666 -0.07575861
v 0.07459458 -0.00504939 -0.08120275
v 0.09171607 -0.01049990 -0.07314865
v 0.09119181 -0.02929980 -0.06685023
v 0.03336194 -0.29136255 0.13222122
v 0.00220221 -0.36022910 0.06366879
v 0.07124870 -0.39326537 0.13212883
v 0.10796113 -0.35907656 0.13592543
v 0.14014001 -0.35394889 0.12405382
v 0.22670189 0.16243260 -0.01195557
v 0.15692700 0.12469611 -0.06873738
v 0.15505338 0.13620158 -0.07351378
v 0.25612643 0.25910217 -0.01873043
v 0.25126341 0.25624338 -0.03696012
v 0.23815279 0.19007947 0.02415310
v 0.20919503 0.24423853 0.02738132
v 0.19610330 0.22367197 0.03911329
v 0.21035999 0.22387153 0.03465763
v 0.13110210 -0.24133401 0.11024459
v 0.13414176 -0.26400903 0.11254662
v 0.15886705 -0.25482386 0.09528338
v 0.00077307 -0.34645906 -0.01323267
v 0.00058880 -0.34094414 -0.02111536
v 0.05231708 -0.33302543 0.12474086
v 0.02045739 -0.54448098 -0.00953993
v 0.01683251 -0.51708603 -0.00138033
v 0.02328291 -0.57063711 -0.01769677
v 0.02625599 -0.59644055 -0.02587314
v 0.02972752 -0.62280023 -0.03362496
v 0.03597767 -0.64941299 -0.03942252
v 0.04453151 -0.67709994 -0.03920000
v 0.04873019 -0.70590425 -0.04401783
v 0.04096973 -0.76967263 -0.04223117
v 0.04806595 -0.73554301 -0.05344698
v 0.04774621 -0.76679373 -0.06009255
v 0.04894811 -0.79913998 -0.06411322
v 0.05735920 -0.86689276 -0.06353166
v 0.05165460 -0.83227789 -0.06525988
v 0.06316833 -0.90213257 -0.06130985
v 0.06680120 -0.93743616 -0.05924751
v -0.00047407 -0.34322539 0.01379937
v -0.00027044 -0.34544003 0.00141587
v 0.10346403 0.23635192 0.03454785
v 0.16981357 0.12005890 0.01214067
v 0.17762439 0.13034318 0.00742213
v 0.22217128 0.18905476 0.02726171
v 0.00146890 -0.32808211 -0.07884230
v 0.00102075 -0.31941664 -0.09313790
v 0.28718269 0.22561432 -0.06688098
v 0.28278357 0.23889253 -0.05805644
v 0.23737843 0.17886358 0.01228501
v 0.18229821 0.15102559 0.01667360
v 0.19186714 0.16146821 0.00945970
v 0.52523041 0.24633242 -0.01884015
v 0.54461533 0.24267325 -0.01882937
v 0.54442585 0.24753444 -0.02969545
v 0.52449745 0.25055420 -0.03079029
v 0.52485090 0.23724490 -0.00969118
v 0.54389358 0.23349327 -0.01083057
v 0.52105159 0.17934145 -0.02839218
v 0.54094762 0.18093015 -0.03271064
v 0.54034114 0.18840109 -0.02136030
v 0.52051473 0.18777309 -0.01722110
v 0.56125325 0.21888693 -0.00897183
v 0.54262120 0.22195953 -0.00689381
v 0.54104531 0.20944892 -0.00782239
v 0.56002200 0.20762682 -0.01084912
v 0.52140963 0.17988677 -0.05684570
v 0.50203693 0.17603795 -0.05297838
v 0.50130635 0.18472244 -0.06398134
v 0.52073729 0.18901934 -0.06654524
v 0.44015566 0.18155670 -0.00628238
v 0.42403570 0.18377814 -0.00077123
v 0.42649561 0.17270418 -0.01013422
v 0.44257930 0.17133172 -0.01656006
v 0.48502350 0.25390738 -0.01896919
v 0.50527865 0.24998626 -0.01868129
v 0.50394285 0.25296772 -0.03175735
v 0.48293474 0.25486094 -0.03297481
v 0.48148957 0.21661372 0.00000863
v 0.45973045 0.22001296 0.00064031
v 0.45832792 0.20447871 -0.00087032
v 0.47969919 0.20134008 -0.00284009
v 0.46182150 0.25546819 -0.03483119
v 0.46400839 0.25706565 -0.02062158
v 0.52189040 0.21151580 -0.00469551
v 0.50210750 0.21379048 -0.00189925
v 0.50040394 0.19977425 -0.00556069
v 0.52058506 0.19876496 -0.00925831
v 0.55994177 0.18753736 -0.06016638
v 0.54080343 0.18376358 -0.05921090
v 0.54010415 0.19307925 -0.06755495
v 0.55942440 0.19687620 -0.06734929
v 0.55952972 0.19783932 -0.01679181
v 0.54018718 0.19820124 -0.01312925
v 0.55974716 0.18934640 -0.02531480
v 0.56252933 0.24078271 -0.05215132
v 0.54198366 0.24156681 -0.05514284
v 0.54322708 0.24657665 -0.04226238
v 0.56329715 0.24461752 -0.04011658
v 0.48039833 0.17836478 -0.01858911
v 0.50084990 0.17844297 -0.02363333
v 0.50018936 0.18750358 -0.01297762
v 0.47951272 0.18821533 -0.00908010
v 0.48500016 0.24526349 -0.00743838
v 0.50517631 0.24094726 -0.00852207
v 0.52124411 0.24173906 -0.05782741
v 0.50033033 0.24089080 -0.05981995
v 0.50187159 0.24945171 -0.04612657
v 0.52273816 0.24833128 -0.04430920
v 0.47921503 0.22419412 -0.06891628
v 0.49948412 0.22754629 -0.06855293
v 0.49936017 0.21209064 -0.07137351
v 0.47927561 0.20776421 -0.07010670
v 0.46156693 0.17112492 -0.02477999
v 0.45972738 0.17932297 -0.01253277
v 0.48234150 0.17270966 -0.04759441
v 0.46285790 0.16929205 -0.04072901
v 0.46230626 0.17592275 -0.05461252
v 0.48169580 0.18048897 -0.06002236
v 0.42415255 0.24059573 -0.00257684
v 0.44062093 0.23920566 -0.00144877
v 0.44223848 0.25179264 -0.00995021
v 0.42481247 0.25219882 -0.01257211
v 0.44237757 0.25775629 -0.02330428
v 0.42431235 0.25655404 -0.02686247
v 0.39821923 0.24730101 -0.04527535
v 0.40949264 0.24895681 -0.04387346
v 0.40786406 0.23731975 -0.05219166
v 0.39715067 0.23637240 -0.05369914
v 0.44104323 0.21295850 -0.06891165
v 0.45955810 0.21936084 -0.06915390
v 0.45980474 0.20201182 -0.06819989
v 0.44093466 0.19562736 -0.06583780
v 0.42652658 0.17657158 -0.05456761
v 0.44214696 0.18136011 -0.05950053
v 0.44420242 0.17104587 -0.04868127
v 0.42926627 0.16763400 -0.04226676
v 0.37500465 0.16768783 -0.04027642
v 0.38989776 0.16910680 -0.04133747
v 0.38934690 0.16503511 -0.02772109
v 0.37411731 0.16489834 -0.02684762
v 0.38594866 0.17540638 -0.00011540
v 0.38546446 0.18757936 0.00838623
v 0.37038967 0.18829341 0.00965336
v 0.37096882 0.17584771 0.00091924
v 0.37441280 0.24578318 -0.00593689
v 0.38786989 0.24491414 -0.00488261
v 0.38749495 0.25256833 -0.01986667
v 0.37412566 0.25197700 -0.02208835
v 0.42598087 0.20703524 -0.06828707
v 0.42330763 0.18934812 -0.06290798
v 0.39935821 0.17447145 -0.00218411
v 0.41236132 0.17359351 -0.00538974
v 0.41063371 0.18494768 0.00360097
v 0.39828384 0.18635446 0.00637784
v 0.39686120 0.21541856 0.00811424
v 0.40906456 0.21299464 0.00563665
v 0.40961558 0.22770984 0.00296954
v 0.39859599 0.22980294 0.00436350
v 0.39889622 0.24343304 -0.00390934
v 0.41053244 0.24208415 -0.00313589
v 0.41071942 0.25238156 -0.01500486
v 0.39883417 0.25252122 -0.01718303
v 0.41618595 0.20497383 -0.06705694
v 0.40789473 0.20180553 -0.06642595
v 0.40625200 0.21410686 -0.06428061
v 0.41468987 0.21787018 -0.06432492
v 0.41611528 0.16587985 -0.03559515
v 0.41447696 0.17348962 -0.04820334
v 0.42246160 0.21073307 0.00295873
v 0.40960893 0.19871290 0.00735826
v 0.42299649 0.19678323 0.00355275
v 0.41028211 0.25515884 -0.02973159
v 0.37610167 0.17330836 -0.05128811
v 0.35985309 0.17022413 -0.05055195
v 0.36047411 0.17826383 -0.06041481
v 0.37639663 0.18116201 -0.06050872
v 0.35841760 0.16542931 -0.03873027
v 0.35653332 0.16427520 -0.02534017
v 0.35199648 0.18919636 0.01110474
v 0.35279250 0.17639486 0.00246822
v 0.35167560 0.20420985 0.01518331
v 0.37041825 0.20346239 0.01325166
v 0.37032872 0.21887876 0.01181971
v 0.35106975 0.21958685 0.01425234
v 0.35214433 0.24611481 -0.00548532
v 0.35324576 0.25108331 -0.02186328
v 0.37431157 0.25006360 -0.03665564
v 0.35513401 0.24877042 -0.03757439
v 0.38770831 0.16735038 -0.01288878
v 0.40124553 0.16671479 -0.01512189
v 0.52007037 0.22982267 -0.06729780
v 0.54080862 0.23141146 -0.06496324
v 0.53983241 0.21827950 -0.07002737
v 0.51953435 0.21564762 -0.07137620
v 0.53956890 0.20514652 -0.07099707
v 0.55928445 0.20835961 -0.06961215
v 0.50397485 0.22827667 -0.00258861
v 0.52367884 0.22514634 -0.00468620
v 0.56253183 0.23009080 -0.01153069
v 0.42310181 0.22542895 0.00148595
v 0.43882269 0.22336252 0.00082180
v 0.39650667 0.22400247 -0.05938597
v 0.38657942 0.22235543 -0.06168180
v 0.38644597 0.23475702 -0.05542825
v 0.42494735 0.22378004 -0.06370811
v 0.42089546 0.23731259 -0.05228326
v 0.44018522 0.24412695 -0.05022455
v 0.44038069 0.23088901 -0.06279232
v 0.39890867 0.19854069 -0.06603885
v 0.38874385 0.19557400 -0.06642208
v 0.38766894 0.20925483 -0.06629843
v 0.39757288 0.21164560 -0.06494357
v 0.37242448 0.23361181 0.00606888
v 0.38693574 0.23188928 0.00522350
v 0.35822004 0.23095551 -0.06009860
v 0.35770747 0.24146330 -0.05054700
v 0.37468141 0.24338523 -0.04835726
v 0.37438068 0.23298632 -0.05729355
v 0.38705379 0.24541397 -0.04676727
v 0.35868707 0.21817985 -0.06678808
v 0.37470514 0.22049095 -0.06393073
v 0.35122135 0.23452288 0.00748877
v 0.37599710 0.19300862 -0.06665681
v 0.36003733 0.19026953 -0.06736083
v 0.35943806 0.20436643 -0.06936473
v 0.37541267 0.20695837 -0.06761600
v 0.51976395 0.20154774 -0.07117581
v 0.50002491 0.19750862 -0.06996721
v 0.42910284 0.16575886 -0.02528813
v 0.44452798 0.16656758 -0.03270542
v 0.41488317 0.16617335 -0.01925759
v 0.52164418 0.17616029 -0.04308520
v 0.54120833 0.17911232 -0.04670827
v 0.48165163 0.17202526 -0.03209053
v 0.50170833 0.17382301 -0.03802828
v 0.47960472 0.23915769 -0.06091356
v 0.40161523 0.17838572 -0.05348210
v 0.41176304 0.18207903 -0.05707158
v 0.40271571 0.17093144 -0.04379501
v 0.35406247 0.16797432 -0.01029594
v 0.37253019 0.16785040 -0.01205602
v 0.41523671 0.19439577 -0.06504688
v 0.33044985 0.16769768 -0.00860493
v 0.42286471 0.25119609 -0.04174613
v 0.38736531 0.25222567 -0.03446401
v 0.39879787 0.25369376 -0.03213513
v 0.56377405 0.24467880 -0.02823320
v 0.48347709 0.23175514 -0.00090100
v 0.43791834 0.20778280 0.00071563
v 0.43859777 0.19387925 -0.00078540
v 0.39009532 0.17550954 -0.05192636
v 0.38973451 0.18344340 -0.06074958
v 0.40009713 0.18659930 -0.06154833
v 0.38508806 0.20243682 0.01170476
v 0.38439187 0.21764550 0.01007785
v 0.56027383 0.18252777 -0.04912736
v 0.39756399 0.20075554 0.00986174
v 0.44088894 0.25396091 -0.03788361
v 0.01645203 0.19892782 -0.09556939
v 0.00009163 0.18517609 -0.09582748
v 0.00039818 0.19750193 -0.09349676
v 0.15071234 0.04167680 0.04530050
v 0.11380645 0.01864240 0.08849330
v 0.12742968 0.02114841 0.07353280
v 0.16419095 0.10987175 0.01642652
v 0.16056453 0.09837004 0.02098024
v 0.19568257 0.15411846 -0.00377239
v 0.18641928 0.14292929 0.00143502
v 0.15610783 0.07754762 0.05319411
v 0.07390929 0.42965493 -0.00987928
v 0.07204112 0.42304567 -0.01227436
v 0.07652657 0.44239238 -0.01039102
v 0.00775233 -0.11197127 0.16217929
v -0.00563051 -0.13729826 0.16653074
v -0.00580048 -0.14895463 0.16828634
v 0.07390980 0.41462716 0.00306940
v 0.07193240 0.40843335 -0.00055159
v 0.07589307 0.41135690 0.00188426
v 0.07385351 0.41652703 0.00517554
v 0.07353578 0.41558981 0.00482636
v 0.07717119 0.44485047 -0.00000974
v 0.06984908 0.41528830 -0.01279577
v 0.06767064 0.40629315 -0.01125816
v 0.07488154 0.43143886 0.00526713
v 0.04920542 -0.12167594 -0.07485858
v 0.05456503 -0.13950375 -0.08151545
v 0.02820912 -0.13924295 -0.08339815
v 0.02484481 -0.12195281 -0.07560527
v 0.00023907 -0.15432432 -0.09110612
v -0.00062488 -0.13720919 -0.08374208
v 0.03219030 -0.15868877 -0.09135383
v 0.15446977 -0.19080293 -0.06024849
v 0.15029639 -0.16877978 -0.05687906
v 0.16625538 -0.16635358 -0.03304222
v 0.17080438 -0.18747662 -0.03527744
v 0.16978213 -0.14986251 -0.00572453
v 0.17624751 -0.16630284 -0.00549696
v 0.15890811 -0.14870009 -0.03102954
v 0.17369410 -0.15315270 0.02305111
v 0.17929478 -0.17028296 0.02362385
v 0.17019345 -0.15895087 0.05107817
v 0.17541374 -0.17764673 0.05140306
v 0.16510607 -0.18576127 0.07608324
v 0.14879258 -0.19354980 0.09812876
v 0.12963532 -0.22087499 0.11332600
v 0.12790439 -0.20203906 0.11680007
v 0.10454652 -0.21003073 0.13154633
v 0.07953937 -0.21736863 0.14421834
v 0.05586241 -0.22277476 0.15368548
v 0.03460539 -0.22613563 0.15997326
v 0.01532117 -0.22770263 0.16329494
v -0.00179957 -0.22849493 0.16318217
v -0.00057886 -0.25133216 0.15673807
v 0.10088339 0.21663204 0.05070153
v 0.08206747 0.27317289 -0.05688054
v 0.09782981 0.27595356 -0.03503720
v 0.09058514 0.27022836 -0.05654487
v 0.11154560 0.22226359 -0.09107343
v 0.09350190 0.21395414 -0.09831472
v 0.09405662 0.22970377 -0.09101065
v 0.11170242 0.24010722 -0.08105735
v 0.07288747 0.26356933 -0.07045834
v 0.06778506 0.26619041 -0.06961779
v 0.07899985 0.25965872 -0.07260393
v 0.06491560 0.24950613 -0.08239786
v 0.04846514 0.24190210 -0.08674352
v 0.13254759 0.27018952 -0.02947897
v 0.14424901 0.26991445 -0.02460840
v 0.14332213 0.25986156 -0.04592146
v 0.13395585 0.26006317 -0.05113564
v 0.13860814 0.21511286 -0.08319359
v 0.14817472 0.21818087 -0.07784803
v 0.14937359 0.20359530 -0.08160739
v 0.13887884 0.19959991 -0.08730942
v 0.18082902 0.26897052 -0.01050470
v 0.19339007 0.26857898 -0.00966813
v 0.18954386 0.26435822 -0.03021981
v 0.17749621 0.26313224 -0.03164288
v 0.14645736 0.23281683 -0.07077368
v 0.08221389 0.10132373 -0.10975881
v 0.10101014 0.10948640 -0.10549639
v 0.11739045 0.11894888 -0.09972844
v 0.15345821 0.14818542 -0.07698501
v 0.14555065 0.12687604 -0.07927892
v 0.14329204 0.13991158 -0.08308518
v 0.16452116 0.15595052 -0.07315315
v 0.17365433 0.16097066 -0.06966956
v 0.18102780 0.22425026 0.04262440
v 0.18130705 0.19811150 0.04695527
v 0.19587511 0.20066765 0.04079870
v 0.19580153 0.16953561 -0.06376379
v 0.19705096 0.16428986 -0.06165350
v 0.18639921 0.15633373 -0.06102617
v 0.18488750 0.16238576 -0.06341824
v 0.12183391 0.27091390 -0.03370899
v 0.18768457 0.25387058 -0.04593346
v 0.18577750 0.24371779 -0.05691771
v 0.17448559 0.24044396 -0.05782299
v 0.17563726 0.25166243 -0.04705399
v 0.18648763 0.23139812 -0.06404041
v 0.18796548 0.21896414 -0.06844953
v 0.17718072 0.21518160 -0.06983846
v 0.17574100 0.22754775 -0.06548230
v 0.19495784 0.17637026 -0.06591264
v 0.18280300 0.16954894 -0.06617441
v 0.20845750 0.26102513 0.01112128
v 0.15615435 0.27028799 0.00644438
v 0.14367473 0.27136630 0.00107534
v 0.14214905 0.25972441 0.02481758
v 0.15366380 0.25618657 0.02892352
v 0.20934972 0.16037868 -0.00888742
v 0.21275030 0.15539862 -0.02065415
v 0.21463650 0.15132481 -0.03231259
v 0.18890959 0.14120941 -0.05318583
v 0.21532208 0.15097220 -0.04234111
v 0.20737843 0.18592775 0.03045736
v 0.21021494 0.20314327 0.03539409
v 0.14135163 0.23713838 0.03940748
v 0.15271020 0.23277254 0.04202721
v 0.20609464 0.26732326 -0.01048356
v 0.20204419 0.26360297 -0.03068674
v 0.22222190 0.17667797 -0.06774203
v 0.21058524 0.17018151 -0.06390774
v 0.20862427 0.17500032 -0.06614506
v 0.17759214 0.13366938 -0.05798616
v 0.18679649 0.14944518 -0.05811473
v 0.15630230 0.26977390 -0.01929285
v 0.19809932 0.24441510 -0.05709812
v 0.19941579 0.25477299 -0.04618079
v 0.16620219 0.22407755 -0.06837837
v 0.15716366 0.22090362 -0.07286546
v 0.15494196 0.23464032 -0.06586380
v 0.16417083 0.23694167 -0.06104504
v 0.20145619 0.21075262 -0.07023247
v 0.19931449 0.22280312 -0.06796515
v 0.15885097 0.20704441 -0.07649012
v 0.16775879 0.21079500 -0.07244685
v 0.20739554 0.18152988 -0.06808296
v 0.13246489 0.24024598 0.03589003
v 0.12421910 0.21893148 0.04799250
v 0.13359576 0.21820828 0.04778634
v 0.14251643 0.21352898 0.04890631
v 0.15370207 0.20718364 0.05053204
v 0.16725668 0.20027696 0.05051812
v 0.11387812 0.21788242 0.04905200
v 0.40876937 0.19052485 -0.06311898
v 0.22539283 0.17286026 -0.06601454
v 0.23356758 0.18297277 -0.07054988
v 0.23848096 0.17865470 -0.06941346
v 0.28669780 0.21046673 -0.07216244
v 0.00236898 0.35698521 0.11579946
v 0.00282961 0.35166281 0.11292592
v 0.00082808 0.38003135 0.11671035
v 0.00100275 0.37655750 0.11745223
v 0.40598202 0.22558717 -0.05785749
v 0.41355786 0.22716448 -0.05771123
v 0.45942616 0.23607750 -0.06192894
v 0.46022260 0.24795485 -0.04898652
v 0.48088497 0.24940257 -0.04768899
v 0.46367946 0.24964109 -0.00799320
v 0.46186113 0.23599176 -0.00051082
v 0.45853043 0.19054772 -0.00506521
v 0.46078736 0.18741031 -0.06372511
v 0.60069120 0.23347276 -0.01532284
v 0.61949503 0.23015149 -0.01388175
v 0.62079161 0.23759337 -0.02156221
v 0.60164428 0.23990156 -0.02427984
v 0.63773954 0.22706299 -0.01190534
v 0.61818129 0.22056706 -0.01077738
v 0.63598305 0.21729229 -0.01078125
v 0.61676610 0.21104355 -0.01254215
v 0.63422155 0.20875001 -0.01373979
v 0.63297004 0.20155875 -0.01966781
v 0.61576617 0.20276240 -0.01771672
v 0.61584854 0.19705649 -0.02520182
v 0.63300145 0.19691625 -0.02749589
v 0.59764636 0.19190784 -0.03157861
v 0.59807497 0.18836412 -0.04164572
v 0.61663985 0.19148540 -0.04335508
v 0.61632317 0.19325122 -0.03408884
v 0.63454413 0.20190349 -0.05918276
v 0.61684471 0.19835271 -0.06026388
v 0.61710823 0.20707774 -0.06402736
v 0.63502634 0.20964803 -0.06252097
v 0.59993428 0.22483894 -0.06199897
v 0.61922985 0.22738072 -0.05996523
v 0.61807370 0.21728006 -0.06363733
v 0.59850925 0.21411309 -0.06561171
v 0.63694531 0.22959900 -0.05902829
v 0.62038445 0.23527004 -0.05312673
v 0.63781387 0.23675422 -0.05123452
v 0.58104813 0.22699149 -0.01139043
v 0.58210695 0.23647512 -0.01707774
v 0.56348860 0.23938103 -0.01820523
v 0.59755969 0.20418181 -0.01550514
v 0.59834117 0.21339729 -0.01125814
v 0.57980120 0.21617462 -0.01024253
v 0.57893008 0.20594274 -0.01337534
v 0.56016326 0.18330418 -0.03637474
v 0.57920593 0.18585108 -0.03932385
v 0.57866615 0.19071014 -0.02873865
v 0.59736216 0.19712298 -0.02249356
v 0.57851350 0.19754645 -0.01985080
v 0.59815663 0.18899938 -0.05215645
v 0.61669391 0.19287762 -0.05273630
v 0.60218030 0.24163376 -0.03500117
v 0.62129730 0.24047634 -0.03218615
v 0.62124282 0.23903249 -0.04299615
v 0.60207522 0.23956880 -0.04576926
v 0.57924521 0.18579881 -0.05076689
v 0.58290941 0.24306826 -0.03759508
v 0.58257353 0.24013491 -0.04894143
v 0.60116184 0.23418701 -0.05565222
v 0.58153307 0.23313913 -0.05869957
v 0.63913810 0.23958525 -0.02953067
v 0.63899213 0.23558761 -0.01884914
v 0.58275348 0.24238916 -0.02643924
v 0.59806997 0.19457328 -0.06090875
v 0.57903129 0.19118497 -0.06060293
v 0.57884222 0.20043156 -0.06670306
v 0.59798616 0.20373790 -0.06562421
v 0.56002778 0.22054255 -0.06739464
v 0.58008790 0.22251101 -0.06481515
v 0.57898664 0.21125640 -0.06763517
v 0.63587314 0.21959676 -0.06255344
v 0.56136262 0.23223968 -0.06190063
v 0.71402502 0.19392452 -0.02460249
v 0.71861583 0.19230169 -0.01570863
v 0.70976627 0.18901639 -0.01414847
v 0.70481104 0.19132084 -0.02365399
v 0.68971580 0.18204328 -0.00795864
v 0.69799298 0.18249321 0.00130065
v 0.69171906 0.18620546 0.00694845
v 0.68198216 0.18589674 -0.00117985
v 0.72215819 0.19367048 -0.00742426
v 0.71385521 0.18917906 -0.00600999
v 0.72117060 0.19837455 -0.00162466
v 0.72985101 0.19811039 -0.00796422
v 0.72939402 0.20488450 -0.00462806
v 0.73697674 0.20823950 -0.00655397
v 0.73549622 0.21634080 -0.01011972
v 0.72422409 0.21514027 -0.00651937
v 0.71819246 0.22569327 -0.02881749
v 0.73181707 0.22335765 -0.02906563
v 0.72925872 0.22395021 -0.03913312
v 0.71546352 0.22605129 -0.03847589
v 0.72033882 0.21908952 -0.05588123
v 0.70777214 0.22190076 -0.05385126
v 0.71194059 0.22403848 -0.04607316
v 0.72575659 0.22121729 -0.04732764
v 0.70804346 0.19724900 -0.03807969
v 0.70996958 0.19639979 -0.03271979
v 0.70073813 0.19475064 -0.03265153
v 0.69843483 0.19595791 -0.03848293
v 0.71841675 0.20143409 0.00793902
v 0.71969914 0.19799030 0.00637573
v 0.72023016 0.20528594 -0.00022916
v 0.71496069 0.20907310 0.00142268
v 0.67408305 0.18969737 -0.04861891
v 0.67359734 0.18992342 -0.04173212
v 0.66349286 0.19205014 -0.03932722
v 0.66314381 0.19207978 -0.04722481
v 0.66771156 0.18887979 -0.01530483
v 0.66439146 0.19968364 -0.00779229
v 0.65797287 0.20136979 -0.01226785
v 0.66288322 0.19244181 -0.02171578
v 0.67382121 0.18666360 -0.00884895
v 0.67971289 0.19594108 0.00269693
v 0.67083019 0.19752890 -0.00298348
v 0.69009876 0.19434361 0.00993982
v 0.66198295 0.19482599 -0.05688494
v 0.66949457 0.19276781 -0.06000107
v 0.78468531 0.20272526 -0.01062745
v 0.77917731 0.20271699 -0.01046952
v 0.77981621 0.20126058 -0.01505003
v 0.78539908 0.20146163 -0.01524561
v 0.66826785 0.21047027 -0.06707800
v 0.66208154 0.20968887 -0.06554646
v 0.66347897 0.21882930 -0.06411870
v 0.67000437 0.21921949 -0.06395107
v 0.67632669 0.21069926 -0.06923911
v 0.67875886 0.21941383 -0.06437412
v 0.78694487 0.21487021 -0.01006433
v 0.78108793 0.21554676 -0.01068008
v 0.78020298 0.21142675 -0.00833193
v 0.78591752 0.21071027 -0.00800484
v 0.72311360 0.19519551 -0.02392296
v 0.72726119 0.19423893 -0.01543681
v 0.74479097 0.19591004 -0.01751700
v 0.74356520 0.19784641 -0.01188943
v 0.73560512 0.19584210 -0.01359003
v 0.73373049 0.19546941 -0.02254962
v 0.72620130 0.19746281 -0.04092955
v 0.73050761 0.19685292 -0.03430247
v 0.72026354 0.19746391 -0.03460680
v 0.71628374 0.19799665 -0.04122452
v 0.71271217 0.19547307 -0.05157698
v 0.71225691 0.19343360 -0.05701075
v 0.72053283 0.19354655 -0.05796099
v 0.72226679 0.19560017 -0.05194602
v 0.74181181 0.19697559 -0.04741447
v 0.74036175 0.19653399 -0.05253299
v 0.74877185 0.19937189 -0.05307496
v 0.75063384 0.19934167 -0.04816858
v 0.65607607 0.21006431 -0.06458511
v 0.65697998 0.21932261 -0.06395945
v 0.71110892 0.21247976 -0.07154632
v 0.71943527 0.21072316 -0.07488107
v 0.71523029 0.20374011 -0.08019581
v 0.70659113 0.20576353 -0.07689632
v 0.67300856 0.22595726 -0.05748382
v 0.66599232 0.22673060 -0.05799143
v 0.78805929 0.21694353 -0.01471374
v 0.78219432 0.21787974 -0.01524320
v 0.69267565 0.20387469 0.00899535
v 0.68169689 0.20684713 0.00154519
v 0.67247856 0.20914654 -0.00434852
v 0.66563177 0.21106216 -0.00769357
v 0.65909398 0.21290755 -0.00905752
v 0.73854530 0.19587307 -0.02691018
v 0.71751159 0.19672893 -0.03098686
v 0.70631713 0.19718945 -0.04183215
v 0.70048964 0.19025508 -0.06732116
v 0.70324564 0.19109637 -0.06078694
v 0.69654006 0.19045910 -0.05835250
v 0.69280535 0.19042042 -0.06710681
v 0.70525950 0.19755109 -0.07751521
v 0.71392840 0.19618067 -0.07960296
v 0.71518540 0.19159025 -0.07530461
v 0.70705932 0.19218417 -0.07363357
v 0.71664196 0.20446053 0.01133165
v 0.70937181 0.21009763 0.00485348
v 0.66794032 0.20080920 -0.06626759
v 0.66141099 0.20129541 -0.06335677
v 0.65546018 0.20250827 -0.06075371
v 0.68571573 0.19249582 -0.04055409
v 0.68726718 0.19218829 -0.03693420
v 0.67453343 0.18820195 -0.03219654
v 0.67350417 0.18962456 -0.03743346
v 0.69445950 0.18625548 -0.02207059
v 0.70046806 0.18429844 -0.01222223
v 0.68245625 0.18318143 -0.01769805
v 0.66313374 0.19183007 -0.03206175
v 0.65526074 0.19516861 -0.02978040
v 0.65545636 0.19469965 -0.03803715
v 0.65541452 0.19542433 -0.04652165
v 0.65531307 0.19775139 -0.05490180
v 0.64624244 0.19642571 -0.02890235
v 0.64673018 0.19538979 -0.03730835
v 0.64704174 0.19619894 -0.04615653
v 0.64730233 0.19892012 -0.05388287
v 0.64948827 0.22984038 -0.05862301
v 0.65846735 0.22823764 -0.05843285
v 0.64857250 0.22002856 -0.06343782
v 0.64831066 0.20573032 -0.01353438
v 0.64674991 0.20009042 -0.02095865
v 0.65577757 0.19745590 -0.02106891
v 0.65041912 0.21489923 -0.00992137
v 0.70427698 0.18400081 0.00770781
v 0.71023017 0.18627580 0.00321493
v 0.71477294 0.18641622 0.00848380
v 0.71022779 0.18452580 0.01281265
v 0.73671418 0.20120242 -0.00793009
v 0.74390954 0.20324712 -0.00812352
v 0.74465066 0.21003300 -0.00780025
v 0.67754155 0.19183807 -0.06370638
v 0.68165576 0.18982340 -0.05376800
v 0.74708968 0.19647044 -0.02262749
v 0.77411729 0.21597338 -0.01112594
v 0.76214302 0.21617180 -0.01139784
v 0.76091444 0.21089126 -0.00884785
v 0.77335823 0.21148577 -0.00860724
v 0.75577742 0.20107834 -0.02609635
v 0.76350462 0.20356902 -0.02476907
v 0.76115614 0.19998962 -0.02051402
v 0.75351489 0.19849938 -0.02108241
v 0.73801148 0.19510487 -0.05853757
v 0.74498302 0.19731560 -0.05888971
v 0.74499679 0.21860440 -0.02947097
v 0.73349065 0.22233860 -0.01888571
v 0.74446142 0.22089152 -0.01947503
v 0.72386593 0.19692267 -0.04674619
v 0.73157024 0.19561303 -0.05225833
v 0.73300511 0.19645298 -0.04715698
v 0.74180984 0.19643071 -0.02913022
v 0.73809552 0.19666110 -0.03390148
v 0.74553943 0.19761755 -0.03269918
v 0.74799758 0.19764563 -0.02713520
v 0.69453514 0.19733424 -0.07523426
v 0.69623649 0.20828916 -0.07411452
v 0.77936864 0.20674971 -0.00823818
v 0.78499788 0.20636941 -0.00827158
v 0.64794409 0.21045282 -0.06309946
v 0.64755028 0.20345305 -0.05959450
v 0.71406996 0.19718023 -0.04629757
v 0.72059858 0.22291359 -0.01815868
v 0.70446789 0.19626063 -0.04583562
v 0.73550636 0.21036275 -0.06559457
v 0.74284339 0.21065481 -0.06649822
v 0.74222964 0.20451079 -0.06779415
v 0.73488277 0.20409659 -0.06880888
v 0.77494484 0.20584157 -0.02395571
v 0.78199726 0.20695867 -0.02354674
v 0.78099239 0.20305997 -0.02001485
v 0.77358401 0.20186901 -0.01998595
v 0.75145841 0.19792263 -0.01625508
v 0.75964677 0.19894494 -0.01566688
v 0.75891489 0.20101506 -0.01113818
v 0.75029510 0.19975084 -0.01138266
v 0.75083971 0.20474611 -0.00877605
v 0.75964171 0.20569575 -0.00886975
v 0.77597284 0.21181720 -0.02501977
v 0.76499963 0.21022250 -0.02582732
v 0.76386249 0.21665150 -0.02276967
v 0.77575535 0.21704990 -0.02145520
v 0.69527650 0.22483176 -0.05196077
v 0.70412320 0.21898293 -0.06205915
v 0.69213402 0.22199197 -0.05963526
v 0.73162043 0.21712786 -0.05810556
v 0.72621584 0.21131779 -0.06617963
v 0.71573025 0.21578777 -0.06426799
v 0.70047998 0.21536797 -0.06849977
v 0.75402331 0.20954055 -0.03185302
v 0.75288022 0.21486533 -0.03344437
v 0.75404859 0.21489316 -0.02569188
v 0.70230412 0.19390096 -0.05181787
v 0.77237505 0.20643879 -0.00840596
v 0.67083418 0.22932650 -0.01664940
v 0.67881680 0.22727388 -0.01627228
v 0.68063480 0.23252358 -0.02855427
v 0.67156255 0.23430310 -0.02720939
v 0.77233279 0.20026246 -0.01493435
v 0.77200931 0.20179571 -0.01044663
v 0.73691046 0.19485106 -0.06480955
v 0.73766989 0.19710451 -0.06970388
v 0.74300605 0.19921021 -0.06805038
v 0.74320924 0.19745080 -0.06404398
v 0.68921304 0.21830925 -0.06595641
v 0.72480708 0.20920311 -0.07802504
v 0.72192335 0.20159872 -0.08281059
v 0.68144786 0.22473948 -0.05805283
v 0.67561686 0.23022886 -0.04866451
v 0.68416661 0.22785811 -0.05007991
v 0.73981667 0.21732965 -0.04817931
v 0.69875896 0.22656049 -0.04479741
v 0.68691522 0.22930273 -0.04287433
v 0.67746818 0.23210275 -0.03997503
v 0.67002141 0.23439577 -0.03860344
v 0.66844851 0.23191296 -0.04813286
v 0.77500778 0.21846141 -0.01582990
v 0.78282255 0.21681429 -0.02068268
v 0.65055209 0.23603891 -0.04932443
v 0.66024226 0.23393334 -0.04835601
v 0.65168858 0.23832671 -0.03905294
v 0.66172403 0.23638391 -0.03836410
v 0.69192439 0.23006715 -0.02675161
v 0.68979824 0.23063511 -0.03507375
v 0.70493996 0.22777995 -0.02839237
v 0.70193553 0.22809756 -0.03736952
v 0.74173099 0.22165509 -0.03948924
v 0.79718530 0.21217038 -0.02185217
v 0.79655141 0.20801663 -0.02264160
v 0.78823787 0.20740314 -0.02325791
v 0.78908569 0.21219724 -0.02276578
v 0.78279793 0.21217357 -0.02385381
v 0.78889203 0.21624462 -0.01983574
v 0.70725620 0.22431359 -0.01750946
v 0.75285333 0.20036320 -0.03208325
v 0.69202393 0.22388892 -0.01411910
v 0.70185709 0.21734637 -0.00279629
v 0.71202236 0.21846439 -0.00602365
v 0.68531883 0.21675457 -0.00316743
v 0.67540538 0.21951652 -0.00810709
v 0.66139668 0.22263843 -0.01072968
v 0.66789490 0.22123902 -0.01023433
v 0.65228760 0.22448079 -0.01069965
v 0.69588774 0.21221524 0.00420166
v 0.79293823 0.20138948 -0.01605849
v 0.79224670 0.20212084 -0.01111010
v 0.66341907 0.23093235 -0.01677117
v 0.65345013 0.23314546 -0.01711617
v 0.70624602 0.18463267 -0.00342685
v 0.69516736 0.19488165 -0.04490567
v 0.69320148 0.19278207 -0.04929639
v 0.68960327 0.18993184 -0.05621359
v 0.68544132 0.19087003 -0.06590839
v 0.65302157 0.23842986 -0.02768971
v 0.63366055 0.19457908 -0.03607112
v 0.63395685 0.19469237 -0.04501172
v 0.63857216 0.23937383 -0.04071452
v 0.79270762 0.20540349 -0.00839319
v 0.75201917 0.20568773 -0.05227973
v 0.75363559 0.20503081 -0.05025140
v 0.69926834 0.18648210 0.01239107
v 0.70691085 0.18687157 0.01689464
v 0.71020818 0.19864607 0.01906426
v 0.70145839 0.20112966 0.01478380
v 0.69860625 0.19314525 0.01532416
v 0.70743155 0.19215296 0.01911213
v 0.68503493 0.19218703 -0.04350276
v 0.68414539 0.19124797 -0.04770027
v 0.68590057 0.21018277 -0.07153581
v 0.68451589 0.19950242 -0.07277184
v 0.75189835 0.21061675 -0.00875433
v 0.75269598 0.21606885 -0.01204079
v 0.74486130 0.21669719 -0.01147961
v 0.76273960 0.21885385 -0.01700756
v 0.75749385 0.20795810 -0.02732449
v 0.75553417 0.20545240 -0.03093308
v 0.69015306 0.19005837 -0.03085226
v 0.67766947 0.18582970 -0.02588768
v 0.71826440 0.19211096 0.00530902
v 0.71541065 0.19092852 0.00038867
v 0.73480564 0.19677033 -0.04063177
v 0.75129437 0.21681124 -0.04615626
v 0.75147963 0.21980190 -0.03946109
v 0.74286854 0.19734302 -0.04019649
v 0.79395354 0.20947391 -0.00798780
v 0.79507464 0.21367684 -0.00995447
v 0.75308633 0.21923669 -0.01850015
v 0.72948897 0.19384466 -0.05847974
v 0.75296575 0.21135880 -0.04920403
v 0.74633986 0.21352573 -0.05227280
v 0.72009498 0.19546875 -0.08106476
v 0.66351342 0.23638575 -0.02700508
v 0.78667521 0.20312221 -0.02030610
v 0.79441845 0.20335621 -0.02076521
v 0.79666138 0.21515220 -0.01921497
v 0.79571885 0.21595368 -0.01462513
v 0.67580479 0.20050584 -0.06956590
v 0.69665211 0.19575849 -0.04176304
v 0.63411421 0.19704188 -0.05312143
v 0.70473808 0.20792632 0.01061503
v 0.71367037 0.20403923 0.01596357
v 0.75026500 0.19880708 -0.04019816
v 0.72958672 0.20793995 -0.07182298
v 0.74984860 0.21465167 -0.05516261
v 0.74564010 0.21598357 -0.06126834
v 0.73946261 0.21614842 -0.05987967
v 0.75293642 0.21010542 -0.05359646
v 0.80248201 0.21547687 -0.01442916
v 0.80318451 0.21469492 -0.01891112
v 0.80210203 0.21324901 -0.00972041
v 0.80042887 0.20901531 -0.00818588
v 0.79860920 0.20518990 -0.00873772
v 0.80344468 0.21194412 -0.02144949
v 0.80251646 0.20808811 -0.02215758
v 0.79988807 0.20362936 -0.02039316
v 0.80889529 0.21138860 -0.02144249
v 0.80980349 0.21398894 -0.01874051
v 0.81475329 0.21096295 -0.00915884
v 0.81628013 0.21289597 -0.01110256
v 0.81271362 0.21348996 -0.01143970
v 0.80939054 0.21285866 -0.00977872
v 0.81953692 0.20998135 -0.00977971
v 0.82080132 0.21245597 -0.01147361
v 0.81650954 0.21439902 -0.01448934
v 0.81205529 0.21453680 -0.01417542
v 0.82139474 0.21412355 -0.01499470
v 0.82090789 0.21331717 -0.01850867
v 0.81622529 0.21341619 -0.01786688
v 0.81257170 0.21396701 -0.01694982
v 0.80839235 0.21502270 -0.01422127
v 0.82372719 0.20974167 -0.01165912
v 0.82600451 0.21036769 -0.01574300
v 0.82539934 0.21328498 -0.01541415
v 0.82393283 0.21210864 -0.01221468
v 0.80644894 0.20870438 -0.00843418
v 0.81300944 0.20781390 -0.00898454
v 0.81839770 0.20698574 -0.01000768
v 0.82259381 0.20687179 -0.01226666
v 0.81207252 0.20452416 -0.00998404
v 0.81770247 0.20459278 -0.01151083
v 0.82108724 0.20485106 -0.01361152
v 0.81187081 0.20237745 -0.01265932
v 0.81748343 0.20330058 -0.01391016
v 0.80436182 0.20498507 -0.00909747
v 0.80339986 0.20227414 -0.01172636
v 0.81998146 0.20407683 -0.01484571
v 0.82464635 0.20772387 -0.01637322
v 0.81522655 0.21238750 -0.02033828
v 0.82022893 0.21160303 -0.02069364
v 0.81454891 0.21037957 -0.02181289
v 0.81965601 0.20957330 -0.02173727
v 0.82432121 0.21317181 -0.01862174
v 0.82437086 0.21108624 -0.01980226
v 0.79771852 0.20218687 -0.01141511
v 0.79830503 0.20180951 -0.01636708
v 0.80385530 0.20182191 -0.01633342
v 0.81207687 0.20190124 -0.01708232
v 0.80538142 0.20393704 -0.02026236
v 0.80793929 0.20787881 -0.02204596
v 0.81386936 0.20759785 -0.02205942
v 0.81270105 0.20422085 -0.02075498
v 0.81874043 0.20710565 -0.02154697
v 0.81799489 0.20471118 -0.02026551
v 0.81768763 0.20328148 -0.01732550
v 0.82182992 0.20648549 -0.02005718
v 0.82331443 0.20870228 -0.02028446
v 0.82256973 0.20573220 -0.01689945
v 0.82050526 0.20442861 -0.01722796
v 0.82045507 0.20511134 -0.01937534
v 0.79087067 0.20381014 -0.04190260
v 0.78363097 0.20411916 -0.04051531
v 0.78318888 0.20318614 -0.04488005
v 0.79060489 0.20309888 -0.04644769
v 0.79115623 0.21567480 -0.03915771
v 0.78444284 0.21639092 -0.03846010
v 0.78443396 0.21140692 -0.03684147
v 0.79119658 0.21042226 -0.03791633
v 0.79048640 0.21804070 -0.04454509
v 0.78385979 0.21900700 -0.04387332
v 0.77655864 0.21680973 -0.03713835
v 0.76288998 0.21564779 -0.03536049
v 0.76296854 0.20999274 -0.03418687
v 0.77658862 0.21142398 -0.03576109
v 0.76154977 0.20566212 -0.05023067
v 0.76008993 0.20217113 -0.04670696
v 0.78409648 0.20707953 -0.03808433
v 0.79114711 0.20632511 -0.03909983
v 0.77524275 0.20697929 -0.05159058
v 0.78375769 0.20762590 -0.05280602
v 0.78334129 0.20442681 -0.04943455
v 0.77472502 0.20357989 -0.04808776
v 0.75994259 0.20095639 -0.04094519
v 0.76104271 0.20188166 -0.03556837
v 0.76238328 0.20550172 -0.03396987
v 0.77580172 0.21221833 -0.05226139
v 0.76258969 0.21174991 -0.05052726
v 0.76234150 0.21735516 -0.04721957
v 0.77605957 0.21726395 -0.04916760
v 0.77602416 0.20682432 -0.03642193
v 0.77448779 0.20251657 -0.04302045
v 0.77523494 0.20348747 -0.03861710
v 0.77599329 0.21933545 -0.04283888
v 0.78392845 0.21674494 -0.05011286
v 0.80051959 0.21218778 -0.05409642
v 0.80077177 0.20818102 -0.05486890
v 0.79103744 0.20773099 -0.05396004
v 0.79119194 0.21217138 -0.05367840
v 0.78409564 0.21217474 -0.05300684
v 0.79070377 0.21626864 -0.05044898
v 0.80120206 0.20303135 -0.04862029
v 0.80117899 0.20335992 -0.04382201
v 0.80132061 0.20558791 -0.04085179
v 0.76241273 0.21985392 -0.04078801
v 0.80106020 0.20935358 -0.03975711
v 0.80065501 0.21447007 -0.04064762
v 0.79077375 0.20439661 -0.05095650
v 0.80079508 0.20452255 -0.05272194
v 0.79992473 0.21561943 -0.05110409
v 0.79961413 0.21714428 -0.04564549
v 0.80759579 0.21621530 -0.04696754
v 0.80755818 0.21486539 -0.05189261
v 0.80861330 0.21392617 -0.04210975
v 0.80822670 0.20915915 -0.04104347
v 0.80771327 0.20571403 -0.04210904
v 0.80783641 0.21221580 -0.05440999
v 0.80758083 0.20875284 -0.05516609
v 0.80693239 0.20503004 -0.05340256
v 0.81474024 0.21205880 -0.05528159
v 0.81566608 0.21453516 -0.05315988
v 0.82803726 0.21165814 -0.04616301
v 0.82848412 0.21432583 -0.04770701
v 0.82340932 0.21424064 -0.04673583
v 0.82249957 0.21230024 -0.04456142
v 0.81972969 0.21471684 -0.04648820
v 0.81670201 0.21385309 -0.04399610
v 0.82323998 0.21543717 -0.05017227
v 0.81896317 0.21535546 -0.04928063
v 0.82879543 0.21639322 -0.05137324
v 0.82783657 0.21527514 -0.05468023
v 0.82240826 0.21465196 -0.05311207
v 0.81881821 0.21469690 -0.05198900
v 0.83267319 0.21207356 -0.04864194
v 0.83229756 0.21454458 -0.04880344
v 0.81475663 0.21577571 -0.04843751
v 0.81442034 0.20939317 -0.04253117
v 0.82136643 0.20896028 -0.04398550
v 0.82758796 0.20877884 -0.04614837
v 0.83202839 0.20922349 -0.04911367
v 0.82060796 0.20561014 -0.04492528
v 0.82687724 0.20621704 -0.04722324
v 0.83040440 0.20716360 -0.05005874
v 0.82005060 0.20339023 -0.04785116
v 0.82617462 0.20470765 -0.04975708
v 0.81299025 0.20570651 -0.04329877
v 0.81216836 0.20353751 -0.04606073
v 0.82895470 0.20614006 -0.05108503
v 0.83357507 0.21056740 -0.05303981
v 0.83476233 0.21351027 -0.05274775
v 0.83393008 0.21663615 -0.05219805
v 0.82171184 0.21330345 -0.05479258
v 0.82748282 0.21330401 -0.05587100
v 0.82132077 0.21188505 -0.05643591
v 0.82719785 0.21181038 -0.05705073
v 0.83205253 0.21571784 -0.05537295
v 0.83232915 0.21381095 -0.05599923
v 0.80724251 0.20363450 -0.04504811
v 0.80692738 0.20335025 -0.04939812
v 0.81182921 0.20314774 -0.05033549
v 0.81966054 0.20328428 -0.05222669
v 0.81198639 0.20511086 -0.05422667
v 0.81363618 0.20892665 -0.05595221
v 0.82043362 0.20923533 -0.05684111
v 0.81960171 0.20578167 -0.05563788
v 0.82619560 0.20956492 -0.05699657
v 0.82547802 0.20684139 -0.05600227
v 0.82564342 0.20479521 -0.05329897
v 0.83009261 0.20927694 -0.05611499
v 0.83168858 0.21145646 -0.05638979
v 0.83147019 0.20826322 -0.05330558
v 0.82908553 0.20653363 -0.05347630
v 0.82849026 0.20751329 -0.05549450
v 0.77829105 0.20273069 -0.06450931
v 0.77280265 0.20317242 -0.06272867
v 0.77114201 0.20082843 -0.06658230
v 0.77684432 0.20024575 -0.06849080
v 0.77868009 0.21352650 -0.06537824
v 0.77231073 0.21459815 -0.06288878
v 0.77364522 0.21099336 -0.06096068
v 0.77942014 0.21049140 -0.06339663
v 0.77738857 0.21453564 -0.06983432
v 0.77044433 0.21561185 -0.06798174
v 0.76589370 0.21493296 -0.06060068
v 0.75647378 0.21479939 -0.05770957
v 0.75822139 0.20991257 -0.05585413
v 0.76766914 0.21077453 -0.05853418
v 0.77375042 0.20696542 -0.06098453
v 0.77937937 0.20670874 -0.06310073
v 0.76218253 0.20190243 -0.07194313
v 0.76912177 0.20271458 -0.07398828
v 0.76982367 0.20077440 -0.07084281
v 0.76289439 0.20017760 -0.06854470
v 0.75270420 0.19921371 -0.06091063
v 0.75531888 0.20131353 -0.05705152
v 0.75749564 0.20510113 -0.05578315
v 0.76199204 0.20658417 -0.07371117
v 0.75092542 0.20552355 -0.07011639
v 0.75157171 0.21179444 -0.06884133
v 0.76213801 0.21250528 -0.07162423
v 0.76791525 0.20630097 -0.05871743
v 0.76449931 0.19998933 -0.06432197
v 0.76657796 0.20243435 -0.06046775
v 0.76344460 0.21585646 -0.06595692
v 0.76907194 0.21237864 -0.07317530
v 0.78541517 0.20774946 -0.07913929
v 0.78524935 0.20365356 -0.07905197
v 0.77526689 0.20278072 -0.07624935
v 0.77533752 0.20721997 -0.07698645
v 0.76879644 0.20691316 -0.07542317
v 0.77614510 0.21202886 -0.07464421
v 0.78587925 0.20004378 -0.07155184
v 0.78707182 0.20189787 -0.06745151
v 0.78794515 0.20574518 -0.06602166
v 0.75368798 0.21605197 -0.06328245
v 0.75066435 0.20055962 -0.06862018
v 0.78827107 0.20917055 -0.06631064
v 0.78799486 0.21208596 -0.06811459
v 0.77562743 0.20043547 -0.07301359
v 0.78499216 0.20074175 -0.07609493
v 0.78591079 0.21162888 -0.07674066
v 0.78671151 0.21370819 -0.07225950
v 0.79340160 0.21312229 -0.07397538
v 0.79245424 0.21158321 -0.07849067
v 0.79486024 0.21170875 -0.06983227
v 0.79464960 0.20851842 -0.06827983
v 0.79374695 0.20526527 -0.06803895
v 0.79201633 0.20784403 -0.08065393
v 0.79170501 0.20430528 -0.08039656
v 0.79063112 0.20122299 -0.07757730
v 0.79684472 0.20768744 -0.08214053
v 0.79843545 0.21098259 -0.07993118
v 0.81151175 0.20951372 -0.07399327
v 0.81143749 0.21096091 -0.07569313
v 0.80694628 0.21075034 -0.07442021
v 0.80688906 0.20984644 -0.07240441
v 0.80354023 0.21149793 -0.07380208
v 0.80116671 0.21131615 -0.07167362
v 0.80625165 0.21236464 -0.07763347
v 0.80220604 0.21225765 -0.07635987
v 0.81080097 0.21241553 -0.07914592
v 0.80892664 0.21081571 -0.08238254
v 0.80450749 0.21062735 -0.08067241
v 0.80149239 0.21144755 -0.07914250
v 0.81506062 0.20964456 -0.07649456
v 0.81444812 0.21130908 -0.07710800
v 0.79870415 0.21250139 -0.07536018
v 0.79989630 0.20815749 -0.06971662
v 0.80595797 0.20732255 -0.07123107
v 0.81101924 0.20695584 -0.07323778
v 0.81420869 0.20681754 -0.07612227
v 0.80474120 0.20426850 -0.07148030
v 0.80985349 0.20425607 -0.07369346
v 0.81251043 0.20443067 -0.07625708
v 0.80338937 0.20160744 -0.07294370
v 0.80868870 0.20220074 -0.07511393
v 0.79856569 0.20482993 -0.06968205
v 0.79687399 0.20203352 -0.07110074
v 0.81098545 0.20310010 -0.07676078
v 0.81460297 0.20688762 -0.08056796
v 0.81562233 0.21002328 -0.08074995
v 0.81474155 0.21251160 -0.08048830
v 0.80322605 0.20941235 -0.08253761
v 0.80804890 0.20905155 -0.08375246
v 0.80216604 0.20696729 -0.08326546
v 0.80739510 0.20685114 -0.08415259
v 0.81231600 0.21122381 -0.08295918
v 0.81227279 0.20954640 -0.08368967
v 0.79239166 0.20215845 -0.06944863
v 0.79101121 0.20055044 -0.07311449
v 0.79547685 0.20062149 -0.07437901
v 0.80223268 0.20046918 -0.07650385
v 0.79494852 0.20139791 -0.07863452
v 0.79599625 0.20430659 -0.08132601
v 0.80146939 0.20415701 -0.08260021
v 0.80122441 0.20152725 -0.08027828
v 0.80685258 0.20438689 -0.08334660
v 0.80670911 0.20221360 -0.08142943
v 0.80759174 0.20136699 -0.07820025
v 0.81045163 0.20467260 -0.08271500
v 0.81146300 0.20707326 -0.08362162
v 0.81258935 0.20447692 -0.07983834
v 0.81057978 0.20280507 -0.07917106
v 0.80949903 0.20304689 -0.08146212
v 0.75102329 0.19922894 -0.06500436
v 0.75304204 0.19644214 -0.08686192
v 0.74912864 0.19695814 -0.08402707
v 0.74715883 0.19505323 -0.08661970
v 0.75097829 0.19444397 -0.08943385
v 0.75323945 0.20607714 -0.08978953
v 0.74882782 0.20711821 -0.08664399
v 0.75041080 0.20417286 -0.08366312
v 0.75474513 0.20347893 -0.08685189
v 0.75057638 0.20602693 -0.09419973
v 0.74591476 0.20700637 -0.09131199
v 0.74359637 0.20730187 -0.08285481
v 0.73520643 0.20769346 -0.07658153
v 0.73789573 0.20363957 -0.07452939
v 0.74536705 0.20408273 -0.07998825
v 0.72489375 0.19509594 -0.08209053
v 0.73072702 0.19506326 -0.08487330
v 0.73283702 0.19362411 -0.08174121
v 0.72637826 0.19286859 -0.07847136
v 0.75045073 0.20029764 -0.08283004
v 0.75449306 0.19980592 -0.08604663
v 0.73883164 0.19554098 -0.08980760
v 0.74343592 0.19573714 -0.09311907
v 0.74522263 0.19457877 -0.08987866
v 0.74089742 0.19415195 -0.08670438
v 0.72944927 0.19242194 -0.07473563
v 0.73520064 0.19384290 -0.07858642
v 0.73718661 0.19586432 -0.07571123
v 0.73313427 0.19365603 -0.07138003
v 0.73843670 0.19888781 -0.07462185
v 0.73768675 0.19892506 -0.09171843
v 0.72935683 0.19836968 -0.08659112
v 0.72874260 0.20344922 -0.08644565
v 0.73810166 0.20363507 -0.09142444
v 0.74575639 0.20010853 -0.07956479
v 0.74287057 0.19462988 -0.08356277
v 0.74468100 0.19683650 -0.08078577
v 0.74050754 0.20750140 -0.08739182
v 0.74350363 0.20343305 -0.09474311
v 0.75258654 0.19781844 -0.10197642
v 0.75282997 0.19490133 -0.10027403
v 0.74733806 0.19527481 -0.09628085
v 0.74674290 0.19855526 -0.09833125
v 0.74259639 0.19904456 -0.09521875
v 0.74791801 0.20282406 -0.09774074
v 0.75623655 0.19379149 -0.09320418
v 0.75856143 0.19575769 -0.09071329
v 0.75987744 0.19896561 -0.08990397
v 0.73138905 0.20872164 -0.08162530
v 0.76039422 0.20221217 -0.09077247
v 0.75922918 0.20471573 -0.09342804
v 0.74900913 0.19402315 -0.09284041
v 0.75425768 0.19351028 -0.09684355
v 0.75386101 0.20170286 -0.10127579
v 0.75643641 0.20468459 -0.09758683
v 0.76120621 0.20416467 -0.10047136
v 0.75874066 0.20121247 -0.10410668
v 0.76374900 0.20387630 -0.09619299
v 0.76435262 0.20150508 -0.09348561
v 0.76356816 0.19844618 -0.09264682
v 0.75724256 0.19723529 -0.10453390
v 0.75726390 0.19487314 -0.10259639
v 0.75808245 0.19381826 -0.09923913
v 0.76166010 0.19706593 -0.10675081
v 0.76376510 0.20080155 -0.10648186
v 0.77621245 0.20057054 -0.10159987
v 0.77542293 0.20179085 -0.10315942
v 0.77237880 0.20204629 -0.10178423
v 0.77272207 0.20133208 -0.09964696
v 0.76940155 0.20278426 -0.10107403
v 0.76806754 0.20286597 -0.09866542
v 0.77069783 0.20273407 -0.10488481
v 0.76756334 0.20290738 -0.10348734
v 0.77413160 0.20261875 -0.10672729
v 0.77234441 0.20022728 -0.10968530
v 0.76893705 0.20080057 -0.10814182
v 0.76658177 0.20169164 -0.10633422
v 0.77866262 0.20025031 -0.10433574
v 0.77768880 0.20172779 -0.10486311
v 0.76497275 0.20339043 -0.10231277
v 0.76810724 0.20087013 -0.09587103
v 0.77262175 0.19977981 -0.09803720
v 0.77686131 0.19874398 -0.10073607
v 0.77873361 0.19793506 -0.10411028
v 0.77156830 0.19750197 -0.09753135
v 0.77564919 0.19663639 -0.10051284
v 0.77733517 0.19602901 -0.10356083
v 0.76959556 0.19525619 -0.09793608
v 0.77388436 0.19486797 -0.10090797
v 0.76681376 0.19826648 -0.09480339
v 0.76490587 0.19577526 -0.09521481
v 0.77589196 0.19498406 -0.10308458
v 0.77794212 0.19723350 -0.10744952
v 0.77820265 0.19965015 -0.10825609
v 0.77711397 0.20209466 -0.10834891
v 0.76756948 0.19895293 -0.10926431
v 0.77177763 0.19811729 -0.11068868
v 0.76624078 0.19646592 -0.10866061
v 0.77146727 0.19592065 -0.10994647
v 0.77508283 0.20042922 -0.11040194
v 0.77545583 0.19849280 -0.11048933
v 0.76197290 0.19558944 -0.09336668
v 0.75996870 0.19385265 -0.09564163
v 0.76288813 0.19378383 -0.09756567
v 0.76761907 0.19346045 -0.10001880
v 0.76145834 0.19360247 -0.10122778
v 0.76093727 0.19471893 -0.10454345
v 0.76596397 0.19436051 -0.10675364
v 0.76630139 0.19311123 -0.10359512
v 0.77120441 0.19425203 -0.10804749
v 0.77141827 0.19335715 -0.10547480
v 0.77239412 0.19354719 -0.10265848
v 0.77488816 0.19488320 -0.10775141
v 0.77538055 0.19633178 -0.10948955
v 0.77681386 0.19549504 -0.10614669
v 0.77528256 0.19442405 -0.10469550
v 0.77424002 0.19412377 -0.10616592
v 0.72464812 0.19795573 -0.08395574
v 0.72555846 0.20137520 0.01709617
v 0.72690105 0.19868840 0.01341091
v 0.72489452 0.18898341 0.01149967
v 0.72151154 0.18483742 0.01430111
v 0.71790040 0.18399513 0.01892213
v 0.71654427 0.18655556 0.02278633
v 0.71727091 0.19094802 0.02484050
v 0.72700387 0.19446786 0.01130262
v 0.72282839 0.20159490 0.02154158
v 0.71944380 0.19699179 0.02471186
v 0.72764748 0.19572350 0.03064988
v 0.73064661 0.20049344 0.02699197
v 0.72486460 0.18947998 0.03092411
v 0.72343457 0.18491529 0.02799694
v 0.72369170 0.18267289 0.02314206
v 0.73273975 0.20053054 0.02160543
v 0.73320913 0.19769911 0.01717251
v 0.73213631 0.19281101 0.01472137
v 0.73951936 0.19966184 0.02640886
v 0.74027878 0.19922395 0.03318905
v 0.74277717 0.18535557 0.04109296
v 0.74319565 0.18907394 0.04290241
v 0.73970276 0.18946011 0.04071158
v 0.73820472 0.18571417 0.03905603
v 0.73770034 0.19051811 0.03881491
v 0.73392159 0.18826744 0.03652660
v 0.74193919 0.19463363 0.04089920
v 0.73978740 0.19461697 0.03868173
v 0.74488741 0.19819140 0.03841798
v 0.74198079 0.19790743 0.03741759
v 0.74516785 0.19433877 0.04365937
v 0.74639380 0.18921623 0.04465712
v 0.74846953 0.19304577 0.04480444
v 0.74730617 0.18662947 0.04312664
v 0.73619288 0.19479045 0.03600683
v 0.73049963 0.18365972 0.03220524
v 0.73716789 0.18256938 0.03582758
v 0.74332178 0.18265779 0.03835143
v 0.74842858 0.18468221 0.03970824
v 0.73768818 0.18089230 0.03090705
v 0.74459165 0.18208522 0.03402841
v 0.74877244 0.18445836 0.03580861
v 0.73962653 0.18245238 0.02630850
v 0.74574453 0.18364395 0.03068063
v 0.72965521 0.18150854 0.02673503
v 0.73101991 0.18255836 0.02124898
v 0.74860644 0.18503746 0.03310182
v 0.75194424 0.18894379 0.03936378
v 0.75131094 0.19066212 0.04323681
v 0.74602056 0.19895495 0.03480836
v 0.74771327 0.19770797 0.04078789
v 0.74965996 0.19776133 0.03732796
v 0.74601585 0.19833362 0.03024614
v 0.75050443 0.19624984 0.03375155
v 0.74992865 0.19634025 0.04285311
v 0.75191009 0.19536160 0.04037690
v 0.72600365 0.18348391 0.01802079
v 0.72929406 0.18722525 0.01505754
v 0.73413849 0.18672962 0.01827452
v 0.74184227 0.18645526 0.02334566
v 0.73745930 0.19240737 0.01807313
v 0.73920834 0.19737628 0.02124657
v 0.74582988 0.19585513 0.02631741
v 0.74452710 0.19160505 0.02342037
v 0.75021017 0.19375817 0.03076402
v 0.74895275 0.19060765 0.02895436
v 0.74739194 0.18676132 0.02892038
v 0.75173867 0.19123015 0.03397008
v 0.75259876 0.19326301 0.03702148
v 0.75113446 0.18787891 0.03576670
v 0.74992973 0.18729939 0.03270263
v 0.75058389 0.18976448 0.03201253
v 0.72140133 0.19163176 -0.07675478
v 0.72424090 0.19108957 -0.07168628
v 0.71741748 0.19097281 -0.07007406
v 0.70901299 0.19042808 -0.06861816
v 0.70012558 0.19203310 -0.07245090
v 0.71109152 0.19146217 -0.06268561
v 0.71946812 0.19185549 -0.06435923
v 0.72878045 0.19258383 -0.06611388
v 0.70602274 0.19277704 -0.05642230
v 0.03688943 0.43466341 0.09548590
v 0.04023475 0.43353391 0.09350081
v 0.04148427 0.42794028 0.09068915
v 0.03900254 0.42758736 0.09253296
v 0.03589261 0.42749646 0.09429899
v 0.03212231 0.42762843 0.09543781
v 0.02664937 0.43477631 0.09671976
v 0.03210106 0.43521413 0.09673727
v 0.01734901 0.42923659 0.09377232
v 0.01911165 0.43067715 0.09395294
v 0.01808104 0.42835188 0.09405937
v 0.02404745 0.42810231 0.09529261
v 0.02039252 0.42842513 0.09431952
v 0.04401514 0.43113771 0.08965367
v 0.04480476 0.43005177 0.08844355
v 0.04245088 0.43236125 0.09151605
v 0.02800675 0.42782182 0.09575735
v 0.04449689 0.42911145 0.08815847
v 0.04331581 0.42843744 0.08898254
v 0.02213668 0.43320727 0.09530020
v 0.03613599 0.42968673 0.09434316
v 0.03225954 0.42983323 0.09564076
v 0.02751847 0.43247417 0.09649798
v 0.03232617 0.43257421 0.09615441
v 0.02430069 0.42977884 0.09564349
v 0.02186446 0.42961097 0.09483003
v 0.03908034 0.42946059 0.09261837
v 0.02805388 0.42993769 0.09610652
v 0.03658805 0.43211764 0.09468140
v 0.02137598 0.43060228 0.09479869
v 0.02352094 0.43162867 0.09575246
v 0.04403289 0.42994964 0.08899055
v 0.04383167 0.42954931 0.08887374
v 0.01675050 0.19761825 0.07534363
v 0.01666976 0.18099390 0.08577728
v 0.03961430 0.43151110 0.09287678
v 0.04284752 0.42942676 0.08970447
v 0.04126284 0.42941904 0.09103299
v 0.04165797 0.43089148 0.09121042
v 0.04315661 0.43034405 0.08983336
v 0.27773896 0.22242859 0.02028068
v 0.27867657 0.20574595 0.02168653
v 0.27880460 0.25520971 -0.02135100
v 0.27407029 0.25057584 -0.04286594
v 0.06076608 -0.07165819 0.14414665
v 0.10625266 -0.03331167 -0.05489134
v 0.10764658 -0.01603447 -0.06146526
v 0.03711759 -0.01743700 -0.08400737
v 0.05605056 -0.02123094 -0.08163684
v 0.13747911 -0.02979786 0.04938079
v 0.13733834 -0.04818979 0.05398114
v 0.09960317 -0.03472964 0.10414431
v 0.09830298 -0.05443629 0.10849497
v 0.12817311 -0.06934708 0.08059601
v 0.07897811 -0.06395823 -0.06710720
v 0.07583990 -0.04510377 -0.07087785
v 0.09294824 -0.04800877 -0.06204257
v 0.09673630 -0.06601290 -0.05885199
v 0.01844229 -0.03549502 -0.07425116
v 0.01825983 -0.01465325 -0.08125141
v 0.14341356 -0.01008964 0.02184961
v 0.14199932 -0.00896103 -0.00364372
v 0.12320147 -0.00417151 -0.04761548
v 0.10886520 0.00086516 -0.06398975
v 0.07577325 0.01448574 -0.08529951
v 0.09310388 0.00761543 -0.07602772
v 0.08647133 -0.01388554 0.11673969
v 0.06989060 0.00525976 0.12535059
v 0.13852099 -0.01116598 0.04682393
v 0.02592833 -0.01098131 0.14416613
v 0.03779886 0.04771096 -0.10275327
v 0.05989956 0.04366660 -0.09874190
v 0.13472652 -0.00719728 -0.02697309
v 0.03214704 0.14099348 0.11561185
v 0.03244996 0.12567115 0.12591013
v 0.04927148 0.12920950 0.12509571
v 0.04920442 0.14417399 0.11391747
v 0.06559904 0.13178726 0.12335123
v 0.08132553 0.13340852 0.11987931
v 0.09547964 0.13403423 0.11509686
v 0.12814839 0.13037334 0.09697205
v 0.11882582 0.13235684 0.10352815
v 0.14303680 0.12401404 0.08215612
v 0.13613771 0.12803861 0.08995047
v 0.14968480 0.11431577 0.07338165
v 0.15447669 0.10222259 0.06148280
v 0.15729629 0.09038313 0.04620606
v 0.15794829 0.10401513 0.03925790
v 0.15375608 0.08855715 0.06938441
v 0.14946453 0.10059536 0.08168383
v 0.14316365 0.10938032 0.09171249
v 0.01877500 0.08643372 0.13960399
v 0.02152375 0.06431058 0.13923743
v 0.01627732 0.21357845 0.06576595
v 0.48030180 0.19297828 -0.06732180
v 0.59950531 0.22378078 -0.01068523
v 0.03152909 0.23686093 -0.08824759
v 0.01568301 0.23284288 -0.08783193
v 0.00064029 0.22082070 -0.08894107
v 0.00051987 0.23155282 -0.08645087
v 0.09916158 0.26633453 -0.05859853
v 0.08667976 0.25385848 -0.07632873
v 0.06863069 0.24191421 -0.08640726
v 0.05010146 0.23270607 -0.09095118
v 0.12728801 0.00502546 0.06787873
v 0.03411882 0.20265715 -0.09844129
v 0.05205776 0.22229107 -0.09507038
v 0.07262444 0.23207864 -0.09173448
v 0.09187227 0.24443980 -0.08187233
v 0.11004683 0.25947091 -0.06387652
v 0.12367731 0.25972405 -0.05623373
v 0.14420220 0.24694049 -0.06096977
v 0.15340559 0.24754545 -0.05510650
v 0.15408668 0.25992611 -0.04022336
v 0.16531001 0.26126242 -0.03544266
v 0.16354606 0.24929057 -0.05040540
v 0.24252610 0.25036502 -0.05045902
v 0.25569600 0.24438852 -0.05533119
v 0.26352558 0.23476247 -0.06269159
v 0.26757950 0.22252899 -0.06915900
v 0.26714143 0.20926729 -0.07295991
v 0.26190364 0.19629116 -0.07348162
v 0.25119358 0.18613645 -0.07215244
v 0.21254224 0.16782559 -0.06218023
v 0.19901587 0.16109060 -0.05966181
v 0.16813351 0.12409850 -0.06013252
v 0.15979947 0.11563066 -0.06277976
v 0.12773690 0.07132297 -0.07779849
v 0.13813700 0.08682035 -0.07373485
v 0.11723166 0.05607632 -0.08101685
v 0.10448588 -0.15463518 -0.07889903
v 0.09743295 -0.13731380 -0.07215685
v 0.11785693 -0.13565375 -0.06240519
v 0.12489673 -0.15229139 -0.06807017
v 0.02271833 -0.10283908 -0.06646565
v 0.04519142 -0.10250384 -0.06816705
v 0.16675833 -0.13776730 0.02248336
v 0.16204852 -0.13499437 -0.00546851
v 0.15112586 -0.13393889 -0.02917683
v 0.13601007 -0.13423912 -0.04791963
v 0.16385847 -0.14217912 0.05056384
v 0.08074144 -0.17451581 0.14971365
v 0.10172363 -0.16876768 0.13480589
v 0.01620614 -0.18441816 0.17119959
v 0.03709110 -0.18249390 0.16795644
v 0.15474842 -0.14860551 0.07600817
v 0.05876896 -0.17919853 0.16111176
v 0.12170459 -0.16236266 0.11752275
v 0.14032032 -0.15575832 0.09789892
v 0.09044652 -0.12017732 -0.06685102
v 0.07053118 -0.12070329 -0.07206064
v 0.06596974 -0.10211205 -0.06651827
v 0.03538414 0.11278841 -0.11461537
v 0.05600790 0.11489934 -0.11467022
v 0.07700490 0.11896003 -0.11294394
v 0.09355234 0.14298376 -0.11092523
v 0.11049951 0.15143958 -0.10502225
v 0.11291055 0.13403542 -0.10360114
v 0.09592967 0.12559533 -0.10922912
v 0.13955601 0.16806898 -0.08863623
v 0.15091239 0.17447135 -0.08277668
v 0.15224290 0.16080482 -0.08040044
v 0.14114276 0.15339065 -0.08628484
v 0.16289881 0.16719840 -0.07658388
v 0.17183432 0.17278168 -0.07211938
v 0.18179822 0.17878515 -0.06840895
v 0.19365580 0.18494134 -0.06828924
v 0.18932573 0.20728135 -0.07025164
v 0.17875126 0.20251785 -0.07134909
v 0.13876083 0.18360962 -0.08905943
v 0.12486169 0.17738809 -0.09706691
v 0.03500353 0.14524578 -0.10896336
v 0.01613603 0.14195435 -0.10479265
v 0.15917771 0.08472226 0.02629706
v 0.16050625 0.08115849 0.00461012
v 0.15972875 0.08027361 -0.01501081
v 0.15780744 0.08147979 -0.03178585
v 0.15547298 0.08502675 -0.04630478
v 0.15128405 0.09010164 -0.05920465
v 0.14579192 0.09724962 -0.07017867
v 0.15273885 0.10697028 -0.06631758
v 0.14052823 0.10656752 -0.07912958
v 0.14888161 0.11594668 -0.07370628
v 0.13537996 0.11702156 -0.08647440
v 0.13069150 0.12924585 -0.09205457
v 0.12770103 0.14409654 -0.09537160
v 0.12571645 0.16017020 -0.09727782
v 0.09223562 0.16147302 -0.11059023
v 0.10900888 0.16954851 -0.10476667
v 0.07384541 0.17265435 -0.11098641
v 0.07383556 0.18966986 -0.10735199
v 0.07477781 0.13666582 -0.11435478
v 0.07417549 0.15450311 -0.11368039
v 0.06998491 0.27506316 -0.05965716
v 0.05411699 0.26745757 -0.07071672
v 0.23925814 0.19674864 -0.07318893
v 0.24927568 0.19762254 -0.07356337
v 0.24292594 0.18938065 -0.07265938
v 0.23739652 0.19069669 -0.07236420
v 0.25201514 0.20783973 -0.07311170
v 0.23912241 0.21543679 -0.07187770
v 0.25184911 0.21910074 -0.07078641
v 0.24001761 0.20565549 -0.07318514
v 0.24867775 0.22966634 -0.06667759
v 0.23670541 0.22490147 -0.06906658
v 0.24321704 0.23814647 -0.06202455
v 0.23332177 0.23288536 -0.06537612
v 0.23026314 0.23809937 -0.06230628
v 0.23490842 0.24342372 -0.05838393
v 0.19850387 0.23352681 -0.06367792
v 0.21063082 0.23617961 -0.06292517
v 0.22224824 0.23745242 -0.06240797
v 0.20581302 0.18991745 -0.06980739
v 0.21764921 0.19638366 -0.07161791
v 0.22894165 0.20155984 -0.07270068
v 0.22759877 0.21102709 -0.07192668
v 0.21604565 0.20581837 -0.07166518
v 0.20378125 0.19965458 -0.07055137
v 0.03460731 0.12902193 -0.11225807
v 0.05418285 0.13258556 -0.11493948
v 0.16151321 0.18010168 -0.07850372
v 0.17055316 0.18439665 -0.07415009
v 0.18026559 0.18873364 -0.07035096
v 0.19126433 0.19475207 -0.06956135
v 0.16924140 0.19751903 -0.07440732
v 0.16019118 0.19349152 -0.07880782
v 0.14995135 0.18873446 -0.08328927
v 0.05446621 0.14954758 -0.11276282
v 0.01590494 0.12622587 -0.10924938
v 0.16629539 0.22767475 0.04321890
v 0.16734314 0.25174290 0.03130492
v 0.16947699 0.26714918 0.01072912
v 0.16829278 0.26937824 -0.01414920
v 0.00047477 0.26453665 -0.07584849
v 0.40277797 0.16519213 -0.03060721
v -0.00191492 0.07358578 -0.10922545
v -0.00268828 0.09351262 -0.11222740
v 0.00022843 0.00776525 -0.08562782
v -0.00062219 0.02707064 -0.09785323
v 0.04221884 -0.08018906 -0.06849418
v 0.02081061 -0.07809629 -0.06526331
v 0.01927950 -0.05583451 -0.06873155
v -0.00119686 -0.12106559 -0.07494970
v -0.00098609 -0.10215966 -0.06287243
v 0.00036534 -0.05347647 -0.06374621
v 0.00043482 -0.03264869 -0.06852354
v 0.01746882 0.04949182 -0.10452514
v 0.01608063 0.11118038 -0.11414082
v -0.00212913 0.12582575 -0.10743807
v -0.00134696 0.14048877 -0.10260997
v -0.00112365 0.15679954 -0.10040592
v 0.10808342 0.10620400 0.13152951
v 0.10786960 0.11995009 0.12139726
v 0.09560128 0.12035247 0.12683816
v 0.09603377 0.10668228 0.13682561
v 0.12754618 0.10401481 0.11719923
v 0.12771472 0.11696308 0.10774719
v 0.11841523 0.11875378 0.11482044
v 0.11841235 0.10534550 0.12486134
v 0.13577700 0.11417472 0.10004608
v 0.13543490 0.10132819 0.10903586
v 0.10822462 0.09140357 0.13902590
v 0.11875263 0.09070317 0.13226609
v 0.09630580 0.09205110 0.14425817
v 0.13457982 0.08818012 0.11601648
v 0.12739049 0.08989772 0.12438225
v 0.00802180 0.31619489 0.08625559
v 0.00749468 0.32078436 0.10163799
v 0.00195442 0.36154965 0.11642684
v 0.00156037 0.36579618 0.11460427
v 0.00235683 0.30534011 0.06458654
v 0.00262219 0.29739305 0.05937625
v -0.00010883 0.34417683 0.11291632
v 0.00017435 0.33052486 0.11275210
v -0.00057929 0.38688263 0.11795804
v -0.00059550 0.38354719 0.11663148
v -0.00040161 0.37297302 0.11787023
v -0.00030244 0.36923108 0.11660686
v 0.00298690 0.28775054 0.05520919
v 0.00202155 0.31161973 0.07290497
v 0.00318514 0.26648492 0.04893128
v 0.00331381 0.25623906 0.04674701
v 0.01345899 0.24770032 0.04669287
v 0.01446271 0.23700809 0.05070810
v 0.01722555 0.10524584 0.13396689
v 0.01616943 0.14838570 0.10435638
v 0.01567645 0.13725011 0.11720075
v 0.01632584 0.16407773 0.09491393
v 0.01554533 0.22631523 0.05787614
v 0.00314143 0.27713063 0.05172583
v -0.00014226 0.35684326 0.11599799
v -0.00010895 0.35150930 0.11313529
v -0.00053488 0.37982544 0.11661840
v -0.00045382 0.37643915 0.11725900
v 0.00170448 0.19615506 0.07635987
v 0.00096594 0.17896594 0.08654321
v 0.01617992 0.12146369 0.12622717
v 0.00228982 0.08446451 0.13825807
v 0.00270170 0.06198521 0.13778588
v 0.00246310 0.21215652 0.06626617
v 0.00308772 0.04179939 0.13199289
v 0.17471759 -0.31642011 -0.05123652
v 0.15567239 -0.33318934 -0.07038452
v 0.14710611 -0.32016054 -0.08114073
v 0.16194329 -0.30768877 -0.06794489
v 0.17190151 -0.26485753 -0.04914770
v 0.17184523 -0.24019468 -0.04233760
v 0.17249121 -0.21354941 -0.03822596
v 0.12606087 -0.32795227 -0.09341073
v 0.09581808 -0.31170171 -0.10818773
v 0.09906831 -0.33011806 -0.10259521
v 0.15679678 -0.21615702 -0.06286280
v 0.15670997 -0.24243259 -0.06614357
v 0.15274359 -0.30283457 -0.07656077
v 0.15495718 -0.28818557 -0.07414352
v 0.16950125 -0.28849471 -0.05790305
v 0.12183165 -0.31092212 -0.09842756
v 0.14113110 -0.30775025 -0.08674574
v 0.06040547 -0.15833569 -0.08902238
v 0.06464226 -0.17736873 -0.09747951
v 0.03579274 -0.17735815 -0.09926333
v 0.14373530 -0.14991383 -0.05196751
v 0.13106894 -0.17135935 -0.07408125
v 0.00112333 -0.31017619 -0.10236759
v 0.13893215 -0.29049686 -0.08829150
v 0.09349637 -0.29074579 -0.11256503
v 0.11896709 -0.29145628 -0.10138511
v 0.09318963 -0.21844777 -0.10782360
v 0.11704072 -0.21854930 -0.09725551
v 0.11625446 -0.24355052 -0.10190557
v 0.09252319 -0.24232255 -0.11283797
v 0.13808767 -0.21812460 -0.08254858
v 0.13549705 -0.19366726 -0.07861066
v 0.09207189 -0.19628598 -0.10112676
v 0.11495711 -0.19499740 -0.09193569
v 0.11044619 -0.17337537 -0.08595648
v 0.13823797 -0.24449740 -0.08596567
v 0.09197683 -0.26705521 -0.11479928
v 0.06278585 -0.26563999 -0.12090682
v 0.03186216 -0.26380068 -0.11915775
v 0.00078731 -0.26513723 -0.11646855
v 0.00017785 -0.24192727 -0.11643166
v 0.08854224 -0.17551593 -0.09334291
v 0.07659154 -0.13846329 -0.07804339
v 0.08368003 -0.15661225 -0.08542842
v 0.06260681 -0.08167218 -0.06720919
v 0.11363445 -0.54451984 0.09828595
v -0.00045067 -0.35545030 0.00892309
v -0.00125522 -0.36389142 0.03762268
v 0.18322267 -0.27664930 0.07143775
v 0.19438002 -0.29658943 -0.00568986
v 0.18361554 -0.29213834 -0.03527417
v 0.00751812 -0.36948648 0.08528065
v 0.02428893 -0.36412984 0.10903441
v 0.16378596 -0.28278956 0.09835113
v 0.10896086 -0.32907599 0.13349196
v 0.00095708 -0.36907485 0.06157679
v 0.15556301 -0.26670358 -0.07001434
v 0.13804674 -0.26907313 -0.08778431
v 0.11712727 -0.26859438 -0.10298696
v 0.06366083 -0.28861892 -0.11916669
v 0.03129429 -0.28553346 -0.11776530
v 0.00106195 -0.28509715 -0.11235941
v 0.02229149 -0.30504975 0.12462097
v 0.01050553 -0.29968306 0.13216618
v 0.01836559 -0.29871050 0.13313761
v 0.00136496 -0.28827810 0.14031991
v 0.00177210 -0.30081716 0.13058034
v 0.01091298 -0.31008047 0.12058818
v 0.00211750 -0.31160980 0.11825186
v 0.00218755 -0.32514799 0.10697829
v 0.08122172 -0.19564116 0.14838326
v 0.10372987 -0.18924955 0.13447146
v 0.01577668 -0.20559013 0.16842468
v 0.03614698 -0.20400779 0.16535601
v 0.16036326 -0.16647790 0.07636809
v 0.05811165 -0.20066802 0.15903124
v 0.12503235 -0.18200155 0.11823709
v 0.14514372 -0.17426813 0.09868615
v -0.00024589 -0.19589308 -0.10735482
v 0.00015348 -0.17442805 -0.09983686
v -0.00325405 -0.20624287 0.16813101
v 0.00053977 0.32026276 0.10211576
v 0.00121486 0.31548217 0.08633821
v -0.00196591 0.50388461 0.08905680
v -0.00110873 0.31118789 -0.04921681
v -0.00096386 0.44847858 0.10828547
v -0.00022383 0.36557561 0.11465468
v -0.00052787 0.38908973 0.12075565
v 0.00357294 0.24581505 0.04600804
v 0.00350262 0.23496604 0.04974875
v 0.00007698 -0.34071493 0.00773418
v 0.00306342 0.22454773 0.05758893
v 0.00028427 -0.34123960 -0.00584487
v 0.00043656 -0.01160272 -0.07616868
v 0.06874748 -0.97231162 -0.02926223
v 0.06708741 -0.97039407 -0.04456767
v 0.07074307 -0.99842834 -0.04039016
v 0.07071988 -0.99963707 -0.02601189
v 0.08656690 -0.96498501 -0.07342231
v 0.07457159 -0.96741170 -0.06526689
v 0.10155745 -0.96416277 -0.07505887
v 0.11506423 -0.96510315 -0.06991702
v 0.11096797 -0.99375868 -0.06747764
v 0.09948103 -0.99311215 -0.07370894
v 0.12302230 -0.96589333 -0.06074627
v 0.12532625 -0.99479061 -0.04743211
v 0.12863992 -0.96671557 -0.04887173
v 0.13253610 -0.96844423 -0.03100166
v 0.12789676 -0.99530166 -0.03036870
v 0.12613769 -0.97234005 -0.01125513
v 0.12190372 -0.99850935 -0.01107060
v 0.11164910 -0.97530067 0.00068437
v 0.07540675 -0.97468096 -0.01417094
v 0.07508457 -1.00119090 -0.01015154
v 0.08598447 -0.99382812 -0.07176264
v 0.07651027 -0.99605459 -0.06166519
v 0.07290935 -0.99739468 -0.05079578
v 0.06930391 -0.96918678 -0.05555330
v 0.07082915 -1.02573264 -0.03666566
v 0.06648336 -1.02610588 -0.02154760
v 0.08532204 -1.02183402 -0.07166721
v 0.07862750 -1.02375460 -0.05818043
v 0.10776099 -1.02104771 -0.06608414
v 0.09845486 -1.02056038 -0.07513241
v 0.12590645 -1.02181506 -0.04673287
v 0.11647171 -1.02136803 -0.05608384
v 0.11846844 -0.99423236 -0.05774044
v 0.12683570 -1.02156520 -0.03062422
v 0.12030749 -1.02354455 -0.00839593
v 0.07190290 -1.02656305 -0.00435250
v 0.07502563 -1.02494967 -0.04713811
v 0.12599023 -1.11303508 0.14132176
v 0.12481593 -1.10878479 0.14095676
v 0.12045309 -1.10866630 0.14199439
v 0.11928848 -1.11358941 0.14292803
v 0.08811462 -1.11342609 0.15320380
v 0.08622228 -1.10381162 0.15545692
v 0.07819683 -1.10529995 0.15355319
v 0.07713649 -1.11640203 0.15155038
v 0.10548919 -1.11385465 0.15131587
v 0.10626931 -1.11690462 0.14784339
v 0.11107186 -1.11692131 0.14698836
v 0.11304845 -1.11387801 0.15002199
v 0.14583813 -1.10911000 0.11168087
v 0.14565340 -1.11350000 0.10921077
v 0.14974192 -1.11322784 0.10730212
v 0.15118177 -1.10958052 0.10851314
v 0.13297968 -1.11277354 0.13013935
v 0.13313054 -1.11693573 0.12711214
v 0.13711658 -1.11631501 0.12537523
v 0.13894229 -1.11325145 0.12708181
v 0.08867368 -1.09969795 0.13277766
v 0.07499536 -1.09854555 0.13071275
v 0.07624134 -1.10333383 0.14434461
v 0.08816908 -1.10104012 0.14624453
v 0.07027394 -1.11171889 0.14066449
v 0.06853952 -1.10879385 0.12559956
v 0.07545360 -1.11626184 0.12421599
v 0.07705199 -1.11622214 0.13787059
v 0.08828057 -1.11638284 0.12697856
v 0.08861835 -1.11635149 0.13932648
v 0.09529727 -1.10944009 0.13091530
v 0.09682158 -1.10924435 0.14452618
v 0.11387595 -1.10865629 0.13152623
v 0.10901020 -1.10175896 0.13279788
v 0.11127979 -1.10568905 0.14431475
v 0.11707955 -1.11147463 0.14233479
v 0.09829991 -1.10221314 0.13487169
v 0.10320841 -1.10593462 0.14586242
v 0.09470640 -1.11181855 0.13387826
v 0.09973124 -1.11678290 0.12999441
v 0.10307962 -1.11685359 0.14196493
v 0.09788790 -1.11238956 0.14619859
v 0.10903191 -1.11591637 0.12903379
v 0.11182858 -1.11685789 0.14009130
v 0.12578857 -1.10174322 0.12500086
v 0.11545938 -1.10274994 0.12788877
v 0.11832182 -1.10707247 0.13685085
v 0.12576401 -1.10655057 0.13529941
v 0.11388134 -1.11427903 0.13705626
v 0.11193339 -1.11223137 0.12785877
v 0.11713497 -1.11644328 0.12473791
v 0.11920504 -1.11706579 0.13466495
v 0.12644105 -1.11562836 0.12296818
v 0.12646481 -1.11705363 0.13356155
v 0.13063933 -1.10800111 0.12467319
v 0.13044673 -1.11168325 0.13450754
v 0.14444692 -1.10762334 0.11080977
v 0.14099434 -1.10097671 0.11174560
v 0.13997613 -1.10582447 0.12119938
v 0.14268087 -1.11171997 0.12004844
v 0.13334291 -1.10176134 0.11581144
v 0.13414472 -1.10539591 0.12340447
v 0.12930870 -1.10991096 0.12468393
v 0.13015889 -1.10737908 0.11808088
v 0.13232422 -1.11531687 0.11393526
v 0.13136795 -1.11689973 0.12197178
v 0.14038782 -1.11503172 0.10989465
v 0.13879637 -1.11680794 0.11970200
v 0.15414685 -1.10022271 0.09552746
v 0.15300611 -1.10308385 0.10351395
v 0.15457150 -1.10860443 0.10181311
v 0.15519017 -1.10693955 0.09220329
v 0.14767803 -1.09982729 0.10060690
v 0.14749196 -1.10268331 0.10667387
v 0.14336222 -1.10747468 0.10708308
v 0.14498962 -1.10535932 0.10194068
v 0.14457364 -1.11343181 0.09834247
v 0.14383097 -1.11415768 0.10437877
v 0.15083185 -1.11276603 0.09377582
v 0.15071276 -1.11414409 0.10196308
v 0.09199907 -1.09862936 0.11912756
v 0.07463753 -1.09484696 0.11673850
v 0.07920996 -1.11640298 0.14708793
v 0.06825105 -1.10685980 0.11147460
v 0.08571912 -1.11634004 0.14769980
v 0.09150886 -1.11632001 0.11536392
v 0.07570199 -1.11556697 0.10990150
v 0.09365969 -1.10939991 0.12531182
v 0.11128522 -1.10859978 0.14991318
v 0.11093368 -1.11609006 0.11316808
v 0.11133932 -1.11007440 0.12239203
v 0.10643538 -1.10866785 0.15068911
v 0.11004639 -1.09876394 0.11721102
v 0.12718084 -1.09946132 0.10794266
v 0.12099319 -1.11688471 0.14014362
v 0.12486918 -1.11699378 0.13940835
v 0.12879802 -1.11575758 0.10617084
v 0.13082616 -1.10642886 0.11575671
v 0.13845754 -1.10858893 0.12679315
v 0.14257559 -1.11479664 0.09507941
v 0.14547615 -1.10537028 0.10191134
v 0.13496464 -1.10859084 0.12832636
v 0.14294127 -1.09781611 0.09644095
v 0.15059181 -1.10631692 0.10817169
v 0.15148222 -1.11355639 0.08362839
v 0.15662894 -1.10599244 0.08063075
v 0.14774960 -1.10566032 0.11016668
v 0.15406251 -1.09751415 0.08523177
v 0.08419941 -1.00242341 0.00096257
v 0.08473888 -0.97654521 -0.00296889
v 0.09669589 -0.97747236 0.00216018
v 0.09530351 -1.00330710 0.00511053
v 0.10873453 -1.00133908 0.00214146
v 0.08210029 -1.02629721 0.00811272
v 0.09434900 -1.02632749 0.01144508
v 0.10717210 -1.02588463 0.00605078
v 0.13090992 -1.04334092 -0.03217451
v 0.12731770 -1.04224753 -0.04912156
v 0.11733907 -1.04185557 -0.05988373
v 0.10922526 -1.04142034 -0.07037072
v 0.09842866 -1.04152167 -0.07859533
v 0.07024919 -1.04747486 0.00141950
v 0.08009193 -1.04505527 0.01766857
v 0.09367555 -1.04362035 0.02291146
v 0.10861487 -1.04393363 0.01568486
v 0.07018008 -1.08962917 0.10064956
v 0.08822995 -1.08735836 0.10197855
v 0.08419868 -1.07862151 0.08331489
v 0.06975246 -1.08827066 0.07992304
v 0.10566527 -1.08963037 0.09830672
v 0.10260012 -1.07822084 0.07963163
v 0.12262383 -1.09081924 0.09039966
v 0.11886358 -1.08168268 0.07167725
v 0.13850373 -1.09202898 0.08024497
v 0.13382564 -1.08540905 0.06227420
v 0.15207054 -1.09455049 0.07100694
v 0.14721806 -1.09121311 0.05280664
v 0.15779899 -1.10424411 0.06598987
v 0.15442607 -1.10106158 0.04734045
v 0.06440016 -1.10535622 0.09499259
v 0.06612633 -1.10296309 0.07438514
v 0.07414279 -1.11622763 0.09181599
v 0.07552657 -1.11591625 0.07150330
v 0.09052269 -1.11670995 0.09103506
v 0.09070802 -1.11623609 0.06982826
v 0.14965701 -1.11317348 0.04902232
v 0.15173805 -1.11502421 0.06824716
v 0.10880993 -1.11631060 0.08681004
v 0.10823384 -1.11518562 0.06546264
v 0.12575272 -1.11692286 0.08057436
v 0.12457871 -1.11585426 0.05936562
v 0.14003016 -1.11690938 0.07389513
v 0.13850853 -1.11612451 0.05337908
v 0.08007497 -1.07186198 0.05990254
v 0.09885310 -1.06573558 0.05964360
v 0.11436733 -1.07041669 0.05066456
v 0.12904947 -1.07670760 0.04029733
v 0.14208412 -1.08580887 0.03049824
v 0.15004185 -1.09648037 0.02557264
v 0.12859286 -1.06508720 0.01318845
v 0.13751675 -1.08300805 0.00533427
v 0.14305711 -1.09461546 0.00302608
v 0.13843213 -1.09314156 -0.02003236
v 0.13578518 -1.08032787 -0.01987985
v 0.12808496 -1.07910669 -0.05995924
v 0.13218647 -1.07888579 -0.04246935
v 0.13591084 -1.09192860 -0.04310290
v 0.13211302 -1.09302938 -0.06138009
v 0.13084929 -1.06356609 -0.01418890
v 0.12915938 -1.06187797 -0.03735380
v 0.12416084 -1.06071925 -0.05412374
v 0.11676767 -1.09304416 -0.08243527
v 0.11570646 -1.07785213 -0.08242509
v 0.12337257 -1.07886660 -0.07203723
v 0.12660785 -1.09322131 -0.07339227
v 0.10108220 -1.09472418 -0.08702425
v 0.10022750 -1.07887661 -0.08944835
v 0.08456370 -1.08199561 -0.07874000
v 0.08511718 -1.09682012 -0.07842968
v 0.11180964 -1.05931079 -0.07599747
v 0.11827303 -1.06023598 -0.06595219
v 0.09956140 -1.05949593 -0.08319560
v 0.08555529 -1.06235325 -0.07478462
v 0.07686702 -1.08393085 -0.06038009
v 0.07869779 -1.06449807 -0.05776388
v 0.07623975 -1.09814131 -0.06158931
v 0.07062940 -1.08668327 0.05574256
v 0.07105127 -1.09921050 0.05105583
v 0.11196133 -1.05675495 0.03146168
v 0.09500745 -1.05465984 0.03941161
v 0.07717756 -1.06184661 0.03268273
v 0.06944259 -1.08351624 0.02964558
v 0.07391234 -1.09716988 0.02538544
v 0.06893499 -1.08413875 0.00504196
v 0.07519576 -1.09617460 0.00238946
v 0.07877357 -1.10913432 0.04791101
v 0.08209123 -1.10353398 0.02282421
v 0.08257188 -1.10216379 0.00013071
v 0.06936802 -1.08438718 -0.01588602
v 0.07400420 -1.09663689 -0.01766999
v 0.07246687 -1.08389246 -0.03284299
v 0.07399178 -1.09708607 -0.03379501
v 0.07430739 -1.09773970 -0.04711532
v 0.07489982 -1.08405483 -0.04616316
v 0.07254451 -1.06597483 -0.03348670
v 0.07559470 -1.06489766 -0.04532352
v 0.06942153 -1.06734908 -0.01643601
v 0.06881438 -1.06587100 0.00598876
v 0.14652659 -1.10900044 0.02647547
v 0.14161359 -1.10511541 0.00375551
v 0.13602640 -1.10246837 -0.01876894
v 0.13246213 -1.10308361 -0.04128667
v 0.12701643 -1.10415530 -0.05839224
v 0.12149812 -1.10434043 -0.06915931
v 0.11329373 -1.10369456 -0.07701042
v 0.10041426 -1.10362756 -0.07924420
v 0.08853102 -1.10509884 -0.07382907
v 0.08235504 -1.10710049 -0.06052888
v 0.08039656 -1.10791600 -0.04796828
v 0.08107379 -1.10421944 -0.01987182
v 0.07991664 -1.10691309 -0.03534913
v 0.06629483 -1.04844868 -0.01825539
v 0.06954730 -1.04737103 -0.03491346
v 0.07373195 -1.04633081 -0.04591157
v 0.08530233 -1.04353869 -0.07149167
v 0.07867533 -1.04495549 -0.05638759
v 0.09188885 -1.11267304 0.04517160
v 0.10825302 -1.11211061 0.04073174
v 0.12363315 -1.11257839 0.03502677
v 0.13639745 -1.11265266 0.02996852
v 0.13335459 -1.10922241 0.00637826
v 0.12161902 -1.10942912 0.01012451
v 0.10692522 -1.10953951 0.01496116
v 0.09267954 -1.10737443 0.01983540
v 0.12825634 -1.10743380 -0.01591009
v 0.11781473 -1.10853040 -0.01232911
v 0.10436741 -1.10855782 -0.00862008
v 0.09207954 -1.10682964 -0.00329708
v 0.08966807 -1.10913432 -0.02350355
v 0.10042784 -1.10976589 -0.02904350
v 0.11259651 -1.10924387 -0.03249714
v 0.12264489 -1.10764956 -0.03701258
v 0.11787574 -1.10786045 -0.05319564
v 0.10843773 -1.10897911 -0.04809569
v 0.09744251 -1.10986972 -0.04423916
v 0.08844621 -1.10997772 -0.03925925
v 0.11390292 -1.10760403 -0.06256893
v 0.10067241 -1.10713434 -0.07204513
v 0.10866013 -1.10726869 -0.06910402
v 0.09279498 -1.10833669 -0.06909338
v 0.08943848 -1.10939956 -0.05981488
v 0.08840916 -1.11002004 -0.04992045
v 0.09611811 -1.10896933 -0.06037243
v 0.09650021 -1.10946739 -0.05320932
v 0.10612515 -1.10850978 -0.05709743
v 0.10357954 -1.10800505 -0.06338081
v 0.09651093 -1.10825300 -0.06571606
v 0.10032032 -1.10780537 -0.06716693
v 0.12164080 -1.04666889 -0.00484746
v 0.00022610 0.27624804 -0.06980317
v 0.00066191 0.20959525 -0.09136553
v 0.07586908 -0.70557594 0.03765007
v 0.09095315 -0.70705658 0.04053544
v 0.10734113 -0.70501387 0.04089300
v 0.13790673 -0.29075021 0.11837909
v 0.07954279 -0.07228305 0.12984775
v 0.08417729 -0.03385454 0.12004608
v 0.08159925 -0.05329362 0.12450101
v 0.13984683 -0.32180139 0.12309844
v 0.12838045 -0.01317992 0.06812418
v 0.00123307 -0.30095336 -0.10653772
v -0.00037307 0.17138982 -0.09808137
v 0.10788952 0.13369751 0.10951731
v -0.00008291 -0.21849614 -0.11301746
v 0.07563945 0.41655993 0.01098309
v 0.07336007 0.41487837 0.00973630
v 0.07270856 0.41165578 0.00883888
v 0.07205164 0.40986201 0.00525548
v 0.07168306 0.40791807 0.00226034
v 0.07099830 0.40719724 -0.00004675
v 0.07412289 0.41234487 0.00620704
v 0.07249394 0.41484055 0.00321782
v 0.07341897 0.41510400 0.00600237
v 0.07462407 0.41411248 0.00764418
v 0.00068815 0.16071412 0.09476092
v 0.00044334 0.14567311 0.10487684
v 0.00077353 0.13560495 0.11826766
v 0.00106482 0.11971275 0.12671097
v -0.00017998 0.36145130 0.11666610
v -0.00514476 -0.12527411 0.16432038
v -0.00398470 -0.11082092 0.16085266
v 0.00007620 -0.07535496 -0.06016408
v -0.00507337 -0.16572416 0.17063972
v -0.00260365 -0.09513641 0.15852514
v -0.00099593 0.05088115 -0.10526659
v 0.00194427 0.10343278 0.13379735
v -0.00427028 -0.18546361 0.17093369
v -0.00219355 0.11144944 -0.11339597
v -0.00089655 -0.07296295 0.15768334
v 0.00055380 -0.27158144 0.14888252
v 0.00265172 -0.01209308 0.14443958
v -0.04535012 0.47555092 0.08452155
v -0.05546510 0.46658459 0.07523476
v -0.04986850 0.45774907 0.08595880
v -0.03908201 0.46274731 0.09393896
v -0.04563386 0.44968104 0.09312896
v -0.03587307 0.45195040 0.09942051
v -0.06196475 0.45497429 0.06689690
v -0.05682845 0.45006785 0.07775474
v -0.06230259 0.41368720 0.07343696
v -0.06048567 0.42285475 0.07260200
v -0.06566440 0.41989097 0.06424478
v -0.06618890 0.40756071 0.06461392
v -0.06090227 0.38729405 0.07427536
v -0.06185197 0.37729561 0.06413161
v -0.05706270 0.37027979 0.07526723
v -0.05527686 0.38044164 0.08366001
v -0.02380625 0.39758444 0.10473970
v -0.02688815 0.40318936 0.10264065
v -0.03284696 0.39756486 0.10267678
v -0.02894789 0.39115608 0.10454311
v -0.01454834 0.40796670 0.10830547
v -0.01031824 0.41183791 0.11351614
v -0.01067602 0.41687438 0.10846467
v -0.01563969 0.41253924 0.10454583
v -0.01848582 0.39239815 0.10552755
v -0.02370610 0.38574129 0.10467353
v -0.01723773 0.39926565 0.10791767
v -0.01917361 0.40320942 0.10522588
v -0.01359383 0.39479923 0.11810091
v -0.01069939 0.39586014 0.12241612
v -0.01165342 0.40128362 0.12219192
v -0.01490710 0.39933622 0.11621749
v -0.01695356 0.39280057 0.10964769
v -0.01344154 0.38997698 0.11165663
v -0.01467825 0.39271718 0.11432873
v -0.01691350 0.39618960 0.11195568
v -0.01392109 0.40370882 0.11206007
v -0.01063965 0.40683094 0.11815816
v -0.00650551 0.40882117 0.12412900
v -0.00743330 0.40186873 0.12847932
v -0.03901463 0.37746367 0.09957287
v -0.03349524 0.37425211 0.10170050
v -0.02907602 0.37991443 0.10376517
v -0.03436469 0.38444567 0.10287007
v -0.01447137 0.38679570 0.10892656
v -0.01719643 0.37171149 0.11152259
v -0.01176399 0.37324971 0.11512393
v -0.01166704 0.37704974 0.11449553
v -0.01766222 0.37560055 0.11090144
v -0.04365507 0.36216292 0.09219041
v -0.04351017 0.35354412 0.08943588
v -0.03730019 0.35502186 0.09525925
v -0.03759199 0.36181027 0.09688391
v -0.03476464 0.34895104 0.09507505
v -0.04100395 0.34509149 0.08814124
v -0.03071813 0.33138815 0.09145427
v -0.02589974 0.33907408 0.10057661
v -0.03080473 0.34369963 0.09672712
v -0.03636815 0.33772355 0.08899975
v -0.01475788 0.34538165 0.10815757
v -0.01992035 0.33502766 0.10597359
v -0.01306420 0.33213905 0.11037085
v -0.00899314 0.34447125 0.11079958
v -0.01635161 0.36552331 0.10806715
v -0.01668423 0.36837330 0.11045882
v -0.02058543 0.36709818 0.10708546
v -0.02014347 0.36509404 0.10540608
v -0.02399677 0.36460862 0.10286609
v -0.02393677 0.36534038 0.10356092
v -0.02543205 0.36595285 0.10337313
v -0.02560410 0.36440143 0.10220519
v -0.02225443 0.36489528 0.10402052
v -0.02306020 0.36379883 0.10337705
v -0.02102464 0.36315444 0.10495429
v -0.01771273 0.36273262 0.10795971
v -0.00510533 0.36167523 0.11588392
v -0.00423529 0.36590832 0.11416915
v -0.00734615 0.36584449 0.11312246
v -0.00879340 0.36192712 0.11452840
v -0.02405540 0.36764237 0.10504122
v -0.02155305 0.36955950 0.10769190
v -0.02282280 0.37257117 0.10749058
v -0.02622590 0.36944309 0.10468954
v -0.02917034 0.37165269 0.10366133
v -0.03124413 0.36744297 0.10134523
v -0.02779735 0.36677471 0.10263342
v -0.02471069 0.36258951 0.10214025
v -0.02820817 0.36371157 0.10113247
v -0.02736855 0.36076564 0.10051267
v -0.02531823 0.35795435 0.10173120
v -0.02265660 0.36100918 0.10376693
v -0.01953680 0.35973564 0.10693710
v -0.02205487 0.35558993 0.10455638
v -0.01738198 0.35382235 0.10808472
v -0.01512329 0.35857159 0.11088917
v -0.02508495 0.37608850 0.10601152
v -0.03222864 0.36271897 0.09938879
v -0.03614070 0.36842623 0.09913299
v -0.03167359 0.35802579 0.09852128
v -0.02936307 0.35371983 0.09912817
v -0.02068444 0.34735480 0.10480965
v -0.02573551 0.35007641 0.10136510
v -0.02304567 0.32597238 0.09646991
v -0.01462524 0.32224584 0.10033311
v -0.04201494 0.44298914 0.09516821
v -0.03368404 0.44397223 0.09888652
v -0.04229140 0.43488324 0.09246410
v -0.03861283 0.43593290 0.09482043
v -0.03929408 0.43869001 0.09490702
v -0.04394453 0.43712023 0.09149792
v -0.05493946 0.42564291 0.07805929
v -0.05658664 0.41906869 0.07853612
v -0.05073180 0.42413449 0.08185808
v -0.05029073 0.42812178 0.08260681
v -0.04358663 0.41730762 0.09053525
v -0.04107201 0.42425779 0.09137371
v -0.04403891 0.42495361 0.08868404
v -0.04772456 0.41834208 0.08702652
v -0.03743370 0.42393729 0.09358834
v -0.03873277 0.41756028 0.09324127
v -0.03382196 0.41875663 0.09516574
v -0.03332857 0.42424518 0.09496574
v -0.03264534 0.43950027 0.09661354
v -0.03312664 0.43659228 0.09638210
v -0.02689229 0.43596601 0.09614217
v -0.02544481 0.43903494 0.09662125
v -0.01705006 0.42867160 0.09314749
v -0.01414099 0.42847118 0.09477562
v -0.01477648 0.43266961 0.09489870
v -0.01794020 0.43120933 0.09355829
v -0.01832164 0.42710111 0.09385641
v -0.01639376 0.42556912 0.09517276
v -0.03664243 0.49754968 0.07935725
v -0.05100912 0.48833567 0.06962642
v -0.03195336 0.48201692 0.09310725
v -0.06085911 0.47576544 0.06067830
v -0.06765082 0.46037409 0.05383193
v -0.05789838 0.36041734 0.06802814
v -0.05115278 0.35530609 0.08013616
v -0.05056787 0.36504146 0.08481699
v -0.05558327 0.34953004 0.06367973
v -0.04861786 0.34469295 0.07772198
v -0.03387328 0.32673281 0.07700831
v -0.04289453 0.33462459 0.07657921
v -0.06090752 0.35685879 0.04771512
v -0.05696257 0.34867764 0.04190544
v -0.04983931 0.33885595 0.05937562
v -0.06134650 0.36170554 0.02771953
v -0.05855496 0.35858402 0.02038961
v -0.05131808 0.33988827 0.03304266
v -0.03566207 0.30577731 0.04008231
v -0.04754923 0.30996901 0.02819991
v -0.04829280 0.29809284 0.02500931
v -0.03707947 0.29412684 0.03761617
v -0.06272288 0.36688387 0.05450220
v -0.06762162 0.42956153 0.05515725
v -0.06914824 0.41603678 0.05318992
v -0.06336283 0.43098900 0.06631326
v -0.07108886 0.48852244 0.02563415
v -0.07669693 0.47103935 0.02416264
v -0.07282735 0.46663007 0.04001259
v -0.06723733 0.48379987 0.04481312
v -0.04334030 0.52255827 0.02974874
v -0.05880404 0.50753188 0.02760889
v -0.05590464 0.50024915 0.05123602
v -0.04119756 0.51267928 0.05734620
v -0.07838033 0.47150370 0.00804601
v -0.07220520 0.48911709 0.00326791
v -0.07309049 0.48286423 -0.01767835
v -0.07892157 0.46900272 -0.00828404
v -0.06028117 0.50738519 -0.00055034
v -0.06125727 0.50087875 -0.02624428
v -0.05946948 0.36178422 0.00883542
v -0.05654637 0.34361795 0.01366476
v -0.05459328 0.32803234 0.01558406
v -0.04731151 0.32402414 0.03145832
v -0.04389236 0.51279151 -0.03180399
v -0.04358309 0.52232730 -0.00274568
v -0.06591740 0.44012347 -0.04953377
v -0.07283577 0.43255872 -0.03527492
v -0.07631270 0.44812968 -0.02857495
v -0.06884658 0.45837545 -0.04456349
v -0.05531928 0.44783044 -0.06503785
v -0.05784326 0.46877763 -0.05971155
v -0.05386087 0.38709253 -0.04089368
v -0.04647450 0.38758492 -0.05493801
v -0.04010533 0.37226862 -0.04351724
v -0.04661449 0.37175366 -0.03180339
v -0.05253744 0.44501734 0.08660466
v -0.05613793 0.43886030 0.08027874
v -0.05130076 0.43640247 0.08585963
v -0.04774580 0.44033754 0.09049339
v -0.06529361 0.44291174 0.05969444
v -0.06092179 0.44095942 0.07090408
v -0.07386859 0.45104691 0.03494061
v -0.07766846 0.45564979 0.02182856
v -0.08011054 0.45547909 -0.00355901
v -0.07969332 0.45678011 0.00964137
v -0.07521627 0.42592385 -0.02347314
v -0.07740389 0.43614882 -0.01904147
v -0.06011557 0.36987558 -0.00559861
v -0.05309586 0.37031671 -0.01971077
v -0.04936115 0.35237655 -0.01505313
v -0.05615830 0.34896290 -0.00221336
v -0.03568770 0.35633376 -0.03545837
v -0.04179384 0.35537612 -0.02549382
v -0.05299096 0.31757298 -0.00229590
v -0.04755922 0.32055378 -0.01590833
v -0.04866279 0.30825734 -0.01893591
v -0.05259866 0.30485719 -0.00507510
v -0.04186245 0.30895254 -0.03096542
v -0.04017685 0.32263941 -0.02728249
v -0.03232148 0.32302156 -0.03630478
v -0.03294418 0.30851689 -0.03976448
v -0.01385196 0.28935444 0.05167732
v -0.02451032 0.29155353 0.04572105
v -0.02656409 0.28148127 0.04341733
v -0.01482852 0.27986008 0.04870774
v -0.05438913 0.29433268 -0.00902682
v -0.05170980 0.29850784 -0.02381246
v -0.05951132 0.38645270 -0.02674867
v -0.06445324 0.38727093 -0.01594823
v -0.04503135 0.29877040 -0.03645873
v -0.04740055 0.33495200 -0.01469323
v -0.03984712 0.33769399 -0.02501043
v -0.02745079 0.35647473 -0.04362714
v -0.03106468 0.37174577 -0.05291677
v -0.02110576 0.40797243 0.10265879
v -0.02396565 0.42214864 0.09612761
v -0.01982386 0.42363590 0.09574188
v -0.02091673 0.42651555 0.09474520
v -0.02457586 0.42579165 0.09538345
v -0.01380535 0.46430427 0.10526335
v -0.02679509 0.46482661 0.10085826
v -0.02433501 0.45126191 0.10423672
v -0.01167449 0.44732475 0.10632209
v -0.05095378 0.39336193 0.09227556
v -0.04505845 0.38337088 0.09677332
v -0.03914276 0.39099550 0.10109852
v -0.04200668 0.39974323 0.09821399
v -0.04738931 0.42965162 0.08552779
v -0.04647135 0.43152106 0.08768203
v -0.04895716 0.43168804 0.08522958
v -0.04184638 0.37024903 0.09589930
v -0.04856561 0.37419727 0.09073060
v -0.06816129 0.40116519 0.05293754
v -0.05819654 0.43155044 0.07495601
v -0.02336553 0.53293645 0.03269983
v -0.02252486 0.52120578 0.06391943
v -0.02393318 0.53298193 -0.00260243
v -0.02414370 0.52321452 -0.03342213
v -0.04137765 0.47650948 -0.07038856
v -0.02299212 0.48454508 -0.07678779
v -0.02232196 0.45890784 -0.08533154
v -0.04007968 0.45362437 -0.07697703
v -0.03449284 0.38871315 -0.06597842
v -0.02296893 0.32452458 -0.04242033
v -0.02342140 0.30855244 -0.04518781
v -0.02067064 0.50290084 0.08581673
v -0.01682424 0.48346987 0.09892693
v -0.06976659 0.44580930 0.04701732
v -0.06173551 0.40519020 0.07704015
v -0.05848551 0.39823690 0.08292696
v -0.05427075 0.40914932 0.08664276
v -0.05677620 0.41324329 0.08174506
v -0.06434378 0.39611056 0.06788541
v -0.06537627 0.38720900 0.05532531
v -0.06620868 0.37886092 0.04114442
v -0.06408364 0.36765033 0.03386479
v -0.07032043 0.47438174 -0.03681061
v -0.07736639 0.46187401 -0.02200535
v -0.04310258 0.49711332 -0.05508426
v -0.05980934 0.48735330 -0.04692388
v -0.07895030 0.45147786 -0.01569603
v -0.02384696 0.50637764 -0.05878565
v -0.01129259 0.38121977 0.11340167
v -0.00981193 0.38513714 0.11291710
v -0.01841897 0.38094771 0.10878038
v -0.01030269 0.35757732 0.11371362
v -0.01203370 0.35262337 0.11066083
v -0.00690122 0.35192680 0.11200045
v -0.00590159 0.35708401 0.11512869
v -0.01380212 0.31726342 0.08494125
v -0.02340584 0.32086310 0.08096625
v -0.01332023 0.29885903 0.05609278
v -0.02345535 0.30128643 0.04959651
v -0.00983010 0.39331523 0.11677789
v -0.01018255 0.39256787 0.11471105
v -0.00828830 0.39279464 0.11518122
v -0.00834574 0.39367986 0.11712516
v -0.02273412 0.36613742 0.10488542
v -0.00703599 0.37344310 0.11706405
v -0.00715142 0.36965230 0.11565820
v -0.00413535 0.36939752 0.11632202
v -0.00404314 0.37306219 0.11768459
v -0.03873583 0.32699069 0.05577753
v -0.03548340 0.31742415 0.04510750
v -0.05295161 0.30123940 0.01034874
v -0.05346796 0.31378967 0.01342922
v -0.05409768 0.33199233 -0.00109692
v -0.03294079 0.33960018 -0.03439559
v -0.02422831 0.34104896 -0.04089522
v -0.01381041 0.34204501 -0.04549628
v -0.01669376 0.35720277 -0.04921495
v -0.02384279 0.31733200 0.06567940
v -0.02342086 0.31060654 0.05566943
v -0.01340084 0.30754071 0.06189103
v -0.01335305 0.31351471 0.07113902
v -0.00441322 0.39068106 0.11832974
v -0.00532589 0.38955125 0.11633135
v -0.00344937 0.38749084 0.11718892
v -0.00300268 0.38970295 0.11984993
v -0.01098458 0.39065981 0.11315469
v -0.00900558 0.38785157 0.11309949
v -0.00872700 0.38972223 0.11316083
v -0.01178171 0.39192760 0.11479956
v -0.01120582 0.39330456 0.11738123
v -0.00658832 0.39407882 0.12192314
v -0.00641111 0.39461482 0.12666307
v -0.00937854 0.39397135 0.12030892
v -0.00618273 0.39188543 0.11689937
v -0.00646536 0.39065346 0.11512052
v -0.00832093 0.39136308 0.11361814
v -0.00996314 0.39159438 0.11360189
v -0.00691083 0.39396194 0.11990774
v -0.00867702 0.39381889 0.11862250
v -0.00590522 0.41471723 0.11877510
v -0.00459450 0.29742324 0.05901841
v -0.00480005 0.30597383 0.06455787
v -0.02333044 0.36489084 0.10337096
v -0.02444353 0.44310406 0.10028738
v -0.04864411 0.40748000 0.09221201
v -0.02840862 0.40900218 0.10003765
v -0.02870322 0.41476154 0.09776659
v -0.03467324 0.41193557 0.09686365
v -0.03469826 0.40478304 0.09961819
v -0.01572240 0.44002208 0.10006698
v -0.01084525 0.43442544 0.09896913
v -0.00676593 0.43640319 0.10460096
v -0.01027618 0.42797485 0.09879643
v -0.01340583 0.42307025 0.09797987
v -0.01151199 0.42073673 0.10316510
v -0.00679107 0.42725071 0.10635610
v -0.04698620 0.43467328 0.08832347
v -0.04484200 0.43325365 0.09003875
v -0.01666860 0.41633677 0.10080399
v -0.01796018 0.41983289 0.09759876
v -0.02302995 0.41732925 0.09775120
v -0.02228412 0.41261604 0.10000402
v -0.04128522 0.40920687 0.09527614
v -0.05318053 0.43169343 0.08115468
v -0.05007111 0.42062494 0.08367604
v -0.06419177 0.38245049 -0.00205180
v -0.06803907 0.39322004 -0.00893231
v -0.06652801 0.37546796 0.01617734
v -0.06565002 0.37708297 0.01232531
v -0.06095776 0.37169179 0.01464638
v -0.06357860 0.37113783 0.01906607
v -0.07858115 0.42597759 -0.00259182
v -0.07819954 0.42634577 0.00128486
v -0.07868170 0.43300918 0.00173162
v -0.07865309 0.43215835 -0.00579250
v -0.07819737 0.42886013 0.00779396
v -0.07726719 0.42501205 0.00814017
v -0.07713217 0.42452714 0.01147536
v -0.07815212 0.43189257 0.00992065
v -0.07621808 0.42936498 0.01727983
v -0.07711586 0.44123393 0.02024118
v -0.07906928 0.44329688 0.00991764
v -0.07128515 0.42743528 0.04035614
v -0.07389237 0.43618059 0.02995593
v -0.07358939 0.42431030 0.02336569
v -0.07212407 0.41588280 0.02814730
v -0.06702644 0.38206854 0.02697931
v -0.06565987 0.37488216 0.02349300
v -0.06179012 0.37507829 0.00711598
v -0.05257365 0.42653418 -0.06533343
v -0.06352948 0.42168298 -0.05116630
v -0.06950651 0.41709760 -0.03683962
v -0.07235806 0.41384485 -0.02423992
v -0.04042350 0.43285364 -0.07743896
v -0.02596484 0.43314853 -0.08409405
v -0.07108690 0.41051662 0.04073371
v -0.07031735 0.40480319 0.02938983
v -0.05949163 0.40330675 -0.04809438
v -0.04978423 0.40626049 -0.06249906
v -0.06489886 0.40135172 -0.03374624
v -0.06880867 0.40132853 -0.02174248
v -0.03718528 0.41247699 -0.07470670
v -0.02053384 0.40978241 -0.08081078
v -0.01939246 0.38852710 -0.07197011
v -0.07093544 0.38427377 0.01682633
v -0.07146850 0.37867928 0.01756807
v -0.06842788 0.37724629 0.01910461
v -0.06898092 0.38286135 0.02085033
v -0.06910256 0.39319408 0.02830020
v -0.06867783 0.39542019 0.03998811
v -0.00612114 0.42064601 0.11323968
v -0.00620238 0.33088657 0.11245605
v -0.00428345 0.34434175 0.11242612
v -0.00637674 0.38105595 0.11582972
v -0.00687229 0.37718245 0.11665143
v -0.00385893 0.37658381 0.11728534
v -0.00350701 0.38025269 0.11657483
v -0.01885484 0.43657035 0.09568824
v -0.01844087 0.37222308 -0.05970907
v -0.01271757 0.32600689 -0.04560403
v -0.01264522 0.30994123 -0.04813423
v -0.03587815 0.29720587 -0.04572617
v -0.02503233 0.29616764 -0.05140109
v -0.00319433 0.38396990 0.11640879
v -0.00589926 0.38455263 0.11549623
v -0.00633481 0.39336947 0.11869270
v -0.01164779 0.36931482 0.11386894
v -0.00658394 0.38933524 0.11483192
v -0.00585943 0.38730222 0.11523834
v -0.00147842 0.38694909 0.11793523
v -0.00169621 0.38362503 0.11671535
v -0.02876180 0.42040652 0.09610020
v -0.02886700 0.42490953 0.09552514
v -0.00486742 0.39242211 0.12077199
v -0.00378138 0.39157340 0.12329124
v -0.03917483 0.28378075 0.03461050
v -0.04930304 0.28703249 0.02129781
v -0.00202575 0.36928588 0.11652756
v -0.00203400 0.37288162 0.11786381
v -0.07206360 0.40919676 0.02025614
v -0.07371853 0.41638455 0.01814912
v -0.07485538 0.41175917 0.01325646
v -0.07302275 0.40566021 0.01495253
v -0.00494077 0.28843230 0.05475226
v -0.05378800 0.29042819 0.00606284
v -0.01339834 0.29640859 -0.05474561
v -0.04622237 0.42621818 0.08651422
v -0.04722099 0.42785525 0.08512209
v -0.02151325 0.43411797 0.09460673
v -0.01331354 0.36224210 0.11186156
v -0.01160608 0.36572850 0.11117060
v -0.00501466 0.31185755 0.07339251
v -0.00146136 0.38915613 0.12077416
v -0.07538412 0.41884673 0.00522383
v -0.07493713 0.41525772 0.00599886
v -0.07757028 0.41454437 0.00779373
v -0.07785179 0.41769227 0.00832588
v -0.07941438 0.42099735 0.01283639
v -0.08070191 0.42420822 0.01114914
v -0.08180746 0.42082921 0.00978489
v -0.08028311 0.41804606 0.01048849
v -0.07605945 0.42169839 0.01529448
v -0.07718112 0.41719690 0.01336342
v -0.08307933 0.42551172 0.00939814
v -0.08273032 0.42287210 0.00826328
v -0.07812420 0.42599741 0.00535151
v -0.08053932 0.42673600 0.00802034
v -0.08175428 0.42841706 0.00361661
v -0.08547371 0.42658702 0.00562756
v -0.08356635 0.42809856 -0.00248588
v -0.08790948 0.42576173 0.00037067
v -0.08369216 0.42436165 -0.00785178
v -0.08855455 0.42265838 -0.00513287
v -0.07007471 0.39081025 0.02080702
v -0.06913884 0.39167246 0.01441976
v -0.08326237 0.41833439 -0.01055989
v -0.08871394 0.41758126 -0.00824883
v -0.08254655 0.41080710 -0.01241850
v -0.08777711 0.41060257 -0.00996582
v -0.08148552 0.40221265 -0.01182745
v -0.08583426 0.40319875 -0.00971893
v -0.08002170 0.39500964 -0.00896014
v -0.08411094 0.39635947 -0.00720632
v -0.07774258 0.38597819 -0.00452934
v -0.08198205 0.38976938 -0.00269320
v -0.08459497 0.42095259 -0.00424214
v -0.08392857 0.42387038 -0.00043492
v -0.07705476 0.42234433 -0.00447260
v -0.08312446 0.42453843 0.00444445
v -0.07412164 0.40970540 -0.00047792
v -0.07316332 0.40782002 -0.00014728
v -0.07526252 0.40884581 0.00301146
v -0.07365858 0.41084397 0.00130272
v -0.07350340 0.40381539 0.01155866
v -0.07308235 0.39847997 0.01164305
v -0.07235679 0.39841685 0.01533085
v -0.07095329 0.39458877 0.01110754
v -0.07022384 0.39908653 0.01002111
v -0.07030874 0.39580819 0.00982117
v -0.06958909 0.40327036 0.00951439
v -0.07060830 0.39438927 0.00829319
v -0.07149789 0.39276606 0.00933365
v -0.06962261 0.39531952 0.00766966
v -0.06930821 0.39621097 0.00855024
v -0.06840826 0.39807713 0.00766833
v -0.06860190 0.40115553 0.00532207
v -0.07158069 0.40029657 0.02101980
v -0.06853691 0.38887885 0.00055590
v -0.07181743 0.39698771 -0.00377036
v -0.07922583 0.38492909 0.00313595
v -0.07612486 0.37911725 0.00286193
v -0.07345255 0.37577635 0.01535691
v -0.07495553 0.37534353 0.00993085
v -0.07572091 0.41729084 -0.00566352
v -0.07514950 0.41078401 -0.00717501
v -0.06658845 0.38285124 0.00738320
v -0.07408504 0.40424317 -0.00670918
v -0.08019266 0.39351541 -0.00162510
v -0.07771749 0.39028412 0.00265381
v -0.08259801 0.39827380 -0.00500509
v -0.07248928 0.38950166 0.01135369
v -0.07544681 0.38909444 0.00730499
v -0.07697950 0.38346916 0.00899373
v -0.07419080 0.38346988 0.01357083
v -0.07583593 0.39400330 0.00330841
v -0.07900052 0.39648256 0.00048075
v -0.07267057 0.39616728 0.00241112
v -0.07567415 0.39871666 -0.00000872
v -0.07132014 0.39462441 0.00564423
v -0.07326446 0.39266470 0.00642447
v -0.06912834 0.39808932 0.00177630
v -0.07214421 0.40171459 -0.00083357
v -0.06911744 0.39605486 0.00551725
v -0.07862677 0.40181515 -0.00092756
v -0.07575424 0.40476975 -0.00093514
v -0.07911304 0.40802521 0.00053962
v -0.08104696 0.40555066 -0.00102461
v -0.08143572 0.39998579 -0.00211862
v -0.08338948 0.40427601 -0.00365633
v -0.08328849 0.40402457 -0.00718482
v -0.08406842 0.40969008 -0.00445505
v -0.08399341 0.41048387 -0.00766598
v -0.08254566 0.40956113 -0.00167620
v -0.08115127 0.41050857 0.00070309
v -0.08481952 0.41659558 -0.00665824
v -0.08414798 0.41484162 -0.00376576
v -0.08386193 0.41876024 -0.00196882
v -0.08324528 0.41339213 -0.00114887
v -0.08275875 0.41641074 0.00025225
v -0.08204969 0.41274524 0.00038842
v -0.08141417 0.41442546 0.00175400
v -0.08014142 0.42206252 0.00675938
v -0.07896219 0.42029855 0.00815614
v -0.08148728 0.42229164 0.00401140
v -0.08005434 0.41982573 0.00409491
v -0.07922211 0.42125905 0.00529437
v -0.07776359 0.42020237 0.00565315
v -0.07902870 0.41766584 0.00472360
v -0.07701329 0.41558489 0.00371953
v -0.01741962 0.25861740 0.04630790
v -0.00600845 0.25723049 0.04712132
v -0.00543493 0.26746434 0.04866524
v -0.01621542 0.26902267 0.04667923
v -0.08147191 0.41841400 0.00216112
v -0.08038047 0.41594023 0.00347604
v -0.08271985 0.42124736 0.00066117
v -0.07807843 0.41194624 0.00162098
v -0.07909046 0.41378894 0.00290301
v -0.08027138 0.41223374 0.00217289
v -0.07926337 0.41079864 0.00161330
v -0.07324814 0.40765736 0.01045729
v -0.07114927 0.40616813 0.00717811
v -0.07109890 0.40366051 0.00330948
v -0.05019276 0.24660249 0.03157866
v -0.04636475 0.25526404 0.02835694
v -0.06049500 0.26132661 0.01637027
v -0.06546402 0.25434411 0.01909485
v -0.06132017 0.22573765 0.04854263
v -0.08284374 0.23414975 0.03419612
v -0.08221360 0.21280153 0.05273907
v -0.06430241 0.20760833 0.05910881
v -0.08175245 0.19480851 0.06782039
v -0.06557624 0.19089882 0.07147266
v -0.07918908 0.14664952 0.10667095
v -0.06377634 0.14564702 0.11010049
v -0.06444802 0.16078714 0.09766585
v -0.08012731 0.16194670 0.09387507
v -0.09905443 0.07327378 0.14200284
v -0.09307642 0.05577428 0.13906991
v -0.07984649 0.06005467 0.14458099
v -0.08749384 0.07569081 0.14645201
v -0.14118080 0.16863659 0.06213991
v -0.14311050 0.18786246 0.05380270
v -0.15411124 0.17900936 0.05225542
v -0.15036224 0.15910882 0.05919645
v -0.09315188 0.26698434 -0.01199872
v -0.08931649 0.25308684 0.01038924
v -0.08123793 0.25731108 0.00552936
v -0.08587971 0.27012688 -0.01419695
v -0.14260416 0.08356941 0.09399087
v -0.13840099 0.07203826 0.10234752
v -0.13418216 0.08133149 0.11006718
v -0.13712399 0.09291297 0.10276182
v -0.10951593 0.00338437 0.08642839
v -0.11176271 -0.01416012 0.08651733
v -0.09674359 -0.01395128 0.10233903
v -0.09521165 0.00316055 0.10135980
v -0.14456590 0.02179651 0.02333352
v -0.14668362 0.02033211 -0.00288505
v -0.14579108 0.00638182 -0.00474116
v -0.14471941 0.00650537 0.02149851
v -0.10620221 0.14558603 0.09713526
v -0.09347463 0.14662164 0.10212393
v -0.09480514 0.16190118 0.08961599
v -0.10812268 0.16114601 0.08492560
v -0.32566532 0.21594314 0.01418358
v -0.32583526 0.19946820 0.01474365
v -0.30134270 0.20035715 0.01679373
v -0.30091771 0.21663831 0.01575147
v -0.14916252 -0.07786197 0.03186930
v -0.14792697 -0.07520648 0.00717502
v -0.15020327 -0.09216952 0.01060021
v -0.15081196 -0.09522156 0.03527359
v -0.19136976 0.24251337 0.02663488
v -0.17717932 0.24567474 0.02726936
v -0.17575419 0.26233253 0.00794276
v -0.18906063 0.25978860 0.00876049
v -0.14157496 0.13104866 0.07421316
v -0.13447209 0.13790309 0.08015507
v -0.13823609 0.15246293 0.07102827
v -0.14545910 0.14366788 0.06656909
v -0.15617047 0.04753492 -0.00529880
v -0.15515116 0.04843089 0.01802665
v -0.15827738 0.06447924 0.01209484
v -0.15945013 0.06382742 -0.00894442
v -0.15058747 0.03413057 0.02165606
v -0.15186167 0.03276862 -0.00339028
v -0.12683256 0.14171776 0.08558228
v -0.11735793 0.14379348 0.09143141
v -0.11963302 0.15999940 0.08006106
v -0.12889275 0.15818237 0.07536945
v -0.08654965 0.04110794 0.12968358
v -0.07078494 0.04650185 0.13717249
v -0.14510450 -0.09889086 0.05948834
v -0.13445014 -0.10306202 0.08111638
v -0.13321595 -0.08487836 0.07785225
v -0.14386961 -0.08126310 0.05629610
v -0.07839918 0.01900556 0.11083815
v -0.08078413 0.03076229 0.11765543
v -0.09525169 0.02916551 0.10875348
v -0.09318702 0.01791335 0.10062338
v -0.12004124 -0.10679649 0.10008632
v -0.10320970 -0.11044160 0.11773419
v -0.10096355 -0.09065185 0.11346642
v -0.11808896 -0.08808235 0.09664460
v -0.08117428 0.17797540 0.08098502
v -0.06525778 0.17591697 0.08491405
v -0.11909627 0.07191341 0.12820622
v -0.11607221 0.05512666 0.12451614
v -0.10531632 0.05445118 0.13223408
v -0.10988639 0.07212657 0.13564409
v -0.15967461 0.13187578 0.04272506
v -0.15735327 0.14595383 0.05344308
v -0.16659293 0.16642885 0.04681380
v -0.16894200 0.14444803 0.03650867
v -0.15308292 -0.10886379 0.01289505
v -0.15354152 -0.11175920 0.03774024
v -0.12255994 -0.12570640 0.10294943
v -0.10555918 -0.12992358 0.12091056
v -0.20327121 0.14011577 -0.03201767
v -0.19298844 0.12882476 -0.02781300
v -0.19055647 0.13149156 -0.01370384
v -0.20130965 0.14322373 -0.01869776
v -0.04879939 0.07806356 0.14712575
v -0.06409457 0.08618284 0.14803910
v -0.06959972 0.07025871 0.14827120
v -0.05664057 0.05852716 0.14393644
v -0.11244000 0.04015386 0.11414620
v -0.10909574 0.02957964 0.10057256
v -0.10037843 0.03924078 0.12198936
v -0.03277906 0.06971516 0.14240514
v -0.04183221 0.04533306 0.13418408
v -0.04840836 0.17270446 0.08812484
v -0.04799325 0.15868226 0.10063314
v -0.04799592 0.18767567 0.07652910
v -0.03088581 0.18458526 0.08110966
v -0.02876927 0.20043494 0.07071064
v -0.04602320 0.20362133 0.06566229
v -0.02562073 0.21659406 0.06248047
v -0.04247625 0.22013517 0.05709817
v -0.03371662 0.24190824 0.04208581
v -0.03081443 0.25103736 0.03868219
v -0.15107132 0.13254568 0.05996399
v -0.14731669 0.12112908 0.06663136
v -0.13703679 -0.12106378 0.08363439
v -0.10421923 0.20645158 -0.09863469
v -0.10351073 0.18924515 -0.10393065
v -0.11907264 0.19497113 -0.09733965
v -0.11961464 0.21134144 -0.09242891
v -0.10144188 0.26661798 -0.01086648
v -0.10058359 0.25317511 0.01243603
v -0.17317945 0.14982446 -0.07172947
v -0.16153914 0.14420378 -0.07421918
v -0.16435325 0.13298345 -0.06904786
v -0.17357287 0.14038448 -0.06695026
v -0.20130844 0.14181727 -0.05220170
v -0.21461064 0.15016843 -0.05550658
v -0.21383093 0.15748142 -0.06216145
v -0.19899452 0.14905384 -0.05798632
v -0.14345933 -0.08988576 -0.01208295
v -0.14034529 -0.07309799 -0.01610751
v -0.12438769 0.03428955 -0.06923063
v -0.13509865 0.02674693 -0.04866989
v -0.14327610 0.04139761 -0.04798689
v -0.13480927 0.05016627 -0.06720889
v -0.01761252 0.17365459 -0.10112725
v -0.01782838 0.15903558 -0.10354736
v -0.03570503 0.16287945 -0.10727089
v -0.03505712 0.17781107 -0.10433090
v -0.06921778 0.20802574 -0.10161083
v -0.06803174 0.22225033 -0.09577867
v -0.04950587 0.21245544 -0.09837041
v -0.05055431 0.19894011 -0.10242357
v -0.08723006 0.19960874 -0.10364381
v -0.08713356 0.18223777 -0.10846273
v -0.15775993 0.06667460 -0.02802178
v -0.15382631 0.05075891 -0.02670462
v -0.16474980 0.09089107 -0.03303038
v -0.16527449 0.08957341 -0.01704842
v -0.16914527 0.09924786 -0.01984228
v -0.16865015 0.09972531 -0.03425364
v -0.07934161 0.27470419 -0.01622061
v -0.07789833 0.28019497 -0.03790443
v -0.08566228 0.27661347 -0.03574146
v -0.04639168 0.25804007 -0.07928947
v -0.04601733 0.25196329 -0.08256847
v -0.05806807 0.25795847 -0.07753231
v -0.05645326 0.26270306 -0.07479132
v -0.04108096 0.09491181 -0.11387289
v -0.02103462 0.09349893 -0.11347732
v -0.02055517 0.07285921 -0.11031322
v -0.04186006 0.07276908 -0.11030104
v -0.17295098 0.11032540 -0.04679430
v -0.18141134 0.11812020 -0.04763750
v -0.17864513 0.12354878 -0.05539761
v -0.17024790 0.11575568 -0.05601865
v -0.16402270 0.10853086 -0.05671763
v -0.15890571 0.10020462 -0.05786476
v -0.16236460 0.09447822 -0.04624944
v -0.16688424 0.10324083 -0.04641085
v -0.14275458 0.06530621 -0.06358618
v -0.14949527 0.05702879 -0.04614724
v -0.15471575 0.07199419 -0.04549695
v -0.14965624 0.07957197 -0.06143353
v -0.01694974 0.00555580 -0.09086971
v -0.03503660 0.00397610 -0.09341796
v -0.03632273 0.02610156 -0.09958223
v -0.01759335 0.02690515 -0.09936772
v -0.20945786 0.16282426 0.00256148
v -0.20909564 0.17088784 0.01634543
v -0.22206546 0.17501074 0.01200432
v -0.22417940 0.16611986 -0.00323247
v -0.22153747 0.18045475 -0.07441065
v -0.23209287 0.18581857 -0.07606584
v -0.23109335 0.19267263 -0.07707059
v -0.22012022 0.18775871 -0.07598205
v -0.24546330 0.15854320 -0.02018371
v -0.24114834 0.16619873 -0.00653943
v -0.26115903 0.16444246 -0.00843969
v -0.26475242 0.15651901 -0.02322704
v -0.10934850 0.27012455 -0.03713288
v -0.10968950 0.26665640 -0.01089119
v -0.10168409 0.27212253 -0.03556753
v -0.23147099 0.14985256 -0.04031170
v -0.24764778 0.15202476 -0.04494615
v -0.24704966 0.15481642 -0.05569864
v -0.23040453 0.15150088 -0.05130612
v -0.32514212 0.23152424 0.00620565
v -0.30067199 0.23223209 0.00764396
v -0.28755519 0.15341938 -0.03927031
v -0.28930372 0.15585609 -0.05197049
v -0.26761883 0.15370046 -0.04916793
v -0.26676622 0.15296943 -0.03687502
v -0.11577974 0.01854083 -0.06915312
v -0.12901056 0.01200038 -0.05016703
v -0.11728599 -0.08661382 -0.04839114
v -0.13204305 -0.08818097 -0.03206757
v -0.12759939 -0.07115411 -0.03654994
v -0.11246872 -0.06927395 -0.05278579
v -0.14584540 -0.10711018 -0.00948764
v -0.12024050 -0.10480132 -0.04480291
v -0.13467366 -0.10567059 -0.02903758
v -0.06345646 0.28704914 -0.03434808
v -0.05548591 0.28650969 -0.04900179
v -0.06129058 0.28098625 -0.05396341
v -0.07076494 0.28386575 -0.03744244
v -0.18306197 -0.21389790 -0.01249270
v -0.18370275 -0.24078295 -0.01713146
v -0.18872949 -0.24060526 0.01170803
v -0.18681547 -0.21627328 0.01767256
v -0.03222193 0.26985812 -0.07210337
v -0.04839297 0.27531600 -0.06475752
v -0.04342780 0.28223631 -0.05915676
v -0.02977613 0.27826217 -0.06565709
v -0.18386355 -0.19241063 0.01873942
v -0.18026946 -0.18932188 -0.01046006
v -0.06636004 0.28144881 -0.01580964
v -0.07332125 0.27803457 -0.01674779
v -0.07003578 0.26884693 0.00076438
v -0.06351514 0.27411959 0.00103007
v -0.05549102 0.26884112 0.01610671
v -0.18717927 -0.24684045 0.04197618
v -0.18276714 -0.22204450 0.04474766
v -0.05001611 0.29157737 -0.04318747
v -0.03941113 0.28885117 -0.05321484
v -0.02721218 0.28689927 -0.05891461
v -0.01419635 0.28605315 -0.06202127
v -0.15325667 -0.12331893 -0.00974325
v -0.15937538 -0.12516558 0.01414731
v -0.12831405 -0.34382293 -0.08711080
v -0.09940144 -0.34766442 -0.09559625
v -0.09705660 -0.35828277 -0.08677124
v -0.13133532 -0.35852110 -0.07758795
v -0.02616295 -0.33097777 -0.10148131
v -0.02223947 -0.34078848 -0.08744911
v -0.06004632 -0.35217789 -0.08923467
v -0.06553821 -0.34171134 -0.10142598
v -0.03502808 -0.21926868 -0.11439495
v -0.06591215 -0.22027692 -0.11441051
v -0.06638982 -0.19833426 -0.10722180
v -0.03611974 -0.19719735 -0.10812972
v -0.12702684 -0.12151881 -0.04696265
v -0.14183336 -0.12224132 -0.03044043
v -0.15864649 -0.12820107 0.03980764
v -0.18753716 -0.38145992 0.05620249
v -0.19595139 -0.37648866 0.01513797
v -0.18965818 -0.41221574 0.01391648
v -0.18345042 -0.41755635 0.05249031
v -0.15631756 -0.40726793 -0.04809152
v -0.16186884 -0.37835735 -0.05302913
v -0.12854479 -0.37994203 -0.07037677
v -0.12382910 -0.40473595 -0.06408665
v -0.08709773 -0.13359392 0.13678862
v -0.10725145 -0.14935069 0.12298796
v -0.08869740 -0.15387365 0.13903917
v -0.02945994 -0.14298290 0.16499987
v -0.05058008 -0.13993984 0.15838794
v -0.04946322 -0.16125244 0.16201025
v -0.02816004 -0.16391313 0.16817895
v -0.02747281 -0.27286404 0.14412162
v -0.01229574 -0.27183142 0.14771239
v -0.01585650 -0.25121856 0.15477924
v -0.03358706 -0.25053778 0.15025340
v -0.17314221 -0.22847684 0.06958853
v -0.15476684 -0.23379119 0.09199683
v -0.15376812 -0.21532123 0.09193034
v -0.16998501 -0.20838854 0.07014868
v -0.02020378 -0.34750062 -0.06875749
v -0.05350071 -0.36218506 -0.07324828
v -0.16520073 -0.42139256 0.08973641
v -0.16737722 -0.38472614 0.09329718
v -0.13447726 -0.42529622 0.11920563
v -0.09798340 -0.42463344 0.13027339
v -0.10129783 -0.39305556 0.13352336
v -0.13720839 -0.39100280 0.12167905
v -0.00786815 -0.33464211 0.07907321
v -0.02022083 -0.31869590 0.10563131
v -0.02421926 -0.33328110 0.10410473
v -0.00829954 -0.34687763 0.07953504
v -0.02935840 -0.30441448 -0.11474349
v -0.02868287 -0.32004341 -0.10869652
v -0.06427344 -0.32697141 -0.11055125
v -0.06367012 -0.31054470 -0.11557644
v -0.10364226 -0.10408703 -0.05662241
v -0.10986159 -0.12179891 -0.06001822
v -0.08572154 -0.10356531 -0.06461348
v -0.10028615 -0.08514848 -0.06034401
v -0.08196212 -0.08366701 -0.06769842
v -0.08157421 0.03539345 -0.09531504
v -0.09985181 0.02613474 -0.08427227
v -0.10916795 0.04237983 -0.08603935
v -0.09151157 0.05371699 -0.09855618
v -0.05292520 0.16840295 -0.11060848
v -0.05175115 0.18401273 -0.10705093
v -0.08440421 -0.39543465 -0.07046183
v -0.04078622 -0.37940252 -0.06089978
v -0.05219663 -0.41875127 -0.05756738
v -0.08840962 -0.42681929 -0.06292206
v -0.15030384 -0.43622887 -0.04393252
v -0.17196546 -0.43934649 -0.02101386
v -0.17956944 -0.40814307 -0.02215008
v -0.18252303 -0.44523081 0.01266269
v -0.17740777 -0.45026967 0.05086632
v -0.12988630 -0.45789355 0.11532032
v -0.09364699 -0.45620579 0.12470085
v -0.01147979 -0.41814712 0.08722077
v -0.03203446 -0.42183280 0.10947800
v -0.03015290 -0.44738030 0.10041392
v -0.01122541 -0.44182295 0.07650818
v -0.06740946 -0.27280161 0.12660225
v -0.10356453 -0.25641590 0.11978964
v -0.10394851 -0.27833650 0.12166689
v -0.07334737 -0.29539558 0.12588614
v -0.03299272 -0.12200882 0.16101709
v -0.04981892 -0.11839721 0.15564686
v -0.06846768 -0.13694048 0.14962862
v -0.06699105 -0.11588703 0.14699402
v -0.08519309 -0.11345166 0.13413332
v -0.04229467 -0.03199498 0.14440551
v -0.06293216 -0.03259280 0.13470541
v -0.06236994 -0.05238540 0.13863334
v -0.04228797 -0.05200357 0.14868742
v -0.04257134 -0.01159685 0.13931793
v -0.06323117 -0.01229473 0.13017443
v -0.04049322 0.02580994 0.12516941
v -0.06305486 0.03520717 0.12606718
v -0.06097953 0.02194164 0.11927431
v -0.03163316 0.16911158 0.09168378
v -0.03131678 0.15488771 0.10288453
v -0.17731528 -0.25111479 0.06828605
v -0.01282775 -0.38513336 -0.03358347
v -0.00140936 -0.39511293 -0.00292599
v -0.00542631 -0.42210075 -0.01152964
v -0.02194186 -0.41744629 -0.03930261
v -0.18004636 -0.19989844 0.04583719
v -0.14757155 -0.11602013 0.06199056
v -0.15230933 -0.13308668 0.06434289
v -0.13585101 0.02580261 0.05437498
v -0.13637836 0.00736096 0.04728770
v -0.07771294 0.09093324 0.14610875
v -0.07879365 0.07915523 0.14788288
v -0.18638529 -0.37475216 -0.02363694
v -0.12488752 -0.48870811 0.11003062
v -0.11971629 -0.51767772 0.10380165
v -0.08575759 -0.51668125 0.10956747
v -0.08965706 -0.48720598 0.11736175
v -0.00557304 -0.46354914 0.03763677
v -0.01285158 -0.46890208 0.06522740
v -0.01544666 -0.49689829 0.05417401
v -0.01065082 -0.49235791 0.02720068
v -0.01473839 -0.52175766 0.01875656
v -0.01856803 -0.52658159 0.04560480
v -0.02004099 -0.55467945 0.03509648
v -0.01772240 -0.54945463 0.01032808
v -0.15943368 -0.45612991 0.08828873
v -0.16330923 -0.51086032 0.04856459
v -0.14742890 -0.51632416 0.08086517
v -0.15290466 -0.48710558 0.08514047
v -0.17000881 -0.48165566 0.05060245
v -0.12201943 -0.43356109 -0.05707284
v -0.00190621 -0.43620828 0.04905736
v -0.00032916 -0.41349190 0.06044385
v -0.02119858 -0.48688188 -0.02312231
v -0.03911358 -0.48539641 -0.04400253
v -0.03137202 -0.45331317 -0.04191690
v -0.01284184 -0.45484352 -0.01803294
v -0.14607327 -0.49244887 -0.03899594
v -0.16306067 -0.49711183 -0.01566642
v -0.16702934 -0.46882865 -0.01730507
v -0.14787780 -0.46474513 -0.04024201
v -0.17537940 -0.47528353 0.01507333
v -0.16880941 -0.50398469 0.01495350
v -0.15240620 -0.56681526 0.04493734
v -0.13563329 -0.57154840 0.07302541
v -0.14177872 -0.54453355 0.07674100
v -0.15745518 -0.53936493 0.04693037
v -0.15918216 -0.55939853 0.01325797
v -0.16364400 -0.53205091 0.01413044
v -0.15948926 -0.52485627 -0.01544035
v -0.15588997 -0.55205989 -0.01513688
v -0.14173114 -0.54623616 -0.03682582
v -0.14415838 -0.51946604 -0.03826815
v -0.12247314 -0.51620626 -0.05343669
v -0.12210082 -0.54234993 -0.05174535
v -0.09624562 -0.51384676 -0.05968170
v -0.06962480 -0.51290113 -0.05695675
v -0.07406919 -0.53946847 -0.05641698
v -0.09855330 -0.54012454 -0.05787647
v -0.03340333 -0.54283011 -0.03341694
v -0.05121119 -0.54042077 -0.04883951
v -0.04541634 -0.51400286 -0.04670217
v -0.02783722 -0.51620567 -0.02821981
v -0.05190036 -0.64679700 -0.04905901
v -0.07106722 -0.64420068 -0.05232193
v -0.06565603 -0.61740732 -0.05265098
v -0.04570888 -0.61966062 -0.04719481
v -0.08917727 -0.64229125 -0.05631030
v -0.10803768 -0.64166605 -0.05689306
v -0.10396770 -0.61617130 -0.05421135
v -0.08549067 -0.61638290 -0.05357340
v -0.13599102 -0.62233198 -0.03295813
v -0.12202869 -0.61776477 -0.04787217
v -0.12508690 -0.64324969 -0.04985588
v -0.13809347 -0.64773548 -0.03438828
v -0.14977439 -0.65338129 -0.01502732
v -0.14983442 -0.62840486 -0.01397487
v -0.14938527 -0.66014850 0.00864972
v -0.15255630 -0.63606119 0.01054000
v -0.13818596 -0.64187914 0.03547095
v -0.13544294 -0.66555142 0.03280853
v -0.02249192 -0.63328582 0.00443362
v -0.02685714 -0.66002512 -0.00160234
v -0.02644265 -0.65431023 -0.02210798
v -0.02119064 -0.62802637 -0.01549044
v -0.05025410 -0.64272189 0.04583918
v -0.06850600 -0.64495575 0.06602227
v -0.06891046 -0.66876358 0.05495890
v -0.05330127 -0.66803116 0.03423971
v -0.15567666 -0.58555061 0.01226156
v -0.14789446 -0.59308064 0.04279525
v -0.13862170 -0.57204801 -0.03463300
v -0.15229662 -0.57803488 -0.01448597
v -0.03775565 -0.56833541 -0.03843075
v -0.05648813 -0.56598872 -0.05042324
v -0.02142900 -0.58173531 0.02506926
v -0.01936797 -0.57629752 0.00165042
v -0.09818126 -0.62254417 0.07836322
v -0.10201412 -0.59750491 0.08268484
v -0.12980314 -0.59726208 0.06900372
v -0.12428657 -0.62204570 0.06460001
v -0.15391463 -0.61109900 0.01174158
v -0.15013641 -0.60325021 -0.01394590
v -0.13631156 -0.59702229 -0.03301435
v -0.12140486 -0.59288847 -0.04770534
v -0.10226744 -0.59110421 -0.05371200
v -0.08204544 -0.59075987 -0.05368185
v -0.06112245 -0.59139085 -0.05179778
v -0.04173734 -0.59360611 -0.04320942
v -0.01995095 -0.60222673 -0.00740499
v -0.02211460 -0.60804409 0.01443701
v -0.09392749 -0.66924667 0.06235585
v -0.09525778 -0.64709878 0.07300670
v -0.12065957 -0.64530534 0.05855656
v -0.11922608 -0.66813356 0.05296400
v -0.09371430 -0.69022930 0.05146909
v -0.07189667 -0.69038588 0.04436506
v -0.09370757 -0.66882563 -0.06009827
v -0.11156345 -0.66853678 -0.05942141
v -0.12797897 -0.67004144 -0.05220545
v -0.15104990 -0.67821115 -0.01759685
v -0.14700623 -0.68506014 0.00771839
v -0.13267463 -0.69036645 0.03098346
v -0.11589307 -0.68935066 0.04634244
v -0.04038002 -0.70779341 -0.02924078
v -0.03502551 -0.68049562 -0.02460104
v -0.03465058 -0.68484044 -0.00673491
v -0.04098390 -0.71128792 -0.01073202
v -0.06060031 -0.70164645 -0.05719613
v -0.07740656 -0.69831121 -0.06690022
v -0.07616559 -0.67143095 -0.05363768
v -0.05927572 -0.67417645 -0.04741570
v -0.09719667 -0.69633168 -0.07133076
v -0.11641789 -0.69607502 -0.06867351
v -0.13407661 -0.69650441 -0.06057182
v -0.15275919 -0.70487159 -0.02016773
v -0.14278284 -0.67287642 -0.03886358
v -0.14817102 -0.69933558 -0.04388868
v -0.14646065 -0.71165115 0.00908529
v -0.12542608 -0.74618590 0.02765328
v -0.12339812 -0.71735018 0.02987919
v -0.14832975 -0.74024874 0.00834246
v -0.10123882 -0.84108126 0.01538564
v -0.12670118 -0.83864188 0.01468592
v -0.12412701 -0.87214732 0.00918768
v -0.10184427 -0.87486416 0.01041727
v -0.04367778 -0.73946774 -0.01535693
v -0.04133481 -0.73703301 -0.03634753
v -0.06014479 -0.73145223 -0.06826545
v -0.07908254 -0.72794443 -0.07839525
v -0.15929413 -0.76336497 -0.02588943
v -0.15619861 -0.73339427 -0.02157785
v -0.15233034 -0.72821987 -0.04713099
v -0.15476260 -0.75865304 -0.05158014
v -0.04512923 -0.83408892 -0.02806031
v -0.04304466 -0.83277828 -0.04795390
v -0.04019358 -0.79982877 -0.04638219
v -0.04263019 -0.80171961 -0.02494754
v -0.07766105 -0.75975776 -0.08499999
v -0.05867933 -0.76323873 -0.07472330
v -0.05941037 -0.79540718 -0.07844022
v -0.07780105 -0.79264343 -0.08877596
v -0.15689500 -0.83013791 -0.03011535
v -0.15975086 -0.79558074 -0.02861576
v -0.15572155 -0.79164916 -0.05420077
v -0.15353312 -0.82708538 -0.05483950
v -0.12729631 -0.77503550 0.02417042
v -0.15080954 -0.76955289 0.00402013
v -0.15089697 -0.80041951 -0.00045333
v -0.12876813 -0.80620116 0.01951763
v -0.09886152 -0.77733678 0.02486218
v -0.10091507 -0.80809987 0.02043550
v -0.05682571 -0.90357852 -0.04612842
v -0.04977814 -0.86745518 -0.04714729
v -0.05147070 -0.86992025 -0.02899740
v -0.05894472 -0.90677184 -0.03003627
v -0.08040006 -0.82704157 -0.08821651
v -0.06205936 -0.82919949 -0.07898099
v -0.06725579 -0.86463505 -0.07461646
v -0.08370870 -0.86317486 -0.08333568
v -0.14612772 -0.90468138 -0.03276785
v -0.15224370 -0.86669385 -0.03181347
v -0.14832771 -0.86465162 -0.05411766
v -0.14203165 -0.90251374 -0.05311140
v -0.12203029 -0.90878236 0.00409754
v -0.14469744 -0.86912340 -0.00637784
v -0.14063859 -0.90668595 -0.01052428
v -0.11792964 -0.94497621 0.00135927
v -0.10070601 -0.94672662 0.00312615
v -0.10150940 -0.91074866 0.00564747
v -0.06599220 -0.94087160 -0.03016441
v -0.06236942 -0.93870544 -0.04440063
v -0.07310849 -0.93588716 -0.06689548
v -0.08611006 -0.93363780 -0.07471190
v -0.08594411 -0.89885807 -0.07830317
v -0.07163684 -0.90076429 -0.07045544
v -0.12027784 -0.90099221 -0.07743206
v -0.10331343 -0.89912230 -0.08091807
v -0.10221916 -0.93375021 -0.07702462
v -0.11751216 -0.93572623 -0.07311465
v -0.13468158 -0.93702734 -0.05108869
v -0.13323279 -0.90137142 -0.06816868
v -0.12771311 -0.93636733 -0.06444230
v -0.13971595 -0.93883640 -0.03240668
v -0.13517225 -0.94225401 -0.01150081
v -0.00217049 -0.35768002 -0.00909796
v 0.00168711 -0.36991194 0.02241606
v 0.00012575 -0.37830204 0.00918653
v -0.00754705 -0.36427209 -0.02222710
v -0.03092165 -0.50498301 0.08054735
v -0.03058132 -0.47495294 0.09090495
v -0.03166775 -0.56098866 0.05933239
v -0.03196840 -0.53427660 0.07117268
v -0.03218077 -0.58766723 0.04810538
v -0.03314743 -0.61394036 0.03659912
v -0.03321893 -0.64038509 0.02598879
v -0.03627964 -0.66544908 0.01652517
v -0.04335434 -0.69017762 0.01124536
v -0.04902571 -0.71609992 0.00882499
v -0.05371905 -0.77184212 0.00172589
v -0.04305713 -0.76998848 -0.02056508
v -0.05285973 -0.74302280 0.00561434
v -0.05650780 -0.83654523 -0.00584687
v -0.05432970 -0.80304760 -0.00221745
v -0.06159491 -0.87311298 -0.00932984
v -0.06750909 -0.90992939 -0.01303992
v -0.07371859 -0.94389039 -0.01491753
v -0.06971046 -0.36798576 0.13220592
v -0.03942053 -0.37499577 0.12115312
v -0.04396658 -0.35462055 0.12318424
v -0.07340898 -0.34251133 0.13180217
v -0.00102794 -0.34566262 0.04727802
v -0.00320324 -0.34298545 0.06123335
v -0.00311320 -0.35153925 0.06085069
v -0.00046624 -0.35206938 0.04521288
v -0.14367728 -0.61807925 0.03989653
v -0.12140379 -0.56779993 -0.04911147
v -0.10035146 -0.56575370 -0.05519125
v -0.07825739 -0.56514347 -0.05476090
v -0.04792313 -0.61883718 0.05886548
v -0.04918726 -0.59269923 0.06832506
v -0.07234347 -0.59585226 0.08185498
v -0.06949151 -0.62091625 0.07478306
v -0.09639850 -0.75096524 0.02845258
v -0.07369225 -0.77552003 0.01639228
v -0.07136171 -0.74773216 0.02085700
v -0.09526515 -0.72706002 0.03286805
v -0.12155314 -0.72447973 -0.07720321
v -0.13962974 -0.72506350 -0.06655809
v -0.10075332 -0.75659102 -0.08831450
v -0.12330011 -0.75522250 -0.08432928
v -0.10067981 -0.72557282 -0.08087894
v -0.05349114 -0.54154098 0.09069120
v -0.08143348 -0.54447675 0.10071665
v -0.07674876 -0.57078958 0.09093998
v -0.05075778 -0.56704795 0.07936939
v -0.12201172 -0.05467455 -0.04050453
v -0.10717406 -0.05215451 -0.05623794
v -0.13339654 0.05040224 0.09789541
v -0.13383867 0.03912913 0.07933672
v -0.12196472 0.03263680 0.09050059
v -0.12360612 0.04370656 0.10620596
v -0.14241470 0.04858720 0.07154888
v -0.14073479 0.05970990 0.09051414
v -0.14600514 0.07187410 0.08231605
v -0.14854218 0.06051546 0.06470460
v -0.16361889 0.12424149 0.02704789
v -0.17189579 0.13418180 0.02076311
v -0.04190106 0.00777324 0.13298872
v -0.01985002 0.00773088 0.13762915
v -0.01914630 0.02528674 0.12991825
v -0.06945737 -0.15801921 0.15238744
v -0.07751972 -0.24469675 0.13354903
v -0.04441400 -0.27348617 0.13755766
v -0.05370684 -0.24822105 0.14289007
v -0.00480872 -0.32231340 0.10423180
v -0.05418932 -0.00001467 -0.09190633
v -0.05611609 0.02230005 -0.09689085
v -0.03390953 0.19183132 -0.10098198
v -0.01688177 0.18745521 -0.09829851
v -0.03148397 0.21689703 -0.09392307
v -0.03034477 0.22816086 -0.09056256
v -0.01472991 0.22330570 -0.09004337
v -0.01536262 0.21217272 -0.09277152
v -0.01491786 0.27626467 -0.06940898
v -0.01592702 0.26628828 -0.07519687
v 0.00065044 -0.34982148 0.02875651
v 0.00056903 -0.35771671 0.04149198
v 0.00079315 -0.35209197 0.01910948
v -0.01340618 -0.39764330 0.09625654
v -0.00098062 -0.39566281 0.07113229
v -0.00305061 -0.38139352 0.07844902
v -0.01637939 -0.38001224 0.10241742
v -0.18891494 -0.34522539 0.06027095
v -0.19936493 -0.34031439 0.01986716
v -0.09143814 -0.37456021 -0.07651978
v -0.33610743 0.16384839 -0.05440079
v -0.33804354 0.17283525 -0.06497544
v -0.31428409 0.16834053 -0.06507102
v -0.31222454 0.15975386 -0.05379026
v -0.06337339 0.09661388 -0.11393426
v -0.06980949 0.07073378 -0.10819156
v -0.07539573 0.26364973 0.00236430
v -0.12830952 0.26767567 -0.00712452
v -0.12862919 0.25705060 0.01611810
v -0.11919649 0.25584650 0.01300644
v -0.11847987 0.26706722 -0.00979203
v -0.13169017 0.22994693 -0.07954293
v -0.13032131 0.24443528 -0.06885058
v -0.11943908 0.24330141 -0.07390643
v -0.11979054 0.22752002 -0.08517947
v -0.03303073 -0.24211735 -0.11880656
v -0.06429833 -0.24370220 -0.11962361
v -0.03735054 -0.05999513 -0.07621907
v -0.05755708 -0.06251252 -0.07626905
v -0.05420209 -0.04313972 -0.08106356
v -0.03502292 -0.03957831 -0.08107445
v -0.09318083 0.08471604 -0.10650034
v -0.10732478 0.06937592 -0.09674502
v -0.03029468 0.09252240 0.14132962
v -0.03036802 0.11059185 0.13414665
v -0.04699534 0.11413258 0.13452864
v -0.04676699 0.09774639 0.14311777
v -0.28190461 0.19201034 -0.07687891
v -0.26103315 0.17968154 -0.07483899
v -0.26676598 0.16971739 -0.07009000
v -0.28980932 0.17657484 -0.07269334
v -0.19047216 -0.33469832 -0.02701999
v -0.16426402 -0.35141018 -0.05952827
v -0.13673082 -0.02390311 -0.02964720
v -0.12422045 -0.02086689 -0.05191433
v -0.12140391 -0.03800934 -0.04646078
v -0.13389468 -0.04093491 -0.02546146
v -0.14257875 0.02224284 -0.02650952
v -0.13948666 0.00810626 -0.02877488
v -0.14876151 0.03546399 -0.02634311
v -0.18984446 0.13110028 -0.04798908
v -0.19184916 0.12800726 -0.03960494
v -0.20283091 0.13864784 -0.04309409
v -0.03529013 -0.39709008 0.11659290
v -0.04720767 -0.31510228 0.12042396
v -0.04155111 -0.30044210 0.12206050
v 0.00028647 -0.34417024 0.03331857
v -0.05753616 0.28107974 0.00301393
v -0.05157502 0.27728763 0.01781070
v -0.23076621 0.15262482 -0.02823929
v -0.24763167 0.15320404 -0.03303240
v -0.17500755 0.10790910 -0.02182258
v -0.17248893 0.11101888 -0.00635016
v -0.18118465 0.12006520 -0.00974096
v -0.18356642 0.11648799 -0.02438370
v -0.18346803 0.11564501 -0.03727862
v -0.17508499 0.10773217 -0.03562751
v -0.13178810 0.17488468 0.06474864
v -0.12101030 0.17788084 0.06904860
v -0.12147143 0.19605996 0.05817677
v -0.13239253 0.19333676 0.05546308
v -0.10956649 0.17831807 0.07302805
v -0.09608927 0.17831947 0.07688989
v -0.09680674 0.19635592 0.06384841
v -0.11004045 0.19705181 0.06073870
v -0.07158487 0.24672167 0.02507228
v -0.05548447 0.23916294 0.03960466
v -0.03793585 0.23330808 0.04938135
v -0.02256931 0.22939581 0.05585878
v -0.01636059 0.25537121 -0.08067884
v -0.01507335 0.24468173 -0.08481868
v -0.03122434 0.24835747 -0.08434307
v -0.03549626 0.26002184 -0.07872139
v -0.04363646 0.26455390 0.02837575
v -0.02976735 0.26099375 0.03920463
v -0.01815710 0.24838351 0.04665352
v -0.32627311 0.24257988 -0.00724337
v -0.30207786 0.24357721 -0.00664617
v -0.05696852 0.29138067 -0.02901685
v -0.05935082 0.28645530 -0.01267548
v -0.30310422 0.24858284 -0.02392975
v -0.32761192 0.24763376 -0.02405841
v -0.11126058 0.23568533 0.03179144
v -0.11010546 0.25413236 0.01219320
v -0.12081080 0.23687601 0.03055217
v -0.04152420 0.27387673 0.03063067
v -0.02885150 0.27089965 0.04118600
v -0.19750477 -0.30384454 0.02704634
v -0.18624331 -0.30766568 0.06304863
v -0.14154734 -0.06420962 0.05278802
v -0.14616491 -0.06135127 0.02812687
v -0.02048839 -0.03176248 0.14935590
v -0.02069090 -0.05186624 0.15382153
v -0.00521444 0.27817520 0.05134382
v -0.04594202 -0.09530772 0.15330753
v -0.02498804 -0.09922675 0.15898052
v -0.02206431 -0.07384609 0.15671101
v -0.04329241 -0.07302913 0.15137863
v -0.01941998 -0.12408309 0.16385111
v -0.01877531 -0.13527186 0.16548994
v -0.02096085 -0.28919333 0.13704219
v -0.00946261 -0.28822020 0.13996543
v -0.24027692 0.21983227 0.02429269
v -0.22378631 0.22027096 0.02788338
v -0.22056776 0.23870915 0.02128090
v -0.23811707 0.23772980 0.01679142
v -0.06462486 -0.09353592 0.14422524
v -0.08313450 -0.09231367 0.13015750
v -0.15458843 0.12075937 0.04892965
v -0.15827473 0.11299121 0.03301816
v -0.01901696 0.04368921 0.13263786
v -0.06258616 0.10229225 0.14264108
v -0.06280799 0.11702725 0.13366312
v -0.07790387 0.11869697 0.13083467
v -0.07753079 0.10515293 0.14029978
v 0.00026885 -0.34763926 0.02731112
v -0.22138473 0.22956772 -0.06951520
v -0.20940988 0.22648609 -0.07081953
v -0.21268186 0.21633253 -0.07446070
v -0.22473705 0.22097771 -0.07332889
v 0.00250280 -0.39006805 0.04135635
v 0.00178045 -0.40630236 0.02992644
v -0.01541541 -0.34993389 -0.04772127
v -0.00348351 -0.34470639 -0.03224329
v -0.05873875 -0.45359617 0.11796603
v -0.06260134 -0.42350042 0.12544745
v -0.05660981 -0.48416933 0.10899668
v -0.05477083 -0.51378328 0.10030080
v -0.05782607 -0.69202977 0.02681820
v -0.06841308 -0.71893531 0.02669389
v -0.07601164 -0.80638629 0.01186424
v -0.07785084 -0.83950967 0.00736664
v -0.08064441 -0.87504423 0.00274964
v -0.08308171 -0.91181082 -0.00167534
v -0.08556934 -0.94637787 -0.00317906
v -0.32961261 0.24639916 -0.04089700
v -0.30359310 0.24707086 -0.04241421
v -0.30749607 0.23876899 -0.05663479
v -0.33310026 0.23906696 -0.05457947
v -0.28565827 0.15613708 -0.02526120
v -0.28303599 0.16351819 -0.01034770
v -0.30547339 0.16336209 -0.01179388
v -0.30744341 0.15733016 -0.02670881
v -0.33056685 0.15912645 -0.02808524
v -0.33332324 0.15936047 -0.04196673
v -0.30958790 0.15598477 -0.04087280
v -0.33823702 0.18582676 -0.07226048
v -0.33743566 0.20069425 -0.07479754
v -0.31179163 0.19698068 -0.07617151
v -0.31476006 0.18140028 -0.07303508
v -0.33549342 0.22831827 -0.06505709
v -0.31113684 0.22727403 -0.06664073
v -0.31226283 0.21325791 -0.07360287
v -0.33709598 0.21515290 -0.07214139
v -0.32621530 0.18454698 0.00932670
v -0.32702273 0.17223318 -0.00031909
v -0.30351979 0.17287773 0.00147770
v -0.30218616 0.18527865 0.01145082
v -0.21835150 0.25470099 0.00602485
v -0.23673975 0.25196692 0.00200602
v -0.18177152 0.15672354 0.02874243
v -0.18200678 0.17240259 0.03843898
v -0.19577502 0.17786914 0.03344151
v -0.19462758 0.16528599 0.02187306
v -0.27735952 0.23326218 0.01038718
v -0.25672072 0.23534109 0.01365014
v -0.25645304 0.24873324 -0.00134224
v -0.27864695 0.24566644 -0.00464340
v -0.27862343 0.18605480 0.01406993
v -0.28038505 0.17409673 0.00350655
v -0.25793180 0.17470902 0.00581990
v -0.25683683 0.18590814 0.01791169
v -0.29049528 0.16387753 -0.06381422
v -0.26778567 0.15922506 -0.06047522
v -0.22591719 0.20089905 0.02924325
v -0.24163370 0.20081782 0.02579591
v -0.15195836 0.10959078 0.05523967
v -0.16310176 0.09122929 0.00157178
v -0.16674030 0.10169846 -0.00253863
v -0.12494656 0.05799449 0.11695700
v -0.12629010 0.07252777 0.12065426
v -0.15193363 0.05274506 0.04214586
v -0.15567648 0.06787701 0.03500030
v -0.13228709 0.06327117 0.10964192
v -0.13105497 0.07290515 0.11430005
v -0.08000093 0.00418210 0.11427412
v -0.01945571 0.23894159 0.04956261
v -0.25761366 0.21813209 0.02104674
v -0.25716016 0.20075576 0.02244654
v -0.24398789 0.17127813 -0.07130160
v -0.22807801 0.16487534 -0.06706598
v -0.22892927 0.15697464 -0.06033654
v -0.24630579 0.16260362 -0.06525263
v -0.12547860 0.10971839 -0.09527809
v -0.11076050 0.09754562 -0.10182509
v -0.12199359 0.08429303 -0.09205803
v -0.13444571 0.09814891 -0.08603913
v -0.22111395 0.24483283 -0.05856730
v -0.22492743 0.25227752 -0.04950361
v -0.20904040 0.25372383 -0.04844904
v -0.20752448 0.24483334 -0.05872019
v -0.21168885 0.26088196 -0.03414247
v -0.22991928 0.25808832 -0.03595810
v -0.23444207 0.25891784 -0.01755866
v -0.21552888 0.26242393 -0.01485695
v -0.18501645 -0.26780578 -0.02528827
v -0.19334848 -0.26886082 0.00464967
v -0.14069150 -0.13912120 0.08612420
v -0.12497874 -0.14453901 0.10528430
v -0.10616443 -0.23516174 0.12257268
v -0.02234548 -0.34935153 0.10585621
v -0.00621083 -0.35870111 0.08095423
v -0.00052939 -0.42972496 0.01901285
v -0.19150668 -0.27047762 0.03353656
v -0.00564030 -0.45877513 0.00971447
v -0.01236911 -0.48909977 0.00158157
v -0.06526437 -0.48547018 -0.05675785
v -0.09401712 -0.48690084 -0.06026563
v -0.09173022 -0.45811063 -0.06077596
v -0.05993561 -0.45467201 -0.05698249
v -0.12234521 -0.48931116 -0.05393754
v -0.12222662 -0.46151993 -0.05456942
v -0.10770983 -0.57176822 0.08902516
v -0.10060444 -0.79039001 -0.09214957
v -0.12301885 -0.82572740 -0.08695485
v -0.12359725 -0.78870565 -0.08821736
v -0.10164179 -0.82605702 -0.09129413
v -0.14253776 -0.78929597 -0.07453682
v -0.14202315 -0.75559658 -0.07207616
v -0.14813155 -0.83366746 -0.00283221
v -0.10326453 -0.86257625 -0.08650035
v -0.12233420 -0.86321872 -0.08298275
v -0.14164111 -0.82536995 -0.07463672
v -0.13805786 -0.86327350 -0.07185142
v 0.00170336 -0.37845349 0.05149863
v -0.16741475 -0.34944841 0.09525713
v -0.16491604 -0.31801435 0.09815551
v -0.10499337 -0.30435330 0.12667722
v -0.07473578 -0.31833726 0.12912054
v -0.09904630 -0.07212669 0.10993333
v -0.11623623 -0.07035024 0.09344798
v -0.11284280 -0.03278119 0.08748838
v -0.12742043 -0.03110905 0.06931148
v -0.12893826 -0.04928539 0.07156096
v -0.11445017 -0.05189577 0.09033236
v -0.14423460 -0.02782299 0.02170832
v -0.14376213 -0.02617056 -0.00485914
v -0.14215298 -0.04311773 -0.00140933
v -0.14409927 -0.04471365 0.02440722
v -0.14408739 -0.05921160 0.00275636
v -0.13525951 -0.05723369 -0.02038597
v -0.07218122 -0.02577652 -0.08219755
v -0.09009591 -0.02996619 -0.07443608
v -0.09118880 -0.01056486 -0.08078537
v -0.07303634 -0.00507092 -0.08779669
v -0.03181986 -0.29213354 0.12996432
v -0.00105428 -0.36062244 0.06046142
v -0.06638264 -0.39484909 0.13035105
v -0.10383964 -0.36178723 0.13422786
v -0.13805515 -0.35709623 0.12229946
v -0.22824840 0.15821533 -0.01615757
v -0.15290366 0.13703889 -0.07749409
v -0.15654388 0.12546287 -0.07202397
v -0.24961318 0.25400081 -0.03865710
v -0.25464845 0.25490126 -0.02055000
v -0.23917453 0.18556958 0.02177076
v -0.20553717 0.23980628 0.02492933
v -0.20881711 0.21958135 0.03204838
v -0.19389258 0.22042096 0.03609160
v -0.13150480 -0.24426468 0.10776326
v -0.15843160 -0.25725293 0.09281747
v -0.13313666 -0.26720473 0.11095008
v -0.00077802 -0.34581396 -0.01473321
v -0.04731672 -0.33435565 0.12251398
v -0.01730509 -0.51844627 -0.00560376
v -0.02147421 -0.54591644 -0.01290892
v -0.02461976 -0.57174957 -0.02047540
v -0.02718103 -0.59737659 -0.02758345
v -0.03014936 -0.62321454 -0.03425621
v -0.03605799 -0.64924371 -0.03952793
v -0.04455823 -0.67641538 -0.03913293
v -0.04842775 -0.70450145 -0.04499594
v -0.04037675 -0.76805466 -0.04233120
v -0.04648735 -0.76563805 -0.06042119
v -0.04742200 -0.73425996 -0.05409484
v -0.04671802 -0.79790241 -0.06421573
v -0.04956956 -0.83119279 -0.06431533
v -0.05610397 -0.86609071 -0.06230950
v -0.06188865 -0.90162385 -0.05953071
v -0.06527644 -0.93694013 -0.05677582
v 0.00029040 -0.34341729 0.01310948
v -0.00026660 -0.34507430 0.00052840
v -0.10018129 0.23482230 0.03293738
v -0.16796806 0.11720560 0.01024163
v -0.17615078 0.12614301 0.00506939
v -0.22424029 0.18480261 0.02532452
v -0.28797424 0.22496457 -0.06921632
v -0.28313467 0.23741341 -0.06023625
v -0.23795159 0.17553483 0.00852581
v -0.18244848 0.14601134 0.01537292
v -0.19378275 0.15647036 0.00923671
v -0.52168638 0.24440002 -0.02227452
v -0.52079618 0.24845405 -0.03550623
v -0.54092455 0.24529582 -0.03389206
v -0.54122412 0.24056101 -0.02171966
v -0.52144378 0.23510560 -0.01247782
v -0.54068238 0.23130573 -0.01323152
v -0.51920885 0.17628588 -0.02946326
v -0.51816827 0.18468069 -0.01825625
v -0.53798836 0.18530127 -0.02241664
v -0.53891563 0.17785169 -0.03370373
v -0.55854124 0.21652681 -0.01075550
v -0.55740076 0.20491631 -0.01216979
v -0.53835529 0.20676011 -0.00932652
v -0.53975123 0.21972840 -0.00898893
v -0.51981032 0.17756179 -0.05833952
v -0.51899105 0.18675536 -0.06861076
v -0.49968746 0.18270345 -0.06603143
v -0.50073916 0.17393790 -0.05461969
v -0.43727624 0.17882344 -0.00841194
v -0.44046372 0.16873260 -0.01898094
v -0.42402330 0.16973920 -0.01268049
v -0.42130521 0.18018086 -0.00286316
v -0.48143655 0.25236893 -0.02342790
v -0.47958869 0.25344551 -0.03813800
v -0.50026417 0.25121510 -0.03678018
v -0.50165820 0.24824362 -0.02256886
v -0.47856793 0.21452408 -0.00232430
v -0.47712883 0.19930497 -0.00441180
v -0.45541003 0.20231655 -0.00308171
v -0.45674971 0.21795672 -0.00238294
v -0.46086809 0.25523680 -0.02550785
v -0.45909119 0.25396216 -0.04000584
v -0.51914901 0.20930102 -0.00639094
v -0.51790714 0.19585508 -0.01062482
v -0.49786875 0.19725497 -0.00696622
v -0.49936348 0.21196073 -0.00390189
v -0.55808628 0.18492334 -0.06181922
v -0.55753195 0.19436596 -0.06982718
v -0.53828180 0.19070768 -0.06983816
v -0.53903192 0.18135783 -0.06063134
v -0.55696476 0.19486120 -0.01778150
v -0.55740958 0.18626300 -0.02608823
v -0.53756803 0.19516419 -0.01436817
v -0.55955595 0.23888898 -0.05669146
v -0.56022274 0.24277160 -0.04484703
v -0.53990149 0.24472161 -0.04726726
v -0.53894663 0.23972850 -0.05969641
v -0.47847587 0.17573595 -0.01989145
v -0.47715911 0.18585815 -0.01023601
v -0.49791908 0.18465120 -0.01408471
v -0.49904156 0.17558064 -0.02473587
v -0.48171380 0.24354398 -0.01079715
v -0.50179946 0.23913875 -0.01153740
v -0.51798004 0.24034277 -0.06244162
v -0.51939911 0.24660283 -0.04939857
v -0.49851400 0.24774222 -0.05106315
v -0.49744493 0.23924999 -0.06355210
v -0.47720340 0.22289994 -0.07231314
v -0.47752541 0.20639798 -0.07257289
v -0.49734831 0.21057245 -0.07400385
v -0.49713951 0.22614902 -0.07196094
v -0.45733497 0.17700736 -0.01443280
v -0.45981669 0.16863880 -0.02679621
v -0.48127797 0.17064825 -0.04970153
v -0.48046124 0.17876761 -0.06213117
v -0.46140677 0.17434353 -0.05717424
v -0.46170115 0.16722718 -0.04306549
v -0.42201176 0.23858462 -0.00617713
v -0.42215165 0.25110865 -0.01731782
v -0.43903318 0.25065073 -0.01461686
v -0.43764287 0.23794509 -0.00540923
v -0.43980759 0.25593114 -0.02847281
v -0.42223623 0.25487632 -0.03179869
v -0.39747667 0.24600039 -0.04940061
v -0.39739934 0.23549311 -0.05786871
v -0.40827629 0.23658274 -0.05634788
v -0.40865454 0.24811310 -0.04852420
v -0.43981209 0.21191823 -0.07205420
v -0.43949696 0.19483538 -0.06802021
v -0.45817482 0.20092395 -0.07060232
v -0.45793387 0.21824256 -0.07256517
v -0.42569262 0.17578954 -0.05722611
v -0.42820165 0.16623375 -0.04485640
v -0.44344911 0.16965090 -0.05123659
v -0.44115022 0.18043484 -0.06215408
v -0.37378189 0.16580415 -0.04429987
v -0.37228352 0.16282864 -0.03152032
v -0.38788539 0.16330223 -0.03223853
v -0.38902190 0.16780213 -0.04482520
v -0.38343415 0.17146756 -0.00437008
v -0.36811313 0.17146589 -0.00357945
v -0.36779916 0.18289560 0.00602102
v -0.38283902 0.18286496 0.00523776
v -0.37239638 0.24206448 -0.00909392
v -0.37254831 0.24874935 -0.02526126
v -0.38550353 0.24989790 -0.02376552
v -0.38580915 0.24200076 -0.00851281
v -0.42506751 0.20618434 -0.07133325
v -0.42213970 0.18917863 -0.06566217
v -0.39668140 0.17112187 -0.00566403
v -0.39565539 0.18201259 0.00406418
v -0.40815607 0.18122001 0.00134094
v -0.40984342 0.17038406 -0.00819251
v -0.39494562 0.21117583 0.00598747
v -0.39660582 0.22651541 0.00132334
v -0.40766922 0.22480580 0.00009491
v -0.40715212 0.20943850 0.00362686
v -0.39687899 0.24074827 -0.00747001
v -0.39683303 0.25053805 -0.02187540
v -0.40896234 0.25016263 -0.01940260
v -0.40880460 0.23959264 -0.00676894
v -0.41519693 0.20422454 -0.07005711
v -0.41458258 0.21650517 -0.06683474
v -0.40631205 0.21314615 -0.06727800
v -0.40721187 0.20109983 -0.06951778
v -0.41360256 0.17241780 -0.05097019
v -0.41499391 0.16427165 -0.03872112
v -0.42016226 0.20770188 0.00083821
v -0.42047948 0.19308802 0.00167216
v -0.40766031 0.19482620 0.00577027
v -0.40901864 0.25309587 -0.03457763
v -0.37519681 0.17149085 -0.05483289
v -0.37591872 0.17988551 -0.06420331
v -0.36005828 0.17677447 -0.06420942
v -0.35906917 0.16824535 -0.05463286
v -0.35720646 0.16327955 -0.04340210
v -0.35487351 0.16146515 -0.03017564
v -0.35021627 0.17182857 -0.00208742
v -0.34941751 0.18373729 0.00747136
v -0.34934169 0.19850710 0.01245324
v -0.34897786 0.21432896 0.01204756
v -0.36820751 0.21366027 0.00986016
v -0.36801520 0.19751251 0.01106104
v -0.35041696 0.24196769 -0.00783759
v -0.35171169 0.24763235 -0.02455366
v -0.37317154 0.24806492 -0.03982382
v -0.35413590 0.24658445 -0.04052375
v -0.39913878 0.16401021 -0.01953623
v -0.38567853 0.16451326 -0.01769518
v -0.51746845 0.22837719 -0.07086591
v -0.51732123 0.21412678 -0.07422321
v -0.53745127 0.21669373 -0.07330242
v -0.53831476 0.22956714 -0.06865294
v -0.55716342 0.20636754 -0.07253488
v -0.53756988 0.20326054 -0.07356745
v -0.52057385 0.22303559 -0.00695551
v -0.50095552 0.22640271 -0.00505667
v -0.55960143 0.22797275 -0.01375727
v -0.42083105 0.22304755 -0.00143664
v -0.43633229 0.22096750 -0.00253658
v -0.39701840 0.22320224 -0.06337020
v -0.38647237 0.23363638 -0.05915399
v -0.38693190 0.22146150 -0.06574794
v -0.42466402 0.22240232 -0.06657969
v -0.43951982 0.22928534 -0.06611294
v -0.43902704 0.24205936 -0.05369315
v -0.42100531 0.23572873 -0.05589134
v -0.39885476 0.19795370 -0.06934742
v -0.39787221 0.21073438 -0.06860868
v -0.38792571 0.20849183 -0.07005402
v -0.38859555 0.19514017 -0.06985991
v -0.37034750 0.22914241 0.00331808
v -0.38471085 0.22812344 0.00227187
v -0.35807469 0.22939442 -0.06333225
v -0.37390861 0.23160079 -0.06082244
v -0.37387547 0.24163067 -0.05158884
v -0.35736781 0.23954536 -0.05349167
v -0.38625261 0.24382737 -0.05033580
v -0.35863513 0.21728992 -0.07015966
v -0.37444073 0.21962444 -0.06779545
v -0.34920257 0.22992633 0.00543472
v -0.37565252 0.19253530 -0.07027768
v -0.37519735 0.20642707 -0.07133861
v -0.35929525 0.20372111 -0.07290453
v -0.35979545 0.18929768 -0.07120224
v -0.51785588 0.19967940 -0.07346454
v -0.49820474 0.19581529 -0.07193606
v -0.42742175 0.16326620 -0.02828932
v -0.44319022 0.16440079 -0.03530658
v -0.41295114 0.16351411 -0.02282797
v -0.52002662 0.17340554 -0.04417403
v -0.53940701 0.17623727 -0.04784765
v -0.48026872 0.16950968 -0.03376683
v -0.50037575 0.17106409 -0.03941914
v -0.47697541 0.23791565 -0.06478581
v -0.40095609 0.17755376 -0.05698258
v -0.40195617 0.16983937 -0.04684995
v -0.41106319 0.18139568 -0.06047676
v -0.35179192 0.16416036 -0.01523540
v -0.37006941 0.16455641 -0.01680704
v -0.41468573 0.19384654 -0.06875927
v -0.32857233 0.16368347 -0.01334861
v -0.42177242 0.24986744 -0.04617892
v -0.39708951 0.25200567 -0.03667730
v -0.38593209 0.25013557 -0.03831217
v -0.56061077 0.24236041 -0.03212249
v -0.48034653 0.23012355 -0.00369817
v -0.43521917 0.20553802 -0.00208046
v -0.43566906 0.19092126 -0.00290143
v -0.39962894 0.18618895 -0.06523545
v -0.38925877 0.18294938 -0.06436765
v -0.38934791 0.17451030 -0.05524665
v -0.38251436 0.21297431 0.00800841
v -0.38285968 0.19724642 0.00968485
v -0.55840343 0.17934962 -0.05033257
v -0.39538512 0.19650337 0.00791149
v -0.43834057 0.25331026 -0.04313671
v -0.01604264 0.20016208 -0.09547222
v -0.14566727 0.03911595 0.04781495
v -0.10720515 0.01888961 0.08884151
v -0.12081313 0.02144876 0.07384536
v -0.15936042 0.09532942 0.02124628
v -0.16258827 0.10718174 0.01555014
v -0.18678634 0.13751923 0.00088400
v -0.19696446 0.14847918 -0.00490694
v -0.15219882 0.07393826 0.05631920
v -0.07731044 0.42789283 -0.01087017
v -0.07553746 0.42080256 -0.01357867
v -0.07943508 0.44133082 -0.01065913
v -0.01635473 -0.11182860 0.16149978
v -0.07501469 0.41350377 0.00147803
v -0.07271291 0.40620846 -0.00165469
v -0.07732137 0.40974435 0.00041490
v -0.07452275 0.41452661 0.00317644
v -0.07461110 0.41555810 0.00357697
v -0.07990415 0.44353041 -0.00048827
v -0.07321288 0.41259581 -0.01420178
v -0.07116146 0.40367472 -0.01278245
v -0.07824626 0.42941040 0.00539835
v -0.05105627 -0.12304164 -0.07707901
v -0.02674249 -0.12244418 -0.07760812
v -0.02931684 -0.13985614 -0.08456804
v -0.05573994 -0.14071074 -0.08327064
v -0.03241839 -0.15895058 -0.09265715
v -0.15347181 -0.19345912 -0.06207918
v -0.16983622 -0.19026051 -0.03819388
v -0.16435273 -0.16959853 -0.03669212
v -0.14828441 -0.17172509 -0.05890437
v -0.16930236 -0.15326935 -0.01127737
v -0.15746002 -0.15223022 -0.03530890
v -0.17533208 -0.16951498 -0.01058944
v -0.17947781 -0.17313248 0.01784080
v -0.17390269 -0.15610377 0.01641221
v -0.17594720 -0.17985319 0.04500525
v -0.17137189 -0.16131260 0.04372198
v -0.16673103 -0.18818249 0.06933133
v -0.15233310 -0.19624940 0.09142622
v -0.13248479 -0.22416425 0.10851814
v -0.10864215 -0.21196665 0.12533863
v -0.13207909 -0.20425913 0.11000703
v -0.06079327 -0.22350019 0.14843088
v -0.08428495 -0.21908289 0.13811406
v -0.01974585 -0.22814909 0.16111693
v -0.03953040 -0.22672895 0.15623985
v -0.09797670 0.21510933 0.04994998
v -0.07829022 0.27322772 -0.05542862
v -0.08589313 0.26991084 -0.05509041
v -0.09346012 0.27378321 -0.03458245
v -0.10457660 0.22303279 -0.09152942
v -0.10532364 0.23984677 -0.08067799
v -0.08721049 0.23202780 -0.08939464
v -0.08704989 0.21611373 -0.09716855
v -0.06950872 0.26553857 -0.06873097
v -0.06519061 0.26765114 -0.06827352
v -0.07450254 0.26145884 -0.07031527
v -0.04556811 0.24428920 -0.08563891
v -0.06122288 0.25240982 -0.08039014
v -0.12818511 0.26686838 -0.03240673
v -0.12874590 0.25798076 -0.05361214
v -0.13792893 0.25822359 -0.04939750
v -0.13897599 0.26703662 -0.02838590
v -0.13269627 0.21488269 -0.08666838
v -0.13316089 0.19930971 -0.09094903
v -0.14379719 0.20301603 -0.08685011
v -0.14250977 0.21761513 -0.08236532
v -0.17271036 0.26773757 -0.01494846
v -0.16926916 0.26131108 -0.03594505
v -0.18170680 0.26254001 -0.03382627
v -0.18527521 0.26670119 -0.01341925
v -0.14072615 0.23183870 -0.07486021
v -0.08426581 0.10407936 -0.11249895
v -0.10211510 0.11311979 -0.10800565
v -0.11731637 0.12187669 -0.10241902
v -0.14954549 0.14896348 -0.08205151
v -0.14118582 0.14164819 -0.08676683
v -0.14510822 0.12878598 -0.08229433
v -0.15909167 0.15563902 -0.07938636
v -0.16963860 0.15935136 -0.07589553
v -0.19556791 0.19754203 0.03811489
v -0.18151134 0.19561012 0.04356961
v -0.17913014 0.22203709 0.03849528
v -0.19463505 0.16651841 -0.06911699
v -0.18184303 0.15990789 -0.06940114
v -0.18363705 0.15286763 -0.06569040
v -0.19651012 0.16095407 -0.06633405
v -0.11816784 0.26763320 -0.03546800
v -0.18148398 0.25201213 -0.04912684
v -0.16916217 0.24969400 -0.05089094
v -0.16913927 0.23881662 -0.06154552
v -0.18121769 0.24203299 -0.05964550
v -0.18271142 0.23029743 -0.06773224
v -0.17127442 0.22658437 -0.07007129
v -0.17308815 0.21412343 -0.07584050
v -0.18455732 0.21817626 -0.07350695
v -0.19368914 0.17382388 -0.07227384
v -0.17978439 0.16792236 -0.07285126
v -0.20270887 0.25714251 0.00830927
v -0.14991559 0.26684782 0.00192641
v -0.14931989 0.25366634 0.02426720
v -0.13811325 0.25595772 0.02038493
v -0.13859710 0.26766837 -0.00283899
v -0.21450001 0.14994183 -0.02381970
v -0.21132894 0.15557097 -0.01118093
v -0.21613319 0.14588362 -0.03599149
v -0.18706587 0.13784099 -0.05577544
v -0.21607721 0.14591973 -0.04682643
v -0.20994116 0.18207224 0.02891401
v -0.21080542 0.19940777 0.03294672
v -0.15048853 0.23027907 0.03789940
v -0.13898772 0.23426422 0.03568804
v -0.19922462 0.26489601 -0.01350183
v -0.19582358 0.26236105 -0.03343562
v -0.20926267 0.17341602 -0.07171296
v -0.21119058 0.16829903 -0.06952592
v -0.22363925 0.17560367 -0.07290139
v -0.17590566 0.13148105 -0.06175443
v -0.18506558 0.14660776 -0.06183541
v -0.14913215 0.26709217 -0.02355932
v -0.19427302 0.25345188 -0.04894552
v -0.19429541 0.24328427 -0.05978313
v -0.16113043 0.22309180 -0.07384427
v -0.15866858 0.23578568 -0.06555087
v -0.14957903 0.23371008 -0.07024246
v -0.15188323 0.22019109 -0.07826215
v -0.19685133 0.22272421 -0.07218547
v -0.20010792 0.21115904 -0.07541591
v -0.15394509 0.20640013 -0.08308473
v -0.16324513 0.20994863 -0.07919299
v -0.20775563 0.18042423 -0.07415757
v -0.12942287 0.23696199 0.03246340
v -0.13164750 0.21547683 0.04516938
v -0.12159996 0.21661976 0.04587355
v -0.15364128 0.20495254 0.04747109
v -0.14160618 0.21090762 0.04618089
v -0.16771333 0.19785507 0.04723637
v -0.11097430 0.21627349 0.04829450
v -0.40844956 0.19003199 -0.06672702
v -0.22661796 0.17153092 -0.07113561
v -0.23953754 0.17751397 -0.07400747
v -0.23517521 0.18193884 -0.07540023
v -0.28745723 0.21017236 -0.07515789
v -0.00316281 0.35170892 0.11279388
v -0.00272816 0.35692361 0.11576170
v -0.00201062 0.37647790 0.11740947
v -0.00193369 0.37995121 0.11671034
v -0.40630847 0.22465310 -0.06144085
v -0.41377172 0.22567885 -0.06108818
v -0.45761791 0.23453724 -0.06538627
v -0.47790533 0.24774756 -0.05209664
v -0.45784843 0.24616753 -0.05306028
v -0.46065030 0.24783356 -0.01180784
v -0.45897475 0.23407222 -0.00329720
v -0.45580685 0.18831293 -0.00692889
v -0.45941934 0.18594351 -0.06605881
v -0.59819257 0.23126659 -0.01760341
v -0.59927833 0.23780102 -0.02724207
v -0.61873770 0.23544203 -0.02415260
v -0.61726928 0.22805803 -0.01546527
v -0.63584298 0.22532670 -0.01354648
v -0.63419116 0.21529756 -0.01144948
v -0.61608183 0.21829233 -0.01189437
v -0.63226324 0.20607370 -0.01417813
v -0.61458737 0.20826007 -0.01329543
v -0.63088298 0.19861743 -0.02035970
v -0.63075000 0.19386815 -0.02811718
v -0.61343908 0.19409388 -0.02576234
v -0.61344165 0.19995911 -0.01844261
v -0.59529817 0.18886226 -0.03202110
v -0.61391163 0.19017349 -0.03468033
v -0.61447620 0.18792541 -0.04429737
v -0.59587163 0.18482952 -0.04238470
v -0.63301575 0.19896969 -0.06185452
v -0.63377035 0.20713909 -0.06546024
v -0.61549211 0.20453201 -0.06677384
v -0.61498350 0.19549480 -0.06242952
v -0.59799331 0.22277722 -0.06610179
v -0.59676659 0.21201329 -0.06897369
v -0.61650777 0.21485738 -0.06703621
v -0.61774600 0.22497113 -0.06394164
v -0.63584274 0.22768749 -0.06267276
v -0.63719994 0.23484157 -0.05500582
v -0.61882371 0.23299073 -0.05736732
v -0.56043202 0.23731682 -0.02123191
v -0.57928455 0.23434897 -0.01971891
v -0.57832795 0.22464782 -0.01329571
v -0.59515703 0.20136157 -0.01633790
v -0.57645607 0.20319054 -0.01436576
v -0.57728213 0.21361528 -0.01182697
v -0.59603983 0.21088272 -0.01248275
v -0.55805725 0.17991936 -0.03724014
v -0.57644713 0.18738925 -0.02925489
v -0.57704490 0.18244281 -0.03998788
v -0.59499151 0.19430363 -0.02313875
v -0.57614613 0.19457997 -0.02062638
v -0.59598780 0.18572773 -0.05327568
v -0.61465782 0.18960236 -0.05426116
v -0.59992319 0.23958856 -0.03871806
v -0.59993201 0.23750956 -0.05004497
v -0.61966026 0.23748903 -0.04715111
v -0.61960274 0.23850346 -0.03573001
v -0.57725912 0.18257852 -0.05195002
v -0.57997411 0.23811503 -0.05334846
v -0.58021039 0.24101044 -0.04190570
v -0.59909719 0.23143020 -0.05967388
v -0.57910115 0.23082317 -0.06268950
v -0.63797730 0.23707710 -0.03278546
v -0.63745129 0.23323140 -0.02135169
v -0.57998329 0.23987113 -0.02976413
v -0.59598166 0.19169739 -0.06266842
v -0.59620714 0.20120241 -0.06816120
v -0.57685220 0.19779158 -0.06903279
v -0.57705247 0.18828925 -0.06230678
v -0.55778295 0.21862055 -0.07096244
v -0.57709420 0.20888643 -0.07047016
v -0.57799172 0.22043552 -0.06833908
v -0.63450664 0.21708687 -0.06592774
v -0.55867195 0.23048376 -0.06597367
v -0.71348459 0.19219758 -0.02645038
v -0.70423090 0.18955798 -0.02490684
v -0.70921135 0.18765177 -0.01552719
v -0.71807092 0.19091500 -0.01757788
v -0.68964124 0.18017769 -0.00852644
v -0.68168330 0.18403672 -0.00123605
v -0.69157457 0.18459646 0.00652805
v -0.69803208 0.18123367 0.00036471
v -0.72159928 0.19233945 -0.00945633
v -0.71318549 0.18818076 -0.00764009
v -0.72063708 0.19657522 -0.00394962
v -0.72914582 0.20269768 -0.00651223
v -0.72929704 0.19620112 -0.01014406
v -0.73689073 0.20582525 -0.00782296
v -0.72374606 0.21299107 -0.00875900
v -0.73543727 0.21447927 -0.01173725
v -0.71855593 0.22370061 -0.03144449
v -0.71607041 0.22440138 -0.04124851
v -0.73000777 0.22256809 -0.04203074
v -0.73212677 0.22139128 -0.03163867
v -0.72162580 0.21813424 -0.05920777
v -0.72685283 0.22064504 -0.05075608
v -0.71289790 0.22306643 -0.04920326
v -0.70895690 0.22095916 -0.05699253
v -0.70755559 0.19480069 -0.04008176
v -0.69787079 0.19326270 -0.04031051
v -0.70005554 0.19231357 -0.03412766
v -0.70935923 0.19413842 -0.03463246
v -0.71803510 0.19890802 0.00554917
v -0.71456105 0.20673171 -0.00074546
v -0.72000152 0.20328456 -0.00224463
v -0.71946317 0.19567350 0.00404832
v -0.67412913 0.18678372 -0.05116220
v -0.66268682 0.18886869 -0.04948585
v -0.66299289 0.18904021 -0.04115981
v -0.67350632 0.18727034 -0.04392510
v -0.66685295 0.18614240 -0.01544619
v -0.66186130 0.18939814 -0.02232772
v -0.65686131 0.19875313 -0.01263542
v -0.66354269 0.19714728 -0.00785070
v -0.67333835 0.18442838 -0.00868034
v -0.67011762 0.19562081 -0.00274496
v -0.67915910 0.19412717 0.00286033
v -0.68990892 0.19258876 0.00979904
v -0.66171843 0.19211391 -0.05965607
v -0.66971976 0.18977034 -0.06286702
v -0.78504497 0.19960144 -0.01384164
v -0.78566992 0.19781424 -0.01909126
v -0.78014785 0.19800855 -0.01843409
v -0.77956802 0.19979267 -0.01312756
v -0.66963208 0.20786020 -0.06998992
v -0.67162186 0.21699056 -0.06717268
v -0.66476220 0.21653414 -0.06705658
v -0.66301888 0.20696357 -0.06847324
v -0.67806590 0.20807172 -0.07245128
v -0.68041080 0.21733864 -0.06770160
v -0.78729713 0.21172617 -0.01282721
v -0.78618056 0.20757715 -0.01037065
v -0.78058660 0.20847909 -0.01043823
v -0.78146273 0.21265440 -0.01318013
v -0.72678584 0.19269989 -0.01771707
v -0.72262889 0.19339910 -0.02620888
v -0.74463570 0.19405080 -0.02058501
v -0.73333836 0.19360700 -0.02522170
v -0.73518413 0.19403948 -0.01600540
v -0.74342650 0.19561639 -0.01440965
v -0.72616971 0.19497155 -0.04402617
v -0.71610904 0.19536847 -0.04383244
v -0.71985453 0.19524075 -0.03708430
v -0.73023361 0.19472317 -0.03724943
v -0.71330428 0.19196430 -0.05484738
v -0.72283572 0.19236398 -0.05556184
v -0.72146094 0.19022384 -0.06164257
v -0.71304095 0.18996613 -0.06046571
v -0.74232334 0.19459876 -0.05142542
v -0.75130874 0.19702794 -0.05241336
v -0.74964321 0.19700763 -0.05716866
v -0.74107891 0.19401431 -0.05651942
v -0.65853238 0.21687436 -0.06716315
v -0.65627724 0.20723535 -0.06747693
v -0.71304554 0.21058585 -0.07504480
v -0.70857954 0.20359506 -0.08026031
v -0.71738058 0.20155847 -0.08391517
v -0.72171444 0.20906207 -0.07861517
v -0.67437774 0.22442985 -0.06081909
v -0.66716337 0.22520855 -0.06130058
v -0.78830475 0.21388084 -0.01772994
v -0.78246331 0.21495172 -0.01814485
v -0.68093455 0.20457239 0.00076602
v -0.69232547 0.20136224 0.00830866
v -0.67155230 0.20701073 -0.00482072
v -0.66485184 0.20877229 -0.00815207
v -0.65781713 0.21060118 -0.00954803
v -0.73834479 0.19406043 -0.02996654
v -0.71701205 0.19447367 -0.03328323
v -0.70598572 0.19433691 -0.04410693
v -0.70155734 0.18698575 -0.07105860
v -0.69401097 0.18730550 -0.07073919
v -0.69749635 0.18698354 -0.06170873
v -0.70408010 0.18760478 -0.06418779
v -0.70663720 0.19481185 -0.08156685
v -0.70829737 0.18918613 -0.07770345
v -0.71654379 0.18878388 -0.07938457
v -0.71543515 0.19343692 -0.08403841
v -0.71619791 0.20150325 0.00913093
v -0.70867038 0.20724866 0.00295303
v -0.66858441 0.19785720 -0.06955434
v -0.66169703 0.19838034 -0.06631313
v -0.65498120 0.19969288 -0.06375869
v -0.68549734 0.18978903 -0.04273181
v -0.67316377 0.18719891 -0.03935422
v -0.67402667 0.18572059 -0.03366234
v -0.68671268 0.18960631 -0.03859671
v -0.69388306 0.18426545 -0.02282775
v -0.68215925 0.18085350 -0.01809819
v -0.70007163 0.18284570 -0.01309932
v -0.66239893 0.18893121 -0.03350883
v -0.65430242 0.19159056 -0.03953188
v -0.65397662 0.19212507 -0.03085083
v -0.65451533 0.19207793 -0.04882472
v -0.65456122 0.19465961 -0.05758169
v -0.64497274 0.19235064 -0.03843052
v -0.64441991 0.19355936 -0.02977503
v -0.64554566 0.19297355 -0.04794051
v -0.64605039 0.19594356 -0.05616342
v -0.64958352 0.22859403 -0.06191815
v -0.64831251 0.21819046 -0.06636471
v -0.65956342 0.22670232 -0.06184463
v -0.64670116 0.20330319 -0.01394991
v -0.65426087 0.19447994 -0.02166904
v -0.64503282 0.19690457 -0.02156051
v -0.64869332 0.21300066 -0.01063972
v -0.70394188 0.18231808 0.00632588
v -0.70982468 0.18237546 0.01109741
v -0.71455777 0.18409504 0.00633568
v -0.70992339 0.18482655 0.00160085
v -0.74469310 0.20765293 -0.00925352
v -0.74395174 0.20059593 -0.00978983
v -0.73642993 0.19860254 -0.00965848
v -0.68235743 0.18632098 -0.05679546
v -0.67816395 0.18851598 -0.06700949
v -0.74714476 0.19459571 -0.02588294
v -0.77438062 0.21322794 -0.01341683
v -0.77365786 0.20878062 -0.01042792
v -0.76120794 0.20857248 -0.01031774
v -0.76237935 0.21385646 -0.01352783
v -0.75612277 0.19884464 -0.02941765
v -0.75383019 0.19637364 -0.02440998
v -0.76172209 0.19686745 -0.02407634
v -0.76399612 0.20057943 -0.02837053
v -0.74593073 0.19478014 -0.06311076
v -0.73890316 0.19235998 -0.06270020
v -0.74540681 0.21639991 -0.03229481
v -0.74439478 0.21861909 -0.02143587
v -0.73342073 0.22028239 -0.02070286
v -0.72415435 0.19392796 -0.05013690
v -0.73338413 0.19386537 -0.05082580
v -0.73219985 0.19278029 -0.05613479
v -0.74161053 0.19465190 -0.03236225
v -0.74808866 0.19550209 -0.03048976
v -0.74546337 0.19552462 -0.03617525
v -0.73783910 0.19471455 -0.03714371
v -0.69806290 0.20618297 -0.07729562
v -0.69594520 0.19453464 -0.07899752
v -0.78528911 0.20326236 -0.01079056
v -0.77983785 0.20383108 -0.01030814
v -0.64702880 0.20777939 -0.06603123
v -0.64658362 0.20061871 -0.06218559
v -0.71417636 0.19405970 -0.04922715
v -0.72046649 0.22095174 -0.02036530
v -0.70446974 0.19300547 -0.04845159
v -0.73708194 0.20864202 -0.06925662
v -0.73629302 0.20255002 -0.07330048
v -0.74353945 0.20216407 -0.07144731
v -0.74427253 0.20835006 -0.07000791
v -0.77531290 0.20261617 -0.02785030
v -0.77404696 0.19850142 -0.02362778
v -0.78127664 0.19945095 -0.02400939
v -0.78228605 0.20349233 -0.02774576
v -0.75168598 0.19594464 -0.01941240
v -0.75056833 0.19745119 -0.01410770
v -0.75949144 0.19845268 -0.01380047
v -0.76017582 0.19633617 -0.01888955
v -0.75119466 0.20226008 -0.01065789
v -0.76011336 0.20309238 -0.01053880
v -0.77632165 0.20881703 -0.02886369
v -0.77606243 0.21415143 -0.02495897
v -0.76424772 0.21408343 -0.02606175
v -0.76549792 0.20753072 -0.02943430
v -0.69657707 0.22348395 -0.05512583
v -0.69368714 0.22053976 -0.06266657
v -0.70568538 0.21750502 -0.06513565
v -0.71738183 0.21442330 -0.06776247
v -0.72796011 0.21019678 -0.07001365
v -0.73300064 0.21582934 -0.06142035
v -0.70225096 0.21367100 -0.07160521
v -0.75467050 0.20737979 -0.03464756
v -0.75460064 0.21261406 -0.02864561
v -0.75358289 0.21287236 -0.03600101
v -0.70302975 0.19050936 -0.05497485
v -0.77289963 0.20381868 -0.01017459
v -0.67033881 0.22631454 -0.01934863
v -0.67136103 0.23121035 -0.03033013
v -0.68081021 0.22943467 -0.03131228
v -0.67855680 0.22419965 -0.01872826
v -0.77285713 0.19750480 -0.01832768
v -0.77263111 0.19924049 -0.01312419
v -0.73803216 0.19235095 -0.06895098
v -0.74423307 0.19484663 -0.06826595
v -0.74411178 0.19664967 -0.07203455
v -0.73868585 0.19523402 -0.07386566
v -0.69091046 0.21649279 -0.06905852
v -0.72414088 0.19999957 -0.08661974
v -0.72718889 0.20806396 -0.08186892
v -0.68286884 0.22313963 -0.06119279
v -0.68545622 0.22638765 -0.05328992
v -0.67667413 0.22870453 -0.05181251
v -0.74106836 0.21626636 -0.05200732
v -0.69970250 0.22526500 -0.04781793
v -0.68782765 0.22768168 -0.04603149
v -0.67827618 0.23018971 -0.04323032
v -0.67043585 0.23214014 -0.04177339
v -0.66922998 0.23057866 -0.05136166
v -0.77533478 0.21564773 -0.01867529
v -0.78312039 0.21371976 -0.02425986
v -0.66068840 0.23250528 -0.05143958
v -0.65059727 0.23472618 -0.05254595
v -0.65145594 0.23619187 -0.04223805
v -0.66187912 0.23425311 -0.04154335
v -0.69045520 0.22812991 -0.03784607
v -0.69219226 0.22712632 -0.02930497
v -0.70257646 0.22610699 -0.04015639
v -0.70525897 0.22529823 -0.03101942
v -0.74254912 0.21998174 -0.04249218
v -0.79727775 0.20861970 -0.02650494
v -0.78916228 0.20881383 -0.02723118
v -0.78840178 0.20374997 -0.02788187
v -0.79671735 0.20428851 -0.02754963
v -0.78301936 0.20899388 -0.02797093
v -0.78905052 0.21296105 -0.02360983
v -0.70698988 0.22189331 -0.01968046
v -0.75307792 0.19835126 -0.03570435
v -0.69156325 0.22114806 -0.01615071
v -0.71130341 0.21614511 -0.00831016
v -0.70074797 0.21471208 -0.00477815
v -0.67472667 0.21708155 -0.00936532
v -0.68386930 0.21406786 -0.00493203
v -0.66020763 0.22061951 -0.01243520
v -0.66738397 0.21866539 -0.01161314
v -0.65063167 0.22279772 -0.01284684
v -0.69509250 0.20948361 0.00279564
v -0.79268444 0.19873039 -0.01480092
v -0.79323250 0.19752721 -0.02032350
v -0.66243088 0.22825530 -0.01974021
v -0.65228426 0.23062365 -0.01999377
v -0.70593464 0.18364413 -0.00464948
v -0.69373792 0.18941665 -0.05235931
v -0.69516593 0.19161455 -0.04751192
v -0.68668145 0.18770114 -0.06967521
v -0.69072855 0.18642218 -0.05951162
v -0.65230203 0.23531017 -0.03075970
v -0.63136709 0.19137460 -0.03688881
v -0.63189501 0.19112507 -0.04628847
v -0.63786411 0.23740633 -0.04431904
v -0.79310429 0.20216595 -0.01140865
v -0.75437349 0.20261590 -0.05417286
v -0.75297028 0.20330544 -0.05611309
v -0.69893515 0.18471390 0.01197046
v -0.70674145 0.18484627 0.01593788
v -0.70968235 0.19594820 0.01779431
v -0.70715213 0.18987629 0.01826822
v -0.69837463 0.19127885 0.01497760
v -0.70104092 0.19865306 0.01397615
v -0.68503451 0.18920548 -0.04602243
v -0.68465894 0.18801852 -0.05052047
v -0.68766975 0.20765404 -0.07480748
v -0.68593383 0.19651748 -0.07648493
v -0.75202477 0.20837729 -0.01036797
v -0.74478716 0.21453474 -0.01337646
v -0.75270003 0.21393581 -0.01413883
v -0.76303256 0.21635811 -0.01952813
v -0.75603402 0.20323944 -0.03403990
v -0.75812364 0.20549946 -0.03057149
v -0.67706764 0.18332632 -0.02659152
v -0.68943387 0.18756980 -0.03191568
v -0.71512556 0.18956438 -0.00156042
v -0.71815890 0.19021524 0.00303924
v -0.73477495 0.19452521 -0.04409416
v -0.75222337 0.21500422 -0.05012569
v -0.75225347 0.21805558 -0.04257081
v -0.74303174 0.19514005 -0.04400973
v -0.79544562 0.21041323 -0.01293053
v -0.79428828 0.20619416 -0.01067525
v -0.75332630 0.21700323 -0.02088850
v -0.73032516 0.19098698 -0.06250606
v -0.74747515 0.21156642 -0.05601240
v -0.75378799 0.20924802 -0.05323851
v -0.72162789 0.19339244 -0.08506327
v -0.66290063 0.23310693 -0.03021406
v -0.78694224 0.19921717 -0.02486660
v -0.79466760 0.19927782 -0.02566189
v -0.79684138 0.21170643 -0.02322035
v -0.79607821 0.21266675 -0.01783882
v -0.67689890 0.19749315 -0.07342077
v -0.69644994 0.19284239 -0.04394817
v -0.63238603 0.19378228 -0.05519237
v -0.70420635 0.20511989 0.00936808
v -0.71318114 0.20078109 0.01422510
v -0.75073600 0.19665202 -0.04434870
v -0.73166233 0.20685492 -0.07600981
v -0.74087626 0.21439809 -0.06328345
v -0.74700910 0.21377204 -0.06476535
v -0.75102198 0.21246903 -0.05863627
v -0.75401306 0.20786667 -0.05719017
v -0.80315197 0.21116365 -0.02314603
v -0.80262882 0.21204796 -0.01786826
v -0.80229729 0.20991234 -0.01299609
v -0.80068940 0.20568570 -0.01100635
v -0.79889160 0.20181429 -0.01203479
v -0.80344242 0.20835242 -0.02620792
v -0.80252618 0.20428070 -0.02717069
v -0.80018699 0.19954918 -0.02543291
v -0.80866343 0.20774932 -0.02630438
v -0.80960917 0.21051428 -0.02317632
v -0.81471568 0.20748080 -0.01265031
v -0.80943429 0.20946230 -0.01324279
v -0.81251687 0.20993656 -0.01534117
v -0.81600440 0.20930785 -0.01500830
v -0.82026196 0.20873122 -0.01537107
v -0.81927198 0.20628071 -0.01350288
v -0.81177032 0.21090601 -0.01816081
v -0.81603432 0.21069570 -0.01859154
v -0.81567705 0.20993398 -0.02237215
v -0.82013357 0.20969860 -0.02282519
v -0.82064670 0.21042669 -0.01909158
v -0.81223524 0.21049173 -0.02132974
v -0.80820638 0.21143937 -0.01793084
v -0.82317567 0.20601341 -0.01558891
v -0.82319689 0.20837140 -0.01616738
v -0.82435220 0.20947482 -0.01937233
v -0.82520711 0.20674860 -0.01975754
v -0.80643904 0.20535271 -0.01134471
v -0.81286061 0.20437513 -0.01218211
v -0.81818193 0.20340462 -0.01380396
v -0.82223904 0.20313893 -0.01627561
v -0.81197608 0.20118642 -0.01372820
v -0.81743580 0.20098230 -0.01569894
v -0.82079041 0.20108148 -0.01794128
v -0.81184751 0.19874939 -0.01698564
v -0.81728715 0.19949497 -0.01835147
v -0.80361122 0.19871676 -0.01579020
v -0.80441535 0.20166187 -0.01244784
v -0.81979823 0.20021087 -0.01930705
v -0.82416165 0.20394705 -0.02046810
v -0.81469762 0.20881388 -0.02495586
v -0.81953257 0.20801544 -0.02521017
v -0.81412250 0.20670593 -0.02665415
v -0.81907654 0.20578656 -0.02643252
v -0.82369637 0.20749295 -0.02406206
v -0.82342511 0.20945343 -0.02274397
v -0.79801166 0.19863164 -0.01547560
v -0.79856038 0.19783919 -0.02087317
v -0.80405843 0.19782248 -0.02099722
v -0.81203258 0.19784963 -0.02178546
v -0.80530721 0.19979419 -0.02539145
v -0.80763233 0.20400827 -0.02713910
v -0.81340969 0.20376432 -0.02704997
v -0.81239635 0.20011860 -0.02584015
v -0.81825149 0.20315185 -0.02647339
v -0.81759512 0.20070782 -0.02511141
v -0.81741363 0.19933897 -0.02188607
v -0.82139570 0.20258576 -0.02463931
v -0.82284737 0.20491661 -0.02467062
v -0.82218975 0.20186856 -0.02123275
v -0.82006001 0.20119853 -0.02402265
v -0.82015353 0.20059557 -0.02165866
v -0.79127836 0.20121828 -0.04523094
v -0.79086882 0.19992256 -0.05034138
v -0.78365690 0.20057365 -0.04866720
v -0.78423744 0.20170352 -0.04369991
v -0.79167604 0.21289048 -0.04210741
v -0.79181546 0.20769869 -0.04031435
v -0.78525603 0.20879592 -0.03906488
v -0.78509009 0.21385647 -0.04114104
v -0.79090267 0.21521936 -0.04763294
v -0.78436166 0.21629460 -0.04689784
v -0.77728802 0.21436571 -0.03973940
v -0.77749366 0.20914015 -0.03774734
v -0.76381099 0.20787573 -0.03641101
v -0.76370651 0.21357575 -0.03756689
v -0.76075804 0.19888511 -0.05118328
v -0.76208663 0.20290519 -0.05419875
v -0.79173803 0.20369039 -0.04172137
v -0.78491169 0.20449577 -0.04035028
v -0.77566189 0.20429902 -0.05530855
v -0.77530652 0.20067878 -0.05216607
v -0.78363901 0.20140393 -0.05336097
v -0.78395343 0.20460585 -0.05659032
v -0.76161999 0.19977967 -0.03952184
v -0.76061064 0.19828640 -0.04538735
v -0.76308495 0.20338185 -0.03699952
v -0.77610564 0.20955321 -0.05620252
v -0.77638680 0.21464235 -0.05292653
v -0.76287150 0.21510768 -0.05091204
v -0.76304913 0.20931621 -0.05444205
v -0.77691317 0.20451534 -0.03890704
v -0.77517223 0.19987434 -0.04717758
v -0.77598882 0.20118318 -0.04211155
v -0.77653968 0.21689752 -0.04579411
v -0.78416461 0.21385121 -0.05392623
v -0.80026233 0.20912352 -0.05822472
v -0.79110283 0.20906642 -0.05761961
v -0.79096198 0.20447384 -0.05802970
v -0.80051219 0.20481417 -0.05911400
v -0.78419548 0.20918645 -0.05691066
v -0.79083931 0.21334559 -0.05430240
v -0.80143201 0.20054154 -0.04737959
v -0.80117923 0.19965139 -0.05257478
v -0.80166179 0.20285839 -0.04383640
v -0.76304764 0.21771689 -0.04371572
v -0.80105025 0.21157357 -0.04370986
v -0.80148339 0.20652035 -0.04240624
v -0.79080021 0.20083478 -0.05517157
v -0.80061758 0.20073713 -0.05711452
v -0.79997438 0.21283808 -0.05497626
v -0.79996377 0.21428479 -0.04877451
v -0.80746543 0.21207623 -0.05586461
v -0.80774748 0.21338452 -0.05018266
v -0.80880666 0.21109144 -0.04522578
v -0.80842841 0.20625931 -0.04399358
v -0.80788255 0.20289329 -0.04540749
v -0.80748445 0.20898266 -0.05884558
v -0.80717087 0.20521648 -0.05969486
v -0.80657041 0.20126419 -0.05792122
v -0.81430149 0.20881703 -0.05989574
v -0.81535351 0.21171190 -0.05733198
v -0.82753628 0.20883149 -0.04950348
v -0.82225633 0.20948721 -0.04772759
v -0.82299680 0.21131968 -0.05031852
v -0.82789594 0.21149550 -0.05106265
v -0.81658900 0.21104917 -0.04720283
v -0.81946093 0.21188502 -0.05007995
v -0.81871939 0.21258965 -0.05294872
v -0.82291216 0.21293676 -0.05399264
v -0.82212728 0.21189934 -0.05760150
v -0.82697761 0.21211194 -0.05880683
v -0.82802624 0.21348701 -0.05496895
v -0.81857836 0.21207984 -0.05619142
v -0.83160394 0.21159822 -0.05229041
v -0.83181894 0.20916855 -0.05245024
v -0.81459028 0.21299869 -0.05183076
v -0.81451094 0.20652598 -0.04531302
v -0.82116497 0.20615724 -0.04700153
v -0.82691193 0.20585454 -0.04978029
v -0.83100080 0.20623349 -0.05332337
v -0.82041496 0.20284295 -0.04860849
v -0.82629597 0.20322421 -0.05129103
v -0.82971275 0.20417193 -0.05439863
v -0.81982803 0.20046657 -0.05196156
v -0.82576680 0.20162588 -0.05399793
v -0.81203878 0.20060220 -0.04996801
v -0.81304193 0.20296982 -0.04664299
v -0.82842302 0.20303321 -0.05542604
v -0.83377117 0.21054175 -0.05667233
v -0.83266538 0.20752744 -0.05732967
v -0.83303368 0.21361345 -0.05569308
v -0.82131493 0.21023621 -0.05934246
v -0.82653034 0.21013716 -0.06044466
v -0.82070196 0.20865229 -0.06117364
v -0.82633334 0.20858987 -0.06193439
v -0.83122188 0.21077067 -0.06026476
v -0.83091587 0.21264197 -0.05917209
v -0.80723357 0.20069632 -0.04878667
v -0.80670881 0.19993272 -0.05355864
v -0.81156790 0.19966103 -0.05471683
v -0.81931818 0.19973208 -0.05672192
v -0.81142634 0.20134227 -0.05890359
v -0.81307071 0.20538099 -0.06061492
v -0.81987464 0.20565064 -0.06162800
v -0.81913751 0.20199893 -0.06047484
v -0.82561880 0.20601140 -0.06188612
v -0.82496655 0.20309155 -0.06079199
v -0.82520241 0.20139939 -0.05770935
v -0.82943237 0.20592441 -0.06081592
v -0.83079606 0.20840560 -0.06103224
v -0.83077139 0.20506428 -0.05774995
v -0.82803440 0.20397320 -0.06018922
v -0.82856429 0.20329268 -0.05788962
v -0.77933753 0.19989814 -0.06804141
v -0.77772075 0.19714957 -0.07225465
v -0.77206796 0.19786485 -0.07048885
v -0.77387595 0.20031273 -0.06626422
v -0.77971697 0.21066736 -0.06838463
v -0.78047556 0.20785192 -0.06651350
v -0.77480000 0.20833649 -0.06420134
v -0.77345490 0.21177167 -0.06595044
v -0.77831864 0.21168664 -0.07286020
v -0.77149802 0.21267024 -0.07088774
v -0.76716280 0.21234046 -0.06376241
v -0.76892704 0.20819165 -0.06191146
v -0.75935543 0.20746231 -0.05926812
v -0.75766593 0.21238744 -0.06093898
v -0.78045720 0.20399660 -0.06639419
v -0.77489650 0.20426862 -0.06433182
v -0.76320255 0.19877326 -0.07568120
v -0.76389885 0.19683811 -0.07278534
v -0.77066594 0.19756478 -0.07474345
v -0.76999968 0.19948213 -0.07742088
v -0.75626504 0.19862238 -0.06108222
v -0.75370306 0.19623813 -0.06518067
v -0.75853592 0.20259865 -0.05941929
v -0.76320332 0.20378710 -0.07678485
v -0.76333612 0.20982970 -0.07479199
v -0.75280082 0.20915085 -0.07211056
v -0.75213158 0.20278104 -0.07342244
v -0.76910543 0.20371537 -0.06220421
v -0.76554054 0.19690016 -0.06836923
v -0.76768303 0.19957809 -0.06413131
v -0.76466340 0.21312681 -0.06908270
v -0.77003354 0.20950988 -0.07632786
v -0.78604138 0.20436151 -0.08238675
v -0.77606028 0.20405529 -0.08009144
v -0.77596301 0.19926757 -0.07971350
v -0.78585863 0.20006391 -0.08248349
v -0.76976049 0.20394818 -0.07854354
v -0.77691901 0.20908049 -0.07783344
v -0.78797120 0.19912800 -0.07111497
v -0.78668439 0.19687064 -0.07532514
v -0.78905714 0.20297401 -0.06953753
v -0.75489640 0.21355508 -0.06659559
v -0.75169033 0.19740748 -0.07270420
v -0.78909844 0.20933001 -0.07120479
v -0.78943050 0.20654818 -0.06951581
v -0.77632856 0.19682463 -0.07683161
v -0.78565890 0.19702725 -0.07993420
v -0.78664434 0.20862663 -0.08014594
v -0.78771991 0.21080767 -0.07529413
v -0.79313207 0.20843744 -0.08202942
v -0.79433328 0.21021670 -0.07718566
v -0.79584599 0.20893876 -0.07308631
v -0.79572099 0.20575856 -0.07150473
v -0.79473644 0.20232385 -0.07166115
v -0.79266542 0.20442791 -0.08410911
v -0.79221994 0.20072347 -0.08387174
v -0.79124796 0.19753094 -0.08135314
v -0.79741651 0.20427735 -0.08568321
v -0.79900038 0.20788480 -0.08352907
v -0.81244069 0.20684172 -0.07743425
v -0.80786502 0.20713265 -0.07581526
v -0.80778241 0.20805128 -0.07792556
v -0.81217587 0.20835310 -0.07907583
v -0.80212128 0.20855696 -0.07507883
v -0.80436528 0.20875214 -0.07734051
v -0.80294341 0.20939276 -0.07991623
v -0.80697924 0.20952439 -0.08123574
v -0.80510831 0.20776395 -0.08443451
v -0.80938172 0.20782639 -0.08578417
v -0.81136453 0.20957218 -0.08252949
v -0.80212611 0.20858513 -0.08289151
v -0.81508929 0.20857136 -0.08036702
v -0.81582028 0.20690972 -0.07981210
v -0.79950696 0.20971121 -0.07881369
v -0.80105823 0.20529287 -0.07291724
v -0.80693614 0.20449336 -0.07453224
v -0.81200254 0.20414658 -0.07678077
v -0.81496811 0.20403917 -0.07966144
v -0.80556202 0.20136414 -0.07505238
v -0.81065106 0.20126137 -0.07735358
v -0.81322843 0.20138407 -0.07994867
v -0.80398923 0.19868083 -0.07688470
v -0.80924118 0.19917703 -0.07903271
v -0.79770565 0.19902548 -0.07495199
v -0.79952508 0.20187250 -0.07317464
v -0.81158471 0.20000224 -0.08051900
v -0.81603217 0.20700599 -0.08390914
v -0.81514740 0.20388040 -0.08397164
v -0.81501120 0.20936598 -0.08355751
v -0.80372566 0.20622782 -0.08608994
v -0.80842310 0.20591803 -0.08719274
v -0.80267084 0.20361848 -0.08691533
v -0.80786306 0.20357570 -0.08774032
v -0.81265169 0.20641853 -0.08697675
v -0.81265146 0.20814152 -0.08612685
v -0.79326469 0.19919842 -0.07334542
v -0.79173303 0.19729762 -0.07697413
v -0.79617786 0.19734640 -0.07829513
v -0.80278063 0.19716781 -0.08040006
v -0.79555172 0.19765846 -0.08243618
v -0.79660439 0.20071994 -0.08495617
v -0.80204171 0.20069377 -0.08638515
v -0.80179089 0.19790025 -0.08425304
v -0.80730182 0.20103054 -0.08715837
v -0.80720800 0.19873008 -0.08541226
v -0.80815405 0.19810081 -0.08206671
v -0.81107813 0.20140268 -0.08645050
v -0.81200725 0.20384483 -0.08714294
v -0.81327790 0.20137961 -0.08351410
v -0.81004810 0.19971928 -0.08534703
v -0.81121224 0.19966792 -0.08289684
v -0.75198853 0.19609673 -0.06949584
v -0.75443894 0.19549295 -0.09185250
v -0.75235987 0.19335203 -0.09429442
v -0.74851602 0.19378418 -0.09151340
v -0.75044048 0.19580857 -0.08920393
v -0.75505775 0.20524956 -0.09417607
v -0.75637913 0.20259635 -0.09150987
v -0.75218570 0.20309034 -0.08836546
v -0.75077009 0.20615906 -0.09098647
v -0.75227284 0.20494536 -0.09843717
v -0.74779087 0.20594327 -0.09546596
v -0.74585038 0.20634377 -0.08715415
v -0.74754661 0.20288949 -0.08451439
v -0.73982751 0.20231092 -0.07898435
v -0.73754048 0.20654720 -0.08086872
v -0.72654825 0.19315115 -0.08624544
v -0.72788709 0.19103387 -0.08270552
v -0.73413503 0.19147472 -0.08628848
v -0.73198259 0.19279590 -0.08955103
v -0.75594020 0.19892028 -0.09095730
v -0.75192869 0.19915901 -0.08794670
v -0.74021012 0.19335417 -0.09450907
v -0.74232411 0.19230114 -0.09135559
v -0.74657834 0.19299008 -0.09448720
v -0.74483550 0.19384953 -0.09752506
v -0.73067629 0.19071835 -0.07901222
v -0.73415649 0.19202061 -0.07575177
v -0.73849124 0.19405521 -0.08014182
v -0.73648334 0.19206519 -0.08300657
v -0.73977089 0.19741578 -0.07919243
v -0.73918569 0.19683436 -0.09629703
v -0.74015659 0.20201346 -0.09544341
v -0.73093539 0.20192510 -0.09041979
v -0.73090374 0.19647135 -0.09109091
v -0.74741727 0.19875456 -0.08459183
v -0.74438661 0.19313565 -0.08823422
v -0.74626487 0.19537196 -0.08570307
v -0.74260676 0.20646510 -0.09172229
v -0.74534565 0.20189548 -0.09873646
v -0.75407791 0.19608070 -0.10614660
v -0.74818754 0.19672562 -0.10245480
v -0.74849874 0.19338655 -0.10078838
v -0.75406796 0.19309135 -0.10466284
v -0.74416560 0.19711500 -0.09937989
v -0.74962503 0.20120017 -0.10168529
v -0.76007283 0.19495454 -0.09531267
v -0.75770181 0.19277060 -0.09777261
v -0.76139897 0.19820264 -0.09467470
v -0.73385423 0.20773762 -0.08581294
v -0.76097983 0.20404884 -0.09782556
v -0.76199001 0.20148399 -0.09536172
v -0.75028229 0.19252333 -0.09744600
v -0.75554466 0.19211175 -0.10132542
v -0.75554228 0.20028867 -0.10533839
v -0.75813699 0.20377757 -0.10185698
v -0.76035315 0.19993578 -0.10828524
v -0.76282209 0.20337583 -0.10479543
v -0.76548398 0.20334841 -0.10050561
v -0.76614195 0.20093302 -0.09785331
v -0.76511770 0.19777584 -0.09711380
v -0.75879204 0.19574103 -0.10883376
v -0.75860012 0.19317058 -0.10700212
v -0.75945854 0.19237272 -0.10366052
v -0.76323462 0.19586700 -0.11053257
v -0.76538312 0.19996485 -0.11029888
v -0.77813363 0.20029508 -0.10567227
v -0.77458918 0.20103213 -0.10383271
v -0.77412874 0.20166880 -0.10590063
v -0.77741319 0.20153753 -0.10715242
v -0.76981539 0.20245256 -0.10296004
v -0.77105319 0.20247330 -0.10517240
v -0.76916730 0.20241241 -0.10746564
v -0.77243245 0.20236069 -0.10880803
v -0.77052444 0.20025845 -0.11156155
v -0.77403039 0.19979976 -0.11311541
v -0.77585471 0.20226020 -0.11043791
v -0.76822436 0.20120312 -0.11011265
v -0.77960283 0.20158356 -0.10867947
v -0.78056878 0.20003618 -0.10822482
v -0.76664913 0.20280088 -0.10651246
v -0.76981509 0.20039406 -0.10021536
v -0.77446413 0.19942085 -0.10235725
v -0.77861321 0.19848877 -0.10489161
v -0.78049099 0.19763967 -0.10799284
v -0.77319306 0.19717547 -0.10186507
v -0.77742416 0.19642578 -0.10472580
v -0.77912253 0.19579522 -0.10763021
v -0.77117079 0.19484231 -0.10245650
v -0.77562290 0.19460678 -0.10525124
v -0.76647043 0.19499968 -0.09993350
v -0.76846796 0.19770582 -0.09937861
v -0.77765018 0.19474126 -0.10729311
v -0.77986181 0.19929534 -0.11187420
v -0.77964020 0.19691278 -0.11110263
v -0.77871275 0.20173715 -0.11187448
v -0.76922679 0.19831583 -0.11264003
v -0.77347130 0.19763677 -0.11405746
v -0.76780504 0.19557817 -0.11221994
v -0.77299517 0.19528177 -0.11343369
v -0.77705169 0.19815491 -0.11393884
v -0.77664012 0.19999462 -0.11379550
v -0.76348090 0.19488381 -0.09778499
v -0.76126593 0.19287987 -0.10018979
v -0.76437008 0.19290316 -0.10211052
v -0.76918560 0.19295077 -0.10443869
v -0.76291621 0.19234556 -0.10549965
v -0.76246005 0.19332696 -0.10867196
v -0.76755929 0.19332229 -0.11064699
v -0.76792443 0.19219734 -0.10769840
v -0.77291876 0.19360727 -0.11180380
v -0.77314359 0.19274077 -0.10946160
v -0.77407688 0.19321600 -0.10690615
v -0.77667803 0.19449984 -0.11144701
v -0.77708381 0.19597763 -0.11300716
v -0.77863783 0.19523257 -0.10993321
v -0.77608877 0.19368987 -0.11003641
v -0.77714908 0.19414668 -0.10870477
v -0.72651982 0.19624656 -0.08806025
v -0.72512919 0.19861475 0.01478065
v -0.72670662 0.19613139 0.01095497
v -0.72152781 0.18206520 0.01152164
v -0.72493351 0.18636657 0.00878953
v -0.71799028 0.18129961 0.01639819
v -0.71674132 0.18811724 0.02314339
v -0.71662110 0.18389805 0.02072293
v -0.72696435 0.19198149 0.00879658
v -0.72225296 0.19830942 0.01948220
v -0.71881878 0.19383915 0.02274138
v -0.73042715 0.19699648 0.02440060
v -0.72741795 0.19233666 0.02803819
v -0.72498858 0.18613322 0.02846043
v -0.72397000 0.18167409 0.02505314
v -0.72425240 0.17940511 0.01998555
v -0.73256338 0.19759019 0.01917135
v -0.73323470 0.19506012 0.01444330
v -0.73212838 0.19008853 0.01167975
v -0.73976141 0.19652934 0.02336604
v -0.74053419 0.19582500 0.03003563
v -0.74343270 0.18192190 0.03790453
v -0.73896062 0.18255509 0.03559781
v -0.74037915 0.18606147 0.03706565
v -0.74354601 0.18566820 0.03987478
v -0.73438543 0.18480593 0.03327120
v -0.73831886 0.18713696 0.03535528
v -0.74029022 0.19119897 0.03506462
v -0.74243379 0.19128183 0.03735742
v -0.74245131 0.19445218 0.03386551
v -0.74521279 0.19523098 0.03516702
v -0.74548739 0.19104283 0.04042461
v -0.74689841 0.18586622 0.04162624
v -0.74893349 0.18972245 0.04163248
v -0.74799591 0.18314043 0.04007033
v -0.73660642 0.19120608 0.03260281
v -0.73105955 0.18033426 0.02907576
v -0.73788959 0.17938890 0.03247973
v -0.74405092 0.17925957 0.03500956
v -0.74924082 0.18115945 0.03644498
v -0.73838723 0.17746323 0.02760459
v -0.74528545 0.17841853 0.03061677
v -0.74948859 0.18087399 0.03240262
v -0.74026924 0.17876068 0.02291043
v -0.74654913 0.17995992 0.02717118
v -0.73166436 0.17904297 0.01786392
v -0.73037094 0.17800726 0.02350847
v -0.74938619 0.18128921 0.02957698
v -0.75203466 0.18732905 0.04006055
v -0.75280994 0.18542750 0.03586374
v -0.74641997 0.19603184 0.03149404
v -0.74822825 0.19469617 0.03744548
v -0.75029129 0.19470130 0.03384741
v -0.74660587 0.19536470 0.02683046
v -0.75126725 0.19302727 0.03013753
v -0.75259095 0.19220074 0.03695679
v -0.75034058 0.19323251 0.03957273
v -0.72623974 0.18043129 0.01484636
v -0.72946674 0.18444397 0.01195881
v -0.73465931 0.18340594 0.01469876
v -0.74257714 0.18302529 0.01973714
v -0.73774701 0.18939327 0.01470974
v -0.73954332 0.19446748 0.01803414
v -0.74658144 0.19257973 0.02271054
v -0.74518359 0.18817124 0.01987863
v -0.75102687 0.19025132 0.02712601
v -0.74986517 0.18690214 0.02518694
v -0.74818200 0.18313609 0.02536453
v -0.75261366 0.18763232 0.03025960
v -0.75342661 0.18989481 0.03338078
v -0.75201023 0.18434934 0.03212555
v -0.75142181 0.18606630 0.02832100
v -0.75065893 0.18365218 0.02908496
v -0.72275662 0.18937920 -0.08089401
v -0.72550648 0.18871318 -0.07578292
v -0.71866357 0.18786785 -0.07403989
v -0.71015292 0.18717270 -0.07244643
v -0.70146704 0.18910128 -0.07640014
v -0.71197343 0.18806472 -0.06625607
v -0.72051609 0.18875694 -0.06817027
v -0.72989035 0.18998016 -0.07019747
v -0.70664775 0.18914472 -0.05971153
v -0.04123290 0.43338582 0.09184691
v -0.03812931 0.43426120 0.09375364
v -0.04007289 0.42712173 0.09134310
v -0.04262875 0.42757893 0.08951483
v -0.03300190 0.42704004 0.09419713
v -0.03682255 0.42690200 0.09310651
v -0.03342052 0.43485263 0.09518313
v -0.02792255 0.43434194 0.09512698
v -0.02022935 0.43003920 0.09263812
v -0.01858440 0.42854542 0.09265932
v -0.01932972 0.42765379 0.09307624
v -0.02153241 0.42772788 0.09323806
v -0.02513905 0.42749554 0.09416697
v -0.04567484 0.43011156 0.08684996
v -0.04488342 0.43125713 0.08801988
v -0.04334191 0.43235797 0.08981068
v -0.02901035 0.42726517 0.09467984
v -0.04445046 0.42823261 0.08775941
v -0.04549785 0.42906827 0.08675370
v -0.02338834 0.43263322 0.09383892
v -0.03332816 0.42938840 0.09439930
v -0.03729846 0.42925000 0.09319029
v -0.03362735 0.43219811 0.09482796
v -0.02881774 0.43206057 0.09506474
v -0.02310082 0.42907652 0.09367766
v -0.02557648 0.42930076 0.09438790
v -0.04028498 0.42915991 0.09144170
v -0.02923670 0.42952353 0.09486967
v -0.03785127 0.43177474 0.09342492
v -0.02484773 0.43116459 0.09444316
v -0.02259181 0.43007183 0.09358577
v -0.04491077 0.42991966 0.08750354
v -0.04484957 0.42946714 0.08749629
v -0.01311359 0.19767159 0.07432780
v -0.01457538 0.18118180 0.08481497
v -0.04071115 0.43126079 0.09156989
v -0.04394441 0.42929906 0.08839654
v -0.04240659 0.42921123 0.08978322
v -0.04272420 0.43079698 0.08977359
v -0.04413620 0.43031788 0.08837204
v -0.27776885 0.20072527 0.01885030
v -0.27744022 0.21713421 0.01784667
v -0.27799568 0.25110847 -0.02346360
v -0.27375609 0.24837816 -0.04530850
v -0.06293858 -0.07230580 0.14148302
v -0.10646249 -0.03447978 -0.06286983
v -0.10862116 -0.01603211 -0.06934709
v -0.03450406 -0.01783132 -0.08751097
v -0.05343984 -0.02178922 -0.08674829
v -0.13944256 -0.04671711 0.04968553
v -0.13844873 -0.02924870 0.04717436
v -0.09793881 -0.05354537 0.10678500
v -0.09733488 -0.03366379 0.10389987
v -0.13134420 -0.06729060 0.07462235
v -0.07745504 -0.06497797 -0.07239765
v -0.09574740 -0.06729217 -0.06464833
v -0.09120448 -0.04894371 -0.06787010
v -0.07356973 -0.04589222 -0.07626046
v -0.01669115 -0.01504948 -0.08327760
v -0.01673631 -0.03600317 -0.07602551
v -0.14540663 -0.01021079 0.02112217
v -0.14550336 -0.00916028 -0.00584397
v -0.12645608 -0.00392940 -0.05311109
v -0.11092505 0.00183535 -0.07072395
v -0.09386538 0.00874589 -0.08299514
v -0.07567295 0.01589697 -0.09125525
v -0.08117720 -0.01313926 0.11742573
v -0.06250577 0.00581299 0.12514839
v -0.13837443 -0.01112959 0.04704124
v -0.02045325 -0.01153321 0.14393160
v -0.06078855 0.04553054 -0.10281891
v -0.03865653 0.04899196 -0.10566307
v -0.13883910 -0.00729268 -0.03089370
v -0.03057281 0.14129768 0.11436339
v -0.04750892 0.14393519 0.11238591
v -0.04717932 0.12931241 0.12397287
v -0.03024626 0.12595633 0.12491865
v -0.06318730 0.13122416 0.12236433
v -0.07850327 0.13230683 0.11933046
v -0.09243320 0.13239335 0.11491831
v -0.12490273 0.12749608 0.09724161
v -0.11553849 0.12968841 0.10365243
v -0.13965376 0.11950465 0.08314767
v -0.13272233 0.12444460 0.09041093
v -0.14602849 0.10964380 0.07462550
v -0.15087801 0.09810540 0.06326658
v -0.15524319 0.10032991 0.03979721
v -0.15423453 0.08685047 0.04836091
v -0.14918578 0.08506066 0.07282350
v -0.14494473 0.09712277 0.08420578
v -0.13866246 0.10651215 0.09304734
v -0.01557031 0.06488841 0.13896132
v -0.01381322 0.08736800 0.13898034
v -0.01098605 0.21353322 0.06489380
v -0.47861692 0.19120683 -0.06939971
v -0.59706402 0.22146207 -0.01251738
v -0.01439450 0.23382522 -0.08756367
v -0.03005661 0.23848294 -0.08787638
v -0.08162296 0.25574619 -0.07398409
v -0.09397408 0.26552314 -0.05731634
v -0.06308474 0.24487947 -0.08393125
v -0.04638026 0.23524682 -0.08920448
v -0.12370368 0.00512310 0.06909663
v -0.03274977 0.20479916 -0.09750641
v -0.04816172 0.22465162 -0.09354790
v -0.06618390 0.23487084 -0.08981513
v -0.08549405 0.24636409 -0.08025765
v -0.10462821 0.25812265 -0.06360362
v -0.11867579 0.25797838 -0.05774008
v -0.13877307 0.24546495 -0.06423543
v -0.14749549 0.24622673 -0.05915507
v -0.15707779 0.24762537 -0.05443799
v -0.15796609 0.25951064 -0.03975594
v -0.14747562 0.25825757 -0.04439078
v -0.24067867 0.24910025 -0.05178431
v -0.25510752 0.24320208 -0.05701804
v -0.26394752 0.23405479 -0.06482945
v -0.26864064 0.22258696 -0.07163424
v -0.26819217 0.20957550 -0.07619882
v -0.26296088 0.19683109 -0.07766625
v -0.25212896 0.18563278 -0.07646920
v -0.21342789 0.16540422 -0.06725673
v -0.19898824 0.15789859 -0.06364346
v -0.16744536 0.12351874 -0.06297584
v -0.16052034 0.11581401 -0.06525713
v -0.14260255 0.08828519 -0.07485935
v -0.13327339 0.07383186 -0.07935106
v -0.12180633 0.05838424 -0.08363999
v -0.10354462 -0.15627944 -0.08080799
v -0.12327082 -0.15468152 -0.07014072
v -0.11660559 -0.13831250 -0.06468755
v -0.09733986 -0.13944229 -0.07445305
v -0.04634797 -0.10316195 -0.07083131
v -0.02419553 -0.10279013 -0.06913207
v -0.16156599 -0.13851556 -0.01075102
v -0.16717736 -0.14060262 0.01522211
v -0.13430302 -0.13729197 -0.05104550
v -0.14971006 -0.13757385 -0.03290245
v -0.16557756 -0.14421199 0.04195951
v -0.10879057 -0.16937681 0.12540643
v -0.08914364 -0.17476822 0.14115736
v -0.04746093 -0.18254064 0.16346115
v -0.02606030 -0.18443973 0.16886640
v -0.15802376 -0.15024419 0.06669167
v -0.06850976 -0.17930673 0.15422802
v -0.14520137 -0.15727298 0.08849804
v -0.12795101 -0.16373713 0.10766498
v -0.06688970 -0.10338502 -0.06923377
v -0.07197881 -0.12268678 -0.07429262
v -0.09116355 -0.12217966 -0.06894384
v -0.03858384 0.11442322 -0.11593454
v -0.05778981 0.11736600 -0.11630350
v -0.07760447 0.12187795 -0.11544169
v -0.09100548 0.14612803 -0.11338174
v -0.09494764 0.12901093 -0.11205807
v -0.11104906 0.13710763 -0.10619255
v -0.10666789 0.15407410 -0.10789070
v -0.13463667 0.16851287 -0.09258095
v -0.13707395 0.15466470 -0.09046048
v -0.14703588 0.16136916 -0.08578510
v -0.14536744 0.17435209 -0.08826676
v -0.15711321 0.16684759 -0.08307040
v -0.16716458 0.17153458 -0.07947407
v -0.17899945 0.17712569 -0.07570814
v -0.19244075 0.18299170 -0.07504831
v -0.18641160 0.20645827 -0.07656992
v -0.17476566 0.20136645 -0.07863114
v -0.13345337 0.18372248 -0.09296678
v -0.11918477 0.17806797 -0.09995238
v -0.03637497 0.14704753 -0.10991246
v -0.01843571 0.14324145 -0.10592906
v -0.15736283 0.08167471 0.02793979
v -0.16026115 0.07814695 0.00628402
v -0.16193520 0.07731152 -0.01338452
v -0.16121294 0.07914852 -0.03070413
v -0.15877266 0.08381218 -0.04611477
v -0.15440764 0.09038018 -0.05961913
v -0.15456852 0.10762792 -0.06820399
v -0.14897329 0.09858056 -0.07119441
v -0.14981633 0.11738995 -0.07636086
v -0.14314745 0.10852337 -0.08081854
v -0.13685203 0.11936525 -0.08852444
v -0.13030346 0.13164891 -0.09444412
v -0.12494503 0.14634965 -0.09844391
v -0.12091814 0.16184829 -0.10042498
v -0.10408720 0.17158556 -0.10702626
v -0.08878746 0.16408685 -0.11193656
v -0.07004657 0.17491873 -0.11139910
v -0.06912939 0.19191210 -0.10677969
v -0.07186639 0.15751551 -0.11451533
v -0.07385857 0.13992864 -0.11625993
v -0.06776500 0.27518567 -0.05871374
v -0.05264659 0.26839960 -0.07058841
v -0.24075975 0.19717309 -0.07793456
v -0.23923503 0.19047694 -0.07722545
v -0.24462190 0.18923305 -0.07722770
v -0.25060767 0.19806580 -0.07796646
v -0.25352386 0.20880567 -0.07700011
v -0.23991984 0.21623260 -0.07549176
v -0.24156196 0.20663437 -0.07757467
v -0.25302729 0.21974345 -0.07390959
v -0.24892077 0.22977713 -0.06919632
v -0.23653926 0.22542468 -0.07199477
v -0.24236898 0.23791443 -0.06407087
v -0.23218828 0.23314916 -0.06796581
v -0.23296826 0.24292462 -0.06002254
v -0.22817311 0.23792726 -0.06438655
v -0.19559786 0.23288122 -0.06691899
v -0.20761611 0.23569049 -0.06586777
v -0.21963109 0.23721996 -0.06497677
v -0.20598902 0.18934496 -0.07604879
v -0.21848527 0.19681729 -0.07705670
v -0.23011117 0.20261569 -0.07766194
v -0.22793373 0.21204253 -0.07642161
v -0.21592778 0.20634021 -0.07655296
v -0.20348878 0.19968745 -0.07660313
v -0.03679783 0.13060853 -0.11372377
v -0.05487008 0.13498881 -0.11660612
v -0.15597732 0.17933650 -0.08508282
v -0.16585658 0.18344188 -0.08183659
v -0.17658943 0.18747188 -0.07800239
v -0.18954642 0.19377834 -0.07654130
v -0.16473964 0.19663370 -0.08171276
v -0.15500833 0.19273792 -0.08527768
v -0.14445962 0.18854068 -0.08872938
v -0.05402657 0.15186675 -0.11353019
v -0.01907843 0.12737757 -0.11067405
v -0.16423547 0.22551724 0.03912620
v -0.16266088 0.24964924 0.02677922
v -0.16285242 0.26514393 0.00590859
v -0.16088401 0.26786721 -0.01857641
v -0.40155008 0.16356662 -0.03445579
v -0.01812191 -0.05654040 -0.07149305
v -0.02084198 -0.07843465 -0.06811848
v -0.04160693 -0.08054464 -0.07171252
v -0.01890985 0.05009158 -0.10591894
v -0.01972459 0.11222191 -0.11488917
v -0.10314046 0.10430090 0.13165715
v -0.09126569 0.10536174 0.13658535
v -0.09175224 0.11872030 0.12663387
v -0.10371923 0.11783084 0.12155043
v -0.12240358 0.10139195 0.11848149
v -0.11354873 0.10308411 0.12567528
v -0.11433771 0.11629433 0.11537859
v -0.12340252 0.11432565 0.10869425
v -0.13016748 0.09851641 0.11078763
v -0.13139412 0.11158432 0.10108307
v -0.11228889 0.08862291 0.13301276
v -0.10196472 0.08984921 0.13934064
v -0.09013095 0.09116039 0.14386098
v -0.12828889 0.08554009 0.11786763
v -0.12110585 0.08734182 0.12563545
v -0.00580903 0.31584975 0.08672316
v -0.00658109 0.32060230 0.10199598
v -0.00234646 0.36141971 0.11646271
v -0.00205447 0.36561385 0.11458150
v -0.00747952 0.23680782 0.05073263
v -0.00661364 0.24712561 0.04719944
v -0.01383519 0.10597794 0.13380012
v -0.01413979 0.13744850 0.11620921
v -0.01524953 0.14913757 0.10418926
v -0.01527378 0.16424645 0.09407514
v -0.00945139 0.22651061 0.05712944
v -0.01389874 0.12209493 0.12584876
v -0.17469570 -0.31880727 -0.05191996
v -0.15485837 -0.33480826 -0.07143786
v -0.16141494 -0.31051186 -0.06790967
v -0.14626397 -0.32240358 -0.08145885
v -0.17242277 -0.24281378 -0.04346101
v -0.17195110 -0.26846862 -0.04990227
v -0.17206168 -0.21597396 -0.04013103
v -0.12479638 -0.32946283 -0.09442273
v -0.09773888 -0.33150336 -0.10402017
v -0.09501944 -0.31350341 -0.10982315
v -0.15632054 -0.21879093 -0.06397449
v -0.15640458 -0.24455404 -0.06677345
v -0.15229228 -0.30632219 -0.07623931
v -0.16933197 -0.29172179 -0.05800930
v -0.15460038 -0.29182896 -0.07403716
v -0.12112494 -0.31361091 -0.09935350
v -0.14033967 -0.31064340 -0.08662575
v -0.06055189 -0.15912189 -0.09082596
v -0.03616764 -0.17697893 -0.10025493
v -0.06485241 -0.17799269 -0.09898551
v -0.14187890 -0.15309732 -0.05497460
v -0.12936185 -0.17366993 -0.07547821
v -0.13896075 -0.29364794 -0.08860102
v -0.11841649 -0.29387087 -0.10229757
v -0.09273006 -0.29254884 -0.11364997
v -0.09324667 -0.22096880 -0.10913934
v -0.09218927 -0.24482585 -0.11389253
v -0.11612805 -0.24673553 -0.10274161
v -0.11696474 -0.22167926 -0.09869460
v -0.13462275 -0.19606298 -0.08046674
v -0.13743666 -0.22106893 -0.08381074
v -0.09201095 -0.19826999 -0.10260180
v -0.11450893 -0.19735451 -0.09356966
v -0.10937861 -0.17528498 -0.08718173
v -0.13786462 -0.24679953 -0.08651105
v -0.06174421 -0.26761141 -0.12187506
v -0.09162304 -0.26944917 -0.11540568
v -0.03061558 -0.26493889 -0.12022249
v -0.08825811 -0.17686461 -0.09481782
v -0.08274481 -0.15759917 -0.08712918
v -0.07690682 -0.13996051 -0.08020493
v -0.06238639 -0.08222212 -0.07103126
v -0.11402553 -0.54554367 0.09680522
v 0.00156877 -0.36376676 0.03454427
v 0.00019963 -0.35489690 0.00633914
v -0.18277982 -0.27866828 0.06846055
v -0.19572403 -0.29944387 -0.00771665
v -0.18441944 -0.29469350 -0.03615040
v -0.01983495 -0.36467651 0.10575356
v -0.00485176 -0.37007350 0.08169980
v -0.16256636 -0.28564245 0.09561087
v -0.10511810 -0.33203068 0.13189705
v 0.00048536 -0.36940598 0.05836387
v -0.15620588 -0.26997244 -0.07040285
v -0.13832025 -0.27196762 -0.08814269
v -0.11708367 -0.27161813 -0.10336645
v -0.06236614 -0.29049087 -0.11981688
v -0.02934792 -0.28609392 -0.11803584
v -0.01896163 -0.30555275 0.12307286
v -0.01610644 -0.29900914 0.13168649
v -0.00744749 -0.29984865 0.13089943
v -0.00698691 -0.31041080 0.11926383
v -0.10941406 -0.19036314 0.12633374
v -0.08781283 -0.19654532 0.14097641
v -0.04400432 -0.20406988 0.16144980
v -0.02314745 -0.20566265 0.16618556
v -0.16291662 -0.16875276 0.06831654
v -0.06558518 -0.20104043 0.15311928
v -0.14926250 -0.17639776 0.09028137
v -0.13040967 -0.18383789 0.10944398
v -0.07165156 -0.97122264 -0.02796679
v -0.07399764 -0.99844855 -0.02428872
v -0.07417902 -0.99691761 -0.04027879
v -0.06882647 -0.96946061 -0.04266980
v -0.08530816 -0.96502453 -0.07194196
v -0.07337916 -0.96713400 -0.06358750
v -0.10015592 -0.96464223 -0.07421654
v -0.09863733 -0.99335378 -0.07226062
v -0.11029192 -0.99429506 -0.06611820
v -0.11368714 -0.96587074 -0.06966907
v -0.12256268 -0.96667463 -0.06019780
v -0.12525651 -0.99564004 -0.04590576
v -0.12928696 -0.99582011 -0.02841361
v -0.13371061 -0.96892756 -0.03042837
v -0.12876482 -0.96744764 -0.04806127
v -0.12925337 -0.97296107 -0.01065398
v -0.12482806 -0.99893618 -0.00909255
v -0.11385174 -0.97551674 0.00046853
v -0.07822879 -0.97371644 -0.01299748
v -0.07816336 -1.00005674 -0.00768688
v -0.08468257 -0.99346334 -0.07039467
v -0.07477713 -0.99531543 -0.06025144
v -0.06786697 -0.96883970 -0.05328776
v -0.07400721 -0.99605948 -0.05033549
v -0.07411220 -1.02415597 -0.03494628
v -0.07009065 -1.02426922 -0.01939805
v -0.08396161 -1.02080274 -0.07045692
v -0.07796082 -1.02219522 -0.05713015
v -0.10787550 -1.02120554 -0.06385499
v -0.09751420 -1.02037573 -0.07303271
v -0.12588784 -1.02274966 -0.04485398
v -0.11830891 -0.99492764 -0.05682680
v -0.11743443 -1.02205873 -0.05498996
v -0.12874636 -1.02185905 -0.02734261
v -0.12364682 -1.02312160 -0.00553467
v -0.07449456 -1.02455461 -0.00159314
v -0.07704221 -1.02315688 -0.04659756
v -0.12528145 -1.11485791 0.14535110
v -0.11840380 -1.11567128 0.14711583
v -0.11975051 -1.11049604 0.14627352
v -0.12417210 -1.11069000 0.14533757
v -0.08839089 -1.11357963 0.15577228
v -0.07697583 -1.11608338 0.15415414
v -0.07872380 -1.10500884 0.15648486
v -0.08685382 -1.10381615 0.15805340
v -0.10564715 -1.11517560 0.15501760
v -0.11346251 -1.11530018 0.15417866
v -0.11101782 -1.11877012 0.15106834
v -0.10604571 -1.11838460 0.15163764
v -0.14481680 -1.11211741 0.11689173
v -0.15016487 -1.11318195 0.11456812
v -0.14851303 -1.11619723 0.11226422
v -0.14476165 -1.11665273 0.11430522
v -0.13240863 -1.11514425 0.13450165
v -0.13788061 -1.11580002 0.13145603
v -0.13604192 -1.11887205 0.12959942
v -0.13241459 -1.11930108 0.13112701
v -0.08994111 -1.09832335 0.13634636
v -0.08946659 -1.10037458 0.14978419
v -0.07681019 -1.10179007 0.14759591
v -0.07536960 -1.09615541 0.13428375
v -0.07006085 -1.11011243 0.14337540
v -0.07705244 -1.11567974 0.14051682
v -0.07504793 -1.11513174 0.12666121
v -0.06847939 -1.10663569 0.12863916
v -0.08934885 -1.11673737 0.14228831
v -0.08861015 -1.11627877 0.12958759
v -0.09661376 -1.10923541 0.13367803
v -0.09837013 -1.10969269 0.14803183
v -0.11503048 -1.10952485 0.13538846
v -0.11801995 -1.11286819 0.14679532
v -0.11258175 -1.10653174 0.14826339
v -0.11035892 -1.10206950 0.13638644
v -0.10448862 -1.10669148 0.14945212
v -0.09934542 -1.10194647 0.13844293
v -0.09515073 -1.11157000 0.13648672
v -0.09807732 -1.11286724 0.14962263
v -0.10244785 -1.11788368 0.14526910
v -0.09954135 -1.11700773 0.13258211
v -0.10883316 -1.11688542 0.13243225
v -0.11174549 -1.11826825 0.14396927
v -0.12611480 -1.10330653 0.12950285
v -0.12537986 -1.10861647 0.13975370
v -0.11807940 -1.10865128 0.14087942
v -0.11623617 -1.10357094 0.13189898
v -0.11313564 -1.11570752 0.14092381
v -0.11819787 -1.11903179 0.13856485
v -0.11628017 -1.11734438 0.12824465
v -0.11176386 -1.11302483 0.13147983
v -0.12572801 -1.11692846 0.12675114
v -0.12540372 -1.11957586 0.13762251
v -0.13052891 -1.10961175 0.12912242
v -0.12973942 -1.11421168 0.13902453
v -0.14353856 -1.11008072 0.11572059
v -0.14154924 -1.11491275 0.12537259
v -0.13899060 -1.10939848 0.12697184
v -0.14069305 -1.10383427 0.11726629
v -0.13345158 -1.10829246 0.12900318
v -0.13327309 -1.10380948 0.12127458
v -0.12899332 -1.11218512 0.12921597
v -0.13060959 -1.11896181 0.12591389
v -0.13142933 -1.11691558 0.11800692
v -0.12999904 -1.10944629 0.12291634
v -0.13734010 -1.11947417 0.12382989
v -0.13907358 -1.11708474 0.11415254
v -0.15296751 -1.10357654 0.10088471
v -0.15440875 -1.11011636 0.09767386
v -0.15315980 -1.11158705 0.10685562
v -0.15140188 -1.10624754 0.10855652
v -0.14646234 -1.10560000 0.11218414
v -0.14704677 -1.10257673 0.10610395
v -0.14244764 -1.10974741 0.11179995
v -0.14278184 -1.11662841 0.10885496
v -0.14359877 -1.11560309 0.10279299
v -0.14423226 -1.10798693 0.10676463
v -0.14936422 -1.11680496 0.10662166
v -0.14983051 -1.11513674 0.09846096
v -0.07469323 -1.09197772 0.12064036
v -0.09313449 -1.09716928 0.12300218
v -0.07938863 -1.11616874 0.14981690
v -0.06786101 -1.10429871 0.11469286
v -0.08624845 -1.11687958 0.15047500
v -0.09133540 -1.11579943 0.11796955
v -0.07502512 -1.11413670 0.11257457
v -0.09455249 -1.10911214 0.12774988
v -0.11213447 -1.11002374 0.15393609
v -0.11177766 -1.11048830 0.12606947
v -0.11041024 -1.11662817 0.11673631
v -0.10753718 -1.10992193 0.15449949
v -0.11098760 -1.09846735 0.12136135
v -0.12761408 -1.09970701 0.11242025
v -0.11998110 -1.11903131 0.14402914
v -0.12377122 -1.11929262 0.14325123
v -0.12821124 -1.11672115 0.10991285
v -0.13079648 -1.10854232 0.12068920
v -0.13753730 -1.11201882 0.13216288
v -0.14501131 -1.10815310 0.10717998
v -0.14187901 -1.11632764 0.09922630
v -0.13429503 -1.11089849 0.13301411
v -0.14287370 -1.09915006 0.10138565
v -0.14924897 -1.10951757 0.11380161
v -0.15583995 -1.10777771 0.08594187
v -0.15080611 -1.11549330 0.08846880
v -0.14667219 -1.10863018 0.11577893
v -0.15380539 -1.09979045 0.09066571
v -0.08716314 -0.97612298 -0.00076366
v -0.08672772 -1.00127113 0.00383843
v -0.09906359 -0.97749567 0.00370852
v -0.11100349 -1.00128841 0.00247904
v -0.09792968 -1.00282586 0.00677918
v -0.08491694 -1.02463603 0.01140291
v -0.10994517 -1.02568138 0.00819972
v -0.09737790 -1.02568340 0.01349166
v -0.12802248 -1.04288149 -0.04725395
v -0.13222590 -1.04293358 -0.02857255
v -0.11751479 -1.04217017 -0.05710359
v -0.09763362 -1.04104567 -0.07661889
v -0.10868370 -1.04133427 -0.06744748
v -0.08318517 -1.04320538 0.02111050
v -0.07362064 -1.04499543 0.00405759
v -0.09691936 -1.04292786 0.02568333
v -0.11243072 -1.04321909 0.01883931
v -0.06991281 -1.08686852 0.10464796
v -0.07033523 -1.08553815 0.08417884
v -0.08514168 -1.07616830 0.08794506
v -0.08870262 -1.08570731 0.10614479
v -0.10390682 -1.07731843 0.08402628
v -0.10662643 -1.08887351 0.10244594
v -0.12042400 -1.08063006 0.07650599
v -0.12341826 -1.09052396 0.09510423
v -0.13538964 -1.08440816 0.06754538
v -0.13892171 -1.09247494 0.08534745
v -0.14810002 -1.09146547 0.05833194
v -0.15198758 -1.09572196 0.07633289
v -0.15558703 -1.10136509 0.05323697
v -0.15800169 -1.10505128 0.07147162
v -0.06402780 -1.10263956 0.09847756
v -0.06589377 -1.10025346 0.07891978
v -0.07307631 -1.11437201 0.09511516
v -0.07482544 -1.11353779 0.07567704
v -0.08968850 -1.11545813 0.09420958
v -0.09012594 -1.11447763 0.07388555
v -0.15022941 -1.11368763 0.05447181
v -0.15128598 -1.11609483 0.07324555
v -0.10796711 -1.11607254 0.09045076
v -0.10764457 -1.11421728 0.06980249
v -0.12490574 -1.11754763 0.08468489
v -0.12411210 -1.11556613 0.06407855
v -0.13930720 -1.11812329 0.07841107
v -0.13835871 -1.11636889 0.05849073
v -0.08167983 -1.06928217 0.06481059
v -0.10100311 -1.06458664 0.06417944
v -0.11739931 -1.06859374 0.05564037
v -0.13132499 -1.07561851 0.04556059
v -0.14300339 -1.08611858 0.03614543
v -0.15107054 -1.09657276 0.03171812
v -0.13112994 -1.06413722 0.01836913
v -0.13788278 -1.08311367 0.01095336
v -0.14390759 -1.09477651 0.00887889
v -0.13500105 -1.08055925 -0.01447779
v -0.13827243 -1.09325051 -0.01436299
v -0.12698983 -1.07953513 -0.05541276
v -0.13144520 -1.09367824 -0.05651589
v -0.13465752 -1.09219921 -0.03748658
v -0.13081089 -1.07917726 -0.03765816
v -0.13115634 -1.06318593 -0.00933877
v -0.12935987 -1.06119430 -0.03350772
v -0.12430194 -1.06064761 -0.05095653
v -0.11710517 -1.09381032 -0.07942399
v -0.12655020 -1.09407926 -0.06964433
v -0.12255657 -1.07960546 -0.06806973
v -0.11504360 -1.07852399 -0.07917414
v -0.09971559 -1.07886934 -0.08685408
v -0.10106078 -1.09459996 -0.08377561
v -0.08362034 -1.08079612 -0.07729738
v -0.08459099 -1.09613025 -0.07645466
v -0.11096621 -1.05957091 -0.07294006
v -0.11811409 -1.06048286 -0.06275678
v -0.09880718 -1.05912054 -0.08117367
v -0.08441938 -1.06090164 -0.07327531
v -0.08083107 -1.06244445 -0.05681036
v -0.07930609 -1.08274269 -0.05915631
v -0.07736353 -1.09725952 -0.05956845
v -0.07172492 -1.08395910 0.06018880
v -0.07167065 -1.09653044 0.05579627
v -0.11584104 -1.05551279 0.03574959
v -0.09793647 -1.05341744 0.04362274
v -0.07979161 -1.05980706 0.03701757
v -0.07139174 -1.08105171 0.03395426
v -0.07542177 -1.09479606 0.02986274
v -0.07716161 -1.09427178 0.00629977
v -0.07158747 -1.08186162 0.00876129
v -0.07896917 -1.10691798 0.05247261
v -0.08310688 -1.10184884 0.02728751
v -0.08397584 -1.10093188 0.00423231
v -0.07608975 -1.09515893 -0.01444007
v -0.07238466 -1.08237267 -0.01287844
v -0.07620968 -1.09571350 -0.03108488
v -0.07535243 -1.08183479 -0.02990251
v -0.07740380 -1.08209956 -0.04380240
v -0.07617431 -1.09652102 -0.04487176
v -0.07521108 -1.06274736 -0.03023366
v -0.07793611 -1.06191802 -0.04273032
v -0.07237072 -1.06435788 -0.01298984
v -0.07236619 -1.06329143 0.00948793
v -0.14717910 -1.10927129 0.03250514
v -0.14206098 -1.10547793 0.00974966
v -0.13619329 -1.10280538 -0.01319416
v -0.13191222 -1.10309684 -0.03601879
v -0.12665862 -1.10447228 -0.05379101
v -0.12123069 -1.10477674 -0.06488324
v -0.10055036 -1.10362828 -0.07620248
v -0.11342489 -1.10409784 -0.07331593
v -0.08871328 -1.10467136 -0.07112779
v -0.08291678 -1.10641003 -0.05757336
v -0.08156738 -1.10712194 -0.04501986
v -0.08246130 -1.10343456 -0.01628657
v -0.08137079 -1.10616839 -0.03208365
v -0.06915079 -1.04583454 -0.01592737
v -0.07196598 -1.04510701 -0.03319200
v -0.07659099 -1.04407263 -0.04511219
v -0.08413949 -1.04175818 -0.07116596
v -0.07956247 -1.04278243 -0.05609408
v -0.09196260 -1.11096311 0.04984829
v -0.10837935 -1.11105156 0.04579918
v -0.12381988 -1.11220515 0.04044889
v -0.13679291 -1.11266840 0.03571289
v -0.13382694 -1.10942733 0.01231071
v -0.12215494 -1.10946608 0.01572243
v -0.10760010 -1.10905218 0.02004128
v -0.09346942 -1.10623682 0.02448921
v -0.12849386 -1.10766852 -0.01040801
v -0.11819873 -1.10865009 -0.00700294
v -0.10513719 -1.10855818 -0.00378693
v -0.09307054 -1.10626483 0.00110270
v -0.09074406 -1.10873425 -0.01951143
v -0.10125504 -1.10968387 -0.02481830
v -0.11277349 -1.10923517 -0.02787500
v -0.12262758 -1.10773969 -0.03217538
v -0.11787606 -1.10792279 -0.04867511
v -0.10859520 -1.10894763 -0.04384949
v -0.09819049 -1.10967433 -0.04039973
v -0.08958542 -1.10948396 -0.03572574
v -0.11375491 -1.10773349 -0.05818252
v -0.10087539 -1.10714817 -0.06853676
v -0.10841621 -1.10726094 -0.06526439
v -0.09300090 -1.10811353 -0.06599963
v -0.08982974 -1.10899389 -0.05641138
v -0.08925120 -1.10955453 -0.04652655
v -0.09704853 -1.10925877 -0.04940414
v -0.09642734 -1.10874069 -0.05658596
v -0.10623260 -1.10851955 -0.05291849
v -0.10358764 -1.10797238 -0.05929526
v -0.09681413 -1.10812032 -0.06223272
v -0.10042836 -1.10775876 -0.06345852
v -0.12500285 -1.04542780 -0.00021775
v -0.09411140 -0.70693427 0.03890254
v -0.07918916 -0.70501250 0.03638905
v -0.11088789 -0.70503509 0.03898694
v -0.13523257 -0.29401749 0.11588306
v -0.08162376 -0.07218402 0.12647080
v -0.08143365 -0.03315793 0.12019905
v -0.08096468 -0.05311920 0.12343235
v -0.13716602 -0.32510608 0.12070240
v -0.12642568 -0.01295819 0.06899534
v -0.10468800 0.13153102 0.10956649
v -0.07818854 0.41493607 0.01066085
v -0.07600977 0.41224521 0.00963391
v -0.07472268 0.40925872 0.00791332
v -0.07400268 0.40714762 0.00495008
v -0.07329021 0.40542725 0.00191427
v -0.07197928 0.40492401 -0.00102722
v -0.07636432 0.41017005 0.00542341
v -0.07411829 0.41267416 0.00274396
v -0.07467443 0.41372615 0.00467093
v -0.07691415 0.41230446 0.00696155
f 2 3 1
f 1 3 4
f 3 2 5
f 5 2 6
f 3 7 4
f 4 7 8
f 10 11 9
f 9 11 12
f 14 15 13
f 13 15 16
f 18 19 17
f 17 19 20
f 22 23 21
f 21 23 24
f 26 18 25
f 25 18 17
f 27 28 17
f 17 28 25
f 30 31 29
f 29 31 32
f 34 35 33
f 33 35 36
f 21 24 37
f 37 24 38
f 40 31 39
f 39 31 38
f 34 33 28
f 28 33 25
f 41 42 44
f 44 42 43
f 36 45 33
f 33 45 25
f 46 47 49
f 49 47 48
f 51 52 50
f 50 52 53
f 55 53 54
f 54 53 52
f 57 58 56
f 56 58 59
f 61 62 60
f 60 62 63
f 65 66 64
f 64 66 67
f 69 70 68
f 68 70 71
f 65 73 72
f 72 73 74
f 64 75 65
f 65 75 73
f 77 78 76
f 76 78 79
f 80 81 83
f 83 81 82
f 81 85 84
f 84 85 86
f 88 89 87
f 87 89 69
f 88 87 90
f 90 87 91
f 93 94 92
f 92 94 95
f 96 84 43
f 43 84 44
f 51 98 97
f 97 98 86
f 97 99 51
f 51 99 52
f 54 52 100
f 100 52 99
f 58 101 59
f 59 101 102
f 62 103 63
f 63 103 104
f 105 106 6
f 6 106 5
f 108 109 107
f 107 109 110
f 112 113 111
f 111 113 114
f 116 117 115
f 115 117 118
f 120 121 119
f 119 121 122
f 124 125 123
f 123 125 126
f 128 129 127
f 127 129 130
f 130 131 127
f 127 131 132
f 134 1 133
f 133 1 135
f 1 4 135
f 135 4 136
f 4 8 136
f 136 8 137
f 138 139 15
f 15 139 140
f 140 139 141
f 141 139 142
f 144 57 143
f 143 57 56
f 145 146 141
f 141 146 147
f 146 149 148
f 148 149 150
f 152 153 151
f 151 153 154
f 141 147 140
f 140 147 155
f 157 11 156
f 156 11 158
f 160 161 159
f 159 161 162
f 164 165 163
f 163 165 166
f 165 160 166
f 166 160 159
f 168 169 167
f 167 169 170
f 169 171 170
f 170 171 172
f 149 173 150
f 150 173 174
f 175 176 149
f 149 176 173
f 178 172 177
f 177 172 171
f 180 181 179
f 179 181 182
f 184 180 183
f 183 180 179
f 186 187 185
f 185 187 188
f 190 191 189
f 189 191 192
f 7 193 8
f 8 193 194
f 196 162 195
f 195 162 161
f 197 168 198
f 198 168 167
f 181 199 182
f 182 199 200
f 202 203 201
f 201 203 204
f 187 186 205
f 205 186 206
f 208 209 207
f 207 209 210
f 212 213 211
f 211 213 214
f 215 216 218
f 218 216 217
f 220 209 219
f 219 209 208
f 204 186 221
f 221 186 185
f 201 204 222
f 222 204 221
f 223 211 220
f 220 211 209
f 224 225 214
f 214 225 210
f 203 206 204
f 204 206 186
f 227 187 226
f 226 187 205
f 27 228 21
f 21 228 22
f 230 231 229
f 229 231 232
f 234 235 233
f 233 235 236
f 238 239 237
f 237 239 240
f 119 122 118
f 118 122 115
f 112 242 241
f 241 242 243
f 98 51 244
f 244 51 50
f 245 138 14
f 14 138 15
f 11 10 158
f 158 10 246
f 89 85 69
f 69 85 70
f 11 157 12
f 12 157 247
f 249 164 248
f 248 164 163
f 177 250 178
f 178 250 251
f 253 254 252
f 252 254 255
f 187 227 188
f 188 227 256
f 212 257 213
f 213 257 258
f 260 134 259
f 259 134 133
f 165 164 135
f 135 164 133
f 160 165 136
f 136 165 135
f 136 137 160
f 160 137 161
f 137 261 161
f 161 261 195
f 263 264 262
f 262 264 265
f 13 16 266
f 266 16 267
f 268 267 155
f 155 267 16
f 147 269 155
f 155 269 268
f 162 196 167
f 167 196 198
f 167 170 162
f 162 170 159
f 170 172 159
f 159 172 166
f 172 178 166
f 166 178 163
f 178 251 163
f 163 251 248
f 168 270 169
f 169 270 271
f 272 273 171
f 171 273 177
f 271 272 169
f 169 272 171
f 168 197 270
f 270 197 274
f 250 177 275
f 275 177 273
f 277 45 276
f 276 45 278
f 280 281 279
f 279 281 282
f 284 104 283
f 283 104 103
f 285 215 286
f 286 215 218
f 288 289 287
f 287 289 290
f 291 80 66
f 66 80 83
f 293 294 292
f 292 294 295
f 73 91 74
f 74 91 87
f 91 73 92
f 92 73 75
f 279 77 280
f 280 77 76
f 80 291 70
f 70 291 71
f 277 47 96
f 96 47 82
f 297 175 296
f 296 175 149
f 299 154 298
f 298 154 153
f 225 300 210
f 210 300 207
f 224 301 206
f 206 301 205
f 210 209 214
f 214 209 211
f 226 205 302
f 302 205 301
f 304 305 303
f 303 305 306
f 308 309 307
f 307 309 310
f 72 291 65
f 65 291 66
f 66 83 67
f 67 83 46
f 312 313 311
f 311 313 314
f 316 317 315
f 315 317 36
f 29 318 35
f 35 318 319
f 321 32 320
f 320 32 322
f 311 314 323
f 323 314 324
f 315 325 316
f 316 325 326
f 318 287 319
f 319 287 290
f 328 321 327
f 327 321 320
f 329 330 39
f 39 330 331
f 332 333 40
f 40 333 322
f 309 334 285
f 285 334 335
f 236 2 134
f 134 2 1
f 260 336 233
f 233 336 337
f 237 14 265
f 265 14 13
f 84 86 44
f 44 86 98
f 189 192 7
f 7 192 193
f 44 98 41
f 41 98 244
f 237 240 14
f 14 240 245
f 7 3 189
f 189 3 5
f 338 71 72
f 72 71 291
f 262 265 266
f 266 265 13
f 124 123 339
f 339 123 105
f 123 109 105
f 105 109 106
f 189 5 190
f 190 5 106
f 111 114 12
f 12 114 9
f 264 340 265
f 265 340 237
f 342 343 341
f 341 343 344
f 6 235 105
f 105 235 339
f 234 346 345
f 345 346 347
f 349 350 348
f 348 350 351
f 107 352 108
f 108 352 353
f 355 356 354
f 354 356 357
f 237 340 238
f 238 340 358
f 12 247 111
f 111 247 359
f 264 263 116
f 116 263 360
f 361 362 222
f 222 362 201
f 364 365 363
f 363 365 366
f 368 369 367
f 367 369 370
f 372 373 371
f 371 373 374
f 375 376 372
f 372 376 377
f 378 379 381
f 381 379 380
f 382 383 269
f 269 383 268
f 150 174 365
f 365 174 384
f 380 377 381
f 381 377 376
f 271 270 180
f 180 270 181
f 273 272 252
f 252 272 184
f 272 271 184
f 184 271 180
f 181 270 274
f 252 255 273
f 273 255 275
f 254 385 255
f 255 385 386
f 387 388 179
f 179 388 183
f 389 387 182
f 182 387 179
f 182 200 389
f 389 200 390
f 388 391 183
f 183 391 253
f 391 392 253
f 253 392 254
f 394 379 393
f 393 379 378
f 185 188 395
f 395 188 396
f 221 185 397
f 397 185 395
f 222 221 398
f 398 221 397
f 188 256 396
f 396 256 399
f 400 401 256
f 256 401 399
f 402 403 405
f 405 403 404
f 148 150 364
f 364 150 365
f 393 406 394
f 394 406 407
f 158 246 393
f 393 246 406
f 342 19 238
f 238 19 239
f 23 22 350
f 350 22 354
f 244 50 245
f 245 50 138
f 55 142 53
f 53 142 139
f 145 144 296
f 296 144 143
f 355 228 341
f 341 228 20
f 41 240 42
f 42 240 239
f 283 308 284
f 284 308 307
f 349 409 408
f 408 409 410
f 244 245 41
f 41 245 240
f 268 383 406
f 406 383 407
f 346 411 349
f 349 411 409
f 251 412 248
f 248 412 413
f 275 414 250
f 250 414 415
f 25 45 26
f 26 45 277
f 43 26 96
f 96 26 277
f 416 417 61
f 61 417 62
f 329 24 408
f 408 24 23
f 31 40 32
f 32 40 322
f 39 38 329
f 329 38 24
f 37 38 30
f 30 38 31
f 418 419 421
f 421 419 420
f 78 295 79
f 79 295 294
f 124 339 422
f 422 339 345
f 232 131 357
f 357 131 351
f 2 236 6
f 6 236 235
f 252 184 253
f 253 184 183
f 227 423 256
f 256 423 400
f 423 227 305
f 305 227 226
f 424 258 425
f 425 258 257
f 426 427 212
f 212 427 257
f 259 133 249
f 249 133 164
f 419 418 428
f 428 418 429
f 327 430 328
f 328 430 288
f 49 431 46
f 46 431 67
f 306 302 424
f 424 302 258
f 313 432 314
f 314 432 433
f 32 321 29
f 29 321 318
f 324 314 433
f 287 318 328
f 328 318 321
f 134 260 236
f 236 260 233
f 345 339 234
f 234 339 235
f 357 351 354
f 354 351 350
f 408 23 349
f 349 23 350
f 317 278 36
f 36 278 45
f 432 313 429
f 429 313 428
f 435 428 434
f 434 428 313
f 42 239 18
f 18 239 19
f 43 42 26
f 26 42 18
f 121 120 436
f 436 120 437
f 302 301 258
f 258 301 213
f 110 109 126
f 126 109 123
f 238 358 342
f 342 358 343
f 341 20 342
f 342 20 19
f 322 438 320
f 320 438 439
f 320 439 327
f 327 439 430
f 333 440 322
f 322 440 438
f 289 288 323
f 323 288 430
f 115 340 116
f 116 340 264
f 146 145 149
f 149 145 296
f 15 140 16
f 16 140 155
f 441 442 152
f 152 442 153
f 225 224 203
f 203 224 206
f 175 297 154
f 154 297 151
f 293 443 294
f 294 443 444
f 248 413 249
f 249 413 445
f 446 447 400
f 400 447 401
f 388 387 396
f 396 387 395
f 387 389 395
f 395 389 397
f 391 388 399
f 399 388 396
f 401 392 399
f 399 392 391
f 255 386 275
f 275 386 414
f 449 450 448
f 448 450 451
f 335 452 285
f 285 452 215
f 453 298 442
f 442 298 153
f 211 223 212
f 212 223 426
f 425 257 454
f 454 257 427
f 266 10 262
f 262 10 9
f 360 113 456
f 456 113 455
f 8 194 137
f 137 194 261
f 10 266 246
f 246 266 267
f 203 202 225
f 225 202 300
f 262 9 263
f 263 9 114
f 108 353 190
f 190 353 191
f 389 390 397
f 397 390 398
f 457 422 128
f 128 422 129
f 156 158 378
f 378 158 393
f 347 346 348
f 348 346 349
f 447 458 401
f 401 458 392
f 364 382 148
f 148 382 269
f 55 54 57
f 57 54 58
f 75 64 459
f 459 64 460
f 100 90 101
f 101 90 95
f 101 58 100
f 100 58 54
f 142 55 144
f 144 55 57
f 147 146 269
f 269 146 148
f 459 93 75
f 75 93 92
f 144 145 142
f 142 145 141
f 228 27 20
f 20 27 17
f 154 299 175
f 175 299 176
f 214 213 224
f 224 213 301
f 424 461 306
f 306 461 303
f 285 286 309
f 309 286 310
f 462 334 308
f 308 334 309
f 302 306 226
f 226 306 305
f 37 28 21
f 21 28 27
f 29 35 30
f 30 35 34
f 30 34 37
f 37 34 28
f 344 436 356
f 356 436 229
f 325 290 326
f 326 290 289
f 311 439 312
f 312 439 438
f 35 319 36
f 36 319 315
f 439 311 430
f 430 311 323
f 315 319 325
f 325 319 290
f 440 463 438
f 438 463 312
f 341 344 355
f 355 344 356
f 360 456 116
f 116 456 117
f 354 22 355
f 355 22 228
f 326 289 324
f 324 289 323
f 74 87 68
f 68 87 69
f 50 53 138
f 138 53 139
f 268 406 267
f 267 406 246
f 190 106 108
f 108 106 109
f 241 455 112
f 112 455 113
f 358 122 343
f 343 122 121
f 129 347 130
f 130 347 348
f 348 351 130
f 130 351 131
f 229 232 356
f 356 232 357
f 340 115 358
f 358 115 122
f 111 359 112
f 112 359 242
f 125 124 457
f 457 124 422
f 231 132 232
f 232 132 131
f 343 121 344
f 344 121 436
f 263 114 360
f 360 114 113
f 347 129 345
f 345 129 422
f 230 229 437
f 437 229 436
f 464 446 423
f 423 446 400
f 465 466 468
f 468 466 467
f 470 471 469
f 469 471 472
f 469 472 373
f 373 472 374
f 474 469 473
f 473 469 373
f 471 475 472
f 472 475 476
f 472 477 374
f 374 477 478
f 477 472 476
f 479 480 476
f 476 480 477
f 473 373 377
f 377 373 372
f 481 482 479
f 479 482 480
f 483 484 481
f 481 484 482
f 403 402 485
f 485 402 486
f 487 488 483
f 483 488 484
f 487 489 488
f 488 489 490
f 489 491 490
f 490 491 492
f 491 493 492
f 492 493 494
f 493 495 494
f 494 495 496
f 497 498 481
f 481 498 483
f 484 499 482
f 482 499 367
f 370 480 367
f 367 480 482
f 480 370 477
f 477 370 478
f 500 497 479
f 479 497 481
f 451 473 380
f 380 473 377
f 448 451 379
f 379 451 380
f 501 502 504
f 504 502 503
f 449 505 507
f 507 505 506
f 486 508 505
f 505 508 506
f 508 509 506
f 506 509 510
f 511 507 510
f 510 507 506
f 509 508 512
f 512 508 513
f 515 509 514
f 514 509 512
f 509 515 510
f 510 515 516
f 510 516 511
f 511 516 517
f 486 505 485
f 485 505 518
f 505 449 518
f 518 449 448
f 383 382 403
f 403 382 404
f 363 404 364
f 364 404 382
f 403 485 383
f 383 485 407
f 519 520 361
f 361 520 362
f 522 496 521
f 521 496 495
f 450 474 451
f 451 474 473
f 363 366 523
f 523 366 524
f 525 499 488
f 488 499 484
f 488 490 525
f 525 490 526
f 496 522 520
f 520 522 527
f 494 496 519
f 519 496 520
f 492 494 528
f 528 494 519
f 529 530 495
f 495 530 521
f 490 492 526
f 526 492 528
f 529 495 531
f 531 495 493
f 533 534 532
f 532 534 535
f 523 524 533
f 533 524 534
f 486 402 532
f 532 402 533
f 529 536 530
f 530 536 537
f 536 538 537
f 537 538 539
f 540 541 539
f 539 541 537
f 530 537 535
f 535 537 541
f 542 539 543
f 543 539 538
f 539 542 540
f 540 542 544
f 541 540 513
f 513 540 512
f 540 544 512
f 512 544 514
f 546 547 545
f 545 547 548
f 549 550 531
f 531 550 551
f 550 549 552
f 552 549 553
f 546 550 554
f 554 550 552
f 547 546 555
f 555 546 554
f 498 556 558
f 558 556 557
f 559 557 560
f 560 557 556
f 561 562 560
f 560 562 559
f 557 559 552
f 552 559 554
f 559 562 554
f 554 562 555
f 558 557 553
f 553 557 552
f 475 471 563
f 563 471 564
f 565 563 567
f 567 563 566
f 471 470 564
f 564 470 466
f 564 466 568
f 568 466 465
f 568 465 569
f 569 465 570
f 572 573 571
f 571 573 574
f 569 575 567
f 567 575 576
f 577 565 576
f 576 565 567
f 578 579 581
f 581 579 580
f 575 561 576
f 576 561 560
f 556 577 560
f 560 577 576
f 577 556 497
f 497 556 498
f 565 577 500
f 500 577 497
f 563 565 475
f 475 565 500
f 553 489 558
f 558 489 487
f 531 493 549
f 549 493 491
f 489 553 491
f 491 553 549
f 394 407 518
f 518 407 485
f 518 448 394
f 394 448 379
f 545 548 538
f 538 548 543
f 551 545 536
f 536 545 538
f 536 529 551
f 551 529 531
f 507 582 449
f 449 582 450
f 511 583 507
f 507 583 582
f 511 517 583
f 583 517 584
f 585 586 588
f 588 586 587
f 590 591 589
f 589 591 592
f 591 590 593
f 593 590 594
f 596 597 595
f 595 597 598
f 599 600 602
f 602 600 601
f 604 605 603
f 603 605 606
f 608 609 607
f 607 609 610
f 612 613 611
f 611 613 614
f 615 616 618
f 618 616 617
f 620 621 619
f 619 621 622
f 624 625 623
f 623 625 626
f 628 629 627
f 627 629 630
f 632 633 631
f 631 633 634
f 635 636 638
f 638 636 637
f 639 640 642
f 642 640 641
f 644 645 643
f 643 645 646
f 619 622 647
f 647 622 648
f 650 651 649
f 649 651 652
f 601 653 602
f 602 653 654
f 656 657 655
f 655 657 658
f 660 661 659
f 659 661 662
f 664 665 663
f 663 665 666
f 593 594 667
f 667 594 668
f 669 670 672
f 672 670 671
f 673 674 676
f 676 674 675
f 633 632 677
f 677 632 678
f 663 666 679
f 679 666 680
f 681 682 684
f 684 682 683
f 686 687 685
f 685 687 688
f 690 661 689
f 689 661 691
f 693 686 692
f 692 686 685
f 695 597 694
f 694 597 668
f 594 696 668
f 668 696 694
f 697 698 696
f 696 698 699
f 700 701 697
f 697 701 698
f 702 585 703
f 703 585 588
f 671 690 672
f 672 690 689
f 640 639 704
f 704 639 705
f 679 706 663
f 663 706 658
f 708 709 707
f 707 709 710
f 711 712 610
f 610 712 607
f 713 714 716
f 716 714 715
f 717 718 720
f 720 718 719
f 722 634 721
f 721 634 633
f 724 725 723
f 723 725 726
f 728 729 727
f 727 729 730
f 732 733 731
f 731 733 734
f 707 710 735
f 735 710 736
f 643 737 644
f 644 737 738
f 740 741 739
f 739 741 742
f 608 744 743
f 743 744 745
f 747 748 746
f 746 748 749
f 751 752 750
f 750 752 753
f 754 755 757
f 757 755 756
f 758 759 761
f 761 759 760
f 763 764 762
f 762 764 765
f 767 768 766
f 766 768 769
f 771 772 770
f 770 772 773
f 775 776 774
f 774 776 777
f 779 780 778
f 778 780 781
f 783 712 782
f 782 712 784
f 785 786 788
f 788 786 787
f 790 628 789
f 789 628 627
f 792 793 791
f 791 793 794
f 795 796 726
f 726 796 723
f 798 799 797
f 797 799 800
f 721 633 801
f 801 633 677
f 797 800 802
f 802 800 803
f 805 806 804
f 804 806 807
f 809 810 808
f 808 810 811
f 813 814 812
f 812 814 815
f 809 808 817
f 817 808 816
f 818 819 804
f 804 819 805
f 820 821 818
f 818 821 819
f 821 820 587
f 587 820 822
f 809 823 810
f 810 823 824
f 814 807 815
f 815 807 806
f 826 426 825
f 825 426 223
f 426 826 427
f 427 826 827
f 828 829 454
f 454 829 830
f 831 832 677
f 677 832 801
f 834 835 833
f 833 835 836
f 838 839 837
f 837 839 840
f 841 842 844
f 844 842 843
f 845 846 803
f 803 846 802
f 847 831 678
f 678 831 677
f 848 849 851
f 851 849 850
f 853 854 852
f 852 854 855
f 857 858 856
f 856 858 680
f 860 861 859
f 859 861 862
f 864 865 863
f 863 865 866
f 868 869 867
f 867 869 870
f 839 871 840
f 840 871 872
f 849 848 874
f 874 848 873
f 876 877 875
f 875 877 878
f 880 881 879
f 879 881 882
f 883 884 886
f 886 884 885
f 846 887 802
f 802 887 888
f 890 891 889
f 889 891 888
f 893 894 892
f 892 894 895
f 896 897 728
f 728 897 729
f 899 900 898
f 898 900 901
f 902 852 904
f 904 852 903
f 849 905 850
f 850 905 906
f 875 878 907
f 907 878 908
f 910 911 909
f 909 911 912
f 914 915 913
f 913 915 916
f 917 918 862
f 862 918 859
f 919 920 856
f 856 920 921
f 923 924 922
f 922 924 925
f 926 927 925
f 925 927 922
f 929 930 928
f 928 930 693
f 932 695 931
f 931 695 694
f 823 867 824
f 824 867 933
f 935 936 934
f 934 936 937
f 938 868 823
f 823 868 867
f 940 847 939
f 939 847 678
f 632 655 678
f 678 655 939
f 941 942 619
f 619 942 620
f 687 943 688
f 688 943 944
f 851 850 945
f 945 850 903
f 850 906 903
f 903 906 904
f 946 947 949
f 949 947 948
f 951 952 950
f 950 952 953
f 955 956 954
f 954 956 957
f 907 958 875
f 875 958 874
f 960 961 959
f 959 961 962
f 963 853 902
f 902 853 852
f 909 964 910
f 910 964 965
f 967 968 966
f 966 968 969
f 971 972 970
f 970 972 973
f 974 960 975
f 975 960 959
f 977 978 976
f 976 978 979
f 981 977 980
f 980 977 976
f 980 982 981
f 981 982 983
f 985 983 984
f 984 983 982
f 984 986 985
f 985 986 987
f 989 990 988
f 988 990 991
f 993 994 992
f 992 994 995
f 997 998 996
f 996 998 999
f 1001 1002 1000
f 1000 1002 1003
f 1005 1006 1004
f 1004 1006 1007
f 1004 1008 1005
f 1005 1008 1009
f 1008 1010 1009
f 1009 1010 1011
f 1013 1011 1012
f 1012 1011 1010
f 1014 1015 1017
f 1017 1015 1016
f 1019 1020 1018
f 1018 1020 1021
f 1022 1023 976
f 976 1023 980
f 1024 1025 982
f 982 1025 984
f 992 995 1026
f 1026 995 1027
f 956 955 1028
f 1028 955 1029
f 1030 1031 1033
f 1033 1031 1032
f 1010 1008 1034
f 1034 1008 1035
f 1008 1004 1035
f 1035 1004 1036
f 1037 1038 1002
f 1002 1038 1007
f 1002 1001 1037
f 1037 1001 1039
f 1040 1041 997
f 997 1041 998
f 1015 1014 1043
f 1043 1014 1042
f 1044 1045 1047
f 1047 1045 1046
f 1044 1020 1048
f 1048 1020 1049
f 1050 1051 1003
f 1003 1051 1000
f 1052 1050 1006
f 1006 1050 1003
f 1053 1054 1011
f 1011 1054 1009
f 1013 1045 1055
f 1055 1045 1056
f 1058 1059 1057
f 1057 1059 1060
f 1062 1063 1061
f 1061 1063 1064
f 1065 1066 1050
f 1050 1066 1051
f 1067 1065 1052
f 1052 1065 1050
f 1068 1069 1054
f 1054 1069 1070
f 1071 1068 1053
f 1053 1068 1054
f 1073 1071 1072
f 1072 1071 1074
f 1074 1071 1055
f 1055 1071 1053
f 1076 1077 1075
f 1075 1077 1078
f 1079 1080 1057
f 1057 1080 1058
f 1081 1082 1064
f 1064 1082 1061
f 1084 1085 1083
f 1083 1085 1086
f 1088 1089 1087
f 1087 1089 1090
f 1092 1093 1091
f 1091 1093 1094
f 1096 1097 1095
f 1095 1097 1098
f 1099 1100 1102
f 1102 1100 1101
f 1103 1104 1099
f 1099 1104 1100
f 1106 1107 1105
f 1105 1107 1108
f 1110 1111 1109
f 1109 1111 1112
f 1114 1115 1113
f 1113 1115 1116
f 1118 1119 1117
f 1117 1119 1077
f 1117 1120 1122
f 1122 1120 1121
f 1105 1123 1106
f 1106 1123 1124
f 1125 1126 1128
f 1128 1126 1127
f 1130 1131 1129
f 1129 1131 1132
f 1134 1135 1133
f 1133 1135 1114
f 1113 1136 1114
f 1114 1136 1133
f 1118 1137 1113
f 1113 1137 1136
f 1118 1117 1137
f 1137 1117 1122
f 1139 1140 1138
f 1138 1140 1141
f 1143 953 1142
f 1142 953 952
f 1145 957 1144
f 1144 957 956
f 1028 1146 956
f 956 1146 1144
f 1014 1147 1042
f 1042 1147 1148
f 1014 1017 1147
f 1147 1017 1149
f 1059 1058 1150
f 1150 1058 1151
f 1153 1080 1152
f 1152 1080 1154
f 1156 1088 1155
f 1155 1088 1087
f 1157 1158 1106
f 1106 1158 1107
f 1106 1124 1157
f 1157 1124 1159
f 1161 1162 1160
f 1160 1162 1163
f 1165 1166 1164
f 1164 1166 1167
f 1168 1031 1012
f 1012 1031 1046
f 1024 1023 1035
f 1035 1023 1034
f 1036 1038 1025
f 1025 1038 1169
f 1170 1171 1039
f 1039 1171 1037
f 1028 1029 1042
f 1042 1029 1043
f 1172 1173 1175
f 1175 1173 1174
f 1055 1053 1013
f 1013 1053 1011
f 1005 1009 1070
f 1070 1009 1054
f 996 999 1062
f 1062 999 1063
f 1016 1060 1017
f 1017 1060 1059
f 1017 1059 1149
f 1149 1059 1150
f 1177 1178 1176
f 1176 1178 1103
f 1176 1072 1179
f 1179 1072 1074
f 1073 1102 1086
f 1086 1102 1083
f 1180 1181 1067
f 1067 1181 1065
f 1182 1183 1184
f 1184 1183 1181
f 1186 1187 1185
f 1185 1187 1188
f 1189 1190 798
f 798 1190 799
f 1192 1193 1191
f 1191 1193 1194
f 1195 1196 1194
f 1194 1196 1191
f 1196 1195 1198
f 1198 1195 1197
f 1200 674 1199
f 1199 674 673
f 928 1201 1203
f 1203 1201 1202
f 861 1204 862
f 862 1204 921
f 1205 1206 913
f 913 1206 1207
f 882 1208 879
f 879 1208 1209
f 1210 1211 1167
f 1167 1211 1164
f 1212 769 1213
f 1213 769 768
f 727 1214 728
f 728 1214 1215
f 1217 1218 1216
f 1216 1218 1219
f 1220 813 1221
f 1221 813 812
f 827 828 427
f 427 828 454
f 1223 1224 1222
f 1222 1224 1165
f 1226 1227 1225
f 1225 1227 1228
f 851 1229 848
f 848 1229 1230
f 834 854 835
f 835 854 1231
f 1233 1234 1232
f 1232 1234 1235
f 1237 751 1236
f 1236 751 750
f 743 819 1238
f 1238 819 821
f 1240 1241 1239
f 1239 1241 1242
f 1244 1245 1243
f 1243 1245 1246
f 844 1247 841
f 841 1247 1248
f 1250 1251 1249
f 1249 1251 1252
f 1254 893 1253
f 1253 893 1237
f 1255 1256 1258
f 1258 1256 1257
f 1260 1261 1259
f 1259 1261 1262
f 945 903 855
f 855 903 852
f 855 1263 945
f 945 1263 1264
f 832 845 801
f 801 845 803
f 800 721 803
f 803 721 801
f 721 800 722
f 722 800 799
f 1266 1267 1265
f 1265 1267 1268
f 1270 795 1269
f 1269 795 726
f 725 1271 726
f 726 1271 1269
f 737 765 738
f 738 765 764
f 759 740 760
f 760 740 739
f 717 1272 1274
f 1274 1272 1273
f 1163 1226 1275
f 1275 1226 1225
f 1277 882 1276
f 1276 882 881
f 1041 1040 1027
f 1027 1040 1026
f 900 935 901
f 901 935 934
f 1164 1278 1165
f 1165 1278 1222
f 1211 1279 1164
f 1164 1279 1278
f 442 1280 453
f 453 1280 1281
f 788 1282 785
f 785 1282 1283
f 1285 1286 1284
f 1284 1286 1287
f 1284 1288 1285
f 1285 1288 1289
f 757 1289 754
f 754 1289 1288
f 605 604 675
f 675 604 676
f 1290 1291 1293
f 1293 1291 1292
f 1295 1296 1294
f 1294 1296 1297
f 696 699 694
f 694 699 931
f 1298 1299 592
f 592 1299 589
f 1299 1300 589
f 589 1300 700
f 1300 1301 700
f 700 1301 701
f 743 745 819
f 819 745 805
f 1303 1304 1302
f 1302 1304 1305
f 1306 1307 1305
f 1305 1307 1302
f 609 1298 610
f 610 1298 592
f 587 822 588
f 588 822 1308
f 703 588 1309
f 1309 588 1308
f 1310 703 571
f 571 703 1309
f 1311 1312 789
f 789 1312 790
f 825 223 1313
f 1313 223 220
f 219 1314 220
f 220 1314 1313
f 1315 1316 1311
f 1311 1316 1312
f 1317 1318 1319
f 1319 1318 1241
f 441 1320 442
f 442 1320 1280
f 1321 217 572
f 572 217 216
f 1323 1230 1322
f 1322 1230 1229
f 1324 1325 631
f 631 1325 656
f 1034 1168 1010
f 1010 1168 1012
f 1327 1328 1326
f 1326 1328 1329
f 1331 1202 1330
f 1330 1202 1201
f 571 1309 572
f 572 1309 1321
f 573 572 1332
f 1332 572 216
f 1334 1335 1333
f 1333 1335 1336
f 1337 1338 918
f 918 1338 859
f 1339 863 1340
f 1340 863 866
f 1341 1342 1344
f 1344 1342 1343
f 1345 1346 919
f 919 1346 920
f 1347 1348 673
f 673 1348 1199
f 693 1349 928
f 928 1349 1201
f 1351 1257 1350
f 1350 1257 1256
f 1350 1352 1351
f 1351 1352 1353
f 653 930 654
f 654 930 662
f 1279 1354 1278
f 1278 1354 1355
f 1357 1358 1356
f 1356 1358 1359
f 937 1360 1140
f 1140 1360 1361
f 1225 1228 909
f 909 1228 964
f 901 934 1362
f 1362 934 1139
f 1364 1365 1363
f 1363 1365 1362
f 1367 912 1366
f 1366 912 911
f 1143 1142 1368
f 1368 1142 1369
f 1144 1186 1145
f 1145 1186 1185
f 1146 1175 1144
f 1144 1175 1186
f 1175 1146 1172
f 1172 1146 1148
f 1147 1018 1148
f 1148 1018 1172
f 1018 1147 1019
f 1019 1147 1149
f 1149 1150 1019
f 1019 1150 1370
f 1150 1151 1370
f 1370 1151 1371
f 1151 1153 1371
f 1371 1153 1177
f 1152 1156 1178
f 1178 1156 1372
f 1155 1158 1373
f 1373 1158 1374
f 1157 1159 1376
f 1376 1159 1375
f 1378 1379 1377
f 1377 1379 1380
f 1382 1383 1381
f 1381 1383 1384
f 1382 1386 1385
f 1385 1386 1387
f 1386 1233 1387
f 1387 1233 1232
f 1389 1390 1388
f 1388 1390 1391
f 1393 1394 1392
f 1392 1394 1395
f 1397 1398 1396
f 1396 1398 1399
f 629 1397 630
f 630 1397 1396
f 1342 1400 1343
f 1343 1400 1401
f 1403 1404 1402
f 1402 1404 1405
f 1407 1408 1406
f 1406 1408 1409
f 1411 1412 1410
f 1410 1412 1413
f 793 1414 794
f 794 1414 1415
f 1417 1341 1416
f 1416 1341 1344
f 704 705 1347
f 1347 705 1418
f 741 1419 742
f 742 1419 1420
f 1422 669 1421
f 1421 669 672
f 645 1423 646
f 646 1423 1424
f 1196 1198 614
f 614 1198 611
f 613 1425 614
f 614 1425 1426
f 1427 616 659
f 659 616 660
f 614 1426 1196
f 1196 1426 1191
f 696 594 697
f 697 594 590
f 697 590 700
f 700 590 589
f 703 1310 702
f 702 1310 1428
f 1421 672 1192
f 1192 672 689
f 1271 648 1269
f 1269 648 622
f 621 1270 622
f 622 1270 1269
f 1429 1430 1417
f 1417 1430 1341
f 1431 1432 1434
f 1434 1432 1433
f 1436 1437 1435
f 1435 1437 1438
f 1440 1441 1439
f 1439 1441 1442
f 1443 1444 1446
f 1446 1444 1445
f 823 809 938
f 938 809 817
f 810 1447 811
f 811 1447 1448
f 1449 1450 679
f 679 1450 706
f 913 916 1205
f 1205 916 1451
f 1275 1225 912
f 912 1225 909
f 1452 1453 880
f 880 1453 881
f 1444 1401 1445
f 1445 1401 1400
f 936 1454 937
f 937 1454 1360
f 824 1455 810
f 810 1455 1447
f 631 656 632
f 632 656 655
f 966 1456 967
f 967 1456 1457
f 1459 1460 1458
f 1458 1460 1461
f 1460 1462 1461
f 1461 1462 1463
f 972 974 973
f 973 974 975
f 990 995 991
f 991 995 994
f 1464 1187 1033
f 1033 1187 1174
f 1018 1021 1172
f 1172 1021 1173
f 1000 999 1001
f 1001 999 998
f 976 979 1022
f 1022 979 1032
f 1023 1024 980
f 980 1024 982
f 989 986 1171
f 1171 986 1169
f 1171 1170 989
f 989 1170 990
f 1170 1027 990
f 990 1027 995
f 1041 1039 998
f 998 1039 1001
f 1051 1063 1000
f 1000 1063 999
f 1066 1064 1051
f 1051 1064 1063
f 1183 1081 1066
f 1066 1081 1064
f 1178 1372 1103
f 1103 1372 1104
f 1092 1091 1465
f 1465 1091 1182
f 1467 1465 1466
f 1466 1465 1468
f 1469 1470 1184
f 1184 1470 1468
f 1095 1098 1471
f 1471 1098 1101
f 1076 1374 1120
f 1120 1374 1376
f 1110 1472 1127
f 1127 1472 1132
f 1472 1473 1132
f 1132 1473 1129
f 1474 1475 1466
f 1466 1475 1473
f 1119 1118 1116
f 1116 1118 1113
f 1375 1121 1376
f 1376 1121 1120
f 1127 1132 1128
f 1128 1132 1131
f 1227 1476 1228
f 1228 1476 1361
f 1365 1477 1362
f 1362 1477 872
f 1478 1479 1323
f 1323 1479 1230
f 1480 1481 914
f 914 1481 915
f 913 1277 914
f 914 1277 1276
f 1168 1034 1022
f 1022 1034 1023
f 1035 1036 1024
f 1024 1036 1025
f 1039 1041 1170
f 1170 1041 1027
f 1042 1148 1028
f 1028 1148 1146
f 968 1459 969
f 969 1459 1458
f 1482 1483 664
f 664 1483 665
f 1485 1486 1484
f 1484 1486 1487
f 1489 1490 1488
f 1488 1490 1491
f 1492 1493 722
f 722 1493 634
f 1495 1496 1494
f 1494 1496 1497
f 1498 1207 1339
f 1339 1207 863
f 1224 1499 1165
f 1165 1499 1166
f 1160 1163 1500
f 1500 1163 1275
f 1500 877 1160
f 1160 877 1501
f 876 873 1502
f 1502 873 1479
f 945 1264 851
f 851 1264 1229
f 835 1231 839
f 839 1231 871
f 1503 1283 778
f 778 1283 1282
f 716 715 1505
f 1505 715 1504
f 1446 1445 1507
f 1507 1445 1506
f 779 792 1381
f 1381 792 791
f 1430 1409 1341
f 1341 1409 1342
f 1411 1429 1508
f 1508 1429 1417
f 635 1510 1509
f 1509 1510 1511
f 1377 1380 1315
f 1315 1380 1316
f 1445 1400 1506
f 1506 1400 1408
f 918 917 1336
f 1336 917 1333
f 1513 1514 1512
f 1512 1514 870
f 1515 1516 1363
f 1363 1516 1364
f 1453 1517 881
f 881 1517 1276
f 992 1518 993
f 993 1518 1519
f 1520 1029 1518
f 1518 1029 955
f 1520 1026 1521
f 1521 1026 1040
f 1522 1015 1521
f 1521 1015 1043
f 996 1523 997
f 997 1523 1522
f 1060 1016 1524
f 1524 1016 1523
f 1061 1525 1062
f 1062 1525 1524
f 1079 1527 1526
f 1526 1527 1528
f 1093 1529 1094
f 1094 1529 1528
f 1111 1530 1112
f 1112 1530 1531
f 1532 1533 1105
f 1105 1533 1123
f 934 937 1139
f 1139 937 1140
f 1138 1363 1139
f 1139 1363 1362
f 1534 1222 1355
f 1355 1222 1278
f 1535 1223 1534
f 1534 1223 1222
f 821 587 1238
f 1238 587 586
f 1319 711 1317
f 1317 711 1536
f 1538 1200 1537
f 1537 1200 1199
f 1508 1417 1539
f 1539 1417 1416
f 1540 1541 840
f 840 1541 837
f 1231 898 871
f 871 898 901
f 1500 1275 1367
f 1367 1275 912
f 1543 1379 1542
f 1542 1379 1395
f 1539 772 1508
f 1508 772 1544
f 1546 1403 1545
f 1545 1403 1402
f 1548 1549 1547
f 1547 1549 1550
f 1552 1548 1551
f 1551 1548 1547
f 1554 1555 1553
f 1553 1555 1556
f 1558 1559 1557
f 1557 1559 1560
f 1562 1563 1561
f 1561 1563 1564
f 1566 1567 1565
f 1565 1567 1568
f 1570 1571 1569
f 1569 1571 1572
f 1574 1575 1573
f 1573 1575 1576
f 1577 1578 1572
f 1572 1578 1569
f 1580 1581 1579
f 1579 1581 1582
f 1584 1585 1583
f 1583 1585 1586
f 1588 1555 1587
f 1587 1555 1589
f 1591 1592 1590
f 1590 1592 1593
f 1595 1596 1594
f 1594 1596 1597
f 1596 1581 1597
f 1597 1581 1576
f 1599 1570 1598
f 1598 1570 1569
f 1601 1602 1600
f 1600 1602 1603
f 1605 1606 1604
f 1604 1606 1607
f 1608 1609 1568
f 1568 1609 1565
f 1611 1612 1610
f 1610 1612 1613
f 1615 1616 1614
f 1614 1616 1617
f 1619 1617 1618
f 1618 1617 1616
f 1621 1622 1620
f 1620 1622 1623
f 1625 1626 1624
f 1624 1626 1627
f 1629 1630 1628
f 1628 1630 1631
f 1633 1634 1632
f 1632 1634 1635
f 1636 1637 1639
f 1639 1637 1638
f 1641 1642 1640
f 1640 1642 1643
f 1624 1627 1644
f 1644 1627 1645
f 1647 1648 1646
f 1646 1648 1649
f 1651 1652 1650
f 1650 1652 1653
f 1655 1656 1654
f 1654 1656 1657
f 1659 1660 1658
f 1658 1660 1661
f 1662 1663 1631
f 1631 1663 1628
f 1651 1665 1664
f 1664 1665 1666
f 1667 1656 1619
f 1619 1656 1617
f 1669 1670 1668
f 1668 1670 1671
f 1632 1635 1672
f 1672 1635 1673
f 1674 1675 1638
f 1638 1675 1639
f 1677 1678 1676
f 1676 1678 1679
f 1680 1640 1681
f 1681 1640 1643
f 1682 1683 1643
f 1643 1683 1681
f 1670 1669 1235
f 1235 1669 1232
f 1396 1399 1674
f 1674 1399 1675
f 627 630 1679
f 1679 630 1676
f 1681 1315 1680
f 1680 1315 1311
f 1683 1377 1681
f 1681 1377 1315
f 1672 1673 1387
f 1387 1673 1385
f 1636 1684 1646
f 1646 1684 1685
f 1687 1688 1686
f 1686 1688 1689
f 1585 1690 1586
f 1586 1690 1691
f 1599 1692 1551
f 1551 1692 1693
f 1552 1558 1694
f 1694 1558 1557
f 1696 1615 1695
f 1695 1615 1614
f 1698 1699 1697
f 1697 1699 1623
f 1700 1701 1703
f 1703 1701 1702
f 1705 1706 1704
f 1704 1706 1707
f 1708 1709 1640
f 1640 1709 1641
f 1710 1711 1713
f 1713 1711 1712
f 1652 1655 1653
f 1653 1655 1654
f 1714 1699 1712
f 1712 1699 1713
f 1715 1710 1716
f 1716 1710 1713
f 1717 1708 1680
f 1680 1708 1640
f 1393 1392 1715
f 1715 1392 1710
f 1719 1720 1718
f 1718 1720 1721
f 1680 1311 1717
f 1717 1311 789
f 1378 1711 1392
f 1392 1711 1710
f 1388 1391 1719
f 1719 1391 1720
f 1723 1606 1722
f 1722 1606 1689
f 1725 1568 1724
f 1724 1568 1567
f 1726 1647 1685
f 1685 1647 1646
f 1728 1554 1727
f 1727 1554 1553
f 1591 1687 1600
f 1600 1687 1686
f 1730 1595 1729
f 1729 1595 1594
f 1601 1605 1731
f 1731 1605 1604
f 1733 1663 1732
f 1732 1663 1734
f 1736 1639 1735
f 1735 1639 1675
f 1658 1644 1737
f 1737 1644 1645
f 1726 1662 1724
f 1724 1662 1631
f 1399 1738 1675
f 1675 1738 1735
f 1621 1667 1739
f 1739 1667 1619
f 1714 1740 1620
f 1620 1740 1741
f 1592 1549 1593
f 1593 1549 1742
f 1602 1571 1603
f 1603 1571 1550
f 1688 1690 1689
f 1689 1690 1722
f 1588 1559 1582
f 1582 1559 1579
f 1673 1735 1385
f 1385 1735 1738
f 1387 1232 1672
f 1672 1232 1669
f 1580 1692 1573
f 1573 1692 1743
f 1377 1683 1378
f 1378 1683 1711
f 1664 1666 1744
f 1744 1666 1745
f 1744 1696 1664
f 1664 1696 1695
f 1746 1747 1732
f 1732 1747 1748
f 1749 1750 1677
f 1677 1750 1678
f 1709 1708 1750
f 1750 1708 1678
f 1668 1632 1669
f 1669 1632 1672
f 1633 1746 1734
f 1734 1746 1732
f 1679 1678 1717
f 1717 1678 1708
f 789 627 1717
f 1717 627 1679
f 1563 1723 1564
f 1564 1723 1722
f 1728 1584 1751
f 1751 1584 1583
f 1674 1676 1396
f 1396 1676 630
f 1666 1566 1745
f 1745 1566 1565
f 1627 1629 1645
f 1645 1629 1628
f 1637 1749 1638
f 1638 1749 1677
f 1648 1665 1649
f 1649 1665 1752
f 1740 1642 1741
f 1741 1642 1657
f 1676 1674 1677
f 1677 1674 1638
f 1683 1682 1711
f 1711 1682 1712
f 1618 1753 1619
f 1619 1753 1739
f 1701 1739 1702
f 1702 1739 1753
f 1754 1214 1756
f 1756 1214 1755
f 647 1757 619
f 619 1757 941
f 1759 1193 1758
f 1758 1193 691
f 1419 1760 1420
f 1420 1760 1761
f 682 1762 683
f 683 1762 1763
f 1412 780 1413
f 1413 780 1384
f 1383 1398 1384
f 1384 1398 1413
f 1197 1424 1764
f 1764 1424 1423
f 1537 1287 1538
f 1538 1287 1286
f 1634 1684 1635
f 1635 1684 1736
f 1724 1631 1725
f 1725 1631 1630
f 1562 1730 1610
f 1610 1730 1729
f 1735 1673 1736
f 1736 1673 1635
f 1757 1195 941
f 941 1195 1194
f 1766 200 1765
f 1765 200 199
f 475 500 476
f 476 500 479
f 498 558 483
f 483 558 487
f 545 551 546
f 546 551 550
f 453 1281 219
f 219 1281 1314
f 298 453 208
f 208 453 219
f 368 1765 1767
f 1767 1765 199
f 523 405 363
f 363 405 404
f 523 533 405
f 405 533 402
f 298 208 299
f 299 208 207
f 299 207 176
f 176 207 300
f 176 300 173
f 173 300 202
f 173 202 174
f 174 202 201
f 1337 918 1768
f 1768 918 1336
f 1769 1770 1338
f 1338 1770 859
f 581 570 578
f 578 570 1771
f 555 562 580
f 580 562 561
f 504 1772 501
f 501 1772 548
f 517 542 584
f 584 542 543
f 515 514 516
f 516 514 544
f 542 517 544
f 544 517 516
f 561 575 580
f 580 575 581
f 575 569 581
f 581 569 570
f 501 548 1773
f 1773 548 547
f 1774 1775 570
f 570 1775 1771
f 369 368 1776
f 1776 368 1767
f 372 369 375
f 375 369 1776
f 822 1280 1308
f 1308 1280 1320
f 820 1281 822
f 822 1281 1280
f 818 1314 820
f 820 1314 1281
f 1314 818 1313
f 1313 818 804
f 807 814 825
f 825 814 826
f 814 813 826
f 826 813 827
f 813 1220 827
f 827 1220 828
f 580 579 555
f 555 579 547
f 1477 1540 872
f 872 1540 840
f 367 499 368
f 368 499 1765
f 1766 1765 525
f 525 1765 499
f 1777 1766 526
f 526 1766 525
f 520 527 362
f 362 527 384
f 361 1778 519
f 519 1778 528
f 371 1779 372
f 372 1779 369
f 369 1779 370
f 370 1779 478
f 1779 371 478
f 478 371 374
f 1778 1777 528
f 528 1777 526
f 1781 1782 1780
f 1780 1782 1783
f 431 460 67
f 67 460 64
f 68 338 74
f 74 338 72
f 1785 1782 1784
f 1784 1782 1786
f 1787 1788 1790
f 1790 1788 1789
f 1792 1789 1791
f 1791 1789 1793
f 1791 1794 1792
f 1792 1794 1795
f 1794 1796 1795
f 1795 1796 1797
f 1797 1798 938
f 938 1798 868
f 1798 1799 868
f 868 1799 869
f 1801 1802 1800
f 1800 1802 1451
f 1803 1804 1205
f 1205 1804 1206
f 1805 1806 864
f 864 1806 865
f 1806 1807 865
f 865 1807 1808
f 68 71 338
f 287 328 288
f 1320 1321 1308
f 1308 1321 1309
f 1320 441 1321
f 1321 441 217
f 441 152 217
f 217 152 218
f 151 286 152
f 152 286 218
f 297 310 151
f 151 310 286
f 296 307 297
f 297 307 310
f 296 143 307
f 307 143 284
f 143 56 284
f 284 56 104
f 56 59 104
f 104 59 63
f 59 102 63
f 63 102 60
f 102 94 60
f 60 94 282
f 93 459 279
f 279 459 77
f 459 460 77
f 77 460 78
f 460 431 78
f 78 431 295
f 431 49 295
f 295 49 292
f 48 421 49
f 49 421 292
f 276 278 418
f 418 278 429
f 317 432 278
f 278 432 429
f 432 317 433
f 433 317 316
f 326 324 316
f 316 324 433
f 1536 592 1809
f 1809 592 591
f 1810 744 1812
f 1812 744 1811
f 1814 1815 1813
f 1813 1815 1816
f 1817 748 1818
f 1818 748 747
f 1812 1819 1810
f 1810 1819 1817
f 1820 1821 748
f 748 1821 749
f 1823 1824 1822
f 1822 1824 1825
f 1827 1828 1826
f 1826 1828 1829
f 1831 1832 1830
f 1830 1832 1833
f 1834 1827 1243
f 1243 1827 1826
f 1313 804 825
f 825 804 807
f 1835 1253 1236
f 1236 1253 1237
f 1836 1837 1438
f 1438 1837 1435
f 1838 1505 1840
f 1840 1505 1839
f 1841 1842 716
f 716 1842 713
f 1843 1844 1510
f 1510 1844 1845
f 1847 1848 1846
f 1846 1848 1849
f 1850 1240 1822
f 1822 1240 1239
f 636 1831 637
f 637 1831 1830
f 1852 1853 1851
f 1851 1853 1854
f 1855 1856 1858
f 1858 1856 1857
f 1846 1849 1859
f 1859 1849 1860
f 1343 1401 1509
f 1509 1401 1861
f 1509 1861 635
f 635 1861 636
f 1863 1864 1862
f 1862 1864 1865
f 1283 1503 1867
f 1867 1503 1866
f 1868 1867 681
f 681 1867 682
f 1286 1285 683
f 683 1285 684
f 757 756 1274
f 1274 756 1869
f 1274 1869 717
f 717 1869 718
f 1434 1433 719
f 719 1433 720
f 1200 1538 1545
f 1545 1538 1763
f 1285 1289 684
f 684 1289 1273
f 684 1273 681
f 681 1273 1272
f 785 1283 1868
f 1868 1283 1867
f 786 785 1870
f 1870 785 1868
f 1289 757 1273
f 1273 757 1274
f 1539 1416 1871
f 1871 1416 1872
f 773 1871 1403
f 1403 1871 1404
f 675 674 1405
f 1405 674 1402
f 1864 1873 1865
f 1865 1873 1874
f 638 1843 635
f 635 1843 1510
f 1344 1343 1511
f 1511 1343 1509
f 772 1539 773
f 773 1539 1871
f 674 1200 1402
f 1402 1200 1545
f 1538 1286 1763
f 1763 1286 683
f 1444 1443 1875
f 1875 1443 1876
f 1875 1876 1831
f 1831 1876 1832
f 1416 1344 1872
f 1872 1344 1511
f 1877 1878 774
f 774 1878 1879
f 1878 1847 1879
f 1879 1847 1846
f 1880 714 1881
f 1881 714 1848
f 1401 1444 1861
f 1861 1444 1875
f 1861 1875 636
f 636 1875 1831
f 1823 1863 1882
f 1882 1863 1862
f 1441 1440 1884
f 1884 1440 1883
f 1883 1852 1884
f 1884 1852 1851
f 1886 1887 1885
f 1885 1887 1888
f 1358 1889 1359
f 1359 1889 1890
f 1891 1886 1892
f 1892 1886 1885
f 774 1879 775
f 775 1879 1893
f 1859 1893 1846
f 1846 1893 1879
f 713 1842 1849
f 1849 1842 1860
f 1318 1895 1894
f 1894 1895 1896
f 1873 1897 1874
f 1874 1897 1898
f 1898 605 1899
f 1899 605 675
f 1405 1844 675
f 675 1844 1899
f 1404 1845 1405
f 1405 1845 1844
f 593 1296 591
f 591 1296 1809
f 1295 1292 1900
f 1900 1292 1895
f 606 1897 1291
f 1291 1897 1896
f 1510 1845 1511
f 1511 1845 1872
f 1871 1872 1404
f 1404 1872 1845
f 1866 770 1762
f 1762 770 1546
f 1762 682 1866
f 1866 682 1867
f 1870 1868 1272
f 1272 1868 681
f 1272 717 1870
f 1870 717 720
f 1870 720 786
f 786 720 1433
f 786 1433 787
f 787 1433 1432
f 1261 1414 1432
f 1432 1414 787
f 1389 1234 1260
f 1260 1234 1415
f 1719 1670 1388
f 1388 1670 1235
f 1718 1671 1719
f 1719 1671 1670
f 1705 1747 1718
f 1718 1747 1671
f 1659 1901 1704
f 1704 1901 1748
f 1877 1903 1902
f 1902 1903 1904
f 1259 1905 1390
f 1390 1905 1394
f 1715 1720 1393
f 1393 1720 1391
f 1716 1721 1715
f 1715 1721 1720
f 1698 1706 1716
f 1716 1706 1721
f 277 276 47
f 47 276 48
f 84 96 81
f 81 96 82
f 80 70 81
f 81 70 85
f 99 97 88
f 88 97 89
f 90 100 88
f 88 100 99
f 101 95 102
f 102 95 94
f 1906 1907 280
f 280 1907 281
f 97 86 89
f 89 86 85
f 60 282 61
f 61 282 281
f 83 82 46
f 46 82 47
f 293 292 420
f 420 292 421
f 419 1908 420
f 420 1908 1909
f 92 95 91
f 91 95 90
f 279 282 93
f 93 282 94
f 276 418 48
f 48 418 421
f 1910 1660 1697
f 1697 1660 1707
f 1703 1624 1700
f 1700 1624 1644
f 1622 1910 1623
f 1623 1910 1697
f 1701 1700 1911
f 1911 1700 1661
f 1700 1644 1661
f 1661 1644 1658
f 1901 1737 1733
f 1733 1737 1645
f 1625 1912 1604
f 1604 1912 1731
f 1912 1913 1731
f 1731 1913 1914
f 1913 1577 1914
f 1914 1577 1572
f 1915 1578 1616
f 1616 1578 1618
f 1915 1916 1598
f 1598 1916 1743
f 1916 1574 1743
f 1743 1574 1573
f 1575 1917 1576
f 1576 1917 1597
f 1917 1609 1597
f 1597 1609 1594
f 1608 1611 1729
f 1729 1611 1610
f 1918 1612 1629
f 1629 1612 1630
f 1626 1918 1627
f 1627 1918 1629
f 1920 1921 1919
f 1919 1921 1922
f 1920 1924 1923
f 1923 1924 1925
f 1926 1927 1924
f 1924 1927 1925
f 1929 1930 1928
f 1928 1930 1931
f 1932 1933 1935
f 1935 1933 1934
f 1937 1938 1936
f 1936 1938 1939
f 1941 1942 1940
f 1940 1942 1943
f 1941 1945 1944
f 1944 1945 1946
f 1947 1948 1694
f 1694 1948 1949
f 1950 1951 1953
f 1953 1951 1952
f 1955 1956 1954
f 1954 1956 1589
f 1958 1956 1957
f 1957 1956 1932
f 1960 1934 1959
f 1959 1934 1933
f 1962 1963 1961
f 1961 1963 1964
f 1965 1955 1751
f 1751 1955 1954
f 1935 1930 1932
f 1932 1930 1957
f 1951 1950 1926
f 1926 1950 1929
f 1966 1967 1593
f 1593 1967 1590
f 1969 1967 1968
f 1968 1967 1964
f 1962 1921 1970
f 1970 1921 1971
f 1963 1945 1964
f 1964 1945 1968
f 1972 1948 1922
f 1922 1948 1919
f 1966 1972 1961
f 1961 1972 1922
f 1958 1953 1587
f 1587 1953 1560
f 1974 1975 1973
f 1973 1975 1976
f 1978 1979 1977
f 1977 1979 1691
f 1979 1975 1691
f 1691 1975 1586
f 1938 1942 1939
f 1939 1942 1980
f 1952 1947 1557
f 1557 1947 1694
f 1969 1978 1981
f 1981 1978 1977
f 1983 1984 1982
f 1982 1984 1985
f 1986 1987 1989
f 1989 1987 1988
f 1990 1991 1983
f 1983 1991 1984
f 1990 1993 1992
f 1992 1993 1994
f 1995 1996 1994
f 1994 1996 1997
f 1999 2000 1998
f 1998 2000 2001
f 2003 2004 2002
f 2002 2004 2005
f 2007 2008 2006
f 2006 2008 2009
f 2011 2012 2010
f 2010 2012 2013
f 2014 2015 2017
f 2017 2015 2016
f 2018 2019 2021
f 2021 2019 2020
f 2022 1989 2024
f 2024 1989 2023
f 1989 1988 2023
f 2023 1988 2025
f 2026 2027 2017
f 2017 2027 2014
f 2029 2030 2028
f 2028 2030 2031
f 2033 2034 2032
f 2032 2034 2035
f 2032 2035 2036
f 2036 2035 2037
f 2039 2040 2038
f 2038 2040 2041
f 1982 2042 1983
f 1983 2042 2043
f 2045 2046 2044
f 2044 2046 2047
f 2049 2050 2048
f 2048 2050 2051
f 2053 2054 2052
f 2052 2054 2055
f 2057 2058 2056
f 2056 2058 2059
f 2060 2061 2033
f 2033 2061 2034
f 2063 2064 2062
f 2062 2064 2065
f 2066 2035 2067
f 2067 2035 2034
f 2069 2039 2068
f 2068 2039 2038
f 2025 2070 2023
f 2023 2070 2071
f 2072 2024 2071
f 2071 2024 2023
f 2074 2020 2073
f 2073 2020 2019
f 2050 2049 2047
f 2047 2049 2075
f 1983 2043 1990
f 1990 2043 1993
f 2006 2050 2007
f 2007 2050 2076
f 2050 2006 2051
f 2051 2006 2077
f 2079 2080 2078
f 2078 2080 2081
f 2082 2083 2085
f 2085 2083 2084
f 2010 2013 2086
f 2086 2013 2087
f 2089 2033 2088
f 2088 2033 2032
f 2090 2060 2089
f 2089 2060 2033
f 2092 2093 2091
f 2091 2093 2094
f 2096 1986 2095
f 2095 1986 2097
f 2097 1986 2022
f 2022 1986 1989
f 2015 2094 2016
f 2016 2094 2098
f 2016 2098 2100
f 2100 2098 2099
f 2017 2016 2101
f 2101 2016 2100
f 2017 2101 2026
f 2026 2101 2102
f 2100 2099 2104
f 2104 2099 2103
f 2104 2105 2100
f 2100 2105 2101
f 2105 2106 2101
f 2101 2106 2102
f 2108 2061 2107
f 2107 2061 2109
f 2111 2112 2110
f 2110 2112 2020
f 2020 2074 2110
f 2110 2074 2113
f 2115 2116 2114
f 2114 2116 2117
f 2118 2119 1995
f 1995 2119 2120
f 2121 2122 2027
f 2027 2122 2014
f 2047 2075 2044
f 2044 2075 2123
f 2124 2125 2127
f 2127 2125 2126
f 2129 2130 2128
f 2128 2130 2131
f 2132 2133 2057
f 2057 2133 2058
f 2134 1999 2136
f 2136 1999 2135
f 2055 2138 2137
f 2137 2138 2139
f 2141 2142 2140
f 2140 2142 2143
f 2083 2082 2064
f 2064 2082 2065
f 2082 2144 2065
f 2065 2144 2145
f 2040 2146 2041
f 2041 2146 2147
f 2060 2090 2148
f 2148 2090 2149
f 2048 2051 2137
f 2137 2051 2150
f 2151 1997 2135
f 2135 1997 1996
f 2152 2150 2077
f 2077 2150 2051
f 2046 2045 2118
f 2118 2045 2119
f 2154 2155 2153
f 2153 2155 2156
f 2158 2159 2157
f 2157 2159 2160
f 2162 2163 2161
f 2161 2163 2164
f 2164 2163 2165
f 2165 2163 2166
f 2168 2169 2167
f 2167 2169 2170
f 2003 2172 2171
f 2171 2172 2173
f 2174 2175 2002
f 2002 2175 2176
f 2145 2177 2065
f 2065 2177 2062
f 2178 2179 2180
f 2180 2179 2134
f 2181 2052 2152
f 2152 2052 2150
f 2040 2127 2146
f 2146 2127 2182
f 2130 2162 2131
f 2131 2162 2161
f 2052 2055 2150
f 2150 2055 2137
f 2184 2185 2183
f 2183 2185 2186
f 2159 2030 2160
f 2160 2030 2187
f 2146 2182 2029
f 2029 2182 2188
f 2189 2190 2192
f 2192 2190 2191
f 2172 2003 2176
f 2176 2003 2002
f 1998 2151 1999
f 1999 2151 2135
f 2177 2172 2062
f 2062 2172 2176
f 2172 2177 2173
f 2173 2177 2193
f 2063 2194 2064
f 2064 2194 2195
f 2066 2197 2196
f 2196 2197 2198
f 2002 2005 2174
f 2174 2005 2199
f 2004 2003 2200
f 2200 2003 2171
f 2198 2201 2171
f 2171 2201 2200
f 2197 2202 2198
f 2198 2202 2201
f 2202 2197 2203
f 2203 2197 2204
f 2196 2198 2173
f 2173 2198 2171
f 2205 2069 2170
f 2170 2069 2206
f 2197 2066 2204
f 2204 2066 2067
f 2107 2207 2108
f 2108 2207 2208
f 2210 2208 2209
f 2209 2208 2207
f 2185 2211 2212
f 2213 2214 2211
f 2211 2214 2212
f 1998 2001 2213
f 2213 2001 2214
f 2134 2215 1999
f 1999 2215 2000
f 2216 2217 2219
f 2219 2217 2218
f 2206 2220 2170
f 2170 2220 2167
f 2069 2068 2206
f 2206 2068 2221
f 2151 1998 2222
f 2222 1998 2213
f 2124 2039 2205
f 2205 2039 2069
f 2142 2223 2143
f 2143 2223 2128
f 2203 2186 2202
f 2202 2186 2185
f 2185 2184 2211
f 2211 2184 2224
f 2224 2225 2222
f 2222 2225 2226
f 2071 2227 2072
f 2072 2227 2228
f 2229 2074 2230
f 2230 2074 2073
f 2074 2229 2113
f 2113 2229 2231
f 2232 2225 2227
f 2227 2225 2224
f 2233 2234 2031
f 2031 2234 2028
f 2236 2231 2235
f 2235 2231 2229
f 2230 2183 2229
f 2229 2183 2235
f 2237 1987 2096
f 2096 1987 1986
f 2152 2238 2181
f 2181 2238 2239
f 2080 2240 2081
f 2081 2240 2241
f 2236 2242 1971
f 1971 2242 1970
f 1925 2113 1923
f 1923 2113 2231
f 2110 1927 2111
f 2111 1927 1928
f 2103 2111 1931
f 1931 2111 1928
f 1931 2243 2103
f 2103 2243 2104
f 2105 2104 2244
f 2244 2104 2243
f 1939 1980 2148
f 2148 1980 2109
f 1980 1944 2109
f 2109 1944 2107
f 1946 2245 2207
f 2207 2245 2209
f 2245 1970 2209
f 2209 1970 2242
f 2231 2236 1923
f 1923 2236 1971
f 2113 1925 2110
f 2110 1925 1927
f 2234 2246 2028
f 2028 2246 2147
f 2247 2248 2058
f 2058 2248 2059
f 2114 2117 2249
f 2249 2117 2250
f 2252 2253 2251
f 2251 2253 2254
f 2094 2015 2091
f 2091 2015 2255
f 2256 2255 2014
f 2014 2255 2015
f 2257 2145 2258
f 2258 2145 2144
f 2131 2161 2123
f 2123 2161 2044
f 2045 2044 2164
f 2164 2044 2161
f 2045 2164 2119
f 2119 2164 2165
f 2259 2120 2165
f 2165 2120 2119
f 2260 2261 2259
f 2259 2261 2120
f 2205 2262 2124
f 2124 2262 2125
f 2180 2263 2178
f 2178 2263 2264
f 2265 2266 2092
f 2092 2266 2093
f 1992 2267 2268
f 2184 2228 2224
f 2224 2228 2227
f 2048 2269 2049
f 2049 2269 2141
f 2129 2168 2157
f 2157 2168 2167
f 2049 2141 2075
f 2075 2141 2140
f 2199 2215 2270
f 2270 2215 2271
f 2142 2141 2272
f 2272 2141 2269
f 2089 2026 2090
f 2090 2026 2102
f 2146 2029 2147
f 2147 2029 2028
f 2111 2103 2112
f 2112 2103 2099
f 2061 2060 2109
f 2109 2060 2148
f 2273 2274 2041
f 2041 2274 2038
f 2260 2275 2261
f 2261 2275 2136
f 2057 2138 2132
f 2132 2138 2276
f 2272 2269 2056
f 2056 2269 2139
f 2277 2278 2270
f 2270 2278 2199
f 2029 2188 2030
f 2030 2188 2187
f 2040 2039 2127
f 2127 2039 2124
f 2064 2195 2083
f 2083 2195 2279
f 2056 2139 2057
f 2057 2139 2138
f 2278 2277 2247
f 2247 2277 2248
f 2062 2176 2063
f 2063 2176 2175
f 2280 2210 2242
f 2242 2210 2209
f 2282 2233 2281
f 2281 2233 2031
f 2216 2219 2283
f 2283 2219 2221
f 2158 2220 2218
f 2218 2220 2219
f 2217 2282 2218
f 2218 2282 2281
f 2220 2158 2167
f 2167 2158 2157
f 2223 2264 2128
f 2128 2264 2263
f 2261 1996 2120
f 2120 1996 1995
f 2213 2211 2222
f 2222 2211 2224
f 2283 2221 2284
f 2284 2221 2068
f 2135 1996 2136
f 2136 1996 2261
f 2144 2081 2258
f 2258 2081 2241
f 2235 2280 2236
f 2236 2280 2242
f 2246 2273 2147
f 2147 2273 2041
f 2036 2285 2032
f 2032 2285 2088
f 2077 2286 2152
f 2152 2286 2238
f 1937 1960 1973
f 1973 1960 1959
f 2070 2232 2071
f 2071 2232 2227
f 2244 2287 2105
f 2105 2287 2106
f 1936 1939 2149
f 2149 1939 2148
f 1944 1946 2107
f 2107 1946 2207
f 2285 2121 2088
f 2088 2121 2027
f 2253 2249 2254
f 2254 2249 2250
f 2006 2009 2077
f 2077 2009 2286
f 2289 2086 2288
f 2288 2086 2087
f 2223 2142 2290
f 2290 2142 2272
f 2128 2131 2143
f 2143 2131 2123
f 2156 2291 2153
f 2153 2291 2175
f 2292 2293 2278
f 2278 2293 2294
f 2075 2140 2123
f 2123 2140 2143
f 2262 2169 2275
f 2275 2169 2180
f 2275 2180 2136
f 2136 2180 2134
f 2274 2284 2038
f 2038 2284 2068
f 2127 2126 2182
f 2182 2126 2166
f 2094 2093 2098
f 2098 2093 2021
f 2098 2021 2099
f 2099 2021 2112
f 2018 2021 2266
f 2266 2021 2093
f 2251 2289 2252
f 2252 2289 2288
f 1997 2151 2226
f 2226 2151 2222
f 2206 2221 2220
f 2220 2221 2219
f 2269 2048 2139
f 2139 2048 2137
f 2159 2158 2281
f 2281 2158 2218
f 2156 2155 2190
f 2190 2155 2191
f 1974 1965 1583
f 1583 1965 1751
f 2088 2027 2089
f 2089 2027 2026
f 2030 2159 2031
f 2031 2159 2281
f 2106 2149 2102
f 2102 2149 2090
f 2287 1936 2106
f 2106 1936 2149
f 2293 2154 2294
f 2294 2154 2153
f 2021 2020 2112
f 2247 2295 2278
f 2278 2295 2292
f 2284 2296 2283
f 2283 2296 2297
f 2298 2296 2274
f 2274 2296 2284
f 2273 2299 2274
f 2274 2299 2298
f 2246 2300 2273
f 2273 2300 2299
f 2283 2297 2216
f 2216 2297 2301
f 2216 2301 2217
f 2217 2301 2302
f 2302 2303 2217
f 2217 2303 2282
f 2304 2301 2305
f 2305 2301 2297
f 2307 2308 2306
f 2306 2308 2309
f 2306 2310 2307
f 2307 2310 2311
f 2307 2312 2308
f 2308 2312 2313
f 2314 2315 2312
f 2312 2315 2316
f 2316 2317 2312
f 2312 2317 2313
f 2317 2305 2313
f 2313 2305 2318
f 2314 2312 2311
f 2311 2312 2307
f 2319 2320 2322
f 2322 2320 2321
f 2322 2311 2319
f 2319 2311 2310
f 2313 2318 2308
f 2308 2318 2309
f 2296 2298 2318
f 2318 2298 2309
f 2309 2298 2323
f 2323 2298 2299
f 2306 2309 2324
f 2324 2309 2323
f 2310 2306 2325
f 2325 2306 2324
f 2296 2318 2297
f 2297 2318 2305
f 2319 2310 2326
f 2326 2310 2325
f 2328 2325 2327
f 2327 2325 2324
f 2325 2328 2326
f 2326 2328 2329
f 2331 2328 2330
f 2330 2328 2327
f 2332 2333 2327
f 2327 2333 2330
f 2328 2331 2329
f 2329 2331 2334
f 2324 2323 2327
f 2327 2323 2332
f 2300 2332 2299
f 2299 2332 2323
f 2326 2335 2319
f 2319 2335 2320
f 2305 2317 2336
f 2336 2317 2316
f 2336 2316 2337
f 2337 2316 2315
f 2338 2304 2336
f 2336 2304 2305
f 2337 2339 2336
f 2336 2339 2338
f 2337 2315 2341
f 2341 2315 2340
f 2342 2300 2234
f 2234 2300 2246
f 2303 2343 2282
f 2282 2343 2233
f 2234 2233 2342
f 2342 2233 2343
f 2342 2343 2333
f 2333 2343 2344
f 2333 2344 2330
f 2330 2344 2345
f 2346 2344 2303
f 2303 2344 2343
f 2332 2300 2333
f 2333 2300 2342
f 2347 2346 2302
f 2302 2346 2303
f 2301 2304 2302
f 2302 2304 2347
f 2304 2338 2347
f 2347 2338 2348
f 2348 2349 2347
f 2347 2349 2346
f 2350 2351 2348
f 2348 2351 2349
f 2349 2345 2346
f 2346 2345 2344
f 2345 2349 2352
f 2352 2349 2351
f 2338 2339 2348
f 2348 2339 2350
f 2350 2339 2353
f 2353 2339 2354
f 2356 2357 2355
f 2355 2357 2353
f 2351 2350 2357
f 2357 2350 2353
f 2353 2354 2355
f 2355 2354 2335
f 2320 2335 2341
f 2341 2335 2354
f 2339 2337 2354
f 2354 2337 2341
f 2352 2331 2345
f 2345 2331 2330
f 2356 2334 2352
f 2352 2334 2331
f 2356 2352 2357
f 2357 2352 2351
f 2355 2329 2356
f 2356 2329 2334
f 2335 2326 2355
f 2355 2326 2329
f 2321 2314 2322
f 2322 2314 2311
f 2321 2320 2340
f 2340 2320 2341
f 2315 2314 2340
f 2340 2314 2321
f 2125 2260 2126
f 2126 2260 2259
f 2157 2160 2129
f 2129 2160 2130
f 2188 2163 2187
f 2187 2163 2162
f 2182 2166 2188
f 2188 2166 2163
f 2180 2169 2263
f 2263 2169 2168
f 2160 2187 2130
f 2130 2187 2162
f 2275 2260 2262
f 2262 2260 2125
f 2128 2263 2129
f 2129 2263 2168
f 2262 2205 2169
f 2169 2205 2170
f 2165 2166 2259
f 2259 2166 2126
f 2359 2360 2358
f 2358 2360 2361
f 2363 2364 2362
f 2362 2364 2365
f 2367 2363 2366
f 2366 2363 2362
f 2368 2369 2371
f 2371 2369 2370
f 2372 2373 2248
f 2248 2373 2059
f 2364 2374 2365
f 2365 2374 2375
f 2377 2378 2376
f 2376 2378 2379
f 2290 2380 2223
f 2223 2380 2381
f 2223 2381 2264
f 2264 2381 2382
f 2384 2385 2383
f 2383 2385 2386
f 2364 2371 2374
f 2374 2371 2387
f 2059 2373 2290
f 2290 2373 2380
f 2378 2360 2379
f 2379 2360 2388
f 2374 2387 2359
f 2359 2387 2389
f 2390 2367 2386
f 2386 2367 2391
f 2393 2394 2392
f 2392 2394 2395
f 2386 2391 2383
f 2383 2391 2396
f 2367 2366 2391
f 2391 2366 2397
f 2363 2367 2368
f 2368 2367 2390
f 2398 2399 2361
f 2361 2399 2358
f 2399 2400 2358
f 2358 2400 2375
f 2390 2401 2368
f 2368 2401 2369
f 2372 2384 2376
f 2376 2384 2383
f 2374 2359 2375
f 2375 2359 2358
f 2402 2403 2365
f 2365 2403 2362
f 2359 2389 2360
f 2360 2389 2388
f 2364 2363 2371
f 2371 2363 2368
f 2405 2398 2404
f 2404 2398 2361
f 2392 2395 2406
f 2406 2395 2397
f 2377 2396 2394
f 2394 2396 2395
f 2394 2393 2404
f 2404 2393 2405
f 2396 2377 2383
f 2383 2377 2376
f 2406 2397 2407
f 2407 2397 2366
f 2400 2402 2375
f 2375 2402 2365
f 2385 2270 2401
f 2401 2270 2271
f 2403 2407 2362
f 2362 2407 2366
f 2371 2370 2387
f 2387 2370 2382
f 2391 2397 2396
f 2396 2397 2395
f 2378 2377 2404
f 2404 2377 2394
f 2360 2378 2361
f 2361 2378 2404
f 2407 2408 2406
f 2406 2408 2409
f 2410 2408 2403
f 2403 2408 2407
f 2411 2410 2402
f 2402 2410 2403
f 2412 2411 2400
f 2400 2411 2402
f 2406 2409 2392
f 2392 2409 2413
f 2392 2413 2393
f 2393 2413 2414
f 2415 2405 2414
f 2414 2405 2393
f 2416 2413 2417
f 2417 2413 2409
f 2419 2420 2418
f 2418 2420 2421
f 2420 2422 2421
f 2421 2422 2423
f 2420 2424 2422
f 2422 2424 2425
f 2426 2427 2424
f 2424 2427 2428
f 2428 2429 2424
f 2424 2429 2425
f 2426 2424 2419
f 2419 2424 2420
f 2419 2418 2431
f 2431 2418 2430
f 2425 2432 2422
f 2422 2432 2423
f 2408 2410 2432
f 2432 2410 2423
f 2423 2410 2433
f 2433 2410 2411
f 2421 2423 2434
f 2434 2423 2433
f 2435 2418 2434
f 2434 2418 2421
f 2429 2417 2425
f 2425 2417 2432
f 2408 2432 2409
f 2409 2432 2417
f 2418 2435 2430
f 2430 2435 2436
f 2438 2435 2437
f 2437 2435 2434
f 2435 2438 2436
f 2436 2438 2439
f 2441 2438 2440
f 2440 2438 2437
f 2442 2443 2437
f 2437 2443 2440
f 2439 2438 2444
f 2444 2438 2441
f 2433 2442 2434
f 2434 2442 2437
f 2412 2442 2411
f 2411 2442 2433
f 2436 2445 2430
f 2430 2445 2446
f 2430 2446 2431
f 2431 2446 2447
f 2417 2429 2448
f 2448 2429 2428
f 2427 2449 2428
f 2428 2449 2448
f 2450 2416 2448
f 2448 2416 2417
f 2451 2450 2449
f 2449 2450 2448
f 2427 2452 2449
f 2449 2452 2453
f 2447 2446 2452
f 2452 2446 2453
f 2454 2412 2399
f 2399 2412 2400
f 2415 2455 2405
f 2405 2455 2398
f 2399 2398 2454
f 2454 2398 2455
f 2454 2455 2443
f 2443 2455 2456
f 2443 2456 2440
f 2440 2456 2457
f 2458 2456 2415
f 2415 2456 2455
f 2443 2442 2454
f 2454 2442 2412
f 2459 2458 2414
f 2414 2458 2415
f 2413 2416 2414
f 2414 2416 2459
f 2459 2416 2460
f 2460 2416 2450
f 2460 2461 2459
f 2459 2461 2458
f 2462 2463 2460
f 2460 2463 2461
f 2461 2457 2458
f 2458 2457 2456
f 2457 2461 2464
f 2464 2461 2463
f 2451 2462 2450
f 2450 2462 2460
f 2462 2451 2465
f 2465 2451 2466
f 2468 2469 2467
f 2467 2469 2465
f 2463 2462 2469
f 2469 2462 2465
f 2465 2466 2467
f 2467 2466 2445
f 2446 2445 2453
f 2453 2445 2466
f 2451 2449 2466
f 2466 2449 2453
f 2464 2441 2457
f 2457 2441 2440
f 2468 2444 2464
f 2464 2444 2441
f 2468 2464 2469
f 2469 2464 2463
f 2467 2439 2468
f 2468 2439 2444
f 2445 2436 2467
f 2467 2436 2439
f 2447 2426 2431
f 2431 2426 2419
f 2427 2426 2452
f 2452 2426 2447
f 2369 2179 2370
f 2370 2179 2178
f 2376 2379 2372
f 2372 2379 2373
f 2389 2381 2388
f 2388 2381 2380
f 2387 2382 2389
f 2389 2382 2381
f 2270 2385 2277
f 2277 2385 2384
f 2379 2388 2373
f 2373 2388 2380
f 2401 2271 2369
f 2369 2271 2179
f 2248 2277 2372
f 2372 2277 2384
f 2401 2390 2385
f 2385 2390 2386
f 2264 2382 2178
f 2178 2382 2370
f 2215 2134 2271
f 2271 2134 2179
f 2005 2000 2199
f 2199 2000 2215
f 2004 2001 2005
f 2005 2001 2000
f 2200 2214 2004
f 2004 2214 2001
f 2470 2471 2473
f 2473 2471 2472
f 2475 2476 2474
f 2474 2476 2477
f 2479 2475 2478
f 2478 2475 2474
f 2481 2482 2480
f 2480 2482 2483
f 2476 2484 2477
f 2477 2484 2485
f 2487 2488 2486
f 2486 2488 2489
f 2133 2490 2058
f 2058 2490 2491
f 2058 2491 2247
f 2247 2491 2492
f 2494 2495 2493
f 2493 2495 2496
f 2476 2483 2484
f 2484 2483 2497
f 2472 2498 2488
f 2488 2498 2489
f 2484 2497 2471
f 2471 2497 2499
f 2500 2479 2496
f 2496 2479 2501
f 2502 2503 2505
f 2505 2503 2504
f 2496 2501 2493
f 2493 2501 2506
f 2479 2478 2501
f 2501 2478 2507
f 2475 2479 2480
f 2480 2479 2500
f 2508 2509 2473
f 2473 2509 2470
f 2509 2510 2470
f 2470 2510 2485
f 2511 2481 2500
f 2500 2481 2480
f 2512 2494 2486
f 2486 2494 2493
f 2485 2484 2470
f 2470 2484 2471
f 2513 2514 2477
f 2477 2514 2474
f 2471 2499 2472
f 2472 2499 2498
f 2476 2475 2483
f 2483 2475 2480
f 2516 2508 2515
f 2515 2508 2473
f 2502 2505 2517
f 2517 2505 2507
f 2504 2487 2505
f 2505 2487 2506
f 2503 2516 2504
f 2504 2516 2515
f 2506 2487 2493
f 2493 2487 2486
f 2517 2507 2518
f 2518 2507 2478
f 2510 2513 2485
f 2485 2513 2477
f 2511 2495 2293
f 2293 2495 2154
f 2514 2518 2474
f 2474 2518 2478
f 2483 2482 2497
f 2497 2482 2492
f 2501 2507 2506
f 2506 2507 2505
f 2488 2487 2515
f 2515 2487 2504
f 2472 2488 2473
f 2473 2488 2515
f 2518 2519 2517
f 2517 2519 2520
f 2521 2519 2514
f 2514 2519 2518
f 2522 2521 2513
f 2513 2521 2514
f 2523 2522 2510
f 2510 2522 2513
f 2517 2520 2502
f 2502 2520 2524
f 2502 2524 2503
f 2503 2524 2525
f 2525 2526 2503
f 2503 2526 2516
f 2527 2524 2528
f 2528 2524 2520
f 2530 2531 2529
f 2529 2531 2532
f 2531 2533 2532
f 2532 2533 2534
f 2531 2535 2533
f 2533 2535 2536
f 2537 2538 2535
f 2535 2538 2539
f 2539 2540 2535
f 2535 2540 2536
f 2537 2535 2530
f 2530 2535 2531
f 2529 2541 2530
f 2530 2541 2542
f 2543 2534 2536
f 2536 2534 2533
f 2519 2521 2543
f 2543 2521 2534
f 2534 2521 2544
f 2544 2521 2522
f 2532 2534 2545
f 2545 2534 2544
f 2529 2532 2546
f 2546 2532 2545
f 2536 2540 2543
f 2543 2540 2528
f 2519 2543 2520
f 2520 2543 2528
f 2541 2529 2547
f 2547 2529 2546
f 2548 2549 2545
f 2545 2549 2546
f 2549 2550 2546
f 2546 2550 2547
f 2551 2552 2548
f 2548 2552 2549
f 2548 2553 2551
f 2551 2553 2554
f 2550 2549 2555
f 2555 2549 2552
f 2545 2544 2548
f 2548 2544 2553
f 2523 2553 2522
f 2522 2553 2544
f 2547 2556 2541
f 2541 2556 2557
f 2541 2557 2542
f 2542 2557 2558
f 2528 2540 2559
f 2559 2540 2539
f 2538 2560 2539
f 2539 2560 2559
f 2561 2527 2559
f 2559 2527 2528
f 2560 2562 2559
f 2559 2562 2561
f 2560 2538 2564
f 2564 2538 2563
f 2558 2557 2563
f 2563 2557 2564
f 2565 2523 2509
f 2509 2523 2510
f 2526 2566 2516
f 2516 2566 2508
f 2509 2508 2565
f 2565 2508 2566
f 2565 2566 2554
f 2554 2566 2567
f 2554 2567 2551
f 2551 2567 2568
f 2569 2567 2526
f 2526 2567 2566
f 2553 2523 2554
f 2554 2523 2565
f 2570 2569 2525
f 2525 2569 2526
f 2524 2527 2525
f 2525 2527 2570
f 2527 2561 2570
f 2570 2561 2571
f 2571 2572 2570
f 2570 2572 2569
f 2573 2574 2571
f 2571 2574 2572
f 2572 2568 2569
f 2569 2568 2567
f 2568 2572 2575
f 2575 2572 2574
f 2562 2573 2561
f 2561 2573 2571
f 2573 2562 2576
f 2576 2562 2577
f 2579 2580 2578
f 2578 2580 2576
f 2574 2573 2580
f 2580 2573 2576
f 2576 2577 2578
f 2578 2577 2556
f 2557 2556 2564
f 2564 2556 2577
f 2562 2560 2577
f 2577 2560 2564
f 2575 2552 2568
f 2568 2552 2551
f 2579 2555 2575
f 2575 2555 2552
f 2579 2575 2580
f 2580 2575 2574
f 2550 2555 2578
f 2578 2555 2579
f 2556 2547 2578
f 2578 2547 2550
f 2558 2537 2542
f 2542 2537 2530
f 2538 2537 2563
f 2563 2537 2558
f 2292 2295 2481
f 2481 2295 2482
f 2486 2489 2512
f 2512 2489 2581
f 2499 2491 2498
f 2498 2491 2490
f 2497 2492 2499
f 2499 2492 2491
f 2155 2154 2494
f 2494 2154 2495
f 2581 2489 2490
f 2490 2489 2498
f 2293 2292 2511
f 2511 2292 2481
f 2191 2155 2512
f 2512 2155 2494
f 2500 2496 2511
f 2511 2496 2495
f 2247 2492 2295
f 2295 2492 2482
f 2583 2584 2582
f 2582 2584 2585
f 2587 2588 2586
f 2586 2588 2589
f 2591 2587 2590
f 2590 2587 2586
f 2593 2594 2592
f 2592 2594 2595
f 2596 2597 2599
f 2599 2597 2598
f 2588 2600 2589
f 2589 2600 2601
f 2602 2603 2605
f 2605 2603 2604
f 2606 2607 2609
f 2609 2607 2608
f 2609 2608 2190
f 2190 2608 2610
f 2611 2612 2614
f 2614 2612 2613
f 2600 2588 2615
f 2615 2588 2595
f 2599 2598 2606
f 2606 2598 2607
f 2584 2616 2604
f 2604 2616 2605
f 2600 2615 2583
f 2583 2615 2617
f 2591 2619 2618
f 2618 2619 2614
f 2621 2622 2620
f 2620 2622 2623
f 2619 2624 2614
f 2614 2624 2611
f 2591 2590 2619
f 2619 2590 2625
f 2587 2591 2592
f 2592 2591 2618
f 2626 2627 2585
f 2585 2627 2582
f 2627 2628 2582
f 2582 2628 2601
f 2629 2593 2618
f 2618 2593 2592
f 2602 2597 2611
f 2611 2597 2612
f 2600 2583 2601
f 2601 2583 2582
f 2630 2631 2589
f 2589 2631 2586
f 2583 2617 2584
f 2584 2617 2616
f 2588 2587 2595
f 2595 2587 2592
f 2633 2626 2632
f 2632 2626 2585
f 2620 2623 2634
f 2634 2623 2625
f 2622 2603 2623
f 2623 2603 2624
f 2621 2633 2622
f 2622 2633 2632
f 2611 2624 2602
f 2602 2624 2603
f 2634 2625 2635
f 2635 2625 2590
f 2628 2630 2601
f 2601 2630 2589
f 2613 2195 2629
f 2629 2195 2194
f 2631 2635 2586
f 2586 2635 2590
f 2595 2594 2615
f 2615 2594 2610
f 2619 2625 2624
f 2624 2625 2623
f 2632 2604 2622
f 2622 2604 2603
f 2585 2584 2632
f 2632 2584 2604
f 2635 2636 2634
f 2634 2636 2637
f 2638 2636 2631
f 2631 2636 2635
f 2639 2638 2630
f 2630 2638 2631
f 2640 2639 2628
f 2628 2639 2630
f 2634 2637 2620
f 2620 2637 2641
f 2620 2641 2621
f 2621 2641 2642
f 2642 2643 2621
f 2621 2643 2633
f 2641 2637 2644
f 2644 2637 2645
f 2646 2647 2649
f 2649 2647 2648
f 2648 2650 2649
f 2649 2650 2651
f 2648 2652 2650
f 2650 2652 2653
f 2652 2654 2656
f 2656 2654 2655
f 2656 2657 2652
f 2652 2657 2653
f 2654 2652 2647
f 2647 2652 2648
f 2647 2646 2659
f 2659 2646 2658
f 2660 2651 2653
f 2653 2651 2650
f 2636 2638 2660
f 2660 2638 2651
f 2651 2638 2661
f 2661 2638 2639
f 2651 2661 2649
f 2649 2661 2662
f 2663 2646 2662
f 2662 2646 2649
f 2653 2657 2660
f 2660 2657 2645
f 2636 2660 2637
f 2637 2660 2645
f 2646 2663 2658
f 2658 2663 2664
f 2665 2666 2662
f 2662 2666 2663
f 2666 2667 2663
f 2663 2667 2664
f 2668 2669 2665
f 2665 2669 2666
f 2665 2670 2668
f 2668 2670 2671
f 2667 2666 2672
f 2672 2666 2669
f 2662 2661 2665
f 2665 2661 2670
f 2640 2670 2639
f 2639 2670 2661
f 2673 2674 2664
f 2664 2674 2658
f 2658 2674 2659
f 2659 2674 2675
f 2645 2657 2676
f 2676 2657 2656
f 2677 2676 2655
f 2655 2676 2656
f 2676 2678 2645
f 2645 2678 2644
f 2677 2679 2676
f 2676 2679 2678
f 2655 2680 2677
f 2677 2680 2681
f 2675 2674 2680
f 2680 2674 2681
f 2682 2640 2627
f 2627 2640 2628
f 2643 2683 2633
f 2633 2683 2626
f 2682 2627 2683
f 2683 2627 2626
f 2683 2684 2682
f 2682 2684 2671
f 2684 2685 2671
f 2671 2685 2668
f 2686 2684 2643
f 2643 2684 2683
f 2670 2640 2671
f 2671 2640 2682
f 2687 2686 2642
f 2642 2686 2643
f 2642 2641 2687
f 2687 2641 2644
f 2687 2644 2688
f 2688 2644 2678
f 2688 2689 2687
f 2687 2689 2686
f 2690 2691 2688
f 2688 2691 2689
f 2689 2685 2686
f 2686 2685 2684
f 2685 2689 2692
f 2692 2689 2691
f 2679 2690 2678
f 2678 2690 2688
f 2690 2679 2693
f 2693 2679 2694
f 2696 2697 2695
f 2695 2697 2693
f 2691 2690 2697
f 2697 2690 2693
f 2693 2694 2695
f 2695 2694 2673
f 2674 2673 2681
f 2681 2673 2694
f 2679 2677 2694
f 2694 2677 2681
f 2685 2692 2668
f 2668 2692 2669
f 2696 2672 2692
f 2692 2672 2669
f 2696 2692 2697
f 2697 2692 2691
f 2695 2667 2696
f 2696 2667 2672
f 2673 2664 2695
f 2695 2664 2667
f 2675 2654 2659
f 2659 2654 2647
f 2655 2654 2680
f 2680 2654 2675
f 2291 2156 2593
f 2593 2156 2594
f 2597 2602 2598
f 2598 2602 2605
f 2616 2617 2607
f 2607 2617 2608
f 2615 2610 2617
f 2617 2610 2608
f 2597 2596 2612
f 2612 2596 2698
f 2598 2605 2607
f 2607 2605 2616
f 2194 2291 2629
f 2629 2291 2593
f 2629 2618 2613
f 2613 2618 2614
f 2190 2610 2156
f 2156 2610 2594
f 2700 2010 2699
f 2699 2010 2086
f 2267 2701 2116
f 2116 2701 2702
f 2116 2702 2117
f 2117 2702 2703
f 2704 2705 2250
f 2250 2705 2254
f 2011 2706 2267
f 2267 2706 2701
f 2699 2086 2707
f 2707 2086 2289
f 2010 2700 2011
f 2011 2700 2706
f 2708 2707 2251
f 2251 2707 2289
f 2703 2704 2117
f 2117 2704 2250
f 2705 2708 2254
f 2254 2708 2251
f 2709 2710 2708
f 2708 2710 2707
f 2711 2709 2705
f 2705 2709 2708
f 2712 2711 2704
f 2704 2711 2705
f 2713 2712 2703
f 2703 2712 2704
f 2707 2710 2699
f 2699 2710 2714
f 2699 2714 2700
f 2700 2714 2715
f 2716 2706 2715
f 2715 2706 2700
f 2714 2710 2717
f 2717 2710 2718
f 2720 2721 2719
f 2719 2721 2722
f 2721 2723 2722
f 2722 2723 2724
f 2721 2725 2723
f 2723 2725 2726
f 2727 2728 2725
f 2725 2728 2726
f 2729 2725 2720
f 2720 2725 2721
f 2731 2729 2730
f 2730 2729 2720
f 2719 2732 2720
f 2720 2732 2730
f 2726 2733 2723
f 2723 2733 2724
f 2709 2711 2733
f 2733 2711 2724
f 2724 2711 2734
f 2734 2711 2712
f 2722 2724 2735
f 2735 2724 2734
f 2719 2722 2736
f 2736 2722 2735
f 2726 2728 2733
f 2733 2728 2718
f 2709 2733 2710
f 2710 2733 2718
f 2732 2719 2737
f 2737 2719 2736
f 2738 2739 2735
f 2735 2739 2736
f 2739 2740 2736
f 2736 2740 2737
f 2741 2742 2738
f 2738 2742 2739
f 2738 2743 2741
f 2741 2743 2744
f 2740 2739 2745
f 2745 2739 2742
f 2735 2734 2738
f 2738 2734 2743
f 2713 2743 2712
f 2712 2743 2734
f 2737 2746 2732
f 2732 2746 2747
f 2732 2747 2730
f 2730 2747 2731
f 2718 2728 2748
f 2748 2728 2727
f 2749 2750 2727
f 2727 2750 2748
f 2748 2751 2718
f 2718 2751 2717
f 2750 2752 2748
f 2748 2752 2751
f 2750 2749 2754
f 2754 2749 2753
f 2731 2747 2753
f 2753 2747 2754
f 2727 2725 2749
f 2749 2725 2729
f 2749 2729 2753
f 2753 2729 2731
f 2702 2755 2703
f 2703 2755 2713
f 2706 2716 2701
f 2701 2716 2756
f 2755 2702 2756
f 2756 2702 2701
f 2756 2757 2755
f 2755 2757 2744
f 2757 2758 2744
f 2744 2758 2741
f 2759 2757 2716
f 2716 2757 2756
f 2743 2713 2744
f 2744 2713 2755
f 2760 2759 2715
f 2715 2759 2716
f 2715 2714 2760
f 2760 2714 2717
f 2760 2717 2761
f 2761 2717 2751
f 2761 2762 2760
f 2760 2762 2759
f 2763 2764 2761
f 2761 2764 2762
f 2762 2758 2759
f 2759 2758 2757
f 2758 2762 2765
f 2765 2762 2764
f 2752 2763 2751
f 2751 2763 2761
f 2763 2752 2766
f 2766 2752 2767
f 2768 2769 2766
f 2766 2769 2770
f 2764 2763 2770
f 2770 2763 2766
f 2766 2767 2768
f 2768 2767 2746
f 2747 2746 2754
f 2754 2746 2767
f 2752 2750 2767
f 2767 2750 2754
f 2758 2765 2741
f 2741 2765 2742
f 2769 2745 2765
f 2765 2745 2742
f 2769 2765 2770
f 2770 2765 2764
f 2768 2740 2769
f 2769 2740 2745
f 2746 2737 2768
f 2768 2737 2740
f 2201 2212 2200
f 2200 2212 2214
f 2201 2202 2212
f 2212 2202 2185
f 2512 2581 2191
f 2191 2581 2192
f 2059 2290 2056
f 2056 2290 2272
f 2174 2199 2294
f 2294 2199 2278
f 2063 2175 2194
f 2194 2175 2291
f 2192 2581 2133
f 2133 2581 2490
f 2133 2132 2192
f 2192 2132 2189
f 2054 2276 2055
f 2055 2276 2138
f 2083 2279 2084
f 2084 2279 2771
f 2771 2279 2599
f 2599 2279 2596
f 2606 2772 2599
f 2599 2772 2771
f 2772 2773 2771
f 2771 2773 2084
f 2773 2774 2084
f 2084 2774 2085
f 2085 2775 2082
f 2082 2775 2144
f 2774 2078 2085
f 2085 2078 2775
f 2078 2774 2079
f 2079 2774 2776
f 2774 2773 2776
f 2776 2773 2777
f 2773 2772 2777
f 2777 2772 2778
f 2190 2189 2609
f 2609 2189 2778
f 2053 2052 2779
f 2779 2052 2181
f 2144 2775 2081
f 2081 2775 2078
f 2294 2153 2174
f 2174 2153 2175
f 2132 2276 2189
f 2189 2276 2778
f 2606 2609 2772
f 2772 2609 2778
f 2195 2613 2698
f 2698 2613 2612
f 2596 2279 2698
f 2698 2279 2195
f 2054 2777 2276
f 2276 2777 2778
f 2777 2054 2776
f 2776 2054 2053
f 2053 2779 2776
f 2776 2779 2079
f 2779 2181 2079
f 2079 2181 2080
f 2181 2239 2080
f 2080 2239 2240
f 2122 2256 2014
f 2042 1982 2076
f 2076 1982 2007
f 1982 1985 2007
f 2007 1985 2008
f 2095 2097 2265
f 2265 2097 2266
f 2076 2050 2042
f 2042 2050 2047
f 2046 2043 2047
f 2047 2043 2042
f 2118 1993 2046
f 2046 1993 2043
f 1995 1994 2118
f 2118 1994 1993
f 2267 1992 2011
f 2011 1992 2012
f 1997 2012 1994
f 1994 2012 1992
f 2226 2013 1997
f 1997 2013 2012
f 2225 2087 2226
f 2226 2087 2013
f 2225 2232 2087
f 2087 2232 2288
f 2232 2070 2288
f 2288 2070 2252
f 2070 2025 2252
f 2252 2025 2253
f 1988 2249 2025
f 2025 2249 2253
f 2116 2115 2267
f 2267 2115 2268
f 2096 1984 2237
f 2237 1984 1991
f 2095 1985 2096
f 2096 1985 1984
f 2265 2008 2095
f 2095 2008 1985
f 2092 2009 2265
f 2265 2009 2008
f 2091 2286 2092
f 2092 2286 2009
f 2255 2238 2091
f 2091 2238 2286
f 2256 2239 2255
f 2255 2239 2238
f 2122 2240 2256
f 2256 2240 2239
f 2121 2241 2122
f 2122 2241 2240
f 2022 2018 2097
f 2097 2018 2266
f 2022 2024 2018
f 2018 2024 2019
f 2024 2072 2019
f 2019 2072 2073
f 2072 2228 2073
f 2073 2228 2230
f 2228 2184 2230
f 2230 2184 2183
f 2121 2285 2241
f 2241 2285 2258
f 2285 2036 2258
f 2258 2036 2257
f 2177 2145 2193
f 2193 2145 2257
f 2173 2193 2196
f 2196 2193 2037
f 2036 2037 2257
f 2257 2037 2193
f 2196 2037 2066
f 2066 2037 2035
f 2061 2108 2034
f 2034 2108 2067
f 2108 2208 2067
f 2067 2208 2204
f 2208 2210 2204
f 2204 2210 2203
f 2210 2280 2203
f 2203 2280 2186
f 2183 2186 2235
f 2235 2186 2280
f 1987 2114 1988
f 1988 2114 2249
f 2237 2115 1987
f 1987 2115 2114
f 1991 2268 2237
f 2237 2268 2115
f 1991 1990 2268
f 2268 1990 1992
f 107 110 2781
f 2781 110 2780
f 117 2782 118
f 118 2782 2783
f 119 2784 120
f 120 2784 2785
f 125 2786 126
f 126 2786 2787
f 127 2788 128
f 128 2788 2789
f 127 132 2788
f 2788 132 2790
f 231 230 2792
f 2792 230 2791
f 118 2783 119
f 119 2783 2784
f 241 243 2794
f 2794 243 2793
f 2781 2795 107
f 107 2795 352
f 120 2785 437
f 437 2785 2796
f 126 2787 110
f 110 2787 2780
f 455 2797 456
f 456 2797 2798
f 128 2789 457
f 457 2789 2799
f 456 2798 117
f 117 2798 2782
f 2794 2797 241
f 241 2797 455
f 457 2799 125
f 125 2799 2786
f 132 231 2790
f 2790 231 2792
f 230 437 2791
f 2791 437 2796
f 2792 2789 2790
f 2790 2789 2788
f 2785 2784 2801
f 2801 2784 2800
f 2786 2802 2787
f 2787 2802 2803
f 2792 2791 2805
f 2805 2791 2804
f 2784 2783 2800
f 2800 2783 2806
f 2785 2801 2796
f 2796 2801 2807
f 2787 2803 2780
f 2780 2803 2808
f 2789 2809 2799
f 2799 2809 2810
f 2799 2810 2786
f 2786 2810 2802
f 2791 2796 2804
f 2804 2796 2807
f 2789 2792 2809
f 2809 2792 2805
f 2812 2797 2811
f 2811 2797 2794
f 2809 2805 2810
f 2810 2805 2804
f 2810 2804 2802
f 2802 2804 2807
f 2802 2807 2803
f 2803 2807 2801
f 2808 2803 2800
f 2800 2803 2801
f 2814 699 2813
f 2813 699 698
f 2808 2815 2780
f 2780 2815 2781
f 2817 2782 2816
f 2816 2782 2798
f 2815 2818 2781
f 2781 2818 2795
f 2797 2812 2798
f 2798 2812 2816
f 2783 2782 2806
f 2806 2782 2817
f 2800 2806 2808
f 2808 2806 2815
f 2794 2793 2811
f 2811 2793 2819
f 174 201 384
f 384 201 362
f 200 1766 390
f 390 1766 1777
f 1777 1778 390
f 390 1778 398
f 1778 361 398
f 398 361 222
f 2820 2821 628
f 628 2821 629
f 1406 2820 790
f 790 2820 628
f 794 1415 1233
f 1233 1415 1234
f 1406 790 1407
f 1407 790 1312
f 1407 1312 2822
f 2822 1312 1316
f 2823 1380 1543
f 1543 1380 1379
f 1385 1738 1382
f 1382 1738 1383
f 1381 791 1382
f 1382 791 1386
f 791 794 1386
f 1386 794 1233
f 1259 1390 1260
f 1260 1390 1389
f 1905 1542 1394
f 1394 1542 1395
f 1410 1413 1397
f 1397 1413 1398
f 2821 1410 629
f 629 1410 1397
f 2823 2822 1380
f 1380 2822 1316
f 1392 1395 1378
f 1378 1395 1379
f 1738 1399 1383
f 1383 1399 1398
f 1388 1235 1389
f 1389 1235 1234
f 1393 1391 1394
f 1394 1391 1390
f 1381 1384 779
f 779 1384 780
f 1282 788 792
f 792 788 793
f 1431 1262 1432
f 1432 1262 1261
f 1400 1342 1408
f 1408 1342 1409
f 1508 1544 1411
f 1411 1544 1412
f 788 787 793
f 793 787 1414
f 2821 2820 1429
f 1429 2820 1430
f 2822 2823 1506
f 1506 2823 1507
f 778 1282 779
f 779 1282 792
f 2820 1406 1430
f 1430 1406 1409
f 1410 2821 1411
f 1411 2821 1429
f 1407 2822 1408
f 1408 2822 1506
f 1544 781 1412
f 1412 781 780
f 1260 1415 1261
f 1261 1415 1414
f 1334 2824 923
f 923 2824 924
f 2826 1268 2825
f 2825 1268 1267
f 769 1212 2827
f 2827 1212 2828
f 1492 1190 1266
f 1266 1190 1267
f 1488 2829 1489
f 1489 2829 2830
f 922 1329 923
f 923 1329 1328
f 1484 2831 1485
f 1485 2831 2832
f 1482 2833 1485
f 1485 2833 1486
f 1324 1493 1489
f 1489 1493 1490
f 1265 1491 1266
f 1266 1491 1490
f 2835 2836 2834
f 2834 2836 2837
f 1250 2838 2827
f 2827 2838 2839
f 1488 1491 2840
f 2840 1491 2841
f 1268 2826 2842
f 2842 2826 2843
f 2844 2845 1495
f 1495 2845 1496
f 1427 2847 2846
f 2846 2847 926
f 2829 1488 2848
f 2848 1488 2840
f 1329 922 2849
f 2849 922 927
f 2850 2851 768
f 768 2851 1213
f 1265 1268 2852
f 2852 1268 2842
f 1491 1265 2841
f 2841 1265 2852
f 2854 2855 2853
f 2853 2855 2856
f 2855 2857 2856
f 2856 2857 598
f 2857 2858 598
f 598 2858 595
f 2858 2859 595
f 595 2859 626
f 649 652 2860
f 2860 652 2861
f 639 642 2862
f 2862 642 2863
f 2864 705 2862
f 2862 705 639
f 2865 1418 2864
f 2864 1418 705
f 2866 2867 2865
f 2865 2867 1418
f 1760 1348 1761
f 1761 1348 2867
f 1764 2868 1197
f 1197 2868 1198
f 2869 611 2868
f 2868 611 1198
f 2870 612 2869
f 2869 612 611
f 1352 1350 944
f 944 1350 688
f 1350 1256 688
f 688 1256 685
f 1256 1255 685
f 685 1255 692
f 1255 2871 692
f 692 2871 2872
f 701 2873 698
f 698 2873 2813
f 2872 1349 692
f 692 1349 693
f 1696 1744 1574
f 1574 1744 1575
f 1753 1618 1577
f 1577 1618 1578
f 1729 1594 1608
f 1608 1594 1609
f 1725 1630 1611
f 1611 1630 1612
f 1604 1607 1625
f 1625 1607 1626
f 1624 1703 1625
f 1625 1703 1912
f 1703 1702 1912
f 1912 1702 1913
f 1702 1753 1913
f 1913 1753 1577
f 1598 1569 1915
f 1915 1569 1578
f 1616 1615 1915
f 1915 1615 1916
f 1615 1696 1916
f 1916 1696 1574
f 1744 1745 1575
f 1575 1745 1917
f 1745 1565 1917
f 1917 1565 1609
f 1568 1725 1608
f 1608 1725 1611
f 2874 1613 1918
f 1918 1613 1612
f 1607 2874 1626
f 1626 2874 1918
f 1610 1613 1562
f 1562 1613 1563
f 1547 1550 1570
f 1570 1550 1571
f 1573 1576 1580
f 1580 1576 1581
f 1553 1556 1595
f 1595 1556 1596
f 1556 1582 1596
f 1596 1582 1581
f 1551 1547 1599
f 1599 1547 1570
f 1731 1914 1601
f 1601 1914 1602
f 1686 1689 1605
f 1605 1689 1606
f 1598 1743 1599
f 1599 1743 1692
f 2874 1607 1723
f 1723 1607 1606
f 1727 1553 1730
f 1730 1553 1595
f 1600 1686 1601
f 1601 1686 1605
f 1914 1572 1602
f 1602 1572 1571
f 1579 1693 1580
f 1580 1693 1692
f 1613 2874 1563
f 1563 2874 1723
f 1561 1727 1562
f 1562 1727 1730
f 1949 1742 1548
f 1548 1742 1549
f 1694 1949 1552
f 1552 1949 1548
f 1954 1589 1554
f 1554 1589 1555
f 1693 1579 1558
f 1558 1579 1559
f 1561 1564 1584
f 1584 1564 1585
f 1582 1556 1588
f 1588 1556 1555
f 1600 1603 1591
f 1591 1603 1592
f 1981 1977 1687
f 1687 1977 1688
f 1564 1722 1585
f 1585 1722 1690
f 1551 1693 1552
f 1552 1693 1558
f 1751 1954 1728
f 1728 1954 1554
f 1590 1981 1591
f 1591 1981 1687
f 1603 1550 1592
f 1592 1550 1549
f 1977 1691 1688
f 1688 1691 1690
f 1587 1560 1588
f 1588 1560 1559
f 1727 1561 1728
f 1728 1561 1584
f 2875 1919 1947
f 1947 1919 1948
f 1557 1560 1952
f 1952 1560 1953
f 1933 1932 1955
f 1955 1932 1956
f 1587 1589 1958
f 1958 1589 1956
f 1959 1933 1965
f 1965 1933 1955
f 1961 1964 1966
f 1966 1964 1967
f 1981 1590 1969
f 1969 1590 1967
f 1742 1949 1972
f 1972 1949 1948
f 1593 1742 1966
f 1966 1742 1972
f 1957 1950 1958
f 1958 1950 1953
f 1583 1586 1974
f 1974 1586 1975
f 1940 1943 1978
f 1978 1943 1979
f 1943 1976 1979
f 1979 1976 1975
f 1951 2875 1952
f 1952 2875 1947
f 1968 1940 1969
f 1969 1940 1978
f 1973 1959 1974
f 1974 1959 1965
f 1923 1971 1920
f 1920 1971 1921
f 1919 2875 1920
f 1920 2875 1924
f 2875 1951 1924
f 1924 1951 1926
f 1950 1957 1929
f 1929 1957 1930
f 2244 2243 1934
f 1934 2243 1935
f 1973 1976 1937
f 1937 1976 1938
f 1944 1980 1941
f 1941 1980 1942
f 1940 1968 1941
f 1941 1968 1945
f 2287 2244 1960
f 1960 2244 1934
f 1970 2245 1962
f 1962 2245 1963
f 2243 1931 1935
f 1935 1931 1930
f 1927 1926 1928
f 1928 1926 1929
f 1961 1922 1962
f 1962 1922 1921
f 2245 1946 1963
f 1963 1946 1945
f 1976 1943 1938
f 1938 1943 1942
f 1936 2287 1937
f 1937 2287 1960
f 743 1238 608
f 608 1238 609
f 607 1811 608
f 608 1811 744
f 1304 2876 1305
f 1305 2876 2877
f 586 585 1298
f 1298 585 1299
f 585 702 1299
f 1299 702 1300
f 702 1428 1300
f 1300 1428 1301
f 1238 586 609
f 609 586 1298
f 2878 2879 1218
f 1218 2879 2877
f 2880 2881 1812
f 1812 2881 1819
f 2883 1821 2882
f 2882 1821 1820
f 2840 2841 620
f 620 2841 621
f 2842 2843 795
f 795 2843 796
f 892 895 2844
f 2844 895 2845
f 2848 2840 942
f 942 2840 620
f 2849 927 1202
f 1202 927 1203
f 2852 2842 1270
f 1270 2842 795
f 2841 2852 621
f 621 2852 1270
f 941 1759 942
f 942 1759 2884
f 659 929 1427
f 1427 929 2847
f 1237 2851 751
f 751 2851 2850
f 1216 2885 1217
f 1217 2885 1754
f 2887 734 2886
f 2886 734 733
f 2889 1816 2888
f 2888 1816 1815
f 2890 1245 2889
f 2889 1245 1816
f 1824 2891 1825
f 1825 2891 1246
f 2892 2893 2895
f 2895 2893 2894
f 1854 1833 1851
f 1851 1833 1832
f 1851 1832 1884
f 1884 1832 1876
f 1884 1876 1441
f 1441 1876 1443
f 1441 1443 1442
f 1442 1443 1446
f 1442 1446 2896
f 2896 1446 1507
f 2897 2823 2898
f 2898 2823 1543
f 1542 2899 1543
f 1543 2899 2898
f 1542 1905 2899
f 2899 1905 2900
f 1905 1259 2900
f 2900 1259 2901
f 1262 1431 2902
f 2902 1431 1904
f 1431 1434 1904
f 1904 1434 1902
f 1902 1434 2903
f 2903 1434 719
f 2903 719 2904
f 2904 719 718
f 1869 1881 718
f 718 1881 2904
f 1881 1869 1880
f 1880 1869 756
f 1880 756 2905
f 2905 756 755
f 2905 755 2906
f 2906 755 758
f 762 2907 763
f 763 2907 2908
f 724 723 2909
f 2909 723 894
f 796 895 723
f 723 895 894
f 2843 2845 796
f 796 2845 895
f 2826 1496 2843
f 2843 1496 2845
f 2825 1497 2826
f 2826 1497 1496
f 1189 2836 2825
f 2825 2836 1497
f 797 891 798
f 798 891 2837
f 802 888 797
f 797 888 891
f 2910 2911 2913
f 2913 2911 2912
f 1780 1783 2915
f 2915 1783 2914
f 2916 2917 831
f 831 2917 832
f 2918 2919 845
f 845 2919 846
f 2920 2916 847
f 847 2916 831
f 2921 2922 857
f 857 2922 858
f 2923 2924 860
f 860 2924 861
f 2919 2912 846
f 846 2912 887
f 2925 2920 940
f 940 2920 847
f 2924 2926 861
f 861 2926 1204
f 2917 2918 832
f 832 2918 845
f 2927 2928 1449
f 1449 2928 1450
f 2929 2930 889
f 889 2930 2931
f 2896 1507 2897
f 2897 1507 2823
f 2902 2901 1262
f 1262 2901 1259
f 2932 2933 750
f 750 2933 1236
f 2933 2934 1236
f 1236 2934 1835
f 2936 2937 2935
f 2935 2937 2938
f 2940 2941 2939
f 2939 2941 2942
f 2943 2944 1841
f 1841 2944 1842
f 2945 1860 2944
f 2944 1860 1842
f 2945 2946 1860
f 1860 2946 1859
f 1889 2947 1890
f 1890 2947 1856
f 1856 2947 1857
f 1857 2947 2948
f 2950 709 2949
f 2949 709 1829
f 2952 730 2951
f 2951 730 729
f 2866 2953 2867
f 2867 2953 1761
f 2953 2954 1761
f 1761 2954 1420
f 2954 2955 1420
f 1420 2955 742
f 2955 2956 742
f 742 2956 739
f 2956 2957 739
f 739 2957 760
f 2957 2958 760
f 760 2958 761
f 2958 2959 761
f 761 2959 2960
f 2959 2961 2960
f 2960 2961 2962
f 2963 2964 1839
f 1839 2964 1840
f 2964 2965 1840
f 1840 2965 2942
f 2966 2950 2939
f 2939 2950 2949
f 2935 2967 2936
f 2936 2967 2968
f 2969 2970 736
f 736 2970 735
f 734 2887 1815
f 1815 2887 2888
f 2887 2882 2888
f 2888 2882 2881
f 1819 1820 1817
f 1817 1820 748
f 1195 1757 1197
f 1197 1757 1424
f 1757 647 1424
f 1424 647 646
f 647 648 646
f 646 648 643
f 648 1271 643
f 643 1271 737
f 1271 725 737
f 737 725 765
f 725 724 765
f 765 724 762
f 762 724 2907
f 2907 724 2909
f 1254 1437 2909
f 2909 1437 2907
f 1438 1253 1836
f 1836 1253 1835
f 1836 1835 2938
f 2938 1835 2934
f 2971 2972 2935
f 2935 2972 2967
f 897 896 2969
f 2969 896 2970
f 1815 1814 734
f 734 1814 731
f 728 1215 896
f 896 1215 732
f 2885 1216 733
f 733 1216 2886
f 1216 1219 2886
f 2886 1219 2883
f 2876 1304 1821
f 1821 1304 749
f 1304 1303 749
f 749 1303 746
f 1818 2973 1817
f 1817 2973 1810
f 747 2974 1818
f 1818 2974 2973
f 747 746 2974
f 2974 746 1303
f 2976 2977 2975
f 2975 2977 2978
f 2976 2979 2901
f 2901 2979 2900
f 2980 2981 2982
f 2982 2981 2979
f 2981 2980 2983
f 2983 2980 2984
f 2985 2897 2983
f 2983 2897 2898
f 2987 2988 2986
f 2986 2988 2985
f 2896 2988 1442
f 1442 2988 1439
f 1903 2977 1904
f 1904 2977 2902
f 1856 1855 1890
f 1890 1855 2989
f 2989 2990 1890
f 1890 2990 1359
f 2990 2991 1359
f 1359 2991 1356
f 2946 2992 1859
f 1859 2992 1893
f 2992 2993 1893
f 1893 2993 775
f 2993 2994 775
f 775 2994 776
f 2986 1356 2987
f 2987 1356 2991
f 2975 2978 776
f 776 2978 777
f 2982 2994 2980
f 2980 2994 2995
f 1357 2984 2995
f 2995 2984 2980
f 2995 2996 1357
f 1357 2996 1358
f 2996 2997 1358
f 1358 2997 1889
f 2998 2999 2932
f 2932 2999 2933
f 2999 2971 2933
f 2933 2971 2934
f 1837 1836 2937
f 2937 1836 2938
f 2943 1841 2941
f 2941 1841 1838
f 3001 2944 3000
f 3000 2944 2943
f 3001 3002 2944
f 2944 3002 2945
f 3002 3003 2945
f 2945 3003 2946
f 2997 3003 1889
f 1889 3003 2947
f 2947 3003 2948
f 2948 3003 3002
f 3001 3004 3002
f 3002 3004 2948
f 3000 3005 3001
f 3001 3005 3004
f 2940 3006 3000
f 3000 3006 3005
f 2999 3007 2971
f 2971 3007 2972
f 2998 2951 2999
f 2999 2951 3007
f 3008 2952 2998
f 2998 2952 2951
f 2966 2965 2936
f 2936 2965 2937
f 2935 2938 2971
f 2971 2938 2934
f 3003 2997 2946
f 2946 2997 2992
f 2997 2996 2992
f 2992 2996 2993
f 2996 2995 2993
f 2993 2995 2994
f 1356 2986 1357
f 1357 2986 2984
f 2982 2975 2994
f 2994 2975 776
f 1844 1843 1899
f 1899 1843 3009
f 1843 638 3009
f 3009 638 3010
f 638 637 3010
f 3010 637 3011
f 637 1830 3011
f 3011 1830 3012
f 1830 1833 3012
f 3012 1833 2894
f 1833 1854 2894
f 2894 1854 2895
f 1854 1853 2895
f 2895 1853 1888
f 1858 1857 1885
f 1885 1857 1892
f 1899 3009 1898
f 1898 3009 1874
f 3009 3010 1874
f 1874 3010 1865
f 3010 3011 1865
f 1865 3011 1862
f 3011 3012 1862
f 1862 3012 1882
f 3012 2894 1882
f 1882 2894 2893
f 1850 2890 782
f 782 2890 2889
f 783 2880 1811
f 1811 2880 1812
f 744 1810 745
f 745 1810 2973
f 745 2973 805
f 805 2973 806
f 2973 2974 806
f 806 2974 815
f 1303 812 2974
f 2974 812 815
f 1303 1302 812
f 812 1302 1221
f 1307 3013 1302
f 1302 3013 1221
f 1734 3014 1633
f 1633 3014 1634
f 1646 1649 1636
f 1636 1649 1637
f 1654 1657 1641
f 1641 1657 1642
f 1639 1736 1636
f 1636 1736 1684
f 1716 1713 1698
f 1698 1713 1699
f 1718 1721 1705
f 1705 1721 1706
f 1653 1654 1709
f 1709 1654 1641
f 1620 1623 1714
f 1714 1623 1699
f 1712 1682 1714
f 1714 1682 1740
f 1668 1671 1746
f 1746 1671 1747
f 1752 1650 1749
f 1749 1650 1750
f 1750 1650 1709
f 1709 1650 1653
f 1632 1668 1633
f 1633 1668 1746
f 1649 1752 1637
f 1637 1752 1749
f 1682 1643 1740
f 1740 1643 1642
f 3014 1685 1634
f 1634 1685 1684
f 1704 1748 1705
f 1705 1748 1747
f 1697 1707 1698
f 1698 1707 1706
f 1739 1701 1621
f 1621 1701 1622
f 1567 1566 1647
f 1647 1566 1648
f 1664 1695 1651
f 1651 1695 1652
f 1614 1617 1655
f 1655 1617 1656
f 1704 1707 1659
f 1659 1707 1660
f 3014 1734 1662
f 1662 1734 1663
f 1650 1752 1651
f 1651 1752 1665
f 1741 1657 1667
f 1667 1657 1656
f 1695 1614 1652
f 1652 1614 1655
f 1724 1567 1726
f 1726 1567 1647
f 1645 1628 1733
f 1733 1628 1663
f 1685 3014 1726
f 1726 3014 1662
f 1620 1741 1621
f 1621 1741 1667
f 1566 1666 1648
f 1648 1666 1665
f 1658 1737 1659
f 1659 1737 1901
f 1911 1661 1910
f 1910 1661 1660
f 1701 1911 1622
f 1622 1911 1910
f 1732 1748 1733
f 1733 1748 1901
f 1857 2948 1892
f 1892 2948 3004
f 1892 3004 1891
f 1891 3004 3005
f 1828 3006 1829
f 1829 3006 2949
f 2967 736 2968
f 2968 736 710
f 2972 2969 2967
f 2967 2969 736
f 2969 2972 897
f 897 2972 3007
f 897 3007 729
f 729 3007 2951
f 3016 753 3015
f 3015 753 752
f 3018 767 3017
f 3017 767 766
f 3019 3020 1249
f 1249 3020 3021
f 2915 2914 3019
f 3019 2914 3020
f 3023 2914 3022
f 3022 2914 1783
f 2827 2839 769
f 769 2839 766
f 3025 2838 3024
f 3024 2838 3021
f 768 767 2850
f 2850 767 3026
f 2850 3026 751
f 751 3026 752
f 750 753 2932
f 2932 753 3027
f 3008 2998 3027
f 3027 2998 2932
f 3028 3029 3008
f 3008 3029 2952
f 3029 3030 2952
f 2952 3030 730
f 3032 3033 3031
f 3031 3033 3034
f 3036 3037 3035
f 3035 3037 3038
f 2870 3039 612
f 612 3039 3040
f 3041 3042 3031
f 3031 3042 3038
f 3034 1352 3043
f 3043 1352 944
f 612 3040 613
f 613 3040 3044
f 613 3044 1425
f 1425 3044 1422
f 3045 3042 669
f 669 3042 670
f 3041 3043 599
f 599 3043 600
f 772 771 1544
f 1544 771 781
f 1503 771 1866
f 1866 771 770
f 771 1503 781
f 781 1503 778
f 61 281 416
f 416 281 1907
f 283 103 3046
f 3046 103 3047
f 76 79 3048
f 3048 79 3049
f 280 76 1906
f 1906 76 3048
f 3051 335 3050
f 3050 335 334
f 3053 417 3052
f 3052 417 416
f 3055 435 3054
f 3054 435 434
f 428 435 419
f 419 435 1908
f 420 1909 293
f 293 1909 443
f 79 294 3049
f 3049 294 444
f 3057 444 3056
f 3056 444 443
f 3051 3058 335
f 335 3058 452
f 216 215 1332
f 1332 215 452
f 308 283 462
f 462 283 3046
f 3050 334 3059
f 3059 334 462
f 103 62 3047
f 3047 62 417
f 313 312 434
f 434 312 463
f 3061 574 3060
f 3060 574 573
f 1310 3062 1428
f 1428 3062 3063
f 1258 3064 1255
f 1255 3064 2871
f 932 3065 2853
f 2853 3065 3066
f 699 2814 931
f 931 2814 3067
f 3068 1301 3063
f 3063 1301 1428
f 571 574 1310
f 1310 574 3062
f 3060 573 3069
f 3069 573 1332
f 3070 3071 1906
f 1906 3071 1907
f 3072 3073 1908
f 1908 3073 1909
f 3075 2814 3074
f 3074 2814 2813
f 2854 3076 1258
f 1258 3076 3064
f 2871 3077 2872
f 2872 3077 3078
f 3074 2813 3079
f 3079 2813 2873
f 2872 3078 1349
f 1349 3078 3080
f 2873 701 3068
f 3068 701 1301
f 1330 1201 3080
f 3080 1201 1349
f 1264 1263 3081
f 3081 1263 3082
f 3083 3084 3082
f 3082 3084 3081
f 811 1448 3086
f 3086 1448 3085
f 808 811 3087
f 3087 811 3086
f 3088 3083 833
f 833 3083 3082
f 884 3089 885
f 885 3089 3090
f 3087 1790 808
f 808 1790 816
f 1790 3087 1787
f 1787 3087 3091
f 3092 3091 3086
f 3086 3091 3087
f 3093 3094 3084
f 3084 3094 3095
f 3089 3096 3090
f 3090 3096 3088
f 3097 3093 3083
f 3083 3093 3084
f 3099 3100 3098
f 3098 3100 1786
f 3101 1788 2913
f 2913 1788 3102
f 838 837 885
f 885 837 886
f 886 837 3103
f 3103 837 1541
f 3094 3093 3104
f 3104 3093 3097
f 3105 3106 3089
f 3089 3106 3096
f 3108 3109 3107
f 3107 3109 3110
f 3111 3112 3091
f 3091 3112 1787
f 3114 3108 3113
f 3113 3108 3107
f 3114 3115 3112
f 3112 3115 3102
f 3091 3092 3111
f 3111 3092 3116
f 839 838 835
f 835 838 836
f 885 3090 838
f 838 3090 836
f 3110 3117 1247
f 1247 3117 3118
f 1247 3118 1248
f 1248 3118 3119
f 3120 3121 3119
f 3119 3121 1248
f 1247 844 3110
f 3110 844 3107
f 844 843 3107
f 3107 843 3113
f 843 3099 3113
f 3113 3099 3122
f 1781 3123 3098
f 3098 3123 3124
f 2915 2931 1780
f 1780 2931 2930
f 3019 3125 2915
f 2915 3125 2931
f 890 3125 2834
f 2834 3125 1252
f 3125 3019 1252
f 1252 3019 1249
f 907 908 946
f 946 908 947
f 1185 1188 1369
f 1369 1188 948
f 954 957 951
f 951 957 952
f 910 965 953
f 953 965 950
f 905 958 960
f 960 958 961
f 3126 978 949
f 949 978 962
f 936 935 967
f 967 935 968
f 994 993 969
f 969 993 966
f 902 904 971
f 971 904 972
f 983 985 973
f 973 985 970
f 906 905 974
f 974 905 960
f 977 981 959
f 959 981 975
f 911 910 1143
f 1143 910 953
f 952 957 1142
f 1142 957 1145
f 911 1143 1366
f 1366 1143 1368
f 1185 1369 1145
f 1145 1369 1142
f 993 1519 966
f 966 1519 1456
f 965 1454 950
f 950 1454 1457
f 900 899 1459
f 1459 899 1460
f 988 991 1461
f 1461 991 1458
f 899 963 1460
f 1460 963 1462
f 985 987 970
f 970 987 1463
f 904 906 972
f 972 906 974
f 981 983 975
f 975 983 973
f 935 900 968
f 968 900 1459
f 991 994 1458
f 1458 994 969
f 1154 1526 1088
f 1088 1526 1089
f 1109 1112 1092
f 1092 1112 1093
f 1083 1098 1084
f 1084 1098 1097
f 1078 1471 1100
f 1100 1471 1101
f 1075 1078 1104
f 1104 1078 1100
f 1152 1154 1156
f 1156 1154 1088
f 1156 1155 1372
f 1372 1155 1373
f 1372 1373 1104
f 1104 1373 1075
f 1467 1109 1465
f 1465 1109 1092
f 1465 1182 1468
f 1468 1182 1184
f 1474 1470 1096
f 1096 1470 1097
f 1102 1101 1083
f 1083 1101 1098
f 1112 1531 1093
f 1093 1531 1529
f 1102 1073 1099
f 1099 1073 1072
f 1526 1154 1079
f 1079 1154 1080
f 1081 1091 1082
f 1082 1091 1094
f 1069 1068 1085
f 1085 1068 1086
f 1153 1151 1080
f 1080 1151 1058
f 1371 1177 1179
f 1179 1177 1176
f 1099 1072 1103
f 1103 1072 1176
f 1068 1071 1086
f 1086 1071 1073
f 1085 1084 1180
f 1180 1084 1469
f 1066 1065 1183
f 1183 1065 1181
f 1153 1152 1177
f 1177 1152 1178
f 1091 1081 1182
f 1182 1081 1183
f 1057 1525 1079
f 1079 1525 1527
f 1120 1117 1076
f 1076 1117 1077
f 1087 1090 1107
f 1107 1090 1108
f 1127 1126 1110
f 1110 1126 1111
f 1095 1116 1096
f 1096 1116 1115
f 1471 1078 1119
f 1119 1078 1077
f 1087 1107 1155
f 1155 1107 1158
f 1376 1374 1157
f 1157 1374 1158
f 1076 1075 1374
f 1374 1075 1373
f 1109 1467 1110
f 1110 1467 1472
f 1467 1466 1472
f 1472 1466 1473
f 1135 1475 1114
f 1114 1475 1115
f 1471 1119 1095
f 1095 1119 1116
f 1126 1532 1111
f 1111 1532 1530
f 914 1276 1480
f 1480 1276 1517
f 3127 3128 1223
f 1223 3128 1224
f 824 933 1455
f 1455 933 3129
f 3131 1448 3130
f 3130 1448 1447
f 3132 3133 1452
f 1452 3133 1453
f 3130 1447 1322
f 1322 1447 1455
f 933 1514 3129
f 3129 1514 3134
f 1161 3135 1480
f 1480 3135 1481
f 3128 3136 1224
f 1224 3136 1499
f 3133 1162 1453
f 1453 1162 1517
f 1515 3127 1535
f 1535 3127 1223
f 3095 3085 3131
f 3131 3085 1448
f 3137 3092 3085
f 3085 3092 3086
f 3138 3116 3137
f 3137 3116 3092
f 3110 3109 3117
f 3117 3109 3139
f 3105 3140 3117
f 3117 3140 3118
f 3140 3141 3118
f 3118 3141 3119
f 3142 3120 3141
f 3141 3120 3119
f 1498 3143 1277
f 1277 3143 882
f 3144 3145 1340
f 1340 3145 1339
f 1340 3146 3144
f 3144 3146 3147
f 3145 3144 3143
f 3143 3144 3148
f 871 901 872
f 872 901 1362
f 3149 3148 3147
f 3147 3148 3144
f 1208 3150 1209
f 3098 1786 1781
f 1781 1786 1782
f 2930 2929 3123
f 3123 2929 2911
f 1794 1791 2916
f 2916 1791 2917
f 1793 3101 2918
f 2918 3101 2919
f 1796 1794 2920
f 2920 1794 2916
f 3151 3152 2921
f 2921 3152 2922
f 3153 3154 2923
f 2923 3154 2924
f 2919 3101 2912
f 2912 3101 2913
f 3155 1796 2925
f 2925 1796 2920
f 3154 3156 2924
f 2924 3156 2926
f 1791 1793 2917
f 2917 1793 2918
f 3157 3158 2927
f 2927 3158 2928
f 1780 2930 1781
f 1781 2930 3123
f 2825 1267 1189
f 1189 1267 1190
f 2827 2828 1250
f 1250 2828 1251
f 1489 2830 1324
f 1324 2830 1325
f 923 1328 1334
f 1334 1328 1335
f 1485 2832 1482
f 1482 2832 1483
f 1266 1490 1492
f 1492 1490 1493
f 1333 1346 1334
f 1334 1346 2824
f 722 799 1492
f 1492 799 1190
f 664 657 1482
f 1482 657 2833
f 631 634 1324
f 1324 634 1493
f 2828 1494 1251
f 1251 1494 2835
f 1249 3021 1250
f 1250 3021 2838
f 798 2837 1189
f 1189 2837 2836
f 3100 842 3160
f 3160 842 3159
f 1788 3101 1789
f 1789 3101 1793
f 1792 816 1789
f 1789 816 1790
f 817 816 1795
f 1795 816 1792
f 938 817 1797
f 1797 817 1795
f 1796 3155 1797
f 1797 3155 1798
f 3155 3158 1798
f 1798 3158 1799
f 3157 3152 1801
f 1801 3152 1802
f 3151 3156 1803
f 1803 3156 1804
f 3154 3153 1805
f 1805 3153 1806
f 3153 3161 1806
f 1806 3161 1807
f 3099 843 3100
f 3100 843 842
f 1788 1787 3102
f 3102 1787 3112
f 2910 3115 3124
f 3124 3115 3122
f 3099 3098 3122
f 3122 3098 3124
f 416 1907 3052
f 3052 1907 3071
f 3046 3047 3163
f 3163 3047 3162
f 249 445 259
f 259 445 3164
f 425 3165 424
f 424 3165 461
f 408 410 329
f 329 410 330
f 39 331 40
f 40 331 332
f 305 304 423
f 423 304 464
f 385 254 458
f 458 254 392
f 250 415 251
f 251 415 412
f 233 337 234
f 234 337 3166
f 435 3055 1908
f 1908 3055 3072
f 443 1909 3056
f 3056 1909 3073
f 3167 3049 3057
f 3057 3049 444
f 452 3058 1332
f 1332 3058 3069
f 234 3166 346
f 346 3166 411
f 3046 3163 462
f 462 3163 3059
f 259 3164 260
f 260 3164 336
f 3047 417 3162
f 3162 417 3053
f 463 3168 434
f 434 3168 3054
f 454 830 425
f 425 830 3165
f 3062 3169 3063
f 3063 3169 3170
f 1355 1354 1534
f 1534 1354 3171
f 3063 3170 3068
f 3068 3170 3172
f 574 3061 3062
f 3062 3061 3169
f 1534 3171 1535
f 1535 3171 3173
f 3079 2873 3172
f 3172 2873 3068
f 2838 3025 2839
f 2839 3025 3174
f 3176 3177 3175
f 3175 3177 3178
f 3180 1125 3179
f 3179 1125 1128
f 3182 3183 3181
f 3181 3183 3184
f 1134 3185 1130
f 1130 3185 3182
f 3186 3187 3189
f 3189 3187 3188
f 3191 3189 3190
f 3190 3189 3188
f 1137 1122 3190
f 3190 1122 3192
f 3175 3178 3193
f 3193 3178 3194
f 3181 3184 3179
f 3179 3184 3195
f 3197 3198 3196
f 3196 3198 3180
f 3200 3178 3199
f 3199 3178 3177
f 3202 3196 3201
f 3201 3196 3195
f 3204 3184 3203
f 3203 3184 3183
f 3206 3207 3205
f 3205 3207 3186
f 3205 3186 3208
f 3208 3186 3189
f 3209 3208 3191
f 3191 3208 3189
f 3210 3194 3200
f 3200 3194 3178
f 3201 3195 3204
f 3204 3195 3184
f 3197 3211 3177
f 3177 3211 3199
f 3213 3214 3212
f 3212 3214 3215
f 3217 3218 3216
f 3216 3218 3219
f 3221 3222 3220
f 3220 3222 3223
f 3225 3226 3224
f 3224 3226 3227
f 3229 3230 3228
f 3228 3230 3231
f 3233 3234 3232
f 3232 3234 3235
f 3237 3238 3236
f 3236 3238 3239
f 3238 3240 3239
f 3239 3240 3241
f 3232 3235 3242
f 3242 3235 3243
f 3245 3246 3244
f 3244 3246 3247
f 3248 3249 3245
f 3245 3249 3246
f 3251 3252 3250
f 3250 3252 3253
f 3255 3252 3254
f 3254 3252 3251
f 3256 3257 3259
f 3259 3257 3258
f 3261 3262 3260
f 3260 3262 3263
f 3265 3263 3264
f 3264 3263 3262
f 3256 3259 3266
f 3266 3259 3267
f 3269 3270 3268
f 3268 3270 3271
f 3269 3272 3270
f 3270 3272 3273
f 3274 3275 3277
f 3277 3275 3276
f 3278 3279 3276
f 3276 3279 3277
f 3281 3282 3280
f 3280 3282 3283
f 3280 3284 3281
f 3281 3284 3285
f 3287 3288 3286
f 3286 3288 3289
f 3290 3291 3288
f 3288 3291 3289
f 3234 3218 3235
f 3235 3218 3217
f 3232 3292 3233
f 3233 3292 3293
f 3239 3294 3236
f 3236 3294 3219
f 3233 3293 3237
f 3237 3293 3295
f 3296 3294 3241
f 3241 3294 3239
f 3240 3238 3297
f 3297 3238 3298
f 3217 3216 3235
f 3235 3216 3243
f 3297 3299 3240
f 3240 3299 3242
f 3246 3300 3247
f 3247 3300 3223
f 3301 3302 3254
f 3254 3302 3244
f 3249 3303 3246
f 3246 3303 3300
f 3245 3304 3248
f 3248 3304 3292
f 3252 3221 3253
f 3253 3221 3220
f 3250 3248 3299
f 3299 3248 3292
f 3222 3221 3255
f 3255 3221 3252
f 3297 3301 3251
f 3251 3301 3254
f 3258 3214 3259
f 3259 3214 3213
f 3257 3256 3304
f 3304 3256 3305
f 3263 3306 3260
f 3260 3306 3215
f 3261 3257 3302
f 3302 3257 3304
f 3307 3306 3265
f 3265 3306 3263
f 3262 3301 3264
f 3264 3301 3308
f 3259 3213 3267
f 3267 3213 3212
f 3308 3309 3264
f 3264 3309 3266
f 3270 3310 3271
f 3271 3310 3231
f 3311 3312 3278
f 3278 3312 3268
f 3270 3273 3310
f 3310 3273 3313
f 3272 3269 3305
f 3305 3269 3314
f 3277 3229 3274
f 3274 3229 3228
f 3275 3272 3309
f 3309 3272 3305
f 3279 3230 3277
f 3277 3230 3229
f 3276 3308 3278
f 3278 3308 3311
f 3281 3315 3282
f 3282 3315 3227
f 3290 3316 3283
f 3283 3316 3317
f 3281 3285 3315
f 3315 3285 3318
f 3284 3280 3314
f 3314 3280 3319
f 3289 3225 3286
f 3286 3225 3224
f 3287 3284 3312
f 3284 3314 3312
f 3291 3226 3289
f 3289 3226 3225
f 3288 3311 3290
f 3290 3311 3316
f 3212 3215 3307
f 3307 3215 3306
f 3294 3296 3219
f 3219 3296 3216
f 3303 3220 3300
f 3300 3220 3223
f 3224 3227 3318
f 3318 3227 3315
f 3228 3231 3313
f 3313 3231 3310
f 3234 3233 3236
f 3236 3233 3237
f 3243 3241 3242
f 3242 3241 3240
f 3247 3255 3244
f 3244 3255 3254
f 3253 3249 3250
f 3250 3249 3248
f 3260 3258 3261
f 3261 3258 3257
f 3266 3267 3264
f 3264 3267 3265
f 3268 3271 3278
f 3278 3271 3279
f 3274 3273 3275
f 3275 3273 3272
f 3283 3282 3290
f 3290 3282 3291
f 3286 3285 3287
f 3287 3285 3284
f 3218 3234 3219
f 3219 3234 3236
f 3295 3298 3237
f 3237 3298 3238
f 3216 3296 3243
f 3243 3296 3241
f 3242 3299 3232
f 3232 3299 3292
f 3223 3222 3247
f 3247 3222 3255
f 3244 3302 3245
f 3245 3302 3304
f 3303 3249 3220
f 3220 3249 3253
f 3297 3251 3299
f 3299 3251 3250
f 3215 3214 3260
f 3260 3214 3258
f 3301 3262 3302
f 3302 3262 3261
f 3212 3307 3267
f 3267 3307 3265
f 3266 3309 3256
f 3256 3309 3305
f 3271 3231 3279
f 3279 3231 3230
f 3268 3312 3269
f 3269 3312 3314
f 3228 3313 3274
f 3274 3313 3273
f 3308 3276 3309
f 3309 3276 3275
f 3282 3227 3291
f 3291 3227 3226
f 3317 3319 3283
f 3283 3319 3280
f 3224 3318 3286
f 3286 3318 3285
f 3312 3311 3287
f 3311 3288 3287
f 3320 3321 3194
f 3194 3321 3193
f 1375 3321 1121
f 1121 3321 3322
f 3323 3324 3322
f 3322 3324 3192
f 3175 1124 3176
f 3176 1124 1123
f 3179 3195 3180
f 3180 3195 3196
f 3181 1131 3182
f 3182 1131 1130
f 3207 3185 3186
f 3186 3185 3187
f 1136 3188 1133
f 1133 3188 3187
f 3190 3188 1137
f 1137 3188 1136
f 3193 1159 3175
f 3175 1159 1124
f 3179 1128 3181
f 3181 1128 1131
f 1533 3198 1123
f 1123 3198 3176
f 3321 1375 3193
f 3193 1375 1159
f 3321 3320 3322
f 3322 3320 3323
f 1122 1121 3192
f 3192 1121 3322
f 3194 3210 3320
f 3320 3210 3325
f 3324 3323 3327
f 3327 3323 3326
f 3320 3325 3323
f 3323 3325 3326
f 3208 3328 3205
f 3205 3328 3329
f 3330 3206 3329
f 3329 3206 3205
f 3203 3331 3204
f 3204 3331 3332
f 3210 3333 3325
f 3325 3333 3334
f 3325 3334 3326
f 3326 3334 3335
f 3327 3326 3336
f 3336 3326 3335
f 3327 3209 3324
f 3324 3209 3191
f 3190 3192 3191
f 3191 3192 3324
f 3338 3339 3337
f 3337 3339 3340
f 3338 3341 3339
f 3339 3341 3342
f 3341 3343 3342
f 3342 3343 3344
f 3343 3345 3344
f 3344 3345 3346
f 3345 3347 3346
f 3346 3347 3348
f 3347 3349 3348
f 3348 3349 3350
f 3337 3340 3351
f 3351 3340 3352
f 3351 3352 3353
f 3353 3352 3354
f 3353 3354 3355
f 3355 3354 3356
f 3350 3349 3357
f 3357 3349 3358
f 3355 3356 3359
f 3359 3356 3360
f 3359 3360 3361
f 3361 3360 3362
f 3361 3362 3363
f 3363 3362 3364
f 3363 3364 3358
f 3358 3364 3357
f 3339 3342 3365
f 3365 3342 3366
f 3342 3344 3366
f 3366 3344 3367
f 3344 3346 3367
f 3367 3346 3368
f 3346 3348 3368
f 3368 3348 3369
f 3348 3350 3369
f 3369 3350 3370
f 3368 3369 3371
f 3371 3369 3372
f 3369 3370 3372
f 3372 3370 3373
f 3373 3374 3372
f 3372 3374 3375
f 3377 3378 3376
f 3376 3378 3379
f 3377 3375 3378
f 3378 3375 3374
f 3375 3380 3372
f 3372 3380 3371
f 3377 3381 3375
f 3375 3381 3380
f 3376 3382 3377
f 3377 3382 3381
f 3384 3385 3383
f 3383 3385 3386
f 3384 3383 3388
f 3388 3383 3387
f 3388 3387 3389
f 3389 3387 3390
f 3392 3385 3391
f 3391 3385 3384
f 3388 3393 3384
f 3384 3393 3391
f 3389 3394 3388
f 3388 3394 3393
f 3389 3395 3394
f 3394 3395 3396
f 3395 3389 3397
f 3397 3389 3390
f 3339 3365 3340
f 3340 3365 3398
f 3340 3398 3352
f 3352 3398 3399
f 3371 3400 3368
f 3368 3400 3367
f 3400 3401 3367
f 3367 3401 3366
f 3366 3401 3365
f 3365 3401 3402
f 3398 3365 3403
f 3403 3365 3402
f 3398 3403 3399
f 3399 3403 3404
f 3403 3405 3404
f 3404 3405 3406
f 3352 3399 3354
f 3354 3399 3407
f 3399 3404 3407
f 3407 3404 3408
f 3404 3406 3408
f 3408 3406 3409
f 3405 3410 3406
f 3406 3410 3411
f 3410 3412 3411
f 3411 3412 3413
f 3397 3414 3395
f 3395 3414 3415
f 3417 3415 3416
f 3416 3415 3412
f 3410 3418 3412
f 3412 3418 3416
f 3410 3405 3418
f 3418 3405 3419
f 3405 3403 3419
f 3419 3403 3402
f 3370 3350 3420
f 3420 3350 3357
f 3373 3370 3421
f 3421 3370 3420
f 3374 3373 3422
f 3422 3373 3421
f 3378 3374 3423
f 3423 3374 3422
f 3378 3423 3379
f 3379 3423 3424
f 3424 3425 3379
f 3379 3425 3386
f 3383 3426 3387
f 3387 3426 3427
f 3387 3427 3390
f 3390 3427 3428
f 3390 3428 3397
f 3397 3428 3429
f 3429 3430 3397
f 3397 3430 3414
f 3411 3413 3431
f 3431 3413 3432
f 3406 3411 3409
f 3409 3411 3431
f 3401 3400 3335
f 3335 3400 3336
f 3401 3335 3402
f 3402 3335 3334
f 3402 3334 3419
f 3419 3334 3333
f 3419 3333 3418
f 3418 3333 3433
f 3418 3433 3416
f 3416 3433 3434
f 3435 3417 3434
f 3434 3417 3416
f 3394 3396 3436
f 3436 3396 3437
f 3393 3394 3332
f 3332 3394 3436
f 3393 3332 3391
f 3391 3332 3331
f 3330 3392 3331
f 3331 3392 3391
f 3382 3329 3381
f 3381 3329 3328
f 3354 3407 3356
f 3356 3407 3438
f 3356 3438 3360
f 3360 3438 3439
f 3360 3439 3362
f 3362 3439 3440
f 3362 3440 3364
f 3364 3440 3441
f 3364 3441 3357
f 3357 3441 3420
f 3421 3420 3442
f 3442 3420 3441
f 3442 3441 3443
f 3443 3441 3440
f 3443 3440 3444
f 3444 3440 3439
f 3444 3439 3445
f 3445 3439 3438
f 3445 3438 3408
f 3408 3438 3407
f 3422 3421 3446
f 3446 3421 3442
f 3446 3442 3447
f 3447 3442 3443
f 3447 3443 3448
f 3448 3443 3444
f 3448 3444 3449
f 3449 3444 3445
f 3449 3445 3409
f 3409 3445 3408
f 3409 3431 3449
f 3449 3431 3450
f 3449 3450 3448
f 3448 3450 3451
f 3451 3452 3448
f 3448 3452 3447
f 3447 3452 3446
f 3446 3452 3453
f 3446 3453 3422
f 3422 3453 3423
f 3424 3423 3454
f 3454 3423 3453
f 3452 3455 3453
f 3453 3455 3454
f 3452 3451 3455
f 3455 3451 3456
f 3450 3457 3451
f 3451 3457 3456
f 3431 3432 3450
f 3450 3432 3457
f 3454 3458 3424
f 3424 3458 3425
f 3427 3426 3459
f 3459 3426 3460
f 3428 3427 3461
f 3461 3427 3459
f 3428 3461 3429
f 3429 3461 3462
f 3462 3463 3429
f 3429 3463 3430
f 3464 3465 3462
f 3462 3465 3463
f 3455 3466 3454
f 3454 3466 3458
f 3465 3464 3466
f 3466 3464 3467
f 3461 3459 3468
f 3468 3459 3469
f 3468 3469 3464
f 3464 3469 3467
f 3464 3462 3468
f 3468 3462 3461
f 3459 3460 3469
f 3469 3460 3467
f 3295 3351 3298
f 3298 3351 3353
f 3353 3355 3298
f 3298 3355 3297
f 3297 3355 3301
f 3301 3355 3359
f 3301 3359 3308
f 3308 3359 3361
f 3308 3361 3311
f 3311 3361 3363
f 3311 3363 3316
f 3316 3363 3358
f 3316 3358 3317
f 3317 3358 3349
f 3349 3347 3317
f 3317 3347 3319
f 3347 3345 3319
f 3319 3345 3314
f 3345 3343 3314
f 3314 3343 3305
f 3343 3341 3305
f 3305 3341 3304
f 3304 3341 3292
f 3292 3341 3338
f 3292 3338 3293
f 3293 3338 3337
f 3293 3337 3295
f 3295 3337 3351
f 3437 3202 3436
f 3436 3202 3201
f 3436 3201 3332
f 3332 3201 3204
f 3433 3200 3434
f 3434 3200 3199
f 3211 3435 3199
f 3199 3435 3434
f 3333 3210 3433
f 3433 3210 3200
f 3380 3470 3371
f 3400 3371 3336
f 3336 3371 3470
f 3381 3328 3380
f 3380 3328 3470
f 3470 3328 3209
f 3209 3328 3208
f 3336 3470 3327
f 3327 3470 3209
f 1545 1763 1546
f 1546 1763 1762
f 1403 1546 773
f 773 1546 770
f 1221 3013 1220
f 1220 3013 3471
f 1305 2877 1306
f 1306 2877 2879
f 1220 3471 828
f 828 3471 829
f 1217 1754 3472
f 3472 1754 1756
f 1049 3473 1048
f 1048 3473 3474
f 1371 1179 3473
f 3473 1179 3474
f 1074 3475 1179
f 1179 3475 3474
f 3474 3475 1048
f 1048 3475 1056
f 919 666 1345
f 1345 666 665
f 856 680 919
f 919 680 666
f 679 680 1449
f 1449 680 858
f 1367 878 1500
f 1500 878 877
f 1366 908 1367
f 1367 908 878
f 1512 916 1513
f 1513 916 915
f 947 1368 948
f 948 1368 1369
f 1047 1021 1044
f 1044 1021 1020
f 1370 1049 1019
f 1019 1049 1020
f 1173 1030 1174
f 1174 1030 1033
f 3126 1188 1464
f 1464 1188 1187
f 1800 1451 1512
f 1512 1451 916
f 1175 1174 1186
f 1186 1174 1187
f 1030 1173 1047
f 1047 1173 1021
f 1513 915 3476
f 3476 915 1481
f 1345 665 3477
f 3477 665 1483
f 1502 1501 876
f 876 1501 877
f 1205 1451 1803
f 1803 1451 1802
f 3479 2832 3478
f 3478 2832 2831
f 1449 858 2927
f 2927 858 2922
f 908 1366 947
f 947 1366 1368
f 949 948 3126
f 3126 948 1188
f 3480 3135 1502
f 1502 3135 1501
f 2927 2922 3157
f 3157 2922 3152
f 3477 1483 3479
f 3479 1483 2832
f 1803 1802 3151
f 3151 1802 3152
f 663 658 664
f 664 658 657
f 655 658 939
f 939 658 706
f 1512 870 1800
f 1800 870 869
f 875 874 876
f 876 874 873
f 849 874 905
f 905 874 958
f 949 962 946
f 946 962 961
f 978 3126 979
f 979 3126 1464
f 1031 1168 1032
f 1032 1168 1022
f 1045 1013 1046
f 1046 1013 1012
f 1045 1044 1056
f 1056 1044 1048
f 1047 1046 1030
f 1030 1046 1031
f 939 706 940
f 940 706 1450
f 979 1464 1032
f 1032 1464 1033
f 3480 1478 3476
f 3476 1478 3134
f 2829 1487 2830
f 2830 1487 1486
f 848 1230 873
f 873 1230 1479
f 867 870 933
f 933 870 1514
f 1800 869 1801
f 1801 869 1799
f 2830 1486 1325
f 1325 1486 2833
f 940 1450 2925
f 2925 1450 2928
f 946 961 907
f 907 961 958
f 959 962 977
f 977 962 978
f 3476 3134 1513
f 1513 3134 1514
f 2925 2928 3155
f 3155 2928 3158
f 1325 2833 656
f 656 2833 657
f 1801 1799 3157
f 3157 1799 3158
f 1074 1055 3475
f 3475 1055 1056
f 1371 3473 1370
f 1370 3473 1049
f 2884 615 3481
f 3481 615 618
f 3478 2831 2846
f 2846 2831 617
f 2831 1484 617
f 617 1484 618
f 1484 1487 618
f 618 1487 3481
f 2848 3481 2829
f 2829 3481 1487
f 1480 1517 1161
f 1161 1517 1162
f 3129 1323 1455
f 1455 1323 1322
f 3129 3134 1323
f 1323 3134 1478
f 1535 3173 1515
f 1515 3173 1516
f 3085 3095 3137
f 3137 3095 3094
f 3137 3094 3138
f 3138 3094 3104
f 3117 3139 3105
f 3105 3139 3106
f 1138 1141 3127
f 3127 1141 3128
f 3081 3131 1264
f 1264 3131 3130
f 1227 1226 3132
f 3132 1226 3133
f 1264 3130 1229
f 1229 3130 1322
f 1160 1501 1161
f 1161 1501 3135
f 1141 1476 3128
f 3128 1476 3136
f 1226 1163 3133
f 3133 1163 1162
f 1363 1138 1515
f 1515 1138 3127
f 3084 3095 3081
f 3081 3095 3131
f 3089 884 3105
f 3105 884 3140
f 884 883 3140
f 3140 883 3141
f 883 3482 3141
f 3141 3482 3142
f 3476 1481 3480
f 3480 1481 3135
f 1502 1479 3480
f 3480 1479 1478
f 3168 463 440
f 714 1880 715
f 715 1880 2905
f 896 732 2970
f 2970 732 731
f 1263 834 3082
f 3082 834 833
f 898 1231 853
f 853 1231 854
f 3125 890 2931
f 2931 890 889
f 1237 893 2851
f 2851 893 892
f 898 853 899
f 899 853 963
f 988 987 989
f 989 987 986
f 1002 1007 1003
f 1003 1007 1006
f 1038 1036 1007
f 1007 1036 1004
f 1070 1052 1005
f 1005 1052 1006
f 1069 1067 1070
f 1070 1067 1052
f 1130 1129 1134
f 1134 1129 1135
f 879 1167 880
f 880 1167 1166
f 1171 1169 1037
f 1037 1169 1038
f 1085 1180 1069
f 1069 1180 1067
f 1209 1210 879
f 879 1210 1167
f 2885 1215 1754
f 1754 1215 1214
f 1263 855 834
f 834 855 854
f 708 1244 1826
f 1826 1244 1243
f 2909 894 1254
f 1254 894 893
f 1228 1361 964
f 964 1361 1360
f 2908 2907 1436
f 1436 2907 1437
f 2990 1440 2991
f 2991 1440 1439
f 964 1360 965
f 965 1360 1454
f 950 1457 951
f 951 1457 1456
f 970 1463 971
f 971 1463 1462
f 1025 1169 984
f 984 1169 986
f 1084 1097 1469
f 1469 1097 1470
f 1096 1115 1474
f 1474 1115 1475
f 1140 1361 1141
f 1141 1361 1476
f 1212 1495 2828
f 2828 1495 1494
f 880 1166 1452
f 1452 1166 1499
f 715 2905 1504
f 1504 2905 2906
f 954 1519 955
f 955 1519 1518
f 1026 1520 992
f 992 1520 1518
f 1029 1520 1043
f 1043 1520 1521
f 997 1522 1040
f 1040 1522 1521
f 1015 1522 1016
f 1016 1522 1523
f 1523 996 1524
f 1524 996 1062
f 1057 1060 1525
f 1525 1060 1524
f 1094 1528 1082
f 1082 1528 1527
f 1526 1528 1089
f 1089 1528 1529
f 1090 1531 1108
f 1108 1531 1530
f 1125 1533 1126
f 1126 1533 1532
f 3483 1755 727
f 727 1755 1214
f 735 1814 707
f 707 1814 1813
f 2891 1834 1246
f 1246 1834 1243
f 2904 1881 1847
f 1847 1881 1848
f 1852 1855 1853
f 1853 1855 1858
f 1902 2903 1877
f 1877 2903 1878
f 2903 2904 1878
f 1878 2904 1847
f 714 713 1848
f 1848 713 1849
f 1440 2990 1883
f 1883 2990 2989
f 1883 2989 1852
f 1852 2989 1855
f 2895 1888 2892
f 2892 1888 1887
f 774 777 1877
f 1877 777 1903
f 1251 2835 1252
f 1252 2835 2834
f 1213 2844 1212
f 1212 2844 1495
f 2851 892 1213
f 1213 892 2844
f 3123 2911 3124
f 3124 2911 2910
f 887 2929 888
f 888 2929 889
f 1435 2963 1436
f 1436 2963 2961
f 1253 1438 1254
f 1254 1438 1437
f 2970 731 735
f 735 731 1814
f 733 732 2885
f 2885 732 1215
f 2901 2902 2976
f 2976 2902 2977
f 2975 2982 2976
f 2976 2982 2979
f 2899 2900 2981
f 2981 2900 2979
f 2899 2981 2898
f 2898 2981 2983
f 2986 2985 2984
f 2984 2985 2983
f 2897 2985 2896
f 2896 2985 2988
f 2991 1439 2987
f 2987 1439 2988
f 777 2978 1903
f 1903 2978 2977
f 1885 1888 1858
f 1858 1888 1853
f 3090 3088 836
f 836 3088 833
f 3083 3088 3097
f 3097 3088 3096
f 3097 3096 3104
f 3104 3096 3106
f 3111 3116 3108
f 3108 3116 3109
f 3112 3111 3114
f 3114 3111 3108
f 3113 3122 3114
f 3114 3122 3115
f 891 890 2837
f 2837 890 2834
f 951 1456 954
f 954 1456 1519
f 967 1457 936
f 936 1457 1454
f 971 1462 902
f 902 1462 963
f 1461 1463 988
f 988 1463 987
f 1466 1468 1474
f 1474 1468 1470
f 1089 1529 1090
f 1090 1529 1531
f 1184 1181 1469
f 1469 1181 1180
f 1082 1527 1061
f 1061 1527 1525
f 1129 1473 1135
f 1135 1473 1475
f 1108 1530 1105
f 1105 1530 1532
f 1452 1499 3132
f 3132 1499 3136
f 3109 3116 3139
f 3139 3116 3138
f 2912 2911 887
f 887 2911 2929
f 2836 2835 1497
f 1497 2835 1494
f 2913 3102 2910
f 2910 3102 3115
f 1133 3187 1134
f 1134 3187 3185
f 3177 3176 3197
f 3197 3176 3198
f 3203 3183 3206
f 3206 3183 3207
f 3196 3202 3197
f 3197 3202 3211
f 3183 3182 3207
f 3207 3182 3185
f 1125 3180 1533
f 1533 3180 3198
f 3331 3203 3330
f 3330 3203 3206
f 3376 3379 3385
f 3385 3379 3386
f 3382 3376 3392
f 3392 3376 3385
f 3412 3415 3413
f 3413 3415 3414
f 3417 3396 3415
f 3415 3396 3395
f 3383 3386 3426
f 3426 3386 3425
f 3413 3414 3432
f 3432 3414 3430
f 3437 3396 3435
f 3435 3396 3417
f 3329 3382 3330
f 3330 3382 3392
f 3426 3425 3460
f 3460 3425 3458
f 3432 3430 3457
f 3457 3430 3463
f 3457 3463 3456
f 3456 3463 3465
f 3460 3458 3467
f 3467 3458 3466
f 3466 3455 3465
f 3465 3455 3456
f 3202 3437 3211
f 3211 3437 3435
f 3104 3106 3138
f 3138 3106 3139
f 3132 3136 1227
f 1227 3136 1476
f 943 687 600
f 600 687 601
f 596 625 667
f 667 625 1297
f 687 686 601
f 601 686 653
f 1319 784 711
f 711 784 712
f 1811 607 783
f 783 607 712
f 862 921 917
f 917 921 920
f 3478 925 3479
f 3479 925 924
f 2846 926 3478
f 3478 926 925
f 659 662 929
f 929 662 930
f 856 921 857
f 857 921 1204
f 1206 864 1207
f 1207 864 863
f 2876 1219 2877
f 2877 1219 1218
f 667 1297 593
f 593 1297 1296
f 917 920 1333
f 1333 920 1346
f 686 693 653
f 653 693 930
f 1277 913 1498
f 1498 913 1207
f 592 1536 610
f 610 1536 711
f 864 1206 1805
f 1805 1206 1804
f 1317 1536 1900
f 1900 1536 1809
f 1900 1809 1295
f 1295 1809 1296
f 3479 924 3477
f 3477 924 2824
f 927 926 1203
f 1203 926 2847
f 3484 2859 3032
f 3032 2859 3033
f 3472 2878 1217
f 1217 2878 1218
f 2889 2888 2880
f 2880 2888 2881
f 2886 2883 2887
f 2887 2883 2882
f 929 928 2847
f 2847 928 1203
f 857 1204 2921
f 2921 1204 2926
f 1820 1819 2882
f 2882 1819 2881
f 1821 2883 2876
f 2876 2883 1219
f 782 2889 783
f 783 2889 2880
f 1352 3034 1353
f 1353 3034 3033
f 3031 3034 3041
f 3041 3034 3043
f 944 943 3043
f 3043 943 600
f 1339 3145 1498
f 1498 3145 3143
f 1208 882 3148
f 3148 882 3143
f 2921 2926 3151
f 3151 2926 3156
f 3477 2824 1345
f 1345 2824 1346
f 1805 1804 3154
f 3154 1804 3156
f 886 3103 883
f 883 3103 3482
f 841 1248 3485
f 3485 1248 3121
f 2811 2819 2812
f 2812 2819 2816
f 2818 2815 2817
f 2817 2815 2806
f 2817 2816 2818
f 2818 2816 2819
f 2793 2795 2819
f 2819 2795 2818
f 243 352 2793
f 2793 352 2795
f 242 353 243
f 243 353 352
f 359 191 242
f 242 191 353
f 247 192 359
f 359 192 191
f 157 193 247
f 247 193 192
f 156 194 157
f 157 194 193
f 378 261 156
f 156 261 194
f 378 381 261
f 261 381 195
f 195 381 196
f 196 381 376
f 196 376 198
f 198 376 375
f 375 1776 198
f 198 1776 197
f 1776 1767 197
f 197 1767 274
f 181 274 199
f 199 274 1767
f 568 566 564
f 564 566 563
f 568 569 566
f 566 569 567
f 501 1773 1771
f 1771 1773 578
f 547 579 1773
f 1773 579 578
f 3486 470 474
f 474 470 469
f 450 582 3487
f 3487 582 3488
f 582 583 3488
f 3488 583 3489
f 583 584 3489
f 3489 584 3490
f 3490 584 3491
f 3491 584 543
f 470 3486 466
f 466 3486 467
f 3489 3490 503
f 503 3490 504
f 503 3492 3489
f 3489 3492 3488
f 3492 503 3493
f 3493 503 502
f 3495 3492 3494
f 3494 3492 3493
f 3487 3488 3495
f 3495 3488 3492
f 468 1774 465
f 465 1774 570
f 3494 3493 1775
f 1775 3493 1771
f 3490 3491 504
f 504 3491 1772
f 3491 543 1772
f 1772 543 548
f 450 3487 474
f 474 3487 3486
f 3495 467 3487
f 3487 467 3486
f 3494 468 3495
f 3495 468 467
f 468 3494 1774
f 1774 3494 1775
f 501 1771 502
f 502 1771 3493
f 527 366 384
f 384 366 365
f 522 524 527
f 527 524 366
f 521 534 522
f 522 534 524
f 530 535 521
f 521 535 534
f 508 486 513
f 513 486 532
f 513 532 541
f 541 532 535
f 667 668 596
f 596 668 597
f 1294 1297 624
f 624 1297 625
f 603 641 604
f 604 641 640
f 1290 1293 650
f 650 1293 651
f 1758 691 660
f 660 691 661
f 602 671 599
f 599 671 670
f 654 662 690
f 690 662 661
f 2856 598 695
f 695 598 597
f 602 654 671
f 671 654 690
f 604 640 676
f 676 640 704
f 1826 1829 708
f 708 1829 709
f 1288 1284 740
f 740 1284 741
f 755 754 758
f 758 754 759
f 2853 2856 932
f 932 2856 695
f 689 691 1192
f 1192 691 1193
f 784 1319 1240
f 1240 1319 1241
f 1813 1816 1244
f 1244 1816 1245
f 754 1288 759
f 759 1288 740
f 1894 1242 1318
f 1318 1242 1241
f 2867 1348 1418
f 1418 1348 1347
f 676 704 673
f 673 704 1347
f 1284 1287 741
f 741 1287 1419
f 1421 1426 1422
f 1422 1426 1425
f 1758 660 615
f 615 660 616
f 1192 1191 1421
f 1421 1191 1426
f 2962 1839 1504
f 1504 1839 1505
f 941 1194 1759
f 1759 1194 1193
f 1287 1537 1419
f 1419 1537 1760
f 1882 2893 1823
f 1823 2893 1824
f 1886 1891 1827
f 1827 1891 1828
f 1887 1886 1834
f 1834 1886 1827
f 1841 716 1838
f 1838 716 1505
f 782 784 1850
f 1850 784 1240
f 1239 1242 1863
f 1863 1242 1864
f 1242 1894 1864
f 1864 1894 1873
f 1822 1239 1823
f 1823 1239 1863
f 1318 1317 1895
f 1895 1317 1900
f 1894 1896 1873
f 1873 1896 1897
f 1291 1896 1292
f 1292 1896 1895
f 605 1898 606
f 606 1898 1897
f 1258 1257 2854
f 2854 1257 2855
f 1257 1351 2855
f 2855 1351 2857
f 1351 1353 2857
f 2857 1353 2858
f 1353 3033 2858
f 2858 3033 2859
f 2860 2861 3036
f 3036 2861 3037
f 2862 2863 2870
f 2870 2863 3039
f 2870 2869 2862
f 2862 2869 2864
f 2868 2865 2869
f 2869 2865 2864
f 1764 2866 2868
f 2868 2866 2865
f 1537 1199 1760
f 1760 1199 1348
f 615 2884 1758
f 1758 2884 1759
f 1825 1246 2890
f 2890 1246 1245
f 2893 2892 1824
f 1824 2892 2891
f 761 2960 758
f 758 2960 2906
f 3000 2943 2940
f 2940 2943 2941
f 2968 710 2950
f 2950 710 709
f 1764 1423 2866
f 2866 1423 2953
f 1423 645 2953
f 2953 645 2954
f 645 644 2954
f 2954 644 2955
f 644 738 2955
f 2955 738 2956
f 738 764 2956
f 2956 764 2957
f 764 763 2957
f 2957 763 2958
f 763 2908 2958
f 2958 2908 2959
f 2908 1436 2959
f 2959 1436 2961
f 1837 2964 1435
f 1435 2964 2963
f 1837 2937 2964
f 2964 2937 2965
f 2936 2968 2966
f 2966 2968 2950
f 1840 2942 1838
f 1838 2942 2941
f 2939 2949 2940
f 2940 2949 3006
f 2939 2942 2966
f 2966 2942 2965
f 1822 1825 1850
f 1850 1825 2890
f 1891 3005 1828
f 1828 3005 3006
f 3035 3038 3045
f 3045 3038 3042
f 3045 3044 3035
f 3035 3044 3040
f 669 1422 3045
f 3045 1422 3044
f 599 670 3041
f 3041 670 3042
f 931 3067 932
f 932 3067 3065
f 2853 3066 2854
f 2854 3066 3076
f 3067 3496 3065
f 3065 3496 3497
f 3066 3498 3076
f 3076 3498 3499
f 707 1813 708
f 708 1813 1244
f 2960 2962 2906
f 2906 2962 1504
f 2892 1887 2891
f 2891 1887 1834
f 1839 2962 2963
f 2963 2962 2961
f 595 626 596
f 596 626 625
f 623 626 3484
f 3484 626 2859
f 1291 1290 606
f 606 1290 603
f 1290 650 603
f 603 650 641
f 641 650 642
f 642 650 649
f 2860 2863 649
f 649 2863 642
f 3036 3039 2860
f 2860 3039 2863
f 3035 3040 3036
f 3036 3040 3039
f 1294 1293 1295
f 1295 1293 1292
f 624 651 1294
f 1294 651 1293
f 623 652 624
f 624 652 651
f 3484 2861 623
f 623 2861 652
f 3032 3037 3484
f 3484 3037 2861
f 3031 3038 3032
f 3032 3038 3037
f 3481 2848 2884
f 2884 2848 942
f 2846 617 1427
f 1427 617 616
f 3049 3167 3048
f 3048 3167 3500
f 1906 3048 3070
f 3070 3048 3500
f 1337 1768 3501
f 3501 1768 3502
f 3020 3503 3021
f 3021 3503 3024
f 2914 3023 3020
f 3020 3023 3503
f 859 1770 860
f 860 1770 3504
f 1336 3505 1768
f 1768 3505 3502
f 3065 3497 3066
f 3066 3497 3498
f 2814 3075 3067
f 3067 3075 3496
f 2839 3174 766
f 766 3174 3017
f 1337 3501 1338
f 1338 3501 1769
f 767 3018 3026
f 3026 3018 3506
f 3076 3499 3064
f 3064 3499 3507
f 727 730 3483
f 3483 730 3030
f 3064 3507 2871
f 2871 3507 3077
f 3100 3160 1786
f 1786 3160 1784
f 3026 3506 752
f 752 3506 3015
f 860 3504 2923
f 2923 3504 3508
f 753 3016 3027
f 3027 3016 3509
f 3027 3509 3008
f 3008 3509 3028
f 1782 1785 1783
f 1783 1785 3022
f 2923 3508 3153
f 3153 3508 3161
f 3148 3149 1208
f 1208 3149 3150
f 1335 1328 3510
f 3510 1328 1327
f 1336 1335 3505
f 3505 1335 3510
f 866 3511 1340
f 1340 3511 3146
f 865 1808 866
f 866 1808 3511
f 842 841 3159
f 3159 841 3485
f 2849 3512 1329
f 1329 3512 1326
f 1202 1331 2849
f 2849 1331 3512
f 3514 3515 3513
f 3513 3515 3516
f 3518 3516 3517
f 3517 3516 3515
f 3519 3520 3514
f 3514 3520 3515
f 3522 3523 3521
f 3521 3523 3524
f 3526 3527 3525
f 3525 3527 3528
f 3530 3531 3529
f 3529 3531 3532
f 3534 3535 3533
f 3533 3535 3536
f 3529 3532 3537
f 3537 3532 3538
f 3537 3539 3529
f 3529 3539 3540
f 3542 3543 3541
f 3541 3543 3544
f 3546 3547 3545
f 3545 3547 3548
f 3550 3534 3549
f 3549 3534 3533
f 3550 3543 3551
f 3551 3543 3552
f 3537 3545 3539
f 3539 3545 3548
f 3553 3554 3556
f 3556 3554 3555
f 3537 3557 3545
f 3545 3557 3546
f 3558 3559 3561
f 3561 3559 3560
f 3563 3564 3562
f 3562 3564 3565
f 3564 3563 3566
f 3566 3563 3567
f 3569 3570 3568
f 3568 3570 3571
f 3573 3574 3572
f 3572 3574 3575
f 3577 3578 3576
f 3576 3578 3579
f 3581 3582 3580
f 3580 3582 3583
f 3585 3586 3584
f 3584 3586 3579
f 3586 3587 3579
f 3579 3587 3576
f 3589 3590 3588
f 3588 3590 3591
f 3592 3593 3595
f 3595 3593 3594
f 3597 3598 3596
f 3596 3598 3595
f 3583 3600 3599
f 3599 3600 3601
f 3603 3599 3602
f 3602 3599 3601
f 3605 3606 3604
f 3604 3606 3607
f 3608 3555 3596
f 3596 3555 3554
f 3597 3610 3609
f 3609 3610 3565
f 3564 3611 3565
f 3565 3611 3609
f 3611 3564 3612
f 3612 3564 3566
f 3613 3614 3569
f 3569 3614 3570
f 3615 3616 3573
f 3573 3616 3574
f 3517 3617 3518
f 3518 3617 3618
f 3620 3621 3619
f 3619 3621 3622
f 3624 3625 3623
f 3623 3625 3626
f 3628 3629 3627
f 3627 3629 3630
f 3632 3633 3631
f 3631 3633 3634
f 3636 3637 3635
f 3635 3637 3638
f 3640 3641 3639
f 3639 3641 3642
f 3643 3644 3639
f 3639 3644 3640
f 3646 3513 3645
f 3645 3513 3647
f 3648 3514 3646
f 3646 3514 3513
f 3649 3519 3648
f 3648 3519 3514
f 3650 3651 3527
f 3527 3651 3652
f 3654 3651 3653
f 3653 3651 3650
f 3568 3571 3655
f 3655 3571 3656
f 3657 3658 3653
f 3653 3658 3659
f 3661 3662 3660
f 3660 3662 3658
f 3664 3665 3663
f 3663 3665 3666
f 3667 3657 3650
f 3650 3657 3653
f 3669 3523 3668
f 3668 3523 3670
f 3672 3673 3671
f 3671 3673 3674
f 3676 3677 3675
f 3675 3677 3678
f 3671 3674 3676
f 3676 3674 3677
f 3680 3681 3679
f 3679 3681 3682
f 3683 3684 3680
f 3680 3684 3681
f 3685 3686 3661
f 3661 3686 3662
f 3686 3687 3662
f 3662 3687 3688
f 3684 3683 3689
f 3689 3683 3690
f 3692 3693 3691
f 3691 3693 3694
f 3691 3694 3695
f 3695 3694 3696
f 3698 3699 3697
f 3697 3699 3700
f 3702 3703 3701
f 3701 3703 3704
f 3705 3706 3519
f 3519 3706 3520
f 3673 3672 3707
f 3707 3672 3708
f 3709 3710 3682
f 3682 3710 3679
f 3711 3712 3692
f 3692 3712 3693
f 3714 3715 3713
f 3713 3715 3716
f 3718 3700 3717
f 3717 3700 3699
f 3720 3721 3719
f 3719 3721 3722
f 3724 3725 3723
f 3723 3725 3726
f 3727 3728 3730
f 3730 3728 3729
f 3722 3721 3731
f 3731 3721 3732
f 3697 3700 3733
f 3733 3700 3714
f 3733 3714 3734
f 3734 3714 3713
f 3721 3723 3732
f 3732 3723 3735
f 3720 3736 3724
f 3724 3736 3737
f 3700 3718 3714
f 3714 3718 3715
f 3717 3699 3738
f 3738 3699 3739
f 3536 3740 3533
f 3533 3740 3540
f 3742 3743 3741
f 3741 3743 3744
f 3746 3747 3745
f 3745 3747 3748
f 3750 3751 3749
f 3749 3751 3752
f 3627 3632 3628
f 3628 3632 3631
f 3754 3755 3753
f 3753 3755 3626
f 3562 3565 3756
f 3756 3565 3610
f 3527 3652 3528
f 3528 3652 3757
f 3758 3524 3669
f 3669 3524 3523
f 3582 3598 3583
f 3583 3598 3600
f 3759 3670 3522
f 3522 3670 3523
f 3675 3678 3760
f 3760 3678 3761
f 3762 3763 3690
f 3690 3763 3689
f 3765 3766 3764
f 3764 3766 3767
f 3768 3739 3698
f 3698 3739 3699
f 3726 3725 3770
f 3770 3725 3769
f 3645 3647 3771
f 3771 3647 3772
f 3645 3678 3646
f 3646 3678 3677
f 3646 3677 3648
f 3648 3677 3674
f 3673 3649 3674
f 3674 3649 3648
f 3707 3773 3673
f 3673 3773 3649
f 3775 3776 3774
f 3774 3776 3777
f 3779 3526 3778
f 3778 3526 3525
f 3526 3779 3667
f 3667 3779 3780
f 3780 3781 3667
f 3667 3781 3657
f 3672 3679 3708
f 3708 3679 3710
f 3671 3680 3672
f 3672 3680 3679
f 3676 3683 3671
f 3671 3683 3680
f 3675 3690 3676
f 3676 3690 3683
f 3760 3762 3675
f 3675 3762 3690
f 3682 3681 3783
f 3783 3681 3782
f 3689 3784 3684
f 3684 3784 3785
f 3684 3785 3681
f 3681 3785 3782
f 3786 3709 3783
f 3783 3709 3682
f 3784 3689 3787
f 3787 3689 3763
f 3789 3557 3788
f 3788 3557 3790
f 3792 3793 3791
f 3791 3793 3794
f 3616 3615 3795
f 3795 3615 3796
f 3797 3798 3727
f 3727 3798 3728
f 3800 3801 3799
f 3799 3801 3802
f 3803 3578 3592
f 3592 3578 3593
f 3805 3806 3804
f 3804 3806 3807
f 3599 3603 3585
f 3585 3603 3586
f 3587 3586 3604
f 3604 3586 3603
f 3588 3591 3794
f 3794 3591 3791
f 3581 3803 3582
f 3582 3803 3592
f 3594 3561 3608
f 3608 3561 3790
f 3662 3688 3808
f 3808 3688 3809
f 3665 3664 3810
f 3810 3664 3811
f 3719 3812 3720
f 3720 3812 3736
f 3717 3813 3718
f 3718 3813 3737
f 3723 3721 3724
f 3724 3721 3720
f 3813 3717 3814
f 3814 3717 3738
f 3815 3816 303
f 303 3816 304
f 3818 3819 3817
f 3817 3819 3820
f 3578 3803 3579
f 3579 3803 3584
f 3558 3593 3577
f 3577 3593 3578
f 3822 3823 3821
f 3821 3823 3824
f 3546 3826 3825
f 3825 3826 3827
f 3828 3829 3547
f 3547 3829 3541
f 3831 3542 3830
f 3830 3542 3832
f 3834 3822 3833
f 3833 3822 3821
f 3835 3836 3827
f 3827 3836 3825
f 3800 3799 3828
f 3828 3799 3829
f 3830 3832 3837
f 3837 3832 3838
f 331 330 3551
f 3551 330 3839
f 3831 333 3552
f 3552 333 332
f 3819 3797 3841
f 3841 3797 3840
f 3513 3516 3647
f 3647 3516 3746
f 337 336 3745
f 3745 336 3772
f 3525 3528 3775
f 3775 3528 3749
f 3610 3597 3554
f 3554 3597 3596
f 3706 3702 3520
f 3520 3702 3701
f 3756 3610 3553
f 3553 3610 3554
f 3757 3750 3528
f 3528 3750 3749
f 3517 3515 3701
f 3701 3515 3520
f 3842 3584 3581
f 3581 3584 3803
f 3525 3775 3778
f 3778 3775 3774
f 3638 3843 3635
f 3635 3843 3618
f 3617 3621 3618
f 3618 3621 3635
f 3617 3517 3704
f 3704 3517 3701
f 3521 3624 3522
f 3522 3624 3623
f 3749 3844 3775
f 3775 3844 3776
f 3846 3847 3845
f 3845 3847 3848
f 3843 3747 3618
f 3618 3747 3518
f 3850 3851 3849
f 3849 3851 3748
f 3853 3854 3852
f 3852 3854 3855
f 3856 3857 3622
f 3622 3857 3619
f 3859 3860 3858
f 3858 3860 3861
f 3862 3844 3752
f 3752 3844 3749
f 3863 3759 3623
f 3623 3759 3522
f 3864 3777 3630
f 3630 3777 3776
f 3713 3865 3734
f 3734 3865 3866
f 3868 3869 3867
f 3867 3869 3870
f 3872 3873 3871
f 3871 3873 3874
f 3876 3877 3875
f 3875 3877 3878
f 3879 3880 3878
f 3878 3880 3881
f 3882 3883 3885
f 3885 3883 3884
f 3780 3886 3781
f 3781 3886 3887
f 3888 3685 3869
f 3869 3685 3661
f 3880 3879 3883
f 3883 3879 3884
f 3693 3783 3694
f 3694 3783 3782
f 3696 3785 3764
f 3764 3785 3784
f 3694 3782 3696
f 3696 3782 3785
f 3693 3786 3783
f 3787 3765 3784
f 3784 3765 3764
f 386 385 3765
f 3765 385 3766
f 3695 3889 3691
f 3691 3889 3890
f 3691 3890 3692
f 3692 3890 3891
f 3892 3711 3891
f 3891 3711 3692
f 3767 3893 3695
f 3695 3893 3889
f 3766 3894 3767
f 3767 3894 3893
f 3882 3885 3895
f 3895 3885 3896
f 3898 3698 3897
f 3897 3698 3697
f 3897 3697 3899
f 3899 3697 3733
f 3899 3733 3900
f 3900 3733 3734
f 3901 3768 3898
f 3898 3768 3698
f 3901 3902 3768
f 3768 3902 3903
f 3904 3905 3907
f 3907 3905 3906
f 3869 3661 3870
f 3870 3661 3660
f 3908 3909 3896
f 3896 3909 3895
f 3909 3758 3895
f 3895 3758 3669
f 3751 3531 3752
f 3752 3531 3848
f 3858 3536 3854
f 3854 3536 3535
f 3652 3562 3757
f 3757 3562 3756
f 3651 3654 3563
f 3563 3654 3567
f 3655 3656 3808
f 3808 3656 3659
f 3530 3740 3845
f 3845 3740 3861
f 3751 3750 3556
f 3556 3750 3553
f 3817 3820 3796
f 3796 3820 3795
f 410 409 3910
f 3910 409 3855
f 3750 3757 3553
f 3553 3757 3756
f 3908 3886 3909
f 3909 3886 3780
f 409 411 3855
f 3855 411 3851
f 413 412 3760
f 3760 412 3762
f 415 414 3763
f 3763 414 3787
f 3790 3557 3538
f 3538 3557 3537
f 3555 3608 3538
f 3538 3608 3790
f 3574 3911 3575
f 3575 3911 3912
f 3535 3534 3910
f 3910 3534 3839
f 3831 3552 3542
f 3542 3552 3543
f 3534 3550 3839
f 3839 3550 3551
f 3543 3550 3544
f 3544 3550 3549
f 3913 3914 3916
f 3916 3914 3915
f 3806 3805 3589
f 3589 3805 3590
f 3849 3843 3917
f 3917 3843 3638
f 3853 3644 3859
f 3859 3644 3742
f 3747 3746 3518
f 3518 3746 3516
f 3695 3696 3767
f 3767 3696 3764
f 3903 3918 3768
f 3768 3918 3739
f 3738 3739 3816
f 3816 3739 3918
f 3919 3920 3769
f 3769 3920 3770
f 3921 3726 3922
f 3922 3726 3770
f 3678 3645 3761
f 3761 3645 3771
f 3924 3913 3923
f 3923 3913 3916
f 3802 3925 3838
f 3838 3925 3837
f 3577 3926 3558
f 3558 3926 3559
f 3815 3919 3814
f 3814 3919 3769
f 3927 3928 3822
f 3822 3928 3823
f 3829 3832 3541
f 3541 3832 3542
f 3834 3927 3822
f 3832 3829 3838
f 3838 3829 3799
f 3745 3772 3746
f 3746 3772 3647
f 3849 3748 3843
f 3843 3748 3747
f 3854 3853 3858
f 3858 3853 3859
f 3854 3535 3855
f 3855 3535 3910
f 3557 3789 3546
f 3546 3789 3826
f 3923 3823 3924
f 3924 3823 3928
f 3823 3923 3929
f 3929 3923 3930
f 3531 3751 3532
f 3532 3751 3556
f 3532 3556 3538
f 3538 3556 3555
f 3932 3634 3931
f 3931 3634 3633
f 3814 3769 3813
f 3813 3769 3725
f 3620 3636 3621
f 3621 3636 3635
f 3847 3862 3848
f 3848 3862 3752
f 3531 3530 3848
f 3848 3530 3845
f 3933 3934 3830
f 3830 3934 3831
f 3925 3933 3837
f 3837 3933 3830
f 3934 440 3831
f 3831 440 333
f 3925 3802 3833
f 3833 3802 3801
f 3776 3844 3630
f 3630 3844 3627
f 3808 3659 3662
f 3662 3659 3658
f 3667 3650 3526
f 3526 3650 3527
f 3935 3666 3936
f 3936 3666 3665
f 3718 3737 3715
f 3715 3737 3736
f 3663 3809 3664
f 3664 3809 3688
f 3807 3806 3938
f 3938 3806 3937
f 445 413 3761
f 3761 413 3760
f 3902 447 3903
f 3903 447 446
f 3897 3890 3898
f 3898 3890 3889
f 3899 3891 3897
f 3897 3891 3890
f 3898 3889 3901
f 3901 3889 3893
f 3893 3894 3901
f 3901 3894 3902
f 414 386 3787
f 3787 386 3765
f 3940 3941 3939
f 3939 3941 3942
f 3840 3797 3943
f 3943 3797 3727
f 3665 3810 3936
f 3936 3810 3944
f 3921 3735 3726
f 3726 3735 3723
f 3920 3945 3770
f 3770 3945 3922
f 3521 3524 3774
f 3774 3524 3778
f 3864 3946 3625
f 3625 3946 3947
f 3773 3705 3649
f 3649 3705 3519
f 3779 3778 3758
f 3758 3778 3524
f 3812 3716 3736
f 3736 3716 3715
f 3624 3521 3777
f 3777 3521 3774
f 3703 3856 3704
f 3704 3856 3622
f 3900 3892 3899
f 3899 3892 3891
f 3641 3917 3642
f 3642 3917 3948
f 3895 3669 3882
f 3882 3669 3668
f 3855 3851 3852
f 3852 3851 3850
f 3894 458 3902
f 3902 458 447
f 3781 3887 3660
f 3660 3887 3870
f 3570 3566 3571
f 3571 3566 3567
f 3950 3576 3949
f 3949 3576 3587
f 3605 3602 3614
f 3614 3602 3612
f 3614 3612 3570
f 3570 3612 3566
f 3571 3567 3656
f 3656 3567 3654
f 3660 3658 3781
f 3781 3658 3657
f 3604 3607 3587
f 3587 3607 3949
f 3653 3659 3654
f 3654 3659 3656
f 3529 3540 3530
f 3530 3540 3740
f 3687 3811 3688
f 3688 3811 3664
f 3813 3725 3737
f 3737 3725 3724
f 3919 3815 461
f 461 3815 303
f 3818 3798 3819
f 3819 3798 3797
f 3819 3841 3820
f 3820 3841 3951
f 3816 3815 3738
f 3738 3815 3814
f 3540 3539 3533
f 3533 3539 3549
f 3548 3547 3544
f 3544 3547 3541
f 3539 3548 3549
f 3549 3548 3544
f 3741 3931 3860
f 3860 3931 3846
f 3801 3800 3835
f 3835 3800 3836
f 3934 3933 3824
f 3824 3933 3821
f 3825 3828 3546
f 3546 3828 3547
f 3833 3821 3925
f 3925 3821 3933
f 3800 3828 3836
f 3836 3828 3825
f 3824 3952 3934
f 3934 3952 440
f 3860 3846 3861
f 3861 3846 3845
f 3629 3946 3630
f 3630 3946 3864
f 3740 3536 3861
f 3861 3536 3858
f 3833 3801 3834
f 3834 3801 3835
f 3583 3599 3580
f 3580 3599 3585
f 3651 3563 3652
f 3652 3563 3562
f 3758 3909 3779
f 3779 3909 3780
f 3621 3617 3622
f 3622 3617 3704
f 3625 3947 3626
f 3626 3947 3753
f 3633 3632 3847
f 3847 3632 3862
f 3852 3850 3640
f 3640 3850 3641
f 3644 3853 3640
f 3640 3853 3852
f 3859 3742 3860
f 3860 3742 3741
f 3632 3627 3862
f 3862 3627 3844
f 3755 3863 3626
f 3626 3863 3623
f 3917 3638 3948
f 3948 3638 3637
f 3644 3643 3742
f 3742 3643 3743
f 3931 3633 3846
f 3846 3633 3847
f 3625 3624 3864
f 3864 3624 3777
f 3917 3641 3849
f 3849 3641 3850
f 3744 3932 3741
f 3741 3932 3931
f 3903 446 3918
f 3918 446 464
f 3953 3954 3956
f 3956 3954 3955
f 3958 3959 3957
f 3957 3959 3960
f 3876 3958 3877
f 3877 3958 3957
f 3877 3957 3961
f 3961 3957 3962
f 3963 3964 3958
f 3958 3964 3959
f 3965 3966 3876
f 3876 3966 3958
f 3966 3963 3958
f 3966 3967 3963
f 3963 3967 3968
f 3878 3877 3879
f 3879 3877 3961
f 3967 3969 3968
f 3968 3969 3970
f 3969 3971 3970
f 3970 3971 3972
f 3974 3904 3973
f 3973 3904 3907
f 3971 3975 3972
f 3972 3975 3976
f 3976 3975 3978
f 3978 3975 3977
f 3979 3980 3977
f 3977 3980 3978
f 3981 3982 3979
f 3979 3982 3980
f 3983 3984 3981
f 3981 3984 3982
f 3972 3985 3970
f 3970 3985 3986
f 3871 3987 3969
f 3969 3987 3971
f 3872 3871 3967
f 3967 3871 3969
f 3965 3872 3966
f 3966 3872 3967
f 3970 3986 3968
f 3968 3986 3988
f 3879 3961 3884
f 3884 3961 3940
f 3884 3940 3885
f 3885 3940 3939
f 3989 3990 3992
f 3992 3990 3991
f 3942 3993 3995
f 3995 3993 3994
f 3994 3996 3995
f 3995 3996 3974
f 3997 3998 3994
f 3994 3998 3996
f 3999 3997 3993
f 3993 3997 3994
f 4001 3996 4000
f 4000 3996 3998
f 4000 3998 4002
f 4002 3998 4003
f 4004 4003 3997
f 3997 4003 3998
f 3997 3999 4004
f 4004 3999 4005
f 4006 3995 3973
f 3973 3995 3974
f 3939 3942 4006
f 4006 3942 3995
f 3906 3887 3907
f 3907 3887 3886
f 3887 3906 3870
f 3870 3906 3867
f 3908 3973 3886
f 3886 3973 3907
f 3865 4007 3866
f 3866 4007 4008
f 3984 3983 4009
f 4009 3983 4010
f 3961 3962 3940
f 3940 3962 3941
f 4012 3868 4011
f 4011 3868 3867
f 4013 3975 3987
f 3987 3975 3971
f 4014 3977 4013
f 4013 3977 3975
f 4015 4010 4007
f 4007 4010 3983
f 4007 3983 4008
f 4008 3983 3981
f 4008 3981 4016
f 4016 3981 3979
f 4017 3984 4018
f 4018 3984 4009
f 3977 4014 3979
f 3979 4014 4016
f 3982 3984 4019
f 4019 3984 4017
f 4021 4022 4020
f 4020 4022 4023
f 4022 4012 4023
f 4023 4012 4011
f 4023 3904 4020
f 4020 3904 3974
f 4024 4025 4018
f 4018 4025 4017
f 4026 4027 4024
f 4024 4027 4025
f 4028 4026 4029
f 4029 4026 4024
f 4018 4021 4024
f 4024 4021 4029
f 4030 4031 4026
f 4026 4031 4027
f 4032 4030 4028
f 4028 4030 4026
f 4029 4001 4028
f 4028 4001 4000
f 4028 4000 4032
f 4032 4000 4002
f 4034 4035 4033
f 4033 4035 4036
f 4037 4038 4019
f 4019 4038 4039
f 4041 4039 4040
f 4040 4039 4038
f 4040 4038 4042
f 4042 4038 4036
f 4042 4036 4043
f 4043 4036 4035
f 3985 4044 4046
f 4046 4044 4045
f 4047 4048 4045
f 4045 4048 4046
f 4047 4049 4048
f 4048 4049 4050
f 4042 4047 4040
f 4040 4047 4045
f 4043 4049 4042
f 4042 4049 4047
f 4040 4045 4041
f 4041 4045 4044
f 4052 3959 4051
f 4051 3959 3964
f 4053 4054 4051
f 4051 4054 4055
f 3956 3960 4052
f 4052 3960 3959
f 3953 3956 4056
f 4056 3956 4052
f 4058 3953 4057
f 4057 3953 4056
f 4060 4061 4059
f 4059 4061 4062
f 4063 4064 4054
f 4054 4064 4057
f 4054 4053 4063
f 4063 4053 4065
f 4066 4067 4069
f 4069 4067 4068
f 4048 4050 4063
f 4063 4050 4064
f 4063 4065 4048
f 4048 4065 4046
f 3985 4046 3986
f 3986 4046 4065
f 3986 4065 3988
f 3988 4065 4053
f 3988 4053 3964
f 3964 4053 4051
f 3976 3978 4044
f 4044 3978 4041
f 3980 3982 4039
f 4039 3982 4019
f 4039 4041 3980
f 3980 4041 3978
f 3973 3908 4006
f 4006 3908 3896
f 3885 3939 3896
f 3896 3939 4006
f 4031 4034 4027
f 4027 4034 4033
f 4027 4033 4025
f 4025 4033 4037
f 4019 4017 4037
f 4037 4017 4025
f 3993 3942 4070
f 4070 3942 3941
f 3999 3993 4071
f 4071 3993 4070
f 3999 4071 4005
f 4005 4071 4072
f 4073 4074 4076
f 4076 4074 4075
f 4078 4079 4077
f 4077 4079 4080
f 4082 4080 4081
f 4081 4080 4079
f 4084 4085 4083
f 4083 4085 4086
f 4087 4088 4090
f 4090 4088 4089
f 4092 4093 4091
f 4091 4093 4094
f 4096 4097 4095
f 4095 4097 4098
f 4100 4101 4099
f 4099 4101 4102
f 4103 4104 4106
f 4106 4104 4105
f 4108 4109 4107
f 4107 4109 4110
f 4112 4113 4111
f 4111 4113 4114
f 4116 4117 4115
f 4115 4117 4118
f 4120 4121 4119
f 4119 4121 4122
f 4123 4124 4126
f 4126 4124 4125
f 4127 4128 4130
f 4130 4128 4129
f 4132 4133 4131
f 4131 4133 4134
f 4136 4108 4135
f 4135 4108 4107
f 4138 4139 4137
f 4137 4139 4140
f 4141 4142 4088
f 4088 4142 4089
f 4144 4145 4143
f 4143 4145 4146
f 4148 4149 4147
f 4147 4149 4150
f 4152 4153 4151
f 4151 4153 4154
f 4156 4082 4155
f 4155 4082 4081
f 4157 4158 4160
f 4160 4158 4159
f 4161 4162 4164
f 4164 4162 4163
f 4166 4122 4165
f 4165 4122 4121
f 4168 4152 4167
f 4167 4152 4151
f 4169 4170 4172
f 4172 4170 4171
f 4174 4175 4173
f 4173 4175 4176
f 4178 4149 4177
f 4177 4149 4179
f 4173 4176 4180
f 4180 4176 4181
f 4156 4085 4182
f 4182 4085 4183
f 4182 4184 4156
f 4156 4184 4082
f 4185 4186 4184
f 4184 4186 4187
f 4186 4188 4187
f 4187 4188 4189
f 4190 4191 4073
f 4073 4191 4074
f 4177 4179 4158
f 4158 4179 4159
f 4193 4127 4192
f 4192 4127 4130
f 4144 4194 4151
f 4151 4194 4167
f 4196 4197 4195
f 4195 4197 4198
f 4095 4199 4096
f 4096 4199 4200
f 4201 4202 4204
f 4204 4202 4203
f 4205 4206 4208
f 4208 4206 4207
f 4121 4120 4209
f 4209 4120 4210
f 4212 4213 4211
f 4211 4213 4214
f 4216 4217 4215
f 4215 4217 4218
f 4220 4221 4219
f 4219 4221 4222
f 4224 4196 4223
f 4223 4196 4195
f 4225 4226 4134
f 4134 4226 4131
f 4228 4229 4227
f 4227 4229 4230
f 4232 4233 4231
f 4231 4233 4098
f 4235 4236 4234
f 4234 4236 4237
f 4239 4240 4238
f 4238 4240 4241
f 4242 4243 4245
f 4245 4243 4244
f 4246 4247 4249
f 4249 4247 4248
f 4251 4252 4250
f 4250 4252 4253
f 4255 4256 4254
f 4254 4256 4257
f 4259 4260 4258
f 4258 4260 4261
f 4263 4264 4262
f 4262 4264 4265
f 4267 4268 4266
f 4266 4268 4269
f 4271 4199 4270
f 4270 4199 4272
f 4273 4274 4276
f 4276 4274 4275
f 4115 4118 4277
f 4277 4118 4278
f 4280 4281 4279
f 4279 4281 4282
f 4211 4283 4212
f 4212 4283 4284
f 4286 4287 4285
f 4285 4287 4288
f 4165 4121 4289
f 4289 4121 4209
f 4291 4286 4290
f 4290 4286 4285
f 4293 4294 4292
f 4292 4294 4295
f 4297 4298 4296
f 4296 4298 4299
f 4301 4302 4300
f 4300 4302 4303
f 4299 4304 4296
f 4296 4304 4305
f 4306 4292 4307
f 4307 4292 4295
f 4307 4308 4306
f 4306 4308 4309
f 4310 4309 4075
f 4075 4309 4308
f 4299 4298 4312
f 4312 4298 4311
f 4302 4301 4293
f 4293 4301 4294
f 3735 3921 4313
f 4313 3921 4314
f 4315 4314 3922
f 3922 4314 3921
f 4316 3945 829
f 829 3945 830
f 4289 4317 4165
f 4165 4317 4318
f 4320 4321 4319
f 4319 4321 4322
f 4324 4325 4323
f 4323 4325 4326
f 4327 4328 4330
f 4330 4328 4329
f 4290 4331 4291
f 4291 4331 4332
f 4165 4318 4166
f 4166 4318 4333
f 4334 4335 4337
f 4337 4335 4336
f 4339 4340 4338
f 4338 4340 4341
f 4168 4343 4342
f 4342 4343 4344
f 4346 4347 4345
f 4345 4347 4348
f 4350 4351 4349
f 4349 4351 4352
f 4354 4355 4353
f 4353 4355 4356
f 4357 4358 4324
f 4324 4358 4325
f 4337 4359 4334
f 4334 4359 4360
f 4362 4363 4361
f 4361 4363 4364
f 4366 4367 4365
f 4365 4367 4368
f 4369 4370 4372
f 4372 4370 4371
f 4331 4290 4374
f 4374 4290 4373
f 4373 4376 4375
f 4375 4376 4377
f 4379 4380 4378
f 4378 4380 4381
f 4217 4382 4218
f 4218 4382 4383
f 4385 4386 4384
f 4384 4386 4387
f 4388 4389 4338
f 4338 4389 4390
f 4337 4336 4392
f 4392 4336 4391
f 4394 4362 4393
f 4393 4362 4361
f 4396 4397 4395
f 4395 4397 4398
f 4400 4401 4399
f 4399 4401 4402
f 4345 4403 4346
f 4346 4403 4404
f 4405 4406 4342
f 4342 4406 4407
f 4409 4410 4408
f 4408 4410 4411
f 4408 4412 4409
f 4409 4412 4413
f 4181 4415 4414
f 4414 4415 4416
f 4182 4183 4417
f 4417 4183 4418
f 4419 4353 4311
f 4311 4353 4312
f 4421 4422 4420
f 4420 4422 4423
f 4353 4356 4312
f 4312 4356 4424
f 4166 4333 4425
f 4425 4333 4426
f 4425 4143 4166
f 4166 4143 4122
f 4427 4107 4428
f 4428 4107 4110
f 4429 4430 4174
f 4174 4430 4175
f 4335 4431 4336
f 4336 4431 4390
f 4336 4390 4391
f 4391 4390 4389
f 4432 4433 4435
f 4435 4433 4434
f 4437 4438 4436
f 4436 4438 4439
f 4441 4442 4440
f 4440 4442 4443
f 4359 4444 4361
f 4361 4444 4393
f 4446 4447 4445
f 4445 4447 4448
f 4338 4341 4388
f 4388 4341 4449
f 4450 4451 4398
f 4398 4451 4395
f 4453 4454 4452
f 4452 4454 4455
f 4457 4458 4456
f 4456 4458 4459
f 4460 4461 4448
f 4448 4461 4445
f 4463 4464 4462
f 4462 4464 4465
f 4462 4465 4466
f 4466 4465 4467
f 4468 4469 4467
f 4467 4469 4466
f 4469 4468 4470
f 4470 4468 4471
f 4472 4473 4471
f 4471 4473 4470
f 4475 4476 4474
f 4474 4476 4477
f 4479 4480 4478
f 4478 4480 4481
f 4483 4484 4482
f 4482 4484 4485
f 4487 4488 4486
f 4486 4488 4489
f 4491 4492 4490
f 4490 4492 4493
f 4494 4495 4493
f 4493 4495 4490
f 4496 4497 4494
f 4494 4497 4495
f 4497 4496 4498
f 4498 4496 4499
f 4500 4501 4503
f 4503 4501 4502
f 4505 4506 4504
f 4504 4506 4507
f 4466 4508 4462
f 4462 4508 4509
f 4470 4510 4469
f 4469 4510 4511
f 4513 4479 4512
f 4512 4479 4478
f 4515 4443 4514
f 4514 4443 4442
f 4516 4517 4519
f 4519 4517 4518
f 4521 4495 4520
f 4520 4495 4497
f 4522 4490 4521
f 4521 4490 4495
f 4491 4523 4488
f 4488 4523 4524
f 4525 4489 4524
f 4524 4489 4488
f 4484 4526 4485
f 4485 4526 4527
f 4503 4528 4500
f 4500 4528 4529
f 4530 4531 4533
f 4533 4531 4532
f 4535 4506 4534
f 4534 4506 4530
f 4486 4536 4487
f 4487 4536 4537
f 4487 4537 4492
f 4492 4537 4538
f 4494 4539 4496
f 4496 4539 4540
f 4542 4533 4541
f 4541 4533 4499
f 4544 4545 4543
f 4543 4545 4546
f 4548 4549 4547
f 4547 4549 4550
f 4536 4551 4537
f 4537 4551 4552
f 4537 4552 4538
f 4538 4552 4553
f 4554 4539 4556
f 4556 4539 4555
f 4557 4540 4554
f 4554 4540 4539
f 4559 4557 4558
f 4558 4557 4560
f 4540 4557 4541
f 4541 4557 4559
f 4562 4563 4561
f 4561 4563 4564
f 4546 4565 4543
f 4543 4565 4566
f 4547 4567 4548
f 4548 4567 4568
f 4570 4571 4569
f 4569 4571 4572
f 4574 4575 4573
f 4573 4575 4576
f 4578 4579 4577
f 4577 4579 4580
f 4582 4583 4581
f 4581 4583 4584
f 4585 4586 4588
f 4588 4586 4587
f 4589 4585 4590
f 4590 4585 4588
f 4592 4593 4591
f 4591 4593 4594
f 4596 4597 4595
f 4595 4597 4598
f 4600 4601 4599
f 4599 4601 4602
f 4563 4604 4603
f 4603 4604 4605
f 4603 4606 4608
f 4608 4606 4607
f 4609 4610 4594
f 4594 4610 4591
f 4611 4612 4614
f 4614 4612 4613
f 4616 4617 4615
f 4615 4617 4618
f 4602 4620 4619
f 4619 4620 4621
f 4619 4622 4602
f 4602 4622 4599
f 4605 4599 4623
f 4623 4599 4622
f 4605 4623 4603
f 4603 4623 4606
f 4625 4626 4624
f 4624 4626 4627
f 4438 4437 4628
f 4628 4437 4629
f 4442 4441 4630
f 4630 4441 4631
f 4630 4632 4442
f 4442 4632 4514
f 4633 4634 4529
f 4529 4634 4500
f 4500 4634 4501
f 4501 4634 4635
f 4637 4546 4636
f 4636 4546 4545
f 4639 4565 4638
f 4638 4565 4640
f 4573 4576 4641
f 4641 4576 4642
f 4593 4643 4594
f 4594 4643 4644
f 4645 4609 4644
f 4644 4609 4594
f 4647 4648 4646
f 4646 4648 4649
f 4651 4652 4650
f 4650 4652 4653
f 4654 4498 4519
f 4519 4498 4532
f 4520 4508 4521
f 4521 4508 4511
f 4522 4510 4523
f 4523 4510 4655
f 4524 4656 4525
f 4525 4656 4657
f 4514 4529 4515
f 4515 4529 4528
f 4658 4659 4661
f 4661 4659 4660
f 4496 4540 4499
f 4499 4540 4541
f 4493 4555 4494
f 4494 4555 4539
f 4549 4483 4550
f 4550 4483 4482
f 4545 4544 4501
f 4501 4544 4502
f 4636 4545 4635
f 4635 4545 4501
f 4589 4663 4662
f 4662 4663 4664
f 4662 4665 4558
f 4558 4665 4559
f 4569 4586 4570
f 4570 4586 4560
f 4552 4666 4553
f 4553 4666 4667
f 4668 4669 4670
f 4670 4669 4666
f 4672 4673 4671
f 4671 4673 4674
f 4287 4675 4288
f 4288 4675 4676
f 4678 4679 4677
f 4677 4679 4680
f 4681 4678 4682
f 4682 4678 4677
f 4682 4683 4681
f 4681 4683 4684
f 4161 4164 4685
f 4685 4164 4686
f 4414 4687 4689
f 4689 4687 4688
f 4405 4690 4346
f 4346 4690 4347
f 4691 4399 4693
f 4693 4399 4692
f 1209 4694 4365
f 4365 4694 4366
f 4650 1211 4651
f 4651 1211 1210
f 4695 4696 4255
f 4255 4696 4256
f 4697 4698 4218
f 4218 4698 4215
f 4700 4701 4699
f 4699 4701 4702
f 4703 4704 4303
f 4303 4704 4300
f 4315 3922 4316
f 4316 3922 3945
f 4653 4706 4705
f 4705 4706 4707
f 4709 4710 4708
f 4708 4710 4711
f 4335 4334 4713
f 4713 4334 4712
f 4714 4340 4321
f 4321 4340 4322
f 4716 4717 4715
f 4715 4717 4718
f 4238 4241 4719
f 4719 4241 4720
f 4231 4721 4307
f 4307 4721 4308
f 4723 4724 4722
f 4722 4724 4725
f 4727 4728 4726
f 4726 4728 4729
f 4730 4731 4327
f 4327 4731 4328
f 4733 4734 4732
f 4732 4734 4735
f 4720 4381 4736
f 4736 4381 4737
f 4738 4739 4741
f 4741 4739 4740
f 4743 4744 4742
f 4742 4744 4745
f 4338 4390 4339
f 4339 4390 4431
f 4746 4747 4431
f 4431 4747 4339
f 4291 4332 4289
f 4289 4332 4317
f 4289 4209 4291
f 4291 4209 4286
f 4287 4286 4210
f 4210 4286 4209
f 4749 4750 4748
f 4748 4750 4751
f 4212 4284 4752
f 4752 4284 4753
f 4752 4754 4212
f 4212 4754 4213
f 4252 4251 4225
f 4225 4251 4226
f 4227 4230 4248
f 4248 4230 4249
f 4205 4755 4757
f 4757 4755 4756
f 4708 4711 4758
f 4758 4711 4647
f 4367 4366 4759
f 4759 4366 4760
f 4526 4513 4527
f 4527 4513 4512
f 4420 4423 4385
f 4385 4423 4386
f 4705 4761 4653
f 4653 4761 4650
f 4761 1279 4650
f 4650 1279 1211
f 4762 4763 3944
f 3944 4763 3936
f 4274 4273 4765
f 4765 4273 4764
f 4767 4768 4766
f 4766 4768 4769
f 4770 4771 4769
f 4769 4771 4766
f 4771 4770 4242
f 4242 4770 4243
f 4093 4163 4094
f 4094 4163 4162
f 4772 4773 4775
f 4775 4773 4774
f 4777 4778 4776
f 4776 4778 4779
f 4417 4185 4182
f 4182 4185 4184
f 4780 4078 4781
f 4781 4078 4077
f 4781 4077 4782
f 4782 4077 4189
f 4188 4783 4189
f 4189 4783 4782
f 4295 4232 4307
f 4307 4232 4231
f 4785 4786 4784
f 4784 4786 4787
f 4784 1307 4785
f 4785 1307 1306
f 4078 4780 4096
f 4096 4780 4097
f 4075 4074 4310
f 4310 4074 4788
f 4788 4074 4789
f 4789 4074 4191
f 4789 4191 4059
f 4059 4191 4790
f 4791 4277 4792
f 4792 4277 4278
f 3732 3735 4793
f 4793 3735 4313
f 4793 4794 3732
f 3732 4794 3731
f 4792 4795 4791
f 4791 4795 4796
f 4797 4798 4799
f 4799 4798 4724
f 4763 4800 3936
f 3936 4800 3935
f 4801 4062 3729
f 3729 4062 3730
f 4713 4712 4802
f 4802 4712 4803
f 4146 4804 4119
f 4119 4804 4805
f 4498 4654 4497
f 4497 4654 4520
f 4806 4807 1326
f 1326 4807 1327
f 4689 4688 1330
f 1330 4688 1331
f 4801 4789 4062
f 4062 4789 4059
f 3730 4062 4808
f 4808 4062 4061
f 4810 4811 4809
f 4809 4811 4812
f 4813 4403 4814
f 4814 4403 4345
f 4815 4816 4349
f 4349 4816 4350
f 4817 4818 4820
f 4820 4818 4819
f 4406 4821 4407
f 4407 4821 4822
f 4823 4161 4824
f 4824 4161 4685
f 4181 4414 4825
f 4825 4414 4689
f 4741 4740 4826
f 4826 4740 4827
f 4828 4829 4827
f 4827 4829 4826
f 4142 4141 4415
f 4415 4141 4148
f 4830 1354 4761
f 4761 1354 1279
f 4832 4833 4831
f 4831 4833 4834
f 4835 4836 4626
f 4626 4836 4421
f 4451 4709 4395
f 4395 4709 4708
f 4627 4420 4837
f 4837 4420 4385
f 4837 1365 4838
f 4838 1365 1364
f 4397 4396 4839
f 4839 4396 4840
f 4842 4628 4841
f 4841 4628 4629
f 4671 4674 4631
f 4631 4674 4630
f 4674 4659 4630
f 4630 4659 4632
f 4633 4632 4658
f 4658 4632 4659
f 4658 4504 4633
f 4633 4504 4634
f 4635 4634 4507
f 4507 4634 4504
f 4843 4636 4507
f 4507 4636 4635
f 4844 4637 4843
f 4843 4637 4636
f 4637 4844 4640
f 4640 4844 4664
f 4638 4663 4642
f 4642 4663 4845
f 4847 4643 4846
f 4846 4643 4641
f 4644 4848 4645
f 4645 4848 4849
f 4851 4852 4850
f 4850 4852 4853
f 4855 4856 4854
f 4854 4856 4857
f 4859 4860 4858
f 4858 4860 4857
f 4715 4718 4859
f 4859 4718 4860
f 4862 4863 4861
f 4861 4863 4864
f 4866 4867 4865
f 4865 4867 4868
f 4870 4871 4869
f 4869 4871 4872
f 4869 4872 4116
f 4116 4872 4117
f 4820 4819 4874
f 4874 4819 4873
f 4876 4877 4875
f 4875 4877 4878
f 4880 4881 4879
f 4879 4881 4882
f 4884 4885 4883
f 4883 4885 4886
f 4887 4888 4280
f 4280 4888 4281
f 4818 4817 4889
f 4889 4817 4890
f 4891 4193 4823
f 4823 4193 4192
f 4892 4893 4228
f 4228 4893 4229
f 4158 4157 4894
f 4894 4157 4895
f 4896 4897 4132
f 4132 4897 4133
f 4099 4683 4100
f 4100 4683 4682
f 4101 4100 4899
f 4899 4100 4898
f 4150 4106 4147
f 4147 4106 4900
f 4100 4682 4898
f 4898 4682 4677
f 4080 4082 4187
f 4187 4082 4184
f 4077 4080 4189
f 4189 4080 4187
f 4191 4190 4790
f 4790 4190 4901
f 4177 4158 4680
f 4680 4158 4894
f 4108 4136 4752
f 4752 4136 4754
f 4752 4753 4108
f 4108 4753 4109
f 4817 4902 4890
f 4890 4902 4903
f 4904 4905 4907
f 4907 4905 4906
f 4909 4910 4908
f 4908 4910 4911
f 4913 4914 4912
f 4912 4914 4915
f 4916 4917 4919
f 4919 4917 4918
f 4312 4424 4299
f 4299 4424 4304
f 4920 4921 4297
f 4297 4921 4298
f 4194 4922 4167
f 4167 4922 4923
f 4924 4400 4691
f 4691 4400 4399
f 4395 4708 4396
f 4396 4708 4758
f 4367 4925 4368
f 4368 4925 4926
f 4919 4918 4873
f 4873 4918 4874
f 4836 4927 4421
f 4421 4927 4422
f 4921 4928 4298
f 4298 4928 4311
f 4143 4146 4122
f 4122 4146 4119
f 4929 4930 4455
f 4455 4930 4452
f 4932 4933 4931
f 4931 4933 4934
f 4935 4936 4932
f 4932 4936 4933
f 4461 4460 4457
f 4457 4460 4458
f 4480 4479 4475
f 4475 4479 4476
f 4660 4673 4517
f 4517 4673 4937
f 4661 4505 4658
f 4658 4505 4504
f 4484 4483 4489
f 4489 4483 4486
f 4462 4509 4463
f 4463 4509 4518
f 4469 4511 4466
f 4466 4511 4508
f 4655 4473 4656
f 4656 4473 4477
f 4476 4657 4477
f 4477 4657 4656
f 4479 4513 4476
f 4476 4513 4657
f 4489 4525 4484
f 4484 4525 4526
f 4483 4549 4486
f 4486 4549 4536
f 4549 4548 4536
f 4536 4548 4551
f 4548 4568 4551
f 4551 4568 4670
f 4663 4589 4845
f 4845 4589 4590
f 4668 4577 4938
f 4938 4577 4580
f 4940 4938 4939
f 4939 4938 4941
f 4940 4942 4669
f 4669 4942 4943
f 4587 4582 4944
f 4944 4582 4581
f 4848 4847 4608
f 4608 4847 4564
f 4616 4945 4613
f 4613 4945 4598
f 4615 4946 4616
f 4616 4946 4945
f 4947 4939 4948
f 4948 4939 4946
f 4599 4605 4600
f 4600 4605 4604
f 4608 4607 4848
f 4848 4607 4849
f 4613 4612 4616
f 4616 4612 4617
f 4835 4949 4709
f 4709 4949 4710
f 4357 1477 4837
f 4837 1477 1365
f 4712 4950 4803
f 4803 4950 4951
f 4401 4952 4402
f 4402 4952 4953
f 4759 4760 4402
f 4402 4760 4399
f 4508 4520 4509
f 4509 4520 4654
f 4510 4522 4511
f 4511 4522 4521
f 4513 4526 4657
f 4657 4526 4525
f 4632 4633 4514
f 4514 4633 4529
f 4931 4934 4453
f 4453 4934 4454
f 4153 4954 4154
f 4154 4954 4955
f 4957 4958 4956
f 4956 4958 4959
f 4961 4962 4960
f 4960 4962 4963
f 4120 4964 4210
f 4210 4964 4965
f 4967 4968 4966
f 4966 4968 4969
f 4349 4692 4815
f 4815 4692 4970
f 4652 4971 4653
f 4653 4971 4706
f 4758 4647 4972
f 4972 4647 4646
f 4973 4363 4646
f 4646 4363 4972
f 4950 4360 4974
f 4974 4360 4364
f 4431 4335 4746
f 4746 4335 4713
f 4358 4714 4325
f 4325 4714 4321
f 4765 4764 4266
f 4266 4764 4975
f 4202 4976 4203
f 4203 4976 4977
f 4917 4978 4918
f 4918 4978 4979
f 4279 4282 4854
f 4854 4282 4269
f 4820 4880 4817
f 4817 4880 4902
f 4890 4903 4980
f 4980 4903 4886
f 4982 4983 4981
f 4981 4983 4123
f 4795 4851 4796
f 4796 4851 4850
f 4918 4979 4874
f 4874 4979 4881
f 4809 4404 4810
f 4810 4404 4403
f 4354 4985 4984
f 4984 4985 4986
f 1364 1516 4838
f 4838 1516 4987
f 4759 4988 4367
f 4367 4988 4925
f 4989 4990 4481
f 4481 4990 4478
f 4443 4515 4990
f 4990 4515 4991
f 4527 4512 4992
f 4992 4512 4991
f 4528 4503 4992
f 4992 4503 4993
f 4993 4994 4485
f 4485 4994 4482
f 4544 4995 4502
f 4502 4995 4994
f 4995 4996 4550
f 4550 4996 4547
f 4998 4999 4997
f 4997 4999 4566
f 4998 5000 4578
f 4578 5000 4579
f 5001 5002 4596
f 4596 5002 4597
f 5003 4591 5004
f 5004 4591 4610
f 4626 4421 4627
f 4627 4421 4420
f 4837 4838 4627
f 4627 4838 4624
f 4761 4705 4830
f 4830 4705 5005
f 4705 4707 5005
f 5005 4707 5006
f 4308 4721 4075
f 4075 4721 4076
f 5007 4200 4797
f 4797 4200 4798
f 4685 4686 5008
f 5008 4686 5009
f 4889 4890 5010
f 5010 4890 4980
f 4323 1541 4324
f 4324 1541 1540
f 4385 4384 4358
f 4358 4384 4714
f 4396 4758 4840
f 4840 4758 4972
f 4866 4852 5011
f 5011 4852 5012
f 5013 4260 4980
f 4980 4260 5010
f 4875 4878 5014
f 5014 4878 5015
f 5017 5018 5016
f 5016 5018 5019
f 5016 5019 5020
f 5020 5019 5021
f 5023 5024 5022
f 5022 5024 5025
f 5027 5028 5026
f 5026 5028 5029
f 5031 5032 5030
f 5030 5032 5033
f 5035 5036 5034
f 5034 5036 5037
f 5039 5040 5038
f 5038 5040 5041
f 5043 5044 5042
f 5042 5044 5045
f 5038 5046 5039
f 5039 5046 5047
f 5049 5050 5048
f 5048 5050 5051
f 5053 5054 5052
f 5052 5054 5055
f 5057 5024 5056
f 5056 5024 5058
f 5060 5061 5059
f 5059 5061 5062
f 5064 5065 5063
f 5063 5065 5066
f 5043 5050 5064
f 5064 5050 5065
f 5038 5041 5067
f 5067 5041 5068
f 5070 5071 5069
f 5069 5071 5072
f 5074 5075 5073
f 5073 5075 5076
f 5034 5077 5035
f 5035 5077 5078
f 5080 5081 5079
f 5079 5081 5082
f 5084 5085 5083
f 5083 5085 5086
f 5085 5084 5087
f 5087 5084 5088
f 5090 5091 5089
f 5089 5091 5092
f 5094 5095 5093
f 5093 5095 5096
f 5098 5099 5097
f 5097 5099 5100
f 5102 5103 5101
f 5101 5103 5104
f 5105 5106 5108
f 5108 5106 5107
f 5110 5111 5109
f 5109 5111 5112
f 5114 5094 5113
f 5113 5094 5093
f 5116 5117 5115
f 5115 5117 5118
f 5120 5121 5119
f 5119 5121 5122
f 5124 5125 5123
f 5123 5125 5126
f 5128 5129 5127
f 5127 5129 5130
f 5097 5131 5098
f 5098 5131 5132
f 5134 5135 5133
f 5133 5135 5122
f 5084 5125 5088
f 5088 5125 5136
f 5138 5139 5137
f 5137 5139 5140
f 5142 5102 5141
f 5141 5102 5101
f 5106 5143 5107
f 5107 5143 5144
f 5146 5147 5145
f 5145 5147 5148
f 5149 5150 5109
f 5109 5150 5110
f 5151 5110 5152
f 5152 5110 5150
f 4715 5140 4716
f 4716 5140 5139
f 5143 4870 5144
f 5144 4870 4869
f 4115 5146 4116
f 4116 5146 5145
f 4791 4796 5149
f 5149 4796 5150
f 4796 4850 5150
f 5150 4850 5152
f 4858 5142 4859
f 4859 5142 5141
f 5153 5154 5115
f 5115 5154 5105
f 5156 5157 5155
f 5155 5157 5158
f 5159 5160 5053
f 5053 5160 5054
f 5161 5162 5020
f 5020 5162 5068
f 5026 5029 5163
f 5163 5029 5021
f 5083 5086 5164
f 5164 5086 5165
f 5090 5167 5166
f 5166 5167 5168
f 5169 5170 5172
f 5172 5170 5171
f 5174 5175 5173
f 5173 5175 5176
f 5177 5109 5178
f 5178 5109 5112
f 5179 5180 5182
f 5182 5180 5181
f 5123 5126 5120
f 5120 5126 5121
f 5180 5167 5181
f 5181 5167 5183
f 5184 5185 5179
f 5179 5185 5180
f 5186 5149 5177
f 5177 5149 5109
f 4868 5184 4865
f 4865 5184 5179
f 5188 5189 5187
f 5187 5189 5190
f 4277 4791 5186
f 5186 4791 5149
f 5179 5182 4865
f 4865 5182 4853
f 5189 4862 5190
f 5190 4862 4861
f 5156 5075 5191
f 5191 5075 5192
f 5036 5035 5193
f 5193 5035 5194
f 5115 5118 5153
f 5153 5118 5195
f 5022 5025 5196
f 5196 5025 5197
f 5155 5158 5069
f 5069 5158 5062
f 5063 5066 5198
f 5198 5066 5199
f 5073 5076 5200
f 5200 5076 5072
f 5202 5131 5201
f 5201 5131 5203
f 5143 5106 5204
f 5204 5106 5205
f 5114 5113 5206
f 5206 5113 5127
f 5098 5132 5193
f 5193 5132 5195
f 5204 5207 5143
f 5143 5207 4870
f 5088 5136 5208
f 5208 5136 5092
f 5209 5210 5089
f 5089 5210 5183
f 5211 5018 5060
f 5060 5018 5061
f 5017 5040 5070
f 5070 5040 5071
f 5191 5160 5156
f 5156 5160 5157
f 5048 5028 5049
f 5049 5028 5058
f 5207 5204 4858
f 4858 5204 5142
f 4859 5141 4715
f 4715 5141 5140
f 5212 5162 5042
f 5042 5162 5051
f 5182 5152 4853
f 4853 5152 4850
f 5214 5134 5213
f 5213 5134 5133
f 5164 5165 5133
f 5133 5165 5213
f 5215 5216 5201
f 5201 5216 5217
f 5147 5218 5148
f 5148 5218 5219
f 5147 5177 5218
f 5218 5177 5178
f 5141 5101 5140
f 5140 5101 5137
f 5201 5217 5202
f 5202 5217 5104
f 5146 5186 5147
f 5147 5186 5177
f 4277 5186 4115
f 4115 5186 5146
f 5191 5192 5031
f 5031 5192 5032
f 5052 5055 5220
f 5220 5055 5197
f 4116 5145 4869
f 4869 5145 5144
f 5034 5037 5214
f 5214 5037 5134
f 5097 5100 5114
f 5114 5100 5094
f 5108 5107 5219
f 5219 5107 5148
f 5221 5135 5116
f 5116 5135 5117
f 5124 5111 5209
f 5209 5111 5210
f 5107 5144 5148
f 5148 5144 5145
f 5152 5182 5151
f 5151 5182 5181
f 5208 5222 5088
f 5088 5222 5087
f 5222 5208 5171
f 5171 5208 5172
f 5223 1756 4698
f 4698 1756 1755
f 4427 5224 4107
f 4107 5224 4135
f 4178 4679 5225
f 5225 4679 5226
f 5227 5228 4892
f 4892 5228 4893
f 5229 5230 4171
f 4171 5230 4172
f 4855 4268 4884
f 4884 4268 4885
f 4884 4871 4855
f 4855 4871 4856
f 4684 5231 4896
f 4896 5231 4897
f 4768 4767 5009
f 5009 4767 5008
f 5205 5154 5102
f 5102 5154 5103
f 5099 5098 5194
f 5194 5098 5193
f 5198 5199 5079
f 5079 5199 5033
f 5102 5142 5205
f 5205 5142 5204
f 5224 4427 4681
f 4681 4427 4678
f 3712 3711 5232
f 5232 3711 5233
f 3968 3988 3963
f 3963 3988 3964
f 3976 4044 3972
f 3972 4044 3985
f 4038 4037 4036
f 4036 4037 4033
f 4794 4762 3731
f 3731 4762 3944
f 3731 3944 3722
f 3722 3944 3810
f 3874 5234 5232
f 5232 5234 3712
f 3906 3905 3867
f 3867 3905 4011
f 3904 4023 3905
f 3905 4023 4011
f 3719 3722 3811
f 3811 3722 3810
f 3812 3719 3687
f 3687 3719 3811
f 3716 3812 3686
f 3686 3812 3687
f 3713 3716 3685
f 3685 3716 3686
f 4810 4403 5235
f 5235 4403 4813
f 4345 1770 4814
f 4814 1770 1769
f 4067 4066 4058
f 4058 4066 5236
f 4043 4068 4049
f 4049 4068 4050
f 4034 5237 3989
f 3989 5237 3990
f 4031 4030 4072
f 4072 4030 4005
f 4003 4004 4002
f 4002 4004 4032
f 4004 4005 4032
f 4032 4005 4030
f 4067 4064 4068
f 4068 4064 4050
f 4058 4057 4067
f 4067 4057 4064
f 4035 4034 5238
f 5238 4034 3989
f 5236 5239 4058
f 4058 5239 5240
f 5234 3874 5241
f 5241 3874 3873
f 5241 3873 3881
f 3881 3873 3878
f 4800 4763 4788
f 4788 4763 4310
f 4763 4762 4310
f 4310 4762 4309
f 4762 4794 4309
f 4309 4794 4306
f 4794 4793 4306
f 4306 4793 4292
f 4293 4313 4302
f 4302 4313 4314
f 4302 4314 4303
f 4303 4314 4315
f 4303 4315 4703
f 4703 4315 4316
f 4035 4069 4043
f 4043 4069 4068
f 4324 1540 4357
f 4357 1540 1477
f 5232 3987 3874
f 3874 3987 3871
f 3987 5232 4013
f 4013 5232 5233
f 4013 5233 4014
f 4014 5233 5242
f 3888 4015 3865
f 3865 4015 4007
f 3866 4008 5243
f 5243 4008 4016
f 3873 5244 3878
f 3878 5244 3875
f 3965 5244 3872
f 3872 5244 3873
f 3876 3875 3965
f 3965 3875 5244
f 5243 4016 5242
f 5242 4016 4014
f 5246 5247 5245
f 5245 5247 5248
f 3576 3950 3577
f 3577 3950 3926
f 3584 3842 3585
f 3585 3842 3580
f 5249 5247 1784
f 1784 5247 1785
f 5250 5251 5253
f 5253 5251 5252
f 5255 5252 5254
f 5254 5252 5256
f 5254 5256 5258
f 5258 5256 5257
f 5258 5257 5260
f 5260 5257 5259
f 4356 5261 4424
f 4424 5261 5259
f 4355 5262 4356
f 4356 5262 5261
f 4924 5264 5263
f 5263 5264 5265
f 4693 5266 4691
f 4691 5266 5267
f 4351 5268 4352
f 4352 5268 5269
f 1808 1807 4351
f 4351 1807 5268
f 3580 3842 3581
f 3799 3802 3838
f 4800 4788 4801
f 4801 4788 4789
f 3729 3935 4801
f 4801 3935 4800
f 3728 3666 3729
f 3729 3666 3935
f 3728 3798 3666
f 3666 3798 3663
f 3798 3818 3663
f 3663 3818 3809
f 3818 3817 3809
f 3809 3817 3808
f 3796 3655 3817
f 3817 3655 3808
f 3615 3568 3796
f 3796 3568 3655
f 3573 3569 3615
f 3615 3569 3568
f 3572 3613 3573
f 3573 3613 3569
f 3792 3606 3572
f 3572 3606 3613
f 3607 3791 3949
f 3949 3791 3591
f 3590 3950 3591
f 3591 3950 3949
f 3805 3926 3590
f 3590 3926 3950
f 3804 3559 3805
f 3805 3559 3926
f 3804 3914 3559
f 3559 3914 3560
f 3924 3789 3913
f 3913 3789 3788
f 3924 3928 3789
f 3789 3928 3826
f 3928 3927 3826
f 3826 3927 3827
f 3927 3834 3827
f 3827 3834 3835
f 4079 4078 5270
f 5270 4078 5007
f 5271 5272 4233
f 4233 5272 5273
f 5275 5276 5274
f 5274 5276 5277
f 5278 5279 4236
f 4236 5279 4237
f 5278 5280 5271
f 5271 5280 5272
f 4235 5281 4236
f 4236 5281 5282
f 5284 5285 5283
f 5283 5285 5286
f 5288 5289 5287
f 5287 5289 5290
f 5292 5293 5291
f 5291 5293 5294
f 5287 5290 4726
f 4726 5290 5295
f 4293 4292 4313
f 4313 4292 4793
f 4720 4736 4719
f 4719 4736 5296
f 5297 4909 5298
f 5298 4909 4908
f 5299 5300 4976
f 4976 5300 5301
f 5302 4202 5303
f 5303 4202 4201
f 5304 5305 4983
f 4983 5305 5306
f 5308 5309 5307
f 5307 5309 5310
f 4722 4725 5283
f 5283 4725 5311
f 5291 5294 4125
f 4125 5294 4126
f 5313 5314 5312
f 5312 5314 5315
f 5316 5317 5319
f 5319 5317 5318
f 5321 5308 5320
f 5320 5308 5307
f 4819 4981 4873
f 4873 4981 5322
f 4981 4123 5322
f 5322 4123 4126
f 5324 5325 5323
f 5323 5325 5326
f 4764 5327 4975
f 4975 5327 5328
f 4172 5327 4169
f 4169 5327 5329
f 4768 4171 4769
f 4769 4171 4170
f 4243 4755 4244
f 4244 4755 5330
f 4755 4205 5330
f 5330 4205 4208
f 4206 4906 4207
f 4207 4906 4905
f 4686 5014 5009
f 5009 5014 5229
f 4756 4770 4170
f 4170 4770 4769
f 4170 4169 4756
f 4756 4169 4757
f 4273 5329 4764
f 4764 5329 5327
f 4276 5331 4273
f 4273 5331 5329
f 4770 4756 4243
f 4243 4756 4755
f 5333 4889 5332
f 5332 4889 5010
f 4877 5332 4878
f 4878 5332 4259
f 4875 4164 4876
f 4876 4164 4163
f 5334 5335 5324
f 5324 5335 5325
f 4983 5306 4123
f 4123 5306 4124
f 4818 4982 4819
f 4819 4982 4981
f 5332 5010 4259
f 4259 5010 4260
f 5014 4686 4875
f 4875 4686 4164
f 4171 4768 5229
f 5229 4768 5009
f 5337 4916 5336
f 5336 4916 4919
f 5293 5337 5294
f 5294 5337 5336
f 4982 4818 5333
f 5333 4818 4889
f 5338 5339 4262
f 4262 5339 5340
f 5307 5310 5338
f 5338 5310 5339
f 5341 5342 4204
f 4204 5342 5309
f 5336 4919 5322
f 5322 4919 4873
f 5294 5336 4126
f 4126 5336 5322
f 5323 5326 5343
f 5343 5326 5286
f 4914 5344 4915
f 4915 5344 5345
f 5312 5315 5344
f 5344 5315 5345
f 5347 5348 5346
f 5346 5348 5349
f 5350 5351 4832
f 4832 5351 4833
f 5352 5353 5349
f 5349 5353 5346
f 5354 5338 4265
f 4265 5338 4262
f 5320 5307 5354
f 5354 5307 5338
f 4201 5308 5303
f 5303 5308 5321
f 5356 5357 5355
f 5355 5357 4799
f 5358 5359 5334
f 5334 5359 5335
f 5358 5360 4093
f 4093 5360 4163
f 5360 5305 4163
f 4163 5305 4876
f 5305 5304 4876
f 4876 5304 4877
f 5270 4778 4079
f 4079 4778 4081
f 4779 5361 4774
f 4774 5361 5357
f 5356 5359 4775
f 4775 5359 4092
f 5333 5304 4982
f 4982 5304 4983
f 5332 4877 5333
f 5333 4877 5304
f 5015 4258 5230
f 5230 4258 5328
f 5327 4172 5328
f 5328 4172 5230
f 4169 5329 4757
f 4757 5329 5331
f 4757 5331 4205
f 4205 5331 4206
f 5331 4276 4206
f 4206 4276 4906
f 4276 4275 4906
f 4906 4275 4907
f 4275 4888 4907
f 4907 4888 4744
f 4887 4717 4745
f 4745 4717 4864
f 4716 5139 4861
f 4861 5139 5190
f 5139 5138 5190
f 5190 5138 5187
f 5138 5216 5187
f 5187 5216 5176
f 5215 5362 5173
f 5173 5362 5130
f 5364 5365 5363
f 5363 5365 5340
f 4742 4863 5366
f 5366 4863 4867
f 4862 5189 4868
f 4868 5189 5184
f 5189 5188 5184
f 5184 5188 5185
f 5188 5175 5185
f 5185 5175 5168
f 3560 3788 3561
f 3561 3788 3790
f 3596 3595 3608
f 3608 3595 3594
f 3598 3582 3595
f 3595 3582 3592
f 3600 3609 3601
f 3601 3609 3611
f 3602 3601 3612
f 3612 3601 3611
f 3606 3605 3613
f 3613 3605 3614
f 3793 5367 3794
f 3794 5367 5368
f 3598 3597 3600
f 3600 3597 3609
f 3793 3792 3575
f 3575 3792 3572
f 3561 3594 3558
f 3558 3594 3593
f 3807 3915 3804
f 3804 3915 3914
f 3916 3915 5370
f 5370 3915 5369
f 3602 3605 3603
f 3603 3605 3604
f 3606 3792 3607
f 3607 3792 3791
f 3914 3913 3560
f 3560 3913 3788
f 5174 5129 5166
f 5166 5129 5371
f 5170 5169 5093
f 5093 5169 5113
f 5166 5371 5090
f 5090 5371 5091
f 5128 5169 5372
f 5372 5169 5172
f 5127 5113 5128
f 5128 5113 5169
f 5114 5206 5203
f 5203 5206 5362
f 5200 5373 5073
f 5073 5373 5096
f 5374 5375 5200
f 5200 5375 5373
f 5039 5047 5374
f 5374 5047 5375
f 5087 5046 5085
f 5085 5046 5376
f 5212 5377 5067
f 5067 5377 5376
f 5042 5045 5212
f 5212 5045 5377
f 5064 5378 5043
f 5043 5378 5044
f 5063 5077 5064
f 5064 5077 5378
f 5079 5082 5198
f 5198 5082 5078
f 5099 5081 5100
f 5100 5081 5379
f 5100 5379 5094
f 5094 5379 5095
f 5381 5382 5380
f 5380 5382 5383
f 5385 5386 5384
f 5384 5386 5383
f 5385 5387 5386
f 5386 5387 5388
f 5390 5391 5389
f 5389 5391 5392
f 5393 5394 5396
f 5396 5394 5395
f 5398 5399 5397
f 5397 5399 5400
f 5402 5403 5401
f 5401 5403 5404
f 5406 5407 5405
f 5405 5407 5404
f 5408 5409 5163
f 5163 5409 5410
f 5411 5412 5414
f 5414 5412 5413
f 5057 5416 5415
f 5415 5416 5417
f 5393 5416 5418
f 5418 5416 5419
f 5396 5395 5420
f 5420 5395 5421
f 5423 5424 5422
f 5422 5424 5425
f 5415 5417 5220
f 5220 5417 5426
f 5418 5391 5393
f 5393 5391 5394
f 5414 5388 5411
f 5411 5388 5392
f 5059 5427 5060
f 5060 5427 5428
f 5423 5427 5429
f 5429 5427 5430
f 5432 5382 5431
f 5431 5382 5425
f 5429 5407 5423
f 5423 5407 5424
f 5380 5409 5381
f 5381 5409 5433
f 5381 5433 5422
f 5422 5433 5428
f 5027 5412 5056
f 5056 5412 5419
f 5435 5436 5434
f 5434 5436 5437
f 5159 5439 5438
f 5438 5439 5440
f 5053 5436 5159
f 5159 5436 5439
f 5441 5403 5398
f 5398 5403 5399
f 5163 5410 5026
f 5026 5410 5413
f 5438 5440 5442
f 5442 5440 5430
f 5444 5445 5443
f 5443 5445 5446
f 5447 5448 5450
f 5450 5448 5449
f 5451 5446 5452
f 5452 5446 5445
f 5454 5455 5453
f 5453 5455 5451
f 5456 5454 5458
f 5458 5454 5457
f 5460 5461 5459
f 5459 5461 5462
f 5464 5465 5463
f 5463 5465 5466
f 5468 5469 5467
f 5467 5469 5470
f 5472 5473 5471
f 5471 5473 5474
f 5475 5476 5478
f 5478 5476 5477
f 5479 5480 5482
f 5482 5480 5481
f 5483 5484 5448
f 5448 5484 5485
f 5448 5485 5449
f 5449 5485 5486
f 5487 5476 5488
f 5488 5476 5475
f 5490 5491 5489
f 5489 5491 5492
f 5494 5495 5493
f 5493 5495 5496
f 5498 5494 5497
f 5497 5494 5493
f 5500 5501 5499
f 5499 5501 5502
f 5503 5504 5446
f 5446 5504 5443
f 5506 5507 5505
f 5505 5507 5508
f 5510 5511 5509
f 5509 5511 5512
f 5514 5515 5513
f 5513 5515 5516
f 5518 5519 5517
f 5517 5519 5520
f 5495 5521 5496
f 5496 5521 5522
f 5524 5525 5523
f 5523 5525 5526
f 5527 5528 5494
f 5494 5528 5495
f 5499 5502 5529
f 5529 5502 5530
f 5531 5532 5485
f 5485 5532 5486
f 5485 5484 5531
f 5531 5484 5533
f 5482 5481 5534
f 5534 5481 5535
f 5536 5512 5506
f 5506 5512 5511
f 5455 5503 5451
f 5451 5503 5446
f 5467 5470 5511
f 5511 5470 5537
f 5538 5467 5510
f 5510 5467 5511
f 5540 5541 5539
f 5539 5541 5542
f 5543 5544 5546
f 5546 5544 5545
f 5548 5472 5547
f 5547 5472 5471
f 5493 5496 5549
f 5549 5496 5550
f 5496 5522 5550
f 5550 5522 5551
f 5553 5554 5552
f 5552 5554 5555
f 5557 5447 5556
f 5556 5447 5558
f 5557 5483 5447
f 5447 5483 5448
f 5478 5477 5553
f 5553 5477 5559
f 5477 5560 5559
f 5559 5560 5561
f 5476 5562 5477
f 5477 5562 5560
f 5476 5487 5562
f 5562 5487 5563
f 5560 5564 5561
f 5561 5564 5565
f 5564 5560 5566
f 5566 5560 5562
f 5563 5567 5562
f 5562 5567 5566
f 5569 5521 5568
f 5568 5521 5570
f 5481 5572 5571
f 5571 5572 5573
f 5574 5535 5571
f 5571 5535 5481
f 5576 5577 5575
f 5575 5577 5578
f 5579 5580 5456
f 5456 5580 5581
f 5475 5582 5488
f 5488 5582 5583
f 5584 5536 5505
f 5505 5536 5506
f 5585 5586 5588
f 5588 5586 5587
f 5590 5591 5589
f 5589 5591 5592
f 5519 5593 5520
f 5520 5593 5594
f 5595 5596 5462
f 5462 5596 5597
f 5599 5600 5598
f 5598 5600 5514
f 5602 5603 5601
f 5601 5603 5604
f 5524 5543 5525
f 5525 5543 5546
f 5543 5524 5606
f 5606 5524 5605
f 5607 5608 5500
f 5500 5608 5501
f 5610 5551 5609
f 5609 5551 5522
f 5611 5510 5598
f 5598 5510 5509
f 5612 5597 5457
f 5457 5597 5458
f 5510 5611 5538
f 5538 5611 5613
f 5580 5508 5581
f 5581 5508 5507
f 5615 5616 5614
f 5614 5616 5617
f 5619 5620 5618
f 5618 5620 5621
f 5623 5624 5622
f 5622 5624 5625
f 5627 5624 5626
f 5626 5624 5623
f 5629 5630 5628
f 5628 5630 5631
f 5633 5634 5632
f 5632 5634 5466
f 5635 5636 5463
f 5463 5636 5637
f 5523 5638 5524
f 5524 5638 5605
f 5639 5640 5641
f 5641 5640 5595
f 5611 5513 5613
f 5613 5513 5642
f 5643 5586 5608
f 5608 5586 5501
f 5622 5625 5590
f 5590 5625 5591
f 5598 5514 5611
f 5611 5514 5513
f 5645 5646 5644
f 5644 5646 5647
f 5620 5619 5491
f 5491 5619 5648
f 5649 5643 5492
f 5492 5643 5608
f 5650 5651 5653
f 5653 5651 5652
f 5463 5466 5635
f 5635 5466 5634
f 5597 5612 5462
f 5462 5612 5459
f 5635 5634 5523
f 5523 5634 5638
f 5654 5638 5633
f 5633 5638 5634
f 5655 5656 5525
f 5525 5656 5526
f 5658 5659 5657
f 5657 5659 5527
f 5660 5464 5637
f 5637 5464 5463
f 5632 5466 5661
f 5661 5466 5465
f 5661 5662 5632
f 5632 5662 5658
f 5662 5663 5658
f 5658 5663 5659
f 5665 5659 5664
f 5664 5659 5663
f 5632 5658 5633
f 5633 5658 5657
f 5666 5629 5530
f 5530 5629 5667
f 5528 5527 5665
f 5665 5527 5659
f 5668 5669 5570
f 5570 5669 5568
f 5669 5668 5670
f 5670 5668 5671
f 5646 5672 5673
f 5672 5674 5673
f 5673 5674 5675
f 5674 5460 5675
f 5675 5460 5459
f 5461 5676 5462
f 5462 5676 5595
f 5677 5678 5680
f 5680 5678 5679
f 5628 5681 5629
f 5629 5681 5667
f 5682 5529 5667
f 5667 5529 5530
f 5675 5459 5683
f 5683 5459 5612
f 5585 5666 5502
f 5502 5666 5530
f 5589 5684 5602
f 5602 5684 5603
f 5646 5645 5663
f 5663 5645 5664
f 5685 5647 5673
f 5673 5647 5646
f 5686 5687 5683
f 5683 5687 5685
f 5688 5689 5533
f 5533 5689 5531
f 5690 5691 5535
f 5535 5691 5534
f 5692 5690 5574
f 5574 5690 5535
f 5685 5687 5689
f 5689 5687 5693
f 5489 5694 5490
f 5490 5694 5695
f 5690 5692 5696
f 5696 5692 5697
f 5696 5644 5690
f 5690 5644 5691
f 5447 5450 5558
f 5558 5450 5698
f 5699 5700 5642
f 5642 5700 5613
f 5701 5702 5540
f 5540 5702 5541
f 5431 5703 5432
f 5432 5703 5697
f 5385 5384 5574
f 5574 5384 5692
f 5389 5387 5573
f 5573 5387 5571
f 5565 5390 5573
f 5573 5390 5389
f 5390 5565 5704
f 5704 5565 5564
f 5566 5705 5564
f 5564 5705 5704
f 5569 5441 5609
f 5609 5441 5398
f 5568 5405 5569
f 5569 5405 5441
f 5670 5706 5669
f 5669 5706 5406
f 5703 5431 5670
f 5670 5431 5706
f 5432 5697 5384
f 5384 5697 5692
f 5574 5571 5385
f 5385 5571 5387
f 5607 5707 5489
f 5489 5707 5694
f 5518 5708 5519
f 5519 5708 5709
f 5711 5576 5710
f 5710 5576 5575
f 5713 5714 5712
f 5712 5714 5715
f 5553 5552 5478
f 5478 5552 5716
f 5717 5475 5716
f 5716 5475 5478
f 5718 5719 5605
f 5605 5719 5606
f 5505 5622 5584
f 5584 5622 5590
f 5508 5623 5505
f 5505 5623 5622
f 5626 5623 5580
f 5580 5623 5508
f 5580 5579 5626
f 5626 5579 5720
f 5579 5721 5720
f 5720 5721 5722
f 5666 5585 5723
f 5723 5585 5588
f 5724 5725 5639
f 5639 5725 5640
f 5554 5726 5555
f 5555 5726 5727
f 5453 5728 5729
f 5689 5688 5685
f 5685 5688 5647
f 5604 5730 5512
f 5512 5730 5509
f 5628 5631 5618
f 5618 5631 5592
f 5601 5604 5536
f 5536 5604 5512
f 5732 5676 5731
f 5731 5676 5660
f 5730 5604 5733
f 5733 5604 5603
f 5563 5487 5551
f 5551 5487 5550
f 5489 5492 5607
f 5607 5492 5608
f 5573 5572 5565
f 5565 5572 5561
f 5609 5522 5569
f 5569 5522 5521
f 5499 5734 5500
f 5500 5734 5735
f 5596 5736 5721
f 5721 5736 5722
f 5737 5600 5594
f 5594 5600 5520
f 5599 5730 5517
f 5517 5730 5733
f 5660 5738 5731
f 5731 5738 5739
f 5648 5649 5491
f 5491 5649 5492
f 5501 5586 5502
f 5502 5586 5585
f 5525 5546 5655
f 5655 5546 5740
f 5600 5599 5520
f 5520 5599 5517
f 5708 5739 5709
f 5709 5739 5738
f 5636 5635 5526
f 5526 5635 5523
f 5670 5671 5703
f 5703 5671 5741
f 5490 5695 5742
f 5742 5695 5743
f 5682 5678 5744
f 5744 5678 5677
f 5678 5681 5679
f 5679 5681 5621
f 5742 5743 5679
f 5679 5743 5680
f 5618 5621 5628
f 5628 5621 5681
f 5725 5724 5589
f 5589 5724 5684
f 5456 5458 5579
f 5579 5458 5721
f 5675 5683 5673
f 5673 5683 5685
f 5529 5682 5745
f 5745 5682 5744
f 5721 5458 5596
f 5596 5458 5597
f 5701 5540 5719
f 5719 5540 5606
f 5703 5741 5697
f 5697 5741 5696
f 5500 5735 5607
f 5607 5735 5707
f 5549 5746 5493
f 5493 5746 5497
f 5700 5747 5613
f 5613 5747 5538
f 5420 5421 5434
f 5434 5421 5400
f 5689 5693 5531
f 5531 5693 5532
f 5705 5566 5748
f 5748 5566 5567
f 5609 5398 5610
f 5610 5398 5397
f 5669 5406 5568
f 5568 5406 5405
f 5488 5583 5549
f 5549 5583 5746
f 5714 5713 5710
f 5710 5713 5711
f 5747 5468 5538
f 5538 5468 5467
f 5548 5547 5749
f 5749 5547 5750
f 5733 5603 5751
f 5751 5603 5684
f 5589 5602 5590
f 5590 5602 5584
f 5636 5752 5614
f 5614 5752 5615
f 5753 5754 5738
f 5738 5754 5755
f 5602 5601 5584
f 5584 5601 5536
f 5723 5736 5630
f 5630 5736 5640
f 5595 5640 5596
f 5596 5640 5736
f 5734 5499 5745
f 5745 5499 5529
f 5627 5587 5643
f 5643 5587 5586
f 5553 5559 5554
f 5554 5559 5480
f 5559 5561 5480
f 5480 5561 5572
f 5554 5480 5726
f 5726 5480 5479
f 5749 5750 5715
f 5715 5750 5712
f 5683 5612 5686
f 5686 5612 5457
f 5678 5682 5681
f 5681 5682 5667
f 5598 5509 5599
f 5599 5509 5730
f 5679 5621 5742
f 5742 5621 5620
f 5652 5616 5653
f 5653 5616 5615
f 5220 5426 5052
f 5052 5426 5437
f 5487 5488 5550
f 5550 5488 5549
f 5742 5620 5490
f 5490 5620 5491
f 5551 5610 5563
f 5563 5610 5567
f 5610 5397 5567
f 5567 5397 5748
f 5614 5617 5753
f 5753 5617 5754
f 5480 5572 5481
f 5755 5756 5738
f 5738 5756 5709
f 5745 5744 5758
f 5758 5744 5757
f 5745 5758 5734
f 5734 5758 5759
f 5735 5734 5760
f 5760 5734 5759
f 5707 5735 5761
f 5761 5735 5760
f 5744 5677 5757
f 5757 5677 5762
f 5677 5680 5762
f 5762 5680 5763
f 5763 5680 5764
f 5764 5680 5743
f 5765 5766 5762
f 5762 5766 5757
f 5768 5769 5767
f 5767 5769 5770
f 5771 5772 5770
f 5770 5772 5767
f 5770 5769 5774
f 5774 5769 5773
f 5775 5776 5774
f 5774 5776 5777
f 5773 5778 5774
f 5774 5778 5775
f 5779 5766 5773
f 5773 5766 5778
f 5777 5771 5774
f 5774 5771 5770
f 5780 5781 5783
f 5783 5781 5782
f 5781 5780 5771
f 5771 5780 5772
f 5773 5769 5779
f 5779 5769 5768
f 5768 5759 5779
f 5779 5759 5758
f 5768 5784 5759
f 5759 5784 5760
f 5767 5785 5768
f 5768 5785 5784
f 5785 5767 5786
f 5786 5767 5772
f 5766 5779 5757
f 5757 5779 5758
f 5780 5787 5772
f 5772 5787 5786
f 5785 5786 5788
f 5788 5786 5789
f 5786 5787 5789
f 5789 5787 5790
f 5788 5789 5791
f 5791 5789 5792
f 5791 5793 5788
f 5788 5793 5794
f 5795 5792 5790
f 5790 5792 5789
f 5785 5788 5784
f 5784 5788 5794
f 5784 5794 5760
f 5760 5794 5761
f 5787 5780 5796
f 5796 5780 5783
f 5775 5778 5797
f 5797 5778 5766
f 5797 5798 5775
f 5775 5798 5776
f 5766 5765 5797
f 5797 5765 5799
f 5798 5797 5800
f 5800 5797 5799
f 5798 5801 5776
f 5776 5801 5802
f 5707 5761 5694
f 5694 5761 5803
f 5695 5804 5743
f 5743 5804 5764
f 5804 5695 5803
f 5803 5695 5694
f 5803 5793 5804
f 5804 5793 5805
f 5793 5791 5805
f 5805 5791 5806
f 5804 5805 5764
f 5764 5805 5807
f 5803 5761 5793
f 5793 5761 5794
f 5808 5763 5807
f 5807 5763 5764
f 5808 5765 5763
f 5763 5765 5762
f 5809 5799 5808
f 5808 5799 5765
f 5809 5808 5810
f 5810 5808 5807
f 5811 5809 5812
f 5812 5809 5810
f 5805 5806 5807
f 5807 5806 5810
f 5806 5813 5810
f 5810 5813 5812
f 5799 5809 5800
f 5800 5809 5811
f 5815 5800 5814
f 5814 5800 5811
f 5814 5817 5816
f 5816 5817 5818
f 5814 5811 5817
f 5817 5811 5812
f 5814 5816 5815
f 5815 5816 5796
f 5815 5796 5801
f 5801 5796 5783
f 5801 5798 5815
f 5815 5798 5800
f 5791 5792 5806
f 5806 5792 5813
f 5818 5813 5795
f 5795 5813 5792
f 5818 5817 5813
f 5813 5817 5812
f 5816 5818 5790
f 5790 5818 5795
f 5790 5787 5816
f 5816 5787 5796
f 5771 5777 5781
f 5781 5777 5782
f 5782 5802 5783
f 5783 5802 5801
f 5782 5777 5802
f 5802 5777 5776
f 5588 5587 5722
f 5722 5587 5720
f 5591 5619 5592
f 5592 5619 5618
f 5625 5624 5648
f 5648 5624 5649
f 5624 5627 5649
f 5649 5627 5643
f 5631 5630 5725
f 5725 5630 5640
f 5625 5648 5591
f 5591 5648 5619
f 5588 5722 5723
f 5723 5722 5736
f 5631 5725 5592
f 5592 5725 5589
f 5723 5630 5666
f 5666 5630 5629
f 5587 5627 5720
f 5720 5627 5626
f 5820 5821 5819
f 5819 5821 5822
f 5824 5825 5823
f 5823 5825 5826
f 5823 5826 5827
f 5827 5826 5828
f 5829 5830 5832
f 5832 5830 5831
f 5518 5833 5708
f 5708 5833 5834
f 5835 5836 5824
f 5824 5836 5825
f 5838 5839 5837
f 5837 5839 5840
f 5751 5684 5842
f 5842 5684 5841
f 5843 5841 5724
f 5724 5841 5684
f 5845 5846 5844
f 5844 5846 5847
f 5848 5830 5836
f 5836 5830 5825
f 5518 5751 5833
f 5833 5751 5842
f 5839 5838 5821
f 5821 5838 5849
f 5850 5848 5822
f 5822 5848 5836
f 5851 5845 5828
f 5828 5845 5852
f 5854 5855 5853
f 5853 5855 5856
f 5845 5844 5852
f 5852 5844 5857
f 5858 5827 5852
f 5852 5827 5828
f 5851 5828 5829
f 5829 5828 5826
f 5819 5859 5820
f 5820 5859 5860
f 5835 5861 5819
f 5819 5861 5859
f 5851 5829 5862
f 5862 5829 5832
f 5844 5847 5837
f 5837 5847 5834
f 5819 5822 5835
f 5835 5822 5836
f 5823 5863 5824
f 5824 5863 5864
f 5849 5850 5821
f 5821 5850 5822
f 5825 5830 5826
f 5826 5830 5829
f 5820 5860 5865
f 5865 5860 5866
f 5858 5854 5867
f 5867 5854 5853
f 5854 5857 5855
f 5855 5857 5840
f 5855 5865 5856
f 5856 5865 5866
f 5837 5840 5844
f 5844 5840 5857
f 5827 5858 5868
f 5868 5858 5867
f 5824 5864 5835
f 5835 5864 5861
f 5732 5731 5862
f 5862 5731 5846
f 5863 5823 5868
f 5868 5823 5827
f 5843 5831 5848
f 5848 5831 5830
f 5854 5858 5857
f 5857 5858 5852
f 5855 5840 5865
f 5865 5840 5839
f 5865 5839 5820
f 5820 5839 5821
f 5868 5867 5870
f 5870 5867 5869
f 5868 5870 5863
f 5863 5870 5871
f 5863 5871 5864
f 5864 5871 5872
f 5864 5872 5861
f 5861 5872 5873
f 5867 5853 5869
f 5869 5853 5874
f 5853 5856 5874
f 5874 5856 5875
f 5856 5866 5875
f 5875 5866 5876
f 5877 5878 5874
f 5874 5878 5869
f 5880 5881 5879
f 5879 5881 5882
f 5883 5884 5880
f 5880 5884 5881
f 5881 5884 5886
f 5886 5884 5885
f 5887 5888 5886
f 5886 5888 5889
f 5885 5890 5886
f 5886 5890 5887
f 5889 5882 5886
f 5886 5882 5881
f 5882 5891 5879
f 5879 5891 5892
f 5885 5884 5893
f 5893 5884 5883
f 5883 5871 5893
f 5893 5871 5870
f 5883 5894 5871
f 5871 5894 5872
f 5880 5895 5883
f 5883 5895 5894
f 5896 5895 5879
f 5879 5895 5880
f 5893 5878 5885
f 5885 5878 5890
f 5878 5893 5869
f 5869 5893 5870
f 5897 5896 5892
f 5892 5896 5879
f 5895 5896 5898
f 5898 5896 5899
f 5896 5897 5899
f 5899 5897 5900
f 5898 5899 5901
f 5901 5899 5902
f 5901 5903 5898
f 5898 5903 5904
f 5900 5905 5899
f 5899 5905 5902
f 5898 5904 5895
f 5895 5904 5894
f 5894 5904 5872
f 5872 5904 5873
f 5897 5892 5907
f 5907 5892 5906
f 5892 5891 5906
f 5906 5891 5908
f 5887 5890 5909
f 5909 5890 5878
f 5888 5887 5910
f 5910 5887 5909
f 5878 5877 5909
f 5909 5877 5911
f 5909 5911 5910
f 5910 5911 5912
f 5913 5914 5910
f 5910 5914 5888
f 5908 5914 5906
f 5906 5914 5913
f 5861 5873 5859
f 5859 5873 5915
f 5860 5916 5866
f 5866 5916 5876
f 5916 5860 5915
f 5915 5860 5859
f 5915 5903 5916
f 5916 5903 5917
f 5903 5901 5917
f 5917 5901 5918
f 5916 5917 5876
f 5876 5917 5919
f 5903 5915 5904
f 5904 5915 5873
f 5920 5875 5919
f 5919 5875 5876
f 5920 5877 5875
f 5875 5877 5874
f 5920 5921 5877
f 5877 5921 5911
f 5921 5920 5922
f 5922 5920 5919
f 5923 5921 5924
f 5924 5921 5922
f 5917 5918 5919
f 5919 5918 5922
f 5918 5925 5922
f 5922 5925 5924
f 5921 5923 5911
f 5911 5923 5912
f 5927 5912 5926
f 5926 5912 5923
f 5926 5929 5928
f 5928 5929 5930
f 5926 5923 5929
f 5929 5923 5924
f 5926 5928 5927
f 5927 5928 5907
f 5927 5907 5913
f 5913 5907 5906
f 5913 5910 5927
f 5927 5910 5912
f 5901 5902 5918
f 5918 5902 5925
f 5930 5925 5905
f 5905 5925 5902
f 5930 5929 5925
f 5925 5929 5924
f 5928 5930 5900
f 5900 5930 5905
f 5900 5897 5928
f 5928 5897 5907
f 5882 5889 5891
f 5891 5889 5908
f 5908 5889 5914
f 5914 5889 5888
f 5832 5831 5641
f 5641 5831 5639
f 5833 5838 5834
f 5834 5838 5837
f 5842 5841 5849
f 5849 5841 5850
f 5841 5843 5850
f 5850 5843 5848
f 5847 5846 5739
f 5739 5846 5731
f 5842 5849 5833
f 5833 5849 5838
f 5862 5832 5732
f 5732 5832 5641
f 5847 5739 5834
f 5834 5739 5708
f 5862 5846 5851
f 5851 5846 5845
f 5831 5843 5639
f 5639 5843 5724
f 5676 5732 5595
f 5595 5732 5641
f 5676 5461 5660
f 5660 5461 5464
f 5461 5460 5464
f 5464 5460 5465
f 5460 5674 5465
f 5465 5674 5661
f 5931 5932 5934
f 5934 5932 5933
f 5936 5937 5935
f 5935 5937 5938
f 5935 5938 5939
f 5939 5938 5940
f 5942 5943 5941
f 5941 5943 5944
f 5945 5946 5936
f 5936 5946 5937
f 5948 5949 5947
f 5947 5949 5950
f 5951 5952 5519
f 5519 5952 5593
f 5953 5951 5709
f 5709 5951 5519
f 5955 5956 5954
f 5954 5956 5957
f 5958 5942 5946
f 5946 5942 5937
f 5948 5959 5949
f 5949 5959 5933
f 5960 5958 5934
f 5934 5958 5946
f 5961 5955 5940
f 5940 5955 5962
f 5963 5964 5966
f 5966 5964 5965
f 5955 5954 5962
f 5962 5954 5967
f 5968 5939 5962
f 5962 5939 5940
f 5961 5940 5941
f 5941 5940 5938
f 5931 5969 5932
f 5932 5969 5970
f 5945 5971 5931
f 5931 5971 5969
f 5941 5944 5961
f 5961 5944 5972
f 5954 5957 5947
f 5947 5957 5973
f 5945 5931 5946
f 5946 5931 5934
f 5935 5974 5936
f 5936 5974 5975
f 5959 5960 5933
f 5933 5960 5934
f 5937 5942 5938
f 5938 5942 5941
f 5932 5970 5976
f 5976 5970 5977
f 5968 5964 5978
f 5978 5964 5963
f 5965 5964 5950
f 5950 5964 5967
f 5976 5977 5965
f 5965 5977 5966
f 5947 5950 5954
f 5954 5950 5967
f 5939 5968 5979
f 5979 5968 5978
f 5936 5975 5945
f 5945 5975 5971
f 5972 5754 5956
f 5956 5754 5617
f 5974 5935 5979
f 5979 5935 5939
f 5953 5943 5958
f 5958 5943 5942
f 5964 5968 5967
f 5967 5968 5962
f 5965 5950 5976
f 5976 5950 5949
f 5976 5949 5932
f 5932 5949 5933
f 5979 5978 5981
f 5981 5978 5980
f 5979 5981 5974
f 5974 5981 5982
f 5974 5982 5975
f 5975 5982 5983
f 5975 5983 5971
f 5971 5983 5984
f 5978 5963 5980
f 5980 5963 5985
f 5963 5966 5985
f 5985 5966 5986
f 5986 5966 5987
f 5987 5966 5977
f 5988 5989 5985
f 5985 5989 5980
f 5991 5992 5990
f 5990 5992 5993
f 5994 5995 5991
f 5991 5995 5992
f 5992 5995 5997
f 5997 5995 5996
f 5998 5999 5997
f 5997 5999 6000
f 5996 6001 5997
f 5997 6001 5998
f 6000 5993 5997
f 5997 5993 5992
f 6002 6003 5993
f 5993 6003 5990
f 5995 5994 5996
f 5996 5994 6004
f 5994 5982 6004
f 6004 5982 5981
f 5994 6005 5982
f 5982 6005 5983
f 5991 6006 5994
f 5994 6006 6005
f 6006 5991 6007
f 6007 5991 5990
f 5996 6004 6001
f 6001 6004 5989
f 5989 6004 5980
f 5980 6004 5981
f 6003 6008 5990
f 5990 6008 6007
f 6009 6006 6010
f 6010 6006 6007
f 6008 6011 6007
f 6007 6011 6010
f 6012 6009 6013
f 6013 6009 6010
f 6009 6012 6015
f 6015 6012 6014
f 6011 6016 6010
f 6010 6016 6013
f 6006 6009 6005
f 6005 6009 6015
f 6005 6015 5983
f 5983 6015 5984
f 6008 6003 6018
f 6018 6003 6017
f 6003 6002 6017
f 6017 6002 6019
f 5998 6001 6020
f 6020 6001 5989
f 5999 5998 6021
f 6021 5998 6020
f 5989 5988 6020
f 6020 5988 6022
f 6021 6020 6023
f 6023 6020 6022
f 6021 6024 5999
f 5999 6024 6025
f 6019 6025 6017
f 6017 6025 6024
f 5971 5984 5969
f 5969 5984 6026
f 5970 6027 5977
f 5977 6027 5987
f 6027 5970 6026
f 6026 5970 5969
f 6026 6014 6027
f 6027 6014 6028
f 6014 6012 6028
f 6028 6012 6029
f 6027 6028 5987
f 5987 6028 6030
f 6026 5984 6014
f 6014 5984 6015
f 6031 5986 6030
f 6030 5986 5987
f 6031 5988 5986
f 5986 5988 5985
f 6032 6022 6031
f 6031 6022 5988
f 6032 6031 6033
f 6033 6031 6030
f 6034 6032 6035
f 6035 6032 6033
f 6028 6029 6030
f 6030 6029 6033
f 6029 6036 6033
f 6033 6036 6035
f 6032 6034 6022
f 6022 6034 6023
f 6038 6023 6037
f 6037 6023 6034
f 6037 6040 6039
f 6039 6040 6041
f 6037 6034 6040
f 6040 6034 6035
f 6037 6039 6038
f 6038 6039 6018
f 6038 6018 6024
f 6024 6018 6017
f 6024 6021 6038
f 6038 6021 6023
f 6012 6013 6029
f 6029 6013 6036
f 6041 6036 6016
f 6016 6036 6013
f 6041 6040 6036
f 6036 6040 6035
f 6041 6016 6039
f 6039 6016 6011
f 6011 6008 6039
f 6039 6008 6018
f 5993 6000 6002
f 6002 6000 6019
f 6019 6000 6025
f 6025 6000 5999
f 5943 5756 5944
f 5944 5756 5755
f 6042 5948 5973
f 5973 5948 5947
f 5952 5951 5959
f 5959 5951 5960
f 5951 5953 5960
f 5960 5953 5958
f 5616 5957 5617
f 5617 5957 5956
f 6042 5952 5948
f 5948 5952 5959
f 5944 5755 5972
f 5972 5755 5754
f 5957 5616 5973
f 5973 5616 5652
f 5956 5955 5972
f 5972 5955 5961
f 5943 5953 5756
f 5756 5953 5709
f 6044 6045 6043
f 6043 6045 6046
f 6048 6049 6047
f 6047 6049 6050
f 6047 6050 6051
f 6051 6050 6052
f 6054 6055 6053
f 6053 6055 6056
f 6057 6058 6060
f 6060 6058 6059
f 6061 6062 6048
f 6048 6062 6049
f 6063 6064 6066
f 6066 6064 6065
f 6067 6068 6070
f 6070 6068 6069
f 6071 6069 5653
f 5653 6069 6068
f 6072 6073 6075
f 6075 6073 6074
f 6062 6076 6049
f 6049 6076 6054
f 6058 6067 6059
f 6059 6067 6070
f 6064 6077 6065
f 6065 6077 6045
f 6078 6076 6046
f 6046 6076 6062
f 6073 6080 6079
f 6079 6080 6052
f 6082 6083 6081
f 6081 6083 6084
f 6072 6085 6073
f 6073 6085 6080
f 6086 6051 6080
f 6080 6051 6052
f 6079 6052 6053
f 6053 6052 6050
f 6043 6087 6044
f 6044 6087 6088
f 6061 6089 6043
f 6043 6089 6087
f 6053 6056 6079
f 6079 6056 6090
f 6063 6072 6060
f 6060 6072 6075
f 6043 6046 6061
f 6061 6046 6062
f 6047 6091 6048
f 6048 6091 6092
f 6077 6078 6045
f 6045 6078 6046
f 6049 6054 6050
f 6050 6054 6053
f 6044 6088 6093
f 6093 6088 6094
f 6086 6082 6095
f 6095 6082 6081
f 6083 6082 6066
f 6066 6082 6085
f 6093 6094 6083
f 6083 6094 6084
f 6072 6063 6085
f 6085 6063 6066
f 6051 6086 6096
f 6096 6086 6095
f 6048 6092 6061
f 6061 6092 6089
f 5656 5655 6090
f 6090 5655 6074
f 6091 6047 6096
f 6096 6047 6051
f 6071 6055 6076
f 6076 6055 6054
f 6082 6086 6085
f 6085 6086 6080
f 6093 6083 6065
f 6065 6083 6066
f 6044 6093 6045
f 6045 6093 6065
f 6096 6095 6098
f 6098 6095 6097
f 6096 6098 6091
f 6091 6098 6099
f 6091 6099 6092
f 6092 6099 6100
f 6092 6100 6089
f 6089 6100 6101
f 6095 6081 6097
f 6097 6081 6102
f 6081 6084 6102
f 6102 6084 6103
f 6103 6084 6104
f 6104 6084 6094
f 6106 6097 6105
f 6105 6097 6102
f 6107 6108 6110
f 6110 6108 6109
f 6111 6112 6108
f 6108 6112 6109
f 6109 6112 6114
f 6114 6112 6113
f 6114 6115 6117
f 6117 6115 6116
f 6113 6118 6114
f 6114 6118 6115
f 6117 6110 6114
f 6114 6110 6109
f 6110 6119 6107
f 6107 6119 6120
f 6112 6111 6113
f 6113 6111 6121
f 6111 6099 6121
f 6121 6099 6098
f 6111 6122 6099
f 6099 6122 6100
f 6123 6122 6108
f 6108 6122 6111
f 6124 6123 6107
f 6107 6123 6108
f 6113 6121 6118
f 6118 6121 6106
f 6106 6121 6097
f 6097 6121 6098
f 6125 6124 6120
f 6120 6124 6107
f 6126 6123 6127
f 6127 6123 6124
f 6125 6128 6124
f 6124 6128 6127
f 6129 6126 6130
f 6130 6126 6127
f 6126 6129 6132
f 6132 6129 6131
f 6128 6133 6127
f 6127 6133 6130
f 6123 6126 6122
f 6122 6126 6132
f 6122 6132 6100
f 6100 6132 6101
f 6120 6134 6125
f 6125 6134 6135
f 6120 6119 6134
f 6134 6119 6136
f 6115 6118 6137
f 6137 6118 6106
f 6115 6137 6116
f 6116 6137 6138
f 6137 6106 6139
f 6139 6106 6105
f 6138 6137 6140
f 6140 6137 6139
f 6141 6142 6138
f 6138 6142 6116
f 6136 6142 6134
f 6134 6142 6141
f 6089 6101 6087
f 6087 6101 6143
f 6088 6144 6094
f 6094 6144 6104
f 6143 6144 6087
f 6087 6144 6088
f 6131 6145 6143
f 6143 6145 6144
f 6129 6146 6131
f 6131 6146 6145
f 6144 6145 6104
f 6104 6145 6147
f 6143 6101 6131
f 6131 6101 6132
f 6148 6103 6147
f 6147 6103 6104
f 6103 6148 6102
f 6102 6148 6105
f 6148 6149 6105
f 6105 6149 6139
f 6149 6148 6150
f 6150 6148 6147
f 6151 6149 6152
f 6152 6149 6150
f 6145 6146 6147
f 6147 6146 6150
f 6146 6153 6150
f 6150 6153 6152
f 6149 6151 6139
f 6139 6151 6140
f 6155 6140 6154
f 6154 6140 6151
f 6154 6157 6156
f 6156 6157 6158
f 6154 6151 6157
f 6157 6151 6152
f 6154 6156 6155
f 6155 6156 6135
f 6155 6135 6141
f 6141 6135 6134
f 6141 6138 6155
f 6155 6138 6140
f 6146 6129 6153
f 6153 6129 6130
f 6158 6153 6133
f 6133 6153 6130
f 6158 6157 6153
f 6153 6157 6152
f 6156 6158 6128
f 6128 6158 6133
f 6128 6125 6156
f 6156 6125 6135
f 6110 6117 6119
f 6119 6117 6136
f 6136 6117 6142
f 6142 6117 6116
f 6055 5615 6056
f 6056 5615 5752
f 6060 6059 6063
f 6063 6059 6064
f 6077 6070 6078
f 6078 6070 6069
f 6069 6071 6078
f 6078 6071 6076
f 6159 6057 6075
f 6075 6057 6060
f 6059 6070 6064
f 6064 6070 6077
f 6056 5752 6090
f 6090 5752 5656
f 6090 6074 6079
f 6079 6074 6073
f 6055 6071 5615
f 5615 6071 5653
f 5547 5471 6160
f 6160 5471 6161
f 5729 5577 6163
f 6163 5577 6162
f 5577 5576 6162
f 6162 5576 6164
f 5713 6165 5711
f 5711 6165 6166
f 5474 5729 6167
f 6167 5729 6163
f 5750 5547 6168
f 6168 5547 6160
f 5471 5474 6161
f 6161 5474 6167
f 6169 5712 6168
f 6168 5712 5750
f 5711 6166 5576
f 5576 6166 6164
f 6165 5713 6169
f 6169 5713 5712
f 6168 6170 6169
f 6169 6170 6171
f 6169 6171 6165
f 6165 6171 6172
f 6165 6172 6166
f 6166 6172 6173
f 6166 6173 6164
f 6164 6173 6174
f 6168 6160 6170
f 6170 6160 6175
f 6160 6161 6175
f 6175 6161 6176
f 6161 6167 6176
f 6176 6167 6177
f 6179 6170 6178
f 6178 6170 6175
f 6181 6182 6180
f 6180 6182 6183
f 6184 6185 6181
f 6181 6185 6182
f 6186 6187 6185
f 6185 6187 6182
f 6186 6188 6187
f 6187 6188 6189
f 6190 6183 6187
f 6187 6183 6182
f 6183 6190 6191
f 6191 6190 6192
f 6191 6193 6183
f 6183 6193 6180
f 6186 6185 6194
f 6194 6185 6184
f 6184 6172 6194
f 6194 6172 6171
f 6184 6195 6172
f 6172 6195 6173
f 6181 6196 6184
f 6184 6196 6195
f 6196 6181 6197
f 6197 6181 6180
f 6186 6194 6188
f 6188 6194 6179
f 6179 6194 6170
f 6170 6194 6171
f 6193 6198 6180
f 6180 6198 6197
f 6199 6196 6200
f 6200 6196 6197
f 6198 6201 6197
f 6197 6201 6200
f 6202 6199 6203
f 6203 6199 6200
f 6199 6202 6205
f 6205 6202 6204
f 6201 6206 6200
f 6200 6206 6203
f 6196 6199 6195
f 6195 6199 6205
f 6195 6205 6173
f 6173 6205 6174
f 6198 6193 6208
f 6208 6193 6207
f 6193 6191 6207
f 6207 6191 6192
f 6189 6188 6209
f 6209 6188 6179
f 6210 6189 6211
f 6211 6189 6209
f 6209 6179 6212
f 6212 6179 6178
f 6211 6209 6213
f 6213 6209 6212
f 6211 6214 6210
f 6210 6214 6215
f 6192 6215 6207
f 6207 6215 6214
f 6190 6187 6210
f 6210 6187 6189
f 6192 6190 6215
f 6215 6190 6210
f 6162 6164 6216
f 6216 6164 6174
f 6167 6163 6177
f 6177 6163 6217
f 6216 6217 6162
f 6162 6217 6163
f 6204 6218 6216
f 6216 6218 6217
f 6202 6219 6204
f 6204 6219 6218
f 6217 6218 6177
f 6177 6218 6220
f 6216 6174 6204
f 6204 6174 6205
f 6221 6176 6220
f 6220 6176 6177
f 6176 6221 6175
f 6175 6221 6178
f 6221 6222 6178
f 6178 6222 6212
f 6222 6221 6223
f 6223 6221 6220
f 6224 6222 6225
f 6225 6222 6223
f 6218 6219 6220
f 6220 6219 6223
f 6219 6226 6223
f 6223 6226 6225
f 6222 6224 6212
f 6212 6224 6213
f 6228 6213 6227
f 6227 6213 6224
f 6229 6227 6231
f 6231 6227 6230
f 6227 6224 6230
f 6230 6224 6225
f 6227 6229 6228
f 6228 6229 6208
f 6228 6208 6214
f 6214 6208 6207
f 6214 6211 6228
f 6228 6211 6213
f 6219 6202 6226
f 6226 6202 6203
f 6231 6226 6206
f 6206 6226 6203
f 6231 6230 6226
f 6226 6230 6225
f 6229 6231 6201
f 6201 6231 6206
f 6201 6198 6229
f 6229 6198 6208
f 5674 5672 5661
f 5661 5672 5662
f 5662 5672 5663
f 5663 5672 5646
f 5651 6042 5652
f 5652 6042 5973
f 5518 5517 5751
f 5751 5517 5733
f 5738 5660 5753
f 5753 5660 5637
f 5752 5636 5656
f 5656 5636 5526
f 5952 6042 5593
f 5593 6042 5651
f 5593 5651 5594
f 5594 5651 5650
f 5600 5737 5514
f 5514 5737 5515
f 5546 5545 5740
f 5740 5545 6232
f 6232 6058 5740
f 5740 6058 6057
f 6067 6058 6233
f 6233 6058 6232
f 6233 6232 6234
f 6234 6232 5545
f 6234 5545 6235
f 6235 5545 5544
f 5606 6236 5543
f 5543 6236 5544
f 6235 5544 5539
f 5539 5544 6236
f 6237 6235 5542
f 5542 6235 5539
f 6235 6237 6234
f 6234 6237 6238
f 6234 6238 6233
f 6233 6238 6239
f 5653 6068 5650
f 5650 6068 6239
f 5642 5513 6240
f 6240 5513 5516
f 5539 6236 5540
f 5540 6236 5606
f 5636 5614 5637
f 5637 5614 5753
f 6239 5737 5650
f 5650 5737 5594
f 6239 6068 6233
f 6233 6068 6067
f 6075 6074 6159
f 6159 6074 5655
f 6057 6159 5740
f 5740 6159 5655
f 5515 5737 6238
f 6238 5737 6239
f 6238 6237 5515
f 5515 6237 5516
f 5542 6240 6237
f 6237 6240 5516
f 6240 5542 5642
f 5642 5542 5541
f 5702 5699 5541
f 5541 5699 5642
f 5582 5475 5717
f 5470 5443 5537
f 5537 5443 5504
f 5469 5444 5470
f 5470 5444 5443
f 5726 5557 5727
f 5727 5557 5556
f 5537 5504 5511
f 5511 5504 5506
f 5504 5503 5506
f 5506 5503 5507
f 5503 5455 5507
f 5507 5455 5581
f 5455 5454 5581
f 5581 5454 5456
f 5473 5453 5474
f 5474 5453 5729
f 5457 5454 5473
f 5473 5454 5453
f 5473 5472 5457
f 5457 5472 5686
f 5472 5548 5686
f 5686 5548 5687
f 5749 5693 5548
f 5548 5693 5687
f 5715 5532 5749
f 5749 5532 5693
f 5714 5486 5715
f 5715 5486 5532
f 5714 5710 5486
f 5486 5710 5449
f 5728 5578 5729
f 5729 5578 5577
f 5452 5445 5698
f 5698 5445 5558
f 5445 5444 5558
f 5558 5444 5556
f 5444 5469 5556
f 5556 5469 5727
f 5469 5468 5727
f 5727 5468 5555
f 5468 5747 5555
f 5555 5747 5552
f 5747 5700 5552
f 5552 5700 5716
f 5700 5699 5716
f 5716 5699 5717
f 5699 5702 5717
f 5717 5702 5582
f 5702 5701 5582
f 5582 5701 5583
f 5726 5479 5557
f 5557 5479 5483
f 5483 5479 5484
f 5484 5479 5482
f 5534 5533 5482
f 5482 5533 5484
f 5691 5688 5534
f 5534 5688 5533
f 5644 5647 5691
f 5691 5647 5688
f 5719 5746 5701
f 5701 5746 5583
f 5718 5497 5719
f 5719 5497 5746
f 5718 5605 5654
f 5654 5605 5638
f 5498 5654 5657
f 5657 5654 5633
f 5497 5718 5498
f 5498 5718 5654
f 5657 5527 5498
f 5498 5527 5494
f 5528 5570 5495
f 5495 5570 5521
f 5665 5668 5528
f 5528 5668 5570
f 5664 5671 5665
f 5665 5671 5668
f 5645 5741 5664
f 5664 5741 5671
f 5644 5696 5645
f 5645 5696 5741
f 5710 5575 5449
f 5449 5575 5450
f 5575 5578 5450
f 5450 5578 5698
f 5578 5728 5698
f 5698 5728 5452
f 5452 5728 5451
f 5451 5728 5453
f 3619 6241 3620
f 3620 6241 6242
f 6243 6244 3628
f 3628 6244 3629
f 6245 6246 3634
f 3634 6246 3631
f 6247 6248 3636
f 3636 6248 3637
f 6249 6250 3642
f 3642 6250 3639
f 3639 6250 3643
f 3643 6250 6251
f 3743 6252 3744
f 3744 6252 6253
f 6246 6243 3631
f 3631 6243 3628
f 3753 6254 3754
f 3754 6254 6255
f 3857 6256 3619
f 3619 6256 6241
f 6257 6245 3932
f 3932 6245 3634
f 6242 6247 3620
f 3620 6247 3636
f 6258 6259 3946
f 3946 6259 3947
f 6260 6249 3948
f 3948 6249 3642
f 6244 6258 3629
f 3629 6258 3946
f 3947 6259 3753
f 3753 6259 6254
f 6248 6260 3637
f 3637 6260 3948
f 3643 6251 3743
f 3743 6251 6252
f 3744 6253 3932
f 3932 6253 6257
f 6250 6249 6251
f 6251 6249 6252
f 6245 6261 6246
f 6246 6261 6262
f 6263 6264 6247
f 6247 6264 6248
f 6252 6265 6253
f 6253 6265 6266
f 6246 6262 6243
f 6243 6262 6267
f 6268 6261 6257
f 6257 6261 6245
f 6269 6263 6242
f 6242 6263 6247
f 6270 6271 6260
f 6260 6271 6249
f 6264 6270 6248
f 6248 6270 6260
f 6253 6266 6257
f 6257 6266 6268
f 6249 6271 6252
f 6252 6271 6265
f 6254 6259 6272
f 6272 6259 6273
f 6266 6265 6270
f 6270 6265 6271
f 6268 6266 6264
f 6264 6266 6270
f 6261 6268 6263
f 6263 6268 6264
f 6269 6262 6263
f 6263 6262 6261
f 4186 4185 6274
f 6274 4185 6275
f 6241 6276 6242
f 6242 6276 6269
f 6258 6244 6277
f 6277 6244 6278
f 6256 6279 6241
f 6241 6279 6276
f 6259 6258 6273
f 6273 6258 6277
f 6243 6267 6244
f 6244 6267 6278
f 6276 6267 6269
f 6269 6267 6262
f 6254 6272 6255
f 6255 6272 6280
f 3865 3713 3888
f 3888 3713 3685
f 5242 5233 3892
f 3892 5233 3711
f 3900 5243 3892
f 3892 5243 5242
f 3734 3866 3900
f 3900 3866 5243
f 4117 6281 4118
f 4118 6281 6282
f 4118 6282 4278
f 4278 6282 4879
f 4717 4887 4718
f 4718 4887 4280
f 4792 4278 4882
f 4882 4278 4879
f 4795 4792 6283
f 6283 4792 4882
f 4852 4851 5012
f 5012 4851 6284
f 4856 5207 4857
f 4857 5207 4858
f 4860 4279 4857
f 4857 4279 4854
f 4718 4280 4860
f 4860 4280 4279
f 4864 4863 4745
f 4745 4863 4742
f 5366 4867 5011
f 5011 4867 4866
f 4871 4884 4872
f 4872 4884 4883
f 4872 4883 4117
f 4117 4883 6281
f 6284 4851 6283
f 6283 4851 4795
f 4852 4866 4853
f 4853 4866 4865
f 4871 4870 4856
f 4856 4870 5207
f 4717 4716 4864
f 4864 4716 4861
f 4868 4867 4862
f 4862 4867 4863
f 4268 4855 4269
f 4269 4855 4854
f 4281 4274 4282
f 4282 4274 4765
f 4744 4743 4907
f 4907 4743 4904
f 4874 4881 4820
f 4820 4881 4880
f 4885 5013 4886
f 4886 5013 4980
f 4888 4275 4281
f 4281 4275 4274
f 4902 6282 4903
f 4903 6282 6281
f 6283 4979 6284
f 6284 4979 4978
f 4282 4765 4269
f 4269 4765 4266
f 4880 4879 4902
f 4902 4879 6282
f 4903 6281 4886
f 4886 6281 4883
f 4882 4881 6283
f 6283 4881 4979
f 5013 4885 4267
f 4267 4885 4268
f 4888 4887 4744
f 4744 4887 4745
f 4410 6285 4411
f 4411 6285 4812
f 4750 4749 6286
f 6286 4749 6287
f 6289 4695 6288
f 6288 4695 4255
f 4750 4675 4751
f 4751 4675 4965
f 6290 6291 4963
f 4963 6291 4960
f 4807 4806 4411
f 4411 4806 4408
f 6292 6293 4959
f 4959 6293 4956
f 4958 6294 4959
f 4959 6294 4955
f 4962 4964 4963
f 4963 4964 4805
f 4962 4961 4751
f 4751 4961 4748
f 6296 6297 6295
f 6295 6297 6298
f 6299 6300 6288
f 6288 6300 4735
f 6302 4961 6301
f 6301 4961 4960
f 6304 6287 6303
f 6303 6287 4749
f 4968 6305 4969
f 4969 6305 6306
f 4413 6308 6307
f 6307 6308 4900
f 6301 4960 6309
f 6309 4960 6291
f 4412 4408 6310
f 6310 4408 4806
f 4696 6311 4256
f 4256 6311 6312
f 6303 4749 6313
f 6313 4749 4748
f 6313 4748 6302
f 6302 4748 4961
f 6315 6316 6314
f 6314 6316 6317
f 4084 6318 6315
f 6315 6318 6316
f 4083 6319 4084
f 4084 6319 6318
f 4112 6320 4083
f 4083 6320 6319
f 6322 4138 6321
f 6321 4138 4137
f 6324 4128 6323
f 6323 4128 4127
f 4127 4193 6323
f 6323 4193 6325
f 4193 4891 6325
f 6325 4891 6326
f 4891 6327 6326
f 6326 6327 6328
f 6327 4824 5227
f 5227 4824 5228
f 5231 4684 6329
f 6329 4684 4683
f 4683 4099 6329
f 6329 4099 6330
f 4099 4102 6330
f 6330 4102 6331
f 4174 4826 4429
f 4429 4826 4829
f 4173 4741 4174
f 4174 4741 4826
f 4180 4738 4173
f 4173 4738 4741
f 6332 6333 4180
f 4180 6333 4738
f 6274 6334 4186
f 4186 6334 4188
f 4181 4825 4180
f 4180 4825 6332
f 5044 5213 5045
f 5045 5213 5165
f 5046 5087 5047
f 5047 5087 5222
f 5077 5063 5078
f 5078 5063 5198
f 5081 5099 5082
f 5082 5099 5194
f 5095 5074 5096
f 5096 5074 5073
f 5373 5170 5096
f 5096 5170 5093
f 5375 5171 5373
f 5373 5171 5170
f 5047 5222 5375
f 5375 5222 5171
f 5046 5038 5376
f 5376 5038 5067
f 5377 5086 5376
f 5376 5086 5085
f 5045 5165 5377
f 5377 5165 5086
f 5378 5214 5044
f 5044 5214 5213
f 5077 5034 5378
f 5378 5034 5214
f 5082 5194 5078
f 5078 5194 5035
f 5081 5080 5379
f 5379 5080 6335
f 5379 6335 5095
f 5095 6335 5074
f 5032 5080 5033
f 5033 5080 5079
f 5040 5017 5041
f 5041 5017 5016
f 5050 5043 5051
f 5051 5043 5042
f 5065 5023 5066
f 5066 5023 5022
f 5050 5049 5065
f 5065 5049 5023
f 5041 5016 5068
f 5068 5016 5020
f 5071 5374 5072
f 5072 5374 5200
f 5075 5156 5076
f 5076 5156 5155
f 5162 5212 5068
f 5068 5212 5067
f 5075 5074 5192
f 5192 5074 6335
f 5066 5022 5199
f 5199 5022 5196
f 5076 5155 5072
f 5072 5155 5069
f 5040 5039 5071
f 5071 5039 5374
f 5162 5161 5051
f 5051 5161 5048
f 5192 6335 5032
f 5032 6335 5080
f 5199 5196 5033
f 5033 5196 5030
f 5018 5211 5019
f 5019 5211 5408
f 5019 5408 5021
f 5021 5408 5163
f 5024 5057 5025
f 5025 5057 5415
f 5028 5048 5029
f 5029 5048 5161
f 5054 5031 5055
f 5055 5031 5030
f 5024 5023 5058
f 5058 5023 5049
f 5061 5070 5062
f 5062 5070 5069
f 5157 5438 5158
f 5158 5438 5442
f 5160 5191 5054
f 5054 5191 5031
f 5029 5161 5021
f 5021 5161 5020
f 5025 5415 5197
f 5197 5415 5220
f 5158 5442 5062
f 5062 5442 5059
f 5018 5017 5061
f 5061 5017 5070
f 5160 5159 5157
f 5157 5159 5438
f 5028 5027 5058
f 5058 5027 5056
f 5055 5030 5197
f 5197 5030 5196
f 5409 5380 5410
f 5410 5380 6336
f 5026 5413 5027
f 5027 5413 5412
f 5396 5417 5393
f 5393 5417 5416
f 5416 5057 5419
f 5419 5057 5056
f 5417 5396 5426
f 5426 5396 5420
f 5427 5423 5428
f 5428 5423 5422
f 5427 5059 5430
f 5430 5059 5442
f 5409 5408 5433
f 5433 5408 5211
f 5433 5211 5428
f 5428 5211 5060
f 5412 5411 5419
f 5419 5411 5418
f 5436 5053 5437
f 5437 5053 5052
f 5439 5402 5440
f 5440 5402 5401
f 5436 5435 5439
f 5439 5435 5402
f 5410 6336 5413
f 5413 6336 5414
f 5440 5401 5430
f 5430 5401 5429
f 5426 5420 5437
f 5437 5420 5434
f 5382 5432 5383
f 5383 5432 5384
f 5386 6336 5383
f 5383 6336 5380
f 6336 5386 5414
f 5414 5386 5388
f 5391 5418 5392
f 5392 5418 5411
f 5705 5395 5704
f 5704 5395 5394
f 5399 5435 5400
f 5400 5435 5434
f 5403 5441 5404
f 5404 5441 5405
f 5407 5429 5404
f 5404 5429 5401
f 5395 5705 5421
f 5421 5705 5748
f 5424 5706 5425
f 5425 5706 5431
f 5391 5390 5394
f 5394 5390 5704
f 5392 5388 5389
f 5389 5388 5387
f 5382 5381 5425
f 5425 5381 5422
f 5407 5406 5424
f 5424 5406 5706
f 5403 5402 5399
f 5399 5402 5435
f 5421 5748 5400
f 5400 5748 5397
f 4097 4721 4098
f 4098 4721 4231
f 4233 5273 4098
f 4098 5273 4095
f 6337 6338 4785
f 4785 6338 4786
f 4076 4780 4073
f 4073 4780 4781
f 4782 4190 4781
f 4781 4190 4073
f 4783 4901 4782
f 4782 4901 4190
f 4780 4076 4097
f 4097 4076 4721
f 6337 2879 4701
f 4701 2879 2878
f 5280 6339 5272
f 5272 6339 6340
f 5282 5281 6341
f 6341 5281 6342
f 4109 6302 4110
f 4110 6302 6301
f 4283 6304 4284
f 4284 6304 6303
f 6305 4379 6306
f 6306 4379 4378
f 4110 6301 4428
f 4428 6301 6309
f 6310 4688 4412
f 4412 4688 4687
f 4284 6303 4753
f 4753 6303 6313
f 4753 6313 4109
f 4109 6313 6302
f 6343 5226 4428
f 4428 5226 4427
f 4147 4900 4416
f 4416 4900 6308
f 6312 6311 4241
f 4241 6311 4720
f 5223 6344 4702
f 4702 6344 4699
f 4221 4220 6345
f 6345 4220 6346
f 5276 5275 6347
f 6347 5275 6348
f 5275 4728 6348
f 6348 4728 6349
f 4727 6350 5284
f 5284 6350 5285
f 6351 6352 6354
f 6354 6352 6353
f 5313 5312 5292
f 5292 5312 5293
f 5312 5344 5293
f 5293 5344 5337
f 5344 4914 5337
f 5337 4914 4916
f 4914 4913 4916
f 4916 4913 4917
f 4913 6355 4917
f 4917 6355 4978
f 6356 6357 6284
f 6284 6357 5012
f 6357 6358 5012
f 5012 6358 5011
f 5011 6358 5366
f 5366 6358 6359
f 6360 4742 6359
f 6359 4742 5366
f 4743 6361 4904
f 4904 6361 5364
f 5363 4905 5364
f 5364 4905 4904
f 5363 6362 4905
f 4905 6362 4207
f 6362 6363 4207
f 4207 6363 4208
f 6363 5342 4208
f 4208 5342 5330
f 5342 5341 5330
f 5330 5341 4244
f 5341 6364 4244
f 4244 6364 4245
f 6364 6365 4245
f 4245 6365 4246
f 6366 6367 4253
f 4253 6367 4250
f 4214 6368 4211
f 4211 6368 4380
f 4380 4379 4211
f 4211 4379 4283
f 4379 6305 4283
f 4283 6305 6304
f 6305 4968 6304
f 6304 4968 6287
f 4968 4967 6287
f 6287 4967 6286
f 4967 6297 6286
f 6286 6297 4676
f 6296 4376 4288
f 4288 4376 4285
f 4376 4373 4285
f 4285 4373 4290
f 6369 6370 6372
f 6372 6370 6371
f 5245 6373 5246
f 5246 6373 6374
f 4317 6375 4318
f 4318 6375 6376
f 4331 6377 4332
f 4332 6377 6378
f 6379 4333 6376
f 6376 4333 4318
f 4343 6380 4344
f 4344 6380 6381
f 4347 6382 4348
f 4348 6382 6383
f 4374 6371 4331
f 4331 6371 6377
f 4333 6379 4426
f 4426 6379 6384
f 4690 6385 4347
f 4347 6385 6382
f 4332 6378 4317
f 4317 6378 6375
f 4922 6386 4923
f 4923 6386 6387
f 6388 6389 4375
f 4375 6389 6390
f 6355 6356 4978
f 4978 6356 6284
f 4742 6360 4743
f 4743 6360 6361
f 6391 4238 6392
f 6392 4238 4719
f 6392 4719 6393
f 6393 4719 5296
f 6395 6396 6394
f 6394 6396 6397
f 6399 6400 6398
f 6398 6400 6401
f 6402 5302 6403
f 6403 5302 5303
f 5303 5321 6403
f 6403 5321 6404
f 5320 6405 5321
f 5321 6405 6404
f 5319 6406 5350
f 5350 6406 5351
f 5319 5318 6406
f 6406 5318 6407
f 5288 4197 6408
f 6408 4197 6409
f 4217 4216 6410
f 6410 4216 6411
f 5227 6412 6327
f 6327 6412 6328
f 4892 6413 5227
f 5227 6413 6412
f 4228 6414 4892
f 4892 6414 6413
f 4227 6415 4228
f 4228 6415 6414
f 4248 6416 4227
f 4227 6416 6415
f 4247 6417 4248
f 4248 6417 6416
f 6417 4247 6419
f 6419 4247 6418
f 6419 6418 6421
f 6421 6418 6420
f 6422 5301 6423
f 6423 5301 5300
f 6423 5300 6424
f 6424 5300 6399
f 6408 6409 6398
f 6398 6409 6425
f 6426 6427 6397
f 6397 6427 6394
f 6428 4224 6429
f 6429 4224 4223
f 6347 6346 5276
f 5276 6346 4220
f 6346 6347 6341
f 6341 6347 6339
f 5280 5278 5282
f 5282 5278 4236
f 4896 5224 4684
f 4684 5224 4681
f 4132 4135 4896
f 4896 4135 5224
f 4131 4136 4132
f 4132 4136 4135
f 4226 4754 4131
f 4131 4754 4136
f 4251 4213 4226
f 4226 4213 4754
f 4250 4214 4251
f 4251 4214 4213
f 4250 6367 4214
f 4214 6367 6368
f 6367 4910 6368
f 6368 4910 4737
f 4909 5297 4736
f 4736 5297 5296
f 5297 6395 5296
f 5296 6395 6393
f 6427 6430 6394
f 6394 6430 6431
f 6429 4383 6428
f 6428 4383 4382
f 4219 5277 4220
f 4220 5277 5276
f 4222 4697 4383
f 4383 4697 4218
f 6345 4699 4221
f 4221 4699 6344
f 6342 4700 6345
f 6345 4700 4699
f 4235 4786 5281
f 5281 4786 6338
f 4234 4787 4235
f 4235 4787 4786
f 5279 5278 6432
f 6432 5278 5271
f 4237 5279 6433
f 6433 5279 6432
f 4787 4234 6433
f 6433 4234 4237
f 6435 6436 6434
f 6434 6436 6437
f 6359 6438 6360
f 6360 6438 6437
f 6439 6440 6441
f 6441 6440 6438
f 6443 6439 6442
f 6442 6439 6441
f 6357 6356 6442
f 6442 6356 6444
f 6444 6446 6445
f 6445 6446 6447
f 4912 6446 4913
f 4913 6446 6355
f 6361 6436 5364
f 5364 6436 5365
f 5319 5350 5316
f 5316 5350 6448
f 4832 6449 5350
f 5350 6449 6448
f 4831 6450 4832
f 4832 6450 6449
f 5354 6451 5320
f 5320 6451 6405
f 4265 6452 5354
f 5354 6452 6451
f 4264 6453 4265
f 4265 6453 6452
f 6450 4831 6447
f 6447 4831 6445
f 4263 6435 4264
f 4264 6435 6434
f 6454 6453 6439
f 6439 6453 6440
f 6439 6443 6454
f 6454 6443 4834
f 4833 6455 4834
f 4834 6455 6454
f 5351 6456 4833
f 4833 6456 6455
f 6457 6391 6458
f 6458 6391 6392
f 6458 6392 6431
f 6431 6392 6393
f 5298 6396 5297
f 5297 6396 6395
f 6402 6400 5302
f 5302 6400 5299
f 6402 6403 6459
f 6459 6403 6460
f 6460 6403 6461
f 6461 6403 6404
f 6405 6462 6404
f 6404 6462 6461
f 6406 6462 5351
f 5351 6462 6456
f 6406 6407 6462
f 6462 6407 6461
f 6407 6463 6461
f 6461 6463 6460
f 6463 6464 6460
f 6460 6464 6459
f 6464 6465 6459
f 6459 6465 6401
f 6430 6466 6431
f 6431 6466 6458
f 6466 6410 6458
f 6458 6410 6457
f 6410 6411 6457
f 6457 6411 6467
f 6396 6424 6397
f 6397 6424 6425
f 6393 6395 6431
f 6431 6395 6394
f 6451 6456 6405
f 6405 6456 6462
f 6452 6455 6451
f 6451 6455 6456
f 6453 6454 6452
f 6452 6454 6455
f 6443 6445 4834
f 4834 6445 4831
f 6440 6453 6434
f 6434 6453 4264
f 6468 5306 5360
f 5360 5306 5305
f 6469 4124 6468
f 6468 4124 5306
f 6470 4125 6469
f 6469 4125 4124
f 6471 5291 6470
f 6470 5291 4125
f 6353 5292 6471
f 6471 5292 5291
f 5292 6353 5313
f 5313 6353 6352
f 5347 5314 6352
f 6352 5314 5313
f 5353 5318 5346
f 5346 5318 5317
f 5334 6468 5358
f 5358 6468 5360
f 5324 6469 5334
f 5334 6469 6468
f 5323 6470 5324
f 5324 6470 6469
f 5343 6471 5323
f 5323 6471 6470
f 6354 6353 5343
f 5343 6353 6471
f 6348 6349 4270
f 4270 6349 5311
f 5272 6340 5273
f 5273 6340 4272
f 6432 5271 4232
f 4232 5271 4233
f 4294 6432 4295
f 4295 6432 4232
f 6432 4294 6433
f 6433 4294 4301
f 4301 4300 6433
f 6433 4300 4787
f 4704 4784 4300
f 4300 4784 4787
f 4704 3013 4784
f 4784 3013 1307
f 5103 6472 5104
f 5104 6472 5202
f 5108 5116 5105
f 5105 5116 5115
f 5111 5124 5112
f 5112 5124 5123
f 5154 5205 5105
f 5105 5205 5106
f 5167 5180 5168
f 5168 5180 5185
f 5175 5188 5176
f 5176 5188 5187
f 5112 5123 5178
f 5178 5123 5120
f 5167 5090 5183
f 5183 5090 5089
f 5210 5151 5183
f 5183 5151 5181
f 5216 5138 5217
f 5217 5138 5137
f 5218 5119 5219
f 5219 5119 5221
f 5218 5178 5119
f 5119 5178 5120
f 5217 5137 5104
f 5104 5137 5101
f 5116 5108 5221
f 5221 5108 5219
f 5111 5110 5210
f 5210 5110 5151
f 5154 5153 5103
f 5103 5153 6472
f 5216 5215 5176
f 5176 5215 5173
f 5175 5174 5168
f 5168 5174 5166
f 5091 5172 5092
f 5092 5172 5208
f 5117 5037 5118
f 5118 5037 5036
f 5121 5164 5122
f 5122 5164 5133
f 5125 5084 5126
f 5126 5084 5083
f 5129 5174 5130
f 5130 5174 5173
f 5131 5202 5132
f 5132 5202 6472
f 5135 5221 5122
f 5122 5221 5119
f 5125 5124 5136
f 5136 5124 5209
f 5126 5083 5121
f 5121 5083 5164
f 5118 5036 5195
f 5195 5036 5193
f 5131 5097 5203
f 5203 5097 5114
f 5132 6472 5195
f 5195 6472 5153
f 5136 5209 5092
f 5092 5209 5089
f 5135 5134 5117
f 5117 5134 5037
f 5362 5206 5130
f 5130 5206 5127
f 5372 5371 5128
f 5128 5371 5129
f 5371 5372 5091
f 5091 5372 5172
f 5362 5215 5203
f 5203 5215 5201
f 6463 6407 5353
f 5353 6407 5318
f 6464 6463 5352
f 5352 6463 5353
f 6408 6465 5288
f 5288 6465 5289
f 4196 4224 6426
f 6426 4224 6427
f 6430 6427 6428
f 6428 6427 4224
f 6466 6430 4382
f 4382 6430 6428
f 6410 6466 4217
f 4217 6466 4382
f 4240 4239 3015
f 3015 4239 3016
f 4254 4257 3017
f 3017 4257 3018
f 6473 6474 4732
f 4732 6474 6475
f 6474 6374 6475
f 6475 6374 6373
f 5246 6374 3022
f 3022 6374 3023
f 4254 6299 4255
f 4255 6299 6288
f 6473 6300 3024
f 3024 6300 3025
f 6476 4257 6312
f 6312 4257 4256
f 4240 6476 4241
f 4241 6476 6312
f 6477 4239 6391
f 6391 4239 4238
f 6467 6477 6457
f 6457 6477 6391
f 6411 3029 6467
f 6467 3029 3028
f 4216 3030 6411
f 6411 3030 3029
f 6479 6480 6478
f 6478 6480 6481
f 6483 6484 6482
f 6482 6484 6485
f 6486 6487 4102
f 4102 6487 6331
f 6483 6488 6478
f 6478 6488 6489
f 4429 4829 6490
f 6490 4829 6479
f 6491 6486 4101
f 4101 6486 4102
f 4895 6491 4899
f 4899 6491 4101
f 4160 6488 4157
f 4157 6488 6492
f 6489 4087 6490
f 6490 4087 4090
f 4267 4261 5013
f 5013 4261 4260
f 4258 4261 5328
f 5328 4261 4975
f 4261 4267 4975
f 4975 4267 4266
f 5367 3793 3912
f 3912 3793 3575
f 6494 3616 6493
f 6493 3616 3795
f 6496 3589 6495
f 6495 3589 3588
f 6495 3588 5368
f 5368 3588 3794
f 3841 3840 3050
f 3050 3840 3051
f 3912 3911 3052
f 3052 3911 3053
f 3929 3930 3054
f 3054 3930 3055
f 5370 3930 3916
f 3916 3930 3923
f 3938 5369 3807
f 3807 5369 3915
f 3589 6496 3806
f 3806 6496 3937
f 3938 3937 3056
f 3056 3937 3057
f 3051 3840 3058
f 3058 3840 3943
f 3730 4808 3727
f 3727 4808 3943
f 3820 3951 3795
f 3795 3951 6493
f 3951 3841 3059
f 3059 3841 3050
f 3911 3574 6494
f 6494 3574 3616
f 3823 3929 3824
f 3824 3929 3952
f 4061 4060 3060
f 3060 4060 3061
f 6497 6498 4901
f 4901 6498 4790
f 6333 6499 4738
f 4738 6499 4739
f 6500 6501 6314
f 6314 6501 4418
f 6502 6275 4417
f 4417 6275 4185
f 6503 6497 4783
f 4783 6497 4901
f 6498 4060 4790
f 4790 4060 4059
f 4808 4061 3069
f 3069 4061 3060
f 5367 3071 5368
f 5368 3071 3070
f 5369 3073 5370
f 5370 3073 3072
f 6274 6275 3074
f 3074 6275 3075
f 6499 6504 4739
f 4739 6504 6317
f 6333 6332 3077
f 3077 6332 3078
f 6334 6274 3079
f 3079 6274 3074
f 6332 4825 3078
f 3078 4825 3080
f 6334 6503 4188
f 4188 6503 4783
f 4825 4689 3080
f 3080 4689 1330
f 6506 4747 6505
f 6505 4747 4746
f 6505 6507 6506
f 6506 6507 6508
f 4297 6509 4920
f 4920 6509 6510
f 4296 6511 4297
f 4297 6511 6509
f 6506 6508 4319
f 4319 6508 6512
f 4372 4371 6514
f 6514 4371 6513
f 6511 4296 5251
f 5251 4296 4305
f 5251 5250 6511
f 6511 5250 6515
f 6516 6509 6515
f 6515 6509 6511
f 6517 6507 6519
f 6519 6507 6518
f 6512 6520 6513
f 6513 6520 6514
f 6507 6517 6508
f 6508 6517 6521
f 5249 6523 6522
f 6522 6523 6524
f 6525 6370 5253
f 5253 6370 6526
f 4370 4323 4371
f 4371 4323 4326
f 4370 3103 4323
f 4323 3103 1541
f 6521 6517 6527
f 6527 6517 6519
f 6520 6528 6514
f 6514 6528 6529
f 6531 6532 6530
f 6530 6532 6533
f 5250 6534 6515
f 6515 6534 6535
f 6530 6533 6536
f 6536 6533 6537
f 6526 6538 6534
f 6534 6538 6537
f 6515 6535 6516
f 6516 6535 6539
f 4325 4321 4326
f 4326 4321 4320
f 4371 4326 6513
f 6513 4326 4320
f 6531 4731 6541
f 6541 4731 6540
f 4731 4730 6540
f 6540 4730 6542
f 4730 3121 6542
f 6542 3121 3120
f 6530 4328 6531
f 6531 4328 4731
f 4328 6530 4329
f 4329 6530 6536
f 4329 6536 6524
f 6524 6536 6543
f 6544 6545 6522
f 6522 6545 5248
f 6389 6388 5245
f 5245 6388 6373
f 6388 6546 6373
f 6373 6546 6475
f 4733 6546 6295
f 6295 6546 4377
f 4732 6475 4733
f 4733 6475 6546
f 4393 4432 4394
f 4394 4432 4435
f 4434 4672 4842
f 4842 4672 4671
f 4440 4439 4441
f 4441 4439 4438
f 4436 4450 4437
f 4437 4450 4398
f 4447 4444 4448
f 4448 4444 4392
f 4446 4464 4433
f 4433 4464 6547
f 4454 4423 4455
f 4455 4423 4422
f 4452 4481 4453
f 4453 4481 4480
f 4458 4389 4459
f 4459 4389 4388
f 4456 4471 4457
f 4457 4471 4468
f 4391 4460 4392
f 4392 4460 4448
f 4461 4467 4445
f 4445 4467 4465
f 4437 4398 4629
f 4629 4398 4397
f 4438 4628 4441
f 4441 4628 4631
f 4841 4629 4839
f 4839 4629 4397
f 4628 4842 4631
f 4631 4842 4671
f 4930 4989 4452
f 4452 4989 4481
f 4929 4927 4436
f 4436 4927 4450
f 4933 4387 4934
f 4934 4387 4386
f 4931 4475 4932
f 4932 4475 4474
f 4936 4449 4933
f 4933 4449 4387
f 4935 4472 4456
f 4456 4472 4471
f 4389 4458 4391
f 4391 4458 4460
f 4457 4468 4461
f 4461 4468 4467
f 4934 4386 4454
f 4454 4386 4423
f 4453 4480 4931
f 4931 4480 4475
f 4575 4997 4576
f 4576 4997 4639
f 4579 4596 4580
f 4580 4596 4595
f 4583 4582 4572
f 4572 4582 4569
f 4587 4944 4588
f 4588 4944 4562
f 4588 4562 4590
f 4590 4562 4561
f 4576 4639 4642
f 4642 4639 4638
f 4642 4845 4641
f 4641 4845 4846
f 4845 4590 4846
f 4846 4590 4561
f 4941 4938 4595
f 4595 4938 4580
f 4938 4940 4668
f 4668 4940 4669
f 4583 4942 4584
f 4584 4942 4947
f 4582 4587 4569
f 4569 4587 4586
f 5000 5001 4579
f 4579 5001 4596
f 4558 4560 4585
f 4585 4560 4586
f 4565 4639 4566
f 4566 4639 4997
f 4568 4567 4577
f 4577 4567 4578
f 4570 4554 4571
f 4571 4554 4556
f 4640 4565 4637
f 4637 4565 4546
f 4662 4664 4665
f 4665 4664 4844
f 4662 4558 4589
f 4589 4558 4585
f 4554 4570 4557
f 4557 4570 4560
f 4571 4667 4572
f 4572 4667 4943
f 4551 4670 4552
f 4552 4670 4666
f 4640 4664 4638
f 4638 4664 4663
f 4670 4568 4668
f 4668 4568 4577
f 4999 4996 4566
f 4566 4996 4543
f 4608 4564 4603
f 4603 4564 4563
f 4573 4593 4574
f 4574 4593 4592
f 4597 4614 4598
f 4598 4614 4613
f 4601 4600 4584
f 4584 4600 4581
f 4563 4562 4604
f 4604 4562 4944
f 4643 4593 4641
f 4641 4593 4573
f 4643 4847 4644
f 4644 4847 4848
f 4564 4847 4561
f 4561 4847 4846
f 4945 4941 4598
f 4598 4941 4595
f 4941 4945 4939
f 4939 4945 4946
f 4601 4948 4602
f 4602 4948 4620
f 4600 4604 4581
f 4581 4604 4944
f 5002 5003 4597
f 4597 5003 4614
f 4988 4759 4953
f 4953 4759 4402
f 4706 6548 4707
f 4707 6548 6549
f 4311 4928 4419
f 4419 4928 6550
f 4921 4920 6551
f 6551 4920 6552
f 4925 6553 4926
f 4926 6553 6554
f 4928 4921 4802
f 4802 4921 6551
f 6555 4985 6550
f 6550 4985 4419
f 4952 6556 4953
f 4953 6556 4649
f 4971 6557 4706
f 4706 6557 6548
f 4988 4648 4925
f 4925 4648 6553
f 4707 6549 5006
f 5006 6549 4987
f 4920 6510 6552
f 6552 6510 6518
f 6558 6510 6516
f 6516 6510 6509
f 6559 6558 6539
f 6539 6558 6516
f 6531 6541 6532
f 6532 6541 6560
f 6540 6561 6541
f 6541 6561 6529
f 6542 6562 6540
f 6540 6562 6561
f 6542 3120 6562
f 6562 3120 3142
f 4366 6563 4760
f 4760 6563 4970
f 4815 6564 4816
f 4816 6564 6565
f 3147 3146 6565
f 6565 3146 4816
f 6564 6563 6565
f 6565 6563 6566
f 4837 4385 4357
f 4357 4385 4358
f 6565 6566 3147
f 3147 6566 3149
f 4694 1209 3150
f 5247 5249 5248
f 5248 5249 6522
f 6372 6390 6545
f 6545 6390 6389
f 6375 5254 6376
f 6376 5254 5258
f 6377 6525 6378
f 6378 6525 5255
f 5260 6379 5258
f 5258 6379 6376
f 6380 6567 6381
f 6381 6567 6568
f 6382 6569 6383
f 6383 6569 6570
f 6377 6371 6525
f 6525 6371 6370
f 6379 5260 6384
f 6384 5260 6571
f 6385 6572 6382
f 6382 6572 6569
f 6378 5255 6375
f 6375 5255 5254
f 6386 6573 6387
f 6387 6573 6574
f 6545 6389 5248
f 5248 6389 5245
f 4675 4750 4676
f 4676 4750 6286
f 4734 6289 4735
f 4735 6289 6288
f 4804 6290 4805
f 4805 6290 4963
f 4811 4807 4812
f 4812 4807 4411
f 4954 6292 4955
f 4955 6292 4959
f 4964 4962 4965
f 4965 4962 4751
f 6285 4821 4812
f 4812 4821 4809
f 4675 4287 4965
f 4965 4287 4210
f 6294 4145 4955
f 4955 4145 4154
f 4964 4120 4805
f 4805 4120 4119
f 6298 4966 4734
f 4734 4966 6289
f 6300 6473 4735
f 4735 6473 4732
f 6297 6296 4676
f 4676 6296 4288
f 6523 3160 4330
f 4330 3160 3159
f 5253 5252 6525
f 6525 5252 5255
f 5256 5252 4305
f 4305 5252 5251
f 4304 5257 4305
f 4305 5257 5256
f 4424 5259 4304
f 4304 5259 5257
f 5261 6571 5259
f 5259 6571 5260
f 5262 6573 5261
f 5261 6573 6571
f 5264 6567 5265
f 5265 6567 6574
f 5266 6572 5267
f 5267 6572 6568
f 5268 6570 5269
f 5269 6570 6569
f 1807 3161 5268
f 5268 3161 6570
f 6524 6523 4329
f 4329 6523 4330
f 5253 6526 5250
f 5250 6526 6534
f 6543 6538 6544
f 6544 6538 6369
f 6524 6543 6522
f 6522 6543 6544
f 3071 5367 3052
f 3052 5367 3912
f 6493 3163 6494
f 6494 3163 3162
f 3164 445 3771
f 3771 445 3761
f 461 3165 3919
f 3919 3165 3920
f 330 410 3839
f 3839 410 3910
f 332 331 3552
f 3552 331 3551
f 464 304 3918
f 3918 304 3816
f 385 458 3766
f 3766 458 3894
f 412 415 3762
f 3762 415 3763
f 3166 337 3748
f 3748 337 3745
f 3072 3055 5370
f 5370 3055 3930
f 3073 5369 3056
f 3056 5369 3938
f 3167 3057 6496
f 6496 3057 3937
f 3069 3058 4808
f 4808 3058 3943
f 411 3166 3851
f 3851 3166 3748
f 3059 3163 3951
f 3951 3163 6493
f 336 3164 3772
f 3772 3164 3771
f 3053 3911 3162
f 3162 3911 6494
f 3054 3168 3929
f 3929 3168 3952
f 3165 830 3920
f 3920 830 3945
f 3170 3169 6497
f 6497 3169 6498
f 3171 1354 5005
f 5005 1354 4830
f 3172 3170 6503
f 6503 3170 6497
f 3169 3061 6498
f 6498 3061 4060
f 3173 3171 5006
f 5006 3171 5005
f 3079 3172 6334
f 6334 3172 6503
f 3174 3025 6299
f 6299 3025 6300
f 6576 6577 6575
f 6575 6577 6578
f 4612 4611 6579
f 6579 4611 6580
f 6582 6583 6581
f 6581 6583 6584
f 6584 6585 4618
f 4618 6585 4621
f 6586 6587 6589
f 6589 6587 6588
f 6588 6587 6590
f 6590 6587 6591
f 6592 4606 6590
f 6590 4606 4623
f 6594 6576 6593
f 6593 6576 6575
f 6595 6582 6579
f 6579 6582 6581
f 6580 6597 6596
f 6596 6597 6598
f 6577 6576 6599
f 6599 6576 6600
f 6595 6596 6601
f 6601 6596 6602
f 6583 6582 6603
f 6603 6582 6604
f 6586 6606 6605
f 6605 6606 6607
f 6587 6586 6608
f 6608 6586 6605
f 6587 6608 6591
f 6591 6608 6609
f 6576 6594 6600
f 6600 6594 6610
f 6582 6595 6604
f 6604 6595 6601
f 6599 6611 6577
f 6577 6611 6598
f 6613 6614 6612
f 6612 6614 6615
f 6617 6618 6616
f 6616 6618 6619
f 6621 6622 6620
f 6620 6622 6623
f 6625 6626 6624
f 6624 6626 6627
f 6629 6630 6628
f 6628 6630 6631
f 6633 6634 6632
f 6632 6634 6635
f 6637 6638 6636
f 6636 6638 6639
f 6640 6641 6637
f 6637 6641 6638
f 6643 6633 6642
f 6642 6633 6632
f 6645 6646 6644
f 6644 6646 6647
f 6646 6648 6647
f 6647 6648 6649
f 6651 6652 6650
f 6650 6652 6653
f 6653 6652 6654
f 6654 6652 6655
f 6656 6657 6659
f 6659 6657 6658
f 6661 6662 6660
f 6660 6662 6663
f 6662 6661 6664
f 6664 6661 6665
f 6667 6657 6666
f 6666 6657 6656
f 6669 6670 6668
f 6668 6670 6671
f 6672 6673 6670
f 6670 6673 6671
f 6674 6675 6677
f 6677 6675 6676
f 6675 6678 6676
f 6676 6678 6679
f 6681 6682 6680
f 6680 6682 6683
f 6684 6685 6683
f 6683 6685 6680
f 6687 6688 6686
f 6686 6688 6689
f 6687 6690 6688
f 6688 6690 6691
f 6619 6618 6633
f 6633 6618 6634
f 6632 6635 6693
f 6693 6635 6692
f 6617 6694 6636
f 6636 6694 6637
f 6695 6692 6639
f 6639 6692 6635
f 6637 6694 6640
f 6640 6694 6696
f 6698 6638 6697
f 6697 6638 6641
f 6643 6616 6633
f 6633 6616 6619
f 6642 6699 6641
f 6641 6699 6697
f 6646 6645 6700
f 6700 6645 6621
f 6644 6701 6654
f 6654 6701 6702
f 6700 6703 6646
f 6646 6703 6648
f 6693 6704 6649
f 6649 6704 6647
f 6620 6623 6651
f 6651 6623 6652
f 6693 6649 6699
f 6699 6649 6650
f 6652 6623 6655
f 6655 6623 6622
f 6654 6702 6653
f 6653 6702 6697
f 6615 6614 6657
f 6657 6614 6658
f 6705 6656 6704
f 6704 6656 6659
f 6613 6706 6660
f 6660 6706 6661
f 6704 6659 6701
f 6701 6659 6663
f 6661 6706 6665
f 6665 6706 6707
f 6708 6702 6664
f 6664 6702 6662
f 6612 6615 6667
f 6667 6615 6657
f 6666 6709 6664
f 6664 6709 6708
f 6629 6710 6669
f 6669 6710 6670
f 6668 6711 6679
f 6679 6711 6712
f 6713 6672 6710
f 6710 6672 6670
f 6714 6671 6705
f 6705 6671 6673
f 6628 6631 6674
f 6674 6631 6675
f 6705 6673 6709
f 6709 6673 6677
f 6631 6630 6675
f 6675 6630 6678
f 6712 6708 6679
f 6679 6708 6676
f 6625 6715 6682
f 6682 6715 6683
f 6716 6717 6681
f 6681 6717 6691
f 6718 6684 6715
f 6715 6684 6683
f 6719 6680 6714
f 6714 6680 6685
f 6624 6627 6686
f 6686 6627 6687
f 6689 6711 6685
f 6685 6711 6714
f 6627 6626 6687
f 6687 6626 6690
f 6717 6712 6691
f 6691 6712 6688
f 6612 6707 6613
f 6613 6707 6706
f 6616 6696 6617
f 6617 6696 6694
f 6703 6700 6620
f 6620 6700 6621
f 6715 6625 6718
f 6718 6625 6624
f 6710 6629 6713
f 6713 6629 6628
f 6639 6635 6636
f 6636 6635 6634
f 6641 6640 6642
f 6642 6640 6643
f 6654 6655 6644
f 6644 6655 6645
f 6651 6650 6648
f 6648 6650 6649
f 6659 6658 6663
f 6663 6658 6660
f 6665 6667 6664
f 6664 6667 6666
f 6678 6669 6679
f 6679 6669 6668
f 6673 6672 6677
f 6677 6672 6674
f 6690 6682 6691
f 6691 6682 6681
f 6685 6684 6689
f 6689 6684 6686
f 6636 6634 6617
f 6617 6634 6618
f 6638 6698 6639
f 6639 6698 6695
f 6640 6696 6643
f 6643 6696 6616
f 6693 6699 6632
f 6632 6699 6642
f 6655 6622 6645
f 6645 6622 6621
f 6704 6701 6647
f 6647 6701 6644
f 6651 6648 6620
f 6620 6648 6703
f 6650 6653 6699
f 6699 6653 6697
f 6613 6660 6614
f 6614 6660 6658
f 6663 6662 6701
f 6701 6662 6702
f 6665 6707 6667
f 6667 6707 6612
f 6705 6709 6656
f 6656 6709 6666
f 6630 6629 6678
f 6678 6629 6669
f 6714 6711 6671
f 6671 6711 6668
f 6672 6713 6674
f 6674 6713 6628
f 6677 6676 6709
f 6709 6676 6708
f 6626 6625 6690
f 6690 6625 6682
f 6680 6719 6681
f 6681 6719 6716
f 6684 6718 6686
f 6686 6718 6624
f 6711 6689 6712
f 6689 6688 6712
f 6593 6720 6594
f 6594 6720 6721
f 6722 6720 4607
f 4607 6720 4849
f 6592 6723 6722
f 6722 6723 6724
f 4610 4609 6578
f 6578 4609 6575
f 6596 6595 6580
f 6580 6595 6579
f 4618 4617 6584
f 6584 4617 6581
f 6589 6585 6586
f 6586 6585 6606
f 4622 4619 6588
f 6588 4619 6589
f 4622 6588 4623
f 4623 6588 6590
f 4609 4645 6575
f 6575 4645 6593
f 4617 4612 6581
f 6581 4612 6579
f 5004 4610 6597
f 6597 4610 6578
f 4645 4849 6593
f 6593 4849 6720
f 6724 6721 6722
f 6722 6721 6720
f 6722 4607 6592
f 6592 4607 4606
f 6725 6610 6721
f 6721 6610 6594
f 6723 6726 6724
f 6724 6726 6727
f 6727 6725 6724
f 6724 6725 6721
f 6728 6729 6605
f 6605 6729 6608
f 6605 6607 6728
f 6728 6607 6730
f 6731 6732 6604
f 6604 6732 6603
f 6733 6734 6725
f 6725 6734 6610
f 6735 6733 6727
f 6727 6733 6725
f 6735 6727 6736
f 6736 6727 6726
f 6591 6609 6723
f 6723 6609 6726
f 6723 6592 6591
f 6591 6592 6590
f 6738 6739 6737
f 6737 6739 6740
f 6740 6739 6742
f 6742 6739 6741
f 6743 6744 6741
f 6741 6744 6742
f 6745 6746 6743
f 6743 6746 6744
f 6747 6748 6745
f 6745 6748 6746
f 6749 6750 6747
f 6747 6750 6748
f 6752 6738 6751
f 6751 6738 6737
f 6754 6752 6753
f 6753 6752 6751
f 6756 6754 6755
f 6755 6754 6753
f 6758 6750 6757
f 6757 6750 6749
f 6760 6756 6759
f 6759 6756 6755
f 6762 6760 6761
f 6761 6760 6759
f 6764 6762 6763
f 6763 6762 6761
f 6757 6764 6758
f 6758 6764 6763
f 6766 6741 6765
f 6765 6741 6739
f 6767 6743 6766
f 6766 6743 6741
f 6768 6745 6767
f 6767 6745 6743
f 6769 6747 6768
f 6768 6747 6745
f 6770 6749 6769
f 6769 6749 6747
f 6772 6769 6771
f 6771 6769 6768
f 6773 6770 6772
f 6772 6770 6769
f 6774 6775 6772
f 6772 6775 6773
f 6777 6778 6776
f 6776 6778 6779
f 6775 6774 6778
f 6778 6774 6779
f 6771 6780 6772
f 6772 6780 6774
f 6780 6781 6774
f 6774 6781 6779
f 6781 6782 6779
f 6779 6782 6776
f 6784 6785 6783
f 6783 6785 6786
f 6786 6787 6783
f 6783 6787 6788
f 6790 6788 6789
f 6789 6788 6787
f 6786 6785 6791
f 6791 6785 6792
f 6791 6793 6786
f 6786 6793 6787
f 6793 6794 6787
f 6787 6794 6789
f 6795 6796 6794
f 6794 6796 6789
f 6790 6789 6797
f 6797 6789 6796
f 6798 6765 6738
f 6738 6765 6739
f 6799 6798 6752
f 6752 6798 6738
f 6767 6800 6768
f 6768 6800 6771
f 6766 6801 6767
f 6767 6801 6800
f 6802 6801 6765
f 6765 6801 6766
f 6798 6803 6765
f 6765 6803 6802
f 6804 6803 6799
f 6799 6803 6798
f 6805 6806 6804
f 6804 6806 6803
f 6807 6799 6754
f 6754 6799 6752
f 6808 6804 6807
f 6807 6804 6799
f 6809 6805 6808
f 6808 6805 6804
f 6810 6811 6805
f 6805 6811 6806
f 6812 6813 6810
f 6810 6813 6811
f 6814 6815 6796
f 6796 6815 6797
f 6813 6814 6816
f 6816 6814 6817
f 6816 6818 6813
f 6813 6818 6811
f 6819 6806 6818
f 6818 6806 6811
f 6802 6803 6819
f 6819 6803 6806
f 6757 6749 6820
f 6820 6749 6770
f 6820 6770 6821
f 6821 6770 6773
f 6821 6773 6822
f 6822 6773 6775
f 6822 6775 6823
f 6823 6775 6778
f 6824 6823 6777
f 6777 6823 6778
f 6784 6825 6777
f 6777 6825 6824
f 6826 6827 6788
f 6788 6827 6783
f 6828 6826 6790
f 6790 6826 6788
f 6829 6828 6797
f 6797 6828 6790
f 6815 6830 6797
f 6797 6830 6829
f 6832 6812 6831
f 6831 6812 6810
f 6831 6810 6809
f 6809 6810 6805
f 6736 6800 6735
f 6735 6800 6801
f 6733 6735 6802
f 6802 6735 6801
f 6734 6733 6819
f 6819 6733 6802
f 6833 6734 6818
f 6818 6734 6819
f 6834 6833 6816
f 6816 6833 6818
f 6816 6817 6834
f 6834 6817 6835
f 6837 6795 6836
f 6836 6795 6794
f 6836 6794 6731
f 6731 6794 6793
f 6732 6731 6791
f 6791 6731 6793
f 6791 6792 6732
f 6732 6792 6730
f 6729 6728 6781
f 6781 6728 6782
f 6838 6807 6756
f 6756 6807 6754
f 6839 6838 6760
f 6760 6838 6756
f 6840 6839 6762
f 6762 6839 6760
f 6841 6840 6764
f 6764 6840 6762
f 6820 6841 6757
f 6757 6841 6764
f 6841 6820 6842
f 6842 6820 6821
f 6840 6841 6843
f 6843 6841 6842
f 6839 6840 6844
f 6844 6840 6843
f 6838 6839 6845
f 6845 6839 6844
f 6807 6838 6808
f 6808 6838 6845
f 6842 6821 6846
f 6846 6821 6822
f 6843 6842 6847
f 6847 6842 6846
f 6844 6843 6848
f 6848 6843 6847
f 6845 6844 6849
f 6849 6844 6848
f 6808 6845 6809
f 6809 6845 6849
f 6850 6831 6849
f 6849 6831 6809
f 6851 6850 6848
f 6848 6850 6849
f 6847 6852 6848
f 6848 6852 6851
f 6853 6852 6846
f 6846 6852 6847
f 6846 6822 6853
f 6853 6822 6823
f 6853 6823 6854
f 6854 6823 6824
f 6854 6855 6853
f 6853 6855 6852
f 6856 6851 6855
f 6855 6851 6852
f 6856 6857 6851
f 6851 6857 6850
f 6857 6832 6850
f 6850 6832 6831
f 6825 6858 6824
f 6824 6858 6854
f 6860 6827 6859
f 6859 6827 6826
f 6859 6826 6861
f 6861 6826 6828
f 6862 6861 6829
f 6829 6861 6828
f 6830 6863 6829
f 6829 6863 6862
f 6863 6864 6862
f 6862 6864 6865
f 6858 6866 6854
f 6854 6866 6855
f 6867 6865 6866
f 6866 6865 6864
f 6869 6859 6868
f 6868 6859 6861
f 6867 6869 6865
f 6865 6869 6868
f 6861 6862 6868
f 6868 6862 6865
f 6867 6860 6869
f 6869 6860 6859
f 6753 6751 6698
f 6698 6751 6695
f 6697 6755 6698
f 6698 6755 6753
f 6759 6755 6702
f 6702 6755 6697
f 6761 6759 6708
f 6708 6759 6702
f 6763 6761 6712
f 6712 6761 6708
f 6758 6763 6717
f 6717 6763 6712
f 6750 6758 6716
f 6716 6758 6717
f 6719 6748 6716
f 6716 6748 6750
f 6714 6746 6719
f 6719 6746 6748
f 6705 6744 6714
f 6714 6744 6746
f 6704 6742 6705
f 6705 6742 6744
f 6740 6742 6693
f 6693 6742 6704
f 6737 6740 6692
f 6692 6740 6693
f 6751 6737 6695
f 6695 6737 6692
f 6601 6602 6836
f 6836 6602 6837
f 6604 6601 6731
f 6731 6601 6836
f 6599 6600 6834
f 6834 6600 6833
f 6834 6835 6599
f 6599 6835 6611
f 6600 6610 6833
f 6833 6610 6734
f 6780 6771 6870
f 6870 6771 6736
f 6736 6771 6800
f 6870 6729 6780
f 6780 6729 6781
f 6608 6729 6609
f 6609 6729 6870
f 6609 6870 6726
f 6726 6870 6736
f 5014 5015 5229
f 5229 5015 5230
f 4258 5015 4259
f 4259 5015 4878
f 3471 3013 4703
f 4703 3013 4704
f 2879 6337 1306
f 1306 6337 4785
f 829 3471 4316
f 4316 3471 4703
f 4702 3472 5223
f 5223 3472 1756
f 6871 6872 4534
f 4534 6872 4535
f 6871 4665 6872
f 6872 4665 4844
f 6871 6873 4665
f 4665 6873 4559
f 6871 4534 6873
f 6873 4534 4542
f 4153 4152 4822
f 4822 4152 4407
f 4152 4168 4407
f 4407 4168 4342
f 4343 4168 4923
f 4923 4168 4167
f 4363 4362 4972
f 4972 4362 4840
f 4362 4394 4840
f 4840 4394 4839
f 4401 4400 4986
f 4986 4400 4984
f 4435 4434 4841
f 4841 4434 4842
f 4506 4505 4530
f 4530 4505 4531
f 4506 4535 4507
f 4507 4535 4843
f 4661 4660 4516
f 4516 4660 4517
f 4673 4672 4937
f 4937 4672 6547
f 4400 4924 4984
f 4984 4924 5263
f 4673 4660 4674
f 4674 4660 4659
f 4505 4661 4531
f 4531 4661 4516
f 4952 4401 6874
f 6874 4401 4986
f 4954 4153 6875
f 6875 4153 4822
f 4363 4973 4364
f 4364 4973 4974
f 5264 4924 5267
f 5267 4924 4691
f 6293 6292 6876
f 6876 6292 6877
f 6380 4343 6387
f 6387 4343 4923
f 4394 4435 4839
f 4839 4435 4841
f 4672 4434 6547
f 6547 4434 4433
f 4973 6556 4974
f 4974 6556 6878
f 6567 6380 6574
f 6574 6380 6387
f 6292 4954 6877
f 6877 4954 6875
f 6567 5264 6568
f 6568 5264 5267
f 4145 4144 4154
f 4154 4144 4151
f 4194 4144 4425
f 4425 4144 4143
f 4355 4354 5263
f 5263 4354 4984
f 4360 4359 4364
f 4364 4359 4361
f 4444 4359 4392
f 4392 4359 4337
f 4447 4446 4432
f 4432 4446 4433
f 4464 4463 6547
f 6547 4463 4937
f 4519 4518 4654
f 4654 4518 4509
f 4533 4532 4499
f 4499 4532 4498
f 4533 4542 4530
f 4530 4542 4534
f 4519 4532 4516
f 4516 4532 4531
f 4922 4194 4426
f 4426 4194 4425
f 4463 4518 4937
f 4937 4518 4517
f 6555 4951 6874
f 6874 4951 6878
f 4958 4957 6290
f 6290 4957 6291
f 4334 4360 4712
f 4712 4360 4950
f 4985 4354 4419
f 4419 4354 4353
f 5262 4355 5265
f 5265 4355 5263
f 6294 4958 4804
f 4804 4958 6290
f 6386 4922 6384
f 6384 4922 4426
f 4444 4447 4393
f 4393 4447 4432
f 4464 4446 4465
f 4465 4446 4445
f 4985 6555 4986
f 4986 6555 6874
f 6573 6386 6571
f 6571 6386 6384
f 4145 6294 4146
f 4146 6294 4804
f 6573 5262 6574
f 6574 5262 5265
f 4542 4541 6873
f 6873 4541 4559
f 4535 6872 4843
f 4843 6872 4844
f 4104 4103 6879
f 6879 4103 6343
f 4105 6293 6307
f 6307 6293 6876
f 4104 4956 4105
f 4105 4956 6293
f 4956 4104 4957
f 4957 4104 6879
f 4957 6879 6291
f 6291 6879 6309
f 4648 4988 4649
f 4649 4988 4953
f 4802 4803 4928
f 4928 4803 6550
f 6550 4803 6555
f 6555 4803 4951
f 1516 3173 4987
f 4987 3173 5006
f 6519 6518 6558
f 6558 6518 6510
f 6527 6519 6559
f 6559 6519 6558
f 6528 6560 6529
f 6529 6560 6541
f 6548 4625 6549
f 6549 4625 4624
f 6551 6552 4746
f 4746 6552 6505
f 6553 4711 6554
f 6554 4711 4710
f 4802 6551 4713
f 4713 6551 4746
f 6556 4973 4649
f 4649 4973 4646
f 6557 4949 6548
f 6548 4949 4625
f 4648 4647 6553
f 6553 4647 4711
f 6549 4624 4987
f 4987 4624 4838
f 6552 6518 6505
f 6505 6518 6507
f 6561 4372 6529
f 6529 4372 6514
f 6562 4369 6561
f 6561 4369 4372
f 3142 3482 6562
f 6562 3482 4369
f 6556 4952 6878
f 6878 4952 6874
f 4951 4950 6878
f 6878 4950 4974
f 3168 440 3952
f 4204 4203 5341
f 5341 4203 6364
f 4219 4222 6429
f 6429 4222 4383
f 4319 4322 6506
f 6506 4322 4747
f 4340 4714 4341
f 4341 4714 4384
f 4375 4377 6388
f 6388 4377 6546
f 4378 4381 6311
f 6311 4381 4720
f 4449 4341 4387
f 4387 4341 4384
f 4473 4472 4477
f 4477 4472 4474
f 4492 4491 4487
f 4487 4491 4488
f 4523 4491 4522
f 4522 4491 4490
f 4492 4538 4493
f 4493 4538 4555
f 4538 4553 4555
f 4555 4553 4556
f 4620 4615 4621
f 4621 4615 4618
f 4652 4651 4368
f 4368 4651 4365
f 4523 4655 4524
f 4524 4655 4656
f 4553 4667 4556
f 4556 4667 4571
f 4651 1210 4365
f 4365 1210 1209
f 4698 4697 5223
f 5223 4697 6344
f 4340 4339 4322
f 4322 4339 4747
f 4726 4729 5287
f 5287 4729 4198
f 4381 4380 4737
f 4737 4380 6368
f 4836 4835 4451
f 4451 4835 4709
f 4910 6367 4911
f 4911 6367 6366
f 4912 4915 6450
f 6450 4915 6449
f 4927 4836 4450
f 4450 4836 4451
f 4930 4929 4439
f 4439 4929 4436
f 4936 4935 4459
f 4459 4935 4456
f 4473 4655 4470
f 4470 4655 4510
f 4942 4583 4943
f 4943 4583 4572
f 4948 4601 4947
f 4947 4601 4584
f 4949 4835 4625
f 4625 4835 4626
f 4966 4969 6289
f 6289 4969 4695
f 4971 4652 4926
f 4926 4652 4368
f 4203 4977 6364
f 6364 4977 6365
f 4990 4989 4443
f 4443 4989 4440
f 4990 4991 4478
f 4478 4991 4512
f 4992 4991 4528
f 4528 4991 4515
f 4992 4993 4527
f 4527 4993 4485
f 4994 4993 4502
f 4502 4993 4503
f 4994 4995 4482
f 4482 4995 4550
f 4543 4996 4544
f 4544 4996 4995
f 4999 4998 4567
f 4567 4998 4578
f 5000 4998 4575
f 4575 4998 4997
f 5002 5001 4592
f 4592 5001 4574
f 5003 5004 4614
f 4614 5004 4611
f 3483 4215 1755
f 1755 4215 4698
f 5274 5277 4195
f 4195 5277 4223
f 4726 5295 4727
f 4727 5295 6350
f 5309 5342 5310
f 5310 5342 6363
f 5315 5314 5316
f 5316 5314 5317
f 5339 6362 5340
f 5340 6362 5363
f 5310 6363 5339
f 5339 6363 6362
f 4204 5309 4201
f 4201 5309 5308
f 4915 5345 6449
f 6449 5345 6448
f 5345 5315 6448
f 6448 5315 5316
f 5348 5347 6351
f 6351 5347 6352
f 5365 4263 5340
f 5340 4263 4262
f 6295 6298 4733
f 4733 6298 4734
f 4969 6306 4695
f 4695 6306 4696
f 6306 4378 4696
f 4696 4378 6311
f 6369 6372 6544
f 6544 6372 6545
f 4375 6390 4373
f 4373 6390 4374
f 6421 6422 4911
f 4911 6422 4908
f 4910 4909 4737
f 4737 4909 4736
f 5277 4219 4223
f 4223 4219 6429
f 4697 4222 6344
f 6344 4222 4221
f 6436 6361 6437
f 6437 6361 6360
f 6438 6440 6437
f 6437 6440 6434
f 6438 6359 6441
f 6441 6359 6358
f 6442 6441 6357
f 6357 6441 6358
f 6442 6444 6443
f 6443 6444 6445
f 6446 6444 6355
f 6355 6444 6356
f 6446 4912 6447
f 6447 4912 6450
f 6436 6435 5365
f 5365 6435 4263
f 5314 5347 5317
f 5317 5347 5346
f 4319 6512 4320
f 4320 6512 6513
f 6520 6512 6521
f 6521 6512 6508
f 6528 6520 6527
f 6527 6520 6521
f 6532 6539 6533
f 6533 6539 6535
f 6533 6535 6537
f 6537 6535 6534
f 6538 6543 6537
f 6537 6543 6536
f 6295 4377 6296
f 6296 4377 4376
f 4989 4930 4440
f 4440 4930 4439
f 4927 4929 4422
f 4422 4929 4455
f 4449 4936 4388
f 4388 4936 4459
f 4472 4935 4474
f 4474 4935 4932
f 4942 4940 4947
f 4947 4940 4939
f 5001 5000 4574
f 4574 5000 4575
f 4669 4943 4666
f 4666 4943 4667
f 4996 4999 4547
f 4547 4999 4567
f 4948 4946 4620
f 4620 4946 4615
f 5003 5002 4591
f 4591 5002 4592
f 6557 4971 6554
f 6554 4971 4926
f 6532 6560 6539
f 6539 6560 6559
f 6390 6372 4374
f 4374 6372 6371
f 4966 6298 4967
f 4967 6298 6297
f 6538 6526 6369
f 6369 6526 6370
f 6585 6589 4621
f 4621 6589 4619
f 6597 6578 6598
f 6598 6578 6577
f 6606 6583 6607
f 6607 6583 6603
f 6611 6602 6598
f 6598 6602 6596
f 6585 6584 6606
f 6606 6584 6583
f 6597 6580 5004
f 5004 6580 4611
f 6607 6603 6730
f 6730 6603 6732
f 6776 6785 6777
f 6777 6785 6784
f 6785 6776 6792
f 6792 6776 6782
f 6815 6814 6812
f 6812 6814 6813
f 6817 6814 6795
f 6795 6814 6796
f 6825 6784 6827
f 6827 6784 6783
f 6830 6815 6832
f 6832 6815 6812
f 6817 6795 6835
f 6835 6795 6837
f 6792 6782 6730
f 6730 6782 6728
f 6858 6825 6860
f 6860 6825 6827
f 6863 6830 6857
f 6857 6830 6832
f 6864 6863 6856
f 6856 6863 6857
f 6866 6858 6867
f 6867 6858 6860
f 6866 6864 6855
f 6855 6864 6856
f 6835 6837 6611
f 6611 6837 6602
f 6560 6528 6559
f 6559 6528 6527
f 4949 6557 4710
f 4710 6557 6554
f 4430 4090 4175
f 4175 4090 4089
f 4777 4113 4155
f 4155 4113 4086
f 4175 4089 4176
f 4176 4089 4142
f 4199 4271 4200
f 4200 4271 4798
f 4199 4095 4272
f 4272 4095 5273
f 4406 4405 4404
f 4404 4405 4346
f 4410 4409 6877
f 6877 4409 6876
f 4409 4413 6876
f 6876 4413 6307
f 4415 4148 4416
f 4416 4148 4147
f 4690 4405 4344
f 4344 4405 4342
f 4693 4692 4352
f 4352 4692 4349
f 4701 4700 6337
f 6337 4700 6338
f 4778 4777 4081
f 4081 4777 4155
f 4821 4406 4809
f 4809 4406 4404
f 4176 4142 4181
f 4181 4142 4415
f 4760 4970 4399
f 4399 4970 4692
f 4200 5007 4096
f 4096 5007 4078
f 5266 4693 5269
f 5269 4693 4352
f 5270 5007 5361
f 5361 5007 4797
f 4778 5270 4779
f 4779 5270 5361
f 6285 4410 6875
f 6875 4410 6877
f 6308 4413 4687
f 4687 4413 4412
f 6480 6320 6481
f 6481 6320 6880
f 4701 2878 4702
f 4702 2878 3472
f 6339 6347 6340
f 6340 6347 6348
f 6341 6342 6346
f 6346 6342 6345
f 4416 6308 4414
f 4414 6308 4687
f 6385 4690 6381
f 6381 4690 4344
f 5282 6341 5280
f 5280 6341 6339
f 4700 6342 6338
f 6338 6342 5281
f 6340 6348 4272
f 4272 6348 4270
f 6480 6479 4828
f 4828 6479 4829
f 6490 6479 6489
f 6489 6479 6478
f 4090 4430 6490
f 6490 4430 4429
f 6563 6564 4970
f 4970 6564 4815
f 4694 6566 4366
f 4366 6566 6563
f 6572 6385 6568
f 6568 6385 6381
f 4821 6285 4822
f 4822 6285 6875
f 6572 5266 6569
f 6569 5266 5269
f 3482 3103 4369
f 4369 3103 4370
f 3121 4730 3485
f 3485 4730 4327
f 6277 6280 6273
f 6273 6280 6272
f 6267 6276 6278
f 6278 6276 6279
f 6278 6279 6277
f 6277 6279 6280
f 6279 6256 6280
f 6280 6256 6255
f 6256 3857 6255
f 6255 3857 3754
f 3857 3856 3754
f 3754 3856 3755
f 3856 3703 3755
f 3755 3703 3863
f 3703 3702 3863
f 3863 3702 3759
f 3702 3706 3759
f 3759 3706 3670
f 3706 3705 3670
f 3670 3705 3668
f 3705 3773 3668
f 3668 3773 3882
f 3882 3773 3883
f 3883 3773 3707
f 3707 3708 3883
f 3883 3708 3880
f 3708 3710 3880
f 3880 3710 3881
f 3709 5241 3710
f 3710 5241 3881
f 5241 3709 5234
f 5234 3709 3786
f 3693 3712 3786
f 3786 3712 5234
f 4051 4055 4052
f 4052 4055 4056
f 4056 4055 4057
f 4057 4055 4054
f 4066 5238 5236
f 5236 5238 3989
f 4066 4069 5238
f 5238 4069 4035
f 6881 3962 3960
f 3960 3962 3957
f 6883 4070 6882
f 6882 4070 3941
f 4070 6883 4071
f 4071 6883 6884
f 4071 6884 4072
f 4072 6884 6885
f 6885 6886 4072
f 4072 6886 4031
f 3955 6881 3956
f 3956 6881 3960
f 6884 3991 6885
f 6885 3991 3990
f 6883 6887 6884
f 6884 6887 3991
f 6887 6888 3991
f 3991 6888 3992
f 6888 6887 6889
f 6889 6887 6890
f 6887 6883 6890
f 6890 6883 6882
f 4058 5240 3953
f 3953 5240 3954
f 5236 6888 5239
f 5239 6888 6889
f 5237 6886 3990
f 3990 6886 6885
f 4034 4031 5237
f 5237 4031 6886
f 6881 6882 3962
f 3962 6882 3941
f 6881 3955 6882
f 6882 3955 6890
f 3955 3954 6890
f 6890 3954 6889
f 5239 6889 5240
f 5240 6889 3954
f 6888 5236 3992
f 3992 5236 3989
f 3869 3868 3888
f 3888 3868 4015
f 3868 4012 4015
f 4015 4012 4010
f 4012 4022 4010
f 4010 4022 4009
f 4022 4021 4009
f 4009 4021 4018
f 4020 3974 4001
f 4001 3974 3996
f 4021 4020 4029
f 4029 4020 4001
f 4085 4156 4086
f 4086 4156 4155
f 4113 4777 4114
f 4114 4777 4776
f 4130 4129 4094
f 4094 4129 4091
f 4139 4773 4140
f 4140 4773 4772
f 4149 4178 4150
f 4150 4178 5225
f 4160 4159 4087
f 4087 4159 4088
f 4149 4148 4179
f 4179 4148 4141
f 4085 4084 4183
f 4183 4084 6315
f 4179 4141 4159
f 4159 4141 4088
f 4192 4130 4162
f 4162 4130 4094
f 4197 5288 4198
f 4198 5288 5287
f 4229 4766 4230
f 4230 4766 4771
f 4245 4246 4242
f 4242 4246 4249
f 4183 6315 4418
f 4418 6315 6314
f 4679 4178 4680
f 4680 4178 4177
f 4724 4798 4725
f 4725 4798 4271
f 4728 5275 4729
f 4729 5275 5274
f 4230 4771 4249
f 4249 4771 4242
f 4724 4723 4799
f 4799 4723 5355
f 4823 4824 4891
f 4891 4824 6327
f 4823 4192 4161
f 4161 4192 4162
f 4893 4767 4229
f 4229 4767 4766
f 4894 4895 4898
f 4898 4895 4899
f 4106 4150 4103
f 4103 4150 5225
f 4680 4894 4677
f 4677 4894 4898
f 6420 4977 5301
f 5301 4977 4976
f 4679 4678 5226
f 5226 4678 4427
f 5228 5008 4893
f 4893 5008 4767
f 5285 6354 5286
f 5286 6354 5343
f 5289 5352 5290
f 5290 5352 5349
f 5290 5349 5295
f 5295 5349 5348
f 5302 5299 4202
f 4202 5299 4976
f 4725 4271 5311
f 5311 4271 4270
f 5325 4723 5326
f 5326 4723 4722
f 5335 5355 5325
f 5325 5355 4723
f 5326 4722 5286
f 5286 4722 5283
f 4799 5357 4797
f 4797 5357 5361
f 5359 5356 5335
f 5335 5356 5355
f 4775 4774 5356
f 5356 4774 5357
f 5359 5358 4092
f 4092 5358 4093
f 6316 4740 6317
f 6317 4740 4739
f 6318 4827 6316
f 6316 4827 4740
f 6319 4828 6318
f 6318 4828 4827
f 6320 6480 6319
f 6319 6480 4828
f 6484 6322 6485
f 6485 6322 6321
f 6487 6324 6331
f 6331 6324 6323
f 6331 6323 6330
f 6330 6323 6325
f 6325 6326 6330
f 6330 6326 6329
f 6326 6328 6329
f 6329 6328 5231
f 4824 4685 5228
f 5228 4685 5008
f 5226 6343 5225
f 5225 6343 4103
f 4728 4727 6349
f 6349 4727 5284
f 6350 6351 5285
f 5285 6351 6354
f 4247 4246 6418
f 6418 4246 6365
f 6400 6402 6401
f 6401 6402 6459
f 4197 4196 6409
f 6409 4196 6426
f 6412 4897 6328
f 6328 4897 5231
f 6413 4133 6412
f 6412 4133 4897
f 6414 4134 6413
f 6413 4134 4133
f 6415 4225 6414
f 6414 4225 4134
f 6416 4252 6415
f 6415 4252 4225
f 6417 4253 6416
f 6416 4253 4252
f 4253 6417 6366
f 6366 6417 6419
f 6366 6419 4911
f 4911 6419 6421
f 6422 6423 4908
f 4908 6423 5298
f 5298 6423 6396
f 6396 6423 6424
f 6409 6426 6425
f 6425 6426 6397
f 5300 5299 6399
f 6399 5299 6400
f 6465 6408 6401
f 6401 6408 6398
f 6424 6399 6425
f 6425 6399 6398
f 6349 5284 5311
f 5311 5284 5283
f 6465 6464 5289
f 5289 6464 5352
f 6488 6483 6492
f 6492 6483 6482
f 6486 6491 6482
f 6482 6491 6492
f 6491 4895 6492
f 6492 4895 4157
f 6488 4160 6489
f 6489 4160 4087
f 6501 6502 4418
f 4418 6502 4417
f 6504 6500 6317
f 6317 6500 6314
f 3497 3496 6501
f 6501 3496 6502
f 3499 3498 6504
f 6504 3498 6500
f 4729 5274 4198
f 4198 5274 4195
f 6418 6365 6420
f 6420 6365 4977
f 5295 5348 6350
f 6350 5348 6351
f 5301 6422 6420
f 6420 6422 6421
f 4113 4112 4086
f 4086 4112 4083
f 6320 4112 6880
f 6880 4112 4111
f 4091 4772 4092
f 4092 4772 4775
f 4129 4140 4091
f 4091 4140 4772
f 4137 4140 4128
f 4128 4140 4129
f 4128 6324 4137
f 4137 6324 6321
f 6324 6487 6321
f 6321 6487 6485
f 6487 6486 6485
f 6485 6486 6482
f 4774 4773 4779
f 4779 4773 4776
f 4773 4139 4776
f 4776 4139 4114
f 4139 4138 4114
f 4114 4138 4111
f 4138 6322 4111
f 4111 6322 6880
f 6322 6484 6880
f 6880 6484 6481
f 6484 6483 6481
f 6481 6483 6478
f 6879 6343 6309
f 6309 6343 4428
f 4106 4105 4900
f 4900 4105 6307
f 3500 3167 6495
f 6495 3167 6496
f 3500 6495 3070
f 3070 6495 5368
f 3502 5235 3501
f 3501 5235 4813
f 3024 3503 6473
f 6473 3503 6474
f 3503 3023 6474
f 6474 3023 6374
f 3504 1770 4348
f 4348 1770 4345
f 3502 3505 5235
f 5235 3505 4810
f 3498 3497 6500
f 6500 3497 6501
f 3496 3075 6502
f 6502 3075 6275
f 6299 4254 3174
f 3174 4254 3017
f 1769 3501 4814
f 4814 3501 4813
f 3506 3018 6476
f 6476 3018 4257
f 3507 3499 6499
f 6499 3499 6504
f 3030 4216 3483
f 3483 4216 4215
f 3077 3507 6333
f 6333 3507 6499
f 1784 3160 5249
f 5249 3160 6523
f 3015 3506 4240
f 4240 3506 6476
f 3508 3504 6383
f 6383 3504 4348
f 3509 3016 6477
f 6477 3016 4239
f 3028 3509 6467
f 6467 3509 6477
f 3022 1785 5246
f 5246 1785 5247
f 3161 3508 6570
f 6570 3508 6383
f 3150 3149 4694
f 4694 3149 6566
f 1327 4807 3510
f 3510 4807 4811
f 3510 4811 3505
f 3505 4811 4810
f 3146 3511 4816
f 4816 3511 4350
f 3511 1808 4350
f 4350 1808 4351
f 3485 4327 3159
f 3159 4327 4330
f 1326 3512 4806
f 4806 3512 6310
f 3512 1331 6310
f 6310 1331 4688

